,node_1,node_2,id1,id2,coexpression
0,H1A-1,LINJ_33_2210,5671.A0A381MFJ0,5671.A4I980,0.044
2,LINJ_02_0680,LINJ_21_1330,5671.A0A381MP32,5671.E9AGX7,0.339
3,LINJ_02_0680,LINJ_32_3470,5671.A0A381MP32,5671.A4I8F2,0.339
4,LINJ_02_0680,LINJ_27_1150,5671.A0A381MP32,5671.A4I2S6,0.339
6,LINJ_02_0680,LINJ_36_2130,5671.A0A381MP32,5671.A4IDH4,0.339
7,LINJ_02_0680,LINJ_36_2140,5671.A0A381MP32,5671.A4IDH5,0.339
8,LINJ_02_0680,LINJ_32_1940,5671.A0A381MP32,5671.A4I800,0.339
9,LINJ_02_0680,LINJ_30_2830,5671.A0A381MP32,5671.A4I5W0,0.339
10,LINJ_02_0680,LINJ_33_2520,5671.A0A381MP32,5671.E9AHQ7,0.404
11,LINJ_02_0680,LINJ_26_0590,5671.A0A381MP32,5671.A4I1Z4,0.492
12,CYP51,LINJ_24_0130,5671.A2TEF2,5671.E9AH25,0.098
13,CYP51,LINJ_23_0880,5671.A2TEF2,5671.A4I0C2,0.084
14,CYP51,LINJ_23_0580,5671.A2TEF2,5671.A4I093,0.084
15,CYP51,LINJ_33_1690,5671.A2TEF2,5671.A4I931,0.065
16,CYP51,TRYR,5671.A2TEF2,5671.A4HSF7,0.047
17,CYP51,DHODH,5671.A2TEF2,5671.E9AGN2,0.083
18,CYP51,LINJ_19_0970,5671.A2TEF2,5671.A4HYB7,0.054
19,CYP51,LINJ_19_0950,5671.A2TEF2,5671.A4HYA8,0.054
20,CYP51,LINJ_30_3610,5671.A2TEF2,5671.A4I646,0.107
22,CYP51,LINJ_34_3110,5671.A2TEF2,5671.A4IAA0,0.107
23,CYP51,LINJ_27_0090,5671.A2TEF2,5671.A4I2K5,0.107
24,CYP51,LINJ_24_1410,5671.A2TEF2,5671.A4I0X6,0.047
25,CYP51,LINJ_21_0740,5671.A2TEF2,5671.A4HZ67,0.047
28,CYP51,LINJ_28_2190,5671.A2TEF2,5671.A4I3T3,0.056
29,CYP51,LINJ_29_2250,5671.A2TEF2,5671.A4I4S3,0.158
30,LINJ_01_0050,LINJ_16_0590,5671.A4HRC6,5671.A4HWV8,0.043
31,LINJ_01_0050,LINJ_34_0160,5671.A4HRC6,5671.A4I9I4,0.046
32,LINJ_01_0050,mMDH,5671.A4HRC6,5671.A4I9I5,0.046
33,LINJ_01_0050,LINJ_34_0150,5671.A4HRC6,5671.A4I9I3,0.046
37,LINJ_01_0050,LINJ_33_2860,5671.A4HRC6,5671.A4I9B2,0.494
39,LINJ_01_0050,ALDH2,5671.A4HRC6,5671.A4I1F4,0.048
40,LINJ_01_0050,LINJ_23_0880,5671.A4HRC6,5671.A4I0C2,0.062
41,LINJ_01_0050,LINJ_23_0580,5671.A4HRC6,5671.A4I093,0.062
42,LINJ_01_0050,LINJ_11_0600,5671.A4HRC6,5671.A4HUX0,0.516
43,LINJ_01_0270,GCVL-2,5671.A4HRE8,5671.A4I8F6,0.083
44,LINJ_01_0270,GCVL-1,5671.A4HRE8,5671.A4I4P1,0.083
45,LINJ_01_0270,LINJ_31_2720,5671.A4HRE8,5671.E9AHL8,0.083
46,LINJ_01_0270,LINJ_26_0590,5671.A4HRE8,5671.A4I1Z4,0.379
50,LINJ_01_0270,TRYR,5671.A4HRE8,5671.A4HSF7,0.083
51,LINJ_01_0490,LINJ_19_0970,5671.A4HRH0,5671.A4HYB7,0.047
52,LINJ_01_0490,LINJ_19_0950,5671.A4HRH0,5671.A4HYA8,0.047
54,LINJ_01_0490,LINJ_02_0100,5671.A4HRH0,5671.A4HRL5,0.045
61,LINJ_01_0510,LINJ_19_0970,5671.A4HRH2,5671.A4HYB7,0.047
62,LINJ_01_0510,LINJ_19_0950,5671.A4HRH2,5671.A4HYA8,0.047
64,LINJ_01_0510,LINJ_02_0100,5671.A4HRH2,5671.A4HRL5,0.045
70,LINJ_01_0520,LINJ_19_0970,5671.A4HRH3,5671.A4HYB7,0.047
71,LINJ_01_0520,LINJ_19_0950,5671.A4HRH3,5671.A4HYA8,0.047
73,LINJ_01_0520,LINJ_02_0100,5671.A4HRH3,5671.A4HRL5,0.045
78,LINJ_01_0540,LINJ_19_0970,5671.A4HRH5,5671.A4HYB7,0.047
79,LINJ_01_0540,LINJ_19_0950,5671.A4HRH5,5671.A4HYA8,0.047
81,LINJ_01_0540,LINJ_02_0100,5671.A4HRH5,5671.A4HRL5,0.045
86,LINJ_01_0550,LINJ_02_0100,5671.A4HRH6,5671.A4HRL5,0.045
89,LINJ_02_0100,LINJ_36_0970,5671.A4HRL5,5671.A4ICP3,0.047
90,LINJ_02_0100,LINJ_10_0880,5671.A4HRL5,5671.A4HUJ5,0.055
91,LINJ_02_0100,LINJ_34_0990,5671.A4HRL5,5671.A4I9Q1,0.055
115,LINJ_02_0100,LINJ_20_1140,5671.A4HRL5,5671.A4HYV4,0.138
116,LINJ_02_0100,TOR2,5671.A4HRL5,5671.A4IAK5,0.138
117,LINJ_02_0100,TOR3,5671.A4HRL5,5671.A4IAG3,0.138
118,LINJ_02_0100,LINJ_13_0300,5671.A4HRL5,5671.A4HVG5,0.045
119,LINJ_02_0100,LINJ_03_0220,5671.A4HRL5,5671.A4HRT4,0.045
120,LINJ_02_0100,LINJ_02_0360,5671.A4HRL5,5671.A4HRN6,0.048
130,LINJ_02_0100,LINJ_32_1520,5671.A4HRL5,5671.A4I7W3,0.251
134,LINJ_02_0230,LINJ_09_0900,5671.A4HRM3,5671.A4HU06,0.05
135,LINJ_02_0230,LINJ_32_2160,5671.A4HRM3,5671.A4I825,0.05
136,LINJ_02_0230,LINJ_31_0890,5671.A4HRM3,5671.A4I6I0,0.042
137,LINJ_02_0230,Rab11,5671.A4HRM3,5671.A4HUK3,0.042
138,LINJ_02_0230,LINJ_32_1930,5671.A4HRM3,5671.A4I7Z9,0.042
141,LINJ_02_0230,LINJ_07_0610,5671.A4HRM3,5671.A4HT72,0.139
142,LINJ_02_0230,LINJ_14_0820,5671.A4HRM3,5671.A4HW20,0.042
143,LINJ_02_0230,LINJ_27_0620,5671.A4HRM3,5671.E9AHE8,0.056
144,LINJ_02_0230,LINJ_33_1940,5671.A4HRM3,5671.A4I946,0.056
145,LINJ_02_0230,LINJ_10_1260,5671.A4HRM3,5671.A4HUM9,0.056
146,LINJ_02_0230,LINJ_13_0220,5671.A4HRM3,5671.A4HVF7,0.058
147,LINJ_02_0230,LINJ_18_1140,5671.A4HRM3,5671.A4HXY7,0.058
150,LINJ_02_0230,RAB7,5671.A4HRM3,5671.E9AGQ4,0.122
156,LINJ_02_0270,LINJ_25_0540,5671.A4HRM7,5671.A4I194,0.045
159,LINJ_02_0330,LINJ_32_1010,5671.A4HRN3,5671.A4I7R2,0.076
161,LINJ_02_0330,LINJ_27_1860,5671.A4HRN3,5671.A4I302,0.073
165,LINJ_02_0330,LINJ_24_0260,5671.A4HRN3,5671.E9AH38,0.212
166,LINJ_02_0330,LINJ_13_1630,5671.A4HRN3,5671.A4HVT6,0.212
167,LINJ_02_0330,LINJ_05_0100,5671.A4HRN3,5671.A4HSD9,0.212
168,LINJ_02_0330,LINJ_26_2100,5671.A4HRN3,5671.A4I2D8,0.212
169,LINJ_02_0330,LINJ_09_0520,5671.A4HRN3,5671.A4HTW1,0.212
172,LINJ_02_0330,LINJ_36_5320,5671.A4HRN3,5671.A4IDT1,0.063
175,LINJ_02_0360,LMAIRK,5671.A4HRN6,5671.A4I3C6,0.059
176,LINJ_02_0360,LINJ_26_2460,5671.A4HRN6,5671.A4I2H1,0.059
177,LINJ_02_0360,LINJ_29_1420,5671.A4HRN6,5671.E9AHI7,0.059
190,LINJ_02_0360,LINJ_32_0730,5671.A4HRN6,5671.A4I7L2,0.137
191,LINJ_02_0360,LINJ_22_1260,5671.A4HRN6,5671.A4I000,0.111
192,LINJ_02_0360,LINJ_34_2160,5671.A4HRN6,5671.A4IA04,0.111
193,LINJ_02_0360,LINJ_07_0790,5671.A4HRN6,5671.A4HT95,0.111
194,LINJ_02_0360,LINJ_36_6370,5671.A4HRN6,5671.A4IE23,0.111
195,LINJ_02_0360,LINJ_32_0690,5671.A4HRN6,5671.A4I7L6,0.111
196,LINJ_02_0360,KATNAL2,5671.A4HRN6,5671.A4HVM4,0.082
197,LINJ_02_0360,LINJ_29_2940,5671.A4HRN6,5671.A4I4Y5,0.308
198,LINJ_02_0360,LINJ_29_1440,5671.A4HRN6,5671.A4I4J0,0.308
199,LINJ_02_0360,LINJ_29_1480,5671.A4HRN6,5671.A4I4J7,0.308
200,LINJ_02_0360,LINJ_29_1460,5671.A4HRN6,5671.A4I4J5,0.308
201,LINJ_02_0360,LINJ_32_0050,5671.A4HRN6,5671.A4I7G8,0.061
203,LINJ_02_0360,LINJ_21_0740,5671.A4HRN6,5671.A4HZ67,0.071
204,LINJ_02_0360,LINJ_24_1410,5671.A4HRN6,5671.A4I0X6,0.071
205,LINJ_02_0360,RAD51,5671.A4HRN6,5671.A4I3C9,0.045
206,LINJ_02_0360,TOP2,5671.A4HRN6,5671.A4HWL4,0.057
207,LINJ_02_0360,LINJ_28_2450,5671.A4HRN6,5671.A4I3V9,0.057
210,LINJ_02_0360,LINJ_34_3790,5671.A4HRN6,5671.A4IAG7,0.041
211,LINJ_02_0360,LINJ_32_1150,5671.A4HRN6,5671.A4I7S6,0.041
212,LINJ_02_0360,LINJ_25_1460,5671.A4HRN6,5671.A4I1I6,0.111
213,LINJ_03_0150,LINJ_11_0060,5671.A4HRS7,5671.A4HUR8,0.104
214,LINJ_03_0150,DHFR-TS,5671.A4HRS7,5671.Q8MQV3,0.084
215,LINJ_03_0150,LINJ_21_0770,5671.A4HRS7,5671.A4HZ70,0.392
216,LINJ_03_0190,LINJ_23_1050,5671.A4HRT1,5671.A4I0D8,0.082
217,LINJ_03_0190,LINJ_29_1100,5671.A4HRT1,5671.A4I4G0,0.082
218,LINJ_03_0190,LINJ_13_0610,5671.A4HRT1,5671.A4HVK0,0.082
219,LINJ_03_0190,LINJ_28_2190,5671.A4HRT1,5671.A4I3T3,0.045
220,LINJ_03_0190,LINJ_27_2390,5671.A4HRT1,5671.A4I345,0.138
221,LINJ_03_0190,PTR1,5671.A4HRT1,5671.A4I067,0.138
222,LINJ_03_0190,LINJ_35_1230,5671.A4HRT1,5671.A4IB16,0.138
223,LINJ_03_0190,LINJ_36_3570,5671.A4HRT1,5671.A4ID56,0.138
224,LINJ_03_0190,LINJ_24_1890,5671.A4HRT1,5671.E9AH89,0.138
225,LINJ_03_0190,LINJ_35_1240,5671.A4HRT1,5671.A4IB17,0.138
226,LINJ_03_0190,LINJ_19_0950,5671.A4HRT1,5671.A4HYA8,0.06
227,LINJ_03_0190,LINJ_19_0970,5671.A4HRT1,5671.A4HYB7,0.06
229,LINJ_03_0190,DHFR-TS,5671.A4HRT1,5671.Q8MQV3,0.104
230,LINJ_03_0190,LINJ_23_0580,5671.A4HRT1,5671.A4I093,0.387
231,LINJ_03_0190,LINJ_23_0880,5671.A4HRT1,5671.A4I0C2,0.387
232,LINJ_03_0190,ALDH2,5671.A4HRT1,5671.A4I1F4,0.044
233,LINJ_03_0190,GCVL-1,5671.A4HRT1,5671.A4I4P1,0.083
234,LINJ_03_0190,LINJ_31_2720,5671.A4HRT1,5671.E9AHL8,0.083
235,LINJ_03_0190,GCVL-2,5671.A4HRT1,5671.A4I8F6,0.083
246,LINJ_03_0200,LINJ_36_2310,5671.A4HRT2,5671.A4IDJ2,0.043
248,LINJ_03_0200,LINJ_24_2410,5671.A4HRT2,5671.A4I140,0.042
249,LINJ_03_0200,MKK5,5671.A4HRT2,5671.A4ICP8,0.042
250,LINJ_03_0200,LINJ_34_1840,5671.A4HRT2,5671.A4I9Y5,0.042
252,LINJ_03_0200,LINJ_15_1630,5671.A4HRT2,5671.A4HWP5,0.042
258,LINJ_03_0220,LINJ_19_0970,5671.A4HRT4,5671.A4HYB7,0.047
259,LINJ_03_0220,LINJ_19_0950,5671.A4HRT4,5671.A4HYA8,0.047
262,LINJ_03_0790,PGKB,5671.A4HRW8,5671.E9AGU0,0.042
263,LINJ_03_0790,LINJ_30_3430,5671.A4HRW8,5671.A4I628,0.042
264,LINJ_03_0790,PGKC,5671.A4HRW8,5671.E9AGT9,0.042
265,LINJ_03_0790,LINJ_04_1170,5671.A4HRW8,5671.A4HSB4,0.078
268,LINJ_04_0010,LINJ_33_2210,5671.A4HRZ6,5671.A4I980,0.044
269,LINJ_04_0010,LINJ_07_1210,5671.A4HRZ6,5671.A4HTD0,0.046
270,LINJ_04_0010,LINJ_17_0660,5671.A4HRZ6,5671.A4HXD4,0.076
271,LINJ_04_0010,LINJ_07_0510,5671.A4HRZ6,5671.A4HT82,0.076
272,LINJ_04_0010,LINJ_33_1060,5671.A4HRZ6,5671.A4I8W5,0.076
275,LINJ_04_0030,LINJ_35_4010,5671.A4HRZ8,5671.A4IBT4,0.082
276,LINJ_04_0030,LINJ_35_4060,5671.A4HRZ8,5671.A4IBT9,0.082
277,LINJ_04_0030,PKAC1,5671.A4HRZ8,5671.A4HXY2,0.082
279,LINJ_04_0070,LINJ_28_2450,5671.A4HS02,5671.A4I3V9,0.075
280,LINJ_04_0070,TOP2,5671.A4HS02,5671.A4HWL4,0.075
282,LINJ_04_0430,LINJ_13_1500,5671.A4HS39,5671.A4HVS3,0.082
283,LINJ_04_0680,LINJ_32_0690,5671.A4HS64,5671.A4I7L6,0.159
284,LINJ_04_0680,91E11,5671.A4HS64,5671.Q9GNZ8,0.048
285,LINJ_04_0680,LINJ_36_6370,5671.A4HS64,5671.A4IE23,0.159
286,LINJ_04_0680,LINJ_07_0790,5671.A4HS64,5671.A4HT95,0.159
287,LINJ_04_0680,LINJ_34_2160,5671.A4HS64,5671.A4IA04,0.159
288,LINJ_04_0680,LINJ_22_1260,5671.A4HS64,5671.A4I000,0.159
289,LINJ_04_0680,LINJ_13_0990,5671.A4HS64,5671.A4HVN7,0.082
290,LINJ_04_0680,LINJ_28_0110,5671.A4HS64,5671.A4I384,0.047
291,LINJ_04_0680,LINJ_22_0440,5671.A4HS64,5671.A4HZT4,0.082
292,LINJ_04_0680,LINJ_22_0490,5671.A4HS64,5671.A4HZT9,0.046
293,LINJ_04_0680,LINJ_03_0520,5671.A4HS64,5671.E9AG43,0.058
294,LINJ_04_0680,LINJ_21_2200,5671.A4HS64,5671.A4HZI9,0.062
297,LINJ_04_0680,LINJ_36_1730,5671.A4HS64,5671.A4IDD6,0.082
298,LINJ_04_0680,LINJ_35_3880,5671.A4HS64,5671.A4IBS2,0.08
299,LINJ_04_0680,LINJ_29_1460,5671.A4HS64,5671.A4I4J5,0.345
300,LINJ_04_0680,LINJ_29_1480,5671.A4HS64,5671.A4I4J7,0.345
301,LINJ_04_0680,LINJ.12.0190,5671.A4HS64,5671.E9AGB0,0.103
302,LINJ_04_0680,LINJ_29_1440,5671.A4HS64,5671.A4I4J0,0.345
303,LINJ_04_0680,LINJ_29_2940,5671.A4HS64,5671.A4I4Y5,0.345
305,LINJ_04_0680,LINJ_26_2460,5671.A4HS64,5671.A4I2H1,0.059
306,LINJ_04_0680,LINJ_29_1420,5671.A4HS64,5671.E9AHI7,0.059
307,LINJ_04_0680,LMAIRK,5671.A4HS64,5671.A4I3C6,0.059
309,LINJ_04_0680,LINJ_25_1460,5671.A4HS64,5671.A4I1I6,0.084
310,LINJ_04_0680,LINJ_24_1790,5671.A4HS64,5671.E9AH79,0.083
311,LINJ_04_0680,RPT6,5671.A4HS64,5671.A4IE38,0.109
312,LINJ_04_0680,LINJ_06_0140,5671.A4HS64,5671.A4HSQ5,0.048
313,LINJ_04_0680,KATNAL2,5671.A4HS64,5671.A4HVM4,0.082
315,LINJ_04_0680,LINJ_36_0970,5671.A4HS64,5671.A4ICP3,0.183
317,LINJ_04_0680,LINJ_32_3240,5671.A4HS64,5671.A4I8C9,0.109
318,LINJ_04_0680,LINJ_29_2600,5671.A4HS64,5671.A4I4W3,0.109
319,LINJ_04_0680,LINJ_31_1880,5671.A4HS64,5671.A4I6V8,0.109
321,LINJ_04_0680,LINJ_22_0480,5671.A4HS64,5671.A4HZT8,0.058
322,LINJ_04_0680,LINJ_32_1010,5671.A4HS64,5671.A4I7R2,0.081
323,LINJ_04_0680,LINJ_36_4020,5671.A4HS64,5671.A4ID13,0.082
324,LINJ_04_0680,LINJ_22_0920,5671.A4HS64,5671.E9AGZ4,0.082
326,LINJ_04_0680,LINJ_24_2220,5671.A4HS64,5671.A4I122,0.105
327,LINJ_04_0680,LINJ_32_0730,5671.A4HS64,5671.A4I7L2,0.158
329,LINJ_04_0680,LINJ_32_1150,5671.A4HS64,5671.A4I7S6,0.047
330,LINJ_04_0680,LINJ_34_3790,5671.A4HS64,5671.A4IAG7,0.047
331,LINJ_04_1120,LINJ_33_2210,5671.A4HSA9,5671.A4I980,0.044
332,LINJ_04_1170,KATNAL2,5671.A4HSB4,5671.A4HVM4,0.068
333,LINJ_04_1170,LinJ_35_5440,5671.A4HSB4,5671.A4IAQ0,0.22
334,LINJ_04_1170,ALDH2,5671.A4HSB4,5671.A4I1F4,0.105
335,LINJ_04_1170,LINJ_36_3570,5671.A4HSB4,5671.A4ID56,0.061
336,LINJ_04_1170,LINJ_23_0880,5671.A4HSB4,5671.A4I0C2,0.198
337,LINJ_04_1170,LINJ_23_0580,5671.A4HSB4,5671.A4I093,0.198
338,LINJ_04_1170,LINJ_26_0300,5671.A4HSB4,5671.A4I1W7,0.078
339,LINJ_04_1170,PGKB,5671.A4HSB4,5671.E9AGU0,0.139
340,LINJ_04_1170,PGKC,5671.A4HSB4,5671.E9AGT9,0.139
341,LINJ_04_1170,LINJ_30_3430,5671.A4HSB4,5671.A4I628,0.139
342,LINJ_04_1170,mMDH,5671.A4HSB4,5671.A4I9I5,0.307
343,LINJ_04_1170,LINJ_35_0030,5671.A4HSB4,5671.A4IAQ4,0.22
344,LINJ_04_1170,LINJ_34_0160,5671.A4HSB4,5671.A4I9I4,0.307
345,LINJ_04_1170,LINJ_34_0150,5671.A4HSB4,5671.A4I9I3,0.307
348,LINJ_04_1230,LINJ_09_0270,5671.A4HSC0,5671.A4HTU3,0.046
349,LINJ_04_1230,LMAIRK,5671.A4HSC0,5671.A4I3C6,0.106
352,LINJ_04_1230,CRK,5671.A4HSC0,5671.A4HWZ4,0.058
353,LINJ_04_1230,LINJ_29_1420,5671.A4HSC0,5671.E9AHI7,0.106
355,LINJ_04_1230,LINJ_34_0030,5671.A4HSC0,5671.A4I9H1,0.045
356,LINJ_04_1230,LINJ_26_2540,5671.A4HSC0,5671.A4I2I8,0.061
357,LINJ_04_1230,LINJ_27_2570,5671.A4HSC0,5671.E9AHC6,0.058
358,LINJ_04_1230,LINJ_17_0770,5671.A4HSC0,5671.A4HXE5,0.061
378,LINJ_05_0100,LINJ_32_0520,5671.A4HSD9,5671.A4I7N3,0.044
379,LINJ_05_0100,LINJ_32_1930,5671.A4HSD9,5671.A4I7Z9,0.048
380,LINJ_05_0100,LINJ_31_0890,5671.A4HSD9,5671.A4I6I0,0.048
381,LINJ_05_0100,LINJ_14_0820,5671.A4HSD9,5671.A4HW20,0.048
382,LINJ_05_0100,Rab11,5671.A4HSD9,5671.A4HUK3,0.048
383,LINJ_05_0100,LINJ_20_0820,5671.A4HSD9,5671.A4HYS3,0.041
384,LINJ_05_0100,LINJ_27_0940,5671.A4HSD9,5671.A4I2Q9,0.041
385,LINJ_05_0100,LINJ_07_0610,5671.A4HSD9,5671.A4HT72,0.078
386,LINJ_05_0100,LINJ_32_2160,5671.A4HSD9,5671.A4I825,0.128
387,LINJ_05_0100,LINJ_09_0900,5671.A4HSD9,5671.A4HU06,0.128
388,LINJ_05_0100,LINJ_35_1720,5671.A4HSD9,5671.A4IB73,0.212
398,LINJ_05_0100,LINJ_11_0700,5671.A4HSD9,5671.A4HUX9,0.042
399,LINJ_05_0100,LINJ_03_0460,5671.A4HSD9,5671.E9AG37,0.046
400,LINJ_05_0100,DHFR-TS,5671.A4HSD9,5671.Q8MQV3,0.042
401,LINJ_05_0100,KATNAL2,5671.A4HSD9,5671.A4HVM4,0.046
403,LINJ_05_0130,LINJ_22_0370,5671.A4HSE2,5671.A4HZS7,0.042
406,LINJ_05_0130,LINJ_32_1900,5671.A4HSE2,5671.A4I7Z6,0.045
407,LINJ_05_0130,BT1-2,5671.A4HSE2,5671.A4IC37,0.045
408,LINJ_05_0130,LINJ_36_1590,5671.A4HSE2,5671.A4IDC2,0.045
409,LINJ_05_0130,LINJ_28_3240,5671.A4HSE2,5671.A4I435,0.045
412,LINJ_05_0130,LINJ_34_0030,5671.A4HSE2,5671.A4I9H1,0.046
425,TRYR,LINJ_30_1070,5671.A4HSF7,5671.A4I5D2,0.048
426,TRYR,LINJ_34_0150,5671.A4HSF7,5671.A4I9I3,0.202
427,TRYR,mMDH,5671.A4HSF7,5671.A4I9I5,0.202
428,TRYR,LINJ_34_0160,5671.A4HSF7,5671.A4I9I4,0.202
430,TRYR,LINJ_26_0290,5671.A4HSF7,5671.E9AHB1,0.046
431,TRYR,LINJ.12.0830,5671.A4HSF7,5671.E9AGI7,0.046
432,TRYR,LINJ_29_2350,5671.A4HSF7,5671.A4I4T3,0.046
433,TRYR,ALDH2,5671.A4HSF7,5671.A4I1F4,0.055
434,TRYR,LINJ_26_0630,5671.A4HSF7,5671.A4I1Z8,0.083
435,TRYR,PDI-1,5671.A4HSF7,5671.A4HSZ7,0.083
436,TRYR,LinJ_35_5440,5671.A4HSF7,5671.A4IAQ0,0.107
437,TRYR,LINJ_35_0030,5671.A4HSF7,5671.A4IAQ4,0.107
438,TRYR,PTR1,5671.A4HSF7,5671.A4I067,0.104
439,TRYR,DHFR-TS,5671.A4HSF7,5671.Q8MQV3,0.053
441,LINJ_05_0390,LINJ_34_1840,5671.A4HSG1,5671.A4I9Y5,0.048
442,LINJ_05_0390,MKK5,5671.A4HSG1,5671.A4ICP8,0.048
443,LINJ_05_0390,LINJ_24_2410,5671.A4HSG1,5671.A4I140,0.048
444,LINJ_05_0550,LINJ_17_0070,5671.A4HSH7,5671.A4HX71,0.044
446,LINJ_05_0550,TOP2,5671.A4HSH7,5671.A4HWL4,0.388
447,LINJ_05_0550,LINJ_28_2450,5671.A4HSH7,5671.A4I3V9,0.388
448,LINJ_05_0550,LINJ_22_0490,5671.A4HSH7,5671.A4HZT9,0.082
449,LINJ_05_0550,LINJ_03_0520,5671.A4HSH7,5671.E9AG43,0.082
450,LINJ_05_0550,DHFR-TS,5671.A4HSH7,5671.Q8MQV3,0.227
453,LINJ_05_0550,LINJ.12.0190,5671.A4HSH7,5671.E9AGB0,0.082
454,LINJ_05_0550,RPT6,5671.A4HSH7,5671.A4IE38,0.046
455,LINJ_05_0550,LINJ_36_4020,5671.A4HSH7,5671.A4ID13,0.354
456,LINJ_05_0550,LINJ_22_0920,5671.A4HSH7,5671.E9AGZ4,0.354
457,LINJ_05_0550,MKK5,5671.A4HSH7,5671.A4ICP8,0.104
458,LINJ_05_0550,LINJ_33_2910,5671.A4HSH7,5671.A4I9B7,0.072
459,LINJ_05_0550,LINJ_34_1840,5671.A4HSH7,5671.A4I9Y5,0.104
460,LINJ_05_0550,LINJ_24_2410,5671.A4HSH7,5671.A4I140,0.104
461,LINJ_05_0550,LINJ_26_2460,5671.A4HSH7,5671.A4I2H1,0.334
462,LINJ_05_0550,LINJ_20_1370,5671.A4HSH7,5671.A4HYX6,0.046
463,LINJ_05_0550,LINJ_18_0470,5671.A4HSH7,5671.A4HXS2,0.327
464,LINJ_05_0550,LINJ_20_0020,5671.A4HSH7,5671.A4HYJ4,0.327
465,LINJ_05_0550,LINJ_36_5580,5671.A4HSH7,5671.A4IC77,0.243
466,LINJ_05_0550,LINJ_34_0030,5671.A4HSH7,5671.A4I9H1,0.073
467,LINJ_05_0550,LMAIRK,5671.A4HSH7,5671.A4I3C6,0.334
469,LINJ_05_0550,LINJ_29_1420,5671.A4HSH7,5671.E9AHI7,0.334
470,LINJ_05_0550,LINJ_17_0770,5671.A4HSH7,5671.A4HXE5,0.243
471,LINJ_05_0550,LINJ_24_2220,5671.A4HSH7,5671.A4I122,0.262
472,LINJ_05_0550,LINJ_26_2540,5671.A4HSH7,5671.A4I2I8,0.243
475,LINJ_05_0550,CYC3,5671.A4HSH7,5671.A4I503,0.341
476,LINJ_05_0550,CYC8,5671.A4HSH7,5671.A4I1W9,0.341
477,LINJ_05_0550,LINJ_30_0420,5671.A4HSH7,5671.A4I569,0.327
478,LINJ_05_0550,LINJ_24_1790,5671.A4HSH7,5671.E9AH79,0.392
479,LINJ_05_0550,CYC6,5671.A4HSH7,5671.A4I8F7,0.341
480,LINJ_05_0550,LINJ_29_2830,5671.A4HSH7,5671.A4I4Y0,0.108
481,LINJ_05_0550,CYCA,5671.A4HSH7,5671.A4I1J3,0.341
494,LINJ_06_0140,LINJ_34_3300,5671.A4HSQ5,5671.A4IAB8,0.083
495,LINJ_06_0140,LINJ_20_1580,5671.A4HSQ5,5671.A4HZ08,0.083
496,LINJ_06_0140,LINJ_35_1310,5671.A4HSQ5,5671.A4IB24,0.048
497,LINJ_06_0140,LINJ_07_1000,5671.A4HSQ5,5671.A4HTB1,0.048
498,LINJ_06_0140,LINJ_09_1280,5671.A4HSQ5,5671.A4HU44,0.197
499,LINJ_06_0140,LINJ_24_0170,5671.A4HSQ5,5671.E9AH29,0.197
500,LINJ_06_0140,LINJ_36_1420,5671.A4HSQ5,5671.A4ICJ9,0.197
501,LINJ_06_0140,LINJ_27_0370,5671.A4HSQ5,5671.A4I2M3,0.197
503,LINJ_06_0140,DHFR-TS,5671.A4HSQ5,5671.Q8MQV3,0.082
506,LINJ_06_0140,LINJ_16_0070,5671.A4HSQ5,5671.A4HWQ5,0.083
507,LINJ_06_0140,KATNAL2,5671.A4HSQ5,5671.A4HVM4,0.105
508,LINJ_06_0140,LINJ_22_0440,5671.A4HSQ5,5671.A4HZT4,0.553
509,LINJ_06_0140,LINJ_22_0490,5671.A4HSQ5,5671.A4HZT9,0.45
510,LINJ_06_0140,LINJ_36_1730,5671.A4HSQ5,5671.A4IDD6,0.651
511,LINJ_06_0140,91E11,5671.A4HSQ5,5671.Q9GNZ8,0.862
512,LINJ_06_0140,LINJ.12.0003,5671.A4HSQ5,5671.A4HV47,0.787
513,LINJ_06_0140,LINJ_21_2200,5671.A4HSQ5,5671.A4HZI9,0.769
514,LINJ_06_0140,RPT6,5671.A4HSQ5,5671.A4IE38,0.356
515,LINJ_06_0140,LINJ_28_0110,5671.A4HSQ5,5671.A4I384,0.959
516,LINJ_06_0140,LINJ_35_3880,5671.A4HSQ5,5671.A4IBS2,0.758
517,LINJ_06_0140,LINJ_13_0990,5671.A4HSQ5,5671.A4HVN7,0.626
518,LINJ_06_0140,LINJ_03_0520,5671.A4HSQ5,5671.E9AG43,0.4
519,LINJ_06_0140,LINJ.12.0190,5671.A4HSQ5,5671.E9AGB0,0.549
521,PDI-1,GCVL-2,5671.A4HSZ7,5671.A4I8F6,0.083
522,PDI-1,LINJ_31_2720,5671.A4HSZ7,5671.E9AHL8,0.083
523,PDI-1,GCVL-1,5671.A4HSZ7,5671.A4I4P1,0.083
525,PDI-1,LINJ_36_5410,5671.A4HSZ7,5671.A4IDU0,0.046
534,LINJ_07_0440,LINJ_32_1150,5671.A4HT46,5671.A4I7S6,0.19
535,LINJ_07_0440,LINJ_34_3790,5671.A4HT46,5671.A4IAG7,0.19
537,LINJ_07_0610,LINJ_32_1930,5671.A4HT72,5671.A4I7Z9,0.084
538,LINJ_07_0610,LINJ_14_0820,5671.A4HT72,5671.A4HW20,0.084
539,LINJ_07_0610,LINJ_26_2100,5671.A4HT72,5671.A4I2D8,0.078
540,LINJ_07_0610,LINJ_24_0260,5671.A4HT72,5671.E9AH38,0.078
541,LINJ_07_0610,LINJ_13_1630,5671.A4HT72,5671.A4HVT6,0.078
542,LINJ_07_0610,LINJ_09_0520,5671.A4HT72,5671.A4HTW1,0.078
543,LINJ_07_0610,LINJ_20_1370,5671.A4HT72,5671.A4HYX6,0.045
544,LINJ_07_0610,LINJ_08_1250,5671.A4HT72,5671.E9AG93,0.045
545,LINJ_07_0610,LINJ_09_0900,5671.A4HT72,5671.A4HU06,0.083
546,LINJ_07_0610,LINJ_32_2160,5671.A4HT72,5671.A4I825,0.083
549,LINJ_07_0610,LINJ_10_1250,5671.A4HT72,5671.A4HUM8,0.054
551,LINJ_07_0610,LINJ_24_0130,5671.A4HT72,5671.E9AH25,0.043
552,LINJ_07_0610,LINJ_30_1710,5671.A4HT72,5671.A4I5J8,0.054
555,LINJ_07_0610,LINJ_08_0540,5671.A4HT72,5671.A4HTK1,0.041
556,LINJ_07_0610,LINJ_34_0030,5671.A4HT72,5671.A4I9H1,0.041
557,LINJ_07_0610,LINJ_32_0520,5671.A4HT72,5671.A4I7N3,0.044
559,LINJ_07_0510,LINJ_33_2210,5671.A4HT82,5671.A4I980,0.044
560,LINJ_07_0510,LINJ_35_2080,5671.A4HT82,5671.A4IBA6,0.076
571,LINJ_07_0790,LINJ_07_1000,5671.A4HT95,5671.A4HTB1,0.159
572,LINJ_07_0790,LINJ_35_1310,5671.A4HT95,5671.A4IB24,0.159
576,LINJ_07_1000,LINJ_36_6370,5671.A4HTB1,5671.A4IE23,0.159
577,LINJ_07_1000,LINJ_32_0690,5671.A4HTB1,5671.A4I7L6,0.159
578,LINJ_07_1000,91E11,5671.A4HTB1,5671.Q9GNZ8,0.048
579,LINJ_07_1000,LINJ_22_1260,5671.A4HTB1,5671.A4I000,0.159
580,LINJ_07_1000,LINJ_34_2160,5671.A4HTB1,5671.A4IA04,0.159
581,LINJ_07_1000,LINJ_13_0990,5671.A4HTB1,5671.A4HVN7,0.082
582,LINJ_07_1000,LINJ_28_0110,5671.A4HTB1,5671.A4I384,0.047
583,LINJ_07_1000,LINJ_22_0440,5671.A4HTB1,5671.A4HZT4,0.082
584,LINJ_07_1000,LINJ_22_0490,5671.A4HTB1,5671.A4HZT9,0.046
585,LINJ_07_1000,LINJ_03_0520,5671.A4HTB1,5671.E9AG43,0.058
586,LINJ_07_1000,LINJ_21_2200,5671.A4HTB1,5671.A4HZI9,0.062
589,LINJ_07_1000,LINJ_36_1730,5671.A4HTB1,5671.A4IDD6,0.082
590,LINJ_07_1000,LINJ_35_3880,5671.A4HTB1,5671.A4IBS2,0.08
591,LINJ_07_1000,LINJ_29_1480,5671.A4HTB1,5671.A4I4J7,0.345
592,LINJ_07_1000,LINJ_29_1460,5671.A4HTB1,5671.A4I4J5,0.345
593,LINJ_07_1000,LINJ_29_1440,5671.A4HTB1,5671.A4I4J0,0.345
594,LINJ_07_1000,LINJ_29_2940,5671.A4HTB1,5671.A4I4Y5,0.345
595,LINJ_07_1000,LINJ.12.0190,5671.A4HTB1,5671.E9AGB0,0.103
597,LINJ_07_1000,LINJ_29_1420,5671.A4HTB1,5671.E9AHI7,0.059
598,LINJ_07_1000,LINJ_26_2460,5671.A4HTB1,5671.A4I2H1,0.059
599,LINJ_07_1000,LMAIRK,5671.A4HTB1,5671.A4I3C6,0.059
601,LINJ_07_1000,LINJ_25_1460,5671.A4HTB1,5671.A4I1I6,0.084
602,LINJ_07_1000,LINJ_24_1790,5671.A4HTB1,5671.E9AH79,0.083
603,LINJ_07_1000,RPT6,5671.A4HTB1,5671.A4IE38,0.109
605,LINJ_07_1000,KATNAL2,5671.A4HTB1,5671.A4HVM4,0.082
606,LINJ_07_1000,LINJ_36_0970,5671.A4HTB1,5671.A4ICP3,0.183
608,LINJ_07_1000,LINJ_32_3240,5671.A4HTB1,5671.A4I8C9,0.109
609,LINJ_07_1000,LINJ_31_1880,5671.A4HTB1,5671.A4I6V8,0.109
610,LINJ_07_1000,LINJ_29_2600,5671.A4HTB1,5671.A4I4W3,0.109
612,LINJ_07_1000,LINJ_32_1010,5671.A4HTB1,5671.A4I7R2,0.081
613,LINJ_07_1000,LINJ_22_0480,5671.A4HTB1,5671.A4HZT8,0.058
614,LINJ_07_1000,LINJ_36_4020,5671.A4HTB1,5671.A4ID13,0.082
615,LINJ_07_1000,LINJ_22_0920,5671.A4HTB1,5671.E9AGZ4,0.082
617,LINJ_07_1000,LINJ_24_2220,5671.A4HTB1,5671.A4I122,0.105
618,LINJ_07_1000,LINJ_32_0730,5671.A4HTB1,5671.A4I7L2,0.158
620,LINJ_07_1000,LINJ_32_1150,5671.A4HTB1,5671.A4I7S6,0.047
621,LINJ_07_1000,LINJ_34_3790,5671.A4HTB1,5671.A4IAG7,0.047
627,LINJ_07_1030,LINJ_21_1990,5671.A4HTB4,5671.A4HZG8,0.045
628,LINJ_07_1030,LINJ_28_1800,5671.A4HTB4,5671.A4I3P6,0.048
631,LINJ_07_1030,LINJ_25_2450,5671.A4HTB4,5671.A4I1T4,0.048
633,LINJ_07_1210,LINJ_34_1900,5671.A4HTD0,5671.A4IAM7,0.071
635,LINJ_07_1210,LINJ_33_2210,5671.A4HTD0,5671.A4I980,0.044
636,LINJ_07_1210,LINJ_35_2080,5671.A4HTD0,5671.A4IBA6,0.046
637,LINJ_08_0100,LINJ_08_0540,5671.A4HTG0,5671.A4HTK1,0.042
638,LINJ_08_0100,LINJ_34_0030,5671.A4HTG0,5671.A4I9H1,0.042
640,LINJ_08_0540,LINJ_30_0420,5671.A4HTK1,5671.A4I569,0.104
641,LINJ_08_0540,LINJ_18_0470,5671.A4HTK1,5671.A4HXS2,0.104
642,LINJ_08_0540,LINJ.12.0190,5671.A4HTK1,5671.E9AGB0,0.065
643,LINJ_08_0540,LINJ_20_0020,5671.A4HTK1,5671.A4HYJ4,0.104
645,LINJ_08_0540,LINJ_22_0920,5671.A4HTK1,5671.E9AGZ4,0.142
646,LINJ_08_0540,LINJ_36_4020,5671.A4HTK1,5671.A4ID13,0.142
648,LINJ_08_0540,LINJ.12.0610,5671.A4HTK1,5671.E9AGF3,0.055
649,LINJ_08_0540,LINJ_18_0150,5671.A4HTK1,5671.A4HXP1,0.055
650,LINJ_08_0540,LINJ_29_2830,5671.A4HTK1,5671.A4I4Y0,0.061
651,LINJ_08_0540,LINJ_24_1790,5671.A4HTK1,5671.E9AH79,0.104
654,LINJ_08_0540,LINJ_27_1740,5671.A4HTK1,5671.A4I2Z0,0.042
655,LINJ_08_0540,LINJ_34_1950,5671.A4HTK1,5671.A4I9Z1,0.042
656,LINJ_08_0540,LINJ_28_0850,5671.A4HTK1,5671.A4I3F4,0.042
657,LINJ_08_0540,LINJ_27_2130,5671.A4HTK1,5671.A4I317,0.042
658,LINJ_08_0540,LINJ_21_0760,5671.A4HTK1,5671.A4HZ69,0.042
661,LINJ_08_0540,LINJ_10_0880,5671.A4HTK1,5671.A4HUJ5,0.046
662,LINJ_08_0540,LINJ_34_0990,5671.A4HTK1,5671.A4I9Q1,0.046
666,LINJ_08_0540,LINJ_18_1110,5671.A4HTK1,5671.A4HXY4,0.07
667,LINJ_08_0540,LINJ_16_1180,5671.A4HTK1,5671.A4HX11,0.046
668,LINJ_08_0540,LINJ_30_0850,5671.A4HTK1,5671.A4I5B1,0.083
675,LINJ_08_0540,LINJ_30_1460,5671.A4HTK1,5671.A4I5H1,0.048
676,LINJ_08_0540,LINJ_21_1470,5671.A4HTK1,5671.A4HZC0,0.048
678,LINJ_08_0540,LINJ_16_0730,5671.A4HTK1,5671.A4HWX0,0.107
679,LINJ_08_0540,LINJ_35_1730,5671.A4HTK1,5671.A4IB74,0.107
681,LINJ_08_0540,LINJ_03_0460,5671.A4HTK1,5671.E9AG37,0.045
682,LINJ_08_0540,LINJ_25_0960,5671.A4HTK1,5671.A4I1D4,0.045
683,LINJ_08_0540,LINJ_28_0720,5671.A4HTK1,5671.A4I3E2,0.045
687,LINJ_08_0540,LINJ_24_0130,5671.A4HTK1,5671.E9AH25,0.066
688,LINJ_08_0540,LINJ_34_1900,5671.A4HTK1,5671.A4IAM7,0.347
689,LINJ_08_0540,LINJ_29_0860,5671.A4HTK1,5671.A4I4D6,0.042
691,LINJ_08_0540,LINJ_32_0520,5671.A4HTK1,5671.A4I7N3,0.041
693,LINJ_08_0540,LINJ_32_2160,5671.A4HTK1,5671.A4I825,0.058
694,LINJ_08_0540,LINJ_09_0900,5671.A4HTK1,5671.A4HU06,0.058
703,LINJ_08_0540,CYC6,5671.A4HTK1,5671.A4I8F7,0.082
704,LINJ_08_0540,CYCA,5671.A4HTK1,5671.A4I1J3,0.082
705,LINJ_08_0540,CYC8,5671.A4HTK1,5671.A4I1W9,0.082
706,LINJ_08_0540,CYC3,5671.A4HTK1,5671.A4I503,0.082
707,LINJ_08_0540,LINJ_31_0890,5671.A4HTK1,5671.A4I6I0,0.041
708,LINJ_08_0540,LINJ_14_0820,5671.A4HTK1,5671.A4HW20,0.041
709,LINJ_08_0540,LINJ_32_1930,5671.A4HTK1,5671.A4I7Z9,0.041
710,LINJ_08_0540,Rab11,5671.A4HTK1,5671.A4HUK3,0.041
711,LINJ_08_0540,LINJ_34_1530,5671.A4HTK1,5671.A4I9V5,0.048
712,LINJ_08_0540,LINJ_15_0810,5671.A4HTK1,5671.A4HWH3,0.083
714,LINJ_08_0540,LINJ_18_1140,5671.A4HTK1,5671.A4HXY7,0.048
715,LINJ_08_0540,LINJ_13_0220,5671.A4HTK1,5671.A4HVF7,0.048
716,LINJ_08_0540,LINJ_34_0030,5671.A4HTK1,5671.A4I9H1,0.142
719,LINJ_08_0670,LINJ_36_2310,5671.A4HTL4,5671.A4IDJ2,0.057
720,LINJ_08_0670,LINJ_36_5610,5671.A4HTL4,5671.A4IDV1,0.082
727,LINJ_08_0950,LINJ_29_0860,5671.A4HTP0,5671.A4I4D6,0.082
728,LINJ_08_0950,MPK3,5671.A4HTP0,5671.A4HUG1,0.043
729,LINJ_08_0950,MPK4,5671.A4HTP0,5671.A4HYH4,0.043
730,LINJ_08_0950,LINJ_30_2930,5671.A4HTP0,5671.A4I5X0,0.043
731,LINJ_08_0950,MPK12,5671.A4HTP0,5671.A4I564,0.043
732,LINJ_08_0950,MPK11,5671.A4HTP0,5671.A4I910,0.043
734,LINJ_09_0080,LINJ_18_0180,5671.A4HTS4,5671.A4HXP4,0.048
735,LINJ_09_0080,LINJ_18_0190,5671.A4HTS4,5671.A4HXP5,0.048
736,LINJ_09_0100,LINJ_32_3470,5671.A4HTS6,5671.A4I8F2,0.421
737,LINJ_09_0100,LINJ_25_1360,5671.A4HTS6,5671.A4I1H6,0.097
738,LINJ_09_0100,LINJ_29_2940,5671.A4HTS6,5671.A4I4Y5,0.047
739,LINJ_09_0110,LINJ_29_2940,5671.A4HTS7,5671.A4I4Y5,0.047
741,LINJ_09_0110,LINJ_32_3470,5671.A4HTS7,5671.A4I8F2,0.421
742,LINJ_09_0110,LINJ_25_1360,5671.A4HTS7,5671.A4I1H6,0.097
746,LINJ_09_0270,LINJ_28_0660,5671.A4HTU3,5671.A4I3D6,0.107
764,LINJ_09_0270,LINJ_15_1630,5671.A4HTU3,5671.A4HWP5,0.055
765,LINJ_09_0270,LINJ_29_2600,5671.A4HTU3,5671.A4I4W3,0.043
777,LINJ_09_0520,LINJ_32_0520,5671.A4HTW1,5671.A4I7N3,0.044
778,LINJ_09_0520,LINJ_31_0890,5671.A4HTW1,5671.A4I6I0,0.048
779,LINJ_09_0520,LINJ_14_0820,5671.A4HTW1,5671.A4HW20,0.048
780,LINJ_09_0520,LINJ_32_1930,5671.A4HTW1,5671.A4I7Z9,0.048
781,LINJ_09_0520,Rab11,5671.A4HTW1,5671.A4HUK3,0.048
782,LINJ_09_0520,LINJ_20_0820,5671.A4HTW1,5671.A4HYS3,0.041
783,LINJ_09_0520,LINJ_27_0940,5671.A4HTW1,5671.A4I2Q9,0.041
787,LINJ_09_0520,LINJ_32_2160,5671.A4HTW1,5671.A4I825,0.128
788,LINJ_09_0520,LINJ_09_0900,5671.A4HTW1,5671.A4HU06,0.128
789,LINJ_09_0520,LINJ_35_1720,5671.A4HTW1,5671.A4IB73,0.212
796,LINJ_09_0520,LINJ_11_0700,5671.A4HTW1,5671.A4HUX9,0.042
799,LINJ_09_0520,LINJ_03_0460,5671.A4HTW1,5671.E9AG37,0.046
800,LINJ_09_0520,DHFR-TS,5671.A4HTW1,5671.Q8MQV3,0.042
801,LINJ_09_0520,KATNAL2,5671.A4HTW1,5671.A4HVM4,0.046
805,LINJ_09_0900,LINJ_33_3360,5671.A4HU06,5671.A4I9G2,0.055
806,LINJ_09_0900,LINJ_33_1940,5671.A4HU06,5671.A4I946,0.057
807,LINJ_09_0900,LINJ_27_0620,5671.A4HU06,5671.E9AHE8,0.057
809,LINJ_09_0900,LINJ_10_1260,5671.A4HU06,5671.A4HUM9,0.057
811,LINJ_09_0900,LINJ_13_0220,5671.A4HU06,5671.A4HVF7,0.073
812,LINJ_09_0900,LINJ_18_1140,5671.A4HU06,5671.A4HXY7,0.073
813,LINJ_09_0900,LINJ_26_2100,5671.A4HU06,5671.A4I2D8,0.128
814,LINJ_09_0900,LINJ_13_1630,5671.A4HU06,5671.A4HVT6,0.128
815,LINJ_09_0900,LINJ_24_0260,5671.A4HU06,5671.E9AH38,0.128
816,LINJ_09_0900,RAB7,5671.A4HU06,5671.E9AGQ4,0.109
818,LINJ_09_0900,LINJ_24_0130,5671.A4HU06,5671.E9AH25,0.043
819,LINJ_09_0900,LINJ_34_0030,5671.A4HU06,5671.A4I9H1,0.058
825,LINJ_09_1280,LINJ_34_4140,5671.A4HU44,5671.A4IAK2,0.082
826,LINJ_09_1280,LINJ_19_0150,5671.A4HU44,5671.E9AGR8,0.106
827,LINJ_09_1280,LINJ.12.0003,5671.A4HU44,5671.A4HV47,0.104
828,LINJ_09_1280,LINJ_33_3360,5671.A4HU44,5671.A4I9G2,0.082
829,LINJ_09_1280,LINJ_24_0130,5671.A4HU44,5671.E9AH25,0.05
830,LINJ_09_1280,LINJ_33_2520,5671.A4HU44,5671.E9AHQ7,0.127
831,LINJ_09_1280,LINJ_21_2200,5671.A4HU44,5671.A4HZI9,0.083
832,LINJ_09_1280,LINJ_03_0520,5671.A4HU44,5671.E9AG43,0.104
833,LINJ_09_1280,LINJ_28_0110,5671.A4HU44,5671.A4I384,0.096
834,LINJ_09_1280,LINJ_36_1730,5671.A4HU44,5671.A4IDD6,0.107
835,LINJ_09_1280,LINJ_35_3880,5671.A4HU44,5671.A4IBS2,0.139
836,LINJ_09_1280,LINJ_22_0440,5671.A4HU44,5671.A4HZT4,0.217
837,LINJ_09_1280,RPT6,5671.A4HU44,5671.A4IE38,0.202
838,LINJ_09_1280,LINJ.12.0190,5671.A4HU44,5671.E9AGB0,0.125
839,LINJ_09_1280,91E11,5671.A4HU44,5671.Q9GNZ8,0.111
840,LINJ_09_1280,LINJ_22_0490,5671.A4HU44,5671.A4HZT9,0.336
841,LINJ_09_1280,LINJ_13_0990,5671.A4HU44,5671.A4HVN7,0.142
842,LINJ_09_1280,LINJ_24_1970,5671.A4HU44,5671.A4I0Z7,0.069
848,LINJ_10_0090,LINJ_36_5050,5671.A4HUB8,5671.A4IDR0,0.103
849,LINJ_10_0090,LINJ_21_0100,5671.A4HUB8,5671.A4HZL2,0.048
853,LINJ_10_0090,LINJ_20_0020,5671.A4HUB8,5671.A4HYJ4,0.055
854,LINJ_10_0090,LINJ_33_0060,5671.A4HUB8,5671.A4I8M2,0.141
855,LINJ_10_0090,LINJ_35_3920,5671.A4HUB8,5671.A4IBS6,0.076
869,LINJ_10_0200,LINJ_36_2310,5671.A4HUC8,5671.A4IDJ2,0.043
870,LINJ_10_0200,LINJ_24_2410,5671.A4HUC8,5671.A4I140,0.042
871,LINJ_10_0200,LINJ_34_1840,5671.A4HUC8,5671.A4I9Y5,0.042
872,LINJ_10_0200,MKK5,5671.A4HUC8,5671.A4ICP8,0.042
882,MPK3,TOR2,5671.A4HUG1,5671.A4IAK5,0.047
884,MPK3,TOR3,5671.A4HUG1,5671.A4IAG3,0.047
886,MPK3,LINJ_15_1630,5671.A4HUG1,5671.A4HWP5,0.042
889,MPK3,MKK5,5671.A4HUG1,5671.A4ICP8,0.042
890,MPK3,LINJ_34_1840,5671.A4HUG1,5671.A4I9Y5,0.042
891,MPK3,LINJ_24_2410,5671.A4HUG1,5671.A4I140,0.042
892,MPK3,LINJ_36_2310,5671.A4HUG1,5671.A4IDJ2,0.043
894,LINJ_10_0830,LINJ_20_0020,5671.A4HUJ0,5671.A4HYJ4,0.158
898,LINJ_10_0880,LINJ_34_0030,5671.A4HUJ5,5671.A4I9H1,0.046
899,LINJ_10_0880,KATNAL2,5671.A4HUJ5,5671.A4HVM4,0.047
900,Rab11,LINJ_34_4140,5671.A4HUK3,5671.A4IAK2,0.043
901,Rab11,LINJ_33_3360,5671.A4HUK3,5671.A4I9G2,0.055
905,Rab11,LINJ_13_1630,5671.A4HUK3,5671.A4HVT6,0.048
906,Rab11,LINJ_24_0260,5671.A4HUK3,5671.E9AH38,0.048
907,Rab11,LINJ_26_2100,5671.A4HUK3,5671.A4I2D8,0.048
910,Rab11,LINJ_18_1140,5671.A4HUK3,5671.A4HXY7,0.079
911,Rab11,LINJ_13_0220,5671.A4HUK3,5671.A4HVF7,0.079
912,Rab11,LINJ_10_1250,5671.A4HUK3,5671.A4HUM8,0.054
913,Rab11,LINJ_27_0620,5671.A4HUK3,5671.E9AHE8,0.116
914,Rab11,LINJ_33_1940,5671.A4HUK3,5671.A4I946,0.116
915,Rab11,LINJ_10_1260,5671.A4HUK3,5671.A4HUM9,0.116
916,Rab11,LINJ_30_1710,5671.A4HUK3,5671.A4I5J8,0.054
918,Rab11,RAB7,5671.A4HUK3,5671.E9AGQ4,0.107
919,Rab11,LINJ_24_0130,5671.A4HUK3,5671.E9AH25,0.043
920,Rab11,LMPK,5671.A4HUK3,5671.A4ICA4,0.056
921,Rab11,LINJ_34_0030,5671.A4HUK3,5671.A4I9H1,0.041
923,LINJ_10_1250,LINJ_31_0890,5671.A4HUM8,5671.A4I6I0,0.054
924,LINJ_10_1250,LINJ_27_0620,5671.A4HUM8,5671.E9AHE8,0.051
925,LINJ_10_1250,LINJ_10_1260,5671.A4HUM8,5671.A4HUM9,0.051
926,LINJ_10_1250,LINJ_33_1940,5671.A4HUM8,5671.A4I946,0.051
927,LINJ_10_1250,LINJ_13_0220,5671.A4HUM8,5671.A4HVF7,0.046
928,LINJ_10_1250,LINJ_18_1140,5671.A4HUM8,5671.A4HXY7,0.046
929,LINJ_10_1250,LINJ_32_1930,5671.A4HUM8,5671.A4I7Z9,0.054
930,LINJ_10_1250,LINJ_14_0820,5671.A4HUM8,5671.A4HW20,0.054
931,LINJ_10_1250,RAB7,5671.A4HUM8,5671.E9AGQ4,0.106
932,LINJ_10_1250,LINJ_32_0520,5671.A4HUM8,5671.A4I7N3,0.054
936,LINJ_10_1260,LINJ_31_0890,5671.A4HUM9,5671.A4I6I0,0.116
937,LINJ_10_1260,LINJ_32_0050,5671.A4HUM9,5671.A4I7G8,0.046
938,LINJ_10_1260,LINJ_32_2160,5671.A4HUM9,5671.A4I825,0.057
939,LINJ_10_1260,LINJ_30_1710,5671.A4HUM9,5671.A4I5J8,0.051
941,LINJ_10_1260,LINJ_32_1930,5671.A4HUM9,5671.A4I7Z9,0.116
942,LINJ_10_1260,LINJ_33_3360,5671.A4HUM9,5671.A4I9G2,0.061
943,LINJ_10_1260,LINJ_14_0820,5671.A4HUM9,5671.A4HW20,0.116
944,LINJ_10_1260,RAB7,5671.A4HUM9,5671.E9AGQ4,0.141
945,LINJ_11_0040,LINJ_31_3080,5671.A4HUR6,5671.A4I7A2,0.351
946,LINJ_11_0040,KATNAL2,5671.A4HUR6,5671.A4HVM4,0.048
947,LINJ_11_0060,LINJ_30_3430,5671.A4HUR8,5671.A4I628,0.163
948,LINJ_11_0060,PGKC,5671.A4HUR8,5671.E9AGT9,0.163
949,LINJ_11_0060,PGKB,5671.A4HUR8,5671.E9AGU0,0.163
950,LINJ_11_0060,LINJ_30_1580,5671.A4HUR8,5671.A4I5I5,0.157
951,LINJ_11_0060,LINJ_34_1910,5671.A4HUR8,5671.A4I9Y7,0.157
953,LINJ_11_0060,LINJ_16_1430,5671.A4HUR8,5671.A4HX32,0.359
954,LINJ_11_0060,DHFR-TS,5671.A4HUR8,5671.Q8MQV3,0.083
956,LINJ_11_0110,LINJ_29_2600,5671.A4HUS3,5671.A4I4W3,0.052
957,LINJ_11_0110,TOP2,5671.A4HUS3,5671.A4HWL4,0.388
958,LINJ_11_0110,LINJ_28_2450,5671.A4HUS3,5671.A4I3V9,0.388
959,LINJ_11_0110,LINJ_22_0490,5671.A4HUS3,5671.A4HZT9,0.082
960,LINJ_11_0110,LINJ_34_0030,5671.A4HUS3,5671.A4I9H1,0.073
961,LINJ_11_0110,LINJ_03_0520,5671.A4HUS3,5671.E9AG43,0.082
962,LINJ_11_0110,DHFR-TS,5671.A4HUS3,5671.Q8MQV3,0.227
965,LINJ_11_0110,LINJ.12.0190,5671.A4HUS3,5671.E9AGB0,0.082
966,LINJ_11_0110,RPT6,5671.A4HUS3,5671.A4IE38,0.046
967,LINJ_11_0110,LINJ_22_0920,5671.A4HUS3,5671.E9AGZ4,0.354
968,LINJ_11_0110,LINJ_36_4020,5671.A4HUS3,5671.A4ID13,0.354
969,LINJ_11_0110,LINJ_17_0070,5671.A4HUS3,5671.A4HX71,0.044
971,LINJ_11_0110,LINJ_33_2910,5671.A4HUS3,5671.A4I9B7,0.072
972,LINJ_11_0110,MKK5,5671.A4HUS3,5671.A4ICP8,0.104
973,LINJ_11_0110,LINJ_34_1840,5671.A4HUS3,5671.A4I9Y5,0.104
974,LINJ_11_0110,LINJ_24_2410,5671.A4HUS3,5671.A4I140,0.104
975,LINJ_11_0110,LINJ_26_2460,5671.A4HUS3,5671.A4I2H1,0.334
976,LINJ_11_0110,LINJ_20_0020,5671.A4HUS3,5671.A4HYJ4,0.327
977,LINJ_11_0110,LINJ_18_0470,5671.A4HUS3,5671.A4HXS2,0.327
978,LINJ_11_0110,LINJ_24_0220,5671.A4HUS3,5671.E9AH34,0.046
979,LINJ_11_0110,LINJ_36_5580,5671.A4HUS3,5671.A4IC77,0.243
980,LINJ_11_0110,LINJ_20_1370,5671.A4HUS3,5671.A4HYX6,0.046
981,LINJ_11_0110,LMAIRK,5671.A4HUS3,5671.A4I3C6,0.334
983,LINJ_11_0110,LINJ_29_1420,5671.A4HUS3,5671.E9AHI7,0.334
984,LINJ_11_0110,LINJ_24_2220,5671.A4HUS3,5671.A4I122,0.262
985,LINJ_11_0110,LINJ_17_0770,5671.A4HUS3,5671.A4HXE5,0.243
987,LINJ_11_0110,CYC6,5671.A4HUS3,5671.A4I8F7,0.341
988,LINJ_11_0110,CYCA,5671.A4HUS3,5671.A4I1J3,0.341
989,LINJ_11_0110,CYC8,5671.A4HUS3,5671.A4I1W9,0.341
990,LINJ_11_0110,CYC3,5671.A4HUS3,5671.A4I503,0.341
992,LINJ_11_0110,LINJ_30_0420,5671.A4HUS3,5671.A4I569,0.327
993,LINJ_11_0110,LINJ_24_1790,5671.A4HUS3,5671.E9AH79,0.392
994,LINJ_11_0110,LINJ_26_2540,5671.A4HUS3,5671.A4I2I8,0.243
995,LINJ_11_0110,LINJ_29_2830,5671.A4HUS3,5671.A4I4Y0,0.108
996,LINJ_11_0600,LINJ_36_2850,5671.A4HUX0,5671.A4ICH8,0.259
997,LINJ_11_0600,LINJ_23_0580,5671.A4HUX0,5671.A4I093,0.084
998,LINJ_11_0600,LINJ_23_0880,5671.A4HUX0,5671.A4I0C2,0.084
1002,LINJ_11_0600,LINJ_34_0160,5671.A4HUX0,5671.A4I9I4,0.35
1003,LINJ_11_0600,mMDH,5671.A4HUX0,5671.A4I9I5,0.35
1004,LINJ_11_0600,LINJ_34_0150,5671.A4HUX0,5671.A4I9I3,0.35
1006,LINJ_11_0600,LINJ_31_3260,5671.A4HUX0,5671.A4I7C0,0.516
1011,LINJ_11_0700,KATNAL2,5671.A4HUX9,5671.A4HVM4,0.043
1012,LINJ_11_0700,LINJ_24_0260,5671.A4HUX9,5671.E9AH38,0.042
1013,LINJ_11_0700,LINJ_13_1630,5671.A4HUX9,5671.A4HVT6,0.042
1014,LINJ_11_0700,LINJ_26_2100,5671.A4HUX9,5671.A4I2D8,0.042
1016,LINJ_11_0700,LINJ_24_0130,5671.A4HUX9,5671.E9AH25,0.044
1017,LINJ_11_0910,LINJ_35_3880,5671.A4HV00,5671.A4IBS2,0.047
1018,LINJ_11_0910,LINJ_27_0940,5671.A4HV00,5671.A4I2Q9,0.057
1019,LINJ_11_0910,LINJ_24_0170,5671.A4HV00,5671.E9AH29,0.057
1020,LINJ_11_0910,LINJ_34_3300,5671.A4HV00,5671.A4IAB8,0.057
1021,LINJ_11_0910,TOP2,5671.A4HV00,5671.A4HWL4,0.18
1022,LINJ_11_0910,LINJ_28_2450,5671.A4HV00,5671.A4I3V9,0.18
1023,LINJ_11_0910,KATNAL2,5671.A4HV00,5671.A4HVM4,0.177
1025,LINJ_11_0910,LINJ.12.0190,5671.A4HV00,5671.E9AGB0,0.136
1026,LINJ_11_0910,LINJ_03_0520,5671.A4HV00,5671.E9AG43,0.136
1027,LINJ_11_0910,LINJ_22_0490,5671.A4HV00,5671.A4HZT9,0.136
1028,LINJ_11_0910,LINJ.12.0003,5671.A4HV00,5671.A4HV47,0.162
1029,LINJ_11_0910,91E11,5671.A4HV00,5671.Q9GNZ8,0.143
1030,LINJ.12.0003,LINJ_30_1070,5671.A4HV47,5671.A4I5D2,0.361
1033,LINJ.12.0003,LINJ_24_0170,5671.A4HV47,5671.E9AH29,0.104
1034,LINJ.12.0003,LINJ_27_0370,5671.A4HV47,5671.A4I2M3,0.104
1035,LINJ.12.0003,LINJ_36_1420,5671.A4HV47,5671.A4ICJ9,0.104
1036,LINJ.12.0003,LINJ_21_0960,5671.A4HV47,5671.A4HZM5,0.082
1037,LINJ.12.0003,LINJ_24_0130,5671.A4HV47,5671.E9AH25,0.046
1038,LINJ.12.0003,LINJ_24_2220,5671.A4HV47,5671.A4I122,0.057
1039,LINJ.12.0003,LINJ_33_2910,5671.A4HV47,5671.A4I9B7,0.059
1040,LINJ.12.0003,KATNAL2,5671.A4HV47,5671.A4HVM4,0.2
1041,LINJ.12.0003,RPT6,5671.A4HV47,5671.A4IE38,0.368
1042,LINJ.12.0003,LINJ.12.0190,5671.A4HV47,5671.E9AGB0,0.694
1043,LINJ.12.0003,LINJ_22_0490,5671.A4HV47,5671.A4HZT9,0.6
1044,LINJ.12.0003,LINJ_36_1730,5671.A4HV47,5671.A4IDD6,0.76
1045,LINJ.12.0003,91E11,5671.A4HV47,5671.Q9GNZ8,0.766
1046,LINJ.12.0003,LINJ_21_2200,5671.A4HV47,5671.A4HZI9,0.765
1047,LINJ.12.0003,LINJ_22_0440,5671.A4HV47,5671.A4HZT4,0.409
1048,LINJ.12.0003,LINJ_28_0110,5671.A4HV47,5671.A4I384,0.849
1049,LINJ.12.0003,LINJ_03_0520,5671.A4HV47,5671.E9AG43,0.407
1050,LINJ.12.0003,LINJ_35_3880,5671.A4HV47,5671.A4IBS2,0.759
1051,LINJ.12.0003,LINJ_13_0990,5671.A4HV47,5671.A4HVN7,0.716
1052,LINJ.12.0006,LINJ_21_1990,5671.A4HV49,5671.A4HZG8,0.047
1053,LINJ.12.0016,TOP2,5671.A4HV57,5671.A4HWL4,0.388
1054,LINJ.12.0016,LINJ_28_2450,5671.A4HV57,5671.A4I3V9,0.388
1055,LINJ.12.0016,LINJ_03_0520,5671.A4HV57,5671.E9AG43,0.082
1056,LINJ.12.0016,LINJ_22_0490,5671.A4HV57,5671.A4HZT9,0.082
1057,LINJ.12.0016,DHFR-TS,5671.A4HV57,5671.Q8MQV3,0.227
1060,LINJ.12.0016,LINJ.12.0190,5671.A4HV57,5671.E9AGB0,0.082
1061,LINJ.12.0016,RPT6,5671.A4HV57,5671.A4IE38,0.046
1062,LINJ.12.0016,LINJ_22_0920,5671.A4HV57,5671.E9AGZ4,0.354
1063,LINJ.12.0016,LINJ_36_4020,5671.A4HV57,5671.A4ID13,0.354
1064,LINJ.12.0016,LINJ_33_2910,5671.A4HV57,5671.A4I9B7,0.072
1065,LINJ.12.0016,LMAIRK,5671.A4HV57,5671.A4I3C6,0.334
1066,LINJ.12.0016,LINJ_26_2460,5671.A4HV57,5671.A4I2H1,0.334
1067,LINJ.12.0016,LINJ_29_1420,5671.A4HV57,5671.E9AHI7,0.334
1068,LINJ.12.0016,LINJ_20_0020,5671.A4HV57,5671.A4HYJ4,0.327
1069,LINJ.12.0016,LINJ_18_0470,5671.A4HV57,5671.A4HXS2,0.327
1070,LINJ.12.0016,LINJ_17_0770,5671.A4HV57,5671.A4HXE5,0.243
1071,LINJ.12.0016,LINJ_36_5580,5671.A4HV57,5671.A4IC77,0.243
1072,LINJ.12.0016,LINJ_26_2540,5671.A4HV57,5671.A4I2I8,0.243
1075,LINJ.12.0016,LINJ_24_2220,5671.A4HV57,5671.A4I122,0.262
1077,LINJ.12.0016,CYC6,5671.A4HV57,5671.A4I8F7,0.341
1078,LINJ.12.0016,CYCA,5671.A4HV57,5671.A4I1J3,0.341
1079,LINJ.12.0016,CYC8,5671.A4HV57,5671.A4I1W9,0.341
1080,LINJ.12.0016,CYC3,5671.A4HV57,5671.A4I503,0.341
1081,LINJ.12.0016,LINJ_30_0420,5671.A4HV57,5671.A4I569,0.327
1082,LINJ.12.0016,LINJ_24_1790,5671.A4HV57,5671.E9AH79,0.392
1083,LINJ.12.0016,LINJ_29_2830,5671.A4HV57,5671.A4I4Y0,0.108
1084,LINJ_13_0170,LINJ_34_1900,5671.A4HVF3,5671.A4IAM7,0.07
1085,LINJ_13_0170,LINJ_24_1410,5671.A4HVF3,5671.A4I0X6,0.044
1086,LINJ_13_0170,LINJ_21_0740,5671.A4HVF3,5671.A4HZ67,0.044
1087,LINJ_13_0220,VPS4,5671.A4HVF7,5671.A4I4W4,0.055
1088,LINJ_13_0220,LINJ_31_0890,5671.A4HVF7,5671.A4I6I0,0.079
1089,LINJ_13_0220,LINJ_32_2160,5671.A4HVF7,5671.A4I825,0.073
1090,LINJ_13_0220,LINJ_32_1930,5671.A4HVF7,5671.A4I7Z9,0.079
1091,LINJ_13_0220,LINJ_14_0820,5671.A4HVF7,5671.A4HW20,0.079
1092,LINJ_13_0220,LINJ_30_1710,5671.A4HVF7,5671.A4I5J8,0.046
1093,LINJ_13_0220,LINJ_32_0520,5671.A4HVF7,5671.A4I7N3,0.082
1094,LINJ_13_0220,RAB7,5671.A4HVF7,5671.E9AGQ4,0.105
1097,LINJ_13_0220,LINJ_34_0030,5671.A4HVF7,5671.A4I9H1,0.048
1099,LINJ_13_0300,LINJ_19_0970,5671.A4HVG5,5671.A4HYB7,0.047
1100,LINJ_13_0300,LINJ_19_0950,5671.A4HVG5,5671.A4HYA8,0.047
1101,LINJ_13_0610,LINJ_36_5410,5671.A4HVK0,5671.A4IDU0,0.082
1102,LINJ_13_0610,LINJ_30_2920,5671.A4HVK0,5671.A4I5W9,0.082
1103,LINJ_13_0610,ALDH2,5671.A4HVK0,5671.A4I1F4,0.082
1104,LINJ_13_0610,LINJ_23_0580,5671.A4HVK0,5671.A4I093,0.063
1105,LINJ_13_0610,LINJ_23_0880,5671.A4HVK0,5671.A4I0C2,0.063
1106,LINJ_13_0610,LINJ_36_1840,5671.A4HVK0,5671.A4IDE7,0.082
1108,KATNAL2,LINJ_27_0940,5671.A4HVM4,5671.A4I2Q9,0.066
1109,KATNAL2,LINJ_28_1910,5671.A4HVM4,5671.E9AHG7,0.25
1110,KATNAL2,LINJ_24_0170,5671.A4HVM4,5671.E9AH29,0.068
1111,KATNAL2,PGKC,5671.A4HVM4,5671.E9AGT9,0.084
1112,KATNAL2,LINJ_30_3430,5671.A4HVM4,5671.A4I628,0.084
1113,KATNAL2,PGKB,5671.A4HVM4,5671.E9AGU0,0.084
1114,KATNAL2,DHFR-TS,5671.A4HVM4,5671.Q8MQV3,0.083
1117,KATNAL2,LINJ_35_1270,5671.A4HVM4,5671.A4IB20,0.057
1118,KATNAL2,LINJ_21_0960,5671.A4HVM4,5671.A4HZM5,0.056
1119,KATNAL2,LINJ_19_0150,5671.A4HVM4,5671.E9AGR8,0.056
1120,KATNAL2,LINJ_28_2450,5671.A4HVM4,5671.A4I3V9,0.095
1121,KATNAL2,TOP2,5671.A4HVM4,5671.A4HWL4,0.095
1122,KATNAL2,RAD51,5671.A4HVM4,5671.A4I3C9,0.127
1123,KATNAL2,LMAIRK,5671.A4HVM4,5671.A4I3C6,0.106
1124,KATNAL2,LINJ_26_2460,5671.A4HVM4,5671.A4I2H1,0.106
1125,KATNAL2,LINJ_29_1420,5671.A4HVM4,5671.E9AHI7,0.106
1135,KATNAL2,LINJ_33_2520,5671.A4HVM4,5671.E9AHQ7,0.048
1136,KATNAL2,LINJ_34_0990,5671.A4HVM4,5671.A4I9Q1,0.047
1137,KATNAL2,LINJ_34_4140,5671.A4HVM4,5671.A4IAK2,0.046
1146,KATNAL2,LINJ_24_1970,5671.A4HVM4,5671.A4I0Z7,0.118
1147,KATNAL2,LINJ_24_2220,5671.A4HVM4,5671.A4I122,0.082
1148,KATNAL2,LINJ_32_1010,5671.A4HVM4,5671.A4I7R2,0.082
1149,KATNAL2,LINJ_35_1310,5671.A4HVM4,5671.A4IB24,0.082
1150,KATNAL2,LINJ_22_0480,5671.A4HVM4,5671.A4HZT8,0.082
1151,KATNAL2,LINJ_33_2910,5671.A4HVM4,5671.A4I9B7,0.082
1153,KATNAL2,LINJ_03_0460,5671.A4HVM4,5671.E9AG37,0.082
1154,KATNAL2,LINJ_23_0240,5671.A4HVM4,5671.A4I060,0.048
1155,KATNAL2,ABCC4,5671.A4HVM4,5671.A4I6Q3,0.048
1156,KATNAL2,PRP1,5671.A4HVM4,5671.A4I6S0,0.048
1157,KATNAL2,LINJ_23_0230,5671.A4HVM4,5671.A4I059,0.048
1158,KATNAL2,LINJ_24_1510,5671.A4HVM4,5671.A4I5H8,0.048
1159,KATNAL2,MRPA,5671.A4HVM4,5671.A4I065,0.048
1160,KATNAL2,LINJ_34_0690,5671.A4HVM4,5671.A4I9N7,0.048
1161,KATNAL2,ABCC5,5671.A4HVM4,5671.A4I6Q4,0.048
1162,KATNAL2,LINJ_25_0540,5671.A4HVM4,5671.A4I194,0.056
1163,KATNAL2,LINJ_32_2190,5671.A4HVM4,5671.A4I828,0.056
1164,KATNAL2,ABCH2,5671.A4HVM4,5671.A4I4M8,0.048
1165,KATNAL2,MDR1,5671.A4HVM4,5671.A4I9R3,0.048
1166,KATNAL2,LINJ_26_2700,5671.A4HVM4,5671.A4I2J3,0.048
1167,KATNAL2,LINJ_33_3360,5671.A4HVM4,5671.A4I9G2,0.044
1168,KATNAL2,LINJ_19_0540,5671.A4HVM4,5671.A4HY76,0.056
1169,KATNAL2,LINJ_32_1150,5671.A4HVM4,5671.A4I7S6,0.111
1170,KATNAL2,LINJ_34_3790,5671.A4HVM4,5671.A4IAG7,0.111
1171,KATNAL2,LINJ_26_2100,5671.A4HVM4,5671.A4I2D8,0.046
1172,KATNAL2,LINJ_24_0260,5671.A4HVM4,5671.E9AH38,0.046
1173,KATNAL2,LINJ_13_1630,5671.A4HVM4,5671.A4HVT6,0.046
1174,KATNAL2,LINJ_35_4740,5671.A4HVM4,5671.A4IC06,0.061
1175,KATNAL2,LINJ_22_1070,5671.A4HVM4,5671.E9AGZ5,0.061
1176,KATNAL2,LINJ_35_3880,5671.A4HVM4,5671.A4IBS2,0.105
1177,KATNAL2,LINJ_36_1730,5671.A4HVM4,5671.A4IDD6,0.105
1178,KATNAL2,LINJ_28_0110,5671.A4HVM4,5671.A4I384,0.105
1179,KATNAL2,LINJ_21_2200,5671.A4HVM4,5671.A4HZI9,0.105
1180,KATNAL2,LINJ_03_0520,5671.A4HVM4,5671.E9AG43,0.141
1181,KATNAL2,LINJ.12.0190,5671.A4HVM4,5671.E9AGB0,0.141
1182,KATNAL2,LINJ_22_0490,5671.A4HVM4,5671.A4HZT9,0.141
1184,KATNAL2,91E11,5671.A4HVM4,5671.Q9GNZ8,0.165
1190,LINJ_13_0990,LINJ_35_1310,5671.A4HVN7,5671.A4IB24,0.082
1191,LINJ_13_0990,LINJ_27_1150,5671.A4HVN7,5671.A4I2S6,0.391
1192,LINJ_13_0990,LINJ_29_2410,5671.A4HVN7,5671.A4I4U4,0.395
1193,LINJ_13_0990,LINJ_25_1360,5671.A4HVN7,5671.A4I1H6,0.104
1194,LINJ_13_0990,LINJ_30_1070,5671.A4HVN7,5671.A4I5D2,0.202
1198,LINJ_13_0990,LINJ_22_0370,5671.A4HVN7,5671.A4HZS7,0.081
1199,LINJ_13_0990,GSK3,5671.A4HVN7,5671.A4HXQ3,0.081
1201,LINJ_13_0990,LINJ_24_0130,5671.A4HVN7,5671.E9AH25,0.107
1202,LINJ_13_0990,LINJ_36_1420,5671.A4HVN7,5671.A4ICJ9,0.142
1203,LINJ_13_0990,LINJ_24_2220,5671.A4HVN7,5671.A4I122,0.082
1204,LINJ_13_0990,LINJ_27_0370,5671.A4HVN7,5671.A4I2M3,0.142
1205,LINJ_13_0990,LINJ_33_2910,5671.A4HVN7,5671.A4I9B7,0.082
1206,LINJ_13_0990,LINJ_24_0170,5671.A4HVN7,5671.E9AH29,0.142
1207,LINJ_13_0990,LINJ_36_1730,5671.A4HVN7,5671.A4IDD6,0.553
1208,LINJ_13_0990,LINJ_03_0520,5671.A4HVN7,5671.E9AG43,0.763
1209,LINJ_13_0990,LINJ.12.0190,5671.A4HVN7,5671.E9AGB0,0.764
1210,LINJ_13_0990,LINJ_35_3880,5671.A4HVN7,5671.A4IBS2,0.405
1211,LINJ_13_0990,LINJ_22_0490,5671.A4HVN7,5671.A4HZT9,0.769
1212,LINJ_13_0990,91E11,5671.A4HVN7,5671.Q9GNZ8,0.5
1213,LINJ_13_0990,LINJ_21_2200,5671.A4HVN7,5671.A4HZI9,0.761
1214,LINJ_13_0990,RPT6,5671.A4HVN7,5671.A4IE38,0.768
1215,LINJ_13_0990,LINJ_28_0110,5671.A4HVN7,5671.A4I384,0.63
1216,LINJ_13_0990,LINJ_22_0440,5671.A4HVN7,5671.A4HZT4,0.78
1223,LINJ_13_1500,LINJ_27_0510,5671.A4HVS3,5671.A4I2N6,0.082
1224,LINJ_13_1500,LINJ_25_1540,5671.A4HVS3,5671.A4I1J4,0.082
1225,LINJ_13_1500,LINJ_31_0430,5671.A4HVS3,5671.A4I6K6,0.082
1226,LINJ_13_1500,LINJ_31_0450,5671.A4HVS3,5671.A4I6E4,0.082
1227,LINJ_13_1500,LINJ_31_0440,5671.A4HVS3,5671.A4I6F0,0.082
1228,LINJ_13_1500,LINJ_31_0480,5671.A4HVS3,5671.A4I6E6,0.082
1229,LINJ_13_1500,LINJ_20_1210,5671.A4HVS3,5671.A4HYW1,0.082
1230,LINJ_13_1500,LINJ_20_1230,5671.A4HVS3,5671.A4HYW2,0.082
1231,LINJ_13_1500,LINJ_27_2520,5671.A4HVS3,5671.E9AHC1,0.082
1232,LINJ_13_1500,LINJ_20_1250,5671.A4HVS3,5671.A4HYW4,0.082
1233,LINJ_13_1500,LINJ_20_1240,5671.A4HVS3,5671.A4HYW3,0.082
1234,LINJ_13_1500,LINJ_31_0410,5671.A4HVS3,5671.A4I6K4,0.082
1235,LINJ_13_1500,LINJ_31_0420,5671.A4HVS3,5671.A4I6K5,0.082
1236,LINJ_13_1500,LINJ_20_1220,5671.A4HVS3,5671.A4HYN0,0.082
1237,LINJ_13_1500,LINJ_30_2040,5671.A4HVS3,5671.A4I5N1,0.082
1238,LINJ_13_1500,LINJ_36_0840,5671.A4HVS3,5671.A4ICQ6,0.082
1239,LINJ_13_1500,LINJ_33_2130,5671.A4HVS3,5671.A4I963,0.082
1240,LINJ_13_1580,LINJ_24_0170,5671.A4HVT1,5671.E9AH29,0.047
1241,LINJ_13_1580,LINJ_33_3360,5671.A4HVT1,5671.A4I9G2,0.044
1243,LINJ_13_1590,LINJ_33_2210,5671.A4HVT2,5671.A4I980,0.044
1244,LINJ_13_1590,LINJ_33_1060,5671.A4HVT2,5671.A4I8W5,0.042
1253,LINJ_13_1630,LINJ_32_0520,5671.A4HVT6,5671.A4I7N3,0.044
1254,LINJ_13_1630,LINJ_31_0890,5671.A4HVT6,5671.A4I6I0,0.048
1255,LINJ_13_1630,LINJ_14_0820,5671.A4HVT6,5671.A4HW20,0.048
1256,LINJ_13_1630,LINJ_32_1930,5671.A4HVT6,5671.A4I7Z9,0.048
1257,LINJ_13_1630,LINJ_20_0820,5671.A4HVT6,5671.A4HYS3,0.041
1258,LINJ_13_1630,LINJ_27_0940,5671.A4HVT6,5671.A4I2Q9,0.041
1259,LINJ_13_1630,LINJ_32_2160,5671.A4HVT6,5671.A4I825,0.128
1260,LINJ_13_1630,LINJ_35_1720,5671.A4HVT6,5671.A4IB73,0.212
1269,LINJ_13_1630,LINJ_03_0460,5671.A4HVT6,5671.E9AG37,0.046
1270,LINJ_13_1630,DHFR-TS,5671.A4HVT6,5671.Q8MQV3,0.042
1272,LINJ_13_1630,LINJ_25_1360,5671.A4HVT6,5671.A4I1H6,0.108
1277,LINJ_13_1380,LINJ_24_2410,5671.A4HVU2,5671.A4I140,0.042
1280,LINJ_13_1380,LINJ_36_2310,5671.A4HVU2,5671.A4IDJ2,0.043
1282,LINJ_13_1380,LINJ_34_1840,5671.A4HVU2,5671.A4I9Y5,0.042
1283,LINJ_13_1380,MKK5,5671.A4HVU2,5671.A4ICP8,0.042
1287,LINJ_14_0020,LINJ_34_1900,5671.A4HVU4,5671.A4IAM7,0.044
1288,LINJ_14_0020,LINJ_36_5610,5671.A4HVU4,5671.A4IDV1,0.047
1289,LINJ_14_0020,LINJ_24_2090,5671.A4HVU4,5671.A4I109,0.045
1291,LINJ_14_0020,LINJ_30_1060,5671.A4HVU4,5671.A4I5D1,0.043
1292,LINJ_14_0020,LINJ_15_1630,5671.A4HVU4,5671.A4HWP5,0.043
1293,LINJ_14_0020,LINJ_31_1560,5671.A4HVU4,5671.A4I6T1,0.043
1298,LINJ_14_0140,LINJ_34_1900,5671.A4HVV6,5671.A4IAM7,0.07
1300,LINJ_14_0140,LINJ_24_1410,5671.A4HVV6,5671.A4I0X6,0.044
1301,LINJ_14_0140,LINJ_21_0740,5671.A4HVV6,5671.A4HZ67,0.044
1303,LINJ_14_0580,LINJ_25_1930,5671.A4HVZ9,5671.A4I1N3,0.08
1306,LINJ_14_0580,LINJ_21_0100,5671.A4HVZ9,5671.A4HZL2,0.046
1307,LINJ_14_0580,LINJ_19_0150,5671.A4HVZ9,5671.E9AGR8,0.444
1309,LINJ_14_0580,LINJ_24_1790,5671.A4HVZ9,5671.E9AH79,0.161
1310,LINJ_14_0580,LINJ_30_0420,5671.A4HVZ9,5671.A4I569,0.161
1311,LINJ_14_0580,LINJ_24_2350,5671.A4HVZ9,5671.A4I135,0.347
1312,LINJ_14_0580,LINJ_24_1970,5671.A4HVZ9,5671.A4I0Z7,0.083
1313,LINJ_14_0580,LINJ_21_0770,5671.A4HVZ9,5671.A4HZ70,0.514
1314,LINJ_14_0580,LINJ_27_0920,5671.A4HVZ9,5671.A4I2Q7,0.626
1315,LINJ_14_0580,LINJ_33_0060,5671.A4HVZ9,5671.A4I8M2,0.383
1316,LINJ_14_0580,LINJ_20_0020,5671.A4HVZ9,5671.A4HYJ4,0.494
1317,LINJ_14_0580,LINJ_35_3920,5671.A4HVZ9,5671.A4IBS6,0.69
1318,LINJ_14_0580,LINJ_25_0440,5671.A4HVZ9,5671.A4I186,0.748
1319,LINJ_14_0820,LINJ_34_4140,5671.A4HW20,5671.A4IAK2,0.043
1320,LINJ_14_0820,LINJ_33_3360,5671.A4HW20,5671.A4I9G2,0.055
1324,LINJ_14_0820,LINJ_26_2100,5671.A4HW20,5671.A4I2D8,0.048
1325,LINJ_14_0820,LINJ_24_0260,5671.A4HW20,5671.E9AH38,0.048
1328,LINJ_14_0820,LINJ_27_0620,5671.A4HW20,5671.E9AHE8,0.116
1329,LINJ_14_0820,LINJ_18_1140,5671.A4HW20,5671.A4HXY7,0.079
1331,LINJ_14_0820,LINJ_33_1940,5671.A4HW20,5671.A4I946,0.116
1332,LINJ_14_0820,LINJ_30_1710,5671.A4HW20,5671.A4I5J8,0.054
1333,LINJ_14_0820,RAB7,5671.A4HW20,5671.E9AGQ4,0.107
1334,LINJ_14_0820,LINJ_24_0130,5671.A4HW20,5671.E9AH25,0.043
1335,LINJ_14_0820,LINJ_34_0030,5671.A4HW20,5671.A4I9H1,0.041
1339,LINJ_14_1380,LINJ_26_2540,5671.A4HW76,5671.A4I2I8,0.044
1341,LINJ_14_1380,LINJ_24_2410,5671.A4HW76,5671.A4I140,0.048
1342,LINJ_14_1380,LINJ_34_1840,5671.A4HW76,5671.A4I9Y5,0.048
1343,LINJ_14_1380,MKK5,5671.A4HW76,5671.A4ICP8,0.048
1346,LINJ_15_0520,LINJ_33_3360,5671.A4HWE8,5671.A4I9G2,0.044
1348,LINJ_15_0810,LINJ_34_0030,5671.A4HWH3,5671.A4I9H1,0.083
1355,TOP2,CRK3,5671.A4HWL4,5671.A4ICT0,0.388
1356,TOP2,CRK,5671.A4HWL4,5671.A4HWZ4,0.388
1357,TOP2,LINJ_27_2570,5671.A4HWL4,5671.E9AHC6,0.388
1358,TOP2,LINJ_30_1780,5671.A4HWL4,5671.A4I5K5,0.388
1359,TOP2,LINJ_29_2260,5671.A4HWL4,5671.A4I4S4,0.388
1360,TOP2,LINJ_22_0920,5671.A4HWL4,5671.E9AGZ4,0.411
1361,TOP2,LINJ_36_4020,5671.A4HWL4,5671.A4ID13,0.411
1363,TOP2,LMAIRK,5671.A4HWL4,5671.A4I3C6,0.397
1364,TOP2,LINJ_29_1420,5671.A4HWL4,5671.E9AHI7,0.397
1365,TOP2,LINJ_24_1790,5671.A4HWL4,5671.E9AH79,0.474
1366,TOP2,LINJ_26_2460,5671.A4HWL4,5671.A4I2H1,0.397
1367,TOP2,LINJ_24_2220,5671.A4HWL4,5671.A4I122,0.515
1368,TOP2,DHFR-TS,5671.A4HWL4,5671.Q8MQV3,0.359
1369,TOP2,LINJ_34_3220,5671.A4HWL4,5671.Q9GPZ9,0.075
1372,LINJ_15_1540,LINJ_35_4010,5671.A4HWN6,5671.A4IBT4,0.082
1373,LINJ_15_1540,PKAC1,5671.A4HWN6,5671.A4HXY2,0.082
1374,LINJ_15_1540,LINJ_35_4060,5671.A4HWN6,5671.A4IBT9,0.082
1379,LINJ_15_1550,LINJ_35_4060,5671.A4HWN7,5671.A4IBT9,0.082
1380,LINJ_15_1550,PKAC1,5671.A4HWN7,5671.A4HXY2,0.082
1381,LINJ_15_1550,LINJ_35_4010,5671.A4HWN7,5671.A4IBT4,0.082
1383,LINJ_15_1630,GSK3,5671.A4HWP5,5671.A4HXQ3,0.061
1385,LINJ_15_1630,LINJ_22_0370,5671.A4HWP5,5671.A4HZS7,0.061
1387,LINJ_15_1630,LINJ_28_1800,5671.A4HWP5,5671.A4I3P6,0.047
1388,LINJ_15_1630,LINJ_25_2450,5671.A4HWP5,5671.A4I1T4,0.047
1390,LINJ_16_0070,LINJ_36_1730,5671.A4HWQ5,5671.A4IDD6,0.083
1391,LINJ_16_0070,LINJ_33_3360,5671.A4HWQ5,5671.A4I9G2,0.044
1394,LINJ_16_0070,LINJ_20_1580,5671.A4HWQ5,5671.A4HZ08,0.083
1395,LINJ_16_0070,LINJ_34_3300,5671.A4HWQ5,5671.A4IAB8,0.083
1396,LINJ_16_0590,DHFR-TS,5671.A4HWV8,5671.Q8MQV3,0.141
1397,LINJ_16_0590,LINJ_31_3260,5671.A4HWV8,5671.A4I7C0,0.043
1398,LINJ_16_0590,LINJ_31_3080,5671.A4HWV8,5671.A4I7A2,0.058
1399,LINJ_16_0590,LINJ_16_1430,5671.A4HWV8,5671.A4HX32,0.447
1400,LINJ_16_0590,DHODH,5671.A4HWV8,5671.E9AGN2,0.694
1401,LINJ_16_0640,LINJ_24_2220,5671.A4HWW3,5671.A4I122,0.268
1402,LINJ_16_0640,LINJ_25_0440,5671.A4HWW3,5671.A4I186,0.239
1403,LINJ_16_0640,LINJ_25_1460,5671.A4HWW3,5671.A4I1I6,0.106
1404,LINJ_16_0640,LINJ_34_3790,5671.A4HWW3,5671.A4IAG7,0.044
1405,LINJ_16_0640,LINJ_32_1150,5671.A4HWW3,5671.A4I7S6,0.044
1406,LINJ_16_0640,LINJ_25_1930,5671.A4HWW3,5671.A4I1N3,0.045
1407,LINJ_16_0730,LINJ_34_1530,5671.A4HWX0,5671.A4I9V5,0.083
1408,LINJ_16_0730,LINJ_29_2410,5671.A4HWX0,5671.A4I4U4,0.07
1409,LINJ_16_0730,LINJ_34_0030,5671.A4HWX0,5671.A4I9H1,0.107
1410,LINJ_16_0730,LINJ_34_3790,5671.A4HWX0,5671.A4IAG7,0.253
1411,LINJ_16_0730,LINJ_32_1150,5671.A4HWX0,5671.A4I7S6,0.253
1413,CRK,LINJ_24_2410,5671.A4HWZ4,5671.A4I140,0.104
1414,CRK,LINJ_20_1370,5671.A4HWZ4,5671.A4HYX6,0.046
1415,CRK,LINJ_30_3530,5671.A4HWZ4,5671.A4I638,0.058
1416,CRK,LINJ_28_2450,5671.A4HWZ4,5671.A4I3V9,0.388
1417,CRK,LINJ_22_0490,5671.A4HWZ4,5671.A4HZT9,0.082
1418,CRK,MKK5,5671.A4HWZ4,5671.A4ICP8,0.104
1419,CRK,LINJ_03_0520,5671.A4HWZ4,5671.E9AG43,0.082
1420,CRK,DHFR-TS,5671.A4HWZ4,5671.Q8MQV3,0.227
1422,CRK,LINJ.12.0190,5671.A4HWZ4,5671.E9AGB0,0.082
1423,CRK,RPT6,5671.A4HWZ4,5671.A4IE38,0.046
1425,CRK,LINJ_27_1680,5671.A4HWZ4,5671.A4I2Y4,0.058
1426,CRK,LINJ_36_4020,5671.A4HWZ4,5671.A4ID13,0.354
1427,CRK,LINJ_22_0920,5671.A4HWZ4,5671.E9AGZ4,0.354
1428,CRK,LINJ_33_2910,5671.A4HWZ4,5671.A4I9B7,0.072
1429,CRK,LINJ_34_1840,5671.A4HWZ4,5671.A4I9Y5,0.104
1430,CRK,LINJ_26_2460,5671.A4HWZ4,5671.A4I2H1,0.334
1431,CRK,LMAIRK,5671.A4HWZ4,5671.A4I3C6,0.334
1432,CRK,LINJ_29_1420,5671.A4HWZ4,5671.E9AHI7,0.334
1433,CRK,LINJ_18_0470,5671.A4HWZ4,5671.A4HXS2,0.327
1434,CRK,LINJ_20_0020,5671.A4HWZ4,5671.A4HYJ4,0.327
1435,CRK,LINJ_36_5580,5671.A4HWZ4,5671.A4IC77,0.243
1436,CRK,LINJ_26_2540,5671.A4HWZ4,5671.A4I2I8,0.243
1437,CRK,LINJ_17_0770,5671.A4HWZ4,5671.A4HXE5,0.243
1439,CRK,LINJ_24_2220,5671.A4HWZ4,5671.A4I122,0.262
1442,CRK,LINJ_30_0420,5671.A4HWZ4,5671.A4I569,0.327
1443,CRK,LINJ_24_1790,5671.A4HWZ4,5671.E9AH79,0.392
1444,CRK,CYC8,5671.A4HWZ4,5671.A4I1W9,0.341
1445,CRK,CYCA,5671.A4HWZ4,5671.A4I1J3,0.341
1446,CRK,CYC6,5671.A4HWZ4,5671.A4I8F7,0.341
1447,CRK,LINJ_29_2830,5671.A4HWZ4,5671.A4I4Y0,0.108
1448,CRK,CYC3,5671.A4HWZ4,5671.A4I503,0.341
1449,LINJ_16_1180,LINJ_34_0030,5671.A4HX11,5671.A4I9H1,0.046
1450,LINJ_16_1430,DHODH,5671.A4HX32,5671.E9AGN2,0.348
1451,LINJ_16_1430,LINJ_24_1890,5671.A4HX32,5671.E9AH89,0.371
1452,LINJ_16_1430,LINJ_35_1240,5671.A4HX32,5671.A4IB17,0.371
1453,LINJ_16_1430,LINJ_36_3570,5671.A4HX32,5671.A4ID56,0.371
1454,LINJ_16_1430,LINJ_35_1230,5671.A4HX32,5671.A4IB16,0.371
1455,LINJ_16_1430,PTR1,5671.A4HX32,5671.A4I067,0.371
1456,LINJ_16_1430,LINJ_27_2390,5671.A4HX32,5671.A4I345,0.371
1459,LINJ_16_1430,ALDH2,5671.A4HX32,5671.A4I1F4,0.048
1460,LINJ_16_1430,LINJ_36_1840,5671.A4HX32,5671.A4IDE7,0.082
1461,LINJ_16_1430,LINJ_31_3080,5671.A4HX32,5671.A4I7A2,0.069
1463,LINJ_17_0070,LINJ_27_2570,5671.A4HX71,5671.E9AHC6,0.044
1464,LINJ_17_0070,LINJ_36_5580,5671.A4HX71,5671.A4IC77,0.059
1465,LINJ_17_0070,LINJ_17_0770,5671.A4HX71,5671.A4HXE5,0.059
1466,LINJ_17_0070,RAD51,5671.A4HX71,5671.A4I3C9,0.21
1467,LINJ_17_0070,LINJ_26_2540,5671.A4HX71,5671.A4I2I8,0.059
1469,LINJ_17_0070,LINJ_29_2830,5671.A4HX71,5671.A4I4Y0,0.054
1472,LINJ_17_0550,LINJ_24_2410,5671.A4HXC3,5671.A4I140,0.048
1473,LINJ_17_0550,LINJ_34_1840,5671.A4HXC3,5671.A4I9Y5,0.048
1474,LINJ_17_0550,MKK5,5671.A4HXC3,5671.A4ICP8,0.048
1475,LINJ_17_0550,LINJ_26_2540,5671.A4HXC3,5671.A4I2I8,0.044
1477,LINJ_17_0660,LINJ_33_2210,5671.A4HXD4,5671.A4I980,0.044
1478,LINJ_17_0660,LINJ_35_2080,5671.A4HXD4,5671.A4IBA6,0.076
1479,LINJ_17_0770,LINJ_06_1220,5671.A4HXE5,5671.E9AG71,0.048
1482,LINJ_17_0770,LINJ_19_1510,5671.A4HXE5,5671.A4HYH7,0.059
1487,LINJ_17_0770,LINJ_35_1030,5671.A4HXE5,5671.A4IAZ8,0.061
1488,LINJ_17_0770,LINJ_33_2520,5671.A4HXE5,5671.E9AHQ7,0.056
1489,LINJ_17_0770,LINJ_18_0470,5671.A4HXE5,5671.A4HXS2,0.199
1490,LINJ_17_0770,LINJ_20_0020,5671.A4HXE5,5671.A4HYJ4,0.199
1492,LINJ_17_0770,LINJ_29_2260,5671.A4HXE5,5671.A4I4S4,0.243
1493,LINJ_17_0770,LINJ_30_1780,5671.A4HXE5,5671.A4I5K5,0.243
1497,LINJ_17_0770,LINJ_27_2570,5671.A4HXE5,5671.E9AHC6,0.243
1498,LINJ_17_0770,CRK3,5671.A4HXE5,5671.A4ICT0,0.243
1499,LINJ_17_0770,LINJ_33_2910,5671.A4HXE5,5671.A4I9B7,0.088
1500,LINJ_17_0770,LINJ_30_0420,5671.A4HXE5,5671.A4I569,0.199
1501,LINJ_17_0770,LINJ_24_2220,5671.A4HXE5,5671.A4I122,0.206
1502,LINJ_17_0770,LINJ_30_3530,5671.A4HXE5,5671.A4I638,0.061
1503,LINJ_17_0770,CYC3,5671.A4HXE5,5671.A4I503,0.338
1504,LINJ_17_0770,CYCA,5671.A4HXE5,5671.A4I1J3,0.338
1505,LINJ_17_0770,LINJ_35_1020,5671.A4HXE5,5671.A4IAZ7,0.061
1507,LINJ_17_0770,CYC8,5671.A4HXE5,5671.A4I1W9,0.338
1508,LINJ_17_0770,LINJ_26_2460,5671.A4HXE5,5671.A4I2H1,0.326
1509,LINJ_17_0770,LMAIRK,5671.A4HXE5,5671.A4I3C6,0.326
1510,LINJ_17_0770,CYC6,5671.A4HXE5,5671.A4I8F7,0.338
1511,LINJ_17_0770,LINJ_29_1420,5671.A4HXE5,5671.E9AHI7,0.326
1512,LINJ_17_0770,LINJ_24_1790,5671.A4HXE5,5671.E9AH79,0.389
1513,LINJ_17_0770,LINJ_29_2830,5671.A4HXE5,5671.A4I4Y0,0.084
1514,GMPR,LinJ_35_5440,5671.A4HXF5,5671.A4IAQ0,0.29
1515,GMPR,LINJ_35_0030,5671.A4HXF5,5671.A4IAQ4,0.29
1516,GMPR,LINJ_32_3470,5671.A4HXF5,5671.A4I8F2,0.092
1517,GMPR,LINJ_19_0540,5671.A4HXF5,5671.A4HY76,0.277
1518,GMPR,LINJ_27_1150,5671.A4HXF5,5671.A4I2S6,0.157
1519,GMPR,LINJ_19_0150,5671.A4HXF5,5671.E9AGR8,0.403
1520,GMPR,AAH,5671.A4HXF5,5671.E9AHV7,0.081
1521,GMPR,DHODH,5671.A4HXF5,5671.E9AGN2,0.142
1522,GMPR,DHFR-TS,5671.A4HXF5,5671.Q8MQV3,0.103
1523,GMPR,LINJ_21_0960,5671.A4HXF5,5671.A4HZM5,0.277
1525,LINJ_17_1000,LINJ_36_2310,5671.A4HXG8,5671.A4IDJ2,0.043
1529,LINJ_17_1560,LINJ_24_0130,5671.A4HXM2,5671.E9AH25,0.042
1530,LINJ_18_0150,LINJ_36_0970,5671.A4HXP1,5671.A4ICP3,0.107
1531,LINJ_18_0150,LINJ_34_0030,5671.A4HXP1,5671.A4I9H1,0.055
1532,LINJ_18_0150,LINJ_33_2520,5671.A4HXP1,5671.E9AHQ7,0.043
1541,GSK3,LINJ_36_5320,5671.A4HXQ3,5671.A4IDT1,0.046
1542,GSK3,LINJ_34_1840,5671.A4HXQ3,5671.A4I9Y5,0.045
1543,GSK3,LINJ_24_2410,5671.A4HXQ3,5671.A4I140,0.045
1545,GSK3,PKAC1,5671.A4HXQ3,5671.A4HXY2,0.072
1547,GSK3,LINJ_35_3880,5671.A4HXQ3,5671.A4IBS2,0.043
1558,GSK3,LINJ.12.0190,5671.A4HXQ3,5671.E9AGB0,0.048
1562,GSK3,LINJ_25_1360,5671.A4HXQ3,5671.A4I1H6,0.048
1563,GSK3,MKK5,5671.A4HXQ3,5671.A4ICP8,0.045
1565,GSK3,LINJ_35_4060,5671.A4HXQ3,5671.A4IBT9,0.072
1566,GSK3,LINJ_35_4010,5671.A4HXQ3,5671.A4IBT4,0.072
1573,LINJ_18_0470,LINJ_34_0030,5671.A4HXS2,5671.A4I9H1,0.104
1574,LINJ_18_0470,LINJ_25_0440,5671.A4HXS2,5671.A4I186,0.251
1575,LINJ_18_0470,LINJ_24_2350,5671.A4HXS2,5671.A4I135,0.108
1578,LINJ_18_0470,LINJ_36_5580,5671.A4HXS2,5671.A4IC77,0.199
1579,LINJ_18_0470,LINJ_26_2540,5671.A4HXS2,5671.A4I2I8,0.199
1580,LINJ_18_0470,LINJ_21_0460,5671.A4HXS2,5671.A4HZ39,0.044
1581,LINJ_18_0470,CRK3,5671.A4HXS2,5671.A4ICT0,0.327
1582,LINJ_18_0470,LINJ_27_2570,5671.A4HXS2,5671.E9AHC6,0.327
1583,LINJ_18_0470,LINJ_30_1780,5671.A4HXS2,5671.A4I5K5,0.327
1584,LINJ_18_0470,LINJ_29_2260,5671.A4HXS2,5671.A4I4S4,0.327
1585,LINJ_18_0470,CYC6,5671.A4HXS2,5671.A4I8F7,0.334
1586,LINJ_18_0470,CYCA,5671.A4HXS2,5671.A4I1J3,0.334
1587,LINJ_18_0470,CYC8,5671.A4HXS2,5671.A4I1W9,0.334
1588,LINJ_18_0470,CYC3,5671.A4HXS2,5671.A4I503,0.334
1589,LINJ_18_0470,LINJ_24_0130,5671.A4HXS2,5671.E9AH25,0.044
1595,LINJ_18_0650,LINJ_21_1990,5671.A4HXU0,5671.A4HZG8,0.045
1596,LINJ_18_0650,LINJ_28_1800,5671.A4HXU0,5671.A4I3P6,0.048
1598,LINJ_18_0650,LINJ_25_2450,5671.A4HXU0,5671.A4I1T4,0.048
1599,LINJ_18_0650,LINJ_29_2600,5671.A4HXU0,5671.A4I4W3,0.047
1601,PKAC1,LINJ_22_0370,5671.A4HXY2,5671.A4HZS7,0.072
1604,PKAC1,LINJ_29_2790,5671.A4HXY2,5671.A4I4X6,0.082
1605,PKAC1,LINJ_29_2550,5671.A4HXY2,5671.A4I4V8,0.082
1609,LINJ_18_1110,LINJ_34_0030,5671.A4HXY4,5671.A4I9H1,0.07
1616,LINJ_18_1110,LINJ_24_0130,5671.A4HXY4,5671.E9AH25,0.044
1618,LINJ_18_1140,VPS4,5671.A4HXY7,5671.A4I4W4,0.055
1619,LINJ_18_1140,LINJ_31_0890,5671.A4HXY7,5671.A4I6I0,0.079
1620,LINJ_18_1140,LINJ_32_2160,5671.A4HXY7,5671.A4I825,0.073
1622,LINJ_18_1140,LINJ_32_1930,5671.A4HXY7,5671.A4I7Z9,0.079
1623,LINJ_18_1140,LINJ_30_1710,5671.A4HXY7,5671.A4I5J8,0.046
1624,LINJ_18_1140,LINJ_32_0520,5671.A4HXY7,5671.A4I7N3,0.082
1625,LINJ_18_1140,RAB7,5671.A4HXY7,5671.E9AGQ4,0.105
1626,LINJ_18_1140,LINJ_34_0030,5671.A4HXY7,5671.A4I9H1,0.048
1627,H1A-2,LINJ_33_2210,5671.A4HY23,5671.A4I980,0.044
1628,LINJ_19_0540,LINJ_24_1970,5671.A4HY76,5671.A4I0Z7,0.407
1629,LINJ_19_0540,LINJ_19_1590,5671.A4HY76,5671.A4HYI5,0.277
1630,LINJ_19_0540,LINJ_32_3470,5671.A4HY76,5671.A4I8F2,0.082
1631,LINJ_19_0540,LINJ_21_0770,5671.A4HY76,5671.A4HZ70,0.304
1632,LINJ_19_0540,NMT,5671.A4HY76,5671.A4I7H1,0.104
1633,LINJ_19_0540,DHFR-TS,5671.A4HY76,5671.Q8MQV3,0.267
1636,LINJ_19_0950,LINJ_36_5410,5671.A4HYA8,5671.A4IDU0,0.054
1637,LINJ_19_0950,LINJ_30_2920,5671.A4HYA8,5671.A4I5W9,0.054
1638,LINJ_19_0950,LINJ_36_1840,5671.A4HYA8,5671.A4IDE7,0.054
1639,LINJ_19_0950,LINJ_30_3610,5671.A4HYA8,5671.A4I646,0.054
1640,LINJ_19_0950,LINJ_34_3110,5671.A4HYA8,5671.A4IAA0,0.054
1641,LINJ_19_0950,LINJ_27_0090,5671.A4HYA8,5671.A4I2K5,0.054
1642,LINJ_19_0950,ALDH2,5671.A4HYA8,5671.A4I1F4,0.054
1643,LINJ_19_0950,LINJ_23_0580,5671.A4HYA8,5671.A4I093,0.414
1644,LINJ_19_0950,LINJ_23_0880,5671.A4HYA8,5671.A4I0C2,0.414
1645,LINJ_19_0950,LINJ_28_2190,5671.A4HYA8,5671.A4I3T3,0.241
1647,LINJ_19_0970,LINJ_36_5410,5671.A4HYB7,5671.A4IDU0,0.054
1648,LINJ_19_0970,LINJ_36_1840,5671.A4HYB7,5671.A4IDE7,0.054
1649,LINJ_19_0970,LINJ_30_2920,5671.A4HYB7,5671.A4I5W9,0.054
1650,LINJ_19_0970,LINJ_30_3610,5671.A4HYB7,5671.A4I646,0.054
1651,LINJ_19_0970,LINJ_27_0090,5671.A4HYB7,5671.A4I2K5,0.054
1652,LINJ_19_0970,LINJ_34_3110,5671.A4HYB7,5671.A4IAA0,0.054
1653,LINJ_19_0970,ALDH2,5671.A4HYB7,5671.A4I1F4,0.054
1654,LINJ_19_0970,LINJ_23_0580,5671.A4HYB7,5671.A4I093,0.414
1655,LINJ_19_0970,LINJ_23_0880,5671.A4HYB7,5671.A4I0C2,0.414
1656,LINJ_19_0970,LINJ_28_2190,5671.A4HYB7,5671.A4I3T3,0.241
1658,MPK4,TOR2,5671.A4HYH4,5671.A4IAK5,0.047
1659,MPK4,TOR3,5671.A4HYH4,5671.A4IAG3,0.047
1665,MPK4,LINJ_36_2310,5671.A4HYH4,5671.A4IDJ2,0.043
1667,MPK4,MKK5,5671.A4HYH4,5671.A4ICP8,0.042
1668,MPK4,LINJ_24_2410,5671.A4HYH4,5671.A4I140,0.042
1669,MPK4,LINJ_34_1840,5671.A4HYH4,5671.A4I9Y5,0.042
1678,LINJ_19_1510,LINJ_36_5580,5671.A4HYH7,5671.A4IC77,0.059
1679,LINJ_19_1510,LINJ_26_2540,5671.A4HYH7,5671.A4I2I8,0.059
1680,LINJ_19_1510,RAD51,5671.A4HYH7,5671.A4I3C9,0.21
1681,LINJ_19_1510,LINJ_29_2830,5671.A4HYH7,5671.A4I4Y0,0.054
1683,LINJ_19_1590,LINJ_35_0030,5671.A4HYI5,5671.A4IAQ4,0.29
1684,LINJ_19_1590,LinJ_35_5440,5671.A4HYI5,5671.A4IAQ0,0.29
1685,LINJ_19_1590,LINJ_27_1150,5671.A4HYI5,5671.A4I2S6,0.157
1686,LINJ_19_1590,LINJ_32_3470,5671.A4HYI5,5671.A4I8F2,0.092
1687,LINJ_19_1590,LINJ_19_0150,5671.A4HYI5,5671.E9AGR8,0.403
1688,LINJ_19_1590,AAH,5671.A4HYI5,5671.E9AHV7,0.081
1689,LINJ_19_1590,DHODH,5671.A4HYI5,5671.E9AGN2,0.142
1690,LINJ_19_1590,DHFR-TS,5671.A4HYI5,5671.Q8MQV3,0.103
1691,LINJ_19_1590,LINJ_21_0960,5671.A4HYI5,5671.A4HZM5,0.277
1692,LINJ_19_1640,LINJ_28_1800,5671.A4HYJ0,5671.A4I3P6,0.103
1693,LINJ_19_1640,LINJ_25_2450,5671.A4HYJ0,5671.A4I1T4,0.103
1695,LINJ_20_0020,LINJ_34_0030,5671.A4HYJ4,5671.A4I9H1,0.104
1702,LINJ_20_0020,LINJ_36_5580,5671.A4HYJ4,5671.A4IC77,0.199
1703,LINJ_20_0020,LINJ_26_2540,5671.A4HYJ4,5671.A4I2I8,0.199
1704,LINJ_20_0020,LINJ_30_0420,5671.A4HYJ4,5671.A4I569,0.074
1708,LINJ_20_0020,CRK3,5671.A4HYJ4,5671.A4ICT0,0.327
1709,LINJ_20_0020,LINJ_27_2570,5671.A4HYJ4,5671.E9AHC6,0.327
1710,LINJ_20_0020,LINJ_30_1780,5671.A4HYJ4,5671.A4I5K5,0.327
1711,LINJ_20_0020,LINJ_29_2260,5671.A4HYJ4,5671.A4I4S4,0.327
1713,LINJ_20_0020,LINJ_33_1500,5671.A4HYJ4,5671.A4I913,0.051
1714,LINJ_20_0020,LINJ_24_1970,5671.A4HYJ4,5671.A4I0Z7,0.042
1715,LINJ_20_0020,CYC6,5671.A4HYJ4,5671.A4I8F7,0.334
1716,LINJ_20_0020,CYCA,5671.A4HYJ4,5671.A4I1J3,0.334
1717,LINJ_20_0020,CYC8,5671.A4HYJ4,5671.A4I1W9,0.334
1718,LINJ_20_0020,CYC3,5671.A4HYJ4,5671.A4I503,0.334
1719,LINJ_20_0020,LINJ_27_0920,5671.A4HYJ4,5671.A4I2Q7,0.37
1721,LINJ_20_0020,LINJ_33_0060,5671.A4HYJ4,5671.A4I8M2,0.227
1722,LINJ_20_0020,LINJ_24_0130,5671.A4HYJ4,5671.E9AH25,0.044
1723,LINJ_20_0020,LINJ_35_3920,5671.A4HYJ4,5671.A4IBS6,0.465
1724,LINJ_20_0020,LINJ_25_0440,5671.A4HYJ4,5671.A4I186,0.684
1725,LINJ_20_0020,LINJ_24_2350,5671.A4HYJ4,5671.A4I135,0.374
1726,LINJ_20_0020,LINJ_19_0150,5671.A4HYJ4,5671.E9AGR8,0.663
1729,LINJ_20_0820,LINJ_24_0260,5671.A4HYS3,5671.E9AH38,0.041
1730,LINJ_20_0820,LINJ_26_2100,5671.A4HYS3,5671.A4I2D8,0.041
1731,LINJ_20_0820,LINJ_24_1970,5671.A4HYS3,5671.A4I0Z7,0.232
1735,LINJ_20_0820,RAB7,5671.A4HYS3,5671.E9AGQ4,0.058
1736,LINJ_20_0820,LINJ_34_4140,5671.A4HYS3,5671.A4IAK2,0.052
1737,LINJ_20_0820,LINJ_33_3360,5671.A4HYS3,5671.A4I9G2,0.061
1756,LINJ_20_1140,LINJ_33_2520,5671.A4HYV4,5671.E9AHQ7,0.047
1761,LINJ_20_1140,LINJ_34_3370,5671.A4HYV4,5671.A4IAC5,0.048
1765,LINJ_20_1140,LINJ_29_1550,5671.A4HYV4,5671.A4I4K7,0.135
1766,LINJ_20_1370,LINJ_21_0210,5671.A4HYX6,5671.A4HZA2,0.104
1777,LINJ_20_1370,LINJ_25_2450,5671.A4HYX6,5671.A4I1T4,0.046
1782,LINJ_20_1370,CRK3,5671.A4HYX6,5671.A4ICT0,0.046
1789,LINJ_20_1370,LINJ_34_0030,5671.A4HYX6,5671.A4I9H1,0.057
1796,LINJ_20_1450,LINJ_25_1460,5671.A4HYY3,5671.A4I1I6,0.071
1797,LINJ_20_1580,LINJ_33_3360,5671.A4HZ08,5671.A4I9G2,0.044
1804,LINJ_21_0740,NMT,5671.A4HZ67,5671.A4I7H1,0.048
1810,LINJ_21_0740,LINJ_28_2440,5671.A4HZ67,5671.A4I3V8,0.044
1811,LINJ_21_0740,LINJ_36_7340,5671.A4HZ67,5671.A4ICE0,0.044
1812,LINJ_21_0760,LINJ_34_0030,5671.A4HZ69,5671.A4I9H1,0.042
1813,LINJ_21_0770,LINJ_36_0970,5671.A4HZ70,5671.A4ICP3,0.152
1814,LINJ_21_0770,LINJ_35_3920,5671.A4HZ70,5671.A4IBS6,0.413
1815,LINJ_21_0770,LINJ_27_1150,5671.A4HZ70,5671.A4I2S6,0.44
1816,LINJ_21_0770,LINJ_21_0960,5671.A4HZ70,5671.A4HZM5,0.279
1817,LINJ_21_0770,LINJ_19_0150,5671.A4HZ70,5671.E9AGR8,0.385
1818,LINJ_21_0770,LACK1,5671.A4HZ70,5671.P62884,0.285
1819,LINJ_21_0770,LINJ_21_0100,5671.A4HZ70,5671.A4HZL2,0.285
1838,LINJ_21_1410,LINJ_36_2310,5671.A4HZ93,5671.A4IDJ2,0.043
1839,LINJ_21_0190,LINJ_36_2310,5671.A4HZA0,5671.A4IDJ2,0.043
1842,LINJ_21_0210,LINJ_29_2830,5671.A4HZA2,5671.A4I4Y0,0.084
1850,LINJ_21_1470,LINJ_34_3790,5671.A4HZC0,5671.A4IAG7,0.082
1851,LINJ_21_1470,LINJ_32_1150,5671.A4HZC0,5671.A4I7S6,0.082
1854,LINJ_21_1470,LINJ_34_0030,5671.A4HZC0,5671.A4I9H1,0.048
1855,LINJ_21_1990,LINJ_33_1810,5671.A4HZG8,5671.A4I967,0.045
1856,LINJ_21_1990,LINJ_24_0220,5671.A4HZG8,5671.E9AH34,0.045
1857,LINJ_21_1990,LINJ_35_4110,5671.A4HZG8,5671.A4IBU4,0.045
1858,LINJ_21_1990,LINJ_22_0990,5671.A4HZG8,5671.A4HZY8,0.045
1859,LINJ_21_1990,LINJ_22_0630,5671.A4HZG8,5671.A4HZV1,0.045
1860,LINJ_21_1990,LINJ_29_2140,5671.A4HZG8,5671.A4I4Q9,0.045
1861,LINJ_21_1990,LINJ_35_0480,5671.A4HZG8,5671.A4IAU7,0.045
1862,LINJ_21_1990,LINJ_36_0960,5671.A4HZG8,5671.A4ICP4,0.045
1865,LINJ_21_1990,LINJ_26_2560,5671.A4HZG8,5671.A4I2J0,0.047
1866,LINJ_21_1990,LINJ_36_2090,5671.A4HZG8,5671.A4IDH0,0.047
1868,LINJ_21_2200,LINJ_32_3470,5671.A4HZI9,5671.A4I8F2,0.225
1870,LINJ_21_2200,LINJ_35_1310,5671.A4HZI9,5671.A4IB24,0.062
1871,LINJ_21_2200,LINJ_25_1360,5671.A4HZI9,5671.A4I1H6,0.062
1872,LINJ_21_2200,LINJ_36_1420,5671.A4HZI9,5671.A4ICJ9,0.083
1873,LINJ_21_2200,LINJ_27_0370,5671.A4HZI9,5671.A4I2M3,0.083
1874,LINJ_21_2200,LINJ_24_0170,5671.A4HZI9,5671.E9AH29,0.083
1876,LINJ_21_2200,LINJ_21_1330,5671.A4HZI9,5671.E9AGX7,0.357
1881,LINJ_21_2200,LINJ_27_1150,5671.A4HZI9,5671.A4I2S6,0.593
1884,LINJ_21_2200,LINJ_35_3880,5671.A4HZI9,5671.A4IBS2,0.762
1885,LINJ_21_2200,LINJ.12.0190,5671.A4HZI9,5671.E9AGB0,0.758
1886,LINJ_21_2200,LINJ_03_0520,5671.A4HZI9,5671.E9AG43,0.669
1887,LINJ_21_2200,RPT6,5671.A4HZI9,5671.A4IE38,0.759
1888,LINJ_21_2200,LINJ_22_0440,5671.A4HZI9,5671.A4HZT4,0.703
1889,LINJ_21_2200,LINJ_28_0110,5671.A4HZI9,5671.A4I384,0.765
1890,LINJ_21_2200,LINJ_22_0490,5671.A4HZI9,5671.A4HZT9,0.516
1891,LINJ_21_2200,LINJ_36_1730,5671.A4HZI9,5671.A4IDD6,0.67
1892,LINJ_21_2200,91E11,5671.A4HZI9,5671.Q9GNZ8,0.769
1893,LINJ_21_0100,LINJ_27_1140,5671.A4HZL2,5671.A4I2S5,0.055
1895,LINJ_21_0100,LINJ_19_0150,5671.A4HZL2,5671.E9AGR8,0.182
1898,LINJ_21_0100,LINJ_25_1930,5671.A4HZL2,5671.A4I1N3,0.048
1901,LINJ_21_0100,LINJ_33_0060,5671.A4HZL2,5671.A4I8M2,0.081
1903,LINJ_21_0960,NMT,5671.A4HZM5,5671.A4I7H1,0.104
1904,LINJ_21_0960,DHFR-TS,5671.A4HZM5,5671.Q8MQV3,0.267
1910,LINJ_22_0370,LINJ_36_5320,5671.A4HZS7,5671.A4IDT1,0.046
1915,LINJ_22_0370,LINJ_24_2410,5671.A4HZS7,5671.A4I140,0.045
1916,LINJ_22_0370,LINJ_35_3880,5671.A4HZS7,5671.A4IBS2,0.043
1917,LINJ_22_0370,LINJ_35_4060,5671.A4HZS7,5671.A4IBT9,0.072
1918,LINJ_22_0370,LINJ_35_4010,5671.A4HZS7,5671.A4IBT4,0.072
1919,LINJ_22_0370,LINJ_34_1840,5671.A4HZS7,5671.A4I9Y5,0.045
1921,LINJ_22_0370,MKK5,5671.A4HZS7,5671.A4ICP8,0.045
1922,LINJ_22_0370,LINJ_19_0130,5671.A4HZS7,5671.E9AGR6,0.042
1932,LINJ_22_0370,LINJ_35_1070,5671.A4HZS7,5671.A4IB02,0.042
1934,LINJ_22_0370,LINJ.12.0190,5671.A4HZS7,5671.E9AGB0,0.048
1938,LINJ_22_0370,LINJ_25_1360,5671.A4HZS7,5671.A4I1H6,0.048
1942,LINJ_22_0440,LINJ_30_1070,5671.A4HZT4,5671.A4I5D2,0.313
1943,LINJ_22_0440,LINJ_25_1360,5671.A4HZT4,5671.A4I1H6,0.071
1944,LINJ_22_0440,LINJ_32_3470,5671.A4HZT4,5671.A4I8F2,0.34
1945,LINJ_22_0440,LINJ_21_1330,5671.A4HZT4,5671.E9AGX7,0.331
1950,LINJ_22_0440,LINJ_35_1310,5671.A4HZT4,5671.A4IB24,0.082
1952,LINJ_22_0440,LINJ_29_1420,5671.A4HZT4,5671.E9AHI7,0.048
1953,LINJ_22_0440,LINJ_26_2460,5671.A4HZT4,5671.A4I2H1,0.048
1954,LINJ_22_0440,LMAIRK,5671.A4HZT4,5671.A4I3C6,0.048
1955,LINJ_22_0440,LINJ_24_0130,5671.A4HZT4,5671.E9AH25,0.057
1956,LINJ_22_0440,LINJ_36_1420,5671.A4HZT4,5671.A4ICJ9,0.217
1957,LINJ_22_0440,LINJ_27_0370,5671.A4HZT4,5671.A4I2M3,0.217
1958,LINJ_22_0440,LINJ_24_0170,5671.A4HZT4,5671.E9AH29,0.217
1959,LINJ_22_0440,LINJ_24_2220,5671.A4HZT4,5671.A4I122,0.082
1960,LINJ_22_0440,LINJ_33_2910,5671.A4HZT4,5671.A4I9B7,0.082
1961,LINJ_22_0440,LINJ_36_1730,5671.A4HZT4,5671.A4IDD6,0.356
1962,LINJ_22_0440,LINJ_22_0490,5671.A4HZT4,5671.A4HZT9,0.766
1963,LINJ_22_0440,91E11,5671.A4HZT4,5671.Q9GNZ8,0.626
1964,LINJ_22_0440,RPT6,5671.A4HZT4,5671.A4IE38,0.759
1965,LINJ_22_0440,LINJ_28_0110,5671.A4HZT4,5671.A4I384,0.368
1966,LINJ_22_0440,LINJ_03_0520,5671.A4HZT4,5671.E9AG43,0.759
1967,LINJ_22_0440,LINJ.12.0190,5671.A4HZT4,5671.E9AGB0,0.766
1968,LINJ_22_0440,LINJ_35_3880,5671.A4HZT4,5671.A4IBS2,0.507
1969,LINJ_22_0480,LINJ_34_4020,5671.A4HZT8,5671.A4IAJ0,0.137
1972,LINJ_22_0480,LINJ_29_1460,5671.A4HZT8,5671.A4I4J5,0.308
1973,LINJ_22_0480,LINJ_29_1480,5671.A4HZT8,5671.A4I4J7,0.308
1974,LINJ_22_0480,LINJ_29_1440,5671.A4HZT8,5671.A4I4J0,0.308
1975,LINJ_22_0480,LINJ_29_2940,5671.A4HZT8,5671.A4I4Y5,0.308
1977,LINJ_22_0480,LINJ_25_1460,5671.A4HZT8,5671.A4I1I6,0.063
1980,LINJ_22_0480,LINJ_35_1310,5671.A4HZT8,5671.A4IB24,0.058
1982,LINJ_22_0480,LINJ_24_1780,5671.A4HZT8,5671.E9AH78,0.075
1983,LINJ_22_0480,LINJ_32_0730,5671.A4HZT8,5671.A4I7L2,0.137
1984,LINJ_22_0480,LINJ_32_1010,5671.A4HZT8,5671.A4I7R2,0.043
1985,LINJ_22_0480,LINJ_32_1150,5671.A4HZT8,5671.A4I7S6,0.041
1986,LINJ_22_0480,LINJ_34_3790,5671.A4HZT8,5671.A4IAG7,0.041
1987,LINJ_22_0490,LINJ_21_1330,5671.A4HZT9,5671.E9AGX7,0.315
1988,LINJ_22_0490,LINJ_30_1780,5671.A4HZT9,5671.A4I5K5,0.082
1989,LINJ_22_0490,LINJ_29_2260,5671.A4HZT9,5671.A4I4S4,0.082
1990,LINJ_22_0490,CRK3,5671.A4HZT9,5671.A4ICT0,0.082
1991,LINJ_22_0490,LINJ_27_2570,5671.A4HZT9,5671.E9AHC6,0.082
1992,LINJ_22_0490,LINJ_35_1310,5671.A4HZT9,5671.A4IB24,0.046
1996,LINJ_22_0490,LINJ_26_2460,5671.A4HZT9,5671.A4I2H1,0.054
1997,LINJ_22_0490,LINJ_29_1420,5671.A4HZT9,5671.E9AHI7,0.054
1998,LINJ_22_0490,LMAIRK,5671.A4HZT9,5671.A4I3C6,0.054
1999,LINJ_22_0490,PGKB,5671.A4HZT9,5671.E9AGU0,0.054
2000,LINJ_22_0490,PGKC,5671.A4HZT9,5671.E9AGT9,0.054
2001,LINJ_22_0490,LINJ_30_3430,5671.A4HZT9,5671.A4I628,0.054
2002,LINJ_22_0490,LINJ_30_1070,5671.A4HZT9,5671.A4I5D2,0.325
2003,LINJ_22_0490,LINJ_24_0130,5671.A4HZT9,5671.E9AH25,0.085
2004,LINJ_22_0490,LINJ_36_1420,5671.A4HZT9,5671.A4ICJ9,0.336
2005,LINJ_22_0490,LINJ_24_2220,5671.A4HZT9,5671.A4I122,0.046
2006,LINJ_22_0490,LINJ_27_0370,5671.A4HZT9,5671.A4I2M3,0.336
2007,LINJ_22_0490,LINJ_33_2910,5671.A4HZT9,5671.A4I9B7,0.046
2008,LINJ_22_0490,LINJ_24_0170,5671.A4HZT9,5671.E9AH29,0.336
2009,LINJ_22_0490,LINJ_36_1730,5671.A4HZT9,5671.A4IDD6,0.5
2010,LINJ_22_0490,LINJ_28_0110,5671.A4HZT9,5671.A4I384,0.516
2011,LINJ_22_0490,RPT6,5671.A4HZT9,5671.A4IE38,0.768
2012,LINJ_22_0490,91E11,5671.A4HZT9,5671.Q9GNZ8,0.454
2013,LINJ_22_0490,LINJ_35_3880,5671.A4HZT9,5671.A4IBS2,0.618
2014,LINJ_22_0490,LINJ_03_0520,5671.A4HZT9,5671.E9AG43,0.63
2015,LINJ_22_0490,LINJ.12.0190,5671.A4HZT9,5671.E9AGB0,0.765
2020,LINJ_22_0630,LINJ_29_2600,5671.A4HZV1,5671.A4I4W3,0.047
2022,LINJ_22_0630,LINJ_28_1800,5671.A4HZV1,5671.A4I3P6,0.048
2023,LINJ_22_0630,LINJ_25_2450,5671.A4HZV1,5671.A4I1T4,0.048
2028,LINJ_22_0990,LINJ_28_1800,5671.A4HZY8,5671.A4I3P6,0.048
2029,LINJ_22_0990,LINJ_25_2450,5671.A4HZY8,5671.A4I1T4,0.048
2036,LINJ_22_1260,LINJ_35_1310,5671.A4I000,5671.A4IB24,0.159
2048,MRPA,PGKC,5671.A4I065,5671.E9AGT9,0.105
2049,MRPA,LINJ_30_3430,5671.A4I065,5671.A4I628,0.105
2050,MRPA,MDR1,5671.A4I065,5671.A4I9R3,0.308
2052,PTR1,LINJ_36_5410,5671.A4I067,5671.A4IDU0,0.138
2053,PTR1,ALDH2,5671.A4I067,5671.A4I1F4,0.138
2054,PTR1,LINJ_30_2920,5671.A4I067,5671.A4I5W9,0.138
2055,PTR1,LINJ_36_1840,5671.A4I067,5671.A4IDE7,0.138
2056,PTR1,LINJ_23_0580,5671.A4I067,5671.A4I093,0.076
2057,PTR1,LINJ_23_0880,5671.A4I067,5671.A4I0C2,0.076
2059,PTR1,LINJ_28_2190,5671.A4I067,5671.A4I3T3,0.084
2060,PTR1,LINJ_33_2860,5671.A4I067,5671.A4I9B2,0.288
2061,PTR1,DHFR-TS,5671.A4I067,5671.Q8MQV3,0.087
2064,LINJ_23_0580,LINJ_29_1100,5671.A4I093,5671.A4I4G0,0.063
2065,LINJ_23_0580,LINJ_23_1050,5671.A4I093,5671.A4I0D8,0.063
2066,LINJ_23_0580,LINJ_27_2390,5671.A4I093,5671.A4I345,0.076
2068,LINJ_23_0580,LINJ_34_0160,5671.A4I093,5671.A4I9I4,0.137
2069,LINJ_23_0580,mMDH,5671.A4I093,5671.A4I9I5,0.137
2070,LINJ_23_0580,LINJ_34_0150,5671.A4I093,5671.A4I9I3,0.137
2071,LINJ_23_0580,LINJ_30_2920,5671.A4I093,5671.A4I5W9,0.387
2072,LINJ_23_0580,LINJ_36_5410,5671.A4I093,5671.A4IDU0,0.387
2073,LINJ_23_0580,LINJ_36_1840,5671.A4I093,5671.A4IDE7,0.387
2075,LINJ_23_0580,LINJ_31_3080,5671.A4I093,5671.A4I7A2,0.142
2076,LINJ_23_0580,ALDH2,5671.A4I093,5671.A4I1F4,0.387
2079,LINJ_23_0880,LINJ_29_1100,5671.A4I0C2,5671.A4I4G0,0.063
2080,LINJ_23_0880,LINJ_23_1050,5671.A4I0C2,5671.A4I0D8,0.063
2081,LINJ_23_0880,LINJ_27_2390,5671.A4I0C2,5671.A4I345,0.076
2083,LINJ_23_0880,mMDH,5671.A4I0C2,5671.A4I9I5,0.137
2084,LINJ_23_0880,LINJ_34_0160,5671.A4I0C2,5671.A4I9I4,0.137
2085,LINJ_23_0880,LINJ_34_0150,5671.A4I0C2,5671.A4I9I3,0.137
2086,LINJ_23_0880,LINJ_30_2920,5671.A4I0C2,5671.A4I5W9,0.387
2087,LINJ_23_0880,LINJ_36_5410,5671.A4I0C2,5671.A4IDU0,0.387
2088,LINJ_23_0880,LINJ_36_1840,5671.A4I0C2,5671.A4IDE7,0.387
2089,LINJ_23_0880,LINJ_31_3080,5671.A4I0C2,5671.A4I7A2,0.142
2090,LINJ_23_0880,ALDH2,5671.A4I0C2,5671.A4I1F4,0.387
2091,LINJ_23_1050,LINJ_30_2920,5671.A4I0D8,5671.A4I5W9,0.082
2092,LINJ_23_1050,LINJ_36_5410,5671.A4I0D8,5671.A4IDU0,0.082
2093,LINJ_23_1050,ALDH2,5671.A4I0D8,5671.A4I1F4,0.082
2094,LINJ_23_1050,LINJ_36_1840,5671.A4I0D8,5671.A4IDE7,0.082
2097,LINJ_23_1450,LINJ_34_1900,5671.A4I0H7,5671.A4IAM7,0.056
2101,LINJ_24_0680,LINJ_24_2410,5671.A4I0Q5,5671.A4I140,0.042
2102,LINJ_24_0680,MKK5,5671.A4I0Q5,5671.A4ICP8,0.042
2103,LINJ_24_0680,LINJ_34_1840,5671.A4I0Q5,5671.A4I9Y5,0.042
2104,LINJ_24_0680,LINJ_36_2310,5671.A4I0Q5,5671.A4IDJ2,0.043
2106,LINJ_24_1410,NMT,5671.A4I0X6,5671.A4I7H1,0.048
2111,LINJ_24_1410,LINJ_36_7340,5671.A4I0X6,5671.A4ICE0,0.044
2112,LINJ_24_1410,LINJ_28_2440,5671.A4I0X6,5671.A4I3V8,0.044
2114,LINJ_24_1500,LINJ_34_1840,5671.A4I0Y4,5671.A4I9Y5,0.048
2115,LINJ_24_1500,LINJ_24_2410,5671.A4I0Y4,5671.A4I140,0.048
2116,LINJ_24_1500,MKK5,5671.A4I0Y4,5671.A4ICP8,0.048
2120,LINJ_24_1970,LINJ_35_1270,5671.A4I0Z7,5671.A4IB20,0.069
2121,LINJ_24_1970,LINJ_27_0940,5671.A4I0Z7,5671.A4I2Q9,0.232
2122,LINJ_24_1970,LINJ_27_1140,5671.A4I0Z7,5671.A4I2S5,0.138
2123,LINJ_24_1970,LINJ_32_1150,5671.A4I0Z7,5671.A4I7S6,0.142
2124,LINJ_24_1970,LINJ_34_3790,5671.A4I0Z7,5671.A4IAG7,0.142
2125,LINJ_24_1970,LINJ_30_1460,5671.A4I0Z7,5671.A4I5H1,0.083
2126,LINJ_24_1970,LINJ_24_1790,5671.A4I0Z7,5671.E9AH79,0.047
2131,LINJ_24_1970,LINJ_36_1420,5671.A4I0Z7,5671.A4ICJ9,0.069
2132,LINJ_24_1970,LINJ_27_0370,5671.A4I0Z7,5671.A4I2M3,0.069
2133,LINJ_24_1970,LINJ_24_0170,5671.A4I0Z7,5671.E9AH29,0.069
2139,LINJ_24_2220,RAD51,5671.A4I122,5671.A4I3C9,0.286
2140,LINJ_24_2220,LINJ_29_1460,5671.A4I122,5671.A4I4J5,0.308
2141,LINJ_24_2220,LINJ_29_1480,5671.A4I122,5671.A4I4J7,0.308
2142,LINJ_24_2220,LINJ_29_1440,5671.A4I122,5671.A4I4J0,0.308
2143,LINJ_24_2220,LINJ_29_2940,5671.A4I122,5671.A4I4Y5,0.308
2144,LINJ_24_2220,LINJ_25_1460,5671.A4I122,5671.A4I1I6,0.063
2145,LINJ_24_2220,LINJ_28_1910,5671.A4I122,5671.E9AHG7,0.339
2146,LINJ_24_2220,LINJ_36_4020,5671.A4I122,5671.A4ID13,0.338
2147,LINJ_24_2220,LINJ_22_0920,5671.A4I122,5671.E9AGZ4,0.338
2149,LINJ_24_2220,DHFR-TS,5671.A4I122,5671.Q8MQV3,0.494
2150,LINJ_24_2220,LINJ_29_2260,5671.A4I122,5671.A4I4S4,0.262
2151,LINJ_24_2220,LINJ_30_1780,5671.A4I122,5671.A4I5K5,0.262
2152,LINJ_24_2220,LINJ_27_2570,5671.A4I122,5671.E9AHC6,0.262
2153,LINJ_24_2220,CRK3,5671.A4I122,5671.A4ICT0,0.262
2155,LINJ_24_2220,LINJ_26_2540,5671.A4I122,5671.A4I2I8,0.206
2156,LINJ_24_2220,LINJ_36_5580,5671.A4I122,5671.A4IC77,0.206
2159,LINJ_24_2220,LINJ_35_1310,5671.A4I122,5671.A4IB24,0.105
2160,LINJ_24_2220,LINJ_03_0520,5671.A4I122,5671.E9AG43,0.076
2161,LINJ_24_2220,91E11,5671.A4I122,5671.Q9GNZ8,0.046
2162,LINJ_24_2220,RPT6,5671.A4I122,5671.A4IE38,0.082
2163,LINJ_24_2220,CYC3,5671.A4I122,5671.A4I503,0.328
2164,LINJ_24_2220,CYCA,5671.A4I122,5671.A4I1J3,0.328
2165,LINJ_24_2220,CYC8,5671.A4I122,5671.A4I1W9,0.328
2167,LINJ_24_2220,CYC6,5671.A4I122,5671.A4I8F7,0.328
2168,LINJ_24_2220,LINJ.12.0190,5671.A4I122,5671.E9AGB0,0.046
2169,LINJ_24_2220,LINJ_32_1010,5671.A4I122,5671.A4I7R2,0.057
2170,LINJ_24_2220,LINJ_28_2450,5671.A4I122,5671.A4I3V9,0.515
2171,LINJ_24_2220,LINJ_32_0730,5671.A4I122,5671.A4I7L2,0.137
2172,LINJ_24_2220,LINJ_26_2460,5671.A4I122,5671.A4I2H1,0.51
2173,LINJ_24_2220,LINJ_29_1420,5671.A4I122,5671.E9AHI7,0.51
2174,LINJ_24_2220,LMAIRK,5671.A4I122,5671.A4I3C6,0.51
2175,LINJ_24_2220,LINJ_32_1150,5671.A4I122,5671.A4I7S6,0.041
2176,LINJ_24_2220,LINJ_34_3790,5671.A4I122,5671.A4IAG7,0.041
2177,LINJ_24_2220,LINJ_24_1790,5671.A4I122,5671.E9AH79,0.512
2178,LINJ_24_2220,LINJ_33_2910,5671.A4I122,5671.A4I9B7,0.307
2179,LINJ_24_2350,LINJ_30_0420,5671.A4I135,5671.A4I569,0.108
2180,LINJ_24_2350,LINJ_24_1790,5671.A4I135,5671.E9AH79,0.108
2181,LINJ_24_2350,LINJ_33_0060,5671.A4I135,5671.A4I8M2,0.322
2182,LINJ_24_2350,LINJ_27_0920,5671.A4I135,5671.A4I2Q7,0.231
2186,LINJ_24_2350,LINJ_35_3920,5671.A4I135,5671.A4IBS6,0.455
2187,LINJ_24_2350,LINJ_19_0150,5671.A4I135,5671.E9AGR8,0.313
2188,LINJ_24_2350,LINJ_25_0440,5671.A4I135,5671.A4I186,0.632
2190,LINJ_24_2410,LINJ_36_0970,5671.A4I140,5671.A4ICP3,0.045
2191,LINJ_24_2410,LINJ_19_0140,5671.A4I140,5671.E9AGR7,0.048
2192,LINJ_24_2410,LINJ_30_0620,5671.A4I140,5671.A4I588,0.048
2193,LINJ_24_2410,CRK3,5671.A4I140,5671.A4ICT0,0.104
2194,LINJ_24_2410,LINJ_27_2570,5671.A4I140,5671.E9AHC6,0.104
2195,LINJ_24_2410,LINJ_30_2930,5671.A4I140,5671.A4I5X0,0.042
2196,LINJ_24_2410,LINJ_25_2070,5671.A4I140,5671.A4I1P7,0.045
2197,LINJ_24_2410,LINJ_36_0780,5671.A4I140,5671.A4ICR2,0.042
2200,LINJ_24_2410,LMPK,5671.A4I140,5671.A4ICA4,0.042
2201,LINJ_24_2410,MPK12,5671.A4I140,5671.A4I564,0.042
2202,LINJ_24_2410,MPK11,5671.A4I140,5671.A4I910,0.042
2203,PABP3,LINJ_32_3470,5671.A4I150,5671.A4I8F2,0.421
2204,PABP3,LINJ_25_1360,5671.A4I150,5671.A4I1H6,0.097
2205,LINJ_25_0440,LINJ_30_0420,5671.A4I186,5671.A4I569,0.251
2206,LINJ_25_0440,LINJ_24_1790,5671.A4I186,5671.E9AH79,0.251
2207,LINJ_25_0440,LINJ_25_1930,5671.A4I186,5671.A4I1N3,0.048
2209,LINJ_25_0440,LINJ_27_0920,5671.A4I186,5671.A4I2Q7,0.547
2210,LINJ_25_0440,LINJ_19_0150,5671.A4I186,5671.E9AGR8,0.59
2211,LINJ_25_0440,LINJ_33_0060,5671.A4I186,5671.A4I8M2,0.633
2212,LINJ_25_0440,LINJ_35_3920,5671.A4I186,5671.A4IBS6,0.76
2221,LINJ_25_0960,LINJ_34_0030,5671.A4I1D4,5671.A4I9H1,0.045
2222,ALDH2,LINJ_29_1100,5671.A4I1F4,5671.A4I4G0,0.082
2223,ALDH2,LINJ_27_2390,5671.A4I1F4,5671.A4I345,0.138
2224,ALDH2,LINJ_31_2980,5671.A4I1F4,5671.A4I792,0.104
2225,ALDH2,PGFS,5671.A4I1F4,5671.A4I6Z4,0.104
2226,ALDH2,LINJ_32_0470,5671.A4I1F4,5671.A4I7L0,0.104
2227,ALDH2,LINJ_35_1240,5671.A4I1F4,5671.A4IB17,0.138
2228,ALDH2,LINJ_24_1890,5671.A4I1F4,5671.E9AH89,0.138
2229,ALDH2,LINJ_35_1230,5671.A4I1F4,5671.A4IB16,0.138
2230,ALDH2,LINJ_28_2190,5671.A4I1F4,5671.A4I3T3,0.057
2231,ALDH2,LINJ_36_3570,5671.A4I1F4,5671.A4ID56,0.138
2232,ALDH2,DHFR-TS,5671.A4I1F4,5671.Q8MQV3,0.104
2233,ALDH2,AKR,5671.A4I1F4,5671.A4I342,0.104
2234,LINJ_25_1360,LINJ.12.0190,5671.A4I1H6,5671.E9AGB0,0.058
2236,LINJ_25_1360,PABP1,5671.A4I1H6,5671.A4IC57,0.097
2237,LINJ_25_1360,PABP2,5671.A4I1H6,5671.A4IBV3,0.097
2238,LINJ_25_1360,LINJ_24_1640,5671.A4I1H6,5671.E9AH64,0.097
2239,LINJ_25_1360,LINJ_03_0520,5671.A4I1H6,5671.E9AG43,0.106
2240,LINJ_25_1360,LINJ_24_1790,5671.A4I1H6,5671.E9AH79,0.046
2242,LINJ_25_1360,91E11,5671.A4I1H6,5671.Q9GNZ8,0.048
2243,LINJ_25_1360,LINJ_36_1730,5671.A4I1H6,5671.A4IDD6,0.048
2248,LINJ_25_1360,LINJ_27_1150,5671.A4I1H6,5671.A4I2S6,0.082
2249,LINJ_25_1460,LINJ_27_1150,5671.A4I1I6,5671.A4I2S6,0.375
2250,LINJ_25_1460,LINJ_33_2910,5671.A4I1I6,5671.A4I9B7,0.063
2251,LINJ_25_1460,LINJ_32_1010,5671.A4I1I6,5671.A4I7R2,0.098
2252,LINJ_25_1460,LINJ_35_1310,5671.A4I1I6,5671.A4IB24,0.084
2253,LINJ_25_1460,LINJ_32_0050,5671.A4I1I6,5671.A4I7G8,0.045
2254,LINJ_25_1460,LINJ_32_3470,5671.A4I1I6,5671.A4I8F2,0.206
2257,LINJ_25_1460,LINJ_30_1180,5671.A4I1I6,5671.A4I5E3,0.071
2258,CYCA,LINJ_29_1420,5671.A4I1J3,5671.E9AHI7,0.303
2259,CYCA,LINJ_26_2460,5671.A4I1J3,5671.A4I2H1,0.303
2260,CYCA,LMAIRK,5671.A4I1J3,5671.A4I3C6,0.303
2261,CYCA,LINJ_36_4020,5671.A4I1J3,5671.A4ID13,0.308
2262,CYCA,LINJ_22_0920,5671.A4I1J3,5671.E9AGZ4,0.308
2264,CYCA,LINJ_33_2910,5671.A4I1J3,5671.A4I9B7,0.048
2265,CYCA,DMC1,5671.A4I1J3,5671.A4IC25,0.092
2266,CYCA,LINJ_30_0420,5671.A4I1J3,5671.A4I569,0.334
2269,CYCA,LINJ_30_1780,5671.A4I1J3,5671.A4I5K5,0.341
2270,CYCA,LINJ_29_2260,5671.A4I1J3,5671.A4I4S4,0.341
2271,CYCA,LINJ_27_2570,5671.A4I1J3,5671.E9AHC6,0.341
2273,CYCA,LINJ_36_5580,5671.A4I1J3,5671.A4IC77,0.338
2274,CYCA,LINJ_26_2540,5671.A4I1J3,5671.A4I2I8,0.338
2275,CYCA,LINJ_34_0030,5671.A4I1J3,5671.A4I9H1,0.082
2276,CYCA,LINJ_24_1790,5671.A4I1J3,5671.E9AH79,0.419
2277,CYCA,CRK3,5671.A4I1J3,5671.A4ICT0,0.341
2278,CYCA,LINJ_29_2830,5671.A4I1J3,5671.A4I4Y0,0.204
2281,LINJ_25_1930,LINJ_30_1460,5671.A4I1N3,5671.A4I5H1,0.048
2283,LINJ_25_1930,LINJ_30_0420,5671.A4I1N3,5671.A4I569,0.041
2285,LINJ_25_1930,LACK1,5671.A4I1N3,5671.P62884,0.048
2286,LINJ_25_1930,LINJ_24_1790,5671.A4I1N3,5671.E9AH79,0.081
2288,LINJ_25_1930,LINJ_35_4740,5671.A4I1N3,5671.A4IC06,0.044
2290,LINJ_25_1930,LINJ_33_0060,5671.A4I1N3,5671.A4I8M2,0.061
2296,LINJ_25_2070,LINJ_34_1840,5671.A4I1P7,5671.A4I9Y5,0.045
2297,LINJ_25_2070,MKK5,5671.A4I1P7,5671.A4ICP8,0.045
2303,LINJ_25_2450,LINJ_36_5610,5671.A4I1T4,5671.A4IDV1,0.054
2304,LINJ_25_2450,LINJ_35_4110,5671.A4I1T4,5671.A4IBU4,0.048
2305,LINJ_25_2450,LINJ_35_0480,5671.A4I1T4,5671.A4IAU7,0.048
2314,LINJ_25_2450,LINJ_29_2140,5671.A4I1T4,5671.A4I4Q9,0.048
2315,LINJ_25_2450,LINJ_36_0960,5671.A4I1T4,5671.A4ICP4,0.048
2318,LINJ_25_2450,LINJ_24_0220,5671.A4I1T4,5671.E9AH34,0.048
2319,LINJ_25_2450,LINJ_33_1810,5671.A4I1T4,5671.A4I967,0.048
2320,LINJ_25_2450,LINJ_36_2310,5671.A4I1T4,5671.A4IDJ2,0.058
2323,LINJ_25_2450,LINJ_30_1060,5671.A4I1T4,5671.A4I5D1,0.047
2324,LINJ_25_2450,LINJ_31_1560,5671.A4I1T4,5671.A4I6T1,0.047
2325,LINJ_25_2450,LINJ_30_0850,5671.A4I1T4,5671.A4I5B1,0.045
2349,LINJ_26_0300,LINJ_30_3430,5671.A4I1W7,5671.A4I628,0.042
2350,LINJ_26_0300,PGKC,5671.A4I1W7,5671.E9AGT9,0.042
2351,LINJ_26_0300,PGKB,5671.A4I1W7,5671.E9AGU0,0.042
2353,CYC8,LINJ_26_2460,5671.A4I1W9,5671.A4I2H1,0.303
2354,CYC8,LINJ_29_1420,5671.A4I1W9,5671.E9AHI7,0.303
2355,CYC8,LMAIRK,5671.A4I1W9,5671.A4I3C6,0.303
2356,CYC8,LINJ_36_4020,5671.A4I1W9,5671.A4ID13,0.308
2358,CYC8,LINJ_22_0920,5671.A4I1W9,5671.E9AGZ4,0.308
2359,CYC8,LINJ_33_2910,5671.A4I1W9,5671.A4I9B7,0.048
2360,CYC8,LINJ_30_0420,5671.A4I1W9,5671.A4I569,0.334
2363,CYC8,LINJ_30_1780,5671.A4I1W9,5671.A4I5K5,0.341
2364,CYC8,LINJ_29_2260,5671.A4I1W9,5671.A4I4S4,0.341
2365,CYC8,CRK3,5671.A4I1W9,5671.A4ICT0,0.341
2366,CYC8,LINJ_27_2570,5671.A4I1W9,5671.E9AHC6,0.341
2368,CYC8,LINJ_36_5580,5671.A4I1W9,5671.A4IC77,0.338
2369,CYC8,LINJ_26_2540,5671.A4I1W9,5671.A4I2I8,0.338
2370,CYC8,LINJ_34_0030,5671.A4I1W9,5671.A4I9H1,0.082
2371,CYC8,LINJ_24_1790,5671.A4I1W9,5671.E9AH79,0.419
2372,CYC8,LINJ_29_2830,5671.A4I1W9,5671.A4I4Y0,0.204
2374,LINJ_26_0590,LINJ_30_1700,5671.A4I1Z4,5671.A4I5J7,0.492
2375,LINJ_26_0590,LINJ_29_1360,5671.A4I1Z4,5671.A4I4I4,0.492
2376,LINJ_26_0590,DHFR-TS,5671.A4I1Z4,5671.Q8MQV3,0.157
2377,LINJ_26_0590,LINJ_33_2520,5671.A4I1Z4,5671.E9AHQ7,0.625
2378,LINJ_26_0590,LINJ_27_1150,5671.A4I1Z4,5671.A4I2S6,0.523
2379,LINJ_26_0590,LINJ_21_1330,5671.A4I1Z4,5671.E9AGX7,0.523
2380,LINJ_26_0590,LINJ_32_3470,5671.A4I1Z4,5671.A4I8F2,0.523
2381,LINJ_26_0590,LINJ_30_2830,5671.A4I1Z4,5671.A4I5W0,0.619
2382,LINJ_26_0590,LINJ_32_1940,5671.A4I1Z4,5671.A4I800,0.619
2383,LINJ_26_0590,LINJ_36_2140,5671.A4I1Z4,5671.A4IDH5,0.619
2384,LINJ_26_0590,LINJ_36_2130,5671.A4I1Z4,5671.A4IDH4,0.619
2385,LINJ_26_0630,GCVL-2,5671.A4I1Z8,5671.A4I8F6,0.083
2386,LINJ_26_0630,LINJ_31_2720,5671.A4I1Z8,5671.E9AHL8,0.083
2387,LINJ_26_0630,GCVL-1,5671.A4I1Z8,5671.A4I4P1,0.083
2395,LINJ_26_2100,LINJ_32_0520,5671.A4I2D8,5671.A4I7N3,0.044
2396,LINJ_26_2100,LINJ_32_1930,5671.A4I2D8,5671.A4I7Z9,0.048
2397,LINJ_26_2100,LINJ_31_0890,5671.A4I2D8,5671.A4I6I0,0.048
2398,LINJ_26_2100,LINJ_27_0940,5671.A4I2D8,5671.A4I2Q9,0.041
2399,LINJ_26_2100,LINJ_32_2160,5671.A4I2D8,5671.A4I825,0.128
2400,LINJ_26_2100,LINJ_35_1720,5671.A4I2D8,5671.A4IB73,0.212
2407,LINJ_26_2100,LINJ_03_0460,5671.A4I2D8,5671.E9AG37,0.046
2408,LINJ_26_2100,DHFR-TS,5671.A4I2D8,5671.Q8MQV3,0.042
2410,LINJ_26_2460,LINJ_28_1910,5671.A4I2H1,5671.E9AHG7,0.401
2411,LINJ_26_2460,LINJ_35_1310,5671.A4I2H1,5671.A4IB24,0.059
2413,LINJ_26_2460,DHFR-TS,5671.A4I2H1,5671.Q8MQV3,0.441
2415,LINJ_26_2460,CYC6,5671.A4I2H1,5671.A4I8F7,0.303
2416,LINJ_26_2460,CYC3,5671.A4I2H1,5671.A4I503,0.303
2418,LINJ_26_2460,CRK3,5671.A4I2H1,5671.A4ICT0,0.334
2419,LINJ_26_2460,LINJ_27_2570,5671.A4I2H1,5671.E9AHC6,0.334
2420,LINJ_26_2460,LINJ_30_1780,5671.A4I2H1,5671.A4I5K5,0.334
2421,LINJ_26_2460,LINJ_29_2260,5671.A4I2H1,5671.A4I4S4,0.334
2422,LINJ_26_2460,LINJ_28_0110,5671.A4I2H1,5671.A4I384,0.047
2423,LINJ_26_2460,LINJ_03_0520,5671.A4I2H1,5671.E9AG43,0.05
2424,LINJ_26_2460,LINJ.12.0190,5671.A4I2H1,5671.E9AGB0,0.048
2425,LINJ_26_2460,RPT6,5671.A4I2H1,5671.A4IE38,0.065
2426,LINJ_26_2460,LINJ_28_2450,5671.A4I2H1,5671.A4I3V9,0.397
2427,LINJ_26_2460,LINJ_24_0130,5671.A4I2H1,5671.E9AH25,0.055
2428,LINJ_26_2460,LINJ_33_2910,5671.A4I2H1,5671.A4I9B7,0.104
2429,LINJ_26_2460,LINJ_24_1790,5671.A4I2H1,5671.E9AH79,0.404
2430,LINJ_26_2460,LINJ_36_5580,5671.A4I2H1,5671.A4IC77,0.326
2431,LINJ_26_2460,LINJ_26_2540,5671.A4I2H1,5671.A4I2I8,0.326
2432,LINJ_26_2460,LINJ_22_0920,5671.A4I2H1,5671.E9AGZ4,0.302
2433,LINJ_26_2460,LINJ_36_4020,5671.A4I2H1,5671.A4ID13,0.302
2435,LINJ_26_2600,LINJ_19_0130,5671.A4I2H8,5671.E9AGR6,0.045
2440,LINJ_26_2540,LINJ_19_0140,5671.A4I2I8,5671.E9AGR7,0.044
2441,LINJ_26_2540,LINJ_30_0620,5671.A4I2I8,5671.A4I588,0.044
2447,LINJ_26_2540,LINJ_06_1220,5671.A4I2I8,5671.E9AG71,0.048
2448,LINJ_26_2540,LINJ_36_2420,5671.A4I2I8,5671.A4IDK3,0.055
2449,LINJ_26_2540,LINJ_33_2520,5671.A4I2I8,5671.E9AHQ7,0.056
2450,LINJ_26_2540,LINJ_32_1900,5671.A4I2I8,5671.A4I7Z6,0.055
2451,LINJ_26_2540,LINJ_30_0420,5671.A4I2I8,5671.A4I569,0.199
2452,LINJ_26_2540,LINJ_34_0030,5671.A4I2I8,5671.A4I9H1,0.078
2453,LINJ_26_2540,LINJ_29_2260,5671.A4I2I8,5671.A4I4S4,0.243
2454,LINJ_26_2540,LINJ_30_1780,5671.A4I2I8,5671.A4I5K5,0.243
2455,LINJ_26_2540,LINJ_33_2910,5671.A4I2I8,5671.A4I9B7,0.088
2456,LINJ_26_2540,CRK3,5671.A4I2I8,5671.A4ICT0,0.243
2457,LINJ_26_2540,CYC6,5671.A4I2I8,5671.A4I8F7,0.338
2458,LINJ_26_2540,CYC3,5671.A4I2I8,5671.A4I503,0.338
2459,LINJ_26_2540,LINJ_27_2570,5671.A4I2I8,5671.E9AHC6,0.243
2461,LINJ_26_2540,LINJ_24_1790,5671.A4I2I8,5671.E9AH79,0.389
2462,LINJ_26_2540,LMAIRK,5671.A4I2I8,5671.A4I3C6,0.326
2463,LINJ_26_2540,LINJ_29_1420,5671.A4I2I8,5671.E9AHI7,0.326
2464,LINJ_26_2540,LINJ_29_2830,5671.A4I2I8,5671.A4I4Y0,0.084
2465,LINJ_26_2700,LINJ_31_3080,5671.A4I2J3,5671.A4I7A2,0.351
2467,LINJ_27_0090,LINJ_24_0130,5671.A4I2K5,5671.E9AH25,0.098
2468,LINJ_27_0090,LINJ_33_1690,5671.A4I2K5,5671.A4I931,0.065
2469,LINJ_27_0090,LINJ_28_2190,5671.A4I2K5,5671.A4I3T3,0.056
2470,LINJ_27_0090,LINJ_29_2250,5671.A4I2K5,5671.A4I4S3,0.055
2471,LINJ_27_0370,LINJ_34_4140,5671.A4I2M3,5671.A4IAK2,0.082
2472,LINJ_27_0370,LINJ_19_0150,5671.A4I2M3,5671.E9AGR8,0.106
2473,LINJ_27_0370,LINJ_33_3360,5671.A4I2M3,5671.A4I9G2,0.082
2474,LINJ_27_0370,LINJ_24_0130,5671.A4I2M3,5671.E9AH25,0.05
2475,LINJ_27_0370,LINJ_33_2520,5671.A4I2M3,5671.E9AHQ7,0.127
2476,LINJ_27_0370,LINJ_28_0110,5671.A4I2M3,5671.A4I384,0.096
2477,LINJ_27_0370,LINJ_36_1730,5671.A4I2M3,5671.A4IDD6,0.107
2478,LINJ_27_0370,LINJ_35_3880,5671.A4I2M3,5671.A4IBS2,0.139
2479,LINJ_27_0370,LINJ_03_0520,5671.A4I2M3,5671.E9AG43,0.104
2480,LINJ_27_0370,91E11,5671.A4I2M3,5671.Q9GNZ8,0.111
2481,LINJ_27_0370,LINJ.12.0190,5671.A4I2M3,5671.E9AGB0,0.125
2482,LINJ_27_0370,RPT6,5671.A4I2M3,5671.A4IE38,0.202
2483,LINJ_27_0920,LINJ_33_3360,5671.A4I2Q7,5671.A4I9G2,0.044
2484,LINJ_27_0920,LINJ_35_3920,5671.A4I2Q7,5671.A4IBS6,0.495
2485,LINJ_27_0920,LINJ_19_0150,5671.A4I2Q7,5671.E9AGR8,0.405
2488,LINJ_27_0940,LINJ_24_0260,5671.A4I2Q9,5671.E9AH38,0.041
2492,LINJ_27_0940,RAB7,5671.A4I2Q9,5671.E9AGQ4,0.058
2493,LINJ_27_0940,LINJ_34_4140,5671.A4I2Q9,5671.A4IAK2,0.052
2494,LINJ_27_0940,LINJ_33_3360,5671.A4I2Q9,5671.A4I9G2,0.061
2497,LINJ_27_1150,LINJ_36_2130,5671.A4I2S6,5671.A4IDH4,0.395
2498,LINJ_27_1150,LINJ_30_2830,5671.A4I2S6,5671.A4I5W0,0.395
2499,LINJ_27_1150,LINJ_32_1940,5671.A4I2S6,5671.A4I800,0.395
2500,LINJ_27_1150,LINJ_36_2140,5671.A4I2S6,5671.A4IDH5,0.395
2501,LINJ_27_1150,LINJ_29_1360,5671.A4I2S6,5671.A4I4I4,0.339
2502,LINJ_27_1150,LINJ_30_1700,5671.A4I2S6,5671.A4I5J7,0.339
2503,LINJ_27_1150,LINJ.12.0190,5671.A4I2S6,5671.E9AGB0,0.339
2504,LINJ_27_1150,LINJ_03_0520,5671.A4I2S6,5671.E9AG43,0.345
2506,LINJ_27_1150,LINJ_30_1070,5671.A4I2S6,5671.A4I5D2,0.143
2507,LINJ_27_1150,DHFR-TS,5671.A4I2S6,5671.Q8MQV3,0.142
2508,LINJ_27_1150,91E11,5671.A4I2S6,5671.Q9GNZ8,0.339
2509,LINJ_27_1150,LINJ_33_2520,5671.A4I2S6,5671.E9AHQ7,0.403
2510,LINJ_27_1150,LINJ_24_1790,5671.A4I2S6,5671.E9AH79,0.047
2511,LINJ_27_1150,LINJ_19_0150,5671.A4I2S6,5671.E9AGR8,0.581
2512,LINJ_27_1150,LINJ_21_1330,5671.A4I2S6,5671.E9AGX7,0.914
2513,LINJ_27_1150,LINJ_32_3470,5671.A4I2S6,5671.A4I8F2,0.909
2517,LINJ_27_1680,LINJ_27_2570,5671.A4I2Y4,5671.E9AHC6,0.058
2518,LINJ_27_1680,LINJ_34_0030,5671.A4I2Y4,5671.A4I9H1,0.045
2519,LINJ_27_1740,LINJ_34_0030,5671.A4I2Z0,5671.A4I9H1,0.042
2521,LINJ_27_1860,LINJ_35_1720,5671.A4I302,5671.A4IB73,0.073
2522,LINJ_27_2130,LINJ_34_0030,5671.A4I317,5671.A4I9H1,0.042
2524,LINJ_27_2390,LINJ_36_5410,5671.A4I345,5671.A4IDU0,0.138
2525,LINJ_27_2390,LINJ_36_1840,5671.A4I345,5671.A4IDE7,0.138
2526,LINJ_27_2390,LINJ_30_2920,5671.A4I345,5671.A4I5W9,0.138
2527,LINJ_27_2390,LINJ_28_2190,5671.A4I345,5671.A4I3T3,0.084
2528,LINJ_27_2390,DHFR-TS,5671.A4I345,5671.Q8MQV3,0.087
2529,LINJ_27_2390,LINJ_33_2860,5671.A4I345,5671.A4I9B2,0.288
2531,LINJ_28_0110,LINJ_35_1310,5671.A4I384,5671.A4IB24,0.047
2532,LINJ_28_0110,LINJ_24_0170,5671.A4I384,5671.E9AH29,0.096
2533,LINJ_28_0110,LINJ_36_1420,5671.A4I384,5671.A4ICJ9,0.096
2535,LINJ_28_0110,LINJ_29_1420,5671.A4I384,5671.E9AHI7,0.047
2536,LINJ_28_0110,LMAIRK,5671.A4I384,5671.A4I3C6,0.047
2537,LINJ_28_0110,LINJ_33_2910,5671.A4I384,5671.A4I9B7,0.079
2538,LINJ_28_0110,RPT6,5671.A4I384,5671.A4IE38,0.475
2539,LINJ_28_0110,91E11,5671.A4I384,5671.Q9GNZ8,0.796
2540,LINJ_28_0110,LINJ_36_1730,5671.A4I384,5671.A4IDD6,0.742
2541,LINJ_28_0110,LINJ_35_3880,5671.A4I384,5671.A4IBS2,0.711
2542,LINJ_28_0110,LINJ_03_0520,5671.A4I384,5671.E9AG43,0.453
2543,LINJ_28_0110,LINJ.12.0190,5671.A4I384,5671.E9AGB0,0.762
2550,LMAIRK,LINJ_28_1910,5671.A4I3C6,5671.E9AHG7,0.401
2551,LMAIRK,LINJ_35_1310,5671.A4I3C6,5671.A4IB24,0.059
2553,LMAIRK,DHFR-TS,5671.A4I3C6,5671.Q8MQV3,0.441
2555,LMAIRK,CYC3,5671.A4I3C6,5671.A4I503,0.303
2557,LMAIRK,LINJ_29_2260,5671.A4I3C6,5671.A4I4S4,0.334
2558,LMAIRK,LINJ_30_1780,5671.A4I3C6,5671.A4I5K5,0.334
2559,LMAIRK,LINJ_03_0520,5671.A4I3C6,5671.E9AG43,0.05
2560,LMAIRK,LINJ.12.0190,5671.A4I3C6,5671.E9AGB0,0.048
2561,LMAIRK,RPT6,5671.A4I3C6,5671.A4IE38,0.065
2562,LMAIRK,LINJ_28_2450,5671.A4I3C6,5671.A4I3V9,0.397
2563,LMAIRK,LINJ_24_0130,5671.A4I3C6,5671.E9AH25,0.055
2564,LMAIRK,CRK3,5671.A4I3C6,5671.A4ICT0,0.334
2565,LMAIRK,LINJ_27_2570,5671.A4I3C6,5671.E9AHC6,0.334
2566,LMAIRK,LINJ_33_2910,5671.A4I3C6,5671.A4I9B7,0.104
2567,LMAIRK,LINJ_24_1790,5671.A4I3C6,5671.E9AH79,0.404
2568,LMAIRK,CYC6,5671.A4I3C6,5671.A4I8F7,0.303
2569,LMAIRK,LINJ_36_5580,5671.A4I3C6,5671.A4IC77,0.326
2570,LMAIRK,LINJ_22_0920,5671.A4I3C6,5671.E9AGZ4,0.302
2571,LMAIRK,LINJ_36_4020,5671.A4I3C6,5671.A4ID13,0.302
2572,RAD51,LINJ_28_1910,5671.A4I3C9,5671.E9AHG7,0.333
2575,RAD51,DHFR-TS,5671.A4I3C9,5671.Q8MQV3,0.326
2576,RAD51,DMC1,5671.A4I3C9,5671.A4IC25,0.069
2577,RAD51,LINJ_33_2620,5671.A4I3C9,5671.E9AHR7,0.069
2582,LINJ_28_0720,LINJ_24_0130,5671.A4I3E2,5671.E9AH25,0.044
2586,LINJ_28_0720,LINJ_34_0030,5671.A4I3E2,5671.A4I9H1,0.045
2588,LINJ_28_0850,LINJ_34_0030,5671.A4I3F4,5671.A4I9H1,0.042
2601,LINJ_28_1800,LINJ_36_5610,5671.A4I3P6,5671.A4IDV1,0.054
2602,LINJ_28_1800,LINJ_35_4110,5671.A4I3P6,5671.A4IBU4,0.048
2603,LINJ_28_1800,LINJ_24_0220,5671.A4I3P6,5671.E9AH34,0.048
2604,LINJ_28_1800,LINJ_33_1810,5671.A4I3P6,5671.A4I967,0.048
2605,LINJ_28_1800,LINJ_35_0480,5671.A4I3P6,5671.A4IAU7,0.048
2606,LINJ_28_1800,LINJ_29_2140,5671.A4I3P6,5671.A4I4Q9,0.048
2607,LINJ_28_1800,LINJ_36_0960,5671.A4I3P6,5671.A4ICP4,0.048
2614,LINJ_28_1800,LINJ_36_2310,5671.A4I3P6,5671.A4IDJ2,0.058
2616,LINJ_28_1800,LINJ_30_1060,5671.A4I3P6,5671.A4I5D1,0.047
2617,LINJ_28_1800,LINJ_31_1560,5671.A4I3P6,5671.A4I6T1,0.047
2618,LINJ_28_1800,LINJ_30_0850,5671.A4I3P6,5671.A4I5B1,0.045
2619,LDK,LINJ_29_2830,5671.A4I3S8,5671.A4I4Y0,0.084
2620,LINJ_28_2190,LINJ_36_5410,5671.A4I3T3,5671.A4IDU0,0.045
2621,LINJ_28_2190,LINJ_30_2920,5671.A4I3T3,5671.A4I5W9,0.045
2622,LINJ_28_2190,LINJ_36_1840,5671.A4I3T3,5671.A4IDE7,0.045
2623,LINJ_28_2190,LINJ_33_2860,5671.A4I3T3,5671.A4I9B2,0.105
2624,LINJ_28_2190,LINJ_36_3570,5671.A4I3T3,5671.A4ID56,0.084
2625,LINJ_28_2190,LINJ_35_1230,5671.A4I3T3,5671.A4IB16,0.084
2626,LINJ_28_2190,LINJ_24_1890,5671.A4I3T3,5671.E9AH89,0.084
2627,LINJ_28_2190,LINJ_35_1240,5671.A4I3T3,5671.A4IB17,0.084
2628,LINJ_28_2190,LINJ_33_1690,5671.A4I3T3,5671.A4I931,0.044
2629,LINJ_28_2190,DHFR-TS,5671.A4I3T3,5671.Q8MQV3,0.059
2630,LINJ_28_2190,LINJ_30_3610,5671.A4I3T3,5671.A4I646,0.056
2631,LINJ_28_2190,LINJ_34_3110,5671.A4I3T3,5671.A4IAA0,0.056
2632,LINJ_28_2440,LINJ_34_1900,5671.A4I3V8,5671.A4IAM7,0.07
2633,LINJ_28_2450,LINJ_30_1780,5671.A4I3V9,5671.A4I5K5,0.388
2634,LINJ_28_2450,LINJ_29_2260,5671.A4I3V9,5671.A4I4S4,0.388
2635,LINJ_28_2450,CRK3,5671.A4I3V9,5671.A4ICT0,0.388
2636,LINJ_28_2450,LINJ_27_2570,5671.A4I3V9,5671.E9AHC6,0.388
2637,LINJ_28_2450,LINJ_36_4020,5671.A4I3V9,5671.A4ID13,0.411
2638,LINJ_28_2450,LINJ_22_0920,5671.A4I3V9,5671.E9AGZ4,0.411
2639,LINJ_28_2450,LINJ_29_1420,5671.A4I3V9,5671.E9AHI7,0.397
2640,LINJ_28_2450,LINJ_24_1790,5671.A4I3V9,5671.E9AH79,0.474
2641,LINJ_28_2450,DHFR-TS,5671.A4I3V9,5671.Q8MQV3,0.359
2642,LINJ_28_2450,LINJ_34_3220,5671.A4I3V9,5671.Q9GPZ9,0.075
2652,LINJ_29_0860,LINJ_24_1510,5671.A4I4D6,5671.A4I5H8,0.043
2655,LINJ_29_0860,LINJ_34_0030,5671.A4I4D6,5671.A4I9H1,0.042
2656,LINJ_29_1100,LINJ_36_5410,5671.A4I4G0,5671.A4IDU0,0.082
2657,LINJ_29_1100,LINJ_30_2920,5671.A4I4G0,5671.A4I5W9,0.082
2658,LINJ_29_1100,LINJ_36_1840,5671.A4I4G0,5671.A4IDE7,0.082
2663,LINJ_29_1190,LINJ_24_0130,5671.A4I4G8,5671.E9AH25,0.044
2665,LINJ_29_1360,LINJ_21_1330,5671.A4I4I4,5671.E9AGX7,0.339
2666,LINJ_29_1360,LINJ_32_3470,5671.A4I4I4,5671.A4I8F2,0.339
2667,LINJ_29_1360,LINJ_36_2130,5671.A4I4I4,5671.A4IDH4,0.339
2668,LINJ_29_1360,LINJ_36_2140,5671.A4I4I4,5671.A4IDH5,0.339
2669,LINJ_29_1360,LINJ_30_2830,5671.A4I4I4,5671.A4I5W0,0.339
2670,LINJ_29_1360,LINJ_32_1940,5671.A4I4I4,5671.A4I800,0.339
2671,LINJ_29_1360,LINJ_33_2520,5671.A4I4I4,5671.E9AHQ7,0.404
2672,LINJ_29_1440,LINJ_33_2910,5671.A4I4J0,5671.A4I9B7,0.308
2673,LINJ_29_1440,LINJ_32_1010,5671.A4I4J0,5671.A4I7R2,0.308
2674,LINJ_29_1440,LINJ_30_0850,5671.A4I4J0,5671.A4I5B1,0.044
2675,LINJ_29_1440,LINJ_35_1310,5671.A4I4J0,5671.A4IB24,0.345
2676,LINJ_29_1460,LINJ_33_2910,5671.A4I4J5,5671.A4I9B7,0.308
2677,LINJ_29_1460,LINJ_32_1010,5671.A4I4J5,5671.A4I7R2,0.308
2678,LINJ_29_1460,LINJ_30_0850,5671.A4I4J5,5671.A4I5B1,0.044
2679,LINJ_29_1460,LINJ_35_1310,5671.A4I4J5,5671.A4IB24,0.345
2680,LINJ_29_1480,LINJ_33_2910,5671.A4I4J7,5671.A4I9B7,0.308
2681,LINJ_29_1480,LINJ_32_1010,5671.A4I4J7,5671.A4I7R2,0.308
2682,LINJ_29_1480,LINJ_30_0850,5671.A4I4J7,5671.A4I5B1,0.044
2683,LINJ_29_1480,LINJ_35_1310,5671.A4I4J7,5671.A4IB24,0.345
2686,ABCH2,LINJ_31_3080,5671.A4I4M8,5671.A4I7A2,0.351
2687,GCVL-1,LINJ.12.0830,5671.A4I4P1,5671.E9AGI7,0.052
2688,GCVL-1,LINJ_29_2350,5671.A4I4P1,5671.A4I4T3,0.052
2689,GCVL-1,LINJ_26_0290,5671.A4I4P1,5671.E9AHB1,0.052
2690,GCVL-1,LINJ_32_0050,5671.A4I4P1,5671.A4I7G8,0.103
2691,GCVL-1,LINJ_32_3470,5671.A4I4P1,5671.A4I8F2,0.499
2692,GCVL-1,LINJ_34_0160,5671.A4I4P1,5671.A4I9I4,0.406
2693,GCVL-1,mMDH,5671.A4I4P1,5671.A4I9I5,0.406
2694,GCVL-1,LINJ_34_0150,5671.A4I4P1,5671.A4I9I3,0.406
2695,GCVL-1,LINJ_35_0030,5671.A4I4P1,5671.A4IAQ4,0.192
2696,GCVL-1,LinJ_35_5440,5671.A4I4P1,5671.A4IAQ0,0.192
2698,GCVL-1,DHFR-TS,5671.A4I4P1,5671.Q8MQV3,0.053
2704,LINJ_29_2250,LINJ.12.0610,5671.A4I4S3,5671.E9AGF3,0.049
2705,LINJ_29_2250,LINJ_30_3610,5671.A4I4S3,5671.A4I646,0.055
2706,LINJ_29_2250,LINJ_34_3110,5671.A4I4S3,5671.A4IAA0,0.055
2707,LINJ_29_2260,LINJ_03_0520,5671.A4I4S4,5671.E9AG43,0.082
2708,LINJ_29_2260,DHFR-TS,5671.A4I4S4,5671.Q8MQV3,0.227
2709,LINJ_29_2260,LINJ.12.0190,5671.A4I4S4,5671.E9AGB0,0.082
2710,LINJ_29_2260,RPT6,5671.A4I4S4,5671.A4IE38,0.046
2711,LINJ_29_2260,LINJ_36_4020,5671.A4I4S4,5671.A4ID13,0.354
2712,LINJ_29_2260,LINJ_22_0920,5671.A4I4S4,5671.E9AGZ4,0.354
2713,LINJ_29_2260,LINJ_33_2910,5671.A4I4S4,5671.A4I9B7,0.072
2714,LINJ_29_2260,LINJ_29_1420,5671.A4I4S4,5671.E9AHI7,0.334
2715,LINJ_29_2260,LINJ_36_5580,5671.A4I4S4,5671.A4IC77,0.243
2718,LINJ_29_2260,CYC3,5671.A4I4S4,5671.A4I503,0.341
2719,LINJ_29_2260,CYC6,5671.A4I4S4,5671.A4I8F7,0.341
2720,LINJ_29_2260,LINJ_30_0420,5671.A4I4S4,5671.A4I569,0.327
2721,LINJ_29_2260,LINJ_24_1790,5671.A4I4S4,5671.E9AH79,0.392
2722,LINJ_29_2260,LINJ_29_2830,5671.A4I4S4,5671.A4I4Y0,0.108
2723,LINJ_29_2350,LINJ_31_2720,5671.A4I4T3,5671.E9AHL8,0.052
2724,LINJ_29_2350,GCVL-2,5671.A4I4T3,5671.A4I8F6,0.052
2725,LINJ_29_2410,LINJ_35_1730,5671.A4I4U4,5671.A4IB74,0.07
2729,LINJ_29_2550,LINJ_35_4060,5671.A4I4V8,5671.A4IBT9,0.082
2730,LINJ_29_2550,LINJ_35_4010,5671.A4I4V8,5671.A4IBT4,0.082
2731,LINJ_29_2600,LINJ_36_0960,5671.A4I4W3,5671.A4ICP4,0.047
2732,LINJ_29_2600,LINJ_36_5610,5671.A4I4W3,5671.A4IDV1,0.042
2733,LINJ_29_2600,LINJ_33_1810,5671.A4I4W3,5671.A4I967,0.047
2734,LINJ_29_2600,LINJ_36_2310,5671.A4I4W3,5671.A4IDJ2,0.054
2736,LINJ_29_2600,LINJ_24_0130,5671.A4I4W3,5671.E9AH25,0.048
2740,LINJ_29_2600,LINJ_35_4010,5671.A4I4W3,5671.A4IBT4,0.045
2743,LINJ_29_2600,LINJ_19_0130,5671.A4I4W3,5671.E9AGR6,0.042
2745,LINJ_29_2600,LINJ_22_0920,5671.A4I4W3,5671.E9AGZ4,0.048
2746,LINJ_29_2600,LINJ_36_4020,5671.A4I4W3,5671.A4ID13,0.048
2748,LINJ_29_2600,LINJ_35_1310,5671.A4I4W3,5671.A4IB24,0.109
2755,LINJ_29_2790,LINJ_35_4060,5671.A4I4X6,5671.A4IBT9,0.082
2756,LINJ_29_2790,LINJ_35_4010,5671.A4I4X6,5671.A4IBT4,0.082
2757,LINJ_29_2830,LINJ_34_0030,5671.A4I4Y0,5671.A4I9H1,0.061
2758,LINJ_29_2830,LINJ_33_2520,5671.A4I4Y0,5671.E9AHQ7,0.087
2759,LINJ_29_2830,LINJ_24_1790,5671.A4I4Y0,5671.E9AH79,0.233
2761,LINJ_29_2830,CRK3,5671.A4I4Y0,5671.A4ICT0,0.108
2762,LINJ_29_2830,LINJ_30_1780,5671.A4I4Y0,5671.A4I5K5,0.108
2763,LINJ_29_2830,LINJ_27_2570,5671.A4I4Y0,5671.E9AHC6,0.108
2764,LINJ_29_2830,CYC3,5671.A4I4Y0,5671.A4I503,0.204
2765,LINJ_29_2830,CYC6,5671.A4I4Y0,5671.A4I8F7,0.204
2766,LINJ_29_2830,LINJ_36_5580,5671.A4I4Y0,5671.A4IC77,0.084
2767,LINJ_29_2940,PABP1,5671.A4I4Y5,5671.A4IC57,0.047
2768,LINJ_29_2940,LINJ_33_2910,5671.A4I4Y5,5671.A4I9B7,0.308
2769,LINJ_29_2940,LINJ_32_1010,5671.A4I4Y5,5671.A4I7R2,0.308
2770,LINJ_29_2940,LINJ_30_0850,5671.A4I4Y5,5671.A4I5B1,0.044
2771,LINJ_29_2940,LINJ_35_1310,5671.A4I4Y5,5671.A4IB24,0.345
2772,LINJ_29_2940,PABP2,5671.A4I4Y5,5671.A4IBV3,0.047
2775,CYC3,LINJ_29_1420,5671.A4I503,5671.E9AHI7,0.303
2776,CYC3,LINJ_36_4020,5671.A4I503,5671.A4ID13,0.308
2777,CYC3,LINJ_22_0920,5671.A4I503,5671.E9AGZ4,0.308
2779,CYC3,LINJ_33_2910,5671.A4I503,5671.A4I9B7,0.048
2780,CYC3,LINJ_30_0420,5671.A4I503,5671.A4I569,0.334
2782,CYC3,LINJ_30_1780,5671.A4I503,5671.A4I5K5,0.341
2783,CYC3,LINJ_27_2570,5671.A4I503,5671.E9AHC6,0.341
2784,CYC3,LINJ_36_5580,5671.A4I503,5671.A4IC77,0.338
2785,CYC3,LINJ_34_0030,5671.A4I503,5671.A4I9H1,0.082
2786,CYC3,LINJ_24_1790,5671.A4I503,5671.E9AH79,0.419
2787,CYC3,CRK3,5671.A4I503,5671.A4ICT0,0.341
2790,MPK12,LINJ_36_2310,5671.A4I564,5671.A4IDJ2,0.043
2792,MPK12,MKK5,5671.A4I564,5671.A4ICP8,0.042
2793,MPK12,LINJ_34_1840,5671.A4I564,5671.A4I9Y5,0.042
2795,MPK12,TOR2,5671.A4I564,5671.A4IAK5,0.047
2796,MPK12,TOR3,5671.A4I564,5671.A4IAG3,0.047
2797,LINJ_30_0420,LINJ_34_0030,5671.A4I569,5671.A4I9H1,0.104
2798,LINJ_30_0420,LINJ_33_1500,5671.A4I569,5671.A4I913,0.051
2800,LINJ_30_0420,LINJ_36_5580,5671.A4I569,5671.A4IC77,0.199
2801,LINJ_30_0420,CYC6,5671.A4I569,5671.A4I8F7,0.334
2802,LINJ_30_0420,LINJ_31_0820,5671.A4I569,5671.A4I6H3,0.047
2804,LINJ_30_0420,LINJ_27_2570,5671.A4I569,5671.E9AHC6,0.327
2805,LINJ_30_0420,CRK3,5671.A4I569,5671.A4ICT0,0.327
2806,LINJ_30_0420,LINJ_30_1780,5671.A4I569,5671.A4I5K5,0.327
2807,LINJ_30_0420,LINJ_24_0130,5671.A4I569,5671.E9AH25,0.041
2808,LINJ_30_0420,LACK1,5671.A4I569,5671.P62884,0.043
2810,LINJ_30_0620,LINJ_34_1840,5671.A4I588,5671.A4I9Y5,0.048
2811,LINJ_30_0620,MKK5,5671.A4I588,5671.A4ICP8,0.048
2819,LINJ_30_0850,LINJ_33_2520,5671.A4I5B1,5671.E9AHQ7,0.059
2820,LINJ_30_0850,LINJ_34_0030,5671.A4I5B1,5671.A4I9H1,0.083
2826,LINJ_30_0970,LINJ_32_1150,5671.A4I5C2,5671.A4I7S6,0.107
2827,LINJ_30_0970,LINJ_34_3790,5671.A4I5C2,5671.A4IAG7,0.107
2828,LINJ_30_1070,LINJ.12.0190,5671.A4I5D2,5671.E9AGB0,0.209
2829,LINJ_30_1070,91E11,5671.A4I5D2,5671.Q9GNZ8,0.395
2830,LINJ_30_1070,LINJ_03_0520,5671.A4I5D2,5671.E9AG43,0.405
2831,LINJ_30_1460,LINJ_32_1150,5671.A4I5H1,5671.A4I7S6,0.082
2832,LINJ_30_1460,LINJ_34_3790,5671.A4I5H1,5671.A4IAG7,0.082
2836,LINJ_30_1460,LINJ_24_1790,5671.A4I5H1,5671.E9AH79,0.045
2838,LINJ_30_1460,LINJ_34_0030,5671.A4I5H1,5671.A4I9H1,0.048
2841,LINJ_30_1700,LINJ_32_3470,5671.A4I5J7,5671.A4I8F2,0.339
2842,LINJ_30_1700,LINJ_21_1330,5671.A4I5J7,5671.E9AGX7,0.339
2843,LINJ_30_1700,LINJ_36_2140,5671.A4I5J7,5671.A4IDH5,0.339
2844,LINJ_30_1700,LINJ_30_2830,5671.A4I5J7,5671.A4I5W0,0.339
2845,LINJ_30_1700,LINJ_32_1940,5671.A4I5J7,5671.A4I800,0.339
2846,LINJ_30_1700,LINJ_36_2130,5671.A4I5J7,5671.A4IDH4,0.339
2847,LINJ_30_1700,LINJ_33_2520,5671.A4I5J7,5671.E9AHQ7,0.404
2848,LINJ_30_1710,LINJ_31_0890,5671.A4I5J8,5671.A4I6I0,0.054
2849,LINJ_30_1710,LINJ_27_0620,5671.A4I5J8,5671.E9AHE8,0.051
2850,LINJ_30_1710,LINJ_33_1940,5671.A4I5J8,5671.A4I946,0.051
2851,LINJ_30_1710,LINJ_32_1930,5671.A4I5J8,5671.A4I7Z9,0.054
2853,LINJ_30_1710,RAB7,5671.A4I5J8,5671.E9AGQ4,0.106
2854,LINJ_30_1710,LINJ_32_0520,5671.A4I5J8,5671.A4I7N3,0.054
2855,LINJ_30_1780,LINJ_03_0520,5671.A4I5K5,5671.E9AG43,0.082
2856,LINJ_30_1780,DHFR-TS,5671.A4I5K5,5671.Q8MQV3,0.227
2857,LINJ_30_1780,LINJ.12.0190,5671.A4I5K5,5671.E9AGB0,0.082
2858,LINJ_30_1780,RPT6,5671.A4I5K5,5671.A4IE38,0.046
2859,LINJ_30_1780,LINJ_36_4020,5671.A4I5K5,5671.A4ID13,0.354
2860,LINJ_30_1780,LINJ_22_0920,5671.A4I5K5,5671.E9AGZ4,0.354
2861,LINJ_30_1780,LINJ_33_2910,5671.A4I5K5,5671.A4I9B7,0.072
2862,LINJ_30_1780,LINJ_29_1420,5671.A4I5K5,5671.E9AHI7,0.334
2863,LINJ_30_1780,LINJ_36_5580,5671.A4I5K5,5671.A4IC77,0.243
2866,LINJ_30_1780,CYC6,5671.A4I5K5,5671.A4I8F7,0.341
2867,LINJ_30_1780,LINJ_24_1790,5671.A4I5K5,5671.E9AH79,0.392
2869,LINJ_30_2830,LINJ_32_3470,5671.A4I5W0,5671.A4I8F2,0.345
2870,LINJ_30_2830,DHFR-TS,5671.A4I5W0,5671.Q8MQV3,0.116
2871,LINJ_30_2830,LINJ_33_2520,5671.A4I5W0,5671.E9AHQ7,0.403
2872,LINJ_30_2920,LINJ_24_1890,5671.A4I5W9,5671.E9AH89,0.138
2873,LINJ_30_2920,LINJ_35_1240,5671.A4I5W9,5671.A4IB17,0.138
2874,LINJ_30_2920,LINJ_35_1230,5671.A4I5W9,5671.A4IB16,0.138
2875,LINJ_30_2920,LINJ_36_3570,5671.A4I5W9,5671.A4ID56,0.138
2876,LINJ_30_2920,DHFR-TS,5671.A4I5W9,5671.Q8MQV3,0.104
2878,LINJ_30_2930,LINJ_34_1840,5671.A4I5X0,5671.A4I9Y5,0.042
2879,LINJ_30_2930,MKK5,5671.A4I5X0,5671.A4ICP8,0.042
2880,LINJ_30_2930,LINJ_36_2310,5671.A4I5X0,5671.A4IDJ2,0.043
2882,LINJ_30_2930,TOR2,5671.A4I5X0,5671.A4IAK5,0.047
2883,LINJ_30_2930,TOR3,5671.A4I5X0,5671.A4IAG3,0.047
2886,LINJ_30_3310,LINJ_24_0130,5671.A4I610,5671.E9AH25,0.044
2889,LINJ_30_3430,LINJ.12.0190,5671.A4I628,5671.E9AGB0,0.054
2890,LINJ_30_3430,LINJ_03_0520,5671.A4I628,5671.E9AG43,0.082
2892,LINJ_30_3430,mMDH,5671.A4I628,5671.A4I9I5,0.277
2893,LINJ_30_3430,LINJ_34_0160,5671.A4I628,5671.A4I9I4,0.277
2894,LINJ_30_3430,LINJ_34_0150,5671.A4I628,5671.A4I9I3,0.277
2895,LINJ_30_3430,LinJ_35_5440,5671.A4I628,5671.A4IAQ0,0.495
2896,LINJ_30_3430,LINJ_35_0030,5671.A4I628,5671.A4IAQ4,0.495
2902,LINJ_30_3610,LINJ_24_0130,5671.A4I646,5671.E9AH25,0.098
2903,LINJ_30_3610,LINJ_33_1690,5671.A4I646,5671.A4I931,0.065
2904,LINJ_31_0890,LINJ_34_4140,5671.A4I6I0,5671.A4IAK2,0.043
2905,LINJ_31_0890,LINJ_33_3360,5671.A4I6I0,5671.A4I9G2,0.055
2907,LINJ_31_0890,LINJ_24_0260,5671.A4I6I0,5671.E9AH38,0.048
2908,LINJ_31_0890,LINJ_33_1940,5671.A4I6I0,5671.A4I946,0.116
2909,LINJ_31_0890,LINJ_27_0620,5671.A4I6I0,5671.E9AHE8,0.116
2911,LINJ_31_0890,RAB7,5671.A4I6I0,5671.E9AGQ4,0.107
2912,LINJ_31_0890,LINJ_24_0130,5671.A4I6I0,5671.E9AH25,0.043
2913,LINJ_31_0890,LINJ_34_0030,5671.A4I6I0,5671.A4I9H1,0.041
2918,ABCC5,MDR1,5671.A4I6Q4,5671.A4I9R3,0.308
2920,PRP1,MDR1,5671.A4I6S0,5671.A4I9R3,0.308
2923,LINJ_31_1870,LINJ_36_2310,5671.A4I6V7,5671.A4IDJ2,0.057
2924,LINJ_31_1870,LINJ_36_5610,5671.A4I6V7,5671.A4IDV1,0.082
2928,LINJ_31_1880,LINJ_36_5610,5671.A4I6V8,5671.A4IDV1,0.042
2929,LINJ_31_1880,LINJ_36_2310,5671.A4I6V8,5671.A4IDJ2,0.054
2930,LINJ_31_1880,LINJ_24_0130,5671.A4I6V8,5671.E9AH25,0.048
2932,LINJ_31_1880,LINJ_36_4020,5671.A4I6V8,5671.A4ID13,0.048
2933,LINJ_31_1880,LINJ_22_0920,5671.A4I6V8,5671.E9AGZ4,0.048
2934,LINJ_31_1880,LINJ_35_1310,5671.A4I6V8,5671.A4IB24,0.109
2936,PGFS,LINJ_36_5410,5671.A4I6Z4,5671.A4IDU0,0.104
2941,LINJ_31_3080,MDR1,5671.A4I7A2,5671.A4I9R3,0.351
2946,LINJ_31_3080,LINJ_33_2860,5671.A4I7A2,5671.A4I9B2,0.454
2947,LINJ_31_3260,LINJ_34_0150,5671.A4I7C0,5671.A4I9I3,0.046
2948,LINJ_31_3260,mMDH,5671.A4I7C0,5671.A4I9I5,0.046
2949,LINJ_31_3260,LINJ_34_0160,5671.A4I7C0,5671.A4I9I4,0.046
2951,LINJ_31_3260,LINJ_33_2860,5671.A4I7C0,5671.A4I9B2,0.494
2952,LINJ_32_0050,LINJ_27_0620,5671.A4I7G8,5671.E9AHE8,0.046
2953,LINJ_32_0050,LINJ_33_1940,5671.A4I7G8,5671.A4I946,0.046
2954,LINJ_32_0050,LINJ_31_2720,5671.A4I7G8,5671.E9AHL8,0.103
2955,LINJ_32_0050,LINJ_34_4140,5671.A4I7G8,5671.A4IAK2,0.074
2958,LINJ_32_0050,GCVL-2,5671.A4I7G8,5671.A4I8F6,0.103
2960,LINJ_32_0050,LINJ_33_3360,5671.A4I7G8,5671.A4I9G2,0.21
2965,LINJ_32_0730,LINJ_32_1150,5671.A4I7L2,5671.A4I7S6,0.218
2966,LINJ_32_0730,LINJ_34_3790,5671.A4I7L2,5671.A4IAG7,0.218
2967,LINJ_32_0730,LINJ_35_1310,5671.A4I7L2,5671.A4IB24,0.158
2968,LINJ_32_0730,LINJ_33_2910,5671.A4I7L2,5671.A4I9B7,0.137
2970,LINJ_32_0730,LINJ_32_1010,5671.A4I7L2,5671.A4I7R2,0.137
2976,LINJ_32_0690,LINJ_35_1310,5671.A4I7L6,5671.A4IB24,0.159
2980,LINJ_32_0520,LINJ_24_0260,5671.A4I7N3,5671.E9AH38,0.044
2984,LINJ_32_0520,LINJ_24_0130,5671.A4I7N3,5671.E9AH25,0.043
2985,LINJ_32_0520,LINJ_34_0030,5671.A4I7N3,5671.A4I9H1,0.041
2986,LINJ_32_1010,91E11,5671.A4I7R2,5671.Q9GNZ8,0.194
2987,LINJ_32_1010,LINJ_35_1720,5671.A4I7R2,5671.A4IB73,0.076
2988,LINJ_32_1010,LINJ_35_1310,5671.A4I7R2,5671.A4IB24,0.081
2990,LINJ_32_1010,LINJ_33_2910,5671.A4I7R2,5671.A4I9B7,0.067
2991,LINJ_32_1010,LINJ_24_1780,5671.A4I7R2,5671.E9AH78,0.049
2992,LINJ_32_1010,LINJ_32_1150,5671.A4I7R2,5671.A4I7S6,0.041
2993,LINJ_32_1010,LINJ_34_3790,5671.A4I7R2,5671.A4IAG7,0.041
2994,LINJ_32_1150,LINJ_03_0460,5671.A4I7S6,5671.E9AG37,0.296
2995,LINJ_32_1150,LINJ_35_1730,5671.A4I7S6,5671.A4IB74,0.253
2996,LINJ_32_1150,LINJ_32_4080,5671.A4I7S6,5671.A4I8L1,0.19
2998,LINJ_32_1150,LINJ_33_2910,5671.A4I7S6,5671.A4I9B7,0.041
2999,LINJ_32_1150,LINJ_35_1310,5671.A4I7S6,5671.A4IB24,0.047
3008,LINJ_32_1900,LINJ_24_0220,5671.A4I7Z6,5671.E9AH34,0.043
3009,LINJ_32_1930,LINJ_34_4140,5671.A4I7Z9,5671.A4IAK2,0.043
3010,LINJ_32_1930,LINJ_33_3360,5671.A4I7Z9,5671.A4I9G2,0.055
3012,LINJ_32_1930,LINJ_24_0260,5671.A4I7Z9,5671.E9AH38,0.048
3014,LINJ_32_1930,LINJ_27_0620,5671.A4I7Z9,5671.E9AHE8,0.116
3015,LINJ_32_1930,LINJ_33_1940,5671.A4I7Z9,5671.A4I946,0.116
3016,LINJ_32_1930,RAB7,5671.A4I7Z9,5671.E9AGQ4,0.107
3017,LINJ_32_1930,LINJ_24_0130,5671.A4I7Z9,5671.E9AH25,0.043
3018,LINJ_32_1930,LINJ_34_0030,5671.A4I7Z9,5671.A4I9H1,0.041
3020,LINJ_32_1940,LINJ_32_3470,5671.A4I800,5671.A4I8F2,0.345
3021,LINJ_32_1940,DHFR-TS,5671.A4I800,5671.Q8MQV3,0.116
3022,LINJ_32_1940,LINJ_33_2520,5671.A4I800,5671.E9AHQ7,0.403
3027,LINJ_32_2160,LINJ_33_3360,5671.A4I825,5671.A4I9G2,0.055
3028,LINJ_32_2160,LINJ_27_0620,5671.A4I825,5671.E9AHE8,0.057
3030,LINJ_32_2160,LINJ_33_1940,5671.A4I825,5671.A4I946,0.057
3031,LINJ_32_2160,LINJ_24_0260,5671.A4I825,5671.E9AH38,0.128
3032,LINJ_32_2160,RAB7,5671.A4I825,5671.E9AGQ4,0.109
3034,LINJ_32_2160,LINJ_24_0130,5671.A4I825,5671.E9AH25,0.043
3035,LINJ_32_2160,LINJ_34_0030,5671.A4I825,5671.A4I9H1,0.058
3039,LINJ_32_3240,LINJ_36_5610,5671.A4I8C9,5671.A4IDV1,0.042
3040,LINJ_32_3240,LINJ_36_2310,5671.A4I8C9,5671.A4IDJ2,0.054
3041,LINJ_32_3240,LINJ_24_0130,5671.A4I8C9,5671.E9AH25,0.048
3043,LINJ_32_3240,LINJ_36_4020,5671.A4I8C9,5671.A4ID13,0.048
3044,LINJ_32_3240,LINJ_22_0920,5671.A4I8C9,5671.E9AGZ4,0.048
3045,LINJ_32_3240,LINJ_35_1310,5671.A4I8C9,5671.A4IB24,0.109
3048,LINJ_32_3470,PABP1,5671.A4I8F2,5671.A4IC57,0.421
3049,LINJ_32_3470,PABP2,5671.A4I8F2,5671.A4IBV3,0.421
3050,LINJ_32_3470,LINJ_24_1640,5671.A4I8F2,5671.E9AH64,0.421
3051,LINJ_32_3470,LINJ_36_2130,5671.A4I8F2,5671.A4IDH4,0.345
3052,LINJ_32_3470,LINJ_36_2140,5671.A4I8F2,5671.A4IDH5,0.345
3053,LINJ_32_3470,DHFR-TS,5671.A4I8F2,5671.Q8MQV3,0.082
3054,LINJ_32_3470,LINJ_31_2720,5671.A4I8F2,5671.E9AHL8,0.499
3055,LINJ_32_3470,GCVL-2,5671.A4I8F2,5671.A4I8F6,0.499
3056,LINJ_32_3470,LINJ_33_2520,5671.A4I8F2,5671.E9AHQ7,0.403
3057,LINJ_32_3470,LINJ_21_1330,5671.A4I8F2,5671.E9AGX7,0.769
3058,GCVL-2,LINJ.12.0830,5671.A4I8F6,5671.E9AGI7,0.052
3059,GCVL-2,LINJ_26_0290,5671.A4I8F6,5671.E9AHB1,0.052
3060,GCVL-2,LINJ_34_0160,5671.A4I8F6,5671.A4I9I4,0.406
3061,GCVL-2,mMDH,5671.A4I8F6,5671.A4I9I5,0.406
3062,GCVL-2,LINJ_34_0150,5671.A4I8F6,5671.A4I9I3,0.406
3063,GCVL-2,LINJ_35_0030,5671.A4I8F6,5671.A4IAQ4,0.192
3064,GCVL-2,LinJ_35_5440,5671.A4I8F6,5671.A4IAQ0,0.192
3066,GCVL-2,DHFR-TS,5671.A4I8F6,5671.Q8MQV3,0.053
3067,CYC6,LINJ_29_1420,5671.A4I8F7,5671.E9AHI7,0.303
3068,CYC6,LINJ_22_0920,5671.A4I8F7,5671.E9AGZ4,0.308
3069,CYC6,LINJ_36_4020,5671.A4I8F7,5671.A4ID13,0.308
3070,CYC6,LINJ_33_2910,5671.A4I8F7,5671.A4I9B7,0.048
3072,CYC6,LINJ_27_2570,5671.A4I8F7,5671.E9AHC6,0.341
3073,CYC6,LINJ_36_5580,5671.A4I8F7,5671.A4IC77,0.338
3074,CYC6,LINJ_34_0030,5671.A4I8F7,5671.A4I9H1,0.082
3075,CYC6,LINJ_24_1790,5671.A4I8F7,5671.E9AH79,0.419
3077,CYC6,CRK3,5671.A4I8F7,5671.A4ICT0,0.341
3078,LINJ_32_4080,LINJ_34_3790,5671.A4I8L1,5671.A4IAG7,0.19
3079,LINJ_33_0060,LINJ_35_3920,5671.A4I8M2,5671.A4IBS6,0.326
3082,LINJ_33_0060,LACK1,5671.A4I8M2,5671.P62884,0.081
3083,LINJ_33_0060,LINJ_24_1790,5671.A4I8M2,5671.E9AH79,0.084
3084,LINJ_33_1060,LINJ_33_2210,5671.A4I8W5,5671.A4I980,0.044
3085,LINJ_33_1060,LINJ_35_2080,5671.A4I8W5,5671.A4IBA6,0.076
3089,MPK11,LINJ_36_2310,5671.A4I910,5671.A4IDJ2,0.043
3090,MPK11,MKK5,5671.A4I910,5671.A4ICP8,0.042
3091,MPK11,LINJ_34_1840,5671.A4I910,5671.A4I9Y5,0.042
3093,MPK11,TOR2,5671.A4I910,5671.A4IAK5,0.047
3094,MPK11,TOR3,5671.A4I910,5671.A4IAG3,0.047
3096,LINJ_33_1500,LINJ_24_1790,5671.A4I913,5671.E9AH79,0.051
3099,LINJ_33_1690,LINJ_36_1840,5671.A4I931,5671.A4IDE7,0.044
3100,LINJ_33_1690,LINJ_34_3110,5671.A4I931,5671.A4IAA0,0.065
3101,LINJ_33_1690,LINJ_36_3570,5671.A4I931,5671.A4ID56,0.044
3103,LINJ_33_1940,LINJ_33_3360,5671.A4I946,5671.A4I9G2,0.061
3104,LINJ_33_1940,RAB7,5671.A4I946,5671.E9AGQ4,0.141
3108,LINJ_33_2210,LINJ_35_2080,5671.A4I980,5671.A4IBA6,0.044
3110,LINJ_33_2860,LinJ_35_5440,5671.A4I9B2,5671.A4IAQ0,0.213
3111,LINJ_33_2860,LINJ_35_0030,5671.A4I9B2,5671.A4IAQ4,0.213
3113,LINJ_33_2860,LINJ_24_1890,5671.A4I9B2,5671.E9AH89,0.288
3114,LINJ_33_2860,LINJ_35_1240,5671.A4I9B2,5671.A4IB17,0.288
3115,LINJ_33_2860,LINJ_35_1230,5671.A4I9B2,5671.A4IB16,0.288
3116,LINJ_33_2860,LINJ_36_3570,5671.A4I9B2,5671.A4ID56,0.288
3118,LINJ_33_2910,LINJ_27_2570,5671.A4I9B7,5671.E9AHC6,0.072
3119,LINJ_33_2910,CRK3,5671.A4I9B7,5671.A4ICT0,0.072
3121,LINJ_33_2910,LINJ_36_5580,5671.A4I9B7,5671.A4IC77,0.088
3122,LINJ_33_2910,LINJ_24_0130,5671.A4I9B7,5671.E9AH25,0.042
3123,LINJ_33_2910,LINJ_29_1420,5671.A4I9B7,5671.E9AHI7,0.104
3124,LINJ_33_2910,LINJ_36_1730,5671.A4I9B7,5671.A4IDD6,0.054
3126,LINJ_33_2910,LINJ_03_0520,5671.A4I9B7,5671.E9AG43,0.046
3127,LINJ_33_2910,LINJ.12.0190,5671.A4I9B7,5671.E9AGB0,0.106
3128,LINJ_33_2910,91E11,5671.A4I9B7,5671.Q9GNZ8,0.046
3129,LINJ_33_2910,RPT6,5671.A4I9B7,5671.A4IE38,0.082
3130,LINJ_33_2910,LINJ_24_1780,5671.A4I9B7,5671.E9AH78,0.157
3131,LINJ_33_2910,LINJ_24_1790,5671.A4I9B7,5671.E9AH79,0.083
3132,LINJ_33_2910,LINJ_34_3790,5671.A4I9B7,5671.A4IAG7,0.041
3133,LINJ_33_3360,LINJ_34_3300,5671.A4I9G2,5671.A4IAB8,0.044
3134,LINJ_33_3360,LINJ_35_1270,5671.A4I9G2,5671.A4IB20,0.044
3135,LINJ_33_3360,LINJ_28_1910,5671.A4I9G2,5671.E9AHG7,0.044
3136,LINJ_33_3360,LINJ_24_0170,5671.A4I9G2,5671.E9AH29,0.082
3137,LINJ_33_3360,LINJ_36_1420,5671.A4I9G2,5671.A4ICJ9,0.082
3138,LINJ_33_3360,LINJ_27_0620,5671.A4I9G2,5671.E9AHE8,0.061
3139,LINJ_33_3360,LINJ_34_4140,5671.A4I9G2,5671.A4IAK2,0.665
3142,LINJ_34_0030,LINJ.12.0190,5671.A4I9H1,5671.E9AGB0,0.065
3143,LINJ_34_0030,LINJ_22_0920,5671.A4I9H1,5671.E9AGZ4,0.142
3144,LINJ_34_0030,LINJ_36_4020,5671.A4I9H1,5671.A4ID13,0.142
3145,LINJ_34_0030,LINJ_35_1020,5671.A4I9H1,5671.A4IAZ7,0.045
3146,LINJ_34_0030,LINJ.12.0610,5671.A4I9H1,5671.E9AGF3,0.055
3147,LINJ_34_0030,LINJ_24_1790,5671.A4I9H1,5671.E9AH79,0.104
3149,LINJ_34_0030,LINJ_34_1950,5671.A4I9H1,5671.A4I9Z1,0.042
3150,LINJ_34_0030,LINJ_34_0990,5671.A4I9H1,5671.A4I9Q1,0.046
3151,LINJ_34_0030,LINJ_19_0130,5671.A4I9H1,5671.E9AGR6,0.046
3152,LINJ_34_0030,LINJ_35_1070,5671.A4I9H1,5671.A4IB02,0.046
3153,LINJ_34_0030,LINJ_35_1730,5671.A4I9H1,5671.A4IB74,0.107
3156,LINJ_34_0030,LINJ_03_0460,5671.A4I9H1,5671.E9AG37,0.045
3159,LINJ_34_0030,LINJ_24_0130,5671.A4I9H1,5671.E9AH25,0.066
3160,LINJ_34_0030,LINJ_34_1900,5671.A4I9H1,5671.A4IAM7,0.347
3169,LINJ_34_0030,LINJ_34_1530,5671.A4I9H1,5671.A4I9V5,0.048
3171,LINJ_34_0150,LINJ_31_2720,5671.A4I9I3,5671.E9AHL8,0.406
3174,LINJ_34_0150,PGKB,5671.A4I9I3,5671.E9AGU0,0.277
3175,LINJ_34_0150,PGKC,5671.A4I9I3,5671.E9AGT9,0.277
3176,LINJ_34_0150,LinJ_35_5440,5671.A4I9I3,5671.A4IAQ0,0.337
3177,LINJ_34_0150,LINJ_35_0030,5671.A4I9I3,5671.A4IAQ4,0.337
3178,LINJ_34_0150,LINJ_36_1840,5671.A4I9I3,5671.A4IDE7,0.06
3180,LINJ_34_0160,LINJ_31_2720,5671.A4I9I4,5671.E9AHL8,0.406
3182,LINJ_34_0160,PGKB,5671.A4I9I4,5671.E9AGU0,0.277
3183,LINJ_34_0160,PGKC,5671.A4I9I4,5671.E9AGT9,0.277
3184,LINJ_34_0160,LinJ_35_5440,5671.A4I9I4,5671.A4IAQ0,0.337
3185,LINJ_34_0160,LINJ_35_0030,5671.A4I9I4,5671.A4IAQ4,0.337
3186,LINJ_34_0160,LINJ_36_1840,5671.A4I9I4,5671.A4IDE7,0.06
3188,mMDH,LINJ_31_2720,5671.A4I9I5,5671.E9AHL8,0.406
3189,mMDH,LINJ_36_5410,5671.A4I9I5,5671.A4IDU0,0.046
3190,mMDH,PGKB,5671.A4I9I5,5671.E9AGU0,0.277
3191,mMDH,PGKC,5671.A4I9I5,5671.E9AGT9,0.277
3192,mMDH,LinJ_35_5440,5671.A4I9I5,5671.A4IAQ0,0.337
3193,mMDH,LINJ_35_0030,5671.A4I9I5,5671.A4IAQ4,0.337
3194,mMDH,LINJ_36_1840,5671.A4I9I5,5671.A4IDE7,0.06
3196,LINJ_34_0500,LINJ_24_0130,5671.A4I9L8,5671.E9AH25,0.042
3200,LINJ_34_1530,LINJ_35_1730,5671.A4I9V5,5671.A4IB74,0.083
3201,LINJ_34_1530,LINJ_34_1900,5671.A4I9V5,5671.A4IAM7,0.267
3204,LINJ_34_1840,LINJ_36_0970,5671.A4I9Y5,5671.A4ICP3,0.045
3205,LINJ_34_1840,LINJ_19_0140,5671.A4I9Y5,5671.E9AGR7,0.048
3206,LINJ_34_1840,LINJ_27_2570,5671.A4I9Y5,5671.E9AHC6,0.104
3207,LINJ_34_1840,CRK3,5671.A4I9Y5,5671.A4ICT0,0.104
3208,LINJ_34_1840,LINJ_36_0780,5671.A4I9Y5,5671.A4ICR2,0.042
3209,LINJ_34_1840,LMPK,5671.A4I9Y5,5671.A4ICA4,0.042
3210,LINJ_34_1840,LINJ_24_0220,5671.A4I9Y5,5671.E9AH34,0.05
3215,LINJ_34_2160,LINJ_35_1310,5671.A4IA04,5671.A4IB24,0.159
3219,LINJ_34_3110,LINJ_24_0130,5671.A4IAA0,5671.E9AH25,0.098
3221,LINJ_34_3340,LINJ_24_0130,5671.A4IAC2,5671.E9AH25,0.044
3226,TOR3,LINJ_33_2520,5671.A4IAG3,5671.E9AHQ7,0.047
3228,LINJ_34_3790,LINJ_03_0460,5671.A4IAG7,5671.E9AG37,0.296
3229,LINJ_34_3790,LINJ_35_1730,5671.A4IAG7,5671.A4IB74,0.253
3231,LINJ_34_3790,LINJ_35_1310,5671.A4IAG7,5671.A4IB24,0.047
3232,LINJ_34_4020,LINJ_03_0460,5671.A4IAJ0,5671.E9AG37,0.043
3234,LINJ_34_4140,LINJ_36_1420,5671.A4IAK2,5671.A4ICJ9,0.082
3235,LINJ_34_4140,LINJ_24_0170,5671.A4IAK2,5671.E9AH29,0.082
3237,TOR2,LINJ_33_2520,5671.A4IAK5,5671.E9AHQ7,0.047
3238,LINJ_34_1900,LINJ_36_7340,5671.A4IAM7,5671.A4ICE0,0.07
3242,LinJ_35_5440,LINJ_31_2720,5671.A4IAQ0,5671.E9AHL8,0.192
3243,LinJ_35_5440,DHFR-TS,5671.A4IAQ0,5671.Q8MQV3,0.059
3244,LinJ_35_5440,PGKC,5671.A4IAQ0,5671.E9AGT9,0.495
3245,LinJ_35_5440,PGKB,5671.A4IAQ0,5671.E9AGU0,0.495
3248,LINJ_35_0030,LINJ_31_2720,5671.A4IAQ4,5671.E9AHL8,0.192
3249,LINJ_35_0030,DHFR-TS,5671.A4IAQ4,5671.Q8MQV3,0.059
3250,LINJ_35_0030,PGKB,5671.A4IAQ4,5671.E9AGU0,0.495
3251,LINJ_35_0030,PGKC,5671.A4IAQ4,5671.E9AGT9,0.495
3254,LINJ_35_1020,LINJ_27_2570,5671.A4IAZ7,5671.E9AHC6,0.058
3260,LINJ_35_1030,LINJ_27_2570,5671.A4IAZ8,5671.E9AHC6,0.058
3264,LINJ_35_1230,LINJ_36_1840,5671.A4IB16,5671.A4IDE7,0.138
3265,LINJ_35_1230,LINJ_36_5410,5671.A4IB16,5671.A4IDU0,0.138
3266,LINJ_35_1230,DHFR-TS,5671.A4IB16,5671.Q8MQV3,0.072
3267,LINJ_35_1240,LINJ_36_1840,5671.A4IB17,5671.A4IDE7,0.138
3268,LINJ_35_1240,LINJ_36_5410,5671.A4IB17,5671.A4IDU0,0.138
3269,LINJ_35_1240,DHFR-TS,5671.A4IB17,5671.Q8MQV3,0.072
3270,LINJ_35_1270,91E11,5671.A4IB20,5671.Q9GNZ8,0.104
3271,LINJ_35_1270,LINJ_03_0520,5671.A4IB20,5671.E9AG43,0.207
3272,LINJ_35_1310,91E11,5671.A4IB24,5671.Q9GNZ8,0.048
3273,LINJ_35_1310,LINJ_36_6370,5671.A4IB24,5671.A4IE23,0.159
3274,LINJ_35_1310,LINJ_03_0520,5671.A4IB24,5671.E9AG43,0.058
3275,LINJ_35_1310,LINJ_36_1730,5671.A4IB24,5671.A4IDD6,0.082
3276,LINJ_35_1310,LINJ_35_3880,5671.A4IB24,5671.A4IBS2,0.08
3277,LINJ_35_1310,LINJ.12.0190,5671.A4IB24,5671.E9AGB0,0.103
3278,LINJ_35_1310,LINJ_29_1420,5671.A4IB24,5671.E9AHI7,0.059
3279,LINJ_35_1310,LINJ_24_1790,5671.A4IB24,5671.E9AH79,0.083
3280,LINJ_35_1310,RPT6,5671.A4IB24,5671.A4IE38,0.109
3282,LINJ_35_1310,LINJ_36_0970,5671.A4IB24,5671.A4ICP3,0.183
3283,LINJ_35_1310,LINJ_22_0920,5671.A4IB24,5671.E9AGZ4,0.082
3284,LINJ_35_1310,LINJ_36_4020,5671.A4IB24,5671.A4ID13,0.082
3288,LINJ_35_1720,LINJ_24_0260,5671.A4IB73,5671.E9AH38,0.212
3289,LINJ_35_1720,LINJ_36_5320,5671.A4IB73,5671.A4IDT1,0.063
3296,LINJ_35_3880,LINJ_36_1420,5671.A4IBS2,5671.A4ICJ9,0.139
3297,LINJ_35_3880,LINJ_24_0170,5671.A4IBS2,5671.E9AH29,0.139
3298,LINJ_35_3880,LINJ.12.0190,5671.A4IBS2,5671.E9AGB0,0.507
3299,LINJ_35_3880,LINJ_03_0520,5671.A4IBS2,5671.E9AG43,0.356
3300,LINJ_35_3880,LINJ_36_1730,5671.A4IBS2,5671.A4IDD6,0.708
3301,LINJ_35_3880,91E11,5671.A4IBS2,5671.Q9GNZ8,0.674
3302,LINJ_35_3880,RPT6,5671.A4IBS2,5671.A4IE38,0.613
3303,LINJ_35_3920,LINJ_19_0150,5671.A4IBS6,5671.E9AGR8,0.443
3304,LINJ_35_3920,LINJ_36_5050,5671.A4IBS6,5671.A4IDR0,0.372
3305,LINJ_35_3920,LINJ_24_1780,5671.A4IBS6,5671.E9AH78,0.054
3309,PABP2,LINJ_36_2140,5671.A4IBV3,5671.A4IDH5,0.141
3310,PABP2,LINJ_36_2130,5671.A4IBV3,5671.A4IDH4,0.141
3311,LINJ_35_4740,LINJ_24_1790,5671.A4IC06,5671.E9AH79,0.091
3312,DMC1,LINJ_28_1910,5671.A4IC25,5671.E9AHG7,0.083
3313,DMC1,DHFR-TS,5671.A4IC25,5671.Q8MQV3,0.143
3314,PABP1,LINJ_36_2140,5671.A4IC57,5671.A4IDH5,0.141
3315,PABP1,LINJ_36_2130,5671.A4IC57,5671.A4IDH4,0.141
3316,LINJ_36_5580,LINJ_33_2520,5671.A4IC77,5671.E9AHQ7,0.056
3317,LINJ_36_5580,CRK3,5671.A4IC77,5671.A4ICT0,0.243
3318,LINJ_36_5580,LINJ_27_2570,5671.A4IC77,5671.E9AHC6,0.243
3320,LINJ_36_5580,LINJ_29_1420,5671.A4IC77,5671.E9AHI7,0.326
3321,LINJ_36_5580,LINJ_24_1790,5671.A4IC77,5671.E9AH79,0.389
3323,LMPK,LINJ_36_2310,5671.A4ICA4,5671.A4IDJ2,0.043
3324,LMPK,MKK5,5671.A4ICA4,5671.A4ICP8,0.042
3327,LINJ_36_1420,LINJ_19_0150,5671.A4ICJ9,5671.E9AGR8,0.106
3328,LINJ_36_1420,LINJ_24_0130,5671.A4ICJ9,5671.E9AH25,0.05
3329,LINJ_36_1420,LINJ_33_2520,5671.A4ICJ9,5671.E9AHQ7,0.127
3330,LINJ_36_1420,LINJ_36_1730,5671.A4ICJ9,5671.A4IDD6,0.107
3331,LINJ_36_1420,LINJ_03_0520,5671.A4ICJ9,5671.E9AG43,0.104
3332,LINJ_36_1420,91E11,5671.A4ICJ9,5671.Q9GNZ8,0.111
3333,LINJ_36_1420,RPT6,5671.A4ICJ9,5671.A4IE38,0.202
3334,LINJ_36_1420,LINJ.12.0190,5671.A4ICJ9,5671.E9AGB0,0.125
3336,LINJ_36_0970,LINJ_36_2310,5671.A4ICP3,5671.A4IDJ2,0.044
3337,LINJ_36_0970,MKK5,5671.A4ICP3,5671.A4ICP8,0.045
3338,LINJ_36_0970,LINJ.12.0610,5671.A4ICP3,5671.E9AGF3,0.107
3339,LINJ_36_0970,LINJ_24_0130,5671.A4ICP3,5671.E9AH25,0.042
3340,LINJ_36_0970,LINJ_33_2520,5671.A4ICP3,5671.E9AHQ7,0.043
3344,MKK5,LINJ_19_0140,5671.A4ICP8,5671.E9AGR7,0.048
3345,MKK5,LINJ_27_2570,5671.A4ICP8,5671.E9AHC6,0.104
3346,MKK5,CRK3,5671.A4ICP8,5671.A4ICT0,0.104
3347,MKK5,LINJ_36_0780,5671.A4ICP8,5671.A4ICR2,0.042
3348,MKK5,LINJ_24_0220,5671.A4ICP8,5671.E9AH34,0.05
3351,LINJ_36_0780,LINJ_36_2310,5671.A4ICR2,5671.A4IDJ2,0.043
3353,CRK3,LINJ_03_0520,5671.A4ICT0,5671.E9AG43,0.082
3354,CRK3,DHFR-TS,5671.A4ICT0,5671.Q8MQV3,0.227
3355,CRK3,LINJ.12.0190,5671.A4ICT0,5671.E9AGB0,0.082
3356,CRK3,RPT6,5671.A4ICT0,5671.A4IE38,0.046
3357,CRK3,LINJ_22_0920,5671.A4ICT0,5671.E9AGZ4,0.354
3358,CRK3,LINJ_36_4020,5671.A4ICT0,5671.A4ID13,0.354
3360,CRK3,LINJ_29_1420,5671.A4ICT0,5671.E9AHI7,0.334
3362,CRK3,LINJ_24_1790,5671.A4ICT0,5671.E9AH79,0.392
3363,LINJ_36_4020,LINJ_27_2570,5671.A4ID13,5671.E9AHC6,0.354
3364,LINJ_36_4020,LINJ_24_1790,5671.A4ID13,5671.E9AH79,0.315
3365,LINJ_36_4020,LINJ_29_1420,5671.A4ID13,5671.E9AHI7,0.302
3367,LINJ_36_3570,LINJ_36_5410,5671.A4ID56,5671.A4IDU0,0.138
3368,LINJ_36_3570,LINJ_36_1840,5671.A4ID56,5671.A4IDE7,0.138
3369,LINJ_36_3570,DHFR-TS,5671.A4ID56,5671.Q8MQV3,0.072
3372,LINJ_36_1730,LINJ_24_0170,5671.A4IDD6,5671.E9AH29,0.107
3373,LINJ_36_1730,LINJ_03_0520,5671.A4IDD6,5671.E9AG43,0.394
3374,LINJ_36_1730,LINJ.12.0190,5671.A4IDD6,5671.E9AGB0,0.627
3375,LINJ_36_1730,91E11,5671.A4IDD6,5671.Q9GNZ8,0.543
3376,LINJ_36_1730,RPT6,5671.A4IDD6,5671.A4IE38,0.503
3377,LINJ_36_1840,LINJ_24_1890,5671.A4IDE7,5671.E9AH89,0.138
3378,LINJ_36_1840,DHFR-TS,5671.A4IDE7,5671.Q8MQV3,0.104
3379,LINJ_36_2130,DHFR-TS,5671.A4IDH4,5671.Q8MQV3,0.116
3380,LINJ_36_2130,LINJ_33_2520,5671.A4IDH4,5671.E9AHQ7,0.403
3382,LINJ_36_2140,DHFR-TS,5671.A4IDH5,5671.Q8MQV3,0.116
3383,LINJ_36_2140,LINJ_33_2520,5671.A4IDH5,5671.E9AHQ7,0.403
3384,LINJ_36_2310,LINJ.12.0671,5671.A4IDJ2,5671.E9AGG9,0.043
3385,LINJ_36_2310,LINJ_36_5610,5671.A4IDJ2,5671.A4IDV1,0.082
3389,LINJ_36_5410,LINJ_24_1890,5671.A4IDU0,5671.E9AH89,0.138
3390,LINJ_36_5410,DHFR-TS,5671.A4IDU0,5671.Q8MQV3,0.104
3391,LINJ_36_5500,DHFR-TS,5671.A4IDU8,5671.Q8MQV3,0.134
3394,RPT6,LINJ_27_2570,5671.A4IE38,5671.E9AHC6,0.046
3395,RPT6,LINJ_29_1420,5671.A4IE38,5671.E9AHI7,0.065
3396,RPT6,LINJ_24_1790,5671.A4IE38,5671.E9AH79,0.104
3397,RPT6,LINJ_24_0130,5671.A4IE38,5671.E9AH25,0.083
3398,RPT6,LINJ_24_0170,5671.A4IE38,5671.E9AH29,0.202
3399,RPT6,LINJ_03_0520,5671.A4IE38,5671.E9AG43,0.715
3400,RPT6,LINJ.12.0190,5671.A4IE38,5671.E9AGB0,0.766
3401,RPT6,91E11,5671.A4IE38,5671.Q9GNZ8,0.394
3402,LINJ_03_0460,LINJ_03_0520,5671.E9AG37,5671.E9AG43,0.247
3403,LINJ_03_0460,LINJ_24_0260,5671.E9AG37,5671.E9AH38,0.046
3404,LINJ_03_0520,LINJ_27_2570,5671.E9AG43,5671.E9AHC6,0.082
3405,LINJ_03_0520,LINJ_21_1330,5671.E9AG43,5671.E9AGX7,0.201
3406,LINJ_03_0520,LINJ_29_1420,5671.E9AG43,5671.E9AHI7,0.05
3408,LINJ_03_0520,LINJ_24_0130,5671.E9AG43,5671.E9AH25,0.051
3409,LINJ_03_0520,PGKC,5671.E9AG43,5671.E9AGT9,0.082
3410,LINJ_03_0520,PGKB,5671.E9AG43,5671.E9AGU0,0.082
3411,LINJ_03_0520,LINJ_24_0170,5671.E9AG43,5671.E9AH29,0.104
3412,LINJ_03_0520,91E11,5671.E9AG43,5671.Q9GNZ8,0.627
3413,LINJ_03_0520,LINJ.12.0190,5671.E9AG43,5671.E9AGB0,0.757
3416,LINJ.12.0190,LINJ_27_2570,5671.E9AGB0,5671.E9AHC6,0.082
3418,LINJ.12.0190,LINJ_29_1420,5671.E9AGB0,5671.E9AHI7,0.048
3419,LINJ.12.0190,PGKC,5671.E9AGB0,5671.E9AGT9,0.054
3420,LINJ.12.0190,PGKB,5671.E9AGB0,5671.E9AGU0,0.054
3421,LINJ.12.0190,LINJ_24_0130,5671.E9AGB0,5671.E9AH25,0.106
3422,LINJ.12.0190,LINJ_24_0170,5671.E9AGB0,5671.E9AH29,0.125
3423,LINJ.12.0190,91E11,5671.E9AGB0,5671.Q9GNZ8,0.477
3424,LINJ.12.0610,AAH,5671.E9AGF3,5671.E9AHV7,0.213
3425,LINJ.12.0610,LINJ_33_2520,5671.E9AGF3,5671.E9AHQ7,0.043
3427,LINJ.12.0830,LINJ_31_2720,5671.E9AGI7,5671.E9AHL8,0.052
3428,DHODH,DHFR-TS,5671.E9AGN2,5671.Q8MQV3,0.107
3429,LINJ_16_0680,DHFR-TS,5671.E9AGN4,5671.Q8MQV3,0.134
3430,RAB7,LINJ_27_0620,5671.E9AGQ4,5671.E9AHE8,0.141
3431,LINJ_19_0150,LINJ_21_1330,5671.E9AGR8,5671.E9AGX7,0.346
3432,LINJ_19_0150,LINJ_24_0170,5671.E9AGR8,5671.E9AH29,0.106
3433,LINJ_19_0150,LACK1,5671.E9AGR8,5671.P62884,0.182
3434,LINJ_19_0150,DHFR-TS,5671.E9AGR8,5671.Q8MQV3,0.267
3438,LINJ_21_1330,DHFR-TS,5671.E9AGX7,5671.Q8MQV3,0.081
3439,LINJ_21_1330,LINJ_33_2520,5671.E9AGX7,5671.E9AHQ7,0.403
3440,LINJ_21_1330,91E11,5671.E9AGX7,5671.Q9GNZ8,0.213
3441,LINJ_22_0920,LINJ_27_2570,5671.E9AGZ4,5671.E9AHC6,0.354
3442,LINJ_22_0920,LINJ_24_1790,5671.E9AGZ4,5671.E9AH79,0.315
3443,LINJ_22_0920,LINJ_29_1420,5671.E9AGZ4,5671.E9AHI7,0.302
3444,LINJ_24_0130,LINJ_24_0170,5671.E9AH25,5671.E9AH29,0.05
3445,LINJ_24_0130,LINJ_29_1420,5671.E9AH25,5671.E9AHI7,0.055
3448,LINJ_24_0130,DHFR-TS,5671.E9AH25,5671.Q8MQV3,0.043
3449,LINJ_24_0130,91E11,5671.E9AH25,5671.Q9GNZ8,0.055
3450,LINJ_24_0130,LINJ_24_1790,5671.E9AH25,5671.E9AH79,0.041
3451,LINJ_24_0130,LINJ_33_2520,5671.E9AH25,5671.E9AHQ7,0.276
3452,LINJ_24_0170,LINJ_33_2520,5671.E9AH29,5671.E9AHQ7,0.127
3453,LINJ_24_0170,91E11,5671.E9AH29,5671.Q9GNZ8,0.111
3454,LINJ_24_0260,DHFR-TS,5671.E9AH38,5671.Q8MQV3,0.042
3456,LINJ_24_1790,91E11,5671.E9AH79,5671.Q9GNZ8,0.045
3457,LINJ_24_1790,LINJ_28_1910,5671.E9AH79,5671.E9AHG7,0.363
3458,LINJ_24_1790,LINJ_27_2570,5671.E9AH79,5671.E9AHC6,0.392
3459,LINJ_24_1790,LINJ_29_1420,5671.E9AH79,5671.E9AHI7,0.404
3460,LINJ_24_1890,DHFR-TS,5671.E9AH89,5671.Q8MQV3,0.072
3461,LINJ_26_0290,LINJ_31_2720,5671.E9AHB1,5671.E9AHL8,0.052
3462,LINJ_27_2570,DHFR-TS,5671.E9AHC6,5671.Q8MQV3,0.227
3463,LINJ_27_2570,LINJ_29_1420,5671.E9AHC6,5671.E9AHI7,0.334
3464,LINJ_28_1910,LINJ_29_1420,5671.E9AHG7,5671.E9AHI7,0.401
3465,LINJ_28_1910,LINJ_33_2620,5671.E9AHG7,5671.E9AHR7,0.083
3466,LINJ_28_1910,DHFR-TS,5671.E9AHG7,5671.Q8MQV3,0.484
3467,LINJ_29_1420,DHFR-TS,5671.E9AHI7,5671.Q8MQV3,0.441
3469,LINJ_31_2720,DHFR-TS,5671.E9AHL8,5671.Q8MQV3,0.053
3470,LINJ_33_2620,DHFR-TS,5671.E9AHR7,5671.Q8MQV3,0.143
3471,AAH,DHFR-TS,5671.E9AHV7,5671.Q8MQV3,0.142
