#category	term ID	term description	observed gene count	background gene count	strength	signal	false discovery rate	matching proteins in your network (IDs)	matching proteins in your network (labels)
GO Process	GO:0009987	Cellular process	199	4004	0.25	0.89	9.83e-31	5671.A0A381MFJ0,5671.A4HRE8,5671.A4HRH0,5671.A4HRH2,5671.A4HRH5,5671.A4HRL5,5671.A4HRM3,5671.A4HRM7,5671.A4HRN3,5671.A4HRT1,5671.A4HRT2,5671.A4HRT4,5671.A4HRW8,5671.A4HRX5,5671.A4HRZ8,5671.A4HS64,5671.A4HSB4,5671.A4HSF7,5671.A4HSH7,5671.A4HSP6,5671.A4HT43,5671.A4HT82,5671.A4HT95,5671.A4HTB1,5671.A4HTB4,5671.A4HTD0,5671.A4HTS6,5671.A4HTU3,5671.A4HU06,5671.A4HU44,5671.A4HUB8,5671.A4HUC8,5671.A4HUG1,5671.A4HUJ0,5671.A4HUK3,5671.A4HUM8,5671.A4HUM9,5671.A4HUR6,5671.A4HUR8,5671.A4HUS3,5671.A4HUX0,5671.A4HVF3,5671.A4HVF7,5671.A4HVK4,5671.A4HVN7,5671.A4HVT1,5671.A4HVU4,5671.A4HVV6,5671.A4HVZ9,5671.A4HW20,5671.A4HWE8,5671.A4HWL4,5671.A4HWN6,5671.A4HWN7,5671.A4HWP5,5671.A4HWQ5,5671.A4HWV8,5671.A4HWX0,5671.A4HWZ4,5671.A4HX32,5671.A4HX71,5671.A4HXC3,5671.A4HXF5,5671.A4HXQ3,5671.A4HXU0,5671.A4HXY2,5671.A4HXY3,5671.A4HXY4,5671.A4HXY7,5671.A4HYH4,5671.A4HYH5,5671.A4HYI5,5671.A4HYJ4,5671.A4HYS3,5671.A4HYV4,5671.A4HYY3,5671.A4HZ08,5671.A4HZ67,5671.A4HZA2,5671.A4HZG8,5671.A4HZI9,5671.A4HZT4,5671.A4HZT8,5671.A4HZT9,5671.A4HZV1,5671.A4HZY8,5671.A4I000,5671.A4I093,5671.A4I0Q5,5671.A4I0Y4,5671.A4I0Z7,5671.A4I109,5671.A4I122,5671.A4I135,5671.A4I186,5671.A4I194,5671.A4I1D4,5671.A4I1H6,5671.A4I1I6,5671.A4I1J8,5671.A4I1P7,5671.A4I1W7,5671.A4I1W9,5671.A4I1Z4,5671.A4I1Z8,5671.A4I2H1,5671.A4I2I8,5671.A4I2M3,5671.A4I2Q7,5671.A4I2Q9,5671.A4I2S5,5671.A4I2S6,5671.A4I2S8,5671.A4I302,5671.A4I342,5671.A4I345,5671.A4I384,5671.A4I390,5671.A4I3C6,5671.A4I3C9,5671.A4I3K3,5671.A4I3S8,5671.A4I3V8,5671.A4I3V9,5671.A4I4C7,5671.A4I4K7,5671.A4I4M8,5671.A4I4P1,5671.A4I4T3,5671.A4I4U4,5671.A4I4W3,5671.A4I4W4,5671.A4I4Y0,5671.A4I4Y5,5671.A4I5C2,5671.A4I5D2,5671.A4I5H1,5671.A4I5J7,5671.A4I5J8,5671.A4I5K5,5671.A4I5W0,5671.A4I5W9,5671.A4I5X0,5671.A4I628,5671.A4I638,5671.A4I6L1,5671.A4I6Q3,5671.A4I7A2,5671.A4I7G8,5671.A4I7H1,5671.A4I7L2,5671.A4I7N3,5671.A4I7U2,5671.A4I7W3,5671.A4I800,5671.A4I825,5671.A4I8B2,5671.A4I8C9,5671.A4I8F2,5671.A4I8F6,5671.A4I8F7,5671.A4I910,5671.A4I931,5671.A4I967,5671.A4I9B2,5671.A4I9B7,5671.A4I9G2,5671.A4I9I3,5671.A4I9V5,5671.A4I9Y5,5671.A4IA43,5671.A4IAB8,5671.A4IAZ8,5671.A4IB17,5671.A4IB20,5671.A4IB24,5671.A4IB59,5671.A4IB73,5671.A4IBG5,5671.A4IC25,5671.A4IC57,5671.A4IC77,5671.A4ICT0,5671.A4ID13,5671.A4IDD6,5671.A4IDE7,5671.A4IDH4,5671.A4IDU8,5671.A4IE38,5671.E9AGB0,5671.E9AGI7,5671.E9AGR8,5671.E9AGT9,5671.E9AGX7,5671.E9AH29,5671.E9AH89,5671.E9AHI7,5671.E9AHL8,5671.E9AHR7	H1A-1,LINJ_01_0270,LINJ_01_0490,LINJ_01_0510,LINJ_01_0540,LINJ_02_0100,LINJ_02_0230,LINJ_02_0270,LINJ_02_0330,LINJ_03_0190,LINJ_03_0200,LINJ_03_0220,LINJ_03_0790,LINJ_03_0870,LINJ_04_0030,LINJ_04_0680,LINJ_04_1170,TRYR,LINJ_05_0550,LINJ_06_0030,LINJ_07_0410,LINJ_07_0510,LINJ_07_0790,LINJ_07_1000,LINJ_07_1030,LINJ_07_1210,LINJ_09_0100,LINJ_09_0270,LINJ_09_0900,LINJ_09_1280,LINJ_10_0090,LINJ_10_0200,MPK3,LINJ_10_0830,Rab11,LINJ_10_1250,LINJ_10_1260,LINJ_11_0040,LINJ_11_0060,LINJ_11_0110,LINJ_11_0600,LINJ_13_0170,LINJ_13_0220,LINJ_13_0650,LINJ_13_0990,LINJ_13_1580,LINJ_14_0020,LINJ_14_0140,LINJ_14_0580,LINJ_14_0820,LINJ_15_0520,TOP2,LINJ_15_1540,LINJ_15_1550,LINJ_15_1630,LINJ_16_0070,LINJ_16_0590,LINJ_16_0730,CRK,LINJ_16_1430,LINJ_17_0070,LINJ_17_0550,GMPR,GSK3,LINJ_18_0650,PKAC1,PDEA,LINJ_18_1110,LINJ_18_1140,MPK4,NOS,LINJ_19_1590,LINJ_20_0020,LINJ_20_0820,LINJ_20_1140,LINJ_20_1450,LINJ_20_1580,LINJ_21_0740,LINJ_21_0210,LINJ_21_1990,LINJ_21_2200,LINJ_22_0440,LINJ_22_0480,LINJ_22_0490,LINJ_22_0630,LINJ_22_0990,LINJ_22_1260,LINJ_23_0580,LINJ_24_0680,LINJ_24_1500,LINJ_24_1970,LINJ_24_2090,LINJ_24_2220,LINJ_24_2350,LINJ_25_0440,LINJ_25_0540,LINJ_25_0960,LINJ_25_1360,LINJ_25_1460,LINJ_25_1580,LINJ_25_2070,LINJ_26_0300,CYC8,LINJ_26_0590,LINJ_26_0630,LINJ_26_2460,LINJ_26_2540,LINJ_27_0370,LINJ_27_0920,LINJ_27_0940,LINJ_27_1140,LINJ_27_1150,LINJ_27_1170,LINJ_27_1860,AKR,LINJ_27_2390,LINJ_28_0110,LINJ_28_0170,LMAIRK,RAD51,LINJ_28_1350,LDK,LINJ_28_2440,LINJ_28_2450,LINJ_29_0770,LINJ_29_1550,ABCH2,GCVL-1,LINJ_29_2350,LINJ_29_2410,LINJ_29_2600,VPS4,LINJ_29_2830,LINJ_29_2940,LINJ_30_0970,LINJ_30_1070,LINJ_30_1460,LINJ_30_1700,LINJ_30_1710,LINJ_30_1780,LINJ_30_2830,LINJ_30_2920,LINJ_30_2930,LINJ_30_3430,LINJ_30_3530,LINJ_31_0560,ABCC4,LINJ_31_3080,LINJ_32_0050,NMT,LINJ_32_0730,LINJ_32_0520,LINJ_32_1310,LINJ_32_1520,LINJ_32_1940,LINJ_32_2160,LINJ_32_3060,LINJ_32_3240,LINJ_32_3470,GCVL-2,CYC6,MPK11,LINJ_33_1690,LINJ_33_1810,LINJ_33_2860,LINJ_33_2910,LINJ_33_3360,LINJ_34_0150,LINJ_34_1530,LINJ_34_1840,LINJ_34_2500,LINJ_34_3300,LINJ_35_1030,LINJ_35_1240,LINJ_35_1270,LINJ_35_1310,MCA5,LINJ_35_1720,LINJ_35_2600,DMC1,PABP1,LINJ_36_5580,CRK3,LINJ_36_4020,LINJ_36_1730,LINJ_36_1840,LINJ_36_2130,LINJ_36_5500,RPT6,LINJ.12.0190,LINJ.12.0830,LINJ_19_0150,PGKC,LINJ_21_1330,LINJ_24_0170,LINJ_24_1890,LINJ_29_1420,LINJ_31_2720,LINJ_33_2620
GO Process	GO:0006468	Protein phosphorylation	44	203	0.89	2.48	2.37e-21	5671.A4HRL5,5671.A4HRT2,5671.A4HSH7,5671.A4HT43,5671.A4HTB4,5671.A4HTU3,5671.A4HUC8,5671.A4HUG1,5671.A4HUR8,5671.A4HUS3,5671.A4HWP5,5671.A4HWZ4,5671.A4HX71,5671.A4HXC3,5671.A4HXQ3,5671.A4HXU0,5671.A4HXY2,5671.A4HYH4,5671.A4HYV4,5671.A4HZA2,5671.A4HZV1,5671.A4HZY8,5671.A4I0Q5,5671.A4I0Y4,5671.A4I1P7,5671.A4I2H1,5671.A4I2I8,5671.A4I302,5671.A4I3C6,5671.A4I3S8,5671.A4I4W3,5671.A4I4Y0,5671.A4I5K5,5671.A4I5X0,5671.A4I638,5671.A4I7W3,5671.A4I8C9,5671.A4I910,5671.A4I967,5671.A4I9Y5,5671.A4IAZ8,5671.A4IC77,5671.A4ICT0,5671.E9AHI7	LINJ_02_0100,LINJ_03_0200,LINJ_05_0550,LINJ_07_0410,LINJ_07_1030,LINJ_09_0270,LINJ_10_0200,MPK3,LINJ_11_0060,LINJ_11_0110,LINJ_15_1630,CRK,LINJ_17_0070,LINJ_17_0550,GSK3,LINJ_18_0650,PKAC1,MPK4,LINJ_20_1140,LINJ_21_0210,LINJ_22_0630,LINJ_22_0990,LINJ_24_0680,LINJ_24_1500,LINJ_25_2070,LINJ_26_2460,LINJ_26_2540,LINJ_27_1860,LMAIRK,LDK,LINJ_29_2600,LINJ_29_2830,LINJ_30_1780,LINJ_30_2930,LINJ_30_3530,LINJ_32_1520,LINJ_32_3240,MPK11,LINJ_33_1810,LINJ_34_1840,LINJ_35_1030,LINJ_36_5580,CRK3,LINJ_29_1420
GO Process	GO:0036211	Protein modification process	69	588	0.62	1.67	2.76e-21	5671.A4HRL5,5671.A4HRN6,5671.A4HRT2,5671.A4HS64,5671.A4HSH7,5671.A4HT43,5671.A4HTB1,5671.A4HTB4,5671.A4HTU3,5671.A4HUC8,5671.A4HUG1,5671.A4HUR8,5671.A4HUS3,5671.A4HVF3,5671.A4HVV6,5671.A4HWP5,5671.A4HWX0,5671.A4HWZ4,5671.A4HX71,5671.A4HXC3,5671.A4HXQ3,5671.A4HXU0,5671.A4HXY2,5671.A4HXY4,5671.A4HYH4,5671.A4HYV4,5671.A4HZ67,5671.A4HZA2,5671.A4HZM5,5671.A4HZT8,5671.A4HZV1,5671.A4HZY8,5671.A4I0Q5,5671.A4I0Y4,5671.A4I122,5671.A4I1P7,5671.A4I2H1,5671.A4I2I8,5671.A4I2S8,5671.A4I302,5671.A4I390,5671.A4I3C6,5671.A4I3S8,5671.A4I3V8,5671.A4I4U4,5671.A4I4W3,5671.A4I4Y0,5671.A4I5C2,5671.A4I5H1,5671.A4I5K5,5671.A4I5X0,5671.A4I638,5671.A4I7H1,5671.A4I7L2,5671.A4I7U2,5671.A4I7W3,5671.A4I8B2,5671.A4I8C9,5671.A4I910,5671.A4I967,5671.A4I9B7,5671.A4I9Y5,5671.A4IAM7,5671.A4IAZ8,5671.A4IB24,5671.A4IC77,5671.A4ICT0,5671.A4ID13,5671.E9AHI7	LINJ_02_0100,LINJ_02_0360,LINJ_03_0200,LINJ_04_0680,LINJ_05_0550,LINJ_07_0410,LINJ_07_1000,LINJ_07_1030,LINJ_09_0270,LINJ_10_0200,MPK3,LINJ_11_0060,LINJ_11_0110,LINJ_13_0170,LINJ_14_0140,LINJ_15_1630,LINJ_16_0730,CRK,LINJ_17_0070,LINJ_17_0550,GSK3,LINJ_18_0650,PKAC1,LINJ_18_1110,MPK4,LINJ_20_1140,LINJ_21_0740,LINJ_21_0210,LINJ_21_0960,LINJ_22_0480,LINJ_22_0630,LINJ_22_0990,LINJ_24_0680,LINJ_24_1500,LINJ_24_2220,LINJ_25_2070,LINJ_26_2460,LINJ_26_2540,LINJ_27_1170,LINJ_27_1860,LINJ_28_0170,LMAIRK,LDK,LINJ_28_2440,LINJ_29_2410,LINJ_29_2600,LINJ_29_2830,LINJ_30_0970,LINJ_30_1460,LINJ_30_1780,LINJ_30_2930,LINJ_30_3530,NMT,LINJ_32_0730,LINJ_32_1310,LINJ_32_1520,LINJ_32_3060,LINJ_32_3240,MPK11,LINJ_33_1810,LINJ_33_2910,LINJ_34_1840,LINJ_34_1900,LINJ_35_1030,LINJ_35_1310,LINJ_36_5580,CRK3,LINJ_36_4020,LINJ_29_1420
GO Process	GO:0016310	Phosphorylation	51	308	0.77	2.09	8.30e-21	5671.A4HRL5,5671.A4HRT2,5671.A4HRW8,5671.A4HSH7,5671.A4HT43,5671.A4HTB4,5671.A4HTU3,5671.A4HUC8,5671.A4HUG1,5671.A4HUR8,5671.A4HUS3,5671.A4HVU4,5671.A4HWP5,5671.A4HWZ4,5671.A4HX71,5671.A4HXC3,5671.A4HXQ3,5671.A4HXU0,5671.A4HXY2,5671.A4HYH4,5671.A4HYV4,5671.A4HZA2,5671.A4HZV1,5671.A4HZY8,5671.A4I0Q5,5671.A4I0Y4,5671.A4I109,5671.A4I1P7,5671.A4I1W7,5671.A4I2H1,5671.A4I2I8,5671.A4I302,5671.A4I3C6,5671.A4I3S8,5671.A4I4K7,5671.A4I4W3,5671.A4I4Y0,5671.A4I5K5,5671.A4I5X0,5671.A4I628,5671.A4I638,5671.A4I7W3,5671.A4I8C9,5671.A4I910,5671.A4I967,5671.A4I9Y5,5671.A4IAZ8,5671.A4IC77,5671.A4ICT0,5671.E9AGT9,5671.E9AHI7	LINJ_02_0100,LINJ_03_0200,LINJ_03_0790,LINJ_05_0550,LINJ_07_0410,LINJ_07_1030,LINJ_09_0270,LINJ_10_0200,MPK3,LINJ_11_0060,LINJ_11_0110,LINJ_14_0020,LINJ_15_1630,CRK,LINJ_17_0070,LINJ_17_0550,GSK3,LINJ_18_0650,PKAC1,MPK4,LINJ_20_1140,LINJ_21_0210,LINJ_22_0630,LINJ_22_0990,LINJ_24_0680,LINJ_24_1500,LINJ_24_2090,LINJ_25_2070,LINJ_26_0300,LINJ_26_2460,LINJ_26_2540,LINJ_27_1860,LMAIRK,LDK,LINJ_29_1550,LINJ_29_2600,LINJ_29_2830,LINJ_30_1780,LINJ_30_2930,LINJ_30_3430,LINJ_30_3530,LINJ_32_1520,LINJ_32_3240,MPK11,LINJ_33_1810,LINJ_34_1840,LINJ_35_1030,LINJ_36_5580,CRK3,PGKC,LINJ_29_1420
GO Process	GO:0008152	Metabolic process	145	2590	0.3	0.93	7.08e-20	5671.A2TEF2,5671.A4HRH0,5671.A4HRH2,5671.A4HRH5,5671.A4HRL5,5671.A4HRN6,5671.A4HRT1,5671.A4HRT2,5671.A4HRT4,5671.A4HRW8,5671.A4HS39,5671.A4HS64,5671.A4HSB4,5671.A4HSF7,5671.A4HSH7,5671.A4HSQ5,5671.A4HT43,5671.A4HTB1,5671.A4HTB4,5671.A4HTS6,5671.A4HTU3,5671.A4HUB8,5671.A4HUC8,5671.A4HUG1,5671.A4HUJ0,5671.A4HUR8,5671.A4HUS3,5671.A4HUX0,5671.A4HV47,5671.A4HVF3,5671.A4HVN7,5671.A4HVU4,5671.A4HVV6,5671.A4HVZ9,5671.A4HWL4,5671.A4HWP5,5671.A4HWV8,5671.A4HWW3,5671.A4HWX0,5671.A4HWZ4,5671.A4HX32,5671.A4HX71,5671.A4HXC3,5671.A4HXF5,5671.A4HXQ3,5671.A4HXU0,5671.A4HXY2,5671.A4HXY4,5671.A4HY76,5671.A4HYH4,5671.A4HYH5,5671.A4HYI5,5671.A4HYJ4,5671.A4HYV4,5671.A4HZ67,5671.A4HZA2,5671.A4HZI9,5671.A4HZM5,5671.A4HZT4,5671.A4HZT8,5671.A4HZT9,5671.A4HZV1,5671.A4HZY8,5671.A4I093,5671.A4I0Q5,5671.A4I0Y4,5671.A4I0Z7,5671.A4I109,5671.A4I122,5671.A4I186,5671.A4I1J8,5671.A4I1P7,5671.A4I1W7,5671.A4I2H1,5671.A4I2I8,5671.A4I2K5,5671.A4I2S5,5671.A4I2S8,5671.A4I302,5671.A4I342,5671.A4I384,5671.A4I390,5671.A4I3C6,5671.A4I3C9,5671.A4I3K3,5671.A4I3S8,5671.A4I3V8,5671.A4I3V9,5671.A4I4K7,5671.A4I4P1,5671.A4I4T3,5671.A4I4U4,5671.A4I4W3,5671.A4I4Y0,5671.A4I5C2,5671.A4I5H1,5671.A4I5K5,5671.A4I5W9,5671.A4I5X0,5671.A4I628,5671.A4I638,5671.A4I646,5671.A4I6L1,5671.A4I7A2,5671.A4I7C0,5671.A4I7H1,5671.A4I7L2,5671.A4I7U2,5671.A4I7W3,5671.A4I8B2,5671.A4I8C9,5671.A4I8F6,5671.A4I910,5671.A4I931,5671.A4I967,5671.A4I9B2,5671.A4I9B7,5671.A4I9I3,5671.A4I9V5,5671.A4I9Y5,5671.A4IA43,5671.A4IAM7,5671.A4IAZ8,5671.A4IB17,5671.A4IB24,5671.A4IB59,5671.A4IBG5,5671.A4IC25,5671.A4IC57,5671.A4IC77,5671.A4ICH8,5671.A4ICT0,5671.A4ID13,5671.A4IDD6,5671.A4IDE7,5671.A4IDU8,5671.A4IE38,5671.E9AGB0,5671.E9AGI7,5671.E9AGR8,5671.E9AGT9,5671.E9AH89,5671.E9AHI7,5671.E9AHL8,5671.E9AHR7	CYP51,LINJ_01_0490,LINJ_01_0510,LINJ_01_0540,LINJ_02_0100,LINJ_02_0360,LINJ_03_0190,LINJ_03_0200,LINJ_03_0220,LINJ_03_0790,LINJ_04_0430,LINJ_04_0680,LINJ_04_1170,TRYR,LINJ_05_0550,LINJ_06_0140,LINJ_07_0410,LINJ_07_1000,LINJ_07_1030,LINJ_09_0100,LINJ_09_0270,LINJ_10_0090,LINJ_10_0200,MPK3,LINJ_10_0830,LINJ_11_0060,LINJ_11_0110,LINJ_11_0600,LINJ.12.0003,LINJ_13_0170,LINJ_13_0990,LINJ_14_0020,LINJ_14_0140,LINJ_14_0580,TOP2,LINJ_15_1630,LINJ_16_0590,LINJ_16_0640,LINJ_16_0730,CRK,LINJ_16_1430,LINJ_17_0070,LINJ_17_0550,GMPR,GSK3,LINJ_18_0650,PKAC1,LINJ_18_1110,LINJ_19_0540,MPK4,NOS,LINJ_19_1590,LINJ_20_0020,LINJ_20_1140,LINJ_21_0740,LINJ_21_0210,LINJ_21_2200,LINJ_21_0960,LINJ_22_0440,LINJ_22_0480,LINJ_22_0490,LINJ_22_0630,LINJ_22_0990,LINJ_23_0580,LINJ_24_0680,LINJ_24_1500,LINJ_24_1970,LINJ_24_2090,LINJ_24_2220,LINJ_25_0440,LINJ_25_1580,LINJ_25_2070,LINJ_26_0300,LINJ_26_2460,LINJ_26_2540,LINJ_27_0090,LINJ_27_1140,LINJ_27_1170,LINJ_27_1860,AKR,LINJ_28_0110,LINJ_28_0170,LMAIRK,RAD51,LINJ_28_1350,LDK,LINJ_28_2440,LINJ_28_2450,LINJ_29_1550,GCVL-1,LINJ_29_2350,LINJ_29_2410,LINJ_29_2600,LINJ_29_2830,LINJ_30_0970,LINJ_30_1460,LINJ_30_1780,LINJ_30_2920,LINJ_30_2930,LINJ_30_3430,LINJ_30_3530,LINJ_30_3610,LINJ_31_0560,LINJ_31_3080,LINJ_31_3260,NMT,LINJ_32_0730,LINJ_32_1310,LINJ_32_1520,LINJ_32_3060,LINJ_32_3240,GCVL-2,MPK11,LINJ_33_1690,LINJ_33_1810,LINJ_33_2860,LINJ_33_2910,LINJ_34_0150,LINJ_34_1530,LINJ_34_1840,LINJ_34_2500,LINJ_34_1900,LINJ_35_1030,LINJ_35_1240,LINJ_35_1310,MCA5,LINJ_35_2600,DMC1,PABP1,LINJ_36_5580,LINJ_36_2850,CRK3,LINJ_36_4020,LINJ_36_1730,LINJ_36_1840,LINJ_36_5500,RPT6,LINJ.12.0190,LINJ.12.0830,LINJ_19_0150,PGKC,LINJ_24_1890,LINJ_29_1420,LINJ_31_2720,LINJ_33_2620
GO Process	GO:0050789	Regulation of biological process	80	868	0.52	1.37	1.90e-19	5671.A4HRL5,5671.A4HRT2,5671.A4HRZ8,5671.A4HSF7,5671.A4HSH7,5671.A4HT43,5671.A4HTB4,5671.A4HTS6,5671.A4HTU3,5671.A4HUC8,5671.A4HUG1,5671.A4HUR8,5671.A4HUS3,5671.A4HVF3,5671.A4HVK4,5671.A4HVN7,5671.A4HVU4,5671.A4HVV6,5671.A4HWN6,5671.A4HWN7,5671.A4HWP5,5671.A4HWW3,5671.A4HWZ4,5671.A4HX71,5671.A4HXC3,5671.A4HXQ3,5671.A4HXU0,5671.A4HXY2,5671.A4HXY3,5671.A4HYH4,5671.A4HYV4,5671.A4HZ67,5671.A4HZA2,5671.A4HZG8,5671.A4HZT4,5671.A4HZT9,5671.A4HZV1,5671.A4HZY8,5671.A4I0Q5,5671.A4I0Y4,5671.A4I109,5671.A4I122,5671.A4I1P7,5671.A4I1W9,5671.A4I2H1,5671.A4I2I8,5671.A4I2Q7,5671.A4I2S5,5671.A4I302,5671.A4I390,5671.A4I3C6,5671.A4I3S8,5671.A4I3V8,5671.A4I4K7,5671.A4I4P1,5671.A4I4U4,5671.A4I4W3,5671.A4I5K5,5671.A4I5X0,5671.A4I638,5671.A4I7G8,5671.A4I7N3,5671.A4I7U2,5671.A4I7W3,5671.A4I8C9,5671.A4I8F6,5671.A4I8F7,5671.A4I910,5671.A4I967,5671.A4I9Y5,5671.A4IAM7,5671.A4IAZ8,5671.A4IC57,5671.A4IC77,5671.A4ICT0,5671.A4ID13,5671.A4IE38,5671.E9AGB0,5671.E9AHI7,5671.E9AHL8	LINJ_02_0100,LINJ_03_0200,LINJ_04_0030,TRYR,LINJ_05_0550,LINJ_07_0410,LINJ_07_1030,LINJ_09_0100,LINJ_09_0270,LINJ_10_0200,MPK3,LINJ_11_0060,LINJ_11_0110,LINJ_13_0170,LINJ_13_0650,LINJ_13_0990,LINJ_14_0020,LINJ_14_0140,LINJ_15_1540,LINJ_15_1550,LINJ_15_1630,LINJ_16_0640,CRK,LINJ_17_0070,LINJ_17_0550,GSK3,LINJ_18_0650,PKAC1,PDEA,MPK4,LINJ_20_1140,LINJ_21_0740,LINJ_21_0210,LINJ_21_1990,LINJ_22_0440,LINJ_22_0490,LINJ_22_0630,LINJ_22_0990,LINJ_24_0680,LINJ_24_1500,LINJ_24_2090,LINJ_24_2220,LINJ_25_2070,CYC8,LINJ_26_2460,LINJ_26_2540,LINJ_27_0920,LINJ_27_1140,LINJ_27_1860,LINJ_28_0170,LMAIRK,LDK,LINJ_28_2440,LINJ_29_1550,GCVL-1,LINJ_29_2410,LINJ_29_2600,LINJ_30_1780,LINJ_30_2930,LINJ_30_3530,LINJ_32_0050,LINJ_32_0520,LINJ_32_1310,LINJ_32_1520,LINJ_32_3240,GCVL-2,CYC6,MPK11,LINJ_33_1810,LINJ_34_1840,LINJ_34_1900,LINJ_35_1030,PABP1,LINJ_36_5580,CRK3,LINJ_36_4020,RPT6,LINJ.12.0190,LINJ_29_1420,LINJ_31_2720
GO Process	GO:0019538	Protein metabolic process	85	1001	0.48	1.28	7.53e-19	5671.A4HRL5,5671.A4HRN6,5671.A4HRT2,5671.A4HS39,5671.A4HS64,5671.A4HSH7,5671.A4HSQ5,5671.A4HT43,5671.A4HTB1,5671.A4HTB4,5671.A4HTU3,5671.A4HUC8,5671.A4HUG1,5671.A4HUR8,5671.A4HUS3,5671.A4HV47,5671.A4HVF3,5671.A4HVN7,5671.A4HVV6,5671.A4HWP5,5671.A4HWX0,5671.A4HWZ4,5671.A4HX71,5671.A4HXC3,5671.A4HXQ3,5671.A4HXU0,5671.A4HXY2,5671.A4HXY4,5671.A4HYH4,5671.A4HYV4,5671.A4HZ67,5671.A4HZA2,5671.A4HZI9,5671.A4HZM5,5671.A4HZT4,5671.A4HZT8,5671.A4HZT9,5671.A4HZV1,5671.A4HZY8,5671.A4I0Q5,5671.A4I0Y4,5671.A4I0Z7,5671.A4I122,5671.A4I1P7,5671.A4I2H1,5671.A4I2I8,5671.A4I2S8,5671.A4I302,5671.A4I384,5671.A4I390,5671.A4I3C6,5671.A4I3S8,5671.A4I3V8,5671.A4I4T3,5671.A4I4U4,5671.A4I4W3,5671.A4I4Y0,5671.A4I5C2,5671.A4I5H1,5671.A4I5K5,5671.A4I5X0,5671.A4I638,5671.A4I7H1,5671.A4I7L2,5671.A4I7U2,5671.A4I7W3,5671.A4I8B2,5671.A4I8C9,5671.A4I910,5671.A4I967,5671.A4I9B7,5671.A4I9Y5,5671.A4IAM7,5671.A4IAZ8,5671.A4IB24,5671.A4IB59,5671.A4IC77,5671.A4ICH8,5671.A4ICT0,5671.A4ID13,5671.A4IDD6,5671.A4IE38,5671.E9AGB0,5671.E9AGI7,5671.E9AHI7	LINJ_02_0100,LINJ_02_0360,LINJ_03_0200,LINJ_04_0430,LINJ_04_0680,LINJ_05_0550,LINJ_06_0140,LINJ_07_0410,LINJ_07_1000,LINJ_07_1030,LINJ_09_0270,LINJ_10_0200,MPK3,LINJ_11_0060,LINJ_11_0110,LINJ.12.0003,LINJ_13_0170,LINJ_13_0990,LINJ_14_0140,LINJ_15_1630,LINJ_16_0730,CRK,LINJ_17_0070,LINJ_17_0550,GSK3,LINJ_18_0650,PKAC1,LINJ_18_1110,MPK4,LINJ_20_1140,LINJ_21_0740,LINJ_21_0210,LINJ_21_2200,LINJ_21_0960,LINJ_22_0440,LINJ_22_0480,LINJ_22_0490,LINJ_22_0630,LINJ_22_0990,LINJ_24_0680,LINJ_24_1500,LINJ_24_1970,LINJ_24_2220,LINJ_25_2070,LINJ_26_2460,LINJ_26_2540,LINJ_27_1170,LINJ_27_1860,LINJ_28_0110,LINJ_28_0170,LMAIRK,LDK,LINJ_28_2440,LINJ_29_2350,LINJ_29_2410,LINJ_29_2600,LINJ_29_2830,LINJ_30_0970,LINJ_30_1460,LINJ_30_1780,LINJ_30_2930,LINJ_30_3530,NMT,LINJ_32_0730,LINJ_32_1310,LINJ_32_1520,LINJ_32_3060,LINJ_32_3240,MPK11,LINJ_33_1810,LINJ_33_2910,LINJ_34_1840,LINJ_34_1900,LINJ_35_1030,LINJ_35_1310,MCA5,LINJ_36_5580,LINJ_36_2850,CRK3,LINJ_36_4020,LINJ_36_1730,RPT6,LINJ.12.0190,LINJ.12.0830,LINJ_29_1420
GO Process	GO:1901564	Organonitrogen compound metabolic process	98	1318	0.42	1.15	1.11e-18	5671.A4HRH0,5671.A4HRH2,5671.A4HRH5,5671.A4HRL5,5671.A4HRN6,5671.A4HRT1,5671.A4HRT2,5671.A4HRT4,5671.A4HS39,5671.A4HS64,5671.A4HSF7,5671.A4HSH7,5671.A4HSQ5,5671.A4HT43,5671.A4HTB1,5671.A4HTB4,5671.A4HTU3,5671.A4HUC8,5671.A4HUG1,5671.A4HUR8,5671.A4HUS3,5671.A4HV47,5671.A4HVF3,5671.A4HVN7,5671.A4HVV6,5671.A4HWP5,5671.A4HWV8,5671.A4HWX0,5671.A4HWZ4,5671.A4HX71,5671.A4HXC3,5671.A4HXF5,5671.A4HXQ3,5671.A4HXU0,5671.A4HXY2,5671.A4HXY4,5671.A4HYH4,5671.A4HYI5,5671.A4HYV4,5671.A4HZ67,5671.A4HZA2,5671.A4HZI9,5671.A4HZM5,5671.A4HZT4,5671.A4HZT8,5671.A4HZT9,5671.A4HZV1,5671.A4HZY8,5671.A4I0Q5,5671.A4I0Y4,5671.A4I0Z7,5671.A4I122,5671.A4I1P7,5671.A4I2H1,5671.A4I2I8,5671.A4I2S8,5671.A4I302,5671.A4I384,5671.A4I390,5671.A4I3C6,5671.A4I3S8,5671.A4I3V8,5671.A4I4T3,5671.A4I4U4,5671.A4I4W3,5671.A4I4Y0,5671.A4I5C2,5671.A4I5H1,5671.A4I5K5,5671.A4I5X0,5671.A4I628,5671.A4I638,5671.A4I7A2,5671.A4I7H1,5671.A4I7L2,5671.A4I7U2,5671.A4I7W3,5671.A4I8B2,5671.A4I8C9,5671.A4I910,5671.A4I967,5671.A4I9B7,5671.A4I9Y5,5671.A4IAM7,5671.A4IAZ8,5671.A4IB24,5671.A4IB59,5671.A4IC77,5671.A4ICH8,5671.A4ICT0,5671.A4ID13,5671.A4IDD6,5671.A4IDE7,5671.A4IE38,5671.E9AGB0,5671.E9AGI7,5671.E9AGT9,5671.E9AHI7	LINJ_01_0490,LINJ_01_0510,LINJ_01_0540,LINJ_02_0100,LINJ_02_0360,LINJ_03_0190,LINJ_03_0200,LINJ_03_0220,LINJ_04_0430,LINJ_04_0680,TRYR,LINJ_05_0550,LINJ_06_0140,LINJ_07_0410,LINJ_07_1000,LINJ_07_1030,LINJ_09_0270,LINJ_10_0200,MPK3,LINJ_11_0060,LINJ_11_0110,LINJ.12.0003,LINJ_13_0170,LINJ_13_0990,LINJ_14_0140,LINJ_15_1630,LINJ_16_0590,LINJ_16_0730,CRK,LINJ_17_0070,LINJ_17_0550,GMPR,GSK3,LINJ_18_0650,PKAC1,LINJ_18_1110,MPK4,LINJ_19_1590,LINJ_20_1140,LINJ_21_0740,LINJ_21_0210,LINJ_21_2200,LINJ_21_0960,LINJ_22_0440,LINJ_22_0480,LINJ_22_0490,LINJ_22_0630,LINJ_22_0990,LINJ_24_0680,LINJ_24_1500,LINJ_24_1970,LINJ_24_2220,LINJ_25_2070,LINJ_26_2460,LINJ_26_2540,LINJ_27_1170,LINJ_27_1860,LINJ_28_0110,LINJ_28_0170,LMAIRK,LDK,LINJ_28_2440,LINJ_29_2350,LINJ_29_2410,LINJ_29_2600,LINJ_29_2830,LINJ_30_0970,LINJ_30_1460,LINJ_30_1780,LINJ_30_2930,LINJ_30_3430,LINJ_30_3530,LINJ_31_3080,NMT,LINJ_32_0730,LINJ_32_1310,LINJ_32_1520,LINJ_32_3060,LINJ_32_3240,MPK11,LINJ_33_1810,LINJ_33_2910,LINJ_34_1840,LINJ_34_1900,LINJ_35_1030,LINJ_35_1310,MCA5,LINJ_36_5580,LINJ_36_2850,CRK3,LINJ_36_4020,LINJ_36_1730,LINJ_36_1840,RPT6,LINJ.12.0190,LINJ.12.0830,PGKC,LINJ_29_1420
GO Process	GO:0050794	Regulation of cellular process	73	755	0.54	1.4	1.14e-18	5671.A4HRL5,5671.A4HRT2,5671.A4HRZ8,5671.A4HSF7,5671.A4HSH7,5671.A4HT43,5671.A4HTB4,5671.A4HTS6,5671.A4HTU3,5671.A4HUC8,5671.A4HUG1,5671.A4HUR8,5671.A4HUS3,5671.A4HVF3,5671.A4HVK4,5671.A4HVU4,5671.A4HVV6,5671.A4HWN6,5671.A4HWN7,5671.A4HWP5,5671.A4HWW3,5671.A4HWZ4,5671.A4HX71,5671.A4HXC3,5671.A4HXQ3,5671.A4HXU0,5671.A4HXY2,5671.A4HXY3,5671.A4HYH4,5671.A4HYV4,5671.A4HZ67,5671.A4HZA2,5671.A4HZG8,5671.A4HZV1,5671.A4HZY8,5671.A4I0Q5,5671.A4I0Y4,5671.A4I109,5671.A4I122,5671.A4I1P7,5671.A4I1W9,5671.A4I2H1,5671.A4I2I8,5671.A4I2Q7,5671.A4I2S5,5671.A4I302,5671.A4I390,5671.A4I3C6,5671.A4I3S8,5671.A4I3V8,5671.A4I4K7,5671.A4I4P1,5671.A4I4W3,5671.A4I5K5,5671.A4I5X0,5671.A4I638,5671.A4I7G8,5671.A4I7N3,5671.A4I7U2,5671.A4I7W3,5671.A4I8C9,5671.A4I8F6,5671.A4I8F7,5671.A4I910,5671.A4I967,5671.A4I9Y5,5671.A4IAZ8,5671.A4IC57,5671.A4IC77,5671.A4ICT0,5671.A4ID13,5671.E9AHI7,5671.E9AHL8	LINJ_02_0100,LINJ_03_0200,LINJ_04_0030,TRYR,LINJ_05_0550,LINJ_07_0410,LINJ_07_1030,LINJ_09_0100,LINJ_09_0270,LINJ_10_0200,MPK3,LINJ_11_0060,LINJ_11_0110,LINJ_13_0170,LINJ_13_0650,LINJ_14_0020,LINJ_14_0140,LINJ_15_1540,LINJ_15_1550,LINJ_15_1630,LINJ_16_0640,CRK,LINJ_17_0070,LINJ_17_0550,GSK3,LINJ_18_0650,PKAC1,PDEA,MPK4,LINJ_20_1140,LINJ_21_0740,LINJ_21_0210,LINJ_21_1990,LINJ_22_0630,LINJ_22_0990,LINJ_24_0680,LINJ_24_1500,LINJ_24_2090,LINJ_24_2220,LINJ_25_2070,CYC8,LINJ_26_2460,LINJ_26_2540,LINJ_27_0920,LINJ_27_1140,LINJ_27_1860,LINJ_28_0170,LMAIRK,LDK,LINJ_28_2440,LINJ_29_1550,GCVL-1,LINJ_29_2600,LINJ_30_1780,LINJ_30_2930,LINJ_30_3530,LINJ_32_0050,LINJ_32_0520,LINJ_32_1310,LINJ_32_1520,LINJ_32_3240,GCVL-2,CYC6,MPK11,LINJ_33_1810,LINJ_34_1840,LINJ_35_1030,PABP1,LINJ_36_5580,CRK3,LINJ_36_4020,LINJ_29_1420,LINJ_31_2720
GO Process	GO:0065007	Biological regulation	87	1058	0.47	1.24	1.14e-18	5671.A0A381MFJ0,5671.A4HRL5,5671.A4HRT2,5671.A4HRZ8,5671.A4HSF7,5671.A4HSH7,5671.A4HT43,5671.A4HTB4,5671.A4HTD0,5671.A4HTS6,5671.A4HTU3,5671.A4HU13,5671.A4HUC8,5671.A4HUG1,5671.A4HUR8,5671.A4HUS3,5671.A4HVF3,5671.A4HVK4,5671.A4HVN7,5671.A4HVP4,5671.A4HVU4,5671.A4HVV6,5671.A4HWN6,5671.A4HWN7,5671.A4HWP5,5671.A4HWW3,5671.A4HWZ4,5671.A4HX71,5671.A4HXC3,5671.A4HXQ3,5671.A4HXU0,5671.A4HXY2,5671.A4HXY3,5671.A4HYH4,5671.A4HYV4,5671.A4HZ67,5671.A4HZA2,5671.A4HZG8,5671.A4HZT4,5671.A4HZT9,5671.A4HZV1,5671.A4HZY8,5671.A4I0Q5,5671.A4I0Y4,5671.A4I0Z7,5671.A4I109,5671.A4I122,5671.A4I1P7,5671.A4I1W9,5671.A4I2H1,5671.A4I2I8,5671.A4I2Q7,5671.A4I2S5,5671.A4I302,5671.A4I390,5671.A4I3C6,5671.A4I3F5,5671.A4I3S8,5671.A4I3V8,5671.A4I4K7,5671.A4I4P1,5671.A4I4U4,5671.A4I4W3,5671.A4I5K5,5671.A4I5X0,5671.A4I638,5671.A4I7G8,5671.A4I7N3,5671.A4I7U2,5671.A4I7W3,5671.A4I8C9,5671.A4I8F6,5671.A4I8F7,5671.A4I910,5671.A4I967,5671.A4I9Y5,5671.A4IAM7,5671.A4IAZ8,5671.A4IC57,5671.A4IC77,5671.A4ICT0,5671.A4ID13,5671.A4IE38,5671.E9AG43,5671.E9AGB0,5671.E9AHI7,5671.E9AHL8	H1A-1,LINJ_02_0100,LINJ_03_0200,LINJ_04_0030,TRYR,LINJ_05_0550,LINJ_07_0410,LINJ_07_1030,LINJ_07_1210,LINJ_09_0100,LINJ_09_0270,LINJ_09_0970,LINJ_10_0200,MPK3,LINJ_11_0060,LINJ_11_0110,LINJ_13_0170,LINJ_13_0650,LINJ_13_0990,LINJ_13_1060,LINJ_14_0020,LINJ_14_0140,LINJ_15_1540,LINJ_15_1550,LINJ_15_1630,LINJ_16_0640,CRK,LINJ_17_0070,LINJ_17_0550,GSK3,LINJ_18_0650,PKAC1,PDEA,MPK4,LINJ_20_1140,LINJ_21_0740,LINJ_21_0210,LINJ_21_1990,LINJ_22_0440,LINJ_22_0490,LINJ_22_0630,LINJ_22_0990,LINJ_24_0680,LINJ_24_1500,LINJ_24_1970,LINJ_24_2090,LINJ_24_2220,LINJ_25_2070,CYC8,LINJ_26_2460,LINJ_26_2540,LINJ_27_0920,LINJ_27_1140,LINJ_27_1860,LINJ_28_0170,LMAIRK,LINJ_28_0860,LDK,LINJ_28_2440,LINJ_29_1550,GCVL-1,LINJ_29_2410,LINJ_29_2600,LINJ_30_1780,LINJ_30_2930,LINJ_30_3530,LINJ_32_0050,LINJ_32_0520,LINJ_32_1310,LINJ_32_1520,LINJ_32_3240,GCVL-2,CYC6,MPK11,LINJ_33_1810,LINJ_34_1840,LINJ_34_1900,LINJ_35_1030,PABP1,LINJ_36_5580,CRK3,LINJ_36_4020,RPT6,LINJ_03_0520,LINJ.12.0190,LINJ_29_1420,LINJ_31_2720
GO Process	GO:0071704	Organic substance metabolic process	136	2387	0.31	0.93	1.14e-18	5671.A2TEF2,5671.A4HRH0,5671.A4HRH2,5671.A4HRH5,5671.A4HRL5,5671.A4HRN6,5671.A4HRT1,5671.A4HRT2,5671.A4HRT4,5671.A4HRW8,5671.A4HS39,5671.A4HS64,5671.A4HSB4,5671.A4HSF7,5671.A4HSH7,5671.A4HSQ5,5671.A4HT43,5671.A4HTB1,5671.A4HTB4,5671.A4HTS6,5671.A4HTU3,5671.A4HUC8,5671.A4HUG1,5671.A4HUJ0,5671.A4HUR8,5671.A4HUS3,5671.A4HUX0,5671.A4HV47,5671.A4HVF3,5671.A4HVN7,5671.A4HVU4,5671.A4HVV6,5671.A4HVZ9,5671.A4HWL4,5671.A4HWP5,5671.A4HWV8,5671.A4HWW3,5671.A4HWX0,5671.A4HWZ4,5671.A4HX32,5671.A4HX71,5671.A4HXC3,5671.A4HXF5,5671.A4HXQ3,5671.A4HXU0,5671.A4HXY2,5671.A4HXY4,5671.A4HY76,5671.A4HYH4,5671.A4HYI5,5671.A4HYJ4,5671.A4HYV4,5671.A4HZ67,5671.A4HZA2,5671.A4HZI9,5671.A4HZM5,5671.A4HZT4,5671.A4HZT8,5671.A4HZT9,5671.A4HZV1,5671.A4HZY8,5671.A4I093,5671.A4I0Q5,5671.A4I0Y4,5671.A4I0Z7,5671.A4I109,5671.A4I122,5671.A4I186,5671.A4I1P7,5671.A4I1W7,5671.A4I2H1,5671.A4I2I8,5671.A4I2K5,5671.A4I2S5,5671.A4I2S8,5671.A4I302,5671.A4I342,5671.A4I384,5671.A4I390,5671.A4I3C6,5671.A4I3C9,5671.A4I3S8,5671.A4I3V8,5671.A4I3V9,5671.A4I4K7,5671.A4I4P1,5671.A4I4T3,5671.A4I4U4,5671.A4I4W3,5671.A4I4Y0,5671.A4I5C2,5671.A4I5H1,5671.A4I5K5,5671.A4I5W9,5671.A4I5X0,5671.A4I628,5671.A4I638,5671.A4I646,5671.A4I6L1,5671.A4I7A2,5671.A4I7C0,5671.A4I7H1,5671.A4I7L2,5671.A4I7U2,5671.A4I7W3,5671.A4I8B2,5671.A4I8C9,5671.A4I8F6,5671.A4I910,5671.A4I931,5671.A4I967,5671.A4I9B2,5671.A4I9B7,5671.A4I9I3,5671.A4I9Y5,5671.A4IAM7,5671.A4IAZ8,5671.A4IB24,5671.A4IB59,5671.A4IC25,5671.A4IC57,5671.A4IC77,5671.A4ICH8,5671.A4ICT0,5671.A4ID13,5671.A4IDD6,5671.A4IDE7,5671.A4IDU8,5671.A4IE38,5671.E9AGB0,5671.E9AGI7,5671.E9AGR8,5671.E9AGT9,5671.E9AHI7,5671.E9AHL8,5671.E9AHR7	CYP51,LINJ_01_0490,LINJ_01_0510,LINJ_01_0540,LINJ_02_0100,LINJ_02_0360,LINJ_03_0190,LINJ_03_0200,LINJ_03_0220,LINJ_03_0790,LINJ_04_0430,LINJ_04_0680,LINJ_04_1170,TRYR,LINJ_05_0550,LINJ_06_0140,LINJ_07_0410,LINJ_07_1000,LINJ_07_1030,LINJ_09_0100,LINJ_09_0270,LINJ_10_0200,MPK3,LINJ_10_0830,LINJ_11_0060,LINJ_11_0110,LINJ_11_0600,LINJ.12.0003,LINJ_13_0170,LINJ_13_0990,LINJ_14_0020,LINJ_14_0140,LINJ_14_0580,TOP2,LINJ_15_1630,LINJ_16_0590,LINJ_16_0640,LINJ_16_0730,CRK,LINJ_16_1430,LINJ_17_0070,LINJ_17_0550,GMPR,GSK3,LINJ_18_0650,PKAC1,LINJ_18_1110,LINJ_19_0540,MPK4,LINJ_19_1590,LINJ_20_0020,LINJ_20_1140,LINJ_21_0740,LINJ_21_0210,LINJ_21_2200,LINJ_21_0960,LINJ_22_0440,LINJ_22_0480,LINJ_22_0490,LINJ_22_0630,LINJ_22_0990,LINJ_23_0580,LINJ_24_0680,LINJ_24_1500,LINJ_24_1970,LINJ_24_2090,LINJ_24_2220,LINJ_25_0440,LINJ_25_2070,LINJ_26_0300,LINJ_26_2460,LINJ_26_2540,LINJ_27_0090,LINJ_27_1140,LINJ_27_1170,LINJ_27_1860,AKR,LINJ_28_0110,LINJ_28_0170,LMAIRK,RAD51,LDK,LINJ_28_2440,LINJ_28_2450,LINJ_29_1550,GCVL-1,LINJ_29_2350,LINJ_29_2410,LINJ_29_2600,LINJ_29_2830,LINJ_30_0970,LINJ_30_1460,LINJ_30_1780,LINJ_30_2920,LINJ_30_2930,LINJ_30_3430,LINJ_30_3530,LINJ_30_3610,LINJ_31_0560,LINJ_31_3080,LINJ_31_3260,NMT,LINJ_32_0730,LINJ_32_1310,LINJ_32_1520,LINJ_32_3060,LINJ_32_3240,GCVL-2,MPK11,LINJ_33_1690,LINJ_33_1810,LINJ_33_2860,LINJ_33_2910,LINJ_34_0150,LINJ_34_1840,LINJ_34_1900,LINJ_35_1030,LINJ_35_1310,MCA5,DMC1,PABP1,LINJ_36_5580,LINJ_36_2850,CRK3,LINJ_36_4020,LINJ_36_1730,LINJ_36_1840,LINJ_36_5500,RPT6,LINJ.12.0190,LINJ.12.0830,LINJ_19_0150,PGKC,LINJ_29_1420,LINJ_31_2720,LINJ_33_2620
GO Process	GO:0006796	Phosphate-containing compound metabolic process	61	541	0.61	1.54	4.10e-18	5671.A4HRH0,5671.A4HRH2,5671.A4HRH5,5671.A4HRL5,5671.A4HRT2,5671.A4HRT4,5671.A4HRW8,5671.A4HSB4,5671.A4HSH7,5671.A4HT43,5671.A4HTB4,5671.A4HTU3,5671.A4HUC8,5671.A4HUG1,5671.A4HUR8,5671.A4HUS3,5671.A4HVU4,5671.A4HWP5,5671.A4HWZ4,5671.A4HX71,5671.A4HXC3,5671.A4HXF5,5671.A4HXQ3,5671.A4HXU0,5671.A4HXY2,5671.A4HYH4,5671.A4HYI5,5671.A4HYV4,5671.A4HZA2,5671.A4HZV1,5671.A4HZY8,5671.A4I0Q5,5671.A4I0Y4,5671.A4I109,5671.A4I1P7,5671.A4I1W7,5671.A4I2H1,5671.A4I2I8,5671.A4I302,5671.A4I390,5671.A4I3C6,5671.A4I3S8,5671.A4I4K7,5671.A4I4W3,5671.A4I4Y0,5671.A4I5K5,5671.A4I5X0,5671.A4I628,5671.A4I638,5671.A4I7A2,5671.A4I7W3,5671.A4I8C9,5671.A4I910,5671.A4I967,5671.A4I9V5,5671.A4I9Y5,5671.A4IAZ8,5671.A4IC77,5671.A4ICT0,5671.E9AGT9,5671.E9AHI7	LINJ_01_0490,LINJ_01_0510,LINJ_01_0540,LINJ_02_0100,LINJ_03_0200,LINJ_03_0220,LINJ_03_0790,LINJ_04_1170,LINJ_05_0550,LINJ_07_0410,LINJ_07_1030,LINJ_09_0270,LINJ_10_0200,MPK3,LINJ_11_0060,LINJ_11_0110,LINJ_14_0020,LINJ_15_1630,CRK,LINJ_17_0070,LINJ_17_0550,GMPR,GSK3,LINJ_18_0650,PKAC1,MPK4,LINJ_19_1590,LINJ_20_1140,LINJ_21_0210,LINJ_22_0630,LINJ_22_0990,LINJ_24_0680,LINJ_24_1500,LINJ_24_2090,LINJ_25_2070,LINJ_26_0300,LINJ_26_2460,LINJ_26_2540,LINJ_27_1860,LINJ_28_0170,LMAIRK,LDK,LINJ_29_1550,LINJ_29_2600,LINJ_29_2830,LINJ_30_1780,LINJ_30_2930,LINJ_30_3430,LINJ_30_3530,LINJ_31_3080,LINJ_32_1520,LINJ_32_3240,MPK11,LINJ_33_1810,LINJ_34_1530,LINJ_34_1840,LINJ_35_1030,LINJ_36_5580,CRK3,PGKC,LINJ_29_1420
GO Process	GO:0044238	Primary metabolic process	130	2241	0.32	0.94	4.10e-18	5671.A2TEF2,5671.A4HRH0,5671.A4HRH2,5671.A4HRH5,5671.A4HRL5,5671.A4HRN6,5671.A4HRT1,5671.A4HRT2,5671.A4HRT4,5671.A4HRW8,5671.A4HS39,5671.A4HS64,5671.A4HSB4,5671.A4HSH7,5671.A4HSQ5,5671.A4HT43,5671.A4HTB1,5671.A4HTB4,5671.A4HTS6,5671.A4HTU3,5671.A4HUC8,5671.A4HUG1,5671.A4HUJ0,5671.A4HUR8,5671.A4HUS3,5671.A4HUX0,5671.A4HV47,5671.A4HVF3,5671.A4HVN7,5671.A4HVU4,5671.A4HVV6,5671.A4HVZ9,5671.A4HWL4,5671.A4HWP5,5671.A4HWV8,5671.A4HWW3,5671.A4HWX0,5671.A4HWZ4,5671.A4HX32,5671.A4HX71,5671.A4HXC3,5671.A4HXF5,5671.A4HXQ3,5671.A4HXU0,5671.A4HXY2,5671.A4HXY4,5671.A4HYH4,5671.A4HYI5,5671.A4HYJ4,5671.A4HYV4,5671.A4HZ67,5671.A4HZA2,5671.A4HZI9,5671.A4HZM5,5671.A4HZT4,5671.A4HZT8,5671.A4HZT9,5671.A4HZV1,5671.A4HZY8,5671.A4I093,5671.A4I0Q5,5671.A4I0Y4,5671.A4I0Z7,5671.A4I109,5671.A4I122,5671.A4I186,5671.A4I1P7,5671.A4I1W7,5671.A4I2H1,5671.A4I2I8,5671.A4I2S5,5671.A4I2S8,5671.A4I302,5671.A4I384,5671.A4I390,5671.A4I3C6,5671.A4I3C9,5671.A4I3S8,5671.A4I3V8,5671.A4I3V9,5671.A4I4K7,5671.A4I4P1,5671.A4I4T3,5671.A4I4U4,5671.A4I4W3,5671.A4I4Y0,5671.A4I5C2,5671.A4I5H1,5671.A4I5K5,5671.A4I5W9,5671.A4I5X0,5671.A4I628,5671.A4I638,5671.A4I6L1,5671.A4I7A2,5671.A4I7H1,5671.A4I7L2,5671.A4I7U2,5671.A4I7W3,5671.A4I8B2,5671.A4I8C9,5671.A4I8F6,5671.A4I910,5671.A4I931,5671.A4I967,5671.A4I9B2,5671.A4I9B7,5671.A4I9I3,5671.A4I9Y5,5671.A4IAM7,5671.A4IAZ8,5671.A4IB24,5671.A4IB59,5671.A4IC25,5671.A4IC57,5671.A4IC77,5671.A4ICH8,5671.A4ICT0,5671.A4ID13,5671.A4IDD6,5671.A4IDE7,5671.A4IDU8,5671.A4IE38,5671.E9AGB0,5671.E9AGI7,5671.E9AGR8,5671.E9AGT9,5671.E9AHI7,5671.E9AHL8,5671.E9AHR7	CYP51,LINJ_01_0490,LINJ_01_0510,LINJ_01_0540,LINJ_02_0100,LINJ_02_0360,LINJ_03_0190,LINJ_03_0200,LINJ_03_0220,LINJ_03_0790,LINJ_04_0430,LINJ_04_0680,LINJ_04_1170,LINJ_05_0550,LINJ_06_0140,LINJ_07_0410,LINJ_07_1000,LINJ_07_1030,LINJ_09_0100,LINJ_09_0270,LINJ_10_0200,MPK3,LINJ_10_0830,LINJ_11_0060,LINJ_11_0110,LINJ_11_0600,LINJ.12.0003,LINJ_13_0170,LINJ_13_0990,LINJ_14_0020,LINJ_14_0140,LINJ_14_0580,TOP2,LINJ_15_1630,LINJ_16_0590,LINJ_16_0640,LINJ_16_0730,CRK,LINJ_16_1430,LINJ_17_0070,LINJ_17_0550,GMPR,GSK3,LINJ_18_0650,PKAC1,LINJ_18_1110,MPK4,LINJ_19_1590,LINJ_20_0020,LINJ_20_1140,LINJ_21_0740,LINJ_21_0210,LINJ_21_2200,LINJ_21_0960,LINJ_22_0440,LINJ_22_0480,LINJ_22_0490,LINJ_22_0630,LINJ_22_0990,LINJ_23_0580,LINJ_24_0680,LINJ_24_1500,LINJ_24_1970,LINJ_24_2090,LINJ_24_2220,LINJ_25_0440,LINJ_25_2070,LINJ_26_0300,LINJ_26_2460,LINJ_26_2540,LINJ_27_1140,LINJ_27_1170,LINJ_27_1860,LINJ_28_0110,LINJ_28_0170,LMAIRK,RAD51,LDK,LINJ_28_2440,LINJ_28_2450,LINJ_29_1550,GCVL-1,LINJ_29_2350,LINJ_29_2410,LINJ_29_2600,LINJ_29_2830,LINJ_30_0970,LINJ_30_1460,LINJ_30_1780,LINJ_30_2920,LINJ_30_2930,LINJ_30_3430,LINJ_30_3530,LINJ_31_0560,LINJ_31_3080,NMT,LINJ_32_0730,LINJ_32_1310,LINJ_32_1520,LINJ_32_3060,LINJ_32_3240,GCVL-2,MPK11,LINJ_33_1690,LINJ_33_1810,LINJ_33_2860,LINJ_33_2910,LINJ_34_0150,LINJ_34_1840,LINJ_34_1900,LINJ_35_1030,LINJ_35_1310,MCA5,DMC1,PABP1,LINJ_36_5580,LINJ_36_2850,CRK3,LINJ_36_4020,LINJ_36_1730,LINJ_36_1840,LINJ_36_5500,RPT6,LINJ.12.0190,LINJ.12.0830,LINJ_19_0150,PGKC,LINJ_29_1420,LINJ_31_2720,LINJ_33_2620
GO Process	GO:0007165	Signal transduction	34	180	0.83	1.96	3.46e-15	5671.A4HRL5,5671.A4HRT2,5671.A4HRZ8,5671.A4HT43,5671.A4HTB4,5671.A4HUC8,5671.A4HUG1,5671.A4HVU4,5671.A4HWN6,5671.A4HWN7,5671.A4HWP5,5671.A4HX71,5671.A4HXQ3,5671.A4HXU0,5671.A4HXY2,5671.A4HXY3,5671.A4HYH4,5671.A4HYV4,5671.A4HZA2,5671.A4HZV1,5671.A4HZY8,5671.A4I0Q5,5671.A4I109,5671.A4I1P7,5671.A4I3S8,5671.A4I4K7,5671.A4I5X0,5671.A4I638,5671.A4I7N3,5671.A4I7W3,5671.A4I910,5671.A4I967,5671.A4I9Y5,5671.A4IAZ8	LINJ_02_0100,LINJ_03_0200,LINJ_04_0030,LINJ_07_0410,LINJ_07_1030,LINJ_10_0200,MPK3,LINJ_14_0020,LINJ_15_1540,LINJ_15_1550,LINJ_15_1630,LINJ_17_0070,GSK3,LINJ_18_0650,PKAC1,PDEA,MPK4,LINJ_20_1140,LINJ_21_0210,LINJ_22_0630,LINJ_22_0990,LINJ_24_0680,LINJ_24_2090,LINJ_25_2070,LDK,LINJ_29_1550,LINJ_30_2930,LINJ_30_3530,LINJ_32_0520,LINJ_32_1520,MPK11,LINJ_33_1810,LINJ_34_1840,LINJ_35_1030
GO Process	GO:0006807	Nitrogen compound metabolic process	113	1986	0.31	0.87	4.86e-14	5671.A4HRH0,5671.A4HRH2,5671.A4HRH5,5671.A4HRL5,5671.A4HRN6,5671.A4HRT1,5671.A4HRT2,5671.A4HRT4,5671.A4HS39,5671.A4HS64,5671.A4HSF7,5671.A4HSH7,5671.A4HSQ5,5671.A4HT43,5671.A4HTB1,5671.A4HTB4,5671.A4HTS6,5671.A4HTU3,5671.A4HUC8,5671.A4HUG1,5671.A4HUJ0,5671.A4HUR8,5671.A4HUS3,5671.A4HV47,5671.A4HVF3,5671.A4HVN7,5671.A4HVV6,5671.A4HVZ9,5671.A4HWL4,5671.A4HWP5,5671.A4HWV8,5671.A4HWW3,5671.A4HWX0,5671.A4HWZ4,5671.A4HX71,5671.A4HXC3,5671.A4HXF5,5671.A4HXQ3,5671.A4HXU0,5671.A4HXY2,5671.A4HXY4,5671.A4HYH4,5671.A4HYI5,5671.A4HYJ4,5671.A4HYV4,5671.A4HZ67,5671.A4HZA2,5671.A4HZI9,5671.A4HZM5,5671.A4HZT4,5671.A4HZT8,5671.A4HZT9,5671.A4HZV1,5671.A4HZY8,5671.A4I0Q5,5671.A4I0Y4,5671.A4I0Z7,5671.A4I122,5671.A4I186,5671.A4I1P7,5671.A4I2H1,5671.A4I2I8,5671.A4I2S5,5671.A4I2S8,5671.A4I302,5671.A4I384,5671.A4I390,5671.A4I3C6,5671.A4I3S8,5671.A4I3V8,5671.A4I3V9,5671.A4I4T3,5671.A4I4U4,5671.A4I4W3,5671.A4I4Y0,5671.A4I5C2,5671.A4I5H1,5671.A4I5K5,5671.A4I5W9,5671.A4I5X0,5671.A4I628,5671.A4I638,5671.A4I7A2,5671.A4I7H1,5671.A4I7L2,5671.A4I7U2,5671.A4I7W3,5671.A4I8B2,5671.A4I8C9,5671.A4I910,5671.A4I967,5671.A4I9B7,5671.A4I9Y5,5671.A4IAM7,5671.A4IAZ8,5671.A4IB24,5671.A4IB59,5671.A4IC25,5671.A4IC57,5671.A4IC77,5671.A4ICH8,5671.A4ICT0,5671.A4ID13,5671.A4IDD6,5671.A4IDE7,5671.A4IDU8,5671.A4IE38,5671.E9AGB0,5671.E9AGI7,5671.E9AGR8,5671.E9AGT9,5671.E9AHI7,5671.E9AHR7	LINJ_01_0490,LINJ_01_0510,LINJ_01_0540,LINJ_02_0100,LINJ_02_0360,LINJ_03_0190,LINJ_03_0200,LINJ_03_0220,LINJ_04_0430,LINJ_04_0680,TRYR,LINJ_05_0550,LINJ_06_0140,LINJ_07_0410,LINJ_07_1000,LINJ_07_1030,LINJ_09_0100,LINJ_09_0270,LINJ_10_0200,MPK3,LINJ_10_0830,LINJ_11_0060,LINJ_11_0110,LINJ.12.0003,LINJ_13_0170,LINJ_13_0990,LINJ_14_0140,LINJ_14_0580,TOP2,LINJ_15_1630,LINJ_16_0590,LINJ_16_0640,LINJ_16_0730,CRK,LINJ_17_0070,LINJ_17_0550,GMPR,GSK3,LINJ_18_0650,PKAC1,LINJ_18_1110,MPK4,LINJ_19_1590,LINJ_20_0020,LINJ_20_1140,LINJ_21_0740,LINJ_21_0210,LINJ_21_2200,LINJ_21_0960,LINJ_22_0440,LINJ_22_0480,LINJ_22_0490,LINJ_22_0630,LINJ_22_0990,LINJ_24_0680,LINJ_24_1500,LINJ_24_1970,LINJ_24_2220,LINJ_25_0440,LINJ_25_2070,LINJ_26_2460,LINJ_26_2540,LINJ_27_1140,LINJ_27_1170,LINJ_27_1860,LINJ_28_0110,LINJ_28_0170,LMAIRK,LDK,LINJ_28_2440,LINJ_28_2450,LINJ_29_2350,LINJ_29_2410,LINJ_29_2600,LINJ_29_2830,LINJ_30_0970,LINJ_30_1460,LINJ_30_1780,LINJ_30_2920,LINJ_30_2930,LINJ_30_3430,LINJ_30_3530,LINJ_31_3080,NMT,LINJ_32_0730,LINJ_32_1310,LINJ_32_1520,LINJ_32_3060,LINJ_32_3240,MPK11,LINJ_33_1810,LINJ_33_2910,LINJ_34_1840,LINJ_34_1900,LINJ_35_1030,LINJ_35_1310,MCA5,DMC1,PABP1,LINJ_36_5580,LINJ_36_2850,CRK3,LINJ_36_4020,LINJ_36_1730,LINJ_36_1840,LINJ_36_5500,RPT6,LINJ.12.0190,LINJ.12.0830,LINJ_19_0150,PGKC,LINJ_29_1420,LINJ_33_2620
GO Process	GO:0043170	Macromolecule metabolic process	101	1672	0.33	0.91	1.39e-13	5671.A4HRL5,5671.A4HRN6,5671.A4HRT2,5671.A4HS39,5671.A4HS64,5671.A4HSH7,5671.A4HSQ5,5671.A4HT43,5671.A4HTB1,5671.A4HTB4,5671.A4HTS6,5671.A4HTU3,5671.A4HUC8,5671.A4HUG1,5671.A4HUJ0,5671.A4HUR8,5671.A4HUS3,5671.A4HV47,5671.A4HVF3,5671.A4HVN7,5671.A4HVV6,5671.A4HVZ9,5671.A4HWL4,5671.A4HWP5,5671.A4HWW3,5671.A4HWX0,5671.A4HWZ4,5671.A4HX71,5671.A4HXC3,5671.A4HXQ3,5671.A4HXU0,5671.A4HXY2,5671.A4HXY4,5671.A4HYH4,5671.A4HYJ4,5671.A4HYV4,5671.A4HZ67,5671.A4HZA2,5671.A4HZI9,5671.A4HZM5,5671.A4HZT4,5671.A4HZT8,5671.A4HZT9,5671.A4HZV1,5671.A4HZY8,5671.A4I0Q5,5671.A4I0Y4,5671.A4I0Z7,5671.A4I122,5671.A4I186,5671.A4I1P7,5671.A4I2H1,5671.A4I2I8,5671.A4I2S5,5671.A4I2S8,5671.A4I302,5671.A4I384,5671.A4I390,5671.A4I3C6,5671.A4I3C9,5671.A4I3S8,5671.A4I3V8,5671.A4I3V9,5671.A4I4T3,5671.A4I4U4,5671.A4I4W3,5671.A4I4Y0,5671.A4I5C2,5671.A4I5H1,5671.A4I5K5,5671.A4I5W9,5671.A4I5X0,5671.A4I638,5671.A4I7H1,5671.A4I7L2,5671.A4I7U2,5671.A4I7W3,5671.A4I8B2,5671.A4I8C9,5671.A4I910,5671.A4I967,5671.A4I9B7,5671.A4I9Y5,5671.A4IAM7,5671.A4IAZ8,5671.A4IB24,5671.A4IB59,5671.A4IC25,5671.A4IC57,5671.A4IC77,5671.A4ICH8,5671.A4ICT0,5671.A4ID13,5671.A4IDD6,5671.A4IDU8,5671.A4IE38,5671.E9AGB0,5671.E9AGI7,5671.E9AGR8,5671.E9AHI7,5671.E9AHR7	LINJ_02_0100,LINJ_02_0360,LINJ_03_0200,LINJ_04_0430,LINJ_04_0680,LINJ_05_0550,LINJ_06_0140,LINJ_07_0410,LINJ_07_1000,LINJ_07_1030,LINJ_09_0100,LINJ_09_0270,LINJ_10_0200,MPK3,LINJ_10_0830,LINJ_11_0060,LINJ_11_0110,LINJ.12.0003,LINJ_13_0170,LINJ_13_0990,LINJ_14_0140,LINJ_14_0580,TOP2,LINJ_15_1630,LINJ_16_0640,LINJ_16_0730,CRK,LINJ_17_0070,LINJ_17_0550,GSK3,LINJ_18_0650,PKAC1,LINJ_18_1110,MPK4,LINJ_20_0020,LINJ_20_1140,LINJ_21_0740,LINJ_21_0210,LINJ_21_2200,LINJ_21_0960,LINJ_22_0440,LINJ_22_0480,LINJ_22_0490,LINJ_22_0630,LINJ_22_0990,LINJ_24_0680,LINJ_24_1500,LINJ_24_1970,LINJ_24_2220,LINJ_25_0440,LINJ_25_2070,LINJ_26_2460,LINJ_26_2540,LINJ_27_1140,LINJ_27_1170,LINJ_27_1860,LINJ_28_0110,LINJ_28_0170,LMAIRK,RAD51,LDK,LINJ_28_2440,LINJ_28_2450,LINJ_29_2350,LINJ_29_2410,LINJ_29_2600,LINJ_29_2830,LINJ_30_0970,LINJ_30_1460,LINJ_30_1780,LINJ_30_2920,LINJ_30_2930,LINJ_30_3530,NMT,LINJ_32_0730,LINJ_32_1310,LINJ_32_1520,LINJ_32_3060,LINJ_32_3240,MPK11,LINJ_33_1810,LINJ_33_2910,LINJ_34_1840,LINJ_34_1900,LINJ_35_1030,LINJ_35_1310,MCA5,DMC1,PABP1,LINJ_36_5580,LINJ_36_2850,CRK3,LINJ_36_4020,LINJ_36_1730,LINJ_36_5500,RPT6,LINJ.12.0190,LINJ.12.0830,LINJ_19_0150,LINJ_29_1420,LINJ_33_2620
GO Process	GO:0051716	Cellular response to stimulus	43	395	0.59	1.28	8.12e-12	5671.A4HRL5,5671.A4HRT2,5671.A4HRZ8,5671.A4HSF7,5671.A4HT43,5671.A4HTB4,5671.A4HUC8,5671.A4HUG1,5671.A4HUR8,5671.A4HVU4,5671.A4HWN6,5671.A4HWN7,5671.A4HWP5,5671.A4HX71,5671.A4HXQ3,5671.A4HXU0,5671.A4HXY2,5671.A4HXY3,5671.A4HYH4,5671.A4HYV4,5671.A4HZA2,5671.A4HZG8,5671.A4HZT8,5671.A4HZV1,5671.A4HZY8,5671.A4I0Q5,5671.A4I109,5671.A4I1P7,5671.A4I3C9,5671.A4I3S8,5671.A4I4K7,5671.A4I5D2,5671.A4I5X0,5671.A4I638,5671.A4I7N3,5671.A4I7W3,5671.A4I910,5671.A4I967,5671.A4I9Y5,5671.A4IAZ8,5671.A4IC25,5671.A4IDU8,5671.E9AHR7	LINJ_02_0100,LINJ_03_0200,LINJ_04_0030,TRYR,LINJ_07_0410,LINJ_07_1030,LINJ_10_0200,MPK3,LINJ_11_0060,LINJ_14_0020,LINJ_15_1540,LINJ_15_1550,LINJ_15_1630,LINJ_17_0070,GSK3,LINJ_18_0650,PKAC1,PDEA,MPK4,LINJ_20_1140,LINJ_21_0210,LINJ_21_1990,LINJ_22_0480,LINJ_22_0630,LINJ_22_0990,LINJ_24_0680,LINJ_24_2090,LINJ_25_2070,RAD51,LDK,LINJ_29_1550,LINJ_30_1070,LINJ_30_2930,LINJ_30_3530,LINJ_32_0520,LINJ_32_1520,MPK11,LINJ_33_1810,LINJ_34_1840,LINJ_35_1030,DMC1,LINJ_36_5500,LINJ_33_2620
GO Process	GO:0050896	Response to stimulus	45	442	0.56	1.22	1.68e-11	5671.A4HRL5,5671.A4HRT2,5671.A4HRZ8,5671.A4HSF7,5671.A4HT43,5671.A4HTB4,5671.A4HUC8,5671.A4HUG1,5671.A4HUR8,5671.A4HVU4,5671.A4HWN6,5671.A4HWN7,5671.A4HWP5,5671.A4HX71,5671.A4HXQ3,5671.A4HXU0,5671.A4HXY2,5671.A4HXY3,5671.A4HYH4,5671.A4HYV4,5671.A4HZA2,5671.A4HZG8,5671.A4HZT8,5671.A4HZV1,5671.A4HZY8,5671.A4I0Q5,5671.A4I109,5671.A4I1P7,5671.A4I3C9,5671.A4I3S8,5671.A4I4K7,5671.A4I5D2,5671.A4I5J7,5671.A4I5X0,5671.A4I638,5671.A4I7N3,5671.A4I7W3,5671.A4I910,5671.A4I967,5671.A4I9Y5,5671.A4IAZ8,5671.A4IC25,5671.A4IDU8,5671.E9AG43,5671.E9AHR7	LINJ_02_0100,LINJ_03_0200,LINJ_04_0030,TRYR,LINJ_07_0410,LINJ_07_1030,LINJ_10_0200,MPK3,LINJ_11_0060,LINJ_14_0020,LINJ_15_1540,LINJ_15_1550,LINJ_15_1630,LINJ_17_0070,GSK3,LINJ_18_0650,PKAC1,PDEA,MPK4,LINJ_20_1140,LINJ_21_0210,LINJ_21_1990,LINJ_22_0480,LINJ_22_0630,LINJ_22_0990,LINJ_24_0680,LINJ_24_2090,LINJ_25_2070,RAD51,LDK,LINJ_29_1550,LINJ_30_1070,LINJ_30_1700,LINJ_30_2930,LINJ_30_3530,LINJ_32_0520,LINJ_32_1520,MPK11,LINJ_33_1810,LINJ_34_1840,LINJ_35_1030,DMC1,LINJ_36_5500,LINJ_03_0520,LINJ_33_2620
GO Process	GO:0044237	Cellular metabolic process	111	2102	0.28	0.78	1.88e-11	5671.A4HRH0,5671.A4HRH2,5671.A4HRH5,5671.A4HRL5,5671.A4HRT1,5671.A4HRT2,5671.A4HRT4,5671.A4HRW8,5671.A4HSB4,5671.A4HSF7,5671.A4HSH7,5671.A4HT43,5671.A4HTB4,5671.A4HTS6,5671.A4HTU3,5671.A4HUB8,5671.A4HUC8,5671.A4HUG1,5671.A4HUR8,5671.A4HUS3,5671.A4HUX0,5671.A4HVN7,5671.A4HVU4,5671.A4HVZ9,5671.A4HWL4,5671.A4HWP5,5671.A4HWV8,5671.A4HWX0,5671.A4HWZ4,5671.A4HX32,5671.A4HX71,5671.A4HXC3,5671.A4HXF5,5671.A4HXQ3,5671.A4HXU0,5671.A4HXY2,5671.A4HXY4,5671.A4HYH4,5671.A4HYH5,5671.A4HYI5,5671.A4HYJ4,5671.A4HYV4,5671.A4HZA2,5671.A4HZI9,5671.A4HZT4,5671.A4HZT8,5671.A4HZT9,5671.A4HZV1,5671.A4HZY8,5671.A4I093,5671.A4I0Q5,5671.A4I0Y4,5671.A4I0Z7,5671.A4I109,5671.A4I122,5671.A4I186,5671.A4I1P7,5671.A4I1W7,5671.A4I2H1,5671.A4I2I8,5671.A4I2S5,5671.A4I2S8,5671.A4I302,5671.A4I384,5671.A4I390,5671.A4I3C6,5671.A4I3K3,5671.A4I3S8,5671.A4I3V9,5671.A4I4K7,5671.A4I4T3,5671.A4I4U4,5671.A4I4W3,5671.A4I4Y0,5671.A4I5C2,5671.A4I5K5,5671.A4I5W9,5671.A4I5X0,5671.A4I628,5671.A4I638,5671.A4I6L1,5671.A4I7A2,5671.A4I7H1,5671.A4I7L2,5671.A4I7U2,5671.A4I7W3,5671.A4I8B2,5671.A4I8C9,5671.A4I910,5671.A4I931,5671.A4I967,5671.A4I9B2,5671.A4I9B7,5671.A4I9I3,5671.A4I9V5,5671.A4I9Y5,5671.A4IA43,5671.A4IAZ8,5671.A4IBG5,5671.A4IC25,5671.A4IC57,5671.A4IC77,5671.A4ICT0,5671.A4IDE7,5671.A4IDU8,5671.A4IE38,5671.E9AGB0,5671.E9AGI7,5671.E9AGT9,5671.E9AHI7,5671.E9AHR7	LINJ_01_0490,LINJ_01_0510,LINJ_01_0540,LINJ_02_0100,LINJ_03_0190,LINJ_03_0200,LINJ_03_0220,LINJ_03_0790,LINJ_04_1170,TRYR,LINJ_05_0550,LINJ_07_0410,LINJ_07_1030,LINJ_09_0100,LINJ_09_0270,LINJ_10_0090,LINJ_10_0200,MPK3,LINJ_11_0060,LINJ_11_0110,LINJ_11_0600,LINJ_13_0990,LINJ_14_0020,LINJ_14_0580,TOP2,LINJ_15_1630,LINJ_16_0590,LINJ_16_0730,CRK,LINJ_16_1430,LINJ_17_0070,LINJ_17_0550,GMPR,GSK3,LINJ_18_0650,PKAC1,LINJ_18_1110,MPK4,NOS,LINJ_19_1590,LINJ_20_0020,LINJ_20_1140,LINJ_21_0210,LINJ_21_2200,LINJ_22_0440,LINJ_22_0480,LINJ_22_0490,LINJ_22_0630,LINJ_22_0990,LINJ_23_0580,LINJ_24_0680,LINJ_24_1500,LINJ_24_1970,LINJ_24_2090,LINJ_24_2220,LINJ_25_0440,LINJ_25_2070,LINJ_26_0300,LINJ_26_2460,LINJ_26_2540,LINJ_27_1140,LINJ_27_1170,LINJ_27_1860,LINJ_28_0110,LINJ_28_0170,LMAIRK,LINJ_28_1350,LDK,LINJ_28_2450,LINJ_29_1550,LINJ_29_2350,LINJ_29_2410,LINJ_29_2600,LINJ_29_2830,LINJ_30_0970,LINJ_30_1780,LINJ_30_2920,LINJ_30_2930,LINJ_30_3430,LINJ_30_3530,LINJ_31_0560,LINJ_31_3080,NMT,LINJ_32_0730,LINJ_32_1310,LINJ_32_1520,LINJ_32_3060,LINJ_32_3240,MPK11,LINJ_33_1690,LINJ_33_1810,LINJ_33_2860,LINJ_33_2910,LINJ_34_0150,LINJ_34_1530,LINJ_34_1840,LINJ_34_2500,LINJ_35_1030,LINJ_35_2600,DMC1,PABP1,LINJ_36_5580,CRK3,LINJ_36_1840,LINJ_36_5500,RPT6,LINJ.12.0190,LINJ.12.0830,PGKC,LINJ_29_1420,LINJ_33_2620
GO Process	GO:0051726	Regulation of cell cycle	18	62	1.02	1.84	2.30e-10	5671.A4HRL5,5671.A4HSH7,5671.A4HTU3,5671.A4HUS3,5671.A4HWZ4,5671.A4HX71,5671.A4I122,5671.A4I1W9,5671.A4I2H1,5671.A4I2I8,5671.A4I302,5671.A4I3C6,5671.A4I5K5,5671.A4I7W3,5671.A4I8F7,5671.A4IC77,5671.A4ICT0,5671.E9AHI7	LINJ_02_0100,LINJ_05_0550,LINJ_09_0270,LINJ_11_0110,CRK,LINJ_17_0070,LINJ_24_2220,CYC8,LINJ_26_2460,LINJ_26_2540,LINJ_27_1860,LMAIRK,LINJ_30_1780,LINJ_32_1520,CYC6,LINJ_36_5580,CRK3,LINJ_29_1420
GO Process	GO:0035556	Intracellular signal transduction	21	117	0.81	1.39	8.90e-09	5671.A4HRL5,5671.A4HRT2,5671.A4HT43,5671.A4HUC8,5671.A4HUG1,5671.A4HVU4,5671.A4HWP5,5671.A4HX71,5671.A4HYH4,5671.A4HYV4,5671.A4HZA2,5671.A4I0Q5,5671.A4I109,5671.A4I1P7,5671.A4I3S8,5671.A4I4K7,5671.A4I5X0,5671.A4I7N3,5671.A4I7W3,5671.A4I910,5671.A4I9Y5	LINJ_02_0100,LINJ_03_0200,LINJ_07_0410,LINJ_10_0200,MPK3,LINJ_14_0020,LINJ_15_1630,LINJ_17_0070,MPK4,LINJ_20_1140,LINJ_21_0210,LINJ_24_0680,LINJ_24_2090,LINJ_25_2070,LDK,LINJ_29_1550,LINJ_30_2930,LINJ_32_0520,LINJ_32_1520,MPK11,LINJ_34_1840
GO Process	GO:0007049	Cell cycle	21	123	0.79	1.32	1.94e-08	5671.A4HSH7,5671.A4HUS3,5671.A4HWZ4,5671.A4HX71,5671.A4HXQ3,5671.A4I1H6,5671.A4I1W9,5671.A4I2H1,5671.A4I2I8,5671.A4I3C6,5671.A4I4Y0,5671.A4I5K5,5671.A4I5W9,5671.A4I7W3,5671.A4I8F7,5671.A4I9B7,5671.A4IC25,5671.A4IC77,5671.A4ICT0,5671.E9AHI7,5671.E9AHR7	LINJ_05_0550,LINJ_11_0110,CRK,LINJ_17_0070,GSK3,LINJ_25_1360,CYC8,LINJ_26_2460,LINJ_26_2540,LMAIRK,LINJ_29_2830,LINJ_30_1780,LINJ_30_2920,LINJ_32_1520,CYC6,LINJ_33_2910,DMC1,LINJ_36_5580,CRK3,LINJ_29_1420,LINJ_33_2620
GO Process	GO:1901565	Organonitrogen compound catabolic process	26	199	0.67	1.18	2.49e-08	5671.A4HRT1,5671.A4HSQ5,5671.A4HV47,5671.A4HVN7,5671.A4HWX0,5671.A4HXY4,5671.A4HZI9,5671.A4HZT4,5671.A4HZT8,5671.A4HZT9,5671.A4I0Z7,5671.A4I122,5671.A4I2S8,5671.A4I384,5671.A4I4T3,5671.A4I4U4,5671.A4I5C2,5671.A4I7L2,5671.A4I7U2,5671.A4I8B2,5671.A4I9B7,5671.A4IDD6,5671.A4IDE7,5671.A4IE38,5671.E9AGB0,5671.E9AGI7	LINJ_03_0190,LINJ_06_0140,LINJ.12.0003,LINJ_13_0990,LINJ_16_0730,LINJ_18_1110,LINJ_21_2200,LINJ_22_0440,LINJ_22_0480,LINJ_22_0490,LINJ_24_1970,LINJ_24_2220,LINJ_27_1170,LINJ_28_0110,LINJ_29_2350,LINJ_29_2410,LINJ_30_0970,LINJ_32_0730,LINJ_32_1310,LINJ_32_3060,LINJ_33_2910,LINJ_36_1730,LINJ_36_1840,RPT6,LINJ.12.0190,LINJ.12.0830
GO Process	GO:0051603	Proteolysis involved in protein catabolic process	22	142	0.74	1.25	3.45e-08	5671.A4HSQ5,5671.A4HV47,5671.A4HVN7,5671.A4HWX0,5671.A4HXY4,5671.A4HZI9,5671.A4HZT4,5671.A4HZT8,5671.A4HZT9,5671.A4I0Z7,5671.A4I122,5671.A4I2S8,5671.A4I384,5671.A4I4U4,5671.A4I5C2,5671.A4I7L2,5671.A4I7U2,5671.A4I8B2,5671.A4I9B7,5671.A4IDD6,5671.A4IE38,5671.E9AGB0	LINJ_06_0140,LINJ.12.0003,LINJ_13_0990,LINJ_16_0730,LINJ_18_1110,LINJ_21_2200,LINJ_22_0440,LINJ_22_0480,LINJ_22_0490,LINJ_24_1970,LINJ_24_2220,LINJ_27_1170,LINJ_28_0110,LINJ_29_2410,LINJ_30_0970,LINJ_32_0730,LINJ_32_1310,LINJ_32_3060,LINJ_33_2910,LINJ_36_1730,RPT6,LINJ.12.0190
GO Process	GO:0022402	Cell cycle process	18	93	0.84	1.33	5.84e-08	5671.A4HSH7,5671.A4HUS3,5671.A4HWZ4,5671.A4HX71,5671.A4HXQ3,5671.A4I1W9,5671.A4I2H1,5671.A4I2I8,5671.A4I3C6,5671.A4I5K5,5671.A4I5W9,5671.A4I8F7,5671.A4I9B7,5671.A4IC25,5671.A4IC77,5671.A4ICT0,5671.E9AHI7,5671.E9AHR7	LINJ_05_0550,LINJ_11_0110,CRK,LINJ_17_0070,GSK3,CYC8,LINJ_26_2460,LINJ_26_2540,LMAIRK,LINJ_30_1780,LINJ_30_2920,CYC6,LINJ_33_2910,DMC1,LINJ_36_5580,CRK3,LINJ_29_1420,LINJ_33_2620
GO Process	GO:0006508	Proteolysis	28	253	0.6	1.03	1.35e-07	5671.A4HS39,5671.A4HSQ5,5671.A4HV47,5671.A4HVN7,5671.A4HWX0,5671.A4HXY4,5671.A4HZI9,5671.A4HZM5,5671.A4HZT4,5671.A4HZT8,5671.A4HZT9,5671.A4I0Z7,5671.A4I122,5671.A4I2S8,5671.A4I384,5671.A4I4T3,5671.A4I4U4,5671.A4I5C2,5671.A4I7L2,5671.A4I7U2,5671.A4I8B2,5671.A4I9B7,5671.A4IB59,5671.A4ICH8,5671.A4IDD6,5671.A4IE38,5671.E9AGB0,5671.E9AGI7	LINJ_04_0430,LINJ_06_0140,LINJ.12.0003,LINJ_13_0990,LINJ_16_0730,LINJ_18_1110,LINJ_21_2200,LINJ_21_0960,LINJ_22_0440,LINJ_22_0480,LINJ_22_0490,LINJ_24_1970,LINJ_24_2220,LINJ_27_1170,LINJ_28_0110,LINJ_29_2350,LINJ_29_2410,LINJ_30_0970,LINJ_32_0730,LINJ_32_1310,LINJ_32_3060,LINJ_33_2910,MCA5,LINJ_36_2850,LINJ_36_1730,RPT6,LINJ.12.0190,LINJ.12.0830
GO Process	GO:0006511	Ubiquitin-dependent protein catabolic process	19	121	0.75	1.14	4.03e-07	5671.A4HVN7,5671.A4HWX0,5671.A4HXY4,5671.A4HZI9,5671.A4HZT4,5671.A4HZT8,5671.A4HZT9,5671.A4I0Z7,5671.A4I122,5671.A4I2S8,5671.A4I384,5671.A4I4U4,5671.A4I5C2,5671.A4I7L2,5671.A4I7U2,5671.A4I8B2,5671.A4I9B7,5671.A4IE38,5671.E9AGB0	LINJ_13_0990,LINJ_16_0730,LINJ_18_1110,LINJ_21_2200,LINJ_22_0440,LINJ_22_0480,LINJ_22_0490,LINJ_24_1970,LINJ_24_2220,LINJ_27_1170,LINJ_28_0110,LINJ_29_2410,LINJ_30_0970,LINJ_32_0730,LINJ_32_1310,LINJ_32_3060,LINJ_33_2910,RPT6,LINJ.12.0190
GO Process	GO:0010498	Proteasomal protein catabolic process	15	79	0.83	1.14	1.68e-06	5671.A4HSQ5,5671.A4HV47,5671.A4HVN7,5671.A4HXY4,5671.A4HZI9,5671.A4HZT4,5671.A4HZT8,5671.A4HZT9,5671.A4I0Z7,5671.A4I122,5671.A4I384,5671.A4I9B7,5671.A4IDD6,5671.A4IE38,5671.E9AGB0	LINJ_06_0140,LINJ.12.0003,LINJ_13_0990,LINJ_18_1110,LINJ_21_2200,LINJ_22_0440,LINJ_22_0480,LINJ_22_0490,LINJ_24_1970,LINJ_24_2220,LINJ_28_0110,LINJ_33_2910,LINJ_36_1730,RPT6,LINJ.12.0190
GO Process	GO:0000278	Mitotic cell cycle	15	80	0.83	1.12	1.90e-06	5671.A4HSH7,5671.A4HUS3,5671.A4HWZ4,5671.A4HXQ3,5671.A4I1H6,5671.A4I1W9,5671.A4I2H1,5671.A4I2I8,5671.A4I3C6,5671.A4I5K5,5671.A4I8F7,5671.A4I9B7,5671.A4IC77,5671.A4ICT0,5671.E9AHI7	LINJ_05_0550,LINJ_11_0110,CRK,GSK3,LINJ_25_1360,CYC8,LINJ_26_2460,LINJ_26_2540,LMAIRK,LINJ_30_1780,CYC6,LINJ_33_2910,LINJ_36_5580,CRK3,LINJ_29_1420
GO Process	GO:1901575	Organic substance catabolic process	30	336	0.5	0.83	2.79e-06	5671.A4HRT1,5671.A4HSQ5,5671.A4HV47,5671.A4HVN7,5671.A4HWX0,5671.A4HX32,5671.A4HXY4,5671.A4HZI9,5671.A4HZT4,5671.A4HZT8,5671.A4HZT9,5671.A4I0Z7,5671.A4I122,5671.A4I2S8,5671.A4I384,5671.A4I4T3,5671.A4I4U4,5671.A4I5C2,5671.A4I628,5671.A4I6L1,5671.A4I7L2,5671.A4I7U2,5671.A4I8B2,5671.A4I9B7,5671.A4IDD6,5671.A4IDE7,5671.A4IE38,5671.E9AGB0,5671.E9AGI7,5671.E9AGT9	LINJ_03_0190,LINJ_06_0140,LINJ.12.0003,LINJ_13_0990,LINJ_16_0730,LINJ_16_1430,LINJ_18_1110,LINJ_21_2200,LINJ_22_0440,LINJ_22_0480,LINJ_22_0490,LINJ_24_1970,LINJ_24_2220,LINJ_27_1170,LINJ_28_0110,LINJ_29_2350,LINJ_29_2410,LINJ_30_0970,LINJ_30_3430,LINJ_31_0560,LINJ_32_0730,LINJ_32_1310,LINJ_32_3060,LINJ_33_2910,LINJ_36_1730,LINJ_36_1840,RPT6,LINJ.12.0190,LINJ.12.0830,PGKC
GO Process	GO:0000165	MAPK cascade	9	24	1.13	1.2	8.20e-06	5671.A4HRT2,5671.A4HUC8,5671.A4HUG1,5671.A4HYH4,5671.A4I0Q5,5671.A4I1P7,5671.A4I5X0,5671.A4I910,5671.A4I9Y5	LINJ_03_0200,LINJ_10_0200,MPK3,MPK4,LINJ_24_0680,LINJ_25_2070,LINJ_30_2930,MPK11,LINJ_34_1840
GO Process	GO:0009056	Catabolic process	31	377	0.47	0.76	8.77e-06	5671.A4HRT1,5671.A4HSQ5,5671.A4HV47,5671.A4HVN7,5671.A4HWX0,5671.A4HX32,5671.A4HXY4,5671.A4HZI9,5671.A4HZT4,5671.A4HZT8,5671.A4HZT9,5671.A4I0Z7,5671.A4I109,5671.A4I122,5671.A4I2S8,5671.A4I384,5671.A4I4T3,5671.A4I4U4,5671.A4I5C2,5671.A4I628,5671.A4I6L1,5671.A4I7L2,5671.A4I7U2,5671.A4I8B2,5671.A4I9B7,5671.A4IDD6,5671.A4IDE7,5671.A4IE38,5671.E9AGB0,5671.E9AGI7,5671.E9AGT9	LINJ_03_0190,LINJ_06_0140,LINJ.12.0003,LINJ_13_0990,LINJ_16_0730,LINJ_16_1430,LINJ_18_1110,LINJ_21_2200,LINJ_22_0440,LINJ_22_0480,LINJ_22_0490,LINJ_24_1970,LINJ_24_2090,LINJ_24_2220,LINJ_27_1170,LINJ_28_0110,LINJ_29_2350,LINJ_29_2410,LINJ_30_0970,LINJ_30_3430,LINJ_31_0560,LINJ_32_0730,LINJ_32_1310,LINJ_32_3060,LINJ_33_2910,LINJ_36_1730,LINJ_36_1840,RPT6,LINJ.12.0190,LINJ.12.0830,PGKC
GO Process	GO:0043161	Proteasome-mediated ubiquitin-dependent protein catabolic process	12	63	0.83	0.94	3.53e-05	5671.A4HVN7,5671.A4HXY4,5671.A4HZI9,5671.A4HZT4,5671.A4HZT8,5671.A4HZT9,5671.A4I0Z7,5671.A4I122,5671.A4I384,5671.A4I9B7,5671.A4IE38,5671.E9AGB0	LINJ_13_0990,LINJ_18_1110,LINJ_21_2200,LINJ_22_0440,LINJ_22_0480,LINJ_22_0490,LINJ_24_1970,LINJ_24_2220,LINJ_28_0110,LINJ_33_2910,RPT6,LINJ.12.0190
GO Process	GO:0010564	Regulation of cell cycle process	9	31	1.02	1.01	4.35e-05	5671.A4HRL5,5671.A4HX71,5671.A4I122,5671.A4I2H1,5671.A4I2I8,5671.A4I3C6,5671.A4I7W3,5671.A4IC77,5671.E9AHI7	LINJ_02_0100,LINJ_17_0070,LINJ_24_2220,LINJ_26_2460,LINJ_26_2540,LMAIRK,LINJ_32_1520,LINJ_36_5580,LINJ_29_1420
GO Process	GO:0044770	Cell cycle phase transition	8	22	1.11	1.05	4.35e-05	5671.A4HSH7,5671.A4HUS3,5671.A4HWZ4,5671.A4I1W9,5671.A4I5K5,5671.A4I8F7,5671.A4I9B7,5671.A4ICT0	LINJ_05_0550,LINJ_11_0110,CRK,CYC8,LINJ_30_1780,CYC6,LINJ_33_2910,CRK3
GO Process	GO:0044248	Cellular catabolic process	25	296	0.48	0.68	8.47e-05	5671.A4HRT1,5671.A4HVN7,5671.A4HWX0,5671.A4HXY4,5671.A4HZI9,5671.A4HZT4,5671.A4HZT8,5671.A4HZT9,5671.A4I0Z7,5671.A4I109,5671.A4I122,5671.A4I2S8,5671.A4I384,5671.A4I4T3,5671.A4I4U4,5671.A4I5C2,5671.A4I6L1,5671.A4I7L2,5671.A4I7U2,5671.A4I8B2,5671.A4I9B7,5671.A4IDE7,5671.A4IE38,5671.E9AGB0,5671.E9AGI7	LINJ_03_0190,LINJ_13_0990,LINJ_16_0730,LINJ_18_1110,LINJ_21_2200,LINJ_22_0440,LINJ_22_0480,LINJ_22_0490,LINJ_24_1970,LINJ_24_2090,LINJ_24_2220,LINJ_27_1170,LINJ_28_0110,LINJ_29_2350,LINJ_29_2410,LINJ_30_0970,LINJ_31_0560,LINJ_32_0730,LINJ_32_1310,LINJ_32_3060,LINJ_33_2910,LINJ_36_1840,RPT6,LINJ.12.0190,LINJ.12.0830
GO Process	GO:0045184	Establishment of protein localization	21	225	0.52	0.68	0.00014	5671.A4HRM3,5671.A4HU06,5671.A4HUK3,5671.A4HVF7,5671.A4HVK4,5671.A4HW20,5671.A4HWQ5,5671.A4HXY7,5671.A4HYS3,5671.A4HYY3,5671.A4HZ08,5671.A4I1I6,5671.A4I2Q9,5671.A4I4C7,5671.A4I4W4,5671.A4I7G8,5671.A4I7N3,5671.A4I825,5671.A4I9G2,5671.A4IAB8,5671.A4IB20	LINJ_02_0230,LINJ_09_0900,Rab11,LINJ_13_0220,LINJ_13_0650,LINJ_14_0820,LINJ_16_0070,LINJ_18_1140,LINJ_20_0820,LINJ_20_1450,LINJ_20_1580,LINJ_25_1460,LINJ_27_0940,LINJ_29_0770,VPS4,LINJ_32_0050,LINJ_32_0520,LINJ_32_2160,LINJ_33_3360,LINJ_34_3300,LINJ_35_1270
GO Process	GO:0016570	Histone modification	9	38	0.93	0.86	0.00017	5671.A4HRL5,5671.A4HVF3,5671.A4HVV6,5671.A4HZ67,5671.A4HZT8,5671.A4I2H1,5671.A4I3C6,5671.A4I3V8,5671.E9AHI7	LINJ_02_0100,LINJ_13_0170,LINJ_14_0140,LINJ_21_0740,LINJ_22_0480,LINJ_26_2460,LMAIRK,LINJ_28_2440,LINJ_29_1420
GO Process	GO:0015031	Protein transport	20	213	0.53	0.67	0.00021	5671.A4HRM3,5671.A4HU06,5671.A4HUK3,5671.A4HVF7,5671.A4HVK4,5671.A4HW20,5671.A4HWQ5,5671.A4HXY7,5671.A4HYS3,5671.A4HYY3,5671.A4HZ08,5671.A4I1I6,5671.A4I2Q9,5671.A4I4C7,5671.A4I4W4,5671.A4I7G8,5671.A4I7N3,5671.A4I825,5671.A4I9G2,5671.A4IAB8	LINJ_02_0230,LINJ_09_0900,Rab11,LINJ_13_0220,LINJ_13_0650,LINJ_14_0820,LINJ_16_0070,LINJ_18_1140,LINJ_20_0820,LINJ_20_1450,LINJ_20_1580,LINJ_25_1460,LINJ_27_0940,LINJ_29_0770,VPS4,LINJ_32_0050,LINJ_32_0520,LINJ_32_2160,LINJ_33_3360,LINJ_34_3300
GO Process	GO:0000209	Protein polyubiquitination	7	23	1.04	0.8	0.00050	5671.A4HS64,5671.A4HTB1,5671.A4HZT8,5671.A4I122,5671.A4I5C2,5671.A4I7L2,5671.A4IB24	LINJ_04_0680,LINJ_07_1000,LINJ_22_0480,LINJ_24_2220,LINJ_30_0970,LINJ_32_0730,LINJ_35_1310
GO Process	GO:0010604	Positive regulation of macromolecule metabolic process	11	79	0.7	0.64	0.0011	5671.A4HTU3,5671.A4HVF3,5671.A4HVN7,5671.A4HVU4,5671.A4HVV6,5671.A4HZT4,5671.A4HZT9,5671.A4I2Q7,5671.A4I3V8,5671.A4IE38,5671.E9AGB0	LINJ_09_0270,LINJ_13_0170,LINJ_13_0990,LINJ_14_0020,LINJ_14_0140,LINJ_22_0440,LINJ_22_0490,LINJ_27_0920,LINJ_28_2440,RPT6,LINJ.12.0190
GO Process	GO:0070647	Protein modification by small protein conjugation or removal	15	145	0.57	0.59	0.0011	5671.A4HRN6,5671.A4HS64,5671.A4HTB1,5671.A4HWX0,5671.A4HXY4,5671.A4HZT8,5671.A4I122,5671.A4I2S8,5671.A4I4U4,5671.A4I5C2,5671.A4I7L2,5671.A4I7U2,5671.A4I8B2,5671.A4I9B7,5671.A4IB24	LINJ_02_0360,LINJ_04_0680,LINJ_07_1000,LINJ_16_0730,LINJ_18_1110,LINJ_22_0480,LINJ_24_2220,LINJ_27_1170,LINJ_29_2410,LINJ_30_0970,LINJ_32_0730,LINJ_32_1310,LINJ_32_3060,LINJ_33_2910,LINJ_35_1310
GO Process	GO:0016572	Histone phosphorylation	4	4	1.55	0.78	0.0013	5671.A4HRL5,5671.A4I2H1,5671.A4I3C6,5671.E9AHI7	LINJ_02_0100,LINJ_26_2460,LMAIRK,LINJ_29_1420
GO Process	GO:0033036	Macromolecule localization	23	314	0.42	0.51	0.0015	5671.A4HRM3,5671.A4HRM7,5671.A4HU06,5671.A4HUK3,5671.A4HVF7,5671.A4HVK4,5671.A4HW20,5671.A4HWQ5,5671.A4HXY7,5671.A4HYS3,5671.A4HYY3,5671.A4HZ08,5671.A4I1I6,5671.A4I2Q9,5671.A4I4C7,5671.A4I4W4,5671.A4I6L1,5671.A4I7G8,5671.A4I7N3,5671.A4I825,5671.A4I9G2,5671.A4IAB8,5671.A4IB20	LINJ_02_0230,LINJ_02_0270,LINJ_09_0900,Rab11,LINJ_13_0220,LINJ_13_0650,LINJ_14_0820,LINJ_16_0070,LINJ_18_1140,LINJ_20_0820,LINJ_20_1450,LINJ_20_1580,LINJ_25_1460,LINJ_27_0940,LINJ_29_0770,VPS4,LINJ_31_0560,LINJ_32_0050,LINJ_32_0520,LINJ_32_2160,LINJ_33_3360,LINJ_34_3300,LINJ_35_1270
GO Process	GO:0018105	Peptidyl-serine phosphorylation	7	30	0.92	0.67	0.0017	5671.A4HT43,5671.A4HWP5,5671.A4I2H1,5671.A4I3C6,5671.A4I638,5671.A4IAZ8,5671.E9AHI7	LINJ_07_0410,LINJ_15_1630,LINJ_26_2460,LMAIRK,LINJ_30_3530,LINJ_35_1030,LINJ_29_1420
GO Process	GO:0048518	Positive regulation of biological process	13	119	0.59	0.57	0.0019	5671.A4HTU3,5671.A4HVF3,5671.A4HVK4,5671.A4HVN7,5671.A4HVU4,5671.A4HVV6,5671.A4HZT4,5671.A4HZT9,5671.A4I2Q7,5671.A4I3V8,5671.A4I7G8,5671.A4IE38,5671.E9AGB0	LINJ_09_0270,LINJ_13_0170,LINJ_13_0650,LINJ_13_0990,LINJ_14_0020,LINJ_14_0140,LINJ_22_0440,LINJ_22_0490,LINJ_27_0920,LINJ_28_2440,LINJ_32_0050,RPT6,LINJ.12.0190
GO Process	GO:0019222	Regulation of metabolic process	27	423	0.36	0.46	0.0026	5671.A4HSH7,5671.A4HTS6,5671.A4HTU3,5671.A4HUR8,5671.A4HUS3,5671.A4HVF3,5671.A4HVN7,5671.A4HVU4,5671.A4HVV6,5671.A4HWW3,5671.A4HWZ4,5671.A4HYV4,5671.A4HZ67,5671.A4HZT4,5671.A4HZT9,5671.A4I1W9,5671.A4I2Q7,5671.A4I3V8,5671.A4I4U4,5671.A4I5K5,5671.A4I8F7,5671.A4IAM7,5671.A4IC57,5671.A4ICT0,5671.A4ID13,5671.A4IE38,5671.E9AGB0	LINJ_05_0550,LINJ_09_0100,LINJ_09_0270,LINJ_11_0060,LINJ_11_0110,LINJ_13_0170,LINJ_13_0990,LINJ_14_0020,LINJ_14_0140,LINJ_16_0640,CRK,LINJ_20_1140,LINJ_21_0740,LINJ_22_0440,LINJ_22_0490,CYC8,LINJ_27_0920,LINJ_28_2440,LINJ_29_2410,LINJ_30_1780,CYC6,LINJ_34_1900,PABP1,CRK3,LINJ_36_4020,RPT6,LINJ.12.0190
GO Process	GO:0032787	Monocarboxylic acid metabolic process	12	107	0.6	0.55	0.0027	5671.A4HRH0,5671.A4HRH2,5671.A4HRH5,5671.A4HRT4,5671.A4I093,5671.A4I628,5671.A4I6L1,5671.A4I7A2,5671.A4I931,5671.A4I9B2,5671.A4IDE7,5671.E9AGT9	LINJ_01_0490,LINJ_01_0510,LINJ_01_0540,LINJ_03_0220,LINJ_23_0580,LINJ_30_3430,LINJ_31_0560,LINJ_31_3080,LINJ_33_1690,LINJ_33_2860,LINJ_36_1840,PGKC
GO Process	GO:0015919	Peroxisomal membrane transport	5	13	1.14	0.65	0.0028	5671.A4HWQ5,5671.A4HZ08,5671.A4I4C7,5671.A4I6L1,5671.A4IAB8	LINJ_16_0070,LINJ_20_1580,LINJ_29_0770,LINJ_31_0560,LINJ_34_3300
GO Process	GO:0045454	Cell redox homeostasis	4	6	1.38	0.68	0.0028	5671.A4HSF7,5671.A4I4P1,5671.A4I8F6,5671.E9AHL8	TRYR,GCVL-1,GCVL-2,LINJ_31_2720
GO Process	GO:0051173	Positive regulation of nitrogen compound metabolic process	10	76	0.67	0.56	0.0030	5671.A4HTU3,5671.A4HVF3,5671.A4HVN7,5671.A4HVV6,5671.A4HZT4,5671.A4HZT9,5671.A4I2Q7,5671.A4I3V8,5671.A4IE38,5671.E9AGB0	LINJ_09_0270,LINJ_13_0170,LINJ_13_0990,LINJ_14_0140,LINJ_22_0440,LINJ_22_0490,LINJ_27_0920,LINJ_28_2440,RPT6,LINJ.12.0190
GO Process	GO:0007031	Peroxisome organization	5	14	1.11	0.63	0.0034	5671.A4HWQ5,5671.A4HZ08,5671.A4I4C7,5671.A4I6L1,5671.A4IAB8	LINJ_16_0070,LINJ_20_1580,LINJ_29_0770,LINJ_31_0560,LINJ_34_3300
GO Process	GO:0018193	Peptidyl-amino acid modification	14	151	0.52	0.49	0.0041	5671.A4HRN6,5671.A4HT43,5671.A4HVF3,5671.A4HVV6,5671.A4HWP5,5671.A4I2H1,5671.A4I3C6,5671.A4I3V8,5671.A4I638,5671.A4I7H1,5671.A4I9Y5,5671.A4IAM7,5671.A4IAZ8,5671.E9AHI7	LINJ_02_0360,LINJ_07_0410,LINJ_13_0170,LINJ_14_0140,LINJ_15_1630,LINJ_26_2460,LMAIRK,LINJ_28_2440,LINJ_30_3530,NMT,LINJ_34_1840,LINJ_34_1900,LINJ_35_1030,LINJ_29_1420
GO Process	GO:0035336	Long-chain fatty-acyl-CoA metabolic process	4	7	1.31	0.63	0.0041	5671.A4HRH0,5671.A4HRH2,5671.A4HRH5,5671.A4HRT4	LINJ_01_0490,LINJ_01_0510,LINJ_01_0540,LINJ_03_0220
GO Process	GO:0048523	Negative regulation of cellular process	11	96	0.61	0.52	0.0041	5671.A4HRL5,5671.A4HUR8,5671.A4HVF3,5671.A4HVV6,5671.A4HX71,5671.A4HYV4,5671.A4I2S5,5671.A4I390,5671.A4I3V8,5671.A4I7W3,5671.A4ID13	LINJ_02_0100,LINJ_11_0060,LINJ_13_0170,LINJ_14_0140,LINJ_17_0070,LINJ_20_1140,LINJ_27_1140,LINJ_28_0170,LINJ_28_2440,LINJ_32_1520,LINJ_36_4020
GO Process	GO:0065002	Intracellular protein transmembrane transport	5	15	1.08	0.61	0.0042	5671.A4HVK4,5671.A4HWQ5,5671.A4HZ08,5671.A4I4C7,5671.A4IAB8	LINJ_13_0650,LINJ_16_0070,LINJ_20_1580,LINJ_29_0770,LINJ_34_3300
GO Process	GO:0051641	Cellular localization	23	357	0.36	0.41	0.0066	5671.A4HRM3,5671.A4HTD0,5671.A4HU06,5671.A4HUK3,5671.A4HVF7,5671.A4HVK4,5671.A4HW20,5671.A4HWQ5,5671.A4HXY7,5671.A4HYS3,5671.A4HYY3,5671.A4HZ08,5671.A4I1I6,5671.A4I2Q9,5671.A4I4C7,5671.A4I4W4,5671.A4I6L1,5671.A4I7G8,5671.A4I7N3,5671.A4I825,5671.A4I9G2,5671.A4IAB8,5671.A4IB20	LINJ_02_0230,LINJ_07_1210,LINJ_09_0900,Rab11,LINJ_13_0220,LINJ_13_0650,LINJ_14_0820,LINJ_16_0070,LINJ_18_1140,LINJ_20_0820,LINJ_20_1450,LINJ_20_1580,LINJ_25_1460,LINJ_27_0940,LINJ_29_0770,VPS4,LINJ_31_0560,LINJ_32_0050,LINJ_32_0520,LINJ_32_2160,LINJ_33_3360,LINJ_34_3300,LINJ_35_1270
GO Process	GO:0071702	Organic substance transport	22	335	0.37	0.42	0.0068	5671.A4HRM3,5671.A4HRM7,5671.A4HU06,5671.A4HUK3,5671.A4HVF7,5671.A4HVK4,5671.A4HW20,5671.A4HWQ5,5671.A4HXY7,5671.A4HYS3,5671.A4HYY3,5671.A4HZ08,5671.A4I1I6,5671.A4I2Q9,5671.A4I4C7,5671.A4I4W4,5671.A4I6L1,5671.A4I7G8,5671.A4I7N3,5671.A4I825,5671.A4I9G2,5671.A4IAB8	LINJ_02_0230,LINJ_02_0270,LINJ_09_0900,Rab11,LINJ_13_0220,LINJ_13_0650,LINJ_14_0820,LINJ_16_0070,LINJ_18_1140,LINJ_20_0820,LINJ_20_1450,LINJ_20_1580,LINJ_25_1460,LINJ_27_0940,LINJ_29_0770,VPS4,LINJ_31_0560,LINJ_32_0050,LINJ_32_0520,LINJ_32_2160,LINJ_33_3360,LINJ_34_3300
GO Process	GO:0006996	Organelle organization	27	459	0.32	0.4	0.0074	5671.A4HRL5,5671.A4HVF3,5671.A4HVT1,5671.A4HVV6,5671.A4HWE8,5671.A4HWL4,5671.A4HWQ5,5671.A4HZ08,5671.A4HZ67,5671.A4I109,5671.A4I2H1,5671.A4I2I8,5671.A4I3C6,5671.A4I3V8,5671.A4I3V9,5671.A4I4C7,5671.A4I4W4,5671.A4I5W9,5671.A4I6L1,5671.A4I7G8,5671.A4I7W3,5671.A4I9B7,5671.A4IAB8,5671.A4IC25,5671.A4IC77,5671.E9AHI7,5671.E9AHR7	LINJ_02_0100,LINJ_13_0170,LINJ_13_1580,LINJ_14_0140,LINJ_15_0520,TOP2,LINJ_16_0070,LINJ_20_1580,LINJ_21_0740,LINJ_24_2090,LINJ_26_2460,LINJ_26_2540,LMAIRK,LINJ_28_2440,LINJ_28_2450,LINJ_29_0770,VPS4,LINJ_30_2920,LINJ_31_0560,LINJ_32_0050,LINJ_32_1520,LINJ_33_2910,LINJ_34_3300,DMC1,LINJ_36_5580,LINJ_29_1420,LINJ_33_2620
GO Process	GO:0016558	Protein import into peroxisome matrix	4	9	1.2	0.56	0.0077	5671.A4HWQ5,5671.A4HZ08,5671.A4I4C7,5671.A4IAB8	LINJ_16_0070,LINJ_20_1580,LINJ_29_0770,LINJ_34_3300
GO Process	GO:0019725	Cellular homeostasis	7	43	0.76	0.49	0.0087	5671.A0A381MFJ0,5671.A4HSF7,5671.A4HTD0,5671.A4I0Z7,5671.A4I4P1,5671.A4I8F6,5671.E9AHL8	H1A-1,TRYR,LINJ_07_1210,LINJ_24_1970,GCVL-1,GCVL-2,LINJ_31_2720
GO Process	GO:0071840	Cellular component organization or biogenesis	39	792	0.25	0.36	0.0100	5671.A4HRL5,5671.A4HU44,5671.A4HUB8,5671.A4HVF3,5671.A4HVT1,5671.A4HVV6,5671.A4HVZ9,5671.A4HWE8,5671.A4HWL4,5671.A4HWQ5,5671.A4HYJ4,5671.A4HYS3,5671.A4HZ08,5671.A4HZ67,5671.A4I109,5671.A4I135,5671.A4I186,5671.A4I2H1,5671.A4I2I8,5671.A4I2M3,5671.A4I2Q7,5671.A4I2Q9,5671.A4I3C6,5671.A4I3V8,5671.A4I3V9,5671.A4I4C7,5671.A4I4W4,5671.A4I5W9,5671.A4I6L1,5671.A4I7G8,5671.A4I7W3,5671.A4I9B7,5671.A4IA43,5671.A4IAB8,5671.A4IC25,5671.A4IC77,5671.E9AH29,5671.E9AHI7,5671.E9AHR7	LINJ_02_0100,LINJ_09_1280,LINJ_10_0090,LINJ_13_0170,LINJ_13_1580,LINJ_14_0140,LINJ_14_0580,LINJ_15_0520,TOP2,LINJ_16_0070,LINJ_20_0020,LINJ_20_0820,LINJ_20_1580,LINJ_21_0740,LINJ_24_2090,LINJ_24_2350,LINJ_25_0440,LINJ_26_2460,LINJ_26_2540,LINJ_27_0370,LINJ_27_0920,LINJ_27_0940,LMAIRK,LINJ_28_2440,LINJ_28_2450,LINJ_29_0770,VPS4,LINJ_30_2920,LINJ_31_0560,LINJ_32_0050,LINJ_32_1520,LINJ_33_2910,LINJ_34_2500,LINJ_34_3300,DMC1,LINJ_36_5580,LINJ_24_0170,LINJ_29_1420,LINJ_33_2620
GO Process	GO:0006637	acyl-CoA metabolic process	5	21	0.93	0.48	0.0128	5671.A4HRH0,5671.A4HRH2,5671.A4HRH5,5671.A4HRT4,5671.A4I7A2	LINJ_01_0490,LINJ_01_0510,LINJ_01_0540,LINJ_03_0220,LINJ_31_3080
GO Process	GO:0042026	Protein refolding	3	4	1.43	0.5	0.0137	5671.A4I5W0,5671.A4I800,5671.A4IDH4	LINJ_30_2830,LINJ_32_1940,LINJ_36_2130
GO Process	GO:0072659	Protein localization to plasma membrane	3	4	1.43	0.5	0.0137	5671.A4HVK4,5671.A4HYS3,5671.A4I2Q9	LINJ_13_0650,LINJ_20_0820,LINJ_27_0940
GO Process	GO:1903047	Mitotic cell cycle process	7	48	0.72	0.44	0.0140	5671.A4HXQ3,5671.A4I1W9,5671.A4I2H1,5671.A4I3C6,5671.A4I8F7,5671.A4I9B7,5671.E9AHI7	GSK3,CYC8,LINJ_26_2460,LMAIRK,CYC6,LINJ_33_2910,LINJ_29_1420
GO Process	GO:0016043	Cellular component organization	32	619	0.27	0.34	0.0149	5671.A4HRL5,5671.A4HUB8,5671.A4HVF3,5671.A4HVT1,5671.A4HVV6,5671.A4HWE8,5671.A4HWL4,5671.A4HWQ5,5671.A4HYS3,5671.A4HZ08,5671.A4HZ67,5671.A4I109,5671.A4I135,5671.A4I2H1,5671.A4I2I8,5671.A4I2Q9,5671.A4I3C6,5671.A4I3V8,5671.A4I3V9,5671.A4I4C7,5671.A4I4W4,5671.A4I5W9,5671.A4I6L1,5671.A4I7G8,5671.A4I7W3,5671.A4I9B7,5671.A4IA43,5671.A4IAB8,5671.A4IC25,5671.A4IC77,5671.E9AHI7,5671.E9AHR7	LINJ_02_0100,LINJ_10_0090,LINJ_13_0170,LINJ_13_1580,LINJ_14_0140,LINJ_15_0520,TOP2,LINJ_16_0070,LINJ_20_0820,LINJ_20_1580,LINJ_21_0740,LINJ_24_2090,LINJ_24_2350,LINJ_26_2460,LINJ_26_2540,LINJ_27_0940,LMAIRK,LINJ_28_2440,LINJ_28_2450,LINJ_29_0770,VPS4,LINJ_30_2920,LINJ_31_0560,LINJ_32_0050,LINJ_32_1520,LINJ_33_2910,LINJ_34_2500,LINJ_34_3300,DMC1,LINJ_36_5580,LINJ_29_1420,LINJ_33_2620
GO Process	GO:0019318	Hexose metabolic process	5	23	0.89	0.45	0.0170	5671.A4HRW8,5671.A4HSB4,5671.A4I1W7,5671.A4I628,5671.E9AGT9	LINJ_03_0790,LINJ_04_1170,LINJ_26_0300,LINJ_30_3430,PGKC
GO Process	GO:0006000	Fructose metabolic process	3	5	1.33	0.46	0.0200	5671.A4HRW8,5671.A4HSB4,5671.A4I1W7	LINJ_03_0790,LINJ_04_1170,LINJ_26_0300
GO Process	GO:0032465	Regulation of cytokinesis	3	5	1.33	0.46	0.0200	5671.A4I2H1,5671.A4I3C6,5671.E9AHI7	LINJ_26_2460,LMAIRK,LINJ_29_1420
GO Process	GO:0006631	Fatty acid metabolic process	8	71	0.61	0.37	0.0254	5671.A4HRH0,5671.A4HRH2,5671.A4HRH5,5671.A4HRT4,5671.A4I6L1,5671.A4I7A2,5671.A4I931,5671.A4I9B2	LINJ_01_0490,LINJ_01_0510,LINJ_01_0540,LINJ_03_0220,LINJ_31_0560,LINJ_31_3080,LINJ_33_1690,LINJ_33_2860
GO Process	GO:0032446	Protein modification by small protein conjugation	10	109	0.52	0.35	0.0275	5671.A4HRN6,5671.A4HS64,5671.A4HTB1,5671.A4HXY4,5671.A4HZT8,5671.A4I122,5671.A4I5C2,5671.A4I7L2,5671.A4I9B7,5671.A4IB24	LINJ_02_0360,LINJ_04_0680,LINJ_07_1000,LINJ_18_1110,LINJ_22_0480,LINJ_24_2220,LINJ_30_0970,LINJ_32_0730,LINJ_33_2910,LINJ_35_1310
GO Process	GO:0006094	Gluconeogenesis	3	6	1.25	0.42	0.0278	5671.A4HSB4,5671.A4I628,5671.E9AGT9	LINJ_04_1170,LINJ_30_3430,PGKC
GO Process	GO:0006163	Purine nucleotide metabolic process	9	91	0.55	0.36	0.0285	5671.A4HRH0,5671.A4HRH2,5671.A4HRH5,5671.A4HRT4,5671.A4HXF5,5671.A4HYI5,5671.A4I628,5671.A4I7A2,5671.E9AGT9	LINJ_01_0490,LINJ_01_0510,LINJ_01_0540,LINJ_03_0220,GMPR,LINJ_19_1590,LINJ_30_3430,LINJ_31_3080,PGKC
GO Process	GO:0016567	Protein ubiquitination	9	91	0.55	0.36	0.0285	5671.A4HS64,5671.A4HTB1,5671.A4HXY4,5671.A4HZT8,5671.A4I122,5671.A4I5C2,5671.A4I7L2,5671.A4I9B7,5671.A4IB24	LINJ_04_0680,LINJ_07_1000,LINJ_18_1110,LINJ_22_0480,LINJ_24_2220,LINJ_30_0970,LINJ_32_0730,LINJ_33_2910,LINJ_35_1310
GO Process	GO:0016579	Protein deubiquitination	5	27	0.82	0.39	0.0286	5671.A4HWX0,5671.A4I2S8,5671.A4I4U4,5671.A4I7U2,5671.A4I8B2	LINJ_16_0730,LINJ_27_1170,LINJ_29_2410,LINJ_32_1310,LINJ_32_3060
GO Process	GO:1901987	Regulation of cell cycle phase transition	4	17	0.92	0.36	0.0388	5671.A4HRL5,5671.A4HX71,5671.A4I122,5671.A4I7W3	LINJ_02_0100,LINJ_17_0070,LINJ_24_2220,LINJ_32_1520
GO Process	GO:0006790	Sulfur compound metabolic process	8	78	0.56	0.33	0.0394	5671.A4HRH0,5671.A4HRH2,5671.A4HRH5,5671.A4HRT4,5671.A4HSF7,5671.A4HUB8,5671.A4I7A2,5671.A4IA43	LINJ_01_0490,LINJ_01_0510,LINJ_01_0540,LINJ_03_0220,TRYR,LINJ_10_0090,LINJ_31_3080,LINJ_34_2500
GO Function	GO:0043167	Ion binding	151	1536	0.55	1.73	1.84e-50	5671.A2TEF2,5671.A4HRH0,5671.A4HRH2,5671.A4HRH5,5671.A4HRL5,5671.A4HRM3,5671.A4HRM7,5671.A4HRS7,5671.A4HRT2,5671.A4HRT4,5671.A4HRW8,5671.A4HRZ8,5671.A4HS64,5671.A4HSB4,5671.A4HSF7,5671.A4HSH7,5671.A4HT43,5671.A4HT82,5671.A4HT95,5671.A4HTB1,5671.A4HTB4,5671.A4HTD0,5671.A4HTU3,5671.A4HU06,5671.A4HU13,5671.A4HU44,5671.A4HUC8,5671.A4HUG1,5671.A4HUK3,5671.A4HUM8,5671.A4HUM9,5671.A4HUR8,5671.A4HUS3,5671.A4HUX0,5671.A4HVF7,5671.A4HVK4,5671.A4HVN7,5671.A4HVP4,5671.A4HVS3,5671.A4HVT1,5671.A4HVU4,5671.A4HW20,5671.A4HWE8,5671.A4HWL4,5671.A4HWN6,5671.A4HWN7,5671.A4HWP5,5671.A4HWQ5,5671.A4HWV8,5671.A4HWZ4,5671.A4HX71,5671.A4HXC3,5671.A4HXF5,5671.A4HXQ3,5671.A4HXU0,5671.A4HXY2,5671.A4HXY3,5671.A4HXY7,5671.A4HY76,5671.A4HYH4,5671.A4HYH5,5671.A4HYI5,5671.A4HYS3,5671.A4HYV4,5671.A4HZ08,5671.A4HZA2,5671.A4HZG8,5671.A4HZM5,5671.A4HZT4,5671.A4HZT8,5671.A4HZT9,5671.A4HZV1,5671.A4HZY8,5671.A4I000,5671.A4I093,5671.A4I0Q5,5671.A4I0Y4,5671.A4I109,5671.A4I122,5671.A4I194,5671.A4I1H6,5671.A4I1I6,5671.A4I1J8,5671.A4I1P7,5671.A4I1W7,5671.A4I1Z4,5671.A4I2H1,5671.A4I2I8,5671.A4I2K5,5671.A4I2M3,5671.A4I2Q7,5671.A4I2Q9,5671.A4I2S6,5671.A4I302,5671.A4I3C6,5671.A4I3F5,5671.A4I3K3,5671.A4I3S8,5671.A4I3V9,5671.A4I4P1,5671.A4I4T3,5671.A4I4U4,5671.A4I4W3,5671.A4I4W4,5671.A4I4Y0,5671.A4I5J7,5671.A4I5J8,5671.A4I5K5,5671.A4I5W0,5671.A4I5X0,5671.A4I628,5671.A4I638,5671.A4I646,5671.A4I6L1,5671.A4I6Q3,5671.A4I7A2,5671.A4I7L2,5671.A4I7N3,5671.A4I7W3,5671.A4I800,5671.A4I825,5671.A4I8C9,5671.A4I8F2,5671.A4I8F6,5671.A4I910,5671.A4I967,5671.A4I9B7,5671.A4I9Y5,5671.A4IA43,5671.A4IAB8,5671.A4IAM7,5671.A4IAZ8,5671.A4IB20,5671.A4IB24,5671.A4IBG5,5671.A4IC25,5671.A4IC77,5671.A4ICH8,5671.A4ICT0,5671.A4ID13,5671.A4IDH4,5671.A4IE38,5671.E9AG43,5671.E9AGB0,5671.E9AGI7,5671.E9AGT9,5671.E9AGX7,5671.E9AH29,5671.E9AHI7,5671.E9AHL8,5671.E9AHR7	CYP51,LINJ_01_0490,LINJ_01_0510,LINJ_01_0540,LINJ_02_0100,LINJ_02_0230,LINJ_02_0270,LINJ_03_0150,LINJ_03_0200,LINJ_03_0220,LINJ_03_0790,LINJ_04_0030,LINJ_04_0680,LINJ_04_1170,TRYR,LINJ_05_0550,LINJ_07_0410,LINJ_07_0510,LINJ_07_0790,LINJ_07_1000,LINJ_07_1030,LINJ_07_1210,LINJ_09_0270,LINJ_09_0900,LINJ_09_0970,LINJ_09_1280,LINJ_10_0200,MPK3,Rab11,LINJ_10_1250,LINJ_10_1260,LINJ_11_0060,LINJ_11_0110,LINJ_11_0600,LINJ_13_0220,LINJ_13_0650,LINJ_13_0990,LINJ_13_1060,LINJ_13_1500,LINJ_13_1580,LINJ_14_0020,LINJ_14_0820,LINJ_15_0520,TOP2,LINJ_15_1540,LINJ_15_1550,LINJ_15_1630,LINJ_16_0070,LINJ_16_0590,CRK,LINJ_17_0070,LINJ_17_0550,GMPR,GSK3,LINJ_18_0650,PKAC1,PDEA,LINJ_18_1140,LINJ_19_0540,MPK4,NOS,LINJ_19_1590,LINJ_20_0820,LINJ_20_1140,LINJ_20_1580,LINJ_21_0210,LINJ_21_1990,LINJ_21_0960,LINJ_22_0440,LINJ_22_0480,LINJ_22_0490,LINJ_22_0630,LINJ_22_0990,LINJ_22_1260,LINJ_23_0580,LINJ_24_0680,LINJ_24_1500,LINJ_24_2090,LINJ_24_2220,LINJ_25_0540,LINJ_25_1360,LINJ_25_1460,LINJ_25_1580,LINJ_25_2070,LINJ_26_0300,LINJ_26_0590,LINJ_26_2460,LINJ_26_2540,LINJ_27_0090,LINJ_27_0370,LINJ_27_0920,LINJ_27_0940,LINJ_27_1150,LINJ_27_1860,LMAIRK,LINJ_28_0860,LINJ_28_1350,LDK,LINJ_28_2450,GCVL-1,LINJ_29_2350,LINJ_29_2410,LINJ_29_2600,VPS4,LINJ_29_2830,LINJ_30_1700,LINJ_30_1710,LINJ_30_1780,LINJ_30_2830,LINJ_30_2930,LINJ_30_3430,LINJ_30_3530,LINJ_30_3610,LINJ_31_0560,ABCC4,LINJ_31_3080,LINJ_32_0730,LINJ_32_0520,LINJ_32_1520,LINJ_32_1940,LINJ_32_2160,LINJ_32_3240,LINJ_32_3470,GCVL-2,MPK11,LINJ_33_1810,LINJ_33_2910,LINJ_34_1840,LINJ_34_2500,LINJ_34_3300,LINJ_34_1900,LINJ_35_1030,LINJ_35_1270,LINJ_35_1310,LINJ_35_2600,DMC1,LINJ_36_5580,LINJ_36_2850,CRK3,LINJ_36_4020,LINJ_36_2130,RPT6,LINJ_03_0520,LINJ.12.0190,LINJ.12.0830,PGKC,LINJ_21_1330,LINJ_24_0170,LINJ_29_1420,LINJ_31_2720,LINJ_33_2620
GO Function	GO:0043168	Anion binding	123	984	0.65	2.11	9.03e-48	5671.A4HRH0,5671.A4HRH2,5671.A4HRH5,5671.A4HRL5,5671.A4HRM3,5671.A4HRM7,5671.A4HRS7,5671.A4HRT2,5671.A4HRT4,5671.A4HRW8,5671.A4HS64,5671.A4HSF7,5671.A4HSH7,5671.A4HT43,5671.A4HT82,5671.A4HTB1,5671.A4HTB4,5671.A4HTD0,5671.A4HTU3,5671.A4HU06,5671.A4HU44,5671.A4HUC8,5671.A4HUG1,5671.A4HUK3,5671.A4HUM9,5671.A4HUR8,5671.A4HUS3,5671.A4HVF7,5671.A4HVN7,5671.A4HVT1,5671.A4HVU4,5671.A4HW20,5671.A4HWE8,5671.A4HWL4,5671.A4HWP5,5671.A4HWQ5,5671.A4HWV8,5671.A4HWZ4,5671.A4HX71,5671.A4HXC3,5671.A4HXQ3,5671.A4HXU0,5671.A4HXY2,5671.A4HXY7,5671.A4HYH4,5671.A4HYH5,5671.A4HYS3,5671.A4HYV4,5671.A4HZ08,5671.A4HZA2,5671.A4HZT4,5671.A4HZT8,5671.A4HZT9,5671.A4HZV1,5671.A4HZY8,5671.A4I093,5671.A4I0Q5,5671.A4I0Y4,5671.A4I109,5671.A4I122,5671.A4I194,5671.A4I1I6,5671.A4I1J8,5671.A4I1P7,5671.A4I1W7,5671.A4I1Z4,5671.A4I2H1,5671.A4I2I8,5671.A4I2M3,5671.A4I2Q7,5671.A4I2Q9,5671.A4I2S6,5671.A4I302,5671.A4I3C6,5671.A4I3K3,5671.A4I3S8,5671.A4I3V9,5671.A4I4P1,5671.A4I4W3,5671.A4I4W4,5671.A4I4Y0,5671.A4I5J7,5671.A4I5K5,5671.A4I5W0,5671.A4I5X0,5671.A4I628,5671.A4I638,5671.A4I6L1,5671.A4I6Q3,5671.A4I7A2,5671.A4I7L2,5671.A4I7N3,5671.A4I7W3,5671.A4I800,5671.A4I825,5671.A4I8C9,5671.A4I8F2,5671.A4I8F6,5671.A4I910,5671.A4I967,5671.A4I9B7,5671.A4I9Y5,5671.A4IA43,5671.A4IAB8,5671.A4IAM7,5671.A4IAZ8,5671.A4IB20,5671.A4IB24,5671.A4IBG5,5671.A4IC25,5671.A4IC77,5671.A4ICH8,5671.A4ICT0,5671.A4IDH4,5671.A4IE38,5671.E9AG43,5671.E9AGB0,5671.E9AGT9,5671.E9AGX7,5671.E9AH29,5671.E9AHI7,5671.E9AHL8,5671.E9AHR7	LINJ_01_0490,LINJ_01_0510,LINJ_01_0540,LINJ_02_0100,LINJ_02_0230,LINJ_02_0270,LINJ_03_0150,LINJ_03_0200,LINJ_03_0220,LINJ_03_0790,LINJ_04_0680,TRYR,LINJ_05_0550,LINJ_07_0410,LINJ_07_0510,LINJ_07_1000,LINJ_07_1030,LINJ_07_1210,LINJ_09_0270,LINJ_09_0900,LINJ_09_1280,LINJ_10_0200,MPK3,Rab11,LINJ_10_1260,LINJ_11_0060,LINJ_11_0110,LINJ_13_0220,LINJ_13_0990,LINJ_13_1580,LINJ_14_0020,LINJ_14_0820,LINJ_15_0520,TOP2,LINJ_15_1630,LINJ_16_0070,LINJ_16_0590,CRK,LINJ_17_0070,LINJ_17_0550,GSK3,LINJ_18_0650,PKAC1,LINJ_18_1140,MPK4,NOS,LINJ_20_0820,LINJ_20_1140,LINJ_20_1580,LINJ_21_0210,LINJ_22_0440,LINJ_22_0480,LINJ_22_0490,LINJ_22_0630,LINJ_22_0990,LINJ_23_0580,LINJ_24_0680,LINJ_24_1500,LINJ_24_2090,LINJ_24_2220,LINJ_25_0540,LINJ_25_1460,LINJ_25_1580,LINJ_25_2070,LINJ_26_0300,LINJ_26_0590,LINJ_26_2460,LINJ_26_2540,LINJ_27_0370,LINJ_27_0920,LINJ_27_0940,LINJ_27_1150,LINJ_27_1860,LMAIRK,LINJ_28_1350,LDK,LINJ_28_2450,GCVL-1,LINJ_29_2600,VPS4,LINJ_29_2830,LINJ_30_1700,LINJ_30_1780,LINJ_30_2830,LINJ_30_2930,LINJ_30_3430,LINJ_30_3530,LINJ_31_0560,ABCC4,LINJ_31_3080,LINJ_32_0730,LINJ_32_0520,LINJ_32_1520,LINJ_32_1940,LINJ_32_2160,LINJ_32_3240,LINJ_32_3470,GCVL-2,MPK11,LINJ_33_1810,LINJ_33_2910,LINJ_34_1840,LINJ_34_2500,LINJ_34_3300,LINJ_34_1900,LINJ_35_1030,LINJ_35_1270,LINJ_35_1310,LINJ_35_2600,DMC1,LINJ_36_5580,LINJ_36_2850,CRK3,LINJ_36_2130,RPT6,LINJ_03_0520,LINJ.12.0190,PGKC,LINJ_21_1330,LINJ_24_0170,LINJ_29_1420,LINJ_31_2720,LINJ_33_2620
GO Function	GO:0000166	Nucleotide binding	122	985	0.65	2.08	5.17e-47	5671.A4HRH0,5671.A4HRH2,5671.A4HRH5,5671.A4HRL5,5671.A4HRM3,5671.A4HRM7,5671.A4HRS7,5671.A4HRT2,5671.A4HRT4,5671.A4HRW8,5671.A4HS64,5671.A4HSF7,5671.A4HSH7,5671.A4HT43,5671.A4HT82,5671.A4HTB1,5671.A4HTB4,5671.A4HTD0,5671.A4HTU3,5671.A4HU06,5671.A4HU44,5671.A4HUC8,5671.A4HUG1,5671.A4HUK3,5671.A4HUM9,5671.A4HUR8,5671.A4HUS3,5671.A4HVF7,5671.A4HVN7,5671.A4HVT1,5671.A4HVU4,5671.A4HW20,5671.A4HWE8,5671.A4HWL4,5671.A4HWP5,5671.A4HWQ5,5671.A4HWZ4,5671.A4HX71,5671.A4HXC3,5671.A4HXQ3,5671.A4HXU0,5671.A4HXY2,5671.A4HXY7,5671.A4HYH4,5671.A4HYH5,5671.A4HYS3,5671.A4HYV4,5671.A4HZ08,5671.A4HZA2,5671.A4HZT4,5671.A4HZT8,5671.A4HZT9,5671.A4HZV1,5671.A4HZY8,5671.A4I093,5671.A4I0Q5,5671.A4I0Y4,5671.A4I109,5671.A4I122,5671.A4I194,5671.A4I1I6,5671.A4I1J8,5671.A4I1P7,5671.A4I1W7,5671.A4I1Z4,5671.A4I2H1,5671.A4I2I8,5671.A4I2M3,5671.A4I2Q7,5671.A4I2Q9,5671.A4I2S6,5671.A4I302,5671.A4I3C6,5671.A4I3K3,5671.A4I3S8,5671.A4I3V9,5671.A4I4P1,5671.A4I4W3,5671.A4I4W4,5671.A4I4Y0,5671.A4I5J7,5671.A4I5K5,5671.A4I5W0,5671.A4I5X0,5671.A4I628,5671.A4I638,5671.A4I6L1,5671.A4I6Q3,5671.A4I7A2,5671.A4I7L2,5671.A4I7N3,5671.A4I7W3,5671.A4I800,5671.A4I825,5671.A4I8C9,5671.A4I8F2,5671.A4I8F6,5671.A4I910,5671.A4I967,5671.A4I9B7,5671.A4I9Y5,5671.A4IA43,5671.A4IAB8,5671.A4IAM7,5671.A4IAZ8,5671.A4IB20,5671.A4IB24,5671.A4IBG5,5671.A4IC25,5671.A4IC77,5671.A4ICH8,5671.A4ICT0,5671.A4IDH4,5671.A4IE38,5671.E9AG43,5671.E9AGB0,5671.E9AGT9,5671.E9AGX7,5671.E9AH29,5671.E9AHI7,5671.E9AHL8,5671.E9AHR7	LINJ_01_0490,LINJ_01_0510,LINJ_01_0540,LINJ_02_0100,LINJ_02_0230,LINJ_02_0270,LINJ_03_0150,LINJ_03_0200,LINJ_03_0220,LINJ_03_0790,LINJ_04_0680,TRYR,LINJ_05_0550,LINJ_07_0410,LINJ_07_0510,LINJ_07_1000,LINJ_07_1030,LINJ_07_1210,LINJ_09_0270,LINJ_09_0900,LINJ_09_1280,LINJ_10_0200,MPK3,Rab11,LINJ_10_1260,LINJ_11_0060,LINJ_11_0110,LINJ_13_0220,LINJ_13_0990,LINJ_13_1580,LINJ_14_0020,LINJ_14_0820,LINJ_15_0520,TOP2,LINJ_15_1630,LINJ_16_0070,CRK,LINJ_17_0070,LINJ_17_0550,GSK3,LINJ_18_0650,PKAC1,LINJ_18_1140,MPK4,NOS,LINJ_20_0820,LINJ_20_1140,LINJ_20_1580,LINJ_21_0210,LINJ_22_0440,LINJ_22_0480,LINJ_22_0490,LINJ_22_0630,LINJ_22_0990,LINJ_23_0580,LINJ_24_0680,LINJ_24_1500,LINJ_24_2090,LINJ_24_2220,LINJ_25_0540,LINJ_25_1460,LINJ_25_1580,LINJ_25_2070,LINJ_26_0300,LINJ_26_0590,LINJ_26_2460,LINJ_26_2540,LINJ_27_0370,LINJ_27_0920,LINJ_27_0940,LINJ_27_1150,LINJ_27_1860,LMAIRK,LINJ_28_1350,LDK,LINJ_28_2450,GCVL-1,LINJ_29_2600,VPS4,LINJ_29_2830,LINJ_30_1700,LINJ_30_1780,LINJ_30_2830,LINJ_30_2930,LINJ_30_3430,LINJ_30_3530,LINJ_31_0560,ABCC4,LINJ_31_3080,LINJ_32_0730,LINJ_32_0520,LINJ_32_1520,LINJ_32_1940,LINJ_32_2160,LINJ_32_3240,LINJ_32_3470,GCVL-2,MPK11,LINJ_33_1810,LINJ_33_2910,LINJ_34_1840,LINJ_34_2500,LINJ_34_3300,LINJ_34_1900,LINJ_35_1030,LINJ_35_1270,LINJ_35_1310,LINJ_35_2600,DMC1,LINJ_36_5580,LINJ_36_2850,CRK3,LINJ_36_2130,RPT6,LINJ_03_0520,LINJ.12.0190,PGKC,LINJ_21_1330,LINJ_24_0170,LINJ_29_1420,LINJ_31_2720,LINJ_33_2620
GO Function	GO:0032553	Ribonucleotide binding	117	903	0.67	2.16	1.57e-46	5671.A4HRH0,5671.A4HRH2,5671.A4HRH5,5671.A4HRL5,5671.A4HRM3,5671.A4HRM7,5671.A4HRS7,5671.A4HRT2,5671.A4HRT4,5671.A4HRW8,5671.A4HS64,5671.A4HSH7,5671.A4HT43,5671.A4HT82,5671.A4HTB1,5671.A4HTB4,5671.A4HTD0,5671.A4HTU3,5671.A4HU06,5671.A4HU44,5671.A4HUC8,5671.A4HUG1,5671.A4HUK3,5671.A4HUM9,5671.A4HUR8,5671.A4HUS3,5671.A4HVF7,5671.A4HVN7,5671.A4HVT1,5671.A4HVU4,5671.A4HW20,5671.A4HWE8,5671.A4HWL4,5671.A4HWP5,5671.A4HWQ5,5671.A4HWZ4,5671.A4HX71,5671.A4HXC3,5671.A4HXQ3,5671.A4HXU0,5671.A4HXY2,5671.A4HXY7,5671.A4HYH4,5671.A4HYH5,5671.A4HYS3,5671.A4HYV4,5671.A4HZ08,5671.A4HZA2,5671.A4HZT4,5671.A4HZT8,5671.A4HZT9,5671.A4HZV1,5671.A4HZY8,5671.A4I093,5671.A4I0Q5,5671.A4I0Y4,5671.A4I109,5671.A4I122,5671.A4I194,5671.A4I1I6,5671.A4I1J8,5671.A4I1P7,5671.A4I1W7,5671.A4I1Z4,5671.A4I2H1,5671.A4I2I8,5671.A4I2M3,5671.A4I2Q7,5671.A4I2Q9,5671.A4I2S6,5671.A4I302,5671.A4I3C6,5671.A4I3K3,5671.A4I3S8,5671.A4I3V9,5671.A4I4W3,5671.A4I4W4,5671.A4I4Y0,5671.A4I5J7,5671.A4I5K5,5671.A4I5W0,5671.A4I5X0,5671.A4I628,5671.A4I638,5671.A4I6L1,5671.A4I6Q3,5671.A4I7A2,5671.A4I7L2,5671.A4I7N3,5671.A4I7W3,5671.A4I800,5671.A4I825,5671.A4I8C9,5671.A4I8F2,5671.A4I910,5671.A4I967,5671.A4I9B7,5671.A4I9Y5,5671.A4IA43,5671.A4IAB8,5671.A4IAZ8,5671.A4IB20,5671.A4IB24,5671.A4IBG5,5671.A4IC25,5671.A4IC77,5671.A4ICH8,5671.A4ICT0,5671.A4IDH4,5671.A4IE38,5671.E9AG43,5671.E9AGB0,5671.E9AGT9,5671.E9AGX7,5671.E9AH29,5671.E9AHI7,5671.E9AHR7	LINJ_01_0490,LINJ_01_0510,LINJ_01_0540,LINJ_02_0100,LINJ_02_0230,LINJ_02_0270,LINJ_03_0150,LINJ_03_0200,LINJ_03_0220,LINJ_03_0790,LINJ_04_0680,LINJ_05_0550,LINJ_07_0410,LINJ_07_0510,LINJ_07_1000,LINJ_07_1030,LINJ_07_1210,LINJ_09_0270,LINJ_09_0900,LINJ_09_1280,LINJ_10_0200,MPK3,Rab11,LINJ_10_1260,LINJ_11_0060,LINJ_11_0110,LINJ_13_0220,LINJ_13_0990,LINJ_13_1580,LINJ_14_0020,LINJ_14_0820,LINJ_15_0520,TOP2,LINJ_15_1630,LINJ_16_0070,CRK,LINJ_17_0070,LINJ_17_0550,GSK3,LINJ_18_0650,PKAC1,LINJ_18_1140,MPK4,NOS,LINJ_20_0820,LINJ_20_1140,LINJ_20_1580,LINJ_21_0210,LINJ_22_0440,LINJ_22_0480,LINJ_22_0490,LINJ_22_0630,LINJ_22_0990,LINJ_23_0580,LINJ_24_0680,LINJ_24_1500,LINJ_24_2090,LINJ_24_2220,LINJ_25_0540,LINJ_25_1460,LINJ_25_1580,LINJ_25_2070,LINJ_26_0300,LINJ_26_0590,LINJ_26_2460,LINJ_26_2540,LINJ_27_0370,LINJ_27_0920,LINJ_27_0940,LINJ_27_1150,LINJ_27_1860,LMAIRK,LINJ_28_1350,LDK,LINJ_28_2450,LINJ_29_2600,VPS4,LINJ_29_2830,LINJ_30_1700,LINJ_30_1780,LINJ_30_2830,LINJ_30_2930,LINJ_30_3430,LINJ_30_3530,LINJ_31_0560,ABCC4,LINJ_31_3080,LINJ_32_0730,LINJ_32_0520,LINJ_32_1520,LINJ_32_1940,LINJ_32_2160,LINJ_32_3240,LINJ_32_3470,MPK11,LINJ_33_1810,LINJ_33_2910,LINJ_34_1840,LINJ_34_2500,LINJ_34_3300,LINJ_35_1030,LINJ_35_1270,LINJ_35_1310,LINJ_35_2600,DMC1,LINJ_36_5580,LINJ_36_2850,CRK3,LINJ_36_2130,RPT6,LINJ_03_0520,LINJ.12.0190,PGKC,LINJ_21_1330,LINJ_24_0170,LINJ_29_1420,LINJ_33_2620
GO Function	GO:0003824	Catalytic activity	168	2161	0.44	1.39	1.82e-46	5671.A2TEF2,5671.A4HRE8,5671.A4HRH0,5671.A4HRH2,5671.A4HRH5,5671.A4HRL5,5671.A4HRM3,5671.A4HRN6,5671.A4HRT1,5671.A4HRT2,5671.A4HRT4,5671.A4HRW8,5671.A4HRX5,5671.A4HRZ8,5671.A4HS39,5671.A4HS64,5671.A4HSB4,5671.A4HSF7,5671.A4HSH7,5671.A4HSQ5,5671.A4HT43,5671.A4HT82,5671.A4HTB1,5671.A4HTB4,5671.A4HTD0,5671.A4HTU3,5671.A4HU06,5671.A4HU44,5671.A4HUC8,5671.A4HUG1,5671.A4HUK3,5671.A4HUM8,5671.A4HUM9,5671.A4HUR8,5671.A4HUS3,5671.A4HUX0,5671.A4HV47,5671.A4HVF3,5671.A4HVF7,5671.A4HVN7,5671.A4HVT1,5671.A4HVU4,5671.A4HVV6,5671.A4HW20,5671.A4HWE8,5671.A4HWL4,5671.A4HWN6,5671.A4HWN7,5671.A4HWP5,5671.A4HWQ5,5671.A4HWV8,5671.A4HWX0,5671.A4HWZ4,5671.A4HX32,5671.A4HX71,5671.A4HXC3,5671.A4HXF5,5671.A4HXP1,5671.A4HXQ3,5671.A4HXU0,5671.A4HXY2,5671.A4HXY3,5671.A4HXY7,5671.A4HYH4,5671.A4HYH5,5671.A4HYI5,5671.A4HYS3,5671.A4HYV4,5671.A4HZ08,5671.A4HZ67,5671.A4HZA2,5671.A4HZM5,5671.A4HZT4,5671.A4HZT8,5671.A4HZT9,5671.A4HZV1,5671.A4HZY8,5671.A4I093,5671.A4I0Q5,5671.A4I0Y4,5671.A4I109,5671.A4I122,5671.A4I1H6,5671.A4I1I6,5671.A4I1J8,5671.A4I1P7,5671.A4I1W7,5671.A4I1Z8,5671.A4I2H1,5671.A4I2I8,5671.A4I2K5,5671.A4I2M3,5671.A4I2Q7,5671.A4I2Q9,5671.A4I2S6,5671.A4I2S8,5671.A4I302,5671.A4I342,5671.A4I390,5671.A4I3C6,5671.A4I3K3,5671.A4I3S8,5671.A4I3V8,5671.A4I3V9,5671.A4I4K7,5671.A4I4P1,5671.A4I4T3,5671.A4I4U4,5671.A4I4W3,5671.A4I4W4,5671.A4I4Y0,5671.A4I5C2,5671.A4I5D2,5671.A4I5J7,5671.A4I5J8,5671.A4I5K5,5671.A4I5W9,5671.A4I5X0,5671.A4I628,5671.A4I638,5671.A4I646,5671.A4I7A2,5671.A4I7H1,5671.A4I7L2,5671.A4I7N3,5671.A4I7U2,5671.A4I7W3,5671.A4I825,5671.A4I8B2,5671.A4I8C9,5671.A4I8F6,5671.A4I910,5671.A4I931,5671.A4I967,5671.A4I9B2,5671.A4I9B7,5671.A4I9I3,5671.A4I9V5,5671.A4I9Y5,5671.A4IA43,5671.A4IAB8,5671.A4IAM7,5671.A4IAZ8,5671.A4IB17,5671.A4IB20,5671.A4IB24,5671.A4IB59,5671.A4IBG5,5671.A4IC25,5671.A4IC77,5671.A4ICH8,5671.A4ICT0,5671.A4ID56,5671.A4IDD6,5671.A4IDE7,5671.A4IDU8,5671.A4IE38,5671.E9AG43,5671.E9AGB0,5671.E9AGF3,5671.E9AGI7,5671.E9AGT9,5671.E9AGX7,5671.E9AH29,5671.E9AH89,5671.E9AHI7,5671.E9AHL8,5671.E9AHR7	CYP51,LINJ_01_0270,LINJ_01_0490,LINJ_01_0510,LINJ_01_0540,LINJ_02_0100,LINJ_02_0230,LINJ_02_0360,LINJ_03_0190,LINJ_03_0200,LINJ_03_0220,LINJ_03_0790,LINJ_03_0870,LINJ_04_0030,LINJ_04_0430,LINJ_04_0680,LINJ_04_1170,TRYR,LINJ_05_0550,LINJ_06_0140,LINJ_07_0410,LINJ_07_0510,LINJ_07_1000,LINJ_07_1030,LINJ_07_1210,LINJ_09_0270,LINJ_09_0900,LINJ_09_1280,LINJ_10_0200,MPK3,Rab11,LINJ_10_1250,LINJ_10_1260,LINJ_11_0060,LINJ_11_0110,LINJ_11_0600,LINJ.12.0003,LINJ_13_0170,LINJ_13_0220,LINJ_13_0990,LINJ_13_1580,LINJ_14_0020,LINJ_14_0140,LINJ_14_0820,LINJ_15_0520,TOP2,LINJ_15_1540,LINJ_15_1550,LINJ_15_1630,LINJ_16_0070,LINJ_16_0590,LINJ_16_0730,CRK,LINJ_16_1430,LINJ_17_0070,LINJ_17_0550,GMPR,LINJ_18_0150,GSK3,LINJ_18_0650,PKAC1,PDEA,LINJ_18_1140,MPK4,NOS,LINJ_19_1590,LINJ_20_0820,LINJ_20_1140,LINJ_20_1580,LINJ_21_0740,LINJ_21_0210,LINJ_21_0960,LINJ_22_0440,LINJ_22_0480,LINJ_22_0490,LINJ_22_0630,LINJ_22_0990,LINJ_23_0580,LINJ_24_0680,LINJ_24_1500,LINJ_24_2090,LINJ_24_2220,LINJ_25_1360,LINJ_25_1460,LINJ_25_1580,LINJ_25_2070,LINJ_26_0300,LINJ_26_0630,LINJ_26_2460,LINJ_26_2540,LINJ_27_0090,LINJ_27_0370,LINJ_27_0920,LINJ_27_0940,LINJ_27_1150,LINJ_27_1170,LINJ_27_1860,AKR,LINJ_28_0170,LMAIRK,LINJ_28_1350,LDK,LINJ_28_2440,LINJ_28_2450,LINJ_29_1550,GCVL-1,LINJ_29_2350,LINJ_29_2410,LINJ_29_2600,VPS4,LINJ_29_2830,LINJ_30_0970,LINJ_30_1070,LINJ_30_1700,LINJ_30_1710,LINJ_30_1780,LINJ_30_2920,LINJ_30_2930,LINJ_30_3430,LINJ_30_3530,LINJ_30_3610,LINJ_31_3080,NMT,LINJ_32_0730,LINJ_32_0520,LINJ_32_1310,LINJ_32_1520,LINJ_32_2160,LINJ_32_3060,LINJ_32_3240,GCVL-2,MPK11,LINJ_33_1690,LINJ_33_1810,LINJ_33_2860,LINJ_33_2910,LINJ_34_0150,LINJ_34_1530,LINJ_34_1840,LINJ_34_2500,LINJ_34_3300,LINJ_34_1900,LINJ_35_1030,LINJ_35_1240,LINJ_35_1270,LINJ_35_1310,MCA5,LINJ_35_2600,DMC1,LINJ_36_5580,LINJ_36_2850,CRK3,LINJ_36_3570,LINJ_36_1730,LINJ_36_1840,LINJ_36_5500,RPT6,LINJ_03_0520,LINJ.12.0190,LINJ.12.0610,LINJ.12.0830,PGKC,LINJ_21_1330,LINJ_24_0170,LINJ_24_1890,LINJ_29_1420,LINJ_31_2720,LINJ_33_2620
GO Function	GO:0036094	Small molecule binding	123	1028	0.63	2.02	2.20e-46	5671.A4HRH0,5671.A4HRH2,5671.A4HRH5,5671.A4HRL5,5671.A4HRM3,5671.A4HRM7,5671.A4HRS7,5671.A4HRT2,5671.A4HRT4,5671.A4HRW8,5671.A4HS64,5671.A4HSF7,5671.A4HSH7,5671.A4HT43,5671.A4HT82,5671.A4HTB1,5671.A4HTB4,5671.A4HTD0,5671.A4HTU3,5671.A4HU06,5671.A4HU44,5671.A4HUC8,5671.A4HUG1,5671.A4HUK3,5671.A4HUM9,5671.A4HUR8,5671.A4HUS3,5671.A4HVF7,5671.A4HVN7,5671.A4HVT1,5671.A4HVU4,5671.A4HW20,5671.A4HWE8,5671.A4HWL4,5671.A4HWP5,5671.A4HWQ5,5671.A4HWV8,5671.A4HWZ4,5671.A4HX71,5671.A4HXC3,5671.A4HXQ3,5671.A4HXU0,5671.A4HXY2,5671.A4HXY7,5671.A4HYH4,5671.A4HYH5,5671.A4HYS3,5671.A4HYV4,5671.A4HZ08,5671.A4HZA2,5671.A4HZT4,5671.A4HZT8,5671.A4HZT9,5671.A4HZV1,5671.A4HZY8,5671.A4I093,5671.A4I0Q5,5671.A4I0Y4,5671.A4I109,5671.A4I122,5671.A4I194,5671.A4I1I6,5671.A4I1J8,5671.A4I1P7,5671.A4I1W7,5671.A4I1Z4,5671.A4I2H1,5671.A4I2I8,5671.A4I2M3,5671.A4I2Q7,5671.A4I2Q9,5671.A4I2S6,5671.A4I302,5671.A4I3C6,5671.A4I3K3,5671.A4I3S8,5671.A4I3V9,5671.A4I4P1,5671.A4I4W3,5671.A4I4W4,5671.A4I4Y0,5671.A4I5J7,5671.A4I5K5,5671.A4I5W0,5671.A4I5X0,5671.A4I628,5671.A4I638,5671.A4I6L1,5671.A4I6Q3,5671.A4I7A2,5671.A4I7L2,5671.A4I7N3,5671.A4I7W3,5671.A4I800,5671.A4I825,5671.A4I8C9,5671.A4I8F2,5671.A4I8F6,5671.A4I910,5671.A4I967,5671.A4I9B7,5671.A4I9Y5,5671.A4IA43,5671.A4IAB8,5671.A4IAM7,5671.A4IAZ8,5671.A4IB20,5671.A4IB24,5671.A4IBG5,5671.A4IC25,5671.A4IC77,5671.A4ICH8,5671.A4ICT0,5671.A4IDH4,5671.A4IE38,5671.E9AG43,5671.E9AGB0,5671.E9AGT9,5671.E9AGX7,5671.E9AH29,5671.E9AHI7,5671.E9AHL8,5671.E9AHR7	LINJ_01_0490,LINJ_01_0510,LINJ_01_0540,LINJ_02_0100,LINJ_02_0230,LINJ_02_0270,LINJ_03_0150,LINJ_03_0200,LINJ_03_0220,LINJ_03_0790,LINJ_04_0680,TRYR,LINJ_05_0550,LINJ_07_0410,LINJ_07_0510,LINJ_07_1000,LINJ_07_1030,LINJ_07_1210,LINJ_09_0270,LINJ_09_0900,LINJ_09_1280,LINJ_10_0200,MPK3,Rab11,LINJ_10_1260,LINJ_11_0060,LINJ_11_0110,LINJ_13_0220,LINJ_13_0990,LINJ_13_1580,LINJ_14_0020,LINJ_14_0820,LINJ_15_0520,TOP2,LINJ_15_1630,LINJ_16_0070,LINJ_16_0590,CRK,LINJ_17_0070,LINJ_17_0550,GSK3,LINJ_18_0650,PKAC1,LINJ_18_1140,MPK4,NOS,LINJ_20_0820,LINJ_20_1140,LINJ_20_1580,LINJ_21_0210,LINJ_22_0440,LINJ_22_0480,LINJ_22_0490,LINJ_22_0630,LINJ_22_0990,LINJ_23_0580,LINJ_24_0680,LINJ_24_1500,LINJ_24_2090,LINJ_24_2220,LINJ_25_0540,LINJ_25_1460,LINJ_25_1580,LINJ_25_2070,LINJ_26_0300,LINJ_26_0590,LINJ_26_2460,LINJ_26_2540,LINJ_27_0370,LINJ_27_0920,LINJ_27_0940,LINJ_27_1150,LINJ_27_1860,LMAIRK,LINJ_28_1350,LDK,LINJ_28_2450,GCVL-1,LINJ_29_2600,VPS4,LINJ_29_2830,LINJ_30_1700,LINJ_30_1780,LINJ_30_2830,LINJ_30_2930,LINJ_30_3430,LINJ_30_3530,LINJ_31_0560,ABCC4,LINJ_31_3080,LINJ_32_0730,LINJ_32_0520,LINJ_32_1520,LINJ_32_1940,LINJ_32_2160,LINJ_32_3240,LINJ_32_3470,GCVL-2,MPK11,LINJ_33_1810,LINJ_33_2910,LINJ_34_1840,LINJ_34_2500,LINJ_34_3300,LINJ_34_1900,LINJ_35_1030,LINJ_35_1270,LINJ_35_1310,LINJ_35_2600,DMC1,LINJ_36_5580,LINJ_36_2850,CRK3,LINJ_36_2130,RPT6,LINJ_03_0520,LINJ.12.0190,PGKC,LINJ_21_1330,LINJ_24_0170,LINJ_29_1420,LINJ_31_2720,LINJ_33_2620
GO Function	GO:0035639	Purine ribonucleoside triphosphate binding	113	874	0.66	2.14	1.31e-44	5671.A4HRH0,5671.A4HRH2,5671.A4HRH5,5671.A4HRL5,5671.A4HRM3,5671.A4HRM7,5671.A4HRS7,5671.A4HRT2,5671.A4HRT4,5671.A4HRW8,5671.A4HS64,5671.A4HSH7,5671.A4HT43,5671.A4HT82,5671.A4HTB1,5671.A4HTB4,5671.A4HTD0,5671.A4HTU3,5671.A4HU06,5671.A4HU44,5671.A4HUC8,5671.A4HUG1,5671.A4HUK3,5671.A4HUM9,5671.A4HUR8,5671.A4HUS3,5671.A4HVF7,5671.A4HVN7,5671.A4HVT1,5671.A4HVU4,5671.A4HW20,5671.A4HWE8,5671.A4HWL4,5671.A4HWP5,5671.A4HWQ5,5671.A4HWZ4,5671.A4HX71,5671.A4HXC3,5671.A4HXQ3,5671.A4HXU0,5671.A4HXY2,5671.A4HXY7,5671.A4HYH4,5671.A4HYS3,5671.A4HYV4,5671.A4HZ08,5671.A4HZA2,5671.A4HZT4,5671.A4HZT8,5671.A4HZT9,5671.A4HZV1,5671.A4HZY8,5671.A4I093,5671.A4I0Q5,5671.A4I0Y4,5671.A4I109,5671.A4I122,5671.A4I194,5671.A4I1I6,5671.A4I1J8,5671.A4I1P7,5671.A4I1W7,5671.A4I1Z4,5671.A4I2H1,5671.A4I2I8,5671.A4I2M3,5671.A4I2Q7,5671.A4I2Q9,5671.A4I2S6,5671.A4I302,5671.A4I3C6,5671.A4I3S8,5671.A4I3V9,5671.A4I4W3,5671.A4I4W4,5671.A4I4Y0,5671.A4I5J7,5671.A4I5K5,5671.A4I5W0,5671.A4I5X0,5671.A4I628,5671.A4I638,5671.A4I6L1,5671.A4I6Q3,5671.A4I7A2,5671.A4I7L2,5671.A4I7N3,5671.A4I7W3,5671.A4I800,5671.A4I825,5671.A4I8C9,5671.A4I8F2,5671.A4I910,5671.A4I967,5671.A4I9B7,5671.A4I9Y5,5671.A4IAB8,5671.A4IAZ8,5671.A4IB20,5671.A4IB24,5671.A4IC25,5671.A4IC77,5671.A4ICH8,5671.A4ICT0,5671.A4IDH4,5671.A4IE38,5671.E9AG43,5671.E9AGB0,5671.E9AGT9,5671.E9AGX7,5671.E9AH29,5671.E9AHI7,5671.E9AHR7	LINJ_01_0490,LINJ_01_0510,LINJ_01_0540,LINJ_02_0100,LINJ_02_0230,LINJ_02_0270,LINJ_03_0150,LINJ_03_0200,LINJ_03_0220,LINJ_03_0790,LINJ_04_0680,LINJ_05_0550,LINJ_07_0410,LINJ_07_0510,LINJ_07_1000,LINJ_07_1030,LINJ_07_1210,LINJ_09_0270,LINJ_09_0900,LINJ_09_1280,LINJ_10_0200,MPK3,Rab11,LINJ_10_1260,LINJ_11_0060,LINJ_11_0110,LINJ_13_0220,LINJ_13_0990,LINJ_13_1580,LINJ_14_0020,LINJ_14_0820,LINJ_15_0520,TOP2,LINJ_15_1630,LINJ_16_0070,CRK,LINJ_17_0070,LINJ_17_0550,GSK3,LINJ_18_0650,PKAC1,LINJ_18_1140,MPK4,LINJ_20_0820,LINJ_20_1140,LINJ_20_1580,LINJ_21_0210,LINJ_22_0440,LINJ_22_0480,LINJ_22_0490,LINJ_22_0630,LINJ_22_0990,LINJ_23_0580,LINJ_24_0680,LINJ_24_1500,LINJ_24_2090,LINJ_24_2220,LINJ_25_0540,LINJ_25_1460,LINJ_25_1580,LINJ_25_2070,LINJ_26_0300,LINJ_26_0590,LINJ_26_2460,LINJ_26_2540,LINJ_27_0370,LINJ_27_0920,LINJ_27_0940,LINJ_27_1150,LINJ_27_1860,LMAIRK,LDK,LINJ_28_2450,LINJ_29_2600,VPS4,LINJ_29_2830,LINJ_30_1700,LINJ_30_1780,LINJ_30_2830,LINJ_30_2930,LINJ_30_3430,LINJ_30_3530,LINJ_31_0560,ABCC4,LINJ_31_3080,LINJ_32_0730,LINJ_32_0520,LINJ_32_1520,LINJ_32_1940,LINJ_32_2160,LINJ_32_3240,LINJ_32_3470,MPK11,LINJ_33_1810,LINJ_33_2910,LINJ_34_1840,LINJ_34_3300,LINJ_35_1030,LINJ_35_1270,LINJ_35_1310,DMC1,LINJ_36_5580,LINJ_36_2850,CRK3,LINJ_36_2130,RPT6,LINJ_03_0520,LINJ.12.0190,PGKC,LINJ_21_1330,LINJ_24_0170,LINJ_29_1420,LINJ_33_2620
GO Function	GO:0032555	Purine ribonucleotide binding	113	887	0.66	2.11	4.65e-44	5671.A4HRH0,5671.A4HRH2,5671.A4HRH5,5671.A4HRL5,5671.A4HRM3,5671.A4HRM7,5671.A4HRS7,5671.A4HRT2,5671.A4HRT4,5671.A4HRW8,5671.A4HS64,5671.A4HSH7,5671.A4HT43,5671.A4HT82,5671.A4HTB1,5671.A4HTB4,5671.A4HTD0,5671.A4HTU3,5671.A4HU06,5671.A4HU44,5671.A4HUC8,5671.A4HUG1,5671.A4HUK3,5671.A4HUM9,5671.A4HUR8,5671.A4HUS3,5671.A4HVF7,5671.A4HVN7,5671.A4HVT1,5671.A4HVU4,5671.A4HW20,5671.A4HWE8,5671.A4HWL4,5671.A4HWP5,5671.A4HWQ5,5671.A4HWZ4,5671.A4HX71,5671.A4HXC3,5671.A4HXQ3,5671.A4HXU0,5671.A4HXY2,5671.A4HXY7,5671.A4HYH4,5671.A4HYS3,5671.A4HYV4,5671.A4HZ08,5671.A4HZA2,5671.A4HZT4,5671.A4HZT8,5671.A4HZT9,5671.A4HZV1,5671.A4HZY8,5671.A4I093,5671.A4I0Q5,5671.A4I0Y4,5671.A4I109,5671.A4I122,5671.A4I194,5671.A4I1I6,5671.A4I1J8,5671.A4I1P7,5671.A4I1W7,5671.A4I1Z4,5671.A4I2H1,5671.A4I2I8,5671.A4I2M3,5671.A4I2Q7,5671.A4I2Q9,5671.A4I2S6,5671.A4I302,5671.A4I3C6,5671.A4I3S8,5671.A4I3V9,5671.A4I4W3,5671.A4I4W4,5671.A4I4Y0,5671.A4I5J7,5671.A4I5K5,5671.A4I5W0,5671.A4I5X0,5671.A4I628,5671.A4I638,5671.A4I6L1,5671.A4I6Q3,5671.A4I7A2,5671.A4I7L2,5671.A4I7N3,5671.A4I7W3,5671.A4I800,5671.A4I825,5671.A4I8C9,5671.A4I8F2,5671.A4I910,5671.A4I967,5671.A4I9B7,5671.A4I9Y5,5671.A4IAB8,5671.A4IAZ8,5671.A4IB20,5671.A4IB24,5671.A4IC25,5671.A4IC77,5671.A4ICH8,5671.A4ICT0,5671.A4IDH4,5671.A4IE38,5671.E9AG43,5671.E9AGB0,5671.E9AGT9,5671.E9AGX7,5671.E9AH29,5671.E9AHI7,5671.E9AHR7	LINJ_01_0490,LINJ_01_0510,LINJ_01_0540,LINJ_02_0100,LINJ_02_0230,LINJ_02_0270,LINJ_03_0150,LINJ_03_0200,LINJ_03_0220,LINJ_03_0790,LINJ_04_0680,LINJ_05_0550,LINJ_07_0410,LINJ_07_0510,LINJ_07_1000,LINJ_07_1030,LINJ_07_1210,LINJ_09_0270,LINJ_09_0900,LINJ_09_1280,LINJ_10_0200,MPK3,Rab11,LINJ_10_1260,LINJ_11_0060,LINJ_11_0110,LINJ_13_0220,LINJ_13_0990,LINJ_13_1580,LINJ_14_0020,LINJ_14_0820,LINJ_15_0520,TOP2,LINJ_15_1630,LINJ_16_0070,CRK,LINJ_17_0070,LINJ_17_0550,GSK3,LINJ_18_0650,PKAC1,LINJ_18_1140,MPK4,LINJ_20_0820,LINJ_20_1140,LINJ_20_1580,LINJ_21_0210,LINJ_22_0440,LINJ_22_0480,LINJ_22_0490,LINJ_22_0630,LINJ_22_0990,LINJ_23_0580,LINJ_24_0680,LINJ_24_1500,LINJ_24_2090,LINJ_24_2220,LINJ_25_0540,LINJ_25_1460,LINJ_25_1580,LINJ_25_2070,LINJ_26_0300,LINJ_26_0590,LINJ_26_2460,LINJ_26_2540,LINJ_27_0370,LINJ_27_0920,LINJ_27_0940,LINJ_27_1150,LINJ_27_1860,LMAIRK,LDK,LINJ_28_2450,LINJ_29_2600,VPS4,LINJ_29_2830,LINJ_30_1700,LINJ_30_1780,LINJ_30_2830,LINJ_30_2930,LINJ_30_3430,LINJ_30_3530,LINJ_31_0560,ABCC4,LINJ_31_3080,LINJ_32_0730,LINJ_32_0520,LINJ_32_1520,LINJ_32_1940,LINJ_32_2160,LINJ_32_3240,LINJ_32_3470,MPK11,LINJ_33_1810,LINJ_33_2910,LINJ_34_1840,LINJ_34_3300,LINJ_35_1030,LINJ_35_1270,LINJ_35_1310,DMC1,LINJ_36_5580,LINJ_36_2850,CRK3,LINJ_36_2130,RPT6,LINJ_03_0520,LINJ.12.0190,PGKC,LINJ_21_1330,LINJ_24_0170,LINJ_29_1420,LINJ_33_2620
GO Function	GO:0005524	ATP binding	102	751	0.69	2.19	5.30e-41	5671.A4HRH0,5671.A4HRH2,5671.A4HRH5,5671.A4HRL5,5671.A4HRM7,5671.A4HRS7,5671.A4HRT2,5671.A4HRT4,5671.A4HRW8,5671.A4HS64,5671.A4HSH7,5671.A4HT43,5671.A4HT82,5671.A4HTB1,5671.A4HTB4,5671.A4HTD0,5671.A4HTU3,5671.A4HU44,5671.A4HUC8,5671.A4HUG1,5671.A4HUR8,5671.A4HUS3,5671.A4HVN7,5671.A4HVT1,5671.A4HVU4,5671.A4HWE8,5671.A4HWL4,5671.A4HWP5,5671.A4HWQ5,5671.A4HWZ4,5671.A4HX71,5671.A4HXC3,5671.A4HXQ3,5671.A4HXU0,5671.A4HXY2,5671.A4HYH4,5671.A4HYS3,5671.A4HYV4,5671.A4HZ08,5671.A4HZA2,5671.A4HZT4,5671.A4HZT8,5671.A4HZT9,5671.A4HZV1,5671.A4HZY8,5671.A4I093,5671.A4I0Q5,5671.A4I0Y4,5671.A4I109,5671.A4I122,5671.A4I194,5671.A4I1P7,5671.A4I1W7,5671.A4I1Z4,5671.A4I2H1,5671.A4I2I8,5671.A4I2M3,5671.A4I2Q7,5671.A4I2Q9,5671.A4I2S6,5671.A4I302,5671.A4I3C6,5671.A4I3S8,5671.A4I3V9,5671.A4I4W3,5671.A4I4W4,5671.A4I4Y0,5671.A4I5J7,5671.A4I5K5,5671.A4I5W0,5671.A4I5X0,5671.A4I628,5671.A4I638,5671.A4I6L1,5671.A4I6Q3,5671.A4I7A2,5671.A4I7L2,5671.A4I7W3,5671.A4I800,5671.A4I8C9,5671.A4I8F2,5671.A4I910,5671.A4I967,5671.A4I9B7,5671.A4I9Y5,5671.A4IAB8,5671.A4IAZ8,5671.A4IB20,5671.A4IB24,5671.A4IC25,5671.A4IC77,5671.A4ICH8,5671.A4ICT0,5671.A4IDH4,5671.A4IE38,5671.E9AG43,5671.E9AGB0,5671.E9AGT9,5671.E9AGX7,5671.E9AH29,5671.E9AHI7,5671.E9AHR7	LINJ_01_0490,LINJ_01_0510,LINJ_01_0540,LINJ_02_0100,LINJ_02_0270,LINJ_03_0150,LINJ_03_0200,LINJ_03_0220,LINJ_03_0790,LINJ_04_0680,LINJ_05_0550,LINJ_07_0410,LINJ_07_0510,LINJ_07_1000,LINJ_07_1030,LINJ_07_1210,LINJ_09_0270,LINJ_09_1280,LINJ_10_0200,MPK3,LINJ_11_0060,LINJ_11_0110,LINJ_13_0990,LINJ_13_1580,LINJ_14_0020,LINJ_15_0520,TOP2,LINJ_15_1630,LINJ_16_0070,CRK,LINJ_17_0070,LINJ_17_0550,GSK3,LINJ_18_0650,PKAC1,MPK4,LINJ_20_0820,LINJ_20_1140,LINJ_20_1580,LINJ_21_0210,LINJ_22_0440,LINJ_22_0480,LINJ_22_0490,LINJ_22_0630,LINJ_22_0990,LINJ_23_0580,LINJ_24_0680,LINJ_24_1500,LINJ_24_2090,LINJ_24_2220,LINJ_25_0540,LINJ_25_2070,LINJ_26_0300,LINJ_26_0590,LINJ_26_2460,LINJ_26_2540,LINJ_27_0370,LINJ_27_0920,LINJ_27_0940,LINJ_27_1150,LINJ_27_1860,LMAIRK,LDK,LINJ_28_2450,LINJ_29_2600,VPS4,LINJ_29_2830,LINJ_30_1700,LINJ_30_1780,LINJ_30_2830,LINJ_30_2930,LINJ_30_3430,LINJ_30_3530,LINJ_31_0560,ABCC4,LINJ_31_3080,LINJ_32_0730,LINJ_32_1520,LINJ_32_1940,LINJ_32_3240,LINJ_32_3470,MPK11,LINJ_33_1810,LINJ_33_2910,LINJ_34_1840,LINJ_34_3300,LINJ_35_1030,LINJ_35_1270,LINJ_35_1310,DMC1,LINJ_36_5580,LINJ_36_2850,CRK3,LINJ_36_2130,RPT6,LINJ_03_0520,LINJ.12.0190,PGKC,LINJ_21_1330,LINJ_24_0170,LINJ_29_1420,LINJ_33_2620
GO Function	GO:0097159	Organic cyclic compound binding	137	1663	0.47	1.42	4.95e-36	5671.A0A381MFJ0,5671.A2TEF2,5671.A4HRH0,5671.A4HRH2,5671.A4HRH5,5671.A4HRL5,5671.A4HRM3,5671.A4HRM7,5671.A4HRS7,5671.A4HRT2,5671.A4HRT4,5671.A4HRW8,5671.A4HS64,5671.A4HSF7,5671.A4HSH7,5671.A4HT43,5671.A4HT82,5671.A4HTB1,5671.A4HTB4,5671.A4HTD0,5671.A4HTS6,5671.A4HTU3,5671.A4HU06,5671.A4HU44,5671.A4HUC8,5671.A4HUG1,5671.A4HUK3,5671.A4HUM9,5671.A4HUR8,5671.A4HUS3,5671.A4HVF7,5671.A4HVN7,5671.A4HVT1,5671.A4HVU4,5671.A4HVZ9,5671.A4HW20,5671.A4HWE8,5671.A4HWL4,5671.A4HWP5,5671.A4HWQ5,5671.A4HWV8,5671.A4HWW3,5671.A4HWZ4,5671.A4HX71,5671.A4HXC3,5671.A4HXQ3,5671.A4HXU0,5671.A4HXY2,5671.A4HXY7,5671.A4HYH4,5671.A4HYH5,5671.A4HYI5,5671.A4HYS3,5671.A4HYV4,5671.A4HZ08,5671.A4HZA2,5671.A4HZT4,5671.A4HZT8,5671.A4HZT9,5671.A4HZV1,5671.A4HZY8,5671.A4I093,5671.A4I0Q5,5671.A4I0Y4,5671.A4I109,5671.A4I122,5671.A4I186,5671.A4I194,5671.A4I1I6,5671.A4I1J8,5671.A4I1P7,5671.A4I1W7,5671.A4I1Z4,5671.A4I2H1,5671.A4I2I8,5671.A4I2K5,5671.A4I2M3,5671.A4I2Q7,5671.A4I2Q9,5671.A4I2S5,5671.A4I2S6,5671.A4I302,5671.A4I3C6,5671.A4I3K3,5671.A4I3S8,5671.A4I3V9,5671.A4I4P1,5671.A4I4W3,5671.A4I4W4,5671.A4I4Y0,5671.A4I4Y5,5671.A4I5J7,5671.A4I5K5,5671.A4I5W0,5671.A4I5X0,5671.A4I628,5671.A4I638,5671.A4I646,5671.A4I6L1,5671.A4I6Q3,5671.A4I7A2,5671.A4I7C0,5671.A4I7L2,5671.A4I7N3,5671.A4I7W3,5671.A4I800,5671.A4I825,5671.A4I8C9,5671.A4I8F2,5671.A4I8F6,5671.A4I910,5671.A4I967,5671.A4I9B7,5671.A4I9Y5,5671.A4IA43,5671.A4IAB8,5671.A4IAM7,5671.A4IAZ8,5671.A4IB20,5671.A4IB24,5671.A4IBG5,5671.A4IC25,5671.A4IC57,5671.A4IC77,5671.A4ICH8,5671.A4ICT0,5671.A4IDH4,5671.A4IDU8,5671.A4IE38,5671.E9AG43,5671.E9AGB0,5671.E9AGT9,5671.E9AGX7,5671.E9AH29,5671.E9AHI7,5671.E9AHL8,5671.E9AHR7	H1A-1,CYP51,LINJ_01_0490,LINJ_01_0510,LINJ_01_0540,LINJ_02_0100,LINJ_02_0230,LINJ_02_0270,LINJ_03_0150,LINJ_03_0200,LINJ_03_0220,LINJ_03_0790,LINJ_04_0680,TRYR,LINJ_05_0550,LINJ_07_0410,LINJ_07_0510,LINJ_07_1000,LINJ_07_1030,LINJ_07_1210,LINJ_09_0100,LINJ_09_0270,LINJ_09_0900,LINJ_09_1280,LINJ_10_0200,MPK3,Rab11,LINJ_10_1260,LINJ_11_0060,LINJ_11_0110,LINJ_13_0220,LINJ_13_0990,LINJ_13_1580,LINJ_14_0020,LINJ_14_0580,LINJ_14_0820,LINJ_15_0520,TOP2,LINJ_15_1630,LINJ_16_0070,LINJ_16_0590,LINJ_16_0640,CRK,LINJ_17_0070,LINJ_17_0550,GSK3,LINJ_18_0650,PKAC1,LINJ_18_1140,MPK4,NOS,LINJ_19_1590,LINJ_20_0820,LINJ_20_1140,LINJ_20_1580,LINJ_21_0210,LINJ_22_0440,LINJ_22_0480,LINJ_22_0490,LINJ_22_0630,LINJ_22_0990,LINJ_23_0580,LINJ_24_0680,LINJ_24_1500,LINJ_24_2090,LINJ_24_2220,LINJ_25_0440,LINJ_25_0540,LINJ_25_1460,LINJ_25_1580,LINJ_25_2070,LINJ_26_0300,LINJ_26_0590,LINJ_26_2460,LINJ_26_2540,LINJ_27_0090,LINJ_27_0370,LINJ_27_0920,LINJ_27_0940,LINJ_27_1140,LINJ_27_1150,LINJ_27_1860,LMAIRK,LINJ_28_1350,LDK,LINJ_28_2450,GCVL-1,LINJ_29_2600,VPS4,LINJ_29_2830,LINJ_29_2940,LINJ_30_1700,LINJ_30_1780,LINJ_30_2830,LINJ_30_2930,LINJ_30_3430,LINJ_30_3530,LINJ_30_3610,LINJ_31_0560,ABCC4,LINJ_31_3080,LINJ_31_3260,LINJ_32_0730,LINJ_32_0520,LINJ_32_1520,LINJ_32_1940,LINJ_32_2160,LINJ_32_3240,LINJ_32_3470,GCVL-2,MPK11,LINJ_33_1810,LINJ_33_2910,LINJ_34_1840,LINJ_34_2500,LINJ_34_3300,LINJ_34_1900,LINJ_35_1030,LINJ_35_1270,LINJ_35_1310,LINJ_35_2600,DMC1,PABP1,LINJ_36_5580,LINJ_36_2850,CRK3,LINJ_36_2130,LINJ_36_5500,RPT6,LINJ_03_0520,LINJ.12.0190,PGKC,LINJ_21_1330,LINJ_24_0170,LINJ_29_1420,LINJ_31_2720,LINJ_33_2620
GO Function	GO:1901363	Heterocyclic compound binding	136	1656	0.47	1.41	1.64e-35	5671.A0A381MFJ0,5671.A2TEF2,5671.A4HRH0,5671.A4HRH2,5671.A4HRH5,5671.A4HRL5,5671.A4HRM3,5671.A4HRM7,5671.A4HRS7,5671.A4HRT2,5671.A4HRT4,5671.A4HRW8,5671.A4HS64,5671.A4HSF7,5671.A4HSH7,5671.A4HT43,5671.A4HT82,5671.A4HTB1,5671.A4HTB4,5671.A4HTD0,5671.A4HTS6,5671.A4HTU3,5671.A4HU06,5671.A4HU44,5671.A4HUC8,5671.A4HUG1,5671.A4HUK3,5671.A4HUM9,5671.A4HUR8,5671.A4HUS3,5671.A4HVF7,5671.A4HVN7,5671.A4HVT1,5671.A4HVU4,5671.A4HVZ9,5671.A4HW20,5671.A4HWE8,5671.A4HWL4,5671.A4HWP5,5671.A4HWQ5,5671.A4HWW3,5671.A4HWZ4,5671.A4HX71,5671.A4HXC3,5671.A4HXQ3,5671.A4HXU0,5671.A4HXY2,5671.A4HXY7,5671.A4HYH4,5671.A4HYH5,5671.A4HYI5,5671.A4HYS3,5671.A4HYV4,5671.A4HZ08,5671.A4HZA2,5671.A4HZT4,5671.A4HZT8,5671.A4HZT9,5671.A4HZV1,5671.A4HZY8,5671.A4I093,5671.A4I0Q5,5671.A4I0Y4,5671.A4I109,5671.A4I122,5671.A4I186,5671.A4I194,5671.A4I1I6,5671.A4I1J8,5671.A4I1P7,5671.A4I1W7,5671.A4I1Z4,5671.A4I2H1,5671.A4I2I8,5671.A4I2K5,5671.A4I2M3,5671.A4I2Q7,5671.A4I2Q9,5671.A4I2S5,5671.A4I2S6,5671.A4I302,5671.A4I3C6,5671.A4I3K3,5671.A4I3S8,5671.A4I3V9,5671.A4I4P1,5671.A4I4W3,5671.A4I4W4,5671.A4I4Y0,5671.A4I4Y5,5671.A4I5J7,5671.A4I5K5,5671.A4I5W0,5671.A4I5X0,5671.A4I628,5671.A4I638,5671.A4I646,5671.A4I6L1,5671.A4I6Q3,5671.A4I7A2,5671.A4I7C0,5671.A4I7L2,5671.A4I7N3,5671.A4I7W3,5671.A4I800,5671.A4I825,5671.A4I8C9,5671.A4I8F2,5671.A4I8F6,5671.A4I910,5671.A4I967,5671.A4I9B7,5671.A4I9Y5,5671.A4IA43,5671.A4IAB8,5671.A4IAM7,5671.A4IAZ8,5671.A4IB20,5671.A4IB24,5671.A4IBG5,5671.A4IC25,5671.A4IC57,5671.A4IC77,5671.A4ICH8,5671.A4ICT0,5671.A4IDH4,5671.A4IDU8,5671.A4IE38,5671.E9AG43,5671.E9AGB0,5671.E9AGT9,5671.E9AGX7,5671.E9AH29,5671.E9AHI7,5671.E9AHL8,5671.E9AHR7	H1A-1,CYP51,LINJ_01_0490,LINJ_01_0510,LINJ_01_0540,LINJ_02_0100,LINJ_02_0230,LINJ_02_0270,LINJ_03_0150,LINJ_03_0200,LINJ_03_0220,LINJ_03_0790,LINJ_04_0680,TRYR,LINJ_05_0550,LINJ_07_0410,LINJ_07_0510,LINJ_07_1000,LINJ_07_1030,LINJ_07_1210,LINJ_09_0100,LINJ_09_0270,LINJ_09_0900,LINJ_09_1280,LINJ_10_0200,MPK3,Rab11,LINJ_10_1260,LINJ_11_0060,LINJ_11_0110,LINJ_13_0220,LINJ_13_0990,LINJ_13_1580,LINJ_14_0020,LINJ_14_0580,LINJ_14_0820,LINJ_15_0520,TOP2,LINJ_15_1630,LINJ_16_0070,LINJ_16_0640,CRK,LINJ_17_0070,LINJ_17_0550,GSK3,LINJ_18_0650,PKAC1,LINJ_18_1140,MPK4,NOS,LINJ_19_1590,LINJ_20_0820,LINJ_20_1140,LINJ_20_1580,LINJ_21_0210,LINJ_22_0440,LINJ_22_0480,LINJ_22_0490,LINJ_22_0630,LINJ_22_0990,LINJ_23_0580,LINJ_24_0680,LINJ_24_1500,LINJ_24_2090,LINJ_24_2220,LINJ_25_0440,LINJ_25_0540,LINJ_25_1460,LINJ_25_1580,LINJ_25_2070,LINJ_26_0300,LINJ_26_0590,LINJ_26_2460,LINJ_26_2540,LINJ_27_0090,LINJ_27_0370,LINJ_27_0920,LINJ_27_0940,LINJ_27_1140,LINJ_27_1150,LINJ_27_1860,LMAIRK,LINJ_28_1350,LDK,LINJ_28_2450,GCVL-1,LINJ_29_2600,VPS4,LINJ_29_2830,LINJ_29_2940,LINJ_30_1700,LINJ_30_1780,LINJ_30_2830,LINJ_30_2930,LINJ_30_3430,LINJ_30_3530,LINJ_30_3610,LINJ_31_0560,ABCC4,LINJ_31_3080,LINJ_31_3260,LINJ_32_0730,LINJ_32_0520,LINJ_32_1520,LINJ_32_1940,LINJ_32_2160,LINJ_32_3240,LINJ_32_3470,GCVL-2,MPK11,LINJ_33_1810,LINJ_33_2910,LINJ_34_1840,LINJ_34_2500,LINJ_34_3300,LINJ_34_1900,LINJ_35_1030,LINJ_35_1270,LINJ_35_1310,LINJ_35_2600,DMC1,PABP1,LINJ_36_5580,LINJ_36_2850,CRK3,LINJ_36_2130,LINJ_36_5500,RPT6,LINJ_03_0520,LINJ.12.0190,PGKC,LINJ_21_1330,LINJ_24_0170,LINJ_29_1420,LINJ_31_2720,LINJ_33_2620
GO Function	GO:0005488	Binding	178	3036	0.32	1.04	5.03e-34	5671.A0A381MFJ0,5671.A2TEF2,5671.A4HRH0,5671.A4HRH2,5671.A4HRH5,5671.A4HRL5,5671.A4HRM3,5671.A4HRM7,5671.A4HRN3,5671.A4HRN6,5671.A4HRS7,5671.A4HRT2,5671.A4HRT4,5671.A4HRW8,5671.A4HRZ8,5671.A4HS64,5671.A4HSB4,5671.A4HSF7,5671.A4HSH7,5671.A4HT43,5671.A4HT82,5671.A4HT95,5671.A4HTB1,5671.A4HTB4,5671.A4HTD0,5671.A4HTS6,5671.A4HTU3,5671.A4HU06,5671.A4HU13,5671.A4HU44,5671.A4HUC8,5671.A4HUG1,5671.A4HUK3,5671.A4HUM8,5671.A4HUM9,5671.A4HUR8,5671.A4HUS3,5671.A4HUX0,5671.A4HVF3,5671.A4HVF7,5671.A4HVK4,5671.A4HVN7,5671.A4HVP4,5671.A4HVS3,5671.A4HVT1,5671.A4HVU4,5671.A4HVV6,5671.A4HVZ9,5671.A4HW20,5671.A4HWE8,5671.A4HWL4,5671.A4HWN6,5671.A4HWN7,5671.A4HWP5,5671.A4HWQ5,5671.A4HWV8,5671.A4HWW3,5671.A4HWZ4,5671.A4HX71,5671.A4HXC3,5671.A4HXF5,5671.A4HXP1,5671.A4HXQ3,5671.A4HXU0,5671.A4HXY2,5671.A4HXY3,5671.A4HXY7,5671.A4HY76,5671.A4HYH4,5671.A4HYH5,5671.A4HYI5,5671.A4HYJ4,5671.A4HYS3,5671.A4HYV4,5671.A4HYY3,5671.A4HZ08,5671.A4HZ67,5671.A4HZA2,5671.A4HZG8,5671.A4HZM5,5671.A4HZT4,5671.A4HZT8,5671.A4HZT9,5671.A4HZV1,5671.A4HZY8,5671.A4I000,5671.A4I093,5671.A4I0Q5,5671.A4I0Y4,5671.A4I0Z7,5671.A4I109,5671.A4I122,5671.A4I135,5671.A4I186,5671.A4I194,5671.A4I1H6,5671.A4I1I6,5671.A4I1J8,5671.A4I1P7,5671.A4I1W7,5671.A4I1Z4,5671.A4I2H1,5671.A4I2I8,5671.A4I2K5,5671.A4I2M3,5671.A4I2Q7,5671.A4I2Q9,5671.A4I2S5,5671.A4I2S6,5671.A4I302,5671.A4I3C6,5671.A4I3F5,5671.A4I3K3,5671.A4I3S8,5671.A4I3V8,5671.A4I3V9,5671.A4I4C7,5671.A4I4P1,5671.A4I4T3,5671.A4I4U4,5671.A4I4W3,5671.A4I4W4,5671.A4I4Y0,5671.A4I4Y5,5671.A4I5H1,5671.A4I5J7,5671.A4I5J8,5671.A4I5K5,5671.A4I5W0,5671.A4I5X0,5671.A4I628,5671.A4I638,5671.A4I646,5671.A4I6L1,5671.A4I6Q3,5671.A4I7A2,5671.A4I7C0,5671.A4I7L2,5671.A4I7N3,5671.A4I7U2,5671.A4I7W3,5671.A4I800,5671.A4I825,5671.A4I8C9,5671.A4I8F2,5671.A4I8F6,5671.A4I910,5671.A4I967,5671.A4I9B7,5671.A4I9Y5,5671.A4IA43,5671.A4IAB8,5671.A4IAM7,5671.A4IAZ8,5671.A4IB20,5671.A4IB24,5671.A4IB73,5671.A4IBG5,5671.A4IC25,5671.A4IC57,5671.A4IC77,5671.A4ICH8,5671.A4ICT0,5671.A4ID13,5671.A4IDH4,5671.A4IDU8,5671.A4IE38,5671.E9AG43,5671.E9AGB0,5671.E9AGF3,5671.E9AGI7,5671.E9AGR8,5671.E9AGT9,5671.E9AGX7,5671.E9AH29,5671.E9AHI7,5671.E9AHL8,5671.E9AHR7	H1A-1,CYP51,LINJ_01_0490,LINJ_01_0510,LINJ_01_0540,LINJ_02_0100,LINJ_02_0230,LINJ_02_0270,LINJ_02_0330,LINJ_02_0360,LINJ_03_0150,LINJ_03_0200,LINJ_03_0220,LINJ_03_0790,LINJ_04_0030,LINJ_04_0680,LINJ_04_1170,TRYR,LINJ_05_0550,LINJ_07_0410,LINJ_07_0510,LINJ_07_0790,LINJ_07_1000,LINJ_07_1030,LINJ_07_1210,LINJ_09_0100,LINJ_09_0270,LINJ_09_0900,LINJ_09_0970,LINJ_09_1280,LINJ_10_0200,MPK3,Rab11,LINJ_10_1250,LINJ_10_1260,LINJ_11_0060,LINJ_11_0110,LINJ_11_0600,LINJ_13_0170,LINJ_13_0220,LINJ_13_0650,LINJ_13_0990,LINJ_13_1060,LINJ_13_1500,LINJ_13_1580,LINJ_14_0020,LINJ_14_0140,LINJ_14_0580,LINJ_14_0820,LINJ_15_0520,TOP2,LINJ_15_1540,LINJ_15_1550,LINJ_15_1630,LINJ_16_0070,LINJ_16_0590,LINJ_16_0640,CRK,LINJ_17_0070,LINJ_17_0550,GMPR,LINJ_18_0150,GSK3,LINJ_18_0650,PKAC1,PDEA,LINJ_18_1140,LINJ_19_0540,MPK4,NOS,LINJ_19_1590,LINJ_20_0020,LINJ_20_0820,LINJ_20_1140,LINJ_20_1450,LINJ_20_1580,LINJ_21_0740,LINJ_21_0210,LINJ_21_1990,LINJ_21_0960,LINJ_22_0440,LINJ_22_0480,LINJ_22_0490,LINJ_22_0630,LINJ_22_0990,LINJ_22_1260,LINJ_23_0580,LINJ_24_0680,LINJ_24_1500,LINJ_24_1970,LINJ_24_2090,LINJ_24_2220,LINJ_24_2350,LINJ_25_0440,LINJ_25_0540,LINJ_25_1360,LINJ_25_1460,LINJ_25_1580,LINJ_25_2070,LINJ_26_0300,LINJ_26_0590,LINJ_26_2460,LINJ_26_2540,LINJ_27_0090,LINJ_27_0370,LINJ_27_0920,LINJ_27_0940,LINJ_27_1140,LINJ_27_1150,LINJ_27_1860,LMAIRK,LINJ_28_0860,LINJ_28_1350,LDK,LINJ_28_2440,LINJ_28_2450,LINJ_29_0770,GCVL-1,LINJ_29_2350,LINJ_29_2410,LINJ_29_2600,VPS4,LINJ_29_2830,LINJ_29_2940,LINJ_30_1460,LINJ_30_1700,LINJ_30_1710,LINJ_30_1780,LINJ_30_2830,LINJ_30_2930,LINJ_30_3430,LINJ_30_3530,LINJ_30_3610,LINJ_31_0560,ABCC4,LINJ_31_3080,LINJ_31_3260,LINJ_32_0730,LINJ_32_0520,LINJ_32_1310,LINJ_32_1520,LINJ_32_1940,LINJ_32_2160,LINJ_32_3240,LINJ_32_3470,GCVL-2,MPK11,LINJ_33_1810,LINJ_33_2910,LINJ_34_1840,LINJ_34_2500,LINJ_34_3300,LINJ_34_1900,LINJ_35_1030,LINJ_35_1270,LINJ_35_1310,LINJ_35_1720,LINJ_35_2600,DMC1,PABP1,LINJ_36_5580,LINJ_36_2850,CRK3,LINJ_36_4020,LINJ_36_2130,LINJ_36_5500,RPT6,LINJ_03_0520,LINJ.12.0190,LINJ.12.0610,LINJ.12.0830,LINJ_19_0150,PGKC,LINJ_21_1330,LINJ_24_0170,LINJ_29_1420,LINJ_31_2720,LINJ_33_2620
GO Function	GO:0140096	Catalytic activity, acting on a protein	81	652	0.65	1.89	1.27e-28	5671.A4HRL5,5671.A4HRN6,5671.A4HRT2,5671.A4HRX5,5671.A4HS39,5671.A4HS64,5671.A4HSF7,5671.A4HSH7,5671.A4HSQ5,5671.A4HT43,5671.A4HTB1,5671.A4HTB4,5671.A4HTU3,5671.A4HUC8,5671.A4HUG1,5671.A4HUR8,5671.A4HUS3,5671.A4HV47,5671.A4HVF3,5671.A4HVT1,5671.A4HVV6,5671.A4HWE8,5671.A4HWP5,5671.A4HWX0,5671.A4HWZ4,5671.A4HX71,5671.A4HXC3,5671.A4HXQ3,5671.A4HXU0,5671.A4HXY2,5671.A4HYH4,5671.A4HYV4,5671.A4HZ67,5671.A4HZA2,5671.A4HZM5,5671.A4HZT8,5671.A4HZV1,5671.A4HZY8,5671.A4I0Q5,5671.A4I0Y4,5671.A4I122,5671.A4I1H6,5671.A4I1P7,5671.A4I1Z8,5671.A4I2H1,5671.A4I2I8,5671.A4I2S8,5671.A4I302,5671.A4I390,5671.A4I3C6,5671.A4I3S8,5671.A4I3V8,5671.A4I4T3,5671.A4I4U4,5671.A4I4W3,5671.A4I4Y0,5671.A4I5C2,5671.A4I5D2,5671.A4I5K5,5671.A4I5X0,5671.A4I638,5671.A4I7L2,5671.A4I7U2,5671.A4I7W3,5671.A4I8B2,5671.A4I8C9,5671.A4I910,5671.A4I967,5671.A4I9B7,5671.A4I9V5,5671.A4I9Y5,5671.A4IAM7,5671.A4IAZ8,5671.A4IB24,5671.A4IB59,5671.A4IC77,5671.A4ICH8,5671.A4ICT0,5671.A4IDD6,5671.E9AGI7,5671.E9AHI7	LINJ_02_0100,LINJ_02_0360,LINJ_03_0200,LINJ_03_0870,LINJ_04_0430,LINJ_04_0680,TRYR,LINJ_05_0550,LINJ_06_0140,LINJ_07_0410,LINJ_07_1000,LINJ_07_1030,LINJ_09_0270,LINJ_10_0200,MPK3,LINJ_11_0060,LINJ_11_0110,LINJ.12.0003,LINJ_13_0170,LINJ_13_1580,LINJ_14_0140,LINJ_15_0520,LINJ_15_1630,LINJ_16_0730,CRK,LINJ_17_0070,LINJ_17_0550,GSK3,LINJ_18_0650,PKAC1,MPK4,LINJ_20_1140,LINJ_21_0740,LINJ_21_0210,LINJ_21_0960,LINJ_22_0480,LINJ_22_0630,LINJ_22_0990,LINJ_24_0680,LINJ_24_1500,LINJ_24_2220,LINJ_25_1360,LINJ_25_2070,LINJ_26_0630,LINJ_26_2460,LINJ_26_2540,LINJ_27_1170,LINJ_27_1860,LINJ_28_0170,LMAIRK,LDK,LINJ_28_2440,LINJ_29_2350,LINJ_29_2410,LINJ_29_2600,LINJ_29_2830,LINJ_30_0970,LINJ_30_1070,LINJ_30_1780,LINJ_30_2930,LINJ_30_3530,LINJ_32_0730,LINJ_32_1310,LINJ_32_1520,LINJ_32_3060,LINJ_32_3240,MPK11,LINJ_33_1810,LINJ_33_2910,LINJ_34_1530,LINJ_34_1840,LINJ_34_1900,LINJ_35_1030,LINJ_35_1310,MCA5,LINJ_36_5580,LINJ_36_2850,CRK3,LINJ_36_1730,LINJ.12.0830,LINJ_29_1420
GO Function	GO:0016773	Phosphotransferase activity, alcohol group as acceptor	49	261	0.83	2.35	5.48e-23	5671.A4HRL5,5671.A4HRT2,5671.A4HRW8,5671.A4HSH7,5671.A4HT43,5671.A4HTB4,5671.A4HTU3,5671.A4HUC8,5671.A4HUG1,5671.A4HUR8,5671.A4HUS3,5671.A4HVU4,5671.A4HWP5,5671.A4HWZ4,5671.A4HX71,5671.A4HXC3,5671.A4HXQ3,5671.A4HXU0,5671.A4HXY2,5671.A4HYH4,5671.A4HYV4,5671.A4HZA2,5671.A4HZV1,5671.A4HZY8,5671.A4I0Q5,5671.A4I0Y4,5671.A4I109,5671.A4I1P7,5671.A4I1W7,5671.A4I2H1,5671.A4I2I8,5671.A4I302,5671.A4I3C6,5671.A4I3S8,5671.A4I4K7,5671.A4I4W3,5671.A4I4Y0,5671.A4I5K5,5671.A4I5X0,5671.A4I638,5671.A4I7W3,5671.A4I8C9,5671.A4I910,5671.A4I967,5671.A4I9Y5,5671.A4IAZ8,5671.A4IC77,5671.A4ICT0,5671.E9AHI7	LINJ_02_0100,LINJ_03_0200,LINJ_03_0790,LINJ_05_0550,LINJ_07_0410,LINJ_07_1030,LINJ_09_0270,LINJ_10_0200,MPK3,LINJ_11_0060,LINJ_11_0110,LINJ_14_0020,LINJ_15_1630,CRK,LINJ_17_0070,LINJ_17_0550,GSK3,LINJ_18_0650,PKAC1,MPK4,LINJ_20_1140,LINJ_21_0210,LINJ_22_0630,LINJ_22_0990,LINJ_24_0680,LINJ_24_1500,LINJ_24_2090,LINJ_25_2070,LINJ_26_0300,LINJ_26_2460,LINJ_26_2540,LINJ_27_1860,LMAIRK,LDK,LINJ_29_1550,LINJ_29_2600,LINJ_29_2830,LINJ_30_1780,LINJ_30_2930,LINJ_30_3530,LINJ_32_1520,LINJ_32_3240,MPK11,LINJ_33_1810,LINJ_34_1840,LINJ_35_1030,LINJ_36_5580,CRK3,LINJ_29_1420
GO Function	GO:0004672	Protein kinase activity	44	201	0.89	2.57	8.09e-23	5671.A4HRL5,5671.A4HRT2,5671.A4HSH7,5671.A4HT43,5671.A4HTB4,5671.A4HTU3,5671.A4HUC8,5671.A4HUG1,5671.A4HUR8,5671.A4HUS3,5671.A4HWP5,5671.A4HWZ4,5671.A4HX71,5671.A4HXC3,5671.A4HXQ3,5671.A4HXU0,5671.A4HXY2,5671.A4HYH4,5671.A4HYV4,5671.A4HZA2,5671.A4HZV1,5671.A4HZY8,5671.A4I0Q5,5671.A4I0Y4,5671.A4I1P7,5671.A4I2H1,5671.A4I2I8,5671.A4I302,5671.A4I3C6,5671.A4I3S8,5671.A4I4W3,5671.A4I4Y0,5671.A4I5K5,5671.A4I5X0,5671.A4I638,5671.A4I7W3,5671.A4I8C9,5671.A4I910,5671.A4I967,5671.A4I9Y5,5671.A4IAZ8,5671.A4IC77,5671.A4ICT0,5671.E9AHI7	LINJ_02_0100,LINJ_03_0200,LINJ_05_0550,LINJ_07_0410,LINJ_07_1030,LINJ_09_0270,LINJ_10_0200,MPK3,LINJ_11_0060,LINJ_11_0110,LINJ_15_1630,CRK,LINJ_17_0070,LINJ_17_0550,GSK3,LINJ_18_0650,PKAC1,MPK4,LINJ_20_1140,LINJ_21_0210,LINJ_22_0630,LINJ_22_0990,LINJ_24_0680,LINJ_24_1500,LINJ_25_2070,LINJ_26_2460,LINJ_26_2540,LINJ_27_1860,LMAIRK,LDK,LINJ_29_2600,LINJ_29_2830,LINJ_30_1780,LINJ_30_2930,LINJ_30_3530,LINJ_32_1520,LINJ_32_3240,MPK11,LINJ_33_1810,LINJ_34_1840,LINJ_35_1030,LINJ_36_5580,CRK3,LINJ_29_1420
GO Function	GO:0016301	Kinase activity	51	312	0.77	2.1	1.29e-21	5671.A4HRL5,5671.A4HRT2,5671.A4HRW8,5671.A4HSH7,5671.A4HT43,5671.A4HTB4,5671.A4HTU3,5671.A4HUC8,5671.A4HUG1,5671.A4HUR8,5671.A4HUS3,5671.A4HVU4,5671.A4HWP5,5671.A4HWZ4,5671.A4HX71,5671.A4HXC3,5671.A4HXQ3,5671.A4HXU0,5671.A4HXY2,5671.A4HYH4,5671.A4HYV4,5671.A4HZA2,5671.A4HZV1,5671.A4HZY8,5671.A4I0Q5,5671.A4I0Y4,5671.A4I109,5671.A4I1P7,5671.A4I1W7,5671.A4I2H1,5671.A4I2I8,5671.A4I302,5671.A4I3C6,5671.A4I3S8,5671.A4I4K7,5671.A4I4W3,5671.A4I4Y0,5671.A4I5K5,5671.A4I5X0,5671.A4I628,5671.A4I638,5671.A4I7W3,5671.A4I8C9,5671.A4I910,5671.A4I967,5671.A4I9Y5,5671.A4IAZ8,5671.A4IC77,5671.A4ICT0,5671.E9AGT9,5671.E9AHI7	LINJ_02_0100,LINJ_03_0200,LINJ_03_0790,LINJ_05_0550,LINJ_07_0410,LINJ_07_1030,LINJ_09_0270,LINJ_10_0200,MPK3,LINJ_11_0060,LINJ_11_0110,LINJ_14_0020,LINJ_15_1630,CRK,LINJ_17_0070,LINJ_17_0550,GSK3,LINJ_18_0650,PKAC1,MPK4,LINJ_20_1140,LINJ_21_0210,LINJ_22_0630,LINJ_22_0990,LINJ_24_0680,LINJ_24_1500,LINJ_24_2090,LINJ_25_2070,LINJ_26_0300,LINJ_26_2460,LINJ_26_2540,LINJ_27_1860,LMAIRK,LDK,LINJ_29_1550,LINJ_29_2600,LINJ_29_2830,LINJ_30_1780,LINJ_30_2930,LINJ_30_3430,LINJ_30_3530,LINJ_32_1520,LINJ_32_3240,MPK11,LINJ_33_1810,LINJ_34_1840,LINJ_35_1030,LINJ_36_5580,CRK3,PGKC,LINJ_29_1420
GO Function	GO:0004674	Protein serine/threonine kinase activity	39	161	0.94	2.65	1.83e-21	5671.A4HRL5,5671.A4HRT2,5671.A4HSH7,5671.A4HT43,5671.A4HTB4,5671.A4HTU3,5671.A4HUC8,5671.A4HUG1,5671.A4HUR8,5671.A4HUS3,5671.A4HWP5,5671.A4HWZ4,5671.A4HX71,5671.A4HXQ3,5671.A4HXU0,5671.A4HXY2,5671.A4HYH4,5671.A4HYV4,5671.A4HZA2,5671.A4HZV1,5671.A4HZY8,5671.A4I0Q5,5671.A4I1P7,5671.A4I2H1,5671.A4I2I8,5671.A4I302,5671.A4I3C6,5671.A4I3S8,5671.A4I5K5,5671.A4I5X0,5671.A4I638,5671.A4I7W3,5671.A4I910,5671.A4I967,5671.A4I9Y5,5671.A4IAZ8,5671.A4IC77,5671.A4ICT0,5671.E9AHI7	LINJ_02_0100,LINJ_03_0200,LINJ_05_0550,LINJ_07_0410,LINJ_07_1030,LINJ_09_0270,LINJ_10_0200,MPK3,LINJ_11_0060,LINJ_11_0110,LINJ_15_1630,CRK,LINJ_17_0070,GSK3,LINJ_18_0650,PKAC1,MPK4,LINJ_20_1140,LINJ_21_0210,LINJ_22_0630,LINJ_22_0990,LINJ_24_0680,LINJ_25_2070,LINJ_26_2460,LINJ_26_2540,LINJ_27_1860,LMAIRK,LDK,LINJ_30_1780,LINJ_30_2930,LINJ_30_3530,LINJ_32_1520,MPK11,LINJ_33_1810,LINJ_34_1840,LINJ_35_1030,LINJ_36_5580,CRK3,LINJ_29_1420
GO Function	GO:0016740	Transferase activity	66	760	0.49	1.21	5.91e-15	5671.A4HRL5,5671.A4HRN6,5671.A4HRT2,5671.A4HRW8,5671.A4HS64,5671.A4HSH7,5671.A4HT43,5671.A4HTB1,5671.A4HTB4,5671.A4HTU3,5671.A4HUC8,5671.A4HUG1,5671.A4HUR8,5671.A4HUS3,5671.A4HVF3,5671.A4HVU4,5671.A4HVV6,5671.A4HWP5,5671.A4HWZ4,5671.A4HX71,5671.A4HXC3,5671.A4HXQ3,5671.A4HXU0,5671.A4HXY2,5671.A4HYH4,5671.A4HYV4,5671.A4HZA2,5671.A4HZT8,5671.A4HZV1,5671.A4HZY8,5671.A4I0Q5,5671.A4I0Y4,5671.A4I109,5671.A4I122,5671.A4I1P7,5671.A4I1W7,5671.A4I2H1,5671.A4I2I8,5671.A4I302,5671.A4I3C6,5671.A4I3S8,5671.A4I3V8,5671.A4I4K7,5671.A4I4W3,5671.A4I4Y0,5671.A4I5C2,5671.A4I5K5,5671.A4I5X0,5671.A4I628,5671.A4I638,5671.A4I7H1,5671.A4I7L2,5671.A4I7W3,5671.A4I8C9,5671.A4I910,5671.A4I967,5671.A4I9B2,5671.A4I9B7,5671.A4I9Y5,5671.A4IAM7,5671.A4IAZ8,5671.A4IB24,5671.A4IC77,5671.A4ICT0,5671.E9AGT9,5671.E9AHI7	LINJ_02_0100,LINJ_02_0360,LINJ_03_0200,LINJ_03_0790,LINJ_04_0680,LINJ_05_0550,LINJ_07_0410,LINJ_07_1000,LINJ_07_1030,LINJ_09_0270,LINJ_10_0200,MPK3,LINJ_11_0060,LINJ_11_0110,LINJ_13_0170,LINJ_14_0020,LINJ_14_0140,LINJ_15_1630,CRK,LINJ_17_0070,LINJ_17_0550,GSK3,LINJ_18_0650,PKAC1,MPK4,LINJ_20_1140,LINJ_21_0210,LINJ_22_0480,LINJ_22_0630,LINJ_22_0990,LINJ_24_0680,LINJ_24_1500,LINJ_24_2090,LINJ_24_2220,LINJ_25_2070,LINJ_26_0300,LINJ_26_2460,LINJ_26_2540,LINJ_27_1860,LMAIRK,LDK,LINJ_28_2440,LINJ_29_1550,LINJ_29_2600,LINJ_29_2830,LINJ_30_0970,LINJ_30_1780,LINJ_30_2930,LINJ_30_3430,LINJ_30_3530,NMT,LINJ_32_0730,LINJ_32_1520,LINJ_32_3240,MPK11,LINJ_33_1810,LINJ_33_2860,LINJ_33_2910,LINJ_34_1840,LINJ_34_1900,LINJ_35_1030,LINJ_35_1310,LINJ_36_5580,CRK3,PGKC,LINJ_29_1420
GO Function	GO:0106310	Protein serine kinase activity	22	61	1.11	2.55	8.33e-15	5671.A4HRL5,5671.A4HRT2,5671.A4HSH7,5671.A4HUC8,5671.A4HUG1,5671.A4HUR8,5671.A4HUS3,5671.A4HWZ4,5671.A4HYH4,5671.A4I0Q5,5671.A4I2H1,5671.A4I2I8,5671.A4I302,5671.A4I3C6,5671.A4I5K5,5671.A4I5X0,5671.A4I7W3,5671.A4I910,5671.A4I9Y5,5671.A4IC77,5671.A4ICT0,5671.E9AHI7	LINJ_02_0100,LINJ_03_0200,LINJ_05_0550,LINJ_10_0200,MPK3,LINJ_11_0060,LINJ_11_0110,CRK,MPK4,LINJ_24_0680,LINJ_26_2460,LINJ_26_2540,LINJ_27_1860,LMAIRK,LINJ_30_1780,LINJ_30_2930,LINJ_32_1520,MPK11,LINJ_34_1840,LINJ_36_5580,CRK3,LINJ_29_1420
GO Function	GO:0017111	Nucleoside-triphosphatase activity	35	240	0.72	1.59	4.00e-13	5671.A4HRM3,5671.A4HT82,5671.A4HTD0,5671.A4HU06,5671.A4HU44,5671.A4HUK3,5671.A4HUM9,5671.A4HVF7,5671.A4HVN7,5671.A4HVT1,5671.A4HW20,5671.A4HWE8,5671.A4HWQ5,5671.A4HXY7,5671.A4HYS3,5671.A4HZ08,5671.A4HZT4,5671.A4HZT9,5671.A4I1I6,5671.A4I2M3,5671.A4I2Q7,5671.A4I2Q9,5671.A4I2S6,5671.A4I4W4,5671.A4I5J7,5671.A4I7N3,5671.A4I825,5671.A4IAB8,5671.A4IB20,5671.A4ICH8,5671.A4IE38,5671.E9AG43,5671.E9AGB0,5671.E9AGX7,5671.E9AH29	LINJ_02_0230,LINJ_07_0510,LINJ_07_1210,LINJ_09_0900,LINJ_09_1280,Rab11,LINJ_10_1260,LINJ_13_0220,LINJ_13_0990,LINJ_13_1580,LINJ_14_0820,LINJ_15_0520,LINJ_16_0070,LINJ_18_1140,LINJ_20_0820,LINJ_20_1580,LINJ_22_0440,LINJ_22_0490,LINJ_25_1460,LINJ_27_0370,LINJ_27_0920,LINJ_27_0940,LINJ_27_1150,VPS4,LINJ_30_1700,LINJ_32_0520,LINJ_32_2160,LINJ_34_3300,LINJ_35_1270,LINJ_36_2850,RPT6,LINJ_03_0520,LINJ.12.0190,LINJ_21_1330,LINJ_24_0170
GO Function	GO:0016787	Hydrolase activity	65	813	0.46	1.1	4.27e-13	5671.A4HRM3,5671.A4HRW8,5671.A4HRX5,5671.A4HRZ8,5671.A4HS39,5671.A4HSB4,5671.A4HSQ5,5671.A4HT82,5671.A4HTD0,5671.A4HU06,5671.A4HU44,5671.A4HUK3,5671.A4HUM8,5671.A4HUM9,5671.A4HV47,5671.A4HVF7,5671.A4HVN7,5671.A4HVT1,5671.A4HW20,5671.A4HWE8,5671.A4HWN6,5671.A4HWN7,5671.A4HWQ5,5671.A4HWX0,5671.A4HX32,5671.A4HXY3,5671.A4HXY7,5671.A4HYS3,5671.A4HZ08,5671.A4HZ67,5671.A4HZM5,5671.A4HZT4,5671.A4HZT9,5671.A4I1H6,5671.A4I1I6,5671.A4I1W7,5671.A4I2M3,5671.A4I2Q7,5671.A4I2Q9,5671.A4I2S6,5671.A4I2S8,5671.A4I390,5671.A4I4T3,5671.A4I4U4,5671.A4I4W4,5671.A4I5J7,5671.A4I5J8,5671.A4I7N3,5671.A4I7U2,5671.A4I825,5671.A4I8B2,5671.A4I9V5,5671.A4IAB8,5671.A4IAM7,5671.A4IB20,5671.A4IB59,5671.A4ICH8,5671.A4IDD6,5671.A4IDU8,5671.A4IE38,5671.E9AG43,5671.E9AGB0,5671.E9AGI7,5671.E9AGX7,5671.E9AH29	LINJ_02_0230,LINJ_03_0790,LINJ_03_0870,LINJ_04_0030,LINJ_04_0430,LINJ_04_1170,LINJ_06_0140,LINJ_07_0510,LINJ_07_1210,LINJ_09_0900,LINJ_09_1280,Rab11,LINJ_10_1250,LINJ_10_1260,LINJ.12.0003,LINJ_13_0220,LINJ_13_0990,LINJ_13_1580,LINJ_14_0820,LINJ_15_0520,LINJ_15_1540,LINJ_15_1550,LINJ_16_0070,LINJ_16_0730,LINJ_16_1430,PDEA,LINJ_18_1140,LINJ_20_0820,LINJ_20_1580,LINJ_21_0740,LINJ_21_0960,LINJ_22_0440,LINJ_22_0490,LINJ_25_1360,LINJ_25_1460,LINJ_26_0300,LINJ_27_0370,LINJ_27_0920,LINJ_27_0940,LINJ_27_1150,LINJ_27_1170,LINJ_28_0170,LINJ_29_2350,LINJ_29_2410,VPS4,LINJ_30_1700,LINJ_30_1710,LINJ_32_0520,LINJ_32_1310,LINJ_32_2160,LINJ_32_3060,LINJ_34_1530,LINJ_34_3300,LINJ_34_1900,LINJ_35_1270,MCA5,LINJ_36_2850,LINJ_36_1730,LINJ_36_5500,RPT6,LINJ_03_0520,LINJ.12.0190,LINJ.12.0830,LINJ_21_1330,LINJ_24_0170
GO Function	GO:0140657	ATP-dependent activity	41	375	0.59	1.28	9.77e-12	5671.A4HRH0,5671.A4HRH2,5671.A4HRH5,5671.A4HRM7,5671.A4HRT4,5671.A4HT82,5671.A4HTD0,5671.A4HU44,5671.A4HVN7,5671.A4HVT1,5671.A4HWE8,5671.A4HWL4,5671.A4HWQ5,5671.A4HYS3,5671.A4HZ08,5671.A4HZT4,5671.A4HZT9,5671.A4I194,5671.A4I1Z4,5671.A4I2M3,5671.A4I2Q7,5671.A4I2Q9,5671.A4I2S6,5671.A4I3V9,5671.A4I4W4,5671.A4I5J7,5671.A4I5W0,5671.A4I6L1,5671.A4I6Q3,5671.A4I800,5671.A4IAB8,5671.A4IB20,5671.A4IC25,5671.A4ICH8,5671.A4IDH4,5671.A4IE38,5671.E9AG43,5671.E9AGB0,5671.E9AGX7,5671.E9AH29,5671.E9AHR7	LINJ_01_0490,LINJ_01_0510,LINJ_01_0540,LINJ_02_0270,LINJ_03_0220,LINJ_07_0510,LINJ_07_1210,LINJ_09_1280,LINJ_13_0990,LINJ_13_1580,LINJ_15_0520,TOP2,LINJ_16_0070,LINJ_20_0820,LINJ_20_1580,LINJ_22_0440,LINJ_22_0490,LINJ_25_0540,LINJ_26_0590,LINJ_27_0370,LINJ_27_0920,LINJ_27_0940,LINJ_27_1150,LINJ_28_2450,VPS4,LINJ_30_1700,LINJ_30_2830,LINJ_31_0560,ABCC4,LINJ_32_1940,LINJ_34_3300,LINJ_35_1270,DMC1,LINJ_36_2850,LINJ_36_2130,RPT6,LINJ_03_0520,LINJ.12.0190,LINJ_21_1330,LINJ_24_0170,LINJ_33_2620
GO Function	GO:0016887	ATP hydrolysis activity	25	167	0.73	1.35	1.71e-09	5671.A4HT82,5671.A4HTD0,5671.A4HU44,5671.A4HVN7,5671.A4HVT1,5671.A4HWE8,5671.A4HWQ5,5671.A4HYS3,5671.A4HZ08,5671.A4HZT4,5671.A4HZT9,5671.A4I2M3,5671.A4I2Q7,5671.A4I2Q9,5671.A4I2S6,5671.A4I4W4,5671.A4I5J7,5671.A4IAB8,5671.A4IB20,5671.A4ICH8,5671.A4IE38,5671.E9AG43,5671.E9AGB0,5671.E9AGX7,5671.E9AH29	LINJ_07_0510,LINJ_07_1210,LINJ_09_1280,LINJ_13_0990,LINJ_13_1580,LINJ_15_0520,LINJ_16_0070,LINJ_20_0820,LINJ_20_1580,LINJ_22_0440,LINJ_22_0490,LINJ_27_0370,LINJ_27_0920,LINJ_27_0940,LINJ_27_1150,VPS4,LINJ_30_1700,LINJ_34_3300,LINJ_35_1270,LINJ_36_2850,RPT6,LINJ_03_0520,LINJ.12.0190,LINJ_21_1330,LINJ_24_0170
GO Function	GO:0061631	Ubiquitin conjugating enzyme activity	7	10	1.4	1.35	4.67e-06	5671.A4HS64,5671.A4HTB1,5671.A4HZT8,5671.A4I122,5671.A4I7L2,5671.A4I9B7,5671.A4IB24	LINJ_04_0680,LINJ_07_1000,LINJ_22_0480,LINJ_24_2220,LINJ_32_0730,LINJ_33_2910,LINJ_35_1310
GO Function	GO:0004707	MAP kinase activity	7	14	1.25	1.15	2.40e-05	5671.A4HRT2,5671.A4HUC8,5671.A4HUG1,5671.A4HYH4,5671.A4I0Q5,5671.A4I5X0,5671.A4I910	LINJ_03_0200,LINJ_10_0200,MPK3,MPK4,LINJ_24_0680,LINJ_30_2930,MPK11
GO Function	GO:0004693	Cyclin-dependent protein serine/threonine kinase activity	7	15	1.22	1.11	3.34e-05	5671.A4HSH7,5671.A4HTU3,5671.A4HUS3,5671.A4HWZ4,5671.A4I302,5671.A4I5K5,5671.A4ICT0	LINJ_05_0550,LINJ_09_0270,LINJ_11_0110,CRK,LINJ_27_1860,LINJ_30_1780,CRK3
GO Function	GO:0036402	Proteasome-activating activity	5	5	1.55	1.08	8.40e-05	5671.A4HVN7,5671.A4HZT4,5671.A4HZT9,5671.A4IE38,5671.E9AGB0	LINJ_13_0990,LINJ_22_0440,LINJ_22_0490,RPT6,LINJ.12.0190
GO Function	GO:0016491	Oxidoreductase activity	22	250	0.5	0.68	0.00011	5671.A2TEF2,5671.A4HRE8,5671.A4HRT1,5671.A4HSF7,5671.A4HXF5,5671.A4HYH5,5671.A4HYI5,5671.A4I2K5,5671.A4I342,5671.A4I3K3,5671.A4I4P1,5671.A4I5D2,5671.A4I5W9,5671.A4I646,5671.A4I8F6,5671.A4I931,5671.A4I9I3,5671.A4IA43,5671.A4IBG5,5671.A4ID56,5671.A4IDE7,5671.E9AHL8	CYP51,LINJ_01_0270,LINJ_03_0190,TRYR,GMPR,NOS,LINJ_19_1590,LINJ_27_0090,AKR,LINJ_28_1350,GCVL-1,LINJ_30_1070,LINJ_30_2920,LINJ_30_3610,GCVL-2,LINJ_33_1690,LINJ_34_0150,LINJ_34_2500,LINJ_35_2600,LINJ_36_3570,LINJ_36_1840,LINJ_31_2720
GO Function	GO:0019787	Ubiquitin-like protein transferase activity	9	51	0.8	0.7	0.00076	5671.A4HRN6,5671.A4HS64,5671.A4HTB1,5671.A4HZT8,5671.A4I122,5671.A4I5C2,5671.A4I7L2,5671.A4I9B7,5671.A4IB24	LINJ_02_0360,LINJ_04_0680,LINJ_07_1000,LINJ_22_0480,LINJ_24_2220,LINJ_30_0970,LINJ_32_0730,LINJ_33_2910,LINJ_35_1310
GO Function	GO:0016668	Oxidoreductase activity, acting on a sulfur group of donors, NAD(P) as acceptor	5	11	1.21	0.75	0.0012	5671.A4HSF7,5671.A4I4P1,5671.A4I5D2,5671.A4I8F6,5671.E9AHL8	TRYR,GCVL-1,LINJ_30_1070,GCVL-2,LINJ_31_2720
GO Function	GO:0005509	Calcium ion binding	8	43	0.82	0.65	0.0015	5671.A4HT95,5671.A4HU13,5671.A4HVK4,5671.A4HVP4,5671.A4HVS3,5671.A4HZG8,5671.A4I000,5671.A4I3F5	LINJ_07_0790,LINJ_09_0970,LINJ_13_0650,LINJ_13_1060,LINJ_13_1500,LINJ_21_1990,LINJ_22_1260,LINJ_28_0860
GO Function	GO:0016405	CoA-ligase activity	5	12	1.17	0.72	0.0016	5671.A4HRH0,5671.A4HRH2,5671.A4HRH5,5671.A4HRT4,5671.A4I093	LINJ_01_0490,LINJ_01_0510,LINJ_01_0540,LINJ_03_0220,LINJ_23_0580
GO Function	GO:0003924	GTPase activity	10	73	0.69	0.61	0.0017	5671.A4HRM3,5671.A4HU06,5671.A4HUK3,5671.A4HUM9,5671.A4HVF7,5671.A4HW20,5671.A4HXY7,5671.A4I1I6,5671.A4I7N3,5671.A4I825	LINJ_02_0230,LINJ_09_0900,Rab11,LINJ_10_1260,LINJ_13_0220,LINJ_14_0820,LINJ_18_1140,LINJ_25_1460,LINJ_32_0520,LINJ_32_2160
GO Function	GO:0008233	Peptidase activity	14	140	0.55	0.56	0.0017	5671.A4HS39,5671.A4HSQ5,5671.A4HV47,5671.A4HWX0,5671.A4HZM5,5671.A4I2S8,5671.A4I4T3,5671.A4I4U4,5671.A4I7U2,5671.A4I8B2,5671.A4IB59,5671.A4ICH8,5671.A4IDD6,5671.E9AGI7	LINJ_04_0430,LINJ_06_0140,LINJ.12.0003,LINJ_16_0730,LINJ_21_0960,LINJ_27_1170,LINJ_29_2350,LINJ_29_2410,LINJ_32_1310,LINJ_32_3060,MCA5,LINJ_36_2850,LINJ_36_1730,LINJ.12.0830
GO Function	GO:0004842	Ubiquitin-protein transferase activity	8	45	0.8	0.63	0.0018	5671.A4HS64,5671.A4HTB1,5671.A4HZT8,5671.A4I122,5671.A4I5C2,5671.A4I7L2,5671.A4I9B7,5671.A4IB24	LINJ_04_0680,LINJ_07_1000,LINJ_22_0480,LINJ_24_2220,LINJ_30_0970,LINJ_32_0730,LINJ_33_2910,LINJ_35_1310
GO Function	GO:0050660	Flavin adenine dinucleotide binding	8	46	0.79	0.62	0.0020	5671.A4HSF7,5671.A4HYH5,5671.A4I3K3,5671.A4I4P1,5671.A4I8F6,5671.A4IA43,5671.A4IBG5,5671.E9AHL8	TRYR,NOS,LINJ_28_1350,GCVL-1,GCVL-2,LINJ_34_2500,LINJ_35_2600,LINJ_31_2720
GO Function	GO:0016878	Acid-thiol ligase activity	5	14	1.11	0.66	0.0025	5671.A4HRH0,5671.A4HRH2,5671.A4HRH5,5671.A4HRT4,5671.A4I093	LINJ_01_0490,LINJ_01_0510,LINJ_01_0540,LINJ_03_0220,LINJ_23_0580
GO Function	GO:0004114	3,5-cyclic-nucleotide phosphodiesterase activity	4	7	1.31	0.66	0.0031	5671.A4HRZ8,5671.A4HWN6,5671.A4HWN7,5671.A4HXY3	LINJ_04_0030,LINJ_15_1540,LINJ_15_1550,PDEA
GO Function	GO:0140662	ATP-dependent protein folding chaperone	6	27	0.9	0.58	0.0044	5671.A4I1Z4,5671.A4I2S6,5671.A4I5W0,5671.A4I800,5671.A4IDH4,5671.E9AGX7	LINJ_26_0590,LINJ_27_1150,LINJ_30_2830,LINJ_32_1940,LINJ_36_2130,LINJ_21_1330
GO Function	GO:0004467	Long-chain fatty acid-CoA ligase activity	4	9	1.2	0.58	0.0059	5671.A4HRH0,5671.A4HRH2,5671.A4HRH5,5671.A4HRT4	LINJ_01_0490,LINJ_01_0510,LINJ_01_0540,LINJ_03_0220
GO Function	GO:0035174	Histone serine kinase activity	3	3	1.55	0.59	0.0069	5671.A4I2H1,5671.A4I3C6,5671.E9AHI7	LINJ_26_2460,LMAIRK,LINJ_29_1420
GO Function	GO:0008081	Phosphoric diester hydrolase activity	5	21	0.93	0.5	0.0102	5671.A4HRZ8,5671.A4HWN6,5671.A4HWN7,5671.A4HXY3,5671.A4IDU8	LINJ_04_0030,LINJ_15_1540,LINJ_15_1550,PDEA,LINJ_36_5500
GO Function	GO:0004148	Dihydrolipoyl dehydrogenase activity	3	4	1.43	0.53	0.0110	5671.A4I4P1,5671.A4I8F6,5671.E9AHL8	GCVL-1,GCVL-2,LINJ_31_2720
GO Function	GO:0046872	Metal ion binding	31	594	0.27	0.35	0.0128	5671.A2TEF2,5671.A4HRZ8,5671.A4HSB4,5671.A4HT82,5671.A4HT95,5671.A4HU13,5671.A4HVK4,5671.A4HVP4,5671.A4HVS3,5671.A4HWL4,5671.A4HWN6,5671.A4HWN7,5671.A4HXF5,5671.A4HXY3,5671.A4HY76,5671.A4HYI5,5671.A4HZG8,5671.A4HZM5,5671.A4I000,5671.A4I1H6,5671.A4I1Z4,5671.A4I3F5,5671.A4I3V9,5671.A4I4T3,5671.A4I4U4,5671.A4I4Y0,5671.A4I7A2,5671.A4IAM7,5671.A4ICH8,5671.A4ID13,5671.E9AGI7	CYP51,LINJ_04_0030,LINJ_04_1170,LINJ_07_0510,LINJ_07_0790,LINJ_09_0970,LINJ_13_0650,LINJ_13_1060,LINJ_13_1500,TOP2,LINJ_15_1540,LINJ_15_1550,GMPR,PDEA,LINJ_19_0540,LINJ_19_1590,LINJ_21_1990,LINJ_21_0960,LINJ_22_1260,LINJ_25_1360,LINJ_26_0590,LINJ_28_0860,LINJ_28_2450,LINJ_29_2350,LINJ_29_2410,LINJ_29_2830,LINJ_31_3080,LINJ_34_1900,LINJ_36_2850,LINJ_36_4020,LINJ.12.0830
GO Function	GO:0005525	GTP binding	10	101	0.55	0.41	0.0141	5671.A4HRM3,5671.A4HU06,5671.A4HUK3,5671.A4HUM9,5671.A4HVF7,5671.A4HW20,5671.A4HXY7,5671.A4I1I6,5671.A4I7N3,5671.A4I825	LINJ_02_0230,LINJ_09_0900,Rab11,LINJ_10_1260,LINJ_13_0220,LINJ_14_0820,LINJ_18_1140,LINJ_25_1460,LINJ_32_0520,LINJ_32_2160
GO Function	GO:0004402	Histone acetyltransferase activity	3	5	1.33	0.49	0.0155	5671.A4HVF3,5671.A4HVV6,5671.A4I3V8	LINJ_13_0170,LINJ_14_0140,LINJ_28_2440
GO Function	GO:0050308	Sugar-phosphatase activity	3	5	1.33	0.49	0.0155	5671.A4HRW8,5671.A4HSB4,5671.A4I1W7	LINJ_03_0790,LINJ_04_1170,LINJ_26_0300
GO Function	GO:0004843	Cysteine-type deubiquitinase activity	5	26	0.84	0.43	0.0196	5671.A4HWX0,5671.A4I2S8,5671.A4I4U4,5671.A4I7U2,5671.A4I8B2	LINJ_16_0730,LINJ_27_1170,LINJ_29_2410,LINJ_32_1310,LINJ_32_3060
GO Function	GO:0010181	FMN binding	4	16	0.95	0.41	0.0260	5671.A4HYH5,5671.A4I3K3,5671.A4IA43,5671.A4IBG5	NOS,LINJ_28_1350,LINJ_34_2500,LINJ_35_2600
GO Function	GO:0042578	Phosphoric ester hydrolase activity	12	154	0.45	0.35	0.0261	5671.A4HRW8,5671.A4HRX5,5671.A4HRZ8,5671.A4HSB4,5671.A4HWN6,5671.A4HWN7,5671.A4HXY3,5671.A4I1H6,5671.A4I1W7,5671.A4I390,5671.A4I9V5,5671.A4IDU8	LINJ_03_0790,LINJ_03_0870,LINJ_04_0030,LINJ_04_1170,LINJ_15_1540,LINJ_15_1550,PDEA,LINJ_25_1360,LINJ_26_0300,LINJ_28_0170,LINJ_34_1530,LINJ_36_5500
GO Function	GO:0052742	Phosphatidylinositol kinase activity	3	7	1.19	0.41	0.0285	5671.A4HVU4,5671.A4I109,5671.A4I4K7	LINJ_14_0020,LINJ_24_2090,LINJ_29_1550
GO Function	GO:0008234	Cysteine-type peptidase activity	7	64	0.59	0.33	0.0403	5671.A4HS39,5671.A4HWX0,5671.A4I2S8,5671.A4I4U4,5671.A4I7U2,5671.A4I8B2,5671.A4IB59	LINJ_04_0430,LINJ_16_0730,LINJ_27_1170,LINJ_29_2410,LINJ_32_1310,LINJ_32_3060,MCA5
GO Function	GO:0016410	N-acyltransferase activity	4	19	0.88	0.36	0.0411	5671.A4HVF3,5671.A4HVV6,5671.A4I3V8,5671.A4I7H1	LINJ_13_0170,LINJ_14_0140,LINJ_28_2440,NMT
GO Component	GO:0110165	Cellular anatomical entity	221	4661	0.23	0.88	5.61e-43	5671.A0A381MFJ0,5671.A2TEF2,5671.A4HRE8,5671.A4HRH0,5671.A4HRH2,5671.A4HRH5,5671.A4HRL5,5671.A4HRM3,5671.A4HRM7,5671.A4HRN3,5671.A4HRN6,5671.A4HRS7,5671.A4HRT1,5671.A4HRT2,5671.A4HRT4,5671.A4HRW8,5671.A4HRX5,5671.A4HRZ8,5671.A4HS39,5671.A4HS64,5671.A4HSB4,5671.A4HSF7,5671.A4HSH7,5671.A4HSP6,5671.A4HSQ5,5671.A4HT43,5671.A4HT82,5671.A4HT95,5671.A4HTB1,5671.A4HTB4,5671.A4HTD0,5671.A4HTS6,5671.A4HTU3,5671.A4HU06,5671.A4HU13,5671.A4HU44,5671.A4HUB8,5671.A4HUC8,5671.A4HUG1,5671.A4HUJ0,5671.A4HUK3,5671.A4HUM8,5671.A4HUM9,5671.A4HUR6,5671.A4HUR8,5671.A4HUS3,5671.A4HUX0,5671.A4HV47,5671.A4HVF3,5671.A4HVF7,5671.A4HVK4,5671.A4HVN7,5671.A4HVP4,5671.A4HVS3,5671.A4HVT1,5671.A4HVU4,5671.A4HVV6,5671.A4HVZ9,5671.A4HW20,5671.A4HWE8,5671.A4HWL4,5671.A4HWN6,5671.A4HWN7,5671.A4HWP5,5671.A4HWQ5,5671.A4HWV8,5671.A4HWW3,5671.A4HWX0,5671.A4HWZ4,5671.A4HX32,5671.A4HX71,5671.A4HXC3,5671.A4HXF5,5671.A4HXP1,5671.A4HXQ3,5671.A4HXU0,5671.A4HXY2,5671.A4HXY3,5671.A4HXY4,5671.A4HXY7,5671.A4HY76,5671.A4HYH4,5671.A4HYH5,5671.A4HYI5,5671.A4HYJ4,5671.A4HYS3,5671.A4HYV4,5671.A4HYY3,5671.A4HZ08,5671.A4HZ67,5671.A4HZA2,5671.A4HZG8,5671.A4HZI9,5671.A4HZM5,5671.A4HZT4,5671.A4HZT8,5671.A4HZT9,5671.A4HZV1,5671.A4HZY8,5671.A4I000,5671.A4I093,5671.A4I0Q5,5671.A4I0Y4,5671.A4I0Z7,5671.A4I109,5671.A4I122,5671.A4I135,5671.A4I186,5671.A4I194,5671.A4I1D4,5671.A4I1H6,5671.A4I1I6,5671.A4I1J8,5671.A4I1P7,5671.A4I1W7,5671.A4I1W9,5671.A4I1Z4,5671.A4I1Z8,5671.A4I2H1,5671.A4I2I8,5671.A4I2K5,5671.A4I2M3,5671.A4I2Q7,5671.A4I2Q9,5671.A4I2S5,5671.A4I2S6,5671.A4I2S8,5671.A4I302,5671.A4I342,5671.A4I345,5671.A4I384,5671.A4I390,5671.A4I3C6,5671.A4I3C9,5671.A4I3F5,5671.A4I3K3,5671.A4I3S8,5671.A4I3V8,5671.A4I3V9,5671.A4I4C7,5671.A4I4K7,5671.A4I4M8,5671.A4I4P1,5671.A4I4T3,5671.A4I4U4,5671.A4I4W3,5671.A4I4W4,5671.A4I4Y0,5671.A4I4Y5,5671.A4I5C2,5671.A4I5D2,5671.A4I5H1,5671.A4I5J7,5671.A4I5J8,5671.A4I5K5,5671.A4I5W0,5671.A4I5W9,5671.A4I5X0,5671.A4I628,5671.A4I638,5671.A4I646,5671.A4I6L1,5671.A4I6Q3,5671.A4I7A2,5671.A4I7C0,5671.A4I7G8,5671.A4I7H1,5671.A4I7L2,5671.A4I7N3,5671.A4I7U2,5671.A4I7W3,5671.A4I800,5671.A4I825,5671.A4I8B2,5671.A4I8C9,5671.A4I8F2,5671.A4I8F6,5671.A4I8F7,5671.A4I910,5671.A4I931,5671.A4I967,5671.A4I9B2,5671.A4I9B7,5671.A4I9G2,5671.A4I9I3,5671.A4I9V5,5671.A4I9Y5,5671.A4IA43,5671.A4IAB8,5671.A4IAM7,5671.A4IAZ8,5671.A4IB17,5671.A4IB20,5671.A4IB24,5671.A4IB59,5671.A4IB73,5671.A4IBG5,5671.A4IC25,5671.A4IC57,5671.A4IC77,5671.A4ICH8,5671.A4ICT0,5671.A4ID13,5671.A4ID56,5671.A4IDD6,5671.A4IDE7,5671.A4IDH4,5671.A4IDU8,5671.A4IE38,5671.E9AG43,5671.E9AGB0,5671.E9AGF3,5671.E9AGI7,5671.E9AGR8,5671.E9AGT9,5671.E9AGX7,5671.E9AH29,5671.E9AH89,5671.E9AHI7,5671.E9AHL8,5671.E9AHR7	H1A-1,CYP51,LINJ_01_0270,LINJ_01_0490,LINJ_01_0510,LINJ_01_0540,LINJ_02_0100,LINJ_02_0230,LINJ_02_0270,LINJ_02_0330,LINJ_02_0360,LINJ_03_0150,LINJ_03_0190,LINJ_03_0200,LINJ_03_0220,LINJ_03_0790,LINJ_03_0870,LINJ_04_0030,LINJ_04_0430,LINJ_04_0680,LINJ_04_1170,TRYR,LINJ_05_0550,LINJ_06_0030,LINJ_06_0140,LINJ_07_0410,LINJ_07_0510,LINJ_07_0790,LINJ_07_1000,LINJ_07_1030,LINJ_07_1210,LINJ_09_0100,LINJ_09_0270,LINJ_09_0900,LINJ_09_0970,LINJ_09_1280,LINJ_10_0090,LINJ_10_0200,MPK3,LINJ_10_0830,Rab11,LINJ_10_1250,LINJ_10_1260,LINJ_11_0040,LINJ_11_0060,LINJ_11_0110,LINJ_11_0600,LINJ.12.0003,LINJ_13_0170,LINJ_13_0220,LINJ_13_0650,LINJ_13_0990,LINJ_13_1060,LINJ_13_1500,LINJ_13_1580,LINJ_14_0020,LINJ_14_0140,LINJ_14_0580,LINJ_14_0820,LINJ_15_0520,TOP2,LINJ_15_1540,LINJ_15_1550,LINJ_15_1630,LINJ_16_0070,LINJ_16_0590,LINJ_16_0640,LINJ_16_0730,CRK,LINJ_16_1430,LINJ_17_0070,LINJ_17_0550,GMPR,LINJ_18_0150,GSK3,LINJ_18_0650,PKAC1,PDEA,LINJ_18_1110,LINJ_18_1140,LINJ_19_0540,MPK4,NOS,LINJ_19_1590,LINJ_20_0020,LINJ_20_0820,LINJ_20_1140,LINJ_20_1450,LINJ_20_1580,LINJ_21_0740,LINJ_21_0210,LINJ_21_1990,LINJ_21_2200,LINJ_21_0960,LINJ_22_0440,LINJ_22_0480,LINJ_22_0490,LINJ_22_0630,LINJ_22_0990,LINJ_22_1260,LINJ_23_0580,LINJ_24_0680,LINJ_24_1500,LINJ_24_1970,LINJ_24_2090,LINJ_24_2220,LINJ_24_2350,LINJ_25_0440,LINJ_25_0540,LINJ_25_0960,LINJ_25_1360,LINJ_25_1460,LINJ_25_1580,LINJ_25_2070,LINJ_26_0300,CYC8,LINJ_26_0590,LINJ_26_0630,LINJ_26_2460,LINJ_26_2540,LINJ_27_0090,LINJ_27_0370,LINJ_27_0920,LINJ_27_0940,LINJ_27_1140,LINJ_27_1150,LINJ_27_1170,LINJ_27_1860,AKR,LINJ_27_2390,LINJ_28_0110,LINJ_28_0170,LMAIRK,RAD51,LINJ_28_0860,LINJ_28_1350,LDK,LINJ_28_2440,LINJ_28_2450,LINJ_29_0770,LINJ_29_1550,ABCH2,GCVL-1,LINJ_29_2350,LINJ_29_2410,LINJ_29_2600,VPS4,LINJ_29_2830,LINJ_29_2940,LINJ_30_0970,LINJ_30_1070,LINJ_30_1460,LINJ_30_1700,LINJ_30_1710,LINJ_30_1780,LINJ_30_2830,LINJ_30_2920,LINJ_30_2930,LINJ_30_3430,LINJ_30_3530,LINJ_30_3610,LINJ_31_0560,ABCC4,LINJ_31_3080,LINJ_31_3260,LINJ_32_0050,NMT,LINJ_32_0730,LINJ_32_0520,LINJ_32_1310,LINJ_32_1520,LINJ_32_1940,LINJ_32_2160,LINJ_32_3060,LINJ_32_3240,LINJ_32_3470,GCVL-2,CYC6,MPK11,LINJ_33_1690,LINJ_33_1810,LINJ_33_2860,LINJ_33_2910,LINJ_33_3360,LINJ_34_0150,LINJ_34_1530,LINJ_34_1840,LINJ_34_2500,LINJ_34_3300,LINJ_34_1900,LINJ_35_1030,LINJ_35_1240,LINJ_35_1270,LINJ_35_1310,MCA5,LINJ_35_1720,LINJ_35_2600,DMC1,PABP1,LINJ_36_5580,LINJ_36_2850,CRK3,LINJ_36_4020,LINJ_36_3570,LINJ_36_1730,LINJ_36_1840,LINJ_36_2130,LINJ_36_5500,RPT6,LINJ_03_0520,LINJ.12.0190,LINJ.12.0610,LINJ.12.0830,LINJ_19_0150,PGKC,LINJ_21_1330,LINJ_24_0170,LINJ_24_1890,LINJ_29_1420,LINJ_31_2720,LINJ_33_2620
GO Component	GO:0005622	Intracellular anatomical structure	202	3941	0.26	0.93	1.64e-35	5671.A4HRE8,5671.A4HRH0,5671.A4HRH2,5671.A4HRH5,5671.A4HRL5,5671.A4HRM3,5671.A4HRM7,5671.A4HRN3,5671.A4HRN6,5671.A4HRS7,5671.A4HRT1,5671.A4HRT2,5671.A4HRT4,5671.A4HRW8,5671.A4HRX5,5671.A4HS39,5671.A4HS64,5671.A4HSB4,5671.A4HSF7,5671.A4HSH7,5671.A4HSP6,5671.A4HSQ5,5671.A4HT43,5671.A4HT82,5671.A4HT95,5671.A4HTB1,5671.A4HTB4,5671.A4HTD0,5671.A4HTS6,5671.A4HTU3,5671.A4HU06,5671.A4HU13,5671.A4HU44,5671.A4HUB8,5671.A4HUC8,5671.A4HUG1,5671.A4HUK3,5671.A4HUM8,5671.A4HUM9,5671.A4HUR8,5671.A4HUS3,5671.A4HUX0,5671.A4HV47,5671.A4HVF3,5671.A4HVF7,5671.A4HVN7,5671.A4HVP4,5671.A4HVS3,5671.A4HVT1,5671.A4HVU4,5671.A4HVV6,5671.A4HVZ9,5671.A4HW20,5671.A4HWE8,5671.A4HWL4,5671.A4HWP5,5671.A4HWQ5,5671.A4HWV8,5671.A4HWW3,5671.A4HWX0,5671.A4HWZ4,5671.A4HX71,5671.A4HXC3,5671.A4HXF5,5671.A4HXP1,5671.A4HXQ3,5671.A4HXU0,5671.A4HXY2,5671.A4HXY7,5671.A4HY76,5671.A4HYH4,5671.A4HYH5,5671.A4HYI5,5671.A4HYJ4,5671.A4HYS3,5671.A4HYV4,5671.A4HYY3,5671.A4HZ08,5671.A4HZ67,5671.A4HZA2,5671.A4HZI9,5671.A4HZM5,5671.A4HZT4,5671.A4HZT8,5671.A4HZT9,5671.A4HZV1,5671.A4HZY8,5671.A4I000,5671.A4I093,5671.A4I0Q5,5671.A4I0Y4,5671.A4I0Z7,5671.A4I109,5671.A4I122,5671.A4I135,5671.A4I186,5671.A4I194,5671.A4I1D4,5671.A4I1H6,5671.A4I1I6,5671.A4I1J8,5671.A4I1P7,5671.A4I1W7,5671.A4I1W9,5671.A4I1Z4,5671.A4I1Z8,5671.A4I2H1,5671.A4I2I8,5671.A4I2M3,5671.A4I2Q7,5671.A4I2Q9,5671.A4I2S5,5671.A4I2S6,5671.A4I2S8,5671.A4I302,5671.A4I342,5671.A4I345,5671.A4I384,5671.A4I390,5671.A4I3C6,5671.A4I3C9,5671.A4I3F5,5671.A4I3K3,5671.A4I3S8,5671.A4I3V8,5671.A4I3V9,5671.A4I4C7,5671.A4I4K7,5671.A4I4P1,5671.A4I4T3,5671.A4I4U4,5671.A4I4W3,5671.A4I4W4,5671.A4I4Y0,5671.A4I4Y5,5671.A4I5C2,5671.A4I5D2,5671.A4I5H1,5671.A4I5J7,5671.A4I5J8,5671.A4I5K5,5671.A4I5W0,5671.A4I5X0,5671.A4I628,5671.A4I638,5671.A4I6L1,5671.A4I7A2,5671.A4I7C0,5671.A4I7G8,5671.A4I7H1,5671.A4I7L2,5671.A4I7N3,5671.A4I7U2,5671.A4I7W3,5671.A4I800,5671.A4I825,5671.A4I8B2,5671.A4I8C9,5671.A4I8F2,5671.A4I8F6,5671.A4I8F7,5671.A4I910,5671.A4I931,5671.A4I967,5671.A4I9B2,5671.A4I9B7,5671.A4I9G2,5671.A4I9I3,5671.A4I9V5,5671.A4I9Y5,5671.A4IA43,5671.A4IAB8,5671.A4IAM7,5671.A4IAZ8,5671.A4IB20,5671.A4IB24,5671.A4IB59,5671.A4IB73,5671.A4IBG5,5671.A4IC25,5671.A4IC57,5671.A4IC77,5671.A4ICH8,5671.A4ICT0,5671.A4ID13,5671.A4ID56,5671.A4IDD6,5671.A4IDE7,5671.A4IDH4,5671.A4IDU8,5671.A4IE38,5671.E9AG43,5671.E9AGB0,5671.E9AGF3,5671.E9AGI7,5671.E9AGR8,5671.E9AGT9,5671.E9AGX7,5671.E9AH29,5671.E9AHI7,5671.E9AHL8,5671.E9AHR7	LINJ_01_0270,LINJ_01_0490,LINJ_01_0510,LINJ_01_0540,LINJ_02_0100,LINJ_02_0230,LINJ_02_0270,LINJ_02_0330,LINJ_02_0360,LINJ_03_0150,LINJ_03_0190,LINJ_03_0200,LINJ_03_0220,LINJ_03_0790,LINJ_03_0870,LINJ_04_0430,LINJ_04_0680,LINJ_04_1170,TRYR,LINJ_05_0550,LINJ_06_0030,LINJ_06_0140,LINJ_07_0410,LINJ_07_0510,LINJ_07_0790,LINJ_07_1000,LINJ_07_1030,LINJ_07_1210,LINJ_09_0100,LINJ_09_0270,LINJ_09_0900,LINJ_09_0970,LINJ_09_1280,LINJ_10_0090,LINJ_10_0200,MPK3,Rab11,LINJ_10_1250,LINJ_10_1260,LINJ_11_0060,LINJ_11_0110,LINJ_11_0600,LINJ.12.0003,LINJ_13_0170,LINJ_13_0220,LINJ_13_0990,LINJ_13_1060,LINJ_13_1500,LINJ_13_1580,LINJ_14_0020,LINJ_14_0140,LINJ_14_0580,LINJ_14_0820,LINJ_15_0520,TOP2,LINJ_15_1630,LINJ_16_0070,LINJ_16_0590,LINJ_16_0640,LINJ_16_0730,CRK,LINJ_17_0070,LINJ_17_0550,GMPR,LINJ_18_0150,GSK3,LINJ_18_0650,PKAC1,LINJ_18_1140,LINJ_19_0540,MPK4,NOS,LINJ_19_1590,LINJ_20_0020,LINJ_20_0820,LINJ_20_1140,LINJ_20_1450,LINJ_20_1580,LINJ_21_0740,LINJ_21_0210,LINJ_21_2200,LINJ_21_0960,LINJ_22_0440,LINJ_22_0480,LINJ_22_0490,LINJ_22_0630,LINJ_22_0990,LINJ_22_1260,LINJ_23_0580,LINJ_24_0680,LINJ_24_1500,LINJ_24_1970,LINJ_24_2090,LINJ_24_2220,LINJ_24_2350,LINJ_25_0440,LINJ_25_0540,LINJ_25_0960,LINJ_25_1360,LINJ_25_1460,LINJ_25_1580,LINJ_25_2070,LINJ_26_0300,CYC8,LINJ_26_0590,LINJ_26_0630,LINJ_26_2460,LINJ_26_2540,LINJ_27_0370,LINJ_27_0920,LINJ_27_0940,LINJ_27_1140,LINJ_27_1150,LINJ_27_1170,LINJ_27_1860,AKR,LINJ_27_2390,LINJ_28_0110,LINJ_28_0170,LMAIRK,RAD51,LINJ_28_0860,LINJ_28_1350,LDK,LINJ_28_2440,LINJ_28_2450,LINJ_29_0770,LINJ_29_1550,GCVL-1,LINJ_29_2350,LINJ_29_2410,LINJ_29_2600,VPS4,LINJ_29_2830,LINJ_29_2940,LINJ_30_0970,LINJ_30_1070,LINJ_30_1460,LINJ_30_1700,LINJ_30_1710,LINJ_30_1780,LINJ_30_2830,LINJ_30_2930,LINJ_30_3430,LINJ_30_3530,LINJ_31_0560,LINJ_31_3080,LINJ_31_3260,LINJ_32_0050,NMT,LINJ_32_0730,LINJ_32_0520,LINJ_32_1310,LINJ_32_1520,LINJ_32_1940,LINJ_32_2160,LINJ_32_3060,LINJ_32_3240,LINJ_32_3470,GCVL-2,CYC6,MPK11,LINJ_33_1690,LINJ_33_1810,LINJ_33_2860,LINJ_33_2910,LINJ_33_3360,LINJ_34_0150,LINJ_34_1530,LINJ_34_1840,LINJ_34_2500,LINJ_34_3300,LINJ_34_1900,LINJ_35_1030,LINJ_35_1270,LINJ_35_1310,MCA5,LINJ_35_1720,LINJ_35_2600,DMC1,PABP1,LINJ_36_5580,LINJ_36_2850,CRK3,LINJ_36_4020,LINJ_36_3570,LINJ_36_1730,LINJ_36_1840,LINJ_36_2130,LINJ_36_5500,RPT6,LINJ_03_0520,LINJ.12.0190,LINJ.12.0610,LINJ.12.0830,LINJ_19_0150,PGKC,LINJ_21_1330,LINJ_24_0170,LINJ_29_1420,LINJ_31_2720,LINJ_33_2620
GO Component	GO:0005737	Cytoplasm	160	2790	0.31	0.99	1.08e-25	5671.A4HRE8,5671.A4HRH0,5671.A4HRH2,5671.A4HRH5,5671.A4HRM3,5671.A4HRN3,5671.A4HRS7,5671.A4HRT1,5671.A4HRT2,5671.A4HRT4,5671.A4HRW8,5671.A4HS39,5671.A4HSB4,5671.A4HSF7,5671.A4HSH7,5671.A4HSQ5,5671.A4HT43,5671.A4HT95,5671.A4HTB4,5671.A4HTD0,5671.A4HTS6,5671.A4HU06,5671.A4HU13,5671.A4HU44,5671.A4HUB8,5671.A4HUC8,5671.A4HUG1,5671.A4HUK3,5671.A4HUM8,5671.A4HUR8,5671.A4HUS3,5671.A4HUX0,5671.A4HV47,5671.A4HVF7,5671.A4HVN7,5671.A4HVP4,5671.A4HVS3,5671.A4HVT1,5671.A4HVU4,5671.A4HW20,5671.A4HWE8,5671.A4HWP5,5671.A4HWQ5,5671.A4HWV8,5671.A4HWX0,5671.A4HWZ4,5671.A4HX71,5671.A4HXC3,5671.A4HXF5,5671.A4HXP1,5671.A4HXQ3,5671.A4HXU0,5671.A4HXY7,5671.A4HY76,5671.A4HYH4,5671.A4HYH5,5671.A4HYI5,5671.A4HYS3,5671.A4HYY3,5671.A4HZ08,5671.A4HZA2,5671.A4HZI9,5671.A4HZM5,5671.A4HZT4,5671.A4HZT9,5671.A4HZV1,5671.A4HZY8,5671.A4I000,5671.A4I093,5671.A4I0Q5,5671.A4I0Y4,5671.A4I0Z7,5671.A4I109,5671.A4I194,5671.A4I1H6,5671.A4I1J8,5671.A4I1P7,5671.A4I1W7,5671.A4I1W9,5671.A4I1Z4,5671.A4I1Z8,5671.A4I2H1,5671.A4I2I8,5671.A4I2M3,5671.A4I2Q9,5671.A4I2S5,5671.A4I2S6,5671.A4I2S8,5671.A4I342,5671.A4I345,5671.A4I384,5671.A4I390,5671.A4I3C6,5671.A4I3F5,5671.A4I3K3,5671.A4I3S8,5671.A4I4C7,5671.A4I4K7,5671.A4I4P1,5671.A4I4T3,5671.A4I4U4,5671.A4I4W3,5671.A4I4W4,5671.A4I5C2,5671.A4I5D2,5671.A4I5J7,5671.A4I5J8,5671.A4I5K5,5671.A4I5W0,5671.A4I5X0,5671.A4I628,5671.A4I638,5671.A4I6L1,5671.A4I7A2,5671.A4I7G8,5671.A4I7H1,5671.A4I7N3,5671.A4I7U2,5671.A4I800,5671.A4I825,5671.A4I8B2,5671.A4I8C9,5671.A4I8F2,5671.A4I8F6,5671.A4I8F7,5671.A4I910,5671.A4I931,5671.A4I967,5671.A4I9B2,5671.A4I9G2,5671.A4I9I3,5671.A4I9V5,5671.A4I9Y5,5671.A4IA43,5671.A4IAB8,5671.A4IAM7,5671.A4IAZ8,5671.A4IB20,5671.A4IB59,5671.A4IB73,5671.A4IBG5,5671.A4IC57,5671.A4IC77,5671.A4ICH8,5671.A4ICT0,5671.A4ID13,5671.A4IDD6,5671.A4IDE7,5671.A4IDH4,5671.A4IE38,5671.E9AG43,5671.E9AGB0,5671.E9AGF3,5671.E9AGI7,5671.E9AGR8,5671.E9AGT9,5671.E9AGX7,5671.E9AH29,5671.E9AHI7,5671.E9AHL8	LINJ_01_0270,LINJ_01_0490,LINJ_01_0510,LINJ_01_0540,LINJ_02_0230,LINJ_02_0330,LINJ_03_0150,LINJ_03_0190,LINJ_03_0200,LINJ_03_0220,LINJ_03_0790,LINJ_04_0430,LINJ_04_1170,TRYR,LINJ_05_0550,LINJ_06_0140,LINJ_07_0410,LINJ_07_0790,LINJ_07_1030,LINJ_07_1210,LINJ_09_0100,LINJ_09_0900,LINJ_09_0970,LINJ_09_1280,LINJ_10_0090,LINJ_10_0200,MPK3,Rab11,LINJ_10_1250,LINJ_11_0060,LINJ_11_0110,LINJ_11_0600,LINJ.12.0003,LINJ_13_0220,LINJ_13_0990,LINJ_13_1060,LINJ_13_1500,LINJ_13_1580,LINJ_14_0020,LINJ_14_0820,LINJ_15_0520,LINJ_15_1630,LINJ_16_0070,LINJ_16_0590,LINJ_16_0730,CRK,LINJ_17_0070,LINJ_17_0550,GMPR,LINJ_18_0150,GSK3,LINJ_18_0650,LINJ_18_1140,LINJ_19_0540,MPK4,NOS,LINJ_19_1590,LINJ_20_0820,LINJ_20_1450,LINJ_20_1580,LINJ_21_0210,LINJ_21_2200,LINJ_21_0960,LINJ_22_0440,LINJ_22_0490,LINJ_22_0630,LINJ_22_0990,LINJ_22_1260,LINJ_23_0580,LINJ_24_0680,LINJ_24_1500,LINJ_24_1970,LINJ_24_2090,LINJ_25_0540,LINJ_25_1360,LINJ_25_1580,LINJ_25_2070,LINJ_26_0300,CYC8,LINJ_26_0590,LINJ_26_0630,LINJ_26_2460,LINJ_26_2540,LINJ_27_0370,LINJ_27_0940,LINJ_27_1140,LINJ_27_1150,LINJ_27_1170,AKR,LINJ_27_2390,LINJ_28_0110,LINJ_28_0170,LMAIRK,LINJ_28_0860,LINJ_28_1350,LDK,LINJ_29_0770,LINJ_29_1550,GCVL-1,LINJ_29_2350,LINJ_29_2410,LINJ_29_2600,VPS4,LINJ_30_0970,LINJ_30_1070,LINJ_30_1700,LINJ_30_1710,LINJ_30_1780,LINJ_30_2830,LINJ_30_2930,LINJ_30_3430,LINJ_30_3530,LINJ_31_0560,LINJ_31_3080,LINJ_32_0050,NMT,LINJ_32_0520,LINJ_32_1310,LINJ_32_1940,LINJ_32_2160,LINJ_32_3060,LINJ_32_3240,LINJ_32_3470,GCVL-2,CYC6,MPK11,LINJ_33_1690,LINJ_33_1810,LINJ_33_2860,LINJ_33_3360,LINJ_34_0150,LINJ_34_1530,LINJ_34_1840,LINJ_34_2500,LINJ_34_3300,LINJ_34_1900,LINJ_35_1030,LINJ_35_1270,MCA5,LINJ_35_1720,LINJ_35_2600,PABP1,LINJ_36_5580,LINJ_36_2850,CRK3,LINJ_36_4020,LINJ_36_1730,LINJ_36_1840,LINJ_36_2130,RPT6,LINJ_03_0520,LINJ.12.0190,LINJ.12.0610,LINJ.12.0830,LINJ_19_0150,PGKC,LINJ_21_1330,LINJ_24_0170,LINJ_29_1420,LINJ_31_2720
GO Component	GO:0043226	Organelle	164	2984	0.29	0.95	8.33e-25	5671.A4HRH0,5671.A4HRH2,5671.A4HRH5,5671.A4HRL5,5671.A4HRM3,5671.A4HRM7,5671.A4HRN3,5671.A4HRN6,5671.A4HRT1,5671.A4HRT2,5671.A4HRT4,5671.A4HRX5,5671.A4HS64,5671.A4HSF7,5671.A4HSH7,5671.A4HSQ5,5671.A4HT43,5671.A4HT82,5671.A4HT95,5671.A4HTB1,5671.A4HTB4,5671.A4HTD0,5671.A4HTS6,5671.A4HTU3,5671.A4HU06,5671.A4HU13,5671.A4HU44,5671.A4HUC8,5671.A4HUG1,5671.A4HUJ0,5671.A4HUK3,5671.A4HUM9,5671.A4HUS3,5671.A4HUX0,5671.A4HV47,5671.A4HVF3,5671.A4HVF7,5671.A4HVN7,5671.A4HVP4,5671.A4HVT1,5671.A4HVV6,5671.A4HVZ9,5671.A4HW20,5671.A4HWE8,5671.A4HWL4,5671.A4HWQ5,5671.A4HWW3,5671.A4HWX0,5671.A4HWZ4,5671.A4HX71,5671.A4HXF5,5671.A4HXP1,5671.A4HXQ3,5671.A4HXU0,5671.A4HXY2,5671.A4HXY7,5671.A4HYH4,5671.A4HYH5,5671.A4HYJ4,5671.A4HYS3,5671.A4HYV4,5671.A4HYY3,5671.A4HZ08,5671.A4HZ67,5671.A4HZA2,5671.A4HZI9,5671.A4HZT4,5671.A4HZT8,5671.A4HZT9,5671.A4HZV1,5671.A4HZY8,5671.A4I000,5671.A4I093,5671.A4I0Q5,5671.A4I0Z7,5671.A4I109,5671.A4I122,5671.A4I135,5671.A4I186,5671.A4I194,5671.A4I1D4,5671.A4I1H6,5671.A4I1I6,5671.A4I1J8,5671.A4I1W9,5671.A4I1Z4,5671.A4I1Z8,5671.A4I2H1,5671.A4I2I8,5671.A4I2M3,5671.A4I2Q7,5671.A4I2Q9,5671.A4I2S5,5671.A4I2S8,5671.A4I302,5671.A4I345,5671.A4I384,5671.A4I3C6,5671.A4I3C9,5671.A4I3F5,5671.A4I3K3,5671.A4I3S8,5671.A4I3V8,5671.A4I3V9,5671.A4I4C7,5671.A4I4P1,5671.A4I4U4,5671.A4I4W4,5671.A4I4Y0,5671.A4I4Y5,5671.A4I5C2,5671.A4I5J7,5671.A4I5K5,5671.A4I5W0,5671.A4I5X0,5671.A4I638,5671.A4I6L1,5671.A4I7A2,5671.A4I7C0,5671.A4I7G8,5671.A4I7L2,5671.A4I7N3,5671.A4I7U2,5671.A4I7W3,5671.A4I800,5671.A4I825,5671.A4I8B2,5671.A4I8F6,5671.A4I8F7,5671.A4I910,5671.A4I931,5671.A4I967,5671.A4I9B2,5671.A4I9B7,5671.A4I9G2,5671.A4I9I3,5671.A4IA43,5671.A4IAB8,5671.A4IAM7,5671.A4IAZ8,5671.A4IB20,5671.A4IB24,5671.A4IB59,5671.A4IB73,5671.A4IBG5,5671.A4IC25,5671.A4IC57,5671.A4IC77,5671.A4ICH8,5671.A4ICT0,5671.A4ID13,5671.A4IDD6,5671.A4IDE7,5671.A4IDH4,5671.A4IDU8,5671.A4IE38,5671.E9AG43,5671.E9AGB0,5671.E9AGF3,5671.E9AGR8,5671.E9AH29,5671.E9AHI7,5671.E9AHL8,5671.E9AHR7	LINJ_01_0490,LINJ_01_0510,LINJ_01_0540,LINJ_02_0100,LINJ_02_0230,LINJ_02_0270,LINJ_02_0330,LINJ_02_0360,LINJ_03_0190,LINJ_03_0200,LINJ_03_0220,LINJ_03_0870,LINJ_04_0680,TRYR,LINJ_05_0550,LINJ_06_0140,LINJ_07_0410,LINJ_07_0510,LINJ_07_0790,LINJ_07_1000,LINJ_07_1030,LINJ_07_1210,LINJ_09_0100,LINJ_09_0270,LINJ_09_0900,LINJ_09_0970,LINJ_09_1280,LINJ_10_0200,MPK3,LINJ_10_0830,Rab11,LINJ_10_1260,LINJ_11_0110,LINJ_11_0600,LINJ.12.0003,LINJ_13_0170,LINJ_13_0220,LINJ_13_0990,LINJ_13_1060,LINJ_13_1580,LINJ_14_0140,LINJ_14_0580,LINJ_14_0820,LINJ_15_0520,TOP2,LINJ_16_0070,LINJ_16_0640,LINJ_16_0730,CRK,LINJ_17_0070,GMPR,LINJ_18_0150,GSK3,LINJ_18_0650,PKAC1,LINJ_18_1140,MPK4,NOS,LINJ_20_0020,LINJ_20_0820,LINJ_20_1140,LINJ_20_1450,LINJ_20_1580,LINJ_21_0740,LINJ_21_0210,LINJ_21_2200,LINJ_22_0440,LINJ_22_0480,LINJ_22_0490,LINJ_22_0630,LINJ_22_0990,LINJ_22_1260,LINJ_23_0580,LINJ_24_0680,LINJ_24_1970,LINJ_24_2090,LINJ_24_2220,LINJ_24_2350,LINJ_25_0440,LINJ_25_0540,LINJ_25_0960,LINJ_25_1360,LINJ_25_1460,LINJ_25_1580,CYC8,LINJ_26_0590,LINJ_26_0630,LINJ_26_2460,LINJ_26_2540,LINJ_27_0370,LINJ_27_0920,LINJ_27_0940,LINJ_27_1140,LINJ_27_1170,LINJ_27_1860,LINJ_27_2390,LINJ_28_0110,LMAIRK,RAD51,LINJ_28_0860,LINJ_28_1350,LDK,LINJ_28_2440,LINJ_28_2450,LINJ_29_0770,GCVL-1,LINJ_29_2410,VPS4,LINJ_29_2830,LINJ_29_2940,LINJ_30_0970,LINJ_30_1700,LINJ_30_1780,LINJ_30_2830,LINJ_30_2930,LINJ_30_3530,LINJ_31_0560,LINJ_31_3080,LINJ_31_3260,LINJ_32_0050,LINJ_32_0730,LINJ_32_0520,LINJ_32_1310,LINJ_32_1520,LINJ_32_1940,LINJ_32_2160,LINJ_32_3060,GCVL-2,CYC6,MPK11,LINJ_33_1690,LINJ_33_1810,LINJ_33_2860,LINJ_33_2910,LINJ_33_3360,LINJ_34_0150,LINJ_34_2500,LINJ_34_3300,LINJ_34_1900,LINJ_35_1030,LINJ_35_1270,LINJ_35_1310,MCA5,LINJ_35_1720,LINJ_35_2600,DMC1,PABP1,LINJ_36_5580,LINJ_36_2850,CRK3,LINJ_36_4020,LINJ_36_1730,LINJ_36_1840,LINJ_36_2130,LINJ_36_5500,RPT6,LINJ_03_0520,LINJ.12.0190,LINJ.12.0610,LINJ_19_0150,LINJ_24_0170,LINJ_29_1420,LINJ_31_2720,LINJ_33_2620
GO Component	GO:0043229	Intracellular organelle	161	2885	0.3	0.96	8.66e-25	5671.A4HRH0,5671.A4HRH2,5671.A4HRH5,5671.A4HRL5,5671.A4HRM3,5671.A4HRM7,5671.A4HRN3,5671.A4HRN6,5671.A4HRT1,5671.A4HRT2,5671.A4HRT4,5671.A4HRX5,5671.A4HS64,5671.A4HSF7,5671.A4HSH7,5671.A4HSQ5,5671.A4HT43,5671.A4HT82,5671.A4HT95,5671.A4HTB1,5671.A4HTB4,5671.A4HTD0,5671.A4HTS6,5671.A4HTU3,5671.A4HU06,5671.A4HU13,5671.A4HU44,5671.A4HUC8,5671.A4HUG1,5671.A4HUK3,5671.A4HUM9,5671.A4HUS3,5671.A4HUX0,5671.A4HV47,5671.A4HVF3,5671.A4HVF7,5671.A4HVN7,5671.A4HVP4,5671.A4HVT1,5671.A4HVV6,5671.A4HVZ9,5671.A4HW20,5671.A4HWE8,5671.A4HWL4,5671.A4HWQ5,5671.A4HWW3,5671.A4HWX0,5671.A4HWZ4,5671.A4HX71,5671.A4HXF5,5671.A4HXP1,5671.A4HXQ3,5671.A4HXU0,5671.A4HXY2,5671.A4HXY7,5671.A4HYH4,5671.A4HYH5,5671.A4HYJ4,5671.A4HYS3,5671.A4HYV4,5671.A4HYY3,5671.A4HZ08,5671.A4HZ67,5671.A4HZA2,5671.A4HZI9,5671.A4HZT4,5671.A4HZT8,5671.A4HZT9,5671.A4HZV1,5671.A4HZY8,5671.A4I000,5671.A4I093,5671.A4I0Q5,5671.A4I0Z7,5671.A4I109,5671.A4I122,5671.A4I135,5671.A4I186,5671.A4I194,5671.A4I1H6,5671.A4I1I6,5671.A4I1J8,5671.A4I1W9,5671.A4I1Z4,5671.A4I1Z8,5671.A4I2H1,5671.A4I2I8,5671.A4I2M3,5671.A4I2Q7,5671.A4I2Q9,5671.A4I2S5,5671.A4I2S8,5671.A4I302,5671.A4I384,5671.A4I3C6,5671.A4I3C9,5671.A4I3F5,5671.A4I3K3,5671.A4I3S8,5671.A4I3V8,5671.A4I3V9,5671.A4I4C7,5671.A4I4P1,5671.A4I4U4,5671.A4I4W4,5671.A4I4Y0,5671.A4I4Y5,5671.A4I5C2,5671.A4I5J7,5671.A4I5K5,5671.A4I5W0,5671.A4I5X0,5671.A4I638,5671.A4I6L1,5671.A4I7A2,5671.A4I7C0,5671.A4I7G8,5671.A4I7L2,5671.A4I7N3,5671.A4I7U2,5671.A4I7W3,5671.A4I800,5671.A4I825,5671.A4I8B2,5671.A4I8F6,5671.A4I8F7,5671.A4I910,5671.A4I931,5671.A4I967,5671.A4I9B2,5671.A4I9B7,5671.A4I9G2,5671.A4I9I3,5671.A4IA43,5671.A4IAB8,5671.A4IAM7,5671.A4IAZ8,5671.A4IB20,5671.A4IB24,5671.A4IB59,5671.A4IB73,5671.A4IBG5,5671.A4IC25,5671.A4IC57,5671.A4IC77,5671.A4ICH8,5671.A4ICT0,5671.A4ID13,5671.A4IDD6,5671.A4IDE7,5671.A4IDH4,5671.A4IDU8,5671.A4IE38,5671.E9AG43,5671.E9AGB0,5671.E9AGF3,5671.E9AGR8,5671.E9AH29,5671.E9AHI7,5671.E9AHL8,5671.E9AHR7	LINJ_01_0490,LINJ_01_0510,LINJ_01_0540,LINJ_02_0100,LINJ_02_0230,LINJ_02_0270,LINJ_02_0330,LINJ_02_0360,LINJ_03_0190,LINJ_03_0200,LINJ_03_0220,LINJ_03_0870,LINJ_04_0680,TRYR,LINJ_05_0550,LINJ_06_0140,LINJ_07_0410,LINJ_07_0510,LINJ_07_0790,LINJ_07_1000,LINJ_07_1030,LINJ_07_1210,LINJ_09_0100,LINJ_09_0270,LINJ_09_0900,LINJ_09_0970,LINJ_09_1280,LINJ_10_0200,MPK3,Rab11,LINJ_10_1260,LINJ_11_0110,LINJ_11_0600,LINJ.12.0003,LINJ_13_0170,LINJ_13_0220,LINJ_13_0990,LINJ_13_1060,LINJ_13_1580,LINJ_14_0140,LINJ_14_0580,LINJ_14_0820,LINJ_15_0520,TOP2,LINJ_16_0070,LINJ_16_0640,LINJ_16_0730,CRK,LINJ_17_0070,GMPR,LINJ_18_0150,GSK3,LINJ_18_0650,PKAC1,LINJ_18_1140,MPK4,NOS,LINJ_20_0020,LINJ_20_0820,LINJ_20_1140,LINJ_20_1450,LINJ_20_1580,LINJ_21_0740,LINJ_21_0210,LINJ_21_2200,LINJ_22_0440,LINJ_22_0480,LINJ_22_0490,LINJ_22_0630,LINJ_22_0990,LINJ_22_1260,LINJ_23_0580,LINJ_24_0680,LINJ_24_1970,LINJ_24_2090,LINJ_24_2220,LINJ_24_2350,LINJ_25_0440,LINJ_25_0540,LINJ_25_1360,LINJ_25_1460,LINJ_25_1580,CYC8,LINJ_26_0590,LINJ_26_0630,LINJ_26_2460,LINJ_26_2540,LINJ_27_0370,LINJ_27_0920,LINJ_27_0940,LINJ_27_1140,LINJ_27_1170,LINJ_27_1860,LINJ_28_0110,LMAIRK,RAD51,LINJ_28_0860,LINJ_28_1350,LDK,LINJ_28_2440,LINJ_28_2450,LINJ_29_0770,GCVL-1,LINJ_29_2410,VPS4,LINJ_29_2830,LINJ_29_2940,LINJ_30_0970,LINJ_30_1700,LINJ_30_1780,LINJ_30_2830,LINJ_30_2930,LINJ_30_3530,LINJ_31_0560,LINJ_31_3080,LINJ_31_3260,LINJ_32_0050,LINJ_32_0730,LINJ_32_0520,LINJ_32_1310,LINJ_32_1520,LINJ_32_1940,LINJ_32_2160,LINJ_32_3060,GCVL-2,CYC6,MPK11,LINJ_33_1690,LINJ_33_1810,LINJ_33_2860,LINJ_33_2910,LINJ_33_3360,LINJ_34_0150,LINJ_34_2500,LINJ_34_3300,LINJ_34_1900,LINJ_35_1030,LINJ_35_1270,LINJ_35_1310,MCA5,LINJ_35_1720,LINJ_35_2600,DMC1,PABP1,LINJ_36_5580,LINJ_36_2850,CRK3,LINJ_36_4020,LINJ_36_1730,LINJ_36_1840,LINJ_36_2130,LINJ_36_5500,RPT6,LINJ_03_0520,LINJ.12.0190,LINJ.12.0610,LINJ_19_0150,LINJ_24_0170,LINJ_29_1420,LINJ_31_2720,LINJ_33_2620
GO Component	GO:0043227	Membrane-bounded organelle	147	2508	0.32	0.99	3.40e-23	5671.A4HRH0,5671.A4HRH2,5671.A4HRH5,5671.A4HRL5,5671.A4HRM3,5671.A4HRM7,5671.A4HRN3,5671.A4HRN6,5671.A4HRT1,5671.A4HRT2,5671.A4HRT4,5671.A4HRX5,5671.A4HS64,5671.A4HSF7,5671.A4HSH7,5671.A4HSQ5,5671.A4HT82,5671.A4HTB1,5671.A4HTB4,5671.A4HTD0,5671.A4HTS6,5671.A4HTU3,5671.A4HU06,5671.A4HUC8,5671.A4HUG1,5671.A4HUJ0,5671.A4HUK3,5671.A4HUS3,5671.A4HUX0,5671.A4HV47,5671.A4HVF3,5671.A4HVF7,5671.A4HVN7,5671.A4HVV6,5671.A4HVZ9,5671.A4HW20,5671.A4HWL4,5671.A4HWQ5,5671.A4HWW3,5671.A4HWX0,5671.A4HWZ4,5671.A4HX71,5671.A4HXF5,5671.A4HXP1,5671.A4HXQ3,5671.A4HXU0,5671.A4HXY2,5671.A4HXY7,5671.A4HYH4,5671.A4HYH5,5671.A4HYJ4,5671.A4HYS3,5671.A4HYV4,5671.A4HYY3,5671.A4HZ08,5671.A4HZ67,5671.A4HZA2,5671.A4HZI9,5671.A4HZT4,5671.A4HZT9,5671.A4HZV1,5671.A4HZY8,5671.A4I093,5671.A4I0Q5,5671.A4I0Z7,5671.A4I109,5671.A4I122,5671.A4I135,5671.A4I186,5671.A4I194,5671.A4I1H6,5671.A4I1I6,5671.A4I1J8,5671.A4I1W9,5671.A4I1Z4,5671.A4I1Z8,5671.A4I2H1,5671.A4I2Q7,5671.A4I2Q9,5671.A4I2S5,5671.A4I2S8,5671.A4I302,5671.A4I345,5671.A4I384,5671.A4I3C6,5671.A4I3C9,5671.A4I3K3,5671.A4I3S8,5671.A4I3V8,5671.A4I3V9,5671.A4I4C7,5671.A4I4P1,5671.A4I4U4,5671.A4I4W4,5671.A4I4Y0,5671.A4I4Y5,5671.A4I5C2,5671.A4I5J7,5671.A4I5K5,5671.A4I5W0,5671.A4I5X0,5671.A4I638,5671.A4I6L1,5671.A4I7A2,5671.A4I7C0,5671.A4I7G8,5671.A4I7L2,5671.A4I7N3,5671.A4I7U2,5671.A4I7W3,5671.A4I800,5671.A4I825,5671.A4I8B2,5671.A4I8F6,5671.A4I8F7,5671.A4I910,5671.A4I931,5671.A4I967,5671.A4I9B2,5671.A4I9B7,5671.A4I9G2,5671.A4I9I3,5671.A4IA43,5671.A4IAB8,5671.A4IAM7,5671.A4IAZ8,5671.A4IB20,5671.A4IB24,5671.A4IB59,5671.A4IB73,5671.A4IBG5,5671.A4IC25,5671.A4IC57,5671.A4ICH8,5671.A4ICT0,5671.A4IDD6,5671.A4IDE7,5671.A4IDH4,5671.A4IDU8,5671.A4IE38,5671.E9AG43,5671.E9AGB0,5671.E9AGF3,5671.E9AGR8,5671.E9AHI7,5671.E9AHL8,5671.E9AHR7	LINJ_01_0490,LINJ_01_0510,LINJ_01_0540,LINJ_02_0100,LINJ_02_0230,LINJ_02_0270,LINJ_02_0330,LINJ_02_0360,LINJ_03_0190,LINJ_03_0200,LINJ_03_0220,LINJ_03_0870,LINJ_04_0680,TRYR,LINJ_05_0550,LINJ_06_0140,LINJ_07_0510,LINJ_07_1000,LINJ_07_1030,LINJ_07_1210,LINJ_09_0100,LINJ_09_0270,LINJ_09_0900,LINJ_10_0200,MPK3,LINJ_10_0830,Rab11,LINJ_11_0110,LINJ_11_0600,LINJ.12.0003,LINJ_13_0170,LINJ_13_0220,LINJ_13_0990,LINJ_14_0140,LINJ_14_0580,LINJ_14_0820,TOP2,LINJ_16_0070,LINJ_16_0640,LINJ_16_0730,CRK,LINJ_17_0070,GMPR,LINJ_18_0150,GSK3,LINJ_18_0650,PKAC1,LINJ_18_1140,MPK4,NOS,LINJ_20_0020,LINJ_20_0820,LINJ_20_1140,LINJ_20_1450,LINJ_20_1580,LINJ_21_0740,LINJ_21_0210,LINJ_21_2200,LINJ_22_0440,LINJ_22_0490,LINJ_22_0630,LINJ_22_0990,LINJ_23_0580,LINJ_24_0680,LINJ_24_1970,LINJ_24_2090,LINJ_24_2220,LINJ_24_2350,LINJ_25_0440,LINJ_25_0540,LINJ_25_1360,LINJ_25_1460,LINJ_25_1580,CYC8,LINJ_26_0590,LINJ_26_0630,LINJ_26_2460,LINJ_27_0920,LINJ_27_0940,LINJ_27_1140,LINJ_27_1170,LINJ_27_1860,LINJ_27_2390,LINJ_28_0110,LMAIRK,RAD51,LINJ_28_1350,LDK,LINJ_28_2440,LINJ_28_2450,LINJ_29_0770,GCVL-1,LINJ_29_2410,VPS4,LINJ_29_2830,LINJ_29_2940,LINJ_30_0970,LINJ_30_1700,LINJ_30_1780,LINJ_30_2830,LINJ_30_2930,LINJ_30_3530,LINJ_31_0560,LINJ_31_3080,LINJ_31_3260,LINJ_32_0050,LINJ_32_0730,LINJ_32_0520,LINJ_32_1310,LINJ_32_1520,LINJ_32_1940,LINJ_32_2160,LINJ_32_3060,GCVL-2,CYC6,MPK11,LINJ_33_1690,LINJ_33_1810,LINJ_33_2860,LINJ_33_2910,LINJ_33_3360,LINJ_34_0150,LINJ_34_2500,LINJ_34_3300,LINJ_34_1900,LINJ_35_1030,LINJ_35_1270,LINJ_35_1310,MCA5,LINJ_35_1720,LINJ_35_2600,DMC1,PABP1,LINJ_36_2850,CRK3,LINJ_36_1730,LINJ_36_1840,LINJ_36_2130,LINJ_36_5500,RPT6,LINJ_03_0520,LINJ.12.0190,LINJ.12.0610,LINJ_19_0150,LINJ_29_1420,LINJ_31_2720,LINJ_33_2620
GO Component	GO:0043231	Intracellular membrane-bounded organelle	140	2378	0.32	0.98	1.48e-21	5671.A4HRH0,5671.A4HRH2,5671.A4HRH5,5671.A4HRL5,5671.A4HRM3,5671.A4HRM7,5671.A4HRN3,5671.A4HRN6,5671.A4HRT1,5671.A4HRT2,5671.A4HRT4,5671.A4HRX5,5671.A4HS64,5671.A4HSF7,5671.A4HSH7,5671.A4HSQ5,5671.A4HT82,5671.A4HTB1,5671.A4HTD0,5671.A4HTS6,5671.A4HTU3,5671.A4HU06,5671.A4HUC8,5671.A4HUG1,5671.A4HUK3,5671.A4HUS3,5671.A4HUX0,5671.A4HV47,5671.A4HVF3,5671.A4HVF7,5671.A4HVN7,5671.A4HVV6,5671.A4HVZ9,5671.A4HW20,5671.A4HWL4,5671.A4HWQ5,5671.A4HWW3,5671.A4HWX0,5671.A4HWZ4,5671.A4HX71,5671.A4HXF5,5671.A4HXP1,5671.A4HXQ3,5671.A4HXY2,5671.A4HXY7,5671.A4HYH4,5671.A4HYH5,5671.A4HYJ4,5671.A4HYS3,5671.A4HYV4,5671.A4HYY3,5671.A4HZ08,5671.A4HZ67,5671.A4HZA2,5671.A4HZI9,5671.A4HZT4,5671.A4HZT9,5671.A4I093,5671.A4I0Q5,5671.A4I0Z7,5671.A4I109,5671.A4I122,5671.A4I135,5671.A4I186,5671.A4I194,5671.A4I1H6,5671.A4I1I6,5671.A4I1J8,5671.A4I1W9,5671.A4I1Z4,5671.A4I1Z8,5671.A4I2H1,5671.A4I2Q7,5671.A4I2Q9,5671.A4I2S5,5671.A4I2S8,5671.A4I302,5671.A4I384,5671.A4I3C6,5671.A4I3C9,5671.A4I3K3,5671.A4I3S8,5671.A4I3V8,5671.A4I3V9,5671.A4I4C7,5671.A4I4P1,5671.A4I4U4,5671.A4I4W4,5671.A4I4Y0,5671.A4I4Y5,5671.A4I5C2,5671.A4I5J7,5671.A4I5K5,5671.A4I5W0,5671.A4I5X0,5671.A4I638,5671.A4I6L1,5671.A4I7A2,5671.A4I7C0,5671.A4I7G8,5671.A4I7L2,5671.A4I7N3,5671.A4I7U2,5671.A4I7W3,5671.A4I800,5671.A4I825,5671.A4I8B2,5671.A4I8F6,5671.A4I8F7,5671.A4I910,5671.A4I931,5671.A4I9B2,5671.A4I9B7,5671.A4I9G2,5671.A4I9I3,5671.A4IA43,5671.A4IAB8,5671.A4IAM7,5671.A4IAZ8,5671.A4IB20,5671.A4IB24,5671.A4IB59,5671.A4IB73,5671.A4IBG5,5671.A4IC25,5671.A4IC57,5671.A4ICH8,5671.A4ICT0,5671.A4IDD6,5671.A4IDE7,5671.A4IDH4,5671.A4IDU8,5671.A4IE38,5671.E9AG43,5671.E9AGB0,5671.E9AGF3,5671.E9AGR8,5671.E9AHI7,5671.E9AHL8,5671.E9AHR7	LINJ_01_0490,LINJ_01_0510,LINJ_01_0540,LINJ_02_0100,LINJ_02_0230,LINJ_02_0270,LINJ_02_0330,LINJ_02_0360,LINJ_03_0190,LINJ_03_0200,LINJ_03_0220,LINJ_03_0870,LINJ_04_0680,TRYR,LINJ_05_0550,LINJ_06_0140,LINJ_07_0510,LINJ_07_1000,LINJ_07_1210,LINJ_09_0100,LINJ_09_0270,LINJ_09_0900,LINJ_10_0200,MPK3,Rab11,LINJ_11_0110,LINJ_11_0600,LINJ.12.0003,LINJ_13_0170,LINJ_13_0220,LINJ_13_0990,LINJ_14_0140,LINJ_14_0580,LINJ_14_0820,TOP2,LINJ_16_0070,LINJ_16_0640,LINJ_16_0730,CRK,LINJ_17_0070,GMPR,LINJ_18_0150,GSK3,PKAC1,LINJ_18_1140,MPK4,NOS,LINJ_20_0020,LINJ_20_0820,LINJ_20_1140,LINJ_20_1450,LINJ_20_1580,LINJ_21_0740,LINJ_21_0210,LINJ_21_2200,LINJ_22_0440,LINJ_22_0490,LINJ_23_0580,LINJ_24_0680,LINJ_24_1970,LINJ_24_2090,LINJ_24_2220,LINJ_24_2350,LINJ_25_0440,LINJ_25_0540,LINJ_25_1360,LINJ_25_1460,LINJ_25_1580,CYC8,LINJ_26_0590,LINJ_26_0630,LINJ_26_2460,LINJ_27_0920,LINJ_27_0940,LINJ_27_1140,LINJ_27_1170,LINJ_27_1860,LINJ_28_0110,LMAIRK,RAD51,LINJ_28_1350,LDK,LINJ_28_2440,LINJ_28_2450,LINJ_29_0770,GCVL-1,LINJ_29_2410,VPS4,LINJ_29_2830,LINJ_29_2940,LINJ_30_0970,LINJ_30_1700,LINJ_30_1780,LINJ_30_2830,LINJ_30_2930,LINJ_30_3530,LINJ_31_0560,LINJ_31_3080,LINJ_31_3260,LINJ_32_0050,LINJ_32_0730,LINJ_32_0520,LINJ_32_1310,LINJ_32_1520,LINJ_32_1940,LINJ_32_2160,LINJ_32_3060,GCVL-2,CYC6,MPK11,LINJ_33_1690,LINJ_33_2860,LINJ_33_2910,LINJ_33_3360,LINJ_34_0150,LINJ_34_2500,LINJ_34_3300,LINJ_34_1900,LINJ_35_1030,LINJ_35_1270,LINJ_35_1310,MCA5,LINJ_35_1720,LINJ_35_2600,DMC1,PABP1,LINJ_36_2850,CRK3,LINJ_36_1730,LINJ_36_1840,LINJ_36_2130,LINJ_36_5500,RPT6,LINJ_03_0520,LINJ.12.0190,LINJ.12.0610,LINJ_19_0150,LINJ_29_1420,LINJ_31_2720,LINJ_33_2620
GO Component	GO:0005634	Nucleus	77	1143	0.38	0.94	7.08e-12	5671.A4HRL5,5671.A4HRN6,5671.A4HRT2,5671.A4HRX5,5671.A4HS64,5671.A4HSH7,5671.A4HSQ5,5671.A4HTB1,5671.A4HTS6,5671.A4HTU3,5671.A4HUC8,5671.A4HUG1,5671.A4HUS3,5671.A4HV47,5671.A4HVF3,5671.A4HVN7,5671.A4HVV6,5671.A4HVZ9,5671.A4HWL4,5671.A4HWW3,5671.A4HWX0,5671.A4HWZ4,5671.A4HX71,5671.A4HXF5,5671.A4HXP1,5671.A4HXQ3,5671.A4HXY2,5671.A4HYH4,5671.A4HYJ4,5671.A4HYV4,5671.A4HYY3,5671.A4HZ67,5671.A4HZI9,5671.A4HZT4,5671.A4HZT9,5671.A4I0Q5,5671.A4I0Z7,5671.A4I122,5671.A4I135,5671.A4I186,5671.A4I1I6,5671.A4I1W9,5671.A4I2H1,5671.A4I2Q7,5671.A4I2S5,5671.A4I302,5671.A4I384,5671.A4I3C6,5671.A4I3V8,5671.A4I3V9,5671.A4I4U4,5671.A4I4Y0,5671.A4I4Y5,5671.A4I5C2,5671.A4I5K5,5671.A4I5X0,5671.A4I638,5671.A4I7G8,5671.A4I7L2,5671.A4I7U2,5671.A4I7W3,5671.A4I8F7,5671.A4I910,5671.A4I9B7,5671.A4IAZ8,5671.A4IB24,5671.A4IC25,5671.A4IC57,5671.A4ICT0,5671.A4IDD6,5671.A4IDU8,5671.A4IE38,5671.E9AGB0,5671.E9AGF3,5671.E9AGR8,5671.E9AHI7,5671.E9AHR7	LINJ_02_0100,LINJ_02_0360,LINJ_03_0200,LINJ_03_0870,LINJ_04_0680,LINJ_05_0550,LINJ_06_0140,LINJ_07_1000,LINJ_09_0100,LINJ_09_0270,LINJ_10_0200,MPK3,LINJ_11_0110,LINJ.12.0003,LINJ_13_0170,LINJ_13_0990,LINJ_14_0140,LINJ_14_0580,TOP2,LINJ_16_0640,LINJ_16_0730,CRK,LINJ_17_0070,GMPR,LINJ_18_0150,GSK3,PKAC1,MPK4,LINJ_20_0020,LINJ_20_1140,LINJ_20_1450,LINJ_21_0740,LINJ_21_2200,LINJ_22_0440,LINJ_22_0490,LINJ_24_0680,LINJ_24_1970,LINJ_24_2220,LINJ_24_2350,LINJ_25_0440,LINJ_25_1460,CYC8,LINJ_26_2460,LINJ_27_0920,LINJ_27_1140,LINJ_27_1860,LINJ_28_0110,LMAIRK,LINJ_28_2440,LINJ_28_2450,LINJ_29_2410,LINJ_29_2830,LINJ_29_2940,LINJ_30_0970,LINJ_30_1780,LINJ_30_2930,LINJ_30_3530,LINJ_32_0050,LINJ_32_0730,LINJ_32_1310,LINJ_32_1520,CYC6,MPK11,LINJ_33_2910,LINJ_35_1030,LINJ_35_1310,DMC1,PABP1,CRK3,LINJ_36_1730,LINJ_36_5500,RPT6,LINJ.12.0190,LINJ.12.0610,LINJ_19_0150,LINJ_29_1420,LINJ_33_2620
GO Component	GO:0000502	Proteasome complex	10	32	1.05	1.17	7.30e-06	5671.A4HSQ5,5671.A4HV47,5671.A4HVN7,5671.A4HZI9,5671.A4HZT4,5671.A4HZT9,5671.A4I384,5671.A4IDD6,5671.A4IE38,5671.E9AGB0	LINJ_06_0140,LINJ.12.0003,LINJ_13_0990,LINJ_21_2200,LINJ_22_0440,LINJ_22_0490,LINJ_28_0110,LINJ_36_1730,RPT6,LINJ.12.0190
GO Component	GO:0008540	Proteasome regulatory particle, base subcomplex	5	8	1.35	0.83	0.00067	5671.A4HVN7,5671.A4HZT4,5671.A4HZT9,5671.A4IE38,5671.E9AGB0	LINJ_13_0990,LINJ_22_0440,LINJ_22_0490,RPT6,LINJ.12.0190
GO Component	GO:1902494	Catalytic complex	24	339	0.4	0.5	0.0019	5671.A4HSQ5,5671.A4HTU3,5671.A4HV47,5671.A4HVF3,5671.A4HVN7,5671.A4HVU4,5671.A4HVV6,5671.A4HXF5,5671.A4HZ67,5671.A4HZI9,5671.A4HZT4,5671.A4HZT8,5671.A4HZT9,5671.A4I109,5671.A4I1W9,5671.A4I384,5671.A4I3V8,5671.A4I4P1,5671.A4I8F6,5671.A4I8F7,5671.A4IDD6,5671.A4IE38,5671.E9AGB0,5671.E9AHL8	LINJ_06_0140,LINJ_09_0270,LINJ.12.0003,LINJ_13_0170,LINJ_13_0990,LINJ_14_0020,LINJ_14_0140,GMPR,LINJ_21_0740,LINJ_21_2200,LINJ_22_0440,LINJ_22_0480,LINJ_22_0490,LINJ_24_2090,CYC8,LINJ_28_0110,LINJ_28_2440,GCVL-1,GCVL-2,CYC6,LINJ_36_1730,RPT6,LINJ.12.0190,LINJ_31_2720
GO Component	GO:0005777	Peroxisome	7	32	0.89	0.62	0.0028	5671.A4HWQ5,5671.A4HXF5,5671.A4HZ08,5671.A4I109,5671.A4I4C7,5671.A4I6L1,5671.A4IAB8	LINJ_16_0070,GMPR,LINJ_20_1580,LINJ_24_2090,LINJ_29_0770,LINJ_31_0560,LINJ_34_3300
GO Component	GO:0005829	Cytosol	22	310	0.4	0.47	0.0030	5671.A4HRW8,5671.A4HSB4,5671.A4HUB8,5671.A4HUR8,5671.A4HVU4,5671.A4HWQ5,5671.A4HWX0,5671.A4HZ08,5671.A4I1W7,5671.A4I2S5,5671.A4I2S6,5671.A4I390,5671.A4I4C7,5671.A4I4U4,5671.A4I5D2,5671.A4I628,5671.A4I7U2,5671.A4I8F2,5671.A4IA43,5671.A4IAB8,5671.E9AGT9,5671.E9AGX7	LINJ_03_0790,LINJ_04_1170,LINJ_10_0090,LINJ_11_0060,LINJ_14_0020,LINJ_16_0070,LINJ_16_0730,LINJ_20_1580,LINJ_26_0300,LINJ_27_1140,LINJ_27_1150,LINJ_28_0170,LINJ_29_0770,LINJ_29_2410,LINJ_30_1070,LINJ_30_3430,LINJ_32_1310,LINJ_32_3470,LINJ_34_2500,LINJ_34_3300,PGKC,LINJ_21_1330
GO Component	GO:0005839	Proteasome core complex	5	16	1.05	0.57	0.0056	5671.A4HSQ5,5671.A4HV47,5671.A4HZI9,5671.A4I384,5671.A4IDD6	LINJ_06_0140,LINJ.12.0003,LINJ_21_2200,LINJ_28_0110,LINJ_36_1730
GO Component	GO:0019774	Proteasome core complex, beta-subunit complex	4	8	1.25	0.59	0.0058	5671.A4HSQ5,5671.A4HV47,5671.A4I384,5671.A4IDD6	LINJ_06_0140,LINJ.12.0003,LINJ_28_0110,LINJ_36_1730
GO Component	GO:0140535	Intracellular protein-containing complex	15	179	0.48	0.45	0.0063	5671.A4HSQ5,5671.A4HV47,5671.A4HVF3,5671.A4HVN7,5671.A4HVV6,5671.A4HYV4,5671.A4HZI9,5671.A4HZT4,5671.A4HZT8,5671.A4HZT9,5671.A4I384,5671.A4I3V8,5671.A4IDD6,5671.A4IE38,5671.E9AGB0	LINJ_06_0140,LINJ.12.0003,LINJ_13_0170,LINJ_13_0990,LINJ_14_0140,LINJ_20_1140,LINJ_21_2200,LINJ_22_0440,LINJ_22_0480,LINJ_22_0490,LINJ_28_0110,LINJ_28_2440,LINJ_36_1730,RPT6,LINJ.12.0190
GO Component	GO:0032133	Chromosome passenger complex	3	3	1.55	0.56	0.0089	5671.A4I2H1,5671.A4I3C6,5671.E9AHI7	LINJ_26_2460,LMAIRK,LINJ_29_1420
GO Component	GO:0005876	Spindle microtubule	3	4	1.43	0.5	0.0147	5671.A4I2H1,5671.A4I3C6,5671.E9AHI7	LINJ_26_2460,LMAIRK,LINJ_29_1420
GO Component	GO:0051233	Spindle midzone	3	4	1.43	0.5	0.0147	5671.A4I2H1,5671.A4I3C6,5671.E9AHI7	LINJ_26_2460,LMAIRK,LINJ_29_1420
GO Component	GO:0005811	Lipid droplet	4	12	1.08	0.47	0.0158	5671.A4HRH0,5671.A4HRH2,5671.A4HRH5,5671.A4HRT4	LINJ_01_0490,LINJ_01_0510,LINJ_01_0540,LINJ_03_0220
GO Component	GO:1990234	Transferase complex	12	150	0.46	0.34	0.0306	5671.A4HTU3,5671.A4HVF3,5671.A4HVU4,5671.A4HVV6,5671.A4HZT8,5671.A4I109,5671.A4I1W9,5671.A4I3V8,5671.A4I4P1,5671.A4I8F6,5671.A4I8F7,5671.E9AHL8	LINJ_09_0270,LINJ_13_0170,LINJ_14_0020,LINJ_14_0140,LINJ_22_0480,LINJ_24_2090,CYC8,LINJ_28_2440,GCVL-1,GCVL-2,CYC6,LINJ_31_2720
GO Component	GO:0005778	Peroxisomal membrane	4	16	0.95	0.38	0.0357	5671.A4HWQ5,5671.A4HZ08,5671.A4I6L1,5671.A4IAB8	LINJ_16_0070,LINJ_20_1580,LINJ_31_0560,LINJ_34_3300
GO Component	GO:0045252	Oxoglutarate dehydrogenase complex	3	7	1.19	0.38	0.0375	5671.A4I4P1,5671.A4I8F6,5671.E9AHL8	GCVL-1,GCVL-2,LINJ_31_2720
STRING clusters	CL:4346	Proteolysis involved in protein catabolic process, and Regulation of cell cycle	40	192	0.87	2.28	1.37e-18	5671.A4HS64,5671.A4HSH7,5671.A4HSQ5,5671.A4HTB1,5671.A4HUS3,5671.A4HV47,5671.A4HVM4,5671.A4HVN7,5671.A4HWX0,5671.A4HWZ4,5671.A4HZI9,5671.A4HZT4,5671.A4HZT8,5671.A4HZT9,5671.A4I122,5671.A4I1W9,5671.A4I2H1,5671.A4I2I8,5671.A4I2S8,5671.A4I384,5671.A4I3C6,5671.A4I4U4,5671.A4I4Y0,5671.A4I5C2,5671.A4I5K5,5671.A4I7L2,5671.A4I7U2,5671.A4I8C9,5671.A4I8F7,5671.A4I9B7,5671.A4I9V5,5671.A4IB24,5671.A4IC77,5671.A4ICT0,5671.A4ID13,5671.A4IDD6,5671.A4IE38,5671.E9AG43,5671.E9AGB0,5671.E9AHI7	LINJ_04_0680,LINJ_05_0550,LINJ_06_0140,LINJ_07_1000,LINJ_11_0110,LINJ.12.0003,KATNAL2,LINJ_13_0990,LINJ_16_0730,CRK,LINJ_21_2200,LINJ_22_0440,LINJ_22_0480,LINJ_22_0490,LINJ_24_2220,CYC8,LINJ_26_2460,LINJ_26_2540,LINJ_27_1170,LINJ_28_0110,LMAIRK,LINJ_29_2410,LINJ_29_2830,LINJ_30_0970,LINJ_30_1780,LINJ_32_0730,LINJ_32_1310,LINJ_32_3240,CYC6,LINJ_33_2910,LINJ_34_1530,LINJ_35_1310,LINJ_36_5580,CRK3,LINJ_36_4020,LINJ_36_1730,RPT6,LINJ_03_0520,LINJ.12.0190,LINJ_29_1420
STRING clusters	CL:4347	Proteolysis involved in protein catabolic process, and Regulation of cell cycle	38	179	0.88	2.27	4.47e-18	5671.A4HS64,5671.A4HSH7,5671.A4HSQ5,5671.A4HTB1,5671.A4HUS3,5671.A4HV47,5671.A4HVM4,5671.A4HVN7,5671.A4HWX0,5671.A4HWZ4,5671.A4HZI9,5671.A4HZT4,5671.A4HZT8,5671.A4HZT9,5671.A4I122,5671.A4I1W9,5671.A4I2H1,5671.A4I2I8,5671.A4I2S8,5671.A4I384,5671.A4I3C6,5671.A4I4U4,5671.A4I4Y0,5671.A4I5C2,5671.A4I5K5,5671.A4I7L2,5671.A4I7U2,5671.A4I8C9,5671.A4I9B7,5671.A4I9V5,5671.A4IB24,5671.A4IC77,5671.A4ID13,5671.A4IDD6,5671.A4IE38,5671.E9AG43,5671.E9AGB0,5671.E9AHI7	LINJ_04_0680,LINJ_05_0550,LINJ_06_0140,LINJ_07_1000,LINJ_11_0110,LINJ.12.0003,KATNAL2,LINJ_13_0990,LINJ_16_0730,CRK,LINJ_21_2200,LINJ_22_0440,LINJ_22_0480,LINJ_22_0490,LINJ_24_2220,CYC8,LINJ_26_2460,LINJ_26_2540,LINJ_27_1170,LINJ_28_0110,LMAIRK,LINJ_29_2410,LINJ_29_2830,LINJ_30_0970,LINJ_30_1780,LINJ_32_0730,LINJ_32_1310,LINJ_32_3240,LINJ_33_2910,LINJ_34_1530,LINJ_35_1310,LINJ_36_5580,LINJ_36_4020,LINJ_36_1730,RPT6,LINJ_03_0520,LINJ.12.0190,LINJ_29_1420
STRING clusters	CL:4350	Mixed, incl. Regulation of mitotic cell cycle, and Ubl conjugation pathway	32	113	1.01	2.62	4.47e-18	5671.A4HS64,5671.A4HSH7,5671.A4HSQ5,5671.A4HTB1,5671.A4HUS3,5671.A4HV47,5671.A4HVM4,5671.A4HVN7,5671.A4HWZ4,5671.A4HZI9,5671.A4HZT4,5671.A4HZT8,5671.A4HZT9,5671.A4I122,5671.A4I1W9,5671.A4I2H1,5671.A4I2I8,5671.A4I384,5671.A4I3C6,5671.A4I4Y0,5671.A4I5C2,5671.A4I5K5,5671.A4I7L2,5671.A4I9B7,5671.A4IB24,5671.A4IC77,5671.A4ID13,5671.A4IDD6,5671.A4IE38,5671.E9AG43,5671.E9AGB0,5671.E9AHI7	LINJ_04_0680,LINJ_05_0550,LINJ_06_0140,LINJ_07_1000,LINJ_11_0110,LINJ.12.0003,KATNAL2,LINJ_13_0990,CRK,LINJ_21_2200,LINJ_22_0440,LINJ_22_0480,LINJ_22_0490,LINJ_24_2220,CYC8,LINJ_26_2460,LINJ_26_2540,LINJ_28_0110,LMAIRK,LINJ_29_2830,LINJ_30_0970,LINJ_30_1780,LINJ_32_0730,LINJ_33_2910,LINJ_35_1310,LINJ_36_5580,LINJ_36_4020,LINJ_36_1730,RPT6,LINJ_03_0520,LINJ.12.0190,LINJ_29_1420
STRING clusters	CL:4351	Proteasome, and Ubl conjugation pathway	19	69	0.99	1.81	2.51e-10	5671.A4HS64,5671.A4HSQ5,5671.A4HTB1,5671.A4HV47,5671.A4HVM4,5671.A4HVN7,5671.A4HZI9,5671.A4HZT4,5671.A4HZT8,5671.A4HZT9,5671.A4I384,5671.A4I5C2,5671.A4I5K5,5671.A4I7L2,5671.A4IB24,5671.A4IDD6,5671.A4IE38,5671.E9AG43,5671.E9AGB0	LINJ_04_0680,LINJ_06_0140,LINJ_07_1000,LINJ.12.0003,KATNAL2,LINJ_13_0990,LINJ_21_2200,LINJ_22_0440,LINJ_22_0480,LINJ_22_0490,LINJ_28_0110,LINJ_30_0970,LINJ_30_1780,LINJ_32_0730,LINJ_35_1310,LINJ_36_1730,RPT6,LINJ_03_0520,LINJ.12.0190
STRING clusters	CL:6112	Protein kinase domain, and Protein tyrosine/serine/threonine phosphatase activity	19	112	0.78	1.19	3.02e-07	5671.A4HRT2,5671.A4HT43,5671.A4HUC8,5671.A4HUG1,5671.A4HUK3,5671.A4HXC3,5671.A4HXQ3,5671.A4HYH4,5671.A4HZA2,5671.A4I0Q5,5671.A4I0Y4,5671.A4I1P7,5671.A4I390,5671.A4I4W3,5671.A4I5X0,5671.A4I638,5671.A4I910,5671.A4I9Y5,5671.A4IAZ8	LINJ_03_0200,LINJ_07_0410,LINJ_10_0200,MPK3,Rab11,LINJ_17_0550,GSK3,MPK4,LINJ_21_0210,LINJ_24_0680,LINJ_24_1500,LINJ_25_2070,LINJ_28_0170,LINJ_29_2600,LINJ_30_2930,LINJ_30_3530,MPK11,LINJ_34_1840,LINJ_35_1030
STRING clusters	CL:4488	Regulation of cell cycle, and Anaphase-promoting complex	13	44	1.02	1.39	3.52e-07	5671.A4HSH7,5671.A4HUS3,5671.A4HWZ4,5671.A4I122,5671.A4I1W9,5671.A4I2H1,5671.A4I2I8,5671.A4I3C6,5671.A4I4Y0,5671.A4I9B7,5671.A4IC77,5671.A4ID13,5671.E9AHI7	LINJ_05_0550,LINJ_11_0110,CRK,LINJ_24_2220,CYC8,LINJ_26_2460,LINJ_26_2540,LMAIRK,LINJ_29_2830,LINJ_33_2910,LINJ_36_5580,LINJ_36_4020,LINJ_29_1420
STRING clusters	CL:4352	Proteasome, and Ubiquitin homologues	13	46	1.0	1.35	4.94e-07	5671.A4HSQ5,5671.A4HV47,5671.A4HVM4,5671.A4HVN7,5671.A4HZI9,5671.A4HZT4,5671.A4HZT9,5671.A4I384,5671.A4I5K5,5671.A4IDD6,5671.A4IE38,5671.E9AG43,5671.E9AGB0	LINJ_06_0140,LINJ.12.0003,KATNAL2,LINJ_13_0990,LINJ_21_2200,LINJ_22_0440,LINJ_22_0490,LINJ_28_0110,LINJ_30_1780,LINJ_36_1730,RPT6,LINJ_03_0520,LINJ.12.0190
STRING clusters	CL:4356	Proteasome	12	38	1.05	1.36	6.27e-07	5671.A4HSQ5,5671.A4HV47,5671.A4HVM4,5671.A4HVN7,5671.A4HZI9,5671.A4HZT4,5671.A4HZT9,5671.A4I384,5671.A4IDD6,5671.A4IE38,5671.E9AG43,5671.E9AGB0	LINJ_06_0140,LINJ.12.0003,KATNAL2,LINJ_13_0990,LINJ_21_2200,LINJ_22_0440,LINJ_22_0490,LINJ_28_0110,LINJ_36_1730,RPT6,LINJ_03_0520,LINJ.12.0190
STRING clusters	CL:6235	Serine/Threonine protein kinases, catalytic domain, and Peptidyl-serine modification	13	49	0.98	1.3	7.71e-07	5671.A4HRT2,5671.A4HUC8,5671.A4HXC3,5671.A4HXQ3,5671.A4HYH4,5671.A4HZA2,5671.A4I0Y4,5671.A4I1P7,5671.A4I4W3,5671.A4I638,5671.A4I910,5671.A4I9Y5,5671.A4IAZ8	LINJ_03_0200,LINJ_10_0200,LINJ_17_0550,GSK3,MPK4,LINJ_21_0210,LINJ_24_1500,LINJ_25_2070,LINJ_29_2600,LINJ_30_3530,MPK11,LINJ_34_1840,LINJ_35_1030
STRING clusters	CL:7724	Mixed, incl. Peroxisomal transport, and Hedgehog ligand biogenesis	13	50	0.97	1.28	8.69e-07	5671.A4HU44,5671.A4HVT1,5671.A4HWE8,5671.A4HWQ5,5671.A4HZ08,5671.A4I0Z7,5671.A4I2M3,5671.A4I2Q7,5671.A4I4C7,5671.A4I6L1,5671.A4IAB8,5671.A4IB20,5671.E9AH29	LINJ_09_1280,LINJ_13_1580,LINJ_15_0520,LINJ_16_0070,LINJ_20_1580,LINJ_24_1970,LINJ_27_0370,LINJ_27_0920,LINJ_29_0770,LINJ_31_0560,LINJ_34_3300,LINJ_35_1270,LINJ_24_0170
STRING clusters	CL:7563	RAB geranylgeranylation, and VPS9 domain	8	16	1.25	1.24	8.78e-06	5671.A4HRM3,5671.A4HUM8,5671.A4HUM9,5671.A4HW20,5671.A4HXY7,5671.A4I5J8,5671.A4I7N3,5671.A4I825	LINJ_02_0230,LINJ_10_1250,LINJ_10_1260,LINJ_14_0820,LINJ_18_1140,LINJ_30_1710,LINJ_32_0520,LINJ_32_2160
STRING clusters	CL:4359	Proteasome	10	33	1.03	1.15	9.01e-06	5671.A4HSQ5,5671.A4HV47,5671.A4HVN7,5671.A4HZI9,5671.A4HZT4,5671.A4I384,5671.A4IDD6,5671.A4IE38,5671.E9AG43,5671.E9AGB0	LINJ_06_0140,LINJ.12.0003,LINJ_13_0990,LINJ_21_2200,LINJ_22_0440,LINJ_28_0110,LINJ_36_1730,RPT6,LINJ_03_0520,LINJ.12.0190
STRING clusters	CL:6246	Serine/Threonine protein kinases, catalytic domain, and Pleckstrin homology domain	9	24	1.13	1.19	9.01e-06	5671.A4HRT2,5671.A4HUC8,5671.A4HXC3,5671.A4HYH4,5671.A4I0Y4,5671.A4I1P7,5671.A4I4W3,5671.A4I910,5671.A4I9Y5	LINJ_03_0200,LINJ_10_0200,LINJ_17_0550,MPK4,LINJ_24_1500,LINJ_25_2070,LINJ_29_2600,MPK11,LINJ_34_1840
STRING clusters	CL:7559	Mixed, incl. RAB geranylgeranylation, and HOPS complex	11	43	0.96	1.11	9.01e-06	5671.A4HRM3,5671.A4HUM8,5671.A4HUM9,5671.A4HVF7,5671.A4HW20,5671.A4HXY7,5671.A4HYV4,5671.A4I109,5671.A4I5J8,5671.A4I7N3,5671.A4I825	LINJ_02_0230,LINJ_10_1250,LINJ_10_1260,LINJ_13_0220,LINJ_14_0820,LINJ_18_1140,LINJ_20_1140,LINJ_24_2090,LINJ_30_1710,LINJ_32_0520,LINJ_32_2160
STRING clusters	CL:4491	Anaphase-promoting complex, and Regulation of cell cycle	10	34	1.02	1.14	9.61e-06	5671.A4HSH7,5671.A4HUS3,5671.A4HWZ4,5671.A4I122,5671.A4I1W9,5671.A4I2I8,5671.A4I4Y0,5671.A4I9B7,5671.A4IC77,5671.E9AHI7	LINJ_05_0550,LINJ_11_0110,CRK,LINJ_24_2220,CYC8,LINJ_26_2540,LINJ_29_2830,LINJ_33_2910,LINJ_36_5580,LINJ_29_1420
STRING clusters	CL:6250	MAPK cascade, and Serine/Threonine protein kinases, catalytic domain	8	17	1.23	1.22	9.61e-06	5671.A4HRT2,5671.A4HUC8,5671.A4HXC3,5671.A4HYH4,5671.A4I1P7,5671.A4I4W3,5671.A4I910,5671.A4I9Y5	LINJ_03_0200,LINJ_10_0200,LINJ_17_0550,MPK4,LINJ_25_2070,LINJ_29_2600,MPK11,LINJ_34_1840
STRING clusters	CL:7375	Vesicle-mediated transport, and RAB geranylgeranylation	16	135	0.63	0.75	0.00013	5671.A4HRM3,5671.A4HU06,5671.A4HUM8,5671.A4HUM9,5671.A4HVF7,5671.A4HW20,5671.A4HXY7,5671.A4HYS3,5671.A4HYV4,5671.A4I109,5671.A4I2Q9,5671.A4I5J8,5671.A4I7G8,5671.A4I7N3,5671.A4I825,5671.A4I9G2	LINJ_02_0230,LINJ_09_0900,LINJ_10_1250,LINJ_10_1260,LINJ_13_0220,LINJ_14_0820,LINJ_18_1140,LINJ_20_0820,LINJ_20_1140,LINJ_24_2090,LINJ_27_0940,LINJ_30_1710,LINJ_32_0050,LINJ_32_0520,LINJ_32_2160,LINJ_33_3360
STRING clusters	CL:6252	Mixed, incl. MAPK cascade, and CAP Gly-rich domain superfamily	6	11	1.29	0.98	0.00014	5671.A4HRT2,5671.A4HUC8,5671.A4HXC3,5671.A4I4W3,5671.A4I910,5671.A4I9Y5	LINJ_03_0200,LINJ_10_0200,LINJ_17_0550,LINJ_29_2600,MPK11,LINJ_34_1840
STRING clusters	CL:4362	Proteasome	8	28	1.01	0.9	0.00016	5671.A4HSQ5,5671.A4HVN7,5671.A4HZI9,5671.A4HZT4,5671.A4IDD6,5671.A4IE38,5671.E9AG43,5671.E9AGB0	LINJ_06_0140,LINJ_13_0990,LINJ_21_2200,LINJ_22_0440,LINJ_36_1730,RPT6,LINJ_03_0520,LINJ.12.0190
STRING clusters	CL:7779	Protein targeting to peroxisome, and Class I peroxisomal membrane protein import	7	19	1.12	0.93	0.00016	5671.A4HVT1,5671.A4HWQ5,5671.A4HZ08,5671.A4I4C7,5671.A4I6L1,5671.A4IAB8,5671.A4IB20	LINJ_13_1580,LINJ_16_0070,LINJ_20_1580,LINJ_29_0770,LINJ_31_0560,LINJ_34_3300,LINJ_35_1270
STRING clusters	CL:4363	Proteasome	6	18	1.08	0.74	0.0011	5671.A4HSQ5,5671.A4HZI9,5671.A4HZT4,5671.A4IDD6,5671.A4IE38,5671.E9AGB0	LINJ_06_0140,LINJ_21_2200,LINJ_22_0440,LINJ_36_1730,RPT6,LINJ.12.0190
STRING clusters	CL:7566	RAB geranylgeranylation	5	10	1.25	0.77	0.0011	5671.A4HRM3,5671.A4HUM9,5671.A4HW20,5671.A4I5J8,5671.A4I7N3	LINJ_02_0230,LINJ_10_1260,LINJ_14_0820,LINJ_30_1710,LINJ_32_0520
STRING clusters	CL:3984	fatty-acyl-CoA metabolic process, and Carnitine metabolic process	5	11	1.21	0.73	0.0015	5671.A4HRH0,5671.A4HRH2,5671.A4HRH5,5671.A4HRT4,5671.A4I342	LINJ_01_0490,LINJ_01_0510,LINJ_01_0540,LINJ_03_0220,AKR
STRING clusters	CL:4389	Proteasome-activating activity, and Proteasome beta-type subunit, conserved site	4	5	1.46	0.73	0.0018	5671.A4HSQ5,5671.A4IDD6,5671.A4IE38,5671.E9AGB0	LINJ_06_0140,LINJ_36_1730,RPT6,LINJ.12.0190
STRING clusters	CL:4663	Peptidase C19, ubiquitin carboxyl-terminal hydrolase, and Domain with 2 conserved Trp (W) residues	6	21	1.01	0.67	0.0020	5671.A4HWX0,5671.A4I2S8,5671.A4I4U4,5671.A4I7U2,5671.A4I8C9,5671.A4I9V5	LINJ_16_0730,LINJ_27_1170,LINJ_29_2410,LINJ_32_1310,LINJ_32_3240,LINJ_34_1530
STRING clusters	CL:5394	Mixed, incl. TGF-beta receptor signaling activates SMADs, and LIS1 homology motif	4	6	1.38	0.68	0.0028	5671.A4HSP6,5671.A4I2S5,5671.A4I5D2,5671.A4I5H1	LINJ_06_0030,LINJ_27_1140,LINJ_30_1070,LINJ_30_1460
STRING clusters	CL:6256	MAP2K and MAPK activation, and MAP kinase activity	4	6	1.38	0.68	0.0028	5671.A4HUC8,5671.A4I4W3,5671.A4I910,5671.A4I9Y5	LINJ_10_0200,LINJ_29_2600,MPK11,LINJ_34_1840
STRING clusters	CL:6980	Sensing of DNA Double Strand Breaks, and DNA recombination and repair protein Rad51-like, C-terminal	5	15	1.08	0.6	0.0043	5671.A4HRL5,5671.A4I3C9,5671.A4I7W3,5671.A4IC25,5671.E9AHR7	LINJ_02_0100,RAD51,LINJ_32_1520,DMC1,LINJ_33_2620
STRING clusters	CL:2282	ATP-dependent protein folding chaperone, and PAM complex, Tim23 associated import motor	5	16	1.05	0.58	0.0053	5671.A4I1Z4,5671.A4I5J7,5671.A4I5W0,5671.A4I800,5671.A4IDH4	LINJ_26_0590,LINJ_30_1700,LINJ_30_2830,LINJ_32_1940,LINJ_36_2130
STRING clusters	CL:4495	Phosphorylation of the APC/C, and The WD repeat Cdc20/Fizzy family	5	16	1.05	0.58	0.0053	5671.A4HUS3,5671.A4I122,5671.A4I2I8,5671.A4I9B7,5671.E9AHI7	LINJ_11_0110,LINJ_24_2220,LINJ_26_2540,LINJ_33_2910,LINJ_29_1420
STRING clusters	CL:5418	Mixed, incl. Calcium ion binding, and Microfilament motor activity	8	52	0.74	0.53	0.0053	5671.A4HTW1,5671.A4HU13,5671.A4HVP4,5671.A4HXU0,5671.A4HZG8,5671.A4HZV1,5671.A4I000,5671.A4I3F5	LINJ_09_0520,LINJ_09_0970,LINJ_13_1060,LINJ_18_0650,LINJ_21_1990,LINJ_22_0630,LINJ_22_1260,LINJ_28_0860
STRING clusters	CL:3090	Mixed, incl. Short-chain dehydrogenase/reductase SDR, and AMP-binding enzyme, C-terminal domain superfamily	6	28	0.88	0.54	0.0064	5671.A4I345,5671.A4I9B2,5671.A4IB17,5671.A4ID56,5671.A4IDE7,5671.E9AH89	LINJ_27_2390,LINJ_33_2860,LINJ_35_1240,LINJ_36_3570,LINJ_36_1840,LINJ_24_1890
STRING clusters	CL:3980	Fatty acyl-CoA biosynthesis	6	30	0.85	0.5	0.0087	5671.A4HRH0,5671.A4HRH2,5671.A4HRH5,5671.A4HRT4,5671.A4I342,5671.A4I931	LINJ_01_0490,LINJ_01_0510,LINJ_01_0540,LINJ_03_0220,AKR,LINJ_33_1690
STRING clusters	CL:2969	Mixed, incl. Valine, leucine and isoleucine degradation, and NAD(P)-binding domain superfamily	10	91	0.59	0.45	0.0091	5671.A4HUX0,5671.A4I093,5671.A4I345,5671.A4I7A2,5671.A4I7C0,5671.A4I9B2,5671.A4IB17,5671.A4ID56,5671.A4IDE7,5671.E9AH89	LINJ_11_0600,LINJ_23_0580,LINJ_27_2390,LINJ_31_3080,LINJ_31_3260,LINJ_33_2860,LINJ_35_1240,LINJ_36_3570,LINJ_36_1840,LINJ_24_1890
STRING clusters	CL:2284	Mixed, incl. Protein refolding, and Chaperone DnaK	4	10	1.16	0.53	0.0096	5671.A4I1Z4,5671.A4I5J7,5671.A4I800,5671.A4IDH4	LINJ_26_0590,LINJ_30_1700,LINJ_32_1940,LINJ_36_2130
STRING clusters	CL:5448	Calcium ion binding, and Myosin filament	4	11	1.11	0.5	0.0123	5671.A4HXU0,5671.A4HZV1,5671.A4I000,5671.A4I3F5	LINJ_18_0650,LINJ_22_0630,LINJ_22_1260,LINJ_28_0860
STRING clusters	CL:4444	Mixed, incl. Ubiquitin-conjugating enzyme E2, catalytic domain homologues, and Ubiquitin activating enzyme activity	5	22	0.91	0.47	0.0140	5671.A4HS64,5671.A4HTB1,5671.A4HZT8,5671.A4I7L2,5671.A4IB24	LINJ_04_0680,LINJ_07_1000,LINJ_22_0480,LINJ_32_0730,LINJ_35_1310
STRING clusters	CL:6307	Peptidyl-serine modification, and Ciliary tip	4	13	1.04	0.45	0.0187	5671.A4HXQ3,5671.A4HZA2,5671.A4I638,5671.A4IAZ8	GSK3,LINJ_21_0210,LINJ_30_3530,LINJ_35_1030
STRING clusters	CL:7781	Protein targeting to peroxisome, and Ether metabolic process	4	13	1.04	0.45	0.0187	5671.A4HWQ5,5671.A4HZ08,5671.A4I4C7,5671.A4IAB8	LINJ_16_0070,LINJ_20_1580,LINJ_29_0770,LINJ_34_3300
STRING clusters	CL:2287	Protein refolding, and GrpE	3	5	1.33	0.46	0.0188	5671.A4I1Z4,5671.A4I800,5671.A4IDH4	LINJ_26_0590,LINJ_32_1940,LINJ_36_2130
STRING clusters	CL:3988	fatty-acyl-CoA metabolic process	3	5	1.33	0.46	0.0188	5671.A4HRH0,5671.A4HRH5,5671.A4HRT4	LINJ_01_0490,LINJ_01_0540,LINJ_03_0220
STRING clusters	CL:7576	Mixed, incl. GDP dissociation inhibitor, and Guanyl-nucleotide exchange factor complex	3	5	1.33	0.46	0.0188	5671.A4HRM3,5671.A4HUM9,5671.A4HW20	LINJ_02_0230,LINJ_10_1260,LINJ_14_0820
STRING clusters	CL:7883	Receptor Mediated Mitophagy, and Transcriptional Regulation by E2F6	3	5	1.33	0.46	0.0188	5671.A4HRN3,5671.A4I302,5671.A4IB73	LINJ_02_0330,LINJ_27_1860,LINJ_35_1720
STRING clusters	CL:5420	Calcium ion binding, and Ca2+ pathway	5	25	0.85	0.43	0.0200	5671.A4HXU0,5671.A4HZG8,5671.A4HZV1,5671.A4I000,5671.A4I3F5	LINJ_18_0650,LINJ_21_1990,LINJ_22_0630,LINJ_22_1260,LINJ_28_0860
STRING clusters	CL:2962	Mixed, incl. NAD(P)-binding domain superfamily, and Small molecule catabolic process	11	128	0.49	0.36	0.0235	5671.A4HUX0,5671.A4I093,5671.A4I345,5671.A4I5W9,5671.A4I7A2,5671.A4I7C0,5671.A4I9B2,5671.A4IB17,5671.A4ID56,5671.A4IDE7,5671.E9AH89	LINJ_11_0600,LINJ_23_0580,LINJ_27_2390,LINJ_30_2920,LINJ_31_3080,LINJ_31_3260,LINJ_33_2860,LINJ_35_1240,LINJ_36_3570,LINJ_36_1840,LINJ_24_1890
STRING clusters	CL:4541	Mixed, incl. The WD repeat Cdc20/Fizzy family, and Cyclin	3	6	1.25	0.43	0.0246	5671.A4HWZ4,5671.A4I1W9,5671.A4I4Y0	CRK,CYC8,LINJ_29_2830
STRING clusters	CL:4564	Mixed, incl. Histone kinase activity, and Thioredoxin	3	6	1.25	0.43	0.0246	5671.A4I2H1,5671.A4I3C6,5671.A4ID13	LINJ_26_2460,LMAIRK,LINJ_36_4020
STRING clusters	CL:4665	Ubiquitin specific protease, conserved site, and Domain with 2 conserved Trp (W) residues	4	15	0.98	0.42	0.0246	5671.A4HWX0,5671.A4I4U4,5671.A4I7U2,5671.A4I9V5	LINJ_16_0730,LINJ_29_2410,LINJ_32_1310,LINJ_34_1530
STRING clusters	CL:6309	Mixed, incl. Ciliary tip, and MAP2K and MAPK activation	3	6	1.25	0.43	0.0246	5671.A4HXQ3,5671.A4I638,5671.A4IAZ8	GSK3,LINJ_30_3530,LINJ_35_1030
STRING clusters	CL:6982	DNA recombination and repair protein Rad51-like, C-terminal	3	6	1.25	0.43	0.0246	5671.A4I3C9,5671.A4IC25,5671.E9AHR7	RAD51,DMC1,LINJ_33_2620
STRING clusters	CL:8392	PKA activation, and Cyclic-nucleotide phosphodiesterase activity	4	16	0.95	0.4	0.0275	5671.A4HRZ8,5671.A4HWN6,5671.A4HWN7,5671.A4HXY2	LINJ_04_0030,LINJ_15_1540,LINJ_15_1550,PKAC1
STRING clusters	CL:3092	Mixed, incl. AMP-binding enzyme, C-terminal domain superfamily, and Short-chain dehydrogenase/reductase SDR	4	17	0.92	0.38	0.0328	5671.A4I345,5671.A4I9B2,5671.A4IB17,5671.A4IDE7	LINJ_27_2390,LINJ_33_2860,LINJ_35_1240,LINJ_36_1840
STRING clusters	CL:4447	Ubiquitin-conjugating enzyme E2, catalytic domain homologues, and Ubiquitin activating enzyme activity	4	17	0.92	0.38	0.0328	5671.A4HS64,5671.A4HTB1,5671.A4I7L2,5671.A4IB24	LINJ_04_0680,LINJ_07_1000,LINJ_32_0730,LINJ_35_1310
STRING clusters	CL:6491	Mixed, incl. KA1 domain/Ssp2, C-terminal, and Protein phosphatase 2C family	4	17	0.92	0.38	0.0328	5671.A4HT95,5671.A4HTB4,5671.A4HZY8,5671.A4I967	LINJ_07_0790,LINJ_07_1030,LINJ_22_0990,LINJ_33_1810
STRING clusters	CL:2428	Chaperonin TCP-1, conserved site	3	8	1.13	0.37	0.0395	5671.A4I2S6,5671.A4I8F2,5671.E9AGX7	LINJ_27_1150,LINJ_32_3470,LINJ_21_1330
KEGG	lif03050	Proteasome	11	32	1.09	1.33	1.24e-06	5671.A4HSQ5,5671.A4HV47,5671.A4HVN7,5671.A4HZI9,5671.A4HZT4,5671.A4HZT9,5671.A4I384,5671.A4IDD6,5671.A4IE38,5671.E9AG43,5671.E9AGB0	LINJ_06_0140,LINJ.12.0003,LINJ_13_0990,LINJ_21_2200,LINJ_22_0440,LINJ_22_0490,LINJ_28_0110,LINJ_36_1730,RPT6,LINJ_03_0520,LINJ.12.0190
KEGG	lif01100	Metabolic pathways	35	442	0.45	0.79	2.83e-06	5671.A0A381MFJ0,5671.A2TEF2,5671.A4HRH0,5671.A4HRH2,5671.A4HRH5,5671.A4HRT1,5671.A4HRT4,5671.A4HSB4,5671.A4HSF7,5671.A4HUX0,5671.A4HVU4,5671.A4HWN6,5671.A4HWN7,5671.A4HWV8,5671.A4HXF5,5671.A4HXY3,5671.A4HYI5,5671.A4HYV4,5671.A4I093,5671.A4I109,5671.A4I342,5671.A4I345,5671.A4I4K7,5671.A4I4P1,5671.A4I628,5671.A4I646,5671.A4I7A2,5671.A4I7C0,5671.A4I8F6,5671.A4I9B2,5671.A4I9I3,5671.A4IAM7,5671.A4IDE7,5671.E9AGT9,5671.E9AHL8	H1A-1,CYP51,LINJ_01_0490,LINJ_01_0510,LINJ_01_0540,LINJ_03_0190,LINJ_03_0220,LINJ_04_1170,TRYR,LINJ_11_0600,LINJ_14_0020,LINJ_15_1540,LINJ_15_1550,LINJ_16_0590,GMPR,PDEA,LINJ_19_1590,LINJ_20_1140,LINJ_23_0580,LINJ_24_2090,AKR,LINJ_27_2390,LINJ_29_1550,GCVL-1,LINJ_30_3430,LINJ_30_3610,LINJ_31_3080,LINJ_31_3260,GCVL-2,LINJ_33_2860,LINJ_34_0150,LINJ_34_1900,LINJ_36_1840,PGKC,LINJ_31_2720
KEGG	lif00061	Fatty acid biosynthesis	7	11	1.36	1.28	8.10e-06	5671.A4HRH0,5671.A4HRH2,5671.A4HRH5,5671.A4HRT4,5671.A4I345,5671.A4I7A2,5671.A4I9B2	LINJ_01_0490,LINJ_01_0510,LINJ_01_0540,LINJ_03_0220,LINJ_27_2390,LINJ_31_3080,LINJ_33_2860
KEGG	lif04070	Phosphatidylinositol signaling system	7	19	1.12	0.97	0.00010	5671.A4HU13,5671.A4HVP4,5671.A4HVU4,5671.A4HYV4,5671.A4I109,5671.A4I3F5,5671.A4I4K7	LINJ_09_0970,LINJ_13_1060,LINJ_14_0020,LINJ_20_1140,LINJ_24_2090,LINJ_28_0860,LINJ_29_1550
KEGG	lif00010	Glycolysis / Gluconeogenesis	8	37	0.89	0.78	0.00040	5671.A4HSB4,5671.A4I093,5671.A4I342,5671.A4I4P1,5671.A4I628,5671.A4I8F6,5671.E9AGT9,5671.E9AHL8	LINJ_04_1170,LINJ_23_0580,AKR,GCVL-1,LINJ_30_3430,GCVL-2,PGKC,LINJ_31_2720
KEGG	lif04120	Ubiquitin mediated proteolysis	8	36	0.9	0.78	0.00040	5671.A4HRN6,5671.A4HS64,5671.A4HZT8,5671.A4I122,5671.A4I5C2,5671.A4I7L2,5671.A4I9B7,5671.A4IB24	LINJ_02_0360,LINJ_04_0680,LINJ_22_0480,LINJ_24_2220,LINJ_30_0970,LINJ_32_0730,LINJ_33_2910,LINJ_35_1310
KEGG	lif01212	Fatty acid metabolism	7	34	0.87	0.67	0.0014	5671.A4HRH0,5671.A4HRH2,5671.A4HRH5,5671.A4HRT4,5671.A4I345,5671.A4I7A2,5671.A4I9B2	LINJ_01_0490,LINJ_01_0510,LINJ_01_0540,LINJ_03_0220,LINJ_27_2390,LINJ_31_3080,LINJ_33_2860
KEGG	lif00620	Pyruvate metabolism	6	30	0.85	0.56	0.0046	5671.A4I093,5671.A4I4P1,5671.A4I7A2,5671.A4I8F6,5671.A4I9I3,5671.E9AHL8	LINJ_23_0580,GCVL-1,LINJ_31_3080,GCVL-2,LINJ_34_0150,LINJ_31_2720
KEGG	lif00310	Lysine degradation	4	10	1.16	0.6	0.0047	5671.A4I4P1,5671.A4I8F6,5671.A4IDE7,5671.E9AHL8	GCVL-1,GCVL-2,LINJ_36_1840,LINJ_31_2720
KEGG	lif00640	Propanoate metabolism	5	21	0.93	0.55	0.0058	5671.A4I093,5671.A4I4P1,5671.A4I7A2,5671.A4I8F6,5671.E9AHL8	LINJ_23_0580,GCVL-1,LINJ_31_3080,GCVL-2,LINJ_31_2720
KEGG	lif00562	Inositol phosphate metabolism	4	13	1.04	0.53	0.0086	5671.A4HVU4,5671.A4HYV4,5671.A4I109,5671.A4I4K7	LINJ_14_0020,LINJ_20_1140,LINJ_24_2090,LINJ_29_1550
KEGG	lif01110	Biosynthesis of secondary metabolites	15	208	0.41	0.41	0.0089	5671.A2TEF2,5671.A4HSB4,5671.A4HXF5,5671.A4HYI5,5671.A4I093,5671.A4I342,5671.A4I345,5671.A4I4P1,5671.A4I628,5671.A4I646,5671.A4I7A2,5671.A4I8F6,5671.A4I9I3,5671.E9AGT9,5671.E9AHL8	CYP51,LINJ_04_1170,GMPR,LINJ_19_1590,LINJ_23_0580,AKR,LINJ_27_2390,GCVL-1,LINJ_30_3430,LINJ_30_3610,LINJ_31_3080,GCVL-2,LINJ_34_0150,PGKC,LINJ_31_2720
KEGG	lif04146	Peroxisome	5	26	0.84	0.49	0.0102	5671.A4HRH0,5671.A4HRH2,5671.A4HRH5,5671.A4HRT4,5671.A4I4C7	LINJ_01_0490,LINJ_01_0510,LINJ_01_0540,LINJ_03_0220,LINJ_29_0770
KEGG	lif00630	Glyoxylate and dicarboxylate metabolism	5	27	0.82	0.48	0.0110	5671.A4I093,5671.A4I4P1,5671.A4I8F6,5671.A4I9I3,5671.E9AHL8	LINJ_23_0580,GCVL-1,GCVL-2,LINJ_34_0150,LINJ_31_2720
KEGG	lif00280	Valine, leucine and isoleucine degradation	5	29	0.79	0.45	0.0136	5671.A4HUX0,5671.A4I4P1,5671.A4I7C0,5671.A4I8F6,5671.E9AHL8	LINJ_11_0600,GCVL-1,LINJ_31_3260,GCVL-2,LINJ_31_2720
KEGG	lif05140	Leishmaniasis	4	17	0.92	0.47	0.0136	5671.A4HUG1,5671.A4HYH4,5671.A4I5X0,5671.A4I910	MPK3,MPK4,LINJ_30_2930,MPK11
KEGG	lif00071	Fatty acid degradation	4	18	0.9	0.46	0.0153	5671.A4HRH0,5671.A4HRH2,5671.A4HRH5,5671.A4HRT4	LINJ_01_0490,LINJ_01_0510,LINJ_01_0540,LINJ_03_0220
KEGG	lif01200	Carbon metabolism	8	84	0.53	0.39	0.0179	5671.A4HSB4,5671.A4I093,5671.A4I4P1,5671.A4I628,5671.A4I8F6,5671.A4I9I3,5671.E9AGT9,5671.E9AHL8	LINJ_04_1170,LINJ_23_0580,GCVL-1,LINJ_30_3430,GCVL-2,LINJ_34_0150,PGKC,LINJ_31_2720
KEGG	lif03008	Ribosome biogenesis in eukaryotes	6	48	0.65	0.41	0.0179	5671.A4HRN3,5671.A4HVZ9,5671.A4I186,5671.A4I1I6,5671.A4I2Q7,5671.A4IB73	LINJ_02_0330,LINJ_14_0580,LINJ_25_0440,LINJ_25_1460,LINJ_27_0920,LINJ_35_1720
KEGG	lif00380	Tryptophan metabolism	3	10	1.03	0.43	0.0228	5671.A4I4P1,5671.A4I8F6,5671.E9AHL8	GCVL-1,GCVL-2,LINJ_31_2720
KEGG	lif00780	Biotin metabolism	2	3	1.38	0.4	0.0326	5671.A4I345,5671.A4I9B2	LINJ_27_2390,LINJ_33_2860
KEGG	lif00020	Citrate cycle (TCA cycle)	4	28	0.71	0.33	0.0458	5671.A4I4P1,5671.A4I8F6,5671.A4I9I3,5671.E9AHL8	GCVL-1,GCVL-2,LINJ_34_0150,LINJ_31_2720
KEGG	lif03013	RNA transport	5	44	0.61	0.32	0.0458	5671.A4HRN6,5671.A4I1I6,5671.A4I2S5,5671.A4I7G8,5671.A4IC57	LINJ_02_0360,LINJ_25_1460,LINJ_27_1140,LINJ_32_0050,PABP1
KEGG	lif00230	Purine metabolism	5	46	0.59	0.31	0.0495	5671.A4HWN6,5671.A4HWN7,5671.A4HXF5,5671.A4HXY3,5671.A4HYI5	LINJ_15_1540,LINJ_15_1550,GMPR,PDEA,LINJ_19_1590
Reactome	MAP-162582	Signal Transduction	49	447	0.59	1.34	6.34e-13	5671.A4HRN3,5671.A4HRT2,5671.A4HRZ8,5671.A4HSQ5,5671.A4HT43,5671.A4HTB4,5671.A4HU44,5671.A4HUC8,5671.A4HUG1,5671.A4HV47,5671.A4HVN7,5671.A4HVU4,5671.A4HWN6,5671.A4HWN7,5671.A4HWP5,5671.A4HXP1,5671.A4HXU0,5671.A4HXY2,5671.A4HXY3,5671.A4HYH4,5671.A4HZA2,5671.A4HZI9,5671.A4HZT4,5671.A4HZT9,5671.A4HZV1,5671.A4HZY8,5671.A4I0Q5,5671.A4I109,5671.A4I1H6,5671.A4I1Z4,5671.A4I2M3,5671.A4I2S5,5671.A4I2S6,5671.A4I384,5671.A4I390,5671.A4I3S8,5671.A4I5D2,5671.A4I5X0,5671.A4I7N3,5671.A4I910,5671.A4I967,5671.A4I9Y5,5671.A4IB73,5671.A4IDD6,5671.A4IE38,5671.E9AG43,5671.E9AGB0,5671.E9AGF3,5671.E9AH29	LINJ_02_0330,LINJ_03_0200,LINJ_04_0030,LINJ_06_0140,LINJ_07_0410,LINJ_07_1030,LINJ_09_1280,LINJ_10_0200,MPK3,LINJ.12.0003,LINJ_13_0990,LINJ_14_0020,LINJ_15_1540,LINJ_15_1550,LINJ_15_1630,LINJ_18_0150,LINJ_18_0650,PKAC1,PDEA,MPK4,LINJ_21_0210,LINJ_21_2200,LINJ_22_0440,LINJ_22_0490,LINJ_22_0630,LINJ_22_0990,LINJ_24_0680,LINJ_24_2090,LINJ_25_1360,LINJ_26_0590,LINJ_27_0370,LINJ_27_1140,LINJ_27_1150,LINJ_28_0110,LINJ_28_0170,LDK,LINJ_30_1070,LINJ_30_2930,LINJ_32_0520,MPK11,LINJ_33_1810,LINJ_34_1840,LINJ_35_1720,LINJ_36_1730,RPT6,LINJ_03_0520,LINJ.12.0190,LINJ.12.0610,LINJ_24_0170
Reactome	MAP-168256	Immune System	44	373	0.63	1.39	1.12e-12	5671.A4HRE8,5671.A4HRT2,5671.A4HS64,5671.A4HSQ5,5671.A4HTB1,5671.A4HU44,5671.A4HUC8,5671.A4HUG1,5671.A4HV47,5671.A4HVN7,5671.A4HVU4,5671.A4HWP5,5671.A4HXC3,5671.A4HXY2,5671.A4HYH4,5671.A4HZI9,5671.A4HZT4,5671.A4HZT8,5671.A4HZT9,5671.A4I0Q5,5671.A4I0Y4,5671.A4I0Z7,5671.A4I122,5671.A4I135,5671.A4I1H6,5671.A4I2M3,5671.A4I2S6,5671.A4I384,5671.A4I390,5671.A4I4T3,5671.A4I5C2,5671.A4I5H1,5671.A4I5X0,5671.A4I7L2,5671.A4I910,5671.A4I9B7,5671.A4IB24,5671.A4IDD6,5671.A4IE38,5671.E9AG43,5671.E9AGB0,5671.E9AGI7,5671.E9AGR8,5671.E9AH29	LINJ_01_0270,LINJ_03_0200,LINJ_04_0680,LINJ_06_0140,LINJ_07_1000,LINJ_09_1280,LINJ_10_0200,MPK3,LINJ.12.0003,LINJ_13_0990,LINJ_14_0020,LINJ_15_1630,LINJ_17_0550,PKAC1,MPK4,LINJ_21_2200,LINJ_22_0440,LINJ_22_0480,LINJ_22_0490,LINJ_24_0680,LINJ_24_1500,LINJ_24_1970,LINJ_24_2220,LINJ_24_2350,LINJ_25_1360,LINJ_27_0370,LINJ_27_1150,LINJ_28_0110,LINJ_28_0170,LINJ_29_2350,LINJ_30_0970,LINJ_30_1460,LINJ_30_2930,LINJ_32_0730,MPK11,LINJ_33_2910,LINJ_35_1310,LINJ_36_1730,RPT6,LINJ_03_0520,LINJ.12.0190,LINJ.12.0830,LINJ_19_0150,LINJ_24_0170
Reactome	MAP-597592	Post-translational protein modification	44	375	0.62	1.38	1.12e-12	5671.A4HRM3,5671.A4HRN6,5671.A4HS64,5671.A4HTB1,5671.A4HU06,5671.A4HU44,5671.A4HUK3,5671.A4HUM8,5671.A4HUM9,5671.A4HV47,5671.A4HVF7,5671.A4HVN7,5671.A4HW20,5671.A4HWL4,5671.A4HWX0,5671.A4HXY4,5671.A4HXY7,5671.A4HYS3,5671.A4HZI9,5671.A4HZT4,5671.A4HZT8,5671.A4HZT9,5671.A4I122,5671.A4I2M3,5671.A4I2Q9,5671.A4I2S8,5671.A4I384,5671.A4I3V9,5671.A4I4U4,5671.A4I5J8,5671.A4I7G8,5671.A4I7L2,5671.A4I7N3,5671.A4I7U2,5671.A4I825,5671.A4I8B2,5671.A4I9B7,5671.A4I9G2,5671.A4IB24,5671.A4IDD6,5671.A4IE38,5671.E9AG43,5671.E9AGB0,5671.E9AH29	LINJ_02_0230,LINJ_02_0360,LINJ_04_0680,LINJ_07_1000,LINJ_09_0900,LINJ_09_1280,Rab11,LINJ_10_1250,LINJ_10_1260,LINJ.12.0003,LINJ_13_0220,LINJ_13_0990,LINJ_14_0820,TOP2,LINJ_16_0730,LINJ_18_1110,LINJ_18_1140,LINJ_20_0820,LINJ_21_2200,LINJ_22_0440,LINJ_22_0480,LINJ_22_0490,LINJ_24_2220,LINJ_27_0370,LINJ_27_0940,LINJ_27_1170,LINJ_28_0110,LINJ_28_2450,LINJ_29_2410,LINJ_30_1710,LINJ_32_0050,LINJ_32_0730,LINJ_32_0520,LINJ_32_1310,LINJ_32_2160,LINJ_32_3060,LINJ_33_2910,LINJ_33_3360,LINJ_35_1310,LINJ_36_1730,RPT6,LINJ_03_0520,LINJ.12.0190,LINJ_24_0170
Reactome	MAP-1640170	Cell Cycle	36	271	0.68	1.43	9.77e-12	5671.A4HRL5,5671.A4HRN3,5671.A4HRX5,5671.A4HSH7,5671.A4HSQ5,5671.A4HUS3,5671.A4HV47,5671.A4HVN7,5671.A4HVT1,5671.A4HWE8,5671.A4HWZ4,5671.A4HX71,5671.A4HZI9,5671.A4HZT4,5671.A4HZT9,5671.A4I122,5671.A4I1H6,5671.A4I1I6,5671.A4I1W9,5671.A4I2H1,5671.A4I302,5671.A4I384,5671.A4I3C6,5671.A4I4Y0,5671.A4I5K5,5671.A4I7G8,5671.A4I7W3,5671.A4I8F7,5671.A4I9B7,5671.A4IB73,5671.A4ICT0,5671.A4IDD6,5671.A4IE38,5671.E9AG43,5671.E9AGB0,5671.E9AHI7	LINJ_02_0100,LINJ_02_0330,LINJ_03_0870,LINJ_05_0550,LINJ_06_0140,LINJ_11_0110,LINJ.12.0003,LINJ_13_0990,LINJ_13_1580,LINJ_15_0520,CRK,LINJ_17_0070,LINJ_21_2200,LINJ_22_0440,LINJ_22_0490,LINJ_24_2220,LINJ_25_1360,LINJ_25_1460,CYC8,LINJ_26_2460,LINJ_27_1860,LINJ_28_0110,LMAIRK,LINJ_29_2830,LINJ_30_1780,LINJ_32_0050,LINJ_32_1520,CYC6,LINJ_33_2910,LINJ_35_1720,CRK3,LINJ_36_1730,RPT6,LINJ_03_0520,LINJ.12.0190,LINJ_29_1420
Reactome	MAP-69278	Cell Cycle, Mitotic	33	224	0.72	1.51	9.77e-12	5671.A4HRN3,5671.A4HRX5,5671.A4HSH7,5671.A4HSQ5,5671.A4HUS3,5671.A4HV47,5671.A4HVN7,5671.A4HVT1,5671.A4HWE8,5671.A4HWZ4,5671.A4HZI9,5671.A4HZT4,5671.A4HZT9,5671.A4I122,5671.A4I1H6,5671.A4I1I6,5671.A4I1W9,5671.A4I2H1,5671.A4I302,5671.A4I384,5671.A4I3C6,5671.A4I4Y0,5671.A4I5K5,5671.A4I7G8,5671.A4I8F7,5671.A4I9B7,5671.A4IB73,5671.A4ICT0,5671.A4IDD6,5671.A4IE38,5671.E9AG43,5671.E9AGB0,5671.E9AHI7	LINJ_02_0330,LINJ_03_0870,LINJ_05_0550,LINJ_06_0140,LINJ_11_0110,LINJ.12.0003,LINJ_13_0990,LINJ_13_1580,LINJ_15_0520,CRK,LINJ_21_2200,LINJ_22_0440,LINJ_22_0490,LINJ_24_2220,LINJ_25_1360,LINJ_25_1460,CYC8,LINJ_26_2460,LINJ_27_1860,LINJ_28_0110,LMAIRK,LINJ_29_2830,LINJ_30_1780,LINJ_32_0050,CYC6,LINJ_33_2910,LINJ_35_1720,CRK3,LINJ_36_1730,RPT6,LINJ_03_0520,LINJ.12.0190,LINJ_29_1420
Reactome	MAP-174178	APC/C:Cdh1 mediated degradation of Cdc20 and other APC/C:Cdh1 targeted proteins in late mitosis/early G1	16	43	1.12	1.97	2.64e-10	5671.A4HSQ5,5671.A4HV47,5671.A4HVN7,5671.A4HZI9,5671.A4HZT4,5671.A4HZT9,5671.A4I122,5671.A4I2H1,5671.A4I384,5671.A4I3C6,5671.A4I9B7,5671.A4IDD6,5671.A4IE38,5671.E9AG43,5671.E9AGB0,5671.E9AHI7	LINJ_06_0140,LINJ.12.0003,LINJ_13_0990,LINJ_21_2200,LINJ_22_0440,LINJ_22_0490,LINJ_24_2220,LINJ_26_2460,LINJ_28_0110,LMAIRK,LINJ_33_2910,LINJ_36_1730,RPT6,LINJ_03_0520,LINJ.12.0190,LINJ_29_1420
Reactome	MAP-174143	APC/C-mediated degradation of cell cycle proteins	16	48	1.08	1.84	8.92e-10	5671.A4HSQ5,5671.A4HV47,5671.A4HVN7,5671.A4HZI9,5671.A4HZT4,5671.A4HZT9,5671.A4I122,5671.A4I2H1,5671.A4I384,5671.A4I3C6,5671.A4I9B7,5671.A4IDD6,5671.A4IE38,5671.E9AG43,5671.E9AGB0,5671.E9AHI7	LINJ_06_0140,LINJ.12.0003,LINJ_13_0990,LINJ_21_2200,LINJ_22_0440,LINJ_22_0490,LINJ_24_2220,LINJ_26_2460,LINJ_28_0110,LMAIRK,LINJ_33_2910,LINJ_36_1730,RPT6,LINJ_03_0520,LINJ.12.0190,LINJ_29_1420
Reactome	MAP-453276	Regulation of mitotic cell cycle	16	48	1.08	1.84	8.92e-10	5671.A4HSQ5,5671.A4HV47,5671.A4HVN7,5671.A4HZI9,5671.A4HZT4,5671.A4HZT9,5671.A4I122,5671.A4I2H1,5671.A4I384,5671.A4I3C6,5671.A4I9B7,5671.A4IDD6,5671.A4IE38,5671.E9AG43,5671.E9AGB0,5671.E9AHI7	LINJ_06_0140,LINJ.12.0003,LINJ_13_0990,LINJ_21_2200,LINJ_22_0440,LINJ_22_0490,LINJ_24_2220,LINJ_26_2460,LINJ_28_0110,LMAIRK,LINJ_33_2910,LINJ_36_1730,RPT6,LINJ_03_0520,LINJ.12.0190,LINJ_29_1420
Reactome	MAP-1280218	Adaptive Immune System	24	155	0.74	1.33	5.39e-09	5671.A4HS64,5671.A4HTB1,5671.A4HV47,5671.A4HVN7,5671.A4HWP5,5671.A4HXY2,5671.A4HZI9,5671.A4HZT4,5671.A4HZT8,5671.A4HZT9,5671.A4I0Z7,5671.A4I122,5671.A4I135,5671.A4I1H6,5671.A4I384,5671.A4I5C2,5671.A4I5H1,5671.A4I7L2,5671.A4I9B7,5671.A4IB24,5671.A4IDD6,5671.A4IE38,5671.E9AG43,5671.E9AGB0	LINJ_04_0680,LINJ_07_1000,LINJ.12.0003,LINJ_13_0990,LINJ_15_1630,PKAC1,LINJ_21_2200,LINJ_22_0440,LINJ_22_0480,LINJ_22_0490,LINJ_24_1970,LINJ_24_2220,LINJ_24_2350,LINJ_25_1360,LINJ_28_0110,LINJ_30_0970,LINJ_30_1460,LINJ_32_0730,LINJ_33_2910,LINJ_35_1310,LINJ_36_1730,RPT6,LINJ_03_0520,LINJ.12.0190
Reactome	MAP-392499	Metabolism of proteins	48	595	0.46	0.95	5.39e-09	5671.A4HRE8,5671.A4HRM3,5671.A4HRN6,5671.A4HS64,5671.A4HTB1,5671.A4HU06,5671.A4HU44,5671.A4HUK3,5671.A4HUM8,5671.A4HUM9,5671.A4HV47,5671.A4HVF7,5671.A4HVN7,5671.A4HW20,5671.A4HWL4,5671.A4HWX0,5671.A4HXY4,5671.A4HXY7,5671.A4HYS3,5671.A4HZI9,5671.A4HZT4,5671.A4HZT8,5671.A4HZT9,5671.A4I122,5671.A4I2M3,5671.A4I2Q9,5671.A4I2S6,5671.A4I2S8,5671.A4I384,5671.A4I3V9,5671.A4I4U4,5671.A4I5J8,5671.A4I7G8,5671.A4I7L2,5671.A4I7N3,5671.A4I7U2,5671.A4I825,5671.A4I8B2,5671.A4I8F2,5671.A4I9B7,5671.A4I9G2,5671.A4IB24,5671.A4IDD6,5671.A4IE38,5671.E9AG43,5671.E9AGB0,5671.E9AGX7,5671.E9AH29	LINJ_01_0270,LINJ_02_0230,LINJ_02_0360,LINJ_04_0680,LINJ_07_1000,LINJ_09_0900,LINJ_09_1280,Rab11,LINJ_10_1250,LINJ_10_1260,LINJ.12.0003,LINJ_13_0220,LINJ_13_0990,LINJ_14_0820,TOP2,LINJ_16_0730,LINJ_18_1110,LINJ_18_1140,LINJ_20_0820,LINJ_21_2200,LINJ_22_0440,LINJ_22_0480,LINJ_22_0490,LINJ_24_2220,LINJ_27_0370,LINJ_27_0940,LINJ_27_1150,LINJ_27_1170,LINJ_28_0110,LINJ_28_2450,LINJ_29_2410,LINJ_30_1710,LINJ_32_0050,LINJ_32_0730,LINJ_32_0520,LINJ_32_1310,LINJ_32_2160,LINJ_32_3060,LINJ_32_3470,LINJ_33_2910,LINJ_33_3360,LINJ_35_1310,LINJ_36_1730,RPT6,LINJ_03_0520,LINJ.12.0190,LINJ_21_1330,LINJ_24_0170
Reactome	MAP-983168	Antigen processing: Ubiquitination & Proteasome degradation	20	101	0.85	1.46	5.39e-09	5671.A4HS64,5671.A4HTB1,5671.A4HV47,5671.A4HVN7,5671.A4HZI9,5671.A4HZT4,5671.A4HZT8,5671.A4HZT9,5671.A4I0Z7,5671.A4I122,5671.A4I135,5671.A4I384,5671.A4I5C2,5671.A4I7L2,5671.A4I9B7,5671.A4IB24,5671.A4IDD6,5671.A4IE38,5671.E9AG43,5671.E9AGB0	LINJ_04_0680,LINJ_07_1000,LINJ.12.0003,LINJ_13_0990,LINJ_21_2200,LINJ_22_0440,LINJ_22_0480,LINJ_22_0490,LINJ_24_1970,LINJ_24_2220,LINJ_24_2350,LINJ_28_0110,LINJ_30_0970,LINJ_32_0730,LINJ_33_2910,LINJ_35_1310,LINJ_36_1730,RPT6,LINJ_03_0520,LINJ.12.0190
Reactome	MAP-5688426	Deubiquitination	18	85	0.88	1.44	1.53e-08	5671.A4HU44,5671.A4HV47,5671.A4HVN7,5671.A4HWX0,5671.A4HZI9,5671.A4HZT4,5671.A4HZT9,5671.A4I2M3,5671.A4I2S8,5671.A4I384,5671.A4I4U4,5671.A4I7U2,5671.A4I8B2,5671.A4IDD6,5671.A4IE38,5671.E9AG43,5671.E9AGB0,5671.E9AH29	LINJ_09_1280,LINJ.12.0003,LINJ_13_0990,LINJ_16_0730,LINJ_21_2200,LINJ_22_0440,LINJ_22_0490,LINJ_27_0370,LINJ_27_1170,LINJ_28_0110,LINJ_29_2410,LINJ_32_1310,LINJ_32_3060,LINJ_36_1730,RPT6,LINJ_03_0520,LINJ.12.0190,LINJ_24_0170
Reactome	MAP-983169	Class I MHC mediated antigen processing & presentation	21	125	0.78	1.32	1.90e-08	5671.A4HS64,5671.A4HTB1,5671.A4HV47,5671.A4HVN7,5671.A4HZI9,5671.A4HZT4,5671.A4HZT8,5671.A4HZT9,5671.A4I0Z7,5671.A4I122,5671.A4I135,5671.A4I384,5671.A4I5C2,5671.A4I5H1,5671.A4I7L2,5671.A4I9B7,5671.A4IB24,5671.A4IDD6,5671.A4IE38,5671.E9AG43,5671.E9AGB0	LINJ_04_0680,LINJ_07_1000,LINJ.12.0003,LINJ_13_0990,LINJ_21_2200,LINJ_22_0440,LINJ_22_0480,LINJ_22_0490,LINJ_24_1970,LINJ_24_2220,LINJ_24_2350,LINJ_28_0110,LINJ_30_0970,LINJ_30_1460,LINJ_32_0730,LINJ_33_2910,LINJ_35_1310,LINJ_36_1730,RPT6,LINJ_03_0520,LINJ.12.0190
Reactome	MAP-9755511	KEAP1-NFE2L2 pathway	14	47	1.03	1.55	3.24e-08	5671.A4HSQ5,5671.A4HU44,5671.A4HV47,5671.A4HVN7,5671.A4HZI9,5671.A4HZT4,5671.A4HZT9,5671.A4I2M3,5671.A4I384,5671.A4IDD6,5671.A4IE38,5671.E9AG43,5671.E9AGB0,5671.E9AH29	LINJ_06_0140,LINJ_09_1280,LINJ.12.0003,LINJ_13_0990,LINJ_21_2200,LINJ_22_0440,LINJ_22_0490,LINJ_27_0370,LINJ_28_0110,LINJ_36_1730,RPT6,LINJ_03_0520,LINJ.12.0190,LINJ_24_0170
Reactome	MAP-9711123	Cellular response to chemical stress	16	76	0.88	1.32	1.37e-07	5671.A4HRE8,5671.A4HSF7,5671.A4HSQ5,5671.A4HU44,5671.A4HV47,5671.A4HVN7,5671.A4HZI9,5671.A4HZT4,5671.A4HZT9,5671.A4I2M3,5671.A4I384,5671.A4IDD6,5671.A4IE38,5671.E9AG43,5671.E9AGB0,5671.E9AH29	LINJ_01_0270,TRYR,LINJ_06_0140,LINJ_09_1280,LINJ.12.0003,LINJ_13_0990,LINJ_21_2200,LINJ_22_0440,LINJ_22_0490,LINJ_27_0370,LINJ_28_0110,LINJ_36_1730,RPT6,LINJ_03_0520,LINJ.12.0190,LINJ_24_0170
Reactome	MAP-5689880	Ub-specific processing proteases	15	66	0.91	1.34	1.66e-07	5671.A4HV47,5671.A4HVN7,5671.A4HWX0,5671.A4HZI9,5671.A4HZT4,5671.A4HZT9,5671.A4I2S8,5671.A4I384,5671.A4I4U4,5671.A4I7U2,5671.A4I8B2,5671.A4IDD6,5671.A4IE38,5671.E9AG43,5671.E9AGB0	LINJ.12.0003,LINJ_13_0990,LINJ_16_0730,LINJ_21_2200,LINJ_22_0440,LINJ_22_0490,LINJ_27_1170,LINJ_28_0110,LINJ_29_2410,LINJ_32_1310,LINJ_32_3060,LINJ_36_1730,RPT6,LINJ_03_0520,LINJ.12.0190
Reactome	MAP-69017	CDK-mediated phosphorylation and removal of Cdc6	12	36	1.08	1.48	1.66e-07	5671.A4HV47,5671.A4HVN7,5671.A4HZI9,5671.A4HZT4,5671.A4HZT9,5671.A4I122,5671.A4I384,5671.A4I9B7,5671.A4IDD6,5671.A4IE38,5671.E9AG43,5671.E9AGB0	LINJ.12.0003,LINJ_13_0990,LINJ_21_2200,LINJ_22_0440,LINJ_22_0490,LINJ_24_2220,LINJ_28_0110,LINJ_33_2910,LINJ_36_1730,RPT6,LINJ_03_0520,LINJ.12.0190
Reactome	MAP-8873719	RAB geranylgeranylation	11	28	1.15	1.53	1.74e-07	5671.A4HRM3,5671.A4HU06,5671.A4HUK3,5671.A4HUM8,5671.A4HUM9,5671.A4HVF7,5671.A4HW20,5671.A4HXY7,5671.A4I5J8,5671.A4I7N3,5671.A4I825	LINJ_02_0230,LINJ_09_0900,Rab11,LINJ_10_1250,LINJ_10_1260,LINJ_13_0220,LINJ_14_0820,LINJ_18_1140,LINJ_30_1710,LINJ_32_0520,LINJ_32_2160
Reactome	MAP-174084	Autodegradation of Cdh1 by Cdh1:APC/C	12	37	1.06	1.46	1.88e-07	5671.A4HSQ5,5671.A4HV47,5671.A4HVN7,5671.A4HZI9,5671.A4HZT4,5671.A4HZT9,5671.A4I122,5671.A4I384,5671.A4I9B7,5671.A4IE38,5671.E9AG43,5671.E9AGB0	LINJ_06_0140,LINJ.12.0003,LINJ_13_0990,LINJ_21_2200,LINJ_22_0440,LINJ_22_0490,LINJ_24_2220,LINJ_28_0110,LINJ_33_2910,RPT6,LINJ_03_0520,LINJ.12.0190
Reactome	MAP-212436	Generic Transcription Pathway	20	143	0.7	1.08	5.59e-07	5671.A4HRE8,5671.A4HRL5,5671.A4HRN3,5671.A4HSF7,5671.A4HSH7,5671.A4HSQ5,5671.A4HTU3,5671.A4HUS3,5671.A4HV47,5671.A4HWP5,5671.A4HWZ4,5671.A4HZ67,5671.A4I2H1,5671.A4I3C6,5671.A4I5K5,5671.A4I7W3,5671.A4IB73,5671.A4ICT0,5671.A4IDD6,5671.E9AHI7	LINJ_01_0270,LINJ_02_0100,LINJ_02_0330,TRYR,LINJ_05_0550,LINJ_06_0140,LINJ_09_0270,LINJ_11_0110,LINJ.12.0003,LINJ_15_1630,CRK,LINJ_21_0740,LINJ_26_2460,LMAIRK,LINJ_30_1780,LINJ_32_1520,LINJ_35_1720,CRK3,LINJ_36_1730,LINJ_29_1420
Reactome	MAP-69052	Switching of origins to a post-replicative state	12	45	0.98	1.27	1.08e-06	5671.A4HV47,5671.A4HVN7,5671.A4HZI9,5671.A4HZT4,5671.A4HZT9,5671.A4I122,5671.A4I384,5671.A4I9B7,5671.A4IDD6,5671.A4IE38,5671.E9AG43,5671.E9AGB0	LINJ.12.0003,LINJ_13_0990,LINJ_21_2200,LINJ_22_0440,LINJ_22_0490,LINJ_24_2220,LINJ_28_0110,LINJ_33_2910,LINJ_36_1730,RPT6,LINJ_03_0520,LINJ.12.0190
Reactome	MAP-187577	SCF(Skp2)-mediated degradation of p27/p21	10	29	1.09	1.3	2.03e-06	5671.A4HSQ5,5671.A4HV47,5671.A4HVN7,5671.A4HZI9,5671.A4HZT4,5671.A4HZT9,5671.A4I384,5671.A4IE38,5671.E9AG43,5671.E9AGB0	LINJ_06_0140,LINJ.12.0003,LINJ_13_0990,LINJ_21_2200,LINJ_22_0440,LINJ_22_0490,LINJ_28_0110,RPT6,LINJ_03_0520,LINJ.12.0190
Reactome	MAP-168249	Innate Immune System	22	191	0.61	0.94	2.17e-06	5671.A4HRE8,5671.A4HRT2,5671.A4HSQ5,5671.A4HU44,5671.A4HUC8,5671.A4HUG1,5671.A4HV47,5671.A4HWP5,5671.A4HYH4,5671.A4HZI9,5671.A4HZT4,5671.A4HZT9,5671.A4I0Q5,5671.A4I1H6,5671.A4I2M3,5671.A4I2S6,5671.A4I390,5671.A4I5X0,5671.A4I910,5671.A4IDD6,5671.E9AGR8,5671.E9AH29	LINJ_01_0270,LINJ_03_0200,LINJ_06_0140,LINJ_09_1280,LINJ_10_0200,MPK3,LINJ.12.0003,LINJ_15_1630,MPK4,LINJ_21_2200,LINJ_22_0440,LINJ_22_0490,LINJ_24_0680,LINJ_25_1360,LINJ_27_0370,LINJ_27_1150,LINJ_28_0170,LINJ_30_2930,MPK11,LINJ_36_1730,LINJ_19_0150,LINJ_24_0170
Reactome	MAP-1236978	Cross-presentation of soluble exogenous antigens (endosomes)	10	32	1.05	1.22	4.00e-06	5671.A4HV47,5671.A4HVN7,5671.A4HZI9,5671.A4HZT4,5671.A4HZT9,5671.A4I384,5671.A4IDD6,5671.A4IE38,5671.E9AG43,5671.E9AGB0	LINJ.12.0003,LINJ_13_0990,LINJ_21_2200,LINJ_22_0440,LINJ_22_0490,LINJ_28_0110,LINJ_36_1730,RPT6,LINJ_03_0520,LINJ.12.0190
Reactome	MAP-69202	Cyclin E associated events during G1/S transition	10	32	1.05	1.22	4.00e-06	5671.A4HSQ5,5671.A4HV47,5671.A4HVN7,5671.A4HZI9,5671.A4HZT4,5671.A4HZT9,5671.A4I384,5671.A4IE38,5671.E9AG43,5671.E9AGB0	LINJ_06_0140,LINJ.12.0003,LINJ_13_0990,LINJ_21_2200,LINJ_22_0440,LINJ_22_0490,LINJ_28_0110,RPT6,LINJ_03_0520,LINJ.12.0190
Reactome	MAP-69656	Cyclin A:Cdk2-associated events at S phase entry	10	32	1.05	1.22	4.00e-06	5671.A4HSQ5,5671.A4HV47,5671.A4HVN7,5671.A4HZI9,5671.A4HZT4,5671.A4HZT9,5671.A4I384,5671.A4IE38,5671.E9AG43,5671.E9AGB0	LINJ_06_0140,LINJ.12.0003,LINJ_13_0990,LINJ_21_2200,LINJ_22_0440,LINJ_22_0490,LINJ_28_0110,RPT6,LINJ_03_0520,LINJ.12.0190
Reactome	MAP-8951664	Neddylation	14	80	0.8	1.03	5.86e-06	5671.A4HU44,5671.A4HV47,5671.A4HVN7,5671.A4HXY4,5671.A4HZI9,5671.A4HZT4,5671.A4HZT9,5671.A4I2M3,5671.A4I384,5671.A4IDD6,5671.A4IE38,5671.E9AG43,5671.E9AGB0,5671.E9AH29	LINJ_09_1280,LINJ.12.0003,LINJ_13_0990,LINJ_18_1110,LINJ_21_2200,LINJ_22_0440,LINJ_22_0490,LINJ_27_0370,LINJ_28_0110,LINJ_36_1730,RPT6,LINJ_03_0520,LINJ.12.0190,LINJ_24_0170
Reactome	MAP-1236975	Antigen processing-Cross presentation	10	35	1.01	1.15	6.92e-06	5671.A4HV47,5671.A4HVN7,5671.A4HZI9,5671.A4HZT4,5671.A4HZT9,5671.A4I384,5671.A4IDD6,5671.A4IE38,5671.E9AG43,5671.E9AGB0	LINJ.12.0003,LINJ_13_0990,LINJ_21_2200,LINJ_22_0440,LINJ_22_0490,LINJ_28_0110,LINJ_36_1730,RPT6,LINJ_03_0520,LINJ.12.0190
Reactome	MAP-68949	Orc1 removal from chromatin	10	35	1.01	1.15	6.92e-06	5671.A4HV47,5671.A4HVN7,5671.A4HZI9,5671.A4HZT4,5671.A4HZT9,5671.A4I384,5671.A4IDD6,5671.A4IE38,5671.E9AG43,5671.E9AGB0	LINJ.12.0003,LINJ_13_0990,LINJ_21_2200,LINJ_22_0440,LINJ_22_0490,LINJ_28_0110,LINJ_36_1730,RPT6,LINJ_03_0520,LINJ.12.0190
Reactome	MAP-2262752	Cellular responses to stress	22	226	0.54	0.78	2.39e-05	5671.A4HRE8,5671.A4HRL5,5671.A4HSF7,5671.A4HSQ5,5671.A4HU44,5671.A4HUR8,5671.A4HV47,5671.A4HVN7,5671.A4HXQ3,5671.A4HZI9,5671.A4HZT4,5671.A4HZT9,5671.A4I122,5671.A4I2M3,5671.A4I384,5671.A4I7G8,5671.A4I9B7,5671.A4IDD6,5671.A4IE38,5671.E9AG43,5671.E9AGB0,5671.E9AH29	LINJ_01_0270,LINJ_02_0100,TRYR,LINJ_06_0140,LINJ_09_1280,LINJ_11_0060,LINJ.12.0003,LINJ_13_0990,GSK3,LINJ_21_2200,LINJ_22_0440,LINJ_22_0490,LINJ_24_2220,LINJ_27_0370,LINJ_28_0110,LINJ_32_0050,LINJ_33_2910,LINJ_36_1730,RPT6,LINJ_03_0520,LINJ.12.0190,LINJ_24_0170
Reactome	MAP-8953897	Cellular responses to stimuli	22	226	0.54	0.78	2.39e-05	5671.A4HRE8,5671.A4HRL5,5671.A4HSF7,5671.A4HSQ5,5671.A4HU44,5671.A4HUR8,5671.A4HV47,5671.A4HVN7,5671.A4HXQ3,5671.A4HZI9,5671.A4HZT4,5671.A4HZT9,5671.A4I122,5671.A4I2M3,5671.A4I384,5671.A4I7G8,5671.A4I9B7,5671.A4IDD6,5671.A4IE38,5671.E9AG43,5671.E9AGB0,5671.E9AH29	LINJ_01_0270,LINJ_02_0100,TRYR,LINJ_06_0140,LINJ_09_1280,LINJ_11_0060,LINJ.12.0003,LINJ_13_0990,GSK3,LINJ_21_2200,LINJ_22_0440,LINJ_22_0490,LINJ_24_2220,LINJ_27_0370,LINJ_28_0110,LINJ_32_0050,LINJ_33_2910,LINJ_36_1730,RPT6,LINJ_03_0520,LINJ.12.0190,LINJ_24_0170
Reactome	MAP-5689603	UCH proteinases	10	43	0.92	1.0	3.06e-05	5671.A4HV47,5671.A4HVN7,5671.A4HZI9,5671.A4HZT4,5671.A4HZT9,5671.A4I384,5671.A4IDD6,5671.A4IE38,5671.E9AG43,5671.E9AGB0	LINJ.12.0003,LINJ_13_0990,LINJ_21_2200,LINJ_22_0440,LINJ_22_0490,LINJ_28_0110,LINJ_36_1730,RPT6,LINJ_03_0520,LINJ.12.0190
Reactome	MAP-73857	RNA Polymerase II Transcription	20	196	0.56	0.77	3.57e-05	5671.A4HRE8,5671.A4HRL5,5671.A4HRN3,5671.A4HSF7,5671.A4HSH7,5671.A4HSQ5,5671.A4HTU3,5671.A4HUS3,5671.A4HV47,5671.A4HWP5,5671.A4HWZ4,5671.A4HZ67,5671.A4I2H1,5671.A4I3C6,5671.A4I5K5,5671.A4I7W3,5671.A4IB73,5671.A4ICT0,5671.A4IDD6,5671.E9AHI7	LINJ_01_0270,LINJ_02_0100,LINJ_02_0330,TRYR,LINJ_05_0550,LINJ_06_0140,LINJ_09_0270,LINJ_11_0110,LINJ.12.0003,LINJ_15_1630,CRK,LINJ_21_0740,LINJ_26_2460,LMAIRK,LINJ_30_1780,LINJ_32_1520,LINJ_35_1720,CRK3,LINJ_36_1730,LINJ_29_1420
Reactome	MAP-69239	Synthesis of DNA	12	69	0.79	0.92	3.74e-05	5671.A4HV47,5671.A4HVN7,5671.A4HZI9,5671.A4HZT4,5671.A4HZT9,5671.A4I122,5671.A4I384,5671.A4I9B7,5671.A4IDD6,5671.A4IE38,5671.E9AG43,5671.E9AGB0	LINJ.12.0003,LINJ_13_0990,LINJ_21_2200,LINJ_22_0440,LINJ_22_0490,LINJ_24_2220,LINJ_28_0110,LINJ_33_2910,LINJ_36_1730,RPT6,LINJ_03_0520,LINJ.12.0190
Reactome	MAP-69306	DNA Replication	13	86	0.73	0.86	5.43e-05	5671.A4HSQ5,5671.A4HV47,5671.A4HVN7,5671.A4HZI9,5671.A4HZT4,5671.A4HZT9,5671.A4I122,5671.A4I384,5671.A4I9B7,5671.A4IDD6,5671.A4IE38,5671.E9AG43,5671.E9AGB0	LINJ_06_0140,LINJ.12.0003,LINJ_13_0990,LINJ_21_2200,LINJ_22_0440,LINJ_22_0490,LINJ_24_2220,LINJ_28_0110,LINJ_33_2910,LINJ_36_1730,RPT6,LINJ_03_0520,LINJ.12.0190
Reactome	MAP-69242	S Phase	13	89	0.72	0.83	7.42e-05	5671.A4HSQ5,5671.A4HV47,5671.A4HVN7,5671.A4HZI9,5671.A4HZT4,5671.A4HZT9,5671.A4I122,5671.A4I384,5671.A4I9B7,5671.A4IDD6,5671.A4IE38,5671.E9AG43,5671.E9AGB0	LINJ_06_0140,LINJ.12.0003,LINJ_13_0990,LINJ_21_2200,LINJ_22_0440,LINJ_22_0490,LINJ_24_2220,LINJ_28_0110,LINJ_33_2910,LINJ_36_1730,RPT6,LINJ_03_0520,LINJ.12.0190
Reactome	MAP-9006934	Signaling by Receptor Tyrosine Kinases	11	64	0.79	0.85	0.00010	5671.A4HRT2,5671.A4HUC8,5671.A4HUG1,5671.A4HWP5,5671.A4HYH4,5671.A4I0Q5,5671.A4I1H6,5671.A4I390,5671.A4I5X0,5671.A4I7N3,5671.A4I910	LINJ_03_0200,LINJ_10_0200,MPK3,LINJ_15_1630,MPK4,LINJ_24_0680,LINJ_25_1360,LINJ_28_0170,LINJ_30_2930,LINJ_32_0520,MPK11
Reactome	MAP-453279	Mitotic G1 phase and G1/S transition	11	65	0.78	0.83	0.00012	5671.A4HSQ5,5671.A4HV47,5671.A4HVN7,5671.A4HZI9,5671.A4HZT4,5671.A4HZT9,5671.A4I1H6,5671.A4I384,5671.A4IE38,5671.E9AG43,5671.E9AGB0	LINJ_06_0140,LINJ.12.0003,LINJ_13_0990,LINJ_21_2200,LINJ_22_0440,LINJ_22_0490,LINJ_25_1360,LINJ_28_0110,RPT6,LINJ_03_0520,LINJ.12.0190
Reactome	MAP-69206	G1/S Transition	11	65	0.78	0.83	0.00012	5671.A4HSQ5,5671.A4HV47,5671.A4HVN7,5671.A4HZI9,5671.A4HZT4,5671.A4HZT9,5671.A4I1H6,5671.A4I384,5671.A4IE38,5671.E9AG43,5671.E9AGB0	LINJ_06_0140,LINJ.12.0003,LINJ_13_0990,LINJ_21_2200,LINJ_22_0440,LINJ_22_0490,LINJ_25_1360,LINJ_28_0110,RPT6,LINJ_03_0520,LINJ.12.0190
Reactome	MAP-74160	Gene expression (Transcription)	22	264	0.47	0.64	0.00018	5671.A4HRE8,5671.A4HRL5,5671.A4HRN3,5671.A4HSF7,5671.A4HSH7,5671.A4HSQ5,5671.A4HTU3,5671.A4HUS3,5671.A4HV47,5671.A4HWP5,5671.A4HWZ4,5671.A4HZ67,5671.A4I1I6,5671.A4I2H1,5671.A4I3C6,5671.A4I5K5,5671.A4I7G8,5671.A4I7W3,5671.A4IB73,5671.A4ICT0,5671.A4IDD6,5671.E9AHI7	LINJ_01_0270,LINJ_02_0100,LINJ_02_0330,TRYR,LINJ_05_0550,LINJ_06_0140,LINJ_09_0270,LINJ_11_0110,LINJ.12.0003,LINJ_15_1630,CRK,LINJ_21_0740,LINJ_25_1460,LINJ_26_2460,LMAIRK,LINJ_30_1780,LINJ_32_0050,LINJ_32_1520,LINJ_35_1720,CRK3,LINJ_36_1730,LINJ_29_1420
Reactome	MAP-8852135	Protein ubiquitination	7	22	1.06	0.9	0.00018	5671.A4HS64,5671.A4HTB1,5671.A4HZT8,5671.A4I122,5671.A4I7L2,5671.A4I9B7,5671.A4IB24	LINJ_04_0680,LINJ_07_1000,LINJ_22_0480,LINJ_24_2220,LINJ_32_0730,LINJ_33_2910,LINJ_35_1310
Reactome	MAP-422356	Regulation of insulin secretion	5	11	1.21	0.78	0.00089	5671.A4HRH0,5671.A4HRH2,5671.A4HRH5,5671.A4HRT4,5671.A4HXY2	LINJ_01_0490,LINJ_01_0510,LINJ_01_0540,LINJ_03_0220,PKAC1
Reactome	MAP-163685	Integration of energy metabolism	6	20	1.03	0.74	0.00099	5671.A4HRH0,5671.A4HRH2,5671.A4HRH5,5671.A4HRT4,5671.A4HXY2,5671.A4I7A2	LINJ_01_0490,LINJ_01_0510,LINJ_01_0540,LINJ_03_0220,PKAC1,LINJ_31_3080
Reactome	MAP-2555396	Mitotic Metaphase and Anaphase	9	58	0.74	0.64	0.0013	5671.A4HV47,5671.A4HVT1,5671.A4HWE8,5671.A4I122,5671.A4I1H6,5671.A4I1I6,5671.A4I7G8,5671.A4I9B7,5671.A4IDD6	LINJ.12.0003,LINJ_13_1580,LINJ_15_0520,LINJ_24_2220,LINJ_25_1360,LINJ_25_1460,LINJ_32_0050,LINJ_33_2910,LINJ_36_1730
Reactome	MAP-68882	Mitotic Anaphase	9	58	0.74	0.64	0.0013	5671.A4HV47,5671.A4HVT1,5671.A4HWE8,5671.A4I122,5671.A4I1H6,5671.A4I1I6,5671.A4I7G8,5671.A4I9B7,5671.A4IDD6	LINJ.12.0003,LINJ_13_1580,LINJ_15_0520,LINJ_24_2220,LINJ_25_1360,LINJ_25_1460,LINJ_32_0050,LINJ_33_2910,LINJ_36_1730
Reactome	MAP-400451	Free fatty acids regulate insulin secretion	4	7	1.31	0.69	0.0025	5671.A4HRH0,5671.A4HRH2,5671.A4HRH5,5671.A4HRT4	LINJ_01_0490,LINJ_01_0510,LINJ_01_0540,LINJ_03_0220
Reactome	MAP-434313	Intracellular metabolism of fatty acids regulates insulin secretion	4	7	1.31	0.69	0.0025	5671.A4HRH0,5671.A4HRH2,5671.A4HRH5,5671.A4HRT4	LINJ_01_0490,LINJ_01_0510,LINJ_01_0540,LINJ_03_0220
Reactome	MAP-5683057	MAPK family signaling cascades	7	38	0.82	0.59	0.0030	5671.A4HV47,5671.A4HZA2,5671.A4I1H6,5671.A4I390,5671.A4I3S8,5671.A4I9Y5,5671.A4IDD6	LINJ.12.0003,LINJ_21_0210,LINJ_25_1360,LINJ_28_0170,LDK,LINJ_34_1840,LINJ_36_1730
Reactome	MAP-69620	Cell Cycle Checkpoints	9	68	0.68	0.55	0.0035	5671.A4HRL5,5671.A4HV47,5671.A4HX71,5671.A4I122,5671.A4I1H6,5671.A4I4Y0,5671.A4I7W3,5671.A4I9B7,5671.A4IDD6	LINJ_02_0100,LINJ.12.0003,LINJ_17_0070,LINJ_24_2220,LINJ_25_1360,LINJ_29_2830,LINJ_32_1520,LINJ_33_2910,LINJ_36_1730
Reactome	MAP-8866652	Synthesis of active ubiquitin: roles of E1 and E2 enzymes	4	8	1.25	0.64	0.0035	5671.A4HZT8,5671.A4I122,5671.A4I7L2,5671.A4I9B7	LINJ_22_0480,LINJ_24_2220,LINJ_32_0730,LINJ_33_2910
Reactome	MAP-1430728	Metabolism	36	685	0.27	0.42	0.0036	5671.A2TEF2,5671.A4HRE8,5671.A4HRH0,5671.A4HRH2,5671.A4HRH5,5671.A4HRT1,5671.A4HRT4,5671.A4HRW8,5671.A4HSB4,5671.A4HSF7,5671.A4HUB8,5671.A4HUX0,5671.A4HV47,5671.A4HVU4,5671.A4HX32,5671.A4HXF5,5671.A4HXY2,5671.A4HYI5,5671.A4I093,5671.A4I109,5671.A4I1W7,5671.A4I2K5,5671.A4I342,5671.A4I4K7,5671.A4I4P1,5671.A4I628,5671.A4I646,5671.A4I7A2,5671.A4I8F6,5671.A4I931,5671.A4I9I3,5671.A4IA43,5671.A4ID56,5671.A4IDD6,5671.E9AGT9,5671.E9AHL8	CYP51,LINJ_01_0270,LINJ_01_0490,LINJ_01_0510,LINJ_01_0540,LINJ_03_0190,LINJ_03_0220,LINJ_03_0790,LINJ_04_1170,TRYR,LINJ_10_0090,LINJ_11_0600,LINJ.12.0003,LINJ_14_0020,LINJ_16_1430,GMPR,PKAC1,LINJ_19_1590,LINJ_23_0580,LINJ_24_2090,LINJ_26_0300,LINJ_27_0090,AKR,LINJ_29_1550,GCVL-1,LINJ_30_3430,LINJ_30_3610,LINJ_31_3080,GCVL-2,LINJ_33_1690,LINJ_34_0150,LINJ_34_2500,LINJ_36_3570,LINJ_36_1730,PGKC,LINJ_31_2720
Reactome	MAP-3700989	Transcriptional Regulation by TP53	11	104	0.58	0.51	0.0041	5671.A4HRE8,5671.A4HRL5,5671.A4HRN3,5671.A4HSF7,5671.A4HTU3,5671.A4HWP5,5671.A4I2H1,5671.A4I3C6,5671.A4I7W3,5671.A4IB73,5671.E9AHI7	LINJ_01_0270,LINJ_02_0100,LINJ_02_0330,TRYR,LINJ_09_0270,LINJ_15_1630,LINJ_26_2460,LMAIRK,LINJ_32_1520,LINJ_35_1720,LINJ_29_1420
Reactome	MAP-68886	M Phase	12	129	0.52	0.46	0.0064	5671.A4HRN3,5671.A4HRX5,5671.A4HV47,5671.A4HVT1,5671.A4HWE8,5671.A4I122,5671.A4I1H6,5671.A4I1I6,5671.A4I7G8,5671.A4I9B7,5671.A4IB73,5671.A4IDD6	LINJ_02_0330,LINJ_03_0870,LINJ.12.0003,LINJ_13_1580,LINJ_15_0520,LINJ_24_2220,LINJ_25_1360,LINJ_25_1460,LINJ_32_0050,LINJ_33_2910,LINJ_35_1720,LINJ_36_1730
Reactome	MAP-2514856	The phototransduction cascade	3	4	1.43	0.55	0.0091	5671.A4HY76,5671.A4HZM5,5671.A4I7H1	LINJ_19_0540,LINJ_21_0960,NMT
Reactome	MAP-2514859	Inactivation, recovery and regulation of the phototransduction cascade	3	4	1.43	0.55	0.0091	5671.A4HY76,5671.A4HZM5,5671.A4I7H1	LINJ_19_0540,LINJ_21_0960,NMT
Reactome	MAP-5358351	Signaling by Hedgehog	7	48	0.72	0.48	0.0092	5671.A4HSQ5,5671.A4HU44,5671.A4HV47,5671.A4HXY2,5671.A4I2M3,5671.A4IDD6,5671.E9AH29	LINJ_06_0140,LINJ_09_1280,LINJ.12.0003,PKAC1,LINJ_27_0370,LINJ_36_1730,LINJ_24_0170
Reactome	MAP-5687128	MAPK6/MAPK4 signaling	4	12	1.08	0.52	0.0101	5671.A4HV47,5671.A4HZA2,5671.A4I3S8,5671.A4IDD6	LINJ.12.0003,LINJ_21_0210,LDK,LINJ_36_1730
Reactome	MAP-69615	G1/S DNA Damage Checkpoints	4	12	1.08	0.52	0.0101	5671.A4HRL5,5671.A4HV47,5671.A4HX71,5671.A4IDD6	LINJ_02_0100,LINJ.12.0003,LINJ_17_0070,LINJ_36_1730
Reactome	MAP-70326	Glucose metabolism	6	35	0.79	0.48	0.0101	5671.A4HRW8,5671.A4HSB4,5671.A4I1W7,5671.A4I628,5671.A4I9I3,5671.E9AGT9	LINJ_03_0790,LINJ_04_1170,LINJ_26_0300,LINJ_30_3430,LINJ_34_0150,PGKC
Reactome	MAP-5358346	Hedgehog ligand biogenesis	5	23	0.89	0.49	0.0108	5671.A4HU44,5671.A4HV47,5671.A4I2M3,5671.A4IDD6,5671.E9AH29	LINJ_09_1280,LINJ.12.0003,LINJ_27_0370,LINJ_36_1730,LINJ_24_0170
Reactome	MAP-9609507	Protein localization	8	66	0.64	0.45	0.0108	5671.A4HWQ5,5671.A4HZ08,5671.A4I4C7,5671.A4I5W0,5671.A4I800,5671.A4IAB8,5671.A4IB20,5671.A4IDH4	LINJ_16_0070,LINJ_20_1580,LINJ_29_0770,LINJ_30_2830,LINJ_32_1940,LINJ_34_3300,LINJ_35_1270,LINJ_36_2130
Reactome	MAP-2187338	Visual phototransduction	3	5	1.33	0.51	0.0125	5671.A4HY76,5671.A4HZM5,5671.A4I7H1	LINJ_19_0540,LINJ_21_0960,NMT
Reactome	MAP-9006925	Intracellular signaling by second messengers	8	71	0.61	0.41	0.0160	5671.A4HRN3,5671.A4HV47,5671.A4HWP5,5671.A4HXY2,5671.A4HXY3,5671.A4I1H6,5671.A4IB73,5671.A4IDD6	LINJ_02_0330,LINJ.12.0003,LINJ_15_1630,PKAC1,PDEA,LINJ_25_1360,LINJ_35_1720,LINJ_36_1730
Reactome	MAP-69541	Stabilization of p53	3	6	1.25	0.47	0.0178	5671.A4HRL5,5671.A4HV47,5671.A4IDD6	LINJ_02_0100,LINJ.12.0003,LINJ_36_1730
Reactome	MAP-69563	p53-Dependent G1 DNA Damage Response	3	6	1.25	0.47	0.0178	5671.A4HRL5,5671.A4HV47,5671.A4IDD6	LINJ_02_0100,LINJ.12.0003,LINJ_36_1730
Reactome	MAP-69580	p53-Dependent G1/S DNA damage checkpoint	3	6	1.25	0.47	0.0178	5671.A4HRL5,5671.A4HV47,5671.A4IDD6	LINJ_02_0100,LINJ.12.0003,LINJ_36_1730
Reactome	MAP-75105	Fatty acyl-CoA biosynthesis	5	27	0.82	0.43	0.0181	5671.A4HRH0,5671.A4HRH2,5671.A4HRH5,5671.A4HRT4,5671.A4I931	LINJ_01_0490,LINJ_01_0510,LINJ_01_0540,LINJ_03_0220,LINJ_33_1690
Reactome	MAP-75876	Synthesis of very long-chain fatty acyl-CoAs	5	27	0.82	0.43	0.0181	5671.A4HRH0,5671.A4HRH2,5671.A4HRH5,5671.A4HRT4,5671.A4I931	LINJ_01_0490,LINJ_01_0510,LINJ_01_0540,LINJ_03_0220,LINJ_33_1690
Reactome	MAP-6798695	Neutrophil degranulation	9	92	0.54	0.39	0.0185	5671.A4HSQ5,5671.A4HU44,5671.A4HZI9,5671.A4HZT4,5671.A4HZT9,5671.A4I2M3,5671.A4I2S6,5671.E9AGR8,5671.E9AH29	LINJ_06_0140,LINJ_09_1280,LINJ_21_2200,LINJ_22_0440,LINJ_22_0490,LINJ_27_0370,LINJ_27_1150,LINJ_19_0150,LINJ_24_0170
Reactome	MAP-2995410	Nuclear Envelope (NE) Reassembly	4	16	0.95	0.43	0.0201	5671.A4HVT1,5671.A4HWE8,5671.A4I1I6,5671.A4I7G8	LINJ_13_1580,LINJ_15_0520,LINJ_25_1460,LINJ_32_0050
Reactome	MAP-211897	Cytochrome P450 - arranged by substrate type	3	7	1.19	0.44	0.0224	5671.A2TEF2,5671.A4I2K5,5671.A4I646	CYP51,LINJ_27_0090,LINJ_30_3610
Reactome	MAP-9709957	Sensory Perception	3	7	1.19	0.44	0.0224	5671.A4HY76,5671.A4HZM5,5671.A4I7H1	LINJ_19_0540,LINJ_21_0960,NMT
Reactome	MAP-174184	Cdc20:Phospho-APC/C mediated degradation of Cyclin A	4	17	0.92	0.42	0.0234	5671.A4HV47,5671.A4I122,5671.A4I9B7,5671.A4IDD6	LINJ.12.0003,LINJ_24_2220,LINJ_33_2910,LINJ_36_1730
Reactome	MAP-179419	APC:Cdc20 mediated degradation of cell cycle proteins prior to satisfation of the cell cycle checkpoint	4	17	0.92	0.42	0.0234	5671.A4HV47,5671.A4I122,5671.A4I9B7,5671.A4IDD6	LINJ.12.0003,LINJ_24_2220,LINJ_33_2910,LINJ_36_1730
Reactome	MAP-8948751	Regulation of PTEN stability and activity	4	17	0.92	0.42	0.0234	5671.A4HRN3,5671.A4HV47,5671.A4IB73,5671.A4IDD6	LINJ_02_0330,LINJ.12.0003,LINJ_35_1720,LINJ_36_1730
Reactome	MAP-390471	Association of TriC/CCT with target proteins during biosynthesis	3	8	1.13	0.41	0.0282	5671.A4I2S6,5671.A4I8F2,5671.E9AGX7	LINJ_27_1150,LINJ_32_3470,LINJ_21_1330
Reactome	MAP-6783984	Glycine degradation	3	8	1.13	0.41	0.0282	5671.A4I4P1,5671.A4I8F6,5671.E9AHL8	GCVL-1,GCVL-2,LINJ_31_2720
Reactome	MAP-6814122	Cooperation of PDCL (PhLP1) and TRiC/CCT in G-protein beta folding	3	8	1.13	0.41	0.0282	5671.A4I2S6,5671.A4I8F2,5671.E9AGX7	LINJ_27_1150,LINJ_32_3470,LINJ_21_1330
Reactome	MAP-71064	Lysine catabolism	3	8	1.13	0.41	0.0282	5671.A4I4P1,5671.A4I8F6,5671.E9AHL8	GCVL-1,GCVL-2,LINJ_31_2720
Reactome	MAP-174154	APC/C:Cdc20 mediated degradation of Securin	4	19	0.88	0.39	0.0302	5671.A4HV47,5671.A4I122,5671.A4I9B7,5671.A4IDD6	LINJ.12.0003,LINJ_24_2220,LINJ_33_2910,LINJ_36_1730
Reactome	MAP-176409	APC/C:Cdc20 mediated degradation of mitotic proteins	4	20	0.85	0.37	0.0351	5671.A4HV47,5671.A4I122,5671.A4I9B7,5671.A4IDD6	LINJ.12.0003,LINJ_24_2220,LINJ_33_2910,LINJ_36_1730
Reactome	MAP-176814	Activation of APC/C and APC/C:Cdc20 mediated degradation of mitotic proteins	4	20	0.85	0.37	0.0351	5671.A4HV47,5671.A4I122,5671.A4I9B7,5671.A4IDD6	LINJ.12.0003,LINJ_24_2220,LINJ_33_2910,LINJ_36_1730
Reactome	MAP-5633007	Regulation of TP53 Activity	5	34	0.72	0.36	0.0358	5671.A4HRL5,5671.A4HRN3,5671.A4HWP5,5671.A4I7W3,5671.A4IB73	LINJ_02_0100,LINJ_02_0330,LINJ_15_1630,LINJ_32_1520,LINJ_35_1720
Reactome	MAP-71403	Citric acid cycle (TCA cycle)	4	21	0.83	0.36	0.0394	5671.A4I4P1,5671.A4I8F6,5671.A4I9I3,5671.E9AHL8	GCVL-1,GCVL-2,LINJ_34_0150,LINJ_31_2720
Reactome	MAP-6807070	PTEN Regulation	4	22	0.81	0.34	0.0451	5671.A4HRN3,5671.A4HV47,5671.A4IB73,5671.A4IDD6	LINJ_02_0330,LINJ.12.0003,LINJ_35_1720,LINJ_36_1730
Reactome	MAP-2467813	Separation of Sister Chromatids	5	37	0.68	0.33	0.0478	5671.A4HV47,5671.A4I122,5671.A4I1H6,5671.A4I9B7,5671.A4IDD6	LINJ.12.0003,LINJ_24_2220,LINJ_25_1360,LINJ_33_2910,LINJ_36_1730
COMPARTMENTS	GOCC:0005622	Intracellular	193	4020	0.23	0.85	4.85e-26	5671.A0A381MFJ0,5671.A2TEF2,5671.A4HRE8,5671.A4HRH0,5671.A4HRH2,5671.A4HRH5,5671.A4HRL5,5671.A4HRM3,5671.A4HRN3,5671.A4HRN6,5671.A4HRT1,5671.A4HRT2,5671.A4HRT4,5671.A4HRW8,5671.A4HRX5,5671.A4HS39,5671.A4HS64,5671.A4HSB4,5671.A4HSD9,5671.A4HSF7,5671.A4HSH7,5671.A4HSP6,5671.A4HSQ5,5671.A4HT43,5671.A4HT95,5671.A4HTB1,5671.A4HTD0,5671.A4HTS6,5671.A4HTU3,5671.A4HTW1,5671.A4HU44,5671.A4HUB8,5671.A4HUC8,5671.A4HUG1,5671.A4HUJ0,5671.A4HUK3,5671.A4HUM8,5671.A4HUM9,5671.A4HUR6,5671.A4HUR8,5671.A4HUS3,5671.A4HV47,5671.A4HVF3,5671.A4HVF7,5671.A4HVK4,5671.A4HVM4,5671.A4HVN7,5671.A4HVS3,5671.A4HVT1,5671.A4HVV6,5671.A4HVZ9,5671.A4HW20,5671.A4HWE8,5671.A4HWL4,5671.A4HWP5,5671.A4HWQ5,5671.A4HWV8,5671.A4HWW3,5671.A4HWX0,5671.A4HWZ4,5671.A4HX71,5671.A4HXC3,5671.A4HXP1,5671.A4HXQ3,5671.A4HXY2,5671.A4HXY3,5671.A4HXY4,5671.A4HXY7,5671.A4HY76,5671.A4HYH4,5671.A4HYH5,5671.A4HYI5,5671.A4HYJ4,5671.A4HYS3,5671.A4HYV4,5671.A4HZ08,5671.A4HZ67,5671.A4HZA2,5671.A4HZG8,5671.A4HZI9,5671.A4HZT4,5671.A4HZT8,5671.A4HZT9,5671.A4I000,5671.A4I093,5671.A4I0Q5,5671.A4I0Y4,5671.A4I0Z7,5671.A4I109,5671.A4I122,5671.A4I135,5671.A4I186,5671.A4I194,5671.A4I1H6,5671.A4I1I6,5671.A4I1W7,5671.A4I1W9,5671.A4I1Z4,5671.A4I1Z8,5671.A4I2H1,5671.A4I2I8,5671.A4I2M3,5671.A4I2Q7,5671.A4I2Q9,5671.A4I2S5,5671.A4I2S6,5671.A4I2S8,5671.A4I302,5671.A4I342,5671.A4I384,5671.A4I390,5671.A4I3C6,5671.A4I3C9,5671.A4I3K3,5671.A4I3S8,5671.A4I3V8,5671.A4I3V9,5671.A4I4C7,5671.A4I4M8,5671.A4I4P1,5671.A4I4U4,5671.A4I4W3,5671.A4I4W4,5671.A4I4Y0,5671.A4I4Y5,5671.A4I5C2,5671.A4I5D2,5671.A4I5H1,5671.A4I5J7,5671.A4I5J8,5671.A4I5K5,5671.A4I5W0,5671.A4I5W9,5671.A4I5X0,5671.A4I628,5671.A4I638,5671.A4I6L1,5671.A4I7A2,5671.A4I7C0,5671.A4I7G8,5671.A4I7H1,5671.A4I7L2,5671.A4I7N3,5671.A4I7U2,5671.A4I7W3,5671.A4I800,5671.A4I825,5671.A4I8B2,5671.A4I8C9,5671.A4I8F2,5671.A4I8F6,5671.A4I8F7,5671.A4I910,5671.A4I931,5671.A4I9B2,5671.A4I9B7,5671.A4I9G2,5671.A4I9I3,5671.A4I9V5,5671.A4I9Y5,5671.A4IA43,5671.A4IAB8,5671.A4IAM7,5671.A4IAZ8,5671.A4IB17,5671.A4IB20,5671.A4IB24,5671.A4IB59,5671.A4IB73,5671.A4IBG5,5671.A4IC25,5671.A4IC57,5671.A4IC77,5671.A4ICH8,5671.A4ICT0,5671.A4ID13,5671.A4ID56,5671.A4IDD6,5671.A4IDE7,5671.A4IDH4,5671.A4IDU8,5671.A4IE38,5671.E9AG43,5671.E9AGB0,5671.E9AGF3,5671.E9AGR8,5671.E9AGT9,5671.E9AGX7,5671.E9AH29,5671.E9AH89,5671.E9AHI7,5671.E9AHL8,5671.E9AHR7	H1A-1,CYP51,LINJ_01_0270,LINJ_01_0490,LINJ_01_0510,LINJ_01_0540,LINJ_02_0100,LINJ_02_0230,LINJ_02_0330,LINJ_02_0360,LINJ_03_0190,LINJ_03_0200,LINJ_03_0220,LINJ_03_0790,LINJ_03_0870,LINJ_04_0430,LINJ_04_0680,LINJ_04_1170,LINJ_05_0100,TRYR,LINJ_05_0550,LINJ_06_0030,LINJ_06_0140,LINJ_07_0410,LINJ_07_0790,LINJ_07_1000,LINJ_07_1210,LINJ_09_0100,LINJ_09_0270,LINJ_09_0520,LINJ_09_1280,LINJ_10_0090,LINJ_10_0200,MPK3,LINJ_10_0830,Rab11,LINJ_10_1250,LINJ_10_1260,LINJ_11_0040,LINJ_11_0060,LINJ_11_0110,LINJ.12.0003,LINJ_13_0170,LINJ_13_0220,LINJ_13_0650,KATNAL2,LINJ_13_0990,LINJ_13_1500,LINJ_13_1580,LINJ_14_0140,LINJ_14_0580,LINJ_14_0820,LINJ_15_0520,TOP2,LINJ_15_1630,LINJ_16_0070,LINJ_16_0590,LINJ_16_0640,LINJ_16_0730,CRK,LINJ_17_0070,LINJ_17_0550,LINJ_18_0150,GSK3,PKAC1,PDEA,LINJ_18_1110,LINJ_18_1140,LINJ_19_0540,MPK4,NOS,LINJ_19_1590,LINJ_20_0020,LINJ_20_0820,LINJ_20_1140,LINJ_20_1580,LINJ_21_0740,LINJ_21_0210,LINJ_21_1990,LINJ_21_2200,LINJ_22_0440,LINJ_22_0480,LINJ_22_0490,LINJ_22_1260,LINJ_23_0580,LINJ_24_0680,LINJ_24_1500,LINJ_24_1970,LINJ_24_2090,LINJ_24_2220,LINJ_24_2350,LINJ_25_0440,LINJ_25_0540,LINJ_25_1360,LINJ_25_1460,LINJ_26_0300,CYC8,LINJ_26_0590,LINJ_26_0630,LINJ_26_2460,LINJ_26_2540,LINJ_27_0370,LINJ_27_0920,LINJ_27_0940,LINJ_27_1140,LINJ_27_1150,LINJ_27_1170,LINJ_27_1860,AKR,LINJ_28_0110,LINJ_28_0170,LMAIRK,RAD51,LINJ_28_1350,LDK,LINJ_28_2440,LINJ_28_2450,LINJ_29_0770,ABCH2,GCVL-1,LINJ_29_2410,LINJ_29_2600,VPS4,LINJ_29_2830,LINJ_29_2940,LINJ_30_0970,LINJ_30_1070,LINJ_30_1460,LINJ_30_1700,LINJ_30_1710,LINJ_30_1780,LINJ_30_2830,LINJ_30_2920,LINJ_30_2930,LINJ_30_3430,LINJ_30_3530,LINJ_31_0560,LINJ_31_3080,LINJ_31_3260,LINJ_32_0050,NMT,LINJ_32_0730,LINJ_32_0520,LINJ_32_1310,LINJ_32_1520,LINJ_32_1940,LINJ_32_2160,LINJ_32_3060,LINJ_32_3240,LINJ_32_3470,GCVL-2,CYC6,MPK11,LINJ_33_1690,LINJ_33_2860,LINJ_33_2910,LINJ_33_3360,LINJ_34_0150,LINJ_34_1530,LINJ_34_1840,LINJ_34_2500,LINJ_34_3300,LINJ_34_1900,LINJ_35_1030,LINJ_35_1240,LINJ_35_1270,LINJ_35_1310,MCA5,LINJ_35_1720,LINJ_35_2600,DMC1,PABP1,LINJ_36_5580,LINJ_36_2850,CRK3,LINJ_36_4020,LINJ_36_3570,LINJ_36_1730,LINJ_36_1840,LINJ_36_2130,LINJ_36_5500,RPT6,LINJ_03_0520,LINJ.12.0190,LINJ.12.0610,LINJ_19_0150,PGKC,LINJ_21_1330,LINJ_24_0170,LINJ_24_1890,LINJ_29_1420,LINJ_31_2720,LINJ_33_2620
COMPARTMENTS	GOCC:0110165	Cellular anatomical entity	186	4735	0.15	0.63	1.16e-11	5671.A0A381MFJ0,5671.A2TEF2,5671.A4HRE8,5671.A4HRH0,5671.A4HRH2,5671.A4HRH5,5671.A4HRL5,5671.A4HRM3,5671.A4HRM7,5671.A4HRN6,5671.A4HRS7,5671.A4HRT1,5671.A4HRT2,5671.A4HRT4,5671.A4HRW8,5671.A4HRX5,5671.A4HRZ8,5671.A4HS39,5671.A4HSB4,5671.A4HSD9,5671.A4HSF7,5671.A4HSP6,5671.A4HT43,5671.A4HT82,5671.A4HT95,5671.A4HTB4,5671.A4HTD0,5671.A4HTS6,5671.A4HTU3,5671.A4HTW1,5671.A4HU06,5671.A4HU13,5671.A4HUB8,5671.A4HUC8,5671.A4HUG1,5671.A4HUJ0,5671.A4HUK3,5671.A4HUM8,5671.A4HUM9,5671.A4HUR6,5671.A4HUR8,5671.A4HVF3,5671.A4HVF7,5671.A4HVK4,5671.A4HVM4,5671.A4HVP4,5671.A4HVS3,5671.A4HVT1,5671.A4HVU4,5671.A4HVV6,5671.A4HVZ9,5671.A4HW20,5671.A4HWE8,5671.A4HWN6,5671.A4HWN7,5671.A4HWP5,5671.A4HWQ5,5671.A4HWV8,5671.A4HWW3,5671.A4HWX0,5671.A4HX32,5671.A4HX71,5671.A4HXC3,5671.A4HXP1,5671.A4HXQ3,5671.A4HXU0,5671.A4HXY3,5671.A4HXY7,5671.A4HY76,5671.A4HYH4,5671.A4HYH5,5671.A4HYI5,5671.A4HYJ4,5671.A4HYS3,5671.A4HYY3,5671.A4HZ08,5671.A4HZ67,5671.A4HZA2,5671.A4HZG8,5671.A4HZM5,5671.A4HZT8,5671.A4HZV1,5671.A4HZY8,5671.A4I000,5671.A4I093,5671.A4I0Q5,5671.A4I0Y4,5671.A4I109,5671.A4I122,5671.A4I186,5671.A4I194,5671.A4I1D4,5671.A4I1H6,5671.A4I1I6,5671.A4I1J8,5671.A4I1W7,5671.A4I1Z4,5671.A4I1Z8,5671.A4I2H1,5671.A4I2I8,5671.A4I2K5,5671.A4I2M3,5671.A4I2Q7,5671.A4I2Q9,5671.A4I2S5,5671.A4I2S6,5671.A4I302,5671.A4I342,5671.A4I345,5671.A4I390,5671.A4I3C6,5671.A4I3C9,5671.A4I3F5,5671.A4I3K3,5671.A4I3S8,5671.A4I3V8,5671.A4I4C7,5671.A4I4K7,5671.A4I4M8,5671.A4I4P1,5671.A4I4W3,5671.A4I4W4,5671.A4I4Y0,5671.A4I4Y5,5671.A4I5D2,5671.A4I5H1,5671.A4I5J7,5671.A4I5J8,5671.A4I5W0,5671.A4I5W9,5671.A4I5X0,5671.A4I628,5671.A4I638,5671.A4I646,5671.A4I6L1,5671.A4I6Q3,5671.A4I7A2,5671.A4I7C0,5671.A4I7G8,5671.A4I7H1,5671.A4I7L2,5671.A4I7N3,5671.A4I7U2,5671.A4I7W3,5671.A4I800,5671.A4I825,5671.A4I8B2,5671.A4I8C9,5671.A4I8F2,5671.A4I8F6,5671.A4I910,5671.A4I931,5671.A4I967,5671.A4I9B2,5671.A4I9B7,5671.A4I9G2,5671.A4I9I3,5671.A4I9V5,5671.A4I9Y5,5671.A4IA43,5671.A4IAB8,5671.A4IAM7,5671.A4IAZ8,5671.A4IB17,5671.A4IB20,5671.A4IB59,5671.A4IBG5,5671.A4IC25,5671.A4IC57,5671.A4IC77,5671.A4ICH8,5671.A4ID13,5671.A4ID56,5671.A4IDE7,5671.A4IDH4,5671.A4IDU8,5671.E9AG43,5671.E9AGF3,5671.E9AGR8,5671.E9AGT9,5671.E9AGX7,5671.E9AH29,5671.E9AH89,5671.E9AHI7,5671.E9AHL8,5671.E9AHR7	H1A-1,CYP51,LINJ_01_0270,LINJ_01_0490,LINJ_01_0510,LINJ_01_0540,LINJ_02_0100,LINJ_02_0230,LINJ_02_0270,LINJ_02_0360,LINJ_03_0150,LINJ_03_0190,LINJ_03_0200,LINJ_03_0220,LINJ_03_0790,LINJ_03_0870,LINJ_04_0030,LINJ_04_0430,LINJ_04_1170,LINJ_05_0100,TRYR,LINJ_06_0030,LINJ_07_0410,LINJ_07_0510,LINJ_07_0790,LINJ_07_1030,LINJ_07_1210,LINJ_09_0100,LINJ_09_0270,LINJ_09_0520,LINJ_09_0900,LINJ_09_0970,LINJ_10_0090,LINJ_10_0200,MPK3,LINJ_10_0830,Rab11,LINJ_10_1250,LINJ_10_1260,LINJ_11_0040,LINJ_11_0060,LINJ_13_0170,LINJ_13_0220,LINJ_13_0650,KATNAL2,LINJ_13_1060,LINJ_13_1500,LINJ_13_1580,LINJ_14_0020,LINJ_14_0140,LINJ_14_0580,LINJ_14_0820,LINJ_15_0520,LINJ_15_1540,LINJ_15_1550,LINJ_15_1630,LINJ_16_0070,LINJ_16_0590,LINJ_16_0640,LINJ_16_0730,LINJ_16_1430,LINJ_17_0070,LINJ_17_0550,LINJ_18_0150,GSK3,LINJ_18_0650,PDEA,LINJ_18_1140,LINJ_19_0540,MPK4,NOS,LINJ_19_1590,LINJ_20_0020,LINJ_20_0820,LINJ_20_1450,LINJ_20_1580,LINJ_21_0740,LINJ_21_0210,LINJ_21_1990,LINJ_21_0960,LINJ_22_0480,LINJ_22_0630,LINJ_22_0990,LINJ_22_1260,LINJ_23_0580,LINJ_24_0680,LINJ_24_1500,LINJ_24_2090,LINJ_24_2220,LINJ_25_0440,LINJ_25_0540,LINJ_25_0960,LINJ_25_1360,LINJ_25_1460,LINJ_25_1580,LINJ_26_0300,LINJ_26_0590,LINJ_26_0630,LINJ_26_2460,LINJ_26_2540,LINJ_27_0090,LINJ_27_0370,LINJ_27_0920,LINJ_27_0940,LINJ_27_1140,LINJ_27_1150,LINJ_27_1860,AKR,LINJ_27_2390,LINJ_28_0170,LMAIRK,RAD51,LINJ_28_0860,LINJ_28_1350,LDK,LINJ_28_2440,LINJ_29_0770,LINJ_29_1550,ABCH2,GCVL-1,LINJ_29_2600,VPS4,LINJ_29_2830,LINJ_29_2940,LINJ_30_1070,LINJ_30_1460,LINJ_30_1700,LINJ_30_1710,LINJ_30_2830,LINJ_30_2920,LINJ_30_2930,LINJ_30_3430,LINJ_30_3530,LINJ_30_3610,LINJ_31_0560,ABCC4,LINJ_31_3080,LINJ_31_3260,LINJ_32_0050,NMT,LINJ_32_0730,LINJ_32_0520,LINJ_32_1310,LINJ_32_1520,LINJ_32_1940,LINJ_32_2160,LINJ_32_3060,LINJ_32_3240,LINJ_32_3470,GCVL-2,MPK11,LINJ_33_1690,LINJ_33_1810,LINJ_33_2860,LINJ_33_2910,LINJ_33_3360,LINJ_34_0150,LINJ_34_1530,LINJ_34_1840,LINJ_34_2500,LINJ_34_3300,LINJ_34_1900,LINJ_35_1030,LINJ_35_1240,LINJ_35_1270,MCA5,LINJ_35_2600,DMC1,PABP1,LINJ_36_5580,LINJ_36_2850,LINJ_36_4020,LINJ_36_3570,LINJ_36_1840,LINJ_36_2130,LINJ_36_5500,LINJ_03_0520,LINJ.12.0610,LINJ_19_0150,PGKC,LINJ_21_1330,LINJ_24_0170,LINJ_24_1890,LINJ_29_1420,LINJ_31_2720,LINJ_33_2620
COMPARTMENTS	GOCC:0000502	Proteasome complex	12	42	1.01	1.21	3.32e-06	5671.A4HSQ5,5671.A4HU44,5671.A4HV47,5671.A4HVN7,5671.A4HZI9,5671.A4HZT4,5671.A4HZT9,5671.A4I384,5671.A4IDD6,5671.A4IE38,5671.E9AG43,5671.E9AGB0	LINJ_06_0140,LINJ_09_1280,LINJ.12.0003,LINJ_13_0990,LINJ_21_2200,LINJ_22_0440,LINJ_22_0490,LINJ_28_0110,LINJ_36_1730,RPT6,LINJ_03_0520,LINJ.12.0190
COMPARTMENTS	GOCC:1902494	Catalytic complex	36	437	0.47	0.8	3.32e-06	5671.A4HRN6,5671.A4HRW8,5671.A4HSQ5,5671.A4HTU3,5671.A4HU44,5671.A4HUX0,5671.A4HV47,5671.A4HVF3,5671.A4HVN7,5671.A4HVS3,5671.A4HVU4,5671.A4HVV6,5671.A4HWV8,5671.A4HXF5,5671.A4HXY4,5671.A4HZG8,5671.A4HZI9,5671.A4HZT4,5671.A4HZT8,5671.A4HZT9,5671.A4I109,5671.A4I1W7,5671.A4I1W9,5671.A4I384,5671.A4I3V8,5671.A4I4P1,5671.A4I5H1,5671.A4I7A2,5671.A4I8F6,5671.A4I8F7,5671.A4I9B7,5671.A4IDD6,5671.A4IE38,5671.E9AG43,5671.E9AGB0,5671.E9AHL8	LINJ_02_0360,LINJ_03_0790,LINJ_06_0140,LINJ_09_0270,LINJ_09_1280,LINJ_11_0600,LINJ.12.0003,LINJ_13_0170,LINJ_13_0990,LINJ_13_1500,LINJ_14_0020,LINJ_14_0140,LINJ_16_0590,GMPR,LINJ_18_1110,LINJ_21_1990,LINJ_21_2200,LINJ_22_0440,LINJ_22_0480,LINJ_22_0490,LINJ_24_2090,LINJ_26_0300,CYC8,LINJ_28_0110,LINJ_28_2440,GCVL-1,LINJ_30_1460,LINJ_31_3080,GCVL-2,CYC6,LINJ_33_2910,LINJ_36_1730,RPT6,LINJ_03_0520,LINJ.12.0190,LINJ_31_2720
COMPARTMENTS	GOCC:0008540	Proteasome regulatory particle, base subcomplex	7	10	1.4	1.21	1.84e-05	5671.A4HU44,5671.A4HVN7,5671.A4HZT4,5671.A4HZT9,5671.A4IE38,5671.E9AG43,5671.E9AGB0	LINJ_09_1280,LINJ_13_0990,LINJ_22_0440,LINJ_22_0490,RPT6,LINJ_03_0520,LINJ.12.0190
COMPARTMENTS	GOCC:0043229	Intracellular organelle	109	2762	0.15	0.41	0.00085	5671.A0A381MFJ0,5671.A2TEF2,5671.A4HRH0,5671.A4HRH2,5671.A4HRH5,5671.A4HRL5,5671.A4HRM3,5671.A4HRN6,5671.A4HRT1,5671.A4HRT2,5671.A4HRT4,5671.A4HSB4,5671.A4HSD9,5671.A4HSF7,5671.A4HT95,5671.A4HTD0,5671.A4HTS6,5671.A4HTU3,5671.A4HTW1,5671.A4HUC8,5671.A4HUG1,5671.A4HUJ0,5671.A4HUK3,5671.A4HUM8,5671.A4HVF3,5671.A4HVF7,5671.A4HVK4,5671.A4HVM4,5671.A4HVT1,5671.A4HVV6,5671.A4HVZ9,5671.A4HW20,5671.A4HWE8,5671.A4HWQ5,5671.A4HWW3,5671.A4HXP1,5671.A4HXQ3,5671.A4HXY7,5671.A4HY76,5671.A4HYH4,5671.A4HYH5,5671.A4HYI5,5671.A4HYJ4,5671.A4HYS3,5671.A4HZ08,5671.A4HZA2,5671.A4HZT8,5671.A4I000,5671.A4I0Q5,5671.A4I122,5671.A4I186,5671.A4I194,5671.A4I1I6,5671.A4I1Z4,5671.A4I1Z8,5671.A4I2H1,5671.A4I2I8,5671.A4I2M3,5671.A4I2Q7,5671.A4I2Q9,5671.A4I302,5671.A4I342,5671.A4I3C6,5671.A4I3C9,5671.A4I3K3,5671.A4I3S8,5671.A4I3V8,5671.A4I4C7,5671.A4I4W4,5671.A4I4Y5,5671.A4I5H1,5671.A4I5J7,5671.A4I5J8,5671.A4I5W0,5671.A4I5X0,5671.A4I638,5671.A4I6L1,5671.A4I7C0,5671.A4I7G8,5671.A4I7N3,5671.A4I7W3,5671.A4I800,5671.A4I825,5671.A4I910,5671.A4I931,5671.A4I9B7,5671.A4I9G2,5671.A4I9V5,5671.A4IA43,5671.A4IAB8,5671.A4IAM7,5671.A4IAZ8,5671.A4IB20,5671.A4IB59,5671.A4IBG5,5671.A4IC25,5671.A4IC57,5671.A4IC77,5671.A4ICH8,5671.A4ID56,5671.A4IDE7,5671.A4IDH4,5671.A4IDU8,5671.E9AGF3,5671.E9AGR8,5671.E9AGT9,5671.E9AH29,5671.E9AHI7,5671.E9AHR7	H1A-1,CYP51,LINJ_01_0490,LINJ_01_0510,LINJ_01_0540,LINJ_02_0100,LINJ_02_0230,LINJ_02_0360,LINJ_03_0190,LINJ_03_0200,LINJ_03_0220,LINJ_04_1170,LINJ_05_0100,TRYR,LINJ_07_0790,LINJ_07_1210,LINJ_09_0100,LINJ_09_0270,LINJ_09_0520,LINJ_10_0200,MPK3,LINJ_10_0830,Rab11,LINJ_10_1250,LINJ_13_0170,LINJ_13_0220,LINJ_13_0650,KATNAL2,LINJ_13_1580,LINJ_14_0140,LINJ_14_0580,LINJ_14_0820,LINJ_15_0520,LINJ_16_0070,LINJ_16_0640,LINJ_18_0150,GSK3,LINJ_18_1140,LINJ_19_0540,MPK4,NOS,LINJ_19_1590,LINJ_20_0020,LINJ_20_0820,LINJ_20_1580,LINJ_21_0210,LINJ_22_0480,LINJ_22_1260,LINJ_24_0680,LINJ_24_2220,LINJ_25_0440,LINJ_25_0540,LINJ_25_1460,LINJ_26_0590,LINJ_26_0630,LINJ_26_2460,LINJ_26_2540,LINJ_27_0370,LINJ_27_0920,LINJ_27_0940,LINJ_27_1860,AKR,LMAIRK,RAD51,LINJ_28_1350,LDK,LINJ_28_2440,LINJ_29_0770,VPS4,LINJ_29_2940,LINJ_30_1460,LINJ_30_1700,LINJ_30_1710,LINJ_30_2830,LINJ_30_2930,LINJ_30_3530,LINJ_31_0560,LINJ_31_3260,LINJ_32_0050,LINJ_32_0520,LINJ_32_1520,LINJ_32_1940,LINJ_32_2160,MPK11,LINJ_33_1690,LINJ_33_2910,LINJ_33_3360,LINJ_34_1530,LINJ_34_2500,LINJ_34_3300,LINJ_34_1900,LINJ_35_1030,LINJ_35_1270,MCA5,LINJ_35_2600,DMC1,PABP1,LINJ_36_5580,LINJ_36_2850,LINJ_36_3570,LINJ_36_1840,LINJ_36_2130,LINJ_36_5500,LINJ.12.0610,LINJ_19_0150,PGKC,LINJ_24_0170,LINJ_29_1420,LINJ_33_2620
COMPARTMENTS	GOCC:1990234	Transferase complex	17	194	0.5	0.49	0.0038	5671.A4HRW8,5671.A4HTU3,5671.A4HVF3,5671.A4HVU4,5671.A4HVV6,5671.A4HXY4,5671.A4HZT8,5671.A4I109,5671.A4I1W7,5671.A4I1W9,5671.A4I3V8,5671.A4I4P1,5671.A4I5H1,5671.A4I8F6,5671.A4I8F7,5671.A4I9B7,5671.E9AHL8	LINJ_03_0790,LINJ_09_0270,LINJ_13_0170,LINJ_14_0020,LINJ_14_0140,LINJ_18_1110,LINJ_22_0480,LINJ_24_2090,LINJ_26_0300,CYC8,LINJ_28_2440,GCVL-1,LINJ_30_1460,GCVL-2,CYC6,LINJ_33_2910,LINJ_31_2720
COMPARTMENTS	GOCC:0043226	Organelle	115	3092	0.12	0.34	0.0056	5671.A0A381MFJ0,5671.A2TEF2,5671.A4HRH0,5671.A4HRH2,5671.A4HRH5,5671.A4HRL5,5671.A4HRM3,5671.A4HRN6,5671.A4HRT1,5671.A4HRT2,5671.A4HRT4,5671.A4HRX5,5671.A4HSB4,5671.A4HSD9,5671.A4HSF7,5671.A4HT95,5671.A4HTD0,5671.A4HTS6,5671.A4HTU3,5671.A4HTW1,5671.A4HU06,5671.A4HUC8,5671.A4HUG1,5671.A4HUJ0,5671.A4HUK3,5671.A4HUM8,5671.A4HUM9,5671.A4HVF3,5671.A4HVF7,5671.A4HVK4,5671.A4HVM4,5671.A4HVP4,5671.A4HVT1,5671.A4HVV6,5671.A4HVZ9,5671.A4HW20,5671.A4HWE8,5671.A4HWQ5,5671.A4HWW3,5671.A4HX32,5671.A4HXP1,5671.A4HXQ3,5671.A4HXY7,5671.A4HY76,5671.A4HYH4,5671.A4HYH5,5671.A4HYI5,5671.A4HYJ4,5671.A4HYS3,5671.A4HZ08,5671.A4HZA2,5671.A4HZT8,5671.A4I000,5671.A4I0Q5,5671.A4I122,5671.A4I186,5671.A4I194,5671.A4I1I6,5671.A4I1Z4,5671.A4I1Z8,5671.A4I2H1,5671.A4I2I8,5671.A4I2M3,5671.A4I2Q7,5671.A4I2Q9,5671.A4I302,5671.A4I342,5671.A4I3C6,5671.A4I3C9,5671.A4I3K3,5671.A4I3S8,5671.A4I3V8,5671.A4I4C7,5671.A4I4K7,5671.A4I4W4,5671.A4I4Y5,5671.A4I5H1,5671.A4I5J7,5671.A4I5J8,5671.A4I5W0,5671.A4I5X0,5671.A4I638,5671.A4I6L1,5671.A4I7C0,5671.A4I7G8,5671.A4I7N3,5671.A4I7W3,5671.A4I800,5671.A4I825,5671.A4I910,5671.A4I931,5671.A4I9B7,5671.A4I9G2,5671.A4I9V5,5671.A4IA43,5671.A4IAB8,5671.A4IAM7,5671.A4IAZ8,5671.A4IB20,5671.A4IB59,5671.A4IBG5,5671.A4IC25,5671.A4IC57,5671.A4IC77,5671.A4ICH8,5671.A4ID56,5671.A4IDE7,5671.A4IDH4,5671.A4IDU8,5671.E9AGF3,5671.E9AGR8,5671.E9AGT9,5671.E9AH29,5671.E9AHI7,5671.E9AHR7	H1A-1,CYP51,LINJ_01_0490,LINJ_01_0510,LINJ_01_0540,LINJ_02_0100,LINJ_02_0230,LINJ_02_0360,LINJ_03_0190,LINJ_03_0200,LINJ_03_0220,LINJ_03_0870,LINJ_04_1170,LINJ_05_0100,TRYR,LINJ_07_0790,LINJ_07_1210,LINJ_09_0100,LINJ_09_0270,LINJ_09_0520,LINJ_09_0900,LINJ_10_0200,MPK3,LINJ_10_0830,Rab11,LINJ_10_1250,LINJ_10_1260,LINJ_13_0170,LINJ_13_0220,LINJ_13_0650,KATNAL2,LINJ_13_1060,LINJ_13_1580,LINJ_14_0140,LINJ_14_0580,LINJ_14_0820,LINJ_15_0520,LINJ_16_0070,LINJ_16_0640,LINJ_16_1430,LINJ_18_0150,GSK3,LINJ_18_1140,LINJ_19_0540,MPK4,NOS,LINJ_19_1590,LINJ_20_0020,LINJ_20_0820,LINJ_20_1580,LINJ_21_0210,LINJ_22_0480,LINJ_22_1260,LINJ_24_0680,LINJ_24_2220,LINJ_25_0440,LINJ_25_0540,LINJ_25_1460,LINJ_26_0590,LINJ_26_0630,LINJ_26_2460,LINJ_26_2540,LINJ_27_0370,LINJ_27_0920,LINJ_27_0940,LINJ_27_1860,AKR,LMAIRK,RAD51,LINJ_28_1350,LDK,LINJ_28_2440,LINJ_29_0770,LINJ_29_1550,VPS4,LINJ_29_2940,LINJ_30_1460,LINJ_30_1700,LINJ_30_1710,LINJ_30_2830,LINJ_30_2930,LINJ_30_3530,LINJ_31_0560,LINJ_31_3260,LINJ_32_0050,LINJ_32_0520,LINJ_32_1520,LINJ_32_1940,LINJ_32_2160,MPK11,LINJ_33_1690,LINJ_33_2910,LINJ_33_3360,LINJ_34_1530,LINJ_34_2500,LINJ_34_3300,LINJ_34_1900,LINJ_35_1030,LINJ_35_1270,MCA5,LINJ_35_2600,DMC1,PABP1,LINJ_36_5580,LINJ_36_2850,LINJ_36_3570,LINJ_36_1840,LINJ_36_2130,LINJ_36_5500,LINJ.12.0610,LINJ_19_0150,PGKC,LINJ_24_0170,LINJ_29_1420,LINJ_33_2620
COMPARTMENTS	GOCC:0005839	Proteasome core complex	5	15	1.08	0.53	0.0087	5671.A4HSQ5,5671.A4HV47,5671.A4HZI9,5671.A4I384,5671.A4IDD6	LINJ_06_0140,LINJ.12.0003,LINJ_21_2200,LINJ_28_0110,LINJ_36_1730
COMPARTMENTS	GOCC:0019774	Proteasome core complex, beta-subunit complex	4	8	1.25	0.52	0.0113	5671.A4HSQ5,5671.A4HV47,5671.A4I384,5671.A4IDD6	LINJ_06_0140,LINJ.12.0003,LINJ_28_0110,LINJ_36_1730
COMPARTMENTS	GOCC:0005741	Mitochondrial outer membrane	10	92	0.59	0.39	0.0206	5671.A4HRH0,5671.A4HRH2,5671.A4HRH5,5671.A4HYH5,5671.A4I194,5671.A4I342,5671.A4I825,5671.A4IB20,5671.A4IBG5,5671.A4ID56	LINJ_01_0490,LINJ_01_0510,LINJ_01_0540,NOS,LINJ_25_0540,AKR,LINJ_32_2160,LINJ_35_1270,LINJ_35_2600,LINJ_36_3570
COMPARTMENTS	GOCC:0032991	Protein-containing complex	63	1500	0.18	0.3	0.0216	5671.A4HRN3,5671.A4HRN6,5671.A4HRW8,5671.A4HS64,5671.A4HSQ5,5671.A4HTB1,5671.A4HTU3,5671.A4HU44,5671.A4HUB8,5671.A4HUX0,5671.A4HV47,5671.A4HVF3,5671.A4HVN7,5671.A4HVS3,5671.A4HVU4,5671.A4HVV6,5671.A4HVZ9,5671.A4HWL4,5671.A4HWV8,5671.A4HXF5,5671.A4HXY2,5671.A4HXY4,5671.A4HYJ4,5671.A4HYV4,5671.A4HZG8,5671.A4HZI9,5671.A4HZT4,5671.A4HZT8,5671.A4HZT9,5671.A4I109,5671.A4I1I6,5671.A4I1W7,5671.A4I1W9,5671.A4I2H1,5671.A4I2M3,5671.A4I2Q7,5671.A4I2S5,5671.A4I2S6,5671.A4I384,5671.A4I3C6,5671.A4I3V8,5671.A4I3V9,5671.A4I4P1,5671.A4I4W4,5671.A4I4Y5,5671.A4I5H1,5671.A4I7A2,5671.A4I7G8,5671.A4I7W3,5671.A4I8F2,5671.A4I8F6,5671.A4I8F7,5671.A4I9B7,5671.A4IB24,5671.A4IB73,5671.A4IDD6,5671.A4IE38,5671.E9AG43,5671.E9AGB0,5671.E9AGX7,5671.E9AH29,5671.E9AHL8,5671.E9AHR7	LINJ_02_0330,LINJ_02_0360,LINJ_03_0790,LINJ_04_0680,LINJ_06_0140,LINJ_07_1000,LINJ_09_0270,LINJ_09_1280,LINJ_10_0090,LINJ_11_0600,LINJ.12.0003,LINJ_13_0170,LINJ_13_0990,LINJ_13_1500,LINJ_14_0020,LINJ_14_0140,LINJ_14_0580,TOP2,LINJ_16_0590,GMPR,PKAC1,LINJ_18_1110,LINJ_20_0020,LINJ_20_1140,LINJ_21_1990,LINJ_21_2200,LINJ_22_0440,LINJ_22_0480,LINJ_22_0490,LINJ_24_2090,LINJ_25_1460,LINJ_26_0300,CYC8,LINJ_26_2460,LINJ_27_0370,LINJ_27_0920,LINJ_27_1140,LINJ_27_1150,LINJ_28_0110,LMAIRK,LINJ_28_2440,LINJ_28_2450,GCVL-1,VPS4,LINJ_29_2940,LINJ_30_1460,LINJ_31_3080,LINJ_32_0050,LINJ_32_1520,LINJ_32_3470,GCVL-2,CYC6,LINJ_33_2910,LINJ_35_1310,LINJ_35_1720,LINJ_36_1730,RPT6,LINJ_03_0520,LINJ.12.0190,LINJ_21_1330,LINJ_24_0170,LINJ_31_2720,LINJ_33_2620
COMPARTMENTS	GOCC:0005737	Cytoplasm	79	2014	0.15	0.29	0.0217	5671.A2TEF2,5671.A4HRH0,5671.A4HRH2,5671.A4HRH5,5671.A4HRM3,5671.A4HRT1,5671.A4HRW8,5671.A4HS39,5671.A4HSB4,5671.A4HSD9,5671.A4HSF7,5671.A4HT43,5671.A4HT95,5671.A4HTD0,5671.A4HTS6,5671.A4HUB8,5671.A4HUK3,5671.A4HUR6,5671.A4HVF7,5671.A4HVK4,5671.A4HVS3,5671.A4HW20,5671.A4HWQ5,5671.A4HWV8,5671.A4HXY3,5671.A4HXY7,5671.A4HYH5,5671.A4HYI5,5671.A4HYS3,5671.A4HZ08,5671.A4HZ67,5671.A4HZG8,5671.A4I093,5671.A4I109,5671.A4I194,5671.A4I1H6,5671.A4I1W7,5671.A4I1Z4,5671.A4I1Z8,5671.A4I2M3,5671.A4I2Q9,5671.A4I2S5,5671.A4I2S6,5671.A4I342,5671.A4I390,5671.A4I3K3,5671.A4I4C7,5671.A4I4M8,5671.A4I4P1,5671.A4I4W4,5671.A4I5D2,5671.A4I6L1,5671.A4I7A2,5671.A4I7G8,5671.A4I7H1,5671.A4I7L2,5671.A4I7N3,5671.A4I825,5671.A4I8B2,5671.A4I8F2,5671.A4I8F6,5671.A4I931,5671.A4I9B2,5671.A4I9G2,5671.A4I9I3,5671.A4IA43,5671.A4IAB8,5671.A4IB20,5671.A4IB59,5671.A4IBG5,5671.A4IC57,5671.A4ICH8,5671.A4ID56,5671.A4IDE7,5671.E9AG43,5671.E9AGT9,5671.E9AGX7,5671.E9AH29,5671.E9AHL8	CYP51,LINJ_01_0490,LINJ_01_0510,LINJ_01_0540,LINJ_02_0230,LINJ_03_0190,LINJ_03_0790,LINJ_04_0430,LINJ_04_1170,LINJ_05_0100,TRYR,LINJ_07_0410,LINJ_07_0790,LINJ_07_1210,LINJ_09_0100,LINJ_10_0090,Rab11,LINJ_11_0040,LINJ_13_0220,LINJ_13_0650,LINJ_13_1500,LINJ_14_0820,LINJ_16_0070,LINJ_16_0590,PDEA,LINJ_18_1140,NOS,LINJ_19_1590,LINJ_20_0820,LINJ_20_1580,LINJ_21_0740,LINJ_21_1990,LINJ_23_0580,LINJ_24_2090,LINJ_25_0540,LINJ_25_1360,LINJ_26_0300,LINJ_26_0590,LINJ_26_0630,LINJ_27_0370,LINJ_27_0940,LINJ_27_1140,LINJ_27_1150,AKR,LINJ_28_0170,LINJ_28_1350,LINJ_29_0770,ABCH2,GCVL-1,VPS4,LINJ_30_1070,LINJ_31_0560,LINJ_31_3080,LINJ_32_0050,NMT,LINJ_32_0730,LINJ_32_0520,LINJ_32_2160,LINJ_32_3060,LINJ_32_3470,GCVL-2,LINJ_33_1690,LINJ_33_2860,LINJ_33_3360,LINJ_34_0150,LINJ_34_2500,LINJ_34_3300,LINJ_35_1270,MCA5,LINJ_35_2600,PABP1,LINJ_36_2850,LINJ_36_3570,LINJ_36_1840,LINJ_03_0520,PGKC,LINJ_21_1330,LINJ_24_0170,LINJ_31_2720
UniProt Keywords	KW-0547	Nucleotide-binding	74	468	0.75	2.31	2.47e-31	5671.A0A381MFJ0,5671.A4HRL5,5671.A4HRM7,5671.A4HRN3,5671.A4HRN6,5671.A4HRS7,5671.A4HS64,5671.A4HSF7,5671.A4HSH7,5671.A4HT82,5671.A4HTB1,5671.A4HTB4,5671.A4HTD0,5671.A4HU06,5671.A4HUG1,5671.A4HUK3,5671.A4HUR6,5671.A4HVM4,5671.A4HVN7,5671.A4HVU4,5671.A4HW20,5671.A4HWL4,5671.A4HWP5,5671.A4HWQ5,5671.A4HWZ4,5671.A4HXU0,5671.A4HXY2,5671.A4HYH4,5671.A4HYV4,5671.A4HZT4,5671.A4HZT9,5671.A4HZV1,5671.A4I093,5671.A4I0Y4,5671.A4I122,5671.A4I194,5671.A4I1I6,5671.A4I2I8,5671.A4I2Q7,5671.A4I2S6,5671.A4I3C6,5671.A4I3C9,5671.A4I3V9,5671.A4I4M8,5671.A4I4P1,5671.A4I4W4,5671.A4I5X0,5671.A4I638,5671.A4I6L1,5671.A4I6Q3,5671.A4I7A2,5671.A4I7C0,5671.A4I7L2,5671.A4I7N3,5671.A4I7W3,5671.A4I800,5671.A4I825,5671.A4I8F2,5671.A4I8F6,5671.A4I9B7,5671.A4IAZ8,5671.A4IB20,5671.A4IB24,5671.A4IB73,5671.A4IC25,5671.A4ICH8,5671.A4ICT0,5671.A4IE38,5671.E9AG43,5671.E9AGB0,5671.E9AGX7,5671.E9AH29,5671.E9AHL8,5671.E9AHR7	H1A-1,LINJ_02_0100,LINJ_02_0270,LINJ_02_0330,LINJ_02_0360,LINJ_03_0150,LINJ_04_0680,TRYR,LINJ_05_0550,LINJ_07_0510,LINJ_07_1000,LINJ_07_1030,LINJ_07_1210,LINJ_09_0900,MPK3,Rab11,LINJ_11_0040,KATNAL2,LINJ_13_0990,LINJ_14_0020,LINJ_14_0820,TOP2,LINJ_15_1630,LINJ_16_0070,CRK,LINJ_18_0650,PKAC1,MPK4,LINJ_20_1140,LINJ_22_0440,LINJ_22_0490,LINJ_22_0630,LINJ_23_0580,LINJ_24_1500,LINJ_24_2220,LINJ_25_0540,LINJ_25_1460,LINJ_26_2540,LINJ_27_0920,LINJ_27_1150,LMAIRK,RAD51,LINJ_28_2450,ABCH2,GCVL-1,VPS4,LINJ_30_2930,LINJ_30_3530,LINJ_31_0560,ABCC4,LINJ_31_3080,LINJ_31_3260,LINJ_32_0730,LINJ_32_0520,LINJ_32_1520,LINJ_32_1940,LINJ_32_2160,LINJ_32_3470,GCVL-2,LINJ_33_2910,LINJ_35_1030,LINJ_35_1270,LINJ_35_1310,LINJ_35_1720,DMC1,LINJ_36_2850,CRK3,RPT6,LINJ_03_0520,LINJ.12.0190,LINJ_21_1330,LINJ_24_0170,LINJ_31_2720,LINJ_33_2620
UniProt Keywords	KW-0067	ATP-binding	64	399	0.76	2.24	4.40e-27	5671.A0A381MFJ0,5671.A4HRL5,5671.A4HRM7,5671.A4HRN3,5671.A4HRN6,5671.A4HRS7,5671.A4HS64,5671.A4HSH7,5671.A4HT82,5671.A4HTB1,5671.A4HTB4,5671.A4HTD0,5671.A4HUG1,5671.A4HUR6,5671.A4HVM4,5671.A4HVN7,5671.A4HVU4,5671.A4HWL4,5671.A4HWP5,5671.A4HWQ5,5671.A4HWZ4,5671.A4HXU0,5671.A4HXY2,5671.A4HYH4,5671.A4HYV4,5671.A4HZT4,5671.A4HZT9,5671.A4HZV1,5671.A4I093,5671.A4I0Y4,5671.A4I122,5671.A4I194,5671.A4I2I8,5671.A4I2Q7,5671.A4I2S6,5671.A4I3C6,5671.A4I3C9,5671.A4I3V9,5671.A4I4M8,5671.A4I4W4,5671.A4I5X0,5671.A4I638,5671.A4I6L1,5671.A4I6Q3,5671.A4I7A2,5671.A4I7C0,5671.A4I7L2,5671.A4I7W3,5671.A4I800,5671.A4I8F2,5671.A4I9B7,5671.A4IAZ8,5671.A4IB20,5671.A4IB24,5671.A4IB73,5671.A4IC25,5671.A4ICH8,5671.A4ICT0,5671.A4IE38,5671.E9AG43,5671.E9AGB0,5671.E9AGX7,5671.E9AH29,5671.E9AHR7	H1A-1,LINJ_02_0100,LINJ_02_0270,LINJ_02_0330,LINJ_02_0360,LINJ_03_0150,LINJ_04_0680,LINJ_05_0550,LINJ_07_0510,LINJ_07_1000,LINJ_07_1030,LINJ_07_1210,MPK3,LINJ_11_0040,KATNAL2,LINJ_13_0990,LINJ_14_0020,TOP2,LINJ_15_1630,LINJ_16_0070,CRK,LINJ_18_0650,PKAC1,MPK4,LINJ_20_1140,LINJ_22_0440,LINJ_22_0490,LINJ_22_0630,LINJ_23_0580,LINJ_24_1500,LINJ_24_2220,LINJ_25_0540,LINJ_26_2540,LINJ_27_0920,LINJ_27_1150,LMAIRK,RAD51,LINJ_28_2450,ABCH2,VPS4,LINJ_30_2930,LINJ_30_3530,LINJ_31_0560,ABCC4,LINJ_31_3080,LINJ_31_3260,LINJ_32_0730,LINJ_32_1520,LINJ_32_1940,LINJ_32_3470,LINJ_33_2910,LINJ_35_1030,LINJ_35_1270,LINJ_35_1310,LINJ_35_1720,DMC1,LINJ_36_2850,CRK3,RPT6,LINJ_03_0520,LINJ.12.0190,LINJ_21_1330,LINJ_24_0170,LINJ_33_2620
UniProt Keywords	KW-0808	Transferase	67	675	0.55	1.41	7.25e-18	5671.A2TEF2,5671.A4HRL5,5671.A4HRN3,5671.A4HRN6,5671.A4HRT2,5671.A4HRW8,5671.A4HS64,5671.A4HSH7,5671.A4HT43,5671.A4HTB1,5671.A4HTB4,5671.A4HTU3,5671.A4HUC8,5671.A4HUG1,5671.A4HUR8,5671.A4HUS3,5671.A4HVF3,5671.A4HVU4,5671.A4HVV6,5671.A4HWP5,5671.A4HWZ4,5671.A4HX71,5671.A4HXC3,5671.A4HXQ3,5671.A4HXU0,5671.A4HXY2,5671.A4HYH4,5671.A4HYV4,5671.A4HZA2,5671.A4HZV1,5671.A4I0Q5,5671.A4I0Y4,5671.A4I109,5671.A4I122,5671.A4I1J8,5671.A4I1P7,5671.A4I1W7,5671.A4I2H1,5671.A4I2I8,5671.A4I302,5671.A4I3C6,5671.A4I3S8,5671.A4I3V8,5671.A4I4K7,5671.A4I4W3,5671.A4I4Y0,5671.A4I5C2,5671.A4I5K5,5671.A4I5X0,5671.A4I628,5671.A4I638,5671.A4I7H1,5671.A4I7L2,5671.A4I7W3,5671.A4I910,5671.A4I967,5671.A4I9B2,5671.A4I9B7,5671.A4I9Y5,5671.A4IAM7,5671.A4IAZ8,5671.A4IB24,5671.A4IB73,5671.A4IC77,5671.A4ICT0,5671.E9AGT9,5671.E9AHI7	CYP51,LINJ_02_0100,LINJ_02_0330,LINJ_02_0360,LINJ_03_0200,LINJ_03_0790,LINJ_04_0680,LINJ_05_0550,LINJ_07_0410,LINJ_07_1000,LINJ_07_1030,LINJ_09_0270,LINJ_10_0200,MPK3,LINJ_11_0060,LINJ_11_0110,LINJ_13_0170,LINJ_14_0020,LINJ_14_0140,LINJ_15_1630,CRK,LINJ_17_0070,LINJ_17_0550,GSK3,LINJ_18_0650,PKAC1,MPK4,LINJ_20_1140,LINJ_21_0210,LINJ_22_0630,LINJ_24_0680,LINJ_24_1500,LINJ_24_2090,LINJ_24_2220,LINJ_25_1580,LINJ_25_2070,LINJ_26_0300,LINJ_26_2460,LINJ_26_2540,LINJ_27_1860,LMAIRK,LDK,LINJ_28_2440,LINJ_29_1550,LINJ_29_2600,LINJ_29_2830,LINJ_30_0970,LINJ_30_1780,LINJ_30_2930,LINJ_30_3430,LINJ_30_3530,NMT,LINJ_32_0730,LINJ_32_1520,MPK11,LINJ_33_1810,LINJ_33_2860,LINJ_33_2910,LINJ_34_1840,LINJ_34_1900,LINJ_35_1030,LINJ_35_1310,LINJ_35_1720,LINJ_36_5580,CRK3,PGKC,LINJ_29_1420
UniProt Keywords	KW-0418	Kinase	37	211	0.8	1.94	3.89e-16	5671.A4HRL5,5671.A4HRN3,5671.A4HRW8,5671.A4HSH7,5671.A4HTB4,5671.A4HUC8,5671.A4HUG1,5671.A4HUS3,5671.A4HVU4,5671.A4HWP5,5671.A4HWZ4,5671.A4HX71,5671.A4HXQ3,5671.A4HXU0,5671.A4HXY2,5671.A4HYH4,5671.A4HYV4,5671.A4HZA2,5671.A4HZV1,5671.A4I0Y4,5671.A4I109,5671.A4I1W7,5671.A4I2I8,5671.A4I302,5671.A4I3C6,5671.A4I4K7,5671.A4I4Y0,5671.A4I5X0,5671.A4I628,5671.A4I638,5671.A4I7W3,5671.A4I910,5671.A4IAZ8,5671.A4IB73,5671.A4ICT0,5671.E9AGT9,5671.E9AHI7	LINJ_02_0100,LINJ_02_0330,LINJ_03_0790,LINJ_05_0550,LINJ_07_1030,LINJ_10_0200,MPK3,LINJ_11_0110,LINJ_14_0020,LINJ_15_1630,CRK,LINJ_17_0070,GSK3,LINJ_18_0650,PKAC1,MPK4,LINJ_20_1140,LINJ_21_0210,LINJ_22_0630,LINJ_24_1500,LINJ_24_2090,LINJ_26_0300,LINJ_26_2540,LINJ_27_1860,LMAIRK,LINJ_29_1550,LINJ_29_2830,LINJ_30_2930,LINJ_30_3430,LINJ_30_3530,LINJ_32_1520,MPK11,LINJ_35_1030,LINJ_35_1720,CRK3,PGKC,LINJ_29_1420
UniProt Keywords	KW-0723	Serine/threonine-protein kinase	22	63	1.1	2.5	1.43e-14	5671.A4HRL5,5671.A4HRN3,5671.A4HSH7,5671.A4HTB4,5671.A4HUG1,5671.A4HWP5,5671.A4HWZ4,5671.A4HXU0,5671.A4HXY2,5671.A4HYH4,5671.A4HYV4,5671.A4HZV1,5671.A4I0Y4,5671.A4I2I8,5671.A4I3C6,5671.A4I4Y0,5671.A4I5X0,5671.A4I638,5671.A4I7W3,5671.A4IAZ8,5671.A4IB73,5671.A4ICT0	LINJ_02_0100,LINJ_02_0330,LINJ_05_0550,LINJ_07_1030,MPK3,LINJ_15_1630,CRK,LINJ_18_0650,PKAC1,MPK4,LINJ_20_1140,LINJ_22_0630,LINJ_24_1500,LINJ_26_2540,LMAIRK,LINJ_29_2830,LINJ_30_2930,LINJ_30_3530,LINJ_32_1520,LINJ_35_1030,LINJ_35_1720,CRK3
UniProt Keywords	KW-0647	Proteasome	10	32	1.05	1.22	4.06e-06	5671.A4HSQ5,5671.A4HV47,5671.A4HVN7,5671.A4HZI9,5671.A4HZT4,5671.A4HZT9,5671.A4I384,5671.A4IDD6,5671.A4IE38,5671.E9AGB0	LINJ_06_0140,LINJ.12.0003,LINJ_13_0990,LINJ_21_2200,LINJ_22_0440,LINJ_22_0490,LINJ_28_0110,LINJ_36_1730,RPT6,LINJ.12.0190
UniProt Keywords	KW-0378	Hydrolase	38	547	0.4	0.7	9.84e-06	5671.A0A381MFJ0,5671.A4HRW8,5671.A4HRZ8,5671.A4HS39,5671.A4HSB4,5671.A4HSD9,5671.A4HSQ5,5671.A4HT82,5671.A4HTD0,5671.A4HTW1,5671.A4HV47,5671.A4HWN6,5671.A4HWN7,5671.A4HWX0,5671.A4HXP1,5671.A4HXY3,5671.A4HY76,5671.A4HYS3,5671.A4HZ67,5671.A4HZI9,5671.A4HZM5,5671.A4I1H6,5671.A4I1W7,5671.A4I2D8,5671.A4I2S8,5671.A4I384,5671.A4I390,5671.A4I4T3,5671.A4I4U4,5671.A4I7U2,5671.A4I8B2,5671.A4I9V5,5671.A4IDD6,5671.A4IDU8,5671.E9AG43,5671.E9AGF3,5671.E9AGI7,5671.E9AGR8	H1A-1,LINJ_03_0790,LINJ_04_0030,LINJ_04_0430,LINJ_04_1170,LINJ_05_0100,LINJ_06_0140,LINJ_07_0510,LINJ_07_1210,LINJ_09_0520,LINJ.12.0003,LINJ_15_1540,LINJ_15_1550,LINJ_16_0730,LINJ_18_0150,PDEA,LINJ_19_0540,LINJ_20_0820,LINJ_21_0740,LINJ_21_2200,LINJ_21_0960,LINJ_25_1360,LINJ_26_0300,LINJ_26_2100,LINJ_27_1170,LINJ_28_0110,LINJ_28_0170,LINJ_29_2350,LINJ_29_2410,LINJ_32_1310,LINJ_32_3060,LINJ_34_1530,LINJ_36_1730,LINJ_36_5500,LINJ_03_0520,LINJ.12.0610,LINJ.12.0830,LINJ_19_0150
UniProt Keywords	KW-0645	Protease	14	90	0.75	0.93	1.80e-05	5671.A4HS39,5671.A4HSQ5,5671.A4HV47,5671.A4HY76,5671.A4HZI9,5671.A4HZM5,5671.A4I2S8,5671.A4I384,5671.A4I4T3,5671.A4I4U4,5671.A4IDD6,5671.E9AG43,5671.E9AGI7,5671.E9AGR8	LINJ_04_0430,LINJ_06_0140,LINJ.12.0003,LINJ_19_0540,LINJ_21_2200,LINJ_21_0960,LINJ_27_1170,LINJ_28_0110,LINJ_29_2350,LINJ_29_2410,LINJ_36_1730,LINJ_03_0520,LINJ.12.0830,LINJ_19_0150
UniProt Keywords	KW-0436	Ligase	15	108	0.7	0.89	2.33e-05	5671.A4HRH0,5671.A4HRH2,5671.A4HRH5,5671.A4HRT4,5671.A4HS64,5671.A4HTB1,5671.A4HUX0,5671.A4HWV8,5671.A4I093,5671.A4I5C2,5671.A4I7A2,5671.A4I7C0,5671.A4I7L2,5671.A4I9B7,5671.A4IB24	LINJ_01_0490,LINJ_01_0510,LINJ_01_0540,LINJ_03_0220,LINJ_04_0680,LINJ_07_1000,LINJ_11_0600,LINJ_16_0590,LINJ_23_0580,LINJ_30_0970,LINJ_31_3080,LINJ_31_3260,LINJ_32_0730,LINJ_33_2910,LINJ_35_1310
UniProt Keywords	KW-0833	Ubl conjugation pathway	10	43	0.92	1.01	2.48e-05	5671.A4HRN6,5671.A4HS64,5671.A4HTB1,5671.A4I122,5671.A4I2S8,5671.A4I4U4,5671.A4I5C2,5671.A4I7L2,5671.A4I9B7,5671.A4IB24	LINJ_02_0360,LINJ_04_0680,LINJ_07_1000,LINJ_24_2220,LINJ_27_1170,LINJ_29_2410,LINJ_30_0970,LINJ_32_0730,LINJ_33_2910,LINJ_35_1310
UniProt Keywords	KW-0520	NAD	9	37	0.94	0.96	5.66e-05	5671.A4HRT1,5671.A4HSF7,5671.A4HXF5,5671.A4HYI5,5671.A4I4P1,5671.A4I8F6,5671.A4I9I3,5671.A4IAM7,5671.E9AHL8	LINJ_03_0190,TRYR,GMPR,LINJ_19_1590,GCVL-1,GCVL-2,LINJ_34_0150,LINJ_34_1900,LINJ_31_2720
UniProt Keywords	KW-0963	Cytoplasm	14	125	0.6	0.67	0.00038	5671.A4HSQ5,5671.A4HV47,5671.A4HVM4,5671.A4HYI5,5671.A4HZI9,5671.A4HZM5,5671.A4I2S6,5671.A4I384,5671.A4I800,5671.A4I8F2,5671.A4I9G2,5671.A4IC57,5671.A4IDD6,5671.E9AGX7	LINJ_06_0140,LINJ.12.0003,KATNAL2,LINJ_19_1590,LINJ_21_2200,LINJ_21_0960,LINJ_27_1150,LINJ_28_0110,LINJ_32_1940,LINJ_32_3470,LINJ_33_3360,PABP1,LINJ_36_1730,LINJ_21_1330
UniProt Keywords	KW-0560	Oxidoreductase	17	185	0.52	0.62	0.00050	5671.A2TEF2,5671.A4HRT1,5671.A4HSF7,5671.A4HXF5,5671.A4HYH5,5671.A4HYI5,5671.A4I2K5,5671.A4I342,5671.A4I345,5671.A4I4P1,5671.A4I5W9,5671.A4I646,5671.A4I8F6,5671.A4I9I3,5671.A4IA43,5671.A4IDE7,5671.E9AHL8	CYP51,LINJ_03_0190,TRYR,GMPR,NOS,LINJ_19_1590,LINJ_27_0090,AKR,LINJ_27_2390,GCVL-1,LINJ_30_2920,LINJ_30_3610,GCVL-2,LINJ_34_0150,LINJ_34_2500,LINJ_36_1840,LINJ_31_2720
UniProt Keywords	KW-0676	Redox-active center	4	5	1.46	0.82	0.00084	5671.A4HRE8,5671.A4HSF7,5671.A4I1Z8,5671.A4I8F6	LINJ_01_0270,TRYR,LINJ_26_0630,GCVL-2
UniProt Keywords	KW-0106	Calcium	8	47	0.78	0.65	0.0014	5671.A4HT82,5671.A4HT95,5671.A4HU13,5671.A4HVP4,5671.A4HVS3,5671.A4HZG8,5671.A4I000,5671.A4I3F5	LINJ_07_0510,LINJ_07_0790,LINJ_09_0970,LINJ_13_1060,LINJ_13_1500,LINJ_21_1990,LINJ_22_1260,LINJ_28_0860
UniProt Keywords	KW-0888	Threonine protease	5	15	1.08	0.68	0.0019	5671.A4HSQ5,5671.A4HV47,5671.A4HZI9,5671.A4I384,5671.A4IDD6	LINJ_06_0140,LINJ.12.0003,LINJ_21_2200,LINJ_28_0110,LINJ_36_1730
UniProt Keywords	KW-0143	Chaperone	5	18	1.0	0.61	0.0037	5671.A4I1Z4,5671.A4I2S6,5671.A4I800,5671.A4I8F2,5671.E9AGX7	LINJ_26_0590,LINJ_27_1150,LINJ_32_1940,LINJ_32_3470,LINJ_21_1330
UniProt Keywords	KW-0031	Aminopeptidase	5	19	0.97	0.59	0.0043	5671.A4HY76,5671.A4HZM5,5671.A4I4T3,5671.E9AGI7,5671.E9AGR8	LINJ_19_0540,LINJ_21_0960,LINJ_29_2350,LINJ.12.0830,LINJ_19_0150
UniProt Keywords	KW-0853	WD repeat	11	120	0.52	0.44	0.0088	5671.A4HSP6,5671.A4HUB8,5671.A4HUJ0,5671.A4HVZ9,5671.A4HYJ4,5671.A4I0Z7,5671.A4I135,5671.A4I186,5671.A4I2S5,5671.A4I5H1,5671.A4I7G8	LINJ_06_0030,LINJ_10_0090,LINJ_10_0830,LINJ_14_0580,LINJ_20_0020,LINJ_24_1970,LINJ_24_2350,LINJ_25_0440,LINJ_27_1140,LINJ_30_1460,LINJ_32_0050
UniProt Keywords	KW-0539	Nucleus	13	164	0.45	0.41	0.0102	5671.A4HSQ5,5671.A4HV47,5671.A4HVF3,5671.A4HVV6,5671.A4HWW3,5671.A4HZ67,5671.A4HZI9,5671.A4I135,5671.A4I1I6,5671.A4I384,5671.A4I3C9,5671.A4I3V8,5671.A4IDD6	LINJ_06_0140,LINJ.12.0003,LINJ_13_0170,LINJ_14_0140,LINJ_16_0640,LINJ_21_0740,LINJ_21_2200,LINJ_24_2350,LINJ_25_1460,LINJ_28_0110,RAD51,LINJ_28_2440,LINJ_36_1730
UniProt Keywords	KW-0332	GMP biosynthesis	2	2	1.55	0.39	0.0396	5671.A4HXF5,5671.A4HYI5	GMPR,LINJ_19_1590
UniProt Keywords	KW-0342	GTP-binding	6	54	0.6	0.31	0.0494	5671.A4HU06,5671.A4HUK3,5671.A4HW20,5671.A4I1I6,5671.A4I7N3,5671.A4I825	LINJ_09_0900,Rab11,LINJ_14_0820,LINJ_25_1460,LINJ_32_0520,LINJ_32_2160
Pfam	PF00118	TCP-1/cpn60 chaperonin family	6	12	1.25	0.64	0.0036	5671.A4I2S6,5671.A4I5W0,5671.A4I800,5671.A4I8F2,5671.A4IDH4,5671.E9AGX7	LINJ_27_1150,LINJ_30_2830,LINJ_32_1940,LINJ_32_3470,LINJ_36_2130,LINJ_21_1330
Pfam	PF02852	Pyridine nucleotide-disulphide oxidoreductase, dimerisation domain	4	5	1.46	0.46	0.0205	5671.A4HSF7,5671.A4I4P1,5671.A4I8F6,5671.E9AHL8	TRYR,GCVL-1,GCVL-2,LINJ_31_2720
Pfam	PF09336	Vps4 C terminal oligomerisation domain	4	5	1.46	0.46	0.0205	5671.A4HVM4,5671.A4HWE8,5671.A4HWQ5,5671.A4I4W4	KATNAL2,LINJ_15_0520,LINJ_16_0070,VPS4
Pfam	PF00227	Proteasome subunit	5	16	1.05	0.38	0.0345	5671.A4HSQ5,5671.A4HV47,5671.A4HZI9,5671.A4I384,5671.A4IDD6	LINJ_06_0140,LINJ.12.0003,LINJ_21_2200,LINJ_28_0110,LINJ_36_1730
Pfam	PF00501	AMP-binding enzyme	5	17	1.02	0.38	0.0350	5671.A4HRH0,5671.A4HRH2,5671.A4HRH5,5671.A4HRT4,5671.A4I093	LINJ_01_0490,LINJ_01_0510,LINJ_01_0540,LINJ_03_0220,LINJ_23_0580
InterPro	IPR011009	Protein kinase-like domain superfamily	49	229	0.88	2.57	1.30e-23	5671.A4HRL5,5671.A4HRN3,5671.A4HRT2,5671.A4HSH7,5671.A4HT43,5671.A4HTB4,5671.A4HTU3,5671.A4HUC8,5671.A4HUG1,5671.A4HUR8,5671.A4HUS3,5671.A4HVU4,5671.A4HWP5,5671.A4HWZ4,5671.A4HX71,5671.A4HXC3,5671.A4HXQ3,5671.A4HXU0,5671.A4HXY2,5671.A4HYH4,5671.A4HYV4,5671.A4HZA2,5671.A4HZV1,5671.A4HZY8,5671.A4I0Q5,5671.A4I0Y4,5671.A4I109,5671.A4I1J8,5671.A4I1P7,5671.A4I2H1,5671.A4I2I8,5671.A4I302,5671.A4I3C6,5671.A4I3S8,5671.A4I4K7,5671.A4I4W3,5671.A4I4Y0,5671.A4I5K5,5671.A4I5X0,5671.A4I638,5671.A4I7W3,5671.A4I910,5671.A4I967,5671.A4I9Y5,5671.A4IAZ8,5671.A4IB73,5671.A4IC77,5671.A4ICT0,5671.E9AHI7	LINJ_02_0100,LINJ_02_0330,LINJ_03_0200,LINJ_05_0550,LINJ_07_0410,LINJ_07_1030,LINJ_09_0270,LINJ_10_0200,MPK3,LINJ_11_0060,LINJ_11_0110,LINJ_14_0020,LINJ_15_1630,CRK,LINJ_17_0070,LINJ_17_0550,GSK3,LINJ_18_0650,PKAC1,MPK4,LINJ_20_1140,LINJ_21_0210,LINJ_22_0630,LINJ_22_0990,LINJ_24_0680,LINJ_24_1500,LINJ_24_2090,LINJ_25_1580,LINJ_25_2070,LINJ_26_2460,LINJ_26_2540,LINJ_27_1860,LMAIRK,LDK,LINJ_29_1550,LINJ_29_2600,LINJ_29_2830,LINJ_30_1780,LINJ_30_2930,LINJ_30_3530,LINJ_32_1520,MPK11,LINJ_33_1810,LINJ_34_1840,LINJ_35_1030,LINJ_35_1720,LINJ_36_5580,CRK3,LINJ_29_1420
InterPro	IPR000719	Protein kinase domain	43	195	0.9	2.49	4.81e-21	5671.A4HRN3,5671.A4HRT2,5671.A4HSH7,5671.A4HT43,5671.A4HTB4,5671.A4HTU3,5671.A4HUC8,5671.A4HUG1,5671.A4HUR8,5671.A4HUS3,5671.A4HWP5,5671.A4HWZ4,5671.A4HX71,5671.A4HXC3,5671.A4HXQ3,5671.A4HXU0,5671.A4HXY2,5671.A4HYH4,5671.A4HZA2,5671.A4HZV1,5671.A4HZY8,5671.A4I0Q5,5671.A4I0Y4,5671.A4I1J8,5671.A4I1P7,5671.A4I2H1,5671.A4I2I8,5671.A4I302,5671.A4I3C6,5671.A4I3S8,5671.A4I4W3,5671.A4I4Y0,5671.A4I5K5,5671.A4I5X0,5671.A4I638,5671.A4I910,5671.A4I967,5671.A4I9Y5,5671.A4IAZ8,5671.A4IB73,5671.A4IC77,5671.A4ICT0,5671.E9AHI7	LINJ_02_0330,LINJ_03_0200,LINJ_05_0550,LINJ_07_0410,LINJ_07_1030,LINJ_09_0270,LINJ_10_0200,MPK3,LINJ_11_0060,LINJ_11_0110,LINJ_15_1630,CRK,LINJ_17_0070,LINJ_17_0550,GSK3,LINJ_18_0650,PKAC1,MPK4,LINJ_21_0210,LINJ_22_0630,LINJ_22_0990,LINJ_24_0680,LINJ_24_1500,LINJ_25_1580,LINJ_25_2070,LINJ_26_2460,LINJ_26_2540,LINJ_27_1860,LMAIRK,LDK,LINJ_29_2600,LINJ_29_2830,LINJ_30_1780,LINJ_30_2930,LINJ_30_3530,MPK11,LINJ_33_1810,LINJ_34_1840,LINJ_35_1030,LINJ_35_1720,LINJ_36_5580,CRK3,LINJ_29_1420
InterPro	IPR008271	Serine/threonine-protein kinase, active site	35	158	0.9	2.24	7.31e-17	5671.A4HRN3,5671.A4HSH7,5671.A4HT43,5671.A4HTB4,5671.A4HTU3,5671.A4HUG1,5671.A4HUR8,5671.A4HUS3,5671.A4HWP5,5671.A4HWZ4,5671.A4HX71,5671.A4HXC3,5671.A4HXQ3,5671.A4HXU0,5671.A4HXY2,5671.A4HYH4,5671.A4HZV1,5671.A4I0Q5,5671.A4I0Y4,5671.A4I1J8,5671.A4I1P7,5671.A4I2I8,5671.A4I302,5671.A4I3C6,5671.A4I3S8,5671.A4I4W3,5671.A4I5K5,5671.A4I5X0,5671.A4I638,5671.A4I967,5671.A4IAZ8,5671.A4IB73,5671.A4IC77,5671.A4ICT0,5671.E9AHI7	LINJ_02_0330,LINJ_05_0550,LINJ_07_0410,LINJ_07_1030,LINJ_09_0270,MPK3,LINJ_11_0060,LINJ_11_0110,LINJ_15_1630,CRK,LINJ_17_0070,LINJ_17_0550,GSK3,LINJ_18_0650,PKAC1,MPK4,LINJ_22_0630,LINJ_24_0680,LINJ_24_1500,LINJ_25_1580,LINJ_25_2070,LINJ_26_2540,LINJ_27_1860,LMAIRK,LDK,LINJ_29_2600,LINJ_30_1780,LINJ_30_2930,LINJ_30_3530,LINJ_33_1810,LINJ_35_1030,LINJ_35_1720,LINJ_36_5580,CRK3,LINJ_29_1420
InterPro	IPR003593	AAA+ ATPase domain	31	123	0.95	2.33	3.40e-16	5671.A4HRM7,5671.A4HRS7,5671.A4HU44,5671.A4HUR6,5671.A4HVM4,5671.A4HVN7,5671.A4HVT1,5671.A4HWE8,5671.A4HWQ5,5671.A4HYS3,5671.A4HZ08,5671.A4HZT4,5671.A4HZT9,5671.A4I194,5671.A4I2M3,5671.A4I2Q7,5671.A4I2Q9,5671.A4I3C9,5671.A4I4M8,5671.A4I4W4,5671.A4I5J7,5671.A4I6L1,5671.A4I6Q3,5671.A4IAB8,5671.A4IB20,5671.A4IC25,5671.A4ICH8,5671.A4IE38,5671.E9AG43,5671.E9AGB0,5671.E9AH29	LINJ_02_0270,LINJ_03_0150,LINJ_09_1280,LINJ_11_0040,KATNAL2,LINJ_13_0990,LINJ_13_1580,LINJ_15_0520,LINJ_16_0070,LINJ_20_0820,LINJ_20_1580,LINJ_22_0440,LINJ_22_0490,LINJ_25_0540,LINJ_27_0370,LINJ_27_0920,LINJ_27_0940,RAD51,ABCH2,VPS4,LINJ_30_1700,LINJ_31_0560,ABCC4,LINJ_34_3300,LINJ_35_1270,DMC1,LINJ_36_2850,RPT6,LINJ_03_0520,LINJ.12.0190,LINJ_24_0170
InterPro	IPR003959	ATPase, AAA-type, core	22	49	1.21	2.82	2.12e-15	5671.A4HU44,5671.A4HVM4,5671.A4HVN7,5671.A4HVT1,5671.A4HWE8,5671.A4HWQ5,5671.A4HYS3,5671.A4HZ08,5671.A4HZT4,5671.A4HZT9,5671.A4I2M3,5671.A4I2Q7,5671.A4I2Q9,5671.A4I4W4,5671.A4I5J7,5671.A4IAB8,5671.A4IB20,5671.A4ICH8,5671.A4IE38,5671.E9AG43,5671.E9AGB0,5671.E9AH29	LINJ_09_1280,KATNAL2,LINJ_13_0990,LINJ_13_1580,LINJ_15_0520,LINJ_16_0070,LINJ_20_0820,LINJ_20_1580,LINJ_22_0440,LINJ_22_0490,LINJ_27_0370,LINJ_27_0920,LINJ_27_0940,VPS4,LINJ_30_1700,LINJ_34_3300,LINJ_35_1270,LINJ_36_2850,RPT6,LINJ_03_0520,LINJ.12.0190,LINJ_24_0170
InterPro	IPR017441	Protein kinase, ATP binding site	25	123	0.86	1.69	4.93e-11	5671.A4HRN3,5671.A4HRT2,5671.A4HSH7,5671.A4HTB4,5671.A4HUG1,5671.A4HWP5,5671.A4HWZ4,5671.A4HX71,5671.A4HXC3,5671.A4HXU0,5671.A4HXY2,5671.A4HZV1,5671.A4I1J8,5671.A4I2H1,5671.A4I2I8,5671.A4I3C6,5671.A4I5X0,5671.A4I638,5671.A4I910,5671.A4I967,5671.A4IAZ8,5671.A4IB73,5671.A4IC77,5671.A4ICT0,5671.E9AHI7	LINJ_02_0330,LINJ_03_0200,LINJ_05_0550,LINJ_07_1030,MPK3,LINJ_15_1630,CRK,LINJ_17_0070,LINJ_17_0550,LINJ_18_0650,PKAC1,LINJ_22_0630,LINJ_25_1580,LINJ_26_2460,LINJ_26_2540,LMAIRK,LINJ_30_2930,LINJ_30_3530,MPK11,LINJ_33_1810,LINJ_35_1030,LINJ_35_1720,LINJ_36_5580,CRK3,LINJ_29_1420
InterPro	IPR003960	ATPase, AAA-type, conserved site	14	22	1.36	2.35	5.48e-11	5671.A4HVN7,5671.A4HWE8,5671.A4HWQ5,5671.A4HYS3,5671.A4HZT4,5671.A4HZT9,5671.A4I2Q7,5671.A4I4W4,5671.A4IAB8,5671.A4IB20,5671.A4ICH8,5671.A4IE38,5671.E9AG43,5671.E9AGB0	LINJ_13_0990,LINJ_15_0520,LINJ_16_0070,LINJ_20_0820,LINJ_22_0440,LINJ_22_0490,LINJ_27_0920,VPS4,LINJ_34_3300,LINJ_35_1270,LINJ_36_2850,RPT6,LINJ_03_0520,LINJ.12.0190
InterPro	IPR027417	P-loop containing nucleoside triphosphate hydrolase	47	486	0.54	1.15	7.09e-11	5671.A4HRM3,5671.A4HRM7,5671.A4HRS7,5671.A4HRW8,5671.A4HU06,5671.A4HU44,5671.A4HUK3,5671.A4HUM8,5671.A4HUM9,5671.A4HUR6,5671.A4HVF7,5671.A4HVM4,5671.A4HVN7,5671.A4HVT1,5671.A4HW20,5671.A4HWE8,5671.A4HWQ5,5671.A4HXY7,5671.A4HYS3,5671.A4HZ08,5671.A4HZT4,5671.A4HZT9,5671.A4I194,5671.A4I1I6,5671.A4I1W7,5671.A4I2M3,5671.A4I2Q7,5671.A4I2Q9,5671.A4I3C9,5671.A4I4M8,5671.A4I4W4,5671.A4I5J7,5671.A4I5J8,5671.A4I6L1,5671.A4I6Q3,5671.A4I7N3,5671.A4I825,5671.A4I8C9,5671.A4IAB8,5671.A4IB20,5671.A4IC25,5671.A4ICH8,5671.A4IE38,5671.E9AG43,5671.E9AGB0,5671.E9AH29,5671.E9AHR7	LINJ_02_0230,LINJ_02_0270,LINJ_03_0150,LINJ_03_0790,LINJ_09_0900,LINJ_09_1280,Rab11,LINJ_10_1250,LINJ_10_1260,LINJ_11_0040,LINJ_13_0220,KATNAL2,LINJ_13_0990,LINJ_13_1580,LINJ_14_0820,LINJ_15_0520,LINJ_16_0070,LINJ_18_1140,LINJ_20_0820,LINJ_20_1580,LINJ_22_0440,LINJ_22_0490,LINJ_25_0540,LINJ_25_1460,LINJ_26_0300,LINJ_27_0370,LINJ_27_0920,LINJ_27_0940,RAD51,ABCH2,VPS4,LINJ_30_1700,LINJ_30_1710,LINJ_31_0560,ABCC4,LINJ_32_0520,LINJ_32_2160,LINJ_32_3240,LINJ_34_3300,LINJ_35_1270,DMC1,LINJ_36_2850,RPT6,LINJ_03_0520,LINJ.12.0190,LINJ_24_0170,LINJ_33_2620
InterPro	IPR041569	AAA ATPase, AAA+ lid domain	12	18	1.38	2.08	1.62e-09	5671.A4HVM4,5671.A4HVN7,5671.A4HWE8,5671.A4HYS3,5671.A4HZT4,5671.A4HZT9,5671.A4I2Q7,5671.A4I4W4,5671.A4IB20,5671.A4IE38,5671.E9AG43,5671.E9AGB0	KATNAL2,LINJ_13_0990,LINJ_15_0520,LINJ_20_0820,LINJ_22_0440,LINJ_22_0490,LINJ_27_0920,VPS4,LINJ_35_1270,RPT6,LINJ_03_0520,LINJ.12.0190
InterPro	IPR001806	Small GTPase	12	23	1.27	1.83	1.24e-08	5671.A4HRM3,5671.A4HU06,5671.A4HUK3,5671.A4HUM8,5671.A4HUM9,5671.A4HVF7,5671.A4HW20,5671.A4HXY7,5671.A4I1I6,5671.A4I5J8,5671.A4I7N3,5671.A4I825	LINJ_02_0230,LINJ_09_0900,Rab11,LINJ_10_1250,LINJ_10_1260,LINJ_13_0220,LINJ_14_0820,LINJ_18_1140,LINJ_25_1460,LINJ_30_1710,LINJ_32_0520,LINJ_32_2160
InterPro	IPR023313	Ubiquitin-conjugating enzyme, active site	7	8	1.5	1.29	1.03e-05	5671.A4HRN6,5671.A4HS64,5671.A4HTB1,5671.A4I122,5671.A4I7L2,5671.A4I9B7,5671.A4IB24	LINJ_02_0360,LINJ_04_0680,LINJ_07_1000,LINJ_24_2220,LINJ_32_0730,LINJ_33_2910,LINJ_35_1310
InterPro	IPR000608	Ubiquitin-conjugating enzyme E2	8	15	1.28	1.19	1.61e-05	5671.A4HRN6,5671.A4HS64,5671.A4HTB1,5671.A4HZT8,5671.A4I122,5671.A4I7L2,5671.A4I9B7,5671.A4IB24	LINJ_02_0360,LINJ_04_0680,LINJ_07_1000,LINJ_22_0480,LINJ_24_2220,LINJ_32_0730,LINJ_33_2910,LINJ_35_1310
InterPro	IPR005225	Small GTP-binding protein domain	11	45	0.94	0.99	3.89e-05	5671.A4HRM3,5671.A4HUK3,5671.A4HUM8,5671.A4HUM9,5671.A4HVF7,5671.A4HW20,5671.A4HXY7,5671.A4I1I6,5671.A4I5J8,5671.A4I7N3,5671.A4I825	LINJ_02_0230,Rab11,LINJ_10_1250,LINJ_10_1260,LINJ_13_0220,LINJ_14_0820,LINJ_18_1140,LINJ_25_1460,LINJ_30_1710,LINJ_32_0520,LINJ_32_2160
InterPro	IPR005937	26S proteasome regulatory subunit P45-like	6	6	1.55	1.15	4.61e-05	5671.A4HVN7,5671.A4HZT4,5671.A4HZT9,5671.A4IE38,5671.E9AG43,5671.E9AGB0	LINJ_13_0990,LINJ_22_0440,LINJ_22_0490,RPT6,LINJ_03_0520,LINJ.12.0190
InterPro	IPR016135	Ubiquitin-conjugating enzyme/RWD-like	8	20	1.16	1.01	7.24e-05	5671.A4HRN6,5671.A4HS64,5671.A4HTB1,5671.A4HZT8,5671.A4I122,5671.A4I7L2,5671.A4I9B7,5671.A4IB24	LINJ_02_0360,LINJ_04_0680,LINJ_07_1000,LINJ_22_0480,LINJ_24_2220,LINJ_32_0730,LINJ_33_2910,LINJ_35_1310
InterPro	IPR032501	Proteasomal ATPase OB C-terminal domain	5	5	1.55	0.9	0.00042	5671.A4HVN7,5671.A4HZT9,5671.A4IE38,5671.E9AG43,5671.E9AGB0	LINJ_13_0990,LINJ_22_0490,RPT6,LINJ_03_0520,LINJ.12.0190
InterPro	IPR018936	Phosphatidylinositol 3/4-kinase, conserved site	6	11	1.29	0.86	0.00045	5671.A4HRL5,5671.A4HVU4,5671.A4HYV4,5671.A4I109,5671.A4I4K7,5671.A4I7W3	LINJ_02_0100,LINJ_14_0020,LINJ_20_1140,LINJ_24_2090,LINJ_29_1550,LINJ_32_1520
InterPro	IPR002423	Chaperonin Cpn60/GroEL/TCP-1 family	6	12	1.25	0.82	0.00063	5671.A4I2S6,5671.A4I5W0,5671.A4I800,5671.A4I8F2,5671.A4IDH4,5671.E9AGX7	LINJ_27_1150,LINJ_30_2830,LINJ_32_1940,LINJ_32_3470,LINJ_36_2130,LINJ_21_1330
InterPro	IPR020472	G-protein beta WD-40 repeat	7	20	1.1	0.8	0.00063	5671.A4HSP6,5671.A4HUJ0,5671.A4I0Z7,5671.A4I135,5671.A4I186,5671.A4I4C7,5671.A4I9G2	LINJ_06_0030,LINJ_10_0830,LINJ_24_1970,LINJ_24_2350,LINJ_25_0440,LINJ_29_0770,LINJ_33_3360
InterPro	IPR027410	TCP-1-like chaperonin intermediate domain superfamily	6	12	1.25	0.82	0.00063	5671.A4I2S6,5671.A4I5W0,5671.A4I800,5671.A4I8F2,5671.A4IDH4,5671.E9AGX7	LINJ_27_1150,LINJ_30_2830,LINJ_32_1940,LINJ_32_3470,LINJ_36_2130,LINJ_21_1330
InterPro	IPR027413	GroEL-like equatorial domain superfamily	6	12	1.25	0.82	0.00063	5671.A4I2S6,5671.A4I5W0,5671.A4I800,5671.A4I8F2,5671.A4IDH4,5671.E9AGX7	LINJ_27_1150,LINJ_30_2830,LINJ_32_1940,LINJ_32_3470,LINJ_36_2130,LINJ_21_1330
InterPro	IPR036940	Phosphatidylinositol 3-/4-kinase, catalytic domain superfamily	6	12	1.25	0.82	0.00063	5671.A4HRL5,5671.A4HVU4,5671.A4HYV4,5671.A4I109,5671.A4I4K7,5671.A4I7W3	LINJ_02_0100,LINJ_14_0020,LINJ_20_1140,LINJ_24_2090,LINJ_29_1550,LINJ_32_1520
InterPro	IPR000403	Phosphatidylinositol 3-/4-kinase, catalytic domain	6	13	1.22	0.81	0.00070	5671.A4HRL5,5671.A4HVU4,5671.A4HYV4,5671.A4I109,5671.A4I4K7,5671.A4I7W3	LINJ_02_0100,LINJ_14_0020,LINJ_20_1140,LINJ_24_2090,LINJ_29_1550,LINJ_32_1520
InterPro	IPR027409	GroEL-like apical domain superfamily	6	13	1.22	0.81	0.00070	5671.A4I2S6,5671.A4I5W0,5671.A4I800,5671.A4I8F2,5671.A4IDH4,5671.E9AGX7	LINJ_27_1150,LINJ_30_2830,LINJ_32_1940,LINJ_32_3470,LINJ_36_2130,LINJ_21_1330
InterPro	IPR019775	WD40 repeat, conserved site	9	51	0.8	0.6	0.0026	5671.A4HSP6,5671.A4HUJ0,5671.A4HVZ9,5671.A4HYJ4,5671.A4I0Z7,5671.A4I135,5671.A4I186,5671.A4I4C7,5671.A4I5H1	LINJ_06_0030,LINJ_10_0830,LINJ_14_0580,LINJ_20_0020,LINJ_24_1970,LINJ_24_2350,LINJ_25_0440,LINJ_29_0770,LINJ_30_1460
InterPro	IPR001100	Pyridine nucleotide-disulphide oxidoreductase, class I	4	4	1.55	0.69	0.0028	5671.A4HSF7,5671.A4I4P1,5671.A4I8F6,5671.E9AHL8	TRYR,GCVL-1,GCVL-2,LINJ_31_2720
InterPro	IPR002048	EF-hand domain	9	55	0.77	0.56	0.0041	5671.A4HT95,5671.A4HU13,5671.A4HVP4,5671.A4HVS3,5671.A4HZG8,5671.A4I000,5671.A4I3F5,5671.A4I967,5671.E9AGF3	LINJ_07_0790,LINJ_09_0970,LINJ_13_1060,LINJ_13_1500,LINJ_21_1990,LINJ_22_1260,LINJ_28_0860,LINJ_33_1810,LINJ.12.0610
InterPro	IPR001680	WD40 repeat	13	119	0.59	0.51	0.0044	5671.A4HSP6,5671.A4HUB8,5671.A4HUJ0,5671.A4HVZ9,5671.A4HYJ4,5671.A4I0Z7,5671.A4I135,5671.A4I186,5671.A4I2S5,5671.A4I4C7,5671.A4I5H1,5671.A4I7G8,5671.A4I9G2	LINJ_06_0030,LINJ_10_0090,LINJ_10_0830,LINJ_14_0580,LINJ_20_0020,LINJ_24_1970,LINJ_24_2350,LINJ_25_0440,LINJ_27_1140,LINJ_29_0770,LINJ_30_1460,LINJ_32_0050,LINJ_33_3360
InterPro	IPR004099	Pyridine nucleotide-disulphide oxidoreductase, dimerisation domain	4	5	1.46	0.63	0.0044	5671.A4HSF7,5671.A4I4P1,5671.A4I8F6,5671.E9AHL8	TRYR,GCVL-1,GCVL-2,LINJ_31_2720
InterPro	IPR016156	FAD/NAD-linked reductase, dimerisation domain superfamily	4	5	1.46	0.63	0.0044	5671.A4HSF7,5671.A4I4P1,5671.A4I8F6,5671.E9AHL8	TRYR,GCVL-1,GCVL-2,LINJ_31_2720
InterPro	IPR023173	NADPH-cytochrome p450 reductase, FAD-binding, alpha-helical domain superfamily	4	5	1.46	0.63	0.0044	5671.A4HYH5,5671.A4I3K3,5671.A4IA43,5671.A4IBG5	NOS,LINJ_28_1350,LINJ_34_2500,LINJ_35_2600
InterPro	IPR020845	AMP-binding, conserved site	5	13	1.14	0.58	0.0060	5671.A4HRH0,5671.A4HRH2,5671.A4HRH5,5671.A4HRT4,5671.A4I093	LINJ_01_0490,LINJ_01_0510,LINJ_01_0540,LINJ_03_0220,LINJ_23_0580
InterPro	IPR017871	ABC transporter-like, conserved site	7	34	0.87	0.53	0.0066	5671.A4HRM7,5671.A4HRS7,5671.A4HUR6,5671.A4I194,5671.A4I4M8,5671.A4I6L1,5671.A4I6Q3	LINJ_02_0270,LINJ_03_0150,LINJ_11_0040,LINJ_25_0540,ABCH2,LINJ_31_0560,ABCC4
InterPro	IPR001353	Proteasome, subunit alpha/beta	5	14	1.11	0.55	0.0074	5671.A4HSQ5,5671.A4HV47,5671.A4HZI9,5671.A4I384,5671.A4IDD6	LINJ_06_0140,LINJ.12.0003,LINJ_21_2200,LINJ_28_0110,LINJ_36_1730
InterPro	IPR011992	EF-hand domain pair	9	62	0.72	0.5	0.0074	5671.A4HT95,5671.A4HU13,5671.A4HVP4,5671.A4HVS3,5671.A4HZG8,5671.A4I000,5671.A4I3F5,5671.A4I967,5671.E9AGF3	LINJ_07_0790,LINJ_09_0970,LINJ_13_1060,LINJ_13_1500,LINJ_21_1990,LINJ_22_1260,LINJ_28_0860,LINJ_33_1810,LINJ.12.0610
InterPro	IPR018200	Ubiquitin specific protease, conserved site	5	14	1.11	0.55	0.0074	5671.A4HWX0,5671.A4I2S8,5671.A4I4U4,5671.A4I7U2,5671.A4I8B2	LINJ_16_0730,LINJ_27_1170,LINJ_29_2410,LINJ_32_1310,LINJ_32_3060
InterPro	IPR002073	35-cyclic nucleotide phosphodiesterase, catalytic domain	4	7	1.31	0.55	0.0086	5671.A4HRZ8,5671.A4HWN6,5671.A4HWN7,5671.A4HXY3	LINJ_04_0030,LINJ_15_1540,LINJ_15_1550,PDEA
InterPro	IPR016050	Proteasome beta-type subunit, conserved site	4	7	1.31	0.55	0.0086	5671.A4HSQ5,5671.A4HV47,5671.A4I384,5671.A4IDD6	LINJ_06_0140,LINJ.12.0003,LINJ_28_0110,LINJ_36_1730
InterPro	IPR029055	Nucleophile aminohydrolases, N-terminal	5	15	1.08	0.53	0.0086	5671.A4HSQ5,5671.A4HV47,5671.A4HZI9,5671.A4I384,5671.A4IDD6	LINJ_06_0140,LINJ.12.0003,LINJ_21_2200,LINJ_28_0110,LINJ_36_1730
InterPro	IPR036971	35-cyclic nucleotide phosphodiesterase, catalytic domain superfamily	4	7	1.31	0.55	0.0086	5671.A4HRZ8,5671.A4HWN6,5671.A4HWN7,5671.A4HXY3	LINJ_04_0030,LINJ_15_1540,LINJ_15_1550,PDEA
InterPro	IPR006186	Serine/threonine-specific protein phosphatase/bis(5-nucleosyl)-tetraphosphatase	6	26	0.92	0.5	0.0098	5671.A4HSD9,5671.A4HTW1,5671.A4HXP1,5671.A4I1H6,5671.A4I2D8,5671.E9AGF3	LINJ_05_0100,LINJ_09_0520,LINJ_18_0150,LINJ_25_1360,LINJ_26_2100,LINJ.12.0610
InterPro	IPR001394	Peptidase C19, ubiquitin carboxyl-terminal hydrolase	5	16	1.05	0.51	0.0102	5671.A4HWX0,5671.A4I2S8,5671.A4I4U4,5671.A4I7U2,5671.A4I8B2	LINJ_16_0730,LINJ_27_1170,LINJ_29_2410,LINJ_32_1310,LINJ_32_3060
InterPro	IPR023333	Proteasome B-type subunit	4	8	1.25	0.52	0.0109	5671.A4HSQ5,5671.A4HV47,5671.A4I384,5671.A4IDD6	LINJ_06_0140,LINJ.12.0003,LINJ_28_0110,LINJ_36_1730
InterPro	IPR000873	AMP-dependent synthetase/ligase domain	5	17	1.02	0.49	0.0123	5671.A4HRH0,5671.A4HRH2,5671.A4HRH5,5671.A4HRT4,5671.A4I093	LINJ_01_0490,LINJ_01_0510,LINJ_01_0540,LINJ_03_0220,LINJ_23_0580
InterPro	IPR002347	Short-chain dehydrogenase/reductase SDR	5	17	1.02	0.49	0.0123	5671.A4I345,5671.A4I931,5671.A4IB17,5671.A4ID56,5671.E9AH89	LINJ_27_2390,LINJ_33_1690,LINJ_35_1240,LINJ_36_3570,LINJ_24_1890
InterPro	IPR028889	Ubiquitin specific protease domain	5	17	1.02	0.49	0.0123	5671.A4HWX0,5671.A4I2S8,5671.A4I4U4,5671.A4I7U2,5671.A4I8B2	LINJ_16_0730,LINJ_27_1170,LINJ_29_2410,LINJ_32_1310,LINJ_32_3060
InterPro	IPR042099	ANL, N-terminal domain	5	17	1.02	0.49	0.0123	5671.A4HRH0,5671.A4HRH2,5671.A4HRH5,5671.A4HRT4,5671.A4I093	LINJ_01_0490,LINJ_01_0510,LINJ_01_0540,LINJ_03_0220,LINJ_23_0580
InterPro	IPR001709	Flavoprotein pyridine nucleotide cytochrome reductase	4	9	1.2	0.49	0.0138	5671.A4HYH5,5671.A4I3K3,5671.A4IA43,5671.A4IBG5	NOS,LINJ_28_1350,LINJ_34_2500,LINJ_35_2600
InterPro	IPR001263	Phosphoinositide 3-kinase, accessory (PIK) domain	3	3	1.55	0.49	0.0161	5671.A4HVU4,5671.A4I109,5671.A4I4K7	LINJ_14_0020,LINJ_24_2090,LINJ_29_1550
InterPro	IPR002403	Cytochrome P450, E-class, group IV	3	3	1.55	0.49	0.0161	5671.A2TEF2,5671.A4I2K5,5671.A4I646	CYP51,LINJ_27_0090,LINJ_30_3610
InterPro	IPR042236	Phosphoinositide 3-kinase, accessory (PIK) domain superfamily	3	3	1.55	0.49	0.0161	5671.A4HVU4,5671.A4I109,5671.A4I4K7	LINJ_14_0020,LINJ_24_2090,LINJ_29_1550
InterPro	IPR003439	ABC transporter-like, ATP-binding domain	7	44	0.75	0.43	0.0170	5671.A4HRM7,5671.A4HRS7,5671.A4HUR6,5671.A4I194,5671.A4I4M8,5671.A4I6L1,5671.A4I6Q3	LINJ_02_0270,LINJ_03_0150,LINJ_11_0040,LINJ_25_0540,ABCH2,LINJ_31_0560,ABCC4
InterPro	IPR003607	HD/PDEase domain	4	10	1.16	0.47	0.0171	5671.A4HRZ8,5671.A4HWN6,5671.A4HWN7,5671.A4HXY3	LINJ_04_0030,LINJ_15_1540,LINJ_15_1550,PDEA
InterPro	IPR036322	WD40-repeat-containing domain superfamily	13	150	0.49	0.38	0.0189	5671.A4HSP6,5671.A4HUB8,5671.A4HUJ0,5671.A4HVZ9,5671.A4HYJ4,5671.A4I0Z7,5671.A4I135,5671.A4I186,5671.A4I2S5,5671.A4I4C7,5671.A4I5H1,5671.A4I7G8,5671.A4I9G2	LINJ_06_0030,LINJ_10_0090,LINJ_10_0830,LINJ_14_0580,LINJ_20_0020,LINJ_24_1970,LINJ_24_2350,LINJ_25_0440,LINJ_27_1140,LINJ_29_0770,LINJ_30_1460,LINJ_32_0050,LINJ_33_3360
InterPro	IPR004843	Calcineurin-like phosphoesterase domain, ApaH type	6	33	0.81	0.41	0.0220	5671.A4HSD9,5671.A4HTW1,5671.A4HXP1,5671.A4I1H6,5671.A4I2D8,5671.E9AGF3	LINJ_05_0100,LINJ_09_0520,LINJ_18_0150,LINJ_25_1360,LINJ_26_2100,LINJ.12.0610
InterPro	IPR023753	FAD/NAD(P)-binding domain	4	11	1.11	0.44	0.0220	5671.A4HSF7,5671.A4I4P1,5671.A4I8F6,5671.E9AHL8	TRYR,GCVL-1,GCVL-2,LINJ_31_2720
InterPro	IPR001094	Flavodoxin-like	3	4	1.43	0.44	0.0237	5671.A4I3K3,5671.A4IA43,5671.A4IBG5	LINJ_28_1350,LINJ_34_2500,LINJ_35_2600
InterPro	IPR001128	Cytochrome P450	3	4	1.43	0.44	0.0237	5671.A2TEF2,5671.A4I2K5,5671.A4I646	CYP51,LINJ_27_0090,LINJ_30_3610
InterPro	IPR001844	Chaperonin Cpn60/GroEL	3	4	1.43	0.44	0.0237	5671.A4I5W0,5671.A4I800,5671.A4IDH4	LINJ_30_2830,LINJ_32_1940,LINJ_36_2130
InterPro	IPR002717	Histone acetyltransferase domain, MYST-type	3	4	1.43	0.44	0.0237	5671.A4HVF3,5671.A4HVV6,5671.A4I3V8	LINJ_13_0170,LINJ_14_0140,LINJ_28_2440
InterPro	IPR003097	Sulfite reductase [NADPH] flavoprotein alpha-component-like, FAD-binding	3	4	1.43	0.44	0.0237	5671.A4I3K3,5671.A4IA43,5671.A4IBG5	LINJ_28_1350,LINJ_34_2500,LINJ_35_2600
InterPro	IPR005479	Carbamoyl-phosphate synthetase large subunit-like, ATP-binding domain	3	4	1.43	0.44	0.0237	5671.A4HWV8,5671.A4I7A2,5671.A4I7C0	LINJ_16_0590,LINJ_31_3080,LINJ_31_3260
InterPro	IPR015415	Vps4 oligomerisation, C-terminal	3	4	1.43	0.44	0.0237	5671.A4HVM4,5671.A4HWQ5,5671.A4I4W4	KATNAL2,LINJ_16_0070,VPS4
InterPro	IPR015943	WD40/YVTN repeat-like-containing domain superfamily	13	158	0.47	0.36	0.0237	5671.A4HSP6,5671.A4HUB8,5671.A4HUJ0,5671.A4HVZ9,5671.A4HYJ4,5671.A4I0Z7,5671.A4I135,5671.A4I186,5671.A4I2S5,5671.A4I4C7,5671.A4I5H1,5671.A4I7G8,5671.A4I9G2	LINJ_06_0030,LINJ_10_0090,LINJ_10_0830,LINJ_14_0580,LINJ_20_0020,LINJ_24_1970,LINJ_24_2350,LINJ_25_0440,LINJ_27_1140,LINJ_29_0770,LINJ_30_1460,LINJ_32_0050,LINJ_33_3360
InterPro	IPR020588	DNA recombination and repair protein RecA-like, ATP-binding domain	3	4	1.43	0.44	0.0237	5671.A4I3C9,5671.A4IC25,5671.E9AHR7	RAD51,DMC1,LINJ_33_2620
InterPro	IPR023174	35-cyclic nucleotide phosphodiesterase, conserved site	3	4	1.43	0.44	0.0237	5671.A4HWN6,5671.A4HWN7,5671.A4HXY3	LINJ_15_1540,LINJ_15_1550,PDEA
InterPro	IPR030616	Aurora kinase-like	3	4	1.43	0.44	0.0237	5671.A4I2H1,5671.A4I3C6,5671.E9AHI7	LINJ_26_2460,LMAIRK,LINJ_29_1420
InterPro	IPR036396	Cytochrome P450 superfamily	3	4	1.43	0.44	0.0237	5671.A2TEF2,5671.A4I2K5,5671.A4I646	CYP51,LINJ_27_0090,LINJ_30_3610
InterPro	IPR013632	DNA recombination and repair protein Rad51-like, C-terminal	3	5	1.33	0.41	0.0304	5671.A4I3C9,5671.A4IC25,5671.E9AHR7	RAD51,DMC1,LINJ_33_2620
InterPro	IPR015433	Phosphatidylinositol kinase	3	5	1.33	0.41	0.0304	5671.A4HVU4,5671.A4I109,5671.A4I4K7	LINJ_14_0020,LINJ_24_2090,LINJ_29_1550
InterPro	IPR016160	Aldehyde dehydrogenase, cysteine active site	3	5	1.33	0.41	0.0304	5671.A4HRT1,5671.A4I5W9,5671.A4IDE7	LINJ_03_0190,LINJ_30_2920,LINJ_36_1840
InterPro	IPR018247	EF-Hand 1, calcium-binding site	6	37	0.76	0.38	0.0304	5671.A4HT95,5671.A4HU13,5671.A4HVP4,5671.A4HVS3,5671.A4HZG8,5671.A4I000	LINJ_07_0790,LINJ_09_0970,LINJ_13_1060,LINJ_13_1500,LINJ_21_1990,LINJ_22_1260
InterPro	IPR023088	35-cyclic nucleotide phosphodiesterase	3	5	1.33	0.41	0.0304	5671.A4HWN6,5671.A4HWN7,5671.A4HXY3	LINJ_15_1540,LINJ_15_1550,PDEA
InterPro	IPR029510	Aldehyde dehydrogenase, glutamic acid active site	3	5	1.33	0.41	0.0304	5671.A4HRT1,5671.A4I5W9,5671.A4IDE7	LINJ_03_0190,LINJ_30_2920,LINJ_36_1840
InterPro	IPR001433	Oxidoreductase FAD/NAD(P)-binding	4	14	1.01	0.38	0.0340	5671.A4HYH5,5671.A4I3K3,5671.A4IA43,5671.A4IBG5	NOS,LINJ_28_1350,LINJ_34_2500,LINJ_35_2600
InterPro	IPR029052	Metallo-dependent phosphatase-like	6	40	0.73	0.35	0.0397	5671.A4HSD9,5671.A4HTW1,5671.A4HXP1,5671.A4I1H6,5671.A4I2D8,5671.E9AGF3	LINJ_05_0100,LINJ_09_0520,LINJ_18_0150,LINJ_25_1360,LINJ_26_2100,LINJ.12.0610
InterPro	IPR008254	Flavodoxin/nitric oxide synthase	3	6	1.25	0.38	0.0405	5671.A4I3K3,5671.A4IA43,5671.A4IBG5	LINJ_28_1350,LINJ_34_2500,LINJ_35_2600
InterPro	IPR015590	Aldehyde dehydrogenase domain	3	6	1.25	0.38	0.0405	5671.A4HRT1,5671.A4I5W9,5671.A4IDE7	LINJ_03_0190,LINJ_30_2920,LINJ_36_1840
InterPro	IPR029039	Flavoprotein-like superfamily	3	6	1.25	0.38	0.0405	5671.A4I3K3,5671.A4IA43,5671.A4IBG5	LINJ_28_1350,LINJ_34_2500,LINJ_35_2600
SMART	SM00382	ATPases associated with a variety of cellular activities	32	123	0.97	2.47	1.79e-17	5671.A4HRM7,5671.A4HRS7,5671.A4HU44,5671.A4HUR6,5671.A4HVM4,5671.A4HVN7,5671.A4HVT1,5671.A4HWE8,5671.A4HWQ5,5671.A4HYS3,5671.A4HZ08,5671.A4HZT4,5671.A4HZT9,5671.A4I194,5671.A4I2M3,5671.A4I2Q7,5671.A4I2Q9,5671.A4I3C9,5671.A4I4M8,5671.A4I4W4,5671.A4I5J7,5671.A4I6L1,5671.A4I6Q3,5671.A4IAB8,5671.A4IB20,5671.A4IC25,5671.A4ICH8,5671.A4IE38,5671.E9AG43,5671.E9AGB0,5671.E9AH29,5671.E9AHR7	LINJ_02_0270,LINJ_03_0150,LINJ_09_1280,LINJ_11_0040,KATNAL2,LINJ_13_0990,LINJ_13_1580,LINJ_15_0520,LINJ_16_0070,LINJ_20_0820,LINJ_20_1580,LINJ_22_0440,LINJ_22_0490,LINJ_25_0540,LINJ_27_0370,LINJ_27_0920,LINJ_27_0940,RAD51,ABCH2,VPS4,LINJ_30_1700,LINJ_31_0560,ABCC4,LINJ_34_3300,LINJ_35_1270,DMC1,LINJ_36_2850,RPT6,LINJ_03_0520,LINJ.12.0190,LINJ_24_0170,LINJ_33_2620
SMART	SM00220	Serine/Threonine protein kinases, catalytic domain	24	82	1.02	2.28	5.24e-14	5671.A4HRT2,5671.A4HSH7,5671.A4HTB4,5671.A4HUC8,5671.A4HUG1,5671.A4HWP5,5671.A4HWZ4,5671.A4HX71,5671.A4HXC3,5671.A4HXQ3,5671.A4HXU0,5671.A4HXY2,5671.A4HYH4,5671.A4HZV1,5671.A4I0Y4,5671.A4I1P7,5671.A4I3C6,5671.A4I3S8,5671.A4I5X0,5671.A4I910,5671.A4I967,5671.A4IC77,5671.A4ICT0,5671.E9AHI7	LINJ_03_0200,LINJ_05_0550,LINJ_07_1030,LINJ_10_0200,MPK3,LINJ_15_1630,CRK,LINJ_17_0070,LINJ_17_0550,GSK3,LINJ_18_0650,PKAC1,MPK4,LINJ_22_0630,LINJ_24_1500,LINJ_25_2070,LMAIRK,LDK,LINJ_30_2930,MPK11,LINJ_33_1810,LINJ_36_5580,CRK3,LINJ_29_1420
SMART	SM00175	Rab subfamily of small GTPases	8	14	1.31	1.32	4.90e-06	5671.A4HRM3,5671.A4HUK3,5671.A4HUM8,5671.A4HUM9,5671.A4HVF7,5671.A4HXY7,5671.A4I7N3,5671.A4I825	LINJ_02_0230,Rab11,LINJ_10_1250,LINJ_10_1260,LINJ_13_0220,LINJ_18_1140,LINJ_32_0520,LINJ_32_2160
SMART	SM00212	Ubiquitin-conjugating enzyme E2, catalytic domain homologues	8	14	1.31	1.32	4.90e-06	5671.A4HRN6,5671.A4HS64,5671.A4HTB1,5671.A4HZT8,5671.A4I122,5671.A4I7L2,5671.A4I9B7,5671.A4IB24	LINJ_02_0360,LINJ_04_0680,LINJ_07_1000,LINJ_22_0480,LINJ_24_2220,LINJ_32_0730,LINJ_33_2910,LINJ_35_1310
SMART	SM00054	EF-hand, calcium binding motif	8	31	0.97	0.81	0.00038	5671.A4HT95,5671.A4HU13,5671.A4HVP4,5671.A4HVS3,5671.A4HZG8,5671.A4I000,5671.A4I3F5,5671.A4I967	LINJ_07_0790,LINJ_09_0970,LINJ_13_1060,LINJ_13_1500,LINJ_21_1990,LINJ_22_1260,LINJ_28_0860,LINJ_33_1810
SMART	SM00146	Phosphoinositide 3-kinase, catalytic domain	5	11	1.21	0.7	0.0020	5671.A4HRL5,5671.A4HVU4,5671.A4HYV4,5671.A4I109,5671.A4I4K7	LINJ_02_0100,LINJ_14_0020,LINJ_20_1140,LINJ_24_2090,LINJ_29_1550
SMART	SM00320	WD40 repeats	13	127	0.56	0.51	0.0037	5671.A4HSP6,5671.A4HUB8,5671.A4HUJ0,5671.A4HVZ9,5671.A4HYJ4,5671.A4I0Z7,5671.A4I135,5671.A4I186,5671.A4I2S5,5671.A4I4C7,5671.A4I5H1,5671.A4I7G8,5671.A4I9G2	LINJ_06_0030,LINJ_10_0090,LINJ_10_0830,LINJ_14_0580,LINJ_20_0020,LINJ_24_1970,LINJ_24_2350,LINJ_25_0440,LINJ_27_1140,LINJ_29_0770,LINJ_30_1460,LINJ_32_0050,LINJ_33_3360
SMART	SM00156	Protein phosphatase 2A homologues, catalytic domain.	6	27	0.9	0.53	0.0068	5671.A4HSD9,5671.A4HTW1,5671.A4HXP1,5671.A4I1H6,5671.A4I2D8,5671.E9AGF3	LINJ_05_0100,LINJ_09_0520,LINJ_18_0150,LINJ_25_1360,LINJ_26_2100,LINJ.12.0610
