Node_names,degree,eigenvector,closeness,current_flow_closeness,betweeness,cf_betweenness,comm_betweenness,load_centrality,harmonic_centrality,laplacian_centrality,percolation_centrality,second_order_centrality,local_reaching_centrality,participation_coeff
4932.Q0010,0.06721008920332205,0.009426045393930101,0.4945205947637233,0.0,0.0009153947261404682,0.0,0.0,0.0,0.0,0.0,0.0,0.0,0.0,0.0
4932.YMR207C,0.06075053829590896,0.010681347339234905,0.48233377488088813,0.0,0.00018819590535607084,0.0,0.0,0.0,0.0,0.0,0.0,0.0,0.0,0.0
4932.YPR002W,0.06382651491848662,0.012071951076776812,0.48366212245592294,0.0,0.00024045574291227826,0.0,0.0,0.0,0.0,0.0,0.0,0.0,0.0,0.0
4932.YGR117C,0.08320516764072594,0.014433739712569007,0.49115650908505853,0.0,0.00012400369645532185,0.0,0.0,0.0,0.0,0.0,0.0,0.0,0.0,0.0
4932.YMR164C,0.14318671178099046,0.01843560473389765,0.5219277602566527,0.0,0.0014023483072604964,0.0,0.0,0.0,0.0,0.0,0.0,0.0,0.0,0.0
4932.YMR213W,0.07028606582589973,0.01255809404200174,0.4820475233824425,0.0,0.00018955574366078716,0.0,0.0,0.0,0.0,0.0,0.0,0.0,0.0,0.0
4932.YHR150W,0.07197785296831745,0.01167467909062054,0.4945582323765374,0.0,0.0004086571065403532,0.0,0.0,0.0,0.0,0.0,0.0,0.0,0.0,0.0
4932.YJL052W,0.19378652722239312,0.033380515702758594,0.5304057313848114,0.0,0.0011171491401043311,0.0,0.0,0.0,0.0,0.0,0.0,0.0,0.0,0.0
4932.YML099C,0.039833897262380805,0.004462846013035411,0.47688247579592874,0.0,0.00013682033304201105,0.0,0.0,0.0,0.0,0.0,0.0,0.0,0.0,0.0
4932.YJR032W,0.11888649646262689,0.02567190928145479,0.5039944632897948,0.0,0.0004814602235550112,0.0,0.0,0.0,0.0,0.0,0.0,0.0,0.0,0.0
4932.YBR265W,0.020762842202399264,0.0024120239482697046,0.4538977797705591,0.0,3.7118077306632395e-05,0.0,0.0,0.0,0.0,0.0,0.0,0.0,0.0,0.0
4932.YFL030W,0.0798215933558905,0.008572040828251873,0.48886552928041865,0.0,0.00024065395617273662,0.0,0.0,0.0,0.0,0.0,0.0,0.0,0.0,0.0
4932.YOR241W,0.054598585050753615,0.009419008527241115,0.4784626032836555,0.0,9.97807278461379e-05,0.0,0.0,0.0,0.0,0.0,0.0,0.0,0.0,0.0
4932.YPR183W,0.0816671793294371,0.010605128031318571,0.4916024069598521,0.0,0.000484405098695643,0.0,0.0,0.0,0.0,0.0,0.0,0.0,0.0,0.0
4932.YHR039C-A,0.03398954167948324,0.0058140621532514,0.4643419047588484,0.0,7.214574366780948e-05,0.0,0.0,0.0,0.0,0.0,0.0,0.0,0.0,0.0
4932.YML028W,0.15364503229775456,0.026452803529468737,0.5183058638586044,0.0,0.0008839930208364052,0.0,0.0,0.0,0.0,0.0,0.0,0.0,0.0,0.0
4932.YIL160C,0.10904337127037834,0.013366916291277491,0.5029412240863255,0.0,0.0005506373480340645,0.0,0.0,0.0,0.0,0.0,0.0,0.0,0.0,0.0
4932.YGR270W,0.11258074438634268,0.015666061676735576,0.49950039320434503,0.0,0.0006282387656159677,0.0,0.0,0.0,0.0,0.0,0.0,0.0,0.0,0.0
4932.YHL002W,0.02829898492771455,0.002823364363001983,0.4630514227317982,0.0,0.00021107435873388313,0.0,0.0,0.0,0.0,0.0,0.0,0.0,0.0,0.0
4932.YNL176C,0.13011381113503537,0.020458088060527197,0.507497705029313,0.0,0.0004977525248208326,0.0,0.0,0.0,0.0,0.0,0.0,0.0,0.0,0.0
4932.YLL041C,0.11888649646262689,0.01893314154317528,0.5078546787960394,0.0,0.0004536139969159072,0.0,0.0,0.0,0.0,0.0,0.0,0.0,0.0,0.0
4932.YDL063C,0.11581051984004923,0.026915954374279225,0.49881021073119863,0.0,0.000312345814457496,0.0,0.0,0.0,0.0,0.0,0.0,0.0,0.0,0.0
4932.YDL131W,0.0565979698554291,0.008094199791688482,0.4786740784674272,0.0,9.779597019253706e-05,0.0,0.0,0.0,0.0,0.0,0.0,0.0,0.0,0.0
4932.YOR009W,0.08120578283605046,0.011458555885116715,0.500308023960219,0.0,0.0005083869822159015,0.0,0.0,0.0,0.0,0.0,0.0,0.0,0.0,0.0
4932.YCR036W,0.06551830206090434,0.009699910436353584,0.4830868050847762,0.0,0.00010651365664922501,0.0,0.0,0.0,0.0,0.0,0.0,0.0,0.0,0.0
4932.YOL088C,0.08397416179637035,0.017797960137245054,0.48956532925452606,0.0,0.00021197230153593478,0.0,0.0,0.0,0.0,0.0,0.0,0.0,0.0,0.0
4932.YJR159W,0.05321439557059367,0.005950635679492579,0.4765327526543946,0.0,0.0006605206224485405,0.0,0.0,0.0,0.0,0.0,0.0,0.0,0.0,0.0
4932.YHR190W,0.0770532143955706,0.011445832373248626,0.4867416191157547,0.0,0.0002536426007643164,0.0,0.0,0.0,0.0,0.0,0.0,0.0,0.0,0.0
4932.YIL065C,0.06105813595816672,0.007178142298646607,0.48626809961799927,0.0,0.0003504963510910086,0.0,0.0,0.0,0.0,0.0,0.0,0.0,0.0,0.0
4932.YOL023W,0.12826822516148878,0.029908428127013713,0.5052877616792631,0.0,0.00044191755905964456,0.0,0.0,0.0,0.0,0.0,0.0,0.0,0.0,0.0
4932.YNL104C,0.06044294063365119,0.007770714934956136,0.48090590698603647,0.0,0.00013208552330825106,0.0,0.0,0.0,0.0,0.0,0.0,0.0,0.0,0.0
4932.YKL140W,0.04475545985850508,0.004773905943877823,0.4784626032836555,0.0,0.0001502791969843711,0.0,0.0,0.0,0.0,0.0,0.0,0.0,0.0,0.0
4932.YEL021W,0.17102430021531836,0.02855285736973345,0.5330599356189767,0.0,0.003922929620901801,0.0,0.0,0.0,0.0,0.0,0.0,0.0,0.0,0.0
4932.YDL057W,0.03214395570593664,0.003814693530877832,0.47179268243631195,0.0,4.271594113655583e-05,0.0,0.0,0.0,0.0,0.0,0.0,0.0,0.0,0.0
4932.YOR215C,0.08320516764072594,0.014295524715967388,0.4922727738784337,0.0,0.0005733926163615568,0.0,0.0,0.0,0.0,0.0,0.0,0.0,0.0,0.0
4932.YGR232W,0.1113503537373116,0.01494936040603906,0.5039162943152636,0.0,0.0004981976193586835,0.0,0.0,0.0,0.0,0.0,0.0,0.0,0.0,0.0
4932.YLR332W,0.07720701322669948,0.009942908872929026,0.4908967753414916,0.0,0.0003015588989694616,0.0,0.0,0.0,0.0,0.0,0.0,0.0,0.0,0.0
4932.YML086C,0.07628422023992618,0.010491649971346056,0.4888287531178308,0.0,0.000252532511177919,0.0,0.0,0.0,0.0,0.0,0.0,0.0,0.0,0.0
4932.YHR063C,0.057059366348815754,0.00875157493711192,0.47698749285732395,0.0,0.00012768764489306733,0.0,0.0,0.0,0.0,0.0,0.0,0.0,0.0,0.0
4932.YKL051W,0.06567210089203322,0.009877965657449328,0.48923359548225603,0.0,0.00023874326752163126,0.0,0.0,0.0,0.0,0.0,0.0,0.0,0.0,0.0
4932.YMR061W,0.08028298984927715,0.013673261873948002,0.48772803536705883,0.0,0.000317996821392332,0.0,0.0,0.0,0.0,0.0,0.0,0.0,0.0,0.0
4932.YOR260W,0.11934789295601354,0.028247210966402772,0.4976260235254499,0.0,0.0003135022872685326,0.0,0.0,0.0,0.0,0.0,0.0,0.0,0.0,0.0
4932.YGR194C,0.07459243309750846,0.0073832504129056065,0.4859408177681218,0.0,0.00024632139349189963,0.0,0.0,0.0,0.0,0.0,0.0,0.0,0.0,0.0
4932.YLR319C,0.0519840049215626,0.005217973578292348,0.4784626032836555,0.0,0.0001983074100145809,0.0,0.0,0.0,0.0,0.0,0.0,0.0,0.0,0.0
4932.YIR021W,0.07228545063057522,0.014424187380140407,0.4918256596423951,0.0,0.00028909999761991617,0.0,0.0,0.0,0.0,0.0,0.0,0.0,0.0,0.0
4932.YFL045C,0.1011996308828053,0.020621518289422432,0.493994269058486,0.0,0.00031039105325733114,0.0,0.0,0.0,0.0,0.0,0.0,0.0,0.0,0.0
4932.YDR317W,0.07013226699477085,0.0074824300177861874,0.4944077162896846,0.0,0.0009353287371398488,0.0,0.0,0.0,0.0,0.0,0.0,0.0,0.0,0.0
4932.YML087C,0.03368194401722547,0.004319576545806078,0.4671795682791951,0.0,5.862853240991393e-05,0.0,0.0,0.0,0.0,0.0,0.0,0.0,0.0,0.0
4932.YPL171C,0.056444171024300216,0.005828729185645911,0.4822263907380575,0.0,0.00013941924147239105,0.0,0.0,0.0,0.0,0.0,0.0,0.0,0.0,0.0
4932.YBR053C,0.059366348815749,0.006542041345314519,0.4760091286495733,0.0,0.00011846337586252614,0.0,0.0,0.0,0.0,0.0,0.0,0.0,0.0,0.0
4932.YGL261C,0.04675484466318056,0.004007694201813709,0.4801951385748836,0.0,0.001183220390999935,0.0,0.0,0.0,0.0,0.0,0.0,0.0,0.0,0.0
4932.Q0297,0.025223008305136883,6.949113376690702e-05,0.3564650071422088,0.0,2.046388299373795e-05,0.0,0.0,0.0,0.0,0.0,0.0,0.0,0.0,0.0
4932.YIR041W,0.0584435558289757,0.0042379534674636225,0.4871430103602462,0.0,0.002999286645980713,0.0,0.0,0.0,0.0,0.0,0.0,0.0,0.0,0.0
4932.YIL001W,0.11304214087972932,0.013366076867003873,0.5064692607322935,0.0,0.0006657596555916963,0.0,0.0,0.0,0.0,0.0,0.0,0.0,0.0,0.0
4932.YBR297W,0.05306059673946478,0.00560205888782988,0.48427490052133887,0.0,0.00029702646684535777,0.0,0.0,0.0,0.0,0.0,0.0,0.0,0.0,0.0
4932.YDL055C,0.118732697631498,0.022905305682809993,0.5031359361359137,0.0,0.0006209523428727116,0.0,0.0,0.0,0.0,0.0,0.0,0.0,0.0,0.0
4932.YHL018W,0.02645339895416795,0.002606351870422021,0.47042645444112974,0.0,0.00018475421040961188,0.0,0.0,0.0,0.0,0.0,0.0,0.0,0.0,0.0
4932.YFL023W,0.15103045216856353,0.029003277892898506,0.5131485915814045,0.0,0.0006679890158073698,0.0,0.0,0.0,0.0,0.0,0.0,0.0,0.0,0.0
4932.YPR057W,0.05905875115349124,0.008139775900322098,0.48663226355091177,0.0,0.00028925232021875206,0.0,0.0,0.0,0.0,0.0,0.0,0.0,0.0,0.0
4932.YIL009W,0.06367271608735774,0.00886701104708407,0.48886552928041865,0.0,0.0002608497117550721,0.0,0.0,0.0,0.0,0.0,0.0,0.0,0.0,0.0
4932.YDR479C,0.08766533374346355,0.01325997216444371,0.4995771980622222,0.0,0.0009405867853249901,0.0,0.0,0.0,0.0,0.0,0.0,0.0,0.0,0.0
4932.YDR530C,0.06782528452783759,0.011691271264091143,0.4914536844044263,0.0,0.0003422340174602162,0.0,0.0,0.0,0.0,0.0,0.0,0.0,0.0,0.0
4932.YML070W,0.050446016610273765,0.006054310214083625,0.4724787766447557,0.0,6.291687057439357e-05,0.0,0.0,0.0,0.0,0.0,0.0,0.0,0.0,0.0
4932.YBR221C,0.1048908028298985,0.01810690906594527,0.5008865039077565,0.0,0.00030902841226512165,0.0,0.0,0.0,0.0,0.0,0.0,0.0,0.0,0.0
4932.YMR191W,0.056444171024300216,0.006607729999654174,0.47531275072747603,0.0,0.0001406516001463852,0.0,0.0,0.0,0.0,0.0,0.0,0.0,0.0,0.0
4932.YKL091C,0.049830821285758234,0.00461647579293104,0.4733392056523401,0.0,0.00014260854408700504,0.0,0.0,0.0,0.0,0.0,0.0,0.0,0.0,0.0
4932.YGL257C,0.011381113503537373,0.0010598535764073575,0.4421611741423057,0.0,2.4038370143766714e-05,0.0,0.0,0.0,0.0,0.0,0.0,0.0,0.0,0.0
4932.YNL241C,0.11965549061827131,0.017399962891185828,0.5013115734605249,0.0,0.0004608746846074222,0.0,0.0,0.0,0.0,0.0,0.0,0.0,0.0,0.0
4932.YGL060W,0.040141494924638574,0.0055169891636705805,0.475034769734288,0.0,7.137875278344609e-05,0.0,0.0,0.0,0.0,0.0,0.0,0.0,0.0,0.0
4932.YOR037W,0.026145801291910183,0.0035443373113393695,0.4623924155123692,0.0,2.4760452007990655e-05,0.0,0.0,0.0,0.0,0.0,0.0,0.0,0.0,0.0
4932.YGR193C,0.08520455244540141,0.014471127469033047,0.4928701922933347,0.0,0.000196708037393806,0.0,0.0,0.0,0.0,0.0,0.0,0.0,0.0,0.0
4932.YDR101C,0.19424792371577976,0.0430576042340459,0.5259409644026972,0.0,0.0009226099120350987,0.0,0.0,0.0,0.0,0.0,0.0,0.0,0.0,0.0
4932.YOL161C,0.061211934789295604,0.004053224841574321,0.4893072752406118,0.0,0.004451303155714226,0.0,0.0,0.0,0.0,0.0,0.0,0.0,0.0,0.0
4932.YNL115C,0.06936327283912642,0.007185193768974093,0.4869239876504552,0.0,0.00023795875640235614,0.0,0.0,0.0,0.0,0.0,0.0,0.0,0.0,0.0
4932.YBL015W,0.05598277453091357,0.006709953774048754,0.48033712412738944,0.0,8.747816851976695e-05,0.0,0.0,0.0,0.0,0.0,0.0,0.0,0.0,0.0
4932.Q0032,0.02553060596739465,7.02540400907233e-05,0.36079958996087313,0.0,3.093097584695231e-05,0.0,0.0,0.0,0.0,0.0,0.0,0.0,0.0,0.0
4932.YHR041C,0.10166102737619194,0.017240843697511103,0.5006935286789431,0.0,0.00046701387467123676,0.0,0.0,0.0,0.0,0.0,0.0,0.0,0.0,0.0
4932.YER041W,0.056136573362042454,0.007685684221056085,0.47839215307335087,0.0,9.483604517883485e-05,0.0,0.0,0.0,0.0,0.0,0.0,0.0,0.0,0.0
4932.YDR390C,0.09996924023377422,0.015864451270862796,0.4967890378589698,0.0,0.0004227878959146431,0.0,0.0,0.0,0.0,0.0,0.0,0.0,0.0,0.0
4932.YGR255C,0.056136573362042454,0.0062013394809930416,0.4826920676864748,0.0,0.00014757828817554193,0.0,0.0,0.0,0.0,0.0,0.0,0.0,0.0,0.0
4932.YJR121W,0.1967087050138419,0.03468817667108522,0.5322303722823593,0.0,0.0016112091529846338,0.0,0.0,0.0,0.0,0.0,0.0,0.0,0.0,0.0
4932.YML125C,0.04583205167640726,0.007656820454877397,0.47416817098623215,0.0,0.00015017948801574155,0.0,0.0,0.0,0.0,0.0,0.0,0.0,0.0,0.0
4932.YBR046C,0.055521378037526915,0.006210050183735838,0.48172589630034285,0.0,0.0001425173914861548,0.0,0.0,0.0,0.0,0.0,0.0,0.0,0.0,0.0
4932.YDR464W,0.07397723777299293,0.012208671256261483,0.4833023886348326,0.0,8.464858773314184e-05,0.0,0.0,0.0,0.0,0.0,0.0,0.0,0.0,0.0
4932.YDR304C,0.11888649646262689,0.02471306924399025,0.5020862784110126,0.0,0.00035406322683496515,0.0,0.0,0.0,0.0,0.0,0.0,0.0,0.0,0.0
4932.YCR069W,0.09843125192248539,0.020106029260485252,0.4964853770778824,0.0,0.00023954015882429584,0.0,0.0,0.0,0.0,0.0,0.0,0.0,0.0,0.0
4932.YJR009C,0.20532143955705937,0.03684255429076089,0.5404192128405958,0.0,0.0015623416469245331,0.0,0.0,0.0,0.0,0.0,0.0,0.0,0.0,0.0
4932.Q0140,0.04398646570286066,0.00649628149923804,0.48641369976759674,0.0,0.0002970210909262222,0.0,0.0,0.0,0.0,0.0,0.0,0.0,0.0,0.0
4932.YHR068W,0.0862811442633036,0.023838299194338677,0.4801951385748836,0.0,7.384722232497162e-05,0.0,0.0,0.0,0.0,0.0,0.0,0.0,0.0,0.0
4932.YGR023W,0.06490310673638881,0.007898303134212144,0.4883878703641732,0.0,0.00021689215325571532,0.0,0.0,0.0,0.0,0.0,0.0,0.0,0.0,0.0
4932.YOR074C,0.09627806828668102,0.01558590896408711,0.49553882522651754,0.0,0.00037390729121276406,0.0,0.0,0.0,0.0,0.0,0.0,0.0,0.0,0.0
4932.YNL220W,0.12011688711165795,0.025681125081417056,0.5011569192654114,0.0,0.00027216516262717317,0.0,0.0,0.0,0.0,0.0,0.0,0.0,0.0,0.0
4932.YLR216C,0.11965549061827131,0.024023948764386925,0.5038381495848123,0.0,0.0007781233990450381,0.0,0.0,0.0,0.0,0.0,0.0,0.0,0.0,0.0
4932.YOR339C,0.10596739464780068,0.01619947768499577,0.5039944632897948,0.0,0.0006403876441131716,0.0,0.0,0.0,0.0,0.0,0.0,0.0,0.0,0.0
4932.YBR175W,0.12780682866810214,0.021858398177440973,0.5068247886432669,0.0,0.000583048533548756,0.0,0.0,0.0,0.0,0.0,0.0,0.0,0.0,0.0
4932.Q0143,0.044140264533989546,0.00014386688104272308,0.3751949082045918,0.0,0.00031045292490974055,0.0,0.0,0.0,0.0,0.0,0.0,0.0,0.0,0.0
4932.YCR102C,0.034450938172869885,0.0034930270320495532,0.46856075967661703,0.0,0.00010143452160114138,0.0,0.0,0.0,0.0,0.0,0.0,0.0,0.0,0.0
4932.YHR075C,0.051676407259304835,0.006465007400420639,0.4833023886348326,0.0,0.0002764621396483963,0.0,0.0,0.0,0.0,0.0,0.0,0.0,0.0,0.0
4932.YLR223C,0.1327283912642264,0.02283673521181808,0.5105681319396027,0.0,0.0008982958294688379,0.0,0.0,0.0,0.0,0.0,0.0,0.0,0.0,0.0
4932.YBR031W,0.1885573669640111,0.04380928750218981,0.5264522899777465,0.0,0.0005193071672349124,0.0,0.0,0.0,0.0,0.0,0.0,0.0,0.0,0.0
4932.YOR118W,0.039833897262380805,0.008020944654362256,0.471621470111433,0.0,5.0181913516709055e-05,0.0,0.0,0.0,0.0,0.0,0.0,0.0,0.0,0.0
4932.YGL256W,0.07059366348815749,0.008486007504161721,0.48846129558711004,0.0,0.0003139529465380761,0.0,0.0,0.0,0.0,0.0,0.0,0.0,0.0,0.0
4932.YGR110W,0.05444478621962474,0.006191361812159515,0.48236958022383825,0.0,0.00013944096457147926,0.0,0.0,0.0,0.0,0.0,0.0,0.0,0.0,0.0
4932.YMR246W,0.06782528452783759,0.010936001704707484,0.4902671355964482,0.0,0.0002751387075465007,0.0,0.0,0.0,0.0,0.0,0.0,0.0,0.0,0.0
4932.YCR089W,0.12288526607197786,0.01569336547768033,0.5097270642606938,0.0,0.0008516313722961924,0.0,0.0,0.0,0.0,0.0,0.0,0.0,0.0,0.0
4932.YMR110C,0.1401107351584128,0.015828677038286065,0.5124606163403254,0.0,0.000909506047355536,0.0,0.0,0.0,0.0,0.0,0.0,0.0,0.0,0.0
4932.YER161C,0.1393417410027684,0.019730672880755362,0.5117341798074756,0.0,0.0007535222250645859,0.0,0.0,0.0,0.0,0.0,0.0,0.0,0.0,0.0
4932.YGR031W,0.038757305444478626,0.005041456595765315,0.4792035851913956,0.0,8.936724759593437e-05,0.0,0.0,0.0,0.0,0.0,0.0,0.0,0.0,0.0
4932.YPL165C,0.09412488465087666,0.014445012808406401,0.5034087864266598,0.0,0.0006898873582306807,0.0,0.0,0.0,0.0,0.0,0.0,0.0,0.0,0.0
4932.YGR294W,0.040756690249154105,0.004063870359667838,0.476777504967006,0.0,0.00019620338795591112,0.0,0.0,0.0,0.0,0.0,0.0,0.0,0.0,0.0
4932.YFL037W,0.19424792371577976,0.03484598233777477,0.5303191557329082,0.0,0.001313039005491044,0.0,0.0,0.0,0.0,0.0,0.0,0.0,0.0,0.0
4932.YDR020C,0.10473700399876962,0.021851982099006607,0.4953877117630041,0.0,0.0003073508637079769,0.0,0.0,0.0,0.0,0.0,0.0,0.0,0.0,0.0
4932.YBL069W,0.03921870193786527,0.0050072754630991565,0.4788857406732497,0.0,0.0001170809145901776,0.0,0.0,0.0,0.0,0.0,0.0,0.0,0.0,0.0
4932.YGR267C,0.04844663180559828,0.007397971464901126,0.4749653252828978,0.0,0.00018235807208287795,0.0,0.0,0.0,0.0,0.0,0.0,0.0,0.0,0.0
4932.YOR204W,0.20701322669947708,0.04238424953232707,0.5327103308079459,0.0,0.0011693982316531087,0.0,0.0,0.0,0.0,0.0,0.0,0.0,0.0,0.0
4932.YBL098W,0.043217471547216245,0.004618227722900139,0.47012014290228077,0.0,8.697829340649137e-05,0.0,0.0,0.0,0.0,0.0,0.0,0.0,0.0,0.0
4932.YPL017C,0.14057213165179946,0.019859115490063937,0.5158781053664119,0.0,0.0014355365546666963,0.0,0.0,0.0,0.0,0.0,0.0,0.0,0.0,0.0
4932.YKL015W,0.0658258997231621,0.008849205411875984,0.4814403656512799,0.0,0.00016628405720545155,0.0,0.0,0.0,0.0,0.0,0.0,0.0,0.0,0.0
4932.YPR143W,0.08751153491233467,0.022009965629527957,0.4815117165761634,0.0,0.00012041805014670082,0.0,0.0,0.0,0.0,0.0,0.0,0.0,0.0,0.0
4932.YDR099W,0.1439557059366349,0.02471147335867153,0.5149786507525221,0.0,0.0004735009769296963,0.0,0.0,0.0,0.0,0.0,0.0,0.0,0.0,0.0
4932.YOR120W,0.07628422023992618,0.008758152232686923,0.48565027019397045,0.0,0.0003091788573997348,0.0,0.0,0.0,0.0,0.0,0.0,0.0,0.0,0.0
4932.YKL063C,0.08289756997846817,0.01414381572677809,0.4973974751374253,0.0,0.00018998113648432407,0.0,0.0,0.0,0.0,0.0,0.0,0.0,0.0,0.0
4932.YBR216C,0.04367886804060289,0.005962078626856038,0.4780050474617717,0.0,6.8742525029622e-05,0.0,0.0,0.0,0.0,0.0,0.0,0.0,0.0,0.0
4932.YLL012W,0.04337127037834513,0.005665793843131129,0.4795572409738247,0.0,0.0001292618604979654,0.0,0.0,0.0,0.0,0.0,0.0,0.0,0.0,0.0
4932.YER118C,0.033528145186096585,0.004478587045346973,0.46404346320040885,0.0,6.675623055840052e-05,0.0,0.0,0.0,0.0,0.0,0.0,0.0,0.0,0.0
4932.Q0144,0.017686865579821593,3.4244346425932936e-05,0.3489046722076527,0.0,6.3024458853354194e-06,0.0,0.0,0.0,0.0,0.0,0.0,0.0,0.0,0.0
4932.YKR038C,0.05905875115349124,0.013830677178842184,0.47454908458302236,0.0,9.701692371585152e-05,0.0,0.0,0.0,0.0,0.0,0.0,0.0,0.0,0.0
4932.YJR075W,0.11334973854198709,0.019833449882250376,0.5057990671125807,0.0,0.0006727034004845399,0.0,0.0,0.0,0.0,0.0,0.0,0.0,0.0,0.0
4932.YMR315W,0.07751461088895725,0.00858602388143005,0.489528447732057,0.0,0.0003078664386310161,0.0,0.0,0.0,0.0,0.0,0.0,0.0,0.0,0.0
4932.YAL068C,0.04875422946785605,0.004210005058705569,0.4831945728134536,0.0,0.001110578148506747,0.0,0.0,0.0,0.0,0.0,0.0,0.0,0.0,0.0
4932.YBR015C,0.07505382959089511,0.012425288778179892,0.4868510238402131,0.0,0.0003361224922422101,0.0,0.0,0.0,0.0,0.0,0.0,0.0,0.0,0.0
4932.YPL064C,0.08735773608120578,0.01861692713455237,0.49023014826068084,0.0,0.00022872827401669335,0.0,0.0,0.0,0.0,0.0,0.0,0.0,0.0,0.0
4932.YOR131C,0.030759766225776686,0.004697408590345543,0.4652062296102037,0.0,3.6090822905163616e-05,0.0,0.0,0.0,0.0,0.0,0.0,0.0,0.0,0.0
4932.YLR185W,0.09843125192248539,0.026223687562263173,0.49418211386381666,0.0,0.0001475403558352528,0.0,0.0,0.0,0.0,0.0,0.0,0.0,0.0,0.0
4932.YKL211C,0.09258689633958782,0.01461052903635747,0.49134220152705665,0.0,0.0002918285595059947,0.0,0.0,0.0,0.0,0.0,0.0,0.0,0.0,0.0
4932.YGR128C,0.17656105813595818,0.04029267050152179,0.5204646067437184,0.0,0.0006132384120089914,0.0,0.0,0.0,0.0,0.0,0.0,0.0,0.0,0.0
4932.YFL052W,0.04444786219624731,0.00542795331127362,0.48219060664851027,0.0,9.043493039779606e-05,0.0,0.0,0.0,0.0,0.0,0.0,0.0,0.0,0.0
4932.YLR284C,0.0956628729621655,0.01075682244462692,0.4985423212517512,0.0,0.00047000472257801277,0.0,0.0,0.0,0.0,0.0,0.0,0.0,0.0,0.0
4932.YDL114W,0.07797600738234389,0.008765184988483386,0.4995771980622222,0.0,0.0011591618734556066,0.0,0.0,0.0,0.0,0.0,0.0,0.0,0.0,0.0
4932.YDR232W,0.06721008920332205,0.009024560732007523,0.4869239876504552,0.0,0.00024354101626734238,0.0,0.0,0.0,0.0,0.0,0.0,0.0,0.0,0.0
4932.YFR041C,0.05629037219317134,0.012953528253401908,0.4766725803400326,0.0,9.542455112863684e-05,0.0,0.0,0.0,0.0,0.0,0.0,0.0,0.0,0.0
4932.YOR093C,0.09581667179329438,0.01297502960550723,0.4999615769173905,0.0,0.0007946263348210953,0.0,0.0,0.0,0.0,0.0,0.0,0.0,0.0,0.0
4932.YNL277W,0.09689326361119656,0.010707212450314528,0.4990783882638498,0.0,0.0005475669595053077,0.0,0.0,0.0,0.0,0.0,0.0,0.0,0.0,0.0
4932.Q0275,0.028452783758843435,0.005634141541510069,0.4659066907001738,0.0,5.697996983909413e-05,0.0,0.0,0.0,0.0,0.0,0.0,0.0,0.0,0.0
4932.YHR104W,0.0982774530913565,0.011063693953954228,0.49354402363628475,0.0,0.0003345479943489415,0.0,0.0,0.0,0.0,0.0,0.0,0.0,0.0,0.0
4932.YDR500C,0.11227314672408491,0.027173662623506054,0.5048951526958294,0.0,0.0003378415321339218,0.0,0.0,0.0,0.0,0.0,0.0,0.0,0.0,0.0
4932.YDR402C,0.059981544140264534,0.008241389521709348,0.48971291093491026,0.0,0.00034406799640637005,0.0,0.0,0.0,0.0,0.0,0.0,0.0,0.0,0.0
4932.YOR388C,0.06198092894494002,0.007625543937276994,0.4849254190444272,0.0,0.00031293418955908827,0.0,0.0,0.0,0.0,0.0,0.0,0.0,0.0,0.0
4932.YER088C,0.1467240848969548,0.023819677331874428,0.5136759379601048,0.0,0.0008590819856466782,0.0,0.0,0.0,0.0,0.0,0.0,0.0,0.0,0.0
4932.YDR155C,0.14134112580744387,0.02945800461102013,0.51254145884172,0.0,0.0006520423315311967,0.0,0.0,0.0,0.0,0.0,0.0,0.0,0.0,0.0
4932.YGR088W,0.11565672100892034,0.01273862891226081,0.5062719606696785,0.0,0.0005940105526798383,0.0,0.0,0.0,0.0,0.0,0.0,0.0,0.0,0.0
4932.YOR221C,0.0715164564749308,0.014731170598880388,0.4851426470953654,0.0,0.00016147011389419508,0.0,0.0,0.0,0.0,0.0,0.0,0.0,0.0,0.0
4932.YIR023W,0.06198092894494002,0.010240867409401996,0.4835901328566886,0.0,0.00022362751810645393,0.0,0.0,0.0,0.0,0.0,0.0,0.0,0.0,0.0
4932.YDL212W,0.08581974776991695,0.011257100225945336,0.49279543570418055,0.0,0.0005623858218687448,0.0,0.0,0.0,0.0,0.0,0.0,0.0,0.0,0.0
4932.YBL091C,0.11734850815133806,0.029559253092090496,0.5008478969627966,0.0,0.00020842442817363543,0.0,0.0,0.0,0.0,0.0,0.0,0.0,0.0,0.0
4932.YGR258C,0.06274992310058444,0.008699913399318275,0.48197601358814157,0.0,0.0002025432950116554,0.0,0.0,0.0,0.0,0.0,0.0,0.0,0.0,0.0
4932.YLR308W,0.054598585050753615,0.004983672730358416,0.4914536844044263,0.0,0.0011162537983155111,0.0,0.0,0.0,0.0,0.0,0.0,0.0,0.0,0.0
4932.YDR223W,0.048292832974469395,0.006816024519414997,0.48005323693818885,0.0,7.93246340405978e-05,0.0,0.0,0.0,0.0,0.0,0.0,0.0,0.0,0.0
4932.YML054C,0.15241464164872348,0.01917607386862095,0.5158781053664119,0.0,0.0015824122774650172,0.0,0.0,0.0,0.0,0.0,0.0,0.0,0.0,0.0
4932.YML050W,0.024300215318363582,0.003045067168154428,0.4612763977564652,0.0,6.549161325570007e-05,0.0,0.0,0.0,0.0,0.0,0.0,0.0,0.0,0.0
4932.YML106W,0.11627191633343588,0.026658158468188527,0.49980775441853126,0.0,0.0003324750002825884,0.0,0.0,0.0,0.0,0.0,0.0,0.0,0.0,0.0
4932.YPL119C,0.1651799446324208,0.034290680160686746,0.520589698381295,0.0,0.0008193059480064968,0.0,0.0,0.0,0.0,0.0,0.0,0.0,0.0,0.0
4932.YLR020C,0.04306367271608736,0.005053035902974743,0.47948646806340944,0.0,0.00011693752974704279,0.0,0.0,0.0,0.0,0.0,0.0,0.0,0.0,0.0
4932.YLR106C,0.12657643801907106,0.0252939995237995,0.5071412327476255,0.0,0.0005196672427133719,0.0,0.0,0.0,0.0,0.0,0.0,0.0,0.0,0.0
4932.YNR059W,0.008920332205475239,0.0006620199590422382,0.43628310831175804,0.0,3.3847211709475325e-05,0.0,0.0,0.0,0.0,0.0,0.0,0.0,0.0,0.0
4932.YKL029C,0.09227929867733006,0.016206063050944783,0.49104516097599366,0.0,0.0005957549647166927,0.0,0.0,0.0,0.0,0.0,0.0,0.0,0.0,0.0
4932.YCR104W,0.04783143648108275,0.004383522347207346,0.4825845239654901,0.0,0.000899016812045789,0.0,0.0,0.0,0.0,0.0,0.0,0.0,0.0,0.0
4932.YPL113C,0.04490925868963396,0.0062147653452137835,0.4735116676525049,0.0,6.477196294543976e-05,0.0,0.0,0.0,0.0,0.0,0.0,0.0,0.0,0.0
4932.YKL204W,0.07997539218701938,0.012944843980738764,0.4899713930926953,0.0,0.00019115087284516877,0.0,0.0,0.0,0.0,0.0,0.0,0.0,0.0,0.0
4932.YJR119C,0.13518917256228855,0.025749946025123496,0.5129055659637954,0.0,0.0006468179536062663,0.0,0.0,0.0,0.0,0.0,0.0,0.0,0.0,0.0
4932.YMR079W,0.062442325438326673,0.010107812169991529,0.48044366840630864,0.0,0.0002128248189459164,0.0,0.0,0.0,0.0,0.0,0.0,0.0,0.0,0.0
4932.YGR192C,0.20716702553060598,0.03625734979821104,0.5356525113506986,0.0,0.001873062612160518,0.0,0.0,0.0,0.0,0.0,0.0,0.0,0.0,0.0
4932.YBR019C,0.08658874192556137,0.01132229408269817,0.49111938743823785,0.0,0.00030618879032971204,0.0,0.0,0.0,0.0,0.0,0.0,0.0,0.0,0.0
4932.YGR015C,0.03521993232851431,0.004296929282959775,0.47506949957561956,0.0,6.392883872226082e-05,0.0,0.0,0.0,0.0,0.0,0.0,0.0,0.0,0.0
4932.YNL121C,0.042294678560442944,0.006440303878806381,0.47186120217815153,0.0,0.000133999182442495,0.0,0.0,0.0,0.0,0.0,0.0,0.0,0.0,0.0
4932.YEL049W,0.04183328206705629,0.004254542491202435,0.4774080240390364,0.0,0.00015250288498314612,0.0,0.0,0.0,0.0,0.0,0.0,0.0,0.0,0.0
4932.YMR090W,0.10012303906490311,0.01117046340308821,0.5024356773521476,0.0,0.0006643179965649378,0.0,0.0,0.0,0.0,0.0,0.0,0.0,0.0,0.0
4932.YCR028C-A,0.09720086127345433,0.020681103980770388,0.4947088401366825,0.0,0.00023342550548756494,0.0,0.0,0.0,0.0,0.0,0.0,0.0,0.0,0.0
4932.YOR084W,0.07028606582589973,0.008620790938423056,0.4899713930926953,0.0,0.000266956138163699,0.0,0.0,0.0,0.0,0.0,0.0,0.0,0.0,0.0
4932.YPL091W,0.11350353737311597,0.017777631393281947,0.5046206892284946,0.0,0.0004870133587188346,0.0,0.0,0.0,0.0,0.0,0.0,0.0,0.0,0.0
4932.YOR033C,0.09996924023377422,0.01434765836049518,0.4974736346038375,0.0,0.00044629413138010435,0.0,0.0,0.0,0.0,0.0,0.0,0.0,0.0,0.0
4932.YDL168W,0.0658258997231621,0.009006227182237484,0.48565027019397045,0.0,0.00014654055489856686,0.0,0.0,0.0,0.0,0.0,0.0,0.0,0.0,0.0
4932.YMR152W,0.08197477699169486,0.009504293065816289,0.500462154589905,0.0,0.0005710774024108702,0.0,0.0,0.0,0.0,0.0,0.0,0.0,0.0,0.0
4932.YER061C,0.08182097816056598,0.016662076458524726,0.49019316650538053,0.0,0.00014388797535571504,0.0,0.0,0.0,0.0,0.0,0.0,0.0,0.0,0.0
4932.YDR054C,0.13026760996616427,0.0193535540493909,0.5078943735497362,0.0,0.0008788473440315797,0.0,0.0,0.0,0.0,0.0,0.0,0.0,0.0,0.0
4932.YJL186W,0.05321439557059367,0.010015189805079889,0.47524322498320226,0.0,0.00011675845786189388,0.0,0.0,0.0,0.0,0.0,0.0,0.0,0.0,0.0
4932.YGL219C,0.0584435558289757,0.007694464097970367,0.4839863410692183,0.0,0.0005339087478191798,0.0,0.0,0.0,0.0,0.0,0.0,0.0,0.0,0.0
4932.YER001W,0.023531221162719166,0.002315514344420226,0.45628822520857554,0.0,5.4698800358307045e-05,0.0,0.0,0.0,0.0,0.0,0.0,0.0,0.0,0.0
4932.YLR013W,0.03645032297754537,0.0023901742019626915,0.4772327126318541,0.0,0.00304088867750599,0.0,0.0,0.0,0.0,0.0,0.0,0.0,0.0,0.0
4932.YPR196W,0.03199015687480775,0.0035464159093743786,0.4727881704886005,0.0,0.00011576480622192655,0.0,0.0,0.0,0.0,0.0,0.0,0.0,0.0,0.0
4932.YDR127W,0.10842817594586282,0.017010759792253038,0.4992701202608778,0.0,0.0004772529790090173,0.0,0.0,0.0,0.0,0.0,0.0,0.0,0.0,0.0
4932.YOR180C,0.0908951091971701,0.00993481609249947,0.4985423212517512,0.0,0.0006479632509446086,0.0,0.0,0.0,0.0,0.0,0.0,0.0,0.0,0.0
4932.YHR057C,0.11780990464472471,0.024203743785174328,0.5028244691786214,0.0,0.0004045482723725678,0.0,0.0,0.0,0.0,0.0,0.0,0.0,0.0,0.0
4932.YCL050C,0.08935712088588127,0.01857875156708336,0.49770225300209286,0.0,0.00024331277676758586,0.0,0.0,0.0,0.0,0.0,0.0,0.0,0.0,0.0
4932.YHL046C,0.041064287911411874,0.004027472226245679,0.4798405416626292,0.0,0.00032284221066330304,0.0,0.0,0.0,0.0,0.0,0.0,0.0,0.0,0.0
4932.YJR069C,0.09181790218394341,0.020365952421733176,0.48974982025891806,0.0,0.00018886274312354733,0.0,0.0,0.0,0.0,0.0,0.0,0.0,0.0,0.0
4932.YHR206W,0.16487234697016304,0.02564062499289102,0.5180579299366439,0.0,0.0010351956697361863,0.0,0.0,0.0,0.0,0.0,0.0,0.0,0.0,0.0
4932.Q0182,0.003844970778222086,0.0001928121271117606,0.3629356911972366,0.0,6.392096527195242e-06,0.0,0.0,0.0,0.0,0.0,0.0,0.0,0.0,0.0
4932.YMR271C,0.07059366348815749,0.012463768066401693,0.48725259562052525,0.0,0.00026632512909242645,0.0,0.0,0.0,0.0,0.0,0.0,0.0,0.0,0.0
4932.YFL018C,0.14318671178099046,0.021849727323387174,0.5143264694629828,0.0,0.0007191868738192438,0.0,0.0,0.0,0.0,0.0,0.0,0.0,0.0,0.0
4932.YBL080C,0.06859427868348202,0.015832144266433264,0.48201176583304833,0.0,8.20352214681563e-05,0.0,0.0,0.0,0.0,0.0,0.0,0.0,0.0,0.0
4932.YDR263C,0.08797293140572132,0.013028538367376786,0.4937690437078514,0.0,0.0003105079627548852,0.0,0.0,0.0,0.0,0.0,0.0,0.0,0.0,0.0
4932.YLR461W,0.040756690249154105,0.00408868513568922,0.47427199585397595,0.0,0.0002547566339658302,0.0,0.0,0.0,0.0,0.0,0.0,0.0,0.0,0.0
4932.YPL028W,0.11011996308828054,0.01658354809572671,0.5052877616792631,0.0,0.0004831933733457436,0.0,0.0,0.0,0.0,0.0,0.0,0.0,0.0,0.0
4932.YHR007C,0.14241771762534605,0.023706347250110865,0.5172331939182779,0.0,0.0011342295127387222,0.0,0.0,0.0,0.0,0.0,0.0,0.0,0.0,0.0
4932.YDR458C,0.10027683789603199,0.015568201734933567,0.4974736346038375,0.0,0.00031454861972753133,0.0,0.0,0.0,0.0,0.0,0.0,0.0,0.0,0.0
4932.Q0115,0.03398954167948324,0.0068972045768938015,0.4768124901082569,0.0,0.0002774630805077502,0.0,0.0,0.0,0.0,0.0,0.0,0.0,0.0,0.0
4932.YNL134C,0.04752383881882498,0.005848710367151502,0.47632316487284304,0.0,7.768264812629579e-05,0.0,0.0,0.0,0.0,0.0,0.0,0.0,0.0,0.0
4932.YBR151W,0.039833897262380805,0.006135772020962349,0.47327025602296613,0.0,9.491261710470431e-05,0.0,0.0,0.0,0.0,0.0,0.0,0.0,0.0,0.0
4932.YJR051W,0.0825899723162104,0.012819835396296204,0.4914536844044263,0.0,0.00023162913741080096,0.0,0.0,0.0,0.0,0.0,0.0,0.0,0.0,0.0
4932.YDR012W,0.17702245462934482,0.042139121905906046,0.5230621118244646,0.0,0.00041759549666564783,0.0,0.0,0.0,0.0,0.0,0.0,0.0,0.0,0.0
4932.YBR153W,0.060904337127037834,0.009750598913541549,0.4802306270929957,0.0,0.00010422647284433565,0.0,0.0,0.0,0.0,0.0,0.0,0.0,0.0,0.0
4932.YNL091W,0.1494924638572747,0.020686645385135757,0.5146931180352733,0.0,0.0013975921062964098,0.0,0.0,0.0,0.0,0.0,0.0,0.0,0.0,0.0
4932.YBR301W,0.041987080898185175,0.00410766877392121,0.4768474803841876,0.0,0.00014379967955970835,0.0,0.0,0.0,0.0,0.0,0.0,0.0,0.0,0.0
4932.YDL182W,0.06013534297139342,0.008998983035511008,0.4814403656512799,0.0,0.00011263503467400016,0.0,0.0,0.0,0.0,0.0,0.0,0.0,0.0,0.0
4932.YCR084C,0.14887726853275915,0.024452767770455384,0.5139196943368654,0.0,0.0007759352663586987,0.0,0.0,0.0,0.0,0.0,0.0,0.0,0.0,0.0
4932.YGR125W,0.019993848046754845,0.0019580435210642204,0.4568656834138596,0.0,2.4316857343661775e-05,0.0,0.0,0.0,0.0,0.0,0.0,0.0,0.0,0.0
4932.YDR542W,0.048292832974469395,0.004046017747303192,0.4820832862375046,0.0,0.001293016745014954,0.0,0.0,0.0,0.0,0.0,0.0,0.0,0.0,0.0
4932.YER177W,0.14733928022147033,0.026092614554241143,0.516698522200646,0.0,0.0006269895524304673,0.0,0.0,0.0,0.0,0.0,0.0,0.0,0.0,0.0
4932.YGR207C,0.05875115349123347,0.009230206175785634,0.4850340087478782,0.0,0.00013571332679462647,0.0,0.0,0.0,0.0,0.0,0.0,0.0,0.0,0.0
4932.YBR149W,0.07120885881267303,0.008537548180076073,0.4831586448951836,0.0,0.00011539812600200402,0.0,0.0,0.0,0.0,0.0,0.0,0.0,0.0,0.0
4932.YNR064C,0.042909873884958476,0.004652010782567298,0.4811195479931382,0.0,0.0002482443393689356,0.0,0.0,0.0,0.0,0.0,0.0,0.0,0.0,0.0
4932.YML126C,0.06167333128268226,0.010396392621809714,0.4796634395213202,0.0,0.00014109439814720748,0.0,0.0,0.0,0.0,0.0,0.0,0.0,0.0,0.0
4932.YAR075W,0.07566902491541065,0.020164602650690977,0.4921236455010091,0.0,0.0008383284817192121,0.0,0.0,0.0,0.0,0.0,0.0,0.0,0.0,0.0
4932.YBR225W,0.0733620424484774,0.01268891212215707,0.4938065670032164,0.0,0.000239098379763364,0.0,0.0,0.0,0.0,0.0,0.0,0.0,0.0,0.0
4932.YPL226W,0.21608735773608123,0.044975021423866536,0.5378694325962524,0.0,0.0013719924534234768,0.0,0.0,0.0,0.0,0.0,0.0,0.0,0.0,0.0
4932.YDR368W,0.05721316517994464,0.007208367358088577,0.4768124901082569,0.0,8.014651487759965e-05,0.0,0.0,0.0,0.0,0.0,0.0,0.0,0.0,0.0
4932.YML008C,0.11258074438634268,0.020555791146259914,0.5010023604622456,0.0,0.0006172239761498615,0.0,0.0,0.0,0.0,0.0,0.0,0.0,0.0,0.0
4932.YIL043C,0.04521685635189173,0.007070086907387628,0.4733736880014078,0.0,0.0001039335571761065,0.0,0.0,0.0,0.0,0.0,0.0,0.0,0.0,0.0
4932.YKL224C,0.056444171024300216,0.0040138069233685925,0.48666870994572536,0.0,0.0030189682856509004,0.0,0.0,0.0,0.0,0.0,0.0,0.0,0.0,0.0
4932.YMR278W,0.06690249154106429,0.010077388562999428,0.4841666504131827,0.0,0.00015583999837108357,0.0,0.0,0.0,0.0,0.0,0.0,0.0,0.0,0.0
4932.YHR179W,0.04567825284527838,0.006061429608041954,0.4735116676525049,0.0,7.183356283070438e-05,0.0,0.0,0.0,0.0,0.0,0.0,0.0,0.0,0.0
4932.YML034W,0.09781605659796987,0.014678454302041944,0.4999615769173905,0.0,0.0005754521670000293,0.0,0.0,0.0,0.0,0.0,0.0,0.0,0.0,0.0
4932.YDR453C,0.11765610581359583,0.019009855049487184,0.5072996030287551,0.0,0.0004291367581698125,0.0,0.0,0.0,0.0,0.0,0.0,0.0,0.0,0.0
4932.YLR299W,0.041371885573669644,0.003936476835449593,0.46818939514340546,0.0,0.00010813549377166858,0.0,0.0,0.0,0.0,0.0,0.0,0.0,0.0,0.0
4932.YGL154C,0.043217471547216245,0.004768057526078491,0.4795572409738247,0.0,0.00028985627842518754,0.0,0.0,0.0,0.0,0.0,0.0,0.0,0.0,0.0
4932.YOL096C,0.08397416179637035,0.01069458883263048,0.4896391089741033,0.0,0.0005628715835517522,0.0,0.0,0.0,0.0,0.0,0.0,0.0,0.0,0.0
4932.YER178W,0.1344201784066441,0.02739463786805663,0.5077753078999238,0.0,0.0004464273624787453,0.0,0.0,0.0,0.0,0.0,0.0,0.0,0.0,0.0
4932.YGL185C,0.04044909258689634,0.005857663320066441,0.4698482006648825,0.0,2.9675658110859648e-05,0.0,0.0,0.0,0.0,0.0,0.0,0.0,0.0,0.0
4932.YKL067W,0.21501076591817903,0.038680603837361105,0.5362271509486156,0.0,0.001877334012641726,0.0,0.0,0.0,0.0,0.0,0.0,0.0,0.0,0.0
4932.YLR354C,0.10535219932328514,0.020531399141155444,0.4976641353446676,0.0,0.00016970221382676915,0.0,0.0,0.0,0.0,0.0,0.0,0.0,0.0,0.0
4932.YOR061W,0.08658874192556137,0.017974799850739572,0.48536006985325103,0.0,0.0002341298900720947,0.0,0.0,0.0,0.0,0.0,0.0,0.0,0.0,0.0
4932.YDR036C,0.08781913257459244,0.011359071645559092,0.4957656683600614,0.0,0.00044165393241474065,0.0,0.0,0.0,0.0,0.0,0.0,0.0,0.0,0.0
4932.YOR205C,0.05875115349123347,0.009212357704673168,0.4762882514985945,0.0,8.119199150124507e-05,0.0,0.0,0.0,0.0,0.0,0.0,0.0,0.0,0.0
4932.YJR096W,0.0816671793294371,0.008914669813197688,0.487837884023673,0.0,0.0002574115881998467,0.0,0.0,0.0,0.0,0.0,0.0,0.0,0.0,0.0
4932.YPR004C,0.0770532143955706,0.012986300521216331,0.49565222083869753,0.0,0.00018025843025999602,0.0,0.0,0.0,0.0,0.0,0.0,0.0,0.0,0.0
4932.YKL081W,0.19424792371577976,0.04297848834633202,0.528851681874772,0.0,0.0008514059996228753,0.0,0.0,0.0,0.0,0.0,0.0,0.0,0.0,0.0
4932.YLL025W,0.03968009843125193,0.004082025648269902,0.4755214500691785,0.0,8.740946562847324e-05,0.0,0.0,0.0,0.0,0.0,0.0,0.0,0.0,0.0
4932.YDR111C,0.056136573362042454,0.007692476584462,0.4748264972740464,0.0,6.211424165200066e-05,0.0,0.0,0.0,0.0,0.0,0.0,0.0,0.0,0.0
4932.YPL048W,0.1568748077514611,0.035790458712894345,0.5159190643267428,0.0,0.0004113465954362648,0.0,0.0,0.0,0.0,0.0,0.0,0.0,0.0,0.0
4932.YGR266W,0.08228237465395263,0.012643970485948045,0.49437010158211536,0.0,0.0002094549092152853,0.0,0.0,0.0,0.0,0.0,0.0,0.0,0.0,0.0
4932.YIL014W,0.012150107659181791,0.00105652186009741,0.44990657170915493,0.0,2.288794726456265e-05,0.0,0.0,0.0,0.0,0.0,0.0,0.0,0.0,0.0
4932.YPL252C,0.07920639803137497,0.013050454496757324,0.48798442589331065,0.0,0.00036722558305895853,0.0,0.0,0.0,0.0,0.0,0.0,0.0,0.0,0.0
4932.YJL115W,0.08920332205475238,0.011844263486115364,0.49178843678160333,0.0,0.0003223363248234243,0.0,0.0,0.0,0.0,0.0,0.0,0.0,0.0,0.0
4932.YOR129C,0.04490925868963396,0.007071284717486005,0.48072801769588847,0.0,0.00010219350573570633,0.0,0.0,0.0,0.0,0.0,0.0,0.0,0.0,0.0
4932.YHR183W,0.08612734543217472,0.016939509574337087,0.4882044038463805,0.0,0.00011946539956169384,0.0,0.0,0.0,0.0,0.0,0.0,0.0,0.0,0.0
4932.YJL045W,0.09858505075361428,0.014703606474327155,0.5002695061356013,0.0,0.0006748995217301329,0.0,0.0,0.0,0.0,0.0,0.0,0.0,0.0,0.0
4932.YLR460C,0.029990772070132267,0.0032770863999698066,0.4624253213204757,0.0,4.035774404051795e-05,0.0,0.0,0.0,0.0,0.0,0.0,0.0,0.0,0.0
4932.YJL088W,0.059981544140264534,0.007243580391594341,0.4792389272951785,0.0,0.0002365415814292494,0.0,0.0,0.0,0.0,0.0,0.0,0.0,0.0,0.0
4932.YMR172W,0.09058751153491235,0.013950145914082092,0.49485953965389723,0.0,0.00020244143765111805,0.0,0.0,0.0,0.0,0.0,0.0,0.0,0.0,0.0
4932.YJL089W,0.07659181790218395,0.00906349882547018,0.4916768019972249,0.0,0.000419408440854274,0.0,0.0,0.0,0.0,0.0,0.0,0.0,0.0,0.0
4932.YGL055W,0.0993540449092587,0.014587392744656764,0.4964853770778824,0.0,0.00039568968808549327,0.0,0.0,0.0,0.0,0.0,0.0,0.0,0.0,0.0
4932.YCR019W,0.051676407259304835,0.00783825208817755,0.4775834642948203,0.0,0.00026412205392942174,0.0,0.0,0.0,0.0,0.0,0.0,0.0,0.0,0.0
4932.YEL071W,0.0565979698554291,0.008466504902932848,0.47674252495930486,0.0,0.00011323544534176213,0.0,0.0,0.0,0.0,0.0,0.0,0.0,0.0,0.0
4932.YAL054C,0.11550292217779146,0.012519314566302212,0.5050913808935348,0.0,0.000670014766721775,0.0,0.0,0.0,0.0,0.0,0.0,0.0,0.0,0.0
4932.YDL246C,0.05029221777914488,0.0057146501625844675,0.47807538369594793,0.0,0.00014069586538809772,0.0,0.0,0.0,0.0,0.0,0.0,0.0,0.0,0.0
4932.YHR039C,0.08566594893878807,0.010551527825518004,0.4942196999692215,0.0,0.00026895155573296157,0.0,0.0,0.0,0.0,0.0,0.0,0.0,0.0,0.0
4932.YKR009C,0.0908951091971701,0.009932627798393587,0.49569003090970515,0.0,0.000435272478771205,0.0,0.0,0.0,0.0,0.0,0.0,0.0,0.0,0.0
4932.YMR169C,0.14241771762534605,0.015166750851385335,0.5144893598729473,0.0,0.0011103200536737477,0.0,0.0,0.0,0.0,0.0,0.0,0.0,0.0,0.0
4932.YGL038C,0.13349738541987083,0.018782898134407616,0.5135947372111385,0.0,0.0008544720243082492,0.0,0.0,0.0,0.0,0.0,0.0,0.0,0.0,0.0
4932.YKL132C,0.025684404798523533,0.003489740924854739,0.4616368723497673,0.0,5.436993124724946e-05,0.0,0.0,0.0,0.0,0.0,0.0,0.0,0.0,0.0
4932.YNR074C,0.05336819440172255,0.008088381977280594,0.47804021299163724,0.0,0.0002737184666963481,0.0,0.0,0.0,0.0,0.0,0.0,0.0,0.0,0.0
4932.YML115C,0.07751461088895725,0.012526561752432561,0.4864501134298042,0.0,0.00027012153340138655,0.0,0.0,0.0,0.0,0.0,0.0,0.0,0.0,0.0
4932.YFL053W,0.03844970778222086,0.0038981965739146025,0.46540614633973104,0.0,9.746460534682318e-05,0.0,0.0,0.0,0.0,0.0,0.0,0.0,0.0,0.0
4932.YDR514C,0.041987080898185175,0.006298405717982151,0.4711085779159954,0.0,6.848219291460187e-05,0.0,0.0,0.0,0.0,0.0,0.0,0.0,0.0,0.0
4932.YCL036W,0.06874807751461089,0.012782610659282273,0.4831586448951836,0.0,0.00034888403123533207,0.0,0.0,0.0,0.0,0.0,0.0,0.0,0.0,0.0
4932.YJR004C,0.05505998154414027,0.007718944114457702,0.4830149866346038,0.0,0.00033624797180346856,0.0,0.0,0.0,0.0,0.0,0.0,0.0,0.0,0.0
4932.YNL168C,0.059827745309135656,0.008284651038000367,0.4816187826263953,0.0,9.277298233744558e-05,0.0,0.0,0.0,0.0,0.0,0.0,0.0,0.0,0.0
4932.YLR037C,0.04352506920947401,0.004530453855125435,0.4778644370639303,0.0,0.00011458168248125819,0.0,0.0,0.0,0.0,0.0,0.0,0.0,0.0,0.0
4932.YCL038C,0.11842509996924024,0.021965113681290623,0.5028633814576168,0.0,0.0005000459561899993,0.0,0.0,0.0,0.0,0.0,0.0,0.0,0.0,0.0
4932.YLR189C,0.04275607505382959,0.004625756808471378,0.4815473999700107,0.0,0.00019738378142286015,0.0,0.0,0.0,0.0,0.0,0.0,0.0,0.0,0.0
4932.YOR253W,0.05813595816671794,0.012912489645854211,0.475730332761939,0.0,0.00011240653277462553,0.0,0.0,0.0,0.0,0.0,0.0,0.0,0.0,0.0
4932.Q0120,0.06321131959397108,0.010138915329243518,0.499231762077084,0.0,0.002571728379078206,0.0,0.0,0.0,0.0,0.0,0.0,0.0,0.0,0.0
4932.YOR108W,0.08689633958781914,0.017838149375850945,0.48974982025891806,0.0,0.00022637193099891233,0.0,0.0,0.0,0.0,0.0,0.0,0.0,0.0,0.0
4932.YJR012C,0.10781298062134728,0.017866747597257968,0.5016211683800621,0.0,0.0005416191107665832,0.0,0.0,0.0,0.0,0.0,0.0,0.0,0.0,0.0
4932.YDR050C,0.1633343586588742,0.030575003192989246,0.5231884553297362,0.0,0.000994441884809917,0.0,0.0,0.0,0.0,0.0,0.0,0.0,0.0,0.0
4932.Q0045,0.03814211011996309,0.007461192057459846,0.4762533432421083,0.0,9.743847508218175e-05,0.0,0.0,0.0,0.0,0.0,0.0,0.0,0.0,0.0
4932.YDR104C,0.12519224853891112,0.025247013475574485,0.5077356317545964,0.0,0.0005673030114224935,0.0,0.0,0.0,0.0,0.0,0.0,0.0,0.0,0.0
4932.YML103C,0.10289141802522302,0.018272966293925618,0.5039944632897948,0.0,0.0004944361541285858,0.0,0.0,0.0,0.0,0.0,0.0,0.0,0.0,0.0
4932.YOR288C,0.07582282374653954,0.016481101495836505,0.4868510238402131,0.0,0.00012647686552379268,0.0,0.0,0.0,0.0,0.0,0.0,0.0,0.0,0.0
4932.YDR197W,0.05875115349123347,0.008017878908575554,0.48058580099070514,0.0,0.0002795700449847255,0.0,0.0,0.0,0.0,0.0,0.0,0.0,0.0,0.0
4932.YJL223C,0.04214087972931406,0.004327241437359739,0.4802661208570085,0.0,0.00027224741137558885,0.0,0.0,0.0,0.0,0.0,0.0,0.0,0.0,0.0
4932.YFL020C,0.045063057520762846,0.004555135934087795,0.478216118280492,0.0,0.00045556359830314317,0.0,0.0,0.0,0.0,0.0,0.0,0.0,0.0,0.0
4932.YPL061W,0.12257766840972009,0.016288970187440424,0.5082916626404353,0.0,0.000857532933454012,0.0,0.0,0.0,0.0,0.0,0.0,0.0,0.0,0.0
4932.YBR208C,0.14995386035066136,0.022654875037117186,0.5195906457056872,0.0,0.0010405400266172273,0.0,0.0,0.0,0.0,0.0,0.0,0.0,0.0,0.0
4932.YML076C,0.05398338972623808,0.006731779230627077,0.4815117165761634,0.0,0.00011935325894035818,0.0,0.0,0.0,0.0,0.0,0.0,0.0,0.0,0.0
4932.YMR325W,0.05536757920639804,0.004285923005201044,0.4851426470953654,0.0,0.0027077823254845717,0.0,0.0,0.0,0.0,0.0,0.0,0.0,0.0,0.0
4932.YBR196C,0.14149492463857274,0.0249854121301612,0.5169862849228518,0.0,0.000729204181332021,0.0,0.0,0.0,0.0,0.0,0.0,0.0,0.0,0.0
4932.YBR294W,0.028914180252230085,0.002335560789335883,0.45997031324381144,0.0,4.2243464738825326e-05,0.0,0.0,0.0,0.0,0.0,0.0,0.0,0.0,0.0
4932.YAR007C,0.09227929867733006,0.01365170795007025,0.49204911518971106,0.0,0.0003198155934580242,0.0,0.0,0.0,0.0,0.0,0.0,0.0,0.0,0.0
4932.YOR142W,0.127960627499231,0.02245143300617803,0.5104478095204497,0.0,0.0005527022437295667,0.0,0.0,0.0,0.0,0.0,0.0,0.0,0.0,0.0
4932.YPR153W,0.0956628729621655,0.013016493004760326,0.5072204055261357,0.0,0.001627683594697225,0.0,0.0,0.0,0.0,0.0,0.0,0.0,0.0,0.0
4932.YER013W,0.12980621347277763,0.024654840992706345,0.5077356317545964,0.0,0.0005396714987961482,0.0,0.0,0.0,0.0,0.0,0.0,0.0,0.0,0.0
4932.YJR066W,0.1299600123039065,0.016640201815189482,0.5154279856583902,0.0,0.001522683959172463,0.0,0.0,0.0,0.0,0.0,0.0,0.0,0.0,0.0
4932.YML062C,0.10366041218086743,0.016992474800976858,0.5013502519246451,0.0,0.00044105451489177133,0.0,0.0,0.0,0.0,0.0,0.0,0.0,0.0,0.0
4932.YBR159W,0.0881267302368502,0.013640342025690255,0.4987336415070477,0.0,0.0004099509681784406,0.0,0.0,0.0,0.0,0.0,0.0,0.0,0.0,0.0
4932.YIL074C,0.07428483543525069,0.0116376489463887,0.4839863410692183,0.0,0.00018194046729822633,0.0,0.0,0.0,0.0,0.0,0.0,0.0,0.0,0.0
4932.YER026C,0.05828975699784682,0.006049908151082529,0.47874461174355887,0.0,0.00016804609591250337,0.0,0.0,0.0,0.0,0.0,0.0,0.0,0.0,0.0
4932.YGR233C,0.1957859120270686,0.025775323212587808,0.5276064156540536,0.0,0.0020874499992724056,0.0,0.0,0.0,0.0,0.0,0.0,0.0,0.0,0.0
4932.YLR153C,0.11104275607505383,0.016240714276115887,0.50556295146622,0.0,0.0006484552425442405,0.0,0.0,0.0,0.0,0.0,0.0,0.0,0.0,0.0
4932.YDR125C,0.03214395570593664,0.004148378505279311,0.4730979697994412,0.0,3.259932723870343e-05,0.0,0.0,0.0,0.0,0.0,0.0,0.0,0.0,0.0
4932.YML085C,0.12780682866810214,0.02360960612205276,0.5080929404328192,0.0,0.0003889473419014781,0.0,0.0,0.0,0.0,0.0,0.0,0.0,0.0,0.0
4932.YER010C,0.030452168563518917,0.0035334922807153156,0.4675156928696543,0.0,3.881852939500309e-05,0.0,0.0,0.0,0.0,0.0,0.0,0.0,0.0,0.0
4932.YMR111C,0.09058751153491235,0.013509345858784218,0.49437010158211536,0.0,0.00021437554882349334,0.0,0.0,0.0,0.0,0.0,0.0,0.0,0.0,0.0
4932.YER004W,0.06059673946478007,0.007752856623492023,0.4867780818934246,0.0,0.0002173213027010495,0.0,0.0,0.0,0.0,0.0,0.0,0.0,0.0,0.0
4932.YJL149W,0.10227622270070748,0.016862997576645763,0.5006163802153563,0.0,0.00026461212666635753,0.0,0.0,0.0,0.0,0.0,0.0,0.0,0.0,0.0
4932.YOR207C,0.21870193786527223,0.0446862120523892,0.5351231668611813,0.0,0.0011558699072390607,0.0,0.0,0.0,0.0,0.0,0.0,0.0,0.0,0.0
4932.YDR212W,0.1848661950169179,0.04059182543914546,0.523694440296206,0.0,0.000664609264557702,0.0,0.0,0.0,0.0,0.0,0.0,0.0,0.0,0.0
4932.Q0110,0.03721931713318979,0.007567857884797887,0.4795572409738247,0.0,8.331702193685176e-05,0.0,0.0,0.0,0.0,0.0,0.0,0.0,0.0,0.0
4932.YNL274C,0.07659181790218395,0.009043648360125896,0.486231713199291,0.0,0.0002191431588593048,0.0,0.0,0.0,0.0,0.0,0.0,0.0,0.0,0.0
4932.YAL061W,0.07720701322669948,0.00763599338797368,0.49052620330605606,0.0,0.00040382602040504086,0.0,0.0,0.0,0.0,0.0,0.0,0.0,0.0,0.0
4932.YNL014W,0.1687173177483851,0.033912235551755175,0.5281639124762517,0.0,0.0016455034025629313,0.0,0.0,0.0,0.0,0.0,0.0,0.0,0.0,0.0
4932.YGR196C,0.0529067979083359,0.006707741781266886,0.4815473999700107,0.0,0.00018899338355997378,0.0,0.0,0.0,0.0,0.0,0.0,0.0,0.0,0.0
4932.YER101C,0.04244847739157183,0.005041052534355061,0.4765327526543946,0.0,5.555186490423732e-05,0.0,0.0,0.0,0.0,0.0,0.0,0.0,0.0,0.0
4932.YNR076W,0.04214087972931406,0.004309821522048767,0.4772677646122163,0.0,0.00013834959690331956,0.0,0.0,0.0,0.0,0.0,0.0,0.0,0.0,0.0
4932.YKL148C,0.10412180867425408,0.01645300771416385,0.4981601207601445,0.0,0.0003317052902128134,0.0,0.0,0.0,0.0,0.0,0.0,0.0,0.0,0.0
4932.YEL058W,0.07043986465702862,0.011197634794814625,0.48441930931827376,0.0,0.00034499401411014605,0.0,0.0,0.0,0.0,0.0,0.0,0.0,0.0,0.0
4932.YLR187W,0.07720701322669948,0.01205867057031159,0.48478070838520776,0.0,0.00014196985884327719,0.0,0.0,0.0,0.0,0.0,0.0,0.0,0.0,0.0
4932.YHR067W,0.026145801291910183,0.002434592163932397,0.463811607080323,0.0,7.31115322765979e-05,0.0,0.0,0.0,0.0,0.0,0.0,0.0,0.0,0.0
4932.YDL124W,0.07290064595509074,0.008850380399627229,0.48373413349179817,0.0,0.00019806528884489452,0.0,0.0,0.0,0.0,0.0,0.0,0.0,0.0,0.0
4932.YDL110C,0.08335896647185481,0.00962484950658133,0.4932068778136869,0.0,0.00033904399506731346,0.0,0.0,0.0,0.0,0.0,0.0,0.0,0.0,0.0
4932.Q0160,0.007228545063057521,0.0006815951916953697,0.416885905895639,0.0,1.9718471986482297e-05,0.0,0.0,0.0,0.0,0.0,0.0,0.0,0.0,0.0
4932.YMR186W,0.24192556136573362,0.04171378694151031,0.5461422604803601,0.0,0.0024047679390755317,0.0,0.0,0.0,0.0,0.0,0.0,0.0,0.0,0.0
4932.YKL150W,0.0788988003691172,0.009408702187485738,0.488939098208828,0.0,0.0002691251156369786,0.0,0.0,0.0,0.0,0.0,0.0,0.0,0.0,0.0
4932.Q0142,0.035066133497385424,0.00010503116657886566,0.36707720117474435,0.0,7.730712602566725e-05,0.0,0.0,0.0,0.0,0.0,0.0,0.0,0.0,0.0
4932.YER073W,0.116118117502307,0.014909649961709168,0.5054056634670082,0.0,0.0006581517057457417,0.0,0.0,0.0,0.0,0.0,0.0,0.0,0.0,0.0
4932.YIL112W,0.12657643801907106,0.0158941334556269,0.5066272115386967,0.0,0.0007178399742201801,0.0,0.0,0.0,0.0,0.0,0.0,0.0,0.0,0.0
4932.YDR520C,0.1058135958166718,0.025785328966425457,0.4971311005428295,0.0,0.0002294308858145676,0.0,0.0,0.0,0.0,0.0,0.0,0.0,0.0,0.0
4932.YPL262W,0.10166102737619194,0.016101701061618828,0.4975879175430986,0.0,0.0002429191912644299,0.0,0.0,0.0,0.0,0.0,0.0,0.0,0.0,0.0
4932.YMR129W,0.11750230698246694,0.01669418156846433,0.5086099417028275,0.0,0.0007524568712363882,0.0,0.0,0.0,0.0,0.0,0.0,0.0,0.0,0.0
4932.YLR092W,0.03429713934174101,0.0029150944478107607,0.46540614633973104,0.0,9.663677484673453e-05,0.0,0.0,0.0,0.0,0.0,0.0,0.0,0.0,0.0
4932.YAL013W,0.07397723777299293,0.009307870560929054,0.49111938743823785,0.0,0.00044466970775825117,0.0,0.0,0.0,0.0,0.0,0.0,0.0,0.0,0.0
4932.YGL037C,0.0927406951707167,0.009985997013178002,0.49335666351798074,0.0,0.0004732731234542273,0.0,0.0,0.0,0.0,0.0,0.0,0.0,0.0,0.0
4932.YKL192C,0.15641341125807445,0.026697882734900587,0.5160829652287606,0.0,0.0010114189597674654,0.0,0.0,0.0,0.0,0.0,0.0,0.0,0.0,0.0
4932.YPL240C,0.23500461396493388,0.04017394931869163,0.5413647100887549,0.0,0.0021510583212969404,0.0,0.0,0.0,0.0,0.0,0.0,0.0,0.0,0.0
4932.YDR298C,0.12888342048600432,0.02672932897167185,0.5082916626404353,0.0,0.0004826688316408255,0.0,0.0,0.0,0.0,0.0,0.0,0.0,0.0,0.0
4932.YMR113W,0.02922177791448785,0.004003285873392512,0.46157128961467003,0.0,4.18765435567481e-05,0.0,0.0,0.0,0.0,0.0,0.0,0.0,0.0,0.0
4932.YML004C,0.12565364503229776,0.017305253019553348,0.5093674543541056,0.0,0.000850810381092531,0.0,0.0,0.0,0.0,0.0,0.0,0.0,0.0,0.0
4932.YPL075W,0.11673331282682252,0.017401424775655597,0.5061930836796233,0.0,0.0004529619386052504,0.0,0.0,0.0,0.0,0.0,0.0,0.0,0.0,0.0
4932.YGR288W,0.04352506920947401,0.004400141136707623,0.4802661208570085,0.0,0.0003247954700382692,0.0,0.0,0.0,0.0,0.0,0.0,0.0,0.0,0.0
4932.YMR189W,0.051368809597047066,0.007387260330504121,0.474722429514562,0.0,4.129424321646216e-05,0.0,0.0,0.0,0.0,0.0,0.0,0.0,0.0,0.0
4932.YOL116W,0.08751153491233467,0.013156310977666395,0.493994269058486,0.0,0.00019877244495511702,0.0,0.0,0.0,0.0,0.0,0.0,0.0,0.0,0.0
4932.YAL060W,0.07459243309750846,0.007729722522843934,0.4828714137768689,0.0,0.0002483547750252965,0.0,0.0,0.0,0.0,0.0,0.0,0.0,0.0,0.0
4932.YLR287C,0.1142725315287604,0.025944969719224154,0.5042291157907446,0.0,0.0004849519020969239,0.0,0.0,0.0,0.0,0.0,0.0,0.0,0.0,0.0
4932.YPR049C,0.10996616425715165,0.01512979420553572,0.4998846538345508,0.0,0.0005357172587748898,0.0,0.0,0.0,0.0,0.0,0.0,0.0,0.0,0.0
4932.YDL178W,0.048600430636727164,0.007116594573700745,0.4711085779159954,0.0,4.434101988349066e-05,0.0,0.0,0.0,0.0,0.0,0.0,0.0,0.0,0.0
4932.YJL060W,0.06920947400799754,0.008741084486236003,0.48366212245592294,0.0,0.00026721066334438575,0.0,0.0,0.0,0.0,0.0,0.0,0.0,0.0,0.0
4932.YML051W,0.06505690556751768,0.006924590336415005,0.4886449552711178,0.0,0.0003916789876136694,0.0,0.0,0.0,0.0,0.0,0.0,0.0,0.0,0.0
4932.YOR356W,0.03860350661334974,0.004390724856613584,0.4683581242032092,0.0,7.904561501760616e-05,0.0,0.0,0.0,0.0,0.0,0.0,0.0,0.0,0.0
4932.YBR006W,0.11950169178714243,0.013367351742818414,0.5075769891575789,0.0,0.0005724673165061087,0.0,0.0,0.0,0.0,0.0,0.0,0.0,0.0,0.0
4932.YDR256C,0.08597354660104584,0.009957103376525653,0.4949726245578401,0.0,0.0002632584057864017,0.0,0.0,0.0,0.0,0.0,0.0,0.0,0.0,0.0
4932.YCL032W,0.061827130113811135,0.008849950387756642,0.48831446721239385,0.0,0.0002438260963175439,0.0,0.0,0.0,0.0,0.0,0.0,0.0,0.0,0.0
4932.YOR352W,0.04613964933866503,0.006376217881023141,0.4801596553015093,0.0,0.00010620283823964376,0.0,0.0,0.0,0.0,0.0,0.0,0.0,0.0,0.0
4932.YBR186W,0.07843740387573055,0.01075505498282137,0.48728913499777465,0.0,0.0003596824893916926,0.0,0.0,0.0,0.0,0.0,0.0,0.0,0.0,0.0
4932.YMR015C,0.0862811442633036,0.015013860621017307,0.49835114772569405,0.0,0.0003587472292742665,0.0,0.0,0.0,0.0,0.0,0.0,0.0,0.0,0.0
4932.YOR374W,0.14410950476776377,0.016530650928515758,0.5157143345393116,0.0,0.0008053607218471122,0.0,0.0,0.0,0.0,0.0,0.0,0.0,0.0,0.0
4932.YKL011C,0.053521993232851436,0.008334520963676465,0.48641369976759674,0.0,0.00022131933853844897,0.0,0.0,0.0,0.0,0.0,0.0,0.0,0.0,0.0
4932.YFL013C,0.05875115349123347,0.007934204470131297,0.4844915460181423,0.0,0.0001610752669727287,0.0,0.0,0.0,0.0,0.0,0.0,0.0,0.0,0.0
4932.YEL024W,0.1021224238695786,0.017311617906772596,0.49804557485976275,0.0,0.00033969774340490927,0.0,0.0,0.0,0.0,0.0,0.0,0.0,0.0,0.0
4932.YLR089C,0.06982466933251308,0.009326990464814522,0.48215482786935704,0.0,0.00012937031273864367,0.0,0.0,0.0,0.0,0.0,0.0,0.0,0.0,0.0
4932.YJL121C,0.07874500153798832,0.013915936468772466,0.4886817037824565,0.0,0.00018648310557704056,0.0,0.0,0.0,0.0,0.0,0.0,0.0,0.0,0.0
4932.YDR518W,0.12673023685019993,0.024078186005091262,0.5061930836796233,0.0,0.0007016171969368116,0.0,0.0,0.0,0.0,0.0,0.0,0.0,0.0,0.0
4932.YIL005W,0.10812057828360505,0.021061201181481057,0.49946199963069365,0.0,0.0005440889619856094,0.0,0.0,0.0,0.0,0.0,0.0,0.0,0.0,0.0
4932.YPR003C,0.019993848046754845,0.002187933893137384,0.4573158290657558,0.0,2.1454931732300425e-05,0.0,0.0,0.0,0.0,0.0,0.0,0.0,0.0,0.0
4932.Q0017,0.030452168563518917,7.47778376673847e-05,0.3595816842009476,0.0,3.9078472519360825e-05,0.0,0.0,0.0,0.0,0.0,0.0,0.0,0.0,0.0
4932.YKR037C,0.06044294063365119,0.007001363979970702,0.4852875739503603,0.0,0.0003275532120396154,0.0,0.0,0.0,0.0,0.0,0.0,0.0,0.0,0.0
4932.YGL205W,0.07582282374653954,0.008051973611374805,0.48765483040865476,0.0,0.0003167808983668614,0.0,0.0,0.0,0.0,0.0,0.0,0.0,0.0,0.0
4932.YDR242W,0.04767763764995386,0.008486754158230603,0.4775834642948203,0.0,9.384264948146006e-05,0.0,0.0,0.0,0.0,0.0,0.0,0.0,0.0,0.0
4932.YLR455W,0.029836973239003386,0.005084680302892462,0.46407660442760496,0.0,2.9147758553698205e-05,0.0,0.0,0.0,0.0,0.0,0.0,0.0,0.0,0.0
4932.YBR026C,0.0956628729621655,0.010656883569809275,0.49884850416055,0.0,0.0004750620950012026,0.0,0.0,0.0,0.0,0.0,0.0,0.0,0.0,0.0
4932.YML078W,0.1307290064595509,0.02795026056790197,0.5077753078999238,0.0,0.0003657504963216872,0.0,0.0,0.0,0.0,0.0,0.0,0.0,0.0,0.0
4932.YLL064C,0.042602276222700707,0.004111575831982968,0.47674252495930486,0.0,0.00015388402920871766,0.0,0.0,0.0,0.0,0.0,0.0,0.0,0.0,0.0
4932.YDR320C-A,0.05952014764687789,0.007554485740823942,0.4882044038463805,0.0,0.0006207799646413218,0.0,0.0,0.0,0.0,0.0,0.0,0.0,0.0,0.0
4932.YBR193C,0.05905875115349124,0.009211407542599038,0.4833023886348326,0.0,0.00030809542867459656,0.0,0.0,0.0,0.0,0.0,0.0,0.0,0.0,0.0
4932.YGR229C,0.13211319593971085,0.023280972262281555,0.509447323809904,0.0,0.0006372594829797713,0.0,0.0,0.0,0.0,0.0,0.0,0.0,0.0,0.0
4932.YER081W,0.07305444478621963,0.011038934307728211,0.4885714748267161,0.0,0.00023513850605550677,0.0,0.0,0.0,0.0,0.0,0.0,0.0,0.0,0.0
4932.YNL071W,0.10196862503844971,0.01774438689222098,0.500577814898338,0.0,0.0003000857153043741,0.0,0.0,0.0,0.0,0.0,0.0,0.0,0.0,0.0
4932.YJR105W,0.10427560750538296,0.019094990791696693,0.49542548148790216,0.0,0.00026827506978612984,0.0,0.0,0.0,0.0,0.0,0.0,0.0,0.0,0.0
4932.YLR099C,0.043832666871731776,0.005030683336716352,0.4798051107727479,0.0,0.00010997135507510634,0.0,0.0,0.0,0.0,0.0,0.0,0.0,0.0,0.0
4932.YGR175C,0.060904337127037834,0.008152364376955096,0.48090590698603647,0.0,0.0001590689622389754,0.0,0.0,0.0,0.0,0.0,0.0,0.0,0.0,0.0
4932.YDR150W,0.1104275607505383,0.014613519488559549,0.49819831443650425,0.0,0.000632096141816219,0.0,0.0,0.0,0.0,0.0,0.0,0.0,0.0,0.0
4932.YPL110C,0.2293140572131652,0.028341045600432924,0.5463259303174143,0.0,0.0035105659476944626,0.0,0.0,0.0,0.0,0.0,0.0,0.0,0.0,0.0
4932.Q0105,0.04352506920947401,0.008410142089972155,0.4819045250070695,0.0,0.000144798779677199,0.0,0.0,0.0,0.0,0.0,0.0,0.0,0.0,0.0
4932.YMR296C,0.07351584127960628,0.009773661456326329,0.4857228745100407,0.0,0.00023684412519277685,0.0,0.0,0.0,0.0,0.0,0.0,0.0,0.0,0.0
4932.YNL166C,0.05275299907720701,0.0074521337758526665,0.4799468657356766,0.0,0.00012204231442455586,0.0,0.0,0.0,0.0,0.0,0.0,0.0,0.0,0.0
4932.YGL004C,0.07905259920024608,0.012358812324453938,0.4906373161579073,0.0,0.0001444540120733968,0.0,0.0,0.0,0.0,0.0,0.0,0.0,0.0,0.0
4932.YDL205C,0.05905875115349124,0.01109663186747003,0.4796634395213202,0.0,0.00010775217728730103,0.0,0.0,0.0,0.0,0.0,0.0,0.0,0.0,0.0
4932.YNR016C,0.1198092894494002,0.020225405986287557,0.5091678902362736,0.0,0.0006657332451973132,0.0,0.0,0.0,0.0,0.0,0.0,0.0,0.0,0.0
4932.YLR099W-A,0.038757305444478626,0.003785022160846109,0.4713819815158016,0.0,9.152405058256427e-05,0.0,0.0,0.0,0.0,0.0,0.0,0.0,0.0,0.0
4932.YBR115C,0.07613042140879729,0.009736822554578117,0.48956532925452606,0.0,0.0002626718775393415,0.0,0.0,0.0,0.0,0.0,0.0,0.0,0.0,0.0
4932.YGR285C,0.12073208243617349,0.03112972947704856,0.5002309942413644,0.0,0.00018413576725581887,0.0,0.0,0.0,0.0,0.0,0.0,0.0,0.0,0.0
4932.YNL190W,0.06474930790525993,0.009267598626541347,0.49019316650538053,0.0,0.00017322908085008295,0.0,0.0,0.0,0.0,0.0,0.0,0.0,0.0,0.0
4932.YIL176C,0.04152568440479853,0.004097080042232976,0.4802306270929957,0.0,0.000230289261209051,0.0,0.0,0.0,0.0,0.0,0.0,0.0,0.0,0.0
4932.YLR290C,0.06305752076284221,0.007651791348160496,0.4890863025135725,0.0,0.00032217798512732416,0.0,0.0,0.0,0.0,0.0,0.0,0.0,0.0,0.0
4932.YIL035C,0.07459243309750846,0.015849188937400317,0.4810127037675124,0.0,0.00017993533849347865,0.0,0.0,0.0,0.0,0.0,0.0,0.0,0.0,0.0
4932.YGL250W,0.06982466933251308,0.010726550150029298,0.4896391089741033,0.0,0.0002577884944977976,0.0,0.0,0.0,0.0,0.0,0.0,0.0,0.0,0.0
4932.YJL058C,0.05059981544140265,0.011127170047759117,0.47656770188451225,0.0,9.332655115526105e-05,0.0,0.0,0.0,0.0,0.0,0.0,0.0,0.0,0.0
4932.YER106W,0.02060904337127038,0.000999207655958858,0.45037431488739427,0.0,0.0005021132880476726,0.0,0.0,0.0,0.0,0.0,0.0,0.0,0.0,0.0
4932.YEL047C,0.08966471854813904,0.013998077188131926,0.4940693898414937,0.0,0.00022881936764114976,0.0,0.0,0.0,0.0,0.0,0.0,0.0,0.0,0.0
4932.YLR244C,0.13211319593971085,0.032186852234659655,0.5063508622454083,0.0,0.0003642911713545852,0.0,0.0,0.0,0.0,0.0,0.0,0.0,0.0,0.0
4932.YLR249W,0.19978468163641958,0.043801684357960634,0.531707766565365,0.0,0.001014481717035608,0.0,0.0,0.0,0.0,0.0,0.0,0.0,0.0,0.0
4932.YBL068W-A,0.019840049215625963,0.0024206067897694543,0.45434209307756435,0.0,2.005575597855873e-05,0.0,0.0,0.0,0.0,0.0,0.0,0.0,0.0,0.0
4932.YDL174C,0.06321131959397108,0.007926945957742952,0.4830149866346038,0.0,0.0001112279074112937,0.0,0.0,0.0,0.0,0.0,0.0,0.0,0.0,0.0
4932.YGR043C,0.11965549061827131,0.017788975971556053,0.5047774889454925,0.0,0.0006037956949492934,0.0,0.0,0.0,0.0,0.0,0.0,0.0,0.0,0.0
4932.YMR176W,0.1419563211319594,0.026210992786160594,0.5185954202071288,0.0,0.0008794105336751227,0.0,0.0,0.0,0.0,0.0,0.0,0.0,0.0,0.0
4932.YML124C,0.12657643801907106,0.02453582832224173,0.507418445665729,0.0,0.00038873422529225215,0.0,0.0,0.0,0.0,0.0,0.0,0.0,0.0,0.0
4932.YLR070C,0.06336511842509997,0.00696840343481424,0.477022508823618,0.0,0.00010955733434421033,0.0,0.0,0.0,0.0,0.0,0.0,0.0,0.0,0.0
4932.YDR211W,0.09612426945555215,0.02316915975303798,0.49369401422240733,0.0,0.00018486868193462244,0.0,0.0,0.0,0.0,0.0,0.0,0.0,0.0,0.0
4932.YHR059W,0.06782528452783759,0.011274949584296149,0.48485305291712616,0.0,0.00017231317937497085,0.0,0.0,0.0,0.0,0.0,0.0,0.0,0.0,0.0
4932.YNR028W,0.09673946478006767,0.020958294352501263,0.4959170125311245,0.0,0.00021045909184443844,0.0,0.0,0.0,0.0,0.0,0.0,0.0,0.0,0.0
4932.YCL043C,0.14733928022147033,0.0265682021493547,0.5112912593591412,0.0,0.0007899518385887981,0.0,0.0,0.0,0.0,0.0,0.0,0.0,0.0,0.0
4932.YDR356W,0.1856351891725623,0.02407986682327161,0.5253881480591304,0.0,0.0021282350687036,0.0,0.0,0.0,0.0,0.0,0.0,0.0,0.0,0.0
4932.YOR151C,0.22762227007074748,0.04503063116976732,0.5384042269612499,0.0,0.0012477845827264982,0.0,0.0,0.0,0.0,0.0,0.0,0.0,0.0,0.0
4932.YGR256W,0.10043063672716088,0.01421034571112479,0.4971691365872475,0.0,0.00028675867134780175,0.0,0.0,0.0,0.0,0.0,0.0,0.0,0.0,0.0
4932.YOR317W,0.08597354660104584,0.009580480497497022,0.49644744557990106,0.0,0.00038640911234348076,0.0,0.0,0.0,0.0,0.0,0.0,0.0,0.0,0.0
4932.YHR037W,0.10381421101199631,0.01250744315489852,0.5026688802657481,0.0,0.0004305067427295614,0.0,0.0,0.0,0.0,0.0,0.0,0.0,0.0,0.0
4932.YPL227C,0.06105813595816672,0.007379713858553596,0.4835901328566886,0.0,0.00029737766052736667,0.0,0.0,0.0,0.0,0.0,0.0,0.0,0.0,0.0
4932.YMR190C,0.14810827437711474,0.021699601750198277,0.515632488112627,0.0,0.001263061487028053,0.0,0.0,0.0,0.0,0.0,0.0,0.0,0.0,0.0
4932.YBR222C,0.07751461088895725,0.011205808380082767,0.4917512195546636,0.0,0.0002477349294337673,0.0,0.0,0.0,0.0,0.0,0.0,0.0,0.0,0.0
4932.YMR170C,0.11857889880036912,0.013453221220323237,0.506508739199885,0.0,0.00044319312778496326,0.0,0.0,0.0,0.0,0.0,0.0,0.0,0.0,0.0
4932.YGL085W,0.03137496155029222,0.0034218979723128614,0.4701541578174752,0.0,0.00010358120611910048,0.0,0.0,0.0,0.0,0.0,0.0,0.0,0.0,0.0
4932.YER148W,0.11058135958166719,0.02219363592432329,0.5011182706250733,0.0,0.0004284212290144525,0.0,0.0,0.0,0.0,0.0,0.0,0.0,0.0,0.0
4932.YJL157C,0.14441710243002154,0.024165821848327163,0.5161649547378923,0.0,0.0010545488236456296,0.0,0.0,0.0,0.0,0.0,0.0,0.0,0.0,0.0
4932.YDR062W,0.0908951091971701,0.01252183671690971,0.500577814898338,0.0,0.0008856621555128248,0.0,0.0,0.0,0.0,0.0,0.0,0.0,0.0,0.0
4932.YOR236W,0.09304829283297447,0.01462564497914488,0.4947088401366825,0.0,0.00041978965209217036,0.0,0.0,0.0,0.0,0.0,0.0,0.0,0.0,0.0
4932.Q0092,0.045063057520762846,0.00024135173566101564,0.4090136976896409,0.0,0.0014038121372016556,0.0,0.0,0.0,0.0,0.0,0.0,0.0,0.0,0.0
4932.YMR014W,0.15195324515533684,0.0324923661396004,0.5214251817682013,0.0,0.0009169857995591466,0.0,0.0,0.0,0.0,0.0,0.0,0.0,0.0,0.0
4932.YMR293C,0.05336819440172255,0.009610079106917175,0.4762882514985945,0.0,0.00015844234948502259,0.0,0.0,0.0,0.0,0.0,0.0,0.0,0.0,0.0
4932.YNR003W-A,0.038757305444478626,8.232805879965837e-05,0.3606594114000846,0.0,4.1465299691793704e-05,0.0,0.0,0.0,0.0,0.0,0.0,0.0,0.0,0.0
4932.YGR068W-A,0.04475545985850508,0.0001266205963931727,0.36926752373673494,0.0,0.00023056866849165098,0.0,0.0,0.0,0.0,0.0,0.0,0.0,0.0,0.0
4932.YOR376W-A,0.023531221162719166,0.00040876989953343696,0.39704268698492756,0.0,0.00010301744879764058,0.0,0.0,0.0,0.0,0.0,0.0,0.0,0.0,0.0
4932.YOL083C-A,0.044140264533989546,0.00011291346722061172,0.36889018536448054,0.0,0.00018599810751999209,0.0,0.0,0.0,0.0,0.0,0.0,0.0,0.0,0.0
4932.YAL037C-A,0.03398954167948324,6.236821269862236e-05,0.3550238002073608,0.0,2.979889881711577e-05,0.0,0.0,0.0,0.0,0.0,0.0,0.0,0.0,0.0
4932.YLR466C-B,0.030298369732390036,0.00038447956940218514,0.39213086809458236,0.0,0.000459211220845815,0.0,0.0,0.0,0.0,0.0,0.0,0.0,0.0,0.0
4932.YOR161W-A,0.041679483235927406,0.00010535830892118674,0.3661464256040641,0.0,0.00011431527605735858,0.0,0.0,0.0,0.0,0.0,0.0,0.0,0.0,0.0
4932.YKL145W-A,0.04337127037834513,0.00011166558618407307,0.3686181424549197,0.0,0.00014757976624569055,0.0,0.0,0.0,0.0,0.0,0.0,0.0,0.0,0.0
4932.YCR095W-A,0.03675792063980314,0.00041663624897822943,0.405542071721608,0.0,0.0003512119128434144,0.0,0.0,0.0,0.0,0.0,0.0,0.0,0.0,0.0
4932.YGR226C,0.02722239310981237,4.209735924361097e-05,0.35506259850255856,0.0,0.00011581578684622319,0.0,0.0,0.0,0.0,0.0,0.0,0.0,0.0,0.0
4932.YBL108C-A,0.03398954167948324,9.849235419449427e-05,0.37108106991007506,0.0,9.948328037250826e-05,0.0,0.0,0.0,0.0,0.0,0.0,0.0,0.0,0.0
4932.YMR158C-A,0.036911719470932025,0.0006423957501676838,0.43857995512927406,0.0,0.0008881682881011322,0.0,0.0,0.0,0.0,0.0,0.0,0.0,0.0,0.0
4932.YML007C-A,0.03844970778222086,0.000168176920896336,0.389895632737029,0.0,0.00037396665685146216,0.0,0.0,0.0,0.0,0.0,0.0,0.0,0.0,0.0
4932.YDR194W-A,0.04429406336511843,0.00011302199190320802,0.36895302153050896,0.0,0.00017602441389181404,0.0,0.0,0.0,0.0,0.0,0.0,0.0,0.0,0.0
4932.YLR163W-A,0.04613964933866503,0.0001523085905289269,0.3819208072878409,0.0,0.0007585828694525584,0.0,0.0,0.0,0.0,0.0,0.0,0.0,0.0,0.0
4932.YJL077W-A,0.038757305444478626,0.00010826163294497959,0.3694144749968917,0.0,0.00015325272062065545,0.0,0.0,0.0,0.0,0.0,0.0,0.0,0.0,0.0
4932.YMR242W-A,0.03937250076899416,0.00010228168021048205,0.36678711984620255,0.0,8.534090749971962e-05,0.0,0.0,0.0,0.0,0.0,0.0,0.0,0.0,0.0
4932.YLL066W-A,0.014457090126115043,1.962863596520195e-05,0.339338900997197,0.0,2.383486356955976e-05,0.0,0.0,0.0,0.0,0.0,0.0,0.0,0.0,0.0
4932.YHR180W-A,0.03214395570593664,6.471999133611822e-05,0.35572346938168964,0.0,3.934878391847121e-05,0.0,0.0,0.0,0.0,0.0,0.0,0.0,0.0,0.0
4932.YLL066W-B,0.03214395570593664,7.123306252553106e-05,0.3612408614184637,0.0,4.946848422118881e-05,0.0,0.0,0.0,0.0,0.0,0.0,0.0,0.0,0.0
4932.YNL277W-A,0.028914180252230085,5.45643619265181e-05,0.3476539840134463,0.0,5.550248251857781e-06,0.0,0.0,0.0,0.0,0.0,0.0,0.0,0.0,0.0
4932.YGL006W-A,0.039833897262380805,9.57154502248807e-05,0.3648922178344185,0.0,9.910944985007377e-05,0.0,0.0,0.0,0.0,0.0,0.0,0.0,0.0,0.0
4932.YHR032C-A,0.03337434635496771,0.0003810016707964759,0.3917998562071344,0.0,0.00014750066635375997,0.0,0.0,0.0,0.0,0.0,0.0,0.0,0.0,0.0
4932.YKL096C-B,0.03844970778222086,9.909860987134134e-05,0.364196873399581,0.0,7.673047857516086e-05,0.0,0.0,0.0,0.0,0.0,0.0,0.0,0.0,0.0
4932.YGL014C-A,0.03921870193786527,9.139435036667115e-05,0.36190479616793786,0.0,4.822409562937017e-05,0.0,0.0,0.0,0.0,0.0,0.0,0.0,0.0,0.0
4932.YBL100W-C,0.037834512457705326,0.00025728942857073696,0.39451160313249495,0.0,0.0002398740903313088,0.0,0.0,0.0,0.0,0.0,0.0,0.0,0.0,0.0
4932.YLR184W,0.03429713934174101,0.00010222826156090406,0.3730623846133497,0.0,0.00026124532278348116,0.0,0.0,0.0,0.0,0.0,0.0,0.0,0.0,0.0
4932.YNR001W-A,0.0296831744078745,4.628399036658119e-05,0.35396015988644325,0.0,4.829709096384802e-06,0.0,0.0,0.0,0.0,0.0,0.0,0.0,0.0,0.0
4932.YBR072C-A,0.03583512765302984,7.179558530437121e-05,0.35699377075021016,0.0,4.099683612873856e-05,0.0,0.0,0.0,0.0,0.0,0.0,0.0,0.0,0.0
4932.YPR159C-A,0.031067363888034452,0.00012575577240593746,0.37171790030291885,0.0,3.953130630090254e-05,0.0,0.0,0.0,0.0,0.0,0.0,0.0,0.0,0.0
4932.YDR003W-A,0.030605967394647802,0.0004135252783039024,0.39794234890044244,0.0,0.0001681925513046821,0.0,0.0,0.0,0.0,0.0,0.0,0.0,0.0,0.0
4932.YHR022C-A,0.03675792063980314,0.0001347796481263436,0.3773300397883587,0.0,7.878986014505262e-05,0.0,0.0,0.0,0.0,0.0,0.0,0.0,0.0,0.0
4932.YBR191W-A,0.033835742848354354,0.0003887920330995396,0.3926521611695767,0.0,0.00034214625721455845,0.0,0.0,0.0,0.0,0.0,0.0,0.0,0.0,0.0
4932.YDL114W-A,0.03614272531528761,6.89786169669688e-05,0.3592040141069831,0.0,3.072802241742395e-05,0.0,0.0,0.0,0.0,0.0,0.0,0.0,0.0,0.0
4932.YHL015W-A,0.03814211011996309,0.00013473551981710546,0.381696464708372,0.0,0.0002666593126634105,0.0,0.0,0.0,0.0,0.0,0.0,0.0,0.0,0.0
4932.YNL097W-A,0.03245155336819441,6.317744993239909e-05,0.356269566050514,0.0,1.1031220032902898e-05,0.0,0.0,0.0,0.0,0.0,0.0,0.0,0.0,0.0
4932.YNL067W-B,0.043217471547216245,0.00011445073859142605,0.36876457722009676,0.0,0.0001614922844878158,0.0,0.0,0.0,0.0,0.0,0.0,0.0,0.0,0.0
4932.YBL006W-A,0.04121808674254076,0.00010544490948736864,0.36554908951368836,0.0,9.840780181394736e-05,0.0,0.0,0.0,0.0,0.0,0.0,0.0,0.0,0.0
4932.YNL338W,0.034450938172869885,5.889746671760354e-05,0.35576242076076237,0.0,0.00010143651288621433,0.0,0.0,0.0,0.0,0.0,0.0,0.0,0.0,0.0
4932.YBL008W-A,0.02737619194094125,4.5647566378456496e-05,0.3531905976299231,0.0,4.07108689080016e-06,0.0,0.0,0.0,0.0,0.0,0.0,0.0,0.0,0.0
4932.YDR118W-A,0.03768071362657644,8.399111523899535e-05,0.36472836861222074,0.0,6.118820923929195e-05,0.0,0.0,0.0,0.0,0.0,0.0,0.0,0.0,0.0
4932.YCR038W-A,0.041064287911411874,0.00010990109080782172,0.3675339714476994,0.0,0.0001062177381614925,0.0,0.0,0.0,0.0,0.0,0.0,0.0,0.0,0.0
4932.YNL144W-A,0.04429406336511843,0.00011298996678458338,0.36893207376343184,0.0,0.00019283219822748639,0.0,0.0,0.0,0.0,0.0,0.0,0.0,0.0,0.0
4932.YHR212W-A,0.03229775453706552,9.973062701371544e-05,0.3758894322436122,0.0,0.0007002737062914284,0.0,0.0,0.0,0.0,0.0,0.0,0.0,0.0,0.0
4932.YLR285C-A,0.02245462934481698,0.00038156581405955907,0.38838088668909954,0.0,0.000137677518338702,0.0,0.0,0.0,0.0,0.0,0.0,0.0,0.0,0.0
4932.YOR161C-C,0.03614272531528761,0.0002322164937359041,0.38641773401494556,0.0,0.00012931596339729439,0.0,0.0,0.0,0.0,0.0,0.0,0.0,0.0,0.0
4932.YPR204C-A,0.02337742233159028,2.8372540345689412e-05,0.341371190711601,0.0,2.378276373074957e-05,0.0,0.0,0.0,0.0,0.0,0.0,0.0,0.0,0.0
4932.YJL127W-A,0.03414334051061212,0.0003894277475607789,0.39422438968605983,0.0,0.00016529281280929943,0.0,0.0,0.0,0.0,0.0,0.0,0.0,0.0,0.0
4932.YNR075C-A,0.03706551830206091,8.92463868612678e-05,0.36128103053460053,0.0,0.00011873113630897708,0.0,0.0,0.0,0.0,0.0,0.0,0.0,0.0,0.0
4932.YMR247W-A,0.03675792063980314,0.00013371413801714584,0.3731695064144791,0.0,0.00013718630339822267,0.0,0.0,0.0,0.0,0.0,0.0,0.0,0.0,0.0
4932.YGR174W-A,0.032605352199323284,0.00011709239039422156,0.37002452110900996,0.0,6.181234116469367e-05,0.0,0.0,0.0,0.0,0.0,0.0,0.0,0.0,0.0
4932.YBL039C-A,0.042909873884958476,0.00011154604456020532,0.3684927194734787,0.0,0.00013933982845544735,0.0,0.0,0.0,0.0,0.0,0.0,0.0,0.0,0.0
4932.YPL283W-B,0.02337742233159028,2.8337685910984816e-05,0.3402807192708067,0.0,2.1397650672765425e-05,0.0,0.0,0.0,0.0,0.0,0.0,0.0,0.0,0.0
4932.YJL222W-B,0.03844970778222086,0.00010348074570369118,0.36222758320950577,0.0,6.04827532563541e-05,0.0,0.0,0.0,0.0,0.0,0.0,0.0,0.0,0.0
4932.YJR140W-A,0.04214087972931406,0.00010254779816681763,0.3639317062556889,0.0,8.296532857696412e-05,0.0,0.0,0.0,0.0,0.0,0.0,0.0,0.0,0.0
4932.YHR086W-A,0.035988926484158724,7.411271339511503e-05,0.35811521715047256,0.0,8.604443239912567e-05,0.0,0.0,0.0,0.0,0.0,0.0,0.0,0.0,0.0
4932.YER091C-A,0.03491233466625654,8.393427156586216e-05,0.36440111121552965,0.0,0.0001916507747452252,0.0,0.0,0.0,0.0,0.0,0.0,0.0,0.0,0.0
4932.YLL030C,0.02768378960319902,0.00010190330601006831,0.37951177521290297,0.0,0.00044383199078343696,0.0,0.0,0.0,0.0,0.0,0.0,0.0,0.0,0.0
4932.YJL077W-B,0.035373731159643186,0.00040357560958723175,0.3965338753399234,0.0,0.000434526135735954,0.0,0.0,0.0,0.0,0.0,0.0,0.0,0.0,0.0
4932.YLR412C-A,0.02553060596739465,3.984518407021542e-05,0.34171227467371296,0.0,3.600796859692571e-07,0.0,0.0,0.0,0.0,0.0,0.0,0.0,0.0,0.0
4932.YOR329W-A,0.02245462934481698,2.7031389536388544e-05,0.3439915624772538,0.0,5.17232893694264e-07,0.0,0.0,0.0,0.0,0.0,0.0,0.0,0.0,0.0
4932.YBR196C-B,0.03429713934174101,0.0003963530429526889,0.3941765614313209,0.0,0.00017971425928930024,0.0,0.0,0.0,0.0,0.0,0.0,0.0,0.0,0.0
4932.YHR073C-B,0.03998769609350969,9.539175168704946e-05,0.36236898367138776,0.0,6.40693294300346e-05,0.0,0.0,0.0,0.0,0.0,0.0,0.0,0.0,0.0
4932.YGR204C-A,0.03645032297754537,0.00024737935750547666,0.38914843784856423,0.0,0.00016447720129378094,0.0,0.0,0.0,0.0,0.0,0.0,0.0,0.0,0.0
4932.YDR320W-B,0.03752691479544756,8.074505774031822e-05,0.3595816842009476,0.0,5.3274304009006674e-05,0.0,0.0,0.0,0.0,0.0,0.0,0.0,0.0,0.0
4932.YLL067W-A,0.013995693632728392,1.58079088706278e-05,0.32273768824850124,0.0,5.679790751493905e-08,0.0,0.0,0.0,0.0,0.0,0.0,0.0,0.0,0.0
4932.YKL100W-A,0.04214087972931406,0.00011272277292966443,0.36776278313403843,0.0,0.00012449453896870452,0.0,0.0,0.0,0.0,0.0,0.0,0.0,0.0,0.0
4932.YIL105W-A,0.03829590895109197,8.407834330871981e-05,0.35896589411088964,0.0,3.423139607407325e-05,0.0,0.0,0.0,0.0,0.0,0.0,0.0,0.0,0.0
4932.YAL066W,0.03460473700399877,0.00020695090307069598,0.39786925148146735,0.0,0.0006138080537959945,0.0,0.0,0.0,0.0,0.0,0.0,0.0,0.0,0.0
4932.YGR291C,0.03998769609350969,0.00011106920475896514,0.3723782587504484,0.0,0.0003184727436253382,0.0,0.0,0.0,0.0,0.0,0.0,0.0,0.0,0.0
4932.YER090C-A,0.043832666871731776,0.00011233408715730316,0.3687227268453342,0.0,0.0001737612081297617,0.0,0.0,0.0,0.0,0.0,0.0,0.0,0.0,0.0
4932.YOL019W-A,0.04352506920947401,0.00011462234615180889,0.36878550597022275,0.0,0.00014294165510792477,0.0,0.0,0.0,0.0,0.0,0.0,0.0,0.0,0.0
4932.YJL047C-A,0.024915410642879117,0.00037904552189077214,0.3918707402723028,0.0,0.00038838629091451015,0.0,0.0,0.0,0.0,0.0,0.0,0.0,0.0,0.0
4932.YBR221W-A,0.03521993232851431,9.911714025206175e-05,0.3695405263418633,0.0,0.00016224320267059042,0.0,0.0,0.0,0.0,0.0,0.0,0.0,0.0,0.0
4932.YOR293C-A,0.034758535835127655,6.105329732256349e-05,0.35506259850255856,0.0,2.1028232202919056e-05,0.0,0.0,0.0,0.0,0.0,0.0,0.0,0.0,0.0
4932.YMR272W-A,0.03998769609350969,9.04939093301732e-05,0.3626116414729534,0.0,6.703929386728505e-05,0.0,0.0,0.0,0.0,0.0,0.0,0.0,0.0,0.0
4932.YBL107W-A,0.033835742848354354,0.0003632112832209728,0.391068886326151,0.0,0.00020619720198564528,0.0,0.0,0.0,0.0,0.0,0.0,0.0,0.0,0.0
4932.YMR013C-A,0.03829590895109197,8.937213773678928e-05,0.36212665042327935,0.0,4.562590907557224e-05,0.0,0.0,0.0,0.0,0.0,0.0,0.0,0.0,0.0
4932.YBL071C-B,0.04275607505382959,0.00015446290277284404,0.38000003597633475,0.0,0.00023556780695443578,0.0,0.0,0.0,0.0,0.0,0.0,0.0,0.0,0.0
4932.YKL156C-A,0.03937250076899416,9.366989293011769e-05,0.3626116414729534,0.0,6.607834582179415e-05,0.0,0.0,0.0,0.0,0.0,0.0,0.0,0.0,0.0
4932.YDR524C-A,0.042909873884958476,0.00010296351784180315,0.3640948403202401,0.0,9.699771720789349e-05,0.0,0.0,0.0,0.0,0.0,0.0,0.0,0.0,0.0
4932.Q0080,0.04214087972931406,0.0006334232544554037,0.4280914826533582,0.0,0.0018394876883699761,0.0,0.0,0.0,0.0,0.0,0.0,0.0,0.0,0.0
4932.YLR157W-E,0.04183328206705629,0.00015704402187382432,0.3817188871054059,0.0,0.00047468903866552866,0.0,0.0,0.0,0.0,0.0,0.0,0.0,0.0,0.0
4932.YBR056C-B,0.041064287911411874,0.0001060258447419136,0.365590222527024,0.0,9.39829584830151e-05,0.0,0.0,0.0,0.0,0.0,0.0,0.0,0.0,0.0
4932.YDL159W-A,0.038757305444478626,9.70171056070487e-05,0.3648717286313282,0.0,8.027051553981993e-05,0.0,0.0,0.0,0.0,0.0,0.0,0.0,0.0,0.0
4932.YML054C-A,0.036604121808674256,0.00039017323216490715,0.39489520602827866,0.0,0.00024929875940077817,0.0,0.0,0.0,0.0,0.0,0.0,0.0,0.0,0.0
4932.YLR366W,0.027529990772070134,9.587368967102985e-05,0.3716966374096399,0.0,0.0002809809805135874,0.0,0.0,0.0,0.0,0.0,0.0,0.0,0.0,0.0
4932.YLL006W-A,0.040756690249154105,0.00010093101808967213,0.36513826788015985,0.0,8.281901768111672e-05,0.0,0.0,0.0,0.0,0.0,0.0,0.0,0.0,0.0
4932.YML100W-A,0.03614272531528761,9.662178157286301e-05,0.37152662179504425,0.0,0.00017823171665291084,0.0,0.0,0.0,0.0,0.0,0.0,0.0,0.0,0.0
4932.YAR020C,0.042909873884958476,0.00047563361543089135,0.4244562424191864,0.0,0.0013079151185567542,0.0,0.0,0.0,0.0,0.0,0.0,0.0,0.0,0.0
4932.YGL063C-A,0.03952629960012304,9.881752628780239e-05,0.36483075712735524,0.0,6.742113373140138e-05,0.0,0.0,0.0,0.0,0.0,0.0,0.0,0.0,0.0
4932.YLR399W-A,0.04398646570286066,0.00011233881165091923,0.36874365084526867,0.0,0.0001835639790790213,0.0,0.0,0.0,0.0,0.0,0.0,0.0,0.0,0.0
4932.YJL222W-A,0.03368194401722547,8.579903709094557e-05,0.3656725163306317,0.0,0.00015000388645941199,0.0,0.0,0.0,0.0,0.0,0.0,0.0,0.0,0.0
4932.YKL225W,0.034758535835127655,0.00010541551982653457,0.371781703581378,0.0,0.00025336817908283804,0.0,0.0,0.0,0.0,0.0,0.0,0.0,0.0,0.0
4932.YDR015C,0.0259920024607813,3.7646008241522826e-05,0.35440417863077855,0.0,0.00014433852460130065,0.0,0.0,0.0,0.0,0.0,0.0,0.0,0.0,0.0
4932.YLR299C-A,0.035988926484158724,8.102255911119759e-05,0.3592238717007753,0.0,2.591297344376005e-05,0.0,0.0,0.0,0.0,0.0,0.0,0.0,0.0,0.0
4932.YHR219C-A,0.03414334051061212,7.2110729440023e-05,0.3573275015229763,0.0,0.00011612224816404129,0.0,0.0,0.0,0.0,0.0,0.0,0.0,0.0,0.0
4932.YMR272W-B,0.036911719470932025,8.308353401251923e-05,0.35847082336819797,0.0,2.6902748498431005e-05,0.0,0.0,0.0,0.0,0.0,0.0,0.0,0.0,0.0
4932.YER190C-B,0.024454014149492467,6.648951800684397e-05,0.3616429549863827,0.0,0.0003226943876176851,0.0,0.0,0.0,0.0,0.0,0.0,0.0,0.0,0.0
4932.YOR231C-A,0.04214087972931406,0.00011120650371927374,0.36830474495240745,0.0,0.00012623819941858942,0.0,0.0,0.0,0.0,0.0,0.0,0.0,0.0,0.0
4932.YOR394C-A,0.034450938172869885,7.175524364820066e-05,0.3570133847148687,0.0,0.00035975982728965293,0.0,0.0,0.0,0.0,0.0,0.0,0.0,0.0,0.0
4932.YCR097W-A,0.027529990772070134,4.921365175523074e-05,0.3547911883808531,0.0,9.264526676391418e-06,0.0,0.0,0.0,0.0,0.0,0.0,0.0,0.0,0.0
4932.YJL197C-A,0.0287603814211012,7.614074950568425e-05,0.3673885121951334,0.0,8.582391887891937e-05,0.0,0.0,0.0,0.0,0.0,0.0,0.0,0.0,0.0
4932.YMR326C,0.039833897262380805,0.0001549457057531076,0.3906222191280628,0.0,0.0008057924215012911,0.0,0.0,0.0,0.0,0.0,0.0,0.0,0.0,0.0
4932.YJL052C-A,0.03998769609350969,0.00017989553874149972,0.3911866001562413,0.0,0.0005676250066939339,0.0,0.0,0.0,0.0,0.0,0.0,0.0,0.0,0.0
4932.YGL007C-A,0.03706551830206091,0.00014088805918866922,0.38066787435239163,0.0,8.573099838114388e-05,0.0,0.0,0.0,0.0,0.0,0.0,0.0,0.0,0.0
4932.YHR180C-B,0.03814211011996309,8.044022929663375e-05,0.36039936856324595,0.0,4.229429044942294e-05,0.0,0.0,0.0,0.0,0.0,0.0,0.0,0.0,0.0
4932.YFL068W,0.017840664410950478,6.296401173987702e-05,0.3623285722758629,0.0,0.00011678159491707927,0.0,0.0,0.0,0.0,0.0,0.0,0.0,0.0,0.0
4932.YPR170W-A,0.035066133497385424,8.01008568501262e-05,0.35746510150705935,0.0,1.840790903190635e-05,0.0,0.0,0.0,0.0,0.0,0.0,0.0,0.0,0.0
4932.YNL097C-B,0.03491233466625654,0.0003835562687632001,0.3930797057162497,0.0,0.00017425110195953822,0.0,0.0,0.0,0.0,0.0,0.0,0.0,0.0,0.0
4932.YBR200W-A,0.034450938172869885,0.00012081208079868844,0.37545505374676863,0.0,0.00021355813572458725,0.0,0.0,0.0,0.0,0.0,0.0,0.0,0.0,0.0
4932.YNL130C-A,0.031067363888034452,7.166037390637505e-05,0.35839173874553665,0.0,2.4594296106475794e-05,0.0,0.0,0.0,0.0,0.0,0.0,0.0,0.0,0.0
4932.YDL247W-A,0.03860350661334974,0.00013933998651946986,0.3817861701054832,0.0,0.0002467539605454152,0.0,0.0,0.0,0.0,0.0,0.0,0.0,0.0,0.0
4932.YHL048C-A,0.03491233466625654,0.00023798834594035954,0.38954502818747827,0.0,0.00015779170695809515,0.0,0.0,0.0,0.0,0.0,0.0,0.0,0.0,0.0
4932.YDR354C-A,0.04367886804060289,0.00011289402479688324,0.3688064370960511,0.0,0.00015390224244510588,0.0,0.0,0.0,0.0,0.0,0.0,0.0,0.0,0.0
4932.YBR131C-A,0.04552445401414949,0.000134151782838609,0.3769579194335378,0.0,0.0005223586858385448,0.0,0.0,0.0,0.0,0.0,0.0,0.0,0.0,0.0
4932.YCR102W-A,0.02553060596739465,4.4466676100194416e-05,0.3531905976299231,0.0,5.351387775919465e-05,0.0,0.0,0.0,0.0,0.0,0.0,0.0,0.0,0.0
4932.YDL240C-A,0.03829590895109197,8.478035386432868e-05,0.3589064134324952,0.0,4.508807022336321e-05,0.0,0.0,0.0,0.0,0.0,0.0,0.0,0.0,0.0
4932.YDR220C,0.03675792063980314,9.360830546626398e-05,0.37312665031268016,0.0,0.0005561337728749429,0.0,0.0,0.0,0.0,0.0,0.0,0.0,0.0,0.0
4932.YLR406C-A,0.03721931713318979,8.631049052715369e-05,0.3600399277036416,0.0,3.37342023002618e-05,0.0,0.0,0.0,0.0,0.0,0.0,0.0,0.0,0.0
4932.YEL008C-A,0.04337127037834513,0.0001123767578401522,0.36870180521988904,0.0,0.0001449007338907941,0.0,0.0,0.0,0.0,0.0,0.0,0.0,0.0,0.0
4932.YLR149C-A,0.035066133497385424,0.00038358212385818476,0.39315105367832315,0.0,0.00021660368308226772,0.0,0.0,0.0,0.0,0.0,0.0,0.0,0.0,0.0
4932.YCR047W-A,0.02553060596739465,3.556573954584749e-05,0.34081614471810157,0.0,6.562538424357302e-07,0.0,0.0,0.0,0.0,0.0,0.0,0.0,0.0,0.0
4932.YNR077C,0.029990772070132267,5.5979114605024554e-05,0.35713111377825363,0.0,4.3260361839327356e-05,0.0,0.0,0.0,0.0,0.0,0.0,0.0,0.0,0.0
4932.YBR196C-A,0.03583512765302984,0.00030355014340604754,0.39334144159777995,0.0,0.00023147308005220371,0.0,0.0,0.0,0.0,0.0,0.0,0.0,0.0,0.0
4932.YPL152W-A,0.03921870193786527,8.929828073357693e-05,0.360539345014444,0.0,5.217854801438558e-05,0.0,0.0,0.0,0.0,0.0,0.0,0.0,0.0,0.0
4932.YGR270C-A,0.019071055059981544,2.6194688528834225e-05,0.3368759715483086,0.0,5.195215988892947e-09,0.0,0.0,0.0,0.0,0.0,0.0,0.0,0.0,0.0
4932.YBR223W-A,0.041064287911411874,0.00010180777690133195,0.36433981582255814,0.0,8.683572517641847e-05,0.0,0.0,0.0,0.0,0.0,0.0,0.0,0.0,0.0
4932.YGL260W,0.02922177791448785,0.00010123442376522296,0.37504332305179067,0.0,0.00031493528831974993,0.0,0.0,0.0,0.0,0.0,0.0,0.0,0.0,0.0
4932.YBR103C-A,0.038757305444478626,0.00010077795923841677,0.3651998322483743,0.0,0.00013397270393113238,0.0,0.0,0.0,0.0,0.0,0.0,0.0,0.0,0.0
4932.YOL164W-A,0.031067363888034452,0.00011100164192098297,0.3639113247757238,0.0,5.678275245711326e-05,0.0,0.0,0.0,0.0,0.0,0.0,0.0,0.0,0.0
4932.YMR324C,0.031528760381421106,0.00020551045480185433,0.38935829679401546,0.0,0.0004634145152762986,0.0,0.0,0.0,0.0,0.0,0.0,0.0,0.0,0.0
4932.YOR186C-A,0.0259920024607813,3.4373812408793034e-05,0.34131739758353424,0.0,5.064210178173112e-07,0.0,0.0,0.0,0.0,0.0,0.0,0.0,0.0,0.0
4932.YOR381W-A,0.03891110427560751,0.00014349728496234346,0.3837250865238765,0.0,0.00034849003427222283,0.0,0.0,0.0,0.0,0.0,0.0,0.0,0.0,0.0
4932.YPL135C-A,0.04044909258689634,0.00010525139973766205,0.3653641054369033,0.0,9.140673782155162e-05,0.0,0.0,0.0,0.0,0.0,0.0,0.0,0.0,0.0
4932.YMR315W-A,0.036911719470932025,0.00029641642412610124,0.39224922221389136,0.0,0.00020686281450766296,0.0,0.0,0.0,0.0,0.0,0.0,0.0,0.0,0.0
4932.YER078W-A,0.03768071362657644,9.326089166736028e-05,0.36380945160939054,0.0,8.246314126854759e-05,0.0,0.0,0.0,0.0,0.0,0.0,0.0,0.0,0.0
4932.YER175W-A,0.03245155336819441,0.0003853491896577836,0.39329382733296964,0.0,0.0001432388211502706,0.0,0.0,0.0,0.0,0.0,0.0,0.0,0.0,0.0
4932.YML133W-B,0.03398954167948324,7.206183768098033e-05,0.3572489205121406,0.0,5.243385436915177e-05,0.0,0.0,0.0,0.0,0.0,0.0,0.0,0.0,0.0
4932.YNL337W,0.020762842202399264,5.782024139248938e-05,0.35514022053863065,0.0,9.100491297502324e-05,0.0,0.0,0.0,0.0,0.0,0.0,0.0,0.0,0.0
4932.YBR296C-A,0.03429713934174101,6.841335467890647e-05,0.3617033462396507,0.0,0.00010795903310567582,0.0,0.0,0.0,0.0,0.0,0.0,0.0,0.0,0.0
4932.YKL106C-A,0.03768071362657644,8.654825206526082e-05,0.36087974093054115,0.0,5.2410498399140556e-05,0.0,0.0,0.0,0.0,0.0,0.0,0.0,0.0,0.0
4932.YOL155W-A,0.03322054752383882,0.0003957199101253848,0.39388983543646267,0.0,0.00015359172535618946,0.0,0.0,0.0,0.0,0.0,0.0,0.0,0.0,0.0
4932.YJL136W-A,0.04367886804060289,0.0001846819081890702,0.4009873875467649,0.0,0.000972865743076977,0.0,0.0,0.0,0.0,0.0,0.0,0.0,0.0,0.0
4932.YEL032C-A,0.03521993232851431,7.176447158876795e-05,0.357209642966045,0.0,1.8953437237774374e-05,0.0,0.0,0.0,0.0,0.0,0.0,0.0,0.0,0.0
4932.YGL041C-B,0.03491233466625654,6.372095466601111e-05,0.35599630828879225,0.0,1.4757557105625229e-05,0.0,0.0,0.0,0.0,0.0,0.0,0.0,0.0,0.0
4932.YIR018C-A,0.03322054752383882,0.00040122667185865294,0.3958574849342263,0.0,0.0004025168754426314,0.0,0.0,0.0,0.0,0.0,0.0,0.0,0.0,0.0
4932.YOR011W-A,0.029836973239003386,5.2257336456546825e-05,0.35605482822988077,0.0,8.623284187609745e-06,0.0,0.0,0.0,0.0,0.0,0.0,0.0,0.0,0.0
4932.YDL025W-A,0.035373731159643186,7.655719201888726e-05,0.35854994290102765,0.0,2.2520705331713745e-05,0.0,0.0,0.0,0.0,0.0,0.0,0.0,0.0,0.0
4932.YGR122C-A,0.033528145186096585,0.00012668838559791904,0.37362009057010837,0.0,8.894212907838008e-05,0.0,0.0,0.0,0.0,0.0,0.0,0.0,0.0,0.0
4932.YMR307C-A,0.033835742848354354,7.346474818559802e-05,0.3577603157625571,0.0,1.7634148293887587e-05,0.0,0.0,0.0,0.0,0.0,0.0,0.0,0.0,0.0
4932.YNL339W-B,0.03398954167948324,7.204668854019421e-05,0.3572292806594461,0.0,0.00010746466496231633,0.0,0.0,0.0,0.0,0.0,0.0,0.0,0.0,0.0
4932.YBR121C-A,0.042909873884958476,0.00014338353744749928,0.3775712152931624,0.0,0.00028719988382038794,0.0,0.0,0.0,0.0,0.0,0.0,0.0,0.0,0.0
4932.YCR108C,0.03306674869270994,0.00011022401457291992,0.37493512291243003,0.0,0.00017088884070328851,0.0,0.0,0.0,0.0,0.0,0.0,0.0,0.0,0.0
4932.YLR120W-A,0.033835742848354354,0.0003800488385447317,0.3905752608760789,0.0,0.000160882932942363,0.0,0.0,0.0,0.0,0.0,0.0,0.0,0.0,0.0
4932.YDR169C-A,0.03645032297754537,0.0001753556971086945,0.3892883186673451,0.0,0.00016159508667198895,0.0,0.0,0.0,0.0,0.0,0.0,0.0,0.0,0.0
4932.YFL015W-A,0.024761611811750232,5.54119955645941e-05,0.35246260659553724,0.0,3.406035756433524e-06,0.0,0.0,0.0,0.0,0.0,0.0,0.0,0.0,0.0
4932.YPR074W-A,0.039833897262380805,9.103289622046063e-05,0.3638705686636423,0.0,6.617866295154341e-05,0.0,0.0,0.0,0.0,0.0,0.0,0.0,0.0,0.0
4932.YOR072W-B,0.031528760381421106,8.46567623323076e-05,0.36321971018419924,0.0,0.00015528222419342733,0.0,0.0,0.0,0.0,0.0,0.0,0.0,0.0,0.0
4932.YMR182W-A,0.03891110427560751,0.0003673252210538781,0.40362759271975435,0.0,0.0004960452690846734,0.0,0.0,0.0,0.0,0.0,0.0,0.0,0.0,0.0
4932.YGR296C-B,0.02337742233159028,2.8288140273201733e-05,0.3402450840504411,0.0,0.00010195520809432925,0.0,0.0,0.0,0.0,0.0,0.0,0.0,0.0,0.0
4932.YNL103W-A,0.033528145186096585,0.0003828346877173735,0.3925809941514817,0.0,0.0001491319438684751,0.0,0.0,0.0,0.0,0.0,0.0,0.0,0.0,0.0
4932.YMR082C,0.024607812980621348,8.269631839341684e-05,0.3743087911978874,0.0,0.00016898693051559436,0.0,0.0,0.0,0.0,0.0,0.0,0.0,0.0,0.0
4932.YOL166W-A,0.04567825284527838,0.00019354809751161522,0.3926521611695767,0.0,0.0009848883344744186,0.0,0.0,0.0,0.0,0.0,0.0,0.0,0.0,0.0
4932.YER088W-B,0.03675792063980314,8.68695679924181e-05,0.35934306338524163,0.0,3.0800627699985485e-05,0.0,0.0,0.0,0.0,0.0,0.0,0.0,0.0,0.0
4932.YLR347W-A,0.041679483235927406,0.00011102869018160915,0.3682003975065347,0.0,0.00011563493085715851,0.0,0.0,0.0,0.0,0.0,0.0,0.0,0.0,0.0
4932.YHR073W-A,0.042602276222700707,0.00011124461115305092,0.3684091515588686,0.0,0.00013648891131590174,0.0,0.0,0.0,0.0,0.0,0.0,0.0,0.0,0.0
4932.YDR510C-A,0.03322054752383882,0.0004098912340139373,0.39852809660811556,0.0,0.0002767768380403965,0.0,0.0,0.0,0.0,0.0,0.0,0.0,0.0,0.0
4932.YPR160W-A,0.04398646570286066,0.00011246320751736599,0.36874365084526867,0.0,0.0001806362561889453,0.0,0.0,0.0,0.0,0.0,0.0,0.0,0.0,0.0
4932.YDR464C-A,0.03968009843125193,9.560878257897879e-05,0.3627533419971711,0.0,6.112918687213458e-05,0.0,0.0,0.0,0.0,0.0,0.0,0.0,0.0,0.0
4932.YOR314W-A,0.04306367271608736,0.00011024672057784456,0.36608454170114507,0.0,0.00011886731831624634,0.0,0.0,0.0,0.0,0.0,0.0,0.0,0.0,0.0
4932.YFR012W-A,0.035066133497385424,9.354351954157962e-05,0.3673885121951334,0.0,9.009686292579167e-05,0.0,0.0,0.0,0.0,0.0,0.0,0.0,0.0,0.0
4932.YDR371C-A,0.04244847739157183,0.00010684763839447574,0.3663115516768321,0.0,0.00012461831087707504,0.0,0.0,0.0,0.0,0.0,0.0,0.0,0.0,0.0
4932.YBR141W-A,0.04337127037834513,0.00011241183234885704,0.3686599690908502,0.0,0.0001484049901571525,0.0,0.0,0.0,0.0,0.0,0.0,0.0,0.0,0.0
4932.YOL038C-A,0.033835742848354354,0.00040182480411689314,0.3976987952258599,0.0,0.00020466045591040438,0.0,0.0,0.0,0.0,0.0,0.0,0.0,0.0,0.0
4932.YIL046W-A,0.03521993232851431,0.00011197658902380328,0.37235692024499023,0.0,0.00016885370574440061,0.0,0.0,0.0,0.0,0.0,0.0,0.0,0.0,0.0
4932.YGL041C,0.0296831744078745,4.3278742633371005e-05,0.3460248477126218,0.0,0.00012535667784197715,0.0,0.0,0.0,0.0,0.0,0.0,0.0,0.0,0.0
4932.YKL162C-A,0.033835742848354354,0.00033100603324600286,0.4000739204036033,0.0,0.0001823133055641504,0.0,0.0,0.0,0.0,0.0,0.0,0.0,0.0,0.0
4932.YOR335W-A,0.04352506920947401,0.0001122984131027003,0.36868088596852905,0.0,0.00015321608678061665,0.0,0.0,0.0,0.0,0.0,0.0,0.0,0.0,0.0
4932.YNL067W-A,0.03706551830206091,8.519674442630897e-05,0.3597210260847722,0.0,3.2483559824371444e-05,0.0,0.0,0.0,0.0,0.0,0.0,0.0,0.0,0.0
4932.YLR286W-A,0.025376807136265767,4.0652599650622685e-05,0.34092343206691106,0.0,6.550360103971157e-07,0.0,0.0,0.0,0.0,0.0,0.0,0.0,0.0,0.0
4932.YGR146C-A,0.035066133497385424,0.0003893506162969971,0.3941765614313209,0.0,0.00017962488136368795,0.0,0.0,0.0,0.0,0.0,0.0,0.0,0.0,0.0
4932.YBR298C-A,0.03629652414641649,8.103560198172273e-05,0.36346350907234165,0.0,0.0002727671128592696,0.0,0.0,0.0,0.0,0.0,0.0,0.0,0.0,0.0
4932.YDL159C-B,0.040756690249154105,0.00010644078164883,0.36554908951368836,0.0,8.89240548202174e-05,0.0,0.0,0.0,0.0,0.0,0.0,0.0,0.0,0.0
4932.YOR008W-B,0.03752691479544756,0.0002822501280478036,0.39609878788145836,0.0,0.00024985585902656044,0.0,0.0,0.0,0.0,0.0,0.0,0.0,0.0,0.0
4932.YLR364C-A,0.041679483235927406,0.00010605088568093899,0.3661464256040641,0.0,0.00010625042821924021,0.0,0.0,0.0,0.0,0.0,0.0,0.0,0.0,0.0
4932.YAR035C-A,0.03798831128883421,9.042419319851024e-05,0.36192495350313714,0.0,8.644598298584751e-05,0.0,0.0,0.0,0.0,0.0,0.0,0.0,0.0,0.0
4932.YLL019W-A,0.044140264533989546,0.00011312166835110902,0.3688064370960511,0.0,0.00018157734093561688,0.0,0.0,0.0,0.0,0.0,0.0,0.0,0.0,0.0
4932.YKR032W,0.030605967394647802,7.270184425407252e-05,0.3684091515588686,0.0,0.00022022432108872672,0.0,0.0,0.0,0.0,0.0,0.0,0.0,0.0,0.0
4932.YOL166C,0.021839434020301446,9.546726320881233e-05,0.3736630601032389,0.0,0.00013512832514392034,0.0,0.0,0.0,0.0,0.0,0.0,0.0,0.0,0.0
4932.YJL086C,0.02245462934481698,3.389765457087182e-05,0.3536711813637035,0.0,0.00021358072380311575,0.0,0.0,0.0,0.0,0.0,0.0,0.0,0.0,0.0
4932.YCL076W,0.022147031682559215,8.406762007693361e-05,0.36691138425721764,0.0,3.6140454236697616e-05,0.0,0.0,0.0,0.0,0.0,0.0,0.0,0.0,0.0
4932.YOR024W,0.03183635804367887,0.00015625397157900447,0.3926047136242719,0.0,0.0006238817507309121,0.0,0.0,0.0,0.0,0.0,0.0,0.0,0.0,0.0
4932.YDR543C,0.023685019993848047,8.94694275349827e-05,0.37630302381256225,0.0,0.00032427391564491425,0.0,0.0,0.0,0.0,0.0,0.0,0.0,0.0,0.0
4932.YAR070C,0.013688095970470625,4.784982581263006e-05,0.34973092654442006,0.0,2.8029825481115072e-05,0.0,0.0,0.0,0.0,0.0,0.0,0.0,0.0,0.0
4932.YAL067W-A,0.020916641033528145,2.3891729185503756e-05,0.3381557355950939,0.0,4.758131100455321e-06,0.0,0.0,0.0,0.0,0.0,0.0,0.0,0.0,0.0
4932.YDL022C-A,0.016917871424177177,3.608065439531566e-05,0.3478214653246614,0.0,1.026325539425936e-05,0.0,0.0,0.0,0.0,0.0,0.0,0.0,0.0,0.0
4932.YML084W,0.03322054752383882,0.0007024765491033297,0.4476748615360196,0.0,0.0012174370968599127,0.0,0.0,0.0,0.0,0.0,0.0,0.0,0.0,0.0
4932.YOR176W,0.05059981544140265,0.007917466944126234,0.47670755008402355,0.0,0.00015070254080873195,0.0,0.0,0.0,0.0,0.0,0.0,0.0,0.0,0.0
4932.YFL039C,0.21962473085204554,0.033853152413577114,0.536315666490205,0.0,0.0024145572721665756,0.0,0.0,0.0,0.0,0.0,0.0,0.0,0.0,0.0
4932.YNL177C,0.14410950476776377,0.03245729860522739,0.5142043693277933,0.0,0.0004516806245091495,0.0,0.0,0.0,0.0,0.0,0.0,0.0,0.0,0.0
4932.YDR226W,0.14564749307905261,0.03042355959826754,0.5126627704296114,0.0,0.0007382684526390755,0.0,0.0,0.0,0.0,0.0,0.0,0.0,0.0,0.0
4932.YLR388W,0.13395878191325747,0.03138765889239681,0.5130270499917358,0.0,0.002594715047958373,0.0,0.0,0.0,0.0,0.0,0.0,0.0,0.0,0.0
4932.YGL226W,0.05029221777914488,0.009739628099310445,0.47368425537216247,0.0,0.00030608450808951857,0.0,0.0,0.0,0.0,0.0,0.0,0.0,0.0,0.0
4932.YJR101W,0.12042448477391572,0.022090394796034026,0.5050913808935348,0.0,0.00041709392512791915,0.0,0.0,0.0,0.0,0.0,0.0,0.0,0.0,0.0
4932.YGL088W,0.0016917871424177177,0.00015095945840286172,0.3513762296650259,0.0,0.0,0.0,0.0,0.0,0.0,0.0,0.0,0.0,0.0,0.0
4932.YPL271W,0.04244847739157183,0.007665603991584211,0.47330472832655873,0.0,8.72637007260291e-05,0.0,0.0,0.0,0.0,0.0,0.0,0.0,0.0,0.0
4932.YEL050C,0.19640110735158414,0.04053518628092016,0.5302758785045965,0.0,0.001120369546195528,0.0,0.0,0.0,0.0,0.0,0.0,0.0,0.0,0.0
4932.YOR133W,0.16394955398338973,0.03770385883672599,0.5166574393889898,0.0,0.00039179393168463025,0.0,0.0,0.0,0.0,0.0,0.0,0.0,0.0,0.0
4932.Q0075,0.0278375884343279,0.006099905165937895,0.46697812541827705,0.0,3.2240603292201395e-05,0.0,0.0,0.0,0.0,0.0,0.0,0.0,0.0,0.0
4932.YBL038W,0.14780067671485697,0.032377338230168626,0.51383841651078,0.0,0.00048188222040986846,0.0,0.0,0.0,0.0,0.0,0.0,0.0,0.0,0.0
4932.YLR304C,0.11657951399569363,0.019068487367794987,0.5005392555226718,0.0,0.00033576406707437064,0.0,0.0,0.0,0.0,0.0,0.0,0.0,0.0,0.0
4932.YGR248W,0.0733620424484774,0.007604437853180292,0.4827279262458454,0.0,0.00030916047874108367,0.0,0.0,0.0,0.0,0.0,0.0,0.0,0.0,0.0
4932.YLR340W,0.19640110735158414,0.045729815842642255,0.5291100574216533,0.0,0.0006786399778747381,0.0,0.0,0.0,0.0,0.0,0.0,0.0,0.0,0.0
4932.YDR041W,0.1382651491848662,0.0326204116100723,0.5093275290167208,0.0,0.00033397695719483255,0.0,0.0,0.0,0.0,0.0,0.0,0.0,0.0,0.0
4932.YJR115W,0.0023069824669332516,0.00023389818913290223,0.38607335364478196,0.0,6.228328649840858e-07,0.0,0.0,0.0,0.0,0.0,0.0,0.0,0.0,0.0
4932.YNL009W,0.0807443863426638,0.012156426760422648,0.49119363634404145,0.0,0.00016629330261485464,0.0,0.0,0.0,0.0,0.0,0.0,0.0,0.0,0.0
4932.YNL088W,0.17517686865579823,0.030468166793747812,0.5215926003528114,0.0,0.0010284649340631064,0.0,0.0,0.0,0.0,0.0,0.0,0.0,0.0,0.0
4932.YBR251W,0.15841279606274994,0.035147331707645536,0.5164521232868642,0.0,0.0007470595668978939,0.0,0.0,0.0,0.0,0.0,0.0,0.0,0.0,0.0
4932.YKL173W,0.1717932943709628,0.03878889060003136,0.5187196148475552,0.0,0.0005350723116974978,0.0,0.0,0.0,0.0,0.0,0.0,0.0,0.0,0.0
4932.Q0065,0.03014457090126115,0.006314547862773524,0.4688312132175559,0.0,5.705677713004117e-05,0.0,0.0,0.0,0.0,0.0,0.0,0.0,0.0,0.0
4932.YMR303C,0.04798523531221163,0.0060244668439793335,0.4691697195086877,0.0,4.5021403548709336e-05,0.0,0.0,0.0,0.0,0.0,0.0,0.0,0.0,0.0
4932.Q0055,0.018302060904337128,0.004017068828116551,0.45456457608921474,0.0,4.1796398897598984e-05,0.0,0.0,0.0,0.0,0.0,0.0,0.0,0.0,0.0
4932.YOR187W,0.143801907105506,0.02964788526475622,0.5106483784043477,0.0,0.00039640144241541447,0.0,0.0,0.0,0.0,0.0,0.0,0.0,0.0,0.0
4932.YHR001W-A,0.026299600123039068,0.00302505750342533,0.4513754247843376,0.0,3.898512348646999e-05,0.0,0.0,0.0,0.0,0.0,0.0,0.0,0.0,0.0
4932.YPR010C,0.2207013226699477,0.04650802312330633,0.5361386646200763,0.0,0.0010171211075609532,0.0,0.0,0.0,0.0,0.0,0.0,0.0,0.0,0.0
4932.YLR174W,0.09043371270378346,0.012935420405895936,0.4978547820407083,0.0,0.00033198687672024544,0.0,0.0,0.0,0.0,0.0,0.0,0.0,0.0,0.0
4932.YIL018W,0.1864041833282067,0.04272318714230424,0.5266229528483123,0.0,0.0005521468475416159,0.0,0.0,0.0,0.0,0.0,0.0,0.0,0.0,0.0
4932.YJL166W,0.07290064595509074,0.012605684761759795,0.48517887069329685,0.0,0.0002927591288515364,0.0,0.0,0.0,0.0,0.0,0.0,0.0,0.0,0.0
4932.YIL125W,0.10781298062134728,0.017970442786597093,0.5006935286789431,0.0,0.00042327664340263303,0.0,0.0,0.0,0.0,0.0,0.0,0.0,0.0,0.0
4932.YCL004W,0.040141494924638574,0.0050308778793944535,0.47254749583269035,0.0,0.00016547490319662487,0.0,0.0,0.0,0.0,0.0,0.0,0.0,0.0,0.0
4932.Q0060,0.004306367271608736,0.0003445919546085541,0.3841788231757907,0.0,2.344514861021595e-06,0.0,0.0,0.0,0.0,0.0,0.0,0.0,0.0,0.0
4932.YGR150C,0.075207628422024,0.014359939086593011,0.48478070838520776,0.0,0.0002291450452713406,0.0,0.0,0.0,0.0,0.0,0.0,0.0,0.0,0.0
4932.YLR067C,0.08012919101814826,0.014388815179461178,0.48725259562052525,0.0,0.00031093395767770737,0.0,0.0,0.0,0.0,0.0,0.0,0.0,0.0,0.0
4932.YLR359W,0.10273761919409413,0.02184331025855299,0.4957656683600614,0.0,0.00020454381492377168,0.0,0.0,0.0,0.0,0.0,0.0,0.0,0.0,0.0
4932.YPR001W,0.09889264841587204,0.014370848626266126,0.49610632273593863,0.0,0.000297468176160633,0.0,0.0,0.0,0.0,0.0,0.0,0.0,0.0,0.0
4932.YBR295W,0.04337127037834513,0.003564863419939787,0.47080137771303615,0.0,0.0001341385129735606,0.0,0.0,0.0,0.0,0.0,0.0,0.0,0.0,0.0
4932.YGL143C,0.07213165179944633,0.014194824982946939,0.4833383379347906,0.0,0.00016127842004708275,0.0,0.0,0.0,0.0,0.0,0.0,0.0,0.0,0.0
4932.Q0050,0.014457090126115043,0.0032754394906884038,0.44189055526659804,0.0,2.6891635416443973e-05,0.0,0.0,0.0,0.0,0.0,0.0,0.0,0.0,0.0
4932.YDR353W,0.07782220855121502,0.015213566810168175,0.4857228745100407,0.0,0.00010872963765142897,0.0,0.0,0.0,0.0,0.0,0.0,0.0,0.0,0.0
4932.YPR080W,0.13380498308212857,0.03276295863754772,0.5107687954091593,0.0,0.00043585569194850595,0.0,0.0,0.0,0.0,0.0,0.0,0.0,0.0,0.0
4932.YHR008C,0.14703168255921256,0.02261702559181848,0.5122182417779698,0.0,0.000886943026746047,0.0,0.0,0.0,0.0,0.0,0.0,0.0,0.0,0.0
4932.YOL086C,0.11857889880036912,0.019785744843197162,0.5044248265172585,0.0,0.0008437288949431105,0.0,0.0,0.0,0.0,0.0,0.0,0.0,0.0,0.0
4932.YGR174C,0.020762842202399264,0.0020296888463270284,0.45099948745109136,0.0,5.4964567093728135e-05,0.0,0.0,0.0,0.0,0.0,0.0,0.0,0.0,0.0
4932.YMR056C,0.05813595816671794,0.012133239978243605,0.4769524820313656,0.0,0.00010333764614874241,0.0,0.0,0.0,0.0,0.0,0.0,0.0,0.0,0.0
4932.YDR405W,0.07443863426637957,0.014675486773162048,0.48831446721239385,0.0,0.0001463980711284574,0.0,0.0,0.0,0.0,0.0,0.0,0.0,0.0,0.0
4932.YNL055C,0.11011996308828054,0.018775661243138883,0.5059959986914284,0.0,0.000444865851092229,0.0,0.0,0.0,0.0,0.0,0.0,0.0,0.0,0.0
4932.YDL067C,0.05828975699784682,0.005903342205288581,0.487837884023673,0.0,0.00197062686326876,0.0,0.0,0.0,0.0,0.0,0.0,0.0,0.0,0.0
4932.YBR085W,0.06228852660719779,0.013759582055389595,0.48441930931827376,0.0,0.00033470567472706705,0.0,0.0,0.0,0.0,0.0,0.0,0.0,0.0,0.0
4932.Q0255,0.023069824669332516,0.004365634416029636,0.46667628664143385,0.0,0.0004314555220579942,0.0,0.0,0.0,0.0,0.0,0.0,0.0,0.0,0.0
4932.YLR281C,0.06382651491848662,0.012826970043774092,0.4858681482873729,0.0,0.0008013757519990962,0.0,0.0,0.0,0.0,0.0,0.0,0.0,0.0,0.0
4932.YBL030C,0.07674561673331283,0.016377816167322746,0.48536006985325103,0.0,0.0001978102513286114,0.0,0.0,0.0,0.0,0.0,0.0,0.0,0.0,0.0
4932.YHR106W,0.07074746231928637,0.010816270508141044,0.48452767244764183,0.0,0.00014102901226018314,0.0,0.0,0.0,0.0,0.0,0.0,0.0,0.0,0.0
4932.YOR065W,0.08858812673023686,0.013276253276905427,0.49418211386381666,0.0,0.0003673321728384305,0.0,0.0,0.0,0.0,0.0,0.0,0.0,0.0,0.0
4932.YER170W,0.10919717010150723,0.022910482952608526,0.5017373650834163,0.0,0.0002986726197345249,0.0,0.0,0.0,0.0,0.0,0.0,0.0,0.0,0.0
4932.YNR001C,0.12657643801907106,0.017820481524014685,0.5033307990081585,0.0,0.0005189856406892884,0.0,0.0,0.0,0.0,0.0,0.0,0.0,0.0,0.0
4932.YML129C,0.020762842202399264,0.002072192526290255,0.44497710163632986,0.0,4.983320845634431e-05,0.0,0.0,0.0,0.0,0.0,0.0,0.0,0.0,0.0
4932.YDR385W,0.19763149800061522,0.04372278813683401,0.5285075734197092,0.0,0.0007278377894088835,0.0,0.0,0.0,0.0,0.0,0.0,0.0,0.0,0.0
4932.YBR118W,0.15302983697323902,0.035352797155968375,0.5137977872377105,0.0,0.00045228332142994553,0.0,0.0,0.0,0.0,0.0,0.0,0.0,0.0,0.0
4932.YJL200C,0.10504460166102739,0.019909276940136417,0.495501038218341,0.0,0.00028488888544821135,0.0,0.0,0.0,0.0,0.0,0.0,0.0,0.0,0.0
4932.YBL088C,0.0639803137496155,0.006444575065440249,0.4784978361704952,0.0,0.00018907342051928486,0.0,0.0,0.0,0.0,0.0,0.0,0.0,0.0,0.0
4932.YDL004W,0.1150415256844048,0.022436588878353068,0.5063114083836158,0.0,0.0004933709258156914,0.0,0.0,0.0,0.0,0.0,0.0,0.0,0.0,0.0
4932.YCR031C,0.19686250384497078,0.04430298917006727,0.5287225887058848,0.0,0.0007037938581341048,0.0,0.0,0.0,0.0,0.0,0.0,0.0,0.0,0.0
4932.YEL027W,0.11150415256844048,0.02188823749841178,0.5073392110552253,0.0,0.0009045247385341436,0.0,0.0,0.0,0.0,0.0,0.0,0.0,0.0,0.0
4932.YDR171W,0.09889264841587204,0.012485564608499863,0.4944829628791816,0.0,0.0004182024946459386,0.0,0.0,0.0,0.0,0.0,0.0,0.0,0.0,0.0
4932.YJL102W,0.1474930790525992,0.03464001697112412,0.5112510318800413,0.0,0.0005210270085835461,0.0,0.0,0.0,0.0,0.0,0.0,0.0,0.0,0.0
4932.YEL039C,0.12119347892956014,0.016674659879915954,0.5052484733065333,0.0,0.000842191775932103,0.0,0.0,0.0,0.0,0.0,0.0,0.0,0.0,0.0
4932.YKL060C,0.13795755152260844,0.026434565662604433,0.5184299198336784,0.0,0.0009259001645134926,0.0,0.0,0.0,0.0,0.0,0.0,0.0,0.0,0.0
4932.YHR168W,0.06674869270993541,0.014984984367215548,0.48090590698603647,0.0,0.00022352324773094442,0.0,0.0,0.0,0.0,0.0,0.0,0.0,0.0,0.0
4932.Q0250,0.05029221777914488,0.009885592630199318,0.4835541460928207,0.0,0.00014554721453249886,0.0,0.0,0.0,0.0,0.0,0.0,0.0,0.0,0.0
4932.YOR330C,0.06644109504767765,0.010284171040085888,0.4817616114468657,0.0,0.00015909190973079808,0.0,0.0,0.0,0.0,0.0,0.0,0.0,0.0,0.0
4932.YGR027C,0.08966471854813904,0.025009813555607247,0.4906002729479294,0.0,6.482300427525754e-05,0.0,0.0,0.0,0.0,0.0,0.0,0.0,0.0,0.0
4932.YDR116C,0.1262688403568133,0.030204390095427018,0.5032528357493281,0.0,0.00036024063279971704,0.0,0.0,0.0,0.0,0.0,0.0,0.0,0.0,0.0
4932.YOR211C,0.06336511842509997,0.008774759917226144,0.4843831990454957,0.0,0.00026863278796557586,0.0,0.0,0.0,0.0,0.0,0.0,0.0,0.0,0.0
4932.YPR166C,0.12119347892956014,0.02737771967883554,0.5050521230526446,0.0,0.0003251481887441677,0.0,0.0,0.0,0.0,0.0,0.0,0.0,0.0,0.0
4932.YLR382C,0.10350661334973854,0.022189229080287094,0.49644744557990106,0.0,0.00033487947156071084,0.0,0.0,0.0,0.0,0.0,0.0,0.0,0.0,0.0
4932.YPL013C,0.1244232543832667,0.023962547866389863,0.5077753078999238,0.0,0.0005512154990779221,0.0,0.0,0.0,0.0,0.0,0.0,0.0,0.0,0.0
4932.YMR256C,0.04598585050753615,0.00399765385269521,0.4777941628820092,0.0,0.0006935734334987482,0.0,0.0,0.0,0.0,0.0,0.0,0.0,0.0,0.0
4932.YLR164W,0.03891110427560751,0.004327449580121665,0.4668774691187904,0.0,0.0001362169360284027,0.0,0.0,0.0,0.0,0.0,0.0,0.0,0.0,0.0
4932.YGL191W,0.06920947400799754,0.014292767244324656,0.4871795333029933,0.0,0.00021178348769565028,0.0,0.0,0.0,0.0,0.0,0.0,0.0,0.0,0.0
4932.YER015W,0.08951091971701015,0.010613472874500809,0.4978166410170325,0.0,0.0004911229028251344,0.0,0.0,0.0,0.0,0.0,0.0,0.0,0.0,0.0
4932.YLR395C,0.06259612426945556,0.013076953514005174,0.4773028217419807,0.0,0.0001722064936384284,0.0,0.0,0.0,0.0,0.0,0.0,0.0,0.0,0.0
4932.YGR062C,0.07966779452476161,0.015399964065388039,0.48754506416531546,0.0,0.00021241039658465328,0.0,0.0,0.0,0.0,0.0,0.0,0.0,0.0,0.0
4932.YLL009C,0.05536757920639804,0.007198777869138057,0.47520846973784736,0.0,0.00027985700907594144,0.0,0.0,0.0,0.0,0.0,0.0,0.0,0.0,0.0
4932.YNL123W,0.1179637034758536,0.02643682192400744,0.49881021073119863,0.0,0.0005377956705228851,0.0,0.0,0.0,0.0,0.0,0.0,0.0,0.0,0.0
4932.YFR031C-A,0.1940941248846509,0.04415329624237146,0.5290239041924061,0.0,0.0006099943529378298,0.0,0.0,0.0,0.0,0.0,0.0,0.0,0.0,0.0
4932.YBR024W,0.030298369732390036,0.003976750203719963,0.4537393069754434,0.0,0.00014622799367726606,0.0,0.0,0.0,0.0,0.0,0.0,0.0,0.0,0.0
4932.YPL220W,0.12872962165487542,0.03314192144653635,0.50556295146622,0.0,0.00019146998300710317,0.0,0.0,0.0,0.0,0.0,0.0,0.0,0.0,0.0
4932.YKL024C,0.1205782836050446,0.026270194334099616,0.5025911219116191,0.0,0.0003384755839048438,0.0,0.0,0.0,0.0,0.0,0.0,0.0,0.0,0.0
4932.YBL099W,0.15595201476468779,0.03100700054779583,0.5229779167159215,0.0,0.0007291752151327991,0.0,0.0,0.0,0.0,0.0,0.0,0.0,0.0,0.0
4932.YDR270W,0.047370039987696094,0.004107510072374256,0.47444513837582686,0.0,0.0004891312968308771,0.0,0.0,0.0,0.0,0.0,0.0,0.0,0.0,0.0
4932.YLR075W,0.17133189787757613,0.039746993777722874,0.5202146037303118,0.0,0.00046330574441211416,0.0,0.0,0.0,0.0,0.0,0.0,0.0,0.0,0.0
4932.YDL066W,0.07828360504460166,0.012867514661503278,0.4887919824879889,0.0,0.00013828514408833283,0.0,0.0,0.0,0.0,0.0,0.0,0.0,0.0,0.0
4932.YJR123W,0.184712396185789,0.04356245215319808,0.5256856739094996,0.0,0.000517365715766427,0.0,0.0,0.0,0.0,0.0,0.0,0.0,0.0,0.0
4932.YPL021W,0.030913565056905568,0.0025261527450072445,0.4755910572491638,0.0,0.0008721101352086053,0.0,0.0,0.0,0.0,0.0,0.0,0.0,0.0,0.0
4932.YDR322W,0.08551215010765918,0.016554727798209396,0.4940318265943378,0.0,0.00022320492775891867,0.0,0.0,0.0,0.0,0.0,0.0,0.0,0.0,0.0
4932.YNL083W,0.03968009843125193,0.004876280115641962,0.475660684810433,0.0,0.00011781806538558578,0.0,0.0,0.0,0.0,0.0,0.0,0.0,0.0,0.0
4932.YER057C,0.030759766225776686,0.0045835878356234585,0.4616368723497673,0.0,3.519626546615048e-05,0.0,0.0,0.0,0.0,0.0,0.0,0.0,0.0,0.0
4932.YPR042C,0.06936327283912642,0.008051056208222877,0.48875521738964456,0.0,0.000821738739034684,0.0,0.0,0.0,0.0,0.0,0.0,0.0,0.0,0.0
4932.YKL085W,0.13795755152260844,0.0215843334534692,0.5103676260756618,0.0,0.00045692523798972147,0.0,0.0,0.0,0.0,0.0,0.0,0.0,0.0,0.0
4932.YDR039C,0.03491233466625654,0.004046415083145593,0.47141617927998586,0.0,0.0004432997844261034,0.0,0.0,0.0,0.0,0.0,0.0,0.0,0.0,0.0
4932.YOR017W,0.08797293140572132,0.014937334642477115,0.491714007960297,0.0,0.0003022855477080534,0.0,0.0,0.0,0.0,0.0,0.0,0.0,0.0,0.0
4932.YGL135W,0.14164872346970164,0.0355480965044924,0.5102473981307676,0.0,0.0002767119159635285,0.0,0.0,0.0,0.0,0.0,0.0,0.0,0.0,0.0
4932.YGR132C,0.1550292217779145,0.028665952836503774,0.5200480684430032,0.0,0.0010762290726761673,0.0,0.0,0.0,0.0,0.0,0.0,0.0,0.0,0.0
4932.YJR113C,0.1661027376191941,0.03688105717233527,0.523990050414912,0.0,0.0014590458875538758,0.0,0.0,0.0,0.0,0.0,0.0,0.0,0.0,0.0
4932.YLR069C,0.1484158720393725,0.03512517032588617,0.5108892692189106,0.0,0.00030969644928748415,0.0,0.0,0.0,0.0,0.0,0.0,0.0,0.0,0.0
4932.YNL306W,0.16318055982774532,0.035768630241745605,0.5202562542190012,0.0,0.0006443323166419289,0.0,0.0,0.0,0.0,0.0,0.0,0.0,0.0,0.0
4932.YPL109C,0.03629652414641649,0.0036014611619810573,0.471621470111433,0.0,0.00011027619385846385,0.0,0.0,0.0,0.0,0.0,0.0,0.0,0.0,0.0
4932.YCL033C,0.0510612119347893,0.006414777530019421,0.47306352760594966,0.0,0.00014801977624467614,0.0,0.0,0.0,0.0,0.0,0.0,0.0,0.0,0.0
4932.YDR322C-A,0.026299600123039068,0.0035762542726934924,0.44940871534651944,0.0,3.5579879420985096e-05,0.0,0.0,0.0,0.0,0.0,0.0,0.0,0.0,0.0
4932.YGR231C,0.14995386035066136,0.02777999388524897,0.5164521232868642,0.0,0.0009668925181274418,0.0,0.0,0.0,0.0,0.0,0.0,0.0,0.0,0.0
4932.YCR012W,0.21208858812673026,0.037683021988137576,0.5334975874544602,0.0,0.0015882077052606922,0.0,0.0,0.0,0.0,0.0,0.0,0.0,0.0,0.0
4932.YGL068W,0.11150415256844048,0.025523205285109773,0.49663716105130884,0.0,0.00023216211381520054,0.0,0.0,0.0,0.0,0.0,0.0,0.0,0.0,0.0
4932.YKL009W,0.1928637342356198,0.04447353101514831,0.5305789675181942,0.0,0.0008160512641452506,0.0,0.0,0.0,0.0,0.0,0.0,0.0,0.0,0.0
4932.Q0070,0.030913565056905568,0.006651778671852163,0.4705627210656329,0.0,4.889426457744424e-05,0.0,0.0,0.0,0.0,0.0,0.0,0.0,0.0,0.0
4932.YGL187C,0.09535527529990773,0.01828797433072168,0.4944077162896846,0.0,0.00035803969223005615,0.0,0.0,0.0,0.0,0.0,0.0,0.0,0.0,0.0
4932.YIL111W,0.07305444478621963,0.014271364919304428,0.48608622196254675,0.0,0.00018886483000903276,0.0,0.0,0.0,0.0,0.0,0.0,0.0,0.0,0.0
4932.YER154W,0.08520455244540141,0.01723422690397836,0.48798442589331065,0.0,0.00021417616498194236,0.0,0.0,0.0,0.0,0.0,0.0,0.0,0.0,0.0
4932.YDL069C,0.023992617656105816,0.0022264933631606218,0.4662075344522402,0.0,0.0001704145914947201,0.0,0.0,0.0,0.0,0.0,0.0,0.0,0.0,0.0
4932.YKR093W,0.04306367271608736,0.00426941312283556,0.47524322498320226,0.0,0.00015684835306158278,0.0,0.0,0.0,0.0,0.0,0.0,0.0,0.0,0.0
4932.YNL142W,0.041064287911411874,0.003422341809184041,0.4654728234380605,0.0,0.0001052691831303314,0.0,0.0,0.0,0.0,0.0,0.0,0.0,0.0,0.0
4932.YNL005C,0.12134727776068903,0.02583390142826499,0.5053663567580747,0.0,0.0004292287804039258,0.0,0.0,0.0,0.0,0.0,0.0,0.0,0.0,0.0
4932.YFL036W,0.06413411258074439,0.012995646023640652,0.48467223205753146,0.0,0.00023884780075184242,0.0,0.0,0.0,0.0,0.0,0.0,0.0,0.0,0.0
4932.YNL137C,0.150415256844048,0.03666542913746385,0.51254145884172,0.0,0.00036083515020292215,0.0,0.0,0.0,0.0,0.0,0.0,0.0,0.0,0.0
4932.YML091C,0.013380498308212859,0.0016000917992533075,0.4460155546156445,0.0,6.987946793788462e-05,0.0,0.0,0.0,0.0,0.0,0.0,0.0,0.0,0.0
4932.YML025C,0.14733928022147033,0.03537803246625759,0.5108089470320986,0.0,0.00027261186547329196,0.0,0.0,0.0,0.0,0.0,0.0,0.0,0.0,0.0
4932.YHR147C,0.13211319593971085,0.03097815659594911,0.5051699148872989,0.0,0.000296005743045934,0.0,0.0,0.0,0.0,0.0,0.0,0.0,0.0,0.0
4932.YHR026W,0.09320209166410336,0.02088588262997476,0.49309459820878165,0.0,0.00026586321782902947,0.0,0.0,0.0,0.0,0.0,0.0,0.0,0.0,0.0
4932.YNR036C,0.15810519840049217,0.035687349014566314,0.5172743683486168,0.0,0.0006443621496383397,0.0,0.0,0.0,0.0,0.0,0.0,0.0,0.0,0.0
4932.YBR101C,0.13749615502922177,0.031330756610943734,0.5092476971156211,0.0,0.0006133942898490593,0.0,0.0,0.0,0.0,0.0,0.0,0.0,0.0,0.0
4932.YBR039W,0.1271916333435866,0.024730363448933743,0.5054056634670082,0.0,0.0004255587403662281,0.0,0.0,0.0,0.0,0.0,0.0,0.0,0.0,0.0
4932.YGR118W,0.17348508151338052,0.040844104927928664,0.5221794129858024,0.0,0.0004655373963069918,0.0,0.0,0.0,0.0,0.0,0.0,0.0,0.0,0.0
4932.YPL132W,0.04767763764995386,0.006173979118897014,0.4670452537335819,0.0,0.00013353902258345275,0.0,0.0,0.0,0.0,0.0,0.0,0.0,0.0,0.0
4932.YCL018W,0.09720086127345433,0.01607181307853487,0.4965612574656369,0.0,0.0003292923335181934,0.0,0.0,0.0,0.0,0.0,0.0,0.0,0.0,0.0
4932.YCR005C,0.1076591817902184,0.015615396616876928,0.4959548630129236,0.0,0.0004055223770657812,0.0,0.0,0.0,0.0,0.0,0.0,0.0,0.0,0.0
4932.YER141W,0.04352506920947401,0.004907233451839558,0.46657576040750515,0.0,0.00011906924109670182,0.0,0.0,0.0,0.0,0.0,0.0,0.0,0.0,0.0
4932.YPR132W,0.1644109504767764,0.039285556496057285,0.5200896922679146,0.0,0.00040547248602224695,0.0,0.0,0.0,0.0,0.0,0.0,0.0,0.0,0.0
4932.YOL031C,0.1299600123039065,0.03015906132417056,0.5050521230526446,0.0,0.0003405078888477747,0.0,0.0,0.0,0.0,0.0,0.0,0.0,0.0,0.0
4932.YBR037C,0.04121808674254076,0.005480184069576481,0.46657576040750515,0.0,0.00016286956009968904,0.0,0.0,0.0,0.0,0.0,0.0,0.0,0.0,0.0
4932.YPL234C,0.10089203322054753,0.02110320241727382,0.5012342344334562,0.0,0.00046646379996349765,0.0,0.0,0.0,0.0,0.0,0.0,0.0,0.0,0.0
4932.YNL163C,0.16579513995693634,0.04038000208913454,0.5155915746405876,0.0,0.0003256451953620712,0.0,0.0,0.0,0.0,0.0,0.0,0.0,0.0,0.0
4932.Q0085,0.07136265764380191,0.016483243762066026,0.49290757909393346,0.0,0.0006195230450635057,0.0,0.0,0.0,0.0,0.0,0.0,0.0,0.0,0.0
4932.YOR116C,0.1773300522916026,0.03823935752187836,0.5214670263377998,0.0,0.000994578813799851,0.0,0.0,0.0,0.0,0.0,0.0,0.0,0.0,0.0
4932.YML043C,0.10981236542602277,0.021275969349152022,0.4997693135821662,0.0,0.00046295148241143656,0.0,0.0,0.0,0.0,0.0,0.0,0.0,0.0,0.0
4932.YDR178W,0.06059673946478007,0.0076216883117035785,0.4779347319208094,0.0,0.00011413617945319515,0.0,0.0,0.0,0.0,0.0,0.0,0.0,0.0,0.0
4932.YDR332W,0.04552445401414949,0.010617801627237652,0.4714845896963666,0.0,0.00013447236628352912,0.0,0.0,0.0,0.0,0.0,0.0,0.0,0.0,0.0
4932.YJR048W,0.12396185788988004,0.019330943391593514,0.506114231263753,0.0,0.0008000056430940421,0.0,0.0,0.0,0.0,0.0,0.0,0.0,0.0,0.0
4932.YJR104C,0.11150415256844048,0.018048945370260864,0.5018923777859987,0.0,0.0005161547214328277,0.0,0.0,0.0,0.0,0.0,0.0,0.0,0.0,0.0
4932.YGR244C,0.13964933866502616,0.02160204454008783,0.5164110796467715,0.0,0.0008483885192658461,0.0,0.0,0.0,0.0,0.0,0.0,0.0,0.0,0.0
4932.YLR188W,0.04998462011688711,0.007620140580191575,0.48290729898895096,0.0,0.00014938297457285746,0.0,0.0,0.0,0.0,0.0,0.0,0.0,0.0,0.0
4932.YPL172C,0.04367886804060289,0.006266267473159677,0.4676502781716679,0.0,8.51850813674242e-05,0.0,0.0,0.0,0.0,0.0,0.0,0.0,0.0,0.0
4932.YDR529C,0.08412796062749923,0.014140313821282996,0.49108227140230687,0.0,0.00029920854224242953,0.0,0.0,0.0,0.0,0.0,0.0,0.0,0.0,0.0
4932.YBR072W,0.08797293140572132,0.01190450432471724,0.4914908566065596,0.0,0.0003991705381359598,0.0,0.0,0.0,0.0,0.0,0.0,0.0,0.0,0.0
4932.YNL178W,0.20578283605044603,0.04649228751671645,0.5388060211604747,0.0,0.0009646699159953547,0.0,0.0,0.0,0.0,0.0,0.0,0.0,0.0,0.0
4932.YFR033C,0.03706551830206091,0.004659965319369116,0.46791968137072976,0.0,0.00023421125744937167,0.0,0.0,0.0,0.0,0.0,0.0,0.0,0.0,0.0
4932.YOR283W,0.04398646570286066,0.008703724205952376,0.47090373325569423,0.0,0.00010154783510988181,0.0,0.0,0.0,0.0,0.0,0.0,0.0,0.0,0.0
4932.YLR256W,0.05275299907720701,0.009375279552395673,0.4790622688878889,0.0,7.668577304266497e-05,0.0,0.0,0.0,0.0,0.0,0.0,0.0,0.0,0.0
4932.YOR350C,0.012457705321439558,0.0008728559710084273,0.446046170730047,0.0,3.485436980338038e-05,0.0,0.0,0.0,0.0,0.0,0.0,0.0,0.0,0.0
4932.YPL005W,0.07397723777299293,0.012556365242703265,0.48681455013450137,0.0,0.0002878856918835366,0.0,0.0,0.0,0.0,0.0,0.0,0.0,0.0,0.0
4932.YPL078C,0.06444171024300216,0.010921869741000477,0.49023014826068084,0.0,0.00021772598300233374,0.0,0.0,0.0,0.0,0.0,0.0,0.0,0.0,0.0
4932.YPR020W,0.06874807751461089,0.012710129145803377,0.48765483040865476,0.0,0.00023692280213712046,0.0,0.0,0.0,0.0,0.0,0.0,0.0,0.0,0.0
4932.YER053C,0.07167025530605968,0.010546007333313881,0.4829790854166288,0.0,0.00022676230987697622,0.0,0.0,0.0,0.0,0.0,0.0,0.0,0.0,0.0
4932.YGR183C,0.06351891725622885,0.009705107291677019,0.48395029531506106,0.0,0.00035642925027086123,0.0,0.0,0.0,0.0,0.0,0.0,0.0,0.0,0.0
4932.YOR341W,0.20009227929867734,0.0424640248333886,0.5291531445598798,0.0,0.0009442317464961508,0.0,0.0,0.0,0.0,0.0,0.0,0.0,0.0,0.0
4932.YPR035W,0.09889264841587204,0.016896413011379584,0.495501038218341,0.0,0.00027536131293642255,0.0,0.0,0.0,0.0,0.0,0.0,0.0,0.0,0.0
4932.YNL052W,0.07582282374653954,0.015113818812308603,0.48648653254438307,0.0,0.00019666048419295708,0.0,0.0,0.0,0.0,0.0,0.0,0.0,0.0,0.0
4932.YGL147C,0.17656105813595818,0.040946029695556926,0.5229358293252313,0.0,0.0006925584667246834,0.0,0.0,0.0,0.0,0.0,0.0,0.0,0.0,0.0
4932.YDR148C,0.11073515841279608,0.01736740899322779,0.5029801544388361,0.0,0.00044072350635702506,0.0,0.0,0.0,0.0,0.0,0.0,0.0,0.0,0.0
4932.YGL236C,0.04660104583205168,0.009597730383753384,0.4698482006648825,0.0,7.80728851410113e-05,0.0,0.0,0.0,0.0,0.0,0.0,0.0,0.0,0.0
4932.YMR118C,0.0602891418025223,0.009585601467241437,0.4793096271443037,0.0,0.000225340344944756,0.0,0.0,0.0,0.0,0.0,0.0,0.0,0.0,0.0
4932.YDL061C,0.1336511842509997,0.030860374276729833,0.5154688731711348,0.0,0.0031554754780429473,0.0,0.0,0.0,0.0,0.0,0.0,0.0,0.0,0.0
4932.YJL003W,0.07905259920024608,0.01876182312750242,0.4859408177681218,0.0,0.00022603057601470068,0.0,0.0,0.0,0.0,0.0,0.0,0.0,0.0,0.0
4932.YLR384C,0.1150415256844048,0.024263576514469525,0.5018923777859987,0.0,0.00048183920737692273,0.0,0.0,0.0,0.0,0.0,0.0,0.0,0.0,0.0
4932.YLR087C,0.03737311596431867,0.004053082924858899,0.4640103267063214,0.0,0.00015119303171265167,0.0,0.0,0.0,0.0,0.0,0.0,0.0,0.0,0.0
4932.YHR193C,0.10658258997231622,0.026302765155447858,0.4992701202608778,0.0,0.00026688544307712953,0.0,0.0,0.0,0.0,0.0,0.0,0.0,0.0,0.0
4932.YLR038C,0.07413103660412182,0.012549008597422634,0.489159937909916,0.0,0.0003157320347306637,0.0,0.0,0.0,0.0,0.0,0.0,0.0,0.0,0.0
4932.YJL191W,0.16779452476161183,0.03951192840763445,0.5196737536144693,0.0,0.00041641885332569835,0.0,0.0,0.0,0.0,0.0,0.0,0.0,0.0,0.0
4932.YGR112W,0.033528145186096585,0.0035093031526937557,0.45799271322211194,0.0,0.00010181675395672363,0.0,0.0,0.0,0.0,0.0,0.0,0.0,0.0,0.0
4932.YDR047W,0.06013534297139342,0.010419682578174582,0.4798405416626292,0.0,0.00018793998294744819,0.0,0.0,0.0,0.0,0.0,0.0,0.0,0.0,0.0
4932.YNL067W,0.16256536450322978,0.03790636630712601,0.5164110796467715,0.0,0.0004924996322510918,0.0,0.0,0.0,0.0,0.0,0.0,0.0,0.0,0.0
4932.YDR347W,0.11780990464472471,0.02171014804303146,0.5039553757713142,0.0,0.00046660409280647883,0.0,0.0,0.0,0.0,0.0,0.0,0.0,0.0,0.0
4932.YHR053C,0.04060289141802523,0.0050780931431493705,0.4847445442144964,0.0,0.000732619136012875,0.0,0.0,0.0,0.0,0.0,0.0,0.0,0.0,0.0
4932.Q0130,0.10904337127037834,0.022687725101258573,0.5086497546141154,0.0,0.001272937677714685,0.0,0.0,0.0,0.0,0.0,0.0,0.0,0.0,0.0
4932.YKL003C,0.08366656413411258,0.01941340601770195,0.48831446721239385,0.0,0.0003294672307410159,0.0,0.0,0.0,0.0,0.0,0.0,0.0,0.0,0.0
4932.YKL141W,0.08089818517379269,0.012198056050524445,0.48772803536705883,0.0,0.0001726899262169146,0.0,0.0,0.0,0.0,0.0,0.0,0.0,0.0,0.0
4932.YBR146W,0.09243309750845895,0.021090701098815338,0.49137935686595013,0.0,0.00015426510535059376,0.0,0.0,0.0,0.0,0.0,0.0,0.0,0.0,0.0
4932.YGR220C,0.15902799138726548,0.036756475968579845,0.5157552674970494,0.0,0.0008827547877740006,0.0,0.0,0.0,0.0,0.0,0.0,0.0,0.0,0.0
4932.YJL138C,0.18671178099046448,0.04197504560472517,0.5256431495870671,0.0,0.0006344358746504038,0.0,0.0,0.0,0.0,0.0,0.0,0.0,0.0,0.0
4932.YHL004W,0.15887419255613658,0.03660535482415737,0.5182645250594453,0.0,0.0003852762573675266,0.0,0.0,0.0,0.0,0.0,0.0,0.0,0.0,0.0
4932.YLR367W,0.13888034450938175,0.034761029531126406,0.5086895737588323,0.0,0.00030867707551779475,0.0,0.0,0.0,0.0,0.0,0.0,0.0,0.0,0.0
4932.YDR337W,0.15456782528452784,0.035130791765244314,0.5164521232868642,0.0,0.0004964072757741104,0.0,0.0,0.0,0.0,0.0,0.0,0.0,0.0,0.0
4932.YJL063C,0.10089203322054753,0.022545933193376888,0.49553882522651754,0.0,0.00021197812647469208,0.0,0.0,0.0,0.0,0.0,0.0,0.0,0.0,0.0
4932.YER117W,0.14318671178099046,0.03616638505073432,0.5110097998738066,0.0,0.00021599057200260218,0.0,0.0,0.0,0.0,0.0,0.0,0.0,0.0,0.0
4932.YJL190C,0.178099046447247,0.04188815911756765,0.5225153276934162,0.0,0.0005876781774423573,0.0,0.0,0.0,0.0,0.0,0.0,0.0,0.0,0.0
4932.YDR064W,0.1994770839741618,0.04505933201193678,0.5302326083390718,0.0,0.0007466587893468687,0.0,0.0,0.0,0.0,0.0,0.0,0.0,0.0,0.0
4932.YBL087C,0.14856967087050138,0.037312271088025775,0.5127841394567018,0.0,0.0002493866930189316,0.0,0.0,0.0,0.0,0.0,0.0,0.0,0.0,0.0
4932.YOR063W,0.2022454629344817,0.04580116686377679,0.5310125533378545,0.0,0.0007373741531301251,0.0,0.0,0.0,0.0,0.0,0.0,0.0,0.0,0.0
4932.YDR450W,0.17579206398031377,0.04185684270380616,0.5216763499675117,0.0,0.000483548514927492,0.0,0.0,0.0,0.0,0.0,0.0,0.0,0.0,0.0
4932.YML026C,0.15241464164872348,0.03820967848340254,0.5133918476096488,0.0,0.00024500709925569047,0.0,0.0,0.0,0.0,0.0,0.0,0.0,0.0,0.0
4932.YMR158W,0.12303906490310675,0.029518233989247043,0.5047774889454925,0.0,0.0002261524190139027,0.0,0.0,0.0,0.0,0.0,0.0,0.0,0.0,0.0
4932.YLL043W,0.10612119347892957,0.013771954518529807,0.5015437338063696,0.0,0.0007253196437316351,0.0,0.0,0.0,0.0,0.0,0.0,0.0,0.0,0.0
4932.YDR418W,0.15641341125807445,0.038360766143798436,0.5157143345393116,0.0,0.0003894642682247466,0.0,0.0,0.0,0.0,0.0,0.0,0.0,0.0,0.0
4932.YNL081C,0.13195939710858198,0.03160658778952973,0.5054056634670082,0.0,0.0002792808353663852,0.0,0.0,0.0,0.0,0.0,0.0,0.0,0.0,0.0
4932.YKL170W,0.12073208243617349,0.029492443038330866,0.502202690717623,0.0,0.00022427599438806412,0.0,0.0,0.0,0.0,0.0,0.0,0.0,0.0,0.0
4932.YLR048W,0.191325745924331,0.04425177259881218,0.5288947269408534,0.0,0.0006509812971753459,0.0,0.0,0.0,0.0,0.0,0.0,0.0,0.0,0.0
4932.YPR100W,0.06367271608735774,0.012548104533991128,0.4778292973891701,0.0,0.00013194632601822885,0.0,0.0,0.0,0.0,0.0,0.0,0.0,0.0,0.0
4932.YKR059W,0.16394955398338973,0.039013761824926343,0.5177689733223366,0.0,0.000328407725593368,0.0,0.0,0.0,0.0,0.0,0.0,0.0,0.0,0.0
4932.YER046W,0.058597354660104586,0.010078752638178739,0.48294318953514115,0.0,0.0003340645624651395,0.0,0.0,0.0,0.0,0.0,0.0,0.0,0.0,0.0
4932.YEL054C,0.15349123346662566,0.038574122676521265,0.5142043693277933,0.0,0.00029973218065548795,0.0,0.0,0.0,0.0,0.0,0.0,0.0,0.0,0.0
4932.YGR214W,0.21393417410027685,0.04765659346084888,0.5361829041336187,0.0,0.0008316474318900207,0.0,0.0,0.0,0.0,0.0,0.0,0.0,0.0,0.0
4932.YNL185C,0.1235004613964934,0.03032966900489001,0.5049736256757325,0.0,0.00024463785699657204,0.0,0.0,0.0,0.0,0.0,0.0,0.0,0.0,0.0
4932.YJL197W,0.05952014764687789,0.013161769385799995,0.475730332761939,0.0,9.590383116541023e-05,0.0,0.0,0.0,0.0,0.0,0.0,0.0,0.0,0.0
4932.YER050C,0.10873577360812059,0.01974654067460006,0.5026688802657481,0.0,0.00047972498227736443,0.0,0.0,0.0,0.0,0.0,0.0,0.0,0.0,0.0
4932.YGL123W,0.20824361734850816,0.04650568858833674,0.5337605236730183,0.0,0.0008633741748062304,0.0,0.0,0.0,0.0,0.0,0.0,0.0,0.0,0.0
4932.YHR099W,0.0890495232236235,0.010994540515224811,0.49041514076945847,0.0,0.0004006281332440006,0.0,0.0,0.0,0.0,0.0,0.0,0.0,0.0,0.0
4932.YGR061C,0.08458935712088589,0.01661026607207427,0.48934412344267825,0.0,0.0001899386742566479,0.0,0.0,0.0,0.0,0.0,0.0,0.0,0.0,0.0
4932.YGL062W,0.07797600738234389,0.009587363443369724,0.4864501134298042,0.0,0.0002843985457715799,0.0,0.0,0.0,0.0,0.0,0.0,0.0,0.0,0.0
4932.YBL074C,0.024761611811750232,0.003401922003855549,0.46189938976367106,0.0,0.00010417231456972365,0.0,0.0,0.0,0.0,0.0,0.0,0.0,0.0,0.0
4932.YKL135C,0.036604121808674256,0.005508075692045589,0.46607377816635526,0.0,6.124870208559832e-05,0.0,0.0,0.0,0.0,0.0,0.0,0.0,0.0,0.0
4932.YMR140W,0.021685635189172565,0.0021196484428296076,0.4576701377092072,0.0,6.51161175290983e-05,0.0,0.0,0.0,0.0,0.0,0.0,0.0,0.0,0.0
4932.YLR204W,0.025376807136265767,0.0036314692694871726,0.4429750231914462,0.0,3.681414833577987e-05,0.0,0.0,0.0,0.0,0.0,0.0,0.0,0.0,0.0
4932.YOR266W,0.033528145186096585,0.0033006543500151944,0.4796634395213202,0.0,0.00017662265686164445,0.0,0.0,0.0,0.0,0.0,0.0,0.0,0.0,0.0
4932.YNL186W,0.11565672100892034,0.026344982355757864,0.49961560934917154,0.0,0.0003594515451108749,0.0,0.0,0.0,0.0,0.0,0.0,0.0,0.0,0.0
4932.YKR016W,0.05321439557059367,0.007554794947448514,0.47663761572620295,0.0,0.00020501209572494012,0.0,0.0,0.0,0.0,0.0,0.0,0.0,0.0,0.0
4932.YDR194C,0.17040910489080283,0.03874824195699216,0.5175215526597104,0.0,0.0005967969639442732,0.0,0.0,0.0,0.0,0.0,0.0,0.0,0.0,0.0
4932.YGL129C,0.06751768686557982,0.015307762229193948,0.4783569357475946,0.0,9.160424525693488e-05,0.0,0.0,0.0,0.0,0.0,0.0,0.0,0.0,0.0
4932.YNL036W,0.05213780375269148,0.006280664662021113,0.4777590335413076,0.0,0.00019588347063799182,0.0,0.0,0.0,0.0,0.0,0.0,0.0,0.0,0.0
4932.YDR381W,0.10642879114118733,0.021829878136477437,0.4976641353446676,0.0,0.00044500574131064926,0.0,0.0,0.0,0.0,0.0,0.0,0.0,0.0,0.0
4932.YMR302C,0.022762227007074746,0.0033665766364520504,0.45893075889507207,0.0,4.1277026512228554e-05,0.0,0.0,0.0,0.0,0.0,0.0,0.0,0.0,0.0
4932.YLR320W,0.05229160258382037,0.00805650299756236,0.47327025602296613,0.0,0.0001819489229456692,0.0,0.0,0.0,0.0,0.0,0.0,0.0,0.0,0.0
4932.YPL137C,0.04460166102737619,0.006908072309857236,0.47392608965030447,0.0,7.240025526086123e-05,0.0,0.0,0.0,0.0,0.0,0.0,0.0,0.0,0.0
4932.YBR048W,0.17333128268225162,0.041190322301361944,0.5206731262175741,0.0,0.00042448845159206555,0.0,0.0,0.0,0.0,0.0,0.0,0.0,0.0,0.0
4932.YPR191W,0.08920332205475238,0.014551928401208019,0.49290757909393346,0.0,0.00032789153384865275,0.0,0.0,0.0,0.0,0.0,0.0,0.0,0.0,0.0
4932.YBL045C,0.09027991387265458,0.014826614114871507,0.495501038218341,0.0,0.00035030560608131044,0.0,0.0,0.0,0.0,0.0,0.0,0.0,0.0,0.0
4932.YMR229C,0.18363580436788682,0.04201568087336913,0.5233570083114791,0.0,0.0006562189717575432,0.0,0.0,0.0,0.0,0.0,0.0,0.0,0.0,0.0
4932.YBL013W,0.04398646570286066,0.008916648826073658,0.47063088398604513,0.0,6.950950403489905e-05,0.0,0.0,0.0,0.0,0.0,0.0,0.0,0.0,0.0
4932.YAL015C,0.028914180252230085,0.0041688474964034,0.46338163126259174,0.0,8.319465467117792e-05,0.0,0.0,0.0,0.0,0.0,0.0,0.0,0.0,0.0
4932.YBR114W,0.06505690556751768,0.00817525743156652,0.4810483132362544,0.0,0.00033486973189550054,0.0,0.0,0.0,0.0,0.0,0.0,0.0,0.0,0.0
4932.YML059C,0.07474623192863734,0.009905055859272075,0.4885714748267161,0.0,0.00027132296128397994,0.0,0.0,0.0,0.0,0.0,0.0,0.0,0.0,0.0
4932.YBL034C,0.07674561673331283,0.009830074900939236,0.48747191411817886,0.0,0.00026763567938299534,0.0,0.0,0.0,0.0,0.0,0.0,0.0,0.0,0.0
4932.YDL130W-A,0.06905567517686866,0.008605425784441496,0.4833383379347906,0.0,0.00022498348687415904,0.0,0.0,0.0,0.0,0.0,0.0,0.0,0.0,0.0
4932.YPL160W,0.14334051061211936,0.033421321688352205,0.5090881083669166,0.0,0.0003831460320373386,0.0,0.0,0.0,0.0,0.0,0.0,0.0,0.0,0.0
4932.YIL155C,0.08489695478314366,0.009022320833810599,0.4886449552711178,0.0,0.00027930186534460633,0.0,0.0,0.0,0.0,0.0,0.0,0.0,0.0,0.0
4932.YDR350C,0.008458935712088589,0.0007723394270783362,0.4229643048359907,0.0,8.777571334851563e-06,0.0,0.0,0.0,0.0,0.0,0.0,0.0,0.0,0.0
4932.YMR257C,0.010612119347892957,0.0009939070549061552,0.42607046194972953,0.0,1.162718949896336e-05,0.0,0.0,0.0,0.0,0.0,0.0,0.0,0.0,0.0
4932.YDR079W,0.023685019993848047,0.0023667795348954242,0.4425225153361022,0.0,8.29010546387465e-05,0.0,0.0,0.0,0.0,0.0,0.0,0.0,0.0,0.0
4932.YMR145C,0.04598585050753615,0.0072124127520015475,0.4743066142478339,0.0,9.415997662982144e-05,0.0,0.0,0.0,0.0,0.0,0.0,0.0,0.0,0.0
4932.YFR032C-A,0.09597047062442327,0.02286518860921998,0.4995387926810674,0.0,0.0015259456368515228,0.0,0.0,0.0,0.0,0.0,0.0,0.0,0.0,0.0
4932.YLR333C,0.09412488465087666,0.02612133663268904,0.4916024069598521,0.0,9.202126226435725e-05,0.0,0.0,0.0,0.0,0.0,0.0,0.0,0.0,0.0
4932.YNL339C,0.008458935712088589,0.00037491536409579645,0.4134903350426551,0.0,6.503174454122638e-05,0.0,0.0,0.0,0.0,0.0,0.0,0.0,0.0,0.0
4932.YEL034W,0.14318671178099046,0.03442493340135139,0.5106885110967718,0.0,0.0004690819326217795,0.0,0.0,0.0,0.0,0.0,0.0,0.0,0.0,0.0
4932.YJL129C,0.04552445401414949,0.005666980877264763,0.4850702161238672,0.0,0.00023521374193628767,0.0,0.0,0.0,0.0,0.0,0.0,0.0,0.0,0.0
4932.YBL092W,0.10535219932328514,0.029615882030505344,0.49728327965067154,0.0,8.813581124285258e-05,0.0,0.0,0.0,0.0,0.0,0.0,0.0,0.0,0.0
4932.YMR108W,0.08581974776991695,0.014631271486142957,0.4907484793592119,0.0,0.0002968523667517488,0.0,0.0,0.0,0.0,0.0,0.0,0.0,0.0,0.0
4932.YOL040C,0.16256536450322978,0.03988277148860101,0.516287987859155,0.0,0.0003983490979462464,0.0,0.0,0.0,0.0,0.0,0.0,0.0,0.0,0.0
4932.YLR167W,0.18348200553675792,0.03961260412131754,0.5286795716536754,0.0,0.0009668783694610296,0.0,0.0,0.0,0.0,0.0,0.0,0.0,0.0,0.0
4932.YIL177C,0.03521993232851431,0.005206410973218569,0.4802306270929957,0.0,0.0006062530113266543,0.0,0.0,0.0,0.0,0.0,0.0,0.0,0.0,0.0
4932.YAR015W,0.06167333128268226,0.013423508023546152,0.48040814839533674,0.0,8.056676018343636e-05,0.0,0.0,0.0,0.0,0.0,0.0,0.0,0.0,0.0
4932.YAL005C,0.2728391264226392,0.04677173573707069,0.5564309483811719,0.0,0.003863272919872038,0.0,0.0,0.0,0.0,0.0,0.0,0.0,0.0,0.0
4932.YGR222W,0.015533681944017226,0.0015917136178513465,0.4313595734994241,0.0,3.418683575687169e-05,0.0,0.0,0.0,0.0,0.0,0.0,0.0,0.0,0.0
4932.YMR234W,0.06936327283912642,0.009693624505997532,0.4935065402290062,0.0,0.0004323780204187432,0.0,0.0,0.0,0.0,0.0,0.0,0.0,0.0,0.0
4932.YAL064W-B,0.0035373731159643188,0.00012535759826773352,0.38006671434727285,0.0,6.9398162491362664e-06,0.0,0.0,0.0,0.0,0.0,0.0,0.0,0.0,0.0
4932.YMR081C,0.01384189480159951,0.000938606749349905,0.4302172017475718,0.0,3.1189289092920185e-05,0.0,0.0,0.0,0.0,0.0,0.0,0.0,0.0,0.0
4932.YMR066W,0.009996924023377422,0.0010235554288342008,0.43686974688687136,0.0,3.7297082035490114e-05,0.0,0.0,0.0,0.0,0.0,0.0,0.0,0.0,0.0
4932.YIL134C-A,0.02153183635804368,4.8353918725383804e-05,0.3591643055049372,0.0,4.040481052078944e-05,0.0,0.0,0.0,0.0,0.0,0.0,0.0,0.0,0.0
4932.YJL020W-A,0.01168871116579514,1.3891473250891623e-05,0.32426770872774713,0.0,0.0,0.0,0.0,0.0,0.0,0.0,0.0,0.0,0.0,0.0
4932.YLR393W,0.01076591817902184,0.000918128454600225,0.44327720957741484,0.0,7.673889034426706e-05,0.0,0.0,0.0,0.0,0.0,0.0,0.0,0.0,0.0
4932.YLR342W-A,0.021839434020301446,0.0003718610555538425,0.38782456670816623,0.0,6.796264009415511e-05,0.0,0.0,0.0,0.0,0.0,0.0,0.0,0.0,0.0
4932.YHR125W,0.012303906490310674,1.5197228468266628e-05,0.3339844066198255,0.0,2.0501785742169965e-08,0.0,0.0,0.0,0.0,0.0,0.0,0.0,0.0,0.0
4932.YNL028W,0.016917871424177177,2.207245109318206e-05,0.34654155059438563,0.0,6.943526738206824e-05,0.0,0.0,0.0,0.0,0.0,0.0,0.0,0.0,0.0
4932.YIR021W-A,0.023992617656105816,8.179248378919378e-05,0.37057317451926575,0.0,0.00015328320581079982,0.0,0.0,0.0,0.0,0.0,0.0,0.0,0.0,0.0
4932.YAL016C-B,0.015995078437403876,3.107846393312145e-05,0.3492985333115801,0.0,8.933261362157456e-05,0.0,0.0,0.0,0.0,0.0,0.0,0.0,0.0,0.0
4932.YML081C-A,0.03214395570593664,0.0024806381874155677,0.4539611998878947,0.0,0.0005190629986775724,0.0,0.0,0.0,0.0,0.0,0.0,0.0,0.0,0.0
4932.YDR525W,0.023069824669332516,0.00011123593837007144,0.3810920541431778,0.0,0.00037429581442775627,0.0,0.0,0.0,0.0,0.0,0.0,0.0,0.0,0.0
4932.YGR102C,0.007382343894186405,0.0007894396484818514,0.4165652038717434,0.0,2.934449038962262e-05,0.0,0.0,0.0,0.0,0.0,0.0,0.0,0.0,0.0
4932.YMR135C,0.01568748077514611,0.0012165522515919724,0.4510307916426268,0.0,4.429926694353218e-05,0.0,0.0,0.0,0.0,0.0,0.0,0.0,0.0,0.0
4932.YPL102C,0.024146416487234697,0.00030354460806715684,0.40627739247188477,0.0,0.0008439341855800134,0.0,0.0,0.0,0.0,0.0,0.0,0.0,0.0,0.0
4932.YHR213W-A,0.002460781298062135,2.046204029690393e-05,0.3468560166112589,0.0,9.737954602860044e-07,0.0,0.0,0.0,0.0,0.0,0.0,0.0,0.0,0.0
4932.YAR069C,0.013688095970470625,4.9527690774387684e-05,0.35073139824015354,0.0,2.7903936201367274e-05,0.0,0.0,0.0,0.0,0.0,0.0,0.0,0.0,0.0
4932.YLR302C,0.015072285450630576,5.884041653218373e-05,0.3587280896099881,0.0,9.024104490177702e-05,0.0,0.0,0.0,0.0,0.0,0.0,0.0,0.0,0.0
4932.YFR057W,0.025223008305136883,0.00031580217339011586,0.4169394042473741,0.0,0.0005303258946861593,0.0,0.0,0.0,0.0,0.0,0.0,0.0,0.0,0.0
4932.YDR377W,0.06721008920332205,0.011149874018756887,0.49290757909393346,0.0,0.000250569630260826,0.0,0.0,0.0,0.0,0.0,0.0,0.0,0.0,0.0
4932.YLL065W,0.013072900645955092,8.000626904666219e-05,0.3722929193992967,0.0,0.0001555490406374293,0.0,0.0,0.0,0.0,0.0,0.0,0.0,0.0,0.0
4932.YHR214C-D,0.01384189480159951,2.874141815271411e-05,0.3490733610096871,0.0,3.3821557031345326e-05,0.0,0.0,0.0,0.0,0.0,0.0,0.0,0.0,0.0
4932.YAL068W-A,0.012457705321439558,1.4539281850595943e-05,0.3255185159400523,0.0,2.2887717503503364e-07,0.0,0.0,0.0,0.0,0.0,0.0,0.0,0.0,0.0
4932.YER138W-A,0.025069209474007998,0.0004865366337649571,0.4047085584949754,0.0,0.00030030795805505346,0.0,0.0,0.0,0.0,0.0,0.0,0.0,0.0,0.0
4932.YOR108C-A,0.015379883112888343,2.6483373970632175e-05,0.33190318802713886,0.0,2.0017017726810814e-07,0.0,0.0,0.0,0.0,0.0,0.0,0.0,0.0,0.0
4932.YBL108W,0.019993848046754845,0.00010719077586843037,0.3714629060307165,0.0,0.0002430204471852841,0.0,0.0,0.0,0.0,0.0,0.0,0.0,0.0,0.0
4932.YKL223W,0.015533681944017226,4.684279268610784e-05,0.3603194308082136,0.0,8.317610278465219e-05,0.0,0.0,0.0,0.0,0.0,0.0,0.0,0.0,0.0
4932.YOL077W-A,0.021224238695785914,0.002869246169935166,0.4530749278479518,0.0,3.988982991958054e-05,0.0,0.0,0.0,0.0,0.0,0.0,0.0,0.0,0.0
4932.YMR230W-A,0.013995693632728392,4.962136396870866e-05,0.34780284832175373,0.0,2.0719090854561578e-05,0.0,0.0,0.0,0.0,0.0,0.0,0.0,0.0,0.0
4932.YBR182C-A,0.024300215318363582,4.3677404465426736e-05,0.3492985333115801,0.0,2.1337657156210954e-05,0.0,0.0,0.0,0.0,0.0,0.0,0.0,0.0,0.0
4932.YJL028W,0.014149492463857275,2.547326627849793e-05,0.3463937638037915,0.0,4.275354518538649e-05,0.0,0.0,0.0,0.0,0.0,0.0,0.0,0.0,0.0
4932.YDL007C-A,0.024146416487234697,0.0002857090424783291,0.4028768438957979,0.0,0.0004657321386231067,0.0,0.0,0.0,0.0,0.0,0.0,0.0,0.0,0.0
4932.YPR160C-A,0.013688095970470625,1.5895909641915292e-05,0.32742117379801094,0.0,0.0,0.0,0.0,0.0,0.0,0.0,0.0,0.0,0.0,0.0
4932.YDR374C,0.03306674869270994,0.003472174261250238,0.4774781846715648,0.0,0.0005448368954646103,0.0,0.0,0.0,0.0,0.0,0.0,0.0,0.0,0.0
4932.YMR175W-A,0.016302676099661642,2.0031807453056686e-05,0.3344141122533747,0.0,6.20727188032608e-08,0.0,0.0,0.0,0.0,0.0,0.0,0.0,0.0,0.0
4932.YMR013W-A,0.025069209474007998,0.00025465325433782877,0.3739856469177165,0.0,4.859947316028741e-05,0.0,0.0,0.0,0.0,0.0,0.0,0.0,0.0,0.0
4932.YHR213W,0.005229160258382036,0.00015420604381702487,0.38826485511444336,0.0,4.144014226585946e-05,0.0,0.0,0.0,0.0,0.0,0.0,0.0,0.0,0.0
4932.YKL097C,0.011381113503537373,1.3675291046281592e-05,0.33234454864951535,0.0,3.1763859644511046e-05,0.0,0.0,0.0,0.0,0.0,0.0,0.0,0.0,0.0
4932.YKR075W-A,0.011073515841279608,1.3596420840332395e-05,0.32546960256425367,0.0,0.0,0.0,0.0,0.0,0.0,0.0,0.0,0.0,0.0,0.0
4932.YOR316C-A,0.015995078437403876,2.1790800459235675e-05,0.33328207494462353,0.0,0.0,0.0,0.0,0.0,0.0,0.0,0.0,0.0,0.0,0.0
4932.YGR165W,0.056136573362042454,0.009768959108238414,0.4817616114468657,0.0,0.00012718717972198945,0.0,0.0,0.0,0.0,0.0,0.0,0.0,0.0,0.0
4932.YDL227C,0.05121501076591818,0.009372351046112786,0.48262036654748397,0.0,0.00019004720405368296,0.0,0.0,0.0,0.0,0.0,0.0,0.0,0.0,0.0
4932.YCR046C,0.10704398646570287,0.023400845511366362,0.503291814359486,0.0,0.0005480053204193571,0.0,0.0,0.0,0.0,0.0,0.0,0.0,0.0,0.0
4932.YJL177W,0.15749000307597663,0.03877816616311255,0.5164931734516592,0.0,0.00032109660605254625,0.0,0.0,0.0,0.0,0.0,0.0,0.0,0.0,0.0
4932.YGL076C,0.15933558904952322,0.04000605538917944,0.5145300985980936,0.0,0.0003333828311815546,0.0,0.0,0.0,0.0,0.0,0.0,0.0,0.0,0.0
4932.YBR189W,0.1782528452783759,0.04337088720401905,0.5220535562943138,0.0,0.0004025155382606188,0.0,0.0,0.0,0.0,0.0,0.0,0.0,0.0,0.0
4932.YCL057C-A,0.03368194401722547,0.0036503399915157448,0.4615057255110316,0.0,7.88271581434494e-05,0.0,0.0,0.0,0.0,0.0,0.0,0.0,0.0,0.0
4932.YPR024W,0.0975084589357121,0.019323172868243862,0.49599271927298105,0.0,0.00029787639643464805,0.0,0.0,0.0,0.0,0.0,0.0,0.0,0.0,0.0
4932.YLR289W,0.0715164564749308,0.01592665014028333,0.48536006985325103,0.0,0.00013220623978271124,0.0,0.0,0.0,0.0,0.0,0.0,0.0,0.0,0.0
4932.YDR320C,0.1605659796985543,0.023006640523303187,0.5166163631098207,0.0,0.001212488352166551,0.0,0.0,0.0,0.0,0.0,0.0,0.0,0.0,0.0
4932.YIL056W,0.06690249154106429,0.01236528966464696,0.48294318953514115,0.0,0.00026856511594070546,0.0,0.0,0.0,0.0,0.0,0.0,0.0,0.0,0.0
4932.YFR011C,0.018148262073208243,0.0018846827805743135,0.44228155562178906,0.0,2.4263110177793397e-05,0.0,0.0,0.0,0.0,0.0,0.0,0.0,0.0,0.0
4932.YOR393W,0.13411258074438634,0.027312355985366268,0.515387104631609,0.0,0.0006424904516242588,0.0,0.0,0.0,0.0,0.0,0.0,0.0,0.0,0.0
4932.YDR183W,0.07474623192863734,0.015625170134928538,0.4876914301407479,0.0,0.00014157244937490433,0.0,0.0,0.0,0.0,0.0,0.0,0.0,0.0,0.0
4932.YMR228W,0.127960627499231,0.028099381326043314,0.5049343861368657,0.0,0.0006510698219240812,0.0,0.0,0.0,0.0,0.0,0.0,0.0,0.0,0.0
4932.YOL075C,0.01661027376191941,0.0023352495795523074,0.45825110121264634,0.0,1.1768815846927843e-05,0.0,0.0,0.0,0.0,0.0,0.0,0.0,0.0,0.0
4932.YER098W,0.025069209474007998,0.002707167897156953,0.4658732875821139,0.0,0.00011887312037127706,0.0,0.0,0.0,0.0,0.0,0.0,0.0,0.0,0.0
4932.YIL142W,0.17025530605967396,0.039396128356589885,0.5185126568141817,0.0,0.0005167197271811238,0.0,0.0,0.0,0.0,0.0,0.0,0.0,0.0,0.0
4932.YBR227C,0.0602891418025223,0.012290704421792016,0.4780050474617717,0.0,9.187080031624486e-05,0.0,0.0,0.0,0.0,0.0,0.0,0.0,0.0,0.0
4932.YPL104W,0.08320516764072594,0.017171870073504934,0.48798442589331065,0.0,0.00024663427765621787,0.0,0.0,0.0,0.0,0.0,0.0,0.0,0.0,0.0
4932.YPL183W-A,0.09489387880652107,0.018833003549262088,0.500577814898338,0.0,0.000577292798744807,0.0,0.0,0.0,0.0,0.0,0.0,0.0,0.0,0.0
4932.YIL047C,0.009227929867733006,0.0013225038672562948,0.4391431111168024,0.0,3.6966278451988685e-06,0.0,0.0,0.0,0.0,0.0,0.0,0.0,0.0,0.0
4932.YKL127W,0.04936942479237158,0.007354444831856396,0.47165570263448675,0.0,6.736349728978738e-05,0.0,0.0,0.0,0.0,0.0,0.0,0.0,0.0,0.0
4932.YKR029C,0.04475545985850508,0.006634897214900599,0.47158724255717577,0.0,9.72194390891258e-05,0.0,0.0,0.0,0.0,0.0,0.0,0.0,0.0,0.0
4932.YGR094W,0.11965549061827131,0.029442954167048927,0.49984620116887113,0.0,0.0001895390000638326,0.0,0.0,0.0,0.0,0.0,0.0,0.0,0.0,0.0
4932.YBL001C,0.012919101814826209,0.001401134322704542,0.43787066140130215,0.0,2.3628612883504975e-05,0.0,0.0,0.0,0.0,0.0,0.0,0.0,0.0,0.0
4932.YOR335C,0.11750230698246694,0.02676150937703369,0.5001539882385564,0.0,0.0002997088622197722,0.0,0.0,0.0,0.0,0.0,0.0,0.0,0.0,0.0
4932.YOR150W,0.16164257151645647,0.035359476470163256,0.5163290119344716,0.0,0.0005399212801201476,0.0,0.0,0.0,0.0,0.0,0.0,0.0,0.0,0.0
4932.YJR064W,0.17271608735773608,0.03951342123233693,0.5188853002631417,0.0,0.0004950592653084595,0.0,0.0,0.0,0.0,0.0,0.0,0.0,0.0,0.0
4932.YBR127C,0.09796985542909875,0.017526830313090633,0.49234737196509504,0.0,0.000371845998330698,0.0,0.0,0.0,0.0,0.0,0.0,0.0,0.0,0.0
4932.YGL091C,0.041064287911411874,0.005404342334144853,0.46998413244577786,0.0,9.74152709085572e-05,0.0,0.0,0.0,0.0,0.0,0.0,0.0,0.0,0.0
4932.YGL078C,0.19086434943094432,0.04235414517759393,0.5254731210735343,0.0,0.000704205677090126,0.0,0.0,0.0,0.0,0.0,0.0,0.0,0.0,0.0
4932.YDR375C,0.09320209166410336,0.018351822680555324,0.49459587571893165,0.0,0.0004008897235107446,0.0,0.0,0.0,0.0,0.0,0.0,0.0,0.0,0.0
4932.YIR004W,0.01876345739772378,0.002678816587329445,0.45747681041927096,0.0,3.5605175037171906e-05,0.0,0.0,0.0,0.0,0.0,0.0,0.0,0.0,0.0
4932.YCR083W,0.1131959397108582,0.0216282494525198,0.500462154589905,0.0,0.0003841072128042888,0.0,0.0,0.0,0.0,0.0,0.0,0.0,0.0,0.0
4932.YKR080W,0.05059981544140265,0.009503585299508673,0.4728569797114921,0.0,6.06779125428873e-05,0.0,0.0,0.0,0.0,0.0,0.0,0.0,0.0,0.0
4932.YHR051W,0.08182097816056598,0.015127165840906336,0.48641369976759674,0.0,0.0002809519657485309,0.0,0.0,0.0,0.0,0.0,0.0,0.0,0.0,0.0
4932.YJR139C,0.07243924946170409,0.014412423675284676,0.4787798861770796,0.0,8.347988409209376e-05,0.0,0.0,0.0,0.0,0.0,0.0,0.0,0.0,0.0
4932.YLR276C,0.1874807751461089,0.041888289394403415,0.5237366498908136,0.0,0.000580862449031056,0.0,0.0,0.0,0.0,0.0,0.0,0.0,0.0,0.0
4932.YLR378C,0.14072593048292834,0.028028669350586455,0.5075769891575789,0.0,0.0007029241795011778,0.0,0.0,0.0,0.0,0.0,0.0,0.0,0.0,0.0
4932.YDL083C,0.19147954475545986,0.04451963381692382,0.5269646107530066,0.0,0.0006416053217063088,0.0,0.0,0.0,0.0,0.0,0.0,0.0,0.0,0.0
4932.YMR085W,0.023223623500461397,0.00287942814815634,0.4568656834138596,0.0,2.1813025549705593e-05,0.0,0.0,0.0,0.0,0.0,0.0,0.0,0.0,0.0
4932.YPR088C,0.11904029529375577,0.02595473009591688,0.5069434088933784,0.0,0.0004094819486414577,0.0,0.0,0.0,0.0,0.0,0.0,0.0,0.0,0.0
4932.YIL136W,0.06920947400799754,0.006435874392702345,0.48040814839533674,0.0,0.0002961807084170092,0.0,0.0,0.0,0.0,0.0,0.0,0.0,0.0,0.0
4932.YAL035W,0.17948323592740695,0.0412832139008782,0.5232727182473285,0.0,0.0006646870002212791,0.0,0.0,0.0,0.0,0.0,0.0,0.0,0.0,0.0
4932.YDR237W,0.12319286373423563,0.03061704074923094,0.5030580332271677,0.0,0.00017087537462283158,0.0,0.0,0.0,0.0,0.0,0.0,0.0,0.0,0.0
4932.YJR047C,0.1244232543832667,0.030962430517365414,0.5099670864224866,0.0,0.0005769526690685121,0.0,0.0,0.0,0.0,0.0,0.0,0.0,0.0,0.0
4932.YBR011C,0.11627191633343588,0.02617298314960848,0.49969244964590315,0.0,0.00023384637970529795,0.0,0.0,0.0,0.0,0.0,0.0,0.0,0.0,0.0
4932.YNR037C,0.053675792063980314,0.01028671394959909,0.47832172360657527,0.0,7.486840396679132e-05,0.0,0.0,0.0,0.0,0.0,0.0,0.0,0.0,0.0
4932.YLR447C,0.06198092894494002,0.009264441390768718,0.486522957112558,0.0,0.0004632611955477528,0.0,0.0,0.0,0.0,0.0,0.0,0.0,0.0,0.0
4932.YHR201C,0.016917871424177177,0.0033561101156089823,0.45181481123594247,0.0,7.911494673178195e-06,0.0,0.0,0.0,0.0,0.0,0.0,0.0,0.0,0.0
4932.YGR034W,0.13549677022454631,0.03485116450518933,0.5068643225581376,0.0,0.0001853467439162913,0.0,0.0,0.0,0.0,0.0,0.0,0.0,0.0,0.0
4932.YDL185W,0.06844047985235313,0.01306084254304126,0.4843109946482317,0.0,0.00023072504300072433,0.0,0.0,0.0,0.0,0.0,0.0,0.0,0.0,0.0
4932.YLR344W,0.16102737619194096,0.039716671034897,0.5159600297915932,0.0,0.0003253187955507784,0.0,0.0,0.0,0.0,0.0,0.0,0.0,0.0,0.0
4932.YNL069C,0.1725622885266072,0.040327402146433065,0.5216344717986132,0.0,0.0004460637634161484,0.0,0.0,0.0,0.0,0.0,0.0,0.0,0.0,0.0
4932.YJL014W,0.1511842509996924,0.03377569675739744,0.5119760963753013,0.0,0.0007328645500463381,0.0,0.0,0.0,0.0,0.0,0.0,0.0,0.0,0.0
4932.YHR148W,0.17348508151338052,0.042065635534059675,0.5186368118122217,0.0,0.0006736680871710053,0.0,0.0,0.0,0.0,0.0,0.0,0.0,0.0,0.0
4932.YMR143W,0.17640725930482928,0.04183099968954775,0.521969685532599,0.0,0.00041454146236908994,0.0,0.0,0.0,0.0,0.0,0.0,0.0,0.0,0.0
4932.YDL136W,0.11827130113811135,0.031528705930304234,0.5001924882761393,0.0,0.00012162515012494034,0.0,0.0,0.0,0.0,0.0,0.0,0.0,0.0,0.0
4932.YJR103W,0.1418025223008305,0.032662517405944134,0.5086895737588323,0.0,0.0004853117440682665,0.0,0.0,0.0,0.0,0.0,0.0,0.0,0.0,0.0
4932.YGR209C,0.12642263918794217,0.02400462198596516,0.5071808160470906,0.0,0.0005936624417958935,0.0,0.0,0.0,0.0,0.0,0.0,0.0,0.0,0.0
4932.YDL140C,0.12426945555213781,0.019809638443916918,0.5040726565196901,0.0,0.0006929391884348533,0.0,0.0,0.0,0.0,0.0,0.0,0.0,0.0,0.0
4932.YHR169W,0.17640725930482928,0.04023282201286201,0.5195906457056872,0.0,0.00047828638564723053,0.0,0.0,0.0,0.0,0.0,0.0,0.0,0.0,0.0
4932.YER168C,0.06721008920332205,0.014427699359727816,0.476777504967006,0.0,0.00013512997119966732,0.0,0.0,0.0,0.0,0.0,0.0,0.0,0.0,0.0
4932.YMR035W,0.031221162719163337,0.0051224152109112355,0.46758297583617503,0.0,4.462805228584111e-05,0.0,0.0,0.0,0.0,0.0,0.0,0.0,0.0,0.0
4932.YDR061W,0.06059673946478007,0.016074831569223697,0.4786035659715198,0.0,0.00012323618197075114,0.0,0.0,0.0,0.0,0.0,0.0,0.0,0.0,0.0
4932.YCR011C,0.05213780375269148,0.00560419175739,0.4764628695699754,0.0,0.0001887471376569445,0.0,0.0,0.0,0.0,0.0,0.0,0.0,0.0,0.0
4932.YDR138W,0.11196554906182714,0.022900648546915172,0.49900173669139336,0.0,0.0004732057088661515,0.0,0.0,0.0,0.0,0.0,0.0,0.0,0.0,0.0
4932.YDR051C,0.04906182713011381,0.011771855369915107,0.4752779853127066,0.0,0.0001245793672629988,0.0,0.0,0.0,0.0,0.0,0.0,0.0,0.0,0.0
4932.YER064C,0.05721316517994464,0.012846717793837593,0.4778995819074299,0.0,8.259207971297946e-05,0.0,0.0,0.0,0.0,0.0,0.0,0.0,0.0,0.0
4932.YMR267W,0.10550599815441403,0.023292344563006127,0.49587916782626107,0.0,0.00022554041197684,0.0,0.0,0.0,0.0,0.0,0.0,0.0,0.0,0.0
4932.YNR070W,0.015841279606274992,0.0018515224304624853,0.4573158290657558,0.0,0.0003882955610863772,0.0,0.0,0.0,0.0,0.0,0.0,0.0,0.0,0.0
4932.YDR021W,0.20116887111657952,0.043160909642950517,0.528636561600661,0.0,0.0010573397205628397,0.0,0.0,0.0,0.0,0.0,0.0,0.0,0.0,0.0
4932.YOR286W,0.050446016610273765,0.008575358152730915,0.4725131337402068,0.0,0.00017175203657679466,0.0,0.0,0.0,0.0,0.0,0.0,0.0,0.0,0.0
4932.YJL111W,0.1791756382651492,0.03973480997572802,0.5214251817682013,0.0,0.0007075977093119216,0.0,0.0,0.0,0.0,0.0,0.0,0.0,0.0,0.0
4932.YOR285W,0.07120885881267303,0.01004781190370568,0.48369812529368206,0.0,0.00022003162465134888,0.0,0.0,0.0,0.0,0.0,0.0,0.0,0.0,0.0
4932.YOL043C,0.021378037526914796,0.002733086180890856,0.45561636623161716,0.0,4.467336694503903e-05,0.0,0.0,0.0,0.0,0.0,0.0,0.0,0.0,0.0
4932.YER078C,0.049523223623500465,0.007349412047746529,0.47441049975873,0.0,0.00011599203398718112,0.0,0.0,0.0,0.0,0.0,0.0,0.0,0.0,0.0
4932.YGL064C,0.15549061827130115,0.0347529284999591,0.5142043693277933,0.0,0.0004256609175036403,0.0,0.0,0.0,0.0,0.0,0.0,0.0,0.0,0.0
4932.YKL184W,0.08151338049830821,0.014015435475204676,0.4868510238402131,0.0,0.0001947278197160846,0.0,0.0,0.0,0.0,0.0,0.0,0.0,0.0,0.0
4932.YOR020C,0.1467240848969548,0.028914279288397203,0.5135947372111385,0.0,0.0008437820431866774,0.0,0.0,0.0,0.0,0.0,0.0,0.0,0.0,0.0
4932.YBR044C,0.10612119347892957,0.02351572331611262,0.499231762077084,0.0,0.00020079894428143099,0.0,0.0,0.0,0.0,0.0,0.0,0.0,0.0,0.0
4932.YBL055C,0.019071055059981544,0.0034137579448304863,0.45165778933727146,0.0,2.0385712276380833e-05,0.0,0.0,0.0,0.0,0.0,0.0,0.0,0.0,0.0
4932.YML009C,0.07859120270685943,0.016009721600649014,0.49316944559770226,0.0,0.0002819240418977164,0.0,0.0,0.0,0.0,0.0,0.0,0.0,0.0,0.0
4932.YBR007C,0.02768378960319902,0.0053369894065086985,0.4618665587600629,0.0,4.1653131785364335e-05,0.0,0.0,0.0,0.0,0.0,0.0,0.0,0.0,0.0
4932.YMR150C,0.029990772070132267,0.0049697663817776195,0.46374540502393125,0.0,3.74093805064579e-05,0.0,0.0,0.0,0.0,0.0,0.0,0.0,0.0,0.0
4932.YGR020C,0.05690556751768687,0.010821375120344073,0.4781105595758461,0.0,0.00011246161228643444,0.0,0.0,0.0,0.0,0.0,0.0,0.0,0.0,0.0
4932.YCR060W,0.08043678868040603,0.014432950996448542,0.4921236455010091,0.0,0.00021462438829476368,0.0,0.0,0.0,0.0,0.0,0.0,0.0,0.0,0.0
4932.YNL112W,0.20839741617963706,0.04484715387981992,0.5324048025559462,0.0,0.0009423962468890967,0.0,0.0,0.0,0.0,0.0,0.0,0.0,0.0,0.0
4932.YHR189W,0.030452168563518917,0.006409366217412471,0.46950871497076047,0.0,9.060893543535348e-05,0.0,0.0,0.0,0.0,0.0,0.0,0.0,0.0,0.0
4932.YGL103W,0.16379575515226086,0.03772583482479673,0.519840049215626,0.0,0.0006456065294494729,0.0,0.0,0.0,0.0,0.0,0.0,0.0,0.0,0.0
4932.YOR328W,0.044140264533989546,0.0041701265855139235,0.47320132647795843,0.0,0.00022345562352971216,0.0,0.0,0.0,0.0,0.0,0.0,0.0,0.0,0.0
4932.YJL105W,0.0278375884343279,0.005044711912495826,0.4703243062532806,0.0,0.00015484634141932588,0.0,0.0,0.0,0.0,0.0,0.0,0.0,0.0,0.0
4932.YBL076C,0.1244232543832667,0.02975745760460486,0.5027855629213343,0.0,0.00021634739943650097,0.0,0.0,0.0,0.0,0.0,0.0,0.0,0.0,0.0
4932.YER099C,0.09858505075361428,0.02463801933147148,0.49467117959769524,0.0,0.00013449802374365658,0.0,0.0,0.0,0.0,0.0,0.0,0.0,0.0,0.0
4932.YLL008W,0.18055982774530915,0.04094788122308881,0.5220116175446116,0.0,0.0005672162080299754,0.0,0.0,0.0,0.0,0.0,0.0,0.0,0.0,0.0
4932.YDR011W,0.04660104583205168,0.005459817794416263,0.473960657563481,0.0,0.00013527462837502173,0.0,0.0,0.0,0.0,0.0,0.0,0.0,0.0,0.0
4932.YIR020W-A,0.005536757920639804,4.465429869173404e-05,0.354965618660293,0.0,3.732333555453024e-05,0.0,0.0,0.0,0.0,0.0,0.0,0.0,0.0,0.0
4932.YPL131W,0.15656721008920332,0.03972359397759885,0.515387104631609,0.0,0.0002544037011654255,0.0,0.0,0.0,0.0,0.0,0.0,0.0,0.0,0.0
4932.YGR254W,0.1521070439864657,0.03164160294274291,0.5140416592987362,0.0,0.0005054782619234207,0.0,0.0,0.0,0.0,0.0,0.0,0.0,0.0,0.0
4932.YDR161W,0.1699477083974162,0.03962426746973554,0.5176864734859244,0.0,0.0005619694275164813,0.0,0.0,0.0,0.0,0.0,0.0,0.0,0.0,0.0
4932.YNL191W,0.028452783758843435,0.004025499079928058,0.45932004065846643,0.0,4.99812451935205e-05,0.0,0.0,0.0,0.0,0.0,0.0,0.0,0.0,0.0
4932.YBR088C,0.14257151645647495,0.027008746881803176,0.5108892692189106,0.0,0.0009093253674550709,0.0,0.0,0.0,0.0,0.0,0.0,0.0,0.0,0.0
4932.YLR141W,0.004306367271608736,0.0006991426335548887,0.4056433369870357,0.0,1.812258788158766e-06,0.0,0.0,0.0,0.0,0.0,0.0,0.0,0.0,0.0
4932.YMR084W,0.0296831744078745,0.003555411027125949,0.4661740881838959,0.0,0.0001306332105355743,0.0,0.0,0.0,0.0,0.0,0.0,0.0,0.0,0.0
4932.YBR262C,0.022300830513688096,0.002155042344291118,0.44531254215976734,0.0,3.076439582363671e-05,0.0,0.0,0.0,0.0,0.0,0.0,0.0,0.0,0.0
4932.YFR009W,0.10181482620732082,0.02613682155741088,0.49272070178915106,0.0,0.00018921511769193786,0.0,0.0,0.0,0.0,0.0,0.0,0.0,0.0,0.0
4932.YOR011W,0.035373731159643186,0.003197622253887211,0.47416817098623215,0.0,0.00015669279171966156,0.0,0.0,0.0,0.0,0.0,0.0,0.0,0.0,0.0
4932.YGR240C,0.11811750230698248,0.022567771590187302,0.5021638806178768,0.0,0.0003414307283739332,0.0,0.0,0.0,0.0,0.0,0.0,0.0,0.0,0.0
4932.YMR188C,0.14795447554598587,0.034264169202967765,0.5160829652287606,0.0,0.0005575717158519843,0.0,0.0,0.0,0.0,0.0,0.0,0.0,0.0,0.0
4932.YJR154W,0.02337742233159028,0.0025729913533804683,0.4626228545632439,0.0,0.00012406146158138018,0.0,0.0,0.0,0.0,0.0,0.0,0.0,0.0,0.0
4932.YBR079C,0.12965241464164873,0.03275268125297448,0.5036038607452007,0.0,0.00024328314519314506,0.0,0.0,0.0,0.0,0.0,0.0,0.0,0.0,0.0
4932.YIL003W,0.03645032297754537,0.0052761272887506885,0.4661740881838959,0.0,6.307102029176072e-05,0.0,0.0,0.0,0.0,0.0,0.0,0.0,0.0,0.0
4932.YNL284C,0.1430329129498616,0.03173617604964528,0.5129865489220278,0.0,0.0004603748585526596,0.0,0.0,0.0,0.0,0.0,0.0,0.0,0.0,0.0
4932.YMR193W,0.06721008920332205,0.015384586572286627,0.4809415006435737,0.0,7.319145929534737e-05,0.0,0.0,0.0,0.0,0.0,0.0,0.0,0.0,0.0
4932.YJR153W,0.03768071362657644,0.006671446416256001,0.4822979748530635,0.0,0.0002533812016770717,0.0,0.0,0.0,0.0,0.0,0.0,0.0,0.0,0.0
4932.YKL194C,0.06044294063365119,0.015422782855719583,0.4779698871052096,0.0,3.9313429523314005e-05,0.0,0.0,0.0,0.0,0.0,0.0,0.0,0.0,0.0
4932.YGR008C,0.0807443863426638,0.007740883661890484,0.486522957112558,0.0,0.00030496075332340865,0.0,0.0,0.0,0.0,0.0,0.0,0.0,0.0,0.0
4932.YDR268W,0.056136573362042454,0.012081299649320972,0.4760091286495733,0.0,7.916390321133163e-05,0.0,0.0,0.0,0.0,0.0,0.0,0.0,0.0,0.0
4932.YDR293C,0.12488465087665335,0.021041662273610113,0.5049343861368657,0.0,0.0010268210795551795,0.0,0.0,0.0,0.0,0.0,0.0,0.0,0.0,0.0
4932.YDL191W,0.11396493386650262,0.0305325985501318,0.49911672288158265,0.0,0.00010748533792005606,0.0,0.0,0.0,0.0,0.0,0.0,0.0,0.0,0.0
4932.YER048W-A,0.03629652414641649,0.006535686825619832,0.4655061691521831,0.0,6.819534805224526e-05,0.0,0.0,0.0,0.0,0.0,0.0,0.0,0.0,0.0
4932.YOR332W,0.04706244232543833,0.008110489178293509,0.47486119666729937,0.0,7.424658552194533e-05,0.0,0.0,0.0,0.0,0.0,0.0,0.0,0.0,0.0
4932.YPL198W,0.1484158720393725,0.03843538854375001,0.510007112094445,0.0,0.00025728900767596247,0.0,0.0,0.0,0.0,0.0,0.0,0.0,0.0,0.0
4932.YJL033W,0.18209781605659797,0.04088607977025147,0.5224313085058149,0.0,0.0005830123099623449,0.0,0.0,0.0,0.0,0.0,0.0,0.0,0.0,0.0
4932.YER017C,0.08458935712088589,0.017322622702343443,0.4901561903292845,0.0,0.0002010981641562134,0.0,0.0,0.0,0.0,0.0,0.0,0.0,0.0,0.0
4932.YCR106W,0.01430329129498616,0.001415052543751483,0.45545669132931416,0.0,8.2619918334075e-05,0.0,0.0,0.0,0.0,0.0,0.0,0.0,0.0,0.0
4932.YBL039C,0.17225469086434944,0.039198118378352804,0.5188438689871706,0.0,0.0006497996554995588,0.0,0.0,0.0,0.0,0.0,0.0,0.0,0.0,0.0
4932.YOL061W,0.12242386957859121,0.030658647141677667,0.5008865039077565,0.0,0.0001542005795425845,0.0,0.0,0.0,0.0,0.0,0.0,0.0,0.0,0.0
4932.YCR037C,0.02383881882497693,0.0021254256902446048,0.4571549609677308,0.0,4.9344114271709303e-05,0.0,0.0,0.0,0.0,0.0,0.0,0.0,0.0,0.0
4932.YFL022C,0.11396493386650262,0.02867794642107552,0.4974736346038375,0.0,0.00018225664236356517,0.0,0.0,0.0,0.0,0.0,0.0,0.0,0.0,0.0
4932.YKL016C,0.09904644724700093,0.02047526658352324,0.5006549514751002,0.0,0.0004226884973792936,0.0,0.0,0.0,0.0,0.0,0.0,0.0,0.0,0.0
4932.YBL068W,0.12196247308520455,0.030400481707275447,0.5004236130300597,0.0,0.00021127356489023075,0.0,0.0,0.0,0.0,0.0,0.0,0.0,0.0,0.0
4932.YNR013C,0.026760996616425718,0.00313822841437162,0.4610145878109489,0.0,5.392177395775616e-05,0.0,0.0,0.0,0.0,0.0,0.0,0.0,0.0,0.0
4932.YNL026W,0.0798215933558905,0.01709801790838486,0.4868510238402131,0.0,0.00021651094049030458,0.0,0.0,0.0,0.0,0.0,0.0,0.0,0.0,0.0
4932.YJL094C,0.026145801291910183,0.002193775524363874,0.4591253172610277,0.0,6.473742753044867e-05,0.0,0.0,0.0,0.0,0.0,0.0,0.0,0.0,0.0
4932.YGR085C,0.14518609658566595,0.03739240333236545,0.5120567860674015,0.0,0.00019600483411902732,0.0,0.0,0.0,0.0,0.0,0.0,0.0,0.0,0.0
4932.YIR022W,0.06321131959397108,0.009494208948549573,0.4833383379347906,0.0,0.0002446274258697643,0.0,0.0,0.0,0.0,0.0,0.0,0.0,0.0,0.0
4932.YDR188W,0.15195324515533684,0.0341263090281895,0.5127032203878275,0.0,0.0003952853884395031,0.0,0.0,0.0,0.0,0.0,0.0,0.0,0.0,0.0
4932.YBR283C,0.08889572439249462,0.02152828220936919,0.48849801647837354,0.0,0.00014454346395665588,0.0,0.0,0.0,0.0,0.0,0.0,0.0,0.0,0.0
4932.YJR136C,0.055828975699784684,0.011285082002335606,0.4750000449704185,0.0,0.00017647112289335317,0.0,0.0,0.0,0.0,0.0,0.0,0.0,0.0,0.0
4932.YDL160C,0.19747769916948632,0.039198241647581504,0.5323611842696481,0.0,0.0017369442834499176,0.0,0.0,0.0,0.0,0.0,0.0,0.0,0.0,0.0
4932.YPL081W,0.18625038449707784,0.04415240693841776,0.5241591203674538,0.0,0.000594793746182882,0.0,0.0,0.0,0.0,0.0,0.0,0.0,0.0,0.0
4932.YMR323W,0.12073208243617349,0.02628513630502686,0.5142450629309374,0.0,0.0007692237700176238,0.0,0.0,0.0,0.0,0.0,0.0,0.0,0.0,0.0
4932.YNL063W,0.026607197785296834,0.005228466654450243,0.4608511074606613,0.0,3.483396051009973e-05,0.0,0.0,0.0,0.0,0.0,0.0,0.0,0.0,0.0
4932.YPR102C,0.14980006151953246,0.03793432415157143,0.5140823271515288,0.0,0.00022869879983946243,0.0,0.0,0.0,0.0,0.0,0.0,0.0,0.0,0.0
4932.YGR021W,0.0529067979083359,0.010173568006344532,0.47261623501311545,0.0,0.00012398591284104758,0.0,0.0,0.0,0.0,0.0,0.0,0.0,0.0,0.0
4932.YPR047W,0.07490003075976623,0.0183480692460249,0.4829790854166288,0.0,0.00010224642234685748,0.0,0.0,0.0,0.0,0.0,0.0,0.0,0.0,0.0
4932.YPL058C,0.03629652414641649,0.004043573736950073,0.4675493319323158,0.0,8.882627282400263e-05,0.0,0.0,0.0,0.0,0.0,0.0,0.0,0.0,0.0
4932.YPR074C,0.15426022762227007,0.02911457899342418,0.515632488112627,0.0,0.0006087626333868315,0.0,0.0,0.0,0.0,0.0,0.0,0.0,0.0,0.0
4932.YGR101W,0.0639803137496155,0.008846890144216512,0.4844915460181423,0.0,0.0004164705818713317,0.0,0.0,0.0,0.0,0.0,0.0,0.0,0.0,0.0
4932.YMR290C,0.1922485389111043,0.04332081673460434,0.5256006321439233,0.0,0.0006078152203643962,0.0,0.0,0.0,0.0,0.0,0.0,0.0,0.0,0.0
4932.YMR089C,0.07936019686250385,0.016799082238278133,0.48842458021612484,0.0,0.00013732537102033787,0.0,0.0,0.0,0.0,0.0,0.0,0.0,0.0,0.0
4932.YGR130C,0.06597969855429099,0.009450202702073652,0.4856139761748244,0.0,0.00033092153331742746,0.0,0.0,0.0,0.0,0.0,0.0,0.0,0.0,0.0
4932.YFL002C,0.18794217163949556,0.04178430625138752,0.524328299458995,0.0,0.0008583682782742569,0.0,0.0,0.0,0.0,0.0,0.0,0.0,0.0,0.0
4932.YDR037W,0.14318671178099046,0.03458611955042838,0.5091678902362736,0.0,0.000351299898882294,0.0,0.0,0.0,0.0,0.0,0.0,0.0,0.0,0.0
4932.YDL031W,0.18517379267917564,0.04132134252241464,0.5231042195455905,0.0,0.0005478355861483399,0.0,0.0,0.0,0.0,0.0,0.0,0.0,0.0,0.0
4932.YDR341C,0.13134420178406644,0.03318515585217689,0.5029022997597186,0.0,0.00018493909589903894,0.0,0.0,0.0,0.0,0.0,0.0,0.0,0.0,0.0
4932.YLR259C,0.15718240541371886,0.031305251511186405,0.5155097671713864,0.0,0.0005394928153895831,0.0,0.0,0.0,0.0,0.0,0.0,0.0,0.0,0.0
4932.YDL033C,0.04475545985850508,0.008076066196397766,0.4741335727979077,0.0,5.466319866911419e-05,0.0,0.0,0.0,0.0,0.0,0.0,0.0,0.0,0.0
4932.YOL097C,0.10258382036296525,0.026532695675886377,0.49141651782464835,0.0,0.00015535279084634976,0.0,0.0,0.0,0.0,0.0,0.0,0.0,0.0,0.0
4932.YHL011C,0.13149800061519534,0.033538849338266445,0.503291814359486,0.0,0.00023666544445029173,0.0,0.0,0.0,0.0,0.0,0.0,0.0,0.0,0.0
4932.YJL092W,0.06567210089203322,0.008423479918106427,0.48197601358814157,0.0,0.0002924896373601092,0.0,0.0,0.0,0.0,0.0,0.0,0.0,0.0,0.0
4932.YJL198W,0.051676407259304835,0.009396162765368973,0.47090373325569423,0.0,0.00017103743677094964,0.0,0.0,0.0,0.0,0.0,0.0,0.0,0.0,0.0
4932.YLR058C,0.10227622270070748,0.01992482969604909,0.4944077162896846,0.0,0.0002157103943057636,0.0,0.0,0.0,0.0,0.0,0.0,0.0,0.0,0.0
4932.YMR105C,0.09535527529990773,0.010688944765422592,0.4935815127379662,0.0,0.00043569972866969913,0.0,0.0,0.0,0.0,0.0,0.0,0.0,0.0,0.0
4932.YNL002C,0.16256536450322978,0.04061286276386503,0.5157962069531136,0.0,0.0004605001235358572,0.0,0.0,0.0,0.0,0.0,0.0,0.0,0.0,0.0
4932.YMR260C,0.14580129191018149,0.036724082720585687,0.5100871822902366,0.0,0.0002823160369188765,0.0,0.0,0.0,0.0,0.0,0.0,0.0,0.0,0.0
4932.YDR140W,0.046447247000922794,0.009482919944401202,0.4756955062368466,0.0,9.675331921041713e-05,0.0,0.0,0.0,0.0,0.0,0.0,0.0,0.0,0.0
4932.YHR065C,0.17609966164257151,0.040642649158834664,0.5184712850231649,0.0,0.0004045113451084098,0.0,0.0,0.0,0.0,0.0,0.0,0.0,0.0,0.0
4932.YIL021W,0.19701630267609968,0.04318403160479313,0.5256431495870671,0.0,0.0007996892963038164,0.0,0.0,0.0,0.0,0.0,0.0,0.0,0.0,0.0
4932.YPL118W,0.10642879114118733,0.021229835009109518,0.5037990863075922,0.0,0.0005417640329363687,0.0,0.0,0.0,0.0,0.0,0.0,0.0,0.0,0.0
4932.YKL181W,0.13103660412180868,0.033490091558208555,0.5031748966389441,0.0,0.0002036690331668895,0.0,0.0,0.0,0.0,0.0,0.0,0.0,0.0,0.0
4932.YCL017C,0.06905567517686866,0.010929712369208311,0.482262180139181,0.0,0.00016521550423526085,0.0,0.0,0.0,0.0,0.0,0.0,0.0,0.0,0.0
4932.YER036C,0.11473392802214703,0.030862415184562772,0.495501038218341,0.0,0.00016513381359030532,0.0,0.0,0.0,0.0,0.0,0.0,0.0,0.0,0.0
4932.YFR006W,0.052599200246078136,0.008166143998434886,0.47434123769584097,0.0,8.561179716162041e-05,0.0,0.0,0.0,0.0,0.0,0.0,0.0,0.0,0.0
4932.YKL180W,0.1465702860658259,0.037308306287269374,0.5118551095073118,0.0,0.0002072983446481688,0.0,0.0,0.0,0.0,0.0,0.0,0.0,0.0,0.0
4932.YBR084W,0.10412180867425408,0.025124400643144258,0.4916024069598521,0.0,0.0001903889349174478,0.0,0.0,0.0,0.0,0.0,0.0,0.0,0.0,0.0
4932.YHR038W,0.07936019686250385,0.01903586155735167,0.48648653254438307,0.0,9.437557763953167e-05,0.0,0.0,0.0,0.0,0.0,0.0,0.0,0.0,0.0
4932.YBR142W,0.20163026760996616,0.04337831808219319,0.5308824032022325,0.0,0.0011014987443534248,0.0,0.0,0.0,0.0,0.0,0.0,0.0,0.0,0.0
4932.YLR043C,0.13580436788680406,0.02664453533708885,0.5096471070741431,0.0,0.0007196041162601325,0.0,0.0,0.0,0.0,0.0,0.0,0.0,0.0,0.0
4932.YDL143W,0.16118117502306983,0.038137670740133765,0.5160010017625128,0.0,0.0003597675704905135,0.0,0.0,0.0,0.0,0.0,0.0,0.0,0.0,0.0
4932.YNL073W,0.1039680098431252,0.025167712048148563,0.495501038218341,0.0,0.000202491453670205,0.0,0.0,0.0,0.0,0.0,0.0,0.0,0.0,0.0
4932.YPR110C,0.18948015995078438,0.04389663212012642,0.5242436962642456,0.0,0.0006200699277854854,0.0,0.0,0.0,0.0,0.0,0.0,0.0,0.0,0.0
4932.YIL133C,0.1800984312519225,0.04176280881127719,0.523441325535309,0.0,0.000521248855920788,0.0,0.0,0.0,0.0,0.0,0.0,0.0,0.0,0.0
4932.YNL247W,0.10550599815441403,0.02678640955092719,0.4921236455010091,0.0,0.0001590433311148173,0.0,0.0,0.0,0.0,0.0,0.0,0.0,0.0,0.0
4932.YDL084W,0.19963088280529068,0.04194811389388485,0.52752075135536,0.0,0.0009644848589199221,0.0,0.0,0.0,0.0,0.0,0.0,0.0,0.0,0.0
4932.YLL029W,0.08135958166717934,0.0112991561166355,0.49030412851394584,0.0,0.0003557790629074745,0.0,0.0,0.0,0.0,0.0,0.0,0.0,0.0,0.0
4932.YMR173W,0.0547523838818825,0.009053302180220187,0.48362612497732393,0.0,0.0002350037134728154,0.0,0.0,0.0,0.0,0.0,0.0,0.0,0.0,0.0
4932.YKR050W,0.022300830513688096,0.002435974502145062,0.45590406336878725,0.0,3.637966349124704e-05,0.0,0.0,0.0,0.0,0.0,0.0,0.0,0.0,0.0
4932.YNR038W,0.1828668102122424,0.041097987851263895,0.5218439299064668,0.0,0.0004841598589631014,0.0,0.0,0.0,0.0,0.0,0.0,0.0,0.0,0.0
4932.YMR262W,0.024761611811750232,0.002869757910639659,0.46098188246277844,0.0,4.801297541331828e-05,0.0,0.0,0.0,0.0,0.0,0.0,0.0,0.0,0.0
4932.YLR327C,0.08581974776991695,0.008553641666470976,0.4973974751374253,0.0,0.0005493173590510276,0.0,0.0,0.0,0.0,0.0,0.0,0.0,0.0,0.0
4932.YCL030C,0.11442633035988928,0.017585176220207287,0.5015050254839334,0.0,0.001002429978239026,0.0,0.0,0.0,0.0,0.0,0.0,0.0,0.0,0.0
4932.YMR003W,0.031221162719163337,0.006502035153102434,0.4638778280407856,0.0,7.134841243496417e-05,0.0,0.0,0.0,0.0,0.0,0.0,0.0,0.0,0.0
4932.YDR243C,0.12473085204552446,0.02938523192860967,0.503877218920233,0.0,0.000347375897053455,0.0,0.0,0.0,0.0,0.0,0.0,0.0,0.0,0.0
4932.YBR263W,0.1168871116579514,0.022776570363076936,0.5050913808935348,0.0,0.0003184510103361548,0.0,0.0,0.0,0.0,0.0,0.0,0.0,0.0,0.0
4932.YML067C,0.05505998154414027,0.008777957820486864,0.47751327272158467,0.0,0.0003038644393017781,0.0,0.0,0.0,0.0,0.0,0.0,0.0,0.0,0.0
4932.YBR179C,0.06951707167025531,0.008575842897555381,0.4883511660300109,0.0,0.00041435407688763485,0.0,0.0,0.0,0.0,0.0,0.0,0.0,0.0,0.0
4932.YBR141C,0.11950169178714243,0.02899530265790973,0.5010023604622456,0.0,0.0002775677491386305,0.0,0.0,0.0,0.0,0.0,0.0,0.0,0.0,0.0
4932.YBR112C,0.12411565672100892,0.019766562418929552,0.5031748966389441,0.0,0.0008041184745697435,0.0,0.0,0.0,0.0,0.0,0.0,0.0,0.0,0.0
4932.YKR024C,0.18809597047062443,0.04132667586930958,0.5240745717554097,0.0,0.000687584141620095,0.0,0.0,0.0,0.0,0.0,0.0,0.0,0.0,0.0
4932.YHR166C,0.07474623192863734,0.013158395614171885,0.4857591848093986,0.0,0.00038504582807226656,0.0,0.0,0.0,0.0,0.0,0.0,0.0,0.0,0.0
4932.YAL042W,0.06721008920332205,0.011520819650458381,0.4851426470953654,0.0,0.000280886841194177,0.0,0.0,0.0,0.0,0.0,0.0,0.0,0.0,0.0
4932.YCR003W,0.08858812673023686,0.020291622398364545,0.4872160617226756,0.0,0.00024915818935511896,0.0,0.0,0.0,0.0,0.0,0.0,0.0,0.0,0.0
4932.YOR128C,0.09135650569055676,0.01826197447461604,0.49373152611468163,0.0,0.00023825075736397388,0.0,0.0,0.0,0.0,0.0,0.0,0.0,0.0,0.0
4932.YDR025W,0.1605659796985543,0.0396909056434067,0.5164521232868642,0.0,0.000270481964533528,0.0,0.0,0.0,0.0,0.0,0.0,0.0,0.0,0.0
4932.YNL122C,0.06905567517686866,0.01563746153737186,0.4830868050847762,0.0,8.670760103365103e-05,0.0,0.0,0.0,0.0,0.0,0.0,0.0,0.0,0.0
4932.YPL281C,0.12734543217471547,0.026797369675245195,0.5106885110967718,0.0,0.00039634943712609416,0.0,0.0,0.0,0.0,0.0,0.0,0.0,0.0,0.0
4932.YKL104C,0.058904952322362356,0.009581660577307654,0.48133337890335737,0.0,0.00017990711278274488,0.0,0.0,0.0,0.0,0.0,0.0,0.0,0.0,0.0
4932.YBR237W,0.1419563211319594,0.03057528103718849,0.5102073347358138,0.0,0.0005340137906850504,0.0,0.0,0.0,0.0,0.0,0.0,0.0,0.0,0.0
4932.YDL120W,0.03891110427560751,0.006066260730900944,0.4642755512428783,0.0,6.475021397686107e-05,0.0,0.0,0.0,0.0,0.0,0.0,0.0,0.0,0.0
4932.YBR243C,0.0547523838818825,0.007159601087273625,0.478216118280492,0.0,0.00018814747793980438,0.0,0.0,0.0,0.0,0.0,0.0,0.0,0.0,0.0
4932.YOL127W,0.16748692709935406,0.04026265744803604,0.5178927723914342,0.0,0.0004192778176231628,0.0,0.0,0.0,0.0,0.0,0.0,0.0,0.0,0.0
4932.YHR091C,0.10381421101199631,0.025560712455790387,0.4979310816241628,0.0,0.0001510755235082566,0.0,0.0,0.0,0.0,0.0,0.0,0.0,0.0,0.0
4932.YGL026C,0.09981544140264534,0.018317173372398285,0.4941069588012565,0.0,0.00023468431447270648,0.0,0.0,0.0,0.0,0.0,0.0,0.0,0.0,0.0
4932.YAL044C,0.058597354660104586,0.00915740620167539,0.4805502599611984,0.0,0.00011242976958562982,0.0,0.0,0.0,0.0,0.0,0.0,0.0,0.0,0.0
4932.YOL114C,0.08043678868040603,0.018168022536401065,0.4893809771950086,0.0,0.00017672736419620987,0.0,0.0,0.0,0.0,0.0,0.0,0.0,0.0,0.0
4932.YLR361C,0.019840049215625963,0.0016239912947008026,0.459352510617512,0.0,7.805397089077628e-05,0.0,0.0,0.0,0.0,0.0,0.0,0.0,0.0,0.0
4932.YPL181W,0.03429713934174101,0.005437433229421657,0.46981423000472305,0.0,0.0002145824851972299,0.0,0.0,0.0,0.0,0.0,0.0,0.0,0.0,0.0
4932.YBR117C,0.14780067671485697,0.02334685208511266,0.5157143345393116,0.0,0.0007673309589237681,0.0,0.0,0.0,0.0,0.0,0.0,0.0,0.0,0.0
4932.YMR287C,0.05721316517994464,0.0135680429677628,0.47660265624140563,0.0,5.453034755365305e-05,0.0,0.0,0.0,0.0,0.0,0.0,0.0,0.0,0.0
4932.YHR174W,0.1521070439864657,0.033689003303414365,0.5131891182431941,0.0,0.000556973612021644,0.0,0.0,0.0,0.0,0.0,0.0,0.0,0.0,0.0
4932.YHL015W,0.191325745924331,0.043490165226120404,0.5273495061836816,0.0,0.0007050973497939296,0.0,0.0,0.0,0.0,0.0,0.0,0.0,0.0,0.0
4932.YMR205C,0.10058443555828976,0.020201767895961162,0.49690300643842816,0.0,0.00018878547651942444,0.0,0.0,0.0,0.0,0.0,0.0,0.0,0.0,0.0
4932.YOR183W,0.005690556751768687,7.288168741818071e-05,0.34472151804749734,0.0,1.012857011215336e-05,0.0,0.0,0.0,0.0,0.0,0.0,0.0,0.0,0.0
4932.YNL198C,0.010150722854506307,0.0001560130830984477,0.3800444856237762,0.0,0.00022140677208833616,0.0,0.0,0.0,0.0,0.0,0.0,0.0,0.0,0.0
4932.YOL013W-B,0.004152568440479853,5.348114567673739e-06,0.30151735952834324,0.0,0.0,0.0,0.0,0.0,0.0,0.0,0.0,0.0,0.0,0.0
4932.YBR190W,0.008305136880959706,9.873141291074721e-06,0.3186387787571875,0.0,5.587713587556167e-07,0.0,0.0,0.0,0.0,0.0,0.0,0.0,0.0,0.0
4932.YFR009W-A,0.00584435558289757,7.206796096449905e-06,0.30049947351069756,0.0,0.0,0.0,0.0,0.0,0.0,0.0,0.0,0.0,0.0,0.0
4932.YOR161W-B,0.008151338049830821,9.858153314102332e-06,0.31201385840753504,0.0,0.0,0.0,0.0,0.0,0.0,0.0,0.0,0.0,0.0,0.0
4932.YOL097W-A,0.018302060904337128,0.0003609176963696888,0.39099829202691644,0.0,0.00017469937637039682,0.0,0.0,0.0,0.0,0.0,0.0,0.0,0.0,0.0
4932.YER153C,0.008305136880959706,0.0008797542527436983,0.4414702503699521,0.0,0.0003575001643902206,0.0,0.0,0.0,0.0,0.0,0.0,0.0,0.0,0.0
4932.YPL062W,0.008305136880959706,3.538386123733364e-05,0.35457822848386583,0.0,8.367388522137221e-05,0.0,0.0,0.0,0.0,0.0,0.0,0.0,0.0,0.0
4932.YJL150W,0.006920947400799755,8.505751836760345e-06,0.31006349263708183,0.0,0.0,0.0,0.0,0.0,0.0,0.0,0.0,0.0,0.0,0.0
4932.YLR434C,0.009074131036604122,2.0116005891278495e-05,0.34832487886332486,0.0,4.031240061763585e-05,0.0,0.0,0.0,0.0,0.0,0.0,0.0,0.0,0.0
4932.YAR019W-A,0.012150107659181791,1.3636379273027348e-05,0.3274541733115967,0.0,6.861049673407067e-06,0.0,0.0,0.0,0.0,0.0,0.0,0.0,0.0,0.0
4932.YJL182C,0.02245462934481698,0.0001171424203893444,0.3794452913982671,0.0,0.00035150628959871704,0.0,0.0,0.0,0.0,0.0,0.0,0.0,0.0,0.0
4932.YJL022W,0.009689326361119657,3.4146337042545906e-05,0.3564454533842745,0.0,0.00010936115737813927,0.0,0.0,0.0,0.0,0.0,0.0,0.0,0.0,0.0
4932.YIL100W,0.002922177791448785,4.021239316059447e-06,0.31213375997671844,0.0,2.5969421775866182e-06,0.0,0.0,0.0,0.0,0.0,0.0,0.0,0.0,0.0
4932.YMR031W-A,0.015072285450630576,5.015767194195302e-05,0.36563136479829644,0.0,0.00024543194278756704,0.0,0.0,0.0,0.0,0.0,0.0,0.0,0.0,0.0
4932.YOR029W,0.014610888957243925,2.1466284567628143e-05,0.34171227467371296,0.0,1.576751154625035e-05,0.0,0.0,0.0,0.0,0.0,0.0,0.0,0.0,0.0
4932.YCL068C,0.02291602583820363,0.001405992912790219,0.46160407865279,0.0,0.0012857954235933238,0.0,0.0,0.0,0.0,0.0,0.0,0.0,0.0,0.0
4932.YGR031C-A,0.008151338049830821,0.0001713252830711726,0.3884505389284627,0.0,8.834595101201306e-05,0.0,0.0,0.0,0.0,0.0,0.0,0.0,0.0,0.0
4932.YJL135W,0.014918486619501693,4.56249789187702e-05,0.35793767848382313,0.0,4.914840113804413e-05,0.0,0.0,0.0,0.0,0.0,0.0,0.0,0.0,0.0
4932.YGL258W-A,0.017994463242079362,0.000925464523013314,0.4516891849850775,0.0,0.000686580877159291,0.0,0.0,0.0,0.0,0.0,0.0,0.0,0.0,0.0
4932.YLR464W,0.015995078437403876,0.00038663804871850733,0.4285997371674246,0.0,0.0005158852322795023,0.0,0.0,0.0,0.0,0.0,0.0,0.0,0.0,0.0
4932.YAL069W,0.0050753614272531535,5.827122857725436e-06,0.3229141089894809,0.0,5.554668260720302e-06,0.0,0.0,0.0,0.0,0.0,0.0,0.0,0.0,0.0
4932.YHL041W,0.017379267917563827,9.033987346082758e-05,0.3751949082045918,0.0,0.00024819436616396826,0.0,0.0,0.0,0.0,0.0,0.0,0.0,0.0,0.0
4932.YPR096C,0.01707167025530606,0.0002538975818913313,0.407935251126582,0.0,0.0003567932230772336,0.0,0.0,0.0,0.0,0.0,0.0,0.0,0.0,0.0
4932.YEL076C-A,0.007536142725315288,9.615411353924626e-06,0.3234123340232592,0.0,6.105268335330891e-06,0.0,0.0,0.0,0.0,0.0,0.0,0.0,0.0,0.0
4932.YIL054W,0.013380498308212859,0.00011873392418818848,0.3876394807131972,0.0,0.00020817449043087052,0.0,0.0,0.0,0.0,0.0,0.0,0.0,0.0,0.0
4932.YER181C,0.005690556751768687,6.956545792657686e-06,0.3290126893769784,0.0,2.2054050013797946e-05,0.0,0.0,0.0,0.0,0.0,0.0,0.0,0.0,0.0
4932.YLR296W,0.00938172869886189,1.0739698981874637e-05,0.32872973213918777,0.0,9.814176762790189e-06,0.0,0.0,0.0,0.0,0.0,0.0,0.0,0.0,0.0
4932.YJR158W,0.025684404798523533,0.0028666744539375395,0.4676502781716679,0.0,0.000943659678753756,0.0,0.0,0.0,0.0,0.0,0.0,0.0,0.0,0.0
4932.YPR108W-A,0.015226084281759459,5.796683454709962e-05,0.34956160176423284,0.0,6.529778056246267e-05,0.0,0.0,0.0,0.0,0.0,0.0,0.0,0.0,0.0
4932.YHR137C-A,0.004613964933866503,5.777200895263857e-06,0.30000002840236956,0.0,0.0,0.0,0.0,0.0,0.0,0.0,0.0,0.0,0.0,0.0
4932.YMR105W-A,0.01476468778837281,2.9574253986124824e-05,0.33352156316765,0.0,3.278649708060322e-07,0.0,0.0,0.0,0.0,0.0,0.0,0.0,0.0,0.0
4932.YDR290W,0.00538295908951092,1.851312873607305e-05,0.3481755674433545,0.0,5.276543759302642e-05,0.0,0.0,0.0,0.0,0.0,0.0,0.0,0.0,0.0
4932.YDR431W,0.009227929867733006,4.9981806922395406e-05,0.3512242914002121,0.0,8.335591950569648e-05,0.0,0.0,0.0,0.0,0.0,0.0,0.0,0.0,0.0
4932.YDL162C,0.0259920024607813,0.00038335005951449226,0.4323929075855287,0.0,0.0008077792167100146,0.0,0.0,0.0,0.0,0.0,0.0,0.0,0.0,0.0
4932.YFL041W-A,0.02383881882497693,8.790767348231168e-05,0.36194511308390376,0.0,2.2393248732895765e-05,0.0,0.0,0.0,0.0,0.0,0.0,0.0,0.0,0.0
4932.YOR072W-A,0.006920947400799755,8.532190705614141e-06,0.3089284308831095,0.0,0.0,0.0,0.0,0.0,0.0,0.0,0.0,0.0,0.0,0.0
4932.YPL038W-A,0.010612119347892957,1.2075531474969164e-05,0.3175177432296763,0.0,3.621830319493402e-05,0.0,0.0,0.0,0.0,0.0,0.0,0.0,0.0,0.0
4932.YBL044W,0.009535527529990772,4.290053873414843e-05,0.3512242914002121,0.0,7.673597114093227e-05,0.0,0.0,0.0,0.0,0.0,0.0,0.0,0.0,0.0
4932.YDR250C,0.014149492463857275,4.458918889218459e-05,0.3559378075808131,0.0,0.0001193282393880482,0.0,0.0,0.0,0.0,0.0,0.0,0.0,0.0,0.0
4932.YER085C,0.014457090126115043,0.00038761633999152156,0.4096583416464081,0.0,0.00013673980979621967,0.0,0.0,0.0,0.0,0.0,0.0,0.0,0.0,0.0
4932.YIL012W,0.004306367271608736,5.620708953131966e-06,0.3044272951602401,0.0,0.0,0.0,0.0,0.0,0.0,0.0,0.0,0.0,0.0,0.0
4932.YGL034C,0.012303906490310674,5.585087097957008e-05,0.36106021087933127,0.0,5.0487145901992886e-05,0.0,0.0,0.0,0.0,0.0,0.0,0.0,0.0,0.0
4932.YCR081C-A,0.007689941556444172,1.008815869217982e-05,0.3189515837233262,0.0,0.0,0.0,0.0,0.0,0.0,0.0,0.0,0.0,0.0,0.0
4932.YJL027C,0.005229160258382036,4.796591940609161e-05,0.361200701233759,0.0,4.019290078818029e-05,0.0,0.0,0.0,0.0,0.0,0.0,0.0,0.0,0.0
4932.YEL030C-A,0.006151953245155337,7.532659238801038e-06,0.3007219833022642,0.0,0.0,0.0,0.0,0.0,0.0,0.0,0.0,0.0,0.0,0.0
4932.YHL045W,0.010458320516764073,7.15163880156722e-05,0.3675339714476994,0.0,6.464004879650234e-05,0.0,0.0,0.0,0.0,0.0,0.0,0.0,0.0,0.0
4932.YFL061W,0.004306367271608736,0.00019463184140060917,0.38701611764117483,0.0,2.649364538065576e-05,0.0,0.0,0.0,0.0,0.0,0.0,0.0,0.0,0.0
4932.YEL010W,0.010919717010150723,0.00010246288118793933,0.37227159067289173,0.0,7.566502601187066e-05,0.0,0.0,0.0,0.0,0.0,0.0,0.0,0.0,0.0
4932.YOR068C,0.010919717010150723,0.00022225172082944913,0.41191763012331695,0.0,0.0003965596517549746,0.0,0.0,0.0,0.0,0.0,0.0,0.0,0.0,0.0
4932.YGL003C,0.11719470932020917,0.01714256465807129,0.5014276267609634,0.0,0.0004985204770946452,0.0,0.0,0.0,0.0,0.0,0.0,0.0,0.0,0.0
4932.YML120C,0.06198092894494002,0.008271316196816479,0.47998231756502624,0.0,0.00011504158920541881,0.0,0.0,0.0,0.0,0.0,0.0,0.0,0.0,0.0
4932.YKL113C,0.10089203322054753,0.015682333829735016,0.49671308784553775,0.0,0.00036782598079297555,0.0,0.0,0.0,0.0,0.0,0.0,0.0,0.0,0.0
4932.YLR234W,0.07720701322669948,0.015045009733790141,0.48967600717372456,0.0,0.0003880626431059566,0.0,0.0,0.0,0.0,0.0,0.0,0.0,0.0,0.0
4932.YGL012W,0.04214087972931406,0.005666491714421842,0.46950871497076047,0.0,9.922999470137039e-05,0.0,0.0,0.0,0.0,0.0,0.0,0.0,0.0,0.0
4932.YAL065C,0.0030759766225776685,9.31740753645394e-05,0.3834081080478714,0.0,1.208308646992215e-05,0.0,0.0,0.0,0.0,0.0,0.0,0.0,0.0,0.0
4932.YOL143C,0.057674561673331286,0.011772231337914937,0.4796988494902794,0.0,6.13327345545834e-05,0.0,0.0,0.0,0.0,0.0,0.0,0.0,0.0,0.0
4932.YJL133W,0.013688095970470625,0.0011801960957960522,0.4413203351803399,0.0,3.068676192777029e-05,0.0,0.0,0.0,0.0,0.0,0.0,0.0,0.0,0.0
4932.YOL058W,0.07397723777299293,0.011633084611148274,0.48787451123923153,0.0,0.00017563050723274314,0.0,0.0,0.0,0.0,0.0,0.0,0.0,0.0,0.0
4932.YPL209C,0.09889264841587204,0.014010416474700338,0.4955766179984232,0.0,0.00041401882748414527,0.0,0.0,0.0,0.0,0.0,0.0,0.0,0.0,0.0
4932.YHL029C,0.11904029529375577,0.021069400861737236,0.5017761092814923,0.0,0.0004570815092803557,0.0,0.0,0.0,0.0,0.0,0.0,0.0,0.0,0.0
4932.YJL096W,0.0975084589357121,0.016711769437472827,0.4997693135821662,0.0,0.00047148141110476936,0.0,0.0,0.0,0.0,0.0,0.0,0.0,0.0,0.0
4932.YGL151W,0.10442940633651185,0.014033002952050875,0.5033697896967484,0.0,0.0006443735221633677,0.0,0.0,0.0,0.0,0.0,0.0,0.0,0.0,0.0
4932.YKL032C,0.0964318671178099,0.016167961985768847,0.5000385236779781,0.0,0.00043977939469876445,0.0,0.0,0.0,0.0,0.0,0.0,0.0,0.0,0.0
4932.YKL216W,0.11627191633343588,0.02461456632697223,0.5002309942413644,0.0,0.0003862146002899055,0.0,0.0,0.0,0.0,0.0,0.0,0.0,0.0,0.0
4932.YDL217C,0.029375576745616735,0.005422624683765326,0.46049185849304264,0.0,4.571563790331128e-05,0.0,0.0,0.0,0.0,0.0,0.0,0.0,0.0,0.0
4932.YOR365C,0.09550907413103661,0.011759514788777747,0.5001539882385564,0.0,0.0007247404180985218,0.0,0.0,0.0,0.0,0.0,0.0,0.0,0.0,0.0
4932.YKR052C,0.024146416487234697,0.001883826754469113,0.45520144414678276,0.0,0.00027943265048544034,0.0,0.0,0.0,0.0,0.0,0.0,0.0,0.0,0.0
4932.YGL116W,0.1474930790525992,0.020785916252323598,0.512016438042339,0.0,0.001032882766954354,0.0,0.0,0.0,0.0,0.0,0.0,0.0,0.0,0.0
4932.YOL126C,0.1281144263303599,0.01992221984580027,0.5039162943152636,0.0,0.0005065744639226986,0.0,0.0,0.0,0.0,0.0,0.0,0.0,0.0,0.0
4932.YGR098C,0.07074746231928637,0.008053461754934203,0.4829790854166288,0.0,0.0001829704587514054,0.0,0.0,0.0,0.0,0.0,0.0,0.0,0.0,0.0
4932.YOR125C,0.02906797908335897,0.003296148781200769,0.46173528140377496,0.0,7.332731668676353e-05,0.0,0.0,0.0,0.0,0.0,0.0,0.0,0.0,0.0
4932.YJR070C,0.1205782836050446,0.03019531814670341,0.4994236119587522,0.0,0.00029227433346015,0.0,0.0,0.0,0.0,0.0,0.0,0.0,0.0,0.0
4932.YEL020W-A,0.05090741310366041,0.008055936931458386,0.4709719950130698,0.0,0.00010923367596293358,0.0,0.0,0.0,0.0,0.0,0.0,0.0,0.0,0.0
4932.YPL135W,0.05090741310366041,0.006951753405685162,0.47562586848157845,0.0,0.00015104973699041916,0.0,0.0,0.0,0.0,0.0,0.0,0.0,0.0,0.0
4932.YDR303C,0.08197477699169486,0.013855183439860709,0.49219819839382856,0.0,0.00046162260730395085,0.0,0.0,0.0,0.0,0.0,0.0,0.0,0.0,0.0
4932.YJR007W,0.14918486619501692,0.03679001556029347,0.5110901852442445,0.0,0.0003139114031372294,0.0,0.0,0.0,0.0,0.0,0.0,0.0,0.0,0.0
4932.YGR225W,0.12380805905875115,0.016378626334745246,0.5108089470320986,0.0,0.0016242365206595572,0.0,0.0,0.0,0.0,0.0,0.0,0.0,0.0,0.0
4932.YOL081W,0.08520455244540141,0.01044325923955593,0.4922354833115161,0.0,0.00032295528363005964,0.0,0.0,0.0,0.0,0.0,0.0,0.0,0.0,0.0
4932.YAR042W,0.16195016917871424,0.021181182154414467,0.5225153276934162,0.0,0.0017701080960432442,0.0,0.0,0.0,0.0,0.0,0.0,0.0,0.0,0.0
4932.YBR052C,0.03891110427560751,0.0041439645318605165,0.4640103267063214,0.0,7.621863535795086e-05,0.0,0.0,0.0,0.0,0.0,0.0,0.0,0.0,0.0
4932.YDL028C,0.06428791141187327,0.007732443472973306,0.48033712412738944,0.0,0.00024112231194057604,0.0,0.0,0.0,0.0,0.0,0.0,0.0,0.0,0.0
4932.YCR004C,0.035066133497385424,0.004193748070705985,0.46357998253515903,0.0,6.086792808689341e-05,0.0,0.0,0.0,0.0,0.0,0.0,0.0,0.0,0.0
4932.YJR045C,0.1737926791756383,0.03539066747423759,0.5187196148475552,0.0,0.0006521744728763743,0.0,0.0,0.0,0.0,0.0,0.0,0.0,0.0,0.0
4932.YPL179W,0.09366348815749001,0.014684742819703061,0.49343159049246904,0.0,0.00023722582375212785,0.0,0.0,0.0,0.0,0.0,0.0,0.0,0.0,0.0
4932.YCR053W,0.07736081205782837,0.01528094625290332,0.4821190543994157,0.0,0.00015271292429834486,0.0,0.0,0.0,0.0,0.0,0.0,0.0,0.0,0.0
4932.YDR325W,0.04967702245462935,0.006072869256082989,0.4721354802873883,0.0,7.439284711354476e-05,0.0,0.0,0.0,0.0,0.0,0.0,0.0,0.0,0.0
4932.YHR021C,0.10504460166102739,0.028352270108587086,0.4969790145464876,0.0,0.00014655415229738452,0.0,0.0,0.0,0.0,0.0,0.0,0.0,0.0,0.0
4932.YBR140C,0.06997846816364196,0.008488934691361113,0.4858681482873729,0.0,0.00017801012736145034,0.0,0.0,0.0,0.0,0.0,0.0,0.0,0.0,0.0
4932.YFR031C,0.09181790218394341,0.013929823903054328,0.48956532925452606,0.0,0.00021215413614582109,0.0,0.0,0.0,0.0,0.0,0.0,0.0,0.0,0.0
4932.YDL078C,0.1290372193171332,0.019957972854995953,0.5037600290871638,0.0,0.0005911163795534915,0.0,0.0,0.0,0.0,0.0,0.0,0.0,0.0,0.0
4932.YKL134C,0.03952629960012304,0.006850532658257923,0.4711085779159954,0.0,7.791475766187772e-05,0.0,0.0,0.0,0.0,0.0,0.0,0.0,0.0,0.0
4932.YFR053C,0.09581667179329438,0.011885071494914903,0.4951989494890508,0.0,0.0003392113400209998,0.0,0.0,0.0,0.0,0.0,0.0,0.0,0.0,0.0
4932.YLR201C,0.045063057520762846,0.005586220386932073,0.4711427360205427,0.0,0.00029312695910695824,0.0,0.0,0.0,0.0,0.0,0.0,0.0,0.0,0.0
4932.YHR165C,0.09658566594893879,0.01920987302001976,0.49219819839382856,0.0,0.0002364951299167814,0.0,0.0,0.0,0.0,0.0,0.0,0.0,0.0,0.0
4932.YER070W,0.10735158412796063,0.019839947501916016,0.4986953657095414,0.0,0.00040701048490187724,0.0,0.0,0.0,0.0,0.0,0.0,0.0,0.0,0.0
4932.YER133W,0.168871116579514,0.02539331357859995,0.5270073491642598,0.0,0.001540705044368732,0.0,0.0,0.0,0.0,0.0,0.0,0.0,0.0,0.0
4932.YBR089C-A,0.06659489387880653,0.011020055937533446,0.49126790770358547,0.0,0.00021634819948518499,0.0,0.0,0.0,0.0,0.0,0.0,0.0,0.0,0.0
4932.YLR142W,0.08089818517379269,0.008454149971475257,0.4901561903292845,0.0,0.0005096700467430294,0.0,0.0,0.0,0.0,0.0,0.0,0.0,0.0,0.0
4932.YDL085W,0.06551830206090434,0.007216406218750744,0.4824053908830976,0.0,0.00027907688789653983,0.0,0.0,0.0,0.0,0.0,0.0,0.0,0.0,0.0
4932.YPR052C,0.0639803137496155,0.011797340327454752,0.48923359548225603,0.0,0.0003867836817251808,0.0,0.0,0.0,0.0,0.0,0.0,0.0,0.0,0.0
4932.YLR253W,0.017533066748692712,0.001888248362629738,0.4528854624474021,0.0,2.172342527325249e-05,0.0,0.0,0.0,0.0,0.0,0.0,0.0,0.0,0.0
4932.YPL269W,0.04936942479237158,0.005061124642609013,0.4784978361704952,0.0,0.0002433634248491355,0.0,0.0,0.0,0.0,0.0,0.0,0.0,0.0,0.0
4932.YLR014C,0.06751768686557982,0.010890879193500621,0.48842458021612484,0.0,0.0003082210308812121,0.0,0.0,0.0,0.0,0.0,0.0,0.0,0.0,0.0
4932.YGL119W,0.023531221162719166,0.003516753806921227,0.45792816174738016,0.0,3.511249674100881e-05,0.0,0.0,0.0,0.0,0.0,0.0,0.0,0.0,0.0
4932.YDR032C,0.05244540141494925,0.006320961570930503,0.472307066084847,0.0,0.00010346730994750817,0.0,0.0,0.0,0.0,0.0,0.0,0.0,0.0,0.0
4932.YIL144W,0.07182405413718856,0.008025383243895172,0.4847083854390068,0.0,0.0003766293089254924,0.0,0.0,0.0,0.0,0.0,0.0,0.0,0.0,0.0
4932.YML003W,0.08059058751153492,0.010744061953548817,0.4942196999692215,0.0,0.00017589775722878816,0.0,0.0,0.0,0.0,0.0,0.0,0.0,0.0,0.0
4932.YMR072W,0.06936327283912642,0.01245227737046005,0.49019316650538053,0.0,0.00019801168812155138,0.0,0.0,0.0,0.0,0.0,0.0,0.0,0.0,0.0
4932.YBR003W,0.07505382959089511,0.01374161893579624,0.4913050518066932,0.0,0.0002455164000118332,0.0,0.0,0.0,0.0,0.0,0.0,0.0,0.0,0.0
4932.YDR174W,0.08597354660104584,0.017830704478563855,0.49418211386381666,0.0,0.00022873947965053215,0.0,0.0,0.0,0.0,0.0,0.0,0.0,0.0,0.0
4932.YGR181W,0.05828975699784682,0.010006387364222553,0.4770575299313798,0.0,0.0001881019326501545,0.0,0.0,0.0,0.0,0.0,0.0,0.0,0.0,0.0
4932.YBL007C,0.13841894801599508,0.019749719636061275,0.5110499893979807,0.0,0.000854951800904739,0.0,0.0,0.0,0.0,0.0,0.0,0.0,0.0,0.0
4932.YKL055C,0.09966164257151647,0.013428637462159975,0.5029022997597186,0.0,0.0006505512784881491,0.0,0.0,0.0,0.0,0.0,0.0,0.0,0.0,0.0
4932.YDR234W,0.0938172869886189,0.01791893450566508,0.4920863775233112,0.0,0.00020406977410399588,0.0,0.0,0.0,0.0,0.0,0.0,0.0,0.0,0.0
4932.YDL002C,0.06059673946478007,0.009277176633237549,0.486013508989927,0.0,0.00018509419030916717,0.0,0.0,0.0,0.0,0.0,0.0,0.0,0.0,0.0
4932.YPR089W,0.12826822516148878,0.018336241762175666,0.5078149902465868,0.0,0.000747289545531002,0.0,0.0,0.0,0.0,0.0,0.0,0.0,0.0,0.0
4932.YBL027W,0.11273454321747155,0.030772874113519533,0.499231762077084,0.0,0.0001101001596969948,0.0,0.0,0.0,0.0,0.0,0.0,0.0,0.0,0.0
4932.YGR188C,0.07320824361734851,0.008371469939933374,0.4831945728134536,0.0,0.00019356212467275453,0.0,0.0,0.0,0.0,0.0,0.0,0.0,0.0,0.0
4932.YOL069W,0.06551830206090434,0.007699073891943805,0.48126208081731037,0.0,0.00020036386947402146,0.0,0.0,0.0,0.0,0.0,0.0,0.0,0.0,0.0
4932.YDL170W,0.05121501076591818,0.00492230921132503,0.4847445442144964,0.0,0.00028174811957296526,0.0,0.0,0.0,0.0,0.0,0.0,0.0,0.0,0.0
4932.YDL239C,0.06859427868348202,0.006210615481615261,0.4893072752406118,0.0,0.0006688299963573069,0.0,0.0,0.0,0.0,0.0,0.0,0.0,0.0,0.0
4932.YDL229W,0.2439249461704091,0.04768759955426205,0.5454088144364047,0.0,0.00193206015122794,0.0,0.0,0.0,0.0,0.0,0.0,0.0,0.0,0.0
4932.YMR272C,0.07613042140879729,0.009498749543171602,0.48615895669574477,0.0,0.0003443362984791818,0.0,0.0,0.0,0.0,0.0,0.0,0.0,0.0,0.0
4932.YIR034C,0.03137496155029222,0.0036757090273085748,0.45632026792102,0.0,3.823813605382644e-05,0.0,0.0,0.0,0.0,0.0,0.0,0.0,0.0,0.0
4932.YER137C,0.0030759766225776685,0.0003982368414287949,0.3813604445798066,0.0,2.9414286642417814e-06,0.0,0.0,0.0,0.0,0.0,0.0,0.0,0.0,0.0
4932.YER069W,0.0853583512765303,0.011942188908958472,0.495501038218341,0.0,0.00052566407707862,0.0,0.0,0.0,0.0,0.0,0.0,0.0,0.0,0.0
4932.YJL209W,0.011534912334666258,0.0021495494145202456,0.4244007978051939,0.0,1.0986449941840206e-05,0.0,0.0,0.0,0.0,0.0,0.0,0.0,0.0,0.0
4932.YPL070W,0.14426330359889267,0.01732843379222841,0.5127841394567018,0.0,0.0012242686873666492,0.0,0.0,0.0,0.0,0.0,0.0,0.0,0.0,0.0
4932.YDR106W,0.07182405413718856,0.01170908827401942,0.4876914301407479,0.0,0.0002133225817882651,0.0,0.0,0.0,0.0,0.0,0.0,0.0,0.0,0.0
4932.YKL054C,0.15933558904952322,0.02439444698075309,0.516287987859155,0.0,0.0008856073132916188,0.0,0.0,0.0,0.0,0.0,0.0,0.0,0.0,0.0
4932.YOR058C,0.09243309750845895,0.015803779689920423,0.4944453367216044,0.0,0.00029567224967109215,0.0,0.0,0.0,0.0,0.0,0.0,0.0,0.0,0.0
4932.YMR096W,0.031682559212549984,0.003827575774040344,0.4585744964852029,0.0,6.479211068323199e-05,0.0,0.0,0.0,0.0,0.0,0.0,0.0,0.0,0.0
4932.YBR084C-A,0.10289141802522302,0.028854344441312265,0.495501038218341,0.0,8.063398562948036e-05,0.0,0.0,0.0,0.0,0.0,0.0,0.0,0.0,0.0
4932.YER119C-A,0.0006151953245155337,1.4087238016641289e-05,0.3349830196512695,0.0,1.293400595247021e-07,0.0,0.0,0.0,0.0,0.0,0.0,0.0,0.0,0.0
4932.YNL225C,0.06290372193171333,0.007587536566804465,0.4851064289059593,0.0,0.00038697026230376366,0.0,0.0,0.0,0.0,0.0,0.0,0.0,0.0,0.0
4932.YGL188C-A,0.02199323285143033,0.0004518495036100038,0.4039286762724762,0.0,0.0004488245356570494,0.0,0.0,0.0,0.0,0.0,0.0,0.0,0.0,0.0
4932.YPR048W,0.03952629960012304,0.006563177790096803,0.46604035108623143,0.0,9.48889591213933e-05,0.0,0.0,0.0,0.0,0.0,0.0,0.0,0.0,0.0
4932.YCR095C,0.014149492463857275,0.0014704417247382,0.4560000431716017,0.0,4.806110556780042e-05,0.0,0.0,0.0,0.0,0.0,0.0,0.0,0.0,0.0
4932.YMR242C,0.12580744386342665,0.032633982385409724,0.5113314931692889,0.0,0.0005128506114159208,0.0,0.0,0.0,0.0,0.0,0.0,0.0,0.0,0.0
4932.YFL034C-A,0.07290064595509074,0.02153556378211,0.48236958022383825,0.0,4.171380626951327e-05,0.0,0.0,0.0,0.0,0.0,0.0,0.0,0.0,0.0
4932.YGR121C,0.0798215933558905,0.0072752548628267875,0.5018536156313967,0.0,0.0011925668188145768,0.0,0.0,0.0,0.0,0.0,0.0,0.0,0.0,0.0
4932.YML002W,0.10196862503844971,0.012775870694053542,0.49915506338879434,0.0,0.00034493193630758716,0.0,0.0,0.0,0.0,0.0,0.0,0.0,0.0,0.0
4932.YGR022C,0.011842509996924024,0.00034563585990858515,0.42153750341844465,0.0,0.00017564601279245227,0.0,0.0,0.0,0.0,0.0,0.0,0.0,0.0,0.0
4932.YMR122C,0.01122731467240849,0.0007254885722946167,0.44228155562178906,0.0,5.637598399175969e-05,0.0,0.0,0.0,0.0,0.0,0.0,0.0,0.0,0.0
4932.YIR007W,0.10842817594586282,0.013761365410174595,0.5026688802657481,0.0,0.0003722936842242542,0.0,0.0,0.0,0.0,0.0,0.0,0.0,0.0,0.0
4932.YBR218C,0.04490925868963396,0.006685416350024753,0.47203258863833536,0.0,5.2862960441769955e-05,0.0,0.0,0.0,0.0,0.0,0.0,0.0,0.0,0.0
4932.YPL210C,0.0696708705013842,0.016549071911282392,0.4812264396945364,0.0,0.00013454190247712302,0.0,0.0,0.0,0.0,0.0,0.0,0.0,0.0,0.0
4932.YIR008C,0.07474623192863734,0.009107274286125665,0.49671308784553775,0.0,0.0004698164955307716,0.0,0.0,0.0,0.0,0.0,0.0,0.0,0.0,0.0
4932.YLR235C,0.023223623500461397,0.0011027574775249066,0.46301842776081836,0.0,0.0010042764409245993,0.0,0.0,0.0,0.0,0.0,0.0,0.0,0.0,0.0
4932.YNL050C,0.11211934789295602,0.01844364832530714,0.5057990671125807,0.0,0.000690185116117893,0.0,0.0,0.0,0.0,0.0,0.0,0.0,0.0,0.0
4932.YLR162W,0.018148262073208243,0.001046851756537498,0.45902801746222976,0.0,0.0010115126004009325,0.0,0.0,0.0,0.0,0.0,0.0,0.0,0.0,0.0
4932.YNL296W,0.010458320516764073,0.00027492759986850557,0.4124928975557243,0.0,0.0004640959045273183,0.0,0.0,0.0,0.0,0.0,0.0,0.0,0.0,0.0
4932.YNL111C,0.054598585050753615,0.008594756713776608,0.4809415006435737,0.0,0.00020684418850232543,0.0,0.0,0.0,0.0,0.0,0.0,0.0,0.0,0.0
4932.YDR193W,0.02107043986465703,0.0013171185576849676,0.4656062349667042,0.0,0.0007103515360155208,0.0,0.0,0.0,0.0,0.0,0.0,0.0,0.0,0.0
4932.YBR009C,0.14580129191018149,0.023739990209113253,0.5213833439136103,0.0,0.002060055403669618,0.0,0.0,0.0,0.0,0.0,0.0,0.0,0.0,0.0
4932.YAL034C-B,0.007536142725315288,3.0165682783267723e-05,0.3551014052787215,0.0,0.0005226122150059552,0.0,0.0,0.0,0.0,0.0,0.0,0.0,0.0,0.0
4932.YDR485C,0.07090126115041526,0.00716047658342612,0.49108227140230687,0.0,0.0005268058444211393,0.0,0.0,0.0,0.0,0.0,0.0,0.0,0.0,0.0
4932.YCR093W,0.07059366348815749,0.01209090485526239,0.48597716066078267,0.0,0.00035058986227837316,0.0,0.0,0.0,0.0,0.0,0.0,0.0,0.0,0.0
4932.YPR177C,0.01661027376191941,0.00028084014164168794,0.4182005802030715,0.0,0.0005081856814208259,0.0,0.0,0.0,0.0,0.0,0.0,0.0,0.0,0.0
4932.YER080W,0.07443863426637957,0.010253630140537925,0.4929823697136276,0.0,0.000202742267658769,0.0,0.0,0.0,0.0,0.0,0.0,0.0,0.0,0.0
4932.YGR164W,0.010919717010150723,0.00016333310148661885,0.386601654878351,0.0,0.00043005273576031205,0.0,0.0,0.0,0.0,0.0,0.0,0.0,0.0,0.0
4932.YML097C,0.12319286373423563,0.016817852345450073,0.5041117622339274,0.0,0.0006820319702851128,0.0,0.0,0.0,0.0,0.0,0.0,0.0,0.0,0.0
4932.YOR041C,0.007228545063057521,0.00025465402809005317,0.40724496209547034,0.0,0.00012639285622007297,0.0,0.0,0.0,0.0,0.0,0.0,0.0,0.0,0.0
4932.YHR049C-A,0.005998154414026454,6.992034035166724e-05,0.3596812030994866,0.0,0.00021990866026113024,0.0,0.0,0.0,0.0,0.0,0.0,0.0,0.0,0.0
4932.YOR147W,0.02860658258997232,0.0030308727467002147,0.46805449940180976,0.0,0.00010948816384661207,0.0,0.0,0.0,0.0,0.0,0.0,0.0,0.0,0.0
4932.YJL165C,0.0556751768686558,0.006314665188118753,0.4815117165761634,0.0,0.00042751310732424126,0.0,0.0,0.0,0.0,0.0,0.0,0.0,0.0,0.0
4932.YNL030W,0.12888342048600432,0.022685428970214635,0.5153462300892477,0.0,0.0011613911745308478,0.0,0.0,0.0,0.0,0.0,0.0,0.0,0.0,0.0
4932.YGR242W,0.015072285450630576,0.0006215080172383231,0.43528943027835776,0.0,0.0003401373410691735,0.0,0.0,0.0,0.0,0.0,0.0,0.0,0.0,0.0
4932.YJL076W,0.12303906490310675,0.020597864698123285,0.5072996030287551,0.0,0.0005372125067372018,0.0,0.0,0.0,0.0,0.0,0.0,0.0,0.0,0.0
4932.YOR202W,0.0927406951707167,0.013835846853936726,0.4981219329394653,0.0,0.0008206498858125378,0.0,0.0,0.0,0.0,0.0,0.0,0.0,0.0,0.0
4932.YDR510W,0.20378345124577055,0.03620953891749292,0.5313164852980642,0.0,0.0023010259907032364,0.0,0.0,0.0,0.0,0.0,0.0,0.0,0.0,0.0
4932.YDR029W,0.00584435558289757,0.00014538350508737426,0.38703916940826283,0.0,0.0001948299949999279,0.0,0.0,0.0,0.0,0.0,0.0,0.0,0.0,0.0
4932.YCL041C,0.004767763764995386,0.00019984050863122808,0.3962920421537674,0.0,1.962984111930587e-05,0.0,0.0,0.0,0.0,0.0,0.0,0.0,0.0,0.0
4932.YMR075C-A,0.010458320516764073,0.0004242925985384715,0.4282889938831614,0.0,0.00023643448871347398,0.0,0.0,0.0,0.0,0.0,0.0,0.0,0.0,0.0
4932.YPR124W,0.03306674869270994,0.003191467300839151,0.480834735473977,0.0,0.00018047818313552677,0.0,0.0,0.0,0.0,0.0,0.0,0.0,0.0,0.0
4932.YPR180W,0.09920024607812981,0.014713099693639722,0.4985805735590673,0.0,0.0005621543236527739,0.0,0.0,0.0,0.0,0.0,0.0,0.0,0.0,0.0
4932.YFL054C,0.11258074438634268,0.013675693825423517,0.5077753078999238,0.0,0.0010375105114325974,0.0,0.0,0.0,0.0,0.0,0.0,0.0,0.0,0.0
4932.YGR140W,0.10150722854506307,0.014219711364864406,0.5022803289166982,0.0,0.000611519779883099,0.0,0.0,0.0,0.0,0.0,0.0,0.0,0.0,0.0
4932.YER103W,0.19563211319593973,0.037090888022627715,0.5307956718832972,0.0,0.0010869808037882694,0.0,0.0,0.0,0.0,0.0,0.0,0.0,0.0,0.0
4932.YLR371W,0.0798215933558905,0.00817895277081464,0.4983893707006692,0.0,0.0006913308823810168,0.0,0.0,0.0,0.0,0.0,0.0,0.0,0.0,0.0
4932.YFR045W,0.035681328821900955,0.003753263876405554,0.4761486491679728,0.0,0.00016775915188370024,0.0,0.0,0.0,0.0,0.0,0.0,0.0,0.0,0.0
4932.YOR083W,0.11150415256844048,0.01476217921202973,0.5071412327476255,0.0,0.0014619552121750094,0.0,0.0,0.0,0.0,0.0,0.0,0.0,0.0,0.0
4932.YLR150W,0.11165795139956937,0.029348058308631318,0.49892510866057466,0.0,0.00017993519201572034,0.0,0.0,0.0,0.0,0.0,0.0,0.0,0.0,0.0
4932.YGL049C,0.0964318671178099,0.02216800682853167,0.49865709578661077,0.0,0.00026461551835701633,0.0,0.0,0.0,0.0,0.0,0.0,0.0,0.0,0.0
4932.YCR018C-A,0.02153183635804368,0.001812321851404719,0.4693052589336505,0.0,0.0009487978368858607,0.0,0.0,0.0,0.0,0.0,0.0,0.0,0.0,0.0
4932.YGL237C,0.04337127037834513,0.0042912638082878984,0.4824053908830976,0.0,0.00020932246167727054,0.0,0.0,0.0,0.0,0.0,0.0,0.0,0.0,0.0
4932.YOR167C,0.11888649646262689,0.028778259610197917,0.5054842952310638,0.0,0.0003900390982148988,0.0,0.0,0.0,0.0,0.0,0.0,0.0,0.0,0.0
4932.YPL073C,0.008151338049830821,7.077321327949942e-05,0.36699427398595535,0.0,0.00017428722361438853,0.0,0.0,0.0,0.0,0.0,0.0,0.0,0.0,0.0
4932.YLL024C,0.25299907720701326,0.04528317070896388,0.5558122158237383,0.0,0.003044734274595206,0.0,0.0,0.0,0.0,0.0,0.0,0.0,0.0,0.0
4932.YEL037C,0.20086127345432175,0.036076096563958354,0.5352113182765278,0.0,0.002055077808884087,0.0,0.0,0.0,0.0,0.0,0.0,0.0,0.0,0.0
4932.YFR056C,0.011073515841279608,0.00030969687351113017,0.4085764974343137,0.0,0.00010964142524558885,0.0,0.0,0.0,0.0,0.0,0.0,0.0,0.0,0.0
4932.YLR385C,0.03768071362657644,0.0034697025063840908,0.48608622196254675,0.0,0.0006410757813566164,0.0,0.0,0.0,0.0,0.0,0.0,0.0,0.0,0.0
4932.YFL038C,0.08089818517379269,0.01141095374644865,0.4935065402290062,0.0,0.0004591281766971965,0.0,0.0,0.0,0.0,0.0,0.0,0.0,0.0,0.0
4932.YMR033W,0.12857582282374655,0.021903133979280013,0.5046598800244894,0.0,0.0006279921193108347,0.0,0.0,0.0,0.0,0.0,0.0,0.0,0.0,0.0
4932.YDR169C,0.034758535835127655,0.003296533546238126,0.4773729514542554,0.0,0.0002208655184199317,0.0,0.0,0.0,0.0,0.0,0.0,0.0,0.0,0.0
4932.YDR522C,0.04214087972931406,0.006155612154393805,0.4847083854390068,0.0,0.0010780248739536615,0.0,0.0,0.0,0.0,0.0,0.0,0.0,0.0,0.0
4932.YDR292C,0.09796985542909875,0.02093698136316097,0.49414453347492965,0.0,0.0002802559969703471,0.0,0.0,0.0,0.0,0.0,0.0,0.0,0.0,0.0
4932.YNL017C,0.008305136880959706,3.3008484878749226e-05,0.35263475417568374,0.0,0.00011542659434132002,0.0,0.0,0.0,0.0,0.0,0.0,0.0,0.0,0.0
4932.YLR318W,0.042294678560442944,0.005986026187321985,0.4736152051891636,0.0,0.00011943552481815303,0.0,0.0,0.0,0.0,0.0,0.0,0.0,0.0,0.0
4932.YGR053C,0.09766225776684098,0.012419790414667342,0.49888680346989056,0.0,0.0002898645738266629,0.0,0.0,0.0,0.0,0.0,0.0,0.0,0.0,0.0
4932.YMR251W-A,0.04660104583205168,0.004073485128561666,0.4810483132362544,0.0,0.0011425060958590505,0.0,0.0,0.0,0.0,0.0,0.0,0.0,0.0,0.0
4932.YDR491C,0.003229775453706552,3.654898978633891e-05,0.3470783364595302,0.0,2.788616231863405e-06,0.0,0.0,0.0,0.0,0.0,0.0,0.0,0.0,0.0
4932.YDR034C-A,0.0259920024607813,0.001272648745242785,0.45351763087627894,0.0,0.0008796228475800493,0.0,0.0,0.0,0.0,0.0,0.0,0.0,0.0,0.0
4932.YLR282C,0.008920332205475239,8.389845809157638e-05,0.36767954592855345,0.0,0.00013101601526350305,0.0,0.0,0.0,0.0,0.0,0.0,0.0,0.0,0.0
4932.YGR025W,0.006459550907413104,3.6083511704376185e-05,0.3511483715317657,0.0,0.00020766920748455488,0.0,0.0,0.0,0.0,0.0,0.0,0.0,0.0,0.0
4932.YBR232C,0.02291602583820363,0.001239574520879857,0.4659066907001738,0.0,0.0007036711880165518,0.0,0.0,0.0,0.0,0.0,0.0,0.0,0.0,0.0
4932.YCL058C,0.021224238695785914,0.0024752674619182434,0.4525070066292009,0.0,0.0009913427398948302,0.0,0.0,0.0,0.0,0.0,0.0,0.0,0.0,0.0
4932.YNL023C,0.07397723777299293,0.015259270591813028,0.4954632569725753,0.0,0.0003842158503413047,0.0,0.0,0.0,0.0,0.0,0.0,0.0,0.0,0.0
4932.YLR402W,0.02107043986465703,0.0006931326184639295,0.44804527443944875,0.0,0.0007143624412994697,0.0,0.0,0.0,0.0,0.0,0.0,0.0,0.0,0.0
4932.YPR123C,0.007997539218701938,0.0007708453611202225,0.44318651038025675,0.0,4.776207484833734e-05,0.0,0.0,0.0,0.0,0.0,0.0,0.0,0.0,0.0
4932.YNR032W,0.10519840049215627,0.015244954982071847,0.5016211683800621,0.0,0.0005760835188716997,0.0,0.0,0.0,0.0,0.0,0.0,0.0,0.0,0.0
4932.YGL145W,0.04890802829898493,0.005069793460187163,0.4867780818934246,0.0,0.00037420603717428343,0.0,0.0,0.0,0.0,0.0,0.0,0.0,0.0,0.0
4932.YMR156C,0.06521070439864657,0.007231393518538693,0.4953877117630041,0.0,0.0005126529218759305,0.0,0.0,0.0,0.0,0.0,0.0,0.0,0.0,0.0
4932.YGL044C,0.09704706244232544,0.0177884679918037,0.49580349574205135,0.0,0.000388396084801944,0.0,0.0,0.0,0.0,0.0,0.0,0.0,0.0,0.0
4932.YBL097W,0.0510612119347893,0.007793990169144532,0.47254749583269035,0.0,0.0003222014383817899,0.0,0.0,0.0,0.0,0.0,0.0,0.0,0.0,0.0
4932.YER046W-A,0.00538295908951092,6.045361332998004e-05,0.36192495350313714,0.0,0.0002784911094840663,0.0,0.0,0.0,0.0,0.0,0.0,0.0,0.0,0.0
4932.YOR235W,0.015533681944017226,0.0007132312672257156,0.4434889854760664,0.0,0.0003004222221022839,0.0,0.0,0.0,0.0,0.0,0.0,0.0,0.0,0.0
4932.YBR289W,0.04690864349430945,0.007572497508393922,0.474722429514562,0.0,4.960002237498364e-05,0.0,0.0,0.0,0.0,0.0,0.0,0.0,0.0,0.0
4932.YER135C,0.011381113503537373,0.0002721862450017524,0.41611171972306127,0.0,0.0002577588330784095,0.0,0.0,0.0,0.0,0.0,0.0,0.0,0.0,0.0
4932.YDL036C,0.05336819440172255,0.012365031015209048,0.47590454190679105,0.0,6.724513484320295e-05,0.0,0.0,0.0,0.0,0.0,0.0,0.0,0.0,0.0
4932.YDR274C,0.02722239310981237,0.0022041728451416233,0.4778292973891701,0.0,0.0003743209257416123,0.0,0.0,0.0,0.0,0.0,0.0,0.0,0.0,0.0
4932.YMR192W,0.023069824669332516,0.0020999628651257895,0.4703583507198932,0.0,0.00013016611940324402,0.0,0.0,0.0,0.0,0.0,0.0,0.0,0.0,0.0
4932.YNL013C,0.024607812980621348,0.0014253085418898961,0.4693730580175762,0.0,0.0010522480500983005,0.0,0.0,0.0,0.0,0.0,0.0,0.0,0.0,0.0
4932.YIR030C,0.039833897262380805,0.004082512787569678,0.4752779853127066,0.0,0.00010625560963398727,0.0,0.0,0.0,0.0,0.0,0.0,0.0,0.0,0.0
4932.YDL032W,0.016302676099661642,0.0005911994242769609,0.4393212504357599,0.0,0.0006415154890090444,0.0,0.0,0.0,0.0,0.0,0.0,0.0,0.0,0.0
4932.YLR057W,0.019378652722239313,0.0024937183264924175,0.45648054901266766,0.0,2.926878594630732e-05,0.0,0.0,0.0,0.0,0.0,0.0,0.0,0.0,0.0
4932.YMR254C,0.012457705321439558,0.000261369132239812,0.4070408804306768,0.0,0.00012853991950882138,0.0,0.0,0.0,0.0,0.0,0.0,0.0,0.0,0.0
4932.YIL025C,0.011996308828052908,0.00036334417312973373,0.4218385234481514,0.0,0.00012146685718730331,0.0,0.0,0.0,0.0,0.0,0.0,0.0,0.0,0.0
4932.YGR060W,0.05921254998462012,0.008561449603580828,0.48194026664654194,0.0,0.00024959737406733673,0.0,0.0,0.0,0.0,0.0,0.0,0.0,0.0,0.0
4932.YGL216W,0.06274992310058444,0.007556672359545748,0.482799659350273,0.0,0.0004225185372182446,0.0,0.0,0.0,0.0,0.0,0.0,0.0,0.0,0.0
4932.YLR035C,0.042909873884958476,0.0051084831681734695,0.4830149866346038,0.0,0.00020762791534292366,0.0,0.0,0.0,0.0,0.0,0.0,0.0,0.0,0.0
4932.YMR153W,0.0975084589357121,0.01574591193536877,0.4997308786584115,0.0,0.0004530393253003378,0.0,0.0,0.0,0.0,0.0,0.0,0.0,0.0,0.0
4932.YKL066W,0.01430329129498616,0.0005804387880065121,0.4355812183399467,0.0,0.0014159730923417274,0.0,0.0,0.0,0.0,0.0,0.0,0.0,0.0,0.0
4932.YNL011C,0.06521070439864657,0.00894511474925912,0.49553882522651754,0.0,0.00032706797790208787,0.0,0.0,0.0,0.0,0.0,0.0,0.0,0.0,0.0
4932.YER066C-A,0.01076591817902184,0.00020366020432494754,0.3919416499906704,0.0,0.0002514667636601092,0.0,0.0,0.0,0.0,0.0,0.0,0.0,0.0,0.0
4932.YDL142C,0.09135650569055676,0.009542445969608168,0.5043856722188407,0.0,0.001300586857942361,0.0,0.0,0.0,0.0,0.0,0.0,0.0,0.0,0.0
4932.YKL152C,0.09443248231313442,0.018545861265280735,0.49819831443650425,0.0,0.000319723839394931,0.0,0.0,0.0,0.0,0.0,0.0,0.0,0.0,0.0
4932.YEL043W,0.03737311596431867,0.004614055979049414,0.47945108944110715,0.0,0.00016848628208044936,0.0,0.0,0.0,0.0,0.0,0.0,0.0,0.0,0.0
4932.YNL031C,0.17640725930482928,0.026703824340981962,0.5318818543992244,0.0,0.0019907212778416668,0.0,0.0,0.0,0.0,0.0,0.0,0.0,0.0,0.0
4932.YMR160W,0.022300830513688096,0.001859956586591707,0.46570634381103165,0.0,7.447025651465779e-05,0.0,0.0,0.0,0.0,0.0,0.0,0.0,0.0,0.0
4932.YJR037W,0.010612119347892957,7.883614937222847e-05,0.3685554202935355,0.0,0.00010489131578409864,0.0,0.0,0.0,0.0,0.0,0.0,0.0,0.0,0.0
4932.YDR355C,0.011534912334666258,0.00021271025478272683,0.4084737625845691,0.0,0.0009457454532612485,0.0,0.0,0.0,0.0,0.0,0.0,0.0,0.0,0.0
4932.YDR535C,0.030452168563518917,0.0020169873927336004,0.4796988494902794,0.0,0.0007479846278047329,0.0,0.0,0.0,0.0,0.0,0.0,0.0,0.0,0.0
4932.YEL015W,0.07490003075976623,0.012398893736623045,0.4978166410170325,0.0,0.0004984828630283175,0.0,0.0,0.0,0.0,0.0,0.0,0.0,0.0,0.0
4932.YOL085C,0.01030452168563519,0.000148813962314337,0.3860962932379872,0.0,0.00010057476896162302,0.0,0.0,0.0,0.0,0.0,0.0,0.0,0.0,0.0
4932.YEL075W-A,0.009689326361119657,0.00017066342099585194,0.3875238916504845,0.0,0.00014368613870970726,0.0,0.0,0.0,0.0,0.0,0.0,0.0,0.0,0.0
4932.YAL009W,0.11396493386650262,0.014328957608195773,0.5108089470320986,0.0,0.0011414137085822723,0.0,0.0,0.0,0.0,0.0,0.0,0.0,0.0,0.0
4932.YHR139C-A,0.023531221162719166,0.0013295597510672719,0.4687635705666805,0.0,0.0006406005764669872,0.0,0.0,0.0,0.0,0.0,0.0,0.0,0.0,0.0
4932.YOR376W,0.008920332205475239,0.00010657519745203434,0.37389956931902435,0.0,0.00013652056744777377,0.0,0.0,0.0,0.0,0.0,0.0,0.0,0.0,0.0
4932.YLL063C,0.05275299907720701,0.005605134160236011,0.4810483132362544,0.0,0.0004788181971501102,0.0,0.0,0.0,0.0,0.0,0.0,0.0,0.0,0.0
4932.YPR021C,0.017225469086434943,0.0017910323599624016,0.4556483146480138,0.0,2.9112655480504102e-05,0.0,0.0,0.0,0.0,0.0,0.0,0.0,0.0,0.0
4932.YLR365W,0.007382343894186405,4.3011001901934934e-05,0.3530179070568439,0.0,2.2520954875909816e-05,0.0,0.0,0.0,0.0,0.0,0.0,0.0,0.0,0.0
4932.YGR250C,0.07766840972008614,0.013745761375767863,0.4890863025135725,0.0,0.00023937239392891356,0.0,0.0,0.0,0.0,0.0,0.0,0.0,0.0,0.0
4932.YNL324W,0.01168871116579514,0.00023885728116964562,0.41742150801023475,0.0,0.0006184991677874239,0.0,0.0,0.0,0.0,0.0,0.0,0.0,0.0,0.0
4932.YBR152W,0.02952937557674562,0.002925779020725203,0.471621470111433,0.0,0.00025968676997234307,0.0,0.0,0.0,0.0,0.0,0.0,0.0,0.0,0.0
4932.YHR105W,0.02814518609658567,0.001966773891651736,0.4740643915660119,0.0,0.00019241842044468742,0.0,0.0,0.0,0.0,0.0,0.0,0.0,0.0,0.0
4932.YKL090W,0.012611504152568441,0.0012335067950108016,0.447613185588987,0.0,2.9544446165864877e-05,0.0,0.0,0.0,0.0,0.0,0.0,0.0,0.0,0.0
4932.YJL013C,0.056751768686557985,0.006359294282051494,0.47856831751328066,0.0,0.0001263194913995878,0.0,0.0,0.0,0.0,0.0,0.0,0.0,0.0,0.0
4932.YPR133W-A,0.04629344816979391,0.003496829776952636,0.4831945728134536,0.0,0.001713799836382972,0.0,0.0,0.0,0.0,0.0,0.0,0.0,0.0,0.0
4932.YFR038W,0.14733928022147033,0.0232758827799856,0.5179753379988301,0.0,0.0008019301556758978,0.0,0.0,0.0,0.0,0.0,0.0,0.0,0.0,0.0
4932.YDR544C,0.01476468778837281,0.00018764688906958065,0.393627369469065,0.0,0.00024869066764395806,0.0,0.0,0.0,0.0,0.0,0.0,0.0,0.0,0.0
4932.YBL104C,0.04521685635189173,0.006016981615093172,0.47663761572620295,0.0,0.00014991158243370516,0.0,0.0,0.0,0.0,0.0,0.0,0.0,0.0,0.0
4932.YGL090W,0.013226699477083975,0.0008887836210936403,0.4331422887078606,0.0,2.8826082214282587e-05,0.0,0.0,0.0,0.0,0.0,0.0,0.0,0.0,0.0
4932.YGR201C,0.12673023685019993,0.026895540803277943,0.5155097671713864,0.0,0.0007888642379307356,0.0,0.0,0.0,0.0,0.0,0.0,0.0,0.0,0.0
4932.YLR110C,0.050138418948015996,0.008881533768007944,0.4798405416626292,0.0,0.00019529322385088688,0.0,0.0,0.0,0.0,0.0,0.0,0.0,0.0,0.0
4932.YKL053C-A,0.02291602583820363,0.002615449799380796,0.44838535848711875,0.0,3.5671033051227314e-05,0.0,0.0,0.0,0.0,0.0,0.0,0.0,0.0,0.0
4932.YGR007W,0.021839434020301446,0.002405946492923383,0.45596804541402886,0.0,2.8206332994524584e-05,0.0,0.0,0.0,0.0,0.0,0.0,0.0,0.0,0.0
4932.YLR029C,0.11827130113811135,0.03207903667601571,0.5010023604622456,0.0,0.0001267629200522584,0.0,0.0,0.0,0.0,0.0,0.0,0.0,0.0,0.0
4932.YLR193C,0.025223008305136883,0.0026711648145148438,0.4601657542097107,0.0,6.528712157641786e-05,0.0,0.0,0.0,0.0,0.0,0.0,0.0,0.0,0.0
4932.YLR449W,0.12549984620116889,0.031200590618061855,0.5039162943152636,0.0,0.0003098585835329615,0.0,0.0,0.0,0.0,0.0,0.0,0.0,0.0,0.0
4932.YGL106W,0.10504460166102739,0.017557476217175304,0.5000000473372826,0.0,0.0004394149836709567,0.0,0.0,0.0,0.0,0.0,0.0,0.0,0.0,0.0
4932.YDR493W,0.03937250076899416,0.007207888974086208,0.4648734164540939,0.0,0.00014979656386949626,0.0,0.0,0.0,0.0,0.0,0.0,0.0,0.0,0.0
4932.YOR228C,0.012919101814826209,0.0008329027978909241,0.4410208100444771,0.0,3.2138353380365114e-05,0.0,0.0,0.0,0.0,0.0,0.0,0.0,0.0,0.0
4932.YNL037C,0.08397416179637035,0.013427275497951417,0.4900083413916993,0.0,0.00016816278134912661,0.0,0.0,0.0,0.0,0.0,0.0,0.0,0.0,0.0
4932.YBR268W,0.06705629037219317,0.012641149430889238,0.4839863410692183,0.0,0.00014703442111304509,0.0,0.0,0.0,0.0,0.0,0.0,0.0,0.0,0.0
4932.YPL098C,0.04044909258689634,0.0059390140335306724,0.46414290108538037,0.0,9.901142249319674e-05,0.0,0.0,0.0,0.0,0.0,0.0,0.0,0.0,0.0
4932.YOR086C,0.024300215318363582,0.0024277302299360645,0.4624253213204757,0.0,6.091528900876172e-05,0.0,0.0,0.0,0.0,0.0,0.0,0.0,0.0,0.0
4932.YOL121C,0.14410950476776377,0.03670330071881809,0.5102073347358138,0.0,0.0002663175028975365,0.0,0.0,0.0,0.0,0.0,0.0,0.0,0.0,0.0
4932.YDL211C,0.004152568440479853,0.00048559082536940394,0.4157922072687052,0.0,1.3147844147780947e-06,0.0,0.0,0.0,0.0,0.0,0.0,0.0,0.0,0.0
4932.YJL180C,0.03521993232851431,0.005759854843818466,0.4619322254350839,0.0,6.505243112988812e-05,0.0,0.0,0.0,0.0,0.0,0.0,0.0,0.0,0.0
4932.YJR135W-A,0.054598585050753615,0.008208734895528817,0.47420277422428114,0.0,0.00015016100521067803,0.0,0.0,0.0,0.0,0.0,0.0,0.0,0.0,0.0
4932.YDR164C,0.031221162719163337,0.0036642228444346385,0.46338163126259174,0.0,4.512356451088368e-05,0.0,0.0,0.0,0.0,0.0,0.0,0.0,0.0,0.0
4932.YOR369C,0.1865579821593356,0.043094375371475244,0.5250061093314474,0.0,0.0006011661059768874,0.0,0.0,0.0,0.0,0.0,0.0,0.0,0.0,0.0
4932.YDR179W-A,0.021685635189172565,0.002134624632973906,0.4696105091562712,0.0,5.092755536425943e-05,0.0,0.0,0.0,0.0,0.0,0.0,0.0,0.0,0.0
4932.YLR170C,0.013995693632728392,0.00216077324024938,0.4464445630501769,0.0,7.4245471527344984e-06,0.0,0.0,0.0,0.0,0.0,0.0,0.0,0.0,0.0
4932.YPL249C-A,0.08151338049830821,0.02317181002142479,0.48362612497732393,0.0,6.131518459704696e-05,0.0,0.0,0.0,0.0,0.0,0.0,0.0,0.0,0.0
4932.YBR086C,0.025684404798523533,0.002222249560544272,0.45847742998626434,0.0,6.471361159402357e-05,0.0,0.0,0.0,0.0,0.0,0.0,0.0,0.0,0.0
4932.YNR020C,0.03891110427560751,0.0046090660623264185,0.46510633563777287,0.0,0.0003208108218561091,0.0,0.0,0.0,0.0,0.0,0.0,0.0,0.0,0.0
4932.YLR190W,0.01614887726853276,0.0015657784941024992,0.45580812396151266,0.0,2.3432206225774022e-05,0.0,0.0,0.0,0.0,0.0,0.0,0.0,0.0,0.0
4932.YNL252C,0.06613349738541988,0.014667810102649783,0.47952185190726326,0.0,7.195514118105262e-05,0.0,0.0,0.0,0.0,0.0,0.0,0.0,0.0,0.0
4932.YML072C,0.035681328821900955,0.004013056643576606,0.4676502781716679,0.0,0.0001367652316305519,0.0,0.0,0.0,0.0,0.0,0.0,0.0,0.0,0.0
4932.YKL087C,0.03629652414641649,0.0048286712404250025,0.4647071883855628,0.0,5.977833646844629e-05,0.0,0.0,0.0,0.0,0.0,0.0,0.0,0.0,0.0
4932.YGR235C,0.015226084281759459,0.0011808528182238214,0.42908086471178847,0.0,1.696833099611712e-05,0.0,0.0,0.0,0.0,0.0,0.0,0.0,0.0,0.0
4932.YHL020C,0.03614272531528761,0.00434687596477977,0.47330472832655873,0.0,0.00010789565937787554,0.0,0.0,0.0,0.0,0.0,0.0,0.0,0.0,0.0
4932.YNL096C,0.10750538295908951,0.029695939335561906,0.49482185616778285,0.0,0.00016038351198089558,0.0,0.0,0.0,0.0,0.0,0.0,0.0,0.0,0.0
4932.YOR391C,0.04567825284527838,0.00876233327289782,0.4739952305197553,0.0,0.0001235947687375314,0.0,0.0,0.0,0.0,0.0,0.0,0.0,0.0,0.0
4932.YGR148C,0.09058751153491235,0.025957084666545418,0.48923359548225603,0.0,0.00012062158254170018,0.0,0.0,0.0,0.0,0.0,0.0,0.0,0.0,0.0
4932.YNL162W,0.08520455244540141,0.023353915650893817,0.48871845782154966,0.0,6.972073261802894e-05,0.0,0.0,0.0,0.0,0.0,0.0,0.0,0.0,0.0
4932.YOL027C,0.02199323285143033,0.004115886100423369,0.4534543346263311,0.0,2.069638621252301e-05,0.0,0.0,0.0,0.0,0.0,0.0,0.0,0.0,0.0
4932.YGR243W,0.04783143648108275,0.004629395622760953,0.47039240011548605,0.0,0.00021425822486050982,0.0,0.0,0.0,0.0,0.0,0.0,0.0,0.0,0.0
4932.YLR441C,0.16256536450322978,0.03959200807874579,0.5166163631098207,0.0,0.0004058721601744215,0.0,0.0,0.0,0.0,0.0,0.0,0.0,0.0,0.0
4932.YDL100C,0.05828975699784682,0.008757955235481346,0.47751327272158467,0.0,0.00017420488016621732,0.0,0.0,0.0,0.0,0.0,0.0,0.0,0.0,0.0
4932.YHR203C,0.12673023685019993,0.03346185876064049,0.505130644837945,0.0,0.00018688438837742937,0.0,0.0,0.0,0.0,0.0,0.0,0.0,0.0,0.0
4932.YGR096W,0.03229775453706552,0.00972085564107463,0.4479526137595012,0.0,2.2110159655897115e-05,0.0,0.0,0.0,0.0,0.0,0.0,0.0,0.0,0.0
4932.YBR282W,0.05244540141494925,0.011092556833402155,0.4727537733863459,0.0,8.064023671629363e-05,0.0,0.0,0.0,0.0,0.0,0.0,0.0,0.0,0.0
4932.YHR005C-A,0.08412796062749923,0.015330161477495434,0.48525133411958216,0.0,0.0002876523746819829,0.0,0.0,0.0,0.0,0.0,0.0,0.0,0.0,0.0
4932.YMR162C,0.03860350661334974,0.0039943079695712695,0.47073316540099425,0.0,8.81656041899366e-05,0.0,0.0,0.0,0.0,0.0,0.0,0.0,0.0,0.0
4932.YOR291W,0.04121808674254076,0.004609938460973294,0.4740643915660119,0.0,0.00011703074703356325,0.0,0.0,0.0,0.0,0.0,0.0,0.0,0.0,0.0
4932.YLL045C,0.16471854813903417,0.040218594787881645,0.5194245096079396,0.0,0.00041564842199665617,0.0,0.0,0.0,0.0,0.0,0.0,0.0,0.0,0.0
4932.YMR098C,0.02014764687788373,0.0029754260216067114,0.44213108901104475,0.0,3.4834479280042614e-05,0.0,0.0,0.0,0.0,0.0,0.0,0.0,0.0,0.0
4932.YNL129W,0.05721316517994464,0.00931393766764988,0.4807635850248095,0.0,0.0003225566844273493,0.0,0.0,0.0,0.0,0.0,0.0,0.0,0.0,0.0
4932.YDL044C,0.05059981544140265,0.009528354898871666,0.48005323693818885,0.0,0.00012514633342701156,0.0,0.0,0.0,0.0,0.0,0.0,0.0,0.0,0.0
4932.YFR027W,0.059981544140264534,0.00754396875777134,0.4780050474617717,0.0,0.00015586802085671694,0.0,0.0,0.0,0.0,0.0,0.0,0.0,0.0,0.0
4932.YDR038C,0.02952937557674562,0.0034872124438310313,0.46802078761130256,0.0,0.0001782151248376144,0.0,0.0,0.0,0.0,0.0,0.0,0.0,0.0,0.0
4932.YHR024C,0.07320824361734851,0.013213610895978504,0.4850702161238672,0.0,0.0001291048235316239,0.0,0.0,0.0,0.0,0.0,0.0,0.0,0.0,0.0
4932.YKR094C,0.11273454321747155,0.02809134557687864,0.4993852301871599,0.0,0.00020551607948526187,0.0,0.0,0.0,0.0,0.0,0.0,0.0,0.0,0.0
4932.YPL090C,0.12042448477391572,0.032595352126737365,0.5036038607452007,0.0,0.00016208007135364879,0.0,0.0,0.0,0.0,0.0,0.0,0.0,0.0,0.0
4932.YJL143W,0.0529067979083359,0.007344886574832559,0.476777504967006,0.0,0.00020162311869446648,0.0,0.0,0.0,0.0,0.0,0.0,0.0,0.0,0.0
4932.YDR373W,0.11088895724392495,0.016315327450528425,0.5042291157907446,0.0,0.0009026938473837205,0.0,0.0,0.0,0.0,0.0,0.0,0.0,0.0,0.0
4932.YOR184W,0.08089818517379269,0.015485235950213451,0.4831586448951836,0.0,0.00014233163399054717,0.0,0.0,0.0,0.0,0.0,0.0,0.0,0.0,0.0
4932.YKL207W,0.01922485389111043,0.0020530834042079863,0.4496886238889498,0.0,3.2827502986779535e-05,0.0,0.0,0.0,0.0,0.0,0.0,0.0,0.0,0.0
4932.YLL052C,0.07997539218701938,0.009934229136680234,0.4949726245578401,0.0,0.0003065670010635582,0.0,0.0,0.0,0.0,0.0,0.0,0.0,0.0,0.0
4932.YIL022W,0.051676407259304835,0.010240251630963692,0.4739952305197553,0.0,7.755834900052831e-05,0.0,0.0,0.0,0.0,0.0,0.0,0.0,0.0,0.0
4932.YNL301C,0.11642571516456475,0.03149554926131368,0.49946199963069365,0.0,0.00013443310053179344,0.0,0.0,0.0,0.0,0.0,0.0,0.0,0.0,0.0
4932.YDL075W,0.12503844970778222,0.03296625033101353,0.503291814359486,0.0,0.00020469068908562707,0.0,0.0,0.0,0.0,0.0,0.0,0.0,0.0,0.0
4932.YGL107C,0.08997231621039681,0.01939087974672753,0.49309459820878165,0.0,0.00024382047818265833,0.0,0.0,0.0,0.0,0.0,0.0,0.0,0.0,0.0
4932.YPR187W,0.16594893878806521,0.03817907554450172,0.5166574393889898,0.0,0.0006239965706722902,0.0,0.0,0.0,0.0,0.0,0.0,0.0,0.0,0.0
4932.YLL053C,0.07043986465702862,0.009417982705643315,0.4901561903292845,0.0,0.0002899154488036057,0.0,0.0,0.0,0.0,0.0,0.0,0.0,0.0,0.0
4932.YHR141C,0.08735773608120578,0.02377491686704126,0.4898236556004315,0.0,8.411045846847036e-05,0.0,0.0,0.0,0.0,0.0,0.0,0.0,0.0,0.0
4932.YLL014W,0.04444786219624731,0.0060338794296389015,0.47340817537485974,0.0,0.00020592175499015137,0.0,0.0,0.0,0.0,0.0,0.0,0.0,0.0,0.0
4932.YPL143W,0.0945862811442633,0.026390985300785243,0.4908226161489029,0.0,7.754501447747883e-05,0.0,0.0,0.0,0.0,0.0,0.0,0.0,0.0,0.0
4932.YDR382W,0.08382036296524147,0.023689221703167194,0.4857591848093986,0.0,5.2443402797005256e-05,0.0,0.0,0.0,0.0,0.0,0.0,0.0,0.0,0.0
4932.YOL062C,0.03214395570593664,0.005636848195428945,0.4653061665016344,0.0,4.6595941188036514e-05,0.0,0.0,0.0,0.0,0.0,0.0,0.0,0.0,0.0
4932.YDL202W,0.050446016610273765,0.012121344545439984,0.47254749583269035,0.0,3.84459452278007e-05,0.0,0.0,0.0,0.0,0.0,0.0,0.0,0.0,0.0
4932.YAL026C,0.056751768686557985,0.006727897615164354,0.4794157160392006,0.0,0.0002022998018065367,0.0,0.0,0.0,0.0,0.0,0.0,0.0,0.0,0.0
4932.YKL056C,0.10796677945247617,0.027546935395824156,0.4984275995394128,0.0,0.000168251869438414,0.0,0.0,0.0,0.0,0.0,0.0,0.0,0.0,0.0
4932.YGL020C,0.04398646570286066,0.004507976172879434,0.4727881704886005,0.0,0.00037752448674773653,0.0,0.0,0.0,0.0,0.0,0.0,0.0,0.0,0.0
4932.YDL208W,0.17410027683789603,0.040898184592763606,0.5236100415145306,0.0,0.001090189280996903,0.0,0.0,0.0,0.0,0.0,0.0,0.0,0.0,0.0
4932.YGR135W,0.10519840049215627,0.020639705878607795,0.49437010158211536,0.0,0.0004425544118686019,0.0,0.0,0.0,0.0,0.0,0.0,0.0,0.0,0.0
4932.YGL031C,0.09704706244232544,0.027275450969667468,0.4917512195546636,0.0,7.653300159073749e-05,0.0,0.0,0.0,0.0,0.0,0.0,0.0,0.0,0.0
4932.YIL052C,0.0908951091971701,0.025883253887559216,0.4894547013554779,0.0,7.001399846164074e-05,0.0,0.0,0.0,0.0,0.0,0.0,0.0,0.0,0.0
4932.YML073C,0.11473392802214703,0.030991425565871387,0.49980775441853126,0.0,0.000156297044632165,0.0,0.0,0.0,0.0,0.0,0.0,0.0,0.0,0.0
4932.YOL087C,0.021839434020301446,0.0023057665990999323,0.4556483146480138,0.0,2.3686179364998497e-05,0.0,0.0,0.0,0.0,0.0,0.0,0.0,0.0,0.0
4932.YFL025C,0.02107043986465703,0.0015013274969214948,0.450187100955752,0.0,3.825524738612193e-05,0.0,0.0,0.0,0.0,0.0,0.0,0.0,0.0,0.0
4932.YBR191W,0.11088895724392495,0.030432735170509866,0.49969244964590315,0.0,0.00013116649293914932,0.0,0.0,0.0,0.0,0.0,0.0,0.0,0.0,0.0
4932.YNL131W,0.09135650569055676,0.017411336190823676,0.48989751320833264,0.0,0.0003615875339178798,0.0,0.0,0.0,0.0,0.0,0.0,0.0,0.0,0.0
4932.YER056C-A,0.09597047062442327,0.02735725715827786,0.4903411270144374,0.0,8.638381777476821e-05,0.0,0.0,0.0,0.0,0.0,0.0,0.0,0.0,0.0
4932.YDL204W,0.06474930790525993,0.006106740572763526,0.48294318953514115,0.0,0.0002397372834424731,0.0,0.0,0.0,0.0,0.0,0.0,0.0,0.0,0.0
4932.YKL006W,0.11227314672408491,0.029943526183982494,0.49751172308363256,0.0,0.0001720205907859921,0.0,0.0,0.0,0.0,0.0,0.0,0.0,0.0,0.0
4932.YJL059W,0.015995078437403876,0.0011870448189394854,0.45074921026604636,0.0,6.39913264324514e-05,0.0,0.0,0.0,0.0,0.0,0.0,0.0,0.0,0.0
4932.YKL026C,0.08966471854813904,0.011420163248072381,0.4941069588012565,0.0,0.000471341904342761,0.0,0.0,0.0,0.0,0.0,0.0,0.0,0.0,0.0
4932.YPR011C,0.030913565056905568,0.009614751026377922,0.4482307108501983,0.0,2.1329362112115695e-05,0.0,0.0,0.0,0.0,0.0,0.0,0.0,0.0,0.0
4932.YPL280W,0.04460166102737619,0.00861334957463066,0.4733736880014078,0.0,0.00013112312338418107,0.0,0.0,0.0,0.0,0.0,0.0,0.0,0.0,0.0
4932.YMR244C-A,0.04660104583205168,0.008475490688528322,0.46950871497076047,0.0,7.183936173973475e-05,0.0,0.0,0.0,0.0,0.0,0.0,0.0,0.0,0.0
4932.YJR094W-A,0.0927406951707167,0.02573299389021121,0.4922727738784337,0.0,0.0001771832058907038,0.0,0.0,0.0,0.0,0.0,0.0,0.0,0.0,0.0
4932.YBL072C,0.13672716087357736,0.0351282212238562,0.5069829613166361,0.0,0.00029203964654594646,0.0,0.0,0.0,0.0,0.0,0.0,0.0,0.0,0.0
4932.YOR045W,0.04306367271608736,0.004673289842242073,0.47807538369594793,0.0,0.00046285573974884446,0.0,0.0,0.0,0.0,0.0,0.0,0.0,0.0,0.0
4932.YDL081C,0.09212549984620118,0.024799003086883875,0.4969790145464876,0.0,0.0005898893190432186,0.0,0.0,0.0,0.0,0.0,0.0,0.0,0.0,0.0
4932.YOR270C,0.056751768686557985,0.00670182638151675,0.4786035659715198,0.0,0.0002548128061688083,0.0,0.0,0.0,0.0,0.0,0.0,0.0,0.0,0.0
4932.YGL169W,0.07551522608428177,0.017469001151810836,0.4796634395213202,0.0,0.00018743210000323195,0.0,0.0,0.0,0.0,0.0,0.0,0.0,0.0,0.0
4932.YOL039W,0.08843432789910798,0.02481385383277411,0.4888287531178308,0.0,0.00012453438378328378,0.0,0.0,0.0,0.0,0.0,0.0,0.0,0.0,0.0
4932.YBR109C,0.1365733620424485,0.021552474928761313,0.5118147932573507,0.0,0.0009739119664417231,0.0,0.0,0.0,0.0,0.0,0.0,0.0,0.0,0.0
4932.YHR010W,0.11750230698246694,0.031256310257422544,0.500462154589905,0.0,0.00013105337803612344,0.0,0.0,0.0,0.0,0.0,0.0,0.0,0.0,0.0
4932.YJL189W,0.15149184866195017,0.033910481661603785,0.5213833439136103,0.0,0.0046932775955682085,0.0,0.0,0.0,0.0,0.0,0.0,0.0,0.0,0.0
4932.YIR032C,0.06767148569670871,0.017415458297321038,0.482799659350273,0.0,0.0001274004197931623,0.0,0.0,0.0,0.0,0.0,0.0,0.0,0.0,0.0
4932.YJR145C,0.1216548754229468,0.0329504331914227,0.5024745294769041,0.0,0.000135188798020742,0.0,0.0,0.0,0.0,0.0,0.0,0.0,0.0,0.0
4932.YLR295C,0.04721624115656721,0.007791426388293928,0.476917476344611,0.0,0.00010924109179801329,0.0,0.0,0.0,0.0,0.0,0.0,0.0,0.0,0.0
4932.YGR082W,0.058597354660104586,0.012073061333080818,0.47506949957561956,0.0,8.749621917398296e-05,0.0,0.0,0.0,0.0,0.0,0.0,0.0,0.0,0.0
4932.YLR448W,0.11857889880036912,0.03188261434524012,0.5008092959688112,0.0,0.0001198687733110865,0.0,0.0,0.0,0.0,0.0,0.0,0.0,0.0,0.0
4932.YDL082W,0.11411873269763151,0.031555955675745116,0.49892510866057466,0.0,9.805936570211452e-05,0.0,0.0,0.0,0.0,0.0,0.0,0.0,0.0,0.0
4932.YHR080C,0.012303906490310674,0.0007638316049922733,0.4345326076765631,0.0,2.0981796383911587e-05,0.0,0.0,0.0,0.0,0.0,0.0,0.0,0.0,0.0
4932.YML063W,0.14410950476776377,0.036525791467146906,0.5105280181643089,0.0,0.0002809598234628741,0.0,0.0,0.0,0.0,0.0,0.0,0.0,0.0,0.0
4932.YMR116C,0.17609966164257151,0.040345765708584516,0.5222633511650316,0.0,0.0010516661655462205,0.0,0.0,0.0,0.0,0.0,0.0,0.0,0.0,0.0
4932.YML104C,0.02553060596739465,0.002713853883273889,0.4696105091562712,0.0,8.497267030591011e-05,0.0,0.0,0.0,0.0,0.0,0.0,0.0,0.0,0.0
4932.YAL056W,0.04998462011688711,0.008491323017550559,0.4743066142478339,0.0,0.00015853165324313057,0.0,0.0,0.0,0.0,0.0,0.0,0.0,0.0,0.0
4932.YLR264W,0.10012303906490311,0.027336643335235524,0.4955766179984232,0.0,0.00013531039628568166,0.0,0.0,0.0,0.0,0.0,0.0,0.0,0.0,0.0
4932.YNL244C,0.11488772685327592,0.028526076985999845,0.49946199963069365,0.0,0.00023788094421747994,0.0,0.0,0.0,0.0,0.0,0.0,0.0,0.0,0.0
4932.YDR447C,0.08843432789910798,0.02522066537572065,0.48805772984792883,0.0,6.333278930296577e-05,0.0,0.0,0.0,0.0,0.0,0.0,0.0,0.0,0.0
4932.YOR297C,0.03860350661334974,0.005091381252452853,0.47052864700907493,0.0,0.0001559905197524908,0.0,0.0,0.0,0.0,0.0,0.0,0.0,0.0,0.0
4932.YMR203W,0.06305752076284221,0.011815873301343547,0.48186878866854466,0.0,0.0001586494856132566,0.0,0.0,0.0,0.0,0.0,0.0,0.0,0.0,0.0
4932.YCL005W-A,0.032605352199323284,0.0049497141177982954,0.47486119666729937,0.0,0.00023966642877487794,0.0,0.0,0.0,0.0,0.0,0.0,0.0,0.0,0.0
4932.YMR194W,0.10089203322054753,0.027401240196329054,0.49279543570418055,0.0,9.189416280967248e-05,0.0,0.0,0.0,0.0,0.0,0.0,0.0,0.0,0.0
4932.YJL061W,0.06167333128268226,0.010564410533466176,0.4779698871052096,0.0,0.00011425807214281957,0.0,0.0,0.0,0.0,0.0,0.0,0.0,0.0,0.0
4932.YOR015W,0.004460166102737619,0.0001724427854661457,0.38671669435192074,0.0,0.00047127255682157703,0.0,0.0,0.0,0.0,0.0,0.0,0.0,0.0,0.0
4932.YDR040C,0.042294678560442944,0.005033793722835197,0.47461840736215943,0.0,0.00017906936217880744,0.0,0.0,0.0,0.0,0.0,0.0,0.0,0.0,0.0
4932.YMR121C,0.08505075361427254,0.024983847726139596,0.4898236556004315,0.0,3.444662412543711e-05,0.0,0.0,0.0,0.0,0.0,0.0,0.0,0.0,0.0
4932.YGR105W,0.0788988003691172,0.00918613032526068,0.491714007960297,0.0,0.0010250216443546865,0.0,0.0,0.0,0.0,0.0,0.0,0.0,0.0,0.0
4932.YLR008C,0.049523223623500465,0.00976292622592361,0.46920359702471837,0.0,7.425586732277153e-05,0.0,0.0,0.0,0.0,0.0,0.0,0.0,0.0,0.0
4932.YML030W,0.03306674869270994,0.0033483760752057935,0.46354691219826827,0.0,9.943744685691997e-05,0.0,0.0,0.0,0.0,0.0,0.0,0.0,0.0,0.0
4932.YER009W,0.08335896647185481,0.017392647908038548,0.48736223019540426,0.0,0.00020031025942876153,0.0,0.0,0.0,0.0,0.0,0.0,0.0,0.0,0.0
4932.YPR036W,0.031067363888034452,0.005056212730746997,0.4667768562025231,0.0,3.433245488107144e-05,0.0,0.0,0.0,0.0,0.0,0.0,0.0,0.0,0.0
4932.YJL025W,0.1011996308828053,0.02497967976630157,0.49561441653537675,0.0,0.000179728767743031,0.0,0.0,0.0,0.0,0.0,0.0,0.0,0.0,0.0
4932.YLL040C,0.062134727776068904,0.005480536876179424,0.48001777463214335,0.0,0.0003572161604340928,0.0,0.0,0.0,0.0,0.0,0.0,0.0,0.0,0.0
4932.YNL070W,0.06890187634573977,0.011850133916592493,0.48254868670691553,0.0,0.0010585663216967182,0.0,0.0,0.0,0.0,0.0,0.0,0.0,0.0,0.0
4932.YLR325C,0.09520147646877884,0.025587239979110086,0.4924219926640895,0.0,9.597104649734428e-05,0.0,0.0,0.0,0.0,0.0,0.0,0.0,0.0,0.0
4932.YNL242W,0.02829898492771455,0.0023795588893267003,0.4607204066360837,0.0,5.497078743638659e-05,0.0,0.0,0.0,0.0,0.0,0.0,0.0,0.0,0.0
4932.YAL038W,0.15164564749307907,0.030172653851221323,0.5128650840722434,0.0,0.0006078788693684092,0.0,0.0,0.0,0.0,0.0,0.0,0.0,0.0,0.0
4932.YKL106W,0.06290372193171333,0.009736900975874256,0.4774080240390364,0.0,9.212607514153926e-05,0.0,0.0,0.0,0.0,0.0,0.0,0.0,0.0,0.0
4932.YDR296W,0.050138418948015996,0.008398226171117414,0.475660684810433,0.0,0.00028275683863255744,0.0,0.0,0.0,0.0,0.0,0.0,0.0,0.0,0.0
4932.YAL048C,0.11965549061827131,0.01714421071496424,0.5095671749682658,0.0,0.0009256839637812711,0.0,0.0,0.0,0.0,0.0,0.0,0.0,0.0,0.0
4932.YDR204W,0.03844970778222086,0.004121143476093317,0.46862834380465346,0.0,7.960538112293629e-05,0.0,0.0,0.0,0.0,0.0,0.0,0.0,0.0,0.0
4932.YDR533C,0.06705629037219317,0.011233845442019547,0.48427490052133887,0.0,0.00011999812814189399,0.0,0.0,0.0,0.0,0.0,0.0,0.0,0.0,0.0
4932.YDR430C,0.027068594278683484,0.004372054773697651,0.46170247372426637,0.0,3.3952766984235654e-05,0.0,0.0,0.0,0.0,0.0,0.0,0.0,0.0,0.0
4932.YAL039C,0.03414334051061212,0.004653009485826921,0.46331555188558465,0.0,4.944989748401319e-05,0.0,0.0,0.0,0.0,0.0,0.0,0.0,0.0,0.0
4932.YDR233C,0.049830821285758234,0.0086243398334703,0.475660684810433,0.0,0.00010901219865581739,0.0,0.0,0.0,0.0,0.0,0.0,0.0,0.0,0.0
4932.YJL046W,0.023992617656105816,0.0036570427619299966,0.45580812396151266,0.0,3.1065852414204836e-05,0.0,0.0,0.0,0.0,0.0,0.0,0.0,0.0,0.0
4932.YDL192W,0.19270993540449094,0.03201754160391807,0.5313164852980642,0.0,0.002043256151839776,0.0,0.0,0.0,0.0,0.0,0.0,0.0,0.0,0.0
4932.YGR029W,0.0287603814211012,0.003393725790954461,0.4527592401891949,0.0,5.367025024250467e-05,0.0,0.0,0.0,0.0,0.0,0.0,0.0,0.0,0.0
4932.YPR060C,0.07736081205782837,0.01851362351756647,0.4835541460928207,0.0,0.00010427808343095666,0.0,0.0,0.0,0.0,0.0,0.0,0.0,0.0,0.0
4932.YMR142C,0.10366041218086743,0.029157517011525372,0.4954632569725753,0.0,7.653672279395814e-05,0.0,0.0,0.0,0.0,0.0,0.0,0.0,0.0,0.0
4932.YDL015C,0.03798831128883421,0.005564088834320973,0.4692374794335156,0.0,0.00014074239311659422,0.0,0.0,0.0,0.0,0.0,0.0,0.0,0.0,0.0
4932.YER094C,0.0862811442633036,0.016098105621885527,0.4900083413916993,0.0,0.00030114736466034146,0.0,0.0,0.0,0.0,0.0,0.0,0.0,0.0,0.0
4932.YPR028W,0.03429713934174101,0.0037397243126485575,0.4688312132175559,0.0,0.00011533771448403727,0.0,0.0,0.0,0.0,0.0,0.0,0.0,0.0,0.0
4932.YMR322C,0.05398338972623808,0.009139218201390227,0.486705161800264,0.0,0.0008035298693793734,0.0,0.0,0.0,0.0,0.0,0.0,0.0,0.0,0.0
4932.YDL149W,0.03306674869270994,0.0026411613138376555,0.4632494913520585,0.0,7.718467025705863e-05,0.0,0.0,0.0,0.0,0.0,0.0,0.0,0.0,0.0
4932.YDR167W,0.04398646570286066,0.006123360176517403,0.4724444245452468,0.0,0.00013064377176277955,0.0,0.0,0.0,0.0,0.0,0.0,0.0,0.0,0.0
4932.YGL008C,0.12426945555213781,0.02014270729743834,0.503877218920233,0.0,0.0007915342895643949,0.0,0.0,0.0,0.0,0.0,0.0,0.0,0.0,0.0
4932.YEL053C,0.018148262073208243,0.003040016522608732,0.4546918070950476,0.0,1.724692863368546e-05,0.0,0.0,0.0,0.0,0.0,0.0,0.0,0.0,0.0
4932.YML048W,0.09443248231313442,0.023712754475429806,0.4979692401866292,0.0,0.000261444354133467,0.0,0.0,0.0,0.0,0.0,0.0,0.0,0.0,0.0
4932.YOR293W,0.13042140879729314,0.03400490956419983,0.503525812878367,0.0,0.00023370013599620726,0.0,0.0,0.0,0.0,0.0,0.0,0.0,0.0,0.0
4932.YOR234C,0.09366348815749001,0.026275499167072884,0.49108227140230687,0.0,8.555685269901627e-05,0.0,0.0,0.0,0.0,0.0,0.0,0.0,0.0,0.0
4932.YBR091C,0.05813595816671794,0.010618370479868208,0.4709378616607715,0.0,0.00011121655238463573,0.0,0.0,0.0,0.0,0.0,0.0,0.0,0.0,0.0
4932.YKL156W,0.1291910181482621,0.03332007059747293,0.5078149902465868,0.0,0.0003738640095399231,0.0,0.0,0.0,0.0,0.0,0.0,0.0,0.0,0.0
4932.YDR007W,0.04798523531221163,0.007179084805437554,0.4760091286495733,0.0,0.0003169202872020928,0.0,0.0,0.0,0.0,0.0,0.0,0.0,0.0,0.0
4932.YGR033C,0.031067363888034452,0.003939702078640682,0.46563959979902003,0.0,8.210771949504536e-05,0.0,0.0,0.0,0.0,0.0,0.0,0.0,0.0,0.0
4932.YHR073W,0.017686865579821593,0.0017810457058203384,0.45316972000804273,0.0,2.3180749257631407e-05,0.0,0.0,0.0,0.0,0.0,0.0,0.0,0.0,0.0
4932.YML055W,0.02722239310981237,0.003977518247559355,0.4646075085939743,0.0,0.00027816368165261147,0.0,0.0,0.0,0.0,0.0,0.0,0.0,0.0,0.0
4932.YGL167C,0.1076591817902184,0.01257564349400787,0.4978166410170325,0.0,0.0009153812137515517,0.0,0.0,0.0,0.0,0.0,0.0,0.0,0.0,0.0
4932.YML110C,0.04214087972931406,0.005972610544868322,0.46940696490611317,0.0,8.128501443925706e-05,0.0,0.0,0.0,0.0,0.0,0.0,0.0,0.0,0.0
4932.YPR103W,0.06782528452783759,0.012842417173894812,0.4827279262458454,0.0,0.00012756062545522215,0.0,0.0,0.0,0.0,0.0,0.0,0.0,0.0,0.0
4932.YNR041C,0.04629344816979391,0.0062963501912913665,0.47059680005759885,0.0,0.00011109355852234591,0.0,0.0,0.0,0.0,0.0,0.0,0.0,0.0,0.0
4932.YPL036W,0.05059981544140265,0.0068535764446038495,0.48136903586897734,0.0,0.00014003342238870937,0.0,0.0,0.0,0.0,0.0,0.0,0.0,0.0,0.0
4932.YOR232W,0.11965549061827131,0.024428631604270792,0.5019311459288834,0.0,0.00040820977273525765,0.0,0.0,0.0,0.0,0.0,0.0,0.0,0.0,0.0
4932.YOR334W,0.010150722854506307,0.0008743853562661202,0.44412552902708796,0.0,6.374148123860631e-05,0.0,0.0,0.0,0.0,0.0,0.0,0.0,0.0,0.0
4932.YDR196C,0.05690556751768687,0.008355480477893567,0.4801951385748836,0.0,0.00019782097662286312,0.0,0.0,0.0,0.0,0.0,0.0,0.0,0.0,0.0
4932.YKL080W,0.04490925868963396,0.007862510616614759,0.4730290904269728,0.0,0.0001393142518722234,0.0,0.0,0.0,0.0,0.0,0.0,0.0,0.0,0.0
4932.YDL130W,0.08382036296524147,0.023019138907894168,0.48794778217281104,0.0,0.00029269979593045566,0.0,0.0,0.0,0.0,0.0,0.0,0.0,0.0,0.0
4932.YLR163C,0.07751461088895725,0.013710978597402775,0.48993445036532646,0.0,0.00019000226305837778,0.0,0.0,0.0,0.0,0.0,0.0,0.0,0.0,0.0
4932.YDR517W,0.040141494924638574,0.004882265796896289,0.4713819815158016,0.0,0.0001122178437063098,0.0,0.0,0.0,0.0,0.0,0.0,0.0,0.0,0.0
4932.YML094W,0.08474315595201477,0.01911801513569465,0.4865593871355541,0.0,0.00031866450044071466,0.0,0.0,0.0,0.0,0.0,0.0,0.0,0.0,0.0
4932.YDR524C-B,0.006151953245155337,0.0010348298270113012,0.4212915336615226,0.0,8.967717720452642e-06,0.0,0.0,0.0,0.0,0.0,0.0,0.0,0.0,0.0
4932.YHL001W,0.10027683789603199,0.02772629484441736,0.49335666351798074,0.0,8.925697763063453e-05,0.0,0.0,0.0,0.0,0.0,0.0,0.0,0.0,0.0
4932.YMR230W,0.08920332205475238,0.02519796963280252,0.48974982025891806,0.0,6.67094736335783e-05,0.0,0.0,0.0,0.0,0.0,0.0,0.0,0.0,0.0
4932.YNL297C,0.04690864349430945,0.003829420343272755,0.4734426677737941,0.0,0.00028796069687891235,0.0,0.0,0.0,0.0,0.0,0.0,0.0,0.0,0.0
4932.YGL189C,0.09843125192248539,0.027999863553457776,0.49365650802972916,0.0,7.132277718903485e-05,0.0,0.0,0.0,0.0,0.0,0.0,0.0,0.0,0.0
4932.YOR103C,0.053675792063980314,0.007150315537410209,0.47604400111321055,0.0,0.000211483313035477,0.0,0.0,0.0,0.0,0.0,0.0,0.0,0.0,0.0
4932.YKR031C,0.07659181790218395,0.007810213833435286,0.48666870994572536,0.0,0.0004910938272610642,0.0,0.0,0.0,0.0,0.0,0.0,0.0,0.0,0.0
4932.YJL131C,0.013995693632728392,0.0014357613430574904,0.4323353702724767,0.0,3.200874655194902e-05,0.0,0.0,0.0,0.0,0.0,0.0,0.0,0.0,0.0
4932.YDR471W,0.1270378345124577,0.03307983077072026,0.5033697896967484,0.0,0.0001776057372147195,0.0,0.0,0.0,0.0,0.0,0.0,0.0,0.0,0.0
4932.YPL063W,0.05629037219317134,0.01088360577261227,0.4786388196225195,0.0,0.00012134769518860723,0.0,0.0,0.0,0.0,0.0,0.0,0.0,0.0,0.0
4932.YLR178C,0.13672716087357736,0.019725952333708708,0.5109294397857623,0.0,0.0013650366080122194,0.0,0.0,0.0,0.0,0.0,0.0,0.0,0.0,0.0
4932.YPR155C,0.04183328206705629,0.004405567649208579,0.47210117808742547,0.0,0.00013102149883411447,0.0,0.0,0.0,0.0,0.0,0.0,0.0,0.0,0.0
4932.YNR017W,0.06659489387880653,0.012093549903125231,0.48008870448432395,0.0,0.00023328310116612185,0.0,0.0,0.0,0.0,0.0,0.0,0.0,0.0,0.0
4932.YOR136W,0.0835127653029837,0.01407571848230613,0.489159937909916,0.0,0.00039852141042290154,0.0,0.0,0.0,0.0,0.0,0.0,0.0,0.0,0.0
4932.YEL051W,0.04767763764995386,0.007661659073880185,0.47531275072747603,0.0,0.00016787465986619395,0.0,0.0,0.0,0.0,0.0,0.0,0.0,0.0,0.0
4932.YIL013C,0.02829898492771455,0.002822215817254857,0.4648401613273714,0.0,8.449192715616432e-05,0.0,0.0,0.0,0.0,0.0,0.0,0.0,0.0,0.0
4932.YPL037C,0.09135650569055676,0.024245984220427477,0.4902671355964482,0.0,8.317936777084218e-05,0.0,0.0,0.0,0.0,0.0,0.0,0.0,0.0,0.0
4932.YMR298W,0.019532451553368194,0.002059110945133368,0.4570263479529698,0.0,2.8933838472188547e-05,0.0,0.0,0.0,0.0,0.0,0.0,0.0,0.0,0.0
4932.YER166W,0.04537065518302061,0.004942453779241901,0.47434123769584097,0.0,0.0001369157333082172,0.0,0.0,0.0,0.0,0.0,0.0,0.0,0.0,0.0
4932.YGL171W,0.0982774530913565,0.02441041065473025,0.4893809771950086,0.0,0.00010501392491219984,0.0,0.0,0.0,0.0,0.0,0.0,0.0,0.0,0.0
4932.YDR462W,0.06013534297139342,0.011977686949439606,0.476113761371287,0.0,0.00010231675101705032,0.0,0.0,0.0,0.0,0.0,0.0,0.0,0.0,0.0
4932.YMR054W,0.03629652414641649,0.00361350324213312,0.4697802642564578,0.0,0.00012589117080290748,0.0,0.0,0.0,0.0,0.0,0.0,0.0,0.0,0.0
4932.YPL002C,0.024300215318363582,0.002099249524272202,0.461080012431372,0.0,0.00011813816472856197,0.0,0.0,0.0,0.0,0.0,0.0,0.0,0.0,0.0
4932.YOR096W,0.13488157490003078,0.03484463828271048,0.5048951526958294,0.0,0.0002306482649313092,0.0,0.0,0.0,0.0,0.0,0.0,0.0,0.0,0.0
4932.YDR141C,0.024146416487234697,0.002245192128944167,0.45504205988762775,0.0,4.364157023548096e-05,0.0,0.0,0.0,0.0,0.0,0.0,0.0,0.0,0.0
4932.YEL026W,0.19978468163641958,0.04409098537218811,0.5306656280273846,0.0,0.0010805752080378433,0.0,0.0,0.0,0.0,0.0,0.0,0.0,0.0,0.0
4932.YER131W,0.10043063672716088,0.02865563420865286,0.4907484793592119,0.0,6.459993361716524e-05,0.0,0.0,0.0,0.0,0.0,0.0,0.0,0.0,0.0
4932.YML024W,0.1244232543832667,0.03256396714213559,0.5022415068167665,0.0,0.00020598592228870906,0.0,0.0,0.0,0.0,0.0,0.0,0.0,0.0,0.0
4932.YIL094C,0.08889572439249462,0.01666188256383515,0.4908596929442004,0.0,0.00018832118644653576,0.0,0.0,0.0,0.0,0.0,0.0,0.0,0.0,0.0
4932.YGR063C,0.04552445401414949,0.007013710720424966,0.473235788740465,0.0,0.000203185230054021,0.0,0.0,0.0,0.0,0.0,0.0,0.0,0.0,0.0
4932.YAL003W,0.12611504152568442,0.03226806811988395,0.5027466626843579,0.0,0.00018424274692409518,0.0,0.0,0.0,0.0,0.0,0.0,0.0,0.0,0.0
4932.YGL030W,0.12027068594278684,0.031406856860281475,0.5015437338063696,0.0,0.0002160348180684187,0.0,0.0,0.0,0.0,0.0,0.0,0.0,0.0,0.0
4932.YPR043W,0.08305136880959706,0.02375178416336402,0.485432587419343,0.0,4.935989444952844e-05,0.0,0.0,0.0,0.0,0.0,0.0,0.0,0.0,0.0
4932.YNL315C,0.04583205167640726,0.006743651681204819,0.46761662458227726,0.0,0.00011703421112810167,0.0,0.0,0.0,0.0,0.0,0.0,0.0,0.0,0.0
4932.YLR406C,0.1030452168563519,0.02874420557273643,0.49553882522651754,0.0,9.715948518167971e-05,0.0,0.0,0.0,0.0,0.0,0.0,0.0,0.0,0.0
4932.YLR086W,0.08981851737926792,0.013193856466313813,0.4898605816204542,0.0,0.00024007369127717018,0.0,0.0,0.0,0.0,0.0,0.0,0.0,0.0,0.0
4932.YLR287C-A,0.08120578283605046,0.02114822101525638,0.48805772984792883,0.0,0.00026235992017601973,0.0,0.0,0.0,0.0,0.0,0.0,0.0,0.0,0.0
4932.YIL048W,0.0259920024607813,0.0020433695003297964,0.45747681041927096,0.0,9.536336585444166e-05,0.0,0.0,0.0,0.0,0.0,0.0,0.0,0.0,0.0
4932.YHR002W,0.03675792063980314,0.009900121067953911,0.4607204066360837,0.0,6.117479882853958e-05,0.0,0.0,0.0,0.0,0.0,0.0,0.0,0.0,0.0
4932.YDR252W,0.06013534297139342,0.01777788129057527,0.47674252495930486,0.0,6.769104199614683e-05,0.0,0.0,0.0,0.0,0.0,0.0,0.0,0.0,0.0
4932.YPR160W,0.11334973854198709,0.012553866078491783,0.5018536156313967,0.0,0.0007584304420675839,0.0,0.0,0.0,0.0,0.0,0.0,0.0,0.0,0.0
4932.YOR371C,0.04875422946785605,0.008351906116149381,0.47368425537216247,0.0,9.244576509961208e-05,0.0,0.0,0.0,0.0,0.0,0.0,0.0,0.0,0.0
4932.YOL120C,0.11534912334666257,0.03118676765953453,0.4993852301871599,0.0,0.00012539138394787868,0.0,0.0,0.0,0.0,0.0,0.0,0.0,0.0,0.0
4932.YBR185C,0.04798523531221163,0.009371287163693032,0.46660926433974753,0.0,5.776523582464745e-05,0.0,0.0,0.0,0.0,0.0,0.0,0.0,0.0,0.0
4932.YDL077C,0.04475545985850508,0.0037943027537057175,0.47632316487284304,0.0,0.00017910447487143826,0.0,0.0,0.0,0.0,0.0,0.0,0.0,0.0,0.0
4932.YJL136C,0.09243309750845895,0.025019691458201473,0.4901192197311302,0.0,9.888263135645928e-05,0.0,0.0,0.0,0.0,0.0,0.0,0.0,0.0,0.0
4932.YDL019C,0.0269147954475546,0.0023762622706454085,0.45883354153335154,0.0,5.194472398467628e-05,0.0,0.0,0.0,0.0,0.0,0.0,0.0,0.0,0.0
4932.YOR052C,0.10089203322054753,0.02219857737248369,0.4973974751374253,0.0,0.00029384598489883376,0.0,0.0,0.0,0.0,0.0,0.0,0.0,0.0,0.0
4932.YNL135C,0.1316517994463242,0.029233336972026718,0.5072600011862081,0.0,0.0007614708583008227,0.0,0.0,0.0,0.0,0.0,0.0,0.0,0.0,0.0
4932.YOL140W,0.0519840049215626,0.0075363637489313596,0.4788151658091021,0.0,9.752022337147697e-05,0.0,0.0,0.0,0.0,0.0,0.0,0.0,0.0,0.0
4932.YER102W,0.10196862503844971,0.028688457829954696,0.49429488933480337,0.0,6.82989619641454e-05,0.0,0.0,0.0,0.0,0.0,0.0,0.0,0.0,0.0
4932.YER120W,0.06597969855429099,0.008131407400310806,0.4850702161238672,0.0,0.00031977365113960553,0.0,0.0,0.0,0.0,0.0,0.0,0.0,0.0,0.0
4932.YDR494W,0.02107043986465703,0.003840546535315945,0.43438736648140414,0.0,1.203048308771252e-05,0.0,0.0,0.0,0.0,0.0,0.0,0.0,0.0,0.0
4932.YJR077C,0.06321131959397108,0.011906210016868233,0.4795926352642501,0.0,0.00015090617779691033,0.0,0.0,0.0,0.0,0.0,0.0,0.0,0.0,0.0
4932.YBR154C,0.15902799138726548,0.03617693705642335,0.513067557457191,0.0,0.0005174629445688489,0.0,0.0,0.0,0.0,0.0,0.0,0.0,0.0,0.0
4932.YGR037C,0.053675792063980314,0.007176576148561474,0.4852875739503603,0.0,0.00022289615878163472,0.0,0.0,0.0,0.0,0.0,0.0,0.0,0.0,0.0
4932.YDR326C,0.014918486619501693,0.0013557099974229887,0.4444900892807528,0.0,2.34497864785545e-05,0.0,0.0,0.0,0.0,0.0,0.0,0.0,0.0,0.0
4932.YOR312C,0.10442940633651185,0.0294571560478192,0.495501038218341,0.0,9.527938642413612e-05,0.0,0.0,0.0,0.0,0.0,0.0,0.0,0.0,0.0
4932.YJL104W,0.030605967394647802,0.004502133517931731,0.4583480718907614,0.0,3.783999415726139e-05,0.0,0.0,0.0,0.0,0.0,0.0,0.0,0.0,0.0
4932.YMR002W,0.033835742848354354,0.005380397052126163,0.464109750388924,0.0,5.400754235086449e-05,0.0,0.0,0.0,0.0,0.0,0.0,0.0,0.0,0.0
4932.YDR093W,0.036604121808674256,0.004062230522491745,0.46812193755459436,0.0,7.6014165070661e-05,0.0,0.0,0.0,0.0,0.0,0.0,0.0,0.0,0.0
4932.YML074C,0.10535219932328514,0.02473969462396418,0.4981601207601445,0.0,0.00022914710863111045,0.0,0.0,0.0,0.0,0.0,0.0,0.0,0.0,0.0
4932.YNL305C,0.06290372193171333,0.00650603643685164,0.476777504967006,0.0,0.00020602316373723387,0.0,0.0,0.0,0.0,0.0,0.0,0.0,0.0,0.0
4932.YIL148W,0.11350353737311597,0.027643089578636624,0.5011569192654114,0.0,0.00022166159875618846,0.0,0.0,0.0,0.0,0.0,0.0,0.0,0.0,0.0
4932.YOR182C,0.0770532143955706,0.02022537096894764,0.48557768757998243,0.0,0.0003006239154029017,0.0,0.0,0.0,0.0,0.0,0.0,0.0,0.0,0.0
4932.YNL302C,0.1113503537373116,0.03037441644646029,0.4995771980622222,0.0,0.00019113031635444958,0.0,0.0,0.0,0.0,0.0,0.0,0.0,0.0,0.0
4932.YLR305C,0.03583512765302984,0.00399429980811034,0.46291947105473563,0.0,6.0832316692473586e-05,0.0,0.0,0.0,0.0,0.0,0.0,0.0,0.0,0.0
4932.YBR181C,0.15179944632420794,0.03761281047594905,0.5144486275983948,0.0,0.00034985744616606765,0.0,0.0,0.0,0.0,0.0,0.0,0.0,0.0,0.0
4932.YDR519W,0.0788988003691172,0.015050294223262962,0.4882410861218217,0.0,0.00032070545157615436,0.0,0.0,0.0,0.0,0.0,0.0,0.0,0.0,0.0
4932.YHL033C,0.15795139956936327,0.0391823621637325,0.5163700425298255,0.0,0.00034662579029690917,0.0,0.0,0.0,0.0,0.0,0.0,0.0,0.0,0.0
4932.YBL091C-A,0.045063057520762846,0.004808881193431658,0.4788857406732497,0.0,0.00031007318832476714,0.0,0.0,0.0,0.0,0.0,0.0,0.0,0.0,0.0
4932.YPR188C,0.084435558289757,0.013625364513245048,0.4944077162896846,0.0,0.0002893825712080216,0.0,0.0,0.0,0.0,0.0,0.0,0.0,0.0,0.0
4932.YPL079W,0.10904337127037834,0.02956191055048158,0.5024356773521476,0.0,0.00018293121686133371,0.0,0.0,0.0,0.0,0.0,0.0,0.0,0.0,0.0
4932.YKL195W,0.04798523531221163,0.006710037412953541,0.4738915267791223,0.0,0.000139713475844047,0.0,0.0,0.0,0.0,0.0,0.0,0.0,0.0,0.0
4932.YPR192W,0.09858505075361428,0.011646180073297633,0.5018923777859987,0.0,0.0007928255892702783,0.0,0.0,0.0,0.0,0.0,0.0,0.0,0.0,0.0
4932.YDR217C,0.07628422023992618,0.009628827564188806,0.4810483132362544,0.0,0.00023003015400226989,0.0,0.0,0.0,0.0,0.0,0.0,0.0,0.0,0.0
4932.YKR054C,0.07828360504460166,0.009838119291021222,0.488939098208828,0.0,0.00032683773679695257,0.0,0.0,0.0,0.0,0.0,0.0,0.0,0.0,0.0
4932.YOL128C,0.06936327283912642,0.010142796786502938,0.48441930931827376,0.0,0.0002588341668480213,0.0,0.0,0.0,0.0,0.0,0.0,0.0,0.0,0.0
4932.YHL027W,0.11627191633343588,0.014679868221753973,0.5069038626410269,0.0,0.0008146187584485266,0.0,0.0,0.0,0.0,0.0,0.0,0.0,0.0,0.0
4932.YDR463W,0.08858812673023686,0.012669978811173255,0.49041514076945847,0.0,0.00023617629909290024,0.0,0.0,0.0,0.0,0.0,0.0,0.0,0.0,0.0
4932.YKL043W,0.05321439557059367,0.008272002945136256,0.47825131487416833,0.0,0.0001410998525306429,0.0,0.0,0.0,0.0,0.0,0.0,0.0,0.0,0.0
4932.YJR156C,0.03844970778222086,0.005692365872111999,0.4730979697994412,0.0,0.00013753841362137685,0.0,0.0,0.0,0.0,0.0,0.0,0.0,0.0,0.0
4932.YAL017W,0.14549369424792372,0.0184991868618202,0.5134324127050667,0.0,0.0010455761665444862,0.0,0.0,0.0,0.0,0.0,0.0,0.0,0.0,0.0
4932.YOR191W,0.10735158412796063,0.015116899313851365,0.4978547820407083,0.0,0.0003903057533337497,0.0,0.0,0.0,0.0,0.0,0.0,0.0,0.0,0.0
4932.YMR070W,0.07905259920024608,0.012046513221301043,0.48732567985565656,0.0,0.0003966819733458588,0.0,0.0,0.0,0.0,0.0,0.0,0.0,0.0,0.0
4932.YER030W,0.06997846816364196,0.01264479861309832,0.4870699809006315,0.0,0.00015313693184636836,0.0,0.0,0.0,0.0,0.0,0.0,0.0,0.0,0.0
4932.YDL017W,0.05967394647800677,0.0066532923522232374,0.4784626032836555,0.0,0.0002651695869101928,0.0,0.0,0.0,0.0,0.0,0.0,0.0,0.0,0.0
4932.YNL027W,0.07443863426637957,0.010439471535335218,0.48546885432912396,0.0,0.0002286121501594045,0.0,0.0,0.0,0.0,0.0,0.0,0.0,0.0,0.0
4932.YHR023W,0.0733620424484774,0.008963419394430494,0.4835901328566886,0.0,0.00024385704551632651,0.0,0.0,0.0,0.0,0.0,0.0,0.0,0.0,0.0
4932.YMR139W,0.13149800061519534,0.016144042069924164,0.5071016556262935,0.0,0.0008504889140061736,0.0,0.0,0.0,0.0,0.0,0.0,0.0,0.0,0.0
4932.YJL164C,0.14687788372808366,0.015741709598892203,0.5103676260756618,0.0,0.001225351324518983,0.0,0.0,0.0,0.0,0.0,0.0,0.0,0.0,0.0
4932.YNL189W,0.12288526607197786,0.024017371576237904,0.5024745294769041,0.0,0.0003548582549375337,0.0,0.0,0.0,0.0,0.0,0.0,0.0,0.0,0.0
4932.YLR466W,0.04798523531221163,0.006775285127221741,0.48079915761711617,0.0,0.0006263523986059262,0.0,0.0,0.0,0.0,0.0,0.0,0.0,0.0,0.0
4932.YML064C,0.08366656413411258,0.014304129930132031,0.49493492384761406,0.0,0.0003571049189365808,0.0,0.0,0.0,0.0,0.0,0.0,0.0,0.0,0.0
4932.YER130C,0.0547523838818825,0.009061880601823058,0.4781809268669751,0.0,0.00012643089433457945,0.0,0.0,0.0,0.0,0.0,0.0,0.0,0.0,0.0
4932.YBR066C,0.06151953245155337,0.009417928234642896,0.48456380426512485,0.0,0.00023238712594927545,0.0,0.0,0.0,0.0,0.0,0.0,0.0,0.0,0.0
4932.YBR245C,0.23469701630267611,0.028633453005812323,0.5367586829006546,0.0,0.005564943851196372,0.0,0.0,0.0,0.0,0.0,0.0,0.0,0.0,0.0
4932.YMR053C,0.11842509996924024,0.015583050162299814,0.5066272115386967,0.0,0.001107365355412241,0.0,0.0,0.0,0.0,0.0,0.0,0.0,0.0,0.0
4932.YDL048C,0.04798523531221163,0.007610252636057376,0.47744310177776084,0.0,8.565080947331902e-05,0.0,0.0,0.0,0.0,0.0,0.0,0.0,0.0,0.0
4932.YPL162C,0.09766225776684098,0.013744440468269118,0.4978166410170325,0.0,0.0003803821370972937,0.0,0.0,0.0,0.0,0.0,0.0,0.0,0.0,0.0
4932.YKL062W,0.1030452168563519,0.013636053992967823,0.49751172308363256,0.0,0.0004040462793927149,0.0,0.0,0.0,0.0,0.0,0.0,0.0,0.0,0.0
4932.YJL055W,0.07628422023992618,0.012872471352831953,0.4890863025135725,0.0,0.00017916609449920875,0.0,0.0,0.0,0.0,0.0,0.0,0.0,0.0,0.0
4932.YPL031C,0.14057213165179946,0.02020456100328276,0.5133512889236314,0.0,0.0008973715597147706,0.0,0.0,0.0,0.0,0.0,0.0,0.0,0.0,0.0
4932.YPL213W,0.10750538295908951,0.020342340411279615,0.5011182706250733,0.0,0.0004740771461553698,0.0,0.0,0.0,0.0,0.0,0.0,0.0,0.0,0.0
4932.YNL320W,0.022300830513688096,0.0021027022478254873,0.46013316918250424,0.0,4.246249717538524e-05,0.0,0.0,0.0,0.0,0.0,0.0,0.0,0.0,0.0
4932.YDL155W,0.06075053829590896,0.008589907754949533,0.4795572409738247,0.0,0.00015134904779732697,0.0,0.0,0.0,0.0,0.0,0.0,0.0,0.0,0.0
4932.YFL029C,0.11857889880036912,0.016979087241189947,0.5080929404328192,0.0,0.0008005072307044314,0.0,0.0,0.0,0.0,0.0,0.0,0.0,0.0,0.0
4932.YGR014W,0.0890495232236235,0.013854352915939295,0.49126790770358547,0.0,0.0002492896008557847,0.0,0.0,0.0,0.0,0.0,0.0,0.0,0.0,0.0
4932.YGR108W,0.05782836050446017,0.007599049487683587,0.4777590335413076,0.0,0.00014783929387203367,0.0,0.0,0.0,0.0,0.0,0.0,0.0,0.0,0.0
4932.YIL082W,0.03768071362657644,0.00529537723803896,0.4711427360205427,0.0,4.942963288000988e-05,0.0,0.0,0.0,0.0,0.0,0.0,0.0,0.0,0.0
4932.YBL078C,0.1511842509996924,0.018419085932893355,0.512016438042339,0.0,0.001450572191293226,0.0,0.0,0.0,0.0,0.0,0.0,0.0,0.0,0.0
4932.YNR049C,0.041371885573669644,0.007104943819986939,0.47320132647795843,0.0,4.53546310247339e-05,0.0,0.0,0.0,0.0,0.0,0.0,0.0,0.0,0.0
4932.YMR163C,0.03322054752383882,0.004624839955569679,0.4683243686627261,0.0,7.491401137112618e-05,0.0,0.0,0.0,0.0,0.0,0.0,0.0,0.0,0.0
4932.YNL332W,0.02952937557674562,0.004947198760924886,0.4688312132175559,0.0,0.00016831888608662523,0.0,0.0,0.0,0.0,0.0,0.0,0.0,0.0,0.0
4932.YER169W,0.12273146724084898,0.019063100910918306,0.5019699200614387,0.0,0.0005328416628962609,0.0,0.0,0.0,0.0,0.0,0.0,0.0,0.0,0.0
4932.YGR067C,0.07490003075976623,0.01050187553266843,0.4903781310991868,0.0,0.0003382963958459648,0.0,0.0,0.0,0.0,0.0,0.0,0.0,0.0,0.0
4932.YKR091W,0.0798215933558905,0.01161036789258968,0.48780126230728355,0.0,0.00027428816079473357,0.0,0.0,0.0,0.0,0.0,0.0,0.0,0.0,0.0
4932.YLR031W,0.02153183635804368,0.002418321984114812,0.45654469298077177,0.0,5.4331767116677796e-05,0.0,0.0,0.0,0.0,0.0,0.0,0.0,0.0,0.0
4932.YER132C,0.04475545985850508,0.007029011317470039,0.47206688087143656,0.0,6.048628408402755e-05,0.0,0.0,0.0,0.0,0.0,0.0,0.0,0.0,0.0
4932.YOR101W,0.14318671178099046,0.027588493403461013,0.5138790522099901,0.0,0.0007978296600508572,0.0,0.0,0.0,0.0,0.0,0.0,0.0,0.0,0.0
4932.YGL209W,0.06151953245155337,0.010376050918517317,0.48172589630034285,0.0,0.00012325384857511939,0.0,0.0,0.0,0.0,0.0,0.0,0.0,0.0,0.0
4932.YNL126W,0.025223008305136883,0.002533610681498225,0.4570906454132896,0.0,4.4562464552163764e-05,0.0,0.0,0.0,0.0,0.0,0.0,0.0,0.0,0.0
4932.YGL210W,0.10319901568748079,0.016388554218874946,0.502202690717623,0.0,0.0005342646077314366,0.0,0.0,0.0,0.0,0.0,0.0,0.0,0.0,0.0
4932.YOR304W,0.1307290064595509,0.01918296242780549,0.5045423258945045,0.0,0.00045025362051124554,0.0,0.0,0.0,0.0,0.0,0.0,0.0,0.0,0.0
4932.YPR119W,0.08935712088588127,0.012574120406090569,0.4894547013554779,0.0,0.0003239789838182416,0.0,0.0,0.0,0.0,0.0,0.0,0.0,0.0,0.0
4932.YHR172W,0.02645339895416795,0.002855275751506586,0.45789589283315657,0.0,0.00028670936031084806,0.0,0.0,0.0,0.0,0.0,0.0,0.0,0.0,0.0
4932.YGL254W,0.04844663180559828,0.007615962302589357,0.4778292973891701,0.0,0.0005310649539394048,0.0,0.0,0.0,0.0,0.0,0.0,0.0,0.0,0.0
4932.YDR334W,0.08997231621039681,0.012548993664273568,0.48989751320833264,0.0,0.0002032243167025848,0.0,0.0,0.0,0.0,0.0,0.0,0.0,0.0,0.0
4932.YMR273C,0.06551830206090434,0.00809537561760887,0.4819045250070695,0.0,0.00015435030509419466,0.0,0.0,0.0,0.0,0.0,0.0,0.0,0.0,0.0
4932.YJL056C,0.06721008920332205,0.009749653179998308,0.4841666504131827,0.0,0.0002534930787297708,0.0,0.0,0.0,0.0,0.0,0.0,0.0,0.0,0.0
4932.YPL187W,0.024761611811750232,0.002393172402636073,0.47039240011548605,0.0,0.0004948090889873739,0.0,0.0,0.0,0.0,0.0,0.0,0.0,0.0,0.0
4932.YBR164C,0.1541064287911412,0.02339508536182185,0.5184299198336784,0.0,0.0015381647438875996,0.0,0.0,0.0,0.0,0.0,0.0,0.0,0.0,0.0
4932.YHR129C,0.1048908028298985,0.01839564716600556,0.49644744557990106,0.0,0.0004323898429686386,0.0,0.0,0.0,0.0,0.0,0.0,0.0,0.0,0.0
4932.YCL024W,0.059827745309135656,0.007964976793381864,0.48215482786935704,0.0,9.975956426208803e-05,0.0,0.0,0.0,0.0,0.0,0.0,0.0,0.0,0.0
4932.YER020W,0.07736081205782837,0.008652344772964296,0.49030412851394584,0.0,0.0003103291274296578,0.0,0.0,0.0,0.0,0.0,0.0,0.0,0.0,0.0
4932.YER164W,0.12365426022762227,0.01787010253986605,0.5013889363576639,0.0,0.00048447283930119886,0.0,0.0,0.0,0.0,0.0,0.0,0.0,0.0,0.0
4932.YOL045W,0.11750230698246694,0.016172004345167187,0.5034867980160642,0.0,0.0005510392327754447,0.0,0.0,0.0,0.0,0.0,0.0,0.0,0.0,0.0
4932.YCR027C,0.09950784374038758,0.016402664900543075,0.5014276267609634,0.0,0.00048014403815183516,0.0,0.0,0.0,0.0,0.0,0.0,0.0,0.0,0.0
4932.YLR377C,0.09104890802829899,0.010601829046675894,0.49637159996908753,0.0,0.00039873231141925817,0.0,0.0,0.0,0.0,0.0,0.0,0.0,0.0,0.0
4932.YER031C,0.12965241464164873,0.021349655651451922,0.5102073347358138,0.0,0.0007001411049333831,0.0,0.0,0.0,0.0,0.0,0.0,0.0,0.0,0.0
4932.YMR216C,0.0919717010150723,0.015499206129878231,0.4923100700958652,0.0,0.00034948477971694997,0.0,0.0,0.0,0.0,0.0,0.0,0.0,0.0,0.0
4932.YPL174C,0.030452168563518917,0.002942309454992631,0.4623595143870304,0.0,6.734241755924931e-05,0.0,0.0,0.0,0.0,0.0,0.0,0.0,0.0,0.0
4932.YPL195W,0.03629652414641649,0.0032390700538221092,0.46567296941345315,0.0,9.879265647315557e-05,0.0,0.0,0.0,0.0,0.0,0.0,0.0,0.0,0.0
4932.YER028C,0.04629344816979391,0.008209219730519478,0.4755910572491638,0.0,6.64794125561313e-05,0.0,0.0,0.0,0.0,0.0,0.0,0.0,0.0,0.0
4932.YJR127C,0.07105505998154414,0.010298273790546613,0.4856139761748244,0.0,0.00013418881738160978,0.0,0.0,0.0,0.0,0.0,0.0,0.0,0.0,0.0
4932.YPL173W,0.03844970778222086,0.008039765718958132,0.46189938976367106,0.0,5.12847205408424e-05,0.0,0.0,0.0,0.0,0.0,0.0,0.0,0.0,0.0
4932.YDR075W,0.12088588126730238,0.02012025043134667,0.5022415068167665,0.0,0.0005151673134573538,0.0,0.0,0.0,0.0,0.0,0.0,0.0,0.0,0.0
4932.YHR079C,0.14057213165179946,0.01723071987015151,0.5097270642606938,0.0,0.001192048192283662,0.0,0.0,0.0,0.0,0.0,0.0,0.0,0.0,0.0
4932.YPL159C,0.10412180867425408,0.016254329749696376,0.5018923777859987,0.0,0.0005619996659342045,0.0,0.0,0.0,0.0,0.0,0.0,0.0,0.0,0.0
4932.YKR055W,0.11904029529375577,0.018287276164588268,0.5072996030287551,0.0,0.0006263321198542976,0.0,0.0,0.0,0.0,0.0,0.0,0.0,0.0,0.0
4932.YPL038W,0.05813595816671794,0.010184679147685153,0.482262180139181,0.0,0.00018279857408633622,0.0,0.0,0.0,0.0,0.0,0.0,0.0,0.0,0.0
4932.YOR244W,0.08458935712088589,0.010057460690830064,0.48904949312827006,0.0,0.00042024585017330174,0.0,0.0,0.0,0.0,0.0,0.0,0.0,0.0,0.0
4932.YPL260W,0.056444171024300216,0.010531759596396623,0.48058580099070514,0.0,0.00014899472532380991,0.0,0.0,0.0,0.0,0.0,0.0,0.0,0.0,0.0
4932.YOL139C,0.1244232543832667,0.03039264183856383,0.5026688802657481,0.0,0.0002573402538057236,0.0,0.0,0.0,0.0,0.0,0.0,0.0,0.0,0.0
4932.YKL072W,0.0975084589357121,0.015248437431604618,0.4985423212517512,0.0,0.000406430486344546,0.0,0.0,0.0,0.0,0.0,0.0,0.0,0.0,0.0
4932.YLR210W,0.05152260842817595,0.006766230639086261,0.47517371957552645,0.0,9.341484750499438e-05,0.0,0.0,0.0,0.0,0.0,0.0,0.0,0.0,0.0
4932.YPL230W,0.10827437711473394,0.013324593638584101,0.5050521230526446,0.0,0.0006787789724346789,0.0,0.0,0.0,0.0,0.0,0.0,0.0,0.0,0.0
4932.YDR043C,0.08505075361427254,0.011369529845941818,0.49527443713379,0.0,0.00044401010234694683,0.0,0.0,0.0,0.0,0.0,0.0,0.0,0.0,0.0
4932.YJL194W,0.06198092894494002,0.008506238816028069,0.47962803477969623,0.0,0.0004989562767827223,0.0,0.0,0.0,0.0,0.0,0.0,0.0,0.0,0.0
4932.YPL203W,0.12457705321439558,0.013753154923924722,0.5035648337876104,0.0,0.0007709839820265402,0.0,0.0,0.0,0.0,0.0,0.0,0.0,0.0,0.0
4932.YDR253C,0.05828975699784682,0.008253644678460063,0.48405844868856707,0.0,0.0002450791819338668,0.0,0.0,0.0,0.0,0.0,0.0,0.0,0.0,0.0
4932.YPR019W,0.07259304829283297,0.012270266401573825,0.4825845239654901,0.0,7.487801099922265e-05,0.0,0.0,0.0,0.0,0.0,0.0,0.0,0.0,0.0
4932.YDL029W,0.11488772685327592,0.016542018785015464,0.500462154589905,0.0,0.0005199323327958369,0.0,0.0,0.0,0.0,0.0,0.0,0.0,0.0,0.0
4932.YMR182C,0.05629037219317134,0.009218426383072804,0.48608622196254675,0.0,0.00025660347868142197,0.0,0.0,0.0,0.0,0.0,0.0,0.0,0.0,0.0
4932.YHR005C,0.03414334051061212,0.0038363912509345307,0.4721354802873883,0.0,0.00014216812960906984,0.0,0.0,0.0,0.0,0.0,0.0,0.0,0.0,0.0
4932.YIL033C,0.11842509996924024,0.015124835687628397,0.5000000473372826,0.0,0.00056551440908692,0.0,0.0,0.0,0.0,0.0,0.0,0.0,0.0,0.0
4932.YFL058W,0.03429713934174101,0.0051813958189508855,0.4715188023507238,0.0,0.00022436639632966666,0.0,0.0,0.0,0.0,0.0,0.0,0.0,0.0,0.0
4932.YOR162C,0.049215625961242696,0.007211049536177585,0.4822263907380575,0.0,0.0001942724584798032,0.0,0.0,0.0,0.0,0.0,0.0,0.0,0.0,0.0
4932.YOR051C,0.11150415256844048,0.025477400885873323,0.4989634197339572,0.0,0.00021473828344928947,0.0,0.0,0.0,0.0,0.0,0.0,0.0,0.0,0.0
4932.YMR128W,0.15718240541371886,0.03505328810791344,0.5162059592624185,0.0,0.0005914978200358174,0.0,0.0,0.0,0.0,0.0,0.0,0.0,0.0,0.0
4932.YKL166C,0.10519840049215627,0.01393052167283372,0.49900173669139336,0.0,0.000559549103363745,0.0,0.0,0.0,0.0,0.0,0.0,0.0,0.0,0.0
4932.YPL193W,0.07812980621347278,0.015748210146486103,0.48875521738964456,0.0,0.00012910162452890852,0.0,0.0,0.0,0.0,0.0,0.0,0.0,0.0,0.0
4932.YER093C-A,0.0556751768686558,0.008898483015452763,0.4811195479931382,0.0,0.0003076547684827806,0.0,0.0,0.0,0.0,0.0,0.0,0.0,0.0,0.0
4932.YNR012W,0.12565364503229776,0.026611275566294244,0.503291814359486,0.0,0.0004037275013401727,0.0,0.0,0.0,0.0,0.0,0.0,0.0,0.0,0.0
4932.YGL136C,0.08874192556136574,0.01995330728028029,0.4918256596423951,0.0,0.0003930560137084438,0.0,0.0,0.0,0.0,0.0,0.0,0.0,0.0,0.0
4932.YMR127C,0.04967702245462935,0.00615913643403813,0.4734426677737941,0.0,0.00017315292878017398,0.0,0.0,0.0,0.0,0.0,0.0,0.0,0.0,0.0
4932.YDL137W,0.13411258074438634,0.022150413855815263,0.5121778683057716,0.0,0.0007180605804677754,0.0,0.0,0.0,0.0,0.0,0.0,0.0,0.0,0.0
4932.YBR136W,0.07105505998154414,0.008195153302666954,0.4821190543994157,0.0,0.00022922585939976533,0.0,0.0,0.0,0.0,0.0,0.0,0.0,0.0,0.0
4932.YNL279W,0.04460166102737619,0.006618712197923913,0.476917476344611,0.0,0.00016438528423376453,0.0,0.0,0.0,0.0,0.0,0.0,0.0,0.0,0.0
4932.YJR124C,0.08797293140572132,0.02093730232925546,0.4907855449543297,0.0,0.0001179056074066815,0.0,0.0,0.0,0.0,0.0,0.0,0.0,0.0,0.0
4932.YDR216W,0.12088588126730238,0.01647748312446892,0.5042682457857616,0.0,0.0005022634081104719,0.0,0.0,0.0,0.0,0.0,0.0,0.0,0.0,0.0
4932.YLR266C,0.03414334051061212,0.005300122957205116,0.471279417986316,0.0,8.886034920831748e-05,0.0,0.0,0.0,0.0,0.0,0.0,0.0,0.0,0.0
4932.YMR199W,0.057059366348815754,0.00763059830941229,0.4775483659289575,0.0,9.773865598310919e-05,0.0,0.0,0.0,0.0,0.0,0.0,0.0,0.0,0.0
4932.YBL059W,0.053521993232851436,0.008693288251725597,0.4802306270929957,0.0,0.00024676599331996407,0.0,0.0,0.0,0.0,0.0,0.0,0.0,0.0,0.0
4932.YML109W,0.06105813595816672,0.007865581562454208,0.48008870448432395,0.0,0.00010397551894855486,0.0,0.0,0.0,0.0,0.0,0.0,0.0,0.0,0.0
4932.YPR034W,0.11011996308828054,0.018314350566171953,0.4983129306131384,0.0,0.00035072952014182364,0.0,0.0,0.0,0.0,0.0,0.0,0.0,0.0,0.0
4932.YPR186C,0.08581974776991695,0.0168572338489377,0.486049862756775,0.0,0.00027750861537056504,0.0,0.0,0.0,0.0,0.0,0.0,0.0,0.0,0.0
4932.YML081W,0.08751153491233467,0.01441122087709336,0.4920118584989267,0.0,0.00021307636887729113,0.0,0.0,0.0,0.0,0.0,0.0,0.0,0.0,0.0
4932.YDL244W,0.0287603814211012,0.004726015610358231,0.4675156928696543,0.0,0.00011435634242338426,0.0,0.0,0.0,0.0,0.0,0.0,0.0,0.0,0.0
4932.YGR109C,0.05536757920639804,0.007440016111775868,0.4766725803400326,0.0,0.00012506075483476468,0.0,0.0,0.0,0.0,0.0,0.0,0.0,0.0,0.0
4932.YPL158C,0.03906490310673639,0.004645454960352016,0.4710744247640514,0.0,0.00011553679976223086,0.0,0.0,0.0,0.0,0.0,0.0,0.0,0.0,0.0
4932.YDL079C,0.10827437711473394,0.012748519303904445,0.5077356317545964,0.0,0.0008248708594559422,0.0,0.0,0.0,0.0,0.0,0.0,0.0,0.0,0.0
4932.YAL040C,0.05828975699784682,0.008329853643185278,0.4784978361704952,0.0,0.0002090447042320614,0.0,0.0,0.0,0.0,0.0,0.0,0.0,0.0,0.0
4932.YHR128W,0.12611504152568442,0.02866955143269476,0.5021638806178768,0.0,0.0003357753775811052,0.0,0.0,0.0,0.0,0.0,0.0,0.0,0.0,0.0
4932.YLR212C,0.07490003075976623,0.011153867245857952,0.48441930931827376,0.0,0.000563521067960259,0.0,0.0,0.0,0.0,0.0,0.0,0.0,0.0,0.0
4932.YIL118W,0.1585665948938788,0.025077525624100077,0.5218858417151494,0.0,0.0011562530505152152,0.0,0.0,0.0,0.0,0.0,0.0,0.0,0.0,0.0
4932.YDL088C,0.04352506920947401,0.007640497822053191,0.4723413982114796,0.0,4.596590324137065e-05,0.0,0.0,0.0,0.0,0.0,0.0,0.0,0.0,0.0
4932.YAL001C,0.07259304829283297,0.010027256353190036,0.4844554249754212,0.0,0.00019172317785001627,0.0,0.0,0.0,0.0,0.0,0.0,0.0,0.0,0.0
4932.YDR362C,0.07167025530605968,0.012131840983558335,0.48780126230728355,0.0,0.00021792632835250771,0.0,0.0,0.0,0.0,0.0,0.0,0.0,0.0,0.0
4932.YGR152C,0.118732697631498,0.02029764045958226,0.506587714601647,0.0,0.0006527903309182666,0.0,0.0,0.0,0.0,0.0,0.0,0.0,0.0,0.0
4932.YDR190C,0.1539526299600123,0.034724141238447984,0.5106885110967718,0.0,0.00047770408152230656,0.0,0.0,0.0,0.0,0.0,0.0,0.0,0.0,0.0
4932.YLR045C,0.05229160258382037,0.006117828005828074,0.47069906665666966,0.0,0.0001303672683576876,0.0,0.0,0.0,0.0,0.0,0.0,0.0,0.0,0.0
4932.YPR015C,0.04967702245462935,0.007863132283030228,0.48696047775744344,0.0,0.0005503640344246925,0.0,0.0,0.0,0.0,0.0,0.0,0.0,0.0,0.0
4932.YMR037C,0.1419563211319594,0.01911837257716974,0.5122990078205081,0.0,0.0007757073766144411,0.0,0.0,0.0,0.0,0.0,0.0,0.0,0.0,0.0
4932.YNL180C,0.1299600123039065,0.01983525565681976,0.5108491049681859,0.0,0.000799298367727632,0.0,0.0,0.0,0.0,0.0,0.0,0.0,0.0,0.0
4932.YNL236W,0.09120270685942787,0.01510489526047067,0.49561441653537675,0.0,0.0002522777674069354,0.0,0.0,0.0,0.0,0.0,0.0,0.0,0.0,0.0
4932.YNL233W,0.09120270685942787,0.014725298394450042,0.49141651782464835,0.0,0.00024169383777321752,0.0,0.0,0.0,0.0,0.0,0.0,0.0,0.0,0.0
4932.YLR229C,0.15610581359581668,0.024528721718936834,0.5201729599099684,0.0,0.0011321570530253072,0.0,0.0,0.0,0.0,0.0,0.0,0.0,0.0,0.0
4932.YOR010C,0.032605352199323284,0.004647737319512566,0.4772677646122163,0.0,0.0004132241551797234,0.0,0.0,0.0,0.0,0.0,0.0,0.0,0.0,0.0
4932.YHR142W,0.039833897262380805,0.004407073107895807,0.4710744247640514,0.0,0.00018286121100686902,0.0,0.0,0.0,0.0,0.0,0.0,0.0,0.0,0.0
4932.YNL098C,0.13257459243309752,0.020113389726243894,0.5098870539230481,0.0,0.0007570050138418673,0.0,0.0,0.0,0.0,0.0,0.0,0.0,0.0,0.0
4932.YDL070W,0.075207628422024,0.010541853642812538,0.4897867351470057,0.0,0.00037975259798372343,0.0,0.0,0.0,0.0,0.0,0.0,0.0,0.0,0.0
4932.YNL304W,0.11411873269763151,0.016739866348358275,0.5053663567580747,0.0,0.0007083652974328189,0.0,0.0,0.0,0.0,0.0,0.0,0.0,0.0,0.0
4932.YGL035C,0.06813288219009536,0.010246457151172639,0.4835901328566886,0.0,0.00018833240044528507,0.0,0.0,0.0,0.0,0.0,0.0,0.0,0.0,0.0
4932.YMR001C,0.09904644724700093,0.011724760088885797,0.4945205947637233,0.0,0.00047740207223266324,0.0,0.0,0.0,0.0,0.0,0.0,0.0,0.0,0.0
4932.YHR084W,0.1179637034758536,0.01938308465354027,0.5045031533536743,0.0,0.0006962603126311032,0.0,0.0,0.0,0.0,0.0,0.0,0.0,0.0,0.0
4932.YHR006W,0.08243617348508152,0.011679316470330898,0.4882410861218217,0.0,0.00028025921830922653,0.0,0.0,0.0,0.0,0.0,0.0,0.0,0.0,0.0
4932.YLR131C,0.06890187634573977,0.009753813855586498,0.4826562144540834,0.0,0.00016199826169056058,0.0,0.0,0.0,0.0,0.0,0.0,0.0,0.0,0.0
4932.YDR451C,0.04537065518302061,0.004998135762304153,0.4736152051891636,0.0,0.00014593542028430045,0.0,0.0,0.0,0.0,0.0,0.0,0.0,0.0,0.0
4932.YLR375W,0.06151953245155337,0.009427179813713474,0.485432587419343,0.0,0.00018380749335674987,0.0,0.0,0.0,0.0,0.0,0.0,0.0,0.0,0.0
4932.YAL016W,0.08182097816056598,0.01354455612582904,0.48776464608882486,0.0,0.0002560702591517563,0.0,0.0,0.0,0.0,0.0,0.0,0.0,0.0,0.0
4932.YML027W,0.06767148569670871,0.008158043331747453,0.4882777739100785,0.0,0.0002897606052222079,0.0,0.0,0.0,0.0,0.0,0.0,0.0,0.0,0.0
4932.YOR094W,0.09520147646877884,0.016611229147868528,0.499231762077084,0.0,0.0004568040466342474,0.0,0.0,0.0,0.0,0.0,0.0,0.0,0.0,0.0
4932.YOL148C,0.05813595816671794,0.009123074922354426,0.4779698871052096,0.0,8.594626222075972e-05,0.0,0.0,0.0,0.0,0.0,0.0,0.0,0.0,0.0
4932.YDR420W,0.0807443863426638,0.0124693634803963,0.48626809961799927,0.0,0.00016670252053646586,0.0,0.0,0.0,0.0,0.0,0.0,0.0,0.0,0.0
4932.YPR022C,0.07290064595509074,0.012119198704022347,0.48488923328074957,0.0,0.00013220740136643622,0.0,0.0,0.0,0.0,0.0,0.0,0.0,0.0,0.0
4932.YPR165W,0.1467240848969548,0.02270014469516932,0.5160829652287606,0.0,0.0008447680703629545,0.0,0.0,0.0,0.0,0.0,0.0,0.0,0.0,0.0
4932.YBL052C,0.05782836050446017,0.007614573187684042,0.47621844010225906,0.0,0.00010818106635926118,0.0,0.0,0.0,0.0,0.0,0.0,0.0,0.0,0.0
4932.YLR032W,0.09397108581974778,0.013198624636990328,0.4924966359856999,0.0,0.00026614874836498604,0.0,0.0,0.0,0.0,0.0,0.0,0.0,0.0,0.0
4932.YOR262W,0.10289141802522302,0.01767339611948509,0.5027077684662947,0.0,0.0005810233960250437,0.0,0.0,0.0,0.0,0.0,0.0,0.0,0.0,0.0
4932.YGL150C,0.10258382036296525,0.016070566610842472,0.4944077162896846,0.0,0.000207300730132683,0.0,0.0,0.0,0.0,0.0,0.0,0.0,0.0,0.0
4932.YOR141C,0.11396493386650262,0.015537652507562933,0.49877192318048236,0.0,0.0005402937486370571,0.0,0.0,0.0,0.0,0.0,0.0,0.0,0.0,0.0
4932.YJR065C,0.11150415256844048,0.01708759629139844,0.49877192318048236,0.0,0.0003717214149396165,0.0,0.0,0.0,0.0,0.0,0.0,0.0,0.0,0.0
4932.YGR044C,0.06874807751461089,0.010089101228491498,0.48860821228628654,0.0,0.00039759233043553706,0.0,0.0,0.0,0.0,0.0,0.0,0.0,0.0,0.0
4932.YOR113W,0.09658566594893879,0.013450294462347145,0.49369401422240733,0.0,0.000373398668521328,0.0,0.0,0.0,0.0,0.0,0.0,0.0,0.0,0.0
4932.YBR067C,0.02291602583820363,0.004742408890950688,0.4616368723497673,0.0,2.4482760053072492e-05,0.0,0.0,0.0,0.0,0.0,0.0,0.0,0.0,0.0
4932.YMR016C,0.059827745309135656,0.010236580889519687,0.47998231756502624,0.0,9.675083675346089e-05,0.0,0.0,0.0,0.0,0.0,0.0,0.0,0.0,0.0
4932.YNL273W,0.06674869270993541,0.007705058140062802,0.48725259562052525,0.0,0.00020292404332490437,0.0,0.0,0.0,0.0,0.0,0.0,0.0,0.0,0.0
4932.YPR120C,0.06521070439864657,0.008429353277434893,0.4810483132362544,0.0,0.00022181474742422202,0.0,0.0,0.0,0.0,0.0,0.0,0.0,0.0,0.0
4932.YBR160W,0.17656105813595818,0.024880991346009487,0.527178372156038,0.0,0.0019744966666885456,0.0,0.0,0.0,0.0,0.0,0.0,0.0,0.0,0.0
4932.YPL256C,0.06105813595816672,0.00874959423642144,0.47938034785653444,0.0,0.00013263037742906967,0.0,0.0,0.0,0.0,0.0,0.0,0.0,0.0,0.0
4932.YPR141C,0.06490310673638881,0.007463920158363583,0.4808703185965607,0.0,0.00024018805412449564,0.0,0.0,0.0,0.0,0.0,0.0,0.0,0.0,0.0
4932.YHL012W,0.02245462934481698,0.0027329298810751215,0.4570584944218418,0.0,5.2999314331309935e-05,0.0,0.0,0.0,0.0,0.0,0.0,0.0,0.0,0.0
4932.YDR096W,0.12134727776068903,0.017033271685292218,0.5052091910430201,0.0,0.0007007285977861937,0.0,0.0,0.0,0.0,0.0,0.0,0.0,0.0,0.0
4932.YLL013C,0.12027068594278684,0.014722292926360729,0.5024356773521476,0.0,0.0015121929216906698,0.0,0.0,0.0,0.0,0.0,0.0,0.0,0.0,0.0
4932.YNL090W,0.15056905567517687,0.0227903501817457,0.5194660336713826,0.0,0.0013608878644269487,0.0,0.0,0.0,0.0,0.0,0.0,0.0,0.0,0.0
4932.YDR359C,0.11565672100892034,0.01584772416906526,0.5019699200614387,0.0,0.0008028616821297523,0.0,0.0,0.0,0.0,0.0,0.0,0.0,0.0,0.0
4932.YPR013C,0.04121808674254076,0.007135850206627595,0.472684994194757,0.0,3.654179010421031e-05,0.0,0.0,0.0,0.0,0.0,0.0,0.0,0.0,0.0
4932.YIL119C,0.058597354660104586,0.008131915716752387,0.4826562144540834,0.0,0.0001174817143756384,0.0,0.0,0.0,0.0,0.0,0.0,0.0,0.0,0.0
4932.YNL307C,0.17040910489080283,0.024348323561592316,0.5228516748628359,0.0,0.0013652997697012094,0.0,0.0,0.0,0.0,0.0,0.0,0.0,0.0,0.0
4932.YER011W,0.03183635804367887,0.005407915868816839,0.4760091286495733,0.0,0.00016698702987842195,0.0,0.0,0.0,0.0,0.0,0.0,0.0,0.0,0.0
4932.YJL081C,0.10289141802522302,0.016998518649011883,0.4951612142951554,0.0,0.00034278828910730105,0.0,0.0,0.0,0.0,0.0,0.0,0.0,0.0,0.0
4932.YDR146C,0.0798215933558905,0.012074941328325296,0.48728913499777465,0.0,0.0004153627862373205,0.0,0.0,0.0,0.0,0.0,0.0,0.0,0.0,0.0
4932.YDR316W,0.05321439557059367,0.011520250680837155,0.47534752122862656,0.0,0.0002116698022859792,0.0,0.0,0.0,0.0,0.0,0.0,0.0,0.0,0.0
4932.YEL050W-A,0.019532451553368194,0.00036797646131201507,0.3837477479002731,0.0,4.335559068352748e-05,0.0,0.0,0.0,0.0,0.0,0.0,0.0,0.0,0.0
4932.YBR209W,0.008151338049830821,7.41145208679247e-05,0.36745083777399484,0.0,6.438339284548346e-05,0.0,0.0,0.0,0.0,0.0,0.0,0.0,0.0,0.0
4932.YOL034W,0.08305136880959706,0.010370122637420811,0.48791114395519786,0.0,0.0002760584478195296,0.0,0.0,0.0,0.0,0.0,0.0,0.0,0.0,0.0
4932.YBR275C,0.022300830513688096,0.0026437498273294046,0.4457096244732372,0.0,2.0015609214698464e-05,0.0,0.0,0.0,0.0,0.0,0.0,0.0,0.0,0.0
4932.YMR167W,0.04029529375576746,0.004751789469930273,0.4691697195086877,0.0,9.708106545712084e-05,0.0,0.0,0.0,0.0,0.0,0.0,0.0,0.0,0.0
4932.YHR164C,0.05952014764687789,0.006034960761143119,0.47825131487416833,0.0,0.00015972628943021602,0.0,0.0,0.0,0.0,0.0,0.0,0.0,0.0,0.0
4932.YPL248C,0.04721624115656721,0.005962750498413519,0.4781809268669751,0.0,0.00017154268078692855,0.0,0.0,0.0,0.0,0.0,0.0,0.0,0.0,0.0
4932.YIR002C,0.04583205167640726,0.005920201345785047,0.4692374794335156,0.0,0.00012228444493155412,0.0,0.0,0.0,0.0,0.0,0.0,0.0,0.0,0.0
4932.YMR284W,0.04967702245462935,0.006348280139654613,0.47870934250739094,0.0,0.0001783654284323636,0.0,0.0,0.0,0.0,0.0,0.0,0.0,0.0,0.0
4932.YFR023W,0.08028298984927715,0.01832261764397044,0.4964095198774121,0.0,0.0013806796571951927,0.0,0.0,0.0,0.0,0.0,0.0,0.0,0.0,0.0
4932.YOR290C,0.09243309750845895,0.012824431629270551,0.4921236455010091,0.0,0.0002509427872431031,0.0,0.0,0.0,0.0,0.0,0.0,0.0,0.0,0.0
4932.YLR430W,0.07920639803137497,0.01296165514065032,0.4835901328566886,0.0,0.00024371339130497483,0.0,0.0,0.0,0.0,0.0,0.0,0.0,0.0,0.0
4932.YJL074C,0.09658566594893879,0.014286248277290536,0.4921609191240873,0.0,0.000357290424858806,0.0,0.0,0.0,0.0,0.0,0.0,0.0,0.0,0.0
4932.YHL035C,0.050138418948015996,0.006389348511687767,0.4822263907380575,0.0,0.00019398322225179537,0.0,0.0,0.0,0.0,0.0,0.0,0.0,0.0,0.0
4932.YHR154W,0.07259304829283297,0.009643177052274913,0.4838061659738906,0.0,0.00023514580333794085,0.0,0.0,0.0,0.0,0.0,0.0,0.0,0.0,0.0
4932.YPL167C,0.050446016610273765,0.005858982818406816,0.4744797820515024,0.0,0.00010197031223509199,0.0,0.0,0.0,0.0,0.0,0.0,0.0,0.0,0.0
4932.YCR092C,0.049215625961242696,0.006258587207747844,0.47420277422428114,0.0,0.00015371493630955143,0.0,0.0,0.0,0.0,0.0,0.0,0.0,0.0,0.0
4932.YDR227W,0.09397108581974778,0.013086604407564883,0.4932068778136869,0.0,0.00033543638638533144,0.0,0.0,0.0,0.0,0.0,0.0,0.0,0.0,0.0
4932.YGL175C,0.015841279606274992,0.0012636174392794718,0.4285997371674246,0.0,1.4708727404942578e-05,0.0,0.0,0.0,0.0,0.0,0.0,0.0,0.0,0.0
4932.YDR338C,0.032605352199323284,0.003961734286921208,0.4690681163065996,0.0,9.281398468530613e-05,0.0,0.0,0.0,0.0,0.0,0.0,0.0,0.0,0.0
4932.YOL056W,0.043217471547216245,0.008190912128660759,0.4724100774405907,0.0,6.235259078108592e-05,0.0,0.0,0.0,0.0,0.0,0.0,0.0,0.0,0.0
4932.YHR076W,0.04690864349430945,0.006802001269224959,0.47524322498320226,0.0,0.00012657196595313594,0.0,0.0,0.0,0.0,0.0,0.0,0.0,0.0,0.0
4932.YIL114C,0.059981544140264534,0.01101648943618211,0.4855414044082287,0.0,0.0001500999982521683,0.0,0.0,0.0,0.0,0.0,0.0,0.0,0.0,0.0
4932.YDL021W,0.06305752076284221,0.009447115078658795,0.4789563363451997,0.0,0.00010534384349740846,0.0,0.0,0.0,0.0,0.0,0.0,0.0,0.0,0.0
4932.YER095W,0.13964933866502616,0.022259910605623177,0.513067557457191,0.0,0.0010281679968717748,0.0,0.0,0.0,0.0,0.0,0.0,0.0,0.0,0.0
4932.YOL059W,0.04844663180559828,0.008637568430040111,0.474722429514562,0.0,7.339126440976364e-05,0.0,0.0,0.0,0.0,0.0,0.0,0.0,0.0,0.0
4932.YDL210W,0.029990772070132267,0.0025258916333120796,0.46650876697503946,0.0,9.413447367499893e-05,0.0,0.0,0.0,0.0,0.0,0.0,0.0,0.0,0.0
4932.YLL061W,0.028452783758843435,0.0022399775473684303,0.45692993567226814,0.0,5.3455145375476863e-05,0.0,0.0,0.0,0.0,0.0,0.0,0.0,0.0,0.0
4932.YPR067W,0.03337434635496771,0.004250336839243297,0.46394406791341747,0.0,6.718417702997634e-05,0.0,0.0,0.0,0.0,0.0,0.0,0.0,0.0,0.0
4932.YNL103W,0.0602891418025223,0.006737294706615804,0.48283553389770584,0.0,0.0002463415569964985,0.0,0.0,0.0,0.0,0.0,0.0,0.0,0.0,0.0
4932.YKR043C,0.0584435558289757,0.013150816445896227,0.4759742612947059,0.0,4.348732454747675e-05,0.0,0.0,0.0,0.0,0.0,0.0,0.0,0.0,0.0
4932.YIL107C,0.05967394647800677,0.006486316348211705,0.4752779853127066,0.0,0.00012820477000278558,0.0,0.0,0.0,0.0,0.0,0.0,0.0,0.0,0.0
4932.YKL040C,0.03844970778222086,0.005602777492058015,0.46604035108623143,0.0,8.367815973441329e-05,0.0,0.0,0.0,0.0,0.0,0.0,0.0,0.0,0.0
4932.YJL019W,0.06305752076284221,0.007928986584267427,0.48294318953514115,0.0,0.0003246938983608283,0.0,0.0,0.0,0.0,0.0,0.0,0.0,0.0,0.0
4932.YKR103W,0.05321439557059367,0.0065204771581856115,0.48391425492964885,0.0,0.00019354987776624733,0.0,0.0,0.0,0.0,0.0,0.0,0.0,0.0,0.0
4932.YKR104W,0.042602276222700707,0.005328707270733123,0.47998231756502624,0.0,0.0002105012289144265,0.0,0.0,0.0,0.0,0.0,0.0,0.0,0.0,0.0
4932.YKL209C,0.07905259920024608,0.010415386897606526,0.4965233143726847,0.0,0.0009720728002123943,0.0,0.0,0.0,0.0,0.0,0.0,0.0,0.0,0.0
4932.YDL219W,0.02814518609658567,0.005182930037307457,0.4560000431716017,0.0,3.4619732962823805e-05,0.0,0.0,0.0,0.0,0.0,0.0,0.0,0.0,0.0
4932.YOR090C,0.03891110427560751,0.005721471757719622,0.4710744247640514,0.0,0.00011075540658061573,0.0,0.0,0.0,0.0,0.0,0.0,0.0,0.0,0.0
4932.YDR070C,0.04152568440479853,0.0034590984434384603,0.46130914490950764,0.0,0.00010117199106944477,0.0,0.0,0.0,0.0,0.0,0.0,0.0,0.0,0.0
4932.YGR281W,0.08043678868040603,0.00929802673778875,0.4943324925975903,0.0,0.0005956218688037601,0.0,0.0,0.0,0.0,0.0,0.0,0.0,0.0,0.0
4932.YKL114C,0.043832666871731776,0.007276623446465925,0.4764279357134192,0.0,0.00011996012523774624,0.0,0.0,0.0,0.0,0.0,0.0,0.0,0.0,0.0
4932.YMR280C,0.05444478621962474,0.005121037742195293,0.47506949957561956,0.0,0.00017596642871894812,0.0,0.0,0.0,0.0,0.0,0.0,0.0,0.0,0.0
4932.YLR301W,0.04675484466318056,0.008683587699951943,0.479875977785638,0.0,8.734036113725918e-05,0.0,0.0,0.0,0.0,0.0,0.0,0.0,0.0,0.0
4932.YDL022W,0.0733620424484774,0.010534731158684205,0.487837884023673,0.0,0.00025444889631667637,0.0,0.0,0.0,0.0,0.0,0.0,0.0,0.0,0.0
4932.YKL182W,0.12380805905875115,0.02073348871114693,0.5108491049681859,0.0,0.0006909084151848052,0.0,0.0,0.0,0.0,0.0,0.0,0.0,0.0,0.0
4932.YDR076W,0.07566902491541065,0.011741204949188067,0.4897867351470057,0.0,0.00031764771683711165,0.0,0.0,0.0,0.0,0.0,0.0,0.0,0.0,0.0
4932.YER179W,0.0835127653029837,0.012643403914675451,0.49489722888007043,0.0,0.0006707834550314298,0.0,0.0,0.0,0.0,0.0,0.0,0.0,0.0,0.0
4932.YEL063C,0.055521378037526915,0.006721960644569556,0.4784273755849893,0.0,0.00032081241008819356,0.0,0.0,0.0,0.0,0.0,0.0,0.0,0.0,0.0
4932.YDR283C,0.11950169178714243,0.023707418788179037,0.5011182706250733,0.0,0.0005739397525612004,0.0,0.0,0.0,0.0,0.0,0.0,0.0,0.0,0.0
4932.YBL014C,0.03491233466625654,0.008038097160155447,0.46503976348638976,0.0,5.365296462418393e-05,0.0,0.0,0.0,0.0,0.0,0.0,0.0,0.0,0.0
4932.YLL015W,0.04367886804060289,0.006432522979898633,0.47952185190726326,0.0,9.60490020558895e-05,0.0,0.0,0.0,0.0,0.0,0.0,0.0,0.0,0.0
4932.YLL048C,0.07859120270685943,0.010087701047298775,0.4947841784204161,0.0,0.0004904521777483213,0.0,0.0,0.0,0.0,0.0,0.0,0.0,0.0,0.0
4932.YHL016C,0.05813595816671794,0.004878713393648271,0.4780050474617717,0.0,0.00024414832651313865,0.0,0.0,0.0,0.0,0.0,0.0,0.0,0.0,0.0
4932.YIL007C,0.084435558289757,0.014743015828896297,0.4898605816204542,0.0,0.0002940236492021582,0.0,0.0,0.0,0.0,0.0,0.0,0.0,0.0,0.0
4932.YPL231W,0.11581051984004923,0.018873190654522042,0.5078149902465868,0.0,0.0006529973712849261,0.0,0.0,0.0,0.0,0.0,0.0,0.0,0.0,0.0
4932.YLL027W,0.03491233466625654,0.004625959673894706,0.4650730471797398,0.0,7.128437777346242e-05,0.0,0.0,0.0,0.0,0.0,0.0,0.0,0.0,0.0
4932.YIL099W,0.1344201784066441,0.023871097809956356,0.5127841394567018,0.0,0.0009995635216959032,0.0,0.0,0.0,0.0,0.0,0.0,0.0,0.0,0.0
4932.YDR004W,0.07059366348815749,0.011524789969981583,0.48536006985325103,0.0,0.0002634192981146261,0.0,0.0,0.0,0.0,0.0,0.0,0.0,0.0,0.0
4932.YPL270W,0.054598585050753615,0.008037993795326761,0.48377014705146854,0.0,0.000193967467637196,0.0,0.0,0.0,0.0,0.0,0.0,0.0,0.0,0.0
4932.YLR154W-C,0.005536757920639804,0.0005110862858475211,0.4192258461416339,0.0,4.043677624160963e-05,0.0,0.0,0.0,0.0,0.0,0.0,0.0,0.0,0.0
4932.YGR286C,0.030605967394647802,0.003915841725915395,0.4583804045707763,0.0,3.363078629562878e-05,0.0,0.0,0.0,0.0,0.0,0.0,0.0,0.0,0.0
4932.YDR135C,0.0575207628422024,0.007701412227486244,0.48539632592779003,0.0,0.00019981860091229664,0.0,0.0,0.0,0.0,0.0,0.0,0.0,0.0,0.0
4932.YGL206C,0.11381113503537374,0.016720596304569527,0.5008865039077565,0.0,0.0006072803187982423,0.0,0.0,0.0,0.0,0.0,0.0,0.0,0.0,0.0
4932.YDL074C,0.09889264841587204,0.014252086519010446,0.49373152611468163,0.0,0.0006139259300785339,0.0,0.0,0.0,0.0,0.0,0.0,0.0,0.0,0.0
4932.YMR135W-A,0.00584435558289757,2.3475240372474225e-05,0.345969578063855,0.0,1.0361208697679689e-05,0.0,0.0,0.0,0.0,0.0,0.0,0.0,0.0,0.0
4932.YLR398C,0.07259304829283297,0.015605845088854575,0.482799659350273,0.0,0.0001283793678407851,0.0,0.0,0.0,0.0,0.0,0.0,0.0,0.0,0.0
4932.YPR164W,0.019993848046754845,0.0021403533903340045,0.4473974535386481,0.0,2.760601849936976e-05,0.0,0.0,0.0,0.0,0.0,0.0,0.0,0.0,0.0
4932.YKL183C-A,0.0030759766225776685,8.40500081075938e-05,0.3621064706155098,0.0,0.00013896815307733835,0.0,0.0,0.0,0.0,0.0,0.0,0.0,0.0,0.0
4932.YPR189W,0.030605967394647802,0.005211338499645131,0.46052449434410525,0.0,5.493704019511468e-05,0.0,0.0,0.0,0.0,0.0,0.0,0.0,0.0,0.0
4932.YLR383W,0.07474623192863734,0.01077316274039466,0.485904480310725,0.0,0.000223933688375485,0.0,0.0,0.0,0.0,0.0,0.0,0.0,0.0,0.0
4932.YIL147C,0.0602891418025223,0.00924873902989872,0.4791682482999281,0.0,0.00021419956697412364,0.0,0.0,0.0,0.0,0.0,0.0,0.0,0.0,0.0
4932.YMR250W,0.08428175945862812,0.008203462145551893,0.4859408177681218,0.0,0.00038813856364809505,0.0,0.0,0.0,0.0,0.0,0.0,0.0,0.0,0.0
4932.YDR506C,0.03521993232851431,0.003908495852855578,0.47172418259131216,0.0,0.0001337880884696429,0.0,0.0,0.0,0.0,0.0,0.0,0.0,0.0,0.0
4932.YLR109W,0.05413718855736697,0.009951759283520734,0.47444513837582686,0.0,9.556151978532733e-05,0.0,0.0,0.0,0.0,0.0,0.0,0.0,0.0,0.0
4932.YHR209W,0.06536450322977545,0.012295534025268891,0.4874353473254313,0.0,0.0002515785323769712,0.0,0.0,0.0,0.0,0.0,0.0,0.0,0.0,0.0
4932.YPR061C,0.09535527529990773,0.01823333974720107,0.4973594041481305,0.0,0.0003664924689163904,0.0,0.0,0.0,0.0,0.0,0.0,0.0,0.0,0.0
4932.YKR069W,0.03322054752383882,0.003168795767552483,0.45925511450952894,0.0,6.743905044491595e-05,0.0,0.0,0.0,0.0,0.0,0.0,0.0,0.0,0.0
4932.YHR009C,0.04429406336511843,0.0053217387154749305,0.47368425537216247,0.0,6.93290157432342e-05,0.0,0.0,0.0,0.0,0.0,0.0,0.0,0.0,0.0
4932.YJL130C,0.09627806828668102,0.019169566830232854,0.4944829628791816,0.0,0.00030191512992252726,0.0,0.0,0.0,0.0,0.0,0.0,0.0,0.0,0.0
4932.YER014W,0.024300215318363582,0.0031588106652077016,0.46157128961467003,0.0,4.497600219281618e-05,0.0,0.0,0.0,0.0,0.0,0.0,0.0,0.0,0.0
4932.YLR205C,0.02906797908335897,0.0025223096621937217,0.4583157437717114,0.0,7.728487590432489e-05,0.0,0.0,0.0,0.0,0.0,0.0,0.0,0.0,0.0
4932.YDR044W,0.04475545985850508,0.006668524465148362,0.48197601358814157,0.0,0.00017678631578471564,0.0,0.0,0.0,0.0,0.0,0.0,0.0,0.0,0.0
4932.YHL032C,0.08505075361427254,0.012358820404302202,0.4894915717661262,0.0,0.0002294833498947934,0.0,0.0,0.0,0.0,0.0,0.0,0.0,0.0,0.0
4932.YJR016C,0.08135958166717934,0.01497408848509904,0.48485305291712616,0.0,0.00013227254336143032,0.0,0.0,0.0,0.0,0.0,0.0,0.0,0.0,0.0
4932.YBR296C,0.04890802829898493,0.006726362560792327,0.4755910572491638,0.0,0.0003475012624687358,0.0,0.0,0.0,0.0,0.0,0.0,0.0,0.0,0.0
4932.YJR137C,0.039833897262380805,0.004585084959560386,0.467313960100347,0.0,6.850293555244415e-05,0.0,0.0,0.0,0.0,0.0,0.0,0.0,0.0,0.0
4932.YGL188C,0.023685019993848047,0.0008486286275656551,0.4107978641544648,0.0,0.00026605655525931187,0.0,0.0,0.0,0.0,0.0,0.0,0.0,0.0,0.0
4932.YPR101W,0.016764072593048292,0.0019354921648779035,0.43090189755937164,0.0,1.7378610229530005e-05,0.0,0.0,0.0,0.0,0.0,0.0,0.0,0.0,0.0
4932.YLR211C,0.010919717010150723,0.0006419124026800246,0.43121644536434567,0.0,8.129578123470501e-06,0.0,0.0,0.0,0.0,0.0,0.0,0.0,0.0,0.0
4932.YGL248W,0.07905259920024608,0.011627237311090818,0.4904891768716278,0.0,0.00021632920335771784,0.0,0.0,0.0,0.0,0.0,0.0,0.0,0.0,0.0
4932.YPL033C,0.06736388803445094,0.007998328195987378,0.49093386334204625,0.0,0.0003143927293523239,0.0,0.0,0.0,0.0,0.0,0.0,0.0,0.0,0.0
4932.YOR289W,0.04629344816979391,0.0037477240734226707,0.46974630341902157,0.0,0.00012407905074753514,0.0,0.0,0.0,0.0,0.0,0.0,0.0,0.0,0.0
4932.YBR073W,0.09535527529990773,0.014743925844689882,0.4932817592951738,0.0,0.00024369260262877115,0.0,0.0,0.0,0.0,0.0,0.0,0.0,0.0,0.0
4932.YDR257C,0.03460473700399877,0.007497871087295261,0.4567693389002759,0.0,4.825289538258603e-05,0.0,0.0,0.0,0.0,0.0,0.0,0.0,0.0,0.0
4932.YHR064C,0.19609350968932637,0.04319370173299288,0.5282927329427093,0.0,0.0007001502391054756,0.0,0.0,0.0,0.0,0.0,0.0,0.0,0.0,0.0
4932.YGR238C,0.03675792063980314,0.00442797290263103,0.47282257259661825,0.0,0.00012089769161106616,0.0,0.0,0.0,0.0,0.0,0.0,0.0,0.0,0.0
4932.YMR291W,0.062442325438326673,0.008524205003392618,0.48254868670691553,0.0,0.00012014656864851464,0.0,0.0,0.0,0.0,0.0,0.0,0.0,0.0,0.0
4932.YDR436W,0.11258074438634268,0.016361615810409767,0.500577814898338,0.0,0.0004667704324156736,0.0,0.0,0.0,0.0,0.0,0.0,0.0,0.0,0.0
4932.YNL217W,0.07305444478621963,0.012125305278559092,0.4868875030117881,0.0,0.00018117801748970526,0.0,0.0,0.0,0.0,0.0,0.0,0.0,0.0,0.0
4932.YKR095W,0.0538295908951092,0.007668087321244317,0.47313241700854264,0.0,0.0001043965618137964,0.0,0.0,0.0,0.0,0.0,0.0,0.0,0.0,0.0
4932.YNL038W,0.019378652722239313,0.0017606061333377328,0.4506866843664395,0.0,8.468231569478146e-05,0.0,0.0,0.0,0.0,0.0,0.0,0.0,0.0,0.0
4932.YJR050W,0.03275915103045217,0.004859577844752194,0.4574446050823882,0.0,5.484049779156607e-05,0.0,0.0,0.0,0.0,0.0,0.0,0.0,0.0,0.0
4932.YLR096W,0.08581974776991695,0.012718436793195384,0.49193736204067867,0.0,0.00028031111672551456,0.0,0.0,0.0,0.0,0.0,0.0,0.0,0.0,0.0
4932.YPL141C,0.048292832974469395,0.006572937173879804,0.47506949957561956,0.0,6.751768742971555e-05,0.0,0.0,0.0,0.0,0.0,0.0,0.0,0.0,0.0
4932.YJL176C,0.056751768686557985,0.007350007019683344,0.47590454190679105,0.0,0.00019608094599237624,0.0,0.0,0.0,0.0,0.0,0.0,0.0,0.0,0.0
4932.YAR019C,0.051676407259304835,0.006375046926814978,0.476777504967006,0.0,0.00017176117148422543,0.0,0.0,0.0,0.0,0.0,0.0,0.0,0.0,0.0
4932.YDR477W,0.1327283912642264,0.01665662540023137,0.5123394003938598,0.0,0.0009800326813464379,0.0,0.0,0.0,0.0,0.0,0.0,0.0,0.0,0.0
4932.YDR379W,0.06167333128268226,0.006759057447876377,0.48244120685985037,0.0,0.00016032421011796206,0.0,0.0,0.0,0.0,0.0,0.0,0.0,0.0,0.0
4932.YJR092W,0.08043678868040603,0.011053197870857576,0.4893809771950086,0.0,0.00037201648399338923,0.0,0.0,0.0,0.0,0.0,0.0,0.0,0.0,0.0
4932.YHR028C,0.02906797908335897,0.003519351684544528,0.46886504186415506,0.0,0.00010191344923844466,0.0,0.0,0.0,0.0,0.0,0.0,0.0,0.0,0.0
4932.YBR119W,0.0908951091971701,0.02058500798025336,0.49467117959769524,0.0,0.0003692886810199559,0.0,0.0,0.0,0.0,0.0,0.0,0.0,0.0,0.0
4932.YOR336W,0.04706244232543833,0.005248936375930465,0.47100613331366514,0.0,0.00017793228732708563,0.0,0.0,0.0,0.0,0.0,0.0,0.0,0.0,0.0
4932.YDR507C,0.03937250076899416,0.0044186499481160026,0.4625240668514004,0.0,5.2483532506285485e-05,0.0,0.0,0.0,0.0,0.0,0.0,0.0,0.0,0.0
4932.YIL036W,0.055521378037526915,0.006700456366112969,0.4876914301407479,0.0,0.00024462886690720535,0.0,0.0,0.0,0.0,0.0,0.0,0.0,0.0,0.0
4932.YDL089W,0.04029529375576746,0.005923459685420041,0.47258186292329635,0.0,4.587700178779362e-05,0.0,0.0,0.0,0.0,0.0,0.0,0.0,0.0,0.0
4932.YAL029C,0.07120885881267303,0.01010178499771442,0.4844554249754212,0.0,0.00014206529773106826,0.0,0.0,0.0,0.0,0.0,0.0,0.0,0.0,0.0
4932.YPR104C,0.0872039372500769,0.01286656578901674,0.489159937909916,0.0,0.0002410395884538254,0.0,0.0,0.0,0.0,0.0,0.0,0.0,0.0,0.0
4932.YHR082C,0.08428175945862812,0.010982831839991483,0.49045215602651704,0.0,0.0002081183748394016,0.0,0.0,0.0,0.0,0.0,0.0,0.0,0.0,0.0
4932.YDL188C,0.08551215010765918,0.013862511026560186,0.4908226161489029,0.0,0.0001650231091676163,0.0,0.0,0.0,0.0,0.0,0.0,0.0,0.0,0.0
4932.YDR092W,0.11104275607505383,0.018241655545687845,0.5022415068167665,0.0,0.0005608164040088343,0.0,0.0,0.0,0.0,0.0,0.0,0.0,0.0,0.0
4932.YLR077W,0.03675792063980314,0.005245645672145662,0.47124524006057905,0.0,7.306562326086781e-05,0.0,0.0,0.0,0.0,0.0,0.0,0.0,0.0,0.0
4932.YNL039W,0.01707167025530606,0.0019885420192017516,0.4408711998911272,0.0,4.042091356487247e-05,0.0,0.0,0.0,0.0,0.0,0.0,0.0,0.0,0.0
4932.YPL150W,0.055828975699784684,0.0070670651730810816,0.48033712412738944,0.0,7.67532746735499e-05,0.0,0.0,0.0,0.0,0.0,0.0,0.0,0.0,0.0
4932.YIL126W,0.0862811442633036,0.0130651347271204,0.48805772984792883,0.0,0.00029409730300760707,0.0,0.0,0.0,0.0,0.0,0.0,0.0,0.0,0.0
4932.YOR346W,0.051368809597047066,0.0070752307400517665,0.4729258089661808,0.0,0.0001025015801260519,0.0,0.0,0.0,0.0,0.0,0.0,0.0,0.0,0.0
4932.YIL149C,0.05152260842817595,0.007907775291828477,0.4700521278353099,0.0,0.00033774421221137885,0.0,0.0,0.0,0.0,0.0,0.0,0.0,0.0,0.0
4932.YAL034W-A,0.08966471854813904,0.01146461182225552,0.4985805735590673,0.0,0.0006636958152819386,0.0,0.0,0.0,0.0,0.0,0.0,0.0,0.0,0.0
4932.YFL009W,0.04675484466318056,0.006434275263210746,0.46971234749134916,0.0,0.00012016188833848532,0.0,0.0,0.0,0.0,0.0,0.0,0.0,0.0,0.0
4932.YGL158W,0.06490310673638881,0.008449657866826705,0.49493492384761406,0.0,0.00055408417243896,0.0,0.0,0.0,0.0,0.0,0.0,0.0,0.0,0.0
4932.YJL206C,0.03583512765302984,0.004904157698430647,0.47179268243631195,0.0,5.6815689134841074e-05,0.0,0.0,0.0,0.0,0.0,0.0,0.0,0.0,0.0
4932.YAL032C,0.034450938172869885,0.0048298510658874826,0.4659400986085849,0.0,0.00013260264580787175,0.0,0.0,0.0,0.0,0.0,0.0,0.0,0.0,0.0
4932.YGR006W,0.016764072593048292,0.0020962530219554468,0.446291251043635,0.0,6.170205738128088e-05,0.0,0.0,0.0,0.0,0.0,0.0,0.0,0.0,0.0
4932.YHR207C,0.08135958166717934,0.013064543832132696,0.4883878703641732,0.0,0.000199430793203787,0.0,0.0,0.0,0.0,0.0,0.0,0.0,0.0,0.0
4932.YNL025C,0.054598585050753615,0.006464351858564884,0.48072801769588847,0.0,0.00022942738643614015,0.0,0.0,0.0,0.0,0.0,0.0,0.0,0.0,0.0
4932.YGL172W,0.041371885573669644,0.00705890645588233,0.47189546951309547,0.0,4.6859205779789374e-05,0.0,0.0,0.0,0.0,0.0,0.0,0.0,0.0,0.0
4932.YGL163C,0.1067363888034451,0.014591241229756758,0.4983129306131384,0.0,0.0004126801575294765,0.0,0.0,0.0,0.0,0.0,0.0,0.0,0.0,0.0
4932.YER066W,0.0296831744078745,0.003876740276298789,0.46791968137072976,0.0,4.4651516874907e-05,0.0,0.0,0.0,0.0,0.0,0.0,0.0,0.0,0.0
4932.YMR165C,0.03337434635496771,0.003437008349419839,0.4647736653454921,0.0,6.377548905379452e-05,0.0,0.0,0.0,0.0,0.0,0.0,0.0,0.0,0.0
4932.YBR123C,0.017379267917563827,0.0019261143516851801,0.43887617284852926,0.0,2.2985428962406805e-05,0.0,0.0,0.0,0.0,0.0,0.0,0.0,0.0,0.0
4932.YGR002C,0.03460473700399877,0.0044053669893275756,0.4629524519232919,0.0,6.476327531262149e-05,0.0,0.0,0.0,0.0,0.0,0.0,0.0,0.0,0.0
4932.YJL141C,0.0927406951707167,0.009528629229774646,0.49123076921645936,0.0,0.0004471920367113932,0.0,0.0,0.0,0.0,0.0,0.0,0.0,0.0,0.0
4932.YOL009C,0.06274992310058444,0.007958765218794394,0.486522957112558,0.0,0.0004312734949813648,0.0,0.0,0.0,0.0,0.0,0.0,0.0,0.0,0.0
4932.YLR362W,0.05321439557059367,0.006827698953175194,0.4764279357134192,0.0,8.215537291608678e-05,0.0,0.0,0.0,0.0,0.0,0.0,0.0,0.0,0.0
4932.YLR148W,0.022300830513688096,0.0015340470978228362,0.4506241758110489,0.0,3.167030527927104e-05,0.0,0.0,0.0,0.0,0.0,0.0,0.0,0.0,0.0
4932.YKL171W,0.05782836050446017,0.007830765476919499,0.4831586448951836,0.0,0.00011736128691234341,0.0,0.0,0.0,0.0,0.0,0.0,0.0,0.0,0.0
4932.YNL084C,0.04660104583205168,0.005649684899856203,0.47258186292329635,0.0,0.00010619929257319114,0.0,0.0,0.0,0.0,0.0,0.0,0.0,0.0,0.0
4932.YJL123C,0.023992617656105816,0.002039560806089386,0.4608511074606613,0.0,8.903787661615532e-05,0.0,0.0,0.0,0.0,0.0,0.0,0.0,0.0,0.0
4932.YNL216W,0.08335896647185481,0.013902580607708966,0.49052620330605606,0.0,0.0002261538237519464,0.0,0.0,0.0,0.0,0.0,0.0,0.0,0.0,0.0
4932.YDR457W,0.09658566594893879,0.015606977568294595,0.4923846794874081,0.0,0.0006727314721509286,0.0,0.0,0.0,0.0,0.0,0.0,0.0,0.0,0.0
4932.YNL202W,0.1142725315287604,0.014086476004519169,0.5067852608949716,0.0,0.0006388050818977232,0.0,0.0,0.0,0.0,0.0,0.0,0.0,0.0,0.0
4932.YAL018C,0.05505998154414027,0.006575001648604993,0.486231713199291,0.0,0.00045659787702757875,0.0,0.0,0.0,0.0,0.0,0.0,0.0,0.0,0.0
4932.YOL089C,0.04721624115656721,0.006009192074577238,0.47306352760594966,0.0,0.00011728947511068934,0.0,0.0,0.0,0.0,0.0,0.0,0.0,0.0,0.0
4932.YNL016W,0.15010765918179023,0.03296904527185759,0.5119357610647857,0.0,0.0006066082398872512,0.0,0.0,0.0,0.0,0.0,0.0,0.0,0.0,0.0
4932.YLR324W,0.03829590895109197,0.004855323333141008,0.471826939819585,0.0,0.00018474098960252728,0.0,0.0,0.0,0.0,0.0,0.0,0.0,0.0,0.0
4932.YBL063W,0.048292832974469395,0.00630106346262903,0.4712110670917567,0.0,4.616326699445074e-05,0.0,0.0,0.0,0.0,0.0,0.0,0.0,0.0,0.0
4932.YDR364C,0.04337127037834513,0.007676664917201645,0.46647527747274403,0.0,0.00014824272415736283,0.0,0.0,0.0,0.0,0.0,0.0,0.0,0.0,0.0
4932.YPR007C,0.0529067979083359,0.0056301500193907065,0.48037263363608523,0.0,0.00026082730537648743,0.0,0.0,0.0,0.0,0.0,0.0,0.0,0.0,0.0
4932.YLR247C,0.08935712088588127,0.012425657872582273,0.4902671355964482,0.0,0.0002705436674461625,0.0,0.0,0.0,0.0,0.0,0.0,0.0,0.0,0.0
4932.YJR059W,0.06536450322977545,0.007774062664847625,0.4841305777972973,0.0,0.00014524509684019681,0.0,0.0,0.0,0.0,0.0,0.0,0.0,0.0,0.0
4932.YFR037C,0.050138418948015996,0.007826327380822042,0.47330472832655873,0.0,8.295104860521051e-05,0.0,0.0,0.0,0.0,0.0,0.0,0.0,0.0,0.0
4932.YMR124W,0.03675792063980314,0.004414657713955259,0.46812193755459436,0.0,4.131889499839387e-05,0.0,0.0,0.0,0.0,0.0,0.0,0.0,0.0,0.0
4932.YOR367W,0.06890187634573977,0.010203897643830203,0.49067436496226874,0.0,0.00023266784999917233,0.0,0.0,0.0,0.0,0.0,0.0,0.0,0.0,0.0
4932.YEL023C,0.0862811442633036,0.009875747347444645,0.4980074045980476,0.0,0.0007861137719411654,0.0,0.0,0.0,0.0,0.0,0.0,0.0,0.0,0.0
4932.YNL172W,0.03414334051061212,0.004343971413124874,0.4624911469889911,0.0,0.0002042465005578099,0.0,0.0,0.0,0.0,0.0,0.0,0.0,0.0,0.0
4932.YLR298C,0.05152260842817595,0.009147186104561222,0.47216978747241134,0.0,7.738251632179033e-05,0.0,0.0,0.0,0.0,0.0,0.0,0.0,0.0,0.0
4932.YLL001W,0.06044294063365119,0.00829373111170714,0.4783569357475946,0.0,0.00023789024106369208,0.0,0.0,0.0,0.0,0.0,0.0,0.0,0.0,0.0
4932.YDL013W,0.09104890802829899,0.011009845642342472,0.5005392555226718,0.0,0.0007012534285762035,0.0,0.0,0.0,0.0,0.0,0.0,0.0,0.0,0.0
4932.YOL048C,0.10366041218086743,0.011654207194927662,0.5041508740162406,0.0,0.001043628170996069,0.0,0.0,0.0,0.0,0.0,0.0,0.0,0.0,0.0
4932.YPR008W,0.07951399569363274,0.01265441626700124,0.48765483040865476,0.0,0.00020382747178382418,0.0,0.0,0.0,0.0,0.0,0.0,0.0,0.0,0.0
4932.YKL101W,0.04721624115656721,0.0047266187611321635,0.46758297583617503,0.0,8.590302140523291e-05,0.0,0.0,0.0,0.0,0.0,0.0,0.0,0.0,0.0
4932.YAR002W,0.05813595816671794,0.008692862182764544,0.4774080240390364,0.0,0.00011500407682546866,0.0,0.0,0.0,0.0,0.0,0.0,0.0,0.0,0.0
4932.YCR010C,0.05029221777914488,0.00516477738695607,0.4768124901082569,0.0,0.0001770366055189139,0.0,0.0,0.0,0.0,0.0,0.0,0.0,0.0,0.0
4932.YOR351C,0.06951707167025531,0.008303587099853219,0.4954632569725753,0.0,0.0007153950191297763,0.0,0.0,0.0,0.0,0.0,0.0,0.0,0.0,0.0
4932.YDR369C,0.040141494924638574,0.004263247448634742,0.47172418259131216,0.0,0.00011083283114796936,0.0,0.0,0.0,0.0,0.0,0.0,0.0,0.0,0.0
4932.YHR119W,0.12596124269455553,0.01780816167608271,0.5066272115386967,0.0,0.0007318220441768336,0.0,0.0,0.0,0.0,0.0,0.0,0.0,0.0,0.0
4932.YIL115C,0.04444786219624731,0.007929962942484346,0.4665422612862812,0.0,4.8997909690949466e-05,0.0,0.0,0.0,0.0,0.0,0.0,0.0,0.0,0.0
4932.YBR055C,0.04629344816979391,0.009086600257669566,0.4685269749221519,0.0,8.920954857047456e-05,0.0,0.0,0.0,0.0,0.0,0.0,0.0,0.0,0.0
4932.YKR025W,0.06936327283912642,0.01652839610850868,0.47663761572620295,0.0,5.517112273746726e-05,0.0,0.0,0.0,0.0,0.0,0.0,0.0,0.0,0.0
4932.YOL112W,0.015533681944017226,0.0017479174432750595,0.44561792725245675,0.0,1.6033009170581114e-05,0.0,0.0,0.0,0.0,0.0,0.0,0.0,0.0,0.0
4932.YJR089W,0.1085819747769917,0.012376221149114162,0.5001539882385564,0.0,0.0011875933478175972,0.0,0.0,0.0,0.0,0.0,0.0,0.0,0.0,0.0
4932.YDR363W,0.05444478621962474,0.00836803779295866,0.476917476344611,0.0,0.0001043862385795641,0.0,0.0,0.0,0.0,0.0,0.0,0.0,0.0,0.0
4932.YMR117C,0.020916641033528145,0.0020797807691419054,0.4477982644335555,0.0,3.3514166636644585e-05,0.0,0.0,0.0,0.0,0.0,0.0,0.0,0.0,0.0
4932.YBR168W,0.03491233466625654,0.004200996420996813,0.4711085779159954,0.0,0.00016754562985985734,0.0,0.0,0.0,0.0,0.0,0.0,0.0,0.0,0.0
4932.YLR426W,0.07167025530605968,0.00916277669634063,0.4910080561580267,0.0,0.00033630234444048424,0.0,0.0,0.0,0.0,0.0,0.0,0.0,0.0,0.0
4932.YHR086W,0.0853583512765303,0.02037296513340409,0.49178843678160333,0.0,0.00013158641925420058,0.0,0.0,0.0,0.0,0.0,0.0,0.0,0.0,0.0
4932.YPL106C,0.18809597047062443,0.03863142755867815,0.5255156178888253,0.0,0.0007139895918259341,0.0,0.0,0.0,0.0,0.0,0.0,0.0,0.0,0.0
4932.YER184C,0.031528760381421106,0.004380011747626534,0.46839188461005726,0.0,3.0403595696716862e-05,0.0,0.0,0.0,0.0,0.0,0.0,0.0,0.0,0.0
4932.YPL116W,0.09950784374038758,0.014023486435506074,0.49961560934917154,0.0,0.00038752457973542854,0.0,0.0,0.0,0.0,0.0,0.0,0.0,0.0,0.0
4932.YKL012W,0.029375576745616735,0.00375956415789548,0.45932004065846643,0.0,4.211804336014712e-05,0.0,0.0,0.0,0.0,0.0,0.0,0.0,0.0,0.0
4932.YMR004W,0.022147031682559215,0.0017017234762817578,0.45951492929745597,0.0,5.453485830014321e-05,0.0,0.0,0.0,0.0,0.0,0.0,0.0,0.0,0.0
4932.YLR429W,0.08551215010765918,0.012058958822602635,0.4953877117630041,0.0,0.000465866190139017,0.0,0.0,0.0,0.0,0.0,0.0,0.0,0.0,0.0
4932.YKR086W,0.1085819747769917,0.02147490756199195,0.49888680346989056,0.0,0.00032315402163140216,0.0,0.0,0.0,0.0,0.0,0.0,0.0,0.0,0.0
4932.YER172C,0.08120578283605046,0.014264046875701701,0.4853238191945123,0.0,0.00021889617502092402,0.0,0.0,0.0,0.0,0.0,0.0,0.0,0.0,0.0
4932.YNL021W,0.11827130113811135,0.01849384024289365,0.5063114083836158,0.0,0.00045387763023774593,0.0,0.0,0.0,0.0,0.0,0.0,0.0,0.0,0.0
4932.YNL197C,0.11888649646262689,0.0250778596780292,0.5055236202890404,0.0,0.000541280132896499,0.0,0.0,0.0,0.0,0.0,0.0,0.0,0.0,0.0
4932.YLR248W,0.06782528452783759,0.008956273841821731,0.48369812529368206,0.0,0.00011948423093067325,0.0,0.0,0.0,0.0,0.0,0.0,0.0,0.0,0.0
4932.YKL078W,0.14933866502614582,0.03193439469839812,0.5139603428929309,0.0,0.000533509419715575,0.0,0.0,0.0,0.0,0.0,0.0,0.0,0.0,0.0
4932.YGR116W,0.0975084589357121,0.015602453399780005,0.49219819839382856,0.0,0.0003567883747559623,0.0,0.0,0.0,0.0,0.0,0.0,0.0,0.0,0.0
4932.YLR182W,0.0993540449092587,0.01263412832408741,0.4938065670032164,0.0,0.00033946965412131035,0.0,0.0,0.0,0.0,0.0,0.0,0.0,0.0,0.0
4932.YJR035W,0.08766533374346355,0.011826844368338104,0.48989751320833264,0.0,0.00024028978912304065,0.0,0.0,0.0,0.0,0.0,0.0,0.0,0.0,0.0
4932.YGL013C,0.06828668102122425,0.009170685046076143,0.4832305060753569,0.0,0.000204116728089462,0.0,0.0,0.0,0.0,0.0,0.0,0.0,0.0,0.0
4932.YOR219C,0.029836973239003386,0.003139542102376089,0.4671459824008141,0.0,5.4373001194912065e-05,0.0,0.0,0.0,0.0,0.0,0.0,0.0,0.0,0.0
4932.YGR133W,0.09320209166410336,0.014362262604598691,0.4980837509731201,0.0,0.0006537800702163972,0.0,0.0,0.0,0.0,0.0,0.0,0.0,0.0,0.0
4932.YMR304W,0.0908951091971701,0.011104725873994286,0.4906373161579073,0.0,0.0004629713989583893,0.0,0.0,0.0,0.0,0.0,0.0,0.0,0.0,0.0
4932.YLR399C,0.09904644724700093,0.01397508458132522,0.49720717845246953,0.0,0.0004493369210514855,0.0,0.0,0.0,0.0,0.0,0.0,0.0,0.0,0.0
4932.YJL090C,0.04337127037834513,0.005245332741323715,0.4647071883855628,0.0,3.46335403655328e-05,0.0,0.0,0.0,0.0,0.0,0.0,0.0,0.0,0.0
4932.YOR027W,0.12473085204552446,0.021983560981017884,0.5035648337876104,0.0,0.00042559830895876847,0.0,0.0,0.0,0.0,0.0,0.0,0.0,0.0,0.0
4932.YDR285W,0.06428791141187327,0.007497072446670759,0.48452767244764183,0.0,0.00029751185736843106,0.0,0.0,0.0,0.0,0.0,0.0,0.0,0.0,0.0
4932.YHR158C,0.04721624115656721,0.005933137498615189,0.47458374344108417,0.0,0.00015653872747943372,0.0,0.0,0.0,0.0,0.0,0.0,0.0,0.0,0.0
4932.YLR117C,0.04583205167640726,0.008228420427487209,0.4619322254350839,0.0,5.9990397417790286e-05,0.0,0.0,0.0,0.0,0.0,0.0,0.0,0.0,0.0
4932.YGR246C,0.02291602583820363,0.0035619827825697065,0.4499377243591833,0.0,3.036403807198471e-05,0.0,0.0,0.0,0.0,0.0,0.0,0.0,0.0,0.0
4932.YDR247W,0.0510612119347893,0.005855861445395791,0.47952185190726326,0.0,0.00019050512863394824,0.0,0.0,0.0,0.0,0.0,0.0,0.0,0.0,0.0
4932.YMR289W,0.08489695478314366,0.012119457783649243,0.48993445036532646,0.0,0.00026903249434576327,0.0,0.0,0.0,0.0,0.0,0.0,0.0,0.0,0.0
4932.YBR207W,0.05736696401107352,0.007536761663458708,0.48158308865302935,0.0,0.0001595384801535813,0.0,0.0,0.0,0.0,0.0,0.0,0.0,0.0,0.0
4932.YCR033W,0.05321439557059367,0.007137714088720068,0.4764628695699754,0.0,0.0001930255002693768,0.0,0.0,0.0,0.0,0.0,0.0,0.0,0.0,0.0
4932.YOR261C,0.13334358658874193,0.02650147855178955,0.5068247886432669,0.0,0.0005561965791441878,0.0,0.0,0.0,0.0,0.0,0.0,0.0,0.0,0.0
4932.YOL141W,0.03337434635496771,0.007001044590410974,0.45465999266689927,0.0,6.714709240100837e-05,0.0,0.0,0.0,0.0,0.0,0.0,0.0,0.0,0.0
4932.YKL050C,0.014918486619501693,0.0015026158453002975,0.4502494883034454,0.0,1.8925512752356395e-05,0.0,0.0,0.0,0.0,0.0,0.0,0.0,0.0,0.0
4932.YKL073W,0.15103045216856353,0.030149229735998616,0.5109294397857623,0.0,0.000742179591928031,0.0,0.0,0.0,0.0,0.0,0.0,0.0,0.0,0.0
4932.YJR061W,0.04398646570286066,0.00585104426454223,0.4743758661991039,0.0,7.359151060235126e-05,0.0,0.0,0.0,0.0,0.0,0.0,0.0,0.0,0.0
4932.YEL009C,0.08597354660104584,0.012885348381944522,0.4951989494890508,0.0,0.0004313720110998503,0.0,0.0,0.0,0.0,0.0,0.0,0.0,0.0,0.0
4932.YER125W,0.1687173177483851,0.023262290558676135,0.5147338890363851,0.0,0.0017111522624049357,0.0,0.0,0.0,0.0,0.0,0.0,0.0,0.0,0.0
4932.YOR124C,0.07197785296831745,0.008741649930244856,0.4828714137768689,0.0,0.00026513806725272194,0.0,0.0,0.0,0.0,0.0,0.0,0.0,0.0,0.0
4932.YFR032C,0.08397416179637035,0.01905154149170969,0.4978547820407083,0.0,0.0007334726496083488,0.0,0.0,0.0,0.0,0.0,0.0,0.0,0.0,0.0
4932.YJL034W,0.23131344201784068,0.039403641256592105,0.5429025495192017,0.0,0.00267509084719151,0.0,0.0,0.0,0.0,0.0,0.0,0.0,0.0,0.0
4932.YNL330C,0.11734850815133806,0.016962918903604168,0.5058384411642008,0.0,0.0005381601885311827,0.0,0.0,0.0,0.0,0.0,0.0,0.0,0.0,0.0
4932.YOR195W,0.07105505998154414,0.009446559172520762,0.4843109946482317,0.0,0.00020581379322568845,0.0,0.0,0.0,0.0,0.0,0.0,0.0,0.0,0.0
4932.YDR177W,0.10227622270070748,0.016177124730395946,0.49946199963069365,0.0,0.0003691785038015508,0.0,0.0,0.0,0.0,0.0,0.0,0.0,0.0,0.0
4932.YMR076C,0.08089818517379269,0.009748915919988523,0.486522957112558,0.0,0.00036996438009735265,0.0,0.0,0.0,0.0,0.0,0.0,0.0,0.0,0.0
4932.YKL201C,0.04244847739157183,0.006165582199008844,0.476113761371287,0.0,7.20166120925839e-05,0.0,0.0,0.0,0.0,0.0,0.0,0.0,0.0,0.0
4932.YDR022C,0.008920332205475239,0.0005096197425726154,0.418012262154733,0.0,1.1873282288846112e-05,0.0,0.0,0.0,0.0,0.0,0.0,0.0,0.0,0.0
4932.YDL134C,0.08658874192556137,0.014005251833591196,0.4907484793592119,0.0,0.0001745704777940444,0.0,0.0,0.0,0.0,0.0,0.0,0.0,0.0,0.0
4932.YGL058W,0.11904029529375577,0.018726006018539368,0.5045031533536743,0.0,0.0005626535559049203,0.0,0.0,0.0,0.0,0.0,0.0,0.0,0.0,0.0
4932.YJR155W,0.03552752999077207,0.0036648097448778085,0.4709719950130698,0.0,0.0003767097272595773,0.0,0.0,0.0,0.0,0.0,0.0,0.0,0.0,0.0
4932.YLR267W,0.010919717010150723,0.000770183596155353,0.42310200645887,0.0,2.8516716306379282e-05,0.0,0.0,0.0,0.0,0.0,0.0,0.0,0.0,0.0
4932.YGL242C,0.09858505075361428,0.014537814603813027,0.49512348485182295,0.0,0.0003660770594127292,0.0,0.0,0.0,0.0,0.0,0.0,0.0,0.0,0.0
4932.YOR060C,0.00584435558289757,0.00036969305154317217,0.4012845436420258,0.0,8.687318971697506e-06,0.0,0.0,0.0,0.0,0.0,0.0,0.0,0.0,0.0
4932.YNL293W,0.02383881882497693,0.0024453967118802395,0.45721929462393224,0.0,5.44167222000855e-05,0.0,0.0,0.0,0.0,0.0,0.0,0.0,0.0,0.0
4932.YDL064W,0.13226699477083975,0.022274374077225247,0.5110097998738066,0.0,0.0006889903439169671,0.0,0.0,0.0,0.0,0.0,0.0,0.0,0.0,0.0
4932.YBL005W,0.05244540141494925,0.00674577540657991,0.4838782199117823,0.0,0.00016952133629715132,0.0,0.0,0.0,0.0,0.0,0.0,0.0,0.0,0.0
4932.YDL147W,0.07474623192863734,0.015397229414073265,0.48215482786935704,0.0,0.000227554813705552,0.0,0.0,0.0,0.0,0.0,0.0,0.0,0.0,0.0
4932.YMR094W,0.012611504152568441,0.0009038601117240984,0.4335468785158343,0.0,3.26762948906815e-05,0.0,0.0,0.0,0.0,0.0,0.0,0.0,0.0,0.0
4932.YBR082C,0.11719470932020917,0.01997862510014585,0.5044248265172585,0.0,0.0004901139391515471,0.0,0.0,0.0,0.0,0.0,0.0,0.0,0.0,0.0
4932.YBR129C,0.015379883112888343,0.0015882532796989211,0.447705705883652,0.0,1.2575245013121307e-05,0.0,0.0,0.0,0.0,0.0,0.0,0.0,0.0,0.0
4932.YMR068W,0.09612426945555215,0.012236219105053401,0.49580349574205135,0.0,0.0003162087087751653,0.0,0.0,0.0,0.0,0.0,0.0,0.0,0.0,0.0
4932.YPL239W,0.14503229775453708,0.028844684364100297,0.5116938826045614,0.0,0.0005372799674972793,0.0,0.0,0.0,0.0,0.0,0.0,0.0,0.0,0.0
4932.YMR240C,0.046447247000922794,0.008800918700433464,0.470290266714578,0.0,6.362024234061812e-05,0.0,0.0,0.0,0.0,0.0,0.0,0.0,0.0,0.0
4932.YJL095W,0.0835127653029837,0.010095126450129565,0.48725259562052525,0.0,0.00035213672389798855,0.0,0.0,0.0,0.0,0.0,0.0,0.0,0.0,0.0
4932.YOR110W,0.006767148569670871,0.0007964792524122312,0.4334890337021564,0.0,3.6216595868893716e-06,0.0,0.0,0.0,0.0,0.0,0.0,0.0,0.0,0.0
4932.YER022W,0.035988926484158724,0.004670042005415382,0.46232661794345964,0.0,4.0868280648320504e-05,0.0,0.0,0.0,0.0,0.0,0.0,0.0,0.0,0.0
4932.YGL120C,0.18824976930175333,0.04052796737711671,0.5260687026550619,0.0,0.0007516473063519118,0.0,0.0,0.0,0.0,0.0,0.0,0.0,0.0,0.0
4932.YPL268W,0.019532451553368194,0.0021645687498265493,0.4537393069754434,0.0,3.388019065665109e-05,0.0,0.0,0.0,0.0,0.0,0.0,0.0,0.0,0.0
4932.YOR080W,0.11242694555521379,0.017633321746493333,0.5016986268680763,0.0,0.0012625805419784971,0.0,0.0,0.0,0.0,0.0,0.0,0.0,0.0,0.0
4932.YOR172W,0.05598277453091357,0.009605556927763026,0.480514724188074,0.0,0.00013768216787202217,0.0,0.0,0.0,0.0,0.0,0.0,0.0,0.0,0.0
4932.YOL145C,0.13949553983389726,0.024063260150393898,0.5076562980621347,0.0,0.000612715234182934,0.0,0.0,0.0,0.0,0.0,0.0,0.0,0.0,0.0
4932.YBL085W,0.16964011073515842,0.03175555282201055,0.5193414813934882,0.0,0.0009699893126438482,0.0,0.0,0.0,0.0,0.0,0.0,0.0,0.0,0.0
4932.YDR034C,0.043217471547216245,0.00594588939913849,0.47444513837582686,0.0,8.338588582749457e-05,0.0,0.0,0.0,0.0,0.0,0.0,0.0,0.0,0.0
4932.YPL007C,0.005229160258382036,0.0005475073809192748,0.4056433369870357,0.0,1.8261428304595619e-06,0.0,0.0,0.0,0.0,0.0,0.0,0.0,0.0,0.0
4932.YLR369W,0.14995386035066136,0.03188016407056955,0.5112510318800413,0.0,0.00040161973288280883,0.0,0.0,0.0,0.0,0.0,0.0,0.0,0.0,0.0
4932.YJR110W,0.03583512765302984,0.003868526794353575,0.4670452537335819,0.0,8.83852559313613e-05,0.0,0.0,0.0,0.0,0.0,0.0,0.0,0.0,0.0
4932.YER145C,0.075207628422024,0.009148262269917974,0.48758164742217486,0.0,0.000388336123974175,0.0,0.0,0.0,0.0,0.0,0.0,0.0,0.0,0.0
4932.YJR102C,0.0287603814211012,0.0022166821336871726,0.46527284943400576,0.0,0.00013835517984989764,0.0,0.0,0.0,0.0,0.0,0.0,0.0,0.0,0.0
4932.YKL210W,0.09074131036604122,0.014634705740853416,0.4938065670032164,0.0,0.0003036215503111939,0.0,0.0,0.0,0.0,0.0,0.0,0.0,0.0,0.0
4932.YDR416W,0.04783143648108275,0.007993982532037078,0.4683243686627261,0.0,0.00012641912549849084,0.0,0.0,0.0,0.0,0.0,0.0,0.0,0.0,0.0
4932.YPL186C,0.08089818517379269,0.00831196574221542,0.4903781310991868,0.0,0.0005136553757486197,0.0,0.0,0.0,0.0,0.0,0.0,0.0,0.0,0.0
4932.YDR531W,0.028914180252230085,0.0033634968915547663,0.4662075344522402,0.0,6.198933580027126e-05,0.0,0.0,0.0,0.0,0.0,0.0,0.0,0.0,0.0
4932.YIR010W,0.08797293140572132,0.014317053079306807,0.4924966359856999,0.0,0.00034885387171759447,0.0,0.0,0.0,0.0,0.0,0.0,0.0,0.0,0.0
4932.YBL075C,0.18532759151030453,0.03558451939626019,0.5241591203674538,0.0,0.001046576047155301,0.0,0.0,0.0,0.0,0.0,0.0,0.0,0.0,0.0
4932.YMR168C,0.014457090126115043,0.0014241748523534938,0.4457707769222285,0.0,3.054392086848648e-05,0.0,0.0,0.0,0.0,0.0,0.0,0.0,0.0,0.0
4932.YDL047W,0.10196862503844971,0.015386799236128179,0.4989634197339572,0.0,0.000436193077035162,0.0,0.0,0.0,0.0,0.0,0.0,0.0,0.0,0.0
4932.YBL105C,0.09397108581974778,0.011406459192583804,0.49134220152705665,0.0,0.00030754715090561914,0.0,0.0,0.0,0.0,0.0,0.0,0.0,0.0,0.0
4932.YDL216C,0.12242386957859121,0.023554338653163923,0.503525812878367,0.0,0.0008627115751613629,0.0,0.0,0.0,0.0,0.0,0.0,0.0,0.0,0.0
4932.YEL030W,0.1496462626884036,0.03180755430018159,0.5116133072352826,0.0,0.0003863749261734601,0.0,0.0,0.0,0.0,0.0,0.0,0.0,0.0,0.0
4932.YBR150C,0.03229775453706552,0.0040780701355532314,0.46510633563777287,0.0,3.628832388626698e-05,0.0,0.0,0.0,0.0,0.0,0.0,0.0,0.0,0.0
4932.YPL190C,0.11334973854198709,0.024737869307855844,0.5039162943152636,0.0,0.00036363657764248986,0.0,0.0,0.0,0.0,0.0,0.0,0.0,0.0,0.0
4932.YGL197W,0.04752383881882498,0.00546096004942814,0.47330472832655873,0.0,7.867153403198894e-05,0.0,0.0,0.0,0.0,0.0,0.0,0.0,0.0,0.0
4932.YMR047C,0.06336511842509997,0.011162552009763496,0.4789563363451997,0.0,0.00010580384581494033,0.0,0.0,0.0,0.0,0.0,0.0,0.0,0.0,0.0
4932.YBL084C,0.11780990464472471,0.017630888803411227,0.5037990863075922,0.0,0.0006132112252316635,0.0,0.0,0.0,0.0,0.0,0.0,0.0,0.0,0.0
4932.YPR178W,0.057982159335589055,0.010742030536405206,0.4766725803400326,0.0,0.0001490992389721266,0.0,0.0,0.0,0.0,0.0,0.0,0.0,0.0,0.0
4932.YOR326W,0.10381421101199631,0.013838429062564576,0.49835114772569405,0.0,0.0004873574578603017,0.0,0.0,0.0,0.0,0.0,0.0,0.0,0.0,0.0
4932.YEL061C,0.06797908335896648,0.008604426563492387,0.4792389272951785,0.0,0.0001662050236500978,0.0,0.0,0.0,0.0,0.0,0.0,0.0,0.0,0.0
4932.YMR031C,0.03752691479544756,0.004002713451195343,0.4712110670917567,0.0,0.00015095200862799295,0.0,0.0,0.0,0.0,0.0,0.0,0.0,0.0,0.0
4932.YGL227W,0.031221162719163337,0.003159075240369565,0.4625240668514004,0.0,5.786838488285277e-05,0.0,0.0,0.0,0.0,0.0,0.0,0.0,0.0,0.0
4932.YDR273W,0.08597354660104584,0.009529994094526248,0.4953877117630041,0.0,0.00059890135409575,0.0,0.0,0.0,0.0,0.0,0.0,0.0,0.0,0.0
4932.YDR122W,0.08028298984927715,0.00957699451304219,0.48967600717372456,0.0,0.0002045196499950359,0.0,0.0,0.0,0.0,0.0,0.0,0.0,0.0,0.0
4932.YPL020C,0.06705629037219317,0.01074817884342204,0.48233377488088813,0.0,0.00026907940946483566,0.0,0.0,0.0,0.0,0.0,0.0,0.0,0.0,0.0
4932.YKL193C,0.11550292217779146,0.016660640141019135,0.5000000473372826,0.0,0.0005879999862152136,0.0,0.0,0.0,0.0,0.0,0.0,0.0,0.0,0.0
4932.YOR042W,0.10550599815441403,0.01398368718046269,0.4975879175430986,0.0,0.0004092938690794543,0.0,0.0,0.0,0.0,0.0,0.0,0.0,0.0,0.0
4932.YMR283C,0.008612734543217471,0.0011893877796412531,0.4178241136313866,0.0,9.023614598045218e-06,0.0,0.0,0.0,0.0,0.0,0.0,0.0,0.0,0.0
4932.YHL024W,0.09889264841587204,0.020159976069949917,0.4984658342432744,0.0,0.0004597977152121344,0.0,0.0,0.0,0.0,0.0,0.0,0.0,0.0,0.0
4932.YDR159W,0.06305752076284221,0.008451231476756988,0.4793449848919537,0.0,0.00023654619196953794,0.0,0.0,0.0,0.0,0.0,0.0,0.0,0.0,0.0
4932.YDR288W,0.02952937557674562,0.0033641458736361238,0.4615385052344147,0.0,5.524284020505473e-05,0.0,0.0,0.0,0.0,0.0,0.0,0.0,0.0,0.0
4932.YNR011C,0.10196862503844971,0.02052562576851524,0.49587916782626107,0.0,0.0002453504423481796,0.0,0.0,0.0,0.0,0.0,0.0,0.0,0.0,0.0
4932.YKL092C,0.03552752999077207,0.004119391135243962,0.46650876697503946,0.0,9.211356736488689e-05,0.0,0.0,0.0,0.0,0.0,0.0,0.0,0.0,0.0
4932.YPL242C,0.04275607505382959,0.005281849997599622,0.46728035489683045,0.0,6.634658192676935e-05,0.0,0.0,0.0,0.0,0.0,0.0,0.0,0.0,0.0
4932.YNL209W,0.22593048292832976,0.04695024954467611,0.5383150207269758,0.0,0.001081885718997598,0.0,0.0,0.0,0.0,0.0,0.0,0.0,0.0,0.0
4932.YNL271C,0.07090126115041526,0.0072868551630220725,0.4821190543994157,0.0,0.0003128598274081558,0.0,0.0,0.0,0.0,0.0,0.0,0.0,0.0,0.0
4932.YGL097W,0.11088895724392495,0.021597162459122243,0.4981219329394653,0.0,0.0002817808768880535,0.0,0.0,0.0,0.0,0.0,0.0,0.0,0.0,0.0
4932.YLR208W,0.07351584127960628,0.012293393282730219,0.479875977785638,0.0,0.00020100707306282888,0.0,0.0,0.0,0.0,0.0,0.0,0.0,0.0,0.0
4932.YLR071C,0.04629344816979391,0.0069404135132669475,0.4700521278353099,0.0,5.1113923207718935e-05,0.0,0.0,0.0,0.0,0.0,0.0,0.0,0.0,0.0
4932.YCR051W,0.12611504152568442,0.02367116339839179,0.5040335568721165,0.0,0.000600925577256487,0.0,0.0,0.0,0.0,0.0,0.0,0.0,0.0,0.0
4932.YLR433C,0.06659489387880653,0.010810933054678548,0.48305089319025607,0.0,0.00013045662843455297,0.0,0.0,0.0,0.0,0.0,0.0,0.0,0.0,0.0
4932.YJL057C,0.08366656413411258,0.009897504270194367,0.49260864340803007,0.0,0.00038824302192391746,0.0,0.0,0.0,0.0,0.0,0.0,0.0,0.0,0.0
4932.YFR014C,0.06997846816364196,0.009261905852645864,0.4851064289059593,0.0,0.00015392068512632058,0.0,0.0,0.0,0.0,0.0,0.0,0.0,0.0,0.0
4932.YOR190W,0.09258689633958782,0.010546323191878659,0.5015050254839334,0.0,0.0008501041759831816,0.0,0.0,0.0,0.0,0.0,0.0,0.0,0.0,0.0
4932.YDR180W,0.06428791141187327,0.008009866191537719,0.479875977785638,0.0,0.00018697704644556949,0.0,0.0,0.0,0.0,0.0,0.0,0.0,0.0,0.0
4932.YER111C,0.12134727776068903,0.01468676392517347,0.5016211683800621,0.0,0.0007479622036970435,0.0,0.0,0.0,0.0,0.0,0.0,0.0,0.0,0.0
4932.YKL203C,0.10166102737619194,0.013494378746026922,0.49260864340803007,0.0,0.00043655839014249766,0.0,0.0,0.0,0.0,0.0,0.0,0.0,0.0,0.0
4932.YBR081C,0.0658258997231621,0.008673864024328475,0.48194026664654194,0.0,0.0001715560203867611,0.0,0.0,0.0,0.0,0.0,0.0,0.0,0.0,0.0
4932.YML007W,0.0602891418025223,0.006971351031770915,0.4798051107727479,0.0,0.00020482936562272452,0.0,0.0,0.0,0.0,0.0,0.0,0.0,0.0,0.0
4932.YOL067C,0.03368194401722547,0.0032329532012785604,0.47368425537216247,0.0,0.00019858091656921984,0.0,0.0,0.0,0.0,0.0,0.0,0.0,0.0,0.0
4932.YML057W,0.07105505998154414,0.010424820025109301,0.4855051266583476,0.0,0.00014624705576949987,0.0,0.0,0.0,0.0,0.0,0.0,0.0,0.0,0.0
4932.YMR032W,0.04121808674254076,0.004199586036350679,0.47049457788685284,0.0,0.00011139232658361217,0.0,0.0,0.0,0.0,0.0,0.0,0.0,0.0,0.0
4932.YBR169C,0.20163026760996616,0.0363398319274994,0.5289377790146784,0.0,0.001413567026900411,0.0,0.0,0.0,0.0,0.0,0.0,0.0,0.0,0.0
4932.YBR215W,0.08012919101814826,0.01048144622579076,0.49467117959769524,0.0,0.0003807952856856187,0.0,0.0,0.0,0.0,0.0,0.0,0.0,0.0,0.0
4932.YPR072W,0.03829590895109197,0.007159118107018596,0.46607377816635526,0.0,4.2959781224060885e-05,0.0,0.0,0.0,0.0,0.0,0.0,0.0,0.0,0.0
4932.YMR154C,0.04783143648108275,0.0065883279661442,0.47761856782031054,0.0,0.00011461415199497251,0.0,0.0,0.0,0.0,0.0,0.0,0.0,0.0,0.0
4932.YNL254C,0.08182097816056598,0.012391403744170273,0.4947088401366825,0.0,0.0004438149280281136,0.0,0.0,0.0,0.0,0.0,0.0,0.0,0.0,0.0
4932.YBR280C,0.09027991387265458,0.010629619091101748,0.49309459820878165,0.0,0.0004950316204677826,0.0,0.0,0.0,0.0,0.0,0.0,0.0,0.0,0.0
4932.YML117W,0.1076591817902184,0.024228551529589637,0.5003850774060777,0.0,0.0002635661187054773,0.0,0.0,0.0,0.0,0.0,0.0,0.0,0.0,0.0
4932.YBR056W,0.12749923100584437,0.014641261842650197,0.5089286196111626,0.0,0.0008013805029299877,0.0,0.0,0.0,0.0,0.0,0.0,0.0,0.0,0.0
4932.YKL190W,0.09397108581974778,0.01391169504686651,0.4938065670032164,0.0,0.00039458438417207514,0.0,0.0,0.0,0.0,0.0,0.0,0.0,0.0,0.0
4932.YOL016C,0.07028606582589973,0.008985348353793943,0.48452767244764183,0.0,0.0002791094070130189,0.0,0.0,0.0,0.0,0.0,0.0,0.0,0.0,0.0
4932.YDL012C,0.05321439557059367,0.007354296948997885,0.4838421902602625,0.0,0.0003793444753088639,0.0,0.0,0.0,0.0,0.0,0.0,0.0,0.0,0.0
4932.YJL005W,0.0733620424484774,0.008278146270492753,0.48366212245592294,0.0,0.00021712628382276943,0.0,0.0,0.0,0.0,0.0,0.0,0.0,0.0,0.0
4932.YIL159W,0.03014457090126115,0.003156317836113955,0.46058977992595157,0.0,6.527251462176491e-05,0.0,0.0,0.0,0.0,0.0,0.0,0.0,0.0,0.0
4932.YDL056W,0.07751461088895725,0.00999835284540991,0.48648653254438307,0.0,0.0001887723714741437,0.0,0.0,0.0,0.0,0.0,0.0,0.0,0.0,0.0
4932.YOL006C,0.09796985542909875,0.01675055150703137,0.4913050518066932,0.0,0.0003396080884903941,0.0,0.0,0.0,0.0,0.0,0.0,0.0,0.0,0.0
4932.YNL062C,0.0862811442633036,0.021904778284370843,0.4787798861770796,0.0,8.508561317950868e-05,0.0,0.0,0.0,0.0,0.0,0.0,0.0,0.0,0.0
4932.YGL194C,0.08674254075669026,0.012732624983218591,0.49512348485182295,0.0,0.0002600714378222711,0.0,0.0,0.0,0.0,0.0,0.0,0.0,0.0,0.0
4932.YPL214C,0.06290372193171333,0.009668480291446938,0.48637729155653625,0.0,0.00022048848556599789,0.0,0.0,0.0,0.0,0.0,0.0,0.0,0.0,0.0
4932.YJL178C,0.10704398646570287,0.015710641303536152,0.4998846538345508,0.0,0.0004722009676704728,0.0,0.0,0.0,0.0,0.0,0.0,0.0,0.0,0.0
4932.YFL008W,0.09920024607812981,0.014242400825935201,0.49418211386381666,0.0,0.00034888117423366606,0.0,0.0,0.0,0.0,0.0,0.0,0.0,0.0,0.0
4932.YDL132W,0.07566902491541065,0.010597447280362047,0.48485305291712616,0.0,0.00022124790721198605,0.0,0.0,0.0,0.0,0.0,0.0,0.0,0.0,0.0
4932.YGR047C,0.02337742233159028,0.003434881788944071,0.4526015612729209,0.0,7.763492066593914e-05,0.0,0.0,0.0,0.0,0.0,0.0,0.0,0.0,0.0
4932.YLR419W,0.14164872346970164,0.02774755865682645,0.5109294397857623,0.0,0.00057066157900602,0.0,0.0,0.0,0.0,0.0,0.0,0.0,0.0,0.0
4932.YCL027W,0.13411258074438634,0.027154032456891044,0.5093674543541056,0.0,0.0008586121003324851,0.0,0.0,0.0,0.0,0.0,0.0,0.0,0.0,0.0
4932.YDR059C,0.1142725315287604,0.017050453052078442,0.503525812878367,0.0,0.0006394877052158191,0.0,0.0,0.0,0.0,0.0,0.0,0.0,0.0,0.0
4932.YKR001C,0.08505075361427254,0.011697293657988307,0.49137935686595013,0.0,0.0003725218010459426,0.0,0.0,0.0,0.0,0.0,0.0,0.0,0.0,0.0
4932.YDR255C,0.017533066748692712,0.0016511897807139039,0.4516891849850775,0.0,4.7892900698165237e-05,0.0,0.0,0.0,0.0,0.0,0.0,0.0,0.0,0.0
4932.YDL195W,0.05536757920639804,0.00856150394528176,0.47261623501311545,0.0,9.745697016050496e-05,0.0,0.0,0.0,0.0,0.0,0.0,0.0,0.0,0.0
4932.YDR498C,0.02199323285143033,0.0022256493209331855,0.45326455184119174,0.0,2.8788552422644913e-05,0.0,0.0,0.0,0.0,0.0,0.0,0.0,0.0,0.0
4932.YHR171W,0.0807443863426638,0.009528889025667718,0.48754506416531546,0.0,0.000451892407379841,0.0,0.0,0.0,0.0,0.0,0.0,0.0,0.0,0.0
4932.YPR179C,0.03214395570593664,0.003769388523487289,0.46039397868749643,0.0,5.907117120956984e-05,0.0,0.0,0.0,0.0,0.0,0.0,0.0,0.0,0.0
4932.YGL093W,0.08966471854813904,0.012148402508863374,0.4920118584989267,0.0,0.00035995699349639077,0.0,0.0,0.0,0.0,0.0,0.0,0.0,0.0,0.0
4932.YOR198C,0.2023992617656106,0.03371984459122547,0.5294549511281125,0.0,0.0021662065147108308,0.0,0.0,0.0,0.0,0.0,0.0,0.0,0.0,0.0
4932.YAL020C,0.05090741310366041,0.007075121715660222,0.47874461174355887,0.0,0.0003625911194526556,0.0,0.0,0.0,0.0,0.0,0.0,0.0,0.0,0.0
4932.YGR276C,0.0510612119347893,0.010965989202773828,0.4693052589336505,0.0,6.468879955072423e-05,0.0,0.0,0.0,0.0,0.0,0.0,0.0,0.0,0.0
4932.YML016C,0.09996924023377422,0.016295217430054305,0.49527443713379,0.0,0.00026087621114302955,0.0,0.0,0.0,0.0,0.0,0.0,0.0,0.0,0.0
4932.YAL002W,0.033528145186096585,0.002196386221768903,0.46338163126259174,0.0,0.00015167746267554712,0.0,0.0,0.0,0.0,0.0,0.0,0.0,0.0,0.0
4932.YIL084C,0.03199015687480775,0.003240780656331469,0.46724675452616127,0.0,0.00037045324215624495,0.0,0.0,0.0,0.0,0.0,0.0,0.0,0.0,0.0
4932.YDR108W,0.024454014149492467,0.0018395940892404503,0.45203482540489215,0.0,5.067624175782466e-05,0.0,0.0,0.0,0.0,0.0,0.0,0.0,0.0,0.0
4932.YDR291W,0.026607197785296834,0.0032634061501093242,0.45558442229512197,0.0,7.094951049205187e-05,0.0,0.0,0.0,0.0,0.0,0.0,0.0,0.0,0.0
4932.YER157W,0.041679483235927406,0.0038770965496824536,0.46869594743186127,0.0,0.00013181186355479903,0.0,0.0,0.0,0.0,0.0,0.0,0.0,0.0,0.0
4932.YIL068C,0.02722239310981237,0.0021969461954187814,0.45654469298077177,0.0,4.7565787229094815e-05,0.0,0.0,0.0,0.0,0.0,0.0,0.0,0.0,0.0
4932.YGL195W,0.10904337127037834,0.02521360918824525,0.49599271927298105,0.0,0.00027832830081503797,0.0,0.0,0.0,0.0,0.0,0.0,0.0,0.0,0.0
4932.YMR258C,0.024146416487234697,0.002288872521642876,0.46301842776081836,0.0,0.00010003423236261804,0.0,0.0,0.0,0.0,0.0,0.0,0.0,0.0,0.0
4932.YAL030W,0.05090741310366041,0.004757326757469293,0.4785330742466547,0.0,0.0002277422131985482,0.0,0.0,0.0,0.0,0.0,0.0,0.0,0.0,0.0
4932.YGL084C,0.048600430636727164,0.004618185557984731,0.4749306106706129,0.0,0.00020787499547570242,0.0,0.0,0.0,0.0,0.0,0.0,0.0,0.0,0.0
4932.YFR019W,0.03645032297754537,0.003236404003166614,0.46610721004198585,0.0,8.426729668266319e-05,0.0,0.0,0.0,0.0,0.0,0.0,0.0,0.0,0.0
4932.YOR115C,0.01876345739772378,0.0013834986061979546,0.44318651038025675,0.0,4.3035302514860097e-05,0.0,0.0,0.0,0.0,0.0,0.0,0.0,0.0,0.0
4932.YJR058C,0.04567825284527838,0.004448894888478236,0.48478070838520776,0.0,0.0002910203625814255,0.0,0.0,0.0,0.0,0.0,0.0,0.0,0.0,0.0
4932.YER151C,0.07859120270685943,0.013120197019837014,0.4868875030117881,0.0,0.00021214783948577732,0.0,0.0,0.0,0.0,0.0,0.0,0.0,0.0,0.0
4932.YKL039W,0.007382343894186405,0.0007243763362084223,0.428147895842085,0.0,5.928164260499048e-06,0.0,0.0,0.0,0.0,0.0,0.0,0.0,0.0,0.0
4932.YLR417W,0.023531221162719166,0.001796271507952539,0.4604592272672424,0.0,9.762361002512107e-05,0.0,0.0,0.0,0.0,0.0,0.0,0.0,0.0,0.0
4932.YNL051W,0.03306674869270994,0.0030019638475675624,0.46357998253515903,0.0,0.0002280387624855454,0.0,0.0,0.0,0.0,0.0,0.0,0.0,0.0,0.0
4932.YJL207C,0.018455859735466013,0.00209589315638579,0.4429146353483283,0.0,1.6131111961374225e-05,0.0,0.0,0.0,0.0,0.0,0.0,0.0,0.0,0.0
4932.YPL139C,0.06736388803445094,0.012767112447324256,0.4805502599611984,0.0,0.00010992194674335371,0.0,0.0,0.0,0.0,0.0,0.0,0.0,0.0,0.0
4932.YBL017C,0.0269147954475546,0.002361427751675182,0.45718712553263385,0.0,5.022241455691226e-05,0.0,0.0,0.0,0.0,0.0,0.0,0.0,0.0,0.0
4932.YOR106W,0.04475545985850508,0.003364019463022409,0.4763930069791294,0.0,0.00026920762630181205,0.0,0.0,0.0,0.0,0.0,0.0,0.0,0.0,0.0
4932.YKL034W,0.027991387265456785,0.002174350380217668,0.46604035108623143,0.0,0.0001401364298873513,0.0,0.0,0.0,0.0,0.0,0.0,0.0,0.0,0.0
4932.YEL044W,0.017225469086434943,0.0017678796534178266,0.44943979908668724,0.0,5.191507075047466e-05,0.0,0.0,0.0,0.0,0.0,0.0,0.0,0.0,0.0
4932.YCR032W,0.036911719470932025,0.0030817091300569823,0.46724675452616127,0.0,0.00018057313722822868,0.0,0.0,0.0,0.0,0.0,0.0,0.0,0.0,0.0
4932.YHR132C,0.02060904337127038,0.0022415768099942265,0.4550739278097433,0.0,2.7529457351570488e-05,0.0,0.0,0.0,0.0,0.0,0.0,0.0,0.0,0.0
4932.YNR006W,0.06136573362042449,0.00518108832152828,0.4799114191429339,0.0,0.00039152834335466977,0.0,0.0,0.0,0.0,0.0,0.0,0.0,0.0,0.0
4932.YDR166C,0.022300830513688096,0.001962115317016993,0.45263308826938736,0.0,3.476316037063115e-05,0.0,0.0,0.0,0.0,0.0,0.0,0.0,0.0,0.0
4932.YPR029C,0.03337434635496771,0.003038139081543507,0.4622937261806577,0.0,8.43000265913521e-05,0.0,0.0,0.0,0.0,0.0,0.0,0.0,0.0,0.0
4932.YLR337C,0.02199323285143033,0.0018126018572921926,0.45721929462393224,0.0,5.121755054421307e-05,0.0,0.0,0.0,0.0,0.0,0.0,0.0,0.0,0.0
4932.YGR166W,0.02014764687788373,0.0017663973987426644,0.4525070066292009,0.0,4.347647649526183e-05,0.0,0.0,0.0,0.0,0.0,0.0,0.0,0.0,0.0
4932.YOR069W,0.05244540141494925,0.0041745636913509965,0.4822979748530635,0.0,0.00039918211916687536,0.0,0.0,0.0,0.0,0.0,0.0,0.0,0.0,0.0
4932.YKL103C,0.054906182713011384,0.006056943774467597,0.4737187880145312,0.0,0.00012025770693296205,0.0,0.0,0.0,0.0,0.0,0.0,0.0,0.0,0.0
4932.YNL106C,0.024761611811750232,0.00180770793047533,0.45263308826938736,0.0,9.941317886613946e-05,0.0,0.0,0.0,0.0,0.0,0.0,0.0,0.0,0.0
4932.YOR067C,0.027991387265456785,0.002223445199159852,0.45699420600571944,0.0,8.538701058798947e-05,0.0,0.0,0.0,0.0,0.0,0.0,0.0,0.0,0.0
4932.YJR134C,0.015072285450630576,0.0014696323652048523,0.4456790545401457,0.0,2.1310540247388286e-05,0.0,0.0,0.0,0.0,0.0,0.0,0.0,0.0,0.0
4932.YBR023C,0.08305136880959706,0.010444066996522113,0.48816772708251255,0.0,0.0004393813967772779,0.0,0.0,0.0,0.0,0.0,0.0,0.0,0.0,0.0
4932.YDL095W,0.03937250076899416,0.005094755450201632,0.47254749583269035,0.0,0.00012987049934229172,0.0,0.0,0.0,0.0,0.0,0.0,0.0,0.0,0.0
4932.YBR097W,0.031682559212549984,0.0027876065613326026,0.4606550840206525,0.0,5.314899386472538e-05,0.0,0.0,0.0,0.0,0.0,0.0,0.0,0.0,0.0
4932.YML001W,0.057674561673331286,0.0055824012864058425,0.48186878866854466,0.0,0.0005381013788181439,0.0,0.0,0.0,0.0,0.0,0.0,0.0,0.0,0.0
4932.YJL044C,0.008458935712088589,0.0005401351402294633,0.4211004222147187,0.0,8.55480195941683e-06,0.0,0.0,0.0,0.0,0.0,0.0,0.0,0.0,0.0
4932.YNL227C,0.03844970778222086,0.009510411388176012,0.4571549609677308,0.0,3.5461129010624996e-05,0.0,0.0,0.0,0.0,0.0,0.0,0.0,0.0,0.0
4932.YJL183W,0.03306674869270994,0.0035832547519933982,0.4600680129704988,0.0,9.466635977821706e-05,0.0,0.0,0.0,0.0,0.0,0.0,0.0,0.0,0.0
4932.YOR070C,0.02829898492771455,0.002170834523033949,0.4596124356482759,0.0,6.80002565499767e-05,0.0,0.0,0.0,0.0,0.0,0.0,0.0,0.0,0.0
4932.YJL172W,0.06198092894494002,0.007316054207006253,0.4783569357475946,0.0,0.00022208289814812287,0.0,0.0,0.0,0.0,0.0,0.0,0.0,0.0,0.0
4932.YER136W,0.05244540141494925,0.0074169372942459785,0.47461840736215943,0.0,0.00014544922475110393,0.0,0.0,0.0,0.0,0.0,0.0,0.0,0.0,0.0
4932.YDR238C,0.059981544140264534,0.008577290835471457,0.4747918029515801,0.0,0.00018015924875994233,0.0,0.0,0.0,0.0,0.0,0.0,0.0,0.0,0.0
4932.YEL013W,0.026607197785296834,0.002543062454786185,0.4611127317056007,0.0,7.018125888838497e-05,0.0,0.0,0.0,0.0,0.0,0.0,0.0,0.0,0.0
4932.YNL127W,0.022300830513688096,0.0024606243760718154,0.46183373242326403,0.0,4.090765537580344e-05,0.0,0.0,0.0,0.0,0.0,0.0,0.0,0.0,0.0
4932.YPL065W,0.025376807136265767,0.002090611524398432,0.4600354417837398,0.0,0.000105469649859352,0.0,0.0,0.0,0.0,0.0,0.0,0.0,0.0,0.0
4932.YNL287W,0.0529067979083359,0.007109390704992077,0.47416817098623215,0.0,0.00015783882817866293,0.0,0.0,0.0,0.0,0.0,0.0,0.0,0.0,0.0
4932.YHL017W,0.002922177791448785,0.00022252172365406283,0.383702427823757,0.0,1.1832168011537109e-06,0.0,0.0,0.0,0.0,0.0,0.0,0.0,0.0,0.0
4932.YEL031W,0.08243617348508152,0.010068919581513878,0.4871064928932028,0.0,0.0005821742829348899,0.0,0.0,0.0,0.0,0.0,0.0,0.0,0.0,0.0
4932.YDR455C,0.002922177791448785,3.5499488816523513e-05,0.36057935825954857,0.0,7.512274864595745e-05,0.0,0.0,0.0,0.0,0.0,0.0,0.0,0.0,0.0
4932.YOL004W,0.0835127653029837,0.010589921596396974,0.4882777739100785,0.0,0.0002226844517773876,0.0,0.0,0.0,0.0,0.0,0.0,0.0,0.0,0.0
4932.YPR173C,0.031067363888034452,0.003971850297817029,0.46457429149891505,0.0,5.640950533564105e-05,0.0,0.0,0.0,0.0,0.0,0.0,0.0,0.0,0.0
4932.YAL023C,0.04091048908028299,0.0046503920964955274,0.4638447151970394,0.0,9.38790328923809e-05,0.0,0.0,0.0,0.0,0.0,0.0,0.0,0.0,0.0
4932.YMR109W,0.03675792063980314,0.003864227316423465,0.4652395371372038,0.0,0.00011406609533725483,0.0,0.0,0.0,0.0,0.0,0.0,0.0,0.0,0.0
4932.YKR065C,0.021224238695785914,0.0024546245207317102,0.4566088549782394,0.0,0.00018093872951655156,0.0,0.0,0.0,0.0,0.0,0.0,0.0,0.0,0.0
4932.YPL045W,0.020762842202399264,0.0013922312024502515,0.44745907004512636,0.0,2.2754457238996922e-05,0.0,0.0,0.0,0.0,0.0,0.0,0.0,0.0,0.0
4932.YLR396C,0.022147031682559215,0.0016601243943517006,0.4552652291175874,0.0,3.375266165607521e-05,0.0,0.0,0.0,0.0,0.0,0.0,0.0,0.0,0.0
4932.YLR386W,0.03014457090126115,0.002999711112778517,0.4614401800309136,0.0,6.701748173775246e-05,0.0,0.0,0.0,0.0,0.0,0.0,0.0,0.0,0.0
4932.YIR006C,0.06797908335896648,0.008155625488441197,0.4812264396945364,0.0,0.000250209642796458,0.0,0.0,0.0,0.0,0.0,0.0,0.0,0.0,0.0
4932.YCR067C,0.021224238695785914,0.002131362445333111,0.4533594233723104,0.0,3.214521564961191e-05,0.0,0.0,0.0,0.0,0.0,0.0,0.0,0.0,0.0
4932.YMR026C,0.012150107659181791,0.000823579928793405,0.43363367468770936,0.0,2.9075421072605042e-05,0.0,0.0,0.0,0.0,0.0,0.0,0.0,0.0,0.0
4932.YGL180W,0.06228852660719779,0.005423397314270975,0.4779347319208094,0.0,0.0003273822659088889,0.0,0.0,0.0,0.0,0.0,0.0,0.0,0.0,0.0
4932.YOR275C,0.034758535835127655,0.0038240334620609885,0.4683243686627261,0.0,7.822434212664462e-05,0.0,0.0,0.0,0.0,0.0,0.0,0.0,0.0,0.0
4932.YLR039C,0.03998769609350969,0.0037142168145327292,0.4652395371372038,0.0,0.00010783142105143797,0.0,0.0,0.0,0.0,0.0,0.0,0.0,0.0,0.0
4932.YGL212W,0.042294678560442944,0.0029119423005895015,0.48467223205753146,0.0,0.000576869011581331,0.0,0.0,0.0,0.0,0.0,0.0,0.0,0.0,0.0
4932.YJL204C,0.02337742233159028,0.0015382509376545234,0.44922230315902695,0.0,3.966530924341633e-05,0.0,0.0,0.0,0.0,0.0,0.0,0.0,0.0,0.0
4932.YLR330W,0.04044909258689634,0.005027483588711104,0.4714503820064808,0.0,0.00014712330738553581,0.0,0.0,0.0,0.0,0.0,0.0,0.0,0.0,0.0
4932.YPL057C,0.024915410642879117,0.0020067702044041457,0.46157128961467003,0.0,7.914281771645388e-05,0.0,0.0,0.0,0.0,0.0,0.0,0.0,0.0,0.0
4932.YDR323C,0.019532451553368194,0.001266253851724313,0.44912915504529477,0.0,3.274272768892856e-05,0.0,0.0,0.0,0.0,0.0,0.0,0.0,0.0,0.0
4932.YCL008C,0.03844970778222086,0.004107996870702773,0.471279417986316,0.0,0.00015056059275726547,0.0,0.0,0.0,0.0,0.0,0.0,0.0,0.0,0.0
4932.YDL115C,0.01476468778837281,0.0013652695048614364,0.4465059173500532,0.0,4.0233174134760206e-05,0.0,0.0,0.0,0.0,0.0,0.0,0.0,0.0,0.0
4932.YGL095C,0.03214395570593664,0.0021421369127908657,0.4611127317056007,0.0,7.814029256113125e-05,0.0,0.0,0.0,0.0,0.0,0.0,0.0,0.0,0.0
4932.YKL002W,0.040141494924638574,0.0040511259316964475,0.47486119666729937,0.0,0.00018164339956702237,0.0,0.0,0.0,0.0,0.0,0.0,0.0,0.0,0.0
4932.YIL109C,0.044140264533989546,0.005618512699734391,0.4691697195086877,0.0,0.00013837742477809466,0.0,0.0,0.0,0.0,0.0,0.0,0.0,0.0,0.0
4932.YDR069C,0.036911719470932025,0.00382393957330643,0.4682906179875558,0.0,0.0001377917521163321,0.0,0.0,0.0,0.0,0.0,0.0,0.0,0.0,0.0
4932.YJL062W,0.036911719470932025,0.0028920061262083497,0.46563959979902003,0.0,0.00028147851040464893,0.0,0.0,0.0,0.0,0.0,0.0,0.0,0.0,0.0
4932.YCR101C,0.01030452168563519,0.0005885073637660839,0.439232162714298,0.0,0.00014999015417493204,0.0,0.0,0.0,0.0,0.0,0.0,0.0,0.0,0.0
4932.YNL243W,0.032605352199323284,0.0030997903234140545,0.4626228545632439,0.0,4.9235191261973665e-05,0.0,0.0,0.0,0.0,0.0,0.0,0.0,0.0,0.0
4932.YDR407C,0.02014764687788373,0.0015156575409440967,0.44816888166048174,0.0,2.1578717546509148e-05,0.0,0.0,0.0,0.0,0.0,0.0,0.0,0.0,0.0
4932.YKL010C,0.07566902491541065,0.009568102314540224,0.48641369976759674,0.0,0.0003428871143596987,0.0,0.0,0.0,0.0,0.0,0.0,0.0,0.0,0.0
4932.YLR240W,0.04352506920947401,0.003976535020481329,0.4733392056523401,0.0,0.00016878101542542242,0.0,0.0,0.0,0.0,0.0,0.0,0.0,0.0,0.0
4932.YCR017C,0.02245462934481698,0.0017045435576817345,0.45291702900922315,0.0,6.36001794480657e-05,0.0,0.0,0.0,0.0,0.0,0.0,0.0,0.0,0.0
4932.YOR036W,0.050446016610273765,0.003902963063895152,0.4755214500691785,0.0,0.0002616658071866034,0.0,0.0,0.0,0.0,0.0,0.0,0.0,0.0,0.0
4932.YDL145C,0.06767148569670871,0.011184320686007297,0.4793096271443037,0.0,0.00020535614232615698,0.0,0.0,0.0,0.0,0.0,0.0,0.0,0.0,0.0
4932.YDR276C,0.03614272531528761,0.0028756793473368792,0.4774080240390364,0.0,0.0011220276702676077,0.0,0.0,0.0,0.0,0.0,0.0,0.0,0.0,0.0
4932.YGL124C,0.023069824669332516,0.0015362924721282918,0.45339105604209634,0.0,5.208807949568486e-05,0.0,0.0,0.0,0.0,0.0,0.0,0.0,0.0,0.0
4932.YJR040W,0.031682559212549984,0.0029449515956617876,0.4671124013511124,0.0,0.00012573681489818486,0.0,0.0,0.0,0.0,0.0,0.0,0.0,0.0,0.0
4932.YPL097W,0.07059366348815749,0.016140442798160688,0.4812264396945364,0.0,0.0001620839735264552,0.0,0.0,0.0,0.0,0.0,0.0,0.0,0.0,0.0
4932.YLR085C,0.03706551830206091,0.0038354875509153306,0.46944087669378154,0.0,0.00013101608921331945,0.0,0.0,0.0,0.0,0.0,0.0,0.0,0.0,0.0
4932.YNL041C,0.030298369732390036,0.0024515602638475135,0.45828342021266133,0.0,5.172453725853163e-05,0.0,0.0,0.0,0.0,0.0,0.0,0.0,0.0,0.0
4932.YMR077C,0.019532451553368194,0.0013279631470674233,0.45310652082806807,0.0,8.035111039936035e-05,0.0,0.0,0.0,0.0,0.0,0.0,0.0,0.0,0.0
4932.YER008C,0.03814211011996309,0.003543391884786104,0.4625899206375258,0.0,7.473752230672202e-05,0.0,0.0,0.0,0.0,0.0,0.0,0.0,0.0,0.0
4932.YNL294C,0.03275915103045217,0.0038516467410254916,0.46913584688436394,0.0,7.126851145726193e-05,0.0,0.0,0.0,0.0,0.0,0.0,0.0,0.0,0.0
4932.YDR495C,0.03552752999077207,0.002837178963316609,0.46728035489683045,0.0,0.0001411881484159751,0.0,0.0,0.0,0.0,0.0,0.0,0.0,0.0,0.0
4932.YDR527W,0.02291602583820363,0.005153882766172239,0.44503805322891066,0.0,8.776783511495803e-06,0.0,0.0,0.0,0.0,0.0,0.0,0.0,0.0,0.0
4932.YDR027C,0.018148262073208243,0.001097147557271464,0.4433679459057945,0.0,1.9323447391369544e-05,0.0,0.0,0.0,0.0,0.0,0.0,0.0,0.0,0.0
4932.YNL323W,0.020762842202399264,0.001969304047344002,0.4541198277444493,0.0,3.4894203500012944e-05,0.0,0.0,0.0,0.0,0.0,0.0,0.0,0.0,0.0
4932.YLR055C,0.03245155336819441,0.005122894118796888,0.46354691219826827,0.0,3.901768724178651e-05,0.0,0.0,0.0,0.0,0.0,0.0,0.0,0.0,0.0
4932.YOL063C,0.05921254998462012,0.008335870266916665,0.4798051107727479,0.0,9.190006672413813e-05,0.0,0.0,0.0,0.0,0.0,0.0,0.0,0.0,0.0
4932.YIL128W,0.048600430636727164,0.007063987482494116,0.47052864700907493,0.0,0.00014077194576982805,0.0,0.0,0.0,0.0,0.0,0.0,0.0,0.0,0.0
4932.YDL218W,0.036911719470932025,0.004250621281003212,0.4778644370639303,0.0,0.00014895172719062676,0.0,0.0,0.0,0.0,0.0,0.0,0.0,0.0,0.0
4932.YPR055W,0.01876345739772378,0.0012790249245735997,0.4400650558848249,0.0,1.8039611854440856e-05,0.0,0.0,0.0,0.0,0.0,0.0,0.0,0.0,0.0
4932.YPL084W,0.03583512765302984,0.0037092068304571354,0.46597351130837755,0.0,7.98706400733442e-05,0.0,0.0,0.0,0.0,0.0,0.0,0.0,0.0,0.0
4932.YJL053W,0.036604121808674256,0.002809996891095888,0.46781861880455905,0.0,0.00015741940721580855,0.0,0.0,0.0,0.0,0.0,0.0,0.0,0.0,0.0
4932.YOL095C,0.04029529375576746,0.006127517722377012,0.46697812541827705,0.0,0.00011148769475788479,0.0,0.0,0.0,0.0,0.0,0.0,0.0,0.0,0.0
4932.YDR219C,0.004767763764995386,0.0002420054937607472,0.39938540966166713,0.0,3.972136599580596e-06,0.0,0.0,0.0,0.0,0.0,0.0,0.0,0.0,0.0
4932.YOR208W,0.04537065518302061,0.005430441731097637,0.4783569357475946,0.0,8.440404588598375e-05,0.0,0.0,0.0,0.0,0.0,0.0,0.0,0.0,0.0
4932.YAL014C,0.015533681944017226,0.0010961675866997082,0.44497710163632986,0.0,4.18064602115975e-05,0.0,0.0,0.0,0.0,0.0,0.0,0.0,0.0,0.0
4932.YOL138C,0.014918486619501693,0.0019306479659890944,0.4454041137292018,0.0,1.6069499660811385e-05,0.0,0.0,0.0,0.0,0.0,0.0,0.0,0.0,0.0
4932.YBR080C,0.11073515841279608,0.014998316241301254,0.49553882522651754,0.0,0.0005851498653976045,0.0,0.0,0.0,0.0,0.0,0.0,0.0,0.0,0.0
4932.YDR484W,0.02829898492771455,0.001940617941295998,0.45805728289830283,0.0,9.109782668576497e-05,0.0,0.0,0.0,0.0,0.0,0.0,0.0,0.0,0.0
4932.YBR231C,0.051368809597047066,0.00548803746570154,0.47807538369594793,0.0,0.0003705374205342874,0.0,0.0,0.0,0.0,0.0,0.0,0.0,0.0,0.0
4932.YDL234C,0.03306674869270994,0.002890011629100898,0.4668774691187904,0.0,9.121986563354607e-05,0.0,0.0,0.0,0.0,0.0,0.0,0.0,0.0,0.0
4932.YOL003C,0.011996308828052908,0.0009789254245204603,0.44436850271458145,0.0,1.6841627543521576e-05,0.0,0.0,0.0,0.0,0.0,0.0,0.0,0.0,0.0
4932.YPL175W,0.03645032297754537,0.004254654658333835,0.46988217623800166,0.0,9.373119157370255e-05,0.0,0.0,0.0,0.0,0.0,0.0,0.0,0.0,0.0
4932.YNR051C,0.11950169178714243,0.02441244549382337,0.4997693135821662,0.0,0.00046010883153908816,0.0,0.0,0.0,0.0,0.0,0.0,0.0,0.0,0.0
4932.YBR131W,0.017840664410950478,0.0012484850701903528,0.4490981142577459,0.0,2.475718112904348e-05,0.0,0.0,0.0,0.0,0.0,0.0,0.0,0.0,0.0
4932.YDR335W,0.05952014764687789,0.009235816678303286,0.4797342646877316,0.0,0.00018639286647798088,0.0,0.0,0.0,0.0,0.0,0.0,0.0,0.0,0.0
4932.YOR089C,0.05398338972623808,0.005513476248342599,0.47744310177776084,0.0,0.0002340550184656078,0.0,0.0,0.0,0.0,0.0,0.0,0.0,0.0,0.0
4932.YPR031W,0.022762227007074746,0.0029704874729239174,0.4500000426035543,0.0,1.4863083123186024e-05,0.0,0.0,0.0,0.0,0.0,0.0,0.0,0.0,0.0
4932.YLR166C,0.023685019993848047,0.0022439780384970963,0.45351763087627894,0.0,4.937620028802426e-05,0.0,0.0,0.0,0.0,0.0,0.0,0.0,0.0,0.0
4932.YDR160W,0.019993848046754845,0.0020240572519781438,0.45596804541402886,0.0,4.2251048186866544e-05,0.0,0.0,0.0,0.0,0.0,0.0,0.0,0.0,0.0
4932.YLR440C,0.010612119347892957,0.0009033249859150199,0.4271628066786303,0.0,8.182004069840665e-06,0.0,0.0,0.0,0.0,0.0,0.0,0.0,0.0,0.0
4932.YLR360W,0.01707167025530606,0.0007873431536334654,0.4450075753455228,0.0,9.728936834790723e-05,0.0,0.0,0.0,0.0,0.0,0.0,0.0,0.0,0.0
4932.YLR418C,0.08735773608120578,0.012258077729183386,0.4914908566065596,0.0,0.0004055720722847069,0.0,0.0,0.0,0.0,0.0,0.0,0.0,0.0,0.0
4932.YJL156C,0.007689941556444172,0.0007609380315378687,0.4312736852190433,0.0,2.108680003400413e-06,0.0,0.0,0.0,0.0,0.0,0.0,0.0,0.0,0.0
4932.YNL325C,0.014918486619501693,0.0010902764595986886,0.4411705217730548,0.0,3.6148868764186255e-05,0.0,0.0,0.0,0.0,0.0,0.0,0.0,0.0,0.0
4932.YFL050C,0.02153183635804368,0.0016184752278449457,0.45472362597587995,0.0,5.2857912316380955e-05,0.0,0.0,0.0,0.0,0.0,0.0,0.0,0.0,0.0
4932.YJR152W,0.02922177791448785,0.001992629522760146,0.4552652291175874,0.0,8.033887882655878e-05,0.0,0.0,0.0,0.0,0.0,0.0,0.0,0.0,0.0
4932.YGR089W,0.01122731467240849,0.0009117124646361682,0.4332000410130217,0.0,2.058018835532979e-05,0.0,0.0,0.0,0.0,0.0,0.0,0.0,0.0,0.0
4932.YMR297W,0.08212857582282375,0.008666234443667075,0.48875521738964456,0.0,0.0004467682646875088,0.0,0.0,0.0,0.0,0.0,0.0,0.0,0.0,0.0
4932.YKL213C,0.06382651491848662,0.008806504940512517,0.4786388196225195,0.0,0.00021806067325234969,0.0,0.0,0.0,0.0,0.0,0.0,0.0,0.0,0.0
4932.YGR100W,0.015072285450630576,0.0011143578184570552,0.4488809488253195,0.0,2.5420922662336376e-05,0.0,0.0,0.0,0.0,0.0,0.0,0.0,0.0,0.0
4932.YFR029W,0.009227929867733006,0.0005819490569693301,0.41946940902429314,0.0,5.832979593886338e-06,0.0,0.0,0.0,0.0,0.0,0.0,0.0,0.0,0.0
4932.YMR231W,0.04690864349430945,0.004533764087816085,0.47698749285732395,0.0,0.0002540932314517501,0.0,0.0,0.0,0.0,0.0,0.0,0.0,0.0,0.0
4932.YBL106C,0.01384189480159951,0.001236937206128929,0.44195066416345813,0.0,3.161384674321624e-05,0.0,0.0,0.0,0.0,0.0,0.0,0.0,0.0,0.0
4932.YDR414C,0.029375576745616735,0.0020895399559331044,0.4621293375432277,0.0,0.00015941732766224062,0.0,0.0,0.0,0.0,0.0,0.0,0.0,0.0,0.0
4932.YLR025W,0.04337127037834513,0.004405933038054988,0.47265061210323867,0.0,0.00019078278272167411,0.0,0.0,0.0,0.0,0.0,0.0,0.0,0.0,0.0
4932.YDR080W,0.019840049215625963,0.0011737469097449352,0.4445509075183228,0.0,4.890544598336975e-05,0.0,0.0,0.0,0.0,0.0,0.0,0.0,0.0,0.0
4932.YDR170C,0.06797908335896648,0.007854688376060952,0.48090590698603647,0.0,0.0002776335904800155,0.0,0.0,0.0,0.0,0.0,0.0,0.0,0.0,0.0
4932.YLR207W,0.021685635189172565,0.002532504490916111,0.45628822520857554,0.0,2.9411253493594188e-05,0.0,0.0,0.0,0.0,0.0,0.0,0.0,0.0,0.0
4932.YDL220C,0.024607812980621348,0.0023088517967125946,0.46055713482141364,0.0,9.416407539384384e-05,0.0,0.0,0.0,0.0,0.0,0.0,0.0,0.0,0.0
4932.YJL085W,0.03368194401722547,0.00290407957178016,0.46075307489153544,0.0,6.710121509431398e-05,0.0,0.0,0.0,0.0,0.0,0.0,0.0,0.0,0.0
4932.YJL154C,0.058597354660104586,0.005973835617285717,0.4777941628820092,0.0,0.00023450194526237924,0.0,0.0,0.0,0.0,0.0,0.0,0.0,0.0,0.0
4932.YOR043W,0.04521685635189173,0.005396494165363318,0.4798051107727479,0.0,0.00017895195350168432,0.0,0.0,0.0,0.0,0.0,0.0,0.0,0.0,0.0
4932.YJL029C,0.0259920024607813,0.002198928715492658,0.45815417155716875,0.0,4.378844441038981e-05,0.0,0.0,0.0,0.0,0.0,0.0,0.0,0.0,0.0
4932.YOR122C,0.06936327283912642,0.01201652309748711,0.4870334743813015,0.0,0.0002830886455599154,0.0,0.0,0.0,0.0,0.0,0.0,0.0,0.0,0.0
4932.YGL131C,0.033835742848354354,0.0033356767335706063,0.4653061665016344,0.0,0.00012472333248089804,0.0,0.0,0.0,0.0,0.0,0.0,0.0,0.0,0.0
4932.YLR046C,0.019071055059981544,0.003428971501571915,0.46075307489153544,0.0,0.0001673932179187488,0.0,0.0,0.0,0.0,0.0,0.0,0.0,0.0,0.0
4932.YJR033C,0.02553060596739465,0.002063862757692224,0.46049185849304264,0.0,0.00016523302623039135,0.0,0.0,0.0,0.0,0.0,0.0,0.0,0.0,0.0
4932.YHR019C,0.11181175023069825,0.02663797519436862,0.49584132889701066,0.0,0.0002742312642639898,0.0,0.0,0.0,0.0,0.0,0.0,0.0,0.0,0.0
4932.YBL057C,0.023992617656105816,0.0035060187202705178,0.4534543346263311,0.0,6.105451277865141e-05,0.0,0.0,0.0,0.0,0.0,0.0,0.0,0.0,0.0
4932.YMR314W,0.0770532143955706,0.015117885017791596,0.485432587419343,0.0,0.0002767750019998593,0.0,0.0,0.0,0.0,0.0,0.0,0.0,0.0,0.0
4932.YNL153C,0.06628729621654876,0.01325222544289795,0.4820832862375046,0.0,0.0003081625042862566,0.0,0.0,0.0,0.0,0.0,0.0,0.0,0.0,0.0
4932.YJL010C,0.09181790218394341,0.02304059400602028,0.4869239876504552,0.0,0.00010164952494164682,0.0,0.0,0.0,0.0,0.0,0.0,0.0,0.0,0.0
4932.YNR046W,0.0919717010150723,0.023190800560101855,0.4850702161238672,0.0,0.00011268614676891565,0.0,0.0,0.0,0.0,0.0,0.0,0.0,0.0,0.0
4932.YIR037W,0.07812980621347278,0.010876785043458957,0.4864501134298042,0.0,0.0002191444920997168,0.0,0.0,0.0,0.0,0.0,0.0,0.0,0.0,0.0
4932.YPR081C,0.041679483235927406,0.01069386214268788,0.4705627210656329,0.0,3.873088674455231e-05,0.0,0.0,0.0,0.0,0.0,0.0,0.0,0.0,0.0
4932.YCR077C,0.05398338972623808,0.012272742420527295,0.4758696898714994,0.0,6.815923995902453e-05,0.0,0.0,0.0,0.0,0.0,0.0,0.0,0.0,0.0
4932.YPR063C,0.08489695478314366,0.022903768010514507,0.48974982025891806,0.0,0.00013004355076316236,0.0,0.0,0.0,0.0,0.0,0.0,0.0,0.0,0.0
4932.YPR145W,0.050138418948015996,0.00867492206607946,0.47327025602296613,0.0,7.472052963029873e-05,0.0,0.0,0.0,0.0,0.0,0.0,0.0,0.0,0.0
4932.YHR072W-A,0.1011996308828053,0.022694968634310485,0.49531218958726464,0.0,0.0023298120488179407,0.0,0.0,0.0,0.0,0.0,0.0,0.0,0.0,0.0
4932.YGR171C,0.06828668102122425,0.016525105658056084,0.4781457406324742,0.0,7.693885774927195e-05,0.0,0.0,0.0,0.0,0.0,0.0,0.0,0.0,0.0
4932.YNL064C,0.14164872346970164,0.03048049391484188,0.5084109705966141,0.0,0.00040235764942631654,0.0,0.0,0.0,0.0,0.0,0.0,0.0,0.0,0.0
4932.YAL033W,0.03322054752383882,0.007057440434484662,0.45209772595806896,0.0,2.935136275604361e-05,0.0,0.0,0.0,0.0,0.0,0.0,0.0,0.0,0.0
4932.YGR054W,0.05690556751768687,0.016289593399905572,0.47531275072747603,0.0,3.4347507855819466e-05,0.0,0.0,0.0,0.0,0.0,0.0,0.0,0.0,0.0
4932.YIR001C,0.05213780375269148,0.012961021025782391,0.47534752122862656,0.0,3.4106058802173886e-05,0.0,0.0,0.0,0.0,0.0,0.0,0.0,0.0,0.0
4932.YAR073W,0.07766840972008614,0.020085642944335666,0.49625787499582436,0.0,0.002028601169644199,0.0,0.0,0.0,0.0,0.0,0.0,0.0,0.0,0.0
4932.YHR070W,0.06859427868348202,0.015835706746064934,0.473960657563481,0.0,9.762885832403772e-05,0.0,0.0,0.0,0.0,0.0,0.0,0.0,0.0,0.0
4932.YHR066W,0.10442940633651185,0.025711643576475218,0.489159937909916,0.0,0.0001235220909785786,0.0,0.0,0.0,0.0,0.0,0.0,0.0,0.0,0.0
4932.YGR078C,0.075207628422024,0.014712135317018774,0.4843831990454957,0.0,0.0002928467239303007,0.0,0.0,0.0,0.0,0.0,0.0,0.0,0.0,0.0
4932.YLR197W,0.16917871424177178,0.0395396271101467,0.5187196148475552,0.0,0.0005803649285956319,0.0,0.0,0.0,0.0,0.0,0.0,0.0,0.0,0.0
4932.YFR050C,0.07366964011073517,0.014406684073382496,0.48233377488088813,0.0,0.00015025735392406185,0.0,0.0,0.0,0.0,0.0,0.0,0.0,0.0,0.0
4932.YGR083C,0.10135342971393418,0.02422207035950966,0.4914908566065596,0.0,0.0001831726730051597,0.0,0.0,0.0,0.0,0.0,0.0,0.0,0.0,0.0
4932.YFL001W,0.10996616425715165,0.02588361566176865,0.4995771980622222,0.0,0.0003301914491410575,0.0,0.0,0.0,0.0,0.0,0.0,0.0,0.0,0.0
4932.YPR118W,0.0529067979083359,0.012495293160634956,0.4679533785968115,0.0,6.879809968239099e-05,0.0,0.0,0.0,0.0,0.0,0.0,0.0,0.0,0.0
4932.YOL005C,0.06997846816364196,0.011512462534733063,0.48377014705146854,0.0,0.00027551165069970884,0.0,0.0,0.0,0.0,0.0,0.0,0.0,0.0,0.0
4932.YLR134W,0.041064287911411874,0.006264630143444576,0.4679533785968115,0.0,4.150649216031777e-05,0.0,0.0,0.0,0.0,0.0,0.0,0.0,0.0,0.0
4932.YIL075C,0.08674254075669026,0.018305847078736455,0.48728913499777465,0.0,0.00018785544338404127,0.0,0.0,0.0,0.0,0.0,0.0,0.0,0.0,0.0
4932.YBR236C,0.032605352199323284,0.005125598940633696,0.4621622059171639,0.0,4.7230837059687135e-05,0.0,0.0,0.0,0.0,0.0,0.0,0.0,0.0,0.0
4932.YKL099C,0.10196862503844971,0.024507411302441866,0.4923100700958652,0.0,0.00017507526361448358,0.0,0.0,0.0,0.0,0.0,0.0,0.0,0.0,0.0
4932.YLR275W,0.0956628729621655,0.021644208772739666,0.4907484793592119,0.0,0.00019331292481218732,0.0,0.0,0.0,0.0,0.0,0.0,0.0,0.0,0.0
4932.YOR361C,0.11842509996924024,0.03236954878365131,0.4980074045980476,0.0,0.00012811263012762255,0.0,0.0,0.0,0.0,0.0,0.0,0.0,0.0,0.0
4932.YOR091W,0.10427560750538296,0.027460001713889418,0.4886817037824565,0.0,0.0001375578345087158,0.0,0.0,0.0,0.0,0.0,0.0,0.0,0.0,0.0
4932.YGL105W,0.12965241464164873,0.031558613332435,0.5008478969627966,0.0,0.0002983431362313866,0.0,0.0,0.0,0.0,0.0,0.0,0.0,0.0,0.0
4932.YKL145W,0.12949861581051986,0.02577970993668571,0.5056022887640309,0.0,0.00041387481960587585,0.0,0.0,0.0,0.0,0.0,0.0,0.0,0.0,0.0
4932.YKL079W,0.0565979698554291,0.008321766772876698,0.4784273755849893,0.0,0.00011993665273163332,0.0,0.0,0.0,0.0,0.0,0.0,0.0,0.0,0.0
4932.YNL167C,0.05521378037526915,0.006790159688468548,0.480834735473977,0.0,0.00011816416095751175,0.0,0.0,0.0,0.0,0.0,0.0,0.0,0.0,0.0
4932.YGR210C,0.06936327283912642,0.02001435357035404,0.48037263363608523,0.0,3.9374202888617486e-05,0.0,0.0,0.0,0.0,0.0,0.0,0.0,0.0,0.0
4932.YIL137C,0.06228852660719779,0.013865213166550592,0.4781105595758461,0.0,9.146042655642584e-05,0.0,0.0,0.0,0.0,0.0,0.0,0.0,0.0,0.0
4932.YOR039W,0.07213165179944633,0.012286295992007182,0.486013508989927,0.0,0.0002463801223664562,0.0,0.0,0.0,0.0,0.0,0.0,0.0,0.0,0.0
4932.YNL147W,0.09243309750845895,0.01513584135848441,0.4945582323765374,0.0,0.0007037336798385571,0.0,0.0,0.0,0.0,0.0,0.0,0.0,0.0,0.0
4932.YOL012C,0.10658258997231622,0.01815374971722877,0.4984658342432744,0.0,0.0006172278656733057,0.0,0.0,0.0,0.0,0.0,0.0,0.0,0.0,0.0
4932.YMR276W,0.14703168255921256,0.0296312477772864,0.5112912593591412,0.0,0.0006483346930769411,0.0,0.0,0.0,0.0,0.0,0.0,0.0,0.0,0.0
4932.YGR119C,0.05244540141494925,0.009884560644733817,0.47100613331366514,0.0,8.208627559463416e-05,0.0,0.0,0.0,0.0,0.0,0.0,0.0,0.0,0.0
4932.YOR159C,0.10027683789603199,0.022509264067647125,0.4940693898414937,0.0,0.00033087137865266174,0.0,0.0,0.0,0.0,0.0,0.0,0.0,0.0,0.0
4932.YIL053W,0.047370039987696094,0.00851150517568553,0.472307066084847,0.0,0.00010932772517664148,0.0,0.0,0.0,0.0,0.0,0.0,0.0,0.0,0.0
4932.YIL041W,0.07090126115041526,0.01172310991269915,0.4890863025135725,0.0,0.00018535407856007326,0.0,0.0,0.0,0.0,0.0,0.0,0.0,0.0,0.0
4932.YOR362C,0.09920024607812981,0.020640533839093995,0.49156521788299606,0.0,0.0002676377498118302,0.0,0.0,0.0,0.0,0.0,0.0,0.0,0.0,0.0
4932.YLR335W,0.10704398646570287,0.021895771309347827,0.4962957775296208,0.0,0.00030986696696686834,0.0,0.0,0.0,0.0,0.0,0.0,0.0,0.0,0.0
4932.YDR432W,0.11581051984004923,0.02391257498209507,0.5014663231359257,0.0,0.00039155997891801586,0.0,0.0,0.0,0.0,0.0,0.0,0.0,0.0,0.0
4932.YIR038C,0.12211627191633344,0.0224052018832474,0.5099670864224866,0.0,0.0008069585053963502,0.0,0.0,0.0,0.0,0.0,0.0,0.0,0.0,0.0
4932.YPR069C,0.08458935712088589,0.021722319297693665,0.4838421902602625,0.0,9.856646613115176e-05,0.0,0.0,0.0,0.0,0.0,0.0,0.0,0.0,0.0
4932.YER074W,0.11673331282682252,0.03109064080157356,0.5018536156313967,0.0,0.00015875714596743227,0.0,0.0,0.0,0.0,0.0,0.0,0.0,0.0,0.0
4932.YJL048C,0.03937250076899416,0.005383585401994505,0.47090373325569423,0.0,0.000116310225364546,0.0,0.0,0.0,0.0,0.0,0.0,0.0,0.0,0.0
4932.YGL157W,0.0982774530913565,0.019656591773831826,0.5010023604622456,0.0,0.000329657888083919,0.0,0.0,0.0,0.0,0.0,0.0,0.0,0.0,0.0
4932.YPR182W,0.07674561673331283,0.015725122950879293,0.48427490052133887,0.0,0.0002896749110399184,0.0,0.0,0.0,0.0,0.0,0.0,0.0,0.0,0.0
4932.YIR009W,0.06274992310058444,0.012550895014882778,0.47674252495930486,0.0,0.00010066355250589654,0.0,0.0,0.0,0.0,0.0,0.0,0.0,0.0,0.0
4932.YIL069C,0.10658258997231622,0.02978668178167427,0.4973213389863252,0.0,8.814744559091658e-05,0.0,0.0,0.0,0.0,0.0,0.0,0.0,0.0,0.0
4932.YGR081C,0.11596431867117811,0.026355720073006236,0.4997308786584115,0.0,0.00026349704072415215,0.0,0.0,0.0,0.0,0.0,0.0,0.0,0.0,0.0
4932.YOL033W,0.12303906490310675,0.029382489088101774,0.502202690717623,0.0,0.00032571979951237235,0.0,0.0,0.0,0.0,0.0,0.0,0.0,0.0,0.0
4932.YEL053W-A,0.015072285450630576,0.005435686410421318,0.4123881839941185,0.0,4.729418531854824e-08,0.0,0.0,0.0,0.0,0.0,0.0,0.0,0.0,0.0
4932.YMR083W,0.05090741310366041,0.007216938385554252,0.47189546951309547,0.0,7.110906121491974e-05,0.0,0.0,0.0,0.0,0.0,0.0,0.0,0.0,0.0
4932.YPL212C,0.10658258997231622,0.025615398067923366,0.49152803443232407,0.0,0.00023247809016995223,0.0,0.0,0.0,0.0,0.0,0.0,0.0,0.0,0.0
4932.YER126C,0.10873577360812059,0.030166921303134524,0.49253396613320133,0.0,7.034054059749488e-05,0.0,0.0,0.0,0.0,0.0,0.0,0.0,0.0,0.0
4932.YBR244W,0.06690249154106429,0.009415001448416145,0.4833023886348326,0.0,0.00026167895230701726,0.0,0.0,0.0,0.0,0.0,0.0,0.0,0.0,0.0
4932.YGR186W,0.052599200246078136,0.007670285657281157,0.47513897449512466,0.0,9.077301294024777e-05,0.0,0.0,0.0,0.0,0.0,0.0,0.0,0.0,0.0
4932.YDR182W-A,0.04460166102737619,0.01071400524084321,0.4770925561817419,0.0,0.00042525160805469966,0.0,0.0,0.0,0.0,0.0,0.0,0.0,0.0,0.0
4932.YGL011C,0.08828052906797909,0.017559043584958092,0.48798442589331065,0.0,0.00028153394564816724,0.0,0.0,0.0,0.0,0.0,0.0,0.0,0.0,0.0
4932.YLR179C,0.08966471854813904,0.01738109426250279,0.49388163070573265,0.0,0.00027775309492809885,0.0,0.0,0.0,0.0,0.0,0.0,0.0,0.0,0.0
4932.YBR155W,0.1328821900953553,0.02739489700278133,0.5054449762908623,0.0,0.00042194928835900385,0.0,0.0,0.0,0.0,0.0,0.0,0.0,0.0,0.0
4932.YLR028C,0.08089818517379269,0.017562161848351184,0.4864501134298042,0.0,0.00013325006592235868,0.0,0.0,0.0,0.0,0.0,0.0,0.0,0.0,0.0
4932.YGR001C,0.01661027376191941,0.0037358805511333837,0.4343583298927356,0.0,9.19406399550434e-06,0.0,0.0,0.0,0.0,0.0,0.0,0.0,0.0,0.0
4932.YGR090W,0.13226699477083975,0.030190225609908933,0.5054056634670082,0.0,0.0003777401098119676,0.0,0.0,0.0,0.0,0.0,0.0,0.0,0.0,0.0
4932.YDR152W,0.0584435558289757,0.01438713790120234,0.46896655710127916,0.0,5.872405777539261e-05,0.0,0.0,0.0,0.0,0.0,0.0,0.0,0.0,0.0
4932.YLR146C,0.0816671793294371,0.021804101426163403,0.4781457406324742,0.0,9.690474212984773e-05,0.0,0.0,0.0,0.0,0.0,0.0,0.0,0.0,0.0
4932.YDL125C,0.08428175945862812,0.01647682270601518,0.48956532925452606,0.0,0.00030023669989193147,0.0,0.0,0.0,0.0,0.0,0.0,0.0,0.0,0.0
4932.YOR168W,0.15518302060904338,0.03801744846346523,0.5133512889236314,0.0,0.00034511886784632524,0.0,0.0,0.0,0.0,0.0,0.0,0.0,0.0,0.0
4932.YPL046C,0.047370039987696094,0.007625405328875862,0.4764628695699754,0.0,0.00013298353558073177,0.0,0.0,0.0,0.0,0.0,0.0,0.0,0.0,0.0
4932.YLR347C,0.09027991387265458,0.02060120872371496,0.4896022163347894,0.0,0.00016987826178937527,0.0,0.0,0.0,0.0,0.0,0.0,0.0,0.0,0.0
4932.YER114C,0.17686865579821595,0.03403552225844503,0.5208818128413085,0.0,0.001004780193106275,0.0,0.0,0.0,0.0,0.0,0.0,0.0,0.0,0.0
4932.YLL039C,0.22454629344816981,0.036700691950933576,0.5378694325962524,0.0,0.002699314841255819,0.0,0.0,0.0,0.0,0.0,0.0,0.0,0.0,0.0
4932.YGR185C,0.10319901568748079,0.025970371864241795,0.49316944559770226,0.0,0.00017275757321029994,0.0,0.0,0.0,0.0,0.0,0.0,0.0,0.0,0.0
4932.YDR172W,0.12426945555213781,0.03181612053462692,0.5015437338063696,0.0,0.00027615321575678896,0.0,0.0,0.0,0.0,0.0,0.0,0.0,0.0,0.0
4932.YER019C-A,0.059981544140264534,0.014322280389999616,0.47751327272158467,0.0,0.00020480236206945113,0.0,0.0,0.0,0.0,0.0,0.0,0.0,0.0,0.0
4932.YAL012W,0.061211934789295604,0.010896981453552845,0.47534752122862656,0.0,0.00011873296458461298,0.0,0.0,0.0,0.0,0.0,0.0,0.0,0.0,0.0
4932.YLR060W,0.14149492463857274,0.03402968993038251,0.506508739199885,0.0,0.0002861456831261763,0.0,0.0,0.0,0.0,0.0,0.0,0.0,0.0,0.0
4932.YGR253C,0.07936019686250385,0.018017423249264232,0.48626809961799927,0.0,0.00012202525416276711,0.0,0.0,0.0,0.0,0.0,0.0,0.0,0.0,0.0
4932.YML022W,0.11334973854198709,0.02789555180869661,0.4953877117630041,0.0,0.00019977384850087564,0.0,0.0,0.0,0.0,0.0,0.0,0.0,0.0,0.0
4932.YOR276W,0.10827437711473394,0.025651848287408113,0.4940693898414937,0.0,0.0004486348611719586,0.0,0.0,0.0,0.0,0.0,0.0,0.0,0.0,0.0
4932.YDR091C,0.15518302060904338,0.03649132861488346,0.5105280181643089,0.0,0.000546133552532166,0.0,0.0,0.0,0.0,0.0,0.0,0.0,0.0,0.0
4932.YPL059W,0.056444171024300216,0.008121087371367412,0.4833742925831529,0.0,0.0005897776713008682,0.0,0.0,0.0,0.0,0.0,0.0,0.0,0.0,0.0
4932.YBR273C,0.031067363888034452,0.0046108887634272264,0.4674148047184092,0.0,4.709243140975312e-05,0.0,0.0,0.0,0.0,0.0,0.0,0.0,0.0,0.0
4932.YPR041W,0.10273761919409413,0.029284433241130232,0.4929823697136276,0.0,0.00010314787483741661,0.0,0.0,0.0,0.0,0.0,0.0,0.0,0.0,0.0
4932.YKR057W,0.06767148569670871,0.019282301220837607,0.4793096271443037,0.0,5.558170366335921e-05,0.0,0.0,0.0,0.0,0.0,0.0,0.0,0.0,0.0
4932.YIL064W,0.0584435558289757,0.014693974655856788,0.46104729780015075,0.0,7.150990490238457e-05,0.0,0.0,0.0,0.0,0.0,0.0,0.0,0.0,0.0
4932.YNL292W,0.13119040295293757,0.03196768185002148,0.5051699148872989,0.0,0.00033058285182597575,0.0,0.0,0.0,0.0,0.0,0.0,0.0,0.0,0.0
4932.YNR044W,0.030913565056905568,0.0034858889833197545,0.46758297583617503,0.0,0.00010967756364140078,0.0,0.0,0.0,0.0,0.0,0.0,0.0,0.0,0.0
4932.YOL111C,0.1531836358043679,0.029746876398053783,0.5140416592987362,0.0,0.0008310417168043156,0.0,0.0,0.0,0.0,0.0,0.0,0.0,0.0,0.0
4932.YPR017C,0.019840049215625963,0.0027282958918143823,0.45622415328198584,0.0,2.4751863675024518e-05,0.0,0.0,0.0,0.0,0.0,0.0,0.0,0.0,0.0
4932.YMR024W,0.13565056905567519,0.02892535246341007,0.5088489127012784,0.0,0.000518542703274773,0.0,0.0,0.0,0.0,0.0,0.0,0.0,0.0,0.0
4932.YGR211W,0.0602891418025223,0.015422341639728693,0.4772327126318541,0.0,0.00011600344683021861,0.0,0.0,0.0,0.0,0.0,0.0,0.0,0.0,0.0
4932.YGL063W,0.06997846816364196,0.017397491106619103,0.4789210359076743,0.0,0.00032156976172291517,0.0,0.0,0.0,0.0,0.0,0.0,0.0,0.0,0.0
4932.YDL173W,0.00538295908951092,0.0006060293706732235,0.4253731746003747,0.0,1.152860286735368e-05,0.0,0.0,0.0,0.0,0.0,0.0,0.0,0.0,0.0
4932.YDR394W,0.11104275607505383,0.023177833336762564,0.4990783882638498,0.0,0.0002526175084173003,0.0,0.0,0.0,0.0,0.0,0.0,0.0,0.0,0.0
4932.YLR283W,0.06536450322977545,0.016931338031199658,0.48133337890335737,0.0,7.82619018858754e-05,0.0,0.0,0.0,0.0,0.0,0.0,0.0,0.0,0.0
4932.YNL229C,0.10458320516764073,0.02283606288809105,0.5007707009244239,0.0,0.00040376986584728504,0.0,0.0,0.0,0.0,0.0,0.0,0.0,0.0,0.0
4932.YLR390W-A,0.0556751768686558,0.009313450436843637,0.4850702161238672,0.0,8.791932195357157e-05,0.0,0.0,0.0,0.0,0.0,0.0,0.0,0.0,0.0
4932.YER007C-A,0.04706244232543833,0.01278616245630489,0.46394406791341747,0.0,3.762967605193778e-05,0.0,0.0,0.0,0.0,0.0,0.0,0.0,0.0,0.0
4932.YLR421C,0.04398646570286066,0.009715841772183799,0.4709719950130698,0.0,5.320633585975875e-05,0.0,0.0,0.0,0.0,0.0,0.0,0.0,0.0,0.0
4932.YER025W,0.14149492463857274,0.035308373787098904,0.507934074509132,0.0,0.00032150138697795036,0.0,0.0,0.0,0.0,0.0,0.0,0.0,0.0,0.0
4932.YER087C-B,0.05952014764687789,0.014601108949800417,0.4755910572491638,0.0,9.38770721085183e-05,0.0,0.0,0.0,0.0,0.0,0.0,0.0,0.0,0.0
4932.YDR541C,0.08781913257459244,0.01805915415136649,0.49835114772569405,0.0,0.00027145265135864474,0.0,0.0,0.0,0.0,0.0,0.0,0.0,0.0,0.0
4932.YGL240W,0.030913565056905568,0.004357512324899384,0.46798708067665284,0.0,0.00010325089734061782,0.0,0.0,0.0,0.0,0.0,0.0,0.0,0.0,0.0
4932.YJL109C,0.13334358658874193,0.03191160049279816,0.5017761092814923,0.0,0.00024873686991435024,0.0,0.0,0.0,0.0,0.0,0.0,0.0,0.0,0.0
4932.YDL007W,0.12088588126730238,0.024640296709220327,0.5020474863011145,0.0,0.00042197442601842056,0.0,0.0,0.0,0.0,0.0,0.0,0.0,0.0,0.0
4932.YBR252W,0.11765610581359583,0.021762124999378882,0.5031359361359137,0.0,0.000665283621408286,0.0,0.0,0.0,0.0,0.0,0.0,0.0,0.0,0.0
4932.YLL032C,0.05429098738849585,0.009066065522662158,0.485432587419343,0.0,0.0002128766602739464,0.0,0.0,0.0,0.0,0.0,0.0,0.0,0.0,0.0
4932.YFL031W,0.0862811442633036,0.010952499577798418,0.4983129306131384,0.0,0.0006181614750543382,0.0,0.0,0.0,0.0,0.0,0.0,0.0,0.0,0.0
4932.YIL078W,0.10458320516764073,0.027499645279521878,0.4929823697136276,0.0,0.00013016571337698586,0.0,0.0,0.0,0.0,0.0,0.0,0.0,0.0,0.0
4932.YIL040W,0.016302676099661642,0.002030120973504805,0.44234177094590366,0.0,3.525868885891237e-05,0.0,0.0,0.0,0.0,0.0,0.0,0.0,0.0,0.0
4932.YNL281W,0.03921870193786527,0.009443237400019145,0.46610721004198585,0.0,3.297520522294557e-05,0.0,0.0,0.0,0.0,0.0,0.0,0.0,0.0,0.0
4932.YFL017W-A,0.08366656413411258,0.017528017630554497,0.4870334743813015,0.0,0.00031784609892466777,0.0,0.0,0.0,0.0,0.0,0.0,0.0,0.0,0.0
4932.YGR123C,0.09427868348200555,0.024178661592403845,0.4886449552711178,0.0,0.00011139765765743752,0.0,0.0,0.0,0.0,0.0,0.0,0.0,0.0,0.0
4932.YBL003C,0.07843740387573055,0.01647729787763319,0.4882410861218217,0.0,0.00029695509722993293,0.0,0.0,0.0,0.0,0.0,0.0,0.0,0.0,0.0
4932.YDL092W,0.06259612426945556,0.015459229256426362,0.4737187880145312,0.0,6.78305746316865e-05,0.0,0.0,0.0,0.0,0.0,0.0,0.0,0.0,0.0
4932.YLR186W,0.1402645339895417,0.03293080321974321,0.5131080713199088,0.0,0.0007440835943501147,0.0,0.0,0.0,0.0,0.0,0.0,0.0,0.0,0.0
4932.YPL093W,0.13764995386035067,0.0339389784725882,0.5043073818545072,0.0,0.0002281909835514021,0.0,0.0,0.0,0.0,0.0,0.0,0.0,0.0,0.0
4932.YGL087C,0.04844663180559828,0.008923148652338874,0.47427199585397595,0.0,0.00013010100688346684,0.0,0.0,0.0,0.0,0.0,0.0,0.0,0.0,0.0
4932.YDR473C,0.0602891418025223,0.010849168959482744,0.4761486491679728,0.0,0.0002582031329441832,0.0,0.0,0.0,0.0,0.0,0.0,0.0,0.0,0.0
4932.YML056C,0.13611196554906183,0.03385218684037574,0.5063903222564935,0.0,0.00037091379284879384,0.0,0.0,0.0,0.0,0.0,0.0,0.0,0.0,0.0
4932.YGL245W,0.15241464164872348,0.03571256203402931,0.5128650840722434,0.0,0.0004496551723973471,0.0,0.0,0.0,0.0,0.0,0.0,0.0,0.0,0.0
4932.YBR249C,0.09581667179329438,0.02228025993091294,0.49275806591304505,0.0,0.00018116443537375174,0.0,0.0,0.0,0.0,0.0,0.0,0.0,0.0,0.0
4932.YER176W,0.041371885573669644,0.009957601818085401,0.46896655710127916,0.0,0.0001924453113480447,0.0,0.0,0.0,0.0,0.0,0.0,0.0,0.0,0.0
4932.YHR089C,0.1179637034758536,0.03053604490859981,0.49861883173690336,0.0,0.0001654355450316843,0.0,0.0,0.0,0.0,0.0,0.0,0.0,0.0,0.0
4932.YLR009W,0.12227007074746232,0.03152864316020263,0.4984275995394128,0.0,0.00019362889465572374,0.0,0.0,0.0,0.0,0.0,0.0,0.0,0.0,0.0
4932.YOR272W,0.11827130113811135,0.030312615545284784,0.4951612142951554,0.0,0.00012480683432627922,0.0,0.0,0.0,0.0,0.0,0.0,0.0,0.0,0.0
4932.YDL014W,0.16548754229467857,0.039327327605172956,0.5157552674970494,0.0,0.0005438112758504436,0.0,0.0,0.0,0.0,0.0,0.0,0.0,0.0,0.0
4932.YDR398W,0.10243002153183636,0.02602849644939344,0.4890863025135725,0.0,0.0001613012442949955,0.0,0.0,0.0,0.0,0.0,0.0,0.0,0.0,0.0
4932.YGL211W,0.11150415256844048,0.024054994240395575,0.4957656683600614,0.0,0.0003905984469450667,0.0,0.0,0.0,0.0,0.0,0.0,0.0,0.0,0.0
4932.YLR180W,0.12011688711165795,0.025997554829270332,0.5011182706250733,0.0,0.0003486871040108252,0.0,0.0,0.0,0.0,0.0,0.0,0.0,0.0,0.0
4932.YOR157C,0.06105813595816672,0.011747258660496045,0.4781457406324742,0.0,0.0001019007513363926,0.0,0.0,0.0,0.0,0.0,0.0,0.0,0.0,0.0
4932.YLR192C,0.056444171024300216,0.015693165805098698,0.4710744247640514,0.0,4.031440418651259e-05,0.0,0.0,0.0,0.0,0.0,0.0,0.0,0.0,0.0
4932.YLR432W,0.13026760996616427,0.0326217546041498,0.5016211683800621,0.0,0.00023134348074638802,0.0,0.0,0.0,0.0,0.0,0.0,0.0,0.0,0.0
4932.YJL001W,0.05782836050446017,0.010533641843957754,0.476113761371287,0.0,0.00010243367006997505,0.0,0.0,0.0,0.0,0.0,0.0,0.0,0.0,0.0
4932.YDR399W,0.07074746231928637,0.018578994853317224,0.47313241700854264,0.0,5.9753001077084245e-05,0.0,0.0,0.0,0.0,0.0,0.0,0.0,0.0,0.0
4932.YHR088W,0.09704706244232544,0.025675658990776545,0.485904480310725,0.0,8.541013135957279e-05,0.0,0.0,0.0,0.0,0.0,0.0,0.0,0.0,0.0
4932.YGL039W,0.09412488465087666,0.01889590220752566,0.5003465477165877,0.0,0.00047711176341883055,0.0,0.0,0.0,0.0,0.0,0.0,0.0,0.0,0.0
4932.YDR441C,0.06782528452783759,0.016046215324991803,0.48065689882353163,0.0,9.67323029485158e-05,0.0,0.0,0.0,0.0,0.0,0.0,0.0,0.0,0.0
4932.YDR469W,0.05952014764687789,0.010867566886332726,0.48008870448432395,0.0,0.00016324881569023002,0.0,0.0,0.0,0.0,0.0,0.0,0.0,0.0,0.0
4932.YMR309C,0.1328821900953553,0.03350652340002518,0.5034477891992969,0.0,0.0002083395532764968,0.0,0.0,0.0,0.0,0.0,0.0,0.0,0.0,0.0
4932.YGL048C,0.11842509996924024,0.02412822447300731,0.5000770059408438,0.0,0.0003659081305704623,0.0,0.0,0.0,0.0,0.0,0.0,0.0,0.0,0.0
4932.YOR210W,0.09489387880652107,0.021756459383354704,0.48941783649885706,0.0,0.00018665285267045842,0.0,0.0,0.0,0.0,0.0,0.0,0.0,0.0,0.0
4932.YCL054W,0.13488157490003078,0.03269612274118785,0.5054056634670082,0.0,0.0002756347694395476,0.0,0.0,0.0,0.0,0.0,0.0,0.0,0.0,0.0
4932.YDR083W,0.09858505075361428,0.024030397091723554,0.48967600717372456,0.0,0.00024005632915667695,0.0,0.0,0.0,0.0,0.0,0.0,0.0,0.0,0.0
4932.YOR265W,0.0296831744078745,0.004917949204948086,0.4587039824364905,0.0,5.2761550195259874e-05,0.0,0.0,0.0,0.0,0.0,0.0,0.0,0.0,0.0
4932.YDR224C,0.0993540449092587,0.01728994481961073,0.5023968312351419,0.0,0.0004696128018096473,0.0,0.0,0.0,0.0,0.0,0.0,0.0,0.0,0.0
4932.YHR216W,0.09673946478006767,0.024224875793536618,0.4914908566065596,0.0,0.0006199652419332597,0.0,0.0,0.0,0.0,0.0,0.0,0.0,0.0,0.0
4932.YER165W,0.1381113503537373,0.03272738383997585,0.5079737816756821,0.0,0.000454884351877422,0.0,0.0,0.0,0.0,0.0,0.0,0.0,0.0,0.0
4932.YBR034C,0.17271608735773608,0.03649151826220136,0.5186368118122217,0.0,0.0014710106752135273,0.0,0.0,0.0,0.0,0.0,0.0,0.0,0.0,0.0
4932.YML092C,0.08105198400492157,0.017885487462315327,0.4838061659738906,0.0,0.00012888881127305155,0.0,0.0,0.0,0.0,0.0,0.0,0.0,0.0,0.0
4932.YOR298C-A,0.08489695478314366,0.018042874158813157,0.4916024069598521,0.0,0.00030670683567398185,0.0,0.0,0.0,0.0,0.0,0.0,0.0,0.0,0.0
4932.YJR112W-A,0.007689941556444172,0.0005315361558823808,0.4244007978051939,0.0,2.760210326714417e-05,0.0,0.0,0.0,0.0,0.0,0.0,0.0,0.0,0.0
4932.YKL117W,0.06628729621654876,0.012657892451596214,0.48478070838520776,0.0,0.00021389330622658347,0.0,0.0,0.0,0.0,0.0,0.0,0.0,0.0,0.0
4932.YPL235W,0.14041833282067057,0.03057689324064652,0.5072996030287551,0.0,0.0003857667774867713,0.0,0.0,0.0,0.0,0.0,0.0,0.0,0.0,0.0
4932.YDR308C,0.029375576745616735,0.004193570744013731,0.4622937261806577,0.0,4.641183325486145e-05,0.0,0.0,0.0,0.0,0.0,0.0,0.0,0.0,0.0
4932.YGL137W,0.060904337127037834,0.010203678852884868,0.478286516649148,0.0,0.00016204137869492823,0.0,0.0,0.0,0.0,0.0,0.0,0.0,0.0,0.0
4932.YBR255W,0.07920639803137497,0.01724518296059478,0.48798442589331065,0.0,0.00030120685390169365,0.0,0.0,0.0,0.0,0.0,0.0,0.0,0.0,0.0
4932.YNR027W,0.021224238695785914,0.00315146969962967,0.4577023748112506,0.0,2.934732058154171e-05,0.0,0.0,0.0,0.0,0.0,0.0,0.0,0.0,0.0
4932.YBL041W,0.08966471854813904,0.01808086088798385,0.48846129558711004,0.0,0.00022132282203431056,0.0,0.0,0.0,0.0,0.0,0.0,0.0,0.0,0.0
4932.YLR061W,0.07628422023992618,0.022615335897654226,0.4814403656512799,0.0,4.7081262090924205e-05,0.0,0.0,0.0,0.0,0.0,0.0,0.0,0.0,0.0
4932.YOR243C,0.0975084589357121,0.024589932755806114,0.485432587419343,0.0,8.885261619368604e-05,0.0,0.0,0.0,0.0,0.0,0.0,0.0,0.0,0.0
4932.YLR262C-A,0.03629652414641649,0.008480301475644582,0.45291702900922315,0.0,3.077184037962288e-05,0.0,0.0,0.0,0.0,0.0,0.0,0.0,0.0,0.0
4932.YLL050C,0.09581667179329438,0.018487929845270288,0.49523669043482393,0.0,0.00047521934195881714,0.0,0.0,0.0,0.0,0.0,0.0,0.0,0.0,0.0
4932.YGR103W,0.12473085204552446,0.030842007733065963,0.5020862784110126,0.0,0.00022369514157326138,0.0,0.0,0.0,0.0,0.0,0.0,0.0,0.0,0.0
4932.YDR002W,0.09920024607812981,0.02237794560668222,0.4920863775233112,0.0,0.0001621654281941547,0.0,0.0,0.0,0.0,0.0,0.0,0.0,0.0,0.0
4932.YGR124W,0.0538295908951092,0.01088096918939502,0.47534752122862656,0.0,4.929341278265273e-05,0.0,0.0,0.0,0.0,0.0,0.0,0.0,0.0,0.0
4932.YDL097C,0.06521070439864657,0.01473863924338287,0.4790622688878889,0.0,0.00010371247842109143,0.0,0.0,0.0,0.0,0.0,0.0,0.0,0.0,0.0
4932.YDR139C,0.1576438019071055,0.031616090100759865,0.5179753379988301,0.0,0.0011178421753329842,0.0,0.0,0.0,0.0,0.0,0.0,0.0,0.0,0.0
4932.YOL151W,0.12119347892956014,0.02180061447683989,0.5089286196111626,0.0,0.0008673213577670043,0.0,0.0,0.0,0.0,0.0,0.0,0.0,0.0,0.0
4932.YOR347C,0.1318055982774531,0.024900883259397086,0.5059566001086447,0.0,0.000542900580248128,0.0,0.0,0.0,0.0,0.0,0.0,0.0,0.0,0.0
4932.YML080W,0.09812365426022762,0.02245862015158862,0.48805772984792883,0.0,0.00021440861257829579,0.0,0.0,0.0,0.0,0.0,0.0,0.0,0.0,0.0
4932.YHL014C,0.054906182713011384,0.016002236022831174,0.47506949957561956,0.0,1.2869122137735013e-05,0.0,0.0,0.0,0.0,0.0,0.0,0.0,0.0,0.0
4932.YMR308C,0.10627499231005845,0.026398647980582248,0.49369401422240733,0.0,0.00017524129087515447,0.0,0.0,0.0,0.0,0.0,0.0,0.0,0.0,0.0
4932.YER112W,0.06274992310058444,0.012281194124095375,0.48030161986808523,0.0,0.0002057746499829239,0.0,0.0,0.0,0.0,0.0,0.0,0.0,0.0,0.0
4932.YPL040C,0.08489695478314366,0.01892071820802487,0.48849801647837354,0.0,0.0001918946702038926,0.0,0.0,0.0,0.0,0.0,0.0,0.0,0.0,0.0
4932.YBR078W,0.07736081205782837,0.01663296634570178,0.48725259562052525,0.0,0.00025630636267114966,0.0,0.0,0.0,0.0,0.0,0.0,0.0,0.0,0.0
4932.YMR091C,0.10612119347892957,0.017694214719781512,0.4953499477965639,0.0,0.00032059182091443214,0.0,0.0,0.0,0.0,0.0,0.0,0.0,0.0,0.0
4932.YNL113W,0.12288526607197786,0.02951318369961181,0.4976641353446676,0.0,0.00037685938197426494,0.0,0.0,0.0,0.0,0.0,0.0,0.0,0.0,0.0
4932.YMR239C,0.1856351891725623,0.03943691664607936,0.5242014049044309,0.0,0.0010869194072691876,0.0,0.0,0.0,0.0,0.0,0.0,0.0,0.0,0.0
4932.YIL103W,0.06521070439864657,0.015802678597796733,0.46971234749134916,0.0,5.7575768481464374e-05,0.0,0.0,0.0,0.0,0.0,0.0,0.0,0.0,0.0
4932.YLL056C,0.10366041218086743,0.018946332433867417,0.504189991868042,0.0,0.0006839595353369026,0.0,0.0,0.0,0.0,0.0,0.0,0.0,0.0,0.0
4932.YER023W,0.07074746231928637,0.012651346187021911,0.48283553389770584,0.0,0.00013231635301734265,0.0,0.0,0.0,0.0,0.0,0.0,0.0,0.0,0.0
4932.YDR429C,0.12534604737004,0.03278933943913216,0.5000770059408438,0.0,0.00017169732206940137,0.0,0.0,0.0,0.0,0.0,0.0,0.0,0.0,0.0
4932.YPR033C,0.11119655490618272,0.02742205333294335,0.4944453367216044,0.0,0.00015861389970463745,0.0,0.0,0.0,0.0,0.0,0.0,0.0,0.0,0.0
4932.YGL148W,0.07828360504460166,0.017231301067886926,0.48405844868856707,0.0,0.00012933442072366543,0.0,0.0,0.0,0.0,0.0,0.0,0.0,0.0,0.0
4932.YBR061C,0.11150415256844048,0.028300413217050187,0.49335666351798074,0.0,0.00014473262536144948,0.0,0.0,0.0,0.0,0.0,0.0,0.0,0.0,0.0
4932.YGR162W,0.13749615502922177,0.03275385720879627,0.5069434088933784,0.0,0.00039104470104490426,0.0,0.0,0.0,0.0,0.0,0.0,0.0,0.0,0.0
4932.YOR209C,0.04275607505382959,0.007140849753082197,0.46862834380465346,0.0,6.9948474622682e-05,0.0,0.0,0.0,0.0,0.0,0.0,0.0,0.0,0.0
4932.YMR146C,0.116118117502307,0.031263212747081506,0.4984275995394128,0.0,0.00012614816922664393,0.0,0.0,0.0,0.0,0.0,0.0,0.0,0.0,0.0
4932.YCR020C-A,0.07936019686250385,0.018175216260572943,0.4855414044082287,0.0,0.00016688557326465672,0.0,0.0,0.0,0.0,0.0,0.0,0.0,0.0,0.0
4932.YBR234C,0.06167333128268226,0.009132721472686256,0.4834821886306045,0.0,0.00023998328379207706,0.0,0.0,0.0,0.0,0.0,0.0,0.0,0.0,0.0
4932.YIL063C,0.07043986465702862,0.014064864926645854,0.4832305060753569,0.0,0.00017666547691782698,0.0,0.0,0.0,0.0,0.0,0.0,0.0,0.0,0.0
4932.YGL253W,0.08781913257459244,0.01605325230891352,0.4901561903292845,0.0,0.00020216109613528654,0.0,0.0,0.0,0.0,0.0,0.0,0.0,0.0,0.0
4932.YFR004W,0.19563211319593973,0.03658763987752862,0.5258558400255179,0.0,0.001730858059568546,0.0,0.0,0.0,0.0,0.0,0.0,0.0,0.0,0.0
4932.YMR071C,0.03245155336819441,0.005450437709926813,0.4682231312289469,0.0,6.053959442819978e-05,0.0,0.0,0.0,0.0,0.0,0.0,0.0,0.0,0.0
4932.YLR243W,0.07013226699477085,0.01563720935655363,0.47761856782031054,0.0,0.00011191281545992293,0.0,0.0,0.0,0.0,0.0,0.0,0.0,0.0,0.0
4932.YJL008C,0.11519532451553369,0.02636404929603376,0.5006163802153563,0.0,0.0002742147796313722,0.0,0.0,0.0,0.0,0.0,0.0,0.0,0.0,0.0
4932.YHR027C,0.09104890802829899,0.02006962976147415,0.48776464608882486,0.0,0.00016238344739015026,0.0,0.0,0.0,0.0,0.0,0.0,0.0,0.0,0.0
4932.YOR078W,0.061827130113811135,0.016253520804373683,0.4644746687058845,0.0,4.1477961041049316e-05,0.0,0.0,0.0,0.0,0.0,0.0,0.0,0.0,0.0
4932.YPR163C,0.15995078437403876,0.039109524108366246,0.5154279856583902,0.0,0.00031914077755333306,0.0,0.0,0.0,0.0,0.0,0.0,0.0,0.0,0.0
4932.YOR006C,0.06659489387880653,0.01755738052158522,0.4648401613273714,0.0,5.356740873637964e-05,0.0,0.0,0.0,0.0,0.0,0.0,0.0,0.0,0.0
4932.YER043C,0.13672716087357736,0.03053864905213473,0.5129460542465524,0.0,0.00045336121718552434,0.0,0.0,0.0,0.0,0.0,0.0,0.0,0.0,0.0
4932.YLL018C,0.07966779452476161,0.018636756441061993,0.48434709415588284,0.0,9.881971664622154e-05,0.0,0.0,0.0,0.0,0.0,0.0,0.0,0.0,0.0
4932.YJR125C,0.034758535835127655,0.0031847761836162974,0.46490667633936644,0.0,7.307826652559316e-05,0.0,0.0,0.0,0.0,0.0,0.0,0.0,0.0,0.0
4932.YPL094C,0.03414334051061212,0.00496932468545687,0.4613418967124831,0.0,6.338382249922258e-05,0.0,0.0,0.0,0.0,0.0,0.0,0.0,0.0,0.0
4932.YGR282C,0.041371885573669644,0.0056670693884618446,0.47073316540099425,0.0,0.00010744408327620905,0.0,0.0,0.0,0.0,0.0,0.0,0.0,0.0,0.0
4932.YKR081C,0.14272531528760382,0.03484172936180587,0.5063903222564935,0.0,0.00037447415120308604,0.0,0.0,0.0,0.0,0.0,0.0,0.0,0.0,0.0
4932.YLR397C,0.14718548139034143,0.03214339786417082,0.5092077905489636,0.0,0.0004588841472560582,0.0,0.0,0.0,0.0,0.0,0.0,0.0,0.0,0.0
4932.YHR200W,0.08843432789910798,0.01799644272458023,0.4876914301407479,0.0,0.00024012210900243233,0.0,0.0,0.0,0.0,0.0,0.0,0.0,0.0,0.0
4932.YEL003W,0.08105198400492157,0.016389061303090764,0.48681455013450137,0.0,0.0004337599931583847,0.0,0.0,0.0,0.0,0.0,0.0,0.0,0.0,0.0
4932.YJR014W,0.11011996308828054,0.02721420162638492,0.5027855629213343,0.0,0.00046706205464152494,0.0,0.0,0.0,0.0,0.0,0.0,0.0,0.0,0.0
4932.YGR173W,0.11011996308828054,0.029476027527227815,0.49104516097599366,0.0,0.00017309674284148418,0.0,0.0,0.0,0.0,0.0,0.0,0.0,0.0,0.0
4932.YMR120C,0.07366964011073517,0.01671451881450576,0.4839863410692183,0.0,8.326738877858352e-05,0.0,0.0,0.0,0.0,0.0,0.0,0.0,0.0,0.0
4932.YPL157W,0.04275607505382959,0.009924552432384371,0.45750902029115853,0.0,2.8910411912016485e-05,0.0,0.0,0.0,0.0,0.0,0.0,0.0,0.0,0.0
4932.YDR035W,0.059827745309135656,0.010442499818948524,0.480834735473977,0.0,0.00011091814940010433,0.0,0.0,0.0,0.0,0.0,0.0,0.0,0.0,0.0
4932.YPL146C,0.11165795139956937,0.02728392528435197,0.4935065402290062,0.0,0.00029953287903525645,0.0,0.0,0.0,0.0,0.0,0.0,0.0,0.0,0.0
4932.YHR020W,0.12857582282374655,0.03181454984564499,0.5033307990081585,0.0,0.0003477075593296203,0.0,0.0,0.0,0.0,0.0,0.0,0.0,0.0,0.0
4932.YIL034C,0.049523223623500465,0.0070240260998803055,0.476777504967006,0.0,0.00013440114503122605,0.0,0.0,0.0,0.0,0.0,0.0,0.0,0.0,0.0
4932.YNL255C,0.1521070439864657,0.03241091138975349,0.510007112094445,0.0,0.0013302368587774192,0.0,0.0,0.0,0.0,0.0,0.0,0.0,0.0,0.0
4932.YDL166C,0.07843740387573055,0.019707450527074302,0.476917476344611,0.0,0.00013620968202921076,0.0,0.0,0.0,0.0,0.0,0.0,0.0,0.0,0.0
4932.YDR225W,0.06490310673638881,0.01317201414823045,0.48452767244764183,0.0,0.0002728535420916548,0.0,0.0,0.0,0.0,0.0,0.0,0.0,0.0,0.0
4932.YPL237W,0.11258074438634268,0.0301535162299152,0.4964853770778824,0.0,0.00014136407421606954,0.0,0.0,0.0,0.0,0.0,0.0,0.0,0.0,0.0
4932.YLR405W,0.0715164564749308,0.018215575525682107,0.47382241615832904,0.0,5.980846661061498e-05,0.0,0.0,0.0,0.0,0.0,0.0,0.0,0.0,0.0
4932.YPL086C,0.1067363888034451,0.023560745239785994,0.49279543570418055,0.0,0.00028091080646437726,0.0,0.0,0.0,0.0,0.0,0.0,0.0,0.0,0.0
4932.YMR149W,0.047370039987696094,0.0065949094597805725,0.47206688087143656,0.0,0.00035316498968263537,0.0,0.0,0.0,0.0,0.0,0.0,0.0,0.0,0.0
4932.YHR143W-A,0.09550907413103661,0.02176549573665602,0.49019316650538053,0.0,0.00018053957078105275,0.0,0.0,0.0,0.0,0.0,0.0,0.0,0.0,0.0
4932.YDR454C,0.1511842509996924,0.03171097129425354,0.5143264694629828,0.0,0.000688323855358822,0.0,0.0,0.0,0.0,0.0,0.0,0.0,0.0,0.0
4932.YLL060C,0.08120578283605046,0.018046186206184617,0.4898236556004315,0.0,0.00039587960146969086,0.0,0.0,0.0,0.0,0.0,0.0,0.0,0.0,0.0
4932.YML014W,0.08135958166717934,0.02026431641404883,0.4827279262458454,0.0,9.234241662300139e-05,0.0,0.0,0.0,0.0,0.0,0.0,0.0,0.0,0.0
4932.YPR016C,0.1085819747769917,0.030171076252934238,0.4942196999692215,0.0,0.00010460091110619618,0.0,0.0,0.0,0.0,0.0,0.0,0.0,0.0,0.0
4932.YIL038C,0.034450938172869885,0.00607663059442419,0.4631834496539543,0.0,3.0358423390421626e-05,0.0,0.0,0.0,0.0,0.0,0.0,0.0,0.0,0.0
4932.YER156C,0.08120578283605046,0.021309269125756196,0.482262180139181,0.0,0.00012028564144499254,0.0,0.0,0.0,0.0,0.0,0.0,0.0,0.0,0.0
4932.YDR214W,0.04444786219624731,0.010030219323947705,0.4730979697994412,0.0,6.981741459980445e-05,0.0,0.0,0.0,0.0,0.0,0.0,0.0,0.0,0.0
4932.YGL122C,0.1067363888034451,0.017931880074128024,0.4933192085632649,0.0,0.0010348882488418467,0.0,0.0,0.0,0.0,0.0,0.0,0.0,0.0,0.0
4932.YLR022C,0.08120578283605046,0.02173347395153291,0.47870934250739094,0.0,9.445415707692846e-05,0.0,0.0,0.0,0.0,0.0,0.0,0.0,0.0,0.0
4932.YOR310C,0.1587203937250077,0.0379997531677148,0.5151419545897673,0.0,0.000390258969104916,0.0,0.0,0.0,0.0,0.0,0.0,0.0,0.0,0.0
4932.YLR200W,0.09350968932636113,0.016711269725997714,0.49272070178915106,0.0,0.0005674666798912551,0.0,0.0,0.0,0.0,0.0,0.0,0.0,0.0,0.0
4932.YMR074C,0.07059366348815749,0.01643287766847298,0.479875977785638,0.0,0.00010575490936038805,0.0,0.0,0.0,0.0,0.0,0.0,0.0,0.0,0.0
4932.YLR401C,0.0872039372500769,0.022272579482016264,0.48294318953514115,0.0,0.00015411585792184752,0.0,0.0,0.0,0.0,0.0,0.0,0.0,0.0,0.0
4932.YOR259C,0.09766225776684098,0.019179483680925015,0.4916396016641692,0.0,0.00024870880182230716,0.0,0.0,0.0,0.0,0.0,0.0,0.0,0.0,0.0
4932.YJL125C,0.10089203322054753,0.023579414536437936,0.48816772708251255,0.0,0.00015896828532827064,0.0,0.0,0.0,0.0,0.0,0.0,0.0,0.0,0.0
4932.YOL038W,0.07782220855121502,0.015524059808383096,0.48434709415588284,0.0,0.00016397964931673923,0.0,0.0,0.0,0.0,0.0,0.0,0.0,0.0,0.0
4932.YLR044C,0.07428483543525069,0.01483368979703889,0.4841305777972973,0.0,0.000138843240119392,0.0,0.0,0.0,0.0,0.0,0.0,0.0,0.0,0.0
4932.YDL184C,0.04429406336511843,0.009871516268656177,0.45520144414678276,0.0,0.00045722361690277586,0.0,0.0,0.0,0.0,0.0,0.0,0.0,0.0,0.0
4932.YJL124C,0.07597662257766842,0.014543862681956904,0.48478070838520776,0.0,0.0003791177399055509,0.0,0.0,0.0,0.0,0.0,0.0,0.0,0.0,0.0
4932.YLR291C,0.08028298984927715,0.020227279482493237,0.4828714137768689,0.0,0.0001550962613192663,0.0,0.0,0.0,0.0,0.0,0.0,0.0,0.0,0.0
4932.YLR293C,0.10888957243924947,0.02825116672695374,0.4961820872934732,0.0,0.00012599239686470723,0.0,0.0,0.0,0.0,0.0,0.0,0.0,0.0,0.0
4932.YHR013C,0.06367271608735774,0.015292305487562675,0.4779698871052096,0.0,0.00013838505806909653,0.0,0.0,0.0,0.0,0.0,0.0,0.0,0.0,0.0
4932.YGR247W,0.055521378037526915,0.015645663840413007,0.4765327526543946,0.0,3.963251309048135e-05,0.0,0.0,0.0,0.0,0.0,0.0,0.0,0.0,0.0
4932.YLR172C,0.08197477699169486,0.021644819245018893,0.47660265624140563,0.0,9.219713911481862e-05,0.0,0.0,0.0,0.0,0.0,0.0,0.0,0.0,0.0
4932.YGR155W,0.11734850815133806,0.02241668376336612,0.5071808160470906,0.0,0.00047640782361932723,0.0,0.0,0.0,0.0,0.0,0.0,0.0,0.0,0.0
4932.YOR271C,0.03891110427560751,0.009685763789913916,0.4602961404827743,0.0,2.5106488996901527e-05,0.0,0.0,0.0,0.0,0.0,0.0,0.0,0.0,0.0
4932.YOR001W,0.14041833282067057,0.031306590285776974,0.5068247886432669,0.0,0.00039713057736750937,0.0,0.0,0.0,0.0,0.0,0.0,0.0,0.0,0.0
4932.YOR046C,0.07997539218701938,0.01890722438315407,0.4833023886348326,0.0,0.0001308242583925611,0.0,0.0,0.0,0.0,0.0,0.0,0.0,0.0,0.0
4932.YBL064C,0.13549677022454631,0.01860236450460774,0.5071808160470906,0.0,0.0008461168168600922,0.0,0.0,0.0,0.0,0.0,0.0,0.0,0.0,0.0
4932.YGL001C,0.1131959397108582,0.021319385692328288,0.5056809817272626,0.0,0.0005255334444006357,0.0,0.0,0.0,0.0,0.0,0.0,0.0,0.0,0.0
4932.YBR121C,0.08612734543217472,0.02344471059967667,0.48663226355091177,0.0,9.933468543474482e-05,0.0,0.0,0.0,0.0,0.0,0.0,0.0,0.0,0.0
4932.YOR185C,0.10058443555828976,0.021106979120875165,0.4921236455010091,0.0,0.0003430555225492568,0.0,0.0,0.0,0.0,0.0,0.0,0.0,0.0,0.0
4932.YMR217W,0.1661027376191941,0.0386851832500921,0.516739611546348,0.0,0.0005005305037268108,0.0,0.0,0.0,0.0,0.0,0.0,0.0,0.0,0.0
4932.YAL036C,0.12426945555213781,0.032274211300876904,0.4982365139698915,0.0,0.00024674363213728545,0.0,0.0,0.0,0.0,0.0,0.0,0.0,0.0,0.0
4932.YOL093W,0.07951399569363274,0.019196204541184203,0.4772677646122163,0.0,0.00013199906856195597,0.0,0.0,0.0,0.0,0.0,0.0,0.0,0.0,0.0
4932.YOL077C,0.1327283912642264,0.033023659144067935,0.501079627945352,0.0,0.00020189830451710597,0.0,0.0,0.0,0.0,0.0,0.0,0.0,0.0,0.0
4932.YER012W,0.08781913257459244,0.017245938092876924,0.48772803536705883,0.0,0.00021465939013677943,0.0,0.0,0.0,0.0,0.0,0.0,0.0,0.0,0.0
4932.YOR224C,0.12103968009843126,0.028720117348937948,0.4997693135821662,0.0,0.00046143643905144013,0.0,0.0,0.0,0.0,0.0,0.0,0.0,0.0,0.0
4932.YKL144C,0.07013226699477085,0.01752550264606387,0.4683581242032092,0.0,6.586443242496502e-05,0.0,0.0,0.0,0.0,0.0,0.0,0.0,0.0,0.0
4932.YFR010W,0.08151338049830821,0.01355832712306463,0.4861953322256135,0.0,0.00023199040166632884,0.0,0.0,0.0,0.0,0.0,0.0,0.0,0.0,0.0
4932.YFR044C,0.0575207628422024,0.008967277448772393,0.4734426677737941,0.0,7.738850328491972e-05,0.0,0.0,0.0,0.0,0.0,0.0,0.0,0.0,0.0
4932.YNR015W,0.07751461088895725,0.01903260327442503,0.4761486491679728,0.0,8.990762034626194e-05,0.0,0.0,0.0,0.0,0.0,0.0,0.0,0.0,0.0
4932.YBR017C,0.08320516764072594,0.02022349207451355,0.48525133411958216,0.0,0.00013997581850433357,0.0,0.0,0.0,0.0,0.0,0.0,0.0,0.0,0.0
4932.YDR086C,0.06844047985235313,0.014743060013907147,0.4759742612947059,0.0,0.00018561154763247175,0.0,0.0,0.0,0.0,0.0,0.0,0.0,0.0,0.0
4932.YDR502C,0.09227929867733006,0.018325858117275065,0.49343159049246904,0.0,0.00018927420967403312,0.0,0.0,0.0,0.0,0.0,0.0,0.0,0.0,0.0
4932.YMR080C,0.07197785296831745,0.016494181855280073,0.48362612497732393,0.0,0.0006755170208478666,0.0,0.0,0.0,0.0,0.0,0.0,0.0,0.0,0.0
4932.YPL266W,0.16041218086742542,0.036315847745040986,0.5142450629309374,0.0,0.0005982474409216686,0.0,0.0,0.0,0.0,0.0,0.0,0.0,0.0,0.0
4932.YGR264C,0.13411258074438634,0.03289525889410196,0.5017761092814923,0.0,0.00023569477527376654,0.0,0.0,0.0,0.0,0.0,0.0,0.0,0.0,0.0
4932.YLR260W,0.035988926484158724,0.004208865193811133,0.4727881704886005,0.0,0.00012768291367271523,0.0,0.0,0.0,0.0,0.0,0.0,0.0,0.0,0.0
4932.YLR175W,0.16025838203629653,0.03786025686282881,0.5151419545897673,0.0,0.0005111259223971645,0.0,0.0,0.0,0.0,0.0,0.0,0.0,0.0,0.0
4932.YLL036C,0.07228545063057522,0.014707488666926923,0.48037263363608523,0.0,0.0001338956777026956,0.0,0.0,0.0,0.0,0.0,0.0,0.0,0.0,0.0
4932.YDL085C-A,0.016764072593048292,0.0028673272636193427,0.44789086126242933,0.0,8.844349044893668e-05,0.0,0.0,0.0,0.0,0.0,0.0,0.0,0.0,0.0
4932.YPL043W,0.09735466010458321,0.02482189287072294,0.4893072752406118,0.0,0.00013280803640216518,0.0,0.0,0.0,0.0,0.0,0.0,0.0,0.0,0.0
4932.YBR143C,0.12888342048600432,0.034208085275310704,0.5033307990081585,0.0,0.0002000301003841772,0.0,0.0,0.0,0.0,0.0,0.0,0.0,0.0,0.0
4932.YKL183W,0.029836973239003386,0.005564497102124617,0.45747681041927096,0.0,3.396898345900757e-05,0.0,0.0,0.0,0.0,0.0,0.0,0.0,0.0,0.0
4932.YHR052W,0.12196247308520455,0.031208120529805525,0.49709307031787975,0.0,0.00014367487490799915,0.0,0.0,0.0,0.0,0.0,0.0,0.0,0.0,0.0
4932.YBR025C,0.09996924023377422,0.02685995095469279,0.49369401422240733,0.0,0.00015568757618049194,0.0,0.0,0.0,0.0,0.0,0.0,0.0,0.0,0.0
4932.YJR097W,0.11996308828052907,0.028074560126705603,0.5012729009639222,0.0,0.0002724697432155068,0.0,0.0,0.0,0.0,0.0,0.0,0.0,0.0,0.0
4932.YDL126C,0.14933866502614582,0.024382551163688936,0.5097270642606938,0.0,0.0008927135334189077,0.0,0.0,0.0,0.0,0.0,0.0,0.0,0.0,0.0
4932.YLR355C,0.07797600738234389,0.017330672171444465,0.48725259562052525,0.0,0.00011069787297220107,0.0,0.0,0.0,0.0,0.0,0.0,0.0,0.0,0.0
4932.YKR048C,0.0807443863426638,0.017272842970904503,0.487837884023673,0.0,0.00024088359660465398,0.0,0.0,0.0,0.0,0.0,0.0,0.0,0.0,0.0
4932.YJR017C,0.11011996308828054,0.019955283777204243,0.5000385236779781,0.0,0.0006193089809026772,0.0,0.0,0.0,0.0,0.0,0.0,0.0,0.0,0.0
4932.YBL004W,0.1085819747769917,0.02496193628457394,0.49305718303325935,0.0,0.0002246793163079439,0.0,0.0,0.0,0.0,0.0,0.0,0.0,0.0,0.0
4932.YBL026W,0.05413718855736697,0.010130554061293614,0.4724100774405907,0.0,0.00013010084653198114,0.0,0.0,0.0,0.0,0.0,0.0,0.0,0.0,0.0
4932.YJL080C,0.10381421101199631,0.023508125231693093,0.49414453347492965,0.0,0.00024262841447312598,0.0,0.0,0.0,0.0,0.0,0.0,0.0,0.0,0.0
4932.YOR212W,0.06351891725622885,0.012151389942359498,0.48499780677678195,0.0,0.0002131135085553709,0.0,0.0,0.0,0.0,0.0,0.0,0.0,0.0,0.0
4932.YDR363W-A,0.04706244232543833,0.007950369863560285,0.47210117808742547,0.0,9.52632291922145e-05,0.0,0.0,0.0,0.0,0.0,0.0,0.0,0.0,0.0
4932.YAL004W,0.024761611811750232,0.004112163705684028,0.4683581242032092,0.0,0.0004421269816888239,0.0,0.0,0.0,0.0,0.0,0.0,0.0,0.0,0.0
4932.YNL182C,0.16271916333435868,0.03419953732277375,0.515632488112627,0.0,0.0005550738903583732,0.0,0.0,0.0,0.0,0.0,0.0,0.0,0.0,0.0
4932.YPR113W,0.06290372193171333,0.009100623133415685,0.4843109946482317,0.0,0.0002738544209567215,0.0,0.0,0.0,0.0,0.0,0.0,0.0,0.0,0.0
4932.YGL181W,0.02291602583820363,0.0021325802320859813,0.46288649488497824,0.0,0.00011072142078247958,0.0,0.0,0.0,0.0,0.0,0.0,0.0,0.0,0.0
4932.YMR104C,0.05152260842817595,0.005920951166036345,0.47604400111321055,0.0,0.00017343610299326407,0.0,0.0,0.0,0.0,0.0,0.0,0.0,0.0,0.0
4932.YPL182C,0.0030759766225776685,2.573667086097805e-05,0.3454729446113735,0.0,8.214595048804417e-05,0.0,0.0,0.0,0.0,0.0,0.0,0.0,0.0,0.0
4932.YBR198C,0.12534604737004,0.021710577027108366,0.5022415068167665,0.0,0.0005198262292037258,0.0,0.0,0.0,0.0,0.0,0.0,0.0,0.0,0.0
4932.YNL317W,0.10550599815441403,0.01785493523978059,0.4967890378589698,0.0,0.0003592650882664101,0.0,0.0,0.0,0.0,0.0,0.0,0.0,0.0,0.0
4932.YOR056C,0.09443248231313442,0.024641509807681237,0.4886817037824565,0.0,0.0001206869891353162,0.0,0.0,0.0,0.0,0.0,0.0,0.0,0.0,0.0
4932.YBR135W,0.04752383881882498,0.00665743413238689,0.47555625111207,0.0,8.783257957037776e-05,0.0,0.0,0.0,0.0,0.0,0.0,0.0,0.0,0.0
4932.YPL004C,0.10642879114118733,0.014192869013026426,0.49789292890930387,0.0,0.0004850533906207753,0.0,0.0,0.0,0.0,0.0,0.0,0.0,0.0,0.0
4932.YBR113W,0.0009227929867733006,3.87266724148131e-05,0.35037208105226597,0.0,1.492372291010445e-06,0.0,0.0,0.0,0.0,0.0,0.0,0.0,0.0,0.0
4932.YDL228C,0.06259612426945556,0.014467314287847418,0.48736223019540426,0.0,0.002902146581059943,0.0,0.0,0.0,0.0,0.0,0.0,0.0,0.0,0.0
4932.YOL010W,0.10012303906490311,0.02571877014053418,0.4890863025135725,0.0,9.383295964325691e-05,0.0,0.0,0.0,0.0,0.0,0.0,0.0,0.0,0.0
4932.YMR224C,0.06797908335896648,0.009111483967071853,0.48362612497732393,0.0,0.0001638593945581548,0.0,0.0,0.0,0.0,0.0,0.0,0.0,0.0,0.0
4932.YLR074C,0.10027683789603199,0.025757351633820248,0.4861953322256135,0.0,0.0001179667878963456,0.0,0.0,0.0,0.0,0.0,0.0,0.0,0.0,0.0
4932.YDL023C,0.0012303906490310674,6.699839327356382e-05,0.3505421921128189,0.0,1.0677652962241798e-05,0.0,0.0,0.0,0.0,0.0,0.0,0.0,0.0,0.0
4932.YNL173C,0.032605352199323284,0.0032845465423988664,0.4628535234130155,0.0,5.082839999784581e-05,0.0,0.0,0.0,0.0,0.0,0.0,0.0,0.0,0.0
4932.YOR135C,0.001076591817902184,2.9214118148380475e-05,0.3404946874447351,0.0,9.061443735607109e-05,0.0,0.0,0.0,0.0,0.0,0.0,0.0,0.0,0.0
4932.YDL240W,0.07028606582589973,0.008129222106344312,0.486705161800264,0.0,0.0003177321583756934,0.0,0.0,0.0,0.0,0.0,0.0,0.0,0.0,0.0
4932.YGR221C,0.02814518609658567,0.003400357065301147,0.4675493319323158,0.0,0.00012465957025109748,0.0,0.0,0.0,0.0,0.0,0.0,0.0,0.0,0.0
4932.YDL045W-A,0.05213780375269148,0.009727022211805231,0.48001777463214335,0.0,9.776247956725719e-05,0.0,0.0,0.0,0.0,0.0,0.0,0.0,0.0,0.0
4932.YHR056C,0.031221162719163337,0.0041747170894491,0.4703243062532806,0.0,0.00011397951384826797,0.0,0.0,0.0,0.0,0.0,0.0,0.0,0.0,0.0
4932.YCR035C,0.07197785296831745,0.01605865632810879,0.48047919367016595,0.0,0.0001256470691414811,0.0,0.0,0.0,0.0,0.0,0.0,0.0,0.0,0.0
4932.YOR014W,0.06136573362042449,0.0071052588995630115,0.48001777463214335,0.0,0.00024288600249057466,0.0,0.0,0.0,0.0,0.0,0.0,0.0,0.0,0.0
4932.YOL155C,0.0658258997231621,0.010102778759472608,0.4890863025135725,0.0,0.0002478756785789373,0.0,0.0,0.0,0.0,0.0,0.0,0.0,0.0,0.0
4932.YDR087C,0.13718855736696403,0.03235275683325068,0.5059172076608007,0.0,0.0003519103235439365,0.0,0.0,0.0,0.0,0.0,0.0,0.0,0.0,0.0
4932.YLR206W,0.0287603814211012,0.0024603486890299683,0.45951492929745597,0.0,4.3317144768372304e-05,0.0,0.0,0.0,0.0,0.0,0.0,0.0,0.0,0.0
4932.YHR149C,0.05690556751768687,0.011254176251601444,0.4764628695699754,0.0,0.00022951959731673386,0.0,0.0,0.0,0.0,0.0,0.0,0.0,0.0,0.0
4932.YPL142C,0.025069209474007998,0.0069323751759685715,0.4279787008624991,0.0,0.0002776088697846204,0.0,0.0,0.0,0.0,0.0,0.0,0.0,0.0,0.0
4932.YKL094W,0.043217471547216245,0.004691120782865313,0.4740643915660119,0.0,0.0001344063120651252,0.0,0.0,0.0,0.0,0.0,0.0,0.0,0.0,0.0
4932.YKL082C,0.0807443863426638,0.019899225550572795,0.48065689882353163,0.0,0.00011680888129239454,0.0,0.0,0.0,0.0,0.0,0.0,0.0,0.0,0.0
4932.YDR208W,0.05244540141494925,0.010431395294600318,0.47804021299163724,0.0,0.00010138483637058975,0.0,0.0,0.0,0.0,0.0,0.0,0.0,0.0,0.0
4932.YER045C,0.024607812980621348,0.002717538128620763,0.46497321038964756,0.0,0.00011259135923948993,0.0,0.0,0.0,0.0,0.0,0.0,0.0,0.0,0.0
4932.YOR053W,0.006305752076284221,3.718182634463745e-05,0.3581546941076627,0.0,0.0002670287371936456,0.0,0.0,0.0,0.0,0.0,0.0,0.0,0.0,0.0
4932.YCR038C,0.02153183635804368,0.002359729393296514,0.4630844224055961,0.0,9.509050892800695e-05,0.0,0.0,0.0,0.0,0.0,0.0,0.0,0.0,0.0
4932.YHR205W,0.09120270685942787,0.013074097222440911,0.49553882522651754,0.0,0.00045209381261234735,0.0,0.0,0.0,0.0,0.0,0.0,0.0,0.0,0.0
4932.YPR054W,0.04583205167640726,0.006954511915595439,0.4817973318896215,0.0,0.00018089493239468337,0.0,0.0,0.0,0.0,0.0,0.0,0.0,0.0,0.0
4932.YLR063W,0.08428175945862812,0.01763546957465453,0.487837884023673,0.0,0.00019741218243928221,0.0,0.0,0.0,0.0,0.0,0.0,0.0,0.0,0.0
4932.YFL007W,0.03429713934174101,0.004769906515177084,0.46627444138887236,0.0,9.155569310022602e-05,0.0,0.0,0.0,0.0,0.0,0.0,0.0,0.0,0.0
4932.YPR085C,0.08843432789910798,0.013424894417121542,0.49023014826068084,0.0,0.0004955296970662333,0.0,0.0,0.0,0.0,0.0,0.0,0.0,0.0,0.0
4932.YKL198C,0.045063057520762846,0.005652339220025455,0.47804021299163724,0.0,9.521669886789951e-05,0.0,0.0,0.0,0.0,0.0,0.0,0.0,0.0,0.0
4932.YNL298W,0.08028298984927715,0.00989147639465106,0.4870334743813015,0.0,0.00033659378295208744,0.0,0.0,0.0,0.0,0.0,0.0,0.0,0.0,0.0
4932.YOL113W,0.023685019993848047,0.002768344577207203,0.4578636284664124,0.0,5.050631911061374e-05,0.0,0.0,0.0,0.0,0.0,0.0,0.0,0.0,0.0
4932.YNL007C,0.1401107351584128,0.02768001313725386,0.5101272268170297,0.0,0.0007378299679941876,0.0,0.0,0.0,0.0,0.0,0.0,0.0,0.0,0.0
4932.YER124C,0.04152568440479853,0.009855685605519566,0.46170247372426637,0.0,6.916573268155308e-05,0.0,0.0,0.0,0.0,0.0,0.0,0.0,0.0,0.0
4932.YBR028C,0.0296831744078745,0.005204021084099723,0.46657576040750515,0.0,2.9538731670359998e-05,0.0,0.0,0.0,0.0,0.0,0.0,0.0,0.0,0.0
4932.YJL020C,0.08705013841894801,0.011437435569171374,0.4929823697136276,0.0,0.0004407146414113852,0.0,0.0,0.0,0.0,0.0,0.0,0.0,0.0,0.0
4932.YOR007C,0.10458320516764073,0.016904672137814977,0.5008092959688112,0.0,0.0004046433135016027,0.0,0.0,0.0,0.0,0.0,0.0,0.0,0.0,0.0
4932.YPR139C,0.05413718855736697,0.00945436277434743,0.4796988494902794,0.0,0.00016230479394827995,0.0,0.0,0.0,0.0,0.0,0.0,0.0,0.0,0.0
4932.YGR245C,0.10504460166102739,0.02619482883137135,0.49204911518971106,0.0,0.00013715491248384113,0.0,0.0,0.0,0.0,0.0,0.0,0.0,0.0,0.0
4932.YLR339C,0.0070747462319286376,0.0012683765620727795,0.3984303522714651,0.0,8.870915468052029e-05,0.0,0.0,0.0,0.0,0.0,0.0,0.0,0.0,0.0
4932.YKL126W,0.050138418948015996,0.006849490426686112,0.478286516649148,0.0,0.00014824833141743993,0.0,0.0,0.0,0.0,0.0,0.0,0.0,0.0,0.0
4932.YHL007C,0.0538295908951092,0.008208247559239216,0.4725131337402068,0.0,0.0001266913520505702,0.0,0.0,0.0,0.0,0.0,0.0,0.0,0.0,0.0
4932.YGR086C,0.1048908028298985,0.015629479637113523,0.4983893707006692,0.0,0.00043922601611395384,0.0,0.0,0.0,0.0,0.0,0.0,0.0,0.0,0.0
4932.YCR088W,0.039833897262380805,0.005080822470603319,0.47039240011548605,0.0,9.811180717838234e-05,0.0,0.0,0.0,0.0,0.0,0.0,0.0,0.0,0.0
4932.YLR217W,0.00030759766225776686,4.487445714810289e-05,0.34015602864447075,0.0,3.1546123729870718e-09,0.0,0.0,0.0,0.0,0.0,0.0,0.0,0.0,0.0
4932.YNL207W,0.09581667179329438,0.024727585894116225,0.4856139761748244,0.0,0.00013173272020222568,0.0,0.0,0.0,0.0,0.0,0.0,0.0,0.0,0.0
4932.YLL044W,0.021378037526914796,0.006187692280352475,0.4325080281679529,0.0,0.00023497731180648442,0.0,0.0,0.0,0.0,0.0,0.0,0.0,0.0,0.0
4932.YBR108W,0.07782220855121502,0.010097961799526612,0.4940318265943378,0.0,0.0007568146057830462,0.0,0.0,0.0,0.0,0.0,0.0,0.0,0.0,0.0
4932.YBR103W,0.0993540449092587,0.015543871583869374,0.49565222083869753,0.0,0.00034292062892460177,0.0,0.0,0.0,0.0,0.0,0.0,0.0,0.0,0.0
4932.YGR097W,0.06767148569670871,0.016276722026470045,0.4827637901333822,0.0,0.00010368978879351525,0.0,0.0,0.0,0.0,0.0,0.0,0.0,0.0,0.0
4932.YJL174W,0.08105198400492157,0.01225554638753196,0.4916024069598521,0.0,0.00024788888387297447,0.0,0.0,0.0,0.0,0.0,0.0,0.0,0.0,0.0
4932.YLR090W,0.08366656413411258,0.01913084855980271,0.49123076921645936,0.0,0.00013157387061549407,0.0,0.0,0.0,0.0,0.0,0.0,0.0,0.0,0.0
4932.YKL163W,0.03306674869270994,0.002932778396603431,0.4649399409842104,0.0,0.00012694693817580347,0.0,0.0,0.0,0.0,0.0,0.0,0.0,0.0,0.0
4932.YHR113W,0.026299600123039068,0.003212621491885607,0.45667303501267303,0.0,3.1652434963787225e-05,0.0,0.0,0.0,0.0,0.0,0.0,0.0,0.0,0.0
4932.YDR388W,0.06567210089203322,0.0073188704521758696,0.48262036654748397,0.0,0.0004367262395688324,0.0,0.0,0.0,0.0,0.0,0.0,0.0,0.0,0.0
4932.YPL026C,0.05429098738849585,0.006961442970483792,0.4807635850248095,0.0,0.00010063577260658876,0.0,0.0,0.0,0.0,0.0,0.0,0.0,0.0,0.0
4932.YAR014C,0.08135958166717934,0.013768681325975243,0.4880210751179365,0.0,0.00017480112057790184,0.0,0.0,0.0,0.0,0.0,0.0,0.0,0.0,0.0
4932.YMR086W,0.0733620424484774,0.010890310539799457,0.48499780677678195,0.0,0.00010345363389959722,0.0,0.0,0.0,0.0,0.0,0.0,0.0,0.0,0.0
4932.YMR027W,0.01122731467240849,0.0013795573285444356,0.43890581662920125,0.0,1.4232363489261733e-05,0.0,0.0,0.0,0.0,0.0,0.0,0.0,0.0,0.0
4932.YKL096W-A,0.019840049215625963,0.00285997828777439,0.4553928527013333,0.0,4.820442973115447e-05,0.0,0.0,0.0,0.0,0.0,0.0,0.0,0.0,0.0
4932.YPL265W,0.029836973239003386,0.0029598834220001475,0.4618665587600629,0.0,6.233650551313459e-05,0.0,0.0,0.0,0.0,0.0,0.0,0.0,0.0,0.0
4932.YLR084C,0.08643494309443249,0.014236046318817058,0.49305718303325935,0.0,0.00031593889801993964,0.0,0.0,0.0,0.0,0.0,0.0,0.0,0.0,0.0
4932.YEL007W,0.012765302983697324,0.001227016996079014,0.4436706687966219,0.0,2.551931438366683e-05,0.0,0.0,0.0,0.0,0.0,0.0,0.0,0.0,0.0
4932.YGR234W,0.05721316517994464,0.010459840215577706,0.4827279262458454,0.0,0.00025444238155524515,0.0,0.0,0.0,0.0,0.0,0.0,0.0,0.0,0.0
4932.YGL040C,0.05536757920639804,0.00930031989290408,0.47744310177776084,0.0,0.00011467052978575814,0.0,0.0,0.0,0.0,0.0,0.0,0.0,0.0,0.0
4932.YMR307W,0.08889572439249462,0.014092286717618875,0.4918256596423951,0.0,0.0004373705443726569,0.0,0.0,0.0,0.0,0.0,0.0,0.0,0.0,0.0
4932.YGR187C,0.09550907413103661,0.023216678677973154,0.4887919824879889,0.0,0.00015267133153240952,0.0,0.0,0.0,0.0,0.0,0.0,0.0,0.0,0.0
4932.YML010W,0.06690249154106429,0.011908278609438619,0.4781809268669751,0.0,0.00017832850048638487,0.0,0.0,0.0,0.0,0.0,0.0,0.0,0.0,0.0
4932.YGL006W,0.08243617348508152,0.009116305188301577,0.49108227140230687,0.0,0.0004733281978875242,0.0,0.0,0.0,0.0,0.0,0.0,0.0,0.0,0.0
4932.YBR106W,0.057059366348815754,0.012386036474373165,0.4736152051891636,0.0,0.0001460001581458909,0.0,0.0,0.0,0.0,0.0,0.0,0.0,0.0,0.0
4932.YNR002C,0.050753614272531535,0.004960795066917517,0.4768474803841876,0.0,0.00013137968220087908,0.0,0.0,0.0,0.0,0.0,0.0,0.0,0.0,0.0
4932.YGR028W,0.06782528452783759,0.010243145689388456,0.48809439008452826,0.0,0.000308143588616649,0.0,0.0,0.0,0.0,0.0,0.0,0.0,0.0,0.0
4932.YNR069C,0.03614272531528761,0.006187133416161525,0.4722384168019858,0.0,0.00018524195863299712,0.0,0.0,0.0,0.0,0.0,0.0,0.0,0.0,0.0
4932.YKL100C,0.02922177791448785,0.0035509736009021755,0.46354691219826827,0.0,6.347283803640612e-05,0.0,0.0,0.0,0.0,0.0,0.0,0.0,0.0,0.0
4932.YNL280C,0.03752691479544756,0.004825762216287498,0.4705627210656329,0.0,0.00012645700728006174,0.0,0.0,0.0,0.0,0.0,0.0,0.0,0.0,0.0
4932.YML012W,0.05813595816671794,0.006766518894436982,0.48215482786935704,0.0,0.00040518502496099986,0.0,0.0,0.0,0.0,0.0,0.0,0.0,0.0,0.0
4932.YDR251W,0.02383881882497693,0.004703791124035543,0.4607204066360837,0.0,2.2019000229066617e-05,0.0,0.0,0.0,0.0,0.0,0.0,0.0,0.0,0.0
4932.YIL031W,0.08412796062749923,0.01570177236886286,0.4896391089741033,0.0,0.00027532000433377787,0.0,0.0,0.0,0.0,0.0,0.0,0.0,0.0,0.0
4932.YOL052C-A,0.041987080898185175,0.0035779758878761356,0.4624253213204757,0.0,0.0003668193235628819,0.0,0.0,0.0,0.0,0.0,0.0,0.0,0.0,0.0
4932.YBR279W,0.040141494924638574,0.0051570000520757015,0.46781861880455905,0.0,8.690416652384393e-05,0.0,0.0,0.0,0.0,0.0,0.0,0.0,0.0,0.0
4932.YPL095C,0.01384189480159951,0.0015364913971109481,0.44860204454230757,0.0,2.015935135800305e-05,0.0,0.0,0.0,0.0,0.0,0.0,0.0,0.0,0.0
4932.YGL139W,0.08981851737926792,0.014543182653143381,0.489528447732057,0.0,0.0002824696471705969,0.0,0.0,0.0,0.0,0.0,0.0,0.0,0.0,0.0
4932.YJL158C,0.018917256228852663,0.0026401936131270724,0.4479526137595012,0.0,3.5929294967505365e-05,0.0,0.0,0.0,0.0,0.0,0.0,0.0,0.0,0.0
4932.YHR184W,0.056444171024300216,0.007687589166441758,0.4850702161238672,0.0,0.0002608835215928022,0.0,0.0,0.0,0.0,0.0,0.0,0.0,0.0,0.0
4932.YIL050W,0.010919717010150723,0.0010508459296852018,0.4434889854760664,0.0,1.8310643766327765e-05,0.0,0.0,0.0,0.0,0.0,0.0,0.0,0.0,0.0
4932.YPL249C,0.010458320516764073,0.0008219687289542392,0.4366055644154623,0.0,8.803776666434787e-06,0.0,0.0,0.0,0.0,0.0,0.0,0.0,0.0,0.0
4932.YJL070C,0.03844970778222086,0.0045123916328133375,0.4784273755849893,0.0,0.00014279707731522956,0.0,0.0,0.0,0.0,0.0,0.0,0.0,0.0,0.0
4932.YER158C,0.0016917871424177177,0.0001358323031641583,0.3820330774998721,0.0,3.703455622459914e-07,0.0,0.0,0.0,0.0,0.0,0.0,0.0,0.0,0.0
4932.YIL030C,0.04890802829898493,0.006077725135153255,0.4759742612947059,0.0,0.00016805344574693723,0.0,0.0,0.0,0.0,0.0,0.0,0.0,0.0,0.0
4932.YJR117W,0.050753614272531535,0.007072777391356047,0.47451443078686467,0.0,0.00012663174626364313,0.0,0.0,0.0,0.0,0.0,0.0,0.0,0.0,0.0
4932.YNL132W,0.14872346970163028,0.033903256497021,0.512016438042339,0.0,0.00047730890841913724,0.0,0.0,0.0,0.0,0.0,0.0,0.0,0.0,0.0
4932.YGL207W,0.09243309750845895,0.01556612543544482,0.49004529526359913,0.0,0.0002398508036511332,0.0,0.0,0.0,0.0,0.0,0.0,0.0,0.0,0.0
4932.YDR513W,0.06013534297139342,0.0079764935569606,0.477688790354725,0.0,0.0002797714650668351,0.0,0.0,0.0,0.0,0.0,0.0,0.0,0.0,0.0
4932.YGL156W,0.06951707167025531,0.006143937137526014,0.4830149866346038,0.0,0.0003334395015590146,0.0,0.0,0.0,0.0,0.0,0.0,0.0,0.0,0.0
4932.YGL234W,0.10827437711473394,0.024837303239473182,0.49804557485976275,0.0,0.00022110076078583248,0.0,0.0,0.0,0.0,0.0,0.0,0.0,0.0,0.0
4932.YOR257W,0.1067363888034451,0.015474389391222318,0.5035648337876104,0.0,0.0008097087265463409,0.0,0.0,0.0,0.0,0.0,0.0,0.0,0.0,0.0
4932.YMR073C,0.028914180252230085,0.0033413657681221685,0.4661406467141553,0.0,8.627724236026342e-05,0.0,0.0,0.0,0.0,0.0,0.0,0.0,0.0,0.0
4932.YDL224C,0.075207628422024,0.0185510370896364,0.48681455013450137,0.0,9.518121701236318e-05,0.0,0.0,0.0,0.0,0.0,0.0,0.0,0.0,0.0
4932.YHR011W,0.07474623192863734,0.01700526683383456,0.48405844868856707,0.0,0.0001485650398044348,0.0,0.0,0.0,0.0,0.0,0.0,0.0,0.0,0.0
4932.YBR170C,0.03275915103045217,0.004396245586722638,0.4650730471797398,0.0,3.94898479071783e-05,0.0,0.0,0.0,0.0,0.0,0.0,0.0,0.0,0.0
4932.YDR060W,0.11565672100892034,0.028616984346025783,0.4947088401366825,0.0,0.00016200295511159594,0.0,0.0,0.0,0.0,0.0,0.0,0.0,0.0,0.0
4932.YDL206W,0.006767148569670871,0.0005416735796104348,0.4244007978051939,0.0,3.465067011494369e-06,0.0,0.0,0.0,0.0,0.0,0.0,0.0,0.0,0.0
4932.YOR153W,0.06351891725622885,0.00810910204651028,0.48065689882353163,0.0,0.00022645686751101597,0.0,0.0,0.0,0.0,0.0,0.0,0.0,0.0,0.0
4932.YAL049C,0.037834512457705326,0.003877521923397094,0.46974630341902157,0.0,0.00012123472814559024,0.0,0.0,0.0,0.0,0.0,0.0,0.0,0.0,0.0
4932.YCL057W,0.042294678560442944,0.007573158962383301,0.4735461751344793,0.0,6.058297025696977e-05,0.0,0.0,0.0,0.0,0.0,0.0,0.0,0.0,0.0
4932.YLR222C,0.13949553983389726,0.03206513950050091,0.5048951526958294,0.0,0.00032303477002778636,0.0,0.0,0.0,0.0,0.0,0.0,0.0,0.0,0.0
4932.YOR206W,0.11888649646262689,0.03015846022788768,0.49690300643842816,0.0,0.00016767795209692048,0.0,0.0,0.0,0.0,0.0,0.0,0.0,0.0,0.0
4932.YNL238W,0.08858812673023686,0.01065916282041044,0.49561441653537675,0.0,0.0007259032866506594,0.0,0.0,0.0,0.0,0.0,0.0,0.0,0.0,0.0
4932.YGR167W,0.053521993232851436,0.006468040912825716,0.4797342646877316,0.0,0.00023522685586745953,0.0,0.0,0.0,0.0,0.0,0.0,0.0,0.0,0.0
4932.YDR033W,0.01384189480159951,0.001958975490451181,0.45012473089466093,0.0,1.5340978508496603e-05,0.0,0.0,0.0,0.0,0.0,0.0,0.0,0.0,0.0
4932.YNL077W,0.10750538295908951,0.022085022985464928,0.4991934097868422,0.0,0.00036317579217792317,0.0,0.0,0.0,0.0,0.0,0.0,0.0,0.0,0.0
4932.YHR015W,0.07259304829283297,0.017944019438930446,0.48666870994572536,0.0,0.0006000474402456475,0.0,0.0,0.0,0.0,0.0,0.0,0.0,0.0,0.0
4932.YFR052W,0.059981544140264534,0.011145300009562856,0.47804021299163724,0.0,9.345151208696483e-05,0.0,0.0,0.0,0.0,0.0,0.0,0.0,0.0,0.0
4932.YGR076C,0.09135650569055676,0.019129476118233686,0.495010331012061,0.0,0.0002399723272177366,0.0,0.0,0.0,0.0,0.0,0.0,0.0,0.0,0.0
4932.YMR292W,0.07766840972008614,0.012445454972033771,0.49587916782626107,0.0,0.0006599662200639195,0.0,0.0,0.0,0.0,0.0,0.0,0.0,0.0,0.0
4932.YHR077C,0.039833897262380805,0.007273678509838084,0.46967839647237625,0.0,8.054207291004735e-05,0.0,0.0,0.0,0.0,0.0,0.0,0.0,0.0,0.0
4932.YLR342W,0.07782220855121502,0.01090142957266319,0.48608622196254675,0.0,0.0002908563310344709,0.0,0.0,0.0,0.0,0.0,0.0,0.0,0.0,0.0
4932.YBR212W,0.09766225776684098,0.021537615753611565,0.4964853770778824,0.0,0.00019799060125253674,0.0,0.0,0.0,0.0,0.0,0.0,0.0,0.0,0.0
4932.YAL007C,0.07505382959089511,0.011909483276290453,0.4898605816204542,0.0,0.00035459770920317964,0.0,0.0,0.0,0.0,0.0,0.0,0.0,0.0,0.0
4932.YDR057W,0.020762842202399264,0.002006574525109614,0.45178339812245877,0.0,5.634634584432942e-05,0.0,0.0,0.0,0.0,0.0,0.0,0.0,0.0,0.0
4932.YBR126C,0.08043678868040603,0.009021166064763051,0.48732567985565656,0.0,0.00026473279152002536,0.0,0.0,0.0,0.0,0.0,0.0,0.0,0.0,0.0
4932.YNL058C,0.04490925868963396,0.006869987697429721,0.4734771651993096,0.0,5.625023760213405e-05,0.0,0.0,0.0,0.0,0.0,0.0,0.0,0.0,0.0
4932.YNL193W,0.0006151953245155337,0.00012134642947029568,0.36838826550231446,0.0,1.929953990529804e-09,0.0,0.0,0.0,0.0,0.0,0.0,0.0,0.0,0.0
4932.YGR136W,0.05090741310366041,0.006640643717123952,0.48012417727171014,0.0,0.0002351851865576769,0.0,0.0,0.0,0.0,0.0,0.0,0.0,0.0,0.0
4932.YGL203C,0.030913565056905568,0.0034861798303349196,0.4708696097967626,0.0,9.671828689912992e-05,0.0,0.0,0.0,0.0,0.0,0.0,0.0,0.0,0.0
4932.YNL156C,0.01707167025530606,0.002376049090004849,0.45106210018015586,0.0,1.7870868782270646e-05,0.0,0.0,0.0,0.0,0.0,0.0,0.0,0.0,0.0
4932.YGL141W,0.020916641033528145,0.0026805871560713827,0.4505929280351796,0.0,2.3886550372895273e-05,0.0,0.0,0.0,0.0,0.0,0.0,0.0,0.0,0.0
4932.YCL042W,0.011996308828052908,0.0009376687448850553,0.4473358539994028,0.0,4.2951902942694575e-05,0.0,0.0,0.0,0.0,0.0,0.0,0.0,0.0,0.0
4932.YIL017C,0.022608428175945865,0.002247859817172807,0.45555248283758587,0.0,4.2917972132103524e-05,0.0,0.0,0.0,0.0,0.0,0.0,0.0,0.0,0.0
4932.YIL113W,0.06151953245155337,0.00922591675588834,0.4894915717661262,0.0,0.00028723615711272904,0.0,0.0,0.0,0.0,0.0,0.0,0.0,0.0,0.0
4932.YNL175C,0.09258689633958782,0.025601912731556882,0.4809415006435737,0.0,4.8803634611984084e-05,0.0,0.0,0.0,0.0,0.0,0.0,0.0,0.0,0.0
4932.YBR271W,0.0639803137496155,0.01633358440466186,0.4676502781716679,0.0,5.9107286790137565e-05,0.0,0.0,0.0,0.0,0.0,0.0,0.0,0.0,0.0
4932.YGR199W,0.01922485389111043,0.0018698553102333157,0.4477674073315411,0.0,2.4547310528360655e-05,0.0,0.0,0.0,0.0,0.0,0.0,0.0,0.0,0.0
4932.YPL089C,0.06167333128268226,0.007390298985474119,0.48047919367016595,0.0,0.00019067163758580352,0.0,0.0,0.0,0.0,0.0,0.0,0.0,0.0,0.0
4932.YCL040W,0.09796985542909875,0.011814148140573882,0.49354402363628475,0.0,0.00032074312338454126,0.0,0.0,0.0,0.0,0.0,0.0,0.0,0.0,0.0
4932.YGR159C,0.10535219932328514,0.027144397479918335,0.4926459905379321,0.0,0.00018187064022724133,0.0,0.0,0.0,0.0,0.0,0.0,0.0,0.0,0.0
4932.YKR066C,0.06905567517686866,0.009637791224811664,0.48326644468208574,0.0,0.00019495329747791151,0.0,0.0,0.0,0.0,0.0,0.0,0.0,0.0,0.0
4932.YBL051C,0.0835127653029837,0.016088884520143742,0.4932817592951738,0.0,0.00019766333395559684,0.0,0.0,0.0,0.0,0.0,0.0,0.0,0.0,0.0
4932.YGL028C,0.042602276222700707,0.010917282341910417,0.47012014290228077,0.0,6.301348708560787e-05,0.0,0.0,0.0,0.0,0.0,0.0,0.0,0.0,0.0
4932.YPR204W,0.026299600123039068,0.00455591178638294,0.46650876697503946,0.0,6.565504990737246e-05,0.0,0.0,0.0,0.0,0.0,0.0,0.0,0.0,0.0
4932.YNL256W,0.07490003075976623,0.016602337400606005,0.4822263907380575,0.0,0.00012397824564567712,0.0,0.0,0.0,0.0,0.0,0.0,0.0,0.0,0.0
4932.YNL200C,0.084435558289757,0.0097349161167553,0.4886449552711178,0.0,0.0005137584999299614,0.0,0.0,0.0,0.0,0.0,0.0,0.0,0.0,0.0
4932.YOR035C,0.02337742233159028,0.0031802197146128686,0.4598075725442488,0.0,2.669207246903431e-05,0.0,0.0,0.0,0.0,0.0,0.0,0.0,0.0,0.0
4932.YPL221W,0.05828975699784682,0.007986250263321315,0.4789210359076743,0.0,0.00014632030322268095,0.0,0.0,0.0,0.0,0.0,0.0,0.0,0.0,0.0
4932.YDR406W,0.04967702245462935,0.005583662731911256,0.47945108944110715,0.0,0.0001592522309774287,0.0,0.0,0.0,0.0,0.0,0.0,0.0,0.0,0.0
4932.YKL160W,0.026299600123039068,0.0040989639875176264,0.45883354153335154,0.0,2.703788495157934e-05,0.0,0.0,0.0,0.0,0.0,0.0,0.0,0.0,0.0
4932.YIL076W,0.06628729621654876,0.010497380280423883,0.48072801769588847,0.0,0.00023594227212371438,0.0,0.0,0.0,0.0,0.0,0.0,0.0,0.0,0.0
4932.YNL008C,0.02829898492771455,0.004018346117186778,0.46540614633973104,0.0,5.9346812149072695e-05,0.0,0.0,0.0,0.0,0.0,0.0,0.0,0.0,0.0
4932.YDR365C,0.10335281451860967,0.023829713785267416,0.49245931149642475,0.0,0.00021885843034861113,0.0,0.0,0.0,0.0,0.0,0.0,0.0,0.0,0.0
4932.YJR008W,0.05429098738849585,0.004774142921582146,0.4700181276813978,0.0,0.00010964773089226457,0.0,0.0,0.0,0.0,0.0,0.0,0.0,0.0,0.0
4932.YPL218W,0.04906182713011381,0.008332772816592988,0.471279417986316,0.0,9.576290779011057e-05,0.0,0.0,0.0,0.0,0.0,0.0,0.0,0.0,0.0
4932.YDR028C,0.020762842202399264,0.002570026453178842,0.45619212406594534,0.0,2.220415118658549e-05,0.0,0.0,0.0,0.0,0.0,0.0,0.0,0.0,0.0
4932.YMR092C,0.03137496155029222,0.00450809774831052,0.4647071883855628,0.0,5.0010171813476346e-05,0.0,0.0,0.0,0.0,0.0,0.0,0.0,0.0,0.0
4932.YJL167W,0.09043371270378346,0.016362263451222787,0.4979310816241628,0.0,0.0003825032148237756,0.0,0.0,0.0,0.0,0.0,0.0,0.0,0.0,0.0
4932.YLR196W,0.1150415256844048,0.029367380235242574,0.493994269058486,0.0,0.0001767430818888415,0.0,0.0,0.0,0.0,0.0,0.0,0.0,0.0,0.0
4932.YKR005C,0.054598585050753615,0.007144868632211384,0.48326644468208574,0.0,0.00036488334624383084,0.0,0.0,0.0,0.0,0.0,0.0,0.0,0.0,0.0
4932.YDL116W,0.05521378037526915,0.009987738550065161,0.4722384168019858,0.0,7.45726451191982e-05,0.0,0.0,0.0,0.0,0.0,0.0,0.0,0.0,0.0
4932.YOR132W,0.03860350661334974,0.0029864496970393077,0.46607377816635526,0.0,0.00010857658934999915,0.0,0.0,0.0,0.0,0.0,0.0,0.0,0.0,0.0
4932.YLR446W,0.04398646570286066,0.005767429713646969,0.47069906665666966,0.0,5.6796289054991724e-05,0.0,0.0,0.0,0.0,0.0,0.0,0.0,0.0,0.0
4932.YMR063W,0.07136265764380191,0.00943862918436441,0.49709307031787975,0.0,0.0007800197287279403,0.0,0.0,0.0,0.0,0.0,0.0,0.0,0.0,0.0
4932.YPL183C,0.0964318671178099,0.021089046211319216,0.4890126892832123,0.0,0.00024821784865324133,0.0,0.0,0.0,0.0,0.0,0.0,0.0,0.0,0.0
4932.YNL160W,0.04552445401414949,0.0053433165739385155,0.47090373325569423,0.0,7.944339393484502e-05,0.0,0.0,0.0,0.0,0.0,0.0,0.0,0.0,0.0
4932.YBR214W,0.10719778529683174,0.014899588499036442,0.4965233143726847,0.0,0.000569457141681317,0.0,0.0,0.0,0.0,0.0,0.0,0.0,0.0,0.0
4932.YAR027W,0.00584435558289757,0.000351841925873252,0.4146777674023819,0.0,0.0001992328772685219,0.0,0.0,0.0,0.0,0.0,0.0,0.0,0.0,0.0
4932.YLR303W,0.05090741310366041,0.008065553025528966,0.47660265624140563,0.0,0.00013796100668577336,0.0,0.0,0.0,0.0,0.0,0.0,0.0,0.0,0.0
4932.YBR162C,0.07582282374653954,0.013421391049721208,0.48993445036532646,0.0,0.00023054447092217897,0.0,0.0,0.0,0.0,0.0,0.0,0.0,0.0,0.0
4932.YHR047C,0.04629344816979391,0.010060407543475371,0.4708354912829016,0.0,5.9919594780798364e-05,0.0,0.0,0.0,0.0,0.0,0.0,0.0,0.0,0.0
4932.YMR161W,0.09120270685942787,0.018805011780357792,0.4944077162896846,0.0,0.0002469798994515506,0.0,0.0,0.0,0.0,0.0,0.0,0.0,0.0,0.0
4932.YML017W,0.07090126115041526,0.01819187128250036,0.48373413349179817,0.0,0.00016226734771819032,0.0,0.0,0.0,0.0,0.0,0.0,0.0,0.0,0.0
4932.YNL308C,0.08751153491233467,0.021162835661595908,0.48467223205753146,0.0,0.00014899503094815936,0.0,0.0,0.0,0.0,0.0,0.0,0.0,0.0,0.0
4932.YLR258W,0.09166410335281452,0.009988531961150366,0.4902671355964482,0.0,0.0003485403821246576,0.0,0.0,0.0,0.0,0.0,0.0,0.0,0.0,0.0
4932.YDL237W,0.06228852660719779,0.009361729489136383,0.48467223205753146,0.0,0.00027208163093932317,0.0,0.0,0.0,0.0,0.0,0.0,0.0,0.0,0.0
4932.YBL043W,0.0788988003691172,0.0118566129141616,0.49354402363628475,0.0,0.0003290759700697771,0.0,0.0,0.0,0.0,0.0,0.0,0.0,0.0,0.0
4932.YOR383C,0.01568748077514611,0.000987147455006514,0.4373401948576743,0.0,5.121836583846615e-05,0.0,0.0,0.0,0.0,0.0,0.0,0.0,0.0,0.0
4932.YNL125C,0.011381113503537373,0.0011256720311873499,0.43908376344316,0.0,1.3546481148292434e-05,0.0,0.0,0.0,0.0,0.0,0.0,0.0,0.0,0.0
4932.YBL022C,0.0715164564749308,0.012996037523221753,0.4855414044082287,0.0,0.0001780767990174949,0.0,0.0,0.0,0.0,0.0,0.0,0.0,0.0,0.0
4932.YPL128C,0.09443248231313442,0.01537984607231084,0.4928701922933347,0.0,0.0003606108139707047,0.0,0.0,0.0,0.0,0.0,0.0,0.0,0.0,0.0
4932.YOL082W,0.030913565056905568,0.0028454125733988105,0.45667303501267303,0.0,2.9556764887019214e-05,0.0,0.0,0.0,0.0,0.0,0.0,0.0,0.0,0.0
4932.YHR143W,0.05828975699784682,0.009456950246812926,0.48434709415588284,0.0,0.00017457341557500778,0.0,0.0,0.0,0.0,0.0,0.0,0.0,0.0,0.0
4932.YNL199C,0.08489695478314366,0.013125998357089379,0.49093386334204625,0.0,0.00028138000702086915,0.0,0.0,0.0,0.0,0.0,0.0,0.0,0.0,0.0
4932.YBR110W,0.04352506920947401,0.0046006422412187276,0.4714503820064808,0.0,0.00014839517847446937,0.0,0.0,0.0,0.0,0.0,0.0,0.0,0.0,0.0
4932.YPL247C,0.040141494924638574,0.003686300532692653,0.46537281495347166,0.0,0.00011594774402608404,0.0,0.0,0.0,0.0,0.0,0.0,0.0,0.0,0.0
4932.YPR065W,0.06305752076284221,0.008733425619504565,0.48499780677678195,0.0,0.00019762213824839987,0.0,0.0,0.0,0.0,0.0,0.0,0.0,0.0,0.0
4932.YBR105C,0.018609658566594894,0.002120988641691005,0.45558442229512197,0.0,5.449600779473358e-05,0.0,0.0,0.0,0.0,0.0,0.0,0.0,0.0,0.0
4932.YER129W,0.027529990772070134,0.0030242412925917035,0.45893075889507207,0.0,2.9622174184826578e-05,0.0,0.0,0.0,0.0,0.0,0.0,0.0,0.0,0.0
4932.YOR216C,0.12119347892956014,0.0229005126302402,0.5036428937525441,0.0,0.0006428237716705066,0.0,0.0,0.0,0.0,0.0,0.0,0.0,0.0,0.0
4932.YLR065C,0.05828975699784682,0.010190713236300747,0.48097709957034235,0.0,0.0003379339017832513,0.0,0.0,0.0,0.0,0.0,0.0,0.0,0.0,0.0
4932.YCR079W,0.062442325438326673,0.008787217030758687,0.4816544818912849,0.0,0.00017349325309527256,0.0,0.0,0.0,0.0,0.0,0.0,0.0,0.0,0.0
4932.YBL101C,0.018609658566594894,0.001538784761264738,0.44798349639402446,0.0,4.502340906415991e-05,0.0,0.0,0.0,0.0,0.0,0.0,0.0,0.0,0.0
4932.YBR171W,0.03552752999077207,0.003972233658799112,0.4623595143870304,0.0,0.00014906102832378402,0.0,0.0,0.0,0.0,0.0,0.0,0.0,0.0,0.0
4932.YNL004W,0.08797293140572132,0.02176128710419277,0.4907484793592119,0.0,0.00012976347095775632,0.0,0.0,0.0,0.0,0.0,0.0,0.0,0.0,0.0
4932.YHR161C,0.02383881882497693,0.002230651034665836,0.4561280791236364,0.0,4.403404150885463e-05,0.0,0.0,0.0,0.0,0.0,0.0,0.0,0.0,0.0
4932.YLR078C,0.024146416487234697,0.0024359365044880565,0.4539294876140639,0.0,5.1864662048287506e-05,0.0,0.0,0.0,0.0,0.0,0.0,0.0,0.0,0.0
4932.YMR305C,0.034450938172869885,0.0046323090059642085,0.47063088398604513,0.0,0.00016007287069572064,0.0,0.0,0.0,0.0,0.0,0.0,0.0,0.0,0.0
4932.YJL112W,0.0259920024607813,0.0037391951199573976,0.46371231108223254,0.0,5.85457870641224e-05,0.0,0.0,0.0,0.0,0.0,0.0,0.0,0.0,0.0
4932.YNR007C,0.03199015687480775,0.0032651583004527003,0.46503976348638976,0.0,7.086869657576555e-05,0.0,0.0,0.0,0.0,0.0,0.0,0.0,0.0,0.0
4932.YBR137W,0.007382343894186405,0.0007326487855326708,0.43087332505771003,0.0,3.2854583474685235e-05,0.0,0.0,0.0,0.0,0.0,0.0,0.0,0.0,0.0
4932.YPL204W,0.09135650569055676,0.014930060662114877,0.49023014826068084,0.0,0.000301516875753691,0.0,0.0,0.0,0.0,0.0,0.0,0.0,0.0,0.0
4932.YMR306W,0.01968625038449708,0.0016215140374733524,0.45465999266689927,0.0,0.0001601757357515083,0.0,0.0,0.0,0.0,0.0,0.0,0.0,0.0,0.0
4932.YLR345W,0.06259612426945556,0.006338027716538757,0.47632316487284304,0.0,0.00016035470328949191,0.0,0.0,0.0,0.0,0.0,0.0,0.0,0.0,0.0
4932.YBR054W,0.020762842202399264,0.0019333415750825231,0.4420408581765527,0.0,4.9908748935511824e-05,0.0,0.0,0.0,0.0,0.0,0.0,0.0,0.0,0.0
4932.YBR062C,0.04721624115656721,0.006238787338892708,0.48040814839533674,0.0,0.00018229056279654184,0.0,0.0,0.0,0.0,0.0,0.0,0.0,0.0,0.0
4932.YCR045C,0.04752383881882498,0.005430493502175321,0.482262180139181,0.0,0.000455277552171712,0.0,0.0,0.0,0.0,0.0,0.0,0.0,0.0,0.0
4932.YER134C,0.00984312519224854,0.0012877043437906938,0.4429750231914462,0.0,3.099927811359302e-05,0.0,0.0,0.0,0.0,0.0,0.0,0.0,0.0,0.0
4932.YLR113W,0.12857582282374655,0.02121100196964323,0.5077356317545964,0.0,0.0007564760099106921,0.0,0.0,0.0,0.0,0.0,0.0,0.0,0.0,0.0
4932.YLR343W,0.026145801291910183,0.0032206714443344386,0.46232661794345964,0.0,8.11084200915002e-05,0.0,0.0,0.0,0.0,0.0,0.0,0.0,0.0,0.0
4932.YHL030W,0.02768378960319902,0.003870747240218688,0.4616368723497673,0.0,6.541519883068576e-05,0.0,0.0,0.0,0.0,0.0,0.0,0.0,0.0,0.0
4932.YDR239C,0.04475545985850508,0.00769997661179806,0.47313241700854264,0.0,2.176493217014542e-05,0.0,0.0,0.0,0.0,0.0,0.0,0.0,0.0,0.0
4932.YDR395W,0.10458320516764073,0.02656085024176858,0.49137935686595013,0.0,0.00015797366114232806,0.0,0.0,0.0,0.0,0.0,0.0,0.0,0.0,0.0
4932.YPL129W,0.04352506920947401,0.006068475685699493,0.4701541578174752,0.0,8.077812791360757e-05,0.0,0.0,0.0,0.0,0.0,0.0,0.0,0.0,0.0
4932.YIR026C,0.12042448477391572,0.02772498999737156,0.5000385236779781,0.0,0.00035849883382176,0.0,0.0,0.0,0.0,0.0,0.0,0.0,0.0,0.0
4932.YFL014W,0.08566594893878807,0.010328522575364266,0.4953499477965639,0.0,0.0004577250502645642,0.0,0.0,0.0,0.0,0.0,0.0,0.0,0.0,0.0
4932.YER110C,0.11904029529375577,0.0288297273058273,0.5001154941272473,0.0,0.0004915359686122077,0.0,0.0,0.0,0.0,0.0,0.0,0.0,0.0,0.0
4932.YDL080C,0.028914180252230085,0.003889139693340807,0.458218786770702,0.0,5.0945065525686223e-05,0.0,0.0,0.0,0.0,0.0,0.0,0.0,0.0,0.0
4932.YPL169C,0.07136265764380191,0.014528399968941747,0.4825845239654901,0.0,0.0001347937228088385,0.0,0.0,0.0,0.0,0.0,0.0,0.0,0.0,0.0
4932.YPL184C,0.09889264841587204,0.024109808947692213,0.49565222083869753,0.0,0.00020473887771830485,0.0,0.0,0.0,0.0,0.0,0.0,0.0,0.0,0.0
4932.YMR219W,0.03521993232851431,0.004905283468979942,0.4682906179875558,0.0,8.547231304094132e-05,0.0,0.0,0.0,0.0,0.0,0.0,0.0,0.0,0.0
4932.YMR214W,0.1021224238695786,0.021750471143018882,0.4969410075860603,0.0,0.00047883023384615416,0.0,0.0,0.0,0.0,0.0,0.0,0.0,0.0,0.0
4932.YFL005W,0.06813288219009536,0.007739916891553335,0.4847445442144964,0.0,0.0003394347479264616,0.0,0.0,0.0,0.0,0.0,0.0,0.0,0.0,0.0
4932.YHR097C,0.0835127653029837,0.0101344050107527,0.48886552928041865,0.0,0.0002931590638991454,0.0,0.0,0.0,0.0,0.0,0.0,0.0,0.0,0.0
4932.YDR023W,0.11458012919101815,0.029317281756466095,0.49671308784553775,0.0,0.00016983685347391055,0.0,0.0,0.0,0.0,0.0,0.0,0.0,0.0,0.0
4932.YKR042W,0.059827745309135656,0.010357092581415584,0.48344621792986564,0.0,0.00015595809225047683,0.0,0.0,0.0,0.0,0.0,0.0,0.0,0.0,0.0
4932.YKL049C,0.15810519840049217,0.022565300121410517,0.5188438689871706,0.0,0.0019555152154414235,0.0,0.0,0.0,0.0,0.0,0.0,0.0,0.0,0.0
4932.YKL105C,0.07213165179944633,0.010267055150324866,0.4844554249754212,0.0,0.00011721215401754212,0.0,0.0,0.0,0.0,0.0,0.0,0.0,0.0,0.0
4932.YOR117W,0.0945862811442633,0.02044219608470501,0.49052620330605606,0.0,0.0001639073210119552,0.0,0.0,0.0,0.0,0.0,0.0,0.0,0.0,0.0
4932.YNL157W,0.010919717010150723,0.001377539966728538,0.44189055526659804,0.0,1.1080356229879312e-05,0.0,0.0,0.0,0.0,0.0,0.0,0.0,0.0,0.0
4932.YDR231C,0.04613964933866503,0.005615623301614623,0.46944087669378154,0.0,0.00021695006554352445,0.0,0.0,0.0,0.0,0.0,0.0,0.0,0.0,0.0
4932.YPR018W,0.04352506920947401,0.004884735356231473,0.4690342583510412,0.0,0.0001996405840852052,0.0,0.0,0.0,0.0,0.0,0.0,0.0,0.0,0.0
4932.YNL329C,0.052599200246078136,0.007920408814835498,0.47688247579592874,0.0,0.00011644887867624879,0.0,0.0,0.0,0.0,0.0,0.0,0.0,0.0,0.0
4932.YDL215C,0.08935712088588127,0.011092237608429928,0.4900822547096557,0.0,0.00036856866021314956,0.0,0.0,0.0,0.0,0.0,0.0,0.0,0.0,0.0
4932.YKL028W,0.031528760381421106,0.004761425696741054,0.46042660066572133,0.0,3.4403628756226706e-05,0.0,0.0,0.0,0.0,0.0,0.0,0.0,0.0,0.0
4932.YBR068C,0.027529990772070134,0.002972524479724041,0.46013316918250424,0.0,3.813236746643635e-05,0.0,0.0,0.0,0.0,0.0,0.0,0.0,0.0,0.0
4932.YDR358W,0.05921254998462012,0.005340671633163155,0.47517371957552645,0.0,0.0002937260826310267,0.0,0.0,0.0,0.0,0.0,0.0,0.0,0.0,0.0
4932.YBL047C,0.06644109504767765,0.007381266820537041,0.4801596553015093,0.0,0.00037391394669067054,0.0,0.0,0.0,0.0,0.0,0.0,0.0,0.0,0.0
4932.YML013W,0.04275607505382959,0.00472828291352726,0.47804021299163724,0.0,0.0003090871099716402,0.0,0.0,0.0,0.0,0.0,0.0,0.0,0.0,0.0
4932.YNL059C,0.025376807136265767,0.003299717144844112,0.4627216844830396,0.0,5.391524196591545e-05,0.0,0.0,0.0,0.0,0.0,0.0,0.0,0.0,0.0
4932.YAL053W,0.07136265764380191,0.010333555578073509,0.4833742925831529,0.0,0.00017388613965940667,0.0,0.0,0.0,0.0,0.0,0.0,0.0,0.0,0.0
4932.YGL115W,0.09966164257151647,0.01684795566695641,0.49354402363628475,0.0,0.0004009713639025611,0.0,0.0,0.0,0.0,0.0,0.0,0.0,0.0,0.0
4932.YDR068W,0.011534912334666258,0.0009933805541844796,0.4421912633681745,0.0,2.8709376759618863e-05,0.0,0.0,0.0,0.0,0.0,0.0,0.0,0.0,0.0
4932.YPL030W,0.04660104583205168,0.012039038470804859,0.45667303501267303,0.0,2.3808851526659778e-05,0.0,0.0,0.0,0.0,0.0,0.0,0.0,0.0,0.0
4932.YHR146W,0.018609658566594894,0.0024092931864921423,0.45873636535088774,0.0,3.1087366792303055e-05,0.0,0.0,0.0,0.0,0.0,0.0,0.0,0.0,0.0
4932.YKL112W,0.02922177791448785,0.004432957855543972,0.46222795669336497,0.0,3.7097593003227266e-05,0.0,0.0,0.0,0.0,0.0,0.0,0.0,0.0,0.0
4932.YPR149W,0.031067363888034452,0.0033137424497434644,0.4675493319323158,0.0,0.00010791735567780683,0.0,0.0,0.0,0.0,0.0,0.0,0.0,0.0,0.0
4932.YKL157W,0.0556751768686558,0.010270906913219021,0.47807538369594793,0.0,0.0001759247098841263,0.0,0.0,0.0,0.0,0.0,0.0,0.0,0.0,0.0
4932.YGR111W,0.09350968932636113,0.01897363779083349,0.49373152611468163,0.0,0.0002460599626151966,0.0,0.0,0.0,0.0,0.0,0.0,0.0,0.0,0.0
4932.YJL084C,0.034758535835127655,0.0032939178466848897,0.4634477294911436,0.0,9.31816304178058e-05,0.0,0.0,0.0,0.0,0.0,0.0,0.0,0.0,0.0
4932.YKL215C,0.019840049215625963,0.00176127160165684,0.4554886173556235,0.0,6.098239538679658e-05,0.0,0.0,0.0,0.0,0.0,0.0,0.0,0.0,0.0
4932.YEL012W,0.049215625961242696,0.00515251610809605,0.47179268243631195,0.0,0.00013781691769633716,0.0,0.0,0.0,0.0,0.0,0.0,0.0,0.0,0.0
4932.YMR173W-A,0.06075053829590896,0.008713064363225278,0.48557768757998243,0.0,0.00034346464802030645,0.0,0.0,0.0,0.0,0.0,0.0,0.0,0.0,0.0
4932.YKL065C,0.04521685635189173,0.005193578325255178,0.47420277422428114,0.0,0.00017188082971293306,0.0,0.0,0.0,0.0,0.0,0.0,0.0,0.0,0.0
4932.YKL120W,0.024761611811750232,0.0031285821259961154,0.4586392303215221,0.0,5.3320564500479074e-05,0.0,0.0,0.0,0.0,0.0,0.0,0.0,0.0,0.0
4932.YBR139W,0.05967394647800677,0.006176961643915487,0.48236958022383825,0.0,0.0002561734197939758,0.0,0.0,0.0,0.0,0.0,0.0,0.0,0.0,0.0
4932.YPL178W,0.08597354660104584,0.01603961051684597,0.4944829628791816,0.0,0.0004093204067216362,0.0,0.0,0.0,0.0,0.0,0.0,0.0,0.0,0.0
4932.YDR475C,0.02199323285143033,0.003171192735846252,0.4632164681490822,0.0,5.2172767797606365e-05,0.0,0.0,0.0,0.0,0.0,0.0,0.0,0.0,0.0
4932.YJL162C,0.09212549984620118,0.019442050373662652,0.5006549514751002,0.0,0.0005512330119081033,0.0,0.0,0.0,0.0,0.0,0.0,0.0,0.0,0.0
4932.YLR357W,0.048292832974469395,0.006578936405042123,0.46998413244577786,0.0,0.00010017337505025797,0.0,0.0,0.0,0.0,0.0,0.0,0.0,0.0,0.0
4932.YEL011W,0.10812057828360505,0.011337903296738913,0.4973594041481305,0.0,0.0006726122032015033,0.0,0.0,0.0,0.0,0.0,0.0,0.0,0.0,0.0
4932.YLR081W,0.03337434635496771,0.004549218420689202,0.4763580833659794,0.0,0.00019985846572467106,0.0,0.0,0.0,0.0,0.0,0.0,0.0,0.0,0.0
4932.YKL164C,0.018917256228852663,0.002740262083239657,0.4516263980536089,0.0,4.0134353095198193e-05,0.0,0.0,0.0,0.0,0.0,0.0,0.0,0.0,0.0
4932.YLR073C,0.1270378345124577,0.030030671945985157,0.503291814359486,0.0,0.0004665746491277967,0.0,0.0,0.0,0.0,0.0,0.0,0.0,0.0,0.0
4932.YGL027C,0.032605352199323284,0.0033125965523959117,0.4603287485970052,0.0,7.195978506471401e-05,0.0,0.0,0.0,0.0,0.0,0.0,0.0,0.0,0.0
4932.YKL197C,0.054906182713011384,0.00804942028101898,0.48129772721985964,0.0,0.00026727786763662055,0.0,0.0,0.0,0.0,0.0,0.0,0.0,0.0,0.0
4932.YCR024C-A,0.03752691479544756,0.005462128579050353,0.47604400111321055,0.0,0.0009677119145853136,0.0,0.0,0.0,0.0,0.0,0.0,0.0,0.0,0.0
4932.YBL058W,0.0538295908951092,0.008196370482644433,0.4766725803400326,0.0,0.00010918155937687842,0.0,0.0,0.0,0.0,0.0,0.0,0.0,0.0,0.0
4932.YDR342C,0.049523223623500465,0.007031509173332299,0.47607887868674076,0.0,6.728445569629195e-05,0.0,0.0,0.0,0.0,0.0,0.0,0.0,0.0,0.0
4932.YJR109C,0.061827130113811135,0.010670734950107666,0.4822263907380575,0.0,0.0001479324355868304,0.0,0.0,0.0,0.0,0.0,0.0,0.0,0.0,0.0
4932.YJR043C,0.03968009843125193,0.004506956242942513,0.4703583507198932,0.0,0.00020333915573115413,0.0,0.0,0.0,0.0,0.0,0.0,0.0,0.0,0.0
4932.YDR245W,0.04029529375576746,0.004934808813757263,0.46414290108538037,0.0,0.0001434163294591112,0.0,0.0,0.0,0.0,0.0,0.0,0.0,0.0,0.0
4932.YNL128W,0.08182097816056598,0.0091476237918788,0.4962199782508839,0.0,0.0009246226111706644,0.0,0.0,0.0,0.0,0.0,0.0,0.0,0.0,0.0
4932.YDR443C,0.08120578283605046,0.010919796835973121,0.4863408887953989,0.0,0.0004289081553460343,0.0,0.0,0.0,0.0,0.0,0.0,0.0,0.0,0.0
4932.YDL181W,0.057674561673331286,0.008440940117127779,0.4785330742466547,0.0,0.00013657760865552936,0.0,0.0,0.0,0.0,0.0,0.0,0.0,0.0,0.0
4932.YNL291C,0.08320516764072594,0.016216799720265875,0.48732567985565656,0.0,0.0002429811652865757,0.0,0.0,0.0,0.0,0.0,0.0,0.0,0.0,0.0
4932.YDL060W,0.11058135958166719,0.027874773068146688,0.49260864340803007,0.0,0.00013791808167939182,0.0,0.0,0.0,0.0,0.0,0.0,0.0,0.0,0.0
4932.YDL043C,0.07013226699477085,0.012490874522603095,0.48377014705146854,0.0,0.00025815032182942624,0.0,0.0,0.0,0.0,0.0,0.0,0.0,0.0,0.0
4932.YOR273C,0.040141494924638574,0.0032228391546054573,0.46818939514340546,0.0,0.00013122770316585243,0.0,0.0,0.0,0.0,0.0,0.0,0.0,0.0,0.0
4932.YGL022W,0.06813288219009536,0.014646923926820222,0.478286516649148,0.0,0.00014262598537747497,0.0,0.0,0.0,0.0,0.0,0.0,0.0,0.0,0.0
4932.YBR001C,0.058904952322362356,0.006488418438458661,0.4773729514542554,0.0,0.00017108707011510708,0.0,0.0,0.0,0.0,0.0,0.0,0.0,0.0,0.0
4932.YPL019C,0.014610888957243925,0.0019317081991836308,0.4610145878109489,0.0,7.5840420267199e-05,0.0,0.0,0.0,0.0,0.0,0.0,0.0,0.0,0.0
4932.YPR181C,0.056751768686557985,0.008837505350798395,0.4755910572491638,0.0,0.00012344964159318245,0.0,0.0,0.0,0.0,0.0,0.0,0.0,0.0,0.0
4932.YCR009C,0.054906182713011384,0.006276537302628138,0.477337884022282,0.0,0.0002256612562617803,0.0,0.0,0.0,0.0,0.0,0.0,0.0,0.0,0.0
4932.YER142C,0.022608428175945865,0.0025595448553149477,0.46282055663784366,0.0,5.131459565164948e-05,0.0,0.0,0.0,0.0,0.0,0.0,0.0,0.0,0.0
4932.YDR516C,0.07674561673331283,0.009127450922670413,0.4847445442144964,0.0,0.00024249064453337534,0.0,0.0,0.0,0.0,0.0,0.0,0.0,0.0,0.0
4932.YMR131C,0.12611504152568442,0.0324161929962415,0.49980775441853126,0.0,0.00015395786899791535,0.0,0.0,0.0,0.0,0.0,0.0,0.0,0.0,0.0
4932.YHR101C,0.007382343894186405,0.0010907550311406258,0.4220851325232429,0.0,6.698204124947215e-06,0.0,0.0,0.0,0.0,0.0,0.0,0.0,0.0,0.0
4932.YFL049W,0.06690249154106429,0.010270237151524395,0.48377014705146854,0.0,9.472840626328994e-05,0.0,0.0,0.0,0.0,0.0,0.0,0.0,0.0,0.0
4932.YML128C,0.08228237465395263,0.007769706412836019,0.49104516097599366,0.0,0.0005414301949682977,0.0,0.0,0.0,0.0,0.0,0.0,0.0,0.0,0.0
4932.YGR180C,0.059827745309135656,0.00952615527090126,0.48119080385036467,0.0,0.000134319326839218,0.0,0.0,0.0,0.0,0.0,0.0,0.0,0.0,0.0
4932.YOR025W,0.04552445401414949,0.005297779527407597,0.4806924556291851,0.0,0.00018917070596973073,0.0,0.0,0.0,0.0,0.0,0.0,0.0,0.0,0.0
4932.YLL066C,0.03798831128883421,0.005889951181760132,0.4762882514985945,0.0,0.0003422683170719594,0.0,0.0,0.0,0.0,0.0,0.0,0.0,0.0,0.0
4932.YER006W,0.13841894801599508,0.034547617044115894,0.5048559253512023,0.0,0.00022677458464499432,0.0,0.0,0.0,0.0,0.0,0.0,0.0,0.0,0.0
4932.YKL046C,0.02337742233159028,0.0025832394674330664,0.4589631738377825,0.0,5.353608557817456e-05,0.0,0.0,0.0,0.0,0.0,0.0,0.0,0.0,0.0
4932.YIR012W,0.07320824361734851,0.020349847862621707,0.47155301997063315,0.0,4.192942038952871e-05,0.0,0.0,0.0,0.0,0.0,0.0,0.0,0.0,0.0
4932.YGL121C,0.03737311596431867,0.003383702910857828,0.4601657542097107,0.0,0.0001060226955034082,0.0,0.0,0.0,0.0,0.0,0.0,0.0,0.0,0.0
4932.YPL069C,0.1011996308828053,0.016767483909007747,0.5067062238923367,0.0,0.0009079681817890798,0.0,0.0,0.0,0.0,0.0,0.0,0.0,0.0,0.0
4932.YML041C,0.028452783758843435,0.003091735501693741,0.46397719494432876,0.0,9.355036877132277e-05,0.0,0.0,0.0,0.0,0.0,0.0,0.0,0.0,0.0
4932.YER048C,0.022608428175945865,0.0034189602589718275,0.46196506577529683,0.0,3.195435815035847e-05,0.0,0.0,0.0,0.0,0.0,0.0,0.0,0.0,0.0
4932.YGL113W,0.09366348815749001,0.013904976268418775,0.4932443157124127,0.0,0.0002484907180567638,0.0,0.0,0.0,0.0,0.0,0.0,0.0,0.0,0.0
4932.YPL278C,0.03214395570593664,0.005014172269519217,0.4792035851913956,0.0,0.0004518289631648325,0.0,0.0,0.0,0.0,0.0,0.0,0.0,0.0,0.0
4932.YHR087W,0.04091048908028299,0.003739553505371622,0.4624253213204757,0.0,9.158483221153944e-05,0.0,0.0,0.0,0.0,0.0,0.0,0.0,0.0,0.0
4932.YDR151C,0.06674869270993541,0.009016263610255273,0.49414453347492965,0.0,0.0002962935825406113,0.0,0.0,0.0,0.0,0.0,0.0,0.0,0.0,0.0
4932.YOL070C,0.04752383881882498,0.00797992378126318,0.4736152051891636,0.0,2.8246639603769508e-05,0.0,0.0,0.0,0.0,0.0,0.0,0.0,0.0,0.0
4932.YKR079C,0.0938172869886189,0.022390495521551913,0.48608622196254675,0.0,0.00012403860661192772,0.0,0.0,0.0,0.0,0.0,0.0,0.0,0.0,0.0
4932.YOL090W,0.06521070439864657,0.008018974386470472,0.48012417727171014,0.0,0.00017789216868552898,0.0,0.0,0.0,0.0,0.0,0.0,0.0,0.0,0.0
4932.YNL118C,0.06413411258074439,0.011418177209311025,0.4815473999700107,0.0,0.00017109074993108396,0.0,0.0,0.0,0.0,0.0,0.0,0.0,0.0,0.0
4932.YBR133C,0.07428483543525069,0.014119008470891228,0.48362612497732393,0.0,0.00043664827206427826,0.0,0.0,0.0,0.0,0.0,0.0,0.0,0.0,0.0
4932.YBR059C,0.03414334051061212,0.0033244652402877176,0.4643750886296952,0.0,5.6050993904980745e-05,0.0,0.0,0.0,0.0,0.0,0.0,0.0,0.0,0.0
4932.YBR177C,0.01922485389111043,0.002272337989048632,0.4504367541380372,0.0,1.7531054464881897e-05,0.0,0.0,0.0,0.0,0.0,0.0,0.0,0.0,0.0
4932.YBR229C,0.06905567517686866,0.008889610168588982,0.48254868670691553,0.0,0.0002852752149810776,0.0,0.0,0.0,0.0,0.0,0.0,0.0,0.0,0.0
4932.YKL033W-A,0.033528145186096585,0.004275644056750116,0.47306352760594966,0.0,0.00011929190476716607,0.0,0.0,0.0,0.0,0.0,0.0,0.0,0.0,0.0
4932.YER003C,0.042909873884958476,0.006569543956286595,0.4696444503610382,0.0,9.308816183985299e-05,0.0,0.0,0.0,0.0,0.0,0.0,0.0,0.0,0.0
4932.YOR227W,0.03368194401722547,0.004928306144493753,0.4681556639189715,0.0,2.5902595106871924e-05,0.0,0.0,0.0,0.0,0.0,0.0,0.0,0.0,0.0
4932.YDR525W-A,0.010919717010150723,0.0008620526833273194,0.4451295119328213,0.0,0.0001282160974880189,0.0,0.0,0.0,0.0,0.0,0.0,0.0,0.0,0.0
4932.YEL041W,0.03675792063980314,0.003998232545503247,0.4689327138049596,0.0,9.886003657346703e-05,0.0,0.0,0.0,0.0,0.0,0.0,0.0,0.0,0.0
4932.YIL016W,0.036604121808674256,0.008646825980837434,0.4669110163968761,0.0,4.565640573118902e-05,0.0,0.0,0.0,0.0,0.0,0.0,0.0,0.0,0.0
4932.YFR012W,0.04660104583205168,0.006764390880946832,0.48637729155653625,0.0,0.000399402515252674,0.0,0.0,0.0,0.0,0.0,0.0,0.0,0.0,0.0
4932.YCR082W,0.004306367271608736,0.00044557770740343786,0.40862788424068197,0.0,3.2532687239407817e-06,0.0,0.0,0.0,0.0,0.0,0.0,0.0,0.0,0.0
4932.YDR348C,0.05152260842817595,0.008584675436670599,0.4765327526543946,0.0,4.357951374120307e-05,0.0,0.0,0.0,0.0,0.0,0.0,0.0,0.0,0.0
4932.YBR010W,0.17102430021531836,0.028702950169553786,0.5207148501639013,0.0,0.0012573984007260603,0.0,0.0,0.0,0.0,0.0,0.0,0.0,0.0,0.0
4932.YNL075W,0.10642879114118733,0.027197736298423505,0.49119363634404145,0.0,0.00010962333227720173,0.0,0.0,0.0,0.0,0.0,0.0,0.0,0.0,0.0
4932.YPL050C,0.03460473700399877,0.004438670360732605,0.4702562321027156,0.0,0.00010810909209041635,0.0,0.0,0.0,0.0,0.0,0.0,0.0,0.0,0.0
4932.YKR087C,0.03521993232851431,0.00550748172834488,0.4649399409842104,0.0,5.961505313716861e-05,0.0,0.0,0.0,0.0,0.0,0.0,0.0,0.0,0.0
4932.YNL072W,0.08505075361427254,0.013639437944800213,0.49789292890930387,0.0,0.0005491122027776284,0.0,0.0,0.0,0.0,0.0,0.0,0.0,0.0,0.0
4932.YLR136C,0.056136573362042454,0.006788489985129761,0.48441930931827376,0.0,0.00024229721840415773,0.0,0.0,0.0,0.0,0.0,0.0,0.0,0.0,0.0
4932.YGL114W,0.02814518609658567,0.002778898951651085,0.4574446050823882,0.0,5.48456462212419e-05,0.0,0.0,0.0,0.0,0.0,0.0,0.0,0.0,0.0
4932.YMR223W,0.050446016610273765,0.008260380708350508,0.4825128547705743,0.0,0.00015212849199583474,0.0,0.0,0.0,0.0,0.0,0.0,0.0,0.0,0.0
4932.YHR120W,0.053521993232851436,0.007673312410111059,0.47576516438683003,0.0,0.00011928609786246533,0.0,0.0,0.0,0.0,0.0,0.0,0.0,0.0,0.0
4932.YBL002W,0.07736081205782837,0.015223020303922287,0.49019316650538053,0.0,0.0002823257926642012,0.0,0.0,0.0,0.0,0.0,0.0,0.0,0.0,0.0
4932.YCR034W,0.051368809597047066,0.010109037220461973,0.4764628695699754,0.0,0.00013530605419851213,0.0,0.0,0.0,0.0,0.0,0.0,0.0,0.0,0.0
4932.YPL060W,0.006151953245155337,0.000576862158125335,0.42520616510897297,0.0,9.530933727794379e-06,0.0,0.0,0.0,0.0,0.0,0.0,0.0,0.0,0.0
4932.YDL020C,0.04675484466318056,0.005476013416399157,0.47489590113245084,0.0,0.00035826003328696254,0.0,0.0,0.0,0.0,0.0,0.0,0.0,0.0,0.0
4932.YGL025C,0.06890187634573977,0.009828518100405172,0.4842388117740014,0.0,0.0002609035470213805,0.0,0.0,0.0,0.0,0.0,0.0,0.0,0.0,0.0
4932.YER051W,0.03337434635496771,0.004747318928063021,0.46637483780918143,0.0,4.1234779164019077e-05,0.0,0.0,0.0,0.0,0.0,0.0,0.0,0.0,0.0
4932.YOR359W,0.0927406951707167,0.016850948073290337,0.49119363634404145,0.0,0.0008880665352253901,0.0,0.0,0.0,0.0,0.0,0.0,0.0,0.0,0.0
4932.YMR261C,0.05029221777914488,0.005726701096226576,0.47189546951309547,0.0,0.00010397579982690801,0.0,0.0,0.0,0.0,0.0,0.0,0.0,0.0,0.0
4932.YGL086W,0.03491233466625654,0.003604678228099252,0.4630844224055961,0.0,0.00023216057353254183,0.0,0.0,0.0,0.0,0.0,0.0,0.0,0.0,0.0
4932.YAL021C,0.04890802829898493,0.007265473901105802,0.4760091286495733,0.0,0.00010113389011215555,0.0,0.0,0.0,0.0,0.0,0.0,0.0,0.0,0.0
4932.YOL007C,0.06505690556751768,0.011215668268801502,0.48579550053792797,0.0,0.00013470056574425312,0.0,0.0,0.0,0.0,0.0,0.0,0.0,0.0,0.0
4932.YDL003W,0.07351584127960628,0.010201037869531835,0.4844554249754212,0.0,0.00021462139889541197,0.0,0.0,0.0,0.0,0.0,0.0,0.0,0.0,0.0
4932.YOR254C,0.07274684712396186,0.012974728196849099,0.48147603847031156,0.0,0.00024035486066784344,0.0,0.0,0.0,0.0,0.0,0.0,0.0,0.0,0.0
4932.YML031W,0.06521070439864657,0.011807339048336864,0.4808703185965607,0.0,0.00011775204040017711,0.0,0.0,0.0,0.0,0.0,0.0,0.0,0.0,0.0
4932.YBL086C,0.050753614272531535,0.007373397195112681,0.4768474803841876,0.0,5.4398248925895626e-05,0.0,0.0,0.0,0.0,0.0,0.0,0.0,0.0,0.0
4932.YDR077W,0.05183020609043371,0.006481365705156419,0.48040814839533674,0.0,0.0001767885529032422,0.0,0.0,0.0,0.0,0.0,0.0,0.0,0.0,0.0
4932.YDR019C,0.058597354660104586,0.008297531676732854,0.48065689882353163,0.0,0.00010170541186183343,0.0,0.0,0.0,0.0,0.0,0.0,0.0,0.0,0.0
4932.YJL171C,0.06459550907413104,0.009877929277926642,0.482262180139181,0.0,0.00013212596727902288,0.0,0.0,0.0,0.0,0.0,0.0,0.0,0.0,0.0
4932.YDL209C,0.08120578283605046,0.02088964162284504,0.4883511660300109,0.0,7.686722960776253e-05,0.0,0.0,0.0,0.0,0.0,0.0,0.0,0.0,0.0
4932.YNL117W,0.07182405413718856,0.007568906183048895,0.4900822547096557,0.0,0.0002856059403121718,0.0,0.0,0.0,0.0,0.0,0.0,0.0,0.0,0.0
4932.YJR060W,0.05521378037526915,0.00596164601436989,0.48478070838520776,0.0,0.0003466993904663642,0.0,0.0,0.0,0.0,0.0,0.0,0.0,0.0,0.0
4932.YOR160W,0.03675792063980314,0.00764672803814317,0.46457429149891505,0.0,3.786162120659313e-05,0.0,0.0,0.0,0.0,0.0,0.0,0.0,0.0,0.0
4932.YHR195W,0.01122731467240849,0.0006575353707336978,0.4287411332274561,0.0,1.785376952347053e-05,0.0,0.0,0.0,0.0,0.0,0.0,0.0,0.0,0.0
4932.YHR030C,0.08059058751153492,0.011031177268230491,0.4871795333029933,0.0,0.0003142387770882799,0.0,0.0,0.0,0.0,0.0,0.0,0.0,0.0,0.0
4932.YGR204W,0.06351891725622885,0.011698509965372068,0.4832305060753569,0.0,8.958271181099354e-05,0.0,0.0,0.0,0.0,0.0,0.0,0.0,0.0,0.0
4932.YDR487C,0.05521378037526915,0.00872178609168181,0.47948646806340944,0.0,0.0001511492314832108,0.0,0.0,0.0,0.0,0.0,0.0,0.0,0.0,0.0
4932.YPR198W,0.024761611811750232,0.0029603808670222716,0.46196506577529683,0.0,7.965171660582484e-05,0.0,0.0,0.0,0.0,0.0,0.0,0.0,0.0,0.0
4932.YDR109C,0.06075053829590896,0.009777444031523507,0.48197601358814157,0.0,9.654305382488671e-05,0.0,0.0,0.0,0.0,0.0,0.0,0.0,0.0,0.0
4932.YOL032W,0.03521993232851431,0.004539972360649096,0.46580649571292654,0.0,7.935037267140921e-05,0.0,0.0,0.0,0.0,0.0,0.0,0.0,0.0,0.0
4932.YDL051W,0.1410335281451861,0.035702630364376646,0.506666714635113,0.0,0.0002069044605337042,0.0,0.0,0.0,0.0,0.0,0.0,0.0,0.0,0.0
4932.YMR196W,0.054598585050753615,0.005209627342983792,0.47458374344108417,0.0,0.00014877284489332284,0.0,0.0,0.0,0.0,0.0,0.0,0.0,0.0,0.0
4932.YGL190C,0.06290372193171333,0.008505471956755129,0.4799468657356766,0.0,0.00012807143558104075,0.0,0.0,0.0,0.0,0.0,0.0,0.0,0.0,0.0
4932.YJR054W,0.06936327283912642,0.011084621658533545,0.48373413349179817,0.0,0.00016327847589247602,0.0,0.0,0.0,0.0,0.0,0.0,0.0,0.0,0.0
4932.YLR286C,0.02337742233159028,0.0023213722940367554,0.4557441867860376,0.0,5.173443863267352e-05,0.0,0.0,0.0,0.0,0.0,0.0,0.0,0.0,0.0
4932.YPL154C,0.08935712088588127,0.010540057913593949,0.49134220152705665,0.0,0.000513864040623095,0.0,0.0,0.0,0.0,0.0,0.0,0.0,0.0,0.0
4932.YHR137W,0.02829898492771455,0.0030353910702932167,0.4523809952099223,0.0,3.291726196259703e-05,0.0,0.0,0.0,0.0,0.0,0.0,0.0,0.0,0.0
4932.YBR276C,0.04906182713011381,0.008262657119699276,0.4754170774945365,0.0,6.746239065487652e-05,0.0,0.0,0.0,0.0,0.0,0.0,0.0,0.0,0.0
4932.YKL142W,0.03183635804367887,0.0030017434882301805,0.4564484837872524,0.0,5.665251309102074e-05,0.0,0.0,0.0,0.0,0.0,0.0,0.0,0.0,0.0
4932.YJL196C,0.02906797908335897,0.0030927881024970833,0.4671459824008141,0.0,6.807694808364092e-05,0.0,0.0,0.0,0.0,0.0,0.0,0.0,0.0,0.0
4932.YJR002W,0.08951091971701015,0.022789040883654278,0.48219060664851027,0.0,7.362071789394942e-05,0.0,0.0,0.0,0.0,0.0,0.0,0.0,0.0,0.0
4932.YJL073W,0.09581667179329438,0.019626454653109124,0.49365650802972916,0.0,0.00037781024256825543,0.0,0.0,0.0,0.0,0.0,0.0,0.0,0.0,0.0
4932.YGR218W,0.1290372193171332,0.024086303476970432,0.5023579911244935,0.0,0.0006175059837703924,0.0,0.0,0.0,0.0,0.0,0.0,0.0,0.0,0.0
4932.YIL010W,0.04537065518302061,0.007508561277046218,0.47172418259131216,0.0,4.775526408039717e-05,0.0,0.0,0.0,0.0,0.0,0.0,0.0,0.0,0.0
4932.YNL192W,0.059366348815749,0.007305670305542105,0.4810483132362544,0.0,0.0002573381643232193,0.0,0.0,0.0,0.0,0.0,0.0,0.0,0.0,0.0
4932.YNL138W,0.023992617656105816,0.003752552407609455,0.4591577596944124,0.0,1.45088672544971e-05,0.0,0.0,0.0,0.0,0.0,0.0,0.0,0.0,0.0
4932.YER175C,0.056751768686557985,0.010948617925992285,0.48831446721239385,0.0,0.00026808354708662515,0.0,0.0,0.0,0.0,0.0,0.0,0.0,0.0,0.0
4932.YIR039C,0.03706551830206091,0.004402398093886006,0.4693052589336505,0.0,0.00011263011300841304,0.0,0.0,0.0,0.0,0.0,0.0,0.0,0.0,0.0
4932.YBL024W,0.13318978775761306,0.03207204571698214,0.5037600290871638,0.0,0.00029490468110730827,0.0,0.0,0.0,0.0,0.0,0.0,0.0,0.0,0.0
4932.YLR310C,0.058597354660104586,0.007257833439112361,0.4774781846715648,0.0,0.00013944605190902178,0.0,0.0,0.0,0.0,0.0,0.0,0.0,0.0,0.0
4932.YOL041C,0.16487234697016304,0.038464099773171306,0.517480338870377,0.0,0.0005122501103079519,0.0,0.0,0.0,0.0,0.0,0.0,0.0,0.0,0.0
4932.YDR328C,0.07428483543525069,0.011715635927508081,0.48842458021612484,0.0,0.0007187460227542537,0.0,0.0,0.0,0.0,0.0,0.0,0.0,0.0,0.0
4932.YFL021W,0.040756690249154105,0.004874182559961475,0.4764279357134192,0.0,0.00013944396225011384,0.0,0.0,0.0,0.0,0.0,0.0,0.0,0.0,0.0
4932.YJL151C,0.025838203629652418,0.002470925486553724,0.4630514227317982,0.0,0.00011130825833267074,0.0,0.0,0.0,0.0,0.0,0.0,0.0,0.0,0.0
4932.YKL172W,0.1205782836050446,0.029896705946761918,0.4985423212517512,0.0,0.0007031277726114478,0.0,0.0,0.0,0.0,0.0,0.0,0.0,0.0,0.0
4932.YOR057W,0.033835742848354354,0.005810171412490188,0.46660926433974753,0.0,5.1490933320918614e-05,0.0,0.0,0.0,0.0,0.0,0.0,0.0,0.0,0.0
4932.YLL026W,0.143801907105506,0.02101603225628994,0.5096870825315966,0.0,0.000741503097246542,0.0,0.0,0.0,0.0,0.0,0.0,0.0,0.0,0.0
4932.YPR062W,0.022762227007074746,0.004015555115489788,0.4577668626414459,0.0,2.4788580666171342e-05,0.0,0.0,0.0,0.0,0.0,0.0,0.0,0.0,0.0
4932.YKL069W,0.012150107659181791,0.001590270406653386,0.4458625370656872,0.0,1.9865639084549773e-05,0.0,0.0,0.0,0.0,0.0,0.0,0.0,0.0,0.0
4932.YNR033W,0.04475545985850508,0.006125364763489695,0.4737187880145312,0.0,0.00013212020563351686,0.0,0.0,0.0,0.0,0.0,0.0,0.0,0.0,0.0
4932.YOR389W,0.05736696401107352,0.008284582777252344,0.4824053908830976,0.0,0.0001821954870980192,0.0,0.0,0.0,0.0,0.0,0.0,0.0,0.0,0.0
4932.YFR016C,0.029375576745616735,0.003895649649464935,0.46464073043942256,0.0,5.2529557201144245e-05,0.0,0.0,0.0,0.0,0.0,0.0,0.0,0.0,0.0
4932.YLR241W,0.004613964933866503,0.0003149811541723393,0.4081145971106221,0.0,2.5504038090583664e-06,0.0,0.0,0.0,0.0,0.0,0.0,0.0,0.0,0.0
4932.YDR258C,0.13226699477083975,0.018813935672326303,0.5054842952310638,0.0,0.0008291826525733413,0.0,0.0,0.0,0.0,0.0,0.0,0.0,0.0,0.0
4932.YGL047W,0.0259920024607813,0.0025237341480891886,0.4625569914005784,0.0,5.763946017314189e-05,0.0,0.0,0.0,0.0,0.0,0.0,0.0,0.0,0.0
4932.YDR158W,0.07382343894186405,0.01317893429300886,0.48481687795234835,0.0,0.00016813172576373022,0.0,0.0,0.0,0.0,0.0,0.0,0.0,0.0,0.0
4932.YGR040W,0.06198092894494002,0.010189346025699802,0.48030161986808523,0.0,0.0001938475740990811,0.0,0.0,0.0,0.0,0.0,0.0,0.0,0.0,0.0
4932.YDR168W,0.03844970778222086,0.007017438724059836,0.46681038902265265,0.0,4.8621288057926254e-05,0.0,0.0,0.0,0.0,0.0,0.0,0.0,0.0,0.0
4932.YPR093C,0.026145801291910183,0.004056533772536185,0.46457429149891505,0.0,4.054122310956481e-05,0.0,0.0,0.0,0.0,0.0,0.0,0.0,0.0,0.0
4932.YER065C,0.05721316517994464,0.006249569190634449,0.4781457406324742,0.0,0.00015162930580457136,0.0,0.0,0.0,0.0,0.0,0.0,0.0,0.0,0.0
4932.YHR197W,0.11811750230698248,0.02844496804299354,0.4973974751374253,0.0,0.00017602417596683165,0.0,0.0,0.0,0.0,0.0,0.0,0.0,0.0,0.0
4932.YIL066C,0.09258689633958782,0.01572879407096243,0.49984620116887113,0.0,0.0005302797736006049,0.0,0.0,0.0,0.0,0.0,0.0,0.0,0.0,0.0
4932.YLR177W,0.02153183635804368,0.0017906928670153365,0.44330745089339096,0.0,2.2974438508800686e-05,0.0,0.0,0.0,0.0,0.0,0.0,0.0,0.0,0.0
4932.YPR154W,0.04813903414334051,0.0064897504335864,0.477022508823618,0.0,0.00010125720007975547,0.0,0.0,0.0,0.0,0.0,0.0,0.0,0.0,0.0
4932.YKR046C,0.021685635189172565,0.002022195223346074,0.4525070066292009,0.0,3.229219828631384e-05,0.0,0.0,0.0,0.0,0.0,0.0,0.0,0.0,0.0
4932.YHL034C,0.06828668102122425,0.018359186583854156,0.4819045250070695,0.0,0.00011972111800691057,0.0,0.0,0.0,0.0,0.0,0.0,0.0,0.0,0.0
4932.YJR111C,0.042602276222700707,0.0072480003567085526,0.4727881704886005,0.0,6.785331068055783e-05,0.0,0.0,0.0,0.0,0.0,0.0,0.0,0.0,0.0
4932.YGR142W,0.03937250076899416,0.005854713025676509,0.473235788740465,0.0,0.00013170543762361928,0.0,0.0,0.0,0.0,0.0,0.0,0.0,0.0,0.0
4932.YGR048W,0.04721624115656721,0.006445114744239298,0.47416817098623215,0.0,0.00012965235855443507,0.0,0.0,0.0,0.0,0.0,0.0,0.0,0.0,0.0
4932.YKL035W,0.06721008920332205,0.009325429587448027,0.4806924556291851,0.0,0.00015391864384827248,0.0,0.0,0.0,0.0,0.0,0.0,0.0,0.0,0.0
4932.YPL223C,0.03614272531528761,0.003177002646789464,0.4602309381114332,0.0,9.155340217745235e-05,0.0,0.0,0.0,0.0,0.0,0.0,0.0,0.0,0.0
4932.YPL277C,0.06274992310058444,0.008902273519491681,0.49253396613320133,0.0,0.0006469126663446166,0.0,0.0,0.0,0.0,0.0,0.0,0.0,0.0,0.0
4932.YGL173C,0.09043371270378346,0.014936904527641287,0.49234737196509504,0.0,0.0004236518914726401,0.0,0.0,0.0,0.0,0.0,0.0,0.0,0.0,0.0
4932.YLR270W,0.05321439557059367,0.005537823434985365,0.4761486491679728,0.0,0.00018624581379931453,0.0,0.0,0.0,0.0,0.0,0.0,0.0,0.0,0.0
4932.YDR512C,0.03337434635496771,0.004784743494213396,0.47538229681727445,0.0,0.0001268083991305376,0.0,0.0,0.0,0.0,0.0,0.0,0.0,0.0,0.0
4932.YIL162W,0.057059366348815754,0.007313883062584296,0.47761856782031054,0.0,0.00022953363808772984,0.0,0.0,0.0,0.0,0.0,0.0,0.0,0.0,0.0
4932.YGR279C,0.0269147954475546,0.00415376815655508,0.4602961404827743,0.0,1.672052485180341e-05,0.0,0.0,0.0,0.0,0.0,0.0,0.0,0.0,0.0
4932.YLR176C,0.018455859735466013,0.0021115923581962277,0.4583804045707763,0.0,6.0907700688945164e-05,0.0,0.0,0.0,0.0,0.0,0.0,0.0,0.0,0.0
4932.YGR019W,0.08397416179637035,0.00834256253354334,0.48402239219332027,0.0,0.00028954825966667075,0.0,0.0,0.0,0.0,0.0,0.0,0.0,0.0,0.0
4932.YJL159W,0.03214395570593664,0.004345349098079129,0.46637483780918143,0.0,0.00013142553830138771,0.0,0.0,0.0,0.0,0.0,0.0,0.0,0.0,0.0
4932.YGR184C,0.053675792063980314,0.0068087162475381074,0.4762533432421083,0.0,0.00015487509595683271,0.0,0.0,0.0,0.0,0.0,0.0,0.0,0.0,0.0
4932.YDL213C,0.13672716087357736,0.03337369479589826,0.5077753078999238,0.0,0.0004277521068859704,0.0,0.0,0.0,0.0,0.0,0.0,0.0,0.0,0.0
4932.YNL327W,0.07382343894186405,0.011918262586974334,0.4870334743813015,0.0,0.00017221222540560072,0.0,0.0,0.0,0.0,0.0,0.0,0.0,0.0,0.0
4932.YJR072C,0.06198092894494002,0.015587387399788228,0.4700181276813978,0.0,6.0361384350659664e-05,0.0,0.0,0.0,0.0,0.0,0.0,0.0,0.0,0.0
4932.YDR515W,0.05429098738849585,0.013263038331122152,0.4758696898714994,0.0,0.0002242391410192202,0.0,0.0,0.0,0.0,0.0,0.0,0.0,0.0,0.0
4932.YDL091C,0.029836973239003386,0.0027110115129364153,0.46674332819963543,0.0,0.00010827708668408787,0.0,0.0,0.0,0.0,0.0,0.0,0.0,0.0,0.0
4932.YBR267W,0.10658258997231622,0.02548910344196154,0.4914908566065596,0.0,0.0003675817588497383,0.0,0.0,0.0,0.0,0.0,0.0,0.0,0.0,0.0
4932.YGR055W,0.03998769609350969,0.003981331229103093,0.47080137771303615,0.0,0.00014230005072072443,0.0,0.0,0.0,0.0,0.0,0.0,0.0,0.0,0.0
4932.YDL025C,0.03937250076899416,0.004412248048820428,0.4678859889973592,0.0,4.7091436638482844e-05,0.0,0.0,0.0,0.0,0.0,0.0,0.0,0.0,0.0
4932.YER096W,0.021685635189172565,0.0025064912488157814,0.4585744964852029,0.0,5.987160673787345e-05,0.0,0.0,0.0,0.0,0.0,0.0,0.0,0.0,0.0
4932.YDR508C,0.0269147954475546,0.0034660170808373477,0.46245823181234963,0.0,5.150549207121812e-05,0.0,0.0,0.0,0.0,0.0,0.0,0.0,0.0,0.0
4932.YGL160W,0.013226699477083975,0.0020365288373277754,0.44715115711500997,0.0,1.4300604030834851e-05,0.0,0.0,0.0,0.0,0.0,0.0,0.0,0.0,0.0
4932.YDR482C,0.024607812980621348,0.003638817226229127,0.46196506577529683,0.0,8.541377841243781e-05,0.0,0.0,0.0,0.0,0.0,0.0,0.0,0.0,0.0
4932.YKL129C,0.02860658258997232,0.0030082478081176088,0.46183373242326403,0.0,5.5429495243917105e-05,0.0,0.0,0.0,0.0,0.0,0.0,0.0,0.0,0.0
4932.YAR002C-A,0.041371885573669644,0.005226720777374709,0.4651729268519812,0.0,8.797571003225486e-05,0.0,0.0,0.0,0.0,0.0,0.0,0.0,0.0,0.0
4932.YCL035C,0.04875422946785605,0.006790731697127095,0.474722429514562,0.0,6.897798409586022e-05,0.0,0.0,0.0,0.0,0.0,0.0,0.0,0.0,0.0
4932.YLR050C,0.04583205167640726,0.005904096630984102,0.4830149866346038,0.0,0.00023845000925244408,0.0,0.0,0.0,0.0,0.0,0.0,0.0,0.0,0.0
4932.YHR117W,0.026760996616425718,0.004787751895420508,0.4616368723497673,0.0,3.783469997927126e-05,0.0,0.0,0.0,0.0,0.0,0.0,0.0,0.0,0.0
4932.YPL254W,0.04721624115656721,0.008951640985235475,0.47199830138703597,0.0,7.56367104850714e-05,0.0,0.0,0.0,0.0,0.0,0.0,0.0,0.0,0.0
4932.YML047C,0.04044909258689634,0.005875090438996994,0.476113761371287,0.0,0.00012198953243137065,0.0,0.0,0.0,0.0,0.0,0.0,0.0,0.0,0.0
4932.YOR373W,0.08643494309443249,0.013668488978105561,0.4902671355964482,0.0,0.0002066083661174265,0.0,0.0,0.0,0.0,0.0,0.0,0.0,0.0,0.0
4932.YBL056W,0.04998462011688711,0.008486579192397205,0.4764978085499248,0.0,7.044402511863932e-05,0.0,0.0,0.0,0.0,0.0,0.0,0.0,0.0,0.0
4932.YER059W,0.0050753614272531535,0.0004703698681085508,0.41771667621466474,0.0,7.07614517531942e-06,0.0,0.0,0.0,0.0,0.0,0.0,0.0,0.0,0.0
4932.YPR086W,0.05782836050446017,0.010531372058720935,0.47761856782031054,0.0,0.00015572879580917802,0.0,0.0,0.0,0.0,0.0,0.0,0.0,0.0,0.0
4932.YML133C,0.04152568440479853,0.006088300637353465,0.47607887868674076,0.0,0.000921717327121396,0.0,0.0,0.0,0.0,0.0,0.0,0.0,0.0,0.0
4932.YGR143W,0.026760996616425718,0.0027961894529845684,0.4625240668514004,0.0,5.32728082259632e-05,0.0,0.0,0.0,0.0,0.0,0.0,0.0,0.0,0.0
4932.YIL169C,0.06782528452783759,0.010326802493959997,0.4856139761748244,0.0,0.00040908086331399975,0.0,0.0,0.0,0.0,0.0,0.0,0.0,0.0,0.0
4932.YFL044C,0.01614887726853276,0.0022905150974408483,0.45112473029681505,0.0,2.173990926269743e-05,0.0,0.0,0.0,0.0,0.0,0.0,0.0,0.0,0.0
4932.YHR094C,0.049523223623500465,0.008789328111136864,0.4770925561817419,0.0,0.0002082335259893757,0.0,0.0,0.0,0.0,0.0,0.0,0.0,0.0,0.0
4932.YCR021C,0.03229775453706552,0.0032060623013364952,0.4589955933598449,0.0,7.133745589385637e-05,0.0,0.0,0.0,0.0,0.0,0.0,0.0,0.0,0.0
4932.YNL268W,0.03521993232851431,0.004133174194924512,0.471279417986316,0.0,0.0001612574679860054,0.0,0.0,0.0,0.0,0.0,0.0,0.0,0.0,0.0
4932.YDL190C,0.03199015687480775,0.004200125478324752,0.4651729268519812,0.0,5.8297341613066625e-05,0.0,0.0,0.0,0.0,0.0,0.0,0.0,0.0,0.0
4932.YMR300C,0.09597047062442327,0.01896454917415292,0.49219819839382856,0.0,0.0002194898337757208,0.0,0.0,0.0,0.0,0.0,0.0,0.0,0.0,0.0
4932.YNL183C,0.053521993232851436,0.005811533727040731,0.4749306106706129,0.0,0.00013261952927043344,0.0,0.0,0.0,0.0,0.0,0.0,0.0,0.0,0.0
4932.YCL059C,0.12780682866810214,0.031714201098025994,0.4992701202608778,0.0,0.00024248875370422494,0.0,0.0,0.0,0.0,0.0,0.0,0.0,0.0,0.0
4932.YJR147W,0.02829898492771455,0.00434180797254369,0.4659066907001738,0.0,9.75010781596235e-05,0.0,0.0,0.0,0.0,0.0,0.0,0.0,0.0,0.0
4932.YMR226C,0.09504767763764996,0.012815821183651755,0.4995387926810674,0.0,0.0002988253317106491,0.0,0.0,0.0,0.0,0.0,0.0,0.0,0.0,0.0
4932.YDL006W,0.06997846816364196,0.008527666442006768,0.4844915460181423,0.0,0.00038473482182003495,0.0,0.0,0.0,0.0,0.0,0.0,0.0,0.0,0.0
4932.YOL013C,0.02922177791448785,0.0031984449903780993,0.4586716040936913,0.0,8.774607806856206e-05,0.0,0.0,0.0,0.0,0.0,0.0,0.0,0.0,0.0
4932.YPR129W,0.03737311596431867,0.00736131430840985,0.4702562321027156,0.0,5.772995252210374e-05,0.0,0.0,0.0,0.0,0.0,0.0,0.0,0.0,0.0
4932.YKL161C,0.06136573362042449,0.008895129851580827,0.48097709957034235,0.0,0.00017988732524805673,0.0,0.0,0.0,0.0,0.0,0.0,0.0,0.0,0.0
4932.YER040W,0.07074746231928637,0.008342228458207122,0.4833383379347906,0.0,0.0002576594118729988,0.0,0.0,0.0,0.0,0.0,0.0,0.0,0.0,0.0
4932.YOR173W,0.06690249154106429,0.006014565639651214,0.4814403656512799,0.0,0.00028934683981921813,0.0,0.0,0.0,0.0,0.0,0.0,0.0,0.0,0.0
4932.YOR021C,0.029990772070132267,0.007595505482423789,0.4432469723871299,0.0,1.3431602683772934e-05,0.0,0.0,0.0,0.0,0.0,0.0,0.0,0.0,0.0
4932.YDR481C,0.043832666871731776,0.004731671114399704,0.4744797820515024,0.0,0.00020171405178207835,0.0,0.0,0.0,0.0,0.0,0.0,0.0,0.0,0.0
4932.YJL026W,0.05736696401107352,0.009093287787199221,0.4796988494902794,0.0,0.00011801268668161488,0.0,0.0,0.0,0.0,0.0,0.0,0.0,0.0,0.0
4932.YNL054W,0.06982466933251308,0.009436188666881415,0.48351816468452447,0.0,0.00014158993537247968,0.0,0.0,0.0,0.0,0.0,0.0,0.0,0.0,0.0
4932.YPR158W,0.03214395570593664,0.004955675390432983,0.46910197915068763,0.0,5.0342510448773683e-05,0.0,0.0,0.0,0.0,0.0,0.0,0.0,0.0,0.0
4932.YOL021C,0.10750538295908951,0.025690127728347657,0.4938440960020766,0.0,0.00019302979201900713,0.0,0.0,0.0,0.0,0.0,0.0,0.0,0.0,0.0
4932.YBL050W,0.035988926484158724,0.003899041714539652,0.46825687217664663,0.0,0.0001071155386844222,0.0,0.0,0.0,0.0,0.0,0.0,0.0,0.0,0.0
4932.YDL175C,0.05229160258382037,0.014528544589377333,0.4678859889973592,0.0,3.4830797559614906e-05,0.0,0.0,0.0,0.0,0.0,0.0,0.0,0.0,0.0
4932.YLL034C,0.1336511842509997,0.030232748042921267,0.5029412240863255,0.0,0.0004323774182495397,0.0,0.0,0.0,0.0,0.0,0.0,0.0,0.0,0.0
4932.YGL018C,0.024146416487234697,0.004166978525256433,0.46137465316638204,0.0,3.720134020609214e-05,0.0,0.0,0.0,0.0,0.0,0.0,0.0,0.0,0.0
4932.YJR148W,0.07536142725315288,0.011259243646676995,0.48539632592779003,0.0,0.00015747269916136804,0.0,0.0,0.0,0.0,0.0,0.0,0.0,0.0,0.0
4932.YPL003W,0.05398338972623808,0.007026427749432525,0.477688790354725,0.0,0.00019617358504478097,0.0,0.0,0.0,0.0,0.0,0.0,0.0,0.0,0.0
4932.YER047C,0.06351891725622885,0.009125925792859016,0.48040814839533674,0.0,0.00015414825552423643,0.0,0.0,0.0,0.0,0.0,0.0,0.0,0.0,0.0
4932.YOR230W,0.075207628422024,0.013414084590520825,0.48488923328074957,0.0,0.00016736064286892077,0.0,0.0,0.0,0.0,0.0,0.0,0.0,0.0,0.0
4932.YLR372W,0.08705013841894801,0.016474246888823315,0.4899713930926953,0.0,0.0003911203264283873,0.0,0.0,0.0,0.0,0.0,0.0,0.0,0.0,0.0
4932.YLR438W,0.05413718855736697,0.007898784635456636,0.4758696898714994,0.0,0.0004937237715639429,0.0,0.0,0.0,0.0,0.0,0.0,0.0,0.0,0.0
4932.YER100W,0.02060904337127038,0.0027702483517271998,0.4591577596944124,0.0,2.8072188882409586e-05,0.0,0.0,0.0,0.0,0.0,0.0,0.0,0.0,0.0
4932.YNR034W-A,0.03014457090126115,0.0024199507846809154,0.44897399400230253,0.0,7.05765448001653e-05,0.0,0.0,0.0,0.0,0.0,0.0,0.0,0.0,0.0
4932.YER091C,0.06813288219009536,0.01371339029775859,0.4857228745100407,0.0,0.0002742326793663585,0.0,0.0,0.0,0.0,0.0,0.0,0.0,0.0,0.0
4932.YOL123W,0.04752383881882498,0.008881023053274045,0.4743066142478339,0.0,0.00019098315191453167,0.0,0.0,0.0,0.0,0.0,0.0,0.0,0.0,0.0
4932.YJL051W,0.06474930790525993,0.009671355243905172,0.482799659350273,0.0,0.00013698265078956163,0.0,0.0,0.0,0.0,0.0,0.0,0.0,0.0,0.0
4932.YNL278W,0.05921254998462012,0.008985817336186717,0.4784626032836555,0.0,7.579670356476139e-05,0.0,0.0,0.0,0.0,0.0,0.0,0.0,0.0,0.0
4932.YDR129C,0.04214087972931406,0.0057534696195120985,0.4700861329085817,0.0,7.878786978489567e-05,0.0,0.0,0.0,0.0,0.0,0.0,0.0,0.0,0.0
4932.YDL248W,0.004306367271608736,0.0002170763985994351,0.39429615383466776,0.0,1.5617740525184416e-05,0.0,0.0,0.0,0.0,0.0,0.0,0.0,0.0,0.0
4932.YPL111W,0.06920947400799754,0.009600323472812127,0.4852875739503603,0.0,0.00020656769185412009,0.0,0.0,0.0,0.0,0.0,0.0,0.0,0.0,0.0
4932.YLR300W,0.1131959397108582,0.015553159922446953,0.5062719606696785,0.0,0.0007293935868810459,0.0,0.0,0.0,0.0,0.0,0.0,0.0,0.0,0.0
4932.YNL208W,0.03337434635496771,0.0038634722069910495,0.4699161567251464,0.0,0.0001356827693545127,0.0,0.0,0.0,0.0,0.0,0.0,0.0,0.0,0.0
4932.YDR145W,0.05536757920639804,0.007469872950759571,0.4774781846715648,0.0,0.00014308069154007785,0.0,0.0,0.0,0.0,0.0,0.0,0.0,0.0,0.0
4932.YBR095C,0.04906182713011381,0.0074229052358730585,0.4759393990474859,0.0,7.167482077114618e-05,0.0,0.0,0.0,0.0,0.0,0.0,0.0,0.0,0.0
4932.YML130C,0.029990772070132267,0.0046665310580929036,0.4610145878109489,0.0,3.91751760630919e-05,0.0,0.0,0.0,0.0,0.0,0.0,0.0,0.0,0.0
4932.YLR002C,0.10935096893263611,0.027546550538002354,0.49097095694713444,0.0,0.0001460662882942729,0.0,0.0,0.0,0.0,0.0,0.0,0.0,0.0,0.0
4932.YOR003W,0.055828975699784684,0.006726668931165279,0.4843831990454957,0.0,0.0002033772072038829,0.0,0.0,0.0,0.0,0.0,0.0,0.0,0.0,0.0
4932.YJL002C,0.07613042140879729,0.01349405984672098,0.48344621792986564,0.0,0.0002976857753591325,0.0,0.0,0.0,0.0,0.0,0.0,0.0,0.0,0.0
4932.YNL053W,0.0529067979083359,0.008578838617581698,0.4779698871052096,0.0,0.00016141298231849376,0.0,0.0,0.0,0.0,0.0,0.0,0.0,0.0,0.0
4932.YJL016W,0.06659489387880653,0.008698028970453589,0.486304491482961,0.0,0.00033854572459930985,0.0,0.0,0.0,0.0,0.0,0.0,0.0,0.0,0.0
4932.YNL045W,0.057674561673331286,0.010022657978347484,0.4780050474617717,0.0,0.00012986694716409468,0.0,0.0,0.0,0.0,0.0,0.0,0.0,0.0,0.0
4932.YOR267C,0.055521378037526915,0.0068277743146157996,0.4796634395213202,0.0,0.0001400251770816078,0.0,0.0,0.0,0.0,0.0,0.0,0.0,0.0,0.0
4932.YMR236W,0.04444786219624731,0.008074365067998145,0.46927136673613956,0.0,8.555439319980441e-05,0.0,0.0,0.0,0.0,0.0,0.0,0.0,0.0,0.0
4932.YOR019W,0.03183635804367887,0.00406092407221362,0.4747918029515801,0.0,0.00013979022124031165,0.0,0.0,0.0,0.0,0.0,0.0,0.0,0.0,0.0
4932.YOR274W,0.07566902491541065,0.016509682119043446,0.482477028155281,0.0,0.00017094550375171795,0.0,0.0,0.0,0.0,0.0,0.0,0.0,0.0,0.0
4932.YHR042W,0.04675484466318056,0.0067283902167237,0.4772327126318541,0.0,0.00012366774521366237,0.0,0.0,0.0,0.0,0.0,0.0,0.0,0.0,0.0
4932.YAL031C,0.07182405413718856,0.010390418193616547,0.486304491482961,0.0,0.00014638276358147368,0.0,0.0,0.0,0.0,0.0,0.0,0.0,0.0,0.0
4932.YDL035C,0.0602891418025223,0.008526277057305801,0.48126208081731037,0.0,0.00016948643503088365,0.0,0.0,0.0,0.0,0.0,0.0,0.0,0.0,0.0
4932.YBR125C,0.035988926484158724,0.0057076499231623785,0.4687635705666805,0.0,4.073383443706305e-05,0.0,0.0,0.0,0.0,0.0,0.0,0.0,0.0,0.0
4932.YLL067C,0.045063057520762846,0.006443111879821593,0.48626809961799927,0.0,0.0008920118748281337,0.0,0.0,0.0,0.0,0.0,0.0,0.0,0.0,0.0
4932.YGL073W,0.049830821285758234,0.006805741074420775,0.47368425537216247,0.0,0.00010222246321892804,0.0,0.0,0.0,0.0,0.0,0.0,0.0,0.0,0.0
4932.YDR261C,0.08335896647185481,0.011133671126884508,0.4947088401366825,0.0,0.0002514235741816601,0.0,0.0,0.0,0.0,0.0,0.0,0.0,0.0,0.0
4932.YDL058W,0.05336819440172255,0.007114659203592686,0.48065689882353163,0.0,0.00045766744494231897,0.0,0.0,0.0,0.0,0.0,0.0,0.0,0.0,0.0
4932.YGR284C,0.052599200246078136,0.006366540540653593,0.47538229681727445,0.0,0.00020344200688401703,0.0,0.0,0.0,0.0,0.0,0.0,0.0,0.0,0.0
4932.YOL036W,0.062442325438326673,0.009866355235499709,0.48008870448432395,0.0,4.385003653878486e-05,0.0,0.0,0.0,0.0,0.0,0.0,0.0,0.0,0.0
4932.YDL193W,0.06290372193171333,0.009778476459380778,0.4857591848093986,0.0,0.00027725231590582236,0.0,0.0,0.0,0.0,0.0,0.0,0.0,0.0,0.0
4932.YGL099W,0.1299600123039065,0.03263266393497655,0.500462154589905,0.0,0.00019035898702293903,0.0,0.0,0.0,0.0,0.0,0.0,0.0,0.0,0.0
4932.YFR015C,0.08305136880959706,0.009039444619677579,0.487837884023673,0.0,0.0003895915994226987,0.0,0.0,0.0,0.0,0.0,0.0,0.0,0.0,0.0
4932.YFL033C,0.048600430636727164,0.0047829278665228875,0.4705627210656329,0.0,0.00011347098206303302,0.0,0.0,0.0,0.0,0.0,0.0,0.0,0.0,0.0
4932.YHR187W,0.07905259920024608,0.017104743985632397,0.4841305777972973,0.0,0.00013903280154585042,0.0,0.0,0.0,0.0,0.0,0.0,0.0,0.0,0.0
4932.YAL062W,0.08028298984927715,0.01030961093199413,0.486122586608463,0.0,0.00021295826518774691,0.0,0.0,0.0,0.0,0.0,0.0,0.0,0.0,0.0
4932.YOR375C,0.08012919101814826,0.012608454769190617,0.4844554249754212,0.0,0.00016079915540460855,0.0,0.0,0.0,0.0,0.0,0.0,0.0,0.0,0.0
4932.YPL149W,0.031682559212549984,0.0034637307803026835,0.4689327138049596,0.0,0.0001465753394268705,0.0,0.0,0.0,0.0,0.0,0.0,0.0,0.0,0.0
4932.YFL016C,0.12303906490310675,0.02294525424448305,0.5024745294769041,0.0,0.0007430221248587867,0.0,0.0,0.0,0.0,0.0,0.0,0.0,0.0,0.0
4932.YDL128W,0.018148262073208243,0.0017582266928230974,0.4505929280351796,0.0,2.1815626163776645e-05,0.0,0.0,0.0,0.0,0.0,0.0,0.0,0.0,0.0
4932.YPR190C,0.09489387880652107,0.02181851691906444,0.48860821228628654,0.0,0.00012623319877669233,0.0,0.0,0.0,0.0,0.0,0.0,0.0,0.0,0.0
4932.YPR030W,0.03414334051061212,0.0026833506276905256,0.45828342021266133,0.0,9.04713202001344e-05,0.0,0.0,0.0,0.0,0.0,0.0,0.0,0.0,0.0
4932.YOR386W,0.03429713934174101,0.004026086548175603,0.47155301997063315,0.0,0.00011186608999711968,0.0,0.0,0.0,0.0,0.0,0.0,0.0,0.0,0.0
4932.YOL052C,0.030759766225776686,0.00734863182541929,0.46094918175465166,0.0,2.3289088118822454e-05,0.0,0.0,0.0,0.0,0.0,0.0,0.0,0.0,0.0
4932.YMR020W,0.08043678868040603,0.009913876695294487,0.489159937909916,0.0,0.0003979424649273439,0.0,0.0,0.0,0.0,0.0,0.0,0.0,0.0,0.0
4932.YNL265C,0.015226084281759459,0.0014157442531159026,0.4470896253746611,0.0,6.443334157725788e-05,0.0,0.0,0.0,0.0,0.0,0.0,0.0,0.0,0.0
4932.YDR001C,0.07997539218701938,0.008881798925326834,0.4850340087478782,0.0,0.00023181001541409916,0.0,0.0,0.0,0.0,0.0,0.0,0.0,0.0,0.0
4932.YER087W,0.08197477699169486,0.018440785365129882,0.4893809771950086,0.0,0.0001530043727055062,0.0,0.0,0.0,0.0,0.0,0.0,0.0,0.0,0.0
4932.YDL223C,0.09489387880652107,0.011453676867220593,0.4973213389863252,0.0,0.0004635126954154582,0.0,0.0,0.0,0.0,0.0,0.0,0.0,0.0,0.0
4932.YPR138C,0.03183635804367887,0.002917626362822671,0.45825110121264634,0.0,5.496706069901907e-05,0.0,0.0,0.0,0.0,0.0,0.0,0.0,0.0,0.0
4932.YOL026C,0.06336511842509997,0.009446931951427122,0.4856139761748244,0.0,0.00016997368902111408,0.0,0.0,0.0,0.0,0.0,0.0,0.0,0.0,0.0
4932.YLR149C,0.06505690556751768,0.005069582597350223,0.4764628695699754,0.0,0.00038022668602842434,0.0,0.0,0.0,0.0,0.0,0.0,0.0,0.0,0.0
4932.YFR024C-A,0.023685019993848047,0.0020553614607778836,0.4587039824364905,0.0,9.394266921346234e-05,0.0,0.0,0.0,0.0,0.0,0.0,0.0,0.0,0.0
4932.YDR074W,0.08874192556136574,0.00923367254513584,0.488939098208828,0.0,0.0004102786488622302,0.0,0.0,0.0,0.0,0.0,0.0,0.0,0.0,0.0
4932.YER042W,0.05690556751768687,0.008612135256142402,0.4789563363451997,0.0,0.00014183250429052944,0.0,0.0,0.0,0.0,0.0,0.0,0.0,0.0,0.0
4932.YCR030C,0.059366348815749,0.008820077537859296,0.4801596553015093,0.0,5.904688499908155e-05,0.0,0.0,0.0,0.0,0.0,0.0,0.0,0.0,0.0
4932.YPL103C,0.018455859735466013,0.0027742742147280493,0.46275463717385873,0.0,5.523240847536777e-05,0.0,0.0,0.0,0.0,0.0,0.0,0.0,0.0,0.0
4932.YKL125W,0.06444171024300216,0.015559258555457528,0.47216978747241134,0.0,0.00013131316868596798,0.0,0.0,0.0,0.0,0.0,0.0,0.0,0.0,0.0
4932.YER089C,0.05629037219317134,0.009151221236761526,0.4790975901493272,0.0,0.0001498308551535258,0.0,0.0,0.0,0.0,0.0,0.0,0.0,0.0,0.0
4932.YOL144W,0.1430329129498616,0.033816514095824125,0.5098070465397242,0.0,0.0004988421594753946,0.0,0.0,0.0,0.0,0.0,0.0,0.0,0.0,0.0
4932.YOR229W,0.05690556751768687,0.011040773249036536,0.478216118280492,0.0,6.446564331622648e-05,0.0,0.0,0.0,0.0,0.0,0.0,0.0,0.0,0.0
4932.YGR163W,0.034450938172869885,0.004121174437580481,0.4664417927783594,0.0,9.356735059372008e-05,0.0,0.0,0.0,0.0,0.0,0.0,0.0,0.0,0.0
4932.YHR133C,0.018455859735466013,0.002933668178519055,0.45093689210238197,0.0,1.9129825566229487e-05,0.0,0.0,0.0,0.0,0.0,0.0,0.0,0.0,0.0
4932.YKL020C,0.019840049215625963,0.0019245739605100686,0.45156362857507465,0.0,2.8377718164346147e-05,0.0,0.0,0.0,0.0,0.0,0.0,0.0,0.0,0.0
4932.YLR387C,0.05275299907720701,0.014206679954781382,0.4700181276813978,0.0,5.349079803490644e-05,0.0,0.0,0.0,0.0,0.0,0.0,0.0,0.0,0.0
4932.YBR201W,0.041679483235927406,0.004188194333934316,0.47804021299163724,0.0,0.00026522983460483166,0.0,0.0,0.0,0.0,0.0,0.0,0.0,0.0,0.0
4932.YNL076W,0.058597354660104586,0.008722592404358433,0.4792389272951785,0.0,8.595435902026681e-05,0.0,0.0,0.0,0.0,0.0,0.0,0.0,0.0,0.0
4932.YHR035W,0.015533681944017226,0.0025120871603145703,0.452538520453745,0.0,8.569211783701296e-06,0.0,0.0,0.0,0.0,0.0,0.0,0.0,0.0,0.0
4932.YLR257W,0.012303906490310674,0.0009472956256694168,0.431732151697251,0.0,2.146537881325988e-05,0.0,0.0,0.0,0.0,0.0,0.0,0.0,0.0,0.0
4932.YGR178C,0.046447247000922794,0.008379501896152618,0.478286516649148,0.0,8.512972257605699e-05,0.0,0.0,0.0,0.0,0.0,0.0,0.0,0.0,0.0
4932.YER150W,0.07413103660412182,0.007860631611542929,0.4898236556004315,0.0,0.00034245527874957786,0.0,0.0,0.0,0.0,0.0,0.0,0.0,0.0,0.0
4932.YNL249C,0.06336511842509997,0.010261617794098604,0.4831586448951836,0.0,0.00013001531780235643,0.0,0.0,0.0,0.0,0.0,0.0,0.0,0.0,0.0
4932.YJL082W,0.008458935712088589,0.0010112561126922287,0.4344744995450204,0.0,8.973168342297447e-06,0.0,0.0,0.0,0.0,0.0,0.0,0.0,0.0,0.0
4932.YEL060C,0.11273454321747155,0.012307315710138045,0.5038381495848123,0.0,0.0009220812044329104,0.0,0.0,0.0,0.0,0.0,0.0,0.0,0.0,0.0
4932.YMR022W,0.028452783758843435,0.003043882322431985,0.46637483780918143,0.0,0.00015752583025158227,0.0,0.0,0.0,0.0,0.0,0.0,0.0,0.0,0.0
4932.YJL042W,0.03460473700399877,0.005363341760159584,0.46947479338164333,0.0,3.652079189297101e-05,0.0,0.0,0.0,0.0,0.0,0.0,0.0,0.0,0.0
4932.YEL056W,0.06321131959397108,0.010921302015042903,0.4798405416626292,0.0,0.00016182164667535038,0.0,0.0,0.0,0.0,0.0,0.0,0.0,0.0,0.0
4932.YGR038W,0.01707167025530606,0.0014632197666591697,0.45049921070405746,0.0,2.8776008978944738e-05,0.0,0.0,0.0,0.0,0.0,0.0,0.0,0.0,0.0
4932.YDR345C,0.05629037219317134,0.009640100350326832,0.48283553389770584,0.0,0.0001901738596829111,0.0,0.0,0.0,0.0,0.0,0.0,0.0,0.0,0.0
4932.YCL037C,0.11165795139956937,0.02688839521841107,0.4967890378589698,0.0,0.00032339474517484486,0.0,0.0,0.0,0.0,0.0,0.0,0.0,0.0,0.0
4932.YIL140W,0.06259612426945556,0.008878923213329558,0.47938034785653444,0.0,0.00014381084682968818,0.0,0.0,0.0,0.0,0.0,0.0,0.0,0.0,0.0
4932.YOL109W,0.010150722854506307,0.0021707227835330682,0.44228155562178906,0.0,4.456427985237903e-06,0.0,0.0,0.0,0.0,0.0,0.0,0.0,0.0,0.0
4932.YGL202W,0.045063057520762846,0.006007450250990759,0.46845942002705826,0.0,7.408859495437467e-05,0.0,0.0,0.0,0.0,0.0,0.0,0.0,0.0,0.0
4932.YJR019C,0.04121808674254076,0.0037561862581599295,0.47100613331366514,0.0,0.00022960878788530711,0.0,0.0,0.0,0.0,0.0,0.0,0.0,0.0,0.0
4932.YLR064W,0.011534912334666258,0.0010345847087038262,0.4373696314999882,0.0,2.1845217448325146e-05,0.0,0.0,0.0,0.0,0.0,0.0,0.0,0.0,0.0
4932.YML069W,0.10058443555828976,0.018413901419245742,0.4922354833115161,0.0,0.00028015382227318194,0.0,0.0,0.0,0.0,0.0,0.0,0.0,0.0,0.0
4932.YER055C,0.0565979698554291,0.011575046051536917,0.4741335727979077,0.0,6.625263685236304e-05,0.0,0.0,0.0,0.0,0.0,0.0,0.0,0.0,0.0
4932.YBR238C,0.11704091048908029,0.026254666250660627,0.500577814898338,0.0,0.0003185895927551047,0.0,0.0,0.0,0.0,0.0,0.0,0.0,0.0,0.0
4932.YMR175W,0.03737311596431867,0.003081174627362708,0.4658732875821139,0.0,0.0002577531746082208,0.0,0.0,0.0,0.0,0.0,0.0,0.0,0.0,0.0
4932.YOR256C,0.01430329129498616,0.0010848697730198149,0.44835442042333024,0.0,2.291574291717161e-05,0.0,0.0,0.0,0.0,0.0,0.0,0.0,0.0,0.0
4932.YPL074W,0.06428791141187327,0.009689464504238162,0.48158308865302935,0.0,0.00014990879858287003,0.0,0.0,0.0,0.0,0.0,0.0,0.0,0.0,0.0
4932.YBR230C,0.04660104583205168,0.0043771989393154515,0.4669445684963585,0.0,0.00017166886256221776,0.0,0.0,0.0,0.0,0.0,0.0,0.0,0.0,0.0
4932.YFR051C,0.06628729621654876,0.012105993516273117,0.48044366840630864,0.0,0.0002004954736789946,0.0,0.0,0.0,0.0,0.0,0.0,0.0,0.0,0.0
4932.YLR194C,0.06628729621654876,0.00945657677165763,0.49067436496226874,0.0,0.0005066038419797366,0.0,0.0,0.0,0.0,0.0,0.0,0.0,0.0,0.0
4932.YGL228W,0.007997539218701938,0.0007238527410824515,0.43698726396740584,0.0,1.7359342462851552e-05,0.0,0.0,0.0,0.0,0.0,0.0,0.0,0.0,0.0
4932.YGL128C,0.06644109504767765,0.014970850445601659,0.4856139761748244,0.0,0.00013039893950964748,0.0,0.0,0.0,0.0,0.0,0.0,0.0,0.0,0.0
4932.YML035C,0.03921870193786527,0.005737322733421252,0.47258186292329635,0.0,7.642649362485451e-05,0.0,0.0,0.0,0.0,0.0,0.0,0.0,0.0,0.0
4932.YER082C,0.10442940633651185,0.025366610877362337,0.4908967753414916,0.0,0.00014191108104255593,0.0,0.0,0.0,0.0,0.0,0.0,0.0,0.0,0.0
4932.YCL011C,0.09166410335281452,0.02345468600252163,0.4923846794874081,0.0,0.0001529462083088099,0.0,0.0,0.0,0.0,0.0,0.0,0.0,0.0,0.0
4932.YDL049C,0.05813595816671794,0.00878428145298659,0.4832305060753569,0.0,0.00015927940701330808,0.0,0.0,0.0,0.0,0.0,0.0,0.0,0.0,0.0
4932.YPL259C,0.03491233466625654,0.004309668392096838,0.467313960100347,0.0,0.00011867443565126389,0.0,0.0,0.0,0.0,0.0,0.0,0.0,0.0,0.0
4932.YHR121W,0.03199015687480775,0.00699972765713295,0.46091648568558125,0.0,6.311340001122133e-05,0.0,0.0,0.0,0.0,0.0,0.0,0.0,0.0,0.0
4932.YEL017C-A,0.022762227007074746,0.0012546572207047964,0.44878794220563056,0.0,0.0003660468148583187,0.0,0.0,0.0,0.0,0.0,0.0,0.0,0.0,0.0
4932.YBR182C,0.023531221162719166,0.0032168510880385397,0.4623595143870304,0.0,4.943774590153902e-05,0.0,0.0,0.0,0.0,0.0,0.0,0.0,0.0,0.0
4932.YMR288W,0.06920947400799754,0.013398848327145003,0.48369812529368206,0.0,0.00015441674697538402,0.0,0.0,0.0,0.0,0.0,0.0,0.0,0.0,0.0
4932.YNL169C,0.04475545985850508,0.004684073392221572,0.47538229681727445,0.0,0.00029442067629906297,0.0,0.0,0.0,0.0,0.0,0.0,0.0,0.0,0.0
4932.YDR055W,0.03460473700399877,0.006592332877565562,0.4635138465793084,0.0,5.144784038751172e-05,0.0,0.0,0.0,0.0,0.0,0.0,0.0,0.0,0.0
4932.YHR170W,0.11411873269763151,0.029959637698714427,0.49257130194021564,0.0,0.00012286685989257523,0.0,0.0,0.0,0.0,0.0,0.0,0.0,0.0,0.0
4932.YJL225C,0.040756690249154105,0.005719064856507414,0.4775483659289575,0.0,0.0005009489110888182,0.0,0.0,0.0,0.0,0.0,0.0,0.0,0.0,0.0
4932.YIL055C,0.013688095970470625,0.0012954261339722791,0.4291091999732764,0.0,3.2697911103843596e-06,0.0,0.0,0.0,0.0,0.0,0.0,0.0,0.0,0.0
4932.YDL072C,0.048292832974469395,0.005167029657664614,0.4723413982114796,0.0,0.0002479423266775793,0.0,0.0,0.0,0.0,0.0,0.0,0.0,0.0,0.0
4932.YIL101C,0.09796985542909875,0.0108851380293482,0.49900173669139336,0.0,0.00048290870053498407,0.0,0.0,0.0,0.0,0.0,0.0,0.0,0.0,0.0
4932.YDL090C,0.011842509996924024,0.0020452289981610404,0.44712038912786933,0.0,2.3242508670442907e-05,0.0,0.0,0.0,0.0,0.0,0.0,0.0,0.0,0.0
4932.YDL018C,0.05952014764687789,0.009433783861909554,0.48362612497732393,0.0,0.00027631548701736964,0.0,0.0,0.0,0.0,0.0,0.0,0.0,0.0,0.0
4932.YKL021C,0.09950784374038758,0.024354489298583235,0.4867780818934246,0.0,0.00015303818184549963,0.0,0.0,0.0,0.0,0.0,0.0,0.0,0.0,0.0
4932.YIL124W,0.10842817594586282,0.012990678018473568,0.5022803289166982,0.0,0.0005743792313593926,0.0,0.0,0.0,0.0,0.0,0.0,0.0,0.0,0.0
4932.YML100W,0.07013226699477085,0.007193374193771309,0.48169018644887507,0.0,0.00018584405382161186,0.0,0.0,0.0,0.0,0.0,0.0,0.0,0.0,0.0
4932.YDL156W,0.06505690556751768,0.00950154802247076,0.49104516097599366,0.0,0.0008080229702951668,0.0,0.0,0.0,0.0,0.0,0.0,0.0,0.0,0.0
4932.YPR184W,0.06336511842509997,0.006114450647751643,0.47670755008402355,0.0,0.00012082257557942583,0.0,0.0,0.0,0.0,0.0,0.0,0.0,0.0,0.0
4932.YDL135C,0.027529990772070134,0.004105565162726042,0.4630514227317982,0.0,2.5850642729115774e-05,0.0,0.0,0.0,0.0,0.0,0.0,0.0,0.0,0.0
4932.YNR053C,0.1410335281451861,0.03415423004425271,0.5055236202890404,0.0,0.0002566730871127825,0.0,0.0,0.0,0.0,0.0,0.0,0.0,0.0,0.0
4932.YBL016W,0.07074746231928637,0.011233411567929156,0.48941783649885706,0.0,0.00027705057163090465,0.0,0.0,0.0,0.0,0.0,0.0,0.0,0.0,0.0
4932.YOR226C,0.041679483235927406,0.005710317044894052,0.46842564988432267,0.0,9.60007856577726e-05,0.0,0.0,0.0,0.0,0.0,0.0,0.0,0.0,0.0
4932.YDR071C,0.02383881882497693,0.0035559534114404092,0.46055713482141364,0.0,5.935164038925614e-05,0.0,0.0,0.0,0.0,0.0,0.0,0.0,0.0,0.0
4932.YBR020W,0.060904337127037834,0.007360803683312033,0.48233377488088813,0.0,0.000275342340140945,0.0,0.0,0.0,0.0,0.0,0.0,0.0,0.0,0.0
4932.YOL051W,0.03891110427560751,0.005014736435418078,0.46920359702471837,0.0,7.210634353778404e-05,0.0,0.0,0.0,0.0,0.0,0.0,0.0,0.0,0.0
4932.YGL014W,0.06536450322977545,0.013922650490998462,0.47807538369594793,0.0,0.00012693408250144433,0.0,0.0,0.0,0.0,0.0,0.0,0.0,0.0,0.0
4932.YMR122W-A,0.006767148569670871,0.0006671265385722635,0.42967669213749415,0.0,1.4955881750381067e-05,0.0,0.0,0.0,0.0,0.0,0.0,0.0,0.0,0.0
4932.YAL058W,0.06321131959397108,0.009783336555400184,0.4801951385748836,0.0,0.00027264058926385667,0.0,0.0,0.0,0.0,0.0,0.0,0.0,0.0,0.0
4932.YPR148C,0.04613964933866503,0.007430689129554642,0.47461840736215943,0.0,2.8472136819348817e-05,0.0,0.0,0.0,0.0,0.0,0.0,0.0,0.0,0.0
4932.YGL220W,0.04552445401414949,0.005797381191177229,0.4791329166196229,0.0,0.0003374093556901632,0.0,0.0,0.0,0.0,0.0,0.0,0.0,0.0,0.0
4932.YBR195C,0.061211934789295604,0.011156575303338592,0.48005323693818885,0.0,0.00011066690531029701,0.0,0.0,0.0,0.0,0.0,0.0,0.0,0.0,0.0
4932.YMR264W,0.024607812980621348,0.003077317037170597,0.4626557931787344,0.0,5.7631822261984634e-05,0.0,0.0,0.0,0.0,0.0,0.0,0.0,0.0,0.0
4932.YDL159W,0.045063057520762846,0.005277806248491332,0.4754170774945365,0.0,8.770694789804072e-05,0.0,0.0,0.0,0.0,0.0,0.0,0.0,0.0,0.0
4932.YGL065C,0.03998769609350969,0.00450980017347936,0.47090373325569423,0.0,0.00011028246185030629,0.0,0.0,0.0,0.0,0.0,0.0,0.0,0.0,0.0
4932.YOR085W,0.038757305444478626,0.0039034972672896307,0.4658732875821139,0.0,0.00041306152898775474,0.0,0.0,0.0,0.0,0.0,0.0,0.0,0.0,0.0
4932.YHR181W,0.02245462934481698,0.0017729997787539011,0.4552971283068473,0.0,5.385814206680343e-05,0.0,0.0,0.0,0.0,0.0,0.0,0.0,0.0,0.0
4932.YKL196C,0.03891110427560751,0.004912938124109588,0.46537281495347166,0.0,0.00010751893133200235,0.0,0.0,0.0,0.0,0.0,0.0,0.0,0.0,0.0
4932.YBR293W,0.022300830513688096,0.0023927215365622512,0.4592875752894631,0.0,4.413161111708418e-05,0.0,0.0,0.0,0.0,0.0,0.0,0.0,0.0,0.0
4932.YKR105C,0.02814518609658567,0.0027483799724144116,0.47674252495930486,0.0,0.0011005380617318357,0.0,0.0,0.0,0.0,0.0,0.0,0.0,0.0,0.0
4932.YJL117W,0.019378652722239313,0.0023679122037101826,0.4535492856282072,0.0,4.504086583637265e-05,0.0,0.0,0.0,0.0,0.0,0.0,0.0,0.0,0.0
4932.YLR066W,0.025838203629652418,0.0035698858128682806,0.452255053952904,0.0,8.199256447567441e-05,0.0,0.0,0.0,0.0,0.0,0.0,0.0,0.0,0.0
4932.YDR536W,0.04567825284527838,0.005315495250082983,0.4755910572491638,0.0,0.00014308273927654834,0.0,0.0,0.0,0.0,0.0,0.0,0.0,0.0,0.0
4932.YOL103W,0.03460473700399877,0.005569404206695017,0.4685945493037661,0.0,6.008623486223811e-05,0.0,0.0,0.0,0.0,0.0,0.0,0.0,0.0,0.0
4932.YNL044W,0.026760996616425718,0.002695769736016952,0.4608837942545801,0.0,5.930928598807163e-05,0.0,0.0,0.0,0.0,0.0,0.0,0.0,0.0,0.0
4932.YDR297W,0.02737619194094125,0.003142897644772505,0.4580895745643514,0.0,4.45533331512233e-05,0.0,0.0,0.0,0.0,0.0,0.0,0.0,0.0,0.0
4932.YCL045C,0.034758535835127655,0.004710315030423848,0.4678859889973592,0.0,7.040703316843155e-05,0.0,0.0,0.0,0.0,0.0,0.0,0.0,0.0,0.0
4932.YNR021W,0.03829590895109197,0.009071501576851701,0.461080012431372,0.0,3.575610596121153e-05,0.0,0.0,0.0,0.0,0.0,0.0,0.0,0.0,0.0
4932.YDR367W,0.02060904337127038,0.0036216591692760708,0.4534543346263311,0.0,2.6368732286264947e-05,0.0,0.0,0.0,0.0,0.0,0.0,0.0,0.0,0.0
4932.YNL080C,0.01876345739772378,0.0022428784085068675,0.4577668626414459,0.0,9.858102282655771e-05,0.0,0.0,0.0,0.0,0.0,0.0,0.0,0.0,0.0
4932.YNL318C,0.04060289141802523,0.004053842094087587,0.4784626032836555,0.0,0.0003221507002172591,0.0,0.0,0.0,0.0,0.0,0.0,0.0,0.0,0.0
4932.YDR411C,0.024300215318363582,0.0024452805177423197,0.4539611998878947,0.0,6.991016010215801e-05,0.0,0.0,0.0,0.0,0.0,0.0,0.0,0.0,0.0
4932.YMR215W,0.031528760381421106,0.0064243494643699,0.46291947105473563,0.0,2.900303277595281e-05,0.0,0.0,0.0,0.0,0.0,0.0,0.0,0.0,0.0
4932.YOL158C,0.04029529375576746,0.004448501546454791,0.47124524006057905,0.0,0.0003129263230622443,0.0,0.0,0.0,0.0,0.0,0.0,0.0,0.0,0.0
4932.YJR030C,0.017686865579821593,0.002877900539056116,0.45683356406041375,0.0,1.0322518803490982e-05,0.0,0.0,0.0,0.0,0.0,0.0,0.0,0.0,0.0
4932.YPL211W,0.12457705321439558,0.03153932034114219,0.49671308784553775,0.0,0.00022337838648198163,0.0,0.0,0.0,0.0,0.0,0.0,0.0,0.0,0.0
4932.YHL047C,0.03137496155029222,0.003123635498894991,0.4702222024166238,0.0,0.00025748690400173444,0.0,0.0,0.0,0.0,0.0,0.0,0.0,0.0,0.0
4932.YDR119W,0.031528760381421106,0.006314004965235438,0.4625899206375258,0.0,5.441401385942776e-05,0.0,0.0,0.0,0.0,0.0,0.0,0.0,0.0,0.0
4932.YMR209C,0.011381113503537373,0.0013595545565987192,0.43792968157402107,0.0,1.2143274257672501e-05,0.0,0.0,0.0,0.0,0.0,0.0,0.0,0.0,0.0
4932.YDL245C,0.025223008305136883,0.003291070044848862,0.46311742678321755,0.0,6.593358388867585e-05,0.0,0.0,0.0,0.0,0.0,0.0,0.0,0.0,0.0
4932.YOL132W,0.029375576745616735,0.0031472761180062637,0.4730979697994412,0.0,0.00018056098960251305,0.0,0.0,0.0,0.0,0.0,0.0,0.0,0.0,0.0
4932.YKL138C,0.04029529375576746,0.007471685238813683,0.46761662458227726,0.0,5.0484009993141256e-05,0.0,0.0,0.0,0.0,0.0,0.0,0.0,0.0,0.0
4932.YIL004C,0.019532451553368194,0.001631462130611216,0.44607679104793885,0.0,3.07625068311207e-05,0.0,0.0,0.0,0.0,0.0,0.0,0.0,0.0,0.0
4932.YDL226C,0.025684404798523533,0.0028895548410631596,0.4568014492228699,0.0,4.223411269445076e-05,0.0,0.0,0.0,0.0,0.0,0.0,0.0,0.0,0.0
4932.YKL013C,0.02291602583820363,0.0032390178023522687,0.4565126187435243,0.0,1.777064404075798e-05,0.0,0.0,0.0,0.0,0.0,0.0,0.0,0.0,0.0
4932.YEL055C,0.10135342971393418,0.025409483315770694,0.49071141936228097,0.0,0.0001062710701743042,0.0,0.0,0.0,0.0,0.0,0.0,0.0,0.0,0.0
4932.YCR098C,0.016917871424177177,0.0010426239767424416,0.4415302449680862,0.0,8.87073702891362e-05,0.0,0.0,0.0,0.0,0.0,0.0,0.0,0.0,0.0
4932.YKL077W,0.024146416487234697,0.004019339873801356,0.45555248283758587,0.0,5.227005613604918e-05,0.0,0.0,0.0,0.0,0.0,0.0,0.0,0.0,0.0
4932.YDR175C,0.04875422946785605,0.010993584753443274,0.47131360087004603,0.0,3.6685197756678395e-05,0.0,0.0,0.0,0.0,0.0,0.0,0.0,0.0,0.0
4932.YGL002W,0.01476468778837281,0.0012474922823700724,0.43760526737122535,0.0,1.583179043174639e-05,0.0,0.0,0.0,0.0,0.0,0.0,0.0,0.0,0.0
4932.YBL082C,0.02107043986465703,0.002099296824823649,0.4498442793489322,0.0,6.333552481156285e-05,0.0,0.0,0.0,0.0,0.0,0.0,0.0,0.0,0.0
4932.YJL108C,0.01922485389111043,0.002468985374886287,0.4529801753360282,0.0,2.3646473402150875e-05,0.0,0.0,0.0,0.0,0.0,0.0,0.0,0.0,0.0
4932.YLR439W,0.06920947400799754,0.015388941583596992,0.48012417727171014,0.0,0.00013573145487982464,0.0,0.0,0.0,0.0,0.0,0.0,0.0,0.0,0.0
4932.YDL247W,0.023992617656105816,0.002762832926213901,0.46199791078530567,0.0,0.0002257447080089923,0.0,0.0,0.0,0.0,0.0,0.0,0.0,0.0,0.0
4932.YDL138W,0.034450938172869885,0.004419481303642784,0.46872975656029175,0.0,5.467738686976427e-05,0.0,0.0,0.0,0.0,0.0,0.0,0.0,0.0,0.0
4932.YKL167C,0.06367271608735774,0.011687576538371458,0.48294318953514115,0.0,0.0001608916757300605,0.0,0.0,0.0,0.0,0.0,0.0,0.0,0.0,0.0
4932.YKL154W,0.041064287911411874,0.009283397500966592,0.46497321038964756,0.0,5.795043051118429e-05,0.0,0.0,0.0,0.0,0.0,0.0,0.0,0.0,0.0
4932.YOL156W,0.02814518609658567,0.0034042981285274084,0.46957657285701143,0.0,7.780235231717362e-05,0.0,0.0,0.0,0.0,0.0,0.0,0.0,0.0,0.0
4932.YDR497C,0.03906490310673639,0.0064123750169658034,0.46981423000472305,0.0,6.436296606722424e-05,0.0,0.0,0.0,0.0,0.0,0.0,0.0,0.0,0.0
4932.YJL219W,0.034758535835127655,0.003926973284193644,0.4783569357475946,0.0,0.00035720838092797165,0.0,0.0,0.0,0.0,0.0,0.0,0.0,0.0,0.0
4932.YLR213C,0.05183020609043371,0.01024521244148039,0.4828714137768689,0.0,0.00024289422422815098,0.0,0.0,0.0,0.0,0.0,0.0,0.0,0.0,0.0
4932.YOR353C,0.09597047062442327,0.01300415996605446,0.4942572917924488,0.0,0.000430877707222393,0.0,0.0,0.0,0.0,0.0,0.0,0.0,0.0,0.0
4932.YIL131C,0.06982466933251308,0.009921575159733253,0.4863408887953989,0.0,0.00024919078594258656,0.0,0.0,0.0,0.0,0.0,0.0,0.0,0.0,0.0
4932.YLR080W,0.024915410642879117,0.0020780257350511335,0.45456457608921474,0.0,7.638252157130043e-05,0.0,0.0,0.0,0.0,0.0,0.0,0.0,0.0,0.0
4932.YCR071C,0.05736696401107352,0.010981747716124809,0.4791682482999281,0.0,0.00010142016760479255,0.0,0.0,0.0,0.0,0.0,0.0,0.0,0.0,0.0
4932.YMR184W,0.01122731467240849,0.0008333012902314845,0.43305568911664943,0.0,3.3718060045435724e-05,0.0,0.0,0.0,0.0,0.0,0.0,0.0,0.0,0.0
4932.YCL073C,0.031221162719163337,0.003152125622674776,0.4795572409738247,0.0,0.0009636050371038977,0.0,0.0,0.0,0.0,0.0,0.0,0.0,0.0,0.0
4932.YOR099W,0.014610888957243925,0.0016354474981478211,0.43526027297175457,0.0,1.0680415787102269e-05,0.0,0.0,0.0,0.0,0.0,0.0,0.0,0.0,0.0
4932.YLR059C,0.03414334051061212,0.006409279103926124,0.4666427730840449,0.0,0.00010213232917802783,0.0,0.0,0.0,0.0,0.0,0.0,0.0,0.0,0.0
4932.YGL200C,0.04337127037834513,0.004890548768953778,0.46775126801002914,0.0,0.00015357241483623284,0.0,0.0,0.0,0.0,0.0,0.0,0.0,0.0,0.0
4932.YMR183C,0.03229775453706552,0.004469167678426152,0.46510633563777287,0.0,0.00010862757077447509,0.0,0.0,0.0,0.0,0.0,0.0,0.0,0.0,0.0
4932.YML116W,0.03183635804367887,0.0033601073886974533,0.46371231108223254,0.0,8.549998659879766e-05,0.0,0.0,0.0,0.0,0.0,0.0,0.0,0.0,0.0
4932.YLR292C,0.027529990772070134,0.003192535805940147,0.4621622059171639,0.0,6.545802836804868e-05,0.0,0.0,0.0,0.0,0.0,0.0,0.0,0.0,0.0
4932.YMR010W,0.01384189480159951,0.0012312946098233847,0.4407515848331632,0.0,1.633698158476478e-05,0.0,0.0,0.0,0.0,0.0,0.0,0.0,0.0,0.0
4932.YEL002C,0.06567210089203322,0.008691433378379746,0.48008870448432395,0.0,0.00027474634167434927,0.0,0.0,0.0,0.0,0.0,0.0,0.0,0.0,0.0
4932.YFL040W,0.039833897262380805,0.004020077822409252,0.4812264396945364,0.0,0.000530718231402691,0.0,0.0,0.0,0.0,0.0,0.0,0.0,0.0,0.0
4932.YOR164C,0.02645339895416795,0.0039479841569522245,0.45997031324381144,0.0,6.545249942239429e-05,0.0,0.0,0.0,0.0,0.0,0.0,0.0,0.0,0.0
4932.YMR088C,0.026145801291910183,0.0029359277409960823,0.4611781841870351,0.0,4.171853944195067e-05,0.0,0.0,0.0,0.0,0.0,0.0,0.0,0.0,0.0
4932.YHR096C,0.08135958166717934,0.008637555273034966,0.4908596929442004,0.0,0.0004939146930345391,0.0,0.0,0.0,0.0,0.0,0.0,0.0,0.0,0.0
4932.YJL181W,0.017840664410950478,0.002774794990412491,0.4567693389002759,0.0,1.883690509110562e-05,0.0,0.0,0.0,0.0,0.0,0.0,0.0,0.0,0.0
4932.YJR088C,0.025376807136265767,0.0033729784013936427,0.45919020671297606,0.0,3.909579549528578e-05,0.0,0.0,0.0,0.0,0.0,0.0,0.0,0.0,0.0
4932.YDR331W,0.025376807136265767,0.0019191584659870315,0.4536126083905986,0.0,7.35386602716837e-05,0.0,0.0,0.0,0.0,0.0,0.0,0.0,0.0,0.0
4932.YBL090W,0.046447247000922794,0.009209771504125672,0.4733392056523401,0.0,0.0001468060736048836,0.0,0.0,0.0,0.0,0.0,0.0,0.0,0.0,0.0
4932.YNR026C,0.0269147954475546,0.0026237139536224863,0.455936052146739,0.0,4.5941535419741014e-05,0.0,0.0,0.0,0.0,0.0,0.0,0.0,0.0,0.0
4932.YDR115W,0.04752383881882498,0.010055666711197694,0.46910197915068763,0.0,3.516340597883332e-05,0.0,0.0,0.0,0.0,0.0,0.0,0.0,0.0,0.0
4932.YGL142C,0.012303906490310674,0.0007377017266294529,0.4286280089178974,0.0,1.6174349528352026e-05,0.0,0.0,0.0,0.0,0.0,0.0,0.0,0.0,0.0
4932.YHR092C,0.03322054752383882,0.005465586275431324,0.46697812541827705,0.0,4.175473793457094e-05,0.0,0.0,0.0,0.0,0.0,0.0,0.0,0.0,0.0
4932.YFL048C,0.02383881882497693,0.0025668927806682977,0.4551376770466712,0.0,3.258418558636577e-05,0.0,0.0,0.0,0.0,0.0,0.0,0.0,0.0,0.0
4932.YHR110W,0.014610888957243925,0.0013773406263457367,0.4408711998911272,0.0,1.6366209911650364e-05,0.0,0.0,0.0,0.0,0.0,0.0,0.0,0.0,0.0
4932.YNL263C,0.015841279606274992,0.0015588105765935527,0.4435798085326865,0.0,1.281236238488042e-05,0.0,0.0,0.0,0.0,0.0,0.0,0.0,0.0,0.0
4932.YBR041W,0.02829898492771455,0.0030014448184336392,0.4590604461459078,0.0,5.65950275492963e-05,0.0,0.0,0.0,0.0,0.0,0.0,0.0,0.0,0.0
4932.YNL010W,0.034758535835127655,0.007701617151881923,0.45815417155716875,0.0,3.546518590077686e-05,0.0,0.0,0.0,0.0,0.0,0.0,0.0,0.0,0.0
4932.YGR261C,0.03398954167948324,0.003915685653255804,0.4634146780199205,0.0,6.171755929238803e-05,0.0,0.0,0.0,0.0,0.0,0.0,0.0,0.0,0.0
4932.YDR434W,0.021839434020301446,0.0018059724818995926,0.45071794514776475,0.0,4.8144565454934875e-05,0.0,0.0,0.0,0.0,0.0,0.0,0.0,0.0,0.0
4932.YOR378W,0.018917256228852663,0.0025660799180909433,0.4562561869958801,0.0,1.9880763042325078e-05,0.0,0.0,0.0,0.0,0.0,0.0,0.0,0.0,0.0
4932.YNR056C,0.03229775453706552,0.0026855685699058436,0.4624253213204757,0.0,8.203599427858195e-05,0.0,0.0,0.0,0.0,0.0,0.0,0.0,0.0,0.0
4932.YOR380W,0.015379883112888343,0.002159300448896173,0.45087431412679185,0.0,9.961942217573433e-06,0.0,0.0,0.0,0.0,0.0,0.0,0.0,0.0,0.0
4932.YKL217W,0.075207628422024,0.007816594888649452,0.49580349574205135,0.0,0.0007255622831162715,0.0,0.0,0.0,0.0,0.0,0.0,0.0,0.0,0.0
4932.YEL001C,0.009227929867733006,0.0014027764601106485,0.43224909300840314,0.0,3.2222402412563236e-06,0.0,0.0,0.0,0.0,0.0,0.0,0.0,0.0,0.0
4932.YER122C,0.03229775453706552,0.003848978095918968,0.4649399409842104,0.0,6.639739991088913e-05,0.0,0.0,0.0,0.0,0.0,0.0,0.0,0.0,0.0
4932.YOR321W,0.016917871424177177,0.0015708462765656474,0.4432469723871299,0.0,2.6138138082130182e-05,0.0,0.0,0.0,0.0,0.0,0.0,0.0,0.0,0.0
4932.YEL065W,0.028914180252230085,0.0031825916758180597,0.4634146780199205,0.0,9.685917168665357e-05,0.0,0.0,0.0,0.0,0.0,0.0,0.0,0.0,0.0
4932.YOL030W,0.030605967394647802,0.005121630033545885,0.46660926433974753,0.0,3.347099506272552e-05,0.0,0.0,0.0,0.0,0.0,0.0,0.0,0.0,0.0
4932.YOL054W,0.07936019686250385,0.013858613725816416,0.4896022163347894,0.0,0.00018627677232971074,0.0,0.0,0.0,0.0,0.0,0.0,0.0,0.0,0.0
4932.YKR085C,0.03998769609350969,0.009220190399356652,0.4648734164540939,0.0,6.380309021102154e-05,0.0,0.0,0.0,0.0,0.0,0.0,0.0,0.0,0.0
4932.YAL022C,0.01568748077514611,0.0016759395364194466,0.4420408581765527,0.0,2.655861634591874e-05,0.0,0.0,0.0,0.0,0.0,0.0,0.0,0.0,0.0
4932.YDL199C,0.04906182713011381,0.0052985668981794685,0.4766725803400326,0.0,9.240053461787086e-05,0.0,0.0,0.0,0.0,0.0,0.0,0.0,0.0,0.0
4932.YKR106W,0.0269147954475546,0.0034199505008486123,0.46650876697503946,0.0,2.8982966067822803e-05,0.0,0.0,0.0,0.0,0.0,0.0,0.0,0.0,0.0
4932.YGR106C,0.029990772070132267,0.003975434363633839,0.4621293375432277,0.0,8.612962839529339e-05,0.0,0.0,0.0,0.0,0.0,0.0,0.0,0.0,0.0
4932.YPL053C,0.009074131036604122,0.0007088804916127278,0.4186586312219138,0.0,6.358704841469047e-06,0.0,0.0,0.0,0.0,0.0,0.0,0.0,0.0,0.0
4932.YCL069W,0.019071055059981544,0.002208682473485993,0.4647071883855628,0.0,0.0001073206436131464,0.0,0.0,0.0,0.0,0.0,0.0,0.0,0.0,0.0
4932.YCL001W,0.040756690249154105,0.0035566964853906567,0.4697802642564578,0.0,0.00015516722978473223,0.0,0.0,0.0,0.0,0.0,0.0,0.0,0.0,0.0
4932.YMR225C,0.033528145186096585,0.00728579722725529,0.4567372330916795,0.0,1.8409073072548395e-05,0.0,0.0,0.0,0.0,0.0,0.0,0.0,0.0,0.0
4932.YEL022W,0.027991387265456785,0.00310129480277005,0.4550101964284941,0.0,0.0001821217345274784,0.0,0.0,0.0,0.0,0.0,0.0,0.0,0.0,0.0
4932.YDL121C,0.02199323285143033,0.004650118946218958,0.4470588658545115,0.0,1.3439289404589531e-05,0.0,0.0,0.0,0.0,0.0,0.0,0.0,0.0,0.0
4932.YHR098C,0.027068594278683484,0.0034399779420267573,0.4563523151341614,0.0,4.212270352078883e-05,0.0,0.0,0.0,0.0,0.0,0.0,0.0,0.0,0.0
4932.YOR075W,0.02107043986465703,0.001331838393295328,0.450187100955752,0.0,4.401858413248312e-05,0.0,0.0,0.0,0.0,0.0,0.0,0.0,0.0,0.0
4932.YLR370C,0.038757305444478626,0.0044812745084393075,0.47206688087143656,0.0,0.00010671299807250529,0.0,0.0,0.0,0.0,0.0,0.0,0.0,0.0,0.0
4932.YHL040C,0.03706551830206091,0.003945536090475099,0.4703583507198932,0.0,0.00017852585905784845,0.0,0.0,0.0,0.0,0.0,0.0,0.0,0.0,0.0
4932.YDR100W,0.01707167025530606,0.00174495325047616,0.45263308826938736,0.0,4.093877795546743e-05,0.0,0.0,0.0,0.0,0.0,0.0,0.0,0.0,0.0
4932.YGR289C,0.03829590895109197,0.004345872452105382,0.47538229681727445,0.0,0.00022175760817161262,0.0,0.0,0.0,0.0,0.0,0.0,0.0,0.0,0.0
4932.YNR030W,0.02952937557674562,0.00292707911723618,0.4591577596944124,0.0,9.825071463403445e-05,0.0,0.0,0.0,0.0,0.0,0.0,0.0,0.0,0.0
4932.YCL025C,0.031682559212549984,0.0028493964136513243,0.46527284943400576,0.0,6.032433348513248e-05,0.0,0.0,0.0,0.0,0.0,0.0,0.0,0.0,0.0
4932.YLR268W,0.050138418948015996,0.005389468258802902,0.4747918029515801,0.0,0.00021863246765587165,0.0,0.0,0.0,0.0,0.0,0.0,0.0,0.0,0.0
4932.YMR119W,0.031682559212549984,0.004242908600288598,0.46761662458227726,0.0,7.745997448638596e-05,0.0,0.0,0.0,0.0,0.0,0.0,0.0,0.0,0.0
4932.YDR343C,0.0556751768686558,0.007685760235449491,0.4799114191429339,0.0,9.866787272718617e-05,0.0,0.0,0.0,0.0,0.0,0.0,0.0,0.0,0.0
4932.YMR286W,0.07443863426637957,0.014301622212791458,0.48736223019540426,0.0,0.0002019588955766139,0.0,0.0,0.0,0.0,0.0,0.0,0.0,0.0,0.0
4932.YEL069C,0.031221162719163337,0.003656326681360024,0.47134778871284816,0.0,0.0006375732620844402,0.0,0.0,0.0,0.0,0.0,0.0,0.0,0.0,0.0
4932.YOR016C,0.059981544140264534,0.00986598830877512,0.48377014705146854,0.0,0.00028234798390134284,0.0,0.0,0.0,0.0,0.0,0.0,0.0,0.0,0.0
4932.YPL163C,0.008920332205475239,0.0007956828225696688,0.42730325607912967,0.0,7.0730278099612895e-06,0.0,0.0,0.0,0.0,0.0,0.0,0.0,0.0,0.0
4932.YBR210W,0.01168871116579514,0.00103395561212943,0.4301887199732092,0.0,1.0614696824021958e-05,0.0,0.0,0.0,0.0,0.0,0.0,0.0,0.0,0.0
4932.YJR001W,0.027991387265456785,0.002497805232149977,0.4658398892533748,0.0,0.00012483113033856196,0.0,0.0,0.0,0.0,0.0,0.0,0.0,0.0,0.0
4932.YER083C,0.07766840972008614,0.012514678728444731,0.4893072752406118,0.0,0.00033155972356667184,0.0,0.0,0.0,0.0,0.0,0.0,0.0,0.0,0.0
4932.YFL011W,0.03614272531528761,0.003975075473654643,0.47486119666729937,0.0,0.00015090457179627357,0.0,0.0,0.0,0.0,0.0,0.0,0.0,0.0,0.0
4932.YGR215W,0.04060289141802523,0.008374269994125993,0.46338163126259174,0.0,3.1134114815639286e-05,0.0,0.0,0.0,0.0,0.0,0.0,0.0,0.0,0.0
4932.YDR387C,0.027529990772070134,0.003072773931781532,0.464109750388924,0.0,6.412841023391195e-05,0.0,0.0,0.0,0.0,0.0,0.0,0.0,0.0,0.0
4932.YJR160C,0.02337742233159028,0.0028606785018085584,0.46825687217664663,0.0,0.00014945972217019935,0.0,0.0,0.0,0.0,0.0,0.0,0.0,0.0,0.0
4932.YIL156W-B,0.023531221162719166,0.0037809340119253883,0.4584450836175621,0.0,5.22849399057743e-05,0.0,0.0,0.0,0.0,0.0,0.0,0.0,0.0,0.0
4932.YDL054C,0.02060904337127038,0.0023329441568903358,0.4577023748112506,0.0,4.529611255425005e-05,0.0,0.0,0.0,0.0,0.0,0.0,0.0,0.0,0.0
4932.YCR065W,0.06690249154106429,0.008910029708866653,0.48079915761711617,0.0,0.00015819345050726037,0.0,0.0,0.0,0.0,0.0,0.0,0.0,0.0,0.0
4932.YGL226C-A,0.008151338049830821,0.0005457663805189112,0.40770489491751316,0.0,7.066183350898417e-06,0.0,0.0,0.0,0.0,0.0,0.0,0.0,0.0,0.0
4932.YLR183C,0.03891110427560751,0.005774692296699068,0.4672131589872969,0.0,7.873823818279673e-05,0.0,0.0,0.0,0.0,0.0,0.0,0.0,0.0,0.0
4932.YIL039W,0.0269147954475546,0.002440188710900321,0.46173528140377496,0.0,8.451445022774755e-05,0.0,0.0,0.0,0.0,0.0,0.0,0.0,0.0,0.0
4932.YNR063W,0.01614887726853276,0.0025430419500641565,0.45294859997179177,0.0,2.6859719625252933e-05,0.0,0.0,0.0,0.0,0.0,0.0,0.0,0.0,0.0
4932.YMR281W,0.01707167025530606,0.001534862127946186,0.4485401128732881,0.0,2.826826426482399e-05,0.0,0.0,0.0,0.0,0.0,0.0,0.0,0.0,0.0
4932.YDL194W,0.04752383881882498,0.006069233562463864,0.4766725803400326,0.0,9.85487522318681e-05,0.0,0.0,0.0,0.0,0.0,0.0,0.0,0.0,0.0
4932.YCR044C,0.024915410642879117,0.0020255631105384015,0.4575734536437804,0.0,9.282388010318608e-05,0.0,0.0,0.0,0.0,0.0,0.0,0.0,0.0,0.0
4932.YJR013W,0.020455244540141495,0.0013586512219219559,0.44897399400230253,0.0,7.212221142646996e-05,0.0,0.0,0.0,0.0,0.0,0.0,0.0,0.0,0.0
4932.YDL146W,0.00938172869886189,0.0007904554560177411,0.4338942718479784,0.0,1.2695702645325649e-05,0.0,0.0,0.0,0.0,0.0,0.0,0.0,0.0,0.0
4932.YLR250W,0.03137496155029222,0.005204861615376179,0.4652062296102037,0.0,4.015525505890304e-05,0.0,0.0,0.0,0.0,0.0,0.0,0.0,0.0,0.0
4932.YGR172C,0.03521993232851431,0.0032196472504168604,0.46818939514340546,0.0,0.00016878207077996031,0.0,0.0,0.0,0.0,0.0,0.0,0.0,0.0,0.0
4932.YDR372C,0.05306059673946478,0.008983929842238093,0.47258186292329635,0.0,0.00012292100591060744,0.0,0.0,0.0,0.0,0.0,0.0,0.0,0.0,0.0
4932.YGR224W,0.03706551830206091,0.0036454481265015574,0.48169018644887507,0.0,0.001346155498404236,0.0,0.0,0.0,0.0,0.0,0.0,0.0,0.0,0.0
4932.YBL018C,0.0269147954475546,0.004805915652616179,0.452066273493483,0.0,9.145409223550402e-05,0.0,0.0,0.0,0.0,0.0,0.0,0.0,0.0,0.0
4932.YDR117C,0.016764072593048292,0.003625826648699689,0.44838535848711875,0.0,8.58993587141295e-06,0.0,0.0,0.0,0.0,0.0,0.0,0.0,0.0,0.0
4932.YPR037C,0.020455244540141495,0.002287762429480932,0.45093689210238197,0.0,2.788210373324334e-05,0.0,0.0,0.0,0.0,0.0,0.0,0.0,0.0,0.0
4932.YJR143C,0.042294678560442944,0.006778253036727548,0.46394406791341747,0.0,8.031283084222006e-05,0.0,0.0,0.0,0.0,0.0,0.0,0.0,0.0,0.0
4932.YNR055C,0.029836973239003386,0.0023641076914370086,0.46374540502393125,0.0,8.033829181059121e-05,0.0,0.0,0.0,0.0,0.0,0.0,0.0,0.0,0.0
4932.YGL225W,0.05152260842817595,0.008074192665596943,0.4669110163968761,0.0,0.00019808562475842913,0.0,0.0,0.0,0.0,0.0,0.0,0.0,0.0,0.0
4932.YJL107C,0.015226084281759459,0.002022690232104327,0.44829255710212657,0.0,1.2357102861667113e-05,0.0,0.0,0.0,0.0,0.0,0.0,0.0,0.0,0.0
4932.YMR019W,0.02014764687788373,0.0027170963273800627,0.4577346164550102,0.0,1.5065997441555487e-05,0.0,0.0,0.0,0.0,0.0,0.0,0.0,0.0,0.0
4932.YIL093C,0.03245155336819441,0.007573184710494447,0.45590406336878725,0.0,8.182804336092189e-06,0.0,0.0,0.0,0.0,0.0,0.0,0.0,0.0,0.0
4932.YHR188C,0.016917871424177177,0.0011998505091474153,0.4371342492563286,0.0,2.3799411735068864e-05,0.0,0.0,0.0,0.0,0.0,0.0,0.0,0.0,0.0
4932.YMR011W,0.04460166102737619,0.008150088887140151,0.4755214500691785,0.0,7.228691217487775e-05,0.0,0.0,0.0,0.0,0.0,0.0,0.0,0.0,0.0
4932.YGL054C,0.03583512765302984,0.004021886913018126,0.4648401613273714,0.0,0.00011479066441528304,0.0,0.0,0.0,0.0,0.0,0.0,0.0,0.0,0.0
4932.YLL023C,0.024915410642879117,0.0021333281097632587,0.4535492856282072,0.0,5.252451039972191e-05,0.0,0.0,0.0,0.0,0.0,0.0,0.0,0.0,0.0
4932.YBL040C,0.03814211011996309,0.00478378581174853,0.46567296941345315,0.0,8.542788409717849e-05,0.0,0.0,0.0,0.0,0.0,0.0,0.0,0.0,0.0
4932.YPL010W,0.041064287911411874,0.00596737497811617,0.46510633563777287,0.0,8.590548532218675e-05,0.0,0.0,0.0,0.0,0.0,0.0,0.0,0.0,0.0
4932.YMR013C,0.028914180252230085,0.0020455350506953618,0.45750902029115853,0.0,0.0003028371496691071,0.0,0.0,0.0,0.0,0.0,0.0,0.0,0.0,0.0
4932.YMR279C,0.024915410642879117,0.002490874234786682,0.4606550840206525,0.0,3.0354257196020186e-05,0.0,0.0,0.0,0.0,0.0,0.0,0.0,0.0,0.0
4932.YJL214W,0.03306674869270994,0.004005784140307832,0.46950871497076047,0.0,0.00025433254879304764,0.0,0.0,0.0,0.0,0.0,0.0,0.0,0.0,0.0
4932.YBR122C,0.041987080898185175,0.008230566965160332,0.46802078761130256,0.0,5.3572043352746924e-05,0.0,0.0,0.0,0.0,0.0,0.0,0.0,0.0,0.0
4932.YNL130C,0.024146416487234697,0.0021991201829764345,0.4577346164550102,0.0,9.201116531169604e-05,0.0,0.0,0.0,0.0,0.0,0.0,0.0,0.0,0.0
4932.YBR298C,0.04783143648108275,0.00500882088765013,0.48262036654748397,0.0,0.0003691961832497418,0.0,0.0,0.0,0.0,0.0,0.0,0.0,0.0,0.0
4932.YOR165W,0.015841279606274992,0.0017133881158726224,0.447613185588987,0.0,1.5823483821208253e-05,0.0,0.0,0.0,0.0,0.0,0.0,0.0,0.0,0.0
4932.YNR072W,0.029375576745616735,0.003710791019249383,0.4748264972740464,0.0,0.00026623419071404787,0.0,0.0,0.0,0.0,0.0,0.0,0.0,0.0,0.0
4932.YLL031C,0.025376807136265767,0.0021505581669536366,0.45351763087627894,0.0,8.373889102917337e-05,0.0,0.0,0.0,0.0,0.0,0.0,0.0,0.0,0.0
4932.YML019W,0.023992617656105816,0.0019194533922687784,0.4486949741192739,0.0,5.820699666360989e-05,0.0,0.0,0.0,0.0,0.0,0.0,0.0,0.0,0.0
4932.YDR302W,0.015995078437403876,0.0010666876149748776,0.4418605069492265,0.0,7.118114204000536e-05,0.0,0.0,0.0,0.0,0.0,0.0,0.0,0.0,0.0
4932.YAL008W,0.017840664410950478,0.0015932144571966515,0.44400414179674236,0.0,1.6659056325419207e-05,0.0,0.0,0.0,0.0,0.0,0.0,0.0,0.0,0.0
4932.YDR058C,0.024607812980621348,0.0027690778213861414,0.46013316918250424,0.0,0.0003107056560400669,0.0,0.0,0.0,0.0,0.0,0.0,0.0,0.0,0.0
4932.YJR085C,0.03429713934174101,0.0031151063744940906,0.47444513837582686,0.0,0.0003233298924842826,0.0,0.0,0.0,0.0,0.0,0.0,0.0,0.0,0.0
4932.YKR049C,0.02814518609658567,0.002549349669928722,0.4496575057224638,0.0,4.4623111855172344e-05,0.0,0.0,0.0,0.0,0.0,0.0,0.0,0.0,0.0
4932.YOL083W,0.034450938172869885,0.002740243190293428,0.4537393069754434,0.0,4.0390720194844995e-05,0.0,0.0,0.0,0.0,0.0,0.0,0.0,0.0,0.0
4932.YAL010C,0.017225469086434943,0.001401787838010988,0.4492844233696553,0.0,7.225039248410549e-05,0.0,0.0,0.0,0.0,0.0,0.0,0.0,0.0,0.0
4932.YHR016C,0.039833897262380805,0.0031200662078232607,0.45925511450952894,0.0,0.00010476156335176129,0.0,0.0,0.0,0.0,0.0,0.0,0.0,0.0,0.0
4932.YPR098C,0.021839434020301446,0.0015744268555579575,0.4467515032791561,0.0,6.01850582769831e-05,0.0,0.0,0.0,0.0,0.0,0.0,0.0,0.0,0.0
4932.YLR356W,0.03368194401722547,0.002563775624887799,0.45783136864618645,0.0,0.00020124478689758114,0.0,0.0,0.0,0.0,0.0,0.0,0.0,0.0,0.0
4932.YHR194W,0.006613349738541987,0.00045017109610881527,0.4116305976938632,0.0,4.862362232281009e-06,0.0,0.0,0.0,0.0,0.0,0.0,0.0,0.0,0.0
4932.YMR174C,0.02737619194094125,0.0023142224351830297,0.45121870808939135,0.0,5.033489174918781e-05,0.0,0.0,0.0,0.0,0.0,0.0,0.0,0.0,0.0
4932.YPL087W,0.029375576745616735,0.002277688370173478,0.45367594883720763,0.0,7.50659885700321e-05,0.0,0.0,0.0,0.0,0.0,0.0,0.0,0.0,0.0
4932.YBR269C,0.036604121808674256,0.003500751430561886,0.46637483780918143,0.0,0.0003938561278754427,0.0,0.0,0.0,0.0,0.0,0.0,0.0,0.0,0.0
4932.YJL066C,0.03737311596431867,0.003018041255510754,0.45134407273705107,0.0,0.0001287115705816142,0.0,0.0,0.0,0.0,0.0,0.0,0.0,0.0,0.0
4932.YPL189C-A,0.007843740387573055,0.0005617843017503909,0.3947512675533275,0.0,3.2507676441064668e-06,0.0,0.0,0.0,0.0,0.0,0.0,0.0,0.0,0.0
4932.YHR138C,0.02952937557674562,0.0024001922160304468,0.4482616318429446,0.0,2.0077458572675547e-05,0.0,0.0,0.0,0.0,0.0,0.0,0.0,0.0,0.0
4932.YPL123C,0.049830821285758234,0.004298935423038506,0.4688312132175559,0.0,0.00011969510443970364,0.0,0.0,0.0,0.0,0.0,0.0,0.0,0.0,0.0
4932.YGL019W,0.040141494924638574,0.00859014232907937,0.46845942002705826,0.0,4.97558836887838e-05,0.0,0.0,0.0,0.0,0.0,0.0,0.0,0.0,0.0
4932.YLR102C,0.012303906490310674,0.0008180015013142417,0.4343292971857045,0.0,3.52641037421592e-05,0.0,0.0,0.0,0.0,0.0,0.0,0.0,0.0,0.0
4932.YOL129W,0.021685635189172565,0.0020948249571520845,0.4544374162665448,0.0,4.851308940328385e-05,0.0,0.0,0.0,0.0,0.0,0.0,0.0,0.0,0.0
4932.YJL161W,0.02737619194094125,0.002297015121574799,0.44789086126242933,0.0,5.369654505800011e-05,0.0,0.0,0.0,0.0,0.0,0.0,0.0,0.0,0.0
4932.YKL137W,0.030759766225776686,0.003749051766380687,0.45997031324381144,0.0,7.596120706197476e-05,0.0,0.0,0.0,0.0,0.0,0.0,0.0,0.0,0.0
4932.YJL068C,0.058904952322362356,0.007251775284841082,0.4743758661991039,0.0,0.00016831162592420134,0.0,0.0,0.0,0.0,0.0,0.0,0.0,0.0,0.0
4932.YIL087C,0.02860658258997232,0.0021688283886389086,0.4531381182144578,0.0,9.366431224785237e-05,0.0,0.0,0.0,0.0,0.0,0.0,0.0,0.0,0.0
4932.YKL007W,0.030759766225776686,0.003830649855820792,0.4655395196443133,0.0,5.441058913180569e-05,0.0,0.0,0.0,0.0,0.0,0.0,0.0,0.0,0.0
4932.YNL094W,0.010458320516764073,0.0007476238231547948,0.43663490224400786,0.0,2.325341317696135e-05,0.0,0.0,0.0,0.0,0.0,0.0,0.0,0.0,0.0
4932.YOL072W,0.012919101814826209,0.0016150529636171878,0.43421320515839124,0.0,7.381330172348554e-06,0.0,0.0,0.0,0.0,0.0,0.0,0.0,0.0,0.0
4932.YPR071W,0.002460781298062135,0.000142125370128396,0.38006671434727285,0.0,3.114716043815096e-06,0.0,0.0,0.0,0.0,0.0,0.0,0.0,0.0,0.0
4932.YDR421W,0.030913565056905568,0.003330166311544433,0.4596124356482759,0.0,3.668266442061037e-05,0.0,0.0,0.0,0.0,0.0,0.0,0.0,0.0,0.0
4932.YKL214C,0.005998154414026454,0.0016815540791867663,0.4128073575500492,0.0,1.1852292899594293e-06,0.0,0.0,0.0,0.0,0.0,0.0,0.0,0.0,0.0
4932.YLR262C,0.05505998154414027,0.0055508235853282415,0.47461840736215943,0.0,0.00026757967478500385,0.0,0.0,0.0,0.0,0.0,0.0,0.0,0.0,0.0
4932.YPR073C,0.06059673946478007,0.008631274848268547,0.479875977785638,0.0,0.00024182866767314757,0.0,0.0,0.0,0.0,0.0,0.0,0.0,0.0,0.0
4932.YCR002C,0.027068594278683484,0.0032529834168220848,0.4634477294911436,0.0,6.337645559927246e-05,0.0,0.0,0.0,0.0,0.0,0.0,0.0,0.0,0.0
4932.YHR004C,0.03614272531528761,0.004474907063264152,0.4688312132175559,0.0,8.3558343416838e-05,0.0,0.0,0.0,0.0,0.0,0.0,0.0,0.0,0.0
4932.YGL213C,0.06274992310058444,0.013353577258530692,0.48133337890335737,0.0,0.00014735515151985862,0.0,0.0,0.0,0.0,0.0,0.0,0.0,0.0,0.0
4932.YKR082W,0.08951091971701015,0.01507003891856353,0.4882044038463805,0.0,0.00029048763030039713,0.0,0.0,0.0,0.0,0.0,0.0,0.0,0.0,0.0
4932.YLR404W,0.00584435558289757,0.00045239249647823393,0.4112398338836355,0.0,1.1073569881843703e-05,0.0,0.0,0.0,0.0,0.0,0.0,0.0,0.0,0.0
4932.YNL139C,0.06951707167025531,0.010430685871505873,0.48158308865302935,0.0,0.00022832356884686962,0.0,0.0,0.0,0.0,0.0,0.0,0.0,0.0,0.0
4932.YBR272C,0.031221162719163337,0.0035346653230217866,0.475034769734288,0.0,9.675309557397045e-05,0.0,0.0,0.0,0.0,0.0,0.0,0.0,0.0,0.0
4932.YOR196C,0.050446016610273765,0.007917660251306299,0.4741335727979077,0.0,0.00011196174825793473,0.0,0.0,0.0,0.0,0.0,0.0,0.0,0.0,0.0
4932.YAL046C,0.04091048908028299,0.004855272835136281,0.4647071883855628,0.0,0.00012889775348024412,0.0,0.0,0.0,0.0,0.0,0.0,0.0,0.0,0.0
4932.YNL032W,0.01168871116579514,0.0016123371096564197,0.446966612683679,0.0,2.0659916722997653e-05,0.0,0.0,0.0,0.0,0.0,0.0,0.0,0.0,0.0
4932.YKL205W,0.08382036296524147,0.017536112139255874,0.4923846794874081,0.0,0.00034399727161558627,0.0,0.0,0.0,0.0,0.0,0.0,0.0,0.0,0.0
4932.YLR018C,0.027991387265456785,0.0043440932286869325,0.4702562321027156,0.0,9.964711483231189e-05,0.0,0.0,0.0,0.0,0.0,0.0,0.0,0.0,0.0
4932.YJL221C,0.03491233466625654,0.0027741354780910187,0.47049457788685284,0.0,0.00013659015018403488,0.0,0.0,0.0,0.0,0.0,0.0,0.0,0.0,0.0
4932.YPL077C,0.015379883112888343,0.001144756409003006,0.4485091534508093,0.0,2.7766405411780882e-05,0.0,0.0,0.0,0.0,0.0,0.0,0.0,0.0,0.0
4932.YJL110C,0.027991387265456785,0.00349311365383827,0.46189938976367106,0.0,3.640834456543006e-05,0.0,0.0,0.0,0.0,0.0,0.0,0.0,0.0,0.0
4932.YDR459C,0.011381113503537373,0.0012985922249730592,0.4433679459057945,0.0,9.858921411651306e-06,0.0,0.0,0.0,0.0,0.0,0.0,0.0,0.0,0.0
4932.YDR392W,0.03583512765302984,0.004020745041949865,0.46818939514340546,0.0,6.946688357591002e-05,0.0,0.0,0.0,0.0,0.0,0.0,0.0,0.0,0.0
4932.YJR073C,0.042294678560442944,0.003718827593615186,0.4738915267791223,0.0,0.00029526815528064496,0.0,0.0,0.0,0.0,0.0,0.0,0.0,0.0,0.0
4932.YJR057W,0.07905259920024608,0.012038700068456785,0.4887919824879889,0.0,0.0003500093610417126,0.0,0.0,0.0,0.0,0.0,0.0,0.0,0.0,0.0
4932.YDR284C,0.03706551830206091,0.00375171221435162,0.4682231312289469,0.0,0.0001181157291907684,0.0,0.0,0.0,0.0,0.0,0.0,0.0,0.0,0.0
4932.YBR172C,0.05505998154414027,0.011612219327427762,0.4713819815158016,0.0,0.0001175039398821868,0.0,0.0,0.0,0.0,0.0,0.0,0.0,0.0,0.0
4932.YKL149C,0.03137496155029222,0.00472126079350534,0.4729946582614154,0.0,0.00014400286840733542,0.0,0.0,0.0,0.0,0.0,0.0,0.0,0.0,0.0
4932.YLR118C,0.03137496155029222,0.0028681036362246453,0.4722384168019858,0.0,0.00015235094103537047,0.0,0.0,0.0,0.0,0.0,0.0,0.0,0.0,0.0
4932.YHR060W,0.04275607505382959,0.0051911640586369346,0.47420277422428114,0.0,0.00024884454928801114,0.0,0.0,0.0,0.0,0.0,0.0,0.0,0.0,0.0
4932.YER115C,0.009074131036604122,0.00042166186673682406,0.41573900289157545,0.0,3.581668048719045e-05,0.0,0.0,0.0,0.0,0.0,0.0,0.0,0.0,0.0
4932.YHR192W,0.002922177791448785,0.00044148080120039835,0.399729368552862,0.0,2.2132873372415038e-07,0.0,0.0,0.0,0.0,0.0,0.0,0.0,0.0,0.0
4932.YPR032W,0.03814211011996309,0.003979510024816815,0.46957657285701143,0.0,0.00012038037575618109,0.0,0.0,0.0,0.0,0.0,0.0,0.0,0.0,0.0
4932.YIL090W,0.020455244540141495,0.0021849310523084048,0.4514381419477091,0.0,4.583351534598381e-05,0.0,0.0,0.0,0.0,0.0,0.0,0.0,0.0,0.0
4932.YJL004C,0.02383881882497693,0.0021108971486080838,0.45925511450952894,0.0,9.515401399849704e-05,0.0,0.0,0.0,0.0,0.0,0.0,0.0,0.0,0.0
4932.YGR202C,0.04475545985850508,0.005103974641192519,0.47744310177776084,0.0,0.00023271429005735297,0.0,0.0,0.0,0.0,0.0,0.0,0.0,0.0,0.0
4932.YJL054W,0.051676407259304835,0.008829690740607746,0.47804021299163724,0.0,0.0001291950396857552,0.0,0.0,0.0,0.0,0.0,0.0,0.0,0.0,0.0
4932.YDR147W,0.03798831128883421,0.003792043153189834,0.48090590698603647,0.0,0.0001388361508440431,0.0,0.0,0.0,0.0,0.0,0.0,0.0,0.0,0.0
4932.YCR059C,0.013995693632728392,0.002605680677820596,0.4451295119328213,0.0,5.250036692707567e-06,0.0,0.0,0.0,0.0,0.0,0.0,0.0,0.0,0.0
4932.YNL213C,0.02922177791448785,0.00421701838598164,0.46869594743186127,0.0,0.00011482233522379462,0.0,0.0,0.0,0.0,0.0,0.0,0.0,0.0,0.0
4932.YDR503C,0.03368194401722547,0.003130295282561233,0.4681556639189715,0.0,0.00015068232310882883,0.0,0.0,0.0,0.0,0.0,0.0,0.0,0.0,0.0
4932.YAL025C,0.10519840049215627,0.02640524353909092,0.49093386334204625,0.0,0.00031785595989412276,0.0,0.0,0.0,0.0,0.0,0.0,0.0,0.0,0.0
4932.YDR254W,0.024146416487234697,0.002033461050003475,0.46311742678321755,0.0,0.00010660865706184,0.0,0.0,0.0,0.0,0.0,0.0,0.0,0.0,0.0
4932.YDR142C,0.01968625038449708,0.0018325801800042477,0.4506866843664395,0.0,7.659461324938958e-05,0.0,0.0,0.0,0.0,0.0,0.0,0.0,0.0,0.0
4932.YHR186C,0.053521993232851436,0.007716063258373097,0.4754170774945365,0.0,8.466926963961187e-05,0.0,0.0,0.0,0.0,0.0,0.0,0.0,0.0,0.0
4932.YOR390W,0.0658258997231621,0.00972933801682231,0.48728913499777465,0.0,0.00020830724598568193,0.0,0.0,0.0,0.0,0.0,0.0,0.0,0.0,0.0
4932.YMR112C,0.024761611811750232,0.0023796303105082994,0.4587039824364905,0.0,0.00015889231394208755,0.0,0.0,0.0,0.0,0.0,0.0,0.0,0.0,0.0
4932.YBR070C,0.011381113503537373,0.0009988382156203613,0.43637100363946846,0.0,2.102972932734358e-05,0.0,0.0,0.0,0.0,0.0,0.0,0.0,0.0,0.0
4932.YDR294C,0.042602276222700707,0.0046914136734048754,0.4738915267791223,0.0,0.00011096090454204314,0.0,0.0,0.0,0.0,0.0,0.0,0.0,0.0,0.0
4932.YKL041W,0.027991387265456785,0.002656331124172559,0.4635138465793084,0.0,0.00012740166496927978,0.0,0.0,0.0,0.0,0.0,0.0,0.0,0.0,0.0
4932.YFR018C,0.011534912334666258,0.0010851961699751556,0.4428844476005538,0.0,1.1558377576747907e-05,0.0,0.0,0.0,0.0,0.0,0.0,0.0,0.0,0.0
4932.YMR218C,0.01876345739772378,0.0014819228332788805,0.4437918737327773,0.0,3.1460227908543736e-05,0.0,0.0,0.0,0.0,0.0,0.0,0.0,0.0,0.0
4932.YOR111W,0.024454014149492467,0.003169503969666855,0.4583480718907614,0.0,4.510087304804837e-05,0.0,0.0,0.0,0.0,0.0,0.0,0.0,0.0,0.0
4932.YNL012W,0.023069824669332516,0.0016127833181133731,0.4607857477801251,0.0,0.00014710692715724682,0.0,0.0,0.0,0.0,0.0,0.0,0.0,0.0,0.0
4932.YLR246W,0.017533066748692712,0.002197198361346358,0.4584127418127213,0.0,1.6353960086553855e-05,0.0,0.0,0.0,0.0,0.0,0.0,0.0,0.0,0.0
4932.YDL040C,0.058597354660104586,0.01476976189943035,0.47660265624140563,0.0,7.936553611639003e-05,0.0,0.0,0.0,0.0,0.0,0.0,0.0,0.0,0.0
4932.YOL001W,0.014918486619501693,0.0012395715439508439,0.4482307108501983,0.0,2.6384340502653403e-05,0.0,0.0,0.0,0.0,0.0,0.0,0.0,0.0,0.0
4932.YOL108C,0.023069824669332516,0.00203578288403273,0.4700181276813978,0.0,0.00011615139806126195,0.0,0.0,0.0,0.0,0.0,0.0,0.0,0.0,0.0
4932.YCL005W,0.005690556751768687,0.00040883851599457115,0.41571240580867025,0.0,6.147702171018709e-06,0.0,0.0,0.0,0.0,0.0,0.0,0.0,0.0,0.0
4932.YDR123C,0.021839434020301446,0.0022154453416557665,0.45815417155716875,0.0,6.584144644302947e-05,0.0,0.0,0.0,0.0,0.0,0.0,0.0,0.0,0.0
4932.YCR076C,0.013072900645955092,0.0012246058825167547,0.4398863129701682,0.0,3.318051337231561e-05,0.0,0.0,0.0,0.0,0.0,0.0,0.0,0.0,0.0
4932.YJR122W,0.025376807136265767,0.002892114755432454,0.4511873778083131,0.0,4.39760535451511e-05,0.0,0.0,0.0,0.0,0.0,0.0,0.0,0.0,0.0
4932.YLR277C,0.07905259920024608,0.013086009621762077,0.4855414044082287,0.0,0.00022296976890566,0.0,0.0,0.0,0.0,0.0,0.0,0.0,0.0,0.0
4932.YDR468C,0.024915410642879117,0.0015952861228570015,0.45718712553263385,0.0,7.035934561465874e-05,0.0,0.0,0.0,0.0,0.0,0.0,0.0,0.0,0.0
4932.YML107C,0.01030452168563519,0.0012362871417539267,0.43596112815802246,0.0,0.0003928530685554701,0.0,0.0,0.0,0.0,0.0,0.0,0.0,0.0,0.0
4932.YER162C,0.04337127037834513,0.00441037671418856,0.4733736880014078,0.0,0.0001349088797223619,0.0,0.0,0.0,0.0,0.0,0.0,0.0,0.0,0.0
4932.YOR245C,0.04352506920947401,0.004085660551847464,0.46812193755459436,0.0,0.0001311681607916315,0.0,0.0,0.0,0.0,0.0,0.0,0.0,0.0,0.0
4932.YJR074W,0.03752691479544756,0.005998359165776706,0.47066497285204434,0.0,0.0001383376013470608,0.0,0.0,0.0,0.0,0.0,0.0,0.0,0.0,0.0
4932.YNL087W,0.02291602583820363,0.0032095628822205366,0.459352510617512,0.0,3.382412268896794e-05,0.0,0.0,0.0,0.0,0.0,0.0,0.0,0.0,0.0
4932.YKL057C,0.041987080898185175,0.005917269999069054,0.471621470111433,0.0,0.0001059617488461696,0.0,0.0,0.0,0.0,0.0,0.0,0.0,0.0,0.0
4932.YJL071W,0.044140264533989546,0.0059317915515447765,0.46681038902265265,0.0,6.439070176416585e-05,0.0,0.0,0.0,0.0,0.0,0.0,0.0,0.0,0.0
4932.YCR048W,0.030298369732390036,0.003113450635197854,0.46657576040750515,0.0,0.00027399178322148936,0.0,0.0,0.0,0.0,0.0,0.0,0.0,0.0,0.0
4932.YER027C,0.04798523531221163,0.005337872520061847,0.48065689882353163,0.0,0.00013455043203221257,0.0,0.0,0.0,0.0,0.0,0.0,0.0,0.0,0.0
4932.YNL048W,0.04706244232543833,0.005183942160726812,0.4763580833659794,0.0,0.0001956629906197463,0.0,0.0,0.0,0.0,0.0,0.0,0.0,0.0,0.0
4932.YEL020C,0.07366964011073517,0.008969571180787247,0.4920118584989267,0.0,0.0006258575852969505,0.0,0.0,0.0,0.0,0.0,0.0,0.0,0.0,0.0
4932.YGL075C,0.017533066748692712,0.001414069176093646,0.4491602001240979,0.0,5.987622487964755e-05,0.0,0.0,0.0,0.0,0.0,0.0,0.0,0.0,0.0
4932.YNR019W,0.031682559212549984,0.003191026329261516,0.4656062349667042,0.0,0.00012207633163874892,0.0,0.0,0.0,0.0,0.0,0.0,0.0,0.0,0.0
4932.YLR323C,0.02737619194094125,0.0038059739240328657,0.4511873778083131,0.0,0.00010036963802238136,0.0,0.0,0.0,0.0,0.0,0.0,0.0,0.0,0.0
4932.YHR111W,0.08705013841894801,0.015957318503419728,0.48941783649885706,0.0,0.00044047687586996003,0.0,0.0,0.0,0.0,0.0,0.0,0.0,0.0,0.0
4932.YJR034W,0.030759766225776686,0.003487310119154825,0.45622415328198584,0.0,0.00019981378384879424,0.0,0.0,0.0,0.0,0.0,0.0,0.0,0.0,0.0
4932.YDR389W,0.03937250076899416,0.003986355966889615,0.4663079020592268,0.0,7.385467902533513e-05,0.0,0.0,0.0,0.0,0.0,0.0,0.0,0.0,0.0
4932.YOR311C,0.023069824669332516,0.002618475425168714,0.45657677172536004,0.0,4.7911896659191486e-05,0.0,0.0,0.0,0.0,0.0,0.0,0.0,0.0,0.0
4932.YNL099C,0.011842509996924024,0.0015788921854178073,0.4427034074938905,0.0,1.5283624635603372e-05,0.0,0.0,0.0,0.0,0.0,0.0,0.0,0.0,0.0
4932.YDR248C,0.013534297139341742,0.0018037920346935712,0.4302172017475718,0.0,4.7833413071242144e-06,0.0,0.0,0.0,0.0,0.0,0.0,0.0,0.0,0.0
4932.YNL312W,0.0908951091971701,0.013821937020225878,0.49388163070573265,0.0,0.00035793001836672536,0.0,0.0,0.0,0.0,0.0,0.0,0.0,0.0,0.0
4932.YBR261C,0.06490310673638881,0.01496950615380312,0.47945108944110715,0.0,0.00013827041362763788,0.0,0.0,0.0,0.0,0.0,0.0,0.0,0.0,0.0
4932.YAR023C,0.0015379883112888342,4.727243557461399e-05,0.3588271365174954,0.0,3.6286367101705846e-06,0.0,0.0,0.0,0.0,0.0,0.0,0.0,0.0,0.0
4932.YBR145W,0.027991387265456785,0.0034269376940496985,0.4539294876140639,0.0,2.552747836700044e-05,0.0,0.0,0.0,0.0,0.0,0.0,0.0,0.0,0.0
4932.YLR351C,0.04475545985850508,0.005300821081586128,0.46845942002705826,0.0,8.830538423983623e-05,0.0,0.0,0.0,0.0,0.0,0.0,0.0,0.0,0.0
4932.YBL019W,0.06628729621654876,0.010394072589161519,0.4817616114468657,0.0,0.00021453773722542995,0.0,0.0,0.0,0.0,0.0,0.0,0.0,0.0,0.0
4932.YKL119C,0.0259920024607813,0.0022631174468129784,0.46268873648499886,0.0,0.00021088439993125675,0.0,0.0,0.0,0.0,0.0,0.0,0.0,0.0,0.0
4932.YDL236W,0.06413411258074439,0.009275189642614092,0.48481687795234835,0.0,0.00023073653856649603,0.0,0.0,0.0,0.0,0.0,0.0,0.0,0.0,0.0
4932.YAL043C,0.029990772070132267,0.004971892783957843,0.46199791078530567,0.0,2.9884772381182626e-05,0.0,0.0,0.0,0.0,0.0,0.0,0.0,0.0,0.0
4932.YLR147C,0.07505382959089511,0.014933737178840747,0.4853238191945123,0.0,0.0001885829574924139,0.0,0.0,0.0,0.0,0.0,0.0,0.0,0.0,0.0
4932.YHR123W,0.023069824669332516,0.00243520885849121,0.45721929462393224,0.0,5.652107347309008e-05,0.0,0.0,0.0,0.0,0.0,0.0,0.0,0.0,0.0
4932.YJR082C,0.025223008305136883,0.0028502165426678005,0.46971234749134916,0.0,0.00010111483018734372,0.0,0.0,0.0,0.0,0.0,0.0,0.0,0.0,0.0
4932.YML021C,0.026299600123039068,0.0033098705092774934,0.4589955933598449,0.0,2.840506539267431e-05,0.0,0.0,0.0,0.0,0.0,0.0,0.0,0.0,0.0
4932.YHR046C,0.04936942479237158,0.009039623311190598,0.47555625111207,0.0,8.175943619255664e-05,0.0,0.0,0.0,0.0,0.0,0.0,0.0,0.0,0.0
4932.YGL126W,0.017533066748692712,0.0014538992029341957,0.4530749278479518,0.0,7.277550398759292e-05,0.0,0.0,0.0,0.0,0.0,0.0,0.0,0.0,0.0
4932.YNL215W,0.027529990772070134,0.0026161964616711504,0.46199791078530567,0.0,0.00014275803061197513,0.0,0.0,0.0,0.0,0.0,0.0,0.0,0.0,0.0
4932.YKL208W,0.013072900645955092,0.001095235027762701,0.43613669475772365,0.0,2.990106208795543e-05,0.0,0.0,0.0,0.0,0.0,0.0,0.0,0.0,0.0
4932.YKL047W,0.022147031682559215,0.0022665677375170138,0.4574446050823882,0.0,2.913450465222673e-05,0.0,0.0,0.0,0.0,0.0,0.0,0.0,0.0,0.0
4932.YDR319C,0.006305752076284221,0.00030873329670397156,0.40453219294000653,0.0,1.7567391754152792e-05,0.0,0.0,0.0,0.0,0.0,0.0,0.0,0.0,0.0
4932.YPL051W,0.018609658566594894,0.0018016274645072214,0.45121870808939135,0.0,2.6021166302728137e-05,0.0,0.0,0.0,0.0,0.0,0.0,0.0,0.0,0.0
4932.YBL089W,0.03645032297754537,0.0030233804212825236,0.47059680005759885,0.0,0.00021403313719964875,0.0,0.0,0.0,0.0,0.0,0.0,0.0,0.0,0.0
4932.YGL061C,0.03199015687480775,0.0033196844737113933,0.46563959979902003,0.0,0.0001185005622492246,0.0,0.0,0.0,0.0,0.0,0.0,0.0,0.0,0.0
4932.YJR112W,0.013688095970470625,0.001321520565960874,0.4392024748357773,0.0,2.2930772843428223e-05,0.0,0.0,0.0,0.0,0.0,0.0,0.0,0.0,0.0
4932.YOR175C,0.022300830513688096,0.0018708550969079533,0.4539611998878947,0.0,5.190934183824571e-05,0.0,0.0,0.0,0.0,0.0,0.0,0.0,0.0,0.0
4932.YNL149C,0.04598585050753615,0.007468217860792698,0.47534752122862656,0.0,8.253282236523945e-05,0.0,0.0,0.0,0.0,0.0,0.0,0.0,0.0,0.0
4932.YNR043W,0.036911719470932025,0.005935657822208668,0.46597351130837755,0.0,6.252947285016354e-05,0.0,0.0,0.0,0.0,0.0,0.0,0.0,0.0,0.0
4932.YKR089C,0.023992617656105816,0.002206968771700672,0.45628822520857554,0.0,5.2129065892592735e-05,0.0,0.0,0.0,0.0,0.0,0.0,0.0,0.0,0.0
4932.YDR470C,0.014457090126115043,0.0015198055152271168,0.4505304454825851,0.0,1.7821439332174872e-05,0.0,0.0,0.0,0.0,0.0,0.0,0.0,0.0,0.0
4932.YOR316C,0.02768378960319902,0.0023378828428225282,0.46354691219826827,0.0,7.338428189290396e-05,0.0,0.0,0.0,0.0,0.0,0.0,0.0,0.0,0.0
4932.YBR220C,0.013226699477083975,0.0015501666723095754,0.44742825967054495,0.0,2.5226195914717892e-05,0.0,0.0,0.0,0.0,0.0,0.0,0.0,0.0,0.0
4932.YMR204C,0.005229160258382036,0.00024613763776362826,0.40212888267809427,0.0,1.8012093271001284e-05,0.0,0.0,0.0,0.0,0.0,0.0,0.0,0.0,0.0
4932.YNL328C,0.021685635189172565,0.0038530478315762745,0.4475823539878306,0.0,9.341830130510546e-06,0.0,0.0,0.0,0.0,0.0,0.0,0.0,0.0,0.0
4932.YHL022C,0.0259920024607813,0.0019393587592671311,0.45741240427955265,0.0,0.00018082632177830174,0.0,0.0,0.0,0.0,0.0,0.0,0.0,0.0,0.0
4932.YGR170W,0.029990772070132267,0.0032150312592064243,0.4650730471797398,0.0,7.521957447161122e-05,0.0,0.0,0.0,0.0,0.0,0.0,0.0,0.0,0.0
4932.YPL228W,0.03491233466625654,0.004790120860458721,0.46812193755459436,0.0,6.53854078538609e-05,0.0,0.0,0.0,0.0,0.0,0.0,0.0,0.0,0.0
4932.YOL076W,0.0538295908951092,0.012321615526780738,0.47199830138703597,0.0,7.388290740462725e-05,0.0,0.0,0.0,0.0,0.0,0.0,0.0,0.0,0.0
4932.YIL023C,0.030298369732390036,0.0026007571628206333,0.4649399409842104,0.0,0.00010026622605944892,0.0,0.0,0.0,0.0,0.0,0.0,0.0,0.0,0.0
4932.YDR049W,0.031528760381421106,0.004796064706392555,0.4647736653454921,0.0,0.00011074745755089146,0.0,0.0,0.0,0.0,0.0,0.0,0.0,0.0,0.0
4932.YMR243C,0.04675484466318056,0.006203744856126133,0.47660265624140563,0.0,0.00021267357606911624,0.0,0.0,0.0,0.0,0.0,0.0,0.0,0.0,0.0
4932.YML038C,0.018609658566594894,0.001682484997875131,0.45071794514776475,0.0,4.27077798384092e-05,0.0,0.0,0.0,0.0,0.0,0.0,0.0,0.0,0.0
4932.YMR177W,0.01968625038449708,0.002159269986892029,0.4549146328196111,0.0,3.828629571245586e-05,0.0,0.0,0.0,0.0,0.0,0.0,0.0,0.0,0.0
4932.YKL133C,0.027529990772070134,0.003563311032335824,0.4603613613315852,0.0,0.00013309949937044018,0.0,0.0,0.0,0.0,0.0,0.0,0.0,0.0,0.0
4932.YKL175W,0.03137496155029222,0.0023412469840326054,0.4673811850100931,0.0,0.00016241978591782834,0.0,0.0,0.0,0.0,0.0,0.0,0.0,0.0,0.0
4932.YDR393W,0.011073515841279608,0.0009380321558605738,0.43438736648140414,0.0,2.4525723885492594e-05,0.0,0.0,0.0,0.0,0.0,0.0,0.0,0.0,0.0
4932.YNL003C,0.011842509996924024,0.0010676038875912129,0.43170346898719936,0.0,1.6566828065086478e-05,0.0,0.0,0.0,0.0,0.0,0.0,0.0,0.0,0.0
4932.YDR435C,0.017686865579821593,0.00186836006710869,0.45478727709933686,0.0,4.173928881781995e-05,0.0,0.0,0.0,0.0,0.0,0.0,0.0,0.0,0.0
4932.YOL154W,0.0050753614272531535,0.0002030023566983063,0.39196529226657767,0.0,1.3801841592794329e-05,0.0,0.0,0.0,0.0,0.0,0.0,0.0,0.0,0.0
4932.YLL006W,0.009689326361119657,0.0009099911567649704,0.437811657134842,0.0,1.0256932044202525e-05,0.0,0.0,0.0,0.0,0.0,0.0,0.0,0.0,0.0
4932.YPL224C,0.023069824669332516,0.00238312395818819,0.45580812396151266,0.0,5.5765615814530593e-05,0.0,0.0,0.0,0.0,0.0,0.0,0.0,0.0,0.0
4932.YGL218W,0.002460781298062135,0.00017271482254530818,0.3860504167772888,0.0,1.0338761945872341e-05,0.0,0.0,0.0,0.0,0.0,0.0,0.0,0.0,0.0
4932.YFL003C,0.04583205167640726,0.004425608866983697,0.4762882514985945,0.0,0.00027871484034989286,0.0,0.0,0.0,0.0,0.0,0.0,0.0,0.0,0.0
4932.YIR033W,0.024454014149492467,0.0023517009567983077,0.4588983485307433,0.0,7.438404488952165e-05,0.0,0.0,0.0,0.0,0.0,0.0,0.0,0.0,0.0
4932.YLR321C,0.030913565056905568,0.00517765340398642,0.4600354417837398,0.0,2.1352057585744714e-05,0.0,0.0,0.0,0.0,0.0,0.0,0.0,0.0,0.0
4932.YNL223W,0.03906490310673639,0.0031520164240295516,0.4698482006648825,0.0,0.00020218796532556183,0.0,0.0,0.0,0.0,0.0,0.0,0.0,0.0,0.0
4932.YPR140W,0.012303906490310674,0.00130556153679836,0.44354953004746245,0.0,1.4950520726017672e-05,0.0,0.0,0.0,0.0,0.0,0.0,0.0,0.0,0.0
4932.YAR028W,0.0019993848046754845,5.0665935398546154e-05,0.3521760671614181,0.0,2.5298437846191325e-05,0.0,0.0,0.0,0.0,0.0,0.0,0.0,0.0,0.0
4932.YPR091C,0.007536142725315288,0.0006145203428720691,0.42554031533695647,0.0,4.507232111460658e-06,0.0,0.0,0.0,0.0,0.0,0.0,0.0,0.0,0.0
4932.YBR029C,0.02860658258997232,0.003951627456295779,0.45783136864618645,0.0,3.915139048071031e-05,0.0,0.0,0.0,0.0,0.0,0.0,0.0,0.0,0.0
4932.YNL310C,0.019532451553368194,0.0024599107996291897,0.4446421660869936,0.0,1.7913793428651494e-05,0.0,0.0,0.0,0.0,0.0,0.0,0.0,0.0,0.0
4932.YDR205W,0.02199323285143033,0.0023016649118322956,0.46075307489153544,0.0,4.3146879308535594e-05,0.0,0.0,0.0,0.0,0.0,0.0,0.0,0.0,0.0
4932.YKR027W,0.004460166102737619,0.00038878554924735354,0.40355239195102005,0.0,1.6600052795012438e-06,0.0,0.0,0.0,0.0,0.0,0.0,0.0,0.0,0.0
4932.YMR060C,0.030605967394647802,0.003706260025714873,0.46573972299278416,0.0,9.956976773827352e-05,0.0,0.0,0.0,0.0,0.0,0.0,0.0,0.0,0.0
4932.YKL212W,0.049215625961242696,0.006492111041157652,0.4714503820064808,0.0,0.00012454762806734596,0.0,0.0,0.0,0.0,0.0,0.0,0.0,0.0,0.0
4932.YGR046W,0.014918486619501693,0.0012081967007394475,0.4440951759974935,0.0,3.9690012522270704e-05,0.0,0.0,0.0,0.0,0.0,0.0,0.0,0.0,0.0
4932.YAL011W,0.0575207628422024,0.011217181190611459,0.47751327272158467,0.0,0.00017136639713399794,0.0,0.0,0.0,0.0,0.0,0.0,0.0,0.0,0.0
4932.YLR095C,0.03137496155029222,0.0036447740070458716,0.4568978072841601,0.0,2.9049142581295507e-05,0.0,0.0,0.0,0.0,0.0,0.0,0.0,0.0,0.0
4932.YDR176W,0.028914180252230085,0.0037496829505018476,0.46170247372426637,0.0,3.416457694959285e-05,0.0,0.0,0.0,0.0,0.0,0.0,0.0,0.0,0.0
4932.YOR038C,0.03614272531528761,0.005047969840091494,0.46275463717385873,0.0,5.697240131472695e-05,0.0,0.0,0.0,0.0,0.0,0.0,0.0,0.0,0.0
4932.YJR068W,0.08274377114733929,0.013357434860690827,0.48608622196254675,0.0,0.00023829910344640913,0.0,0.0,0.0,0.0,0.0,0.0,0.0,0.0,0.0
4932.YGR252W,0.06105813595816672,0.0083240862956332,0.4770925561817419,0.0,0.00015946399107474984,0.0,0.0,0.0,0.0,0.0,0.0,0.0,0.0,0.0
4932.YBL079W,0.07382343894186405,0.012651844048651852,0.4810483132362544,0.0,0.0001322626936496325,0.0,0.0,0.0,0.0,0.0,0.0,0.0,0.0,0.0
4932.YCL061C,0.059981544140264534,0.0068963566505224755,0.4766725803400326,0.0,0.0001230851322425748,0.0,0.0,0.0,0.0,0.0,0.0,0.0,0.0,0.0
4932.YGL133W,0.03768071362657644,0.004677742453908602,0.4656062349667042,0.0,9.608603346721762e-05,0.0,0.0,0.0,0.0,0.0,0.0,0.0,0.0,0.0
4932.YLR015W,0.02922177791448785,0.0039539632657986275,0.4576056771264313,0.0,4.290853787296389e-05,0.0,0.0,0.0,0.0,0.0,0.0,0.0,0.0,0.0
4932.YBL006C,0.011842509996924024,0.001172222483922071,0.43470702536762945,0.0,3.554699788153104e-05,0.0,0.0,0.0,0.0,0.0,0.0,0.0,0.0,0.0
4932.YHR102W,0.02952937557674562,0.0031485035273651316,0.4589955933598449,0.0,3.753593061321031e-05,0.0,0.0,0.0,0.0,0.0,0.0,0.0,0.0,0.0
4932.YOL130W,0.01968625038449708,0.002542985365473907,0.4565126187435243,0.0,7.398734676080652e-05,0.0,0.0,0.0,0.0,0.0,0.0,0.0,0.0,0.0
4932.YER116C,0.0278375884343279,0.0025709434635790445,0.46328251926389025,0.0,9.030652015839909e-05,0.0,0.0,0.0,0.0,0.0,0.0,0.0,0.0,0.0
4932.YPL138C,0.026760996616425718,0.0035373447337119284,0.4608184253028384,0.0,7.536515107469391e-05,0.0,0.0,0.0,0.0,0.0,0.0,0.0,0.0,0.0
4932.YER007W,0.016764072593048292,0.0015440762758348683,0.45121870808939135,0.0,4.829911475297274e-05,0.0,0.0,0.0,0.0,0.0,0.0,0.0,0.0,0.0
4932.YLR005W,0.018917256228852663,0.001966910719096773,0.4458625370656872,0.0,5.1316360735912666e-05,0.0,0.0,0.0,0.0,0.0,0.0,0.0,0.0,0.0
4932.YGL244W,0.050138418948015996,0.006128890285148499,0.4699161567251464,0.0,0.00011285680941283699,0.0,0.0,0.0,0.0,0.0,0.0,0.0,0.0,0.0
4932.YOR349W,0.02645339895416795,0.002671597388033655,0.46467395703627895,0.0,9.266603499258584e-05,0.0,0.0,0.0,0.0,0.0,0.0,0.0,0.0,0.0
4932.YBR211C,0.016917871424177177,0.0012311163297583198,0.4477982644335555,0.0,8.062606077470293e-05,0.0,0.0,0.0,0.0,0.0,0.0,0.0,0.0,0.0
4932.YOR189W,0.004613964933866503,0.0003877787778768868,0.3995327481059595,0.0,1.7083558887716713e-06,0.0,0.0,0.0,0.0,0.0,0.0,0.0,0.0,0.0
4932.YCR052W,0.03768071362657644,0.005561863492356346,0.471279417986316,0.0,8.070925293882237e-05,0.0,0.0,0.0,0.0,0.0,0.0,0.0,0.0,0.0
4932.YHR191C,0.03614272531528761,0.0036900772489112366,0.4728569797114921,0.0,0.00040076685768928975,0.0,0.0,0.0,0.0,0.0,0.0,0.0,0.0,0.0
4932.YML049C,0.06551830206090434,0.012955992185902548,0.4774781846715648,0.0,7.981432668966637e-05,0.0,0.0,0.0,0.0,0.0,0.0,0.0,0.0,0.0
4932.YMR075W,0.03398954167948324,0.0039077778123168235,0.4643419047588484,0.0,4.2455276344166116e-05,0.0,0.0,0.0,0.0,0.0,0.0,0.0,0.0,0.0
4932.YKL139W,0.051368809597047066,0.007006718846851499,0.47179268243631195,0.0,0.00012540104778503217,0.0,0.0,0.0,0.0,0.0,0.0,0.0,0.0,0.0
4932.YGL071W,0.036604121808674256,0.0030743578245022514,0.4661406467141553,0.0,0.00015900150041158704,0.0,0.0,0.0,0.0,0.0,0.0,0.0,0.0,0.0
4932.YLR425W,0.025838203629652418,0.0020031560741744364,0.4595799289338231,0.0,0.00015961321714978504,0.0,0.0,0.0,0.0,0.0,0.0,0.0,0.0,0.0
4932.YAL019W,0.11011996308828054,0.020797973834009283,0.49260864340803007,0.0,0.00035647323820433386,0.0,0.0,0.0,0.0,0.0,0.0,0.0,0.0,0.0
4932.YGL174W,0.0259920024607813,0.003266727651113263,0.450467980256175,0.0,6.414250046701476e-05,0.0,0.0,0.0,0.0,0.0,0.0,0.0,0.0,0.0
4932.YDR207C,0.056751768686557985,0.005633931257889122,0.480514724188074,0.0,0.0003672757701602805,0.0,0.0,0.0,0.0,0.0,0.0,0.0,0.0,0.0
4932.YPL018W,0.013226699477083975,0.0009449821970760558,0.44060215725490404,0.0,3.828328306274764e-05,0.0,0.0,0.0,0.0,0.0,0.0,0.0,0.0,0.0
4932.YOR308C,0.04490925868963396,0.008475313282709238,0.4654728234380605,0.0,7.679268144870121e-05,0.0,0.0,0.0,0.0,0.0,0.0,0.0,0.0,0.0
4932.YOR005C,0.0519840049215626,0.005670311936819714,0.4755910572491638,0.0,0.00014915344057082146,0.0,0.0,0.0,0.0,0.0,0.0,0.0,0.0,0.0
4932.YNR023W,0.03552752999077207,0.005080481822510135,0.4671459824008141,0.0,2.9792997913218912e-05,0.0,0.0,0.0,0.0,0.0,0.0,0.0,0.0,0.0
4932.YDR149C,0.002153183635804368,0.00014967759960880065,0.372933919604874,0.0,7.118828067567717e-05,0.0,0.0,0.0,0.0,0.0,0.0,0.0,0.0,0.0
4932.YDR310C,0.027529990772070134,0.0028394304552435182,0.4561600993468111,0.0,5.134170462304236e-05,0.0,0.0,0.0,0.0,0.0,0.0,0.0,0.0,0.0
4932.YOL094C,0.07413103660412182,0.012539350729221231,0.482262180139181,0.0,0.00019723169972550366,0.0,0.0,0.0,0.0,0.0,0.0,0.0,0.0,0.0
4932.YKR028W,0.028914180252230085,0.004037192254339465,0.46173528140377496,0.0,4.2398064949560944e-05,0.0,0.0,0.0,0.0,0.0,0.0,0.0,0.0,0.0
4932.YML094C-A,0.002768378960319902,0.00024120428386248478,0.37612876911295007,0.0,2.2178607449960057e-05,0.0,0.0,0.0,0.0,0.0,0.0,0.0,0.0,0.0
4932.YEL018W,0.014918486619501693,0.0016165715876192914,0.4370754432767421,0.0,2.909319166517071e-05,0.0,0.0,0.0,0.0,0.0,0.0,0.0,0.0,0.0
4932.YBR278W,0.017225469086434943,0.001689796967296175,0.44816888166048174,0.0,4.801020674861314e-05,0.0,0.0,0.0,0.0,0.0,0.0,0.0,0.0,0.0
4932.YOR194C,0.035066133497385424,0.004223250101029272,0.4637785036896242,0.0,9.986294113308946e-05,0.0,0.0,0.0,0.0,0.0,0.0,0.0,0.0,0.0
4932.YML127W,0.031682559212549984,0.004165954151354602,0.4642755512428783,0.0,0.00017503728739855833,0.0,0.0,0.0,0.0,0.0,0.0,0.0,0.0,0.0
4932.YLR052W,0.01568748077514611,0.0023407853226715958,0.44436850271458145,0.0,9.590015209165395e-06,0.0,0.0,0.0,0.0,0.0,0.0,0.0,0.0,0.0
4932.YOR127W,0.06690249154106429,0.007562162402661196,0.48062134727776074,0.0,0.00020420589228675062,0.0,0.0,0.0,0.0,0.0,0.0,0.0,0.0,0.0
4932.YMR263W,0.03521993232851431,0.00402797066670596,0.4692374794335156,0.0,0.00011193914066239501,0.0,0.0,0.0,0.0,0.0,0.0,0.0,0.0,0.0
4932.YMR294W,0.025069209474007998,0.0030342845097547436,0.45692993567226814,0.0,7.056731555716088e-05,0.0,0.0,0.0,0.0,0.0,0.0,0.0,0.0,0.0
4932.YBL008W,0.0287603814211012,0.004147993202823042,0.4556802675452542,0.0,2.992466606575334e-05,0.0,0.0,0.0,0.0,0.0,0.0,0.0,0.0,0.0
4932.YNL107W,0.038757305444478626,0.0040253422240248025,0.4625569914005784,0.0,0.00010672080189188111,0.0,0.0,0.0,0.0,0.0,0.0,0.0,0.0,0.0
4932.YJL148W,0.10996616425715165,0.026108157120026516,0.49309459820878165,0.0,0.00027737078113797915,0.0,0.0,0.0,0.0,0.0,0.0,0.0,0.0,0.0
4932.YLR309C,0.03614272531528761,0.003945411714963733,0.46728035489683045,0.0,0.0001233146820545531,0.0,0.0,0.0,0.0,0.0,0.0,0.0,0.0,0.0
4932.YLL002W,0.029375576745616735,0.003386087526169317,0.4552652291175874,0.0,0.00020183319076423853,0.0,0.0,0.0,0.0,0.0,0.0,0.0,0.0,0.0
4932.YGR005C,0.03521993232851431,0.005423040853389949,0.4623595143870304,0.0,5.698243350895928e-05,0.0,0.0,0.0,0.0,0.0,0.0,0.0,0.0,0.0
4932.YBR087W,0.10012303906490311,0.017414905085869445,0.49204911518971106,0.0,0.00032741372334396744,0.0,0.0,0.0,0.0,0.0,0.0,0.0,0.0,0.0
4932.YGR056W,0.04091048908028299,0.005102118788441417,0.4671124013511124,0.0,6.664382124741565e-05,0.0,0.0,0.0,0.0,0.0,0.0,0.0,0.0,0.0
4932.YNL136W,0.030298369732390036,0.0031827794135297293,0.4602961404827743,0.0,0.000141457183922391,0.0,0.0,0.0,0.0,0.0,0.0,0.0,0.0,0.0
4932.YMR233W,0.017840664410950478,0.002825198621135812,0.4567372330916795,0.0,1.640834030982891e-05,0.0,0.0,0.0,0.0,0.0,0.0,0.0,0.0,0.0
4932.YJL179W,0.041371885573669644,0.007145656164479009,0.4668774691187904,0.0,0.00010994442688584138,0.0,0.0,0.0,0.0,0.0,0.0,0.0,0.0,0.0
4932.YOR295W,0.032605352199323284,0.0056739452916685865,0.46474042448829384,0.0,0.00017011025461943685,0.0,0.0,0.0,0.0,0.0,0.0,0.0,0.0,0.0
4932.YER016W,0.06474930790525993,0.0085919871667911,0.480514724188074,0.0,0.0002639509716704901,0.0,0.0,0.0,0.0,0.0,0.0,0.0,0.0,0.0
4932.YDR424C,0.043217471547216245,0.006478970763190692,0.47434123769584097,0.0,0.00014042808214871508,0.0,0.0,0.0,0.0,0.0,0.0,0.0,0.0,0.0
4932.YBL081W,0.019532451553368194,0.005133184566700187,0.43372050561976533,0.0,2.6886720330768516e-06,0.0,0.0,0.0,0.0,0.0,0.0,0.0,0.0,0.0
4932.YML071C,0.032605352199323284,0.0031585776517570894,0.4612436552523655,0.0,0.00014358071073105065,0.0,0.0,0.0,0.0,0.0,0.0,0.0,0.0,0.0
4932.YMR005W,0.021378037526914796,0.0028042648450220557,0.44745907004512636,0.0,1.8107250554874907e-05,0.0,0.0,0.0,0.0,0.0,0.0,0.0,0.0,0.0
4932.YDL099W,0.017379267917563827,0.001359379592386569,0.4458013594398549,0.0,8.879440495407199e-05,0.0,0.0,0.0,0.0,0.0,0.0,0.0,0.0,0.0
4932.YOR154W,0.01384189480159951,0.002015889626211976,0.44303542750360164,0.0,2.3712569535251804e-05,0.0,0.0,0.0,0.0,0.0,0.0,0.0,0.0,0.0
4932.YPR023C,0.06567210089203322,0.009401488732736683,0.4844915460181423,0.0,0.0002131943855327326,0.0,0.0,0.0,0.0,0.0,0.0,0.0,0.0,0.0
4932.YKL074C,0.051368809597047066,0.010227180227734592,0.4724100774405907,0.0,8.040055188941145e-05,0.0,0.0,0.0,0.0,0.0,0.0,0.0,0.0,0.0
4932.YJL168C,0.11904029529375577,0.01772638639748375,0.5033697896967484,0.0,0.0005752504594111078,0.0,0.0,0.0,0.0,0.0,0.0,0.0,0.0,0.0
4932.YAR003W,0.035373731159643186,0.0037919185174388245,0.46674332819963543,0.0,9.393856078046008e-05,0.0,0.0,0.0,0.0,0.0,0.0,0.0,0.0,0.0
4932.YDL164C,0.06321131959397108,0.007797666050217682,0.48001777463214335,0.0,0.00030363258562216526,0.0,0.0,0.0,0.0,0.0,0.0,0.0,0.0,0.0
4932.YER173W,0.07013226699477085,0.008692225568622154,0.48831446721239385,0.0,0.00041759643261192724,0.0,0.0,0.0,0.0,0.0,0.0,0.0,0.0,0.0
4932.YBR192W,0.013995693632728392,0.001525216741442265,0.446413892222817,0.0,3.519088513473628e-05,0.0,0.0,0.0,0.0,0.0,0.0,0.0,0.0,0.0
4932.YPL055C,0.02291602583820363,0.0022559851819670203,0.46657576040750515,0.0,0.00018915800800920268,0.0,0.0,0.0,0.0,0.0,0.0,0.0,0.0,0.0
4932.YPL105C,0.033835742848354354,0.007066365120534072,0.45532903196659835,0.0,2.5598207990276214e-05,0.0,0.0,0.0,0.0,0.0,0.0,0.0,0.0,0.0
4932.YDR088C,0.03337434635496771,0.0046969476145878,0.4589955933598449,0.0,8.816686269111518e-05,0.0,0.0,0.0,0.0,0.0,0.0,0.0,0.0,0.0
4932.YDL207W,0.027529990772070134,0.005190339676942181,0.45504205988762775,0.0,3.024506750710852e-05,0.0,0.0,0.0,0.0,0.0,0.0,0.0,0.0,0.0
4932.YML114C,0.019840049215625963,0.0024044826661417124,0.4470588658545115,0.0,1.882736662398939e-05,0.0,0.0,0.0,0.0,0.0,0.0,0.0,0.0,0.0
4932.YDL098C,0.03629652414641649,0.004621386986873848,0.4602309381114332,0.0,9.760303429984173e-05,0.0,0.0,0.0,0.0,0.0,0.0,0.0,0.0,0.0
4932.YOR123C,0.05213780375269148,0.007440242931033792,0.47313241700854264,0.0,0.00025650574692141813,0.0,0.0,0.0,0.0,0.0,0.0,0.0,0.0,0.0
4932.YKR041W,0.012457705321439558,0.0014942457408130753,0.4510307916426268,0.0,6.191581025411594e-05,0.0,0.0,0.0,0.0,0.0,0.0,0.0,0.0,0.0
4932.YOL017W,0.002922177791448785,0.0002680994490079049,0.3923439569614373,0.0,1.139742459257387e-06,0.0,0.0,0.0,0.0,0.0,0.0,0.0,0.0,0.0
4932.YLL055W,0.02383881882497693,0.0019088438301298263,0.45021829246832434,0.0,6.267930342293019e-05,0.0,0.0,0.0,0.0,0.0,0.0,0.0,0.0,0.0
4932.YPL023C,0.031067363888034452,0.004057301491843111,0.4550739278097433,0.0,3.3783641038826105e-05,0.0,0.0,0.0,0.0,0.0,0.0,0.0,0.0,0.0
4932.YDR354W,0.041987080898185175,0.005993820229653165,0.46457429149891505,0.0,4.580772021522091e-05,0.0,0.0,0.0,0.0,0.0,0.0,0.0,0.0,0.0
4932.YCL064C,0.054906182713011384,0.006873440945422735,0.48441930931827376,0.0,0.00039580354097467816,0.0,0.0,0.0,0.0,0.0,0.0,0.0,0.0,0.0
4932.YHR112C,0.03521993232851431,0.0043266748755584295,0.45860686111901505,0.0,3.2634013293113476e-05,0.0,0.0,0.0,0.0,0.0,0.0,0.0,0.0,0.0
4932.YKR092C,0.11273454321747155,0.027522554345329624,0.4964095198774121,0.0,0.0002056094875414315,0.0,0.0,0.0,0.0,0.0,0.0,0.0,0.0,0.0
4932.YJL101C,0.026607197785296834,0.0028642334013429427,0.4555205478580669,0.0,3.616085685663604e-05,0.0,0.0,0.0,0.0,0.0,0.0,0.0,0.0,0.0
4932.YMR318C,0.036911719470932025,0.005309816715961092,0.46454107915322596,0.0,5.018562795267349e-05,0.0,0.0,0.0,0.0,0.0,0.0,0.0,0.0,0.0
4932.YML082W,0.042294678560442944,0.008398766384816386,0.4648401613273714,0.0,8.848683280140734e-05,0.0,0.0,0.0,0.0,0.0,0.0,0.0,0.0,0.0
4932.YPR168W,0.014610888957243925,0.0018037763938788373,0.43843199616728457,0.0,1.771891720369788e-05,0.0,0.0,0.0,0.0,0.0,0.0,0.0,0.0,0.0
4932.YLR027C,0.07366964011073517,0.011397776648822576,0.48499780677678195,0.0,0.00013308411217578385,0.0,0.0,0.0,0.0,0.0,0.0,0.0,0.0,0.0
4932.YDR400W,0.026299600123039068,0.0038418687194968514,0.4587039824364905,0.0,3.7657988173174664e-05,0.0,0.0,0.0,0.0,0.0,0.0,0.0,0.0,0.0
4932.YNL311C,0.006151953245155337,0.00046365093080798095,0.41563263497475533,0.0,6.654517902039671e-06,0.0,0.0,0.0,0.0,0.0,0.0,0.0,0.0,0.0
4932.YIR018W,0.03721931713318979,0.003396458292568487,0.46967839647237625,0.0,0.00017163512460100668,0.0,0.0,0.0,0.0,0.0,0.0,0.0,0.0,0.0
4932.YOL049W,0.03137496155029222,0.0037584621608913187,0.4642755512428783,0.0,7.67050426638286e-05,0.0,0.0,0.0,0.0,0.0,0.0,0.0,0.0,0.0
4932.YIL134W,0.015533681944017226,0.0019236634206950204,0.4417103266396115,0.0,2.2431874546679167e-05,0.0,0.0,0.0,0.0,0.0,0.0,0.0,0.0,0.0
4932.YPL117C,0.041987080898185175,0.008262912317061251,0.47100613331366514,0.0,6.029425340858363e-05,0.0,0.0,0.0,0.0,0.0,0.0,0.0,0.0,0.0
4932.YGR157W,0.02153183635804368,0.001929903104524547,0.44990657170915493,0.0,3.453189963329351e-05,0.0,0.0,0.0,0.0,0.0,0.0,0.0,0.0,0.0
4932.YKL218C,0.052599200246078136,0.0062025010314177694,0.4774080240390364,0.0,0.0003423913819121806,0.0,0.0,0.0,0.0,0.0,0.0,0.0,0.0,0.0
4932.YFR025C,0.011842509996924024,0.0013350069911690246,0.43150279667941593,0.0,5.387193894980036e-06,0.0,0.0,0.0,0.0,0.0,0.0,0.0,0.0,0.0
4932.YGL215W,0.00938172869886189,0.0012910612115337348,0.4367229393907739,0.0,6.837090047304965e-06,0.0,0.0,0.0,0.0,0.0,0.0,0.0,0.0,0.0
4932.YHL036W,0.030605967394647802,0.002421521752827184,0.46670980501295156,0.0,9.885484848023151e-05,0.0,0.0,0.0,0.0,0.0,0.0,0.0,0.0,0.0
4932.YMR321C,0.030759766225776686,0.004338705972989221,0.45494648289542283,0.0,2.468743906647941e-05,0.0,0.0,0.0,0.0,0.0,0.0,0.0,0.0,0.0
4932.YLR017W,0.08366656413411258,0.01990342475547675,0.4861953322256135,0.0,0.00017179993254113737,0.0,0.0,0.0,0.0,0.0,0.0,0.0,0.0,0.0
4932.YJR024C,0.06367271608735774,0.010405858770271106,0.4801596553015093,0.0,0.0001903791750114302,0.0,0.0,0.0,0.0,0.0,0.0,0.0,0.0,0.0
4932.YCL009C,0.05444478621962474,0.010075349716739007,0.4693391560271091,0.0,6.272978287327509e-05,0.0,0.0,0.0,0.0,0.0,0.0,0.0,0.0,0.0
4932.YEL046C,0.03429713934174101,0.005145197181815597,0.4595799289338231,0.0,7.481078008620299e-05,0.0,0.0,0.0,0.0,0.0,0.0,0.0,0.0,0.0
4932.YBL036C,0.030298369732390036,0.006088615757389433,0.4588659427438263,0.0,3.459802641001826e-05,0.0,0.0,0.0,0.0,0.0,0.0,0.0,0.0,0.0
4932.YHR050W,0.019993848046754845,0.0016801901174704386,0.4572836463895373,0.0,6.475696615990062e-05,0.0,0.0,0.0,0.0,0.0,0.0,0.0,0.0,0.0
4932.YBR281C,0.04044909258689634,0.006133915685280301,0.4676839366053926,0.0,5.782509357136413e-05,0.0,0.0,0.0,0.0,0.0,0.0,0.0,0.0,0.0
4932.YPL273W,0.04813903414334051,0.007643771816471173,0.46947479338164333,0.0,8.258815176873776e-05,0.0,0.0,0.0,0.0,0.0,0.0,0.0,0.0,0.0
4932.YMR101C,0.042602276222700707,0.006729130277112083,0.4839863410692183,0.0,0.000770895960297971,0.0,0.0,0.0,0.0,0.0,0.0,0.0,0.0,0.0
4932.YJL212C,0.023992617656105816,0.0014740799913378882,0.4473974535386481,0.0,0.00013495137726606392,0.0,0.0,0.0,0.0,0.0,0.0,0.0,0.0,0.0
4932.YMR038C,0.04998462011688711,0.006909284550004355,0.4784273755849893,0.0,0.0002231496829782678,0.0,0.0,0.0,0.0,0.0,0.0,0.0,0.0,0.0
4932.YIL046W,0.05229160258382037,0.006331407775461714,0.477688790354725,0.0,0.00029538734347212263,0.0,0.0,0.0,0.0,0.0,0.0,0.0,0.0,0.0
4932.YNL316C,0.03137496155029222,0.005026216569805405,0.4586392303215221,0.0,3.111578879983764e-05,0.0,0.0,0.0,0.0,0.0,0.0,0.0,0.0,0.0
4932.YLR126C,0.06736388803445094,0.014831336702336387,0.4828714137768689,0.0,0.00035217456510164903,0.0,0.0,0.0,0.0,0.0,0.0,0.0,0.0,0.0
4932.YIR017C,0.018917256228852663,0.0012217035273334564,0.4395292623914586,0.0,4.907262155197006e-05,0.0,0.0,0.0,0.0,0.0,0.0,0.0,0.0,0.0
4932.YGR208W,0.07582282374653954,0.014060406344437466,0.4845999414717969,0.0,0.0001780873579369132,0.0,0.0,0.0,0.0,0.0,0.0,0.0,0.0,0.0
4932.YKL004W,0.10642879114118733,0.014843809590863458,0.5021638806178768,0.0,0.0006501681732064487,0.0,0.0,0.0,0.0,0.0,0.0,0.0,0.0,0.0
4932.YOR348C,0.048600430636727164,0.004208105095709287,0.46981423000472305,0.0,0.00014849004383779422,0.0,0.0,0.0,0.0,0.0,0.0,0.0,0.0,0.0
4932.YMR178W,0.02107043986465703,0.0026323884609440102,0.4482616318429446,0.0,1.0865817960826872e-05,0.0,0.0,0.0,0.0,0.0,0.0,0.0,0.0,0.0
4932.YDR321W,0.07228545063057522,0.019426754744257833,0.4744797820515024,0.0,6.20834028743471e-05,0.0,0.0,0.0,0.0,0.0,0.0,0.0,0.0,0.0
4932.YFR055W,0.03706551830206091,0.004894180407801196,0.4646075085939743,0.0,0.0004148957630674059,0.0,0.0,0.0,0.0,0.0,0.0,0.0,0.0,0.0
4932.YJR130C,0.03245155336819441,0.0035787235105951966,0.45475544931033135,0.0,4.8905300638697734e-05,0.0,0.0,0.0,0.0,0.0,0.0,0.0,0.0,0.0
4932.YLL058W,0.02722239310981237,0.0032535239136969965,0.45320132620974507,0.0,5.080701716667759e-05,0.0,0.0,0.0,0.0,0.0,0.0,0.0,0.0,0.0
4932.YMR058W,0.04936942479237158,0.005951858766937658,0.47416817098623215,0.0,0.00023337454880418982,0.0,0.0,0.0,0.0,0.0,0.0,0.0,0.0,0.0
4932.YER062C,0.042294678560442944,0.004933894573776756,0.46988217623800166,0.0,7.707230709689103e-05,0.0,0.0,0.0,0.0,0.0,0.0,0.0,0.0,0.0
4932.YER152C,0.023223623500461397,0.0022940913779833628,0.45156362857507465,0.0,3.3631658703711534e-05,0.0,0.0,0.0,0.0,0.0,0.0,0.0,0.0,0.0
4932.YDL010W,0.022608428175945865,0.0032067492911863386,0.4554886173556235,0.0,4.1312979616488345e-05,0.0,0.0,0.0,0.0,0.0,0.0,0.0,0.0,0.0
4932.YMR009W,0.016456474930790527,0.0015806101839897864,0.43775266876821106,0.0,2.7641923057102743e-05,0.0,0.0,0.0,0.0,0.0,0.0,0.0,0.0,0.0
4932.YHR018C,0.05967394647800677,0.008557707990341912,0.4789916419869766,0.0,0.00012187093069938884,0.0,0.0,0.0,0.0,0.0,0.0,0.0,0.0,0.0
4932.YHR043C,0.024454014149492467,0.002523669217580196,0.4606550840206525,0.0,6.075353210617197e-05,0.0,0.0,0.0,0.0,0.0,0.0,0.0,0.0,0.0
4932.YMR062C,0.03552752999077207,0.00433388100350577,0.46130914490950764,0.0,4.5359873778576285e-05,0.0,0.0,0.0,0.0,0.0,0.0,0.0,0.0,0.0
4932.YGR012W,0.07028606582589973,0.009551334487425508,0.49071141936228097,0.0,0.0002556907630698806,0.0,0.0,0.0,0.0,0.0,0.0,0.0,0.0,0.0
4932.YHR208W,0.08059058751153492,0.013907405769265597,0.4865593871355541,0.0,0.00017238132242344402,0.0,0.0,0.0,0.0,0.0,0.0,0.0,0.0,0.0
4932.YLR364W,0.02383881882497693,0.003126677948425275,0.461080012431372,0.0,0.00010149641164471482,0.0,0.0,0.0,0.0,0.0,0.0,0.0,0.0,0.0
4932.YIL116W,0.05828975699784682,0.008023618333458491,0.4766725803400326,0.0,0.00012681624310398505,0.0,0.0,0.0,0.0,0.0,0.0,0.0,0.0,0.0
4932.YDL106C,0.006767148569670871,0.0008114341659886508,0.42404076058439866,0.0,3.1689287865671185e-06,0.0,0.0,0.0,0.0,0.0,0.0,0.0,0.0,0.0
4932.YLL062C,0.0296831744078745,0.0032717164547056378,0.45121870808939135,0.0,4.150078185461793e-05,0.0,0.0,0.0,0.0,0.0,0.0,0.0,0.0,0.0
4932.YBR248C,0.05152260842817595,0.007606840075800668,0.46910197915068763,0.0,8.570467645898592e-05,0.0,0.0,0.0,0.0,0.0,0.0,0.0,0.0,0.0
4932.YOR340C,0.10427560750538296,0.026240181573793955,0.4864501134298042,0.0,0.00010963448328003089,0.0,0.0,0.0,0.0,0.0,0.0,0.0,0.0,0.0
4932.YGL009C,0.0529067979083359,0.009465762406915101,0.471826939819585,0.0,4.973331611530907e-05,0.0,0.0,0.0,0.0,0.0,0.0,0.0,0.0,0.0
4932.YDL045C,0.0296831744078745,0.0036283168915146892,0.45964494696154234,0.0,3.856230626446269e-05,0.0,0.0,0.0,0.0,0.0,0.0,0.0,0.0,0.0
4932.YGL125W,0.05505998154414027,0.006903022482279936,0.4727537733863459,0.0,0.00012629969813673618,0.0,0.0,0.0,0.0,0.0,0.0,0.0,0.0,0.0
4932.YMR208W,0.041987080898185175,0.006271645111700636,0.47434123769584097,0.0,0.00012801634338829894,0.0,0.0,0.0,0.0,0.0,0.0,0.0,0.0,0.0
4932.YCR047C,0.11150415256844048,0.025938015254143052,0.4990400595342389,0.0,0.0004968595922630121,0.0,0.0,0.0,0.0,0.0,0.0,0.0,0.0,0.0
4932.YIL051C,0.03814211011996309,0.006286010052150625,0.46981423000472305,0.0,0.0001376603400114284,0.0,0.0,0.0,0.0,0.0,0.0,0.0,0.0,0.0
4932.YGL184C,0.03798831128883421,0.0040217506902951155,0.4598401114709026,0.0,7.460396397892443e-05,0.0,0.0,0.0,0.0,0.0,0.0,0.0,0.0,0.0
4932.YJR010W,0.030605967394647802,0.004028076034719608,0.4581864768858641,0.0,3.126105972042483e-05,0.0,0.0,0.0,0.0,0.0,0.0,0.0,0.0,0.0
4932.YIL083C,0.018302060904337128,0.0022980732795243116,0.44792173538259633,0.0,1.4233630416905767e-05,0.0,0.0,0.0,0.0,0.0,0.0,0.0,0.0,0.0
4932.YMR202W,0.03860350661334974,0.004770472399309034,0.4676502781716679,0.0,0.0001219663725736245,0.0,0.0,0.0,0.0,0.0,0.0,0.0,0.0,0.0
4932.YHR025W,0.04967702245462935,0.009409646799513064,0.46967839647237625,0.0,0.00022771984681390432,0.0,0.0,0.0,0.0,0.0,0.0,0.0,0.0,0.0
4932.YOR323C,0.06951707167025531,0.013751045811697254,0.48126208081731037,0.0,6.998678436168273e-05,0.0,0.0,0.0,0.0,0.0,0.0,0.0,0.0,0.0
4932.YKR076W,0.05090741310366041,0.004528361582095452,0.47465307634735754,0.0,0.0001819869013633634,0.0,0.0,0.0,0.0,0.0,0.0,0.0,0.0,0.0
4932.YBR166C,0.03860350661334974,0.006110556497807892,0.46697812541827705,0.0,7.091483901676263e-05,0.0,0.0,0.0,0.0,0.0,0.0,0.0,0.0,0.0
4932.YHR176W,0.03721931713318979,0.004263969931874284,0.4675493319323158,0.0,5.786480882709099e-05,0.0,0.0,0.0,0.0,0.0,0.0,0.0,0.0,0.0
4932.YLL057C,0.015533681944017226,0.001182574917763968,0.4476440214380907,0.0,7.249748903172466e-05,0.0,0.0,0.0,0.0,0.0,0.0,0.0,0.0,0.0
4932.YER052C,0.06767148569670871,0.011553210527683065,0.4816187826263953,0.0,0.00017276891181974488,0.0,0.0,0.0,0.0,0.0,0.0,0.0,0.0,0.0
4932.YOL064C,0.031528760381421106,0.0037633383212771947,0.4579604352100447,0.0,4.426280190631258e-05,0.0,0.0,0.0,0.0,0.0,0.0,0.0,0.0,0.0
4932.YKL001C,0.04906182713011381,0.00697521325828103,0.4743066142478339,0.0,0.00010504679247784,0.0,0.0,0.0,0.0,0.0,0.0,0.0,0.0,0.0
4932.YIL145C,0.03998769609350969,0.006576296838360652,0.4633485892181492,0.0,4.645257020167706e-05,0.0,0.0,0.0,0.0,0.0,0.0,0.0,0.0,0.0
4932.YPR167C,0.03183635804367887,0.0032465790888448094,0.4544374162665448,0.0,4.517274763242426e-05,0.0,0.0,0.0,0.0,0.0,0.0,0.0,0.0,0.0
4932.YFR030W,0.04444786219624731,0.005714126620537221,0.46998413244577786,0.0,8.30931365732588e-05,0.0,0.0,0.0,0.0,0.0,0.0,0.0,0.0,0.0
4932.YDR449C,0.10089203322054753,0.025099947465656476,0.4924966359856999,0.0,0.00014005682428552268,0.0,0.0,0.0,0.0,0.0,0.0,0.0,0.0,0.0
4932.YOR095C,0.11381113503537374,0.027585339666553268,0.49572784674971965,0.0,0.000231584327605206,0.0,0.0,0.0,0.0,0.0,0.0,0.0,0.0,0.0
4932.YOR251C,0.030913565056905568,0.004090137460332277,0.4619322254350839,0.0,4.719144458462456e-05,0.0,0.0,0.0,0.0,0.0,0.0,0.0,0.0,0.0
4932.YDR300C,0.06920947400799754,0.016000838515934618,0.47712758757583706,0.0,8.570538012492368e-05,0.0,0.0,0.0,0.0,0.0,0.0,0.0,0.0,0.0
4932.YLR214W,0.023223623500461397,0.0021340133611166857,0.4581864768858641,0.0,4.6988507130795357e-05,0.0,0.0,0.0,0.0,0.0,0.0,0.0,0.0,0.0
4932.YER086W,0.07997539218701938,0.01409901496414212,0.48362612497732393,0.0,0.00019147419398597975,0.0,0.0,0.0,0.0,0.0,0.0,0.0,0.0,0.0
4932.YIL166C,0.011996308828052908,0.0009196952867266425,0.4343583298927356,0.0,4.189032596323795e-05,0.0,0.0,0.0,0.0,0.0,0.0,0.0,0.0,0.0
4932.YBR213W,0.02060904337127038,0.001784732479744144,0.4394400902952137,0.0,2.4151857210231982e-05,0.0,0.0,0.0,0.0,0.0,0.0,0.0,0.0,0.0
4932.YEL038W,0.012457705321439558,0.0017427501341012626,0.4375168741715139,0.0,7.361278227962713e-06,0.0,0.0,0.0,0.0,0.0,0.0,0.0,0.0,0.0
4932.YEL029C,0.02291602583820363,0.002956600102604571,0.45922265831769077,0.0,3.8919269235762616e-05,0.0,0.0,0.0,0.0,0.0,0.0,0.0,0.0,0.0
4932.YBL054W,0.0927406951707167,0.019949345256052062,0.4916396016641692,0.0,0.00021994868948604324,0.0,0.0,0.0,0.0,0.0,0.0,0.0,0.0,0.0
4932.YLR072W,0.006151953245155337,0.000383542608080562,0.4161916745785771,0.0,7.425797449853646e-06,0.0,0.0,0.0,0.0,0.0,0.0,0.0,0.0,0.0
4932.YMR312W,0.02722239310981237,0.004331013095799083,0.4625569914005784,0.0,7.202080080357495e-05,0.0,0.0,0.0,0.0,0.0,0.0,0.0,0.0,0.0
4932.YGL166W,0.06690249154106429,0.010003182223000473,0.4924219926640895,0.0,0.000511018165980356,0.0,0.0,0.0,0.0,0.0,0.0,0.0,0.0,0.0
4932.YNL288W,0.020455244540141495,0.003484292804758357,0.45431032756731626,0.0,1.760093215613948e-05,0.0,0.0,0.0,0.0,0.0,0.0,0.0,0.0,0.0
4932.YPL107W,0.006767148569670871,0.0005901505512584125,0.4218111402268955,0.0,1.7396662113117274e-05,0.0,0.0,0.0,0.0,0.0,0.0,0.0,0.0,0.0
4932.YGR156W,0.06751768686557982,0.013087941767960494,0.48197601358814157,0.0,0.00015747824838963125,0.0,0.0,0.0,0.0,0.0,0.0,0.0,0.0,0.0
4932.YBR228W,0.024761611811750232,0.0020443105184505873,0.4563523151341614,0.0,8.56326287180238e-05,0.0,0.0,0.0,0.0,0.0,0.0,0.0,0.0,0.0
4932.YDR423C,0.02814518609658567,0.0028557533561997675,0.4632164681490822,0.0,5.058321602635285e-05,0.0,0.0,0.0,0.0,0.0,0.0,0.0,0.0,0.0
4932.YJL116C,0.04798523531221163,0.006340642539164232,0.4764978085499248,0.0,0.00019119276395055892,0.0,0.0,0.0,0.0,0.0,0.0,0.0,0.0,0.0
4932.YML112W,0.028452783758843435,0.004287629918090513,0.4595799289338231,0.0,3.4133378542169974e-05,0.0,0.0,0.0,0.0,0.0,0.0,0.0,0.0,0.0
4932.YCR008W,0.04875422946785605,0.005605128826482778,0.4755910572491638,0.0,0.00013233151084781895,0.0,0.0,0.0,0.0,0.0,0.0,0.0,0.0,0.0
4932.YOR246C,0.09612426945555215,0.014034034379484403,0.4995771980622222,0.0,0.0004236704910985321,0.0,0.0,0.0,0.0,0.0,0.0,0.0,0.0,0.0
4932.YNL152W,0.036911719470932025,0.005716517096828525,0.4690004052829538,0.0,3.802958047323921e-05,0.0,0.0,0.0,0.0,0.0,0.0,0.0,0.0,0.0
4932.YHR178W,0.03552752999077207,0.003732569120319879,0.4653394883411146,0.0,0.00026282654000562834,0.0,0.0,0.0,0.0,0.0,0.0,0.0,0.0,0.0
4932.YIL154C,0.024454014149492467,0.0033865685376166105,0.4618665587600629,0.0,6.197029902583542e-05,0.0,0.0,0.0,0.0,0.0,0.0,0.0,0.0,0.0
4932.YCR086W,0.09304829283297447,0.011351128358197094,0.5018536156313967,0.0,0.0009734740640940222,0.0,0.0,0.0,0.0,0.0,0.0,0.0,0.0,0.0
4932.YKL107W,0.10504460166102739,0.011913836415271252,0.5031748966389441,0.0,0.0008823862967049595,0.0,0.0,0.0,0.0,0.0,0.0,0.0,0.0,0.0
4932.YOL065C,0.02737619194094125,0.003185335889665522,0.46440827724380535,0.0,4.2535709692590135e-05,0.0,0.0,0.0,0.0,0.0,0.0,0.0,0.0,0.0
4932.YLR414C,0.09520147646877884,0.01146463226393465,0.5008865039077565,0.0,0.0006762348131281433,0.0,0.0,0.0,0.0,0.0,0.0,0.0,0.0,0.0
4932.YJL127C,0.03814211011996309,0.004152373427540041,0.47039240011548605,0.0,0.0001376297910692034,0.0,0.0,0.0,0.0,0.0,0.0,0.0,0.0,0.0
4932.YCR061W,0.06382651491848662,0.01010569352417607,0.4826920676864748,0.0,0.000545151617268407,0.0,0.0,0.0,0.0,0.0,0.0,0.0,0.0,0.0
4932.YEL036C,0.026607197785296834,0.002809520176800419,0.46331555188558465,0.0,8.89542822851425e-05,0.0,0.0,0.0,0.0,0.0,0.0,0.0,0.0,0.0
4932.YCR081W,0.019532451553368194,0.0018350635451265746,0.4538660763564521,0.0,4.347040442205851e-05,0.0,0.0,0.0,0.0,0.0,0.0,0.0,0.0,0.0
4932.YDR448W,0.03844970778222086,0.00541964207373897,0.46775126801002914,0.0,7.657469384507484e-05,0.0,0.0,0.0,0.0,0.0,0.0,0.0,0.0,0.0
4932.YKR077W,0.011534912334666258,0.0010150985220743927,0.42950628694529214,0.0,1.2461651501476121e-05,0.0,0.0,0.0,0.0,0.0,0.0,0.0,0.0,0.0
4932.YMR244W,0.02860658258997232,0.003950593852743516,0.47052864700907493,0.0,0.00010723036030331435,0.0,0.0,0.0,0.0,0.0,0.0,0.0,0.0,0.0
4932.YIR035C,0.06751768686557982,0.008731560400996822,0.4880210751179365,0.0,0.00018776500174023616,0.0,0.0,0.0,0.0,0.0,0.0,0.0,0.0,0.0
4932.YLR228C,0.05444478621962474,0.009184275468202843,0.4781105595758461,0.0,0.0001865187899388475,0.0,0.0,0.0,0.0,0.0,0.0,0.0,0.0,0.0
4932.YLR437C,0.005229160258382036,0.0005957714673783577,0.4219754929018329,0.0,3.538269791966547e-05,0.0,0.0,0.0,0.0,0.0,0.0,0.0,0.0,0.0
4932.YOL135C,0.02814518609658567,0.0032889736041230248,0.4608837942545801,0.0,7.671793140640765e-05,0.0,0.0,0.0,0.0,0.0,0.0,0.0,0.0,0.0
4932.YHL025W,0.03291294986158105,0.004838922128597189,0.46580649571292654,0.0,6.226784415585326e-05,0.0,0.0,0.0,0.0,0.0,0.0,0.0,0.0,0.0
4932.YPL199C,0.016456474930790527,0.0025872498643961083,0.4498442793489322,0.0,1.4492883422677733e-05,0.0,0.0,0.0,0.0,0.0,0.0,0.0,0.0,0.0
4932.YLR162W-A,0.0033835742848354355,0.0003131079551941986,0.38461086801984756,0.0,1.8557086493099153e-05,0.0,0.0,0.0,0.0,0.0,0.0,0.0,0.0,0.0
4932.YDL139C,0.030298369732390036,0.003582957080077936,0.4631834496539543,0.0,6.001111181651461e-05,0.0,0.0,0.0,0.0,0.0,0.0,0.0,0.0,0.0
4932.YBR036C,0.027529990772070134,0.002439760218288788,0.46361305759099064,0.0,5.644368925603437e-05,0.0,0.0,0.0,0.0,0.0,0.0,0.0,0.0,0.0
4932.YMR269W,0.07459243309750846,0.017074730328610017,0.4903411270144374,0.0,0.00038613461870448874,0.0,0.0,0.0,0.0,0.0,0.0,0.0,0.0,0.0
4932.YNL262W,0.0788988003691172,0.010702647741276744,0.4841666504131827,0.0,0.00015918479175695464,0.0,0.0,0.0,0.0,0.0,0.0,0.0,0.0,0.0
4932.YML029W,0.013534297139341742,0.0010888934137977516,0.4419807247446147,0.0,2.114026011768963e-05,0.0,0.0,0.0,0.0,0.0,0.0,0.0,0.0,0.0
4932.YCR072C,0.10104583205167642,0.025124733660876364,0.48754506416531546,0.0,0.0001155565761472712,0.0,0.0,0.0,0.0,0.0,0.0,0.0,0.0,0.0
4932.YNL322C,0.04752383881882498,0.009461778273146747,0.474722429514562,0.0,0.00012033414958400316,0.0,0.0,0.0,0.0,0.0,0.0,0.0,0.0,0.0
4932.YLR219W,0.047370039987696094,0.00668283838487295,0.475034769734288,0.0,6.016993595221768e-05,0.0,0.0,0.0,0.0,0.0,0.0,0.0,0.0,0.0
4932.YNR052C,0.03460473700399877,0.005496313133715112,0.46879738945208316,0.0,5.141493384906711e-05,0.0,0.0,0.0,0.0,0.0,0.0,0.0,0.0,0.0
4932.YNL097C,0.04936942479237158,0.006458239570405509,0.47538229681727445,0.0,0.00019371134106319182,0.0,0.0,0.0,0.0,0.0,0.0,0.0,0.0,0.0
4932.YPR133C,0.04813903414334051,0.007161057325415682,0.4701541578174752,0.0,8.984612232164787e-05,0.0,0.0,0.0,0.0,0.0,0.0,0.0,0.0,0.0
4932.YGR241C,0.015995078437403876,0.0014295672534010205,0.4443988931196365,0.0,1.2525562523179888e-05,0.0,0.0,0.0,0.0,0.0,0.0,0.0,0.0,0.0
4932.YER018C,0.030913565056905568,0.0030941959727769676,0.4628535234130155,0.0,7.501474166118758e-05,0.0,0.0,0.0,0.0,0.0,0.0,0.0,0.0,0.0
4932.YIL011W,0.031528760381421106,0.004433878536289828,0.46998413244577786,0.0,9.339625712082914e-05,0.0,0.0,0.0,0.0,0.0,0.0,0.0,0.0,0.0
4932.YML032C,0.04521685635189173,0.005596297528091907,0.47203258863833536,0.0,8.720861344861413e-05,0.0,0.0,0.0,0.0,0.0,0.0,0.0,0.0,0.0
4932.YIL061C,0.07428483543525069,0.015202569974151665,0.48539632592779003,0.0,0.00014804454294315255,0.0,0.0,0.0,0.0,0.0,0.0,0.0,0.0,0.0
4932.YPR070W,0.06844047985235313,0.010889149021914686,0.48369812529368206,0.0,0.00018193923211509108,0.0,0.0,0.0,0.0,0.0,0.0,0.0,0.0,0.0
4932.YMR179W,0.06259612426945556,0.010958518888546483,0.4777239093659259,0.0,0.00018078866463508165,0.0,0.0,0.0,0.0,0.0,0.0,0.0,0.0,0.0
4932.YDL165W,0.041064287911411874,0.006393220274470863,0.47663761572620295,0.0,0.00012524681565166353,0.0,0.0,0.0,0.0,0.0,0.0,0.0,0.0,0.0
4932.YDL230W,0.03768071362657644,0.00456437691358746,0.47265061210323867,0.0,8.284488435447812e-05,0.0,0.0,0.0,0.0,0.0,0.0,0.0,0.0,0.0
4932.YDR440W,0.05505998154414027,0.0074940709699730275,0.48579550053792797,0.0,0.00022352834695260333,0.0,0.0,0.0,0.0,0.0,0.0,0.0,0.0,0.0
4932.YPL101W,0.050138418948015996,0.00901345060592054,0.47489590113245084,0.0,0.00019939694619886905,0.0,0.0,0.0,0.0,0.0,0.0,0.0,0.0,0.0
4932.YAL024C,0.057982159335589055,0.006845816097495133,0.4763930069791294,0.0,0.00013632798431687302,0.0,0.0,0.0,0.0,0.0,0.0,0.0,0.0,0.0
4932.YNL309W,0.011381113503537373,0.0009470371994908396,0.42431765803809096,0.0,1.2983336860583999e-05,0.0,0.0,0.0,0.0,0.0,0.0,0.0,0.0,0.0
4932.YIR036C,0.084435558289757,0.010716486356941656,0.49459587571893165,0.0,0.00022976262121049036,0.0,0.0,0.0,0.0,0.0,0.0,0.0,0.0,0.0
4932.YNL246W,0.0658258997231621,0.012885095968889952,0.48663226355091177,0.0,0.00024184415432960062,0.0,0.0,0.0,0.0,0.0,0.0,0.0,0.0,0.0
4932.YGL127C,0.020301445709012614,0.0021548155672871994,0.4540246377302491,0.0,2.6294039699071e-05,0.0,0.0,0.0,0.0,0.0,0.0,0.0,0.0,0.0
4932.YDL102W,0.08366656413411258,0.012347867987742995,0.48525133411958216,0.0,0.00018233788353839983,0.0,0.0,0.0,0.0,0.0,0.0,0.0,0.0,0.0
4932.YDR360W,0.001384189480159951,5.3939248521102704e-05,0.35695454928561443,0.0,5.962443905426374e-06,0.0,0.0,0.0,0.0,0.0,0.0,0.0,0.0,0.0
4932.YHL008C,0.06905567517686866,0.009179989609650645,0.49134220152705665,0.0,0.00031454878718732335,0.0,0.0,0.0,0.0,0.0,0.0,0.0,0.0,0.0
4932.YKR010C,0.07413103660412182,0.012101751235335264,0.4852150997009651,0.0,0.0002451961803665722,0.0,0.0,0.0,0.0,0.0,0.0,0.0,0.0,0.0
4932.YIR042C,0.004152568440479853,0.0002622786154040418,0.40559269803353876,0.0,7.891732625361928e-06,0.0,0.0,0.0,0.0,0.0,0.0,0.0,0.0,0.0
4932.YDR419W,0.05321439557059367,0.006914985222188463,0.474757113698789,0.0,0.00010477372932678806,0.0,0.0,0.0,0.0,0.0,0.0,0.0,0.0,0.0
4932.YMR310C,0.06797908335896648,0.016488622766283816,0.4685269749221519,0.0,5.9148975605272984e-05,0.0,0.0,0.0,0.0,0.0,0.0,0.0,0.0,0.0
4932.YHR090C,0.0602891418025223,0.006736928647740929,0.48001777463214335,0.0,0.00032068510104507945,0.0,0.0,0.0,0.0,0.0,0.0,0.0,0.0,0.0
4932.YMR043W,0.026607197785296834,0.0027306100661441284,0.4548509460447518,0.0,3.9421391289564275e-05,0.0,0.0,0.0,0.0,0.0,0.0,0.0,0.0,0.0
4932.YNL181W,0.08182097816056598,0.011732629021042345,0.49493492384761406,0.0,0.0002421006378618566,0.0,0.0,0.0,0.0,0.0,0.0,0.0,0.0,0.0
4932.YNL102W,0.08012919101814826,0.011420320076311712,0.4886449552711178,0.0,0.00018257062561358037,0.0,0.0,0.0,0.0,0.0,0.0,0.0,0.0,0.0
4932.YKR056W,0.10627499231005845,0.023498758057203188,0.4929823697136276,0.0,0.00029707423266127304,0.0,0.0,0.0,0.0,0.0,0.0,0.0,0.0,0.0
4932.YER029C,0.05029221777914488,0.009190849279263391,0.4724444245452468,0.0,0.0003203327461318475,0.0,0.0,0.0,0.0,0.0,0.0,0.0,0.0,0.0
4932.YHR012W,0.05952014764687789,0.006465028543985635,0.48001777463214335,0.0,0.0003561811250796707,0.0,0.0,0.0,0.0,0.0,0.0,0.0,0.0,0.0
4932.YLR226W,0.041987080898185175,0.005649554949512599,0.4663413675323184,0.0,0.00012851061045376604,0.0,0.0,0.0,0.0,0.0,0.0,0.0,0.0,0.0
4932.YMR197C,0.04813903414334051,0.004786584604042392,0.47465307634735754,0.0,0.00026494841733978294,0.0,0.0,0.0,0.0,0.0,0.0,0.0,0.0,0.0
4932.YOR357C,0.017686865579821593,0.0016641113466118124,0.44721270579458533,0.0,2.640294686141158e-05,0.0,0.0,0.0,0.0,0.0,0.0,0.0,0.0,0.0
4932.YJL036W,0.03968009843125193,0.002697173211740073,0.46674332819963543,0.0,0.00018939697424160152,0.0,0.0,0.0,0.0,0.0,0.0,0.0,0.0,0.0
4932.YDR437W,0.013072900645955092,0.001369573607875519,0.4477982644335555,0.0,7.768971217165189e-05,0.0,0.0,0.0,0.0,0.0,0.0,0.0,0.0,0.0
4932.YNR034W,0.033835742848354354,0.004152732336007052,0.4658732875821139,0.0,5.1523576060983747e-05,0.0,0.0,0.0,0.0,0.0,0.0,0.0,0.0,0.0
4932.YKL088W,0.02737619194094125,0.003604627093022311,0.4638778280407856,0.0,5.736674469954145e-05,0.0,0.0,0.0,0.0,0.0,0.0,0.0,0.0,0.0
4932.YCR073W-A,0.03768071362657644,0.004673125350768581,0.4697802642564578,0.0,8.252948573379701e-05,0.0,0.0,0.0,0.0,0.0,0.0,0.0,0.0,0.0
4932.YOL110W,0.05598277453091357,0.006668920225340024,0.48373413349179817,0.0,0.0002860233156606691,0.0,0.0,0.0,0.0,0.0,0.0,0.0,0.0,0.0
4932.YOR034C,0.009227929867733006,0.0007517478257007523,0.44018429855001523,0.0,9.087226861974787e-06,0.0,0.0,0.0,0.0,0.0,0.0,0.0,0.0,0.0
4932.YDR264C,0.024607812980621348,0.0019600201294522846,0.4586716040936913,0.0,6.613420767430421e-05,0.0,0.0,0.0,0.0,0.0,0.0,0.0,0.0,0.0
4932.YKR007W,0.00938172869886189,0.0008497773755035653,0.4343583298927356,0.0,2.3926198329567332e-05,0.0,0.0,0.0,0.0,0.0,0.0,0.0,0.0,0.0
4932.YGL051W,0.003229775453706552,6.59156348240232e-05,0.3554899401058769,0.0,9.171187349331779e-06,0.0,0.0,0.0,0.0,0.0,0.0,0.0,0.0,0.0
4932.YNL093W,0.05229160258382037,0.004541628515139234,0.4833383379347906,0.0,0.00040554230694043997,0.0,0.0,0.0,0.0,0.0,0.0,0.0,0.0,0.0
4932.YBL102W,0.018148262073208243,0.0015506223433012236,0.45115605187775637,0.0,4.2873346570116654e-05,0.0,0.0,0.0,0.0,0.0,0.0,0.0,0.0,0.0
4932.YPL120W,0.031221162719163337,0.0027161731161311677,0.46268873648499886,0.0,6.569255219921757e-05,0.0,0.0,0.0,0.0,0.0,0.0,0.0,0.0,0.0
4932.YDR260C,0.012611504152568441,0.0010524186508110332,0.438343268699091,0.0,2.831055070941595e-05,0.0,0.0,0.0,0.0,0.0,0.0,0.0,0.0,0.0
4932.YMR123W,0.018917256228852663,0.002432605497025834,0.44950197946840925,0.0,3.567331472393262e-05,0.0,0.0,0.0,0.0,0.0,0.0,0.0,0.0,0.0
4932.YBR264C,0.022300830513688096,0.0025156599421767363,0.46681038902265265,0.0,0.00021530018664684723,0.0,0.0,0.0,0.0,0.0,0.0,0.0,0.0,0.0
4932.YKR044W,0.010919717010150723,0.0012691683887242962,0.4315601125851979,0.0,1.7531895474998022e-05,0.0,0.0,0.0,0.0,0.0,0.0,0.0,0.0,0.0
4932.YNR057C,0.02952937557674562,0.002633852295301954,0.45873636535088774,0.0,5.4694592840898e-05,0.0,0.0,0.0,0.0,0.0,0.0,0.0,0.0,0.0
4932.YHL019C,0.023223623500461397,0.002497614560539882,0.458218786770702,0.0,2.7669536424693272e-05,0.0,0.0,0.0,0.0,0.0,0.0,0.0,0.0,0.0
4932.YHL031C,0.031528760381421106,0.0025141899228339,0.4643087256302483,0.0,0.00011176177528567244,0.0,0.0,0.0,0.0,0.0,0.0,0.0,0.0,0.0
4932.YKR020W,0.027068594278683484,0.002048281902728949,0.45941746430962416,0.0,0.00010871387925785466,0.0,0.0,0.0,0.0,0.0,0.0,0.0,0.0,0.0
4932.YPL232W,0.01876345739772378,0.00206419130524788,0.45456457608921474,0.0,2.9256022612549178e-05,0.0,0.0,0.0,0.0,0.0,0.0,0.0,0.0,0.0
4932.YBR005W,0.010150722854506307,0.0005768226845430616,0.4340971751750501,0.0,3.2421800370926084e-05,0.0,0.0,0.0,0.0,0.0,0.0,0.0,0.0,0.0
4932.YGR277C,0.017379267917563827,0.0019969409119729707,0.4465979804257955,0.0,4.0121085773893573e-05,0.0,0.0,0.0,0.0,0.0,0.0,0.0,0.0,0.0
4932.YDR313C,0.016764072593048292,0.001579733882435208,0.4480143832870467,0.0,3.0618567802706766e-05,0.0,0.0,0.0,0.0,0.0,0.0,0.0,0.0,0.0
4932.YGL161C,0.016456474930790527,0.0013257299136856468,0.4485710765701591,0.0,5.0066511479910466e-05,0.0,0.0,0.0,0.0,0.0,0.0,0.0,0.0,0.0
4932.YHR162W,0.022147031682559215,0.0028679998337391237,0.44424698264820706,0.0,3.499457147749501e-05,0.0,0.0,0.0,0.0,0.0,0.0,0.0,0.0,0.0
4932.YDR192C,0.020301445709012614,0.003657150686020403,0.45109341306458345,0.0,1.087051351910279e-05,0.0,0.0,0.0,0.0,0.0,0.0,0.0,0.0,0.0
4932.YLR026C,0.023223623500461397,0.0025980156480669278,0.4550739278097433,0.0,2.4473169039546162e-05,0.0,0.0,0.0,0.0,0.0,0.0,0.0,0.0,0.0
4932.YDR126W,0.017840664410950478,0.00164397590935538,0.46232661794345964,0.0,8.797417523658182e-05,0.0,0.0,0.0,0.0,0.0,0.0,0.0,0.0,0.0
4932.YKR014C,0.030913565056905568,0.003330615495186486,0.464109750388924,0.0,6.503715041917205e-05,0.0,0.0,0.0,0.0,0.0,0.0,0.0,0.0,0.0
4932.YMR039C,0.04029529375576746,0.00629901735582165,0.4702562321027156,0.0,8.37283360498438e-05,0.0,0.0,0.0,0.0,0.0,0.0,0.0,0.0,0.0
4932.YJR022W,0.03921870193786527,0.006619633147171147,0.46467395703627895,0.0,0.00016606861455784784,0.0,0.0,0.0,0.0,0.0,0.0,0.0,0.0,0.0
4932.YOR303W,0.057674561673331286,0.009266862584222374,0.4808703185965607,0.0,0.00020863939040263694,0.0,0.0,0.0,0.0,0.0,0.0,0.0,0.0,0.0
4932.YNL240C,0.03337434635496771,0.005737800294052845,0.46282055663784366,0.0,0.00010690056325831939,0.0,0.0,0.0,0.0,0.0,0.0,0.0,0.0,0.0
4932.YGR095C,0.07459243309750846,0.018652768182464224,0.48090590698603647,0.0,0.00011648523288626756,0.0,0.0,0.0,0.0,0.0,0.0,0.0,0.0,0.0
4932.YOR064C,0.027068594278683484,0.0036492228179818556,0.4624253213204757,0.0,4.330567319306175e-05,0.0,0.0,0.0,0.0,0.0,0.0,0.0,0.0,0.0
4932.YLR288C,0.0278375884343279,0.0024100262270710096,0.45854213641911823,0.0,6.606885878165709e-05,0.0,0.0,0.0,0.0,0.0,0.0,0.0,0.0,0.0
4932.YMR023C,0.051368809597047066,0.009013837949512611,0.4783569357475946,0.0,0.00015969195763656797,0.0,0.0,0.0,0.0,0.0,0.0,0.0,0.0,0.0
4932.YDL059C,0.01430329129498616,0.0011043988181564006,0.4393212504357599,0.0,3.2772331467678254e-05,0.0,0.0,0.0,0.0,0.0,0.0,0.0,0.0,0.0
4932.YKL086W,0.022608428175945865,0.002358323685554977,0.4490050176337289,0.0,3.117321847493418e-05,0.0,0.0,0.0,0.0,0.0,0.0,0.0,0.0,0.0
4932.YJR095W,0.03768071362657644,0.003979996479107683,0.46570634381103165,0.0,0.00010024943619405456,0.0,0.0,0.0,0.0,0.0,0.0,0.0,0.0,0.0
4932.YOR076C,0.02291602583820363,0.004131987910880425,0.4557441867860376,0.0,3.4069061773040976e-05,0.0,0.0,0.0,0.0,0.0,0.0,0.0,0.0,0.0
4932.YER035W,0.01661027376191941,0.001524771532217707,0.44261294293272424,0.0,1.9772583380515902e-05,0.0,0.0,0.0,0.0,0.0,0.0,0.0,0.0,0.0
4932.YJR144W,0.025223008305136883,0.004217289138304589,0.45555248283758587,0.0,3.948992620256347e-05,0.0,0.0,0.0,0.0,0.0,0.0,0.0,0.0,0.0
4932.YER128W,0.02014764687788373,0.0022652531465261936,0.4498442793489322,0.0,3.2896360246275313e-05,0.0,0.0,0.0,0.0,0.0,0.0,0.0,0.0,0.0
4932.YJR142W,0.0259920024607813,0.00443769716917896,0.4596124356482759,0.0,4.281501213508458e-05,0.0,0.0,0.0,0.0,0.0,0.0,0.0,0.0,0.0
4932.YDR097C,0.06997846816364196,0.009275660391226686,0.48373413349179817,0.0,0.0002935836787963538,0.0,0.0,0.0,0.0,0.0,0.0,0.0,0.0,0.0
4932.YCL026C-A,0.044140264533989546,0.005804240635258952,0.4781105595758461,0.0,0.00014750080643818444,0.0,0.0,0.0,0.0,0.0,0.0,0.0,0.0,0.0
4932.YDL154W,0.03737311596431867,0.00336971900893659,0.46778494098303397,0.0,0.00016508094291200058,0.0,0.0,0.0,0.0,0.0,0.0,0.0,0.0,0.0
4932.YGL232W,0.031528760381421106,0.00675938956795869,0.4522865326926515,0.0,8.762632247732898e-05,0.0,0.0,0.0,0.0,0.0,0.0,0.0,0.0,0.0
4932.YKL186C,0.024300215318363582,0.005185705368287124,0.4469358700870297,0.0,3.1503017084813e-05,0.0,0.0,0.0,0.0,0.0,0.0,0.0,0.0,0.0
4932.YBR111C,0.041679483235927406,0.00733163148496021,0.47265061210323867,0.0,8.937620536348012e-05,0.0,0.0,0.0,0.0,0.0,0.0,0.0,0.0,0.0
4932.YLR352W,0.031067363888034452,0.003440399797498622,0.4667768562025231,0.0,0.00010152340806184591,0.0,0.0,0.0,0.0,0.0,0.0,0.0,0.0,0.0
4932.YDR265W,0.021378037526914796,0.001920139894903363,0.45654469298077177,0.0,8.987824840866532e-05,0.0,0.0,0.0,0.0,0.0,0.0,0.0,0.0,0.0
4932.YHR122W,0.026299600123039068,0.00349903164204284,0.4534543346263311,0.0,6.094094184212476e-05,0.0,0.0,0.0,0.0,0.0,0.0,0.0,0.0,0.0
4932.YML122C,0.0015379883112888342,4.855231304551074e-05,0.35061785006179924,0.0,1.9287262987462582e-06,0.0,0.0,0.0,0.0,0.0,0.0,0.0,0.0,0.0
4932.YBR018C,0.02337742233159028,0.0026811282140155055,0.4602309381114332,0.0,6.939982610257326e-05,0.0,0.0,0.0,0.0,0.0,0.0,0.0,0.0,0.0
4932.YDR370C,0.027991387265456785,0.006489780105793093,0.4458013594398549,0.0,2.0268448303905476e-05,0.0,0.0,0.0,0.0,0.0,0.0,0.0,0.0,0.0
4932.YMR201C,0.022300830513688096,0.0018911199520883718,0.4550739278097433,0.0,5.863617913276199e-05,0.0,0.0,0.0,0.0,0.0,0.0,0.0,0.0,0.0
4932.YGR195W,0.10258382036296525,0.023725507953354326,0.4908226161489029,0.0,0.00019150384061425205,0.0,0.0,0.0,0.0,0.0,0.0,0.0,0.0,0.0
4932.YDL200C,0.02060904337127038,0.0025240750349795663,0.45596804541402886,0.0,3.479739791054991e-05,0.0,0.0,0.0,0.0,0.0,0.0,0.0,0.0,0.0
4932.YLR438C-A,0.054598585050753615,0.01024920196975148,0.4713819815158016,0.0,0.00012424267026581564,0.0,0.0,0.0,0.0,0.0,0.0,0.0,0.0,0.0
4932.YDR314C,0.013380498308212859,0.0013449662211122665,0.43282492607708817,0.0,7.429411397632418e-06,0.0,0.0,0.0,0.0,0.0,0.0,0.0,0.0,0.0
4932.YCL026C-B,0.04675484466318056,0.006457109034941381,0.4801596553015093,0.0,0.00016865051362062797,0.0,0.0,0.0,0.0,0.0,0.0,0.0,0.0,0.0
4932.YCR066W,0.03706551830206091,0.004319080734198529,0.46570634381103165,0.0,7.069805485517275e-05,0.0,0.0,0.0,0.0,0.0,0.0,0.0,0.0,0.0
4932.YGL094C,0.03829590895109197,0.007264272239552824,0.46510633563777287,0.0,4.007972335834083e-05,0.0,0.0,0.0,0.0,0.0,0.0,0.0,0.0,0.0
4932.YJL208C,0.05275299907720701,0.01319869331623215,0.46802078761130256,0.0,9.964929068599244e-05,0.0,0.0,0.0,0.0,0.0,0.0,0.0,0.0,0.0
4932.YIR016W,0.015379883112888343,0.000990368021209287,0.43807730163792385,0.0,4.934862468068485e-05,0.0,0.0,0.0,0.0,0.0,0.0,0.0,0.0,0.0
4932.YGR158C,0.09350968932636113,0.02281240996780002,0.4869239876504552,0.0,0.0003640586095269366,0.0,0.0,0.0,0.0,0.0,0.0,0.0,0.0,0.0
4932.YAL016C-A,0.0007689941556444171,1.215058634586594e-05,0.32481882605325296,0.0,6.684714509088407e-05,0.0,0.0,0.0,0.0,0.0,0.0,0.0,0.0,0.0
4932.YIR036W-A,0.00030759766225776686,1.1829047309615889e-07,0.2668364247369959,0.0,2.969550754067874e-07,0.0,0.0,0.0,0.0,0.0,0.0,0.0,0.0,0.0
4932.YIL029W-A,0.0012303906490310674,5.941710866603069e-07,0.3055725659626299,0.0,6.869972789011829e-06,0.0,0.0,0.0,0.0,0.0,0.0,0.0,0.0,0.0
4932.YIL142C-A,0.0009227929867733006,5.545251918094998e-07,0.30013859654481867,0.0,2.0883911584152123e-06,0.0,0.0,0.0,0.0,0.0,0.0,0.0,0.0,0.0
4932.YAL042C-A,0.0016917871424177177,8.13815981538652e-07,0.3076413509703307,0.0,1.4317250731734391e-05,0.0,0.0,0.0,0.0,0.0,0.0,0.0,0.0,0.0
4932.YBL071C,0.004152568440479853,0.00014042687715419067,0.3808910090970296,0.0,4.749007798951385e-05,0.0,0.0,0.0,0.0,0.0,0.0,0.0,0.0,0.0
4932.YMR304C-A,0.005229160258382036,7.008373034400312e-05,0.3710386921255824,0.0,0.0001427206777013428,0.0,0.0,0.0,0.0,0.0,0.0,0.0,0.0,0.0
4932.YHR056W-A,0.001384189480159951,3.539919542025904e-05,0.3475424193825386,0.0,3.2173481625162324e-06,0.0,0.0,0.0,0.0,0.0,0.0,0.0,0.0,0.0
4932.YOR298W,0.03429713934174101,0.0031127532019993693,0.4794157160392006,0.0,0.00048032072421429667,0.0,0.0,0.0,0.0,0.0,0.0,0.0,0.0,0.0
4932.YMR052C-A,0.004767763764995386,9.02661903401152e-05,0.3765210693704557,0.0,7.396587934060242e-05,0.0,0.0,0.0,0.0,0.0,0.0,0.0,0.0,0.0
4932.YKL165C-A,0.0019993848046754845,4.03934825267036e-05,0.3519662341672259,0.0,1.9467917667624344e-06,0.0,0.0,0.0,0.0,0.0,0.0,0.0,0.0,0.0
4932.YPL200W,0.012765302983697324,0.0005471473366364388,0.4387280139892867,0.0,0.0002217226830271194,0.0,0.0,0.0,0.0,0.0,0.0,0.0,0.0,0.0
4932.YNL319W,0.012303906490310674,0.0001951854425211814,0.3995327481059595,0.0,0.0003754322032424099,0.0,0.0,0.0,0.0,0.0,0.0,0.0,0.0,0.0
4932.YMR030W,0.007843740387573055,0.00042929631771915206,0.41876655379231326,0.0,4.341269567731698e-05,0.0,0.0,0.0,0.0,0.0,0.0,0.0,0.0,0.0
4932.YHR175W-A,0.024761611811750232,0.000391714889383386,0.39284206609003836,0.0,9.420469293261704e-05,0.0,0.0,0.0,0.0,0.0,0.0,0.0,0.0,0.0
4932.YMR151W,0.006920947400799755,0.00011497119823628422,0.3869469788123221,0.0,0.00012918686326267637,0.0,0.0,0.0,0.0,0.0,0.0,0.0,0.0,0.0
4932.YDR406W-A,0.0050753614272531535,3.5168378795387572e-06,0.3348276712111776,0.0,0.00011120933386960839,0.0,0.0,0.0,0.0,0.0,0.0,0.0,0.0,0.0
4932.YPR082C,0.03183635804367887,0.005350174642600087,0.46049185849304264,0.0,4.543512262437434e-05,0.0,0.0,0.0,0.0,0.0,0.0,0.0,0.0,0.0
4932.YDL225W,0.029990772070132267,0.0037631304490009436,0.46160407865279,0.0,7.180987171613807e-05,0.0,0.0,0.0,0.0,0.0,0.0,0.0,0.0,0.0
4932.YGR052W,0.04967702245462935,0.005668905984879445,0.4772327126318541,0.0,0.00012440794363070362,0.0,0.0,0.0,0.0,0.0,0.0,0.0,0.0,0.0
4932.YFR008W,0.006613349738541987,0.00035018979436746286,0.4108757897689108,0.0,3.9544584844718186e-05,0.0,0.0,0.0,0.0,0.0,0.0,0.0,0.0,0.0
4932.YPL180W,0.0538295908951092,0.009031698449644155,0.476113761371287,0.0,0.00012295833831294764,0.0,0.0,0.0,0.0,0.0,0.0,0.0,0.0,0.0
4932.YHR048W,0.013380498308212859,0.0011789110024797524,0.4436706687966219,0.0,1.8469980033582484e-05,0.0,0.0,0.0,0.0,0.0,0.0,0.0,0.0,0.0
4932.YIL153W,0.015841279606274992,0.0016327310521849893,0.4513754247843376,0.0,2.919127634332532e-05,0.0,0.0,0.0,0.0,0.0,0.0,0.0,0.0,0.0
4932.YOR237W,0.02153183635804368,0.0018940461840406084,0.4634146780199205,0.0,0.00011717265928442891,0.0,0.0,0.0,0.0,0.0,0.0,0.0,0.0,0.0
4932.YER123W,0.03398954167948324,0.00372100700296032,0.4644746687058845,0.0,6.632920133874645e-05,0.0,0.0,0.0,0.0,0.0,0.0,0.0,0.0,0.0
4932.YGL043W,0.06859427868348202,0.012524632975182875,0.48283553389770584,0.0,0.00014032101223965983,0.0,0.0,0.0,0.0,0.0,0.0,0.0,0.0,0.0
4932.YKR021W,0.022147031682559215,0.00183342910227635,0.452538520453745,0.0,4.7804202059387714e-05,0.0,0.0,0.0,0.0,0.0,0.0,0.0,0.0,0.0
4932.YGL112C,0.057059366348815754,0.009705091227303448,0.4729946582614154,0.0,0.00010640438370091108,0.0,0.0,0.0,0.0,0.0,0.0,0.0,0.0,0.0
4932.YLL054C,0.008151338049830821,0.0011386248149956155,0.4393509543742613,0.0,5.524669300539247e-06,0.0,0.0,0.0,0.0,0.0,0.0,0.0,0.0,0.0
4932.YMR137C,0.04660104583205168,0.0068047533817497995,0.47189546951309547,0.0,0.00018939306594786484,0.0,0.0,0.0,0.0,0.0,0.0,0.0,0.0,0.0
4932.YPR045C,0.011534912334666258,0.0015545249408281676,0.4356980431269495,0.0,1.465714383597743e-05,0.0,0.0,0.0,0.0,0.0,0.0,0.0,0.0,0.0
4932.YMR036C,0.042909873884958476,0.0050327702930091645,0.47282257259661825,0.0,4.852854260277175e-05,0.0,0.0,0.0,0.0,0.0,0.0,0.0,0.0,0.0
4932.YJL050W,0.14041833282067057,0.032199231670495945,0.5061930836796233,0.0,0.00034893471090747494,0.0,0.0,0.0,0.0,0.0,0.0,0.0,0.0,0.0
4932.YNL222W,0.03752691479544756,0.004826909588439567,0.4632164681490822,0.0,0.00010865731890211332,0.0,0.0,0.0,0.0,0.0,0.0,0.0,0.0,0.0
4932.YIL105C,0.08043678868040603,0.016975308016857916,0.4896391089741033,0.0,0.00029519933257098817,0.0,0.0,0.0,0.0,0.0,0.0,0.0,0.0,0.0
4932.YER021W,0.04813903414334051,0.009630887743406945,0.4743758661991039,0.0,4.470318715259946e-05,0.0,0.0,0.0,0.0,0.0,0.0,0.0,0.0,0.0
4932.YBR180W,0.0278375884343279,0.0015769402590760347,0.4621293375432277,0.0,0.00018322166489624308,0.0,0.0,0.0,0.0,0.0,0.0,0.0,0.0,0.0
4932.YLL028W,0.031067363888034452,0.002717092684559383,0.4643750886296952,0.0,0.00010342864173423257,0.0,0.0,0.0,0.0,0.0,0.0,0.0,0.0,0.0
4932.YKL176C,0.021685635189172565,0.003030732908660916,0.45504205988762775,0.0,2.119820611942569e-05,0.0,0.0,0.0,0.0,0.0,0.0,0.0,0.0,0.0
4932.YDR200C,0.031067363888034452,0.0037947978584236745,0.46660926433974753,0.0,0.00016533123412044878,0.0,0.0,0.0,0.0,0.0,0.0,0.0,0.0,0.0
4932.YLR422W,0.042602276222700707,0.005119849057137527,0.4725131337402068,0.0,8.899532983272987e-05,0.0,0.0,0.0,0.0,0.0,0.0,0.0,0.0,0.0
4932.YKL059C,0.015533681944017226,0.001747879089104283,0.4395292623914586,0.0,0.00039827258570274273,0.0,0.0,0.0,0.0,0.0,0.0,0.0,0.0,0.0
4932.YLR019W,0.03860350661334974,0.005268482983670206,0.47059680005759885,0.0,5.662211020526833e-05,0.0,0.0,0.0,0.0,0.0,0.0,0.0,0.0,0.0
4932.YJL030W,0.0956628729621655,0.013297260069004066,0.49283281116384714,0.0,0.0005329509921781204,0.0,0.0,0.0,0.0,0.0,0.0,0.0,0.0,0.0
4932.YFR040W,0.02060904337127038,0.002701242718024293,0.45603204542040315,0.0,1.5708218759792144e-05,0.0,0.0,0.0,0.0,0.0,0.0,0.0,0.0,0.0
4932.YLR079W,0.025838203629652418,0.002964582194889102,0.46160407865279,0.0,7.092990312709204e-05,0.0,0.0,0.0,0.0,0.0,0.0,0.0,0.0,0.0
4932.YJL140W,0.05413718855736697,0.008625819180639243,0.47461840736215943,0.0,0.00011684295663284872,0.0,0.0,0.0,0.0,0.0,0.0,0.0,0.0,0.0
4932.YOR109W,0.02768378960319902,0.0025247178561639597,0.45465999266689927,0.0,4.468593833156768e-05,0.0,0.0,0.0,0.0,0.0,0.0,0.0,0.0,0.0
4932.YER143W,0.029375576745616735,0.0036664852957668686,0.4618665587600629,0.0,7.180658812499983e-05,0.0,0.0,0.0,0.0,0.0,0.0,0.0,0.0,0.0
4932.YPL145C,0.043832666871731776,0.005629399286927034,0.4705627210656329,0.0,0.000119765390063557,0.0,0.0,0.0,0.0,0.0,0.0,0.0,0.0,0.0
4932.YPR068C,0.07674561673331283,0.01126852258547831,0.4920118584989267,0.0,0.0002165897610290598,0.0,0.0,0.0,0.0,0.0,0.0,0.0,0.0,0.0
4932.YIL121W,0.03214395570593664,0.0025670080345728315,0.46845942002705826,0.0,0.00011809900875733296,0.0,0.0,0.0,0.0,0.0,0.0,0.0,0.0,0.0
4932.YER005W,0.010612119347892957,0.0014105336285546546,0.44752070352584883,0.0,1.3088203299332558e-05,0.0,0.0,0.0,0.0,0.0,0.0,0.0,0.0,0.0
4932.YPL152W,0.017533066748692712,0.0014022898531483613,0.45209772595806896,0.0,4.316158484156721e-05,0.0,0.0,0.0,0.0,0.0,0.0,0.0,0.0,0.0
4932.YDR005C,0.017379267917563827,0.0015946606938514309,0.45121870808939135,0.0,4.3962491723758476e-05,0.0,0.0,0.0,0.0,0.0,0.0,0.0,0.0,0.0
4932.YDR523C,0.029990772070132267,0.0022837480972642183,0.4651729268519812,0.0,0.00017495502199927092,0.0,0.0,0.0,0.0,0.0,0.0,0.0,0.0,0.0
4932.YIL120W,0.02553060596739465,0.0018738830125072982,0.4611127317056007,0.0,8.046395651593299e-05,0.0,0.0,0.0,0.0,0.0,0.0,0.0,0.0,0.0
4932.YLR381W,0.010612119347892957,0.0010127066944145913,0.4344744995450204,0.0,1.2702021504713303e-05,0.0,0.0,0.0,0.0,0.0,0.0,0.0,0.0,0.0
4932.YLR191W,0.013995693632728392,0.0012898473824257321,0.4452515153621574,0.0,2.107743024674101e-05,0.0,0.0,0.0,0.0,0.0,0.0,0.0,0.0,0.0
4932.YBL023C,0.07997539218701938,0.0129814843249501,0.48728913499777465,0.0,0.0001472716337258512,0.0,0.0,0.0,0.0,0.0,0.0,0.0,0.0,0.0
4932.YBR008C,0.026145801291910183,0.0020804310119146526,0.45692993567226814,0.0,6.059453978461408e-05,0.0,0.0,0.0,0.0,0.0,0.0,0.0,0.0,0.0
4932.YNL154C,0.03414334051061212,0.00406149277218108,0.4643419047588484,0.0,5.755454860575799e-05,0.0,0.0,0.0,0.0,0.0,0.0,0.0,0.0,0.0
4932.YER093C,0.031682559212549984,0.003378045087116178,0.46371231108223254,0.0,6.326733374143694e-05,0.0,0.0,0.0,0.0,0.0,0.0,0.0,0.0,0.0
4932.YNL006W,0.046447247000922794,0.006166769618117281,0.47265061210323867,0.0,0.00014481404199068672,0.0,0.0,0.0,0.0,0.0,0.0,0.0,0.0,0.0
4932.YGR138C,0.02383881882497693,0.0019112803232692337,0.4578636284664124,0.0,5.2520331473051114e-05,0.0,0.0,0.0,0.0,0.0,0.0,0.0,0.0,0.0
4932.YKL022C,0.038757305444478626,0.004597198102278744,0.46842564988432267,0.0,8.044510073133891e-05,0.0,0.0,0.0,0.0,0.0,0.0,0.0,0.0,0.0
4932.YMR029C,0.017686865579821593,0.001986572677256921,0.45316972000804273,0.0,3.551162552895246e-05,0.0,0.0,0.0,0.0,0.0,0.0,0.0,0.0,0.0
4932.YAL041W,0.05090741310366041,0.0059107214375173685,0.47458374344108417,0.0,0.00021105050144530887,0.0,0.0,0.0,0.0,0.0,0.0,0.0,0.0,0.0
4932.YLR115W,0.06736388803445094,0.011221275699482582,0.4807635850248095,0.0,0.00016263900077059034,0.0,0.0,0.0,0.0,0.0,0.0,0.0,0.0,0.0
4932.YKR097W,0.06951707167025531,0.008599390751258179,0.48488923328074957,0.0,0.00018248195472978722,0.0,0.0,0.0,0.0,0.0,0.0,0.0,0.0,0.0
4932.YJR076C,0.04460166102737619,0.005785226515680765,0.4715188023507238,0.0,9.998988202703452e-05,0.0,0.0,0.0,0.0,0.0,0.0,0.0,0.0,0.0
4932.YPR159W,0.03368194401722547,0.004042149491347518,0.4661740881838959,0.0,6.210758410075116e-05,0.0,0.0,0.0,0.0,0.0,0.0,0.0,0.0,0.0
4932.YNL201C,0.03814211011996309,0.006225864174440966,0.46440827724380535,0.0,4.4369226724961276e-05,0.0,0.0,0.0,0.0,0.0,0.0,0.0,0.0,0.0
4932.YPL127C,0.04398646570286066,0.006670059044053618,0.4746877503977883,0.0,0.00024346788684875798,0.0,0.0,0.0,0.0,0.0,0.0,0.0,0.0,0.0
4932.YJR132W,0.09550907413103661,0.023983966702632302,0.48747191411817886,0.0,0.0001475219271482977,0.0,0.0,0.0,0.0,0.0,0.0,0.0,0.0,0.0
4932.YBR130C,0.05275299907720701,0.008123559839369575,0.47660265624140563,0.0,7.693503679433198e-05,0.0,0.0,0.0,0.0,0.0,0.0,0.0,0.0,0.0
4932.YPR156C,0.023992617656105816,0.0019274341189637503,0.45648054901266766,0.0,5.498819533780159e-05,0.0,0.0,0.0,0.0,0.0,0.0,0.0,0.0,0.0
4932.YGL056C,0.06259612426945556,0.011631307508798953,0.4807635850248095,0.0,0.00010191005399125377,0.0,0.0,0.0,0.0,0.0,0.0,0.0,0.0,0.0
4932.YIL143C,0.04214087972931406,0.0064060590225893345,0.4692374794335156,0.0,6.359944861413305e-05,0.0,0.0,0.0,0.0,0.0,0.0,0.0,0.0,0.0
4932.YMR028W,0.02245462934481698,0.0020834428639430348,0.4579604352100447,0.0,5.951205847172495e-05,0.0,0.0,0.0,0.0,0.0,0.0,0.0,0.0,0.0
4932.YOR370C,0.031682559212549984,0.005962365014731708,0.4643750886296952,0.0,3.509745560894046e-05,0.0,0.0,0.0,0.0,0.0,0.0,0.0,0.0,0.0
4932.YBR183W,0.029375576745616735,0.002393149233521221,0.45399291659298013,0.0,3.8384883500506896e-05,0.0,0.0,0.0,0.0,0.0,0.0,0.0,0.0,0.0
4932.YDR404C,0.06444171024300216,0.01072715471009106,0.48219060664851027,0.0,0.00027106791691662585,0.0,0.0,0.0,0.0,0.0,0.0,0.0,0.0,0.0
4932.YNL065W,0.04613964933866503,0.007305219147108628,0.47158724255717577,0.0,0.00013687915601542135,0.0,0.0,0.0,0.0,0.0,0.0,0.0,0.0,0.0
4932.YJL103C,0.025069209474007998,0.002605489019238094,0.4588983485307433,0.0,5.911478418471362e-05,0.0,0.0,0.0,0.0,0.0,0.0,0.0,0.0,0.0
4932.YPL166W,0.025376807136265767,0.0020515568631643273,0.4611454556238255,0.0,0.00011207989665138314,0.0,0.0,0.0,0.0,0.0,0.0,0.0,0.0,0.0
4932.YHR135C,0.029836973239003386,0.003780001461271207,0.46160407865279,0.0,4.3930513726763604e-05,0.0,0.0,0.0,0.0,0.0,0.0,0.0,0.0,0.0
4932.YMR125W,0.08043678868040603,0.01642431882596927,0.4852875739503603,0.0,0.00017892450291475255,0.0,0.0,0.0,0.0,0.0,0.0,0.0,0.0,0.0
4932.YJR090C,0.05782836050446017,0.007378315075943741,0.47948646806340944,0.0,0.0001767461966000539,0.0,0.0,0.0,0.0,0.0,0.0,0.0,0.0,0.0
4932.YBR239C,0.007843740387573055,0.0010298684389611818,0.4399458778060477,0.0,5.679221097077801e-06,0.0,0.0,0.0,0.0,0.0,0.0,0.0,0.0,0.0
4932.YPR108W,0.05059981544140265,0.00960249666218284,0.47320132647795843,0.0,5.180932479395642e-05,0.0,0.0,0.0,0.0,0.0,0.0,0.0,0.0,0.0
4932.YJR052W,0.031221162719163337,0.004344494668500141,0.4667768562025231,0.0,5.225540018685752e-05,0.0,0.0,0.0,0.0,0.0,0.0,0.0,0.0,0.0
4932.YHR132W-A,0.008920332205475239,0.001256140451640464,0.4393212504357599,0.0,2.974718379429508e-06,0.0,0.0,0.0,0.0,0.0,0.0,0.0,0.0,0.0
4932.YKR088C,0.0269147954475546,0.002290636137714143,0.4593849851675733,0.0,0.0001318183309104483,0.0,0.0,0.0,0.0,0.0,0.0,0.0,0.0,0.0
4932.YMR155W,0.012303906490310674,0.0011771479580470487,0.4492844233696553,0.0,1.2580328755207319e-05,0.0,0.0,0.0,0.0,0.0,0.0,0.0,0.0,0.0
4932.YML121W,0.0278375884343279,0.0037031175590110875,0.4625899206375258,0.0,4.8483031472741185e-05,0.0,0.0,0.0,0.0,0.0,0.0,0.0,0.0,0.0
4932.YGR080W,0.027529990772070134,0.003534008974797705,0.4612436552523655,0.0,4.5535201133623554e-05,0.0,0.0,0.0,0.0,0.0,0.0,0.0,0.0,0.0
4932.YBR043C,0.0269147954475546,0.0018814171408793178,0.4625240668514004,0.0,7.338870082812128e-05,0.0,0.0,0.0,0.0,0.0,0.0,0.0,0.0,0.0
4932.YDR215C,0.004152568440479853,5.056769529962477e-05,0.3596612949131192,0.0,8.206228283255536e-05,0.0,0.0,0.0,0.0,0.0,0.0,0.0,0.0,0.0
4932.YCR091W,0.02553060596739465,0.001814757642987166,0.44798349639402446,0.0,3.786147214710506e-05,0.0,0.0,0.0,0.0,0.0,0.0,0.0,0.0,0.0
4932.YKL048C,0.03891110427560751,0.0038808744444707864,0.4682231312289469,0.0,8.202247745018516e-05,0.0,0.0,0.0,0.0,0.0,0.0,0.0,0.0,0.0
4932.YGR203W,0.020455244540141495,0.0023628851371926434,0.45351763087627894,0.0,2.0592672567147116e-05,0.0,0.0,0.0,0.0,0.0,0.0,0.0,0.0,0.0
4932.YPR095C,0.013995693632728392,0.001307210021460211,0.4411705217730548,0.0,1.1481117382609294e-05,0.0,0.0,0.0,0.0,0.0,0.0,0.0,0.0,0.0
4932.YPL155C,0.041987080898185175,0.00482692775090401,0.46944087669378154,0.0,7.043631900049787e-05,0.0,0.0,0.0,0.0,0.0,0.0,0.0,0.0,0.0
4932.YBR200W,0.0538295908951092,0.006303668101405193,0.47670755008402355,0.0,0.00014800940354891602,0.0,0.0,0.0,0.0,0.0,0.0,0.0,0.0,0.0
4932.YLR403W,0.04537065518302061,0.006240606171473054,0.4697802642564578,0.0,6.402461725759654e-05,0.0,0.0,0.0,0.0,0.0,0.0,0.0,0.0,0.0
4932.YKR051W,0.00584435558289757,0.0005296540282368554,0.4240961111601178,0.0,4.644158076453654e-06,0.0,0.0,0.0,0.0,0.0,0.0,0.0,0.0,0.0
4932.YKL168C,0.03629652414641649,0.004011971550652417,0.46557287491547783,0.0,5.394300449341064e-05,0.0,0.0,0.0,0.0,0.0,0.0,0.0,0.0,0.0
4932.YPR106W,0.012919101814826209,0.001087193752452956,0.4390540956213057,0.0,1.1928185364996319e-05,0.0,0.0,0.0,0.0,0.0,0.0,0.0,0.0,0.0
4932.YNL257C,0.019532451553368194,0.002041060458211984,0.4526646196583298,0.0,2.663243849601795e-05,0.0,0.0,0.0,0.0,0.0,0.0,0.0,0.0,0.0
4932.YJL187C,0.06551830206090434,0.006952960668845884,0.47744310177776084,0.0,0.0001663018885968745,0.0,0.0,0.0,0.0,0.0,0.0,0.0,0.0,0.0
4932.YDL113C,0.030452168563518917,0.0020324368412785836,0.4581218707836523,0.0,0.00013860695084167462,0.0,0.0,0.0,0.0,0.0,0.0,0.0,0.0,0.0
4932.YOR156C,0.04352506920947401,0.0056434406335102915,0.47189546951309547,0.0,9.341832300660672e-05,0.0,0.0,0.0,0.0,0.0,0.0,0.0,0.0,0.0
4932.YOR363C,0.01076591817902184,0.0014903042678986738,0.44228155562178906,0.0,5.607625069989509e-06,0.0,0.0,0.0,0.0,0.0,0.0,0.0,0.0,0.0
4932.YJL163C,0.04537065518302061,0.0036641779907552086,0.4711427360205427,0.0,0.00016866261604471454,0.0,0.0,0.0,0.0,0.0,0.0,0.0,0.0,0.0
4932.YGL259W,0.018302060904337128,0.0017712056882297556,0.46275463717385873,0.0,0.0001586085437497353,0.0,0.0,0.0,0.0,0.0,0.0,0.0,0.0,0.0
4932.YNL275W,0.029836973239003386,0.0027493241051834406,0.4672131589872969,0.0,9.917373756654337e-05,0.0,0.0,0.0,0.0,0.0,0.0,0.0,0.0,0.0
4932.YDR456W,0.038757305444478626,0.0036521290744023303,0.4737187880145312,0.0,0.00030263161652208874,0.0,0.0,0.0,0.0,0.0,0.0,0.0,0.0,0.0
4932.YNR047W,0.027991387265456785,0.0022616064976419418,0.4572514682425814,0.0,4.683861298083373e-05,0.0,0.0,0.0,0.0,0.0,0.0,0.0,0.0,0.0
4932.YBL011W,0.0296831744078745,0.003545769829054286,0.4628535234130155,0.0,5.249493507233638e-05,0.0,0.0,0.0,0.0,0.0,0.0,0.0,0.0,0.0
4932.YJL047C,0.04813903414334051,0.005896738076843704,0.4734771651993096,0.0,0.00010129376493551103,0.0,0.0,0.0,0.0,0.0,0.0,0.0,0.0,0.0
4932.YDR466W,0.023685019993848047,0.0025105224671619904,0.4526646196583298,0.0,2.917851224179216e-05,0.0,0.0,0.0,0.0,0.0,0.0,0.0,0.0,0.0
4932.YGR009C,0.03214395570593664,0.0028347086826898053,0.46160407865279,0.0,6.006415035433592e-05,0.0,0.0,0.0,0.0,0.0,0.0,0.0,0.0,0.0
4932.YJL128C,0.04721624115656721,0.00576185299216904,0.472684994194757,0.0,9.917680859724878e-05,0.0,0.0,0.0,0.0,0.0,0.0,0.0,0.0,0.0
4932.YHL010C,0.010919717010150723,0.0011002804569015987,0.43496891459905784,0.0,1.0784585274903651e-05,0.0,0.0,0.0,0.0,0.0,0.0,0.0,0.0,0.0
4932.YDR315C,0.05213780375269148,0.009025791994590368,0.47618354207792213,0.0,0.00013621650365598862,0.0,0.0,0.0,0.0,0.0,0.0,0.0,0.0,0.0
4932.YBL095W,0.01168871116579514,0.0011398142221203103,0.44189055526659804,0.0,1.7295604633301407e-05,0.0,0.0,0.0,0.0,0.0,0.0,0.0,0.0,0.0
4932.YLR054C,0.01707167025530606,0.0024277876840771845,0.45165778933727146,0.0,5.269472828589591e-05,0.0,0.0,0.0,0.0,0.0,0.0,0.0,0.0,0.0
4932.YNL237W,0.06198092894494002,0.009664233603571173,0.48158308865302935,0.0,0.00017971039204780465,0.0,0.0,0.0,0.0,0.0,0.0,0.0,0.0,0.0
4932.YKL146W,0.01968625038449708,0.001873947403369849,0.4557441867860376,0.0,2.7882610656302317e-05,0.0,0.0,0.0,0.0,0.0,0.0,0.0,0.0,0.0
4932.YBR132C,0.031682559212549984,0.003417412373703808,0.4601005887697603,0.0,5.1012811961464704e-05,0.0,0.0,0.0,0.0,0.0,0.0,0.0,0.0,0.0
4932.YPR200C,0.01876345739772378,0.0019071892885581495,0.4498131396369462,0.0,2.4176297217246478e-05,0.0,0.0,0.0,0.0,0.0,0.0,0.0,0.0,0.0
4932.YPL006W,0.03629652414641649,0.0031780346445802474,0.4709378616607715,0.0,0.00011380048701940667,0.0,0.0,0.0,0.0,0.0,0.0,0.0,0.0,0.0
4932.YKL064W,0.01568748077514611,0.001803405913927785,0.4527907891572242,0.0,1.5009641073245927e-05,0.0,0.0,0.0,0.0,0.0,0.0,0.0,0.0,0.0
4932.YDR422C,0.03014457090126115,0.0031676609730555867,0.4625240668514004,0.0,3.4463359182422444e-05,0.0,0.0,0.0,0.0,0.0,0.0,0.0,0.0,0.0
4932.YKR067W,0.04598585050753615,0.0051540134017689365,0.4722384168019858,0.0,8.237810479283639e-05,0.0,0.0,0.0,0.0,0.0,0.0,0.0,0.0,0.0
4932.YIR003W,0.035988926484158724,0.007715617782691501,0.4663079020592268,0.0,6.789993906364063e-05,0.0,0.0,0.0,0.0,0.0,0.0,0.0,0.0,0.0
4932.YIL042C,0.061827130113811135,0.0077902287188442824,0.4791682482999281,0.0,0.00020205987587000455,0.0,0.0,0.0,0.0,0.0,0.0,0.0,0.0,0.0
4932.YGL104C,0.04091048908028299,0.003937349534360478,0.4674148047184092,0.0,0.0001310135178787093,0.0,0.0,0.0,0.0,0.0,0.0,0.0,0.0,0.0
4932.YLR120C,0.038757305444478626,0.004639875312868525,0.47165570263448675,0.0,0.00010387112606274393,0.0,0.0,0.0,0.0,0.0,0.0,0.0,0.0,0.0
4932.YKL162C,0.03199015687480775,0.006997667433657497,0.4672131589872969,0.0,7.038689821953736e-05,0.0,0.0,0.0,0.0,0.0,0.0,0.0,0.0,0.0
4932.YPL140C,0.023531221162719166,0.0028040162038524305,0.45590406336878725,0.0,1.4166251722486015e-05,0.0,0.0,0.0,0.0,0.0,0.0,0.0,0.0,0.0
4932.YPL115C,0.0259920024607813,0.002431748071058433,0.45339105604209634,0.0,4.113735210078646e-05,0.0,0.0,0.0,0.0,0.0,0.0,0.0,0.0,0.0
4932.YMR277W,0.05152260842817595,0.008084047644224842,0.471826939819585,0.0,9.310475335475222e-05,0.0,0.0,0.0,0.0,0.0,0.0,0.0,0.0,0.0
4932.YER119C,0.023069824669332516,0.002453539011352275,0.4564484837872524,0.0,2.7525144590550695e-05,0.0,0.0,0.0,0.0,0.0,0.0,0.0,0.0,0.0
4932.YLR098C,0.03829590895109197,0.0053054396959365015,0.4730290904269728,0.0,0.00010324395754857528,0.0,0.0,0.0,0.0,0.0,0.0,0.0,0.0,0.0
4932.YGR249W,0.018609658566594894,0.0026437903923341105,0.455776153131467,0.0,2.7073245460850494e-05,0.0,0.0,0.0,0.0,0.0,0.0,0.0,0.0,0.0
4932.YDR505C,0.013226699477083975,0.001449826691551562,0.44844724742548825,0.0,2.7699156585067676e-05,0.0,0.0,0.0,0.0,0.0,0.0,0.0,0.0,0.0
4932.YJL155C,0.04875422946785605,0.004961756954393648,0.47039240011548605,0.0,0.00014766003803235066,0.0,0.0,0.0,0.0,0.0,0.0,0.0,0.0,0.0
4932.YEL064C,0.031528760381421106,0.0029111461503546704,0.4746877503977883,0.0,0.0001812462990836386,0.0,0.0,0.0,0.0,0.0,0.0,0.0,0.0,0.0
4932.YPR115W,0.06536450322977545,0.01529381033078064,0.4816187826263953,0.0,8.545471191461852e-05,0.0,0.0,0.0,0.0,0.0,0.0,0.0,0.0,0.0
4932.YGR013W,0.03291294986158105,0.005055471453495061,0.4617680937461146,0.0,3.110147074859837e-05,0.0,0.0,0.0,0.0,0.0,0.0,0.0,0.0,0.0
4932.YNL101W,0.018148262073208243,0.0017773631276092388,0.45332779511618004,0.0,2.9369993839212403e-05,0.0,0.0,0.0,0.0,0.0,0.0,0.0,0.0,0.0
4932.YKL185W,0.0296831744078745,0.0038915506103639826,0.46527284943400576,0.0,7.453156692659818e-05,0.0,0.0,0.0,0.0,0.0,0.0,0.0,0.0,0.0
4932.YPR111W,0.019378652722239313,0.00183648909565614,0.44672079026504363,0.0,1.346196090160051e-05,0.0,0.0,0.0,0.0,0.0,0.0,0.0,0.0,0.0
4932.YKR017C,0.03645032297754537,0.004429627668678757,0.4737533256922809,0.0,0.00013035256368783803,0.0,0.0,0.0,0.0,0.0,0.0,0.0,0.0,0.0
4932.YOR119C,0.07828360504460166,0.019578608099320383,0.48001777463214335,0.0,9.186121795017473e-05,0.0,0.0,0.0,0.0,0.0,0.0,0.0,0.0,0.0
4932.YGL208W,0.03306674869270994,0.003272361260037685,0.46397719494432876,0.0,9.662940050491347e-05,0.0,0.0,0.0,0.0,0.0,0.0,0.0,0.0,0.0
4932.YPR026W,0.04690864349430945,0.003955140885228337,0.46301842776081836,0.0,6.551642813096961e-05,0.0,0.0,0.0,0.0,0.0,0.0,0.0,0.0,0.0
4932.YKR039W,0.053521993232851436,0.005456315205972781,0.47670755008402355,0.0,0.0001796078043560533,0.0,0.0,0.0,0.0,0.0,0.0,0.0,0.0,0.0
4932.YPL153C,0.07197785296831745,0.0077076853317944475,0.480834735473977,0.0,0.000245818448993084,0.0,0.0,0.0,0.0,0.0,0.0,0.0,0.0,0.0
4932.YDL214C,0.041064287911411874,0.0043085988801199945,0.4690004052829538,0.0,0.0001127522467325219,0.0,0.0,0.0,0.0,0.0,0.0,0.0,0.0,0.0
4932.YNL212W,0.013995693632728392,0.0017288411594080283,0.44748988466326867,0.0,4.752558322185017e-05,0.0,0.0,0.0,0.0,0.0,0.0,0.0,0.0,0.0
4932.YHR033W,0.04214087972931406,0.005693221409663694,0.4710402765636335,0.0,5.4347065166926624e-05,0.0,0.0,0.0,0.0,0.0,0.0,0.0,0.0,0.0
4932.YOR049C,0.01876345739772378,0.0024994326413471197,0.45367594883720763,0.0,3.7892332536263475e-05,0.0,0.0,0.0,0.0,0.0,0.0,0.0,0.0,0.0
4932.YOR231W,0.033835742848354354,0.0040478254125058954,0.4649399409842104,0.0,4.171266556953047e-05,0.0,0.0,0.0,0.0,0.0,0.0,0.0,0.0,0.0
4932.YMR232W,0.016917871424177177,0.0012976804736752705,0.4454041137292018,0.0,4.212008726802592e-05,0.0,0.0,0.0,0.0,0.0,0.0,0.0,0.0,0.0
4932.YBL029C-A,0.03721931713318979,0.005042325179506588,0.4712110670917567,0.0,0.00011573860539193418,0.0,0.0,0.0,0.0,0.0,0.0,0.0,0.0,0.0
4932.YLR006C,0.05721316517994464,0.008476787796818751,0.47938034785653444,0.0,0.00011176986976394043,0.0,0.0,0.0,0.0,0.0,0.0,0.0,0.0,0.0
4932.YCL049C,0.019071055059981544,0.0022628381409518145,0.4588659427438263,0.0,3.518477314609429e-05,0.0,0.0,0.0,0.0,0.0,0.0,0.0,0.0,0.0
4932.YLR272C,0.05921254998462012,0.009450152670404383,0.47420277422428114,0.0,0.00010027611899420961,0.0,0.0,0.0,0.0,0.0,0.0,0.0,0.0,0.0
4932.YIL095W,0.022300830513688096,0.0018953090743627995,0.45190907679221953,0.0,2.5654979017107372e-05,0.0,0.0,0.0,0.0,0.0,0.0,0.0,0.0,0.0
4932.YGR070W,0.041679483235927406,0.0033302506996732003,0.47049457788685284,0.0,0.0001415679559897403,0.0,0.0,0.0,0.0,0.0,0.0,0.0,0.0,0.0
4932.YNL321W,0.024761611811750232,0.0021348312750912525,0.459905203142142,0.0,5.180462139209903e-05,0.0,0.0,0.0,0.0,0.0,0.0,0.0,0.0,0.0
4932.YBR202W,0.08274377114733929,0.01394365326773574,0.486705161800264,0.0,0.00018320676431442284,0.0,0.0,0.0,0.0,0.0,0.0,0.0,0.0,0.0
4932.YMR136W,0.022608428175945865,0.002939145750463017,0.4593849851675733,0.0,1.6077556107358458e-05,0.0,0.0,0.0,0.0,0.0,0.0,0.0,0.0,0.0
4932.YLR138W,0.022608428175945865,0.0023138562055944117,0.4595474268172082,0.0,3.999205139869234e-05,0.0,0.0,0.0,0.0,0.0,0.0,0.0,0.0,0.0
4932.YLR047C,0.01568748077514611,0.0015358337106002188,0.44934656076310936,0.0,3.559732828870811e-05,0.0,0.0,0.0,0.0,0.0,0.0,0.0,0.0,0.0
4932.YBR098W,0.04567825284527838,0.004692083825425997,0.4784626032836555,0.0,0.00025966215652426373,0.0,0.0,0.0,0.0,0.0,0.0,0.0,0.0,0.0
4932.YCL034W,0.0287603814211012,0.0027777430968375914,0.4624911469889911,0.0,6.820717218659076e-05,0.0,0.0,0.0,0.0,0.0,0.0,0.0,0.0,0.0
4932.YHL021C,0.054906182713011384,0.005112835422236294,0.47049457788685284,0.0,0.00016261025532505688,0.0,0.0,0.0,0.0,0.0,0.0,0.0,0.0,0.0
4932.YER155C,0.05244540141494925,0.005482415485737108,0.47158724255717577,0.0,0.00013071982474750193,0.0,0.0,0.0,0.0,0.0,0.0,0.0,0.0,0.0
4932.YLL035W,0.06105813595816672,0.013608374031930007,0.47382241615832904,0.0,0.00013392092867934023,0.0,0.0,0.0,0.0,0.0,0.0,0.0,0.0,0.0
4932.YOL100W,0.03183635804367887,0.002871870315877911,0.4602961404827743,0.0,5.4913248480319986e-05,0.0,0.0,0.0,0.0,0.0,0.0,0.0,0.0,0.0
4932.YLR133W,0.02153183635804368,0.002309306133033594,0.45783136864618645,0.0,4.07161070621972e-05,0.0,0.0,0.0,0.0,0.0,0.0,0.0,0.0,0.0
4932.YNL161W,0.03645032297754537,0.004748831115480302,0.4642755512428783,0.0,5.117074381271009e-05,0.0,0.0,0.0,0.0,0.0,0.0,0.0,0.0,0.0
4932.YCL016C,0.04521685635189173,0.004783635570077133,0.47039240011548605,0.0,0.00014632346894072397,0.0,0.0,0.0,0.0,0.0,0.0,0.0,0.0,0.0
4932.YLR001C,0.019840049215625963,0.00235627967174788,0.4591577596944124,0.0,2.856239564177239e-05,0.0,0.0,0.0,0.0,0.0,0.0,0.0,0.0,0.0
4932.YDR490C,0.03199015687480775,0.0031459315487746826,0.46457429149891505,0.0,0.00031198986393159064,0.0,0.0,0.0,0.0,0.0,0.0,0.0,0.0,0.0
4932.YJL132W,0.02107043986465703,0.0020262744560741465,0.4567051317961291,0.0,6.920461055692008e-05,0.0,0.0,0.0,0.0,0.0,0.0,0.0,0.0,0.0
4932.YJL106W,0.048292832974469395,0.005043277663423459,0.48001777463214335,0.0,0.00038208763029564237,0.0,0.0,0.0,0.0,0.0,0.0,0.0,0.0,0.0
4932.YBR274W,0.06644109504767765,0.007598395001755757,0.4827637901333822,0.0,0.0003060998265890089,0.0,0.0,0.0,0.0,0.0,0.0,0.0,0.0,0.0
4932.YGL059W,0.06167333128268226,0.007592984047546801,0.4790622688878889,0.0,0.0002071956343239857,0.0,0.0,0.0,0.0,0.0,0.0,0.0,0.0,0.0
4932.YNL270C,0.02860658258997232,0.0026087425522800006,0.46527284943400576,0.0,8.866203300369014e-05,0.0,0.0,0.0,0.0,0.0,0.0,0.0,0.0,0.0
4932.YBR241C,0.04706244232543833,0.004710267982855993,0.46950871497076047,0.0,9.542009811103074e-05,0.0,0.0,0.0,0.0,0.0,0.0,0.0,0.0,0.0
4932.YIL088C,0.028452783758843435,0.002021257241281617,0.4583804045707763,0.0,5.3883921841597725e-05,0.0,0.0,0.0,0.0,0.0,0.0,0.0,0.0,0.0
4932.YDR195W,0.01030452168563519,0.001434684110241431,0.43893546441470715,0.0,6.733554662943264e-06,0.0,0.0,0.0,0.0,0.0,0.0,0.0,0.0,0.0
4932.YGR141W,0.01476468778837281,0.0017850000892990767,0.44835442042333024,0.0,2.1189072392108092e-05,0.0,0.0,0.0,0.0,0.0,0.0,0.0,0.0,0.0
4932.YER182W,0.015072285450630576,0.0010569488906885945,0.42979037073849624,0.0,3.663091773075087e-05,0.0,0.0,0.0,0.0,0.0,0.0,0.0,0.0,0.0
4932.YOL078W,0.019378652722239313,0.002242969791386617,0.4516891849850775,0.0,1.9727109773384494e-05,0.0,0.0,0.0,0.0,0.0,0.0,0.0,0.0,0.0
4932.YBR235W,0.01384189480159951,0.0015475036750297567,0.4461074155701857,0.0,1.479334434806927e-05,0.0,0.0,0.0,0.0,0.0,0.0,0.0,0.0,0.0
4932.YDR262W,0.04029529375576746,0.005076193083362499,0.47656770188451225,0.0,0.00015687441438036524,0.0,0.0,0.0,0.0,0.0,0.0,0.0,0.0,0.0
4932.YGL229C,0.014610888957243925,0.0016345407491240827,0.4483234866286273,0.0,3.473960473258085e-05,0.0,0.0,0.0,0.0,0.0,0.0,0.0,0.0,0.0
4932.YOR384W,0.017379267917563827,0.0011685828406870677,0.44412552902708796,0.0,0.00010154486228536151,0.0,0.0,0.0,0.0,0.0,0.0,0.0,0.0,0.0
4932.YOR054C,0.040756690249154105,0.004527971421914532,0.4724100774405907,0.0,0.0001380052532011141,0.0,0.0,0.0,0.0,0.0,0.0,0.0,0.0,0.0
4932.YGL252C,0.01922485389111043,0.00237748987907292,0.4581218707836523,0.0,2.3413358742215876e-05,0.0,0.0,0.0,0.0,0.0,0.0,0.0,0.0,0.0
4932.YDL037C,0.018148262073208243,0.0027223635764465357,0.45657677172536004,0.0,4.1800233164401855e-05,0.0,0.0,0.0,0.0,0.0,0.0,0.0,0.0,0.0
4932.YKR099W,0.08735773608120578,0.01568299094087961,0.49204911518971106,0.0,0.00028177827364517867,0.0,0.0,0.0,0.0,0.0,0.0,0.0,0.0,0.0
4932.YDR018C,0.058597354660104586,0.00563849509401493,0.4838061659738906,0.0,0.00029836000305514263,0.0,0.0,0.0,0.0,0.0,0.0,0.0,0.0,0.0
4932.YGL021W,0.020455244540141495,0.002528239064685349,0.4523180158147936,0.0,5.1919518535977166e-05,0.0,0.0,0.0,0.0,0.0,0.0,0.0,0.0,0.0
4932.YAL051W,0.013072900645955092,0.0018455197703192276,0.4473358539994028,0.0,1.0053555595968133e-05,0.0,0.0,0.0,0.0,0.0,0.0,0.0,0.0,0.0
4932.YKL124W,0.017994463242079362,0.0013279628024562313,0.4550101964284941,0.0,6.9759743787453e-05,0.0,0.0,0.0,0.0,0.0,0.0,0.0,0.0,0.0
4932.YBR204C,0.03814211011996309,0.004441014248318947,0.4663413675323184,0.0,0.00011125613042005627,0.0,0.0,0.0,0.0,0.0,0.0,0.0,0.0,0.0
4932.YNR031C,0.024607812980621348,0.002587480858056916,0.45383437737081467,0.0,2.1896690661466032e-05,0.0,0.0,0.0,0.0,0.0,0.0,0.0,0.0,0.0
4932.YOR032C,0.024454014149492467,0.0024069146120542,0.46094918175465166,0.0,8.807046488118535e-05,0.0,0.0,0.0,0.0,0.0,0.0,0.0,0.0,0.0
4932.YMR078C,0.048292832974469395,0.005101468132107067,0.4659066907001738,0.0,6.284565411406933e-05,0.0,0.0,0.0,0.0,0.0,0.0,0.0,0.0,0.0
4932.YJR049C,0.024915410642879117,0.003008630355715789,0.458218786770702,0.0,3.4875292782894026e-05,0.0,0.0,0.0,0.0,0.0,0.0,0.0,0.0,0.0
4932.YGR217W,0.06690249154106429,0.007853299383846789,0.4820832862375046,0.0,0.000402381224501062,0.0,0.0,0.0,0.0,0.0,0.0,0.0,0.0,0.0
4932.YBL066C,0.026299600123039068,0.003059779506089066,0.4659066907001738,0.0,0.00016502336944235345,0.0,0.0,0.0,0.0,0.0,0.0,0.0,0.0,0.0
4932.YER054C,0.05059981544140265,0.004056437435034455,0.4737187880145312,0.0,0.00017524501590979551,0.0,0.0,0.0,0.0,0.0,0.0,0.0,0.0,0.0
4932.YBR148W,0.013380498308212859,0.000626694153058457,0.43288259377758476,0.0,3.1727622293560204e-05,0.0,0.0,0.0,0.0,0.0,0.0,0.0,0.0,0.0
4932.YCL048W,0.03183635804367887,0.00430403325795294,0.46607377816635526,0.0,0.00028162024292487017,0.0,0.0,0.0,0.0,0.0,0.0,0.0,0.0,0.0
4932.YBL010C,0.005536757920639804,0.0004920285276953936,0.41680568410489577,0.0,3.309502629590313e-06,0.0,0.0,0.0,0.0,0.0,0.0,0.0,0.0,0.0
4932.YJR150C,0.03998769609350969,0.007357133370729724,0.47856831751328066,0.0,0.0003364517472492504,0.0,0.0,0.0,0.0,0.0,0.0,0.0,0.0,0.0
4932.YAL067C,0.02860658258997232,0.0016780793724050782,0.4595474268172082,0.0,0.00020369077421600313,0.0,0.0,0.0,0.0,0.0,0.0,0.0,0.0,0.0
4932.YDR446W,0.014610888957243925,0.0007625762541267867,0.43613669475772365,0.0,6.111444329813454e-05,0.0,0.0,0.0,0.0,0.0,0.0,0.0,0.0,0.0
4932.YGL230C,0.00492156259612427,0.00018160576709654548,0.3844060941312899,0.0,3.0754595321330928e-06,0.0,0.0,0.0,0.0,0.0,0.0,0.0,0.0,0.0
4932.YGL138C,0.012919101814826209,0.000437705858131378,0.4154466220315405,0.0,8.491775958516216e-05,0.0,0.0,0.0,0.0,0.0,0.0,0.0,0.0,0.0
4932.YGL170C,0.015379883112888343,0.0006310779234415826,0.42604252656670105,0.0,7.43158995714034e-05,0.0,0.0,0.0,0.0,0.0,0.0,0.0,0.0,0.0
4932.YKL221W,0.026145801291910183,0.0014259616918779136,0.46371231108223254,0.0,0.0003574721474093781,0.0,0.0,0.0,0.0,0.0,0.0,0.0,0.0,0.0
4932.YJL038C,0.012611504152568441,0.0005471832578186367,0.42060978802481225,0.0,2.1318737142043228e-05,0.0,0.0,0.0,0.0,0.0,0.0,0.0,0.0,0.0
4932.YDL103C,0.029836973239003386,0.003958592515996522,0.4629524519232919,0.0,5.2414352381216285e-05,0.0,0.0,0.0,0.0,0.0,0.0,0.0,0.0,0.0
4932.YOL091W,0.021685635189172565,0.0012319443364668112,0.4589631738377825,0.0,0.00016262031621759897,0.0,0.0,0.0,0.0,0.0,0.0,0.0,0.0,0.0
4932.YJL037W,0.01076591817902184,0.0005130347293310236,0.4185777257920204,0.0,1.1936436307098852e-05,0.0,0.0,0.0,0.0,0.0,0.0,0.0,0.0,0.0
4932.YBR250W,0.012611504152568441,0.0005035066664999343,0.4222222621959275,0.0,5.8673108603664716e-05,0.0,0.0,0.0,0.0,0.0,0.0,0.0,0.0,0.0
4932.YPR078C,0.012303906490310674,0.0004485595384512501,0.414386876806028,0.0,4.872379551098111e-05,0.0,0.0,0.0,0.0,0.0,0.0,0.0,0.0,0.0
4932.YOR242C,0.017379267917563827,0.001402602919391073,0.4553928527013333,0.0,7.508769397283351e-05,0.0,0.0,0.0,0.0,0.0,0.0,0.0,0.0,0.0
4932.YOR214C,0.012303906490310674,0.0004989192062339052,0.4149690666833977,0.0,3.5305636390043895e-05,0.0,0.0,0.0,0.0,0.0,0.0,0.0,0.0,0.0
4932.YGL089C,0.02383881882497693,0.0025252423139403716,0.4684931950393168,0.0,0.00038453587687120355,0.0,0.0,0.0,0.0,0.0,0.0,0.0,0.0,0.0
4932.YJL043W,0.003998769609350969,0.00019325257981829167,0.38602748263502196,0.0,9.166869966125839e-07,0.0,0.0,0.0,0.0,0.0,0.0,0.0,0.0,0.0
4932.YOR177C,0.017379267917563827,0.0007165621938150076,0.4335758067121722,0.0,7.032172573607413e-05,0.0,0.0,0.0,0.0,0.0,0.0,0.0,0.0,0.0
4932.YGR273C,0.008458935712088589,0.0003438854400976836,0.4081402308394777,0.0,1.680766591634403e-05,0.0,0.0,0.0,0.0,0.0,0.0,0.0,0.0,0.0
4932.YDR218C,0.018148262073208243,0.001580582037322911,0.4546918070950476,0.0,4.488638022897586e-05,0.0,0.0,0.0,0.0,0.0,0.0,0.0,0.0,0.0
4932.YOR313C,0.010612119347892957,0.0005098909418820381,0.4270785813470473,0.0,4.3028968949104236e-05,0.0,0.0,0.0,0.0,0.0,0.0,0.0,0.0,0.0
4932.YER084W-A,0.002153183635804368,5.7954363358108516e-05,0.35554829367450885,0.0,0.0,0.0,0.0,0.0,0.0,0.0,0.0,0.0,0.0,0.0
4932.YOL047C,0.006767148569670871,0.0004095459107244535,0.41327994754152036,0.0,3.520938073346306e-06,0.0,0.0,0.0,0.0,0.0,0.0,0.0,0.0,0.0
4932.YJL160C,0.014610888957243925,0.0009855340825351312,0.4444900892807528,0.0,7.808260992745762e-05,0.0,0.0,0.0,0.0,0.0,0.0,0.0,0.0,0.0
4932.YPL130W,0.011842509996924024,0.0005053446710835861,0.4159785298761491,0.0,2.975107678080673e-05,0.0,0.0,0.0,0.0,0.0,0.0,0.0,0.0,0.0
4932.YDR403W,0.024607812980621348,0.00243820674944281,0.4653061665016344,0.0,0.00011901969612987264,0.0,0.0,0.0,0.0,0.0,0.0,0.0,0.0,0.0
4932.YOR255W,0.015226084281759459,0.000606031704778289,0.429024205413662,0.0,0.0001048803609338319,0.0,0.0,0.0,0.0,0.0,0.0,0.0,0.0,0.0
4932.YDR042C,0.009227929867733006,0.00038618527500979607,0.410382759580354,0.0,2.0869103719278598e-05,0.0,0.0,0.0,0.0,0.0,0.0,0.0,0.0,0.0
4932.YPR077C,0.002460781298062135,4.8916503829582876e-05,0.3477842333116744,0.0,2.931295940514782e-08,0.0,0.0,0.0,0.0,0.0,0.0,0.0,0.0,0.0
4932.YBR045C,0.013534297139341742,0.0007829175920478305,0.43305568911664943,0.0,2.949295300581877e-05,0.0,0.0,0.0,0.0,0.0,0.0,0.0,0.0,0.0
4932.YGR260W,0.024454014149492467,0.0019765399454325524,0.45478727709933686,0.0,9.689511102287873e-05,0.0,0.0,0.0,0.0,0.0,0.0,0.0,0.0,0.0
4932.YPL027W,0.007382343894186405,0.0003161720935866023,0.4010863906669542,0.0,1.31243180817625e-05,0.0,0.0,0.0,0.0,0.0,0.0,0.0,0.0,0.0
4932.YBR076W,0.017686865579821593,0.0007767047659093789,0.43731076217749004,0.0,0.00037547816563563856,0.0,0.0,0.0,0.0,0.0,0.0,0.0,0.0,0.0
4932.YLR012C,0.010150722854506307,0.0003259652189815533,0.4085764974343137,0.0,2.1491112688288237e-05,0.0,0.0,0.0,0.0,0.0,0.0,0.0,0.0,0.0
4932.YOL024W,0.014149492463857275,0.0004902256116320354,0.43184692066161523,0.0,0.00014111293273591242,0.0,0.0,0.0,0.0,0.0,0.0,0.0,0.0,0.0
4932.YPL121C,0.018609658566594894,0.0016708520777596063,0.4601005887697603,0.0,0.0003239530255220776,0.0,0.0,0.0,0.0,0.0,0.0,0.0,0.0,0.0
4932.YHR185C,0.011381113503537373,0.0004047439460580174,0.4081915079587489,0.0,0.00024925212078278096,0.0,0.0,0.0,0.0,0.0,0.0,0.0,0.0,0.0
4932.YGL015C,0.009227929867733006,0.00030539182910077145,0.39489520602827866,0.0,3.0172534795978886e-05,0.0,0.0,0.0,0.0,0.0,0.0,0.0,0.0,0.0
4932.YLR307W,0.039833897262380805,0.0034508797172675895,0.4763580833659794,0.0,0.0002442032813322192,0.0,0.0,0.0,0.0,0.0,0.0,0.0,0.0,0.0
4932.YFL012W,0.011381113503537373,0.0004888061936259654,0.41811985169521426,0.0,1.734728119518313e-05,0.0,0.0,0.0,0.0,0.0,0.0,0.0,0.0,0.0
4932.YLR445W,0.013534297139341742,0.00045016767396907387,0.42556818489719855,0.0,0.00012699550353106415,0.0,0.0,0.0,0.0,0.0,0.0,0.0,0.0,0.0
4932.YOL162W,0.014149492463857275,0.0009120557573207678,0.43860955890619807,0.0,5.334145498297142e-05,0.0,0.0,0.0,0.0,0.0,0.0,0.0,0.0,0.0
4932.YKR019C,0.023685019993848047,0.0026308663230725704,0.4574446050823882,0.0,4.89212231119513e-05,0.0,0.0,0.0,0.0,0.0,0.0,0.0,0.0,0.0
4932.YGR059W,0.024146416487234697,0.0018058862761240468,0.46189938976367106,0.0,0.0001479293435971081,0.0,0.0,0.0,0.0,0.0,0.0,0.0,0.0,0.0
4932.YIR013C,0.02060904337127038,0.0019028786415657831,0.4615057255110316,0.0,0.0006148322183365397,0.0,0.0,0.0,0.0,0.0,0.0,0.0,0.0,0.0
4932.YML066C,0.006459550907413104,0.00025669459309656456,0.401507699900848,0.0,1.015256757542833e-05,0.0,0.0,0.0,0.0,0.0,0.0,0.0,0.0,0.0
4932.YLR004C,0.015226084281759459,0.0011180380928489922,0.43807730163792385,0.0,3.7586392852453336e-05,0.0,0.0,0.0,0.0,0.0,0.0,0.0,0.0,0.0
4932.YMR017W,0.03291294986158105,0.0023007012165667906,0.46872975656029175,0.0,0.0003009362065818685,0.0,0.0,0.0,0.0,0.0,0.0,0.0,0.0,0.0
4932.YLL004W,0.030759766225776686,0.003820773548553718,0.45481910934383174,0.0,7.313532897871842e-05,0.0,0.0,0.0,0.0,0.0,0.0,0.0,0.0,0.0
4932.YEL032W,0.06644109504767765,0.010443411247154975,0.47902695283415586,0.0,0.00011886918963911399,0.0,0.0,0.0,0.0,0.0,0.0,0.0,0.0,0.0
4932.YDR026C,0.017533066748692712,0.002659810549208586,0.44285426396751343,0.0,2.570884505533516e-05,0.0,0.0,0.0,0.0,0.0,0.0,0.0,0.0,0.0
4932.YML093W,0.10504460166102739,0.025770070152069197,0.49030412851394584,0.0,0.0003155115237551762,0.0,0.0,0.0,0.0,0.0,0.0,0.0,0.0,0.0
4932.YER144C,0.016917871424177177,0.002151851882177706,0.4528223425223223,0.0,1.870795065044947e-05,0.0,0.0,0.0,0.0,0.0,0.0,0.0,0.0,0.0
4932.YNL272C,0.024915410642879117,0.002218548015903447,0.4537709926812377,0.0,4.9140647859897884e-05,0.0,0.0,0.0,0.0,0.0,0.0,0.0,0.0,0.0
4932.YLR129W,0.10935096893263611,0.026884356399313986,0.49268334333120967,0.0,0.00015412039018329195,0.0,0.0,0.0,0.0,0.0,0.0,0.0,0.0,0.0
4932.YDL112W,0.11304214087972932,0.02716524959229199,0.49429488933480337,0.0,0.00017107618114178304,0.0,0.0,0.0,0.0,0.0,0.0,0.0,0.0,0.0
4932.YJR138W,0.022762227007074746,0.0025959417107949035,0.4530117551028531,0.0,2.0234949605586835e-05,0.0,0.0,0.0,0.0,0.0,0.0,0.0,0.0,0.0
4932.YKR008W,0.035681328821900955,0.004743078934000025,0.45860686111901505,0.0,5.243337011347591e-05,0.0,0.0,0.0,0.0,0.0,0.0,0.0,0.0,0.0
4932.YHR196W,0.09966164257151647,0.025149582240138992,0.4870334743813015,0.0,0.0002014383200036635,0.0,0.0,0.0,0.0,0.0,0.0,0.0,0.0,0.0
4932.YDR110W,0.028452783758843435,0.004603027492457099,0.44829255710212657,0.0,2.2423483059912744e-05,0.0,0.0,0.0,0.0,0.0,0.0,0.0,0.0,0.0
4932.YPL009C,0.04352506920947401,0.007950719471552481,0.4700861329085817,0.0,9.885943135680822e-05,0.0,0.0,0.0,0.0,0.0,0.0,0.0,0.0,0.0
4932.YGL130W,0.030759766225776686,0.004242717341769921,0.4615057255110316,0.0,4.4694885076452615e-05,0.0,0.0,0.0,0.0,0.0,0.0,0.0,0.0,0.0
4932.YJL098W,0.057982159335589055,0.013170282218868195,0.46802078761130256,0.0,0.00017115594628973855,0.0,0.0,0.0,0.0,0.0,0.0,0.0,0.0,0.0
4932.YPL022W,0.04275607505382959,0.004075724832308451,0.46563959979902003,0.0,8.347332919405173e-05,0.0,0.0,0.0,0.0,0.0,0.0,0.0,0.0,0.0
4932.YDL148C,0.10996616425715165,0.026342567068271466,0.4947465064104861,0.0,0.0002780229639692426,0.0,0.0,0.0,0.0,0.0,0.0,0.0,0.0,0.0
4932.YDR496C,0.12073208243617349,0.029555373300915483,0.49682702157621567,0.0,0.0003304753452192357,0.0,0.0,0.0,0.0,0.0,0.0,0.0,0.0,0.0
4932.YDL167C,0.07828360504460166,0.018113871020241524,0.47562586848157845,0.0,0.0001175929507431276,0.0,0.0,0.0,0.0,0.0,0.0,0.0,0.0,0.0
4932.YIL091C,0.07582282374653954,0.018567508716272527,0.47203258863833536,0.0,9.617363266085218e-05,0.0,0.0,0.0,0.0,0.0,0.0,0.0,0.0,0.0
4932.YDR266C,0.027991387265456785,0.00598610336813291,0.45332779511618004,0.0,1.689865217266931e-05,0.0,0.0,0.0,0.0,0.0,0.0,0.0,0.0,0.0
4932.YOR322C,0.017225469086434943,0.001621592353189308,0.45203482540489215,0.0,2.376402176065623e-05,0.0,0.0,0.0,0.0,0.0,0.0,0.0,0.0,0.0
4932.YJL203W,0.05690556751768687,0.01031973180600666,0.47531275072747603,0.0,0.00012678665020175183,0.0,0.0,0.0,0.0,0.0,0.0,0.0,0.0,0.0
4932.YDR173C,0.01876345739772378,0.002100961065473473,0.4588659427438263,0.0,0.00012540324063571473,0.0,0.0,0.0,0.0,0.0,0.0,0.0,0.0,0.0
4932.YIL104C,0.057059366348815754,0.014115011556372884,0.46196506577529683,0.0,2.9892214563494736e-05,0.0,0.0,0.0,0.0,0.0,0.0,0.0,0.0,0.0
4932.YLR410W,0.02814518609658567,0.0041604691979012015,0.4584127418127213,0.0,7.970494348664796e-05,0.0,0.0,0.0,0.0,0.0,0.0,0.0,0.0,0.0
4932.YJL083W,0.02153183635804368,0.002467240791483053,0.45603204542040315,0.0,2.985969391826131e-05,0.0,0.0,0.0,0.0,0.0,0.0,0.0,0.0,0.0
4932.YDR324C,0.10150722854506307,0.02564362585234805,0.4880210751179365,0.0,0.00010621013028868024,0.0,0.0,0.0,0.0,0.0,0.0,0.0,0.0,0.0
4932.YGL238W,0.0556751768686558,0.010553582996752168,0.47434123769584097,0.0,8.292570818294273e-05,0.0,0.0,0.0,0.0,0.0,0.0,0.0,0.0,0.0
4932.YKL108W,0.05336819440172255,0.010212011366624798,0.47289139183431517,0.0,0.00011918310435976606,0.0,0.0,0.0,0.0,0.0,0.0,0.0,0.0,0.0
4932.YDR081C,0.01476468778837281,0.0017540909156172645,0.4473974535386481,0.0,2.1421588478442897e-05,0.0,0.0,0.0,0.0,0.0,0.0,0.0,0.0,0.0
4932.YDR052C,0.052599200246078136,0.005326676202794008,0.47069906665666966,0.0,0.00018952487159866523,0.0,0.0,0.0,0.0,0.0,0.0,0.0,0.0,0.0
4932.YPR112C,0.08581974776991695,0.02201993613194899,0.480834735473977,0.0,7.038072981157252e-05,0.0,0.0,0.0,0.0,0.0,0.0,0.0,0.0,0.0
4932.YMR093W,0.127960627499231,0.029180335052232338,0.5011955738677458,0.0,0.0003965229585167354,0.0,0.0,0.0,0.0,0.0,0.0,0.0,0.0,0.0
4932.YPL217C,0.11442633035988928,0.02740944095700871,0.49659920635806837,0.0,0.00017161814120185745,0.0,0.0,0.0,0.0,0.0,0.0,0.0,0.0,0.0
4932.YKR063C,0.052599200246078136,0.012438155305014001,0.4633485892181492,0.0,3.471751356502575e-05,0.0,0.0,0.0,0.0,0.0,0.0,0.0,0.0,0.0
4932.YNL313C,0.08997231621039681,0.02187653387240221,0.4825845239654901,0.0,9.897878101244704e-05,0.0,0.0,0.0,0.0,0.0,0.0,0.0,0.0,0.0
4932.YFR046C,0.007689941556444172,0.0004005018098909177,0.4088850122826154,0.0,1.2872089779715414e-05,0.0,0.0,0.0,0.0,0.0,0.0,0.0,0.0,0.0
4932.YOR258W,0.017994463242079362,0.002325323525328262,0.4524124914847403,0.0,1.7714260079137866e-05,0.0,0.0,0.0,0.0,0.0,0.0,0.0,0.0,0.0
4932.YDR120C,0.0908951091971701,0.02233179454364574,0.4858318216968467,0.0,0.00017841290589197965,0.0,0.0,0.0,0.0,0.0,0.0,0.0,0.0,0.0
4932.YKL033W,0.058597354660104586,0.008202798531884619,0.47870934250739094,0.0,0.0005400888722173121,0.0,0.0,0.0,0.0,0.0,0.0,0.0,0.0,0.0
4932.YOR188W,0.025838203629652418,0.003535682497037396,0.45718712553263385,0.0,1.625338827973244e-05,0.0,0.0,0.0,0.0,0.0,0.0,0.0,0.0,0.0
4932.YFR028C,0.08382036296524147,0.011123466950632065,0.4858681482873729,0.0,0.0003350792094475255,0.0,0.0,0.0,0.0,0.0,0.0,0.0,0.0,0.0
4932.YGL179C,0.015841279606274992,0.0013504731306239648,0.4461380442976536,0.0,4.050922112653615e-05,0.0,0.0,0.0,0.0,0.0,0.0,0.0,0.0,0.0
4932.YGL111W,0.09304829283297447,0.02488281124867915,0.4844915460181423,0.0,5.656876626694131e-05,0.0,0.0,0.0,0.0,0.0,0.0,0.0,0.0,0.0
4932.YDR017C,0.03275915103045217,0.003413000670182396,0.4658398892533748,0.0,8.445932088705003e-05,0.0,0.0,0.0,0.0,0.0,0.0,0.0,0.0,0.0
4932.YDL042C,0.05967394647800677,0.008660912319630624,0.48579550053792797,0.0,0.00027562344014165946,0.0,0.0,0.0,0.0,0.0,0.0,0.0,0.0,0.0
4932.YPL215W,0.036604121808674256,0.0057315838675457,0.4583157437717114,0.0,4.609270073630357e-05,0.0,0.0,0.0,0.0,0.0,0.0,0.0,0.0,0.0
4932.YMR259C,0.040756690249154105,0.009905497824041916,0.45465999266689927,0.0,2.516488762021908e-05,0.0,0.0,0.0,0.0,0.0,0.0,0.0,0.0,0.0
4932.YDR301W,0.03921870193786527,0.005799150516130838,0.4653061665016344,0.0,6.236298137146667e-05,0.0,0.0,0.0,0.0,0.0,0.0,0.0,0.0,0.0
4932.YIL026C,0.036604121808674256,0.004683119769282203,0.4643750886296952,0.0,5.1427279890847804e-05,0.0,0.0,0.0,0.0,0.0,0.0,0.0,0.0,0.0
4932.YER127W,0.09843125192248539,0.024060179894493206,0.487837884023673,0.0,0.0001403858044347644,0.0,0.0,0.0,0.0,0.0,0.0,0.0,0.0,0.0
4932.YOL124C,0.08858812673023686,0.02160969093000797,0.48262036654748397,0.0,8.910599528908983e-05,0.0,0.0,0.0,0.0,0.0,0.0,0.0,0.0,0.0
4932.YHR085W,0.07136265764380191,0.018506926898963518,0.4734771651993096,0.0,3.927549868526636e-05,0.0,0.0,0.0,0.0,0.0,0.0,0.0,0.0,0.0
4932.YDR299W,0.10289141802522302,0.024492314263563738,0.4905632353310679,0.0,0.00021987331449540323,0.0,0.0,0.0,0.0,0.0,0.0,0.0,0.0,0.0
4932.YKL025C,0.015841279606274992,0.0017408983847048485,0.44470302595095296,0.0,1.1404217291376674e-05,0.0,0.0,0.0,0.0,0.0,0.0,0.0,0.0,0.0
4932.YKL014C,0.08781913257459244,0.0211630763046369,0.48040814839533674,0.0,9.685469512677864e-05,0.0,0.0,0.0,0.0,0.0,0.0,0.0,0.0,0.0
4932.YBL032W,0.0982774530913565,0.01563901272378481,0.49485953965389723,0.0,0.001229826767723395,0.0,0.0,0.0,0.0,0.0,0.0,0.0,0.0,0.0
4932.YLR409C,0.12688403568132883,0.03006650682086182,0.5015437338063696,0.0,0.0002220072874166113,0.0,0.0,0.0,0.0,0.0,0.0,0.0,0.0,0.0
4932.YIL130W,0.050138418948015996,0.007165668076943672,0.4735461751344793,0.0,0.00013120508593352344,0.0,0.0,0.0,0.0,0.0,0.0,0.0,0.0,0.0
4932.YMR049C,0.12119347892956014,0.03015454313473546,0.4997693135821662,0.0,0.00019244468602228672,0.0,0.0,0.0,0.0,0.0,0.0,0.0,0.0,0.0
4932.YNL022C,0.10919717010150723,0.026579491306457505,0.49257130194021564,0.0,0.0001534680255222309,0.0,0.0,0.0,0.0,0.0,0.0,0.0,0.0,0.0
4932.YBR247C,0.11673331282682252,0.029454274382518505,0.49667512154668847,0.0,0.0001647888485004837,0.0,0.0,0.0,0.0,0.0,0.0,0.0,0.0,0.0
4932.YFR013W,0.020916641033528145,0.0026148396029476444,0.45815417155716875,0.0,7.026971422184073e-05,0.0,0.0,0.0,0.0,0.0,0.0,0.0,0.0,0.0
4932.YNR003C,0.07382343894186405,0.017665584344855788,0.4738569689488314,0.0,0.0001610907083489022,0.0,0.0,0.0,0.0,0.0,0.0,0.0,0.0,0.0
4932.YOR048C,0.09904644724700093,0.021257516922382497,0.49104516097599366,0.0,0.00015787679798011728,0.0,0.0,0.0,0.0,0.0,0.0,0.0,0.0,0.0
4932.YPR137W,0.09658566594893879,0.024342963704626314,0.48351816468452447,0.0,0.00010700593464619048,0.0,0.0,0.0,0.0,0.0,0.0,0.0,0.0,0.0
4932.YCR042C,0.03322054752383882,0.004280965331819644,0.4611127317056007,0.0,8.259954478237827e-05,0.0,0.0,0.0,0.0,0.0,0.0,0.0,0.0,0.0
4932.YMR285C,0.01122731467240849,0.0025322709740894065,0.42702244957582475,0.0,3.696465479969017e-06,0.0,0.0,0.0,0.0,0.0,0.0,0.0,0.0,0.0
4932.YOR217W,0.061211934789295604,0.010581027504986542,0.4737533256922809,0.0,7.803096977990168e-05,0.0,0.0,0.0,0.0,0.0,0.0,0.0,0.0,0.0
4932.YGR274C,0.03629652414641649,0.004714254880268679,0.4648401613273714,0.0,3.8905473316815816e-05,0.0,0.0,0.0,0.0,0.0,0.0,0.0,0.0,0.0
4932.YOR144C,0.061827130113811135,0.008517906470841911,0.47382241615832904,0.0,0.00011522404945475734,0.0,0.0,0.0,0.0,0.0,0.0,0.0,0.0,0.0
4932.YPL016W,0.05059981544140265,0.006716121932941026,0.4749653252828978,0.0,9.208699944226845e-05,0.0,0.0,0.0,0.0,0.0,0.0,0.0,0.0,0.0
4932.YDR312W,0.07505382959089511,0.01906241442184982,0.4758696898714994,0.0,3.300912661145498e-05,0.0,0.0,0.0,0.0,0.0,0.0,0.0,0.0,0.0
4932.YGL083W,0.006305752076284221,0.0005634630737908636,0.41335881776051686,0.0,2.046636498042002e-06,0.0,0.0,0.0,0.0,0.0,0.0,0.0,0.0,0.0
4932.YML096W,0.05229160258382037,0.010873292306729631,0.4701541578174752,0.0,7.499001497327078e-05,0.0,0.0,0.0,0.0,0.0,0.0,0.0,0.0,0.0
4932.YOR233W,0.06151953245155337,0.009141668753044086,0.4806924556291851,0.0,0.00014146171952371205,0.0,0.0,0.0,0.0,0.0,0.0,0.0,0.0,0.0
4932.YLR336C,0.06721008920332205,0.017300245365671943,0.4711085779159954,0.0,4.647072356909475e-05,0.0,0.0,0.0,0.0,0.0,0.0,0.0,0.0,0.0
4932.YNL224C,0.035066133497385424,0.006540804087519228,0.46075307489153544,0.0,4.000936649375876e-05,0.0,0.0,0.0,0.0,0.0,0.0,0.0,0.0,0.0
4932.YDR165W,0.1039680098431252,0.024806944623699985,0.49193736204067867,0.0,0.0002490372691162478,0.0,0.0,0.0,0.0,0.0,0.0,0.0,0.0,0.0
4932.YPL279C,0.06290372193171333,0.00939209673678766,0.4850340087478782,0.0,0.00015543433291958828,0.0,0.0,0.0,0.0,0.0,0.0,0.0,0.0,0.0
4932.YBR060C,0.04244847739157183,0.005650379791037013,0.46404346320040885,0.0,5.851883001790813e-05,0.0,0.0,0.0,0.0,0.0,0.0,0.0,0.0,0.0
4932.YBR049C,0.03629652414641649,0.005104930269772114,0.4621622059171639,0.0,5.7129575350666755e-05,0.0,0.0,0.0,0.0,0.0,0.0,0.0,0.0,0.0
4932.YDL171C,0.07090126115041526,0.012470043671541977,0.4849254190444272,0.0,0.00014876180773552204,0.0,0.0,0.0,0.0,0.0,0.0,0.0,0.0,0.0
4932.YPR135W,0.06628729621654876,0.008463032327783594,0.47948646806340944,0.0,0.00016699548791291994,0.0,0.0,0.0,0.0,0.0,0.0,0.0,0.0,0.0
4932.YNL290W,0.07228545063057522,0.012087806285464301,0.4801596553015093,0.0,0.00016024219026025127,0.0,0.0,0.0,0.0,0.0,0.0,0.0,0.0,0.0
4932.YPL216W,0.01661027376191941,0.0022881688893521177,0.44412552902708796,0.0,1.363781443904888e-05,0.0,0.0,0.0,0.0,0.0,0.0,0.0,0.0,0.0
4932.YPL024W,0.02245462934481698,0.0026457026493082775,0.45351763087627894,0.0,4.820754127042465e-05,0.0,0.0,0.0,0.0,0.0,0.0,0.0,0.0,0.0
4932.YPL085W,0.06136573362042449,0.00747492265428724,0.476917476344611,0.0,0.00022008794219782488,0.0,0.0,0.0,0.0,0.0,0.0,0.0,0.0,0.0
4932.YFL034W,0.004306367271608736,0.0004902957667146774,0.4139117533088302,0.0,1.0543598966224282e-06,0.0,0.0,0.0,0.0,0.0,0.0,0.0,0.0,0.0
4932.YER171W,0.08489695478314366,0.01263235267234696,0.4861953322256135,0.0,0.0002825588970560329,0.0,0.0,0.0,0.0,0.0,0.0,0.0,0.0,0.0
4932.YML061C,0.05536757920639804,0.007409061212667549,0.4756955062368466,0.0,0.00012162759754990174,0.0,0.0,0.0,0.0,0.0,0.0,0.0,0.0,0.0
4932.YNL221C,0.04721624115656721,0.01120814486330565,0.4626228545632439,0.0,5.0410685184641176e-05,0.0,0.0,0.0,0.0,0.0,0.0,0.0,0.0,0.0
4932.YPR161C,0.042909873884958476,0.006465582451513698,0.4664417927783594,0.0,5.679594847040263e-05,0.0,0.0,0.0,0.0,0.0,0.0,0.0,0.0,0.0
4932.YNL248C,0.11396493386650262,0.028412591033393313,0.4920863775233112,0.0,0.00028477279017587057,0.0,0.0,0.0,0.0,0.0,0.0,0.0,0.0,0.0
4932.YNL141W,0.10227622270070748,0.02323860079787044,0.49283281116384714,0.0,0.00039265924811212135,0.0,0.0,0.0,0.0,0.0,0.0,0.0,0.0,0.0
4932.YOL080C,0.09104890802829899,0.020898989276689105,0.48699697333398223,0.0,0.00014638586793513646,0.0,0.0,0.0,0.0,0.0,0.0,0.0,0.0,0.0
4932.YFL004W,0.013534297139341742,0.0017079261722739714,0.44626060127706374,0.0,3.399400281535135e-05,0.0,0.0,0.0,0.0,0.0,0.0,0.0,0.0,0.0
4932.YNL061W,0.14272531528760382,0.03391952923433724,0.5072996030287551,0.0,0.00030823551010499803,0.0,0.0,0.0,0.0,0.0,0.0,0.0,0.0,0.0
4932.YOL068C,0.04244847739157183,0.004909520684573391,0.4733736880014078,0.0,0.00017928162309843363,0.0,0.0,0.0,0.0,0.0,0.0,0.0,0.0,0.0
4932.YGR200C,0.08135958166717934,0.01935519260320075,0.48233377488088813,0.0,0.0002603701145608815,0.0,0.0,0.0,0.0,0.0,0.0,0.0,0.0,0.0
4932.YDR118W,0.024607812980621348,0.003292085621177106,0.4588659427438263,0.0,3.8332967403124606e-05,0.0,0.0,0.0,0.0,0.0,0.0,0.0,0.0,0.0
4932.YOL115W,0.04706244232543833,0.01038234181082299,0.46311742678321755,0.0,4.6556117299637064e-05,0.0,0.0,0.0,0.0,0.0,0.0,0.0,0.0,0.0
4932.YNL261W,0.04567825284527838,0.005491984778905955,0.4693052589336505,0.0,0.00010945123544104958,0.0,0.0,0.0,0.0,0.0,0.0,0.0,0.0,0.0
4932.YGL201C,0.07413103660412182,0.011046487409491886,0.48305089319025607,0.0,0.0001714207937306977,0.0,0.0,0.0,0.0,0.0,0.0,0.0,0.0,0.0
4932.YOR222W,0.01384189480159951,0.0015762800783708129,0.4343292971857045,0.0,7.2491810738547226e-06,0.0,0.0,0.0,0.0,0.0,0.0,0.0,0.0,0.0
4932.YJL069C,0.10196862503844971,0.024362157174681653,0.4914536844044263,0.0,0.00015628445357489094,0.0,0.0,0.0,0.0,0.0,0.0,0.0,0.0,0.0
4932.YKR026C,0.08012919101814826,0.020564885756436342,0.4835541460928207,0.0,0.00010509385490609872,0.0,0.0,0.0,0.0,0.0,0.0,0.0,0.0,0.0
4932.YGR093W,0.035988926484158724,0.007641543692464853,0.4509056009433991,0.0,5.521442472875151e-05,0.0,0.0,0.0,0.0,0.0,0.0,0.0,0.0,0.0
4932.YNL250W,0.0602891418025223,0.008199098138505733,0.4789916419869766,0.0,0.00018802006744369424,0.0,0.0,0.0,0.0,0.0,0.0,0.0,0.0,0.0
4932.YGR145W,0.09043371270378346,0.02301965295679545,0.48136903586897734,0.0,8.58422303547521e-05,0.0,0.0,0.0,0.0,0.0,0.0,0.0,0.0,0.0
4932.YPL012W,0.11734850815133806,0.028744823108185602,0.4976641353446676,0.0,0.00029761211865676914,0.0,0.0,0.0,0.0,0.0,0.0,0.0,0.0,0.0
4932.YJR041C,0.09074131036604122,0.02055005245975207,0.482799659350273,0.0,0.00012881866099162106,0.0,0.0,0.0,0.0,0.0,0.0,0.0,0.0,0.0
4932.YKL143W,0.10458320516764073,0.026326273193806874,0.4918256596423951,0.0,0.00011897996718629134,0.0,0.0,0.0,0.0,0.0,0.0,0.0,0.0,0.0
4932.YNL068C,0.05875115349123347,0.0077898991028467314,0.47555625111207,0.0,0.00012408921443132176,0.0,0.0,0.0,0.0,0.0,0.0,0.0,0.0,0.0
4932.YMR227C,0.022762227007074746,0.0027755286680806028,0.46013316918250424,0.0,0.00011119526664587061,0.0,0.0,0.0,0.0,0.0,0.0,0.0,0.0,0.0
4932.YHR031C,0.04998462011688711,0.007243571969936925,0.4723757353296979,0.0,7.84188500197147e-05,0.0,0.0,0.0,0.0,0.0,0.0,0.0,0.0,0.0
4932.YMR235C,0.07628422023992618,0.017470944239413307,0.48305089319025607,0.0,0.00012587146181212348,0.0,0.0,0.0,0.0,0.0,0.0,0.0,0.0,0.0
4932.YPL126W,0.109504767763765,0.025875516705365288,0.49245931149642475,0.0,0.0003215116512900609,0.0,0.0,0.0,0.0,0.0,0.0,0.0,0.0,0.0
4932.YBR284W,0.024146416487234697,0.003008042357715611,0.46104729780015075,0.0,4.741347010449929e-05,0.0,0.0,0.0,0.0,0.0,0.0,0.0,0.0,0.0
4932.YLL011W,0.1067363888034451,0.02610928022960537,0.4923846794874081,0.0,0.0001467483886945811,0.0,0.0,0.0,0.0,0.0,0.0,0.0,0.0,0.0
4932.YPL263C,0.0547523838818825,0.014719940394869714,0.4584450836175621,0.0,3.3352014503913975e-05,0.0,0.0,0.0,0.0,0.0,0.0,0.0,0.0,0.0
4932.YIL079C,0.08289756997846817,0.02181008844383858,0.476113761371287,0.0,9.202290385354353e-05,0.0,0.0,0.0,0.0,0.0,0.0,0.0,0.0,0.0
4932.YCR057C,0.11411873269763151,0.028521929303527944,0.4947465064104861,0.0,0.00013035685003056968,0.0,0.0,0.0,0.0,0.0,0.0,0.0,0.0,0.0
4932.YMR044W,0.024761611811750232,0.003447737604818999,0.4620964738440709,0.0,4.0432339677649115e-05,0.0,0.0,0.0,0.0,0.0,0.0,0.0,0.0,0.0
4932.YPL082C,0.055828975699784684,0.008579406088499797,0.47327025602296613,0.0,8.833949911617377e-05,0.0,0.0,0.0,0.0,0.0,0.0,0.0,0.0,0.0
4932.YBL067C,0.015533681944017226,0.0020859791763508497,0.44931548991808357,0.0,1.167768696009899e-05,0.0,0.0,0.0,0.0,0.0,0.0,0.0,0.0,0.0
4932.YAL019W-A,0.00030759766225776686,9.443122277696139e-07,0.30571633099013523,0.0,7.897611149440247e-07,0.0,0.0,0.0,0.0,0.0,0.0,0.0,0.0,0.0
4932.YNR032C-A,0.03798831128883421,0.005274576149688437,0.4692374794335156,0.0,0.00012676062044175097,0.0,0.0,0.0,0.0,0.0,0.0,0.0,0.0,0.0
4932.YBR042C,0.03460473700399877,0.004191927429377826,0.46657576040750515,0.0,6.379831241260014e-05,0.0,0.0,0.0,0.0,0.0,0.0,0.0,0.0,0.0
4932.YLR274W,0.07566902491541065,0.0121858341237018,0.48236958022383825,0.0,0.00010154562101700131,0.0,0.0,0.0,0.0,0.0,0.0,0.0,0.0,0.0
4932.YDR488C,0.01876345739772378,0.002425317392122016,0.45472362597587995,0.0,3.4204975176655166e-05,0.0,0.0,0.0,0.0,0.0,0.0,0.0,0.0,0.0
4932.YPL246C,0.021685635189172565,0.002607545425696079,0.4577023748112506,0.0,3.645630821622101e-05,0.0,0.0,0.0,0.0,0.0,0.0,0.0,0.0,0.0
4932.YBR246W,0.007843740387573055,0.0015059321584717808,0.4210731347327193,0.0,5.743328294930695e-06,0.0,0.0,0.0,0.0,0.0,0.0,0.0,0.0,0.0
4932.YPL054W,0.03706551830206091,0.003113050358088109,0.4680882160492238,0.0,0.0002615259706142419,0.0,0.0,0.0,0.0,0.0,0.0,0.0,0.0,0.0
4932.YER107C,0.062134727776068904,0.011939746192617293,0.473960657563481,0.0,0.00012506528159743688,0.0,0.0,0.0,0.0,0.0,0.0,0.0,0.0,0.0
4932.YMR247C,0.04275607505382959,0.007294570716460329,0.4683243686627261,0.0,8.323538950987695e-05,0.0,0.0,0.0,0.0,0.0,0.0,0.0,0.0,0.0
4932.YMR222C,0.004152568440479853,0.0006041753831563427,0.40849944145315426,0.0,1.4087354441956657e-06,0.0,0.0,0.0,0.0,0.0,0.0,0.0,0.0,0.0
4932.YAR018C,0.01614887726853276,0.0018914433181865763,0.4503431017530892,0.0,1.1796865028586454e-05,0.0,0.0,0.0,0.0,0.0,0.0,0.0,0.0,0.0
4932.YNL056W,0.012611504152568441,0.001568755709553676,0.44619931437171767,0.0,3.1526782083987445e-05,0.0,0.0,0.0,0.0,0.0,0.0,0.0,0.0,0.0
4932.YLR348C,0.036604121808674256,0.004679888861156622,0.4703243062532806,0.0,0.0003326608260715105,0.0,0.0,0.0,0.0,0.0,0.0,0.0,0.0,0.0
4932.YDR410C,0.020301445709012614,0.0029980542585442797,0.4548509460447518,0.0,0.00014900526440250796,0.0,0.0,0.0,0.0,0.0,0.0,0.0,0.0,0.0
4932.YER163C,0.011073515841279608,0.001240022609997251,0.4401246691408375,0.0,8.472380049340346e-06,0.0,0.0,0.0,0.0,0.0,0.0,0.0,0.0,0.0
4932.YMR194C-B,0.025684404798523533,0.003815493089657022,0.46872975656029175,0.0,0.0001941317370221037,0.0,0.0,0.0,0.0,0.0,0.0,0.0,0.0,0.0
4932.YNL079C,0.05690556751768687,0.007811400867795803,0.47832172360657527,0.0,0.0001923092498400807,0.0,0.0,0.0,0.0,0.0,0.0,0.0,0.0,0.0
4932.YHR115C,0.023531221162719166,0.0028451140694248566,0.4589955933598449,0.0,6.86865648769263e-05,0.0,0.0,0.0,0.0,0.0,0.0,0.0,0.0,0.0
4932.YBL071W-A,0.023531221162719166,0.00466621586921746,0.4500935523443461,0.0,1.9813478632015035e-05,0.0,0.0,0.0,0.0,0.0,0.0,0.0,0.0,0.0
4932.YML102W,0.030298369732390036,0.003400441285516507,0.45964494696154234,0.0,4.352606921692499e-05,0.0,0.0,0.0,0.0,0.0,0.0,0.0,0.0,0.0
4932.YDR067C,0.012150107659181791,0.0012230931840467904,0.44267324853159784,0.0,2.8432940698582135e-05,0.0,0.0,0.0,0.0,0.0,0.0,0.0,0.0,0.0
4932.YJL041W,0.04813903414334051,0.009527529330890554,0.46988217623800166,0.0,7.72517778767551e-05,0.0,0.0,0.0,0.0,0.0,0.0,0.0,0.0,0.0
4932.YOL066C,0.09873884958474316,0.01888363217180464,0.4940693898414937,0.0,0.0003229722045364474,0.0,0.0,0.0,0.0,0.0,0.0,0.0,0.0,0.0
4932.YMR138W,0.017225469086434943,0.0025294439959872225,0.44962639186239445,0.0,2.6384312454103826e-05,0.0,0.0,0.0,0.0,0.0,0.0,0.0,0.0,0.0
4932.YGR144W,0.01968625038449708,0.0014462956860711565,0.44370096382351143,0.0,6.965352231857471e-05,0.0,0.0,0.0,0.0,0.0,0.0,0.0,0.0,0.0
4932.YHR199C-A,0.0004613964933866503,1.552091032176816e-05,0.32981426328267816,0.0,3.229056230694989e-08,0.0,0.0,0.0,0.0,0.0,0.0,0.0,0.0,0.0
4932.YOR269W,0.025069209474007998,0.0035242739884661267,0.45854213641911823,0.0,4.9586816299707546e-05,0.0,0.0,0.0,0.0,0.0,0.0,0.0,0.0,0.0
4932.YFR002W,0.05921254998462012,0.011333747647304349,0.4766725803400326,0.0,8.38414356681173e-05,0.0,0.0,0.0,0.0,0.0,0.0,0.0,0.0,0.0
4932.YOL133W,0.061827130113811135,0.009917775050111502,0.48344621792986564,0.0,0.0001525627972425707,0.0,0.0,0.0,0.0,0.0,0.0,0.0,0.0,0.0
4932.YOR239W,0.04890802829898493,0.010589651982062354,0.46580649571292654,0.0,8.959829043461001e-05,0.0,0.0,0.0,0.0,0.0,0.0,0.0,0.0,0.0
4932.YJR141W,0.015226084281759459,0.001646492792896801,0.4435798085326865,0.0,5.568442806094518e-05,0.0,0.0,0.0,0.0,0.0,0.0,0.0,0.0,0.0
4932.YOR381W,0.016302676099661642,0.0013028845179761672,0.4469051317190732,0.0,2.3575702194813838e-05,0.0,0.0,0.0,0.0,0.0,0.0,0.0,0.0,0.0
4932.YKL191W,0.06444171024300216,0.015845819205183624,0.47069906665666966,0.0,8.683833300527872e-05,0.0,0.0,0.0,0.0,0.0,0.0,0.0,0.0,0.0
4932.YPL067C,0.008151338049830821,0.0008868523877003308,0.4386983942205863,0.0,2.342647438839953e-05,0.0,0.0,0.0,0.0,0.0,0.0,0.0,0.0,0.0
4932.YDL039C,0.018148262073208243,0.003139034989564404,0.44458132287871677,0.0,3.825208699519765e-05,0.0,0.0,0.0,0.0,0.0,0.0,0.0,0.0,0.0
4932.YJL097W,0.025838203629652418,0.0033039439277298926,0.4602309381114332,0.0,5.898839974283124e-05,0.0,0.0,0.0,0.0,0.0,0.0,0.0,0.0,0.0
4932.YGR271W,0.04567825284527838,0.007925848780019125,0.46825687217664663,0.0,6.343998398805782e-05,0.0,0.0,0.0,0.0,0.0,0.0,0.0,0.0,0.0
4932.YGL178W,0.06459550907413104,0.010291723007858484,0.475730332761939,0.0,0.0003450349020287575,0.0,0.0,0.0,0.0,0.0,0.0,0.0,0.0,0.0
4932.YNL283C,0.01922485389111043,0.002319530692442285,0.4538660763564521,0.0,2.5236518507768443e-05,0.0,0.0,0.0,0.0,0.0,0.0,0.0,0.0,0.0
4932.YCL028W,0.017686865579821593,0.0028925274400371814,0.45178339812245877,0.0,1.288108728198693e-05,0.0,0.0,0.0,0.0,0.0,0.0,0.0,0.0,0.0
4932.YIL129C,0.02553060596739465,0.002306696024487221,0.45667303501267303,0.0,3.064652486794396e-05,0.0,0.0,0.0,0.0,0.0,0.0,0.0,0.0,0.0
4932.YDL117W,0.029990772070132267,0.003174932498256376,0.46121091739621867,0.0,6.126352712587528e-05,0.0,0.0,0.0,0.0,0.0,0.0,0.0,0.0,0.0
4932.YOR087W,0.022147031682559215,0.0026853539469844615,0.4577023748112506,0.0,5.536878684678768e-05,0.0,0.0,0.0,0.0,0.0,0.0,0.0,0.0,0.0
4932.YNL085W,0.03291294986158105,0.006265861333559362,0.4670788251290487,0.0,4.936031434777808e-05,0.0,0.0,0.0,0.0,0.0,0.0,0.0,0.0,0.0
4932.YIL150C,0.049523223623500465,0.006612048904899297,0.47825131487416833,0.0,0.0002651070350283507,0.0,0.0,0.0,0.0,0.0,0.0,0.0,0.0,0.0
4932.YOR008C,0.03860350661334974,0.004686523606133659,0.472307066084847,0.0,6.913983226320833e-05,0.0,0.0,0.0,0.0,0.0,0.0,0.0,0.0,0.0
4932.YJR063W,0.11258074438634268,0.027163926054682423,0.4939191711154853,0.0,0.0002648242914386906,0.0,0.0,0.0,0.0,0.0,0.0,0.0,0.0,0.0
4932.YLL010C,0.03368194401722547,0.004593947292675017,0.4675156928696543,0.0,4.545048661731184e-05,0.0,0.0,0.0,0.0,0.0,0.0,0.0,0.0,0.0
4932.YJR118C,0.019378652722239313,0.0017081112664779118,0.45078047972218693,0.0,0.0001605253653597498,0.0,0.0,0.0,0.0,0.0,0.0,0.0,0.0,0.0
4932.YPL041C,0.040141494924638574,0.00574550833957892,0.47382241615832904,0.0,6.679150204724471e-05,0.0,0.0,0.0,0.0,0.0,0.0,0.0,0.0,0.0
4932.YKR002W,0.028452783758843435,0.004961336128862774,0.46121091739621867,0.0,5.115830613258312e-05,0.0,0.0,0.0,0.0,0.0,0.0,0.0,0.0,0.0
4932.YFR048W,0.004306367271608736,0.0008393915993060489,0.41573900289157545,0.0,1.018295032941532e-06,0.0,0.0,0.0,0.0,0.0,0.0,0.0,0.0,0.0
4932.YHR062C,0.08474315595201477,0.020148029911294576,0.483122722319355,0.0,0.00012893762889084899,0.0,0.0,0.0,0.0,0.0,0.0,0.0,0.0,0.0
4932.YFL010C,0.02722239310981237,0.0040812039591645866,0.46728035489683045,0.0,0.00027401222897578394,0.0,0.0,0.0,0.0,0.0,0.0,0.0,0.0,0.0
4932.YJR091C,0.017686865579821593,0.0024331637001209854,0.4534226931264619,0.0,1.591839937808643e-05,0.0,0.0,0.0,0.0,0.0,0.0,0.0,0.0,0.0
4932.YML023C,0.009227929867733006,0.0010227109408317036,0.42996100146862465,0.0,6.539181960495742e-06,0.0,0.0,0.0,0.0,0.0,0.0,0.0,0.0,0.0
4932.YER068W,0.020916641033528145,0.002575752060405427,0.45209772595806896,0.0,2.0341830839999024e-05,0.0,0.0,0.0,0.0,0.0,0.0,0.0,0.0,0.0
4932.YOL142W,0.05598277453091357,0.014319027414019442,0.46219507896687706,0.0,3.647105954600429e-05,0.0,0.0,0.0,0.0,0.0,0.0,0.0,0.0,0.0
4932.YML118W,0.007536142725315288,0.0006140319775035189,0.42172901188962386,0.0,5.638899450230266e-06,0.0,0.0,0.0,0.0,0.0,0.0,0.0,0.0,0.0
4932.YMR102C,0.012303906490310674,0.00123477392013479,0.4456790545401457,0.0,2.2668650839548763e-05,0.0,0.0,0.0,0.0,0.0,0.0,0.0,0.0,0.0
4932.YBL033C,0.036604121808674256,0.005324766253840897,0.4665422612862812,0.0,5.276465773923678e-05,0.0,0.0,0.0,0.0,0.0,0.0,0.0,0.0,0.0
4932.YIL106W,0.02245462934481698,0.0025055786447343922,0.45590406336878725,0.0,3.3244913679439814e-05,0.0,0.0,0.0,0.0,0.0,0.0,0.0,0.0,0.0
4932.YGL092W,0.062134727776068904,0.012183645810925342,0.4754866541193711,0.0,8.444533410823653e-05,0.0,0.0,0.0,0.0,0.0,0.0,0.0,0.0,0.0
4932.YJR025C,0.026299600123039068,0.0021113265885196104,0.4482307108501983,0.0,6.260004560502948e-05,0.0,0.0,0.0,0.0,0.0,0.0,0.0,0.0,0.0
4932.YLR088W,0.021685635189172565,0.001983976775569204,0.4479526137595012,0.0,4.982128257191306e-05,0.0,0.0,0.0,0.0,0.0,0.0,0.0,0.0,0.0
4932.YBL042C,0.015533681944017226,0.001628760176250412,0.43728133345863557,0.0,1.5048559730671945e-05,0.0,0.0,0.0,0.0,0.0,0.0,0.0,0.0,0.0
4932.YGL067W,0.017533066748692712,0.00163591814485417,0.44681294197863747,0.0,3.804858836205342e-05,0.0,0.0,0.0,0.0,0.0,0.0,0.0,0.0,0.0
4932.YPL274W,0.0296831744078745,0.0025695686444565345,0.45925511450952894,0.0,6.787062638101815e-05,0.0,0.0,0.0,0.0,0.0,0.0,0.0,0.0,0.0
4932.YLR130C,0.022147031682559215,0.0017035464670278036,0.44940871534651944,0.0,6.285521382832428e-05,0.0,0.0,0.0,0.0,0.0,0.0,0.0,0.0,0.0
4932.YGL186C,0.029990772070132267,0.004444842628031865,0.4630844224055961,0.0,5.915220340730192e-05,0.0,0.0,0.0,0.0,0.0,0.0,0.0,0.0,0.0
4932.YFR047C,0.03245155336819441,0.003919915594441128,0.4587039824364905,0.0,4.7148814759117504e-05,0.0,0.0,0.0,0.0,0.0,0.0,0.0,0.0,0.0
4932.YOR155C,0.01168871116579514,0.0011945578527613767,0.4306734235946,0.0,1.1717064658251905e-05,0.0,0.0,0.0,0.0,0.0,0.0,0.0,0.0,0.0
4932.YDL141W,0.04660104583205168,0.007571702092605289,0.4733392056523401,0.0,8.24574961409303e-05,0.0,0.0,0.0,0.0,0.0,0.0,0.0,0.0,0.0
4932.YCR023C,0.017379267917563827,0.0018170921600967754,0.455776153131467,0.0,9.283910591398041e-05,0.0,0.0,0.0,0.0,0.0,0.0,0.0,0.0,0.0
4932.YGR191W,0.022608428175945865,0.0028329959845569685,0.4561600993468111,0.0,4.36887295439381e-05,0.0,0.0,0.0,0.0,0.0,0.0,0.0,0.0,0.0
4932.YLR231C,0.023223623500461397,0.0027779910972568983,0.44816888166048174,0.0,2.5267589364915832e-05,0.0,0.0,0.0,0.0,0.0,0.0,0.0,0.0,0.0
4932.YGL077C,0.03368194401722547,0.0033741446319605355,0.4642423815957223,0.0,7.815790324192103e-05,0.0,0.0,0.0,0.0,0.0,0.0,0.0,0.0,0.0
4932.YJL093C,0.016764072593048292,0.0010141652423139172,0.44315628556198083,0.0,3.572689600998746e-05,0.0,0.0,0.0,0.0,0.0,0.0,0.0,0.0,0.0
4932.YLR245C,0.03368194401722547,0.004498723219325477,0.4721354802873883,0.0,0.00011648615048250842,0.0,0.0,0.0,0.0,0.0,0.0,0.0,0.0,0.0
4932.YOL092W,0.015533681944017226,0.0027860216822136997,0.4450075753455228,0.0,2.1544587991669107e-05,0.0,0.0,0.0,0.0,0.0,0.0,0.0,0.0,0.0
4932.YLR209C,0.04521685635189173,0.007326234470438945,0.47392608965030447,0.0,0.00011785384420872178,0.0,0.0,0.0,0.0,0.0,0.0,0.0,0.0,0.0
4932.YDR352W,0.008458935712088589,0.0006559370744852324,0.43090189755937164,0.0,8.612842761710624e-06,0.0,0.0,0.0,0.0,0.0,0.0,0.0,0.0,0.0
4932.YLR328W,0.03414334051061212,0.005791279320178542,0.4634807856772699,0.0,4.79180957490134e-05,0.0,0.0,0.0,0.0,0.0,0.0,0.0,0.0,0.0
4932.YOR071C,0.01568748077514611,0.0007555581690951931,0.4258749911649839,0.0,3.0885920368751e-05,0.0,0.0,0.0,0.0,0.0,0.0,0.0,0.0,0.0
4932.YJR015W,0.010150722854506307,0.0010222929540439523,0.4330845517992085,0.0,1.2819474352495558e-05,0.0,0.0,0.0,0.0,0.0,0.0,0.0,0.0,0.0
4932.YER056C,0.06428791141187327,0.01276442706242295,0.4812264396945364,0.0,0.00017422066717580218,0.0,0.0,0.0,0.0,0.0,0.0,0.0,0.0,0.0
4932.YDR428C,0.004306367271608736,0.0004387181998143079,0.3946313989551394,0.0,3.2491590628465244e-06,0.0,0.0,0.0,0.0,0.0,0.0,0.0,0.0,0.0
4932.YGR036C,0.03614272531528761,0.0039541619731671,0.46825687217664663,0.0,8.461507302707442e-05,0.0,0.0,0.0,0.0,0.0,0.0,0.0,0.0,0.0
4932.YEL040W,0.04337127037834513,0.008939523354737536,0.4688312132175559,0.0,8.853957703105304e-05,0.0,0.0,0.0,0.0,0.0,0.0,0.0,0.0,0.0
4932.YOR197W,0.029990772070132267,0.005960438495541823,0.4614401800309136,0.0,2.9763884332153153e-05,0.0,0.0,0.0,0.0,0.0,0.0,0.0,0.0,0.0
4932.YBR002C,0.05029221777914488,0.010255510511964794,0.4711085779159954,0.0,0.00010899464157163898,0.0,0.0,0.0,0.0,0.0,0.0,0.0,0.0,0.0
4932.YJL134W,0.028452783758843435,0.003398198932888017,0.46288649488497824,0.0,6.311305458969194e-05,0.0,0.0,0.0,0.0,0.0,0.0,0.0,0.0,0.0
4932.YGR189C,0.023685019993848047,0.00197096623694896,0.4576701377092072,0.0,7.379936210270398e-05,0.0,0.0,0.0,0.0,0.0,0.0,0.0,0.0,0.0
4932.YJR131W,0.017840664410950478,0.0014644525719648225,0.4452210082353768,0.0,2.922322872341817e-05,0.0,0.0,0.0,0.0,0.0,0.0,0.0,0.0,0.0
4932.YDR483W,0.016456474930790527,0.0016299773026812526,0.44123043492872444,0.0,1.4788815822972998e-05,0.0,0.0,0.0,0.0,0.0,0.0,0.0,0.0,0.0
4932.YMR266W,0.008305136880959706,0.0008579745366641678,0.4306734235946,0.0,8.386705545764642e-06,0.0,0.0,0.0,0.0,0.0,0.0,0.0,0.0,0.0
4932.YJL091C,0.02060904337127038,0.0016149237292535908,0.44752070352584883,0.0,4.3882255318608755e-05,0.0,0.0,0.0,0.0,0.0,0.0,0.0,0.0,0.0
4932.YEL042W,0.04398646570286066,0.006741006533305071,0.47316686923434975,0.0,0.00015487776603395788,0.0,0.0,0.0,0.0,0.0,0.0,0.0,0.0,0.0
4932.YDL093W,0.018302060904337128,0.0016277040937550651,0.44937763590562413,0.0,3.761951030775064e-05,0.0,0.0,0.0,0.0,0.0,0.0,0.0,0.0,0.0
4932.YBR205W,0.015226084281759459,0.0017080019053756531,0.43224909300840314,0.0,0.00032749874299535774,0.0,0.0,0.0,0.0,0.0,0.0,0.0,0.0,0.0
4932.YOR002W,0.03137496155029222,0.0023655641107943118,0.45964494696154234,0.0,9.140338128918689e-05,0.0,0.0,0.0,0.0,0.0,0.0,0.0,0.0,0.0
4932.YGR227W,0.02337742233159028,0.002602203676652437,0.4554247697781977,0.0,4.8048054007629015e-05,0.0,0.0,0.0,0.0,0.0,0.0,0.0,0.0,0.0
4932.YLR056W,0.05183020609043371,0.006944967185789982,0.4763580833659794,0.0,0.0001994673098285029,0.0,0.0,0.0,0.0,0.0,0.0,0.0,0.0,0.0
4932.YBR260C,0.02291602583820363,0.0021285150035904163,0.452066273493483,0.0,3.125130844444624e-05,0.0,0.0,0.0,0.0,0.0,0.0,0.0,0.0,0.0
4932.YHR107C,0.028452783758843435,0.004217561821761704,0.4575734536437804,0.0,2.9530384923555883e-05,0.0,0.0,0.0,0.0,0.0,0.0,0.0,0.0,0.0
4932.YER113C,0.01030452168563519,0.0009944720549679273,0.43686974688687136,0.0,1.5336827442832778e-05,0.0,0.0,0.0,0.0,0.0,0.0,0.0,0.0,0.0
4932.YDR307W,0.012611504152568441,0.0011431295750136954,0.43893546441470715,0.0,1.4554543537090705e-05,0.0,0.0,0.0,0.0,0.0,0.0,0.0,0.0,0.0
4932.YCR043C,0.00584435558289757,0.0006272983538991627,0.41846990051489724,0.0,7.982413027224705e-06,0.0,0.0,0.0,0.0,0.0,0.0,0.0,0.0,0.0
4932.YNL219C,0.02153183635804368,0.0021581017161254714,0.45415156661974593,0.0,8.360912037361736e-05,0.0,0.0,0.0,0.0,0.0,0.0,0.0,0.0,0.0
4932.YGR058W,0.011534912334666258,0.0014198919244936552,0.4467822205167302,0.0,7.196710431644875e-06,0.0,0.0,0.0,0.0,0.0,0.0,0.0,0.0,0.0
4932.YDR221W,0.017994463242079362,0.0023545625750100926,0.45121870808939135,0.0,3.056038135387107e-05,0.0,0.0,0.0,0.0,0.0,0.0,0.0,0.0,0.0
4932.YBL020W,0.012303906490310674,0.0010652878321651953,0.4358733978531879,0.0,1.9592232859629523e-05,0.0,0.0,0.0,0.0,0.0,0.0,0.0,0.0,0.0
4932.YNL049C,0.023531221162719166,0.003214130849901597,0.45332779511618004,0.0,2.3730150408801165e-05,0.0,0.0,0.0,0.0,0.0,0.0,0.0,0.0,0.0
4932.YLR242C,0.012150107659181791,0.0008778369589853769,0.4376936962949835,0.0,2.11683314923084e-05,0.0,0.0,0.0,0.0,0.0,0.0,0.0,0.0,0.0
4932.YOL102C,0.019532451553368194,0.002830332631358448,0.4438828209027478,0.0,3.952893551312355e-05,0.0,0.0,0.0,0.0,0.0,0.0,0.0,0.0,0.0
4932.YLR068W,0.05152260842817595,0.012321608002936461,0.4603613613315852,0.0,6.751818679771987e-05,0.0,0.0,0.0,0.0,0.0,0.0,0.0,0.0,0.0
4932.YGR099W,0.030605967394647802,0.0032620907154986794,0.46728035489683045,0.0,0.00014160889668443373,0.0,0.0,0.0,0.0,0.0,0.0,0.0,0.0,0.0
4932.YOR149C,0.016302676099661642,0.0010594225830658308,0.44672079026504363,0.0,4.097653494816154e-05,0.0,0.0,0.0,0.0,0.0,0.0,0.0,0.0,0.0
4932.YHR204W,0.013072900645955092,0.0017483253788593016,0.4408113842476986,0.0,8.446977434709066e-06,0.0,0.0,0.0,0.0,0.0,0.0,0.0,0.0,0.0
4932.YFR042W,0.007689941556444172,0.00040268632765866395,0.4039035688211912,0.0,8.32457895664428e-06,0.0,0.0,0.0,0.0,0.0,0.0,0.0,0.0,0.0
4932.YOR299W,0.006151953245155337,0.0006013988890014632,0.41809294911821676,0.0,3.8543641972641266e-05,0.0,0.0,0.0,0.0,0.0,0.0,0.0,0.0,0.0
4932.YLR083C,0.03844970778222086,0.008521374199031002,0.45974250850398507,0.0,8.371343235402597e-05,0.0,0.0,0.0,0.0,0.0,0.0,0.0,0.0,0.0
4932.YIL123W,0.04752383881882498,0.008113254739606513,0.4747918029515801,0.0,0.00010850688049357674,0.0,0.0,0.0,0.0,0.0,0.0,0.0,0.0,0.0
4932.YDL203C,0.016302676099661642,0.0018597007546844039,0.45244399214561515,0.0,1.978189376440387e-05,0.0,0.0,0.0,0.0,0.0,0.0,0.0,0.0,0.0
4932.YLR459W,0.019993848046754845,0.00153298076248594,0.4476748615360196,0.0,5.0807162383980655e-05,0.0,0.0,0.0,0.0,0.0,0.0,0.0,0.0,0.0
4932.YCR039C,0.025376807136265767,0.0027306391531816865,0.4666427730840449,0.0,0.00020799418421012957,0.0,0.0,0.0,0.0,0.0,0.0,0.0,0.0,0.0
4932.YKR090W,0.024146416487234697,0.002578948959911227,0.45590406336878725,0.0,4.229133853118429e-05,0.0,0.0,0.0,0.0,0.0,0.0,0.0,0.0,0.0
4932.YLR373C,0.015533681944017226,0.0015840479688227597,0.4531381182144578,0.0,3.8049980946643976e-05,0.0,0.0,0.0,0.0,0.0,0.0,0.0,0.0,0.0
4932.YCR096C,0.013380498308212859,0.0012849983107928093,0.44922230315902695,0.0,6.386227291328345e-05,0.0,0.0,0.0,0.0,0.0,0.0,0.0,0.0,0.0
4932.YLR103C,0.06567210089203322,0.009066022170274019,0.4777590335413076,0.0,0.00010321515348663213,0.0,0.0,0.0,0.0,0.0,0.0,0.0,0.0,0.0
4932.YBR058C,0.024146416487234697,0.0037963131631389116,0.45734801627219346,0.0,2.2445250068604868e-05,0.0,0.0,0.0,0.0,0.0,0.0,0.0,0.0,0.0
4932.YMR048W,0.0547523838818825,0.005923776838269326,0.4787798861770796,0.0,0.00023393973017939398,0.0,0.0,0.0,0.0,0.0,0.0,0.0,0.0,0.0
4932.YMR144W,0.003229775453706552,0.0003020734347128886,0.38282082097297776,0.0,2.093838156361073e-06,0.0,0.0,0.0,0.0,0.0,0.0,0.0,0.0,0.0
4932.YJR031C,0.024761611811750232,0.0031719453023812886,0.44987542337270314,0.0,2.4261015586818847e-05,0.0,0.0,0.0,0.0,0.0,0.0,0.0,0.0,0.0
4932.YDR184C,0.05952014764687789,0.014624664978057776,0.4632164681490822,0.0,6.486528443314873e-05,0.0,0.0,0.0,0.0,0.0,0.0,0.0,0.0,0.0
4932.YBR156C,0.03891110427560751,0.0054736707437110545,0.46667628664143385,0.0,6.546488841642754e-05,0.0,0.0,0.0,0.0,0.0,0.0,0.0,0.0,0.0
4932.YNL116W,0.024761611811750232,0.002709142267050744,0.4629524519232919,0.0,6.908387642826985e-05,0.0,0.0,0.0,0.0,0.0,0.0,0.0,0.0,0.0
4932.YMR198W,0.030452168563518917,0.0025655659396153514,0.4580895745643514,0.0,0.00011744871743883998,0.0,0.0,0.0,0.0,0.0,0.0,0.0,0.0,0.0
4932.YBR038W,0.06336511842509997,0.0086254736706331,0.4806924556291851,0.0,0.0002193308967093393,0.0,0.0,0.0,0.0,0.0,0.0,0.0,0.0,0.0
4932.YHR155W,0.02060904337127038,0.0021548283961011815,0.4541198277444493,0.0,3.596838184244644e-05,0.0,0.0,0.0,0.0,0.0,0.0,0.0,0.0,0.0
4932.YPL161C,0.01030452168563519,0.00099390640050259,0.4385207595623785,0.0,1.089723727472156e-05,0.0,0.0,0.0,0.0,0.0,0.0,0.0,0.0,0.0
4932.YKL042W,0.022762227007074746,0.0019318773389558831,0.44300522328847314,0.0,3.928872251293645e-05,0.0,0.0,0.0,0.0,0.0,0.0,0.0,0.0,0.0
4932.YGL096W,0.026607197785296834,0.002805498838634555,0.46791968137072976,0.0,0.00011669895125822471,0.0,0.0,0.0,0.0,0.0,0.0,0.0,0.0,0.0
4932.YLL021W,0.05521378037526915,0.005949987721716894,0.4831945728134536,0.0,0.00031062494814480796,0.0,0.0,0.0,0.0,0.0,0.0,0.0,0.0,0.0
4932.YER075C,0.04060289141802523,0.005476584067126389,0.4727881704886005,0.0,6.0414119567396174e-05,0.0,0.0,0.0,0.0,0.0,0.0,0.0,0.0,0.0
4932.YJL039C,0.05905875115349124,0.010653439916176514,0.4764628695699754,0.0,8.213799603917765e-05,0.0,0.0,0.0,0.0,0.0,0.0,0.0,0.0,0.0
4932.YCR094W,0.01122731467240849,0.0009977761305129036,0.4311878311343945,0.0,1.2400712405563784e-05,0.0,0.0,0.0,0.0,0.0,0.0,0.0,0.0,0.0
4932.YCL063W,0.006613349738541987,0.0006463813444371185,0.4176629782231215,0.0,5.726716083774052e-05,0.0,0.0,0.0,0.0,0.0,0.0,0.0,0.0,0.0
4932.YPL047W,0.013380498308212859,0.001368498099494967,0.4425526537625366,0.0,3.909352709656564e-05,0.0,0.0,0.0,0.0,0.0,0.0,0.0,0.0,0.0
4932.YDR309C,0.015072285450630576,0.0014230874222119004,0.43282492607708817,0.0,1.946439759950972e-05,0.0,0.0,0.0,0.0,0.0,0.0,0.0,0.0,0.0
4932.YOR026W,0.06736388803445094,0.009592071581346916,0.480834735473977,0.0,0.0002396194651128492,0.0,0.0,0.0,0.0,0.0,0.0,0.0,0.0,0.0
4932.YGR134W,0.019532451553368194,0.0030317155786481753,0.4566088549782394,0.0,2.124587032029377e-05,0.0,0.0,0.0,0.0,0.0,0.0,0.0,0.0,0.0
4932.YJR055W,0.020916641033528145,0.0035912175511920203,0.4570263479529698,0.0,0.0001236023717821418,0.0,0.0,0.0,0.0,0.0,0.0,0.0,0.0,0.0
4932.YAL047C,0.013072900645955092,0.0009300981472538877,0.43181822270038045,0.0,2.1861492223119763e-05,0.0,0.0,0.0,0.0,0.0,0.0,0.0,0.0,0.0
4932.YPL177C,0.022300830513688096,0.0026026526127805923,0.46104729780015075,0.0,2.592536283714301e-05,0.0,0.0,0.0,0.0,0.0,0.0,0.0,0.0,0.0
4932.YOR360C,0.03552752999077207,0.004779937255236642,0.46637483780918143,0.0,6.767968762550782e-05,0.0,0.0,0.0,0.0,0.0,0.0,0.0,0.0,0.0
4932.YER167W,0.008458935712088589,0.0009645135571306205,0.4239301027658745,0.0,6.5043178186929456e-06,0.0,0.0,0.0,0.0,0.0,0.0,0.0,0.0,0.0
4932.YPL008W,0.053521993232851436,0.006816155658172,0.473960657563481,0.0,9.667353991675342e-05,0.0,0.0,0.0,0.0,0.0,0.0,0.0,0.0,0.0
4932.YJR053W,0.025684404798523533,0.002882971611027043,0.44971974636274653,0.0,3.572792709199119e-05,0.0,0.0,0.0,0.0,0.0,0.0,0.0,0.0,0.0
4932.YDR501W,0.019071055059981544,0.0026391497803593205,0.45146950706561,0.0,1.7224252251559003e-05,0.0,0.0,0.0,0.0,0.0,0.0,0.0,0.0,0.0
4932.YHR022C,0.007997539218701938,0.0009014878173711571,0.43265201512719387,0.0,5.977031192289166e-05,0.0,0.0,0.0,0.0,0.0,0.0,0.0,0.0,0.0
4932.YLR314C,0.03368194401722547,0.004268608398300267,0.4643419047588484,0.0,8.080716232812399e-05,0.0,0.0,0.0,0.0,0.0,0.0,0.0,0.0,0.0
4932.YBL031W,0.004613964933866503,0.0004650031233656986,0.406887953362262,0.0,1.5970313880548493e-06,0.0,0.0,0.0,0.0,0.0,0.0,0.0,0.0,0.0
4932.YCL014W,0.021839434020301446,0.0024584941825712948,0.4475515266337437,0.0,4.5321825042775725e-05,0.0,0.0,0.0,0.0,0.0,0.0,0.0,0.0,0.0
4932.YCL067C,0.024761611811750232,0.002828393905000246,0.46781861880455905,0.0,0.0002880154935514626,0.0,0.0,0.0,0.0,0.0,0.0,0.0,0.0,0.0
4932.YDL150W,0.056751768686557985,0.014196205102098501,0.4647736653454921,0.0,0.00011136647961077518,0.0,0.0,0.0,0.0,0.0,0.0,0.0,0.0,0.0
4932.YOR146W,0.003844970778222086,0.00011051871123746432,0.3489046722076527,0.0,2.7906160359380377e-05,0.0,0.0,0.0,0.0,0.0,0.0,0.0,0.0,0.0
4932.YER038C,0.038757305444478626,0.008261762534779279,0.46781861880455905,0.0,0.00024609476367868835,0.0,0.0,0.0,0.0,0.0,0.0,0.0,0.0,0.0
4932.YIL096C,0.05828975699784682,0.014277420029480016,0.4593849851675733,0.0,3.335145741369035e-05,0.0,0.0,0.0,0.0,0.0,0.0,0.0,0.0,0.0
4932.YOR252W,0.0807443863426638,0.02109910038015288,0.47761856782031054,0.0,5.104533745805286e-05,0.0,0.0,0.0,0.0,0.0,0.0,0.0,0.0,0.0
4932.YNL282W,0.0696708705013842,0.01627195556660687,0.4802306270929957,0.0,0.00021206105129076787,0.0,0.0,0.0,0.0,0.0,0.0,0.0,0.0,0.0
4932.YOR342C,0.019378652722239313,0.005762753937289482,0.4272470652373808,0.0,4.604710368075596e-07,0.0,0.0,0.0,0.0,0.0,0.0,0.0,0.0,0.0
4932.YFR001W,0.06505690556751768,0.016915968278609375,0.4683581242032092,0.0,0.0003126262703565016,0.0,0.0,0.0,0.0,0.0,0.0,0.0,0.0,0.0
4932.YGL029W,0.07397723777299293,0.018853977326595002,0.4832305060753569,0.0,0.0004348800208335395,0.0,0.0,0.0,0.0,0.0,0.0,0.0,0.0,0.0
4932.YHR081W,0.0825899723162104,0.018926740322441765,0.48696047775744344,0.0,0.0002481685911497438,0.0,0.0,0.0,0.0,0.0,0.0,0.0,0.0,0.0
4932.YOR145C,0.11565672100892034,0.02857023444358429,0.4965233143726847,0.0,0.00024041153396572637,0.0,0.0,0.0,0.0,0.0,0.0,0.0,0.0,0.0
4932.YPR144C,0.10535219932328514,0.026754085651299952,0.49023014826068084,0.0,0.00014261617506217217,0.0,0.0,0.0,0.0,0.0,0.0,0.0,0.0,0.0
4932.YLR051C,0.09366348815749001,0.022310369546194073,0.48780126230728355,0.0,0.00014688899165829996,0.0,0.0,0.0,0.0,0.0,0.0,0.0,0.0,0.0
4932.YBR104W,0.026607197785296834,0.005766117598553726,0.4455873698961342,0.0,2.7266697086053556e-05,0.0,0.0,0.0,0.0,0.0,0.0,0.0,0.0,0.0
4932.YNL114C,0.004767763764995386,0.00024033879542127533,0.36440111121552965,0.0,3.999126760842652e-05,0.0,0.0,0.0,0.0,0.0,0.0,0.0,0.0,0.0
4932.YHL013C,0.04367886804060289,0.010947075861203739,0.45854213641911823,0.0,4.400138084209153e-05,0.0,0.0,0.0,0.0,0.0,0.0,0.0,0.0,0.0
4932.YGR160W,0.012765302983697324,0.00370325709618318,0.4169661585725953,0.0,4.404283194011141e-05,0.0,0.0,0.0,0.0,0.0,0.0,0.0,0.0,0.0
4932.YLR413W,0.0278375884343279,0.0071076326065996655,0.4500935523443461,0.0,2.7280317326043798e-05,0.0,0.0,0.0,0.0,0.0,0.0,0.0,0.0,0.0
4932.YNL162W-A,0.017994463242079362,0.0049148430289068235,0.4293360168612702,0.0,2.35982978167264e-05,0.0,0.0,0.0,0.0,0.0,0.0,0.0,0.0,0.0
4932.YBL028C,0.07443863426637957,0.019982476038563964,0.4710402765636335,0.0,7.317983486284227e-05,0.0,0.0,0.0,0.0,0.0,0.0,0.0,0.0,0.0
4932.YDR412W,0.07351584127960628,0.019401997691423423,0.46896655710127916,0.0,3.305994474027201e-05,0.0,0.0,0.0,0.0,0.0,0.0,0.0,0.0,0.0
4932.YDL104C,0.041371885573669644,0.009479984227475596,0.4638778280407856,0.0,6.249866610928594e-05,0.0,0.0,0.0,0.0,0.0,0.0,0.0,0.0,0.0
4932.YDR280W,0.07182405413718856,0.017932867471758887,0.4701541578174752,0.0,4.784016363889225e-05,0.0,0.0,0.0,0.0,0.0,0.0,0.0,0.0,0.0
4932.YPL044C,0.006305752076284221,0.0007099668826581864,0.39253356380302795,0.0,0.00037025920438854944,0.0,0.0,0.0,0.0,0.0,0.0,0.0,0.0,0.0
4932.YGR251W,0.04183328206705629,0.010728638852595911,0.44635256320891087,0.0,7.609111300214035e-06,0.0,0.0,0.0,0.0,0.0,0.0,0.0,0.0,0.0
4932.YMR097C,0.08689633958781914,0.020457107707794547,0.4865593871355541,0.0,0.00032586346159712263,0.0,0.0,0.0,0.0,0.0,0.0,0.0,0.0,0.0
4932.YJR071W,0.010919717010150723,0.0030627295055865628,0.39872372922595106,0.0,2.9901299083981282e-05,0.0,0.0,0.0,0.0,0.0,0.0,0.0,0.0,0.0
4932.YLR221C,0.059827745309135656,0.01567776013329926,0.46627444138887236,0.0,8.189375750239387e-05,0.0,0.0,0.0,0.0,0.0,0.0,0.0,0.0,0.0
4932.YER077C,0.019993848046754845,0.004886947705857163,0.43482338163780276,0.0,1.0897116185822957e-05,0.0,0.0,0.0,0.0,0.0,0.0,0.0,0.0,0.0
4932.YLR316C,0.04875422946785605,0.00908364522665281,0.4736152051891636,0.0,0.0004169289148935236,0.0,0.0,0.0,0.0,0.0,0.0,0.0,0.0,0.0
4932.YJL011C,0.0519840049215626,0.011382171655797609,0.46657576040750515,0.0,8.516518366224034e-05,0.0,0.0,0.0,0.0,0.0,0.0,0.0,0.0,0.0
4932.YKL027W,0.05306059673946478,0.013195453540591916,0.46557287491547783,0.0,8.057911758709456e-05,0.0,0.0,0.0,0.0,0.0,0.0,0.0,0.0,0.0
4932.YNR054C,0.06767148569670871,0.01709548033567904,0.47168994012741905,0.0,6.939471108644368e-05,0.0,0.0,0.0,0.0,0.0,0.0,0.0,0.0,0.0
4932.YDL201W,0.10981236542602277,0.026007131236635346,0.49610632273593863,0.0,0.00023967484945941508,0.0,0.0,0.0,0.0,0.0,0.0,0.0,0.0,0.0
4932.YER049W,0.09027991387265458,0.02259588939850925,0.4810483132362544,0.0,0.00013519671607572007,0.0,0.0,0.0,0.0,0.0,0.0,0.0,0.0,0.0
4932.YNR024W,0.02906797908335897,0.007397276467400375,0.4367816505475112,0.0,3.882130861137296e-05,0.0,0.0,0.0,0.0,0.0,0.0,0.0,0.0,0.0
4932.YDR098C,0.04367886804060289,0.007845738608076356,0.46971234749134916,0.0,0.0001605550606128154,0.0,0.0,0.0,0.0,0.0,0.0,0.0,0.0,0.0
4932.YOR287C,0.06797908335896648,0.01643804939026665,0.4740298085202309,0.0,9.874343478589645e-05,0.0,0.0,0.0,0.0,0.0,0.0,0.0,0.0,0.0
4932.YDL153C,0.09350968932636113,0.023497293880399703,0.4844915460181423,0.0,0.00022643225312635044,0.0,0.0,0.0,0.0,0.0,0.0,0.0,0.0,0.0
4932.YGR271C-A,0.07136265764380191,0.017640910232251172,0.4778292973891701,0.0,0.00013514063069089267,0.0,0.0,0.0,0.0,0.0,0.0,0.0,0.0,0.0
4932.YML113W,0.015841279606274992,0.0031822973829699337,0.43526027297175457,0.0,1.3964674821193739e-05,0.0,0.0,0.0,0.0,0.0,0.0,0.0,0.0,0.0
4932.YCR087W,0.019532451553368194,0.005552215904368008,0.4246226632160573,0.0,0.0001353765534804713,0.0,0.0,0.0,0.0,0.0,0.0,0.0,0.0,0.0
4932.YDR045C,0.10181482620732082,0.020911413477813105,0.49279543570418055,0.0,0.0003993062730656313,0.0,0.0,0.0,0.0,0.0,0.0,0.0,0.0,0.0
4932.YNL001W,0.05736696401107352,0.015818267388721836,0.4656062349667042,0.0,0.000103065869820689,0.0,0.0,0.0,0.0,0.0,0.0,0.0,0.0,0.0
4932.YCR087C-A,0.09504767763764996,0.025738089942750855,0.48402239219332027,0.0,8.517875086311871e-05,0.0,0.0,0.0,0.0,0.0,0.0,0.0,0.0,0.0
4932.YPL225W,0.043217471547216245,0.009186306294864863,0.46510633563777287,0.0,5.0183044866411486e-05,0.0,0.0,0.0,0.0,0.0,0.0,0.0,0.0,0.0
4932.YGL100W,0.040756690249154105,0.008025694127552026,0.4671124013511124,0.0,5.0557737139305654e-05,0.0,0.0,0.0,0.0,0.0,0.0,0.0,0.0,0.0
4932.YPR169W,0.0575207628422024,0.015134978456679214,0.46513962886151217,0.0,5.520936943040078e-05,0.0,0.0,0.0,0.0,0.0,0.0,0.0,0.0,0.0
4932.YDR361C,0.08935712088588127,0.022953024324591044,0.48172589630034285,0.0,0.00015641012745786902,0.0,0.0,0.0,0.0,0.0,0.0,0.0,0.0,0.0
4932.YLR105C,0.024300215318363582,0.005048013656387944,0.4368403774921227,0.0,1.6288259650895583e-05,0.0,0.0,0.0,0.0,0.0,0.0,0.0,0.0,0.0
4932.YKL155C,0.05183020609043371,0.010924724967539066,0.4670452537335819,0.0,7.342668640643242e-05,0.0,0.0,0.0,0.0,0.0,0.0,0.0,0.0,0.0
4932.YBR030W,0.042294678560442944,0.009724229424315263,0.4617680937461146,0.0,3.36509748872052e-05,0.0,0.0,0.0,0.0,0.0,0.0,0.0,0.0,0.0
4932.YGR280C,0.07013226699477085,0.017426815524260928,0.47520846973784736,0.0,6.567345840114077e-05,0.0,0.0,0.0,0.0,0.0,0.0,0.0,0.0,0.0
4932.YJL122W,0.08182097816056598,0.021738260529659607,0.4764978085499248,0.0,7.623586821902344e-05,0.0,0.0,0.0,0.0,0.0,0.0,0.0,0.0,0.0
4932.YNL035C,0.03337434635496771,0.00865946084051138,0.4461380442976536,0.0,9.694782224289056e-06,0.0,0.0,0.0,0.0,0.0,0.0,0.0,0.0,0.0
4932.YGR283C,0.06659489387880653,0.016535061836349976,0.4670116871636715,0.0,3.2947399235981874e-05,0.0,0.0,0.0,0.0,0.0,0.0,0.0,0.0,0.0
4932.YIL127C,0.054906182713011384,0.014325957033433237,0.45590406336878725,0.0,3.7342795138146206e-05,0.0,0.0,0.0,0.0,0.0,0.0,0.0,0.0,0.0
4932.YDR267C,0.026299600123039068,0.004922580757602305,0.45641642306632896,0.0,2.5913298177869512e-05,0.0,0.0,0.0,0.0,0.0,0.0,0.0,0.0,0.0
4932.YGL246C,0.061827130113811135,0.016684216892977582,0.4629854374916512,0.0,7.882437207655154e-05,0.0,0.0,0.0,0.0,0.0,0.0,0.0,0.0,0.0
4932.YKR060W,0.0982774530913565,0.02652946745514261,0.4841305777972973,0.0,9.8094987871465e-05,0.0,0.0,0.0,0.0,0.0,0.0,0.0,0.0,0.0
4932.YAL059W,0.08059058751153492,0.020583522521287312,0.4809415006435737,0.0,0.0003812147679217345,0.0,0.0,0.0,0.0,0.0,0.0,0.0,0.0,0.0
4932.YNL174W,0.020301445709012614,0.004493428033905557,0.4244562424191864,0.0,0.0009836403510903192,0.0,0.0,0.0,0.0,0.0,0.0,0.0,0.0,0.0
4932.YNL124W,0.06920947400799754,0.017246281532876755,0.47420277422428114,0.0,7.057772075425792e-05,0.0,0.0,0.0,0.0,0.0,0.0,0.0,0.0,0.0
4932.YHR003C,0.04906182713011381,0.012761698246111737,0.46278759455845914,0.0,2.2797701029668003e-05,0.0,0.0,0.0,0.0,0.0,0.0,0.0,0.0,0.0
4932.YJR003C,0.021378037526914796,0.005515965485008297,0.43890581662920125,0.0,2.897835747489852e-06,0.0,0.0,0.0,0.0,0.0,0.0,0.0,0.0,0.0
4932.YLR363W-A,0.0538295908951092,0.01247103694259444,0.4688312132175559,0.0,0.0001009868652078967,0.0,0.0,0.0,0.0,0.0,0.0,0.0,0.0,0.0
4932.YOR130C,0.027529990772070134,0.0036624710660143585,0.444034482383171,0.0,5.5083184545962104e-05,0.0,0.0,0.0,0.0,0.0,0.0,0.0,0.0,0.0
4932.YML108W,0.03368194401722547,0.00852521153293865,0.44114057129635603,0.0,2.438115448070682e-05,0.0,0.0,0.0,0.0,0.0,0.0,0.0,0.0,0.0
4932.YDR465C,0.08412796062749923,0.021394620134481988,0.48377014705146854,0.0,0.0001709885118028028,0.0,0.0,0.0,0.0,0.0,0.0,0.0,0.0,0.0
4932.YAR008W,0.015226084281759459,0.0028481614334699146,0.4358733978531879,0.0,1.0786522990795454e-05,0.0,0.0,0.0,0.0,0.0,0.0,0.0,0.0,0.0
4932.YNL110C,0.12180867425407567,0.03008276104619481,0.49705504591106286,0.0,0.00024491339014823856,0.0,0.0,0.0,0.0,0.0,0.0,0.0,0.0,0.0
4932.YOL022C,0.06351891725622885,0.01668020550906335,0.47066497285204434,0.0,2.4757829930631594e-05,0.0,0.0,0.0,0.0,0.0,0.0,0.0,0.0,0.0
4932.YDR339C,0.08489695478314366,0.02100387765411964,0.47874461174355887,0.0,0.00012898837454522745,0.0,0.0,0.0,0.0,0.0,0.0,0.0,0.0,0.0
4932.YNL299W,0.05244540141494925,0.01279594333709394,0.4602309381114332,0.0,2.8743492038487884e-05,0.0,0.0,0.0,0.0,0.0,0.0,0.0,0.0,0.0
4932.YNL024C,0.02768378960319902,0.006539810185140241,0.45285390028540834,0.0,2.839794687077712e-05,0.0,0.0,0.0,0.0,0.0,0.0,0.0,0.0,0.0
4932.YIL019W,0.0639803137496155,0.01714314484379529,0.46157128961467003,0.0,2.605482564396067e-05,0.0,0.0,0.0,0.0,0.0,0.0,0.0,0.0,0.0
4932.YHR040W,0.04537065518302061,0.01140837798994573,0.4480143832870467,0.0,0.0001971543678571596,0.0,0.0,0.0,0.0,0.0,0.0,0.0,0.0,0.0
4932.YLR003C,0.06536450322977545,0.01668691611166443,0.4662409855202213,0.0,5.346417032308192e-05,0.0,0.0,0.0,0.0,0.0,0.0,0.0,0.0,0.0
4932.YCL031C,0.08766533374346355,0.022557422691123503,0.4810839279777393,0.0,7.941215055735398e-05,0.0,0.0,0.0,0.0,0.0,0.0,0.0,0.0,0.0
4932.YOL125W,0.04613964933866503,0.01170399083552924,0.4526646196583298,0.0,9.952855276802015e-06,0.0,0.0,0.0,0.0,0.0,0.0,0.0,0.0,0.0
4932.YNL151C,0.06751768686557982,0.016717014878950387,0.4709719950130698,0.0,6.05742562615697e-05,0.0,0.0,0.0,0.0,0.0,0.0,0.0,0.0,0.0
4932.YIL110W,0.057059366348815754,0.013957602910251585,0.4649399409842104,0.0,6.36751162731483e-05,0.0,0.0,0.0,0.0,0.0,0.0,0.0,0.0,0.0
4932.YKL110C,0.04798523531221163,0.011270369912343835,0.4648069109581777,0.0,5.175099261984251e-05,0.0,0.0,0.0,0.0,0.0,0.0,0.0,0.0,0.0
4932.YGL070C,0.07043986465702862,0.013267412963766842,0.48467223205753146,0.0,0.00027733281056861015,0.0,0.0,0.0,0.0,0.0,0.0,0.0,0.0,0.0
4932.YOR004W,0.09289449400184559,0.022902971194976206,0.48539632592779003,0.0,0.00020632108189943938,0.0,0.0,0.0,0.0,0.0,0.0,0.0,0.0,0.0
4932.YNL119W,0.0639803137496155,0.015616404736615526,0.4679533785968115,0.0,5.6271980183780255e-05,0.0,0.0,0.0,0.0,0.0,0.0,0.0,0.0,0.0
4932.YGR024C,0.03491233466625654,0.008190367316959503,0.45263308826938736,0.0,2.0263070939621885e-05,0.0,0.0,0.0,0.0,0.0,0.0,0.0,0.0,0.0
4932.YLR435W,0.0945862811442633,0.024034508148821385,0.488939098208828,0.0,0.00038669170394981103,0.0,0.0,0.0,0.0,0.0,0.0,0.0,0.0,0.0
4932.YLL046C,0.04444786219624731,0.01207354082937428,0.47203258863833536,0.0,0.000855987633492755,0.0,0.0,0.0,0.0,0.0,0.0,0.0,0.0,0.0
4932.YML018C,0.03998769609350969,0.008559544125206518,0.45902801746222976,0.0,7.77973680693302e-05,0.0,0.0,0.0,0.0,0.0,0.0,0.0,0.0,0.0
4932.YCR016W,0.06628729621654876,0.017090786881143512,0.47538229681727445,0.0,0.00041150136667374447,0.0,0.0,0.0,0.0,0.0,0.0,0.0,0.0,0.0
4932.YOR294W,0.10965856659489388,0.027914475773699078,0.49305718303325935,0.0,0.0002542687287283248,0.0,0.0,0.0,0.0,0.0,0.0,0.0,0.0,0.0
4932.YDL111C,0.07505382959089511,0.0193458980894615,0.47090373325569423,0.0,7.557217987756254e-05,0.0,0.0,0.0,0.0,0.0,0.0,0.0,0.0,0.0
4932.YBR257W,0.0538295908951092,0.010248468288071752,0.4696105091562712,0.0,0.0002554935581926671,0.0,0.0,0.0,0.0,0.0,0.0,0.0,0.0,0.0
4932.YHR069C,0.06874807751461089,0.01759673286056343,0.4724444245452468,0.0,5.423658328756803e-05,0.0,0.0,0.0,0.0,0.0,0.0,0.0,0.0,0.0
4932.YGR079W,0.020762842202399264,0.005246938369939664,0.43613669475772365,0.0,4.363915279061154e-06,0.0,0.0,0.0,0.0,0.0,0.0,0.0,0.0,0.0
4932.YDR492W,0.011842509996924024,0.0011688503756638097,0.4441558862061056,0.0,2.293466231556986e-05,0.0,0.0,0.0,0.0,0.0,0.0,0.0,0.0,0.0
4932.YHR032W,0.03998769609350969,0.0055169409339603775,0.4699161567251464,0.0,0.00011929585173223207,0.0,0.0,0.0,0.0,0.0,0.0,0.0,0.0,0.0
4932.YOR309C,0.03768071362657644,0.010678770950535712,0.44267324853159784,0.0,0.0002621542522856809,0.0,0.0,0.0,0.0,0.0,0.0,0.0,0.0,0.0
4932.YOR201C,0.07936019686250385,0.019432429352075183,0.4793449848919537,0.0,0.0001359268168807891,0.0,0.0,0.0,0.0,0.0,0.0,0.0,0.0,0.0
4932.YPL207W,0.053521993232851436,0.012947687585737548,0.4620307604661067,0.0,3.83704170244342e-05,0.0,0.0,0.0,0.0,0.0,0.0,0.0,0.0,0.0
4932.YPL202C,0.011996308828052908,0.0009392685416098465,0.42996100146862465,0.0,1.4448674905939972e-05,0.0,0.0,0.0,0.0,0.0,0.0,0.0,0.0,0.0
4932.YLR139C,0.030605967394647802,0.007349174284944876,0.44866399331597906,0.0,1.4240566540848115e-05,0.0,0.0,0.0,0.0,0.0,0.0,0.0,0.0,0.0
4932.YNL232W,0.0798215933558905,0.01933628517617397,0.4771976657997595,0.0,9.116327728899639e-05,0.0,0.0,0.0,0.0,0.0,0.0,0.0,0.0,0.0
4932.YER002W,0.08382036296524147,0.022222372092119875,0.4795926352642501,0.0,9.100002865766579e-05,0.0,0.0,0.0,0.0,0.0,0.0,0.0,0.0,0.0
4932.YML052W,0.017533066748692712,0.001464271572381753,0.4524124914847403,0.0,5.724045078435377e-05,0.0,0.0,0.0,0.0,0.0,0.0,0.0,0.0,0.0
4932.YNL267W,0.033835742848354354,0.002658906768930848,0.46222795669336497,0.0,0.00010139554174126441,0.0,0.0,0.0,0.0,0.0,0.0,0.0,0.0,0.0
4932.YJR036C,0.03952629960012304,0.004243290315854924,0.4723757353296979,0.0,0.00020792588693431484,0.0,0.0,0.0,0.0,0.0,0.0,0.0,0.0,0.0
4932.YAL034C,0.023685019993848047,0.0020325593061837574,0.45348598054262856,0.0,3.208811657878952e-05,0.0,0.0,0.0,0.0,0.0,0.0,0.0,0.0,0.0
4932.YLR238W,0.02337742233159028,0.002895304764945529,0.4619322254350839,0.0,0.00013499642594537478,0.0,0.0,0.0,0.0,0.0,0.0,0.0,0.0,0.0
4932.YNR048W,0.004460166102737619,0.0004533233418226444,0.4134114146326075,0.0,1.7504317004044311e-06,0.0,0.0,0.0,0.0,0.0,0.0,0.0,0.0,0.0
4932.YJL099W,0.019993848046754845,0.0017491466962620194,0.45909287941185,0.0,7.379581297986868e-05,0.0,0.0,0.0,0.0,0.0,0.0,0.0,0.0,0.0
4932.YOR338W,0.012611504152568441,0.0013733147813738222,0.4373401948576743,0.0,2.0900174223235258e-05,0.0,0.0,0.0,0.0,0.0,0.0,0.0,0.0,0.0
4932.YDR137W,0.02722239310981237,0.0018188164203430022,0.4581218707836523,0.0,0.0001368197028069819,0.0,0.0,0.0,0.0,0.0,0.0,0.0,0.0,0.0
4932.YFL041W,0.04183328206705629,0.0043201426893303,0.4738569689488314,0.0,0.00013112918629282498,0.0,0.0,0.0,0.0,0.0,0.0,0.0,0.0,0.0
4932.YMR012W,0.06428791141187327,0.01480943800950122,0.47688247579592874,0.0,8.680388271690555e-05,0.0,0.0,0.0,0.0,0.0,0.0,0.0,0.0,0.0
4932.YLR143W,0.04521685635189173,0.00880227348884663,0.47073316540099425,0.0,6.875078194124132e-05,0.0,0.0,0.0,0.0,0.0,0.0,0.0,0.0,0.0
4932.YOR104W,0.0033835742848354355,0.00021161234916351228,0.3928183179298346,0.0,2.4792098293807298e-06,0.0,0.0,0.0,0.0,0.0,0.0,0.0,0.0,0.0
4932.YKR003W,0.017379267917563827,0.001580083768612471,0.45209772595806896,0.0,3.914262217269418e-05,0.0,0.0,0.0,0.0,0.0,0.0,0.0,0.0,0.0
4932.YKR013W,0.02768378960319902,0.0035045074460698183,0.4598401114709026,0.0,5.1243628961958007e-05,0.0,0.0,0.0,0.0,0.0,0.0,0.0,0.0,0.0
4932.YCR024C,0.058597354660104586,0.012487973940053498,0.4770925561817419,0.0,0.00033088001414749424,0.0,0.0,0.0,0.0,0.0,0.0,0.0,0.0,0.0
4932.YBR187W,0.02922177791448785,0.004672241672761426,0.45683356406041375,0.0,9.114916772035275e-05,0.0,0.0,0.0,0.0,0.0,0.0,0.0,0.0,0.0
4932.YDL052C,0.05029221777914488,0.007433170621814134,0.4762882514985945,0.0,0.0001573308071646534,0.0,0.0,0.0,0.0,0.0,0.0,0.0,0.0,0.0
4932.YJL145W,0.013380498308212859,0.0025825161776189547,0.441920607671064,0.0,9.644506538594614e-06,0.0,0.0,0.0,0.0,0.0,0.0,0.0,0.0,0.0
4932.YGL233W,0.023531221162719166,0.002131941174728286,0.4495330761117485,0.0,2.3726201171405475e-05,0.0,0.0,0.0,0.0,0.0,0.0,0.0,0.0,0.0
4932.YOL011W,0.018917256228852663,0.0018765465727962078,0.4521291827995634,0.0,5.247035273498472e-05,0.0,0.0,0.0,0.0,0.0,0.0,0.0,0.0,0.0
4932.YNL258C,0.03229775453706552,0.002795233309550196,0.45699420600571944,0.0,8.552664865853766e-05,0.0,0.0,0.0,0.0,0.0,0.0,0.0,0.0,0.0
4932.YOL018C,0.024915410642879117,0.0016871620854119413,0.4544374162665448,0.0,5.024378284219083e-05,0.0,0.0,0.0,0.0,0.0,0.0,0.0,0.0,0.0
4932.YKR064W,0.007536142725315288,0.0007326737575178759,0.4330845517992085,0.0,3.894118231851477e-06,0.0,0.0,0.0,0.0,0.0,0.0,0.0,0.0,0.0
4932.YAL026C-A,0.0019993848046754845,2.7249199291990444e-06,0.32455924355403454,0.0,2.145932823720406e-05,0.0,0.0,0.0,0.0,0.0,0.0,0.0,0.0,0.0
4932.YIL030W-A,0.0004613964933866503,3.5772768324379395e-07,0.28455073634591543,0.0,0.0,0.0,0.0,0.0,0.0,0.0,0.0,0.0,0.0,0.0
4932.YDL158C,0.007382343894186405,0.00013917679512320203,0.3818759176772053,0.0,0.0006987767889982169,0.0,0.0,0.0,0.0,0.0,0.0,0.0,0.0,0.0
4932.YGL168W,0.00938172869886189,0.0005104033917191058,0.4380182416714071,0.0,0.0003125836632565249,0.0,0.0,0.0,0.0,0.0,0.0,0.0,0.0,0.0
4932.YMR086C-A,0.002614580129191018,6.637411231090848e-06,0.33395007787004444,0.0,8.879054076222825e-06,0.0,0.0,0.0,0.0,0.0,0.0,0.0,0.0,0.0
4932.YIL115W-A,0.0004613964933866503,3.046486271750388e-07,0.2828414997473372,0.0,0.0,0.0,0.0,0.0,0.0,0.0,0.0,0.0,0.0,0.0
4932.YBL077W,0.007228545063057521,9.951166489912666e-05,0.3463568367994949,0.0,6.724416329998265e-05,0.0,0.0,0.0,0.0,0.0,0.0,0.0,0.0,0.0
4932.YNL170W,0.0030759766225776685,4.91087110014407e-05,0.35421099019870944,0.0,0.00020705297049291799,0.0,0.0,0.0,0.0,0.0,0.0,0.0,0.0,0.0
4932.YPR146C,0.0016917871424177177,3.6498717616187334e-06,0.32821500228282274,0.0,2.9371114812421352e-06,0.0,0.0,0.0,0.0,0.0,0.0,0.0,0.0,0.0
4932.YMR119W-A,0.0036911719470932025,0.00010878514760837032,0.3753249358976102,0.0,0.00018886456087956294,0.0,0.0,0.0,0.0,0.0,0.0,0.0,0.0,0.0
4932.YEL014C,0.011073515841279608,9.706768349149495e-05,0.3750866205954355,0.0,0.0015475240296398286,0.0,0.0,0.0,0.0,0.0,0.0,0.0,0.0,0.0
4932.YNR025C,0.006151953245155337,0.0005176734375847131,0.3813604445798066,0.0,0.00030222852426299606,0.0,0.0,0.0,0.0,0.0,0.0,0.0,0.0,0.0
4932.YAL027W,0.02060904337127038,0.0018572759408551295,0.4618665587600629,0.0,5.368642877194245e-05,0.0,0.0,0.0,0.0,0.0,0.0,0.0,0.0,0.0
4932.YML095C,0.016302676099661642,0.001600359409297629,0.4421010079735559,0.0,4.2647318916226896e-05,0.0,0.0,0.0,0.0,0.0,0.0,0.0,0.0,0.0
4932.YKL075C,0.010150722854506307,0.0006833688747085436,0.4275844321376143,0.0,4.610198683450676e-05,0.0,0.0,0.0,0.0,0.0,0.0,0.0,0.0,0.0
4932.YLR376C,0.01076591817902184,0.0007292397920709351,0.43259440884064476,0.0,3.01836528011358e-05,0.0,0.0,0.0,0.0,0.0,0.0,0.0,0.0,0.0
4932.YLR135W,0.018148262073208243,0.0014763014780453212,0.43628310831175804,0.0,2.7461377202235694e-05,0.0,0.0,0.0,0.0,0.0,0.0,0.0,0.0,0.0
4932.YJL146W,0.0070747462319286376,0.0006365328547920397,0.4303026697036835,0.0,5.1437321209050336e-06,0.0,0.0,0.0,0.0,0.0,0.0,0.0,0.0,0.0
4932.YLR453C,0.01614887726853276,0.0011691615670577937,0.4502806884620141,0.0,0.00011196410326116866,0.0,0.0,0.0,0.0,0.0,0.0,0.0,0.0,0.0
4932.YBR184W,0.018609658566594894,0.0008759290379335395,0.4518776505699113,0.0,0.00010907692290870741,0.0,0.0,0.0,0.0,0.0,0.0,0.0,0.0,0.0
4932.YEL019C,0.032605352199323284,0.003413165040384211,0.46537281495347166,0.0,8.313748152317847e-05,0.0,0.0,0.0,0.0,0.0,0.0,0.0,0.0,0.0
4932.YPL194W,0.04752383881882498,0.004634779094084091,0.47192974182550107,0.0,0.0001234799969309964,0.0,0.0,0.0,0.0,0.0,0.0,0.0,0.0,0.0
4932.YPL039W,0.013688095970470625,0.0010943697158242002,0.44745907004512636,0.0,1.502911545878494e-05,0.0,0.0,0.0,0.0,0.0,0.0,0.0,0.0,0.0
4932.YOR368W,0.03675792063980314,0.0033063114276090546,0.46291947105473563,0.0,0.00010205587772299567,0.0,0.0,0.0,0.0,0.0,0.0,0.0,0.0,0.0
4932.YLR423C,0.020916641033528145,0.0015759554995936388,0.45326455184119174,0.0,5.679764690606671e-05,0.0,0.0,0.0,0.0,0.0,0.0,0.0,0.0,0.0
4932.YNL253W,0.017686865579821593,0.0029665665178225825,0.45294859997179177,0.0,1.5937825076967855e-05,0.0,0.0,0.0,0.0,0.0,0.0,0.0,0.0,0.0
4932.YPR109W,0.012303906490310674,0.0009143665709832761,0.45078047972218693,0.0,1.8294535073477013e-05,0.0,0.0,0.0,0.0,0.0,0.0,0.0,0.0,0.0
4932.YMR106C,0.04890802829898493,0.006316060689840308,0.477337884022282,0.0,0.0001915606986692677,0.0,0.0,0.0,0.0,0.0,0.0,0.0,0.0,0.0
4932.YPR107C,0.031221162719163337,0.004025224644697004,0.46245823181234963,0.0,6.349985390884364e-05,0.0,0.0,0.0,0.0,0.0,0.0,0.0,0.0,0.0
4932.YCR006C,0.008920332205475239,0.0003583130139112332,0.42120960751898134,0.0,2.0722400699200002e-05,0.0,0.0,0.0,0.0,0.0,0.0,0.0,0.0,0.0
4932.YLR041W,0.002922177791448785,7.780321262765355e-05,0.3606594114000846,0.0,5.391425503286333e-06,0.0,0.0,0.0,0.0,0.0,0.0,0.0,0.0,0.0
4932.YLR173W,0.008612734543217471,0.00038160254357277364,0.4167254931825386,0.0,1.7477833813300488e-05,0.0,0.0,0.0,0.0,0.0,0.0,0.0,0.0,0.0
4932.YAL028W,0.007536142725315288,0.000502947543672149,0.41632500097356,0.0,1.5082578249964319e-05,0.0,0.0,0.0,0.0,0.0,0.0,0.0,0.0,0.0
4932.YFR003C,0.015841279606274992,0.0016824014344173624,0.4498442793489322,0.0,3.5988172285973e-05,0.0,0.0,0.0,0.0,0.0,0.0,0.0,0.0,0.0
4932.YKR058W,0.03183635804367887,0.003134048432220256,0.4581864768858641,0.0,3.297367714714596e-05,0.0,0.0,0.0,0.0,0.0,0.0,0.0,0.0,0.0
4932.YJL144W,0.030605967394647802,0.0024641232060990843,0.4546281826905006,0.0,0.00013345781881122595,0.0,0.0,0.0,0.0,0.0,0.0,0.0,0.0,0.0
4932.YKL159C,0.007536142725315288,0.000630328735727954,0.42685414275736216,0.0,0.00011495558278737562,0.0,0.0,0.0,0.0,0.0,0.0,0.0,0.0,0.0
4932.YOR220W,0.020762842202399264,0.0017131064380689223,0.4488809488253195,0.0,4.4551788420013e-05,0.0,0.0,0.0,0.0,0.0,0.0,0.0,0.0,0.0
4932.YML058W-A,0.00584435558289757,0.0005243777487079713,0.4089622138080008,0.0,9.695171096424364e-06,0.0,0.0,0.0,0.0,0.0,0.0,0.0,0.0,0.0
4932.YFR017C,0.04583205167640726,0.003636416337960172,0.4690342583510412,0.0,0.00026588103317024583,0.0,0.0,0.0,0.0,0.0,0.0,0.0,0.0,0.0
4932.YNL074C,0.007843740387573055,0.0006348766231071878,0.4173678858754785,0.0,1.020398498920396e-05,0.0,0.0,0.0,0.0,0.0,0.0,0.0,0.0,0.0
4932.YNL144C,0.014149492463857275,0.0012372474731489691,0.4406320346643605,0.0,2.3334262456869426e-05,0.0,0.0,0.0,0.0,0.0,0.0,0.0,0.0,0.0
4932.YAR031W,0.003229775453706552,0.00021258394257035604,0.38919505361735296,0.0,0.00010527325031340215,0.0,0.0,0.0,0.0,0.0,0.0,0.0,0.0,0.0
4932.YBL037W,0.03491233466625654,0.003180413902020348,0.46467395703627895,0.0,8.218872216366492e-05,0.0,0.0,0.0,0.0,0.0,0.0,0.0,0.0,0.0
4932.YMR212C,0.0259920024607813,0.005048471425078544,0.4527592401891949,0.0,6.312405005724311e-05,0.0,0.0,0.0,0.0,0.0,0.0,0.0,0.0,0.0
4932.YER149C,0.03583512765302984,0.005528834100169502,0.4696105091562712,0.0,6.715552359648829e-05,0.0,0.0,0.0,0.0,0.0,0.0,0.0,0.0,0.0
4932.YBR102C,0.02291602583820363,0.002015499138574992,0.4521291827995634,0.0,3.596799219921625e-05,0.0,0.0,0.0,0.0,0.0,0.0,0.0,0.0,0.0
4932.YML075C,0.03998769609350969,0.005643386995119022,0.4693391560271091,0.0,6.352515807365509e-05,0.0,0.0,0.0,0.0,0.0,0.0,0.0,0.0,0.0
4932.YGR198W,0.012150107659181791,0.0013586335422630983,0.4351145450110704,0.0,1.154126411985218e-05,0.0,0.0,0.0,0.0,0.0,0.0,0.0,0.0,0.0
4932.YKL130C,0.01030452168563519,0.001395319211777606,0.4395292623914586,0.0,1.0393232467592704e-05,0.0,0.0,0.0,0.0,0.0,0.0,0.0,0.0,0.0
4932.YKL018W,0.032605352199323284,0.005322346040100537,0.46094918175465166,0.0,5.922487504537651e-05,0.0,0.0,0.0,0.0,0.0,0.0,0.0,0.0,0.0
4932.YPL253C,0.009535527529990772,0.0007561450725328212,0.410123744963098,0.0,1.3249159004485247e-05,0.0,0.0,0.0,0.0,0.0,0.0,0.0,0.0,0.0
4932.YBL060W,0.011073515841279608,0.0010014100628799925,0.4418605069492265,0.0,1.4520958442899551e-05,0.0,0.0,0.0,0.0,0.0,0.0,0.0,0.0,0.0
4932.YBR240C,0.026299600123039068,0.0028825298148972872,0.4646075085939743,0.0,7.50807320969214e-05,0.0,0.0,0.0,0.0,0.0,0.0,0.0,0.0,0.0
4932.YNL245C,0.02829898492771455,0.004722614528279883,0.46301842776081836,0.0,0.0011102102289099946,0.0,0.0,0.0,0.0,0.0,0.0,0.0,0.0,0.0
4932.YLR313C,0.02553060596739465,0.002522348353270192,0.4615057255110316,0.0,8.620329811669821e-05,0.0,0.0,0.0,0.0,0.0,0.0,0.0,0.0,0.0
4932.YER105C,0.042909873884958476,0.007397682870595513,0.46637483780918143,0.0,3.7223213275933886e-05,0.0,0.0,0.0,0.0,0.0,0.0,0.0,0.0,0.0
4932.YIL138C,0.03968009843125193,0.0059067764745428155,0.4713819815158016,0.0,6.35996161270531e-05,0.0,0.0,0.0,0.0,0.0,0.0,0.0,0.0,0.0
4932.YCR054C,0.013226699477083975,0.002042407607145104,0.44060215725490404,0.0,0.00011616155704713891,0.0,0.0,0.0,0.0,0.0,0.0,0.0,0.0,0.0
4932.YJR100C,0.012303906490310674,0.001108483357760707,0.44382218531489137,0.0,2.197084316371933e-05,0.0,0.0,0.0,0.0,0.0,0.0,0.0,0.0,0.0
4932.YDR153C,0.018302060904337128,0.0019185252250823886,0.4524124914847403,0.0,1.915885513762355e-05,0.0,0.0,0.0,0.0,0.0,0.0,0.0,0.0,0.0
4932.YDR063W,0.013688095970470625,0.0013203453313758934,0.44114057129635603,0.0,3.2314971832826164e-05,0.0,0.0,0.0,0.0,0.0,0.0,0.0,0.0,0.0
4932.YDR246W,0.015226084281759459,0.0014832072831302253,0.44261294293272424,0.0,1.749426501434728e-05,0.0,0.0,0.0,0.0,0.0,0.0,0.0,0.0,0.0
4932.YJL024C,0.01707167025530606,0.0014558178611923972,0.4525070066292009,0.0,3.869690207790207e-05,0.0,0.0,0.0,0.0,0.0,0.0,0.0,0.0,0.0
4932.YBR065C,0.0519840049215626,0.010302748598196717,0.47423738251316044,0.0,8.142879674071363e-05,0.0,0.0,0.0,0.0,0.0,0.0,0.0,0.0,0.0
4932.YKR068C,0.0287603814211012,0.0028697573985849763,0.4603287485970052,0.0,8.204484711412924e-05,0.0,0.0,0.0,0.0,0.0,0.0,0.0,0.0,0.0
4932.YFL026W,0.02060904337127038,0.001877065928481287,0.4575734536437804,0.0,0.00014730701388464024,0.0,0.0,0.0,0.0,0.0,0.0,0.0,0.0,0.0
4932.YBR254C,0.03183635804367887,0.0027651571052032583,0.4600028752085038,0.0,0.00017323351313451005,0.0,0.0,0.0,0.0,0.0,0.0,0.0,0.0,0.0
4932.YOR296W,0.022608428175945865,0.002683259600967322,0.45941746430962416,0.0,2.8282987554588074e-05,0.0,0.0,0.0,0.0,0.0,0.0,0.0,0.0,0.0
4932.YDL161W,0.022762227007074746,0.002106812688517288,0.45437386303023036,0.0,2.2313363845825753e-05,0.0,0.0,0.0,0.0,0.0,0.0,0.0,0.0,0.0
4932.YOR280C,0.007689941556444172,0.0009729814888524869,0.428910931696061,0.0,6.615206928620956e-06,0.0,0.0,0.0,0.0,0.0,0.0,0.0,0.0,0.0
4932.YLR097C,0.007843740387573055,0.0007175854285226521,0.4331422887078606,0.0,9.2243069814374e-06,0.0,0.0,0.0,0.0,0.0,0.0,0.0,0.0,0.0
4932.YDR259C,0.037834512457705326,0.004759514842479693,0.4723757353296979,0.0,0.00023299087587555468,0.0,0.0,0.0,0.0,0.0,0.0,0.0,0.0,0.0
4932.YJR161C,0.003229775453706552,0.00020265285598995906,0.3908101651046686,0.0,6.699295182642841e-06,0.0,0.0,0.0,0.0,0.0,0.0,0.0,0.0,0.0
4932.YKL006C-A,0.015995078437403876,0.0011814160476909205,0.4397672316726668,0.0,5.953946723782754e-05,0.0,0.0,0.0,0.0,0.0,0.0,0.0,0.0,0.0
4932.YBR199W,0.006613349738541987,0.000595500268120788,0.4257912728651677,0.0,4.325987930095902e-06,0.0,0.0,0.0,0.0,0.0,0.0,0.0,0.0,0.0
4932.YCR075C,0.011996308828052908,0.0006193211428958975,0.4367816505475112,0.0,3.281909038667072e-05,0.0,0.0,0.0,0.0,0.0,0.0,0.0,0.0,0.0
4932.YDR425W,0.021685635189172565,0.001211450431209326,0.4538660763564521,0.0,4.364557642449257e-05,0.0,0.0,0.0,0.0,0.0,0.0,0.0,0.0,0.0
4932.YNL326C,0.018148262073208243,0.002146834320398922,0.45437386303023036,0.0,2.2968202732725546e-05,0.0,0.0,0.0,0.0,0.0,0.0,0.0,0.0,0.0
4932.YIL044C,0.01076591817902184,0.0009301281268683632,0.4253174901947457,0.0,7.687259399564716e-06,0.0,0.0,0.0,0.0,0.0,0.0,0.0,0.0,0.0
4932.YOL020W,0.0269147954475546,0.0027792865611219334,0.4634807856772699,0.0,4.796993021507011e-05,0.0,0.0,0.0,0.0,0.0,0.0,0.0,0.0,0.0
4932.YHR114W,0.023685019993848047,0.002112670824771585,0.45667303501267303,0.0,4.016395938692039e-05,0.0,0.0,0.0,0.0,0.0,0.0,0.0,0.0,0.0
4932.YML077W,0.021839434020301446,0.0023110319220232918,0.44752070352584883,0.0,3.0836033204790786e-05,0.0,0.0,0.0,0.0,0.0,0.0,0.0,0.0,0.0
4932.YDR084C,0.015072285450630576,0.0011437274336530995,0.44183046271811555,0.0,5.923633692903953e-05,0.0,0.0,0.0,0.0,0.0,0.0,0.0,0.0,0.0
4932.YDR472W,0.019840049215625963,0.0023369177088444237,0.4555205478580669,0.0,4.572766651718797e-05,0.0,0.0,0.0,0.0,0.0,0.0,0.0,0.0,0.0
4932.YOR223W,0.007997539218701938,0.0005092167227208334,0.4260984009964147,0.0,1.3095663507741348e-05,0.0,0.0,0.0,0.0,0.0,0.0,0.0,0.0,0.0
4932.YJR044C,0.013380498308212859,0.00098244564659924,0.4443988931196365,0.0,3.7730693959749047e-05,0.0,0.0,0.0,0.0,0.0,0.0,0.0,0.0,0.0
4932.YLR093C,0.02107043986465703,0.0018009146765547044,0.44931548991808357,0.0,3.54846365689133e-05,0.0,0.0,0.0,0.0,0.0,0.0,0.0,0.0,0.0
4932.YOR327C,0.0259920024607813,0.002846675004457941,0.4665422612862812,0.0,7.590365974761183e-05,0.0,0.0,0.0,0.0,0.0,0.0,0.0,0.0,0.0
4932.YJR084W,0.017840664410950478,0.0027315955431524847,0.4485091534508093,0.0,4.8935642903986556e-05,0.0,0.0,0.0,0.0,0.0,0.0,0.0,0.0,0.0
4932.YHR198C,0.025223008305136883,0.002676537042998603,0.4594824363735911,0.0,6.699473119664661e-05,0.0,0.0,0.0,0.0,0.0,0.0,0.0,0.0,0.0
4932.YBL103C,0.03460473700399877,0.0031284310547780537,0.46328251926389025,0.0,8.882626923662129e-05,0.0,0.0,0.0,0.0,0.0,0.0,0.0,0.0,0.0
4932.YOR028C,0.03721931713318979,0.003375730512507504,0.47289139183431517,0.0,0.00029531731207933483,0.0,0.0,0.0,0.0,0.0,0.0,0.0,0.0,0.0
4932.YNL331C,0.02107043986465703,0.0018704566946943428,0.4510307916426268,0.0,4.357189934235898e-05,0.0,0.0,0.0,0.0,0.0,0.0,0.0,0.0,0.0
4932.YFL047W,0.023531221162719166,0.0027994178402824164,0.4588659427438263,0.0,5.263851878264136e-05,0.0,0.0,0.0,0.0,0.0,0.0,0.0,0.0,0.0
4932.YOR138C,0.018917256228852663,0.002793060393317844,0.45263308826938736,0.0,1.5087458378119634e-05,0.0,0.0,0.0,0.0,0.0,0.0,0.0,0.0,0.0
4932.YPR152C,0.02383881882497693,0.0030737006554813085,0.45828342021266133,0.0,3.6367639813075336e-05,0.0,0.0,0.0,0.0,0.0,0.0,0.0,0.0,0.0
4932.YOR181W,0.034758535835127655,0.0036845966125621165,0.46537281495347166,0.0,5.398699005562951e-05,0.0,0.0,0.0,0.0,0.0,0.0,0.0,0.0,0.0
4932.YHR199C,0.016764072593048292,0.001897748378194362,0.45424680987034777,0.0,2.5144381979322743e-05,0.0,0.0,0.0,0.0,0.0,0.0,0.0,0.0,0.0
4932.YMR041C,0.02645339895416795,0.0027952486576923938,0.4572836463895373,0.0,4.116793941495994e-05,0.0,0.0,0.0,0.0,0.0,0.0,0.0,0.0,0.0
4932.YGR237C,0.008920332205475239,0.0007763222794919489,0.4227441685768867,0.0,2.9366322325767735e-06,0.0,0.0,0.0,0.0,0.0,0.0,0.0,0.0,0.0
4932.YGR032W,0.03860350661334974,0.003904708160125712,0.4682231312289469,0.0,0.00014141415310190854,0.0,0.0,0.0,0.0,0.0,0.0,0.0,0.0,0.0
4932.YOR178C,0.03337434635496771,0.002661716619820103,0.4576701377092072,0.0,6.430822107974321e-05,0.0,0.0,0.0,0.0,0.0,0.0,0.0,0.0,0.0
4932.YPL042C,0.0259920024607813,0.002756514980725784,0.4565126187435243,0.0,2.4225515372624523e-05,0.0,0.0,0.0,0.0,0.0,0.0,0.0,0.0,0.0
4932.YBR147W,0.014149492463857275,0.001128659271442579,0.4452515153621574,0.0,7.607836956617275e-05,0.0,0.0,0.0,0.0,0.0,0.0,0.0,0.0,0.0
4932.YIL071C,0.004613964933866503,0.00030582581847669714,0.4092455356591085,0.0,1.029902220669912e-05,0.0,0.0,0.0,0.0,0.0,0.0,0.0,0.0,0.0
4932.YGR268C,0.04337127037834513,0.004879416591681038,0.475660684810433,0.0,0.0001520826113986412,0.0,0.0,0.0,0.0,0.0,0.0,0.0,0.0,0.0
4932.YGR257C,0.013688095970470625,0.00131215816886087,0.4452515153621574,0.0,2.7496834719714714e-05,0.0,0.0,0.0,0.0,0.0,0.0,0.0,0.0,0.0
4932.YOR023C,0.02722239310981237,0.0031675942964475737,0.4604592272672424,0.0,3.5204836158958354e-05,0.0,0.0,0.0,0.0,0.0,0.0,0.0,0.0,0.0
4932.YMR268C,0.04552445401414949,0.009585688679902605,0.46062242965870315,0.0,4.691270998213626e-05,0.0,0.0,0.0,0.0,0.0,0.0,0.0,0.0,0.0
4932.YOR358W,0.020301445709012614,0.0018247090913983733,0.46098188246277844,0.0,6.231402584158419e-05,0.0,0.0,0.0,0.0,0.0,0.0,0.0,0.0,0.0
4932.YDR235W,0.023685019993848047,0.0035348744440022854,0.45172058499793705,0.0,3.173548803420036e-05,0.0,0.0,0.0,0.0,0.0,0.0,0.0,0.0,0.0
4932.YDL030W,0.06305752076284221,0.012633766474512373,0.4755910572491638,0.0,9.685324657750013e-05,0.0,0.0,0.0,0.0,0.0,0.0,0.0,0.0,0.0
4932.YGR003W,0.0556751768686558,0.007810637573966221,0.47688247579592874,0.0,0.0001455473024905227,0.0,0.0,0.0,0.0,0.0,0.0,0.0,0.0,0.0
4932.YJR093C,0.019532451553368194,0.002851783041279375,0.44919124949504524,0.0,2.558161426021075e-05,0.0,0.0,0.0,0.0,0.0,0.0,0.0,0.0,0.0
4932.YKL095W,0.026760996616425718,0.0035224539523216196,0.45974250850398507,0.0,8.069603507334245e-05,0.0,0.0,0.0,0.0,0.0,0.0,0.0,0.0,0.0
4932.YCR063W,0.03952629960012304,0.007899361553984675,0.4671795682791951,0.0,6.88207777347701e-05,0.0,0.0,0.0,0.0,0.0,0.0,0.0,0.0,0.0
4932.YLR424W,0.031067363888034452,0.0059078144872755575,0.4556483146480138,0.0,3.258086050683021e-05,0.0,0.0,0.0,0.0,0.0,0.0,0.0,0.0,0.0
4932.YOR077W,0.009996924023377422,0.0013734030200499513,0.42919422821633585,0.0,8.083582201340254e-06,0.0,0.0,0.0,0.0,0.0,0.0,0.0,0.0,0.0
4932.YKL052C,0.02107043986465703,0.0024175020891866665,0.4589955933598449,0.0,0.00022382636132790162,0.0,0.0,0.0,0.0,0.0,0.0,0.0,0.0,0.0
4932.YPL151C,0.048292832974469395,0.008449615300756106,0.46791968137072976,0.0,8.830895715951203e-05,0.0,0.0,0.0,0.0,0.0,0.0,0.0,0.0,0.0
4932.YLR116W,0.044140264533989546,0.00822199221668697,0.47216978747241134,0.0,6.230089443890163e-05,0.0,0.0,0.0,0.0,0.0,0.0,0.0,0.0,0.0
4932.YOR148C,0.035373731159643186,0.005339154814763816,0.46173528140377496,0.0,8.647986821148805e-05,0.0,0.0,0.0,0.0,0.0,0.0,0.0,0.0,0.0
4932.YNL138W-A,0.04552445401414949,0.007388474588974915,0.471621470111433,0.0,0.0001607886608981894,0.0,0.0,0.0,0.0,0.0,0.0,0.0,0.0,0.0
4932.YGR129W,0.01568748077514611,0.003172741704104106,0.4236813337155457,0.0,1.0559328495521009e-05,0.0,0.0,0.0,0.0,0.0,0.0,0.0,0.0,0.0
4932.YGR091W,0.04214087972931406,0.007478549761017571,0.4667768562025231,0.0,7.445869386986483e-05,0.0,0.0,0.0,0.0,0.0,0.0,0.0,0.0,0.0
4932.YML046W,0.022147031682559215,0.0038603821324494692,0.4490670777605615,0.0,2.8420805152261526e-05,0.0,0.0,0.0,0.0,0.0,0.0,0.0,0.0,0.0
4932.YDR163W,0.0269147954475546,0.0038126178712326103,0.4551695583633598,0.0,7.867890802385872e-05,0.0,0.0,0.0,0.0,0.0,0.0,0.0,0.0,0.0
4932.YJL006C,0.0287603814211012,0.0035717897251888718,0.4514067811875877,0.0,4.103387072491587e-05,0.0,0.0,0.0,0.0,0.0,0.0,0.0,0.0,0.0
4932.YGR278W,0.030913565056905568,0.0055887563605780165,0.4527276956173152,0.0,2.0574238871150158e-05,0.0,0.0,0.0,0.0,0.0,0.0,0.0,0.0,0.0
4932.YDR409W,0.04044909258689634,0.005052797985418497,0.4691697195086877,0.0,6.350267764194538e-05,0.0,0.0,0.0,0.0,0.0,0.0,0.0,0.0,0.0
4932.YNL042W,0.0019993848046754845,0.00012993188073649617,0.3743087911978874,0.0,5.685176819332983e-07,0.0,0.0,0.0,0.0,0.0,0.0,0.0,0.0,0.0
4932.YDR378C,0.06351891725622885,0.00998657413551741,0.4772677646122163,0.0,0.0003088798257574102,0.0,0.0,0.0,0.0,0.0,0.0,0.0,0.0,0.0
4932.YIR015W,0.018917256228852663,0.0030178902965129427,0.459905203142142,0.0,5.0786619396352565e-05,0.0,0.0,0.0,0.0,0.0,0.0,0.0,0.0,0.0
4932.YMR059W,0.009535527529990772,0.0013627580834356969,0.41750196705187126,0.0,8.805316071387368e-06,0.0,0.0,0.0,0.0,0.0,0.0,0.0,0.0,0.0
4932.YGR030C,0.010458320516764073,0.0019270278195643172,0.41798537342051495,0.0,2.8806807916511935e-05,0.0,0.0,0.0,0.0,0.0,0.0,0.0,0.0,0.0
4932.YHR079C-A,0.014918486619501693,0.0015722403072399548,0.4503431017530892,0.0,0.0002835753947921954,0.0,0.0,0.0,0.0,0.0,0.0,0.0,0.0,0.0
4932.YPL083C,0.016302676099661642,0.0031267324832041305,0.43757579900305216,0.0,1.573474682038805e-05,0.0,0.0,0.0,0.0,0.0,0.0,0.0,0.0,0.0
4932.YGR074W,0.06828668102122425,0.014562269901470751,0.48090590698603647,0.0,0.00038753777378359387,0.0,0.0,0.0,0.0,0.0,0.0,0.0,0.0,0.0
4932.YBR167C,0.02337742233159028,0.0036664630403473765,0.450467980256175,0.0,9.724620005274424e-05,0.0,0.0,0.0,0.0,0.0,0.0,0.0,0.0,0.0
4932.YLR107W,0.04890802829898493,0.01011744610324732,0.47165570263448675,0.0,0.0001265669122859113,0.0,0.0,0.0,0.0,0.0,0.0,0.0,0.0,0.0
4932.YER146W,0.04367886804060289,0.008234600505681628,0.4644746687058845,0.0,7.84787958353588e-05,0.0,0.0,0.0,0.0,0.0,0.0,0.0,0.0,0.0
4932.YPR131C,0.019840049215625963,0.003234945798168938,0.45146950706561,0.0,2.156141911044549e-05,0.0,0.0,0.0,0.0,0.0,0.0,0.0,0.0,0.0
4932.YDR056C,0.01430329129498616,0.0014136436404836674,0.4463219050206281,0.0,4.1830131212487914e-05,0.0,0.0,0.0,0.0,0.0,0.0,0.0,0.0,0.0
4932.YFR043C,0.05059981544140265,0.010996482160231993,0.4740643915660119,0.0,5.145566467021836e-05,0.0,0.0,0.0,0.0,0.0,0.0,0.0,0.0,0.0
4932.YKL058W,0.03906490310673639,0.00597616359762097,0.46647527747274403,0.0,5.838840360893224e-05,0.0,0.0,0.0,0.0,0.0,0.0,0.0,0.0,0.0
4932.YCR090C,0.00584435558289757,0.000978632496686181,0.4106161526189778,0.0,1.500036670616622e-06,0.0,0.0,0.0,0.0,0.0,0.0,0.0,0.0,0.0
4932.YDR478W,0.014610888957243925,0.002830380445372835,0.4280914826533582,0.0,1.8365492074736546e-05,0.0,0.0,0.0,0.0,0.0,0.0,0.0,0.0,0.0
4932.YPR051W,0.01661027376191941,0.002129975536233239,0.450187100955752,0.0,0.00026048878099817386,0.0,0.0,0.0,0.0,0.0,0.0,0.0,0.0,0.0
4932.YGR169C,0.035988926484158724,0.009649858684742057,0.4571228009282676,0.0,1.4841286878789347e-05,0.0,0.0,0.0,0.0,0.0,0.0,0.0,0.0,0.0
4932.YBR022W,0.014149492463857275,0.002887668861183042,0.4442773564334284,0.0,5.7758621884453694e-05,0.0,0.0,0.0,0.0,0.0,0.0,0.0,0.0,0.0
4932.YDL222C,0.042294678560442944,0.003241643318301332,0.4642423815957223,0.0,0.00015605251822727164,0.0,0.0,0.0,0.0,0.0,0.0,0.0,0.0,0.0
4932.YNL195C,0.03752691479544756,0.0031018054606389398,0.4602635369879108,0.0,6.857951737089918e-05,0.0,0.0,0.0,0.0,0.0,0.0,0.0,0.0,0.0
4932.YPL222W,0.03521993232851431,0.0033664499616095525,0.4594499480446386,0.0,0.00019796419625027953,0.0,0.0,0.0,0.0,0.0,0.0,0.0,0.0,0.0
4932.YIL077C,0.023223623500461397,0.0017175497509867754,0.4448857055453461,0.0,6.159881068760201e-05,0.0,0.0,0.0,0.0,0.0,0.0,0.0,0.0,0.0
4932.YOR040W,0.057059366348815754,0.00671262364044527,0.4833742925831529,0.0,0.0001648963202563829,0.0,0.0,0.0,0.0,0.0,0.0,0.0,0.0,0.0
4932.YBR290W,0.019071055059981544,0.001432783259327603,0.45434209307756435,0.0,4.328689813730323e-05,0.0,0.0,0.0,0.0,0.0,0.0,0.0,0.0,0.0
4932.YOR192C,0.018455859735466013,0.0008897894101858746,0.43245046021531514,0.0,4.860720253305981e-05,0.0,0.0,0.0,0.0,0.0,0.0,0.0,0.0,0.0
4932.YNL194C,0.03921870193786527,0.0030496489540299573,0.4588983485307433,0.0,6.669165425591376e-05,0.0,0.0,0.0,0.0,0.0,0.0,0.0,0.0,0.0
4932.YKL187C,0.01430329129498616,0.0011544997353037725,0.4233225156479039,0.0,9.509228104425068e-06,0.0,0.0,0.0,0.0,0.0,0.0,0.0,0.0,0.0
4932.YDR006C,0.015533681944017226,0.0017536788119734091,0.4485401128732881,0.0,9.195189689567531e-06,0.0,0.0,0.0,0.0,0.0,0.0,0.0,0.0,0.0
4932.YJR094C,0.01568748077514611,0.00105310501152174,0.44531254215976734,0.0,7.80191271453749e-05,0.0,0.0,0.0,0.0,0.0,0.0,0.0,0.0,0.0
4932.YKL151C,0.057674561673331286,0.0059816615906592265,0.48186878866854466,0.0,0.0002759556010313384,0.0,0.0,0.0,0.0,0.0,0.0,0.0,0.0,0.0
4932.YMR107W,0.041679483235927406,0.0033758244113671855,0.46160407865279,0.0,0.00014925864685364575,0.0,0.0,0.0,0.0,0.0,0.0,0.0,0.0,0.0
4932.YGR236C,0.019378652722239313,0.0014621937846153333,0.42967669213749415,0.0,2.2898726571688424e-05,0.0,0.0,0.0,0.0,0.0,0.0,0.0,0.0,0.0
4932.YLL019C,0.058904952322362356,0.006550433675089739,0.48201176583304833,0.0,0.000265829563033164,0.0,0.0,0.0,0.0,0.0,0.0,0.0,0.0,0.0
4932.YOL084W,0.04936942479237158,0.0036945565410043835,0.47158724255717577,0.0,0.0003274106713512172,0.0,0.0,0.0,0.0,0.0,0.0,0.0,0.0,0.0
4932.YOR329C,0.02768378960319902,0.0032704642927136223,0.45876875283785123,0.0,9.381726095169919e-05,0.0,0.0,0.0,0.0,0.0,0.0,0.0,0.0,0.0
4932.YIR028W,0.019532451553368194,0.0011442458229233056,0.44702811056654684,0.0,6.593224215129215e-05,0.0,0.0,0.0,0.0,0.0,0.0,0.0,0.0,0.0
4932.YMR181C,0.011842509996924024,0.0009738112022858774,0.4371048442886671,0.0,1.729761298442991e-05,0.0,0.0,0.0,0.0,0.0,0.0,0.0,0.0,0.0
4932.YPL092W,0.02060904337127038,0.001470998129432899,0.44813797346174655,0.0,4.847897338671182e-05,0.0,0.0,0.0,0.0,0.0,0.0,0.0,0.0,0.0
4932.YDR024W,0.00492156259612427,1.366597773804571e-05,0.3464122302588402,0.0,6.503390789126842e-05,0.0,0.0,0.0,0.0,0.0,0.0,0.0,0.0,0.0
4932.YJR023C,0.008766533374346356,7.521664311723264e-05,0.3602595007592906,0.0,0.00021908163755852926,0.0,0.0,0.0,0.0,0.0,0.0,0.0,0.0,0.0
4932.YDL094C,0.0007689941556444171,1.0358627233516058e-06,0.3077287656372099,0.0,2.0867236061931457e-06,0.0,0.0,0.0,0.0,0.0,0.0,0.0,0.0,0.0
4932.YLR232W,0.006305752076284221,0.00010563902181149602,0.37639021172354753,0.0,0.0003883199940864792,0.0,0.0,0.0,0.0,0.0,0.0,0.0,0.0,0.0
4932.YGL239C,0.009996924023377422,3.8566304466442356e-05,0.35825342458900233,0.0,0.00015712713658834978,0.0,0.0,0.0,0.0,0.0,0.0,0.0,0.0,0.0
4932.YJL195C,0.007689941556444172,4.933294221286509e-05,0.36283436345945197,0.0,0.0007003437034160666,0.0,0.0,0.0,0.0,0.0,0.0,0.0,0.0,0.0
4932.YLR222C-A,0.0018455859735466013,1.148933680252944e-06,0.31172946103119814,0.0,0.00013864237224498225,0.0,0.0,0.0,0.0,0.0,0.0,0.0,0.0,0.0
4932.YJL015C,0.004306367271608736,0.00024228157106258793,0.3886828935994332,0.0,0.00011989558995568488,0.0,0.0,0.0,0.0,0.0,0.0,0.0,0.0,0.0
4932.YLL037W,0.003844970778222086,8.100946163443612e-05,0.3648717286313282,0.0,0.00011647524315578781,0.0,0.0,0.0,0.0,0.0,0.0,0.0,0.0,0.0
4932.YJL032W,0.0036911719470932025,1.6740783426914347e-05,0.3347931689007844,0.0,2.6849879851787483e-05,0.0,0.0,0.0,0.0,0.0,0.0,0.0,0.0,0.0
4932.YBR027C,0.0033835742848354355,2.435238293011086e-06,0.3288794723755099,0.0,1.678669986598873e-05,0.0,0.0,0.0,0.0,0.0,0.0,0.0,0.0,0.0
4932.YBL073W,0.006459550907413104,2.2951204734587615e-05,0.35223333777077864,0.0,5.629829377307312e-05,0.0,0.0,0.0,0.0,0.0,0.0,0.0,0.0,0.0
4932.YDL016C,0.006305752076284221,6.337493616771502e-05,0.3704041848711922,0.0,0.0003131073192766918,0.0,0.0,0.0,0.0,0.0,0.0,0.0,0.0,0.0
4932.YER006C-A,0.00015379883112888343,4.812249020533694e-08,0.26203728587770486,0.0,0.0,0.0,0.0,0.0,0.0,0.0,0.0,0.0,0.0,0.0
4932.YDR157W,0.005998154414026454,4.841670065000489e-05,0.3582336741383387,0.0,0.0005391234535474504,0.0,0.0,0.0,0.0,0.0,0.0,0.0,0.0,0.0
4932.YOR300W,0.0033835742848354355,9.534287761386606e-06,0.3389141300367874,0.0,4.172566336484275e-05,0.0,0.0,0.0,0.0,0.0,0.0,0.0,0.0,0.0
4932.YML047W-A,0.0018455859735466013,7.049539305044785e-06,0.336161438965097,0.0,1.92044307677425e-05,0.0,0.0,0.0,0.0,0.0,0.0,0.0,0.0,0.0
4932.YEL033W,0.005998154414026454,0.00032341591924031827,0.40178078372567394,0.0,0.0004871623966906004,0.0,0.0,0.0,0.0,0.0,0.0,0.0,0.0,0.0
4932.YLR269C,0.004767763764995386,8.168275433297896e-06,0.3430653405414352,0.0,9.882157568229649e-05,0.0,0.0,0.0,0.0,0.0,0.0,0.0,0.0,0.0
4932.YPL080C,0.002460781298062135,5.800487279007852e-06,0.32846386368070185,0.0,1.0392198384037684e-05,0.0,0.0,0.0,0.0,0.0,0.0,0.0,0.0,0.0
4932.YMR030W-A,0.002614580129191018,1.61317859724403e-06,0.3249487730757276,0.0,4.326984767007906e-05,0.0,0.0,0.0,0.0,0.0,0.0,0.0,0.0,0.0
4932.YNL303W,0.0033835742848354355,3.435164076699677e-06,0.3298310042736574,0.0,1.1918778936289913e-05,0.0,0.0,0.0,0.0,0.0,0.0,0.0,0.0,0.0
4932.YDR095C,0.002460781298062135,2.6903202716590076e-06,0.32659834213888844,0.0,2.3065982235435213e-05,0.0,0.0,0.0,0.0,0.0,0.0,0.0,0.0,0.0
4932.YCR018C,0.017225469086434943,0.0022102929669273316,0.4566409427403601,0.0,5.828998059768696e-05,0.0,0.0,0.0,0.0,0.0,0.0,0.0,0.0,0.0
4932.YIL097W,0.020455244540141495,0.0015723266876243776,0.4456790545401457,0.0,2.7889401754952565e-05,0.0,0.0,0.0,0.0,0.0,0.0,0.0,0.0,0.0
4932.YGR179C,0.015379883112888343,0.0011438529859836726,0.434039183434328,0.0,1.6851970910062616e-05,0.0,0.0,0.0,0.0,0.0,0.0,0.0,0.0,0.0
4932.YGR275W,0.005536757920639804,0.0008121374611423921,0.4048850778986432,0.0,1.2519659160073625e-06,0.0,0.0,0.0,0.0,0.0,0.0,0.0,0.0,0.0
4932.YLR033W,0.019840049215625963,0.002536123343731451,0.4454957229669083,0.0,1.4398035464826849e-05,0.0,0.0,0.0,0.0,0.0,0.0,0.0,0.0,0.0
4932.YPL233W,0.009996924023377422,0.0008653944203456071,0.42052812679234564,0.0,1.3157611904225058e-05,0.0,0.0,0.0,0.0,0.0,0.0,0.0,0.0,0.0
4932.YPL088W,0.02829898492771455,0.0027664268739574322,0.4668774691187904,0.0,8.754659329894496e-05,0.0,0.0,0.0,0.0,0.0,0.0,0.0,0.0,0.0
4932.YDR532C,0.010458320516764073,0.0007093275300658765,0.4238747955117628,0.0,1.9920058850334012e-05,0.0,0.0,0.0,0.0,0.0,0.0,0.0,0.0,0.0
4932.YGR292W,0.04091048908028299,0.00370234355846853,0.4714845896963666,0.0,0.00014613682169481066,0.0,0.0,0.0,0.0,0.0,0.0,0.0,0.0,0.0
4932.YKR083C,0.013534297139341742,0.0013719788522441512,0.440303605854135,0.0,3.733030106634491e-05,0.0,0.0,0.0,0.0,0.0,0.0,0.0,0.0,0.0
4932.YJR135C,0.00984312519224854,0.0007869108222807367,0.4309590539325723,0.0,4.1082121810709195e-05,0.0,0.0,0.0,0.0,0.0,0.0,0.0,0.0,0.0
4932.YBR299W,0.04214087972931406,0.0038617894012528426,0.47261623501311545,0.0,0.00022887215226689462,0.0,0.0,0.0,0.0,0.0,0.0,0.0,0.0,0.0
4932.YJL216C,0.03721931713318979,0.003202874052746367,0.4759393990474859,0.0,0.00020634979233368777,0.0,0.0,0.0,0.0,0.0,0.0,0.0,0.0,0.0
4932.YGR287C,0.03675792063980314,0.0031139842116113363,0.4693052589336505,0.0,0.00010542585954671531,0.0,0.0,0.0,0.0,0.0,0.0,0.0,0.0,0.0
4932.YLR127C,0.017533066748692712,0.002006741767370146,0.45003120819969006,0.0,2.7023450087226565e-05,0.0,0.0,0.0,0.0,0.0,0.0,0.0,0.0,0.0
4932.YGR113W,0.01476468778837281,0.0010103247006061722,0.439232162714298,0.0,6.731625134409224e-05,0.0,0.0,0.0,0.0,0.0,0.0,0.0,0.0,0.0
4932.YHR014W,0.01568748077514611,0.0007258900062014154,0.43199046770345195,0.0,5.213340929539064e-05,0.0,0.0,0.0,0.0,0.0,0.0,0.0,0.0,0.0
4932.YPL124W,0.015379883112888343,0.0011631597596691028,0.4280068907387251,0.0,1.973353119516024e-05,0.0,0.0,0.0,0.0,0.0,0.0,0.0,0.0,0.0
4932.YPR046W,0.017994463242079362,0.0014556656571144781,0.4384024163537529,0.0,5.8511087794559975e-05,0.0,0.0,0.0,0.0,0.0,0.0,0.0,0.0,0.0
4932.YDR113C,0.029375576745616735,0.0026977694817497495,0.45216064401888,0.0,3.818287945815067e-05,0.0,0.0,0.0,0.0,0.0,0.0,0.0,0.0,0.0
4932.YOR174W,0.010919717010150723,0.0015131195531198774,0.4263779931230528,0.0,8.218107768455314e-06,0.0,0.0,0.0,0.0,0.0,0.0,0.0,0.0,0.0
4932.YKR036C,0.025223008305136883,0.0045942748298632005,0.45747681041927096,0.0,3.692917052339331e-05,0.0,0.0,0.0,0.0,0.0,0.0,0.0,0.0,0.0
4932.YLR145W,0.01076591817902184,0.0016135295452568584,0.41388538950288695,0.0,1.048829337561136e-05,0.0,0.0,0.0,0.0,0.0,0.0,0.0,0.0,0.0
4932.YML042W,0.05183020609043371,0.004610979317531235,0.4769524820313656,0.0,0.00023089920517228518,0.0,0.0,0.0,0.0,0.0,0.0,0.0,0.0,0.0
4932.YCR020W-B,0.008458935712088589,0.0010044911226973297,0.4242068556727591,0.0,2.223085210978017e-05,0.0,0.0,0.0,0.0,0.0,0.0,0.0,0.0,0.0
4932.YOR073W,0.023685019993848047,0.0026767923087771717,0.4561280791236364,0.0,2.2051187648102744e-05,0.0,0.0,0.0,0.0,0.0,0.0,0.0,0.0,0.0
4932.YDR383C,0.012303906490310674,0.0008354966631580112,0.4335179541794199,0.0,6.495830069604154e-05,0.0,0.0,0.0,0.0,0.0,0.0,0.0,0.0,0.0
4932.YFR036W,0.0070747462319286376,0.0006935109483576825,0.41317483405578465,0.0,6.087346540565691e-06,0.0,0.0,0.0,0.0,0.0,0.0,0.0,0.0,0.0
4932.YCL029C,0.014918486619501693,0.0017519148620275848,0.4457707769222285,0.0,1.9657061474872154e-05,0.0,0.0,0.0,0.0,0.0,0.0,0.0,0.0,0.0
4932.YHR153C,0.01122731467240849,0.0004972145978982658,0.41488958084505967,0.0,0.00011740497483519492,0.0,0.0,0.0,0.0,0.0,0.0,0.0,0.0,0.0
4932.YKL089W,0.0529067979083359,0.007378474201779431,0.477022508823618,0.0,0.00012015703137410435,0.0,0.0,0.0,0.0,0.0,0.0,0.0,0.0,0.0
4932.YIL172C,0.033528145186096585,0.002720993265691161,0.47340817537485974,0.0,0.0003005685804631654,0.0,0.0,0.0,0.0,0.0,0.0,0.0,0.0,0.0
4932.YBR233W-A,0.00492156259612427,0.0003308124908252383,0.4105642645602657,0.0,1.2935890909260375e-05,0.0,0.0,0.0,0.0,0.0,0.0,0.0,0.0,0.0
4932.YDR272W,0.06428791141187327,0.007585560382820871,0.4858318216968467,0.0,0.0002694039670216821,0.0,0.0,0.0,0.0,0.0,0.0,0.0,0.0,0.0
4932.YDR201W,0.019378652722239313,0.001387476808782597,0.4550101964284941,0.0,0.00014151512596789282,0.0,0.0,0.0,0.0,0.0,0.0,0.0,0.0,0.0
4932.YDR289C,0.031682559212549984,0.00388569639220012,0.45692993567226814,0.0,5.51054315592467e-05,0.0,0.0,0.0,0.0,0.0,0.0,0.0,0.0,0.0
4932.YIR025W,0.0050753614272531535,0.0002551543161920008,0.3946074339706883,0.0,6.8682658321452845e-06,0.0,0.0,0.0,0.0,0.0,0.0,0.0,0.0,0.0
4932.YDR030C,0.019993848046754845,0.0025745980358905943,0.45590406336878725,0.0,4.097691779158139e-05,0.0,0.0,0.0,0.0,0.0,0.0,0.0,0.0,0.0
4932.YDL177C,0.007382343894186405,0.0010577060289548637,0.4262101938341417,0.0,7.446087754097931e-05,0.0,0.0,0.0,0.0,0.0,0.0,0.0,0.0,0.0
4932.YKR034W,0.031528760381421106,0.0030403307176855186,0.4678523014756516,0.0,0.0004514978208200362,0.0,0.0,0.0,0.0,0.0,0.0,0.0,0.0,0.0
4932.YML131W,0.041987080898185175,0.004370666927286684,0.4678859889973592,0.0,7.889480355478873e-05,0.0,0.0,0.0,0.0,0.0,0.0,0.0,0.0,0.0
4932.YKL071W,0.016917871424177177,0.0017755982923522405,0.4453430618323161,0.0,1.974727992730945e-05,0.0,0.0,0.0,0.0,0.0,0.0,0.0,0.0,0.0
4932.YOL157C,0.03429713934174101,0.0028769002812642397,0.4710402765636335,0.0,0.0001564921278424979,0.0,0.0,0.0,0.0,0.0,0.0,0.0,0.0,0.0
4932.YML111W,0.05782836050446017,0.010297312975624088,0.47870934250739094,0.0,0.00017971030531596505,0.0,0.0,0.0,0.0,0.0,0.0,0.0,0.0,0.0
4932.YLR451W,0.04521685635189173,0.00576754697860489,0.47621844010225906,0.0,0.00011041867382746998,0.0,0.0,0.0,0.0,0.0,0.0,0.0,0.0,0.0
4932.YER090W,0.04690864349430945,0.007960985087246028,0.46580649571292654,0.0,3.827685265989993e-05,0.0,0.0,0.0,0.0,0.0,0.0,0.0,0.0,0.0
4932.YDR287W,0.059981544140264534,0.008805686570684135,0.47998231756502624,0.0,0.00020245938834808985,0.0,0.0,0.0,0.0,0.0,0.0,0.0,0.0,0.0
4932.YLR442C,0.06290372193171333,0.00750953425859556,0.48001777463214335,0.0,0.00019418680309212115,0.0,0.0,0.0,0.0,0.0,0.0,0.0,0.0,0.0
4932.YLR165C,0.03199015687480775,0.006740670266745279,0.46275463717385873,0.0,4.2313742442879026e-05,0.0,0.0,0.0,0.0,0.0,0.0,0.0,0.0,0.0
4932.YIL020C,0.04890802829898493,0.009319580844410657,0.46950871497076047,0.0,8.249237596554985e-05,0.0,0.0,0.0,0.0,0.0,0.0,0.0,0.0,0.0
4932.YLR285W,0.04429406336511843,0.01121955984188055,0.4618665587600629,0.0,4.5059358718683864e-05,0.0,0.0,0.0,0.0,0.0,0.0,0.0,0.0,0.0
4932.YLR427W,0.01122731467240849,0.0013611359190324802,0.44318651038025675,0.0,2.3575980230386234e-05,0.0,0.0,0.0,0.0,0.0,0.0,0.0,0.0,0.0
4932.YLR454W,0.028452783758843435,0.003453234409881602,0.46055713482141364,0.0,6.0792853449598614e-05,0.0,0.0,0.0,0.0,0.0,0.0,0.0,0.0,0.0
4932.YGR169C-A,0.04029529375576746,0.010771753236792114,0.46728035489683045,0.0,0.00016082522692157655,0.0,0.0,0.0,0.0,0.0,0.0,0.0,0.0,0.0
4932.YDR282C,0.003229775453706552,0.00041223444572134886,0.39928724438953694,0.0,9.00453410717568e-07,0.0,0.0,0.0,0.0,0.0,0.0,0.0,0.0,0.0
4932.YKL038W,0.03891110427560751,0.005034937774933164,0.46842564988432267,0.0,9.036784019075404e-05,0.0,0.0,0.0,0.0,0.0,0.0,0.0,0.0,0.0
4932.YDL001W,0.006767148569670871,0.0009719537116006524,0.42545672855335065,0.0,6.166058514520467e-06,0.0,0.0,0.0,0.0,0.0,0.0,0.0,0.0,0.0
4932.YOL098C,0.02722239310981237,0.006570661438967459,0.45997031324381144,0.0,1.4142470307531232e-05,0.0,0.0,0.0,0.0,0.0,0.0,0.0,0.0,0.0
4932.YNL047C,0.0584435558289757,0.014758148344411722,0.4786740784674272,0.0,5.0237256628479054e-05,0.0,0.0,0.0,0.0,0.0,0.0,0.0,0.0,0.0
4932.YAR050W,0.03891110427560751,0.004056117933996141,0.4727537733863459,0.0,0.0002764369662565781,0.0,0.0,0.0,0.0,0.0,0.0,0.0,0.0,0.0
4932.YDR524C,0.008612734543217471,0.0010784828412806098,0.4367229393907739,0.0,4.966864440041367e-06,0.0,0.0,0.0,0.0,0.0,0.0,0.0,0.0,0.0
4932.YBR233W,0.02814518609658567,0.006041826079476419,0.458218786770702,0.0,3.733487360637139e-05,0.0,0.0,0.0,0.0,0.0,0.0,0.0,0.0,0.0
4932.YMR275C,0.05813595816671794,0.008684583538554815,0.48158308865302935,0.0,0.0002663590403515005,0.0,0.0,0.0,0.0,0.0,0.0,0.0,0.0,0.0
4932.YML065W,0.05521378037526915,0.007307418332261138,0.4778995819074299,0.0,0.00011645247292117988,0.0,0.0,0.0,0.0,0.0,0.0,0.0,0.0,0.0
4932.YDR408C,0.08243617348508152,0.018667813245636017,0.4870334743813015,0.0,0.0002017674307608797,0.0,0.0,0.0,0.0,0.0,0.0,0.0,0.0,0.0
4932.YHR074W,0.043217471547216245,0.006394987745729479,0.46872975656029175,0.0,5.935034729607746e-05,0.0,0.0,0.0,0.0,0.0,0.0,0.0,0.0,0.0
4932.YDR397C,0.018609658566594894,0.0024540149747348627,0.45919020671297606,0.0,0.0002123873727924745,0.0,0.0,0.0,0.0,0.0,0.0,0.0,0.0,0.0
4932.YMR301C,0.031221162719163337,0.005249543861071442,0.46331555188558465,0.0,5.009196712518421e-05,0.0,0.0,0.0,0.0,0.0,0.0,0.0,0.0,0.0
4932.YIR011C,0.05183020609043371,0.011159934858179512,0.4711085779159954,0.0,7.57972124661007e-05,0.0,0.0,0.0,0.0,0.0,0.0,0.0,0.0,0.0
4932.YBR033W,0.017994463242079362,0.0027959937391197173,0.4536126083905986,0.0,1.8210985463914915e-05,0.0,0.0,0.0,0.0,0.0,0.0,0.0,0.0,0.0
4932.YDR213W,0.07490003075976623,0.011826265949161367,0.48875521738964456,0.0,0.00031281923041281176,0.0,0.0,0.0,0.0,0.0,0.0,0.0,0.0,0.0
4932.YPR117W,0.013534297139341742,0.001635829668218068,0.44207093102900363,0.0,9.036147519550674e-06,0.0,0.0,0.0,0.0,0.0,0.0,0.0,0.0,0.0
4932.YPL170W,0.025838203629652418,0.0030232404709354317,0.4613418967124831,0.0,5.9433581439206296e-05,0.0,0.0,0.0,0.0,0.0,0.0,0.0,0.0,0.0
4932.YLR198C,0.01168871116579514,0.0015903234384020428,0.3953517045020275,0.0,0.00028880568158157926,0.0,0.0,0.0,0.0,0.0,0.0,0.0,0.0,0.0
4932.YDL065C,0.028914180252230085,0.003178863322280956,0.46791968137072976,0.0,0.00015834327122584977,0.0,0.0,0.0,0.0,0.0,0.0,0.0,0.0,0.0
4932.YOR315W,0.00938172869886189,0.0008633822314098738,0.4127811342393168,0.0,1.17530723935734e-05,0.0,0.0,0.0,0.0,0.0,0.0,0.0,0.0,0.0
4932.YGL110C,0.00984312519224854,0.001231376014357215,0.445893132175621,0.0,6.33842364138796e-05,0.0,0.0,0.0,0.0,0.0,0.0,0.0,0.0,0.0
4932.YPL245W,0.00538295908951092,0.0009546230366142563,0.4082427979641468,0.0,6.394567807833237e-06,0.0,0.0,0.0,0.0,0.0,0.0,0.0,0.0,0.0
4932.YER159C,0.023531221162719166,0.003218414263789453,0.4647071883855628,0.0,7.1113118605883e-05,0.0,0.0,0.0,0.0,0.0,0.0,0.0,0.0,0.0
4932.YKL206C,0.017840664410950478,0.0027869843813053356,0.45146950706561,0.0,1.1464480144845936e-05,0.0,0.0,0.0,0.0,0.0,0.0,0.0,0.0,0.0
4932.YKR045C,0.0019993848046754845,0.00020791694871163436,0.37547674882672627,0.0,5.127436095843771e-07,0.0,0.0,0.0,0.0,0.0,0.0,0.0,0.0,0.0
4932.YNL239W,0.02553060596739465,0.0034748545916815717,0.4571549609677308,0.0,2.756665199874639e-05,0.0,0.0,0.0,0.0,0.0,0.0,0.0,0.0,0.0
4932.YJR099W,0.03214395570593664,0.005460279403035057,0.4693391560271091,0.0,7.618470383286948e-05,0.0,0.0,0.0,0.0,0.0,0.0,0.0,0.0,0.0
4932.YPR105C,0.02060904337127038,0.0020393425386640153,0.4524124914847403,0.0,2.5906238403859987e-05,0.0,0.0,0.0,0.0,0.0,0.0,0.0,0.0,0.0
4932.YML088W,0.024607812980621348,0.0036482358588568516,0.4604592272672424,0.0,3.179716129853742e-05,0.0,0.0,0.0,0.0,0.0,0.0,0.0,0.0,0.0
4932.YPL243W,0.05813595816671794,0.016875257653225367,0.47158724255717577,0.0,3.4491057945053004e-05,0.0,0.0,0.0,0.0,0.0,0.0,0.0,0.0,0.0
4932.YLR420W,0.03891110427560751,0.00789845294681979,0.4655061691521831,0.0,5.7864523300017285e-05,0.0,0.0,0.0,0.0,0.0,0.0,0.0,0.0,0.0
4932.YBR291C,0.02922177791448785,0.004277649782010793,0.4567051317961291,0.0,4.025011635603241e-05,0.0,0.0,0.0,0.0,0.0,0.0,0.0,0.0,0.0
4932.YLR215C,0.030452168563518917,0.005624988508507043,0.4617680937461146,0.0,4.911979128011199e-05,0.0,0.0,0.0,0.0,0.0,0.0,0.0,0.0,0.0
4932.YKR084C,0.020916641033528145,0.005215192556498164,0.44798349639402446,0.0,1.2712636933592563e-05,0.0,0.0,0.0,0.0,0.0,0.0,0.0,0.0,0.0
4932.YER174C,0.035066133497385424,0.005792021855275683,0.4663413675323184,0.0,5.57293969346398e-05,0.0,0.0,0.0,0.0,0.0,0.0,0.0,0.0,0.0
4932.YHL039W,0.058597354660104586,0.014613031496583776,0.47155301997063315,0.0,5.682451797545216e-05,0.0,0.0,0.0,0.0,0.0,0.0,0.0,0.0,0.0
4932.YPR094W,0.04906182713011381,0.008952385588883215,0.4696444503610382,0.0,0.00010949238407564408,0.0,0.0,0.0,0.0,0.0,0.0,0.0,0.0,0.0
4932.YGL050W,0.01876345739772378,0.004091031670251946,0.43204791324437003,0.0,1.1780209123928365e-05,0.0,0.0,0.0,0.0,0.0,0.0,0.0,0.0,0.0
4932.YOR281C,0.01076591817902184,0.0023884437245513994,0.42868456360966645,0.0,3.3567253219948993e-06,0.0,0.0,0.0,0.0,0.0,0.0,0.0,0.0,0.0
4932.YMR241W,0.032605352199323284,0.005045487281825487,0.46130914490950764,0.0,4.982393022542759e-05,0.0,0.0,0.0,0.0,0.0,0.0,0.0,0.0,0.0
4932.YJR133W,0.03275915103045217,0.00797629031139367,0.46039397868749643,0.0,3.714383989117844e-05,0.0,0.0,0.0,0.0,0.0,0.0,0.0,0.0,0.0
4932.YPL244C,0.024146416487234697,0.002776625974412705,0.4551376770466712,0.0,6.893321051762323e-05,0.0,0.0,0.0,0.0,0.0,0.0,0.0,0.0,0.0
4932.YPR175W,0.033835742848354354,0.004193348593456805,0.4579604352100447,0.0,2.4568618530062535e-05,0.0,0.0,0.0,0.0,0.0,0.0,0.0,0.0,0.0
4932.YML105C,0.05782836050446017,0.014800562406550298,0.4715188023507238,0.0,4.59809314502805e-05,0.0,0.0,0.0,0.0,0.0,0.0,0.0,0.0,0.0
4932.YFR010W-A,0.02107043986465703,0.0003871366294499777,0.3902937482849015,0.0,5.0164846809003015e-05,0.0,0.0,0.0,0.0,0.0,0.0,0.0,0.0,0.0
4932.YGR121W-A,0.005536757920639804,9.136300060358795e-06,0.326417873873277,0.0,7.935509441282798e-06,0.0,0.0,0.0,0.0,0.0,0.0,0.0,0.0,0.0
4932.YJL205C,0.024761611811750232,0.0006540718889303307,0.4263500174001263,0.0,0.0004141858454897936,0.0,0.0,0.0,0.0,0.0,0.0,0.0,0.0,0.0
4932.YNL146C-A,0.001076591817902184,5.7489975495744635e-06,0.32546960256425367,0.0,6.344137824115648e-07,0.0,0.0,0.0,0.0,0.0,0.0,0.0,0.0,0.0
4932.YBL039W-B,0.024915410642879117,0.0004464211565551237,0.40790964313843847,0.0,0.0002680402098210801,0.0,0.0,0.0,0.0,0.0,0.0,0.0,0.0,0.0
4932.YLR264C-A,0.017686865579821593,0.0005292297896901025,0.39891955400548373,0.0,0.0001268524284584183,0.0,0.0,0.0,0.0,0.0,0.0,0.0,0.0,0.0
4932.YHR032W-A,0.021839434020301446,0.00040156174092163496,0.393913713336283,0.0,6.69798196197352e-05,0.0,0.0,0.0,0.0,0.0,0.0,0.0,0.0,0.0
4932.YAL037C-B,0.001076591817902184,0.00025238507497256764,0.3700455931204627,0.0,0.0,0.0,0.0,0.0,0.0,0.0,0.0,0.0,0.0,0.0
4932.YCR013C,0.005229160258382036,0.0006232288024145876,0.4000000378698261,0.0,3.402533218439775e-05,0.0,0.0,0.0,0.0,0.0,0.0,0.0,0.0,0.0
4932.YKL153W,0.005998154414026454,0.000470808755165129,0.38724675895085364,0.0,7.209134955505454e-05,0.0,0.0,0.0,0.0,0.0,0.0,0.0,0.0,0.0
4932.YGL016W,0.02722239310981237,0.0054063878891501835,0.45424680987034777,0.0,2.264288004298753e-05,0.0,0.0,0.0,0.0,0.0,0.0,0.0,0.0,0.0
4932.YBR035C,0.043832666871731776,0.005271379583713172,0.4700181276813978,0.0,8.500878533682004e-05,0.0,0.0,0.0,0.0,0.0,0.0,0.0,0.0,0.0
4932.YHR163W,0.03906490310673639,0.006067672561409696,0.4655395196443133,0.0,6.168863711023467e-05,0.0,0.0,0.0,0.0,0.0,0.0,0.0,0.0,0.0
4932.YPR097W,0.014457090126115043,0.0013906074823600472,0.45106210018015586,0.0,1.5171632722791989e-05,0.0,0.0,0.0,0.0,0.0,0.0,0.0,0.0,0.0
4932.YOL028C,0.011073515841279608,0.0009573013500789824,0.4278378071632423,0.0,2.830042541351148e-05,0.0,0.0,0.0,0.0,0.0,0.0,0.0,0.0,0.0
4932.YIR031C,0.050753614272531535,0.00515086451456892,0.47378786840651294,0.0,0.0001525121980773986,0.0,0.0,0.0,0.0,0.0,0.0,0.0,0.0,0.0
4932.YOR143C,0.022608428175945865,0.004384379585364724,0.4524124914847403,0.0,2.9105450730161765e-05,0.0,0.0,0.0,0.0,0.0,0.0,0.0,0.0,0.0
4932.YDR380W,0.030759766225776686,0.004052071651772786,0.4544374162665448,0.0,2.093939425481725e-05,0.0,0.0,0.0,0.0,0.0,0.0,0.0,0.0,0.0
4932.YPL032C,0.03829590895109197,0.009285598166023168,0.46597351130837755,0.0,7.513859657714135e-05,0.0,0.0,0.0,0.0,0.0,0.0,0.0,0.0,0.0
4932.YPL188W,0.03337434635496771,0.0035054020673109237,0.4630514227317982,0.0,8.093364115526513e-05,0.0,0.0,0.0,0.0,0.0,0.0,0.0,0.0,0.0
4932.YKR070W,0.03214395570593664,0.004212514385262894,0.4655395196443133,0.0,4.9800611994234516e-05,0.0,0.0,0.0,0.0,0.0,0.0,0.0,0.0,0.0
4932.YHR001W,0.013534297139341742,0.0013325082680747463,0.4429146353483283,0.0,1.419603974125111e-05,0.0,0.0,0.0,0.0,0.0,0.0,0.0,0.0,0.0
4932.YKL178C,0.008305136880959706,0.0004910254422545679,0.42359847556683994,0.0,4.581323939753183e-05,0.0,0.0,0.0,0.0,0.0,0.0,0.0,0.0,0.0
4932.YOL057W,0.01707167025530606,0.0024289256890657933,0.45431032756731626,0.0,4.8407370932406284e-05,0.0,0.0,0.0,0.0,0.0,0.0,0.0,0.0,0.0
4932.YMR238W,0.021378037526914796,0.0019974085251136613,0.4521921096169328,0.0,2.959894083112976e-05,0.0,0.0,0.0,0.0,0.0,0.0,0.0,0.0,0.0
4932.YHR131C,0.01076591817902184,0.0015398763316704983,0.4465979804257955,0.0,5.20148303089823e-06,0.0,0.0,0.0,0.0,0.0,0.0,0.0,0.0,0.0
4932.YPL206C,0.04352506920947401,0.0045565095984228,0.46995014212738295,0.0,0.00010899456105777957,0.0,0.0,0.0,0.0,0.0,0.0,0.0,0.0,0.0
4932.YJL213W,0.024761611811750232,0.0025592670384223504,0.4573802080098068,0.0,6.108469743006605e-05,0.0,0.0,0.0,0.0,0.0,0.0,0.0,0.0,0.0
4932.YGR068C,0.006767148569670871,0.000525846091842268,0.4164317236090313,0.0,4.963242076721677e-06,0.0,0.0,0.0,0.0,0.0,0.0,0.0,0.0,0.0
4932.YMR099C,0.013380498308212859,0.002328570124745409,0.4393806623297941,0.0,5.962768271761562e-06,0.0,0.0,0.0,0.0,0.0,0.0,0.0,0.0,0.0
4932.YIR027C,0.030452168563518917,0.002941971081846927,0.4634146780199205,0.0,0.00012187246223579315,0.0,0.0,0.0,0.0,0.0,0.0,0.0,0.0,0.0
4932.YLR363C,0.0036911719470932025,0.0005129043039329963,0.40546615594629504,0.0,8.182624190044443e-06,0.0,0.0,0.0,0.0,0.0,0.0,0.0,0.0,0.0
4932.YDL198C,0.023992617656105816,0.003185301057863534,0.4514381419477091,0.0,2.687390240982895e-05,0.0,0.0,0.0,0.0,0.0,0.0,0.0,0.0,0.0
4932.YGR087C,0.049523223623500465,0.00534145163017017,0.46697812541827705,0.0,0.00010503225612953686,0.0,0.0,0.0,0.0,0.0,0.0,0.0,0.0,0.0
4932.YBR287W,0.012457705321439558,0.001350573719138757,0.4407515848331632,0.0,1.695112540161041e-05,0.0,0.0,0.0,0.0,0.0,0.0,0.0,0.0,0.0
4932.YER072W,0.019532451553368194,0.0019942617007603553,0.46457429149891505,0.0,0.0001511298175560133,0.0,0.0,0.0,0.0,0.0,0.0,0.0,0.0,0.0
4932.YNL066W,0.06013534297139342,0.010204743472782565,0.4826920676864748,0.0,0.00020368494244866624,0.0,0.0,0.0,0.0,0.0,0.0,0.0,0.0,0.0
4932.YPR128C,0.012765302983697324,0.0012340455337189727,0.4399756662736356,0.0,2.6255805254425073e-05,0.0,0.0,0.0,0.0,0.0,0.0,0.0,0.0,0.0
4932.YOL136C,0.031682559212549984,0.004065471394046956,0.46467395703627895,0.0,0.00010661137027559672,0.0,0.0,0.0,0.0,0.0,0.0,0.0,0.0,0.0
4932.YNL289W,0.016456474930790527,0.001848028369035716,0.44090111380074126,0.0,2.7529808810549087e-05,0.0,0.0,0.0,0.0,0.0,0.0,0.0,0.0,0.0
4932.YCR105W,0.029375576745616735,0.0034907793995941766,0.4570263479529698,0.0,5.1688842120297686e-05,0.0,0.0,0.0,0.0,0.0,0.0,0.0,0.0,0.0
4932.YOR278W,0.030298369732390036,0.0035320005005342182,0.4611127317056007,0.0,7.451646946179086e-05,0.0,0.0,0.0,0.0,0.0,0.0,0.0,0.0,0.0
4932.YNR008W,0.02153183635804368,0.0019021104144443899,0.4540563633006306,0.0,4.146934114575571e-05,0.0,0.0,0.0,0.0,0.0,0.0,0.0,0.0,0.0
4932.YOR344C,0.019840049215625963,0.002654755321319305,0.4528223425223223,0.0,1.886886957160434e-05,0.0,0.0,0.0,0.0,0.0,0.0,0.0,0.0,0.0
4932.YPR006C,0.04706244232543833,0.005018302832434963,0.4703583507198932,0.0,7.236544842433319e-05,0.0,0.0,0.0,0.0,0.0,0.0,0.0,0.0,0.0
4932.YLR278C,0.025223008305136883,0.0029850012933480036,0.4600028752085038,0.0,4.077722132714554e-05,0.0,0.0,0.0,0.0,0.0,0.0,0.0,0.0,0.0
4932.YNR050C,0.0287603814211012,0.004185437240815112,0.45310652082806807,0.0,1.4885620217781397e-05,0.0,0.0,0.0,0.0,0.0,0.0,0.0,0.0,0.0
4932.YJL062W-A,0.027529990772070134,0.0036912567651491207,0.45263308826938736,0.0,3.787608430384148e-05,0.0,0.0,0.0,0.0,0.0,0.0,0.0,0.0,0.0
4932.YJL035C,0.04306367271608736,0.008642807257797577,0.4660069288005827,0.0,6.565506901995336e-05,0.0,0.0,0.0,0.0,0.0,0.0,0.0,0.0,0.0
4932.YBR120C,0.022608428175945865,0.0026411229345766275,0.44060215725490404,0.0,0.00011264978777447812,0.0,0.0,0.0,0.0,0.0,0.0,0.0,0.0,0.0
4932.YKL093W,0.027991387265456785,0.0020973901619982757,0.45200338169138315,0.0,6.772659856188084e-05,0.0,0.0,0.0,0.0,0.0,0.0,0.0,0.0,0.0
4932.YHR116W,0.021839434020301446,0.002489203103951324,0.442010789415368,0.0,3.558495420811123e-05,0.0,0.0,0.0,0.0,0.0,0.0,0.0,0.0,0.0
4932.YLR203C,0.027068594278683484,0.00399217690176168,0.4516891849850775,0.0,0.00012531606085631501,0.0,0.0,0.0,0.0,0.0,0.0,0.0,0.0,0.0
4932.YNR045W,0.011073515841279608,0.0009486128083322867,0.4218385234481514,0.0,2.3404598445264848e-05,0.0,0.0,0.0,0.0,0.0,0.0,0.0,0.0,0.0
4932.YLR091W,0.006767148569670871,0.0006653621897696173,0.40640444150324123,0.0,7.67557488405668e-06,0.0,0.0,0.0,0.0,0.0,0.0,0.0,0.0,0.0
4932.YHR083W,0.01384189480159951,0.0015242269881147964,0.4407216912096666,0.0,9.369449926077158e-06,0.0,0.0,0.0,0.0,0.0,0.0,0.0,0.0,0.0
4932.YAR035W,0.0278375884343279,0.002655694131428404,0.45641642306632896,0.0,8.339533263195732e-05,0.0,0.0,0.0,0.0,0.0,0.0,0.0,0.0,0.0
4932.YDR379C-A,0.015533681944017226,0.001381374864428249,0.4236260913485445,0.0,1.723024950463009e-05,0.0,0.0,0.0,0.0,0.0,0.0,0.0,0.0,0.0
4932.YOL071W,0.036911719470932025,0.0041440296546271915,0.4648069109581777,0.0,7.679277934616599e-05,0.0,0.0,0.0,0.0,0.0,0.0,0.0,0.0,0.0
4932.YKL019W,0.01430329129498616,0.0014519829012599604,0.44792173538259633,0.0,2.5220351330310197e-05,0.0,0.0,0.0,0.0,0.0,0.0,0.0,0.0,0.0
4932.YFR049W,0.013688095970470625,0.0014673409027483708,0.41957775006103987,0.0,9.362536234131112e-06,0.0,0.0,0.0,0.0,0.0,0.0,0.0,0.0,0.0
4932.YDR511W,0.02060904337127038,0.0023454119180783125,0.4332578087208511,0.0,8.046363759656767e-05,0.0,0.0,0.0,0.0,0.0,0.0,0.0,0.0,0.0
4932.YKL045W,0.041064287911411874,0.0054587908089755105,0.4653061665016344,0.0,5.0660761266893754e-05,0.0,0.0,0.0,0.0,0.0,0.0,0.0,0.0,0.0
4932.YPL049C,0.01707167025530606,0.0015615080243460634,0.4440951759974935,0.0,5.951212522631713e-05,0.0,0.0,0.0,0.0,0.0,0.0,0.0,0.0,0.0
4932.YOR092W,0.006767148569670871,0.0006129429106886134,0.42623815120992614,0.0,4.212246419550329e-06,0.0,0.0,0.0,0.0,0.0,0.0,0.0,0.0,0.0
4932.YOR372C,0.02014764687788373,0.0018900630273283843,0.4409908798910977,0.0,2.9502740862991062e-05,0.0,0.0,0.0,0.0,0.0,0.0,0.0,0.0,0.0
4932.YJR046W,0.05275299907720701,0.0067053933691416856,0.47340817537485974,0.0,9.322113158431759e-05,0.0,0.0,0.0,0.0,0.0,0.0,0.0,0.0,0.0
4932.YDR386W,0.04613964933866503,0.004084459372909962,0.47012014290228077,0.0,0.00012654970486311752,0.0,0.0,0.0,0.0,0.0,0.0,0.0,0.0,0.0
4932.YIL122W,0.004613964933866503,0.00041333993019551814,0.40192989516888256,0.0,1.4906001385884906e-06,0.0,0.0,0.0,0.0,0.0,0.0,0.0,0.0,0.0
4932.YLR452C,0.03199015687480775,0.0040700118559757375,0.4672131589872969,0.0,0.00019504320004064922,0.0,0.0,0.0,0.0,0.0,0.0,0.0,0.0,0.0
4932.YHR071W,0.008305136880959706,0.0009401507861360274,0.43115922070170026,0.0,8.075891722217088e-06,0.0,0.0,0.0,0.0,0.0,0.0,0.0,0.0,0.0
4932.YBR158W,0.033835742848354354,0.004824839090283048,0.4671124013511124,0.0,8.688349185434053e-05,0.0,0.0,0.0,0.0,0.0,0.0,0.0,0.0,0.0
4932.YDL008W,0.030913565056905568,0.0044390821402929955,0.4642092166877643,0.0,0.0001169967636889133,0.0,0.0,0.0,0.0,0.0,0.0,0.0,0.0,0.0
4932.YBR083W,0.03629652414641649,0.0035984695819590144,0.4714845896963666,0.0,0.00014675468845018176,0.0,0.0,0.0,0.0,0.0,0.0,0.0,0.0,0.0
4932.YDL127W,0.012919101814826209,0.0011178399766421504,0.43073051936864143,0.0,1.6370582158404752e-05,0.0,0.0,0.0,0.0,0.0,0.0,0.0,0.0,0.0
4932.YDR156W,0.012457705321439558,0.003256042262274241,0.4285149442887975,0.0,4.750429618212662e-05,0.0,0.0,0.0,0.0,0.0,0.0,0.0,0.0,0.0
4932.YFL034C-B,0.014149492463857275,0.0016046696184064194,0.44243212468137294,0.0,2.3184014678000538e-05,0.0,0.0,0.0,0.0,0.0,0.0,0.0,0.0,0.0
4932.YOR343C,0.001076591817902184,3.894127449857312e-05,0.3513572301933235,0.0,6.601053574811555e-07,0.0,0.0,0.0,0.0,0.0,0.0,0.0,0.0,0.0
4932.YLL022C,0.037834512457705326,0.005257715362072024,0.4675493319323158,0.0,4.147640099164156e-05,0.0,0.0,0.0,0.0,0.0,0.0,0.0,0.0,0.0
4932.YIR019C,0.04337127037834513,0.004318766638595868,0.482477028155281,0.0,0.00043535831829027917,0.0,0.0,0.0,0.0,0.0,0.0,0.0,0.0,0.0
4932.YOR066W,0.011842509996924024,0.0012151062859423682,0.4246226632160573,0.0,6.7472428371572125e-06,0.0,0.0,0.0,0.0,0.0,0.0,0.0,0.0,0.0
4932.YKR072C,0.02768378960319902,0.003746426483795089,0.4624911469889911,0.0,4.722636902644269e-05,0.0,0.0,0.0,0.0,0.0,0.0,0.0,0.0,0.0
4932.YBL035C,0.04367886804060289,0.005292723402042103,0.4638447151970394,0.0,5.092540621355739e-05,0.0,0.0,0.0,0.0,0.0,0.0,0.0,0.0,0.0
4932.YGR041W,0.009074131036604122,0.0007000234269251152,0.41640503782091154,0.0,7.434175396887591e-06,0.0,0.0,0.0,0.0,0.0,0.0,0.0,0.0,0.0
4932.YDR103W,0.014457090126115043,0.0011299516320129608,0.43552282943668397,0.0,3.0693923880224534e-05,0.0,0.0,0.0,0.0,0.0,0.0,0.0,0.0,0.0
4932.YKL189W,0.013534297139341742,0.0012342913283715804,0.44234177094590366,0.0,1.2490651084098569e-05,0.0,0.0,0.0,0.0,0.0,0.0,0.0,0.0,0.0
4932.YPR122W,0.01968625038449708,0.0017925269074237323,0.4570906454132896,0.0,7.706529096666989e-05,0.0,0.0,0.0,0.0,0.0,0.0,0.0,0.0,0.0
4932.YIL015W,0.02383881882497693,0.0029334990852249547,0.4678859889973592,0.0,0.00010443791349137368,0.0,0.0,0.0,0.0,0.0,0.0,0.0,0.0,0.0
4932.YDL235C,0.015226084281759459,0.002424379412487656,0.45099948745109136,0.0,1.4279489641058273e-05,0.0,0.0,0.0,0.0,0.0,0.0,0.0,0.0,0.0
4932.YBR040W,0.010150722854506307,0.0005161871163318897,0.4230744589618676,0.0,9.082702356663401e-05,0.0,0.0,0.0,0.0,0.0,0.0,0.0,0.0,0.0
4932.YLR225C,0.0036911719470932025,0.000485158217386432,0.4158188145642366,0.0,6.607195812800909e-07,0.0,0.0,0.0,0.0,0.0,0.0,0.0,0.0,0.0
4932.YLL007C,0.005690556751768687,0.0006375713401838453,0.4259029045811971,0.0,1.2890915537578476e-06,0.0,0.0,0.0,0.0,0.0,0.0,0.0,0.0,0.0
4932.YDR182W,0.02060904337127038,0.0017923760753946606,0.45974250850398507,0.0,8.518747373187928e-05,0.0,0.0,0.0,0.0,0.0,0.0,0.0,0.0,0.0
4932.YDL073W,0.004306367271608736,0.0004465806866846421,0.40760259786697556,0.0,8.751448087200314e-07,0.0,0.0,0.0,0.0,0.0,0.0,0.0,0.0,0.0
4932.YLR353W,0.005229160258382036,0.000519131135400856,0.4139381204736479,0.0,1.467602214273475e-06,0.0,0.0,0.0,0.0,0.0,0.0,0.0,0.0,0.0
4932.YIL117C,0.009996924023377422,0.0006893754571172143,0.427922332248622,0.0,1.311393319304292e-05,0.0,0.0,0.0,0.0,0.0,0.0,0.0,0.0,0.0
4932.YOR337W,0.04613964933866503,0.007315942197823354,0.4738569689488314,0.0,0.00023246562590258421,0.0,0.0,0.0,0.0,0.0,0.0,0.0,0.0,0.0
4932.YJR086W,0.012765302983697324,0.0010006261702183363,0.4395887305638834,0.0,0.00011792182294393695,0.0,0.0,0.0,0.0,0.0,0.0,0.0,0.0,0.0
4932.YDR162C,0.031528760381421106,0.0031697727555840592,0.46130914490950764,0.0,6.463188781727221e-05,0.0,0.0,0.0,0.0,0.0,0.0,0.0,0.0,0.0
4932.YCL055W,0.031067363888034452,0.0044225902143090546,0.46791968137072976,0.0,0.00015745932412070994,0.0,0.0,0.0,0.0,0.0,0.0,0.0,0.0,0.0
4932.YDR351W,0.010919717010150723,0.0011416856391027936,0.440303605854135,0.0,9.374059649166512e-06,0.0,0.0,0.0,0.0,0.0,0.0,0.0,0.0,0.0
4932.YJR114W,0.002460781298062135,0.00014126289172135758,0.3756938376038,0.0,0.00020908155678153409,0.0,0.0,0.0,0.0,0.0,0.0,0.0,0.0,0.0
4932.YML031C-A,0.0009227929867733006,2.367505773611074e-06,0.3222095807604168,0.0,1.2748198281406518e-05,0.0,0.0,0.0,0.0,0.0,0.0,0.0,0.0,0.0
4932.YDR187C,0.002614580129191018,0.00016683710628045764,0.3776150985120481,0.0,0.000212674326656376,0.0,0.0,0.0,0.0,0.0,0.0,0.0,0.0,0.0
4932.YGL199C,0.0018455859735466013,8.924399761578491e-06,0.3350521096831662,0.0,4.729433106970844e-05,0.0,0.0,0.0,0.0,0.0,0.0,0.0,0.0,0.0
4932.YDL096C,0.008151338049830821,0.00016489402721401602,0.4009873875467649,0.0,0.0008380296474805748,0.0,0.0,0.0,0.0,0.0,0.0,0.0,0.0,0.0
4932.YLR428C,0.0009227929867733006,1.7976368001647158e-06,0.3187638270883162,0.0,9.627681626905668e-06,0.0,0.0,0.0,0.0,0.0,0.0,0.0,0.0,0.0
4932.YCR049C,0.003844970778222086,9.890477332508091e-06,0.3435914030877392,0.0,8.51677578953822e-05,0.0,0.0,0.0,0.0,0.0,0.0,0.0,0.0,0.0
4932.YEL052W,0.012919101814826209,0.0021078511865138807,0.4341841918478768,0.0,4.220902068389915e-06,0.0,0.0,0.0,0.0,0.0,0.0,0.0,0.0,0.0
4932.YKR053C,0.01968625038449708,0.0016475758410513252,0.46232661794345964,0.0,5.779782374841e-05,0.0,0.0,0.0,0.0,0.0,0.0,0.0,0.0,0.0
4932.YDR189W,0.026145801291910183,0.002695763192415987,0.45071794514776475,0.0,4.1933324172253934e-05,0.0,0.0,0.0,0.0,0.0,0.0,0.0,0.0,0.0
4932.YHR151C,0.02829898492771455,0.00393155508523809,0.4606550840206525,0.0,2.3409885412283e-05,0.0,0.0,0.0,0.0,0.0,0.0,0.0,0.0,0.0
4932.YLR137W,0.019071055059981544,0.002480501539135861,0.4488499423357964,0.0,3.5051609391795496e-05,0.0,0.0,0.0,0.0,0.0,0.0,0.0,0.0,0.0
4932.YGR010W,0.02952937557674562,0.004860041044820446,0.461669670706595,0.0,5.285185713089962e-05,0.0,0.0,0.0,0.0,0.0,0.0,0.0,0.0,0.0
4932.YPR121W,0.017686865579821593,0.002001779887370634,0.4496575057224638,0.0,3.9623090054900044e-05,0.0,0.0,0.0,0.0,0.0,0.0,0.0,0.0,0.0
4932.YCR015C,0.012919101814826209,0.0017287370579130632,0.44078148251223204,0.0,9.999114018697243e-06,0.0,0.0,0.0,0.0,0.0,0.0,0.0,0.0,0.0
4932.YKL098W,0.0036911719470932025,0.0002136658851416531,0.3994345104004994,0.0,6.265314696428668e-06,0.0,0.0,0.0,0.0,0.0,0.0,0.0,0.0,0.0
4932.YNL082W,0.03906490310673639,0.005053337158381075,0.4655395196443133,0.0,4.913384124681453e-05,0.0,0.0,0.0,0.0,0.0,0.0,0.0,0.0,0.0
4932.YKL179C,0.01430329129498616,0.0013355426635337719,0.4444900892807528,0.0,1.427100694644604e-05,0.0,0.0,0.0,0.0,0.0,0.0,0.0,0.0,0.0
4932.YGL255W,0.018148262073208243,0.0013184038105798763,0.4509056009433991,0.0,4.7934043948378965e-05,0.0,0.0,0.0,0.0,0.0,0.0,0.0,0.0,0.0
4932.YPR194C,0.013534297139341742,0.000555556809619607,0.42950628694529214,0.0,6.584765381971051e-05,0.0,0.0,0.0,0.0,0.0,0.0,0.0,0.0,0.0
4932.YNL218W,0.028914180252230085,0.0034016770778007672,0.46748205864714565,0.0,7.747506567240583e-05,0.0,0.0,0.0,0.0,0.0,0.0,0.0,0.0,0.0
4932.YDR144C,0.04429406336511843,0.009295471351962672,0.4713819815158016,0.0,9.359809099723479e-05,0.0,0.0,0.0,0.0,0.0,0.0,0.0,0.0,0.0
4932.YAR033W,0.003998769609350969,0.000155653872411517,0.38381574809186797,0.0,3.4475417973382106e-05,0.0,0.0,0.0,0.0,0.0,0.0,0.0,0.0,0.0
4932.YPL258C,0.01922485389111043,0.002104045961935078,0.4496575057224638,0.0,2.889015004528252e-05,0.0,0.0,0.0,0.0,0.0,0.0,0.0,0.0,0.0
4932.YOR249C,0.03214395570593664,0.003981128670692927,0.4662409855202213,0.0,6.974611613819489e-05,0.0,0.0,0.0,0.0,0.0,0.0,0.0,0.0,0.0
4932.YOL055C,0.023531221162719166,0.0025857873759359724,0.45446919955205795,0.0,3.871455947851001e-05,0.0,0.0,0.0,0.0,0.0,0.0,0.0,0.0,0.0
4932.YPL164C,0.03645032297754537,0.004082536770742674,0.46798708067665284,0.0,8.52705327490141e-05,0.0,0.0,0.0,0.0,0.0,0.0,0.0,0.0,0.0
4932.YKL005C,0.014918486619501693,0.0015941847402385046,0.4421010079735559,0.0,9.520690923523058e-06,0.0,0.0,0.0,0.0,0.0,0.0,0.0,0.0,0.0
4932.YDL108W,0.03245155336819441,0.0038461758520307704,0.46232661794345964,0.0,7.386290836473405e-05,0.0,0.0,0.0,0.0,0.0,0.0,0.0,0.0,0.0
4932.YNL251C,0.04044909258689634,0.007802535165609002,0.46839188461005726,0.0,6.020180295453241e-05,0.0,0.0,0.0,0.0,0.0,0.0,0.0,0.0,0.0
4932.YOR250C,0.009996924023377422,0.0013734446635010101,0.43488158313447495,0.0,4.66737565155102e-06,0.0,0.0,0.0,0.0,0.0,0.0,0.0,0.0,0.0
4932.YMR095C,0.016456474930790527,0.001354765418107583,0.435347756612309,0.0,2.5999203035733726e-05,0.0,0.0,0.0,0.0,0.0,0.0,0.0,0.0,0.0
4932.YDR236C,0.040756690249154105,0.00527921102696503,0.46950871497076047,0.0,0.00011871577229420685,0.0,0.0,0.0,0.0,0.0,0.0,0.0,0.0,0.0
4932.YMR130W,0.024761611811750232,0.002955438964136835,0.46196506577529683,0.0,4.190212353999426e-05,0.0,0.0,0.0,0.0,0.0,0.0,0.0,0.0,0.0
4932.YDR384C,0.021839434020301446,0.0023653263514548852,0.4560960633954745,0.0,4.163863418978779e-05,0.0,0.0,0.0,0.0,0.0,0.0,0.0,0.0,0.0
4932.YDR305C,0.04429406336511843,0.007564725846576072,0.4724444245452468,0.0,0.00010463501797756498,0.0,0.0,0.0,0.0,0.0,0.0,0.0,0.0,0.0
4932.YPR176C,0.01707167025530606,0.0019160173405272027,0.4483234866286273,0.0,2.3418197402951548e-05,0.0,0.0,0.0,0.0,0.0,0.0,0.0,0.0,0.0
4932.YAL044W-A,0.024300215318363582,0.002938011439781321,0.44616867723120873,0.0,2.9533191457530822e-05,0.0,0.0,0.0,0.0,0.0,0.0,0.0,0.0,0.0
4932.YBR256C,0.03214395570593664,0.0037952424452044288,0.45919020671297606,0.0,6.911982547775097e-05,0.0,0.0,0.0,0.0,0.0,0.0,0.0,0.0,0.0
4932.YPR172W,0.01168871116579514,0.0014943103989207345,0.4379591976272376,0.0,5.956974890452254e-06,0.0,0.0,0.0,0.0,0.0,0.0,0.0,0.0,0.0
4932.YER183C,0.027529990772070134,0.003929931281414625,0.4615057255110316,0.0,3.965265152239898e-05,0.0,0.0,0.0,0.0,0.0,0.0,0.0,0.0,0.0
4932.YPL134C,0.019532451553368194,0.001832348252386063,0.4408711998911272,0.0,4.362670361671536e-05,0.0,0.0,0.0,0.0,0.0,0.0,0.0,0.0,0.0
4932.YDR016C,0.016302676099661642,0.0012209184160020961,0.4469358700870297,0.0,5.7789093398810447e-05,0.0,0.0,0.0,0.0,0.0,0.0,0.0,0.0,0.0
4932.YPL156C,0.02153183635804368,0.003001559622722269,0.4550739278097433,0.0,0.0001157947201623736,0.0,0.0,0.0,0.0,0.0,0.0,0.0,0.0,0.0
4932.YGR262C,0.024146416487234697,0.003309798632179989,0.4583804045707763,0.0,6.655399278721006e-05,0.0,0.0,0.0,0.0,0.0,0.0,0.0,0.0,0.0
4932.YBR014C,0.03398954167948324,0.004708055646495753,0.467313960100347,0.0,0.00020511659123974155,0.0,0.0,0.0,0.0,0.0,0.0,0.0,0.0,0.0
4932.YJR067C,0.01030452168563519,0.0013349047299220406,0.4148630923319495,0.0,1.0372941958570672e-05,0.0,0.0,0.0,0.0,0.0,0.0,0.0,0.0,0.0
4932.YKR095W-A,0.0070747462319286376,0.0010618955377210177,0.4181467577345769,0.0,6.339672261725848e-06,0.0,0.0,0.0,0.0,0.0,0.0,0.0,0.0,0.0
4932.YER058W,0.017994463242079362,0.001881901993189716,0.4248169858260542,0.0,1.3429539525463376e-05,0.0,0.0,0.0,0.0,0.0,0.0,0.0,0.0,0.0
4932.YAL045C,0.002153183635804368,2.2795424646252292e-05,0.3427938708163813,0.0,4.5543570033677305e-05,0.0,0.0,0.0,0.0,0.0,0.0,0.0,0.0,0.0
4932.YDL172C,0.004613964933866503,5.9939622866897365e-05,0.35282622659473994,0.0,6.385077501741977e-05,0.0,0.0,0.0,0.0,0.0,0.0,0.0,0.0,0.0
4932.YKL111C,0.0030759766225776685,8.93007866698761e-06,0.3227857838753825,0.0,1.0775952388254621e-05,0.0,0.0,0.0,0.0,0.0,0.0,0.0,0.0,0.0
4932.YKL083W,0.010612119347892957,0.000949836880945154,0.40034505669369264,0.0,0.000444665075428782,0.0,0.0,0.0,0.0,0.0,0.0,0.0,0.0,0.0
4932.YJL064W,0.004306367271608736,0.00016189296727024842,0.39327002452310866,0.0,0.00039582566075306553,0.0,0.0,0.0,0.0,0.0,0.0,0.0,0.0,0.0
4932.YDR526C,0.008612734543217471,2.722398100867468e-05,0.3525773529677333,0.0,0.0003755647045866818,0.0,0.0,0.0,0.0,0.0,0.0,0.0,0.0,0.0
4932.YDR327W,0.006305752076284221,7.604715865100204e-05,0.3437368078287836,0.0,0.00020515758206998707,0.0,0.0,0.0,0.0,0.0,0.0,0.0,0.0,0.0
4932.YDR396W,0.005536757920639804,0.00046162324112143687,0.38243779737480577,0.0,0.00028480868255858436,0.0,0.0,0.0,0.0,0.0,0.0,0.0,0.0,0.0
4932.YAL056C-A,0.00538295908951092,8.373136423182192e-05,0.37604170226824796,0.0,0.00015366987646669007,0.0,0.0,0.0,0.0,0.0,0.0,0.0,0.0,0.0
4932.YPL238C,0.008305136880959706,0.0003935691818530568,0.3874314700211856,0.0,0.0003217509894116059,0.0,0.0,0.0,0.0,0.0,0.0,0.0,0.0,0.0
4932.YJL067W,0.0007689941556444171,4.3212633344883903e-07,0.28750942945866664,0.0,6.774682083535055e-06,0.0,0.0,0.0,0.0,0.0,0.0,0.0,0.0,0.0
4932.YLR312W-A,0.03275915103045217,0.0071870738001507724,0.44925336111693337,0.0,5.530260839071459e-05,0.0,0.0,0.0,0.0,0.0,0.0,0.0,0.0,0.0
4932.YBL021C,0.012611504152568441,0.0013366050410267096,0.44816888166048174,0.0,2.8718060460301443e-05,0.0,0.0,0.0,0.0,0.0,0.0,0.0,0.0,0.0
4932.YPL112C,0.003998769609350969,0.00038498146974356523,0.40701538460352804,0.0,6.013598357675089e-06,0.0,0.0,0.0,0.0,0.0,0.0,0.0,0.0,0.0
4932.YBR194W,0.010612119347892957,0.00136914728216475,0.43236413701479304,0.0,1.9440143678046105e-05,0.0,0.0,0.0,0.0,0.0,0.0,0.0,0.0,0.0
4932.YGR161W-C,0.003844970778222086,0.00020974931260973932,0.3872006086995188,0.0,2.501235807035151e-05,0.0,0.0,0.0,0.0,0.0,0.0,0.0,0.0,0.0
4932.YIL014C-A,0.003229775453706552,0.00015279131944929028,0.39208354644272764,0.0,6.438691749814244e-06,0.0,0.0,0.0,0.0,0.0,0.0,0.0,0.0,0.0
4932.YGL080W,0.013995693632728392,0.0017646755191799634,0.44552626775422177,0.0,1.0807765067073364e-05,0.0,0.0,0.0,0.0,0.0,0.0,0.0,0.0,0.0
4932.YKR074W,0.007536142725315288,0.0010735793868761048,0.4278378071632423,0.0,4.548992967820846e-06,0.0,0.0,0.0,0.0,0.0,0.0,0.0,0.0,0.0
4932.YDR376W,0.04244847739157183,0.005079870803832067,0.46500648455669996,0.0,6.752393171161309e-05,0.0,0.0,0.0,0.0,0.0,0.0,0.0,0.0,0.0
4932.YLR227C,0.005690556751768687,0.0002225043259720271,0.39422438968605983,0.0,1.3010003410296846e-05,0.0,0.0,0.0,0.0,0.0,0.0,0.0,0.0,0.0
4932.YDR179C,0.004767763764995386,0.0006516615070848149,0.3982350073662637,0.0,2.6852456946646296e-06,0.0,0.0,0.0,0.0,0.0,0.0,0.0,0.0,0.0
4932.YKR035W-A,0.014918486619501693,0.0014432437490157213,0.4461074155701857,0.0,2.613614996383889e-05,0.0,0.0,0.0,0.0,0.0,0.0,0.0,0.0,0.0
4932.YLL003W,0.012611504152568441,0.0012460539586330874,0.43731076217749004,0.0,2.9764196663662343e-05,0.0,0.0,0.0,0.0,0.0,0.0,0.0,0.0,0.0
4932.YDR318W,0.015841279606274992,0.0011051032194483203,0.4400948604940958,0.0,2.897712185722787e-05,0.0,0.0,0.0,0.0,0.0,0.0,0.0,0.0,0.0
4932.YDR014W,0.014918486619501693,0.001346719018530803,0.4332578087208511,0.0,1.5280559084785496e-05,0.0,0.0,0.0,0.0,0.0,0.0,0.0,0.0,0.0
4932.YDR439W,0.016764072593048292,0.0016055407909282568,0.44300522328847314,0.0,4.338189139968183e-05,0.0,0.0,0.0,0.0,0.0,0.0,0.0,0.0,0.0
4932.YNL188W,0.013380498308212859,0.0016836429149435902,0.4375463346034156,0.0,2.216444970909136e-05,0.0,0.0,0.0,0.0,0.0,0.0,0.0,0.0,0.0
4932.YLR457C,0.00492156259612427,0.0003360614171594701,0.3939853644088598,0.0,2.3526250676005084e-06,0.0,0.0,0.0,0.0,0.0,0.0,0.0,0.0,0.0
4932.YDR499W,0.02906797908335897,0.0026755925641132727,0.4541198277444493,0.0,6.8819598855861e-05,0.0,0.0,0.0,0.0,0.0,0.0,0.0,0.0,0.0
4932.YGL223C,0.008612734543217471,0.0005096020505470792,0.42052812679234564,0.0,1.2524393468676985e-05,0.0,0.0,0.0,0.0,0.0,0.0,0.0,0.0,0.0
4932.YIL146C,0.017225469086434943,0.001397058733678421,0.4461380442976536,0.0,3.912450709637609e-05,0.0,0.0,0.0,0.0,0.0,0.0,0.0,0.0,0.0
4932.YMR115W,0.026299600123039068,0.0037450072680590436,0.4558720790792286,0.0,5.249859584609678e-05,0.0,0.0,0.0,0.0,0.0,0.0,0.0,0.0,0.0
4932.YKR096W,0.031067363888034452,0.003831803724069201,0.4661406467141553,0.0,4.800542585184677e-05,0.0,0.0,0.0,0.0,0.0,0.0,0.0,0.0,0.0
4932.YPL100W,0.022608428175945865,0.0016017103891468646,0.45074921026604636,0.0,0.0001090180458557952,0.0,0.0,0.0,0.0,0.0,0.0,0.0,0.0,0.0
4932.YDL046W,0.014149492463857275,0.0013309375526007906,0.446291251043635,0.0,2.4018294280349654e-05,0.0,0.0,0.0,0.0,0.0,0.0,0.0,0.0,0.0
4932.YGR049W,0.006459550907413104,0.00041089502790404733,0.42523399091651887,0.0,1.3814856513854925e-05,0.0,0.0,0.0,0.0,0.0,0.0,0.0,0.0,0.0
4932.YCR068W,0.026145801291910183,0.0017544186570096602,0.4629854374916512,0.0,0.00013374132497550096,0.0,0.0,0.0,0.0,0.0,0.0,0.0,0.0,0.0
4932.YKL121W,0.008305136880959706,0.0007314014183451743,0.42908086471178847,0.0,6.747129613303046e-06,0.0,0.0,0.0,0.0,0.0,0.0,0.0,0.0,0.0
4932.YDR105C,0.017225469086434943,0.001523651675433491,0.45257003866801254,0.0,4.347328409500074e-05,0.0,0.0,0.0,0.0,0.0,0.0,0.0,0.0,0.0
4932.YDR198C,0.021224238695785914,0.003941789755263622,0.4535809447993386,0.0,2.598493192666303e-05,0.0,0.0,0.0,0.0,0.0,0.0,0.0,0.0,0.0
4932.YFL042C,0.010150722854506307,0.0006584804926717599,0.4219480918958003,0.0,8.297320323292092e-06,0.0,0.0,0.0,0.0,0.0,0.0,0.0,0.0,0.0
4932.YOR134W,0.019378652722239313,0.0017226748942278422,0.4526646196583298,0.0,4.080399360221875e-05,0.0,0.0,0.0,0.0,0.0,0.0,0.0,0.0,0.0
4932.YNL204C,0.017686865579821593,0.001758830343483221,0.44903604555285226,0.0,7.752408458136448e-05,0.0,0.0,0.0,0.0,0.0,0.0,0.0,0.0,0.0
4932.YPR083W,0.005690556751768687,0.0004333229754595516,0.4169929163316001,0.0,8.18492295808887e-06,0.0,0.0,0.0,0.0,0.0,0.0,0.0,0.0,0.0
4932.YKL222C,0.011996308828052908,0.001280803877299126,0.4414702503699521,0.0,4.1421125477051474e-05,0.0,0.0,0.0,0.0,0.0,0.0,0.0,0.0,0.0
4932.YLR436C,0.007228545063057521,0.0008513037981901116,0.43456166757141207,0.0,3.032791780865526e-06,0.0,0.0,0.0,0.0,0.0,0.0,0.0,0.0,0.0
4932.YPR058W,0.01476468778837281,0.0018188612536790276,0.4380477696639696,0.0,1.5579874804201034e-05,0.0,0.0,0.0,0.0,0.0,0.0,0.0,0.0,0.0
4932.YMR064W,0.005536757920639804,0.0005847335186752586,0.42120960751898134,0.0,2.9755435785941733e-06,0.0,0.0,0.0,0.0,0.0,0.0,0.0,0.0,0.0
4932.YOL060C,0.032605352199323284,0.003937158449970821,0.46660926433974753,0.0,8.702106052418769e-05,0.0,0.0,0.0,0.0,0.0,0.0,0.0,0.0,0.0
4932.YMR055C,0.01476468778837281,0.0018061565359652632,0.44838535848711875,0.0,1.3490554584685016e-05,0.0,0.0,0.0,0.0,0.0,0.0,0.0,0.0,0.0
4932.YOR100C,0.03968009843125193,0.0036604670371216154,0.4642755512428783,0.0,0.00012325486280764913,0.0,0.0,0.0,0.0,0.0,0.0,0.0,0.0,0.0
4932.YPL208W,0.023223623500461397,0.004085537645138425,0.4596124356482759,0.0,2.901192833732779e-05,0.0,0.0,0.0,0.0,0.0,0.0,0.0,0.0,0.0
4932.YPL189W,0.016917871424177177,0.001983628200438593,0.455936052146739,0.0,3.49307230781112e-05,0.0,0.0,0.0,0.0,0.0,0.0,0.0,0.0,0.0
4932.YPR125W,0.020762842202399264,0.004801535881578963,0.4510307916426268,0.0,1.565803265535301e-05,0.0,0.0,0.0,0.0,0.0,0.0,0.0,0.0,0.0
4932.YLL038C,0.026760996616425718,0.002693570389441351,0.47158724255717577,0.0,0.00022556889929159347,0.0,0.0,0.0,0.0,0.0,0.0,0.0,0.0,0.0
4932.YOR161C,0.02645339895416795,0.0019770204253938134,0.4556802675452542,0.0,6.72175065454856e-05,0.0,0.0,0.0,0.0,0.0,0.0,0.0,0.0,0.0
4932.YLL018C-A,0.01168871116579514,0.0009626770509225948,0.43181822270038045,0.0,0.0002865686495559335,0.0,0.0,0.0,0.0,0.0,0.0,0.0,0.0,0.0
4932.YJR005W,0.024915410642879117,0.0036415645312554905,0.4578636284664124,0.0,2.16532833923048e-05,0.0,0.0,0.0,0.0,0.0,0.0,0.0,0.0,0.0
4932.YMR187C,0.004767763764995386,0.0005864907119061661,0.4149425680201357,0.0,9.568500944978905e-07,0.0,0.0,0.0,0.0,0.0,0.0,0.0,0.0,0.0
4932.YHR140W,0.009227929867733006,0.0006030680324880535,0.4243453676742196,0.0,2.0336543647089707e-05,0.0,0.0,0.0,0.0,0.0,0.0,0.0,0.0,0.0
4932.YDL086W,0.010150722854506307,0.0010529041647189524,0.43372050561976533,0.0,6.076930766758953e-06,0.0,0.0,0.0,0.0,0.0,0.0,0.0,0.0,0.0
4932.YGL196W,0.013380498308212859,0.0008017963616348443,0.4370460462197555,0.0,2.1524834437616957e-05,0.0,0.0,0.0,0.0,0.0,0.0,0.0,0.0,0.0
4932.YPL099C,0.005690556751768687,0.00034745136534079844,0.39262843596346375,0.0,2.8134577422379993e-05,0.0,0.0,0.0,0.0,0.0,0.0,0.0,0.0,0.0
4932.YOR292C,0.009535527529990772,0.0008287581798756818,0.4315601125851979,0.0,3.1490171168856336e-05,0.0,0.0,0.0,0.0,0.0,0.0,0.0,0.0,0.0
4932.YOR377W,0.01968625038449708,0.0017543371363854185,0.45446919955205795,0.0,4.63715598826828e-05,0.0,0.0,0.0,0.0,0.0,0.0,0.0,0.0,0.0
4932.YOR387C,0.007536142725315288,0.00025321487267700144,0.4083710793863326,0.0,0.00030364824312551717,0.0,0.0,0.0,0.0,0.0,0.0,0.0,0.0,0.0
4932.YIL157C,0.025838203629652418,0.002927759050674011,0.4616368723497673,0.0,8.404816445233468e-05,0.0,0.0,0.0,0.0,0.0,0.0,0.0,0.0,0.0
4932.YDR371W,0.024761611811750232,0.0017190119548443376,0.4659400986085849,0.0,0.00011293815210712767,0.0,0.0,0.0,0.0,0.0,0.0,0.0,0.0,0.0
4932.YGR263C,0.035066133497385424,0.0035507405871224155,0.4696105091562712,0.0,8.174469065305716e-05,0.0,0.0,0.0,0.0,0.0,0.0,0.0,0.0,0.0
4932.YGR177C,0.019993848046754845,0.002212554321821366,0.4529801753360282,0.0,3.763658888832439e-05,0.0,0.0,0.0,0.0,0.0,0.0,0.0,0.0,0.0
4932.YOL119C,0.013688095970470625,0.0008782462222116939,0.436664244015545,0.0,0.0002579385773171496,0.0,0.0,0.0,0.0,0.0,0.0,0.0,0.0,0.0
4932.YJR080C,0.013534297139341742,0.0013203016885947139,0.43438736648140414,0.0,1.614663467525633e-05,0.0,0.0,0.0,0.0,0.0,0.0,0.0,0.0,0.0
4932.YGL224C,0.03245155336819441,0.003481710307567,0.4659400986085849,0.0,0.00013990215397028535,0.0,0.0,0.0,0.0,0.0,0.0,0.0,0.0,0.0
4932.YGR212W,0.005690556751768687,0.0004502196266337648,0.4207732056721702,0.0,6.51213195457579e-06,0.0,0.0,0.0,0.0,0.0,0.0,0.0,0.0,0.0
4932.YHR044C,0.019378652722239313,0.002014986568432986,0.4509056009433991,0.0,6.270470030193821e-05,0.0,0.0,0.0,0.0,0.0,0.0,0.0,0.0,0.0
4932.YOR306C,0.02337742233159028,0.0014492641137099534,0.45590406336878725,0.0,0.00010850572771344112,0.0,0.0,0.0,0.0,0.0,0.0,0.0,0.0,0.0
4932.YPL147W,0.03737311596431867,0.003492192291044618,0.46513962886151217,0.0,0.0001107736618121684,0.0,0.0,0.0,0.0,0.0,0.0,0.0,0.0,0.0
4932.YHR160C,0.013226699477083975,0.0010707448750295425,0.4261822401256198,0.0,2.512207479406956e-05,0.0,0.0,0.0,0.0,0.0,0.0,0.0,0.0,0.0
4932.YDR244W,0.02814518609658567,0.0022676312348116918,0.4633485892181492,0.0,9.073875370903122e-05,0.0,0.0,0.0,0.0,0.0,0.0,0.0,0.0,0.0
4932.YIL135C,0.00538295908951092,0.0003970513715097813,0.4134114146326075,0.0,3.870818140050422e-06,0.0,0.0,0.0,0.0,0.0,0.0,0.0,0.0,0.0
4932.YJR140C,0.013995693632728392,0.0016188207378048769,0.4364003099526746,0.0,6.151154758563191e-06,0.0,0.0,0.0,0.0,0.0,0.0,0.0,0.0,0.0
4932.YKL188C,0.033528145186096585,0.003046067748938416,0.4637785036896242,0.0,8.140816209069937e-05,0.0,0.0,0.0,0.0,0.0,0.0,0.0,0.0,0.0
4932.YNR039C,0.004152568440479853,0.00020846757381189204,0.3827080873546925,0.0,3.460309744670175e-06,0.0,0.0,0.0,0.0,0.0,0.0,0.0,0.0,0.0
4932.YJL139C,0.010458320516764073,0.0007546910005083315,0.4380182416714071,0.0,3.305893903442644e-05,0.0,0.0,0.0,0.0,0.0,0.0,0.0,0.0,0.0
4932.YMR200W,0.023531221162719166,0.0029556091626902854,0.4602635369879108,0.0,9.926892596337577e-05,0.0,0.0,0.0,0.0,0.0,0.0,0.0,0.0,0.0
4932.YER185W,0.013072900645955092,0.002074496137521175,0.447243486488769,0.0,6.993786375368527e-05,0.0,0.0,0.0,0.0,0.0,0.0,0.0,0.0,0.0
4932.YGL144C,0.012457705321439558,0.0008471428036388054,0.4427335705658734,0.0,4.56695869214236e-05,0.0,0.0,0.0,0.0,0.0,0.0,0.0,0.0,0.0
4932.YLR121C,0.026299600123039068,0.0032834065110028663,0.4606550840206525,0.0,4.8653589468713136e-05,0.0,0.0,0.0,0.0,0.0,0.0,0.0,0.0,0.0
4932.YKR061W,0.0050753614272531535,0.00044992406846036036,0.40645528336744385,0.0,2.137894462116483e-06,0.0,0.0,0.0,0.0,0.0,0.0,0.0,0.0,0.0
4932.YMR221C,0.027068594278683484,0.0036955500033237576,0.4656062349667042,0.0,4.233102084569402e-05,0.0,0.0,0.0,0.0,0.0,0.0,0.0,0.0,0.0
4932.YKL096W,0.022608428175945865,0.0021726887344597624,0.4598401114709026,0.0,9.94783944477774e-05,0.0,0.0,0.0,0.0,0.0,0.0,0.0,0.0,0.0
4932.YDL123W,0.008612734543217471,0.000643505037508013,0.4340971751750501,0.0,1.1991413179024343e-05,0.0,0.0,0.0,0.0,0.0,0.0,0.0,0.0,0.0
4932.YHR126C,0.0036911719470932025,0.00016161122705842277,0.37452453113517725,0.0,2.407114432993425e-06,0.0,0.0,0.0,0.0,0.0,0.0,0.0,0.0,0.0
4932.YHR139C,0.02768378960319902,0.0027645797974904913,0.46189938976367106,0.0,0.00014568444543084513,0.0,0.0,0.0,0.0,0.0,0.0,0.0,0.0,0.0
4932.YBL049W,0.03952629960012304,0.0035564331284058813,0.4688312132175559,0.0,0.00017863053962274847,0.0,0.0,0.0,0.0,0.0,0.0,0.0,0.0,0.0
4932.YLR450W,0.042294678560442944,0.005220478221719595,0.47039240011548605,0.0,9.543756254161063e-05,0.0,0.0,0.0,0.0,0.0,0.0,0.0,0.0,0.0
4932.YMR313C,0.016302676099661642,0.0014024863670192512,0.4469358700870297,0.0,2.8475568353725893e-05,0.0,0.0,0.0,0.0,0.0,0.0,0.0,0.0,0.0
4932.YJR006W,0.030913565056905568,0.0034288091503471224,0.4576701377092072,0.0,2.697994881303525e-05,0.0,0.0,0.0,0.0,0.0,0.0,0.0,0.0,0.0
4932.YMR210W,0.012303906490310674,0.0014375016378023167,0.438343268699091,0.0,9.19338206992983e-06,0.0,0.0,0.0,0.0,0.0,0.0,0.0,0.0,0.0
4932.YDL169C,0.029990772070132267,0.002353051994423364,0.44561792725245675,0.0,2.4429316263105436e-05,0.0,0.0,0.0,0.0,0.0,0.0,0.0,0.0,0.0
4932.YHR072W,0.0278375884343279,0.003474944047926966,0.4577668626414459,0.0,4.032640014297746e-05,0.0,0.0,0.0,0.0,0.0,0.0,0.0,0.0,0.0
4932.YPR193C,0.01384189480159951,0.0013368870828748697,0.44782912578878875,0.0,4.5149501132698175e-05,0.0,0.0,0.0,0.0,0.0,0.0,0.0,0.0,0.0
4932.YMR253C,0.008151338049830821,0.0008232394497721338,0.4332578087208511,0.0,2.9861879905805472e-05,0.0,0.0,0.0,0.0,0.0,0.0,0.0,0.0,0.0
4932.YPL201C,0.018455859735466013,0.001304569038294763,0.43167479008804394,0.0,6.561266175697972e-05,0.0,0.0,0.0,0.0,0.0,0.0,0.0,0.0,0.0
4932.YGR146C,0.005998154414026454,0.0004357468881689321,0.41333252434293777,0.0,3.6096842906269678e-06,0.0,0.0,0.0,0.0,0.0,0.0,0.0,0.0,0.0
4932.YOR081C,0.013380498308212859,0.0014681817507255087,0.4436100911520566,0.0,1.4802661837051966e-05,0.0,0.0,0.0,0.0,0.0,0.0,0.0,0.0,0.0
4932.YPR127W,0.035681328821900955,0.004327510213350297,0.46497321038964756,0.0,4.918902307951359e-05,0.0,0.0,0.0,0.0,0.0,0.0,0.0,0.0,0.0
4932.YLR220W,0.02245462934481698,0.0021831551039895587,0.45494648289542283,0.0,5.826473278896243e-05,0.0,0.0,0.0,0.0,0.0,0.0,0.0,0.0,0.0
4932.YJL153C,0.03891110427560751,0.0041618856320326,0.4659400986085849,0.0,0.00010876585434692957,0.0,0.0,0.0,0.0,0.0,0.0,0.0,0.0,0.0
4932.YHR045W,0.05690556751768687,0.007882693168306141,0.4856139761748244,0.0,0.0002084461875607239,0.0,0.0,0.0,0.0,0.0,0.0,0.0,0.0,0.0
4932.YHR202W,0.03214395570593664,0.0037734033857438915,0.46674332819963543,0.0,9.264267384477636e-05,0.0,0.0,0.0,0.0,0.0,0.0,0.0,0.0,0.0
4932.YLR251W,0.03706551830206091,0.0033787447795632784,0.4607204066360837,0.0,4.781821391509944e-05,0.0,0.0,0.0,0.0,0.0,0.0,0.0,0.0,0.0
4932.YFL017C,0.026607197785296834,0.0030375762069122176,0.4670452537335819,0.0,0.0002523462885080107,0.0,0.0,0.0,0.0,0.0,0.0,0.0,0.0,0.0
4932.YLR312C,0.04152568440479853,0.0031216637476408375,0.45941746430962416,0.0,0.00017548169352553058,0.0,0.0,0.0,0.0,0.0,0.0,0.0,0.0,0.0
4932.YIL057C,0.02337742233159028,0.0017873769713753465,0.44503805322891066,0.0,6.232248557137394e-05,0.0,0.0,0.0,0.0,0.0,0.0,0.0,0.0,0.0
4932.YDR009W,0.03398954167948324,0.0036582525073964034,0.46734757013775347,0.0,0.00011169996707407662,0.0,0.0,0.0,0.0,0.0,0.0,0.0,0.0,0.0
4932.YPL015C,0.02645339895416795,0.0037060716706151806,0.46357998253515903,0.0,3.496280042384619e-05,0.0,0.0,0.0,0.0,0.0,0.0,0.0,0.0,0.0
4932.YPL264C,0.01030452168563519,0.0007706669366140823,0.4319617506611264,0.0,2.2687182108941847e-05,0.0,0.0,0.0,0.0,0.0,0.0,0.0,0.0,0.0
4932.YEL066W,0.008612734543217471,0.0008379080593926057,0.4280632816334206,0.0,0.00025208615844972946,0.0,0.0,0.0,0.0,0.0,0.0,0.0,0.0,0.0
4932.YLR151C,0.03552752999077207,0.004708134631765684,0.4690681163065996,0.0,0.00018113225455487392,0.0,0.0,0.0,0.0,0.0,0.0,0.0,0.0,0.0
4932.YER024W,0.030605967394647802,0.0027873145994308846,0.4554247697781977,0.0,5.728961424015533e-05,0.0,0.0,0.0,0.0,0.0,0.0,0.0,0.0,0.0
4932.YPR151C,0.021378037526914796,0.0015789456290826323,0.4336915581122155,0.0,2.170534125034388e-05,0.0,0.0,0.0,0.0,0.0,0.0,0.0,0.0,0.0
4932.YCR028C,0.019532451553368194,0.001484243839630017,0.45316972000804273,0.0,4.4400363759834397e-05,0.0,0.0,0.0,0.0,0.0,0.0,0.0,0.0,0.0
4932.YBR050C,0.014149492463857275,0.001004784149562024,0.42640597251757495,0.0,2.349113063333584e-05,0.0,0.0,0.0,0.0,0.0,0.0,0.0,0.0,0.0
4932.YOL147C,0.027991387265456785,0.002675024412548656,0.45721929462393224,0.0,7.319779463727788e-05,0.0,0.0,0.0,0.0,0.0,0.0,0.0,0.0,0.0
4932.YGR066C,0.015072285450630576,0.0011050094147300174,0.43141685136073066,0.0,2.042782328767707e-05,0.0,0.0,0.0,0.0,0.0,0.0,0.0,0.0,0.0
4932.YER121W,0.016764072593048292,0.0011829946179381403,0.4251505244173858,0.0,3.734476262335959e-05,0.0,0.0,0.0,0.0,0.0,0.0,0.0,0.0,0.0
4932.YMR206W,0.021224238695785914,0.0015496763929573512,0.428910931696061,0.0,2.9950381714174686e-05,0.0,0.0,0.0,0.0,0.0,0.0,0.0,0.0,0.0
4932.YNR058W,0.05090741310366041,0.006321676637294931,0.4714503820064808,0.0,9.714055052571773e-05,0.0,0.0,0.0,0.0,0.0,0.0,0.0,0.0,0.0
4932.YKL109W,0.026299600123039068,0.0027147401914086283,0.45481910934383174,0.0,3.47509604430851e-05,0.0,0.0,0.0,0.0,0.0,0.0,0.0,0.0,0.0
4932.YPL196W,0.01968625038449708,0.0018663067784382076,0.4492844233696553,0.0,3.0462651104686874e-05,0.0,0.0,0.0,0.0,0.0,0.0,0.0,0.0,0.0
4932.YAL055W,0.007843740387573055,0.0005137408888071958,0.42733135704296493,0.0,0.000102953621593331,0.0,0.0,0.0,0.0,0.0,0.0,0.0,0.0,0.0
4932.YNL203C,0.0016917871424177177,0.00010012577525903471,0.3683465004929043,0.0,2.7995944840424416e-06,0.0,0.0,0.0,0.0,0.0,0.0,0.0,0.0,0.0
4932.YGL153W,0.011842509996924024,0.0010219922120374581,0.4399160933718316,0.0,3.356703891177188e-05,0.0,0.0,0.0,0.0,0.0,0.0,0.0,0.0,0.0
4932.YMR158W-B,0.005229160258382036,5.047826066802311e-05,0.3597608578892329,0.0,0.00012335365331457663,0.0,0.0,0.0,0.0,0.0,0.0,0.0,0.0,0.0
4932.YLR408C,0.0016917871424177177,7.204653578764211e-05,0.3568369365840376,0.0,2.7470761822560828e-06,0.0,0.0,0.0,0.0,0.0,0.0,0.0,0.0,0.0
4932.YJL210W,0.012765302983697324,0.0010054306524963144,0.44039312878314635,0.0,5.966383333475176e-05,0.0,0.0,0.0,0.0,0.0,0.0,0.0,0.0,0.0
4932.YGR239C,0.00538295908951092,0.0003526679873725355,0.40237789430895565,0.0,5.656148407591745e-06,0.0,0.0,0.0,0.0,0.0,0.0,0.0,0.0,0.0
4932.YJL211C,0.0023069824669332516,6.199836496231109e-05,0.35944245022653637,0.0,0.0002720396666850105,0.0,0.0,0.0,0.0,0.0,0.0,0.0,0.0,0.0
4932.YDR329C,0.021839434020301446,0.0016029616756390464,0.4490981142577459,0.0,5.6629837854084855e-05,0.0,0.0,0.0,0.0,0.0,0.0,0.0,0.0,0.0
4932.YOL165C,0.019993848046754845,0.001476025451822722,0.4502806884620141,0.0,0.00029580553003392,0.0,0.0,0.0,0.0,0.0,0.0,0.0,0.0,0.0
4932.YJL075C,0.0009227929867733006,1.1230349531665007e-05,0.31737816817404146,0.0,2.966479971599213e-06,0.0,0.0,0.0,0.0,0.0,0.0,0.0,0.0,0.0
4932.YAR047C,0.002614580129191018,8.78438689619415e-06,0.34131739758353424,0.0,3.709089459791683e-05,0.0,0.0,0.0,0.0,0.0,0.0,0.0,0.0,0.0
4932.YHR214C-E,0.007997539218701938,0.0001690128989000581,0.3953276519556686,0.0,0.0001618099118040348,0.0,0.0,0.0,0.0,0.0,0.0,0.0,0.0,0.0
4932.YAR064W,0.007382343894186405,9.622617186636994e-05,0.37137798566584695,0.0,8.298486565191108e-05,0.0,0.0,0.0,0.0,0.0,0.0,0.0,0.0,0.0
4932.YMR294W-A,0.002922177791448785,4.582671671048865e-06,0.326549103733621,0.0,9.741379810832503e-06,0.0,0.0,0.0,0.0,0.0,0.0,0.0,0.0,0.0
4932.YKL202W,0.005229160258382036,7.316330133667789e-05,0.3701088235572891,0.0,0.00016901936374456928,0.0,0.0,0.0,0.0,0.0,0.0,0.0,0.0,0.0
4932.YLR169W,0.002768378960319902,2.056880585032598e-05,0.33789197728642945,0.0,2.5705922174463706e-05,0.0,0.0,0.0,0.0,0.0,0.0,0.0,0.0,0.0
4932.YJL218W,0.01707167025530606,0.0016337898735156128,0.45415156661974593,0.0,0.00013746374351927975,0.0,0.0,0.0,0.0,0.0,0.0,0.0,0.0,0.0
4932.YML101C-A,0.0036911719470932025,7.343458316373685e-05,0.37148414219044845,0.0,0.00013328734511187378,0.0,0.0,0.0,0.0,0.0,0.0,0.0,0.0,0.0
4932.YJL217W,0.007843740387573055,0.000415031739215503,0.40034505669369264,0.0,3.0827302597445536e-05,0.0,0.0,0.0,0.0,0.0,0.0,0.0,0.0,0.0
4932.YCR107W,0.022300830513688096,0.001938164929220914,0.4540246377302491,0.0,0.00013220021589267978,0.0,0.0,0.0,0.0,0.0,0.0,0.0,0.0,0.0
4932.YDL243C,0.02153183635804368,0.0017399555160429487,0.4470588658545115,0.0,5.404069371392541e-05,0.0,0.0,0.0,0.0,0.0,0.0,0.0,0.0,0.0
4932.YNL259C,0.036604121808674256,0.0062416835880730395,0.4650730471797398,0.0,0.00010182734160609217,0.0,0.0,0.0,0.0,0.0,0.0,0.0,0.0,0.0
4932.YBR242W,0.019993848046754845,0.00434530107216641,0.44060215725490404,0.0,1.199979632141472e-05,0.0,0.0,0.0,0.0,0.0,0.0,0.0,0.0,0.0
4932.YDR079C-A,0.009227929867733006,0.0010219800443086687,0.410071981269426,0.0,1.444696380693945e-05,0.0,0.0,0.0,0.0,0.0,0.0,0.0,0.0,0.0
4932.YGL101W,0.022300830513688096,0.004747508544871423,0.4514381419477091,0.0,1.6599106149363613e-05,0.0,0.0,0.0,0.0,0.0,0.0,0.0,0.0,0.0
4932.YOR140W,0.03798831128883421,0.005061760438625941,0.46896655710127916,0.0,5.191016120267948e-05,0.0,0.0,0.0,0.0,0.0,0.0,0.0,0.0,0.0
4932.YJR005C-A,0.030452168563518917,0.00793564257657365,0.4630514227317982,0.0,6.885993004304152e-05,0.0,0.0,0.0,0.0,0.0,0.0,0.0,0.0,0.0
4932.YEL048C,0.01076591817902184,0.0013613594744990543,0.43331559183751167,0.0,1.5049852718159032e-05,0.0,0.0,0.0,0.0,0.0,0.0,0.0,0.0,0.0
4932.YER019W,0.015995078437403876,0.0012562470383857265,0.45320132620974507,0.0,9.116328221574317e-05,0.0,0.0,0.0,0.0,0.0,0.0,0.0,0.0,0.0
4932.YLR350W,0.03275915103045217,0.0028155781401758865,0.4671795682791951,0.0,0.00017274782423026052,0.0,0.0,0.0,0.0,0.0,0.0,0.0,0.0,0.0
4932.YGR004W,0.017686865579821593,0.002912411264969049,0.4526015612729209,0.0,3.0754295095210045e-05,0.0,0.0,0.0,0.0,0.0,0.0,0.0,0.0,0.0
4932.YHL009C,0.008920332205475239,0.0011778134704949674,0.4354352754268796,0.0,5.963061276637172e-06,0.0,0.0,0.0,0.0,0.0,0.0,0.0,0.0,0.0
4932.YCL052C,0.020762842202399264,0.0017930023152361767,0.45532903196659835,0.0,3.782361898054016e-05,0.0,0.0,0.0,0.0,0.0,0.0,0.0,0.0,0.0
4932.YBL061C,0.026760996616425718,0.0035741353344923535,0.46454107915322596,0.0,0.00011023021668784569,0.0,0.0,0.0,0.0,0.0,0.0,0.0,0.0,0.0
4932.YFR021W,0.020762842202399264,0.0017508403459997905,0.4534543346263311,0.0,7.837849144357698e-05,0.0,0.0,0.0,0.0,0.0,0.0,0.0,0.0,0.0
4932.YER039C,0.014610888957243925,0.0010077358329615789,0.4477674073315411,0.0,6.43639762108264e-05,0.0,0.0,0.0,0.0,0.0,0.0,0.0,0.0,0.0
4932.YHR215W,0.009074131036604122,0.0007303045754819541,0.4251227095319153,0.0,2.9644790975403264e-05,0.0,0.0,0.0,0.0,0.0,0.0,0.0,0.0,0.0
4932.YER039C-A,0.012919101814826209,0.0009261772446725362,0.4521291827995634,0.0,0.0004396405006285632,0.0,0.0,0.0,0.0,0.0,0.0,0.0,0.0,0.0
4932.YAL059C-A,0.0012303906490310674,8.606961542498312e-06,0.337698815881682,0.0,5.916602809470185e-08,0.0,0.0,0.0,0.0,0.0,0.0,0.0,0.0,0.0
4932.YNL300W,0.011534912334666258,0.0010094147809231414,0.43213411020784226,0.0,1.4983446262479453e-05,0.0,0.0,0.0,0.0,0.0,0.0,0.0,0.0,0.0
4932.YPL068C,0.020916641033528145,0.0056824176475203225,0.4217016428837254,0.0,1.0675991557580074e-06,0.0,0.0,0.0,0.0,0.0,0.0,0.0,0.0,0.0
4932.YPL108W,0.006767148569670871,0.0012544502424995825,0.40044374284805107,0.0,5.886020878813919e-06,0.0,0.0,0.0,0.0,0.0,0.0,0.0,0.0,0.0
4932.YPL122C,0.02645339895416795,0.003915334559003217,0.45099948745109136,0.0,2.763025233216609e-05,0.0,0.0,0.0,0.0,0.0,0.0,0.0,0.0,0.0
4932.YMR034C,0.014149492463857275,0.0009771272615032999,0.43473610859673006,0.0,5.2789196888798436e-05,0.0,0.0,0.0,0.0,0.0,0.0,0.0,0.0,0.0
4932.YIR029W,0.024454014149492467,0.002041498237683007,0.4586716040936913,0.0,8.292447331617099e-05,0.0,0.0,0.0,0.0,0.0,0.0,0.0,0.0,0.0
4932.YOL163W,0.015379883112888343,0.0010575535326775125,0.44662867655476834,0.0,8.856988046594975e-05,0.0,0.0,0.0,0.0,0.0,0.0,0.0,0.0,0.0
4932.YDR073W,0.006767148569670871,0.0004265923564549171,0.4276125700970864,0.0,3.3653681113197463e-05,0.0,0.0,0.0,0.0,0.0,0.0,0.0,0.0,0.0
4932.YIL151C,0.024300215318363582,0.0032064220258795017,0.46199791078530567,0.0,6.606009417484575e-05,0.0,0.0,0.0,0.0,0.0,0.0,0.0,0.0,0.0
4932.YIL164C,0.042294678560442944,0.003630877303430492,0.4692374794335156,0.0,0.00028439407653484236,0.0,0.0,0.0,0.0,0.0,0.0,0.0,0.0,0.0
4932.YJR126C,0.015995078437403876,0.0015244922293349151,0.45037431488739427,0.0,1.660724207814115e-05,0.0,0.0,0.0,0.0,0.0,0.0,0.0,0.0,0.0
4932.YFR052C-A,0.007228545063057521,0.000629397709406838,0.39762578724729686,0.0,3.3053620665895027e-06,0.0,0.0,0.0,0.0,0.0,0.0,0.0,0.0,0.0
4932.YHR017W,0.012611504152568441,0.0014677670797840082,0.4492844233696553,0.0,2.9182997752463182e-05,0.0,0.0,0.0,0.0,0.0,0.0,0.0,0.0,0.0
4932.YNR071C,0.01122731467240849,0.00124119319730365,0.42052812679234564,0.0,1.3251212074610405e-05,0.0,0.0,0.0,0.0,0.0,0.0,0.0,0.0,0.0
4932.YMR319C,0.020301445709012614,0.0012917421960834483,0.44844724742548825,0.0,6.879835678431917e-05,0.0,0.0,0.0,0.0,0.0,0.0,0.0,0.0,0.0
4932.YJL126W,0.0269147954475546,0.003083811640209068,0.4585744964852029,0.0,3.649078347016182e-05,0.0,0.0,0.0,0.0,0.0,0.0,0.0,0.0,0.0
4932.YDR046C,0.022300830513688096,0.00182579778335416,0.44947088712701977,0.0,3.636463271097558e-05,0.0,0.0,0.0,0.0,0.0,0.0,0.0,0.0,0.0
4932.YDL238C,0.041987080898185175,0.004793711164617343,0.4714503820064808,0.0,0.00016773758973664209,0.0,0.0,0.0,0.0,0.0,0.0,0.0,0.0,0.0
4932.YHR210C,0.013688095970470625,0.0013086270510173014,0.4332000410130217,0.0,0.00010688544989049484,0.0,0.0,0.0,0.0,0.0,0.0,0.0,0.0,0.0
4932.YIL165C,0.03414334051061212,0.0030267798458415178,0.46557287491547783,0.0,0.00018190759073466746,0.0,0.0,0.0,0.0,0.0,0.0,0.0,0.0,0.0
4932.YER067W,0.033835742848354354,0.0031025226925166785,0.4585097809197943,0.0,5.1872671871836237e-05,0.0,0.0,0.0,0.0,0.0,0.0,0.0,0.0,0.0
4932.YEL070W,0.014918486619501693,0.0010588370122254622,0.4358733978531879,0.0,3.7177956808888914e-05,0.0,0.0,0.0,0.0,0.0,0.0,0.0,0.0,0.0
4932.YJR062C,0.025684404798523533,0.0027954382358470983,0.45424680987034777,0.0,2.4835939643623908e-05,0.0,0.0,0.0,0.0,0.0,0.0,0.0,0.0,0.0
4932.YMR251W,0.026145801291910183,0.002225191137169151,0.45854213641911823,0.0,0.00014775671058470712,0.0,0.0,0.0,0.0,0.0,0.0,0.0,0.0,0.0
4932.YFL055W,0.030452168563518917,0.0019747884590966313,0.45619212406594534,0.0,0.0001873272199154609,0.0,0.0,0.0,0.0,0.0,0.0,0.0,0.0,0.0
4932.YBR116C,0.018455859735466013,0.001343707366158154,0.4427335705658734,0.0,4.787751148365755e-05,0.0,0.0,0.0,0.0,0.0,0.0,0.0,0.0,0.0
4932.YIL045W,0.02860658258997232,0.002114815619153806,0.4560960633954745,0.0,5.923418053718074e-05,0.0,0.0,0.0,0.0,0.0,0.0,0.0,0.0,0.0
4932.YNR014W,0.01122731467240849,0.0008884652113094298,0.4153404036558213,0.0,4.947262397643349e-06,0.0,0.0,0.0,0.0,0.0,0.0,0.0,0.0,0.0
4932.YER037W,0.04890802829898493,0.00466319820903877,0.4735116676525049,0.0,0.0001950777869082017,0.0,0.0,0.0,0.0,0.0,0.0,0.0,0.0,0.0
4932.YDL183C,0.007536142725315288,0.00042044219829477403,0.4044818310112247,0.0,1.689536164813772e-05,0.0,0.0,0.0,0.0,0.0,0.0,0.0,0.0,0.0
4932.YBR285W,0.02014764687788373,0.0014745416712710023,0.4389651162058586,0.0,3.243759605227496e-05,0.0,0.0,0.0,0.0,0.0,0.0,0.0,0.0,0.0
4932.YPL014W,0.004460166102737619,0.00030731499661470184,0.40435598103268977,0.0,7.087879962643034e-06,0.0,0.0,0.0,0.0,0.0,0.0,0.0,0.0,0.0
4932.YER079W,0.02952937557674562,0.002281197454963239,0.4523809952099223,0.0,0.00010272380911492788,0.0,0.0,0.0,0.0,0.0,0.0,0.0,0.0,0.0
4932.YJR038C,0.015533681944017226,0.00019643877054270037,0.4004684219891116,0.0,0.0007069186089851488,0.0,0.0,0.0,0.0,0.0,0.0,0.0,0.0,0.0
4932.YJL133C-A,0.004613964933866503,0.00024049921483121134,0.3894749829294728,0.0,8.419690555666654e-06,0.0,0.0,0.0,0.0,0.0,0.0,0.0,0.0,0.0
4932.YDR534C,0.013072900645955092,0.0006658405231422522,0.42752816732649024,0.0,2.1457820663436063e-05,0.0,0.0,0.0,0.0,0.0,0.0,0.0,0.0,0.0
4932.YDR246W-A,0.013072900645955092,6.063787774646697e-05,0.3597608578892329,0.0,2.407774046577711e-05,0.0,0.0,0.0,0.0,0.0,0.0,0.0,0.0,0.0
4932.YBR085C-A,0.022300830513688096,0.002075595090043656,0.44458132287871677,0.0,2.155544616683561e-05,0.0,0.0,0.0,0.0,0.0,0.0,0.0,0.0,0.0
4932.YDR034W-B,0.030452168563518917,0.0010573861882155785,0.44400414179674236,0.0,0.0010507281208976004,0.0,0.0,0.0,0.0,0.0,0.0,0.0,0.0,0.0
4932.YNR073C,0.009996924023377422,0.0006678943690874957,0.4124405341285512,0.0,4.299629407445815e-05,0.0,0.0,0.0,0.0,0.0,0.0,0.0,0.0,0.0
4932.YNR068C,0.03491233466625654,0.006077222067668634,0.46896655710127916,0.0,5.201806897774904e-05,0.0,0.0,0.0,0.0,0.0,0.0,0.0,0.0,0.0
4932.YFL059W,0.018302060904337128,0.0024484562391549848,0.44264309367815563,0.0,2.3042018765625217e-05,0.0,0.0,0.0,0.0,0.0,0.0,0.0,0.0,0.0
4932.YOR126C,0.02337742233159028,0.0031208123820975846,0.45632026792102,0.0,3.557596926859782e-05,0.0,0.0,0.0,0.0,0.0,0.0,0.0,0.0,0.0
4932.YNL333W,0.020916641033528145,0.0024825010797228445,0.44564848880017316,0.0,9.941371251732046e-05,0.0,0.0,0.0,0.0,0.0,0.0,0.0,0.0,0.0
4932.YFL060C,0.005998154414026454,0.0005552057930796003,0.39605050376030504,0.0,1.0391870067838515e-06,0.0,0.0,0.0,0.0,0.0,0.0,0.0,0.0,0.0
4932.YNL334C,0.009227929867733006,0.0006718698286372393,0.4080377152398948,0.0,6.142857189007387e-06,0.0,0.0,0.0,0.0,0.0,0.0,0.0,0.0,0.0
4932.YDR191W,0.025838203629652418,0.0029455989371642813,0.4654394825009186,0.0,5.538037745274601e-05,0.0,0.0,0.0,0.0,0.0,0.0,0.0,0.0,0.0
4932.YJR078W,0.01476468778837281,0.0011896872213167172,0.43291143339076116,0.0,2.5535215998089744e-05,0.0,0.0,0.0,0.0,0.0,0.0,0.0,0.0,0.0
4932.YOR382W,0.012765302983697324,0.0006398437828585333,0.4224143934990135,0.0,0.00010749465967339128,0.0,0.0,0.0,0.0,0.0,0.0,0.0,0.0,0.0
4932.YAL063C,0.017686865579821593,0.001579979249040583,0.4519719423520432,0.0,4.46471844852436e-05,0.0,0.0,0.0,0.0,0.0,0.0,0.0,0.0,0.0
4932.YKR062W,0.02337742233159028,0.0030279033770951626,0.4506241758110489,0.0,2.855851166615487e-05,0.0,0.0,0.0,0.0,0.0,0.0,0.0,0.0,0.0
4932.YMR317W,0.006459550907413104,0.0002872069101315687,0.4040542603653355,0.0,1.846359899182096e-05,0.0,0.0,0.0,0.0,0.0,0.0,0.0,0.0,0.0
4932.YFL024C,0.020455244540141495,0.0024696606000307337,0.45475544931033135,0.0,3.4236081802524e-05,0.0,0.0,0.0,0.0,0.0,0.0,0.0,0.0,0.0
4932.YKR102W,0.015072285450630576,0.0008666885354693902,0.43890581662920125,0.0,0.00013698832891082013,0.0,0.0,0.0,0.0,0.0,0.0,0.0,0.0,0.0
4932.YOR098C,0.03398954167948324,0.0066256153597905754,0.45783136864618645,0.0,1.973506593092019e-05,0.0,0.0,0.0,0.0,0.0,0.0,0.0,0.0,0.0
4932.YHR211W,0.018148262073208243,0.0016838712751637598,0.4546281826905006,0.0,5.600205091690163e-05,0.0,0.0,0.0,0.0,0.0,0.0,0.0,0.0,0.0
4932.YOR394W,0.009227929867733006,0.0003733772436350651,0.40168143754684577,0.0,0.00012227029493559491,0.0,0.0,0.0,0.0,0.0,0.0,0.0,0.0,0.0
4932.YKL068W,0.054598585050753615,0.010634649081294809,0.4760091286495733,0.0,5.9925950151090795e-05,0.0,0.0,0.0,0.0,0.0,0.0,0.0,0.0,0.0
4932.YJR151C,0.014918486619501693,0.0007826932394055863,0.4399458778060477,0.0,7.382412730951223e-05,0.0,0.0,0.0,0.0,0.0,0.0,0.0,0.0,0.0
4932.YAL064C-A,0.002922177791448785,5.0734869434608854e-05,0.36269259964251643,0.0,2.18523500319063e-05,0.0,0.0,0.0,0.0,0.0,0.0,0.0,0.0,0.0
4932.YOR263C,0.004306367271608736,1.5202279615738449e-05,0.34410085867376217,0.0,7.693177441433146e-06,0.0,0.0,0.0,0.0,0.0,0.0,0.0,0.0,0.0
4932.YOR032W-A,0.0009227929867733006,3.361546777177468e-05,0.3518328342192498,0.0,3.2029211700746602e-06,0.0,0.0,0.0,0.0,0.0,0.0,0.0,0.0,0.0
4932.YAL064W,0.0007689941556444171,6.943019202266806e-06,0.32963022448106954,0.0,4.389650418088418e-08,0.0,0.0,0.0,0.0,0.0,0.0,0.0,0.0,0.0
4932.YHL043W,0.012150107659181791,0.00041986104401050574,0.4214008181060522,0.0,0.0004537154013306226,0.0,0.0,0.0,0.0,0.0,0.0,0.0,0.0,0.0
4932.YGL235W,0.006767148569670871,0.00013687947427494415,0.3950872873591126,0.0,0.0005977930946536095,0.0,0.0,0.0,0.0,0.0,0.0,0.0,0.0,0.0
4932.YLR444C,0.007689941556444172,0.00010633318093952988,0.378803813407679,0.0,0.0002642995022564815,0.0,0.0,0.0,0.0,0.0,0.0,0.0,0.0,0.0
4932.YAR060C,0.0019993848046754845,4.798153845042672e-05,0.35876770181069595,0.0,0.00011290918719697866,0.0,0.0,0.0,0.0,0.0,0.0,0.0,0.0,0.0
4932.YGL118C,0.002460781298062135,4.648361231829003e-06,0.33666652583779727,0.0,0.00010302775372952554,0.0,0.0,0.0,0.0,0.0,0.0,0.0,0.0,0.0
4932.YKL136W,0.008458935712088589,0.0003076868340235736,0.40686247668870607,0.0,0.00010555826095087307,0.0,0.0,0.0,0.0,0.0,0.0,0.0,0.0,0.0
4932.YNL019C,0.0015379883112888342,1.708278137992064e-05,0.3379974312195227,0.0,4.810217389993307e-06,0.0,0.0,0.0,0.0,0.0,0.0,0.0,0.0,0.0
4932.YKR073C,0.007228545063057521,0.00010157731611767188,0.3789805561177723,0.0,0.00030080789159824076,0.0,0.0,0.0,0.0,0.0,0.0,0.0,0.0,0.0
4932.YKL174C,0.017533066748692712,0.0016012729919267384,0.44813797346174655,0.0,2.380114943917646e-05,0.0,0.0,0.0,0.0,0.0,0.0,0.0,0.0,0.0
4932.YLR155C,0.020762842202399264,0.002690371113208454,0.45860686111901505,0.0,0.0002663137883204524,0.0,0.0,0.0,0.0,0.0,0.0,0.0,0.0,0.0
4932.YLR237W,0.015533681944017226,0.000939389861982953,0.4322203415721248,0.0,2.6247231501740817e-05,0.0,0.0,0.0,0.0,0.0,0.0,0.0,0.0,0.0
4932.YOR379C,0.0018455859735466013,4.802447075464305e-05,0.36421728687827615,0.0,4.310077240855457e-05,0.0,0.0,0.0,0.0,0.0,0.0,0.0,0.0,0.0
4932.YHL048W,0.006151953245155337,0.0001869802143002557,0.39968019530048743,0.0,4.8308996434711325e-05,0.0,0.0,0.0,0.0,0.0,0.0,0.0,0.0,0.0
4932.YLR157C,0.01476468778837281,0.001988437938545018,0.44189055526659804,0.0,0.00011359797158687984,0.0,0.0,0.0,0.0,0.0,0.0,0.0,0.0,0.0
4932.YPR201W,0.029375576745616735,0.0037388624354693467,0.4658398892533748,0.0,0.0001237631653214646,0.0,0.0,0.0,0.0,0.0,0.0,0.0,0.0,0.0
4932.YOL164W,0.009227929867733006,0.0003522669403111477,0.402452657945951,0.0,2.330322634013442e-05,0.0,0.0,0.0,0.0,0.0,0.0,0.0,0.0,0.0
4932.YGR065C,0.01614887726853276,0.001366048625995722,0.4392618546065926,0.0,2.8246494277502435e-05,0.0,0.0,0.0,0.0,0.0,0.0,0.0,0.0,0.0
4932.YLR158C,0.016456474930790527,0.002074137323775743,0.44424698264820706,0.0,0.00013658366413872426,0.0,0.0,0.0,0.0,0.0,0.0,0.0,0.0,0.0
4932.YFL027C,0.008766533374346356,0.00037547296630261725,0.4234052658627305,0.0,3.31631733156306e-05,0.0,0.0,0.0,0.0,0.0,0.0,0.0,0.0,0.0
4932.YGL263W,0.004306367271608736,0.00015006870482960104,0.38156198562509247,0.0,1.3139962782850041e-05,0.0,0.0,0.0,0.0,0.0,0.0,0.0,0.0,0.0
4932.YBR021W,0.018148262073208243,0.0020740677973785588,0.45446919955205795,0.0,3.89032891982691e-05,0.0,0.0,0.0,0.0,0.0,0.0,0.0,0.0,0.0
4932.YNR075W,0.007228545063057521,0.0003460309998263408,0.41664533311075436,0.0,6.570514779572384e-05,0.0,0.0,0.0,0.0,0.0,0.0,0.0,0.0,0.0
4932.YLR160C,0.01568748077514611,0.0020208960882895136,0.44294482721167855,0.0,0.00012964649122745007,0.0,0.0,0.0,0.0,0.0,0.0,0.0,0.0,0.0
4932.YER188C-A,0.0016917871424177177,4.678173957072637e-06,0.33386428686201125,0.0,2.6076246129399433e-05,0.0,0.0,0.0,0.0,0.0,0.0,0.0,0.0,0.0
4932.YMR018W,0.01661027376191941,0.001161688168896268,0.4477982644335555,0.0,5.361008234274189e-05,0.0,0.0,0.0,0.0,0.0,0.0,0.0,0.0,0.0
4932.YFL010W-A,0.006459550907413104,0.00038932815712464845,0.4184160087054298,0.0,0.00010475708549726354,0.0,0.0,0.0,0.0,0.0,0.0,0.0,0.0,0.0
4932.YML083C,0.006459550907413104,0.0003777960489489304,0.4026771156469805,0.0,1.5855323950480546e-05,0.0,0.0,0.0,0.0,0.0,0.0,0.0,0.0,0.0
4932.YLR346C,0.008612734543217471,0.0004975810126787025,0.4186856066491833,0.0,2.1130759959480107e-05,0.0,0.0,0.0,0.0,0.0,0.0,0.0,0.0,0.0
4932.YLR462W,0.006767148569670871,0.0001433089233693808,0.37480536512633816,0.0,0.00028645989260686253,0.0,0.0,0.0,0.0,0.0,0.0,0.0,0.0,0.0
4932.YGL262W,0.003229775453706552,0.000108213811526067,0.359124605681183,0.0,2.6357689099000204e-06,0.0,0.0,0.0,0.0,0.0,0.0,0.0,0.0,0.0
4932.YOL101C,0.01076591817902184,0.0007833957813577765,0.4377821609644495,0.0,2.5194514625922263e-05,0.0,0.0,0.0,0.0,0.0,0.0,0.0,0.0,0.0
4932.YGR131W,0.006613349738541987,0.0003676005863861796,0.40262721452353456,0.0,9.915699347849389e-06,0.0,0.0,0.0,0.0,0.0,0.0,0.0,0.0,0.0
4932.YFL062W,0.005229160258382036,0.00034746020032693436,0.40880783989904523,0.0,2.0986501811617208e-05,0.0,0.0,0.0,0.0,0.0,0.0,0.0,0.0,0.0
4932.YPL272C,0.005998154414026454,0.0002918877789599979,0.393008383645538,0.0,1.1060475792921711e-05,0.0,0.0,0.0,0.0,0.0,0.0,0.0,0.0,0.0
4932.YHR218W,0.00984312519224854,0.00041828283837713406,0.4217563844483238,0.0,0.00013625011217894715,0.0,0.0,0.0,0.0,0.0,0.0,0.0,0.0,0.0
4932.YCR020C,0.017225469086434943,0.0008761579557323589,0.44084129004038836,0.0,0.00024599763735505916,0.0,0.0,0.0,0.0,0.0,0.0,0.0,0.0,0.0
4932.YNL335W,0.004306367271608736,0.00016344305769451677,0.3767175265346005,0.0,4.614046406084869e-06,0.0,0.0,0.0,0.0,0.0,0.0,0.0,0.0,0.0
4932.YHR219W,0.006151953245155337,8.305421215142743e-05,0.3567585711647812,0.0,4.075874288869307e-05,0.0,0.0,0.0,0.0,0.0,0.0,0.0,0.0,0.0
4932.YEL074W,0.004613964933866503,8.547008637342648e-05,0.36368727907288995,0.0,5.603985438709787e-05,0.0,0.0,0.0,0.0,0.0,0.0,0.0,0.0,0.0
4932.YJR162C,0.0018455859735466013,2.079044696699136e-06,0.31379180100421694,0.0,4.713902636873253e-07,0.0,0.0,0.0,0.0,0.0,0.0,0.0,0.0,0.0
4932.YFL063W,0.004767763764995386,0.00011219287732124823,0.37120826136505713,0.0,5.6382609986365546e-05,0.0,0.0,0.0,0.0,0.0,0.0,0.0,0.0,0.0
4932.YBL109W,0.007843740387573055,0.000141297105930788,0.378032498411503,0.0,0.0003172168193547203,0.0,0.0,0.0,0.0,0.0,0.0,0.0,0.0,0.0
4932.YHR217C,0.00538295908951092,4.018111005019385e-05,0.3520234365456051,0.0,7.574692189078451e-05,0.0,0.0,0.0,0.0,0.0,0.0,0.0,0.0,0.0
4932.YJL173C,0.016302676099661642,0.0017604242219259733,0.44138028903649806,0.0,2.7357403672310445e-05,0.0,0.0,0.0,0.0,0.0,0.0,0.0,0.0,0.0
4932.YIL027C,0.014457090126115043,0.0013560871196304813,0.4477982644335555,0.0,2.796095331704751e-05,0.0,0.0,0.0,0.0,0.0,0.0,0.0,0.0,0.0
4932.YJR010C-A,0.018609658566594894,0.002256755895947692,0.4492844233696553,0.0,6.82771586485553e-05,0.0,0.0,0.0,0.0,0.0,0.0,0.0,0.0,0.0
4932.YOL073C,0.014610888957243925,0.001639135074555981,0.4592875752894631,0.0,0.00010214831245342873,0.0,0.0,0.0,0.0,0.0,0.0,0.0,0.0,0.0
4932.YKL165C,0.026607197785296834,0.002502415284321918,0.45828342021266133,0.0,7.171020387215566e-05,0.0,0.0,0.0,0.0,0.0,0.0,0.0,0.0,0.0
4932.YNR061C,0.002153183635804368,0.0001764590483358931,0.3858211979097093,0.0,6.756966794448488e-07,0.0,0.0,0.0,0.0,0.0,0.0,0.0,0.0,0.0
4932.YHR167W,0.018609658566594894,0.003993075393358583,0.43491068972594366,0.0,3.171199032150759e-05,0.0,0.0,0.0,0.0,0.0,0.0,0.0,0.0,0.0
4932.YJR042W,0.049523223623500465,0.009285439513731383,0.471826939819585,0.0,5.3022840729717616e-05,0.0,0.0,0.0,0.0,0.0,0.0,0.0,0.0,0.0
4932.YGL066W,0.030452168563518917,0.0032427992700105883,0.45847742998626434,0.0,6.520795407597775e-05,0.0,0.0,0.0,0.0,0.0,0.0,0.0,0.0,0.0
4932.YDR143C,0.017686865579821593,0.0027413511661545874,0.45310652082806807,0.0,1.566433439831434e-05,0.0,0.0,0.0,0.0,0.0,0.0,0.0,0.0,0.0
4932.YOR166C,0.009074131036604122,0.001375501656140125,0.41919880105769464,0.0,6.616803784446186e-06,0.0,0.0,0.0,0.0,0.0,0.0,0.0,0.0,0.0
4932.YGR092W,0.023223623500461397,0.002383285473207545,0.4528223425223223,0.0,3.198820197244079e-05,0.0,0.0,0.0,0.0,0.0,0.0,0.0,0.0,0.0
4932.YHR049W,0.007536142725315288,0.0012622436295013089,0.43150279667941593,0.0,4.375505390150362e-06,0.0,0.0,0.0,0.0,0.0,0.0,0.0,0.0,0.0
4932.YFR034C,0.0269147954475546,0.0025984432962064597,0.46886504186415506,0.0,0.00010648031130035501,0.0,0.0,0.0,0.0,0.0,0.0,0.0,0.0,0.0
4932.YLR233C,0.041679483235927406,0.004104153153580668,0.475034769734288,0.0,0.0004975556389566542,0.0,0.0,0.0,0.0,0.0,0.0,0.0,0.0,0.0
4932.YDR228C,0.021839434020301446,0.002761270994203686,0.450467980256175,0.0,2.5190912689468748e-05,0.0,0.0,0.0,0.0,0.0,0.0,0.0,0.0,0.0
4932.YNL206C,0.022762227007074746,0.002696625280856294,0.4546281826905006,0.0,3.8070399627196e-05,0.0,0.0,0.0,0.0,0.0,0.0,0.0,0.0,0.0
4932.YHR036W,0.007689941556444172,0.0008716478269116584,0.41855076426378907,0.0,3.589207106538806e-06,0.0,0.0,0.0,0.0,0.0,0.0,0.0,0.0,0.0
4932.YOR213C,0.015379883112888343,0.0019984890707699762,0.44552626775422177,0.0,1.5115414348840219e-05,0.0,0.0,0.0,0.0,0.0,0.0,0.0,0.0,0.0
4932.YDR066C,0.014149492463857275,0.0018502334852990047,0.44491616673709855,0.0,4.605306633201443e-05,0.0,0.0,0.0,0.0,0.0,0.0,0.0,0.0,0.0
4932.YGR057C,0.007997539218701938,0.0008364275039137249,0.4276125700970864,0.0,5.774541190359938e-06,0.0,0.0,0.0,0.0,0.0,0.0,0.0,0.0,0.0
4932.YDL076C,0.006613349738541987,0.0004078259433993508,0.4158720393725008,0.0,1.4835985728629517e-05,0.0,0.0,0.0,0.0,0.0,0.0,0.0,0.0,0.0
4932.YGL247W,0.012303906490310674,0.0008758755455509683,0.4397374714214878,0.0,6.666871225487072e-05,0.0,0.0,0.0,0.0,0.0,0.0,0.0,0.0,0.0
4932.YER139C,0.012150107659181791,0.0017058000743674785,0.4418605069492265,0.0,9.619999860977167e-05,0.0,0.0,0.0,0.0,0.0,0.0,0.0,0.0,0.0
4932.YCL010C,0.04306367271608736,0.005041446944185142,0.4798051107727479,0.0,0.00028153881590182376,0.0,0.0,0.0,0.0,0.0,0.0,0.0,0.0,0.0
4932.YIL139C,0.012919101814826209,0.0012280968063600017,0.4364003099526746,0.0,1.7709166055235886e-05,0.0,0.0,0.0,0.0,0.0,0.0,0.0,0.0,0.0
4932.YLL005C,0.009996924023377422,0.00047239803165005726,0.43464887058162704,0.0,5.6935565557366295e-05,0.0,0.0,0.0,0.0,0.0,0.0,0.0,0.0,0.0
4932.YPL001W,0.03306674869270994,0.00486389621380887,0.4647071883855628,0.0,4.470503724214693e-05,0.0,0.0,0.0,0.0,0.0,0.0,0.0,0.0,0.0
4932.YLR389C,0.02860658258997232,0.0039014437600103018,0.46121091739621867,0.0,4.300175171299033e-05,0.0,0.0,0.0,0.0,0.0,0.0,0.0,0.0,0.0
4932.YBR057C,0.01968625038449708,0.0024672852909898356,0.45799271322211194,0.0,3.614058840251845e-05,0.0,0.0,0.0,0.0,0.0,0.0,0.0,0.0,0.0
4932.YDL005C,0.017994463242079362,0.0018793350490696724,0.4523180158147936,0.0,4.6426170276563085e-05,0.0,0.0,0.0,0.0,0.0,0.0,0.0,0.0,0.0
4932.YPR025C,0.029836973239003386,0.003678468298381328,0.4614401800309136,0.0,3.742472398841346e-05,0.0,0.0,0.0,0.0,0.0,0.0,0.0,0.0,0.0
4932.YDR279W,0.021685635189172565,0.0020637016007508976,0.441920607671064,0.0,2.009917888789593e-05,0.0,0.0,0.0,0.0,0.0,0.0,0.0,0.0,0.0
4932.YBR163W,0.0070747462319286376,0.001029070676819927,0.42244185510306365,0.0,4.373116600859139e-06,0.0,0.0,0.0,0.0,0.0,0.0,0.0,0.0,0.0
4932.YPR162C,0.025069209474007998,0.002811110125263403,0.4508117535170893,0.0,4.481500582810213e-05,0.0,0.0,0.0,0.0,0.0,0.0,0.0,0.0,0.0
4932.YML060W,0.04214087972931406,0.008612268547436658,0.46157128961467003,0.0,3.727234991025344e-05,0.0,0.0,0.0,0.0,0.0,0.0,0.0,0.0,0.0
4932.YJL072C,0.028914180252230085,0.0029472637899009856,0.45558442229512197,0.0,3.7373081162602067e-05,0.0,0.0,0.0,0.0,0.0,0.0,0.0,0.0,0.0
4932.YDR489W,0.032605352199323284,0.003910786689561889,0.45873636535088774,0.0,3.96739852237665e-05,0.0,0.0,0.0,0.0,0.0,0.0,0.0,0.0,0.0
4932.YIL073C,0.018609658566594894,0.0010381206494328632,0.443852501037932,0.0,7.892075384604972e-05,0.0,0.0,0.0,0.0,0.0,0.0,0.0,0.0,0.0
4932.YER044C,0.01707167025530606,0.0016279048258952204,0.45096818760464463,0.0,6.806325206846685e-05,0.0,0.0,0.0,0.0,0.0,0.0,0.0,0.0,0.0
4932.YOL146W,0.029836973239003386,0.004642329006320161,0.4576056771264313,0.0,2.8211783245287213e-05,0.0,0.0,0.0,0.0,0.0,0.0,0.0,0.0,0.0
4932.YER060W,0.02645339895416795,0.004230381321315189,0.4661406467141553,0.0,6.912711443041574e-05,0.0,0.0,0.0,0.0,0.0,0.0,0.0,0.0,0.0
4932.YDR013W,0.04029529375576746,0.004175157212284238,0.4651729268519812,0.0,9.602219339556291e-05,0.0,0.0,0.0,0.0,0.0,0.0,0.0,0.0,0.0
4932.YIL132C,0.007843740387573055,0.0004295097577658635,0.40463295443024627,0.0,5.103199923460524e-05,0.0,0.0,0.0,0.0,0.0,0.0,0.0,0.0,0.0
4932.YLR154C,0.004767763764995386,0.000519420662485647,0.4086535824913732,0.0,9.749887737608588e-06,0.0,0.0,0.0,0.0,0.0,0.0,0.0,0.0,0.0
4932.YER060W-A,0.026145801291910183,0.004728877504399628,0.46199791078530567,0.0,4.670707835665004e-05,0.0,0.0,0.0,0.0,0.0,0.0,0.0,0.0,0.0
4932.YGL033W,0.02291602583820363,0.0015129095708751154,0.4588659427438263,0.0,0.0002706222500409325,0.0,0.0,0.0,0.0,0.0,0.0,0.0,0.0,0.0
4932.YGL241W,0.027068594278683484,0.004601819492023223,0.4568014492228699,0.0,2.5815688915787108e-05,0.0,0.0,0.0,0.0,0.0,0.0,0.0,0.0,0.0
4932.YDL101C,0.048600430636727164,0.004957758265999074,0.4721354802873883,0.0,0.00012343741719255535,0.0,0.0,0.0,0.0,0.0,0.0,0.0,0.0,0.0
4932.YIL072W,0.024761611811750232,0.001897921262884577,0.45783136864618645,0.0,9.035808218250514e-05,0.0,0.0,0.0,0.0,0.0,0.0,0.0,0.0,0.0
4932.YCR014C,0.026145801291910183,0.003388456222439329,0.4571228009282676,0.0,3.7891078270878596e-05,0.0,0.0,0.0,0.0,0.0,0.0,0.0,0.0,0.0
4932.YJL087C,0.031067363888034452,0.007922100096854897,0.44810706952591717,0.0,1.4605987397746206e-05,0.0,0.0,0.0,0.0,0.0,0.0,0.0,0.0,0.0
4932.YJL193W,0.009074131036604122,0.00097794646876224,0.43505628114591083,0.0,1.1132345098094931e-05,0.0,0.0,0.0,0.0,0.0,0.0,0.0,0.0,0.0
4932.YNR029C,0.011842509996924024,0.0019016267002092138,0.4397672316726668,0.0,1.1182935999570054e-05,0.0,0.0,0.0,0.0,0.0,0.0,0.0,0.0,0.0
4932.YLR273C,0.01568748077514611,0.0011258824280920726,0.4458625370656872,0.0,3.771976096866512e-05,0.0,0.0,0.0,0.0,0.0,0.0,0.0,0.0,0.0
4932.YOR355W,0.00938172869886189,0.0015055617457726993,0.4367522929960562,0.0,5.208633728788383e-06,0.0,0.0,0.0,0.0,0.0,0.0,0.0,0.0,0.0
4932.YOR047C,0.009996924023377422,0.00135103841795277,0.42981879978802257,0.0,6.4543024908861e-06,0.0,0.0,0.0,0.0,0.0,0.0,0.0,0.0,0.0
4932.YMR311C,0.013226699477083975,0.001004362869537643,0.4383728405312909,0.0,1.7896244522759953e-05,0.0,0.0,0.0,0.0,0.0,0.0,0.0,0.0,0.0
4932.YPL125W,0.025684404798523533,0.004789729736116435,0.4524754971934632,0.0,4.4903269008760126e-05,0.0,0.0,0.0,0.0,0.0,0.0,0.0,0.0,0.0
4932.YER032W,0.012919101814826209,0.0013086098340688366,0.43628310831175804,0.0,7.58350253892258e-05,0.0,0.0,0.0,0.0,0.0,0.0,0.0,0.0,0.0
4932.YGL221C,0.03014457090126115,0.004285740244121162,0.4602961404827743,0.0,8.667953500326085e-05,0.0,0.0,0.0,0.0,0.0,0.0,0.0,0.0,0.0
4932.YHR144C,0.034450938172869885,0.006251142176543486,0.46275463717385873,0.0,4.66926365965207e-05,0.0,0.0,0.0,0.0,0.0,0.0,0.0,0.0,0.0
4932.YGR035C,0.004613964933866503,0.000493924969227421,0.4042805086290876,0.0,3.0418798076562877e-06,0.0,0.0,0.0,0.0,0.0,0.0,0.0,0.0,0.0
4932.YPR044C,0.02199323285143033,0.006003056669801624,0.4242899520205892,0.0,0.0004639108326513795,0.0,0.0,0.0,0.0,0.0,0.0,0.0,0.0,0.0
4932.YGL183C,0.024146416487234697,0.001930710095444288,0.44829255710212657,0.0,8.882133540730922e-05,0.0,0.0,0.0,0.0,0.0,0.0,0.0,0.0,0.0
4932.YJR021C,0.007843740387573055,0.00041020044208468125,0.41293852409731346,0.0,1.3042039446372868e-05,0.0,0.0,0.0,0.0,0.0,0.0,0.0,0.0,0.0
4932.YNL020C,0.01614887726853276,0.0012698220844100541,0.44174035453401256,0.0,1.2607659801699884e-05,0.0,0.0,0.0,0.0,0.0,0.0,0.0,0.0,0.0
4932.YHR177W,0.003844970778222086,0.0004342431484410434,0.4130697740255117,0.0,1.1401710573749144e-06,0.0,0.0,0.0,0.0,0.0,0.0,0.0,0.0,0.0
4932.YDR085C,0.018609658566594894,0.0013865864876087075,0.452223579594636,0.0,7.294161375342455e-05,0.0,0.0,0.0,0.0,0.0,0.0,0.0,0.0,0.0
4932.YBR224W,0.004767763764995386,5.4088217542273035e-06,0.33937434664413874,0.0,1.9316503320601505e-05,0.0,0.0,0.0,0.0,0.0,0.0,0.0,0.0,0.0
4932.YFL012W-A,0.001076591817902184,9.639687483698755e-07,0.30278181888986183,0.0,1.5834020832639916e-07,0.0,0.0,0.0,0.0,0.0,0.0,0.0,0.0,0.0
4932.YFL031C-A,0.017225469086434943,0.0004309054863131547,0.39267588924313057,0.0,1.895360833543821e-05,0.0,0.0,0.0,0.0,0.0,0.0,0.0,0.0,0.0
4932.YNL269W,0.01122731467240849,0.0002914461079416642,0.41367459989784344,0.0,0.0005017854571107768,0.0,0.0,0.0,0.0,0.0,0.0,0.0,0.0,0.0
4932.YHR055C,0.029836973239003386,0.00302073057356654,0.475660684810433,0.0,0.0004753582289570711,0.0,0.0,0.0,0.0,0.0,0.0,0.0,0.0,0.0
4932.YJR120W,0.007843740387573055,0.0004245080143517392,0.4080889666014774,0.0,9.337754590045204e-05,0.0,0.0,0.0,0.0,0.0,0.0,0.0,0.0,0.0
4932.YER053C-A,0.02060904337127038,0.0007098354305308108,0.4326808240241926,0.0,0.0004143848539220091,0.0,0.0,0.0,0.0,0.0,0.0,0.0,0.0,0.0
4932.YJL127C-B,0.020762842202399264,0.0005418168875145812,0.4162449948879203,0.0,0.00018578177355830613,0.0,0.0,0.0,0.0,0.0,0.0,0.0,0.0,0.0
4932.YGR126W,0.0004613964933866503,4.735860451905852e-06,0.33120957312785176,0.0,2.475410582532661e-07,0.0,0.0,0.0,0.0,0.0,0.0,0.0,0.0,0.0
4932.YLR146W-A,0.012457705321439558,0.00041920673523035493,0.3858899349839851,0.0,7.745689144103512e-06,0.0,0.0,0.0,0.0,0.0,0.0,0.0,0.0,0.0
4932.YBR126W-B,0.018302060904337128,0.0004345175976279816,0.39293708745209677,0.0,3.408696617782227e-05,0.0,0.0,0.0,0.0,0.0,0.0,0.0,0.0,0.0
4932.YJR108W,0.004767763764995386,0.00013076640647333078,0.3823252891971831,0.0,4.259292646597611e-05,0.0,0.0,0.0,0.0,0.0,0.0,0.0,0.0,0.0
4932.YOR302W,0.022608428175945865,0.0008702366045351563,0.4438828209027478,0.0,0.00047475897972562006,0.0,0.0,0.0,0.0,0.0,0.0,0.0,0.0,0.0
4932.YHR050W-A,0.021839434020301446,0.00038974023230167585,0.39277083022215453,0.0,6.265037054905049e-05,0.0,0.0,0.0,0.0,0.0,0.0,0.0,0.0,0.0
4932.YDL232W,0.024300215318363582,0.0010224389517451227,0.441440259184465,0.0,0.00048625826443056484,0.0,0.0,0.0,0.0,0.0,0.0,0.0,0.0,0.0
4932.YDL024C,0.015072285450630576,0.0011226244233322133,0.44240200266852703,0.0,6.690785867609698e-05,0.0,0.0,0.0,0.0,0.0,0.0,0.0,0.0,0.0
4932.YGL222C,0.006920947400799755,0.0006094826158428813,0.42959147264282194,0.0,8.738787447819145e-05,0.0,0.0,0.0,0.0,0.0,0.0,0.0,0.0,0.0
4932.YOL015W,0.00538295908951092,0.00020332600912669512,0.3952314710294584,0.0,2.0500016772391456e-05,0.0,0.0,0.0,0.0,0.0,0.0,0.0,0.0,0.0
4932.YCR007C,0.0036911719470932025,0.0001317870924345801,0.38552362000565554,0.0,2.049648595797151e-05,0.0,0.0,0.0,0.0,0.0,0.0,0.0,0.0,0.0
4932.YLR053C,0.004613964933866503,0.00016867711908084157,0.381696464708372,0.0,1.1630304872283893e-05,0.0,0.0,0.0,0.0,0.0,0.0,0.0,0.0,0.0
4932.YHL044W,0.005998154414026454,0.00018189149632320405,0.39196529226657767,0.0,3.720127061824647e-05,0.0,0.0,0.0,0.0,0.0,0.0,0.0,0.0,0.0
4932.YKL037W,0.002460781298062135,0.0001024070004922508,0.3769141888164341,0.0,6.319309440835151e-05,0.0,0.0,0.0,0.0,0.0,0.0,0.0,0.0,0.0
4932.YAR029W,0.0015379883112888342,1.9717984871213494e-05,0.3460064225343623,0.0,2.755371785988861e-05,0.0,0.0,0.0,0.0,0.0,0.0,0.0,0.0,0.0
4932.YOL159C,0.004613964933866503,0.0001157865942349848,0.37528158332055006,0.0,6.789428680078729e-05,0.0,0.0,0.0,0.0,0.0,0.0,0.0,0.0,0.0
4932.YKR011C,0.009074131036604122,0.0007870369429644563,0.42227713901711234,0.0,7.563711366655891e-06,0.0,0.0,0.0,0.0,0.0,0.0,0.0,0.0,0.0
4932.YAR030C,0.0007689941556444171,1.0266414244040535e-06,0.30794751979504875,0.0,2.9196456435463757e-07,0.0,0.0,0.0,0.0,0.0,0.0,0.0,0.0,0.0
4932.YHL028W,0.02060904337127038,0.0020983342616787497,0.4616368723497673,0.0,0.000152172902659196,0.0,0.0,0.0,0.0,0.0,0.0,0.0,0.0,0.0
4932.YMR320W,0.0033835742848354355,5.100686649788374e-05,0.35884695246274156,0.0,1.8562138777979345e-05,0.0,0.0,0.0,0.0,0.0,0.0,0.0,0.0,0.0
4932.YGL052W,0.002614580129191018,9.203094883199547e-05,0.3704675379244769,0.0,1.1031092112804444e-05,0.0,0.0,0.0,0.0,0.0,0.0,0.0,0.0,0.0
4932.YGL053W,0.00492156259612427,0.00036654945901124517,0.40790964313843847,0.0,1.4612968315744074e-05,0.0,0.0,0.0,0.0,0.0,0.0,0.0,0.0,0.0
4932.YLR156W,0.003844970778222086,8.495880475197813e-05,0.36366692496056213,0.0,1.7241761918239122e-05,0.0,0.0,0.0,0.0,0.0,0.0,0.0,0.0,0.0
4932.YKL044W,0.0016917871424177177,5.6630578157271114e-05,0.36425812070157093,0.0,1.0816999529254816e-05,0.0,0.0,0.0,0.0,0.0,0.0,0.0,0.0,0.0
4932.YJR129C,0.010458320516764073,0.001968620686813086,0.4354936408548572,0.0,5.64838224023486e-05,0.0,0.0,0.0,0.0,0.0,0.0,0.0,0.0,0.0
4932.YMR069W,0.012611504152568441,0.0019150140737716902,0.44421661301581383,0.0,0.00011049264866841286,0.0,0.0,0.0,0.0,0.0,0.0,0.0,0.0,0.0
4932.YGR069W,0.0015379883112888342,3.673516042129778e-05,0.35762248845323746,0.0,2.0313921340360003e-05,0.0,0.0,0.0,0.0,0.0,0.0,0.0,0.0,0.0
4932.YJR146W,0.010612119347892957,0.0002635253707716781,0.4134640248915325,0.0,0.00019638418379760864,0.0,0.0,0.0,0.0,0.0,0.0,0.0,0.0,0.0
4932.YPR066W,0.05321439557059367,0.007783132040634703,0.477337884022282,0.0,0.0002096040363924931,0.0,0.0,0.0,0.0,0.0,0.0,0.0,0.0,0.0
4932.YLR358C,0.007536142725315288,0.00027676434308435393,0.4102014150113834,0.0,0.0004043232413510497,0.0,0.0,0.0,0.0,0.0,0.0,0.0,0.0,0.0
4932.YNL234W,0.02829898492771455,0.004052936545595002,0.4640103267063214,0.0,6.871483774773289e-05,0.0,0.0,0.0,0.0,0.0,0.0,0.0,0.0,0.0
4932.YNL184C,0.015995078437403876,0.0013409900037013307,0.4544374162665448,0.0,0.0002999355069737549,0.0,0.0,0.0,0.0,0.0,0.0,0.0,0.0,0.0
4932.YDR121W,0.026299600123039068,0.0037493946182986645,0.4635138465793084,0.0,6.820824495301598e-05,0.0,0.0,0.0,0.0,0.0,0.0,0.0,0.0,0.0
4932.YNL140C,0.0023069824669332516,0.00029856540242888247,0.39288957102577693,0.0,7.083506829209458e-05,0.0,0.0,0.0,0.0,0.0,0.0,0.0,0.0,0.0
4932.YPL056C,0.004767763764995386,0.00026313712867710503,0.409787514359294,0.0,2.1742543809308548e-05,0.0,0.0,0.0,0.0,0.0,0.0,0.0,0.0,0.0
4932.YBR074W,0.02245462934481698,0.0023700877011621625,0.461080012431372,0.0,6.419797509978866e-05,0.0,0.0,0.0,0.0,0.0,0.0,0.0,0.0,0.0
4932.YJL078C,0.02291602583820363,0.002613703859072032,0.4589631738377825,0.0,5.08184470219907e-05,0.0,0.0,0.0,0.0,0.0,0.0,0.0,0.0,0.0
4932.YPR185W,0.023685019993848047,0.0018696797206205983,0.45304333927318724,0.0,3.578405212792959e-05,0.0,0.0,0.0,0.0,0.0,0.0,0.0,0.0,0.0
4932.YLR407W,0.03275915103045217,0.008774462116511776,0.4622937261806577,0.0,5.4059473646396794e-05,0.0,0.0,0.0,0.0,0.0,0.0,0.0,0.0,0.0
4932.YHL023C,0.02922177791448785,0.0031371579667471812,0.4643419047588484,0.0,6.328989292056152e-05,0.0,0.0,0.0,0.0,0.0,0.0,0.0,0.0,0.0
4932.YJL079C,0.023223623500461397,0.002596417557682933,0.4571228009282676,0.0,4.436055264518096e-05,0.0,0.0,0.0,0.0,0.0,0.0,0.0,0.0,0.0
4932.YMR040W,0.017533066748692712,0.0019459317386614082,0.45294859997179177,0.0,2.9809486555606804e-05,0.0,0.0,0.0,0.0,0.0,0.0,0.0,0.0,0.0
4932.YLR024C,0.041679483235927406,0.004988223927696412,0.46967839647237625,0.0,0.00020859675956755647,0.0,0.0,0.0,0.0,0.0,0.0,0.0,0.0,0.0
4932.YIR014W,0.00492156259612427,0.000258114583312434,0.3984303522714651,0.0,6.352029369372571e-06,0.0,0.0,0.0,0.0,0.0,0.0,0.0,0.0,0.0
4932.YLR392C,0.006613349738541987,0.0005222295088617116,0.4186856066491833,0.0,2.7591481131415074e-06,0.0,0.0,0.0,0.0,0.0,0.0,0.0,0.0,0.0
4932.YPL176C,0.01122731467240849,0.0008353274528217169,0.4385207595623785,0.0,1.6642433216702906e-05,0.0,0.0,0.0,0.0,0.0,0.0,0.0,0.0,0.0
4932.YJL100W,0.010612119347892957,0.0006912247634693715,0.43908376344316,0.0,1.725062433917809e-05,0.0,0.0,0.0,0.0,0.0,0.0,0.0,0.0,0.0
4932.YPL133C,0.010612119347892957,0.0013615616912026163,0.4413203351803399,0.0,7.23623422075521e-06,0.0,0.0,0.0,0.0,0.0,0.0,0.0,0.0,0.0
4932.YLR458W,0.002460781298062135,3.813844530732564e-06,0.3351903752808896,0.0,1.4243818976259916e-05,0.0,0.0,0.0,0.0,0.0,0.0,0.0,0.0,0.0
4932.YDR102C,0.0018455859735466013,2.0204608232964464e-05,0.3480263839748982,0.0,1.756931171312089e-05,0.0,0.0,0.0,0.0,0.0,0.0,0.0,0.0,0.0
4932.YGL192W,0.030913565056905568,0.004350043849246099,0.47039240011548605,0.0,0.0001512292676240444,0.0,0.0,0.0,0.0,0.0,0.0,0.0,0.0,0.0
4932.YOL105C,0.011996308828052908,0.0011920551555471078,0.4436403779064194,0.0,2.1770322180654256e-05,0.0,0.0,0.0,0.0,0.0,0.0,0.0,0.0,0.0
4932.YGL045W,0.019840049215625963,0.0014890375310285591,0.4496575057224638,0.0,5.3142752577452966e-05,0.0,0.0,0.0,0.0,0.0,0.0,0.0,0.0,0.0
4932.YIL156W,0.01707167025530606,0.001660241333140434,0.44962639186239445,0.0,2.262336583865959e-05,0.0,0.0,0.0,0.0,0.0,0.0,0.0,0.0,0.0
4932.YHR124W,0.021839434020301446,0.0013579281156620713,0.45181481123594247,0.0,9.318304260719793e-05,0.0,0.0,0.0,0.0,0.0,0.0,0.0,0.0,0.0
4932.YBL029W,0.002922177791448785,0.00012232776427867668,0.37500003550296196,0.0,1.8402413948102444e-06,0.0,0.0,0.0,0.0,0.0,0.0,0.0,0.0,0.0
4932.YNR066C,0.002768378960319902,0.00031764210626757545,0.4020542392770279,0.0,1.9092314233307406e-06,0.0,0.0,0.0,0.0,0.0,0.0,0.0,0.0,0.0
4932.YOR107W,0.020916641033528145,0.002694291336731605,0.4580249957845439,0.0,2.0045680725696076e-05,0.0,0.0,0.0,0.0,0.0,0.0,0.0,0.0,0.0
4932.YIL173W,0.009074131036604122,0.0007360056033720024,0.43456166757141207,0.0,2.3101696758381254e-05,0.0,0.0,0.0,0.0,0.0,0.0,0.0,0.0,0.0
4932.YDL109C,0.007228545063057521,0.00044202774920719406,0.42257921669996257,0.0,1.0140296354574803e-05,0.0,0.0,0.0,0.0,0.0,0.0,0.0,0.0,0.0
4932.YAR053W,0.002768378960319902,7.212922559115234e-05,0.36279384820475263,0.0,5.581495168294452e-06,0.0,0.0,0.0,0.0,0.0,0.0,0.0,0.0,0.0
4932.YCL066W,0.008920332205475239,0.00021715005670228105,0.3950392495103243,0.0,0.00016762373450445822,0.0,0.0,0.0,0.0,0.0,0.0,0.0,0.0,0.0
4932.YCR040W,0.006767148569670871,0.00012570326308267951,0.3768923273125297,0.0,6.240377328353679e-05,0.0,0.0,0.0,0.0,0.0,0.0,0.0,0.0,0.0
4932.YHR212C,0.00030759766225776686,2.3567879701660813e-07,0.28110402384475364,0.0,0.0,0.0,0.0,0.0,0.0,0.0,0.0,0.0,0.0,0.0
4932.YAR066W,0.002153183635804368,8.605751625602589e-05,0.3703830720015575,0.0,7.468920078952636e-06,0.0,0.0,0.0,0.0,0.0,0.0,0.0,0.0,0.0
4932.YFL067W,0.007536142725315288,0.00012940859932418597,0.37443820532415145,0.0,0.00015434902744950116,0.0,0.0,0.0,0.0,0.0,0.0,0.0,0.0,0.0
4932.YGL258W,0.005998154414026454,0.00025354666079524166,0.4012845436420258,0.0,4.8361883558643195e-05,0.0,0.0,0.0,0.0,0.0,0.0,0.0,0.0,0.0
4932.YHR214W,0.0033835742848354355,8.141611758793267e-05,0.36620833043255885,0.0,2.2824389553036788e-05,0.0,0.0,0.0,0.0,0.0,0.0,0.0,0.0,0.0
4932.YHR214W-A,0.0019993848046754845,0.0001052506547708663,0.3580757488948766,0.0,1.4914788493655604e-06,0.0,0.0,0.0,0.0,0.0,0.0,0.0,0.0,0.0
4932.YIR040C,0.004613964933866503,1.3077794873422732e-05,0.34400977368814256,0.0,1.6122744557956883e-05,0.0,0.0,0.0,0.0,0.0,0.0,0.0,0.0,0.0
4932.YFL065C,0.002153183635804368,3.3900136839353106e-05,0.34110239449844226,0.0,8.986806197260853e-06,0.0,0.0,0.0,0.0,0.0,0.0,0.0,0.0,0.0
4932.YGR176W,0.004152568440479853,0.00018169024560581528,0.3837250865238765,0.0,0.0001050624770580094,0.0,0.0,0.0,0.0,0.0,0.0,0.0,0.0,0.0
4932.YHL049C,0.00538295908951092,0.00015272786264268663,0.3817413121369595,0.0,3.4126612073728105e-05,0.0,0.0,0.0,0.0,0.0,0.0,0.0,0.0,0.0
4932.YAR068W,0.003844970778222086,8.412679274407979e-05,0.36474884171739125,0.0,2.4705710936363746e-05,0.0,0.0,0.0,0.0,0.0,0.0,0.0,0.0,0.0
4932.YLR161W,0.006151953245155337,0.00012803892360108244,0.36544629746332175,0.0,3.8981131567048616e-05,0.0,0.0,0.0,0.0,0.0,0.0,0.0,0.0,0.0
4932.YOR247W,0.013534297139341742,0.0013639886256401367,0.43491068972594366,0.0,3.043617002208342e-05,0.0,0.0,0.0,0.0,0.0,0.0,0.0,0.0,0.0
4932.YHL050C,0.01030452168563519,0.00040079338819339527,0.41611171972306127,0.0,7.595144246135264e-05,0.0,0.0,0.0,0.0,0.0,0.0,0.0,0.0,0.0
4932.YHR213W-B,0.002460781298062135,3.908078347696234e-05,0.3540758835655691,0.0,1.2000713068358196e-06,0.0,0.0,0.0,0.0,0.0,0.0,0.0,0.0,0.0
4932.YFL066C,0.00492156259612427,0.00012129912208379864,0.3763684109583159,0.0,2.4069465541216447e-05,0.0,0.0,0.0,0.0,0.0,0.0,0.0,0.0,0.0
4932.YKL220C,0.018609658566594894,0.0013790241687221985,0.4553609400977803,0.0,0.00016060403445314879,0.0,0.0,0.0,0.0,0.0,0.0,0.0,0.0,0.0
4932.YLR411W,0.006767148569670871,0.0005275653588776739,0.41846990051489724,0.0,1.5573793201776107e-05,0.0,0.0,0.0,0.0,0.0,0.0,0.0,0.0,0.0
4932.YAR071W,0.006613349738541987,0.0005964739074072445,0.41744832424484934,0.0,1.3730849246475198e-05,0.0,0.0,0.0,0.0,0.0,0.0,0.0,0.0,0.0
4932.YHR145C,0.0018455859735466013,3.8856818055333504e-05,0.3463014610528312,0.0,1.685969683205059e-05,0.0,0.0,0.0,0.0,0.0,0.0,0.0,0.0,0.0
4932.YDR452W,0.020301445709012614,0.001794811342942861,0.4584450836175621,0.0,0.00013540417218929604,0.0,0.0,0.0,0.0,0.0,0.0,0.0,0.0,0.0
4932.YML123C,0.034758535835127655,0.0031871082624268404,0.4693730580175762,0.0,0.0003425921502216901,0.0,0.0,0.0,0.0,0.0,0.0,0.0,0.0,0.0
4932.YDR281C,0.00538295908951092,0.00032874137584935036,0.4120743620518311,0.0,1.868573908356019e-05,0.0,0.0,0.0,0.0,0.0,0.0,0.0,0.0,0.0
4932.YBR092C,0.01661027376191941,0.0022666218617140932,0.44234177094590366,0.0,4.399622707663318e-05,0.0,0.0,0.0,0.0,0.0,0.0,0.0,0.0,0.0
4932.YBR093C,0.00584435558289757,0.00038823874892959375,0.4134640248915325,0.0,2.7094807795872607e-05,0.0,0.0,0.0,0.0,0.0,0.0,0.0,0.0,0.0
4932.YDR089W,0.004460166102737619,0.00029878312142944577,0.3994836232137787,0.0,7.707447291833032e-06,0.0,0.0,0.0,0.0,0.0,0.0,0.0,0.0,0.0
4932.YHR136C,0.006920947400799755,0.00046877504473655175,0.4187935431293713,0.0,2.4807578778168697e-05,0.0,0.0,0.0,0.0,0.0,0.0,0.0,0.0,0.0
4932.YOR163W,0.0259920024607813,0.004412667090479688,0.4595474268172082,0.0,5.2938052486573634e-05,0.0,0.0,0.0,0.0,0.0,0.0,0.0,0.0,0.0
4932.YJL012C,0.02014764687788373,0.002585288659227495,0.4584127418127213,0.0,4.395307557455147e-05,0.0,0.0,0.0,0.0,0.0,0.0,0.0,0.0,0.0
4932.YHR100C,0.023685019993848047,0.0028536721071584456,0.4585744964852029,0.0,4.094722962037531e-05,0.0,0.0,0.0,0.0,0.0,0.0,0.0,0.0,0.0
4932.YOL014W,0.004767763764995386,0.0003919475388120853,0.4064298608453418,0.0,1.6952362389856482e-05,0.0,0.0,0.0,0.0,0.0,0.0,0.0,0.0,0.0
4932.YCL065W,0.0016917871424177177,4.6414189123662714e-05,0.35111042390421593,0.0,3.764168704536139e-06,0.0,0.0,0.0,0.0,0.0,0.0,0.0,0.0,0.0
4932.YBR051W,0.004613964933866503,0.00015363149862717687,0.3910453520608609,0.0,7.79648156547934e-05,0.0,0.0,0.0,0.0,0.0,0.0,0.0,0.0,0.0
4932.YNL015W,0.03460473700399877,0.00332735818223944,0.46196506577529683,0.0,4.602678357611836e-05,0.0,0.0,0.0,0.0,0.0,0.0,0.0,0.0,0.0
4932.YDR357C,0.00584435558289757,0.00030318872881279806,0.4096841696737485,0.0,1.8639507444004597e-05,0.0,0.0,0.0,0.0,0.0,0.0,0.0,0.0,0.0
4932.YBR016W,0.011073515841279608,0.0008171163703118588,0.4402141193140929,0.0,6.0594217842333707e-05,0.0,0.0,0.0,0.0,0.0,0.0,0.0,0.0,0.0
4932.YBR258C,0.004306367271608736,0.00021823804704561582,0.3906926776812966,0.0,2.50579966564622e-05,0.0,0.0,0.0,0.0,0.0,0.0,0.0,0.0,0.0
4932.YDR031W,0.008151338049830821,0.0008868743045274931,0.42227713901711234,0.0,3.3830712506942963e-06,0.0,0.0,0.0,0.0,0.0,0.0,0.0,0.0,0.0
4932.YML015C,0.02722239310981237,0.004268346711419093,0.45825110121264634,0.0,3.239654918307972e-05,0.0,0.0,0.0,0.0,0.0,0.0,0.0,0.0,0.0
4932.YNR009W,0.012765302983697324,0.0012063042853149024,0.42528965345869,0.0,1.1550906987370138e-05,0.0,0.0,0.0,0.0,0.0,0.0,0.0,0.0,0.0
4932.YOL086W-A,0.014918486619501693,0.0019226322678522517,0.4525070066292009,0.0,0.00024202372683977905,0.0,0.0,0.0,0.0,0.0,0.0,0.0,0.0,0.0
4932.YHR108W,0.025376807136265767,0.0034963387913743513,0.4573802080098068,0.0,3.276970491629894e-05,0.0,0.0,0.0,0.0,0.0,0.0,0.0,0.0,0.0
4932.YOR179C,0.006613349738541987,0.0007566789152161739,0.4149955687313402,0.0,3.825899613263772e-06,0.0,0.0,0.0,0.0,0.0,0.0,0.0,0.0,0.0
4932.YLR112W,0.0030759766225776685,0.00015795857758990956,0.37575901319582056,0.0,5.257195875660866e-05,0.0,0.0,0.0,0.0,0.0,0.0,0.0,0.0,0.0
4932.YDR222W,0.003229775453706552,0.0002836768696314032,0.389895632737029,0.0,5.215507037864221e-06,0.0,0.0,0.0,0.0,0.0,0.0,0.0,0.0,0.0
4932.YHR061C,0.013226699477083975,0.0012060894457177629,0.4311306140655072,0.0,2.0307498183389944e-05,0.0,0.0,0.0,0.0,0.0,0.0,0.0,0.0,0.0
4932.YDL179W,0.008612734543217471,0.0006631221466595286,0.40714289568893014,0.0,8.292797531930257e-06,0.0,0.0,0.0,0.0,0.0,0.0,0.0,0.0,0.0
4932.YPR056W,0.019840049215625963,0.0025712675667827222,0.445068535287351,0.0,2.4748929230735592e-05,0.0,0.0,0.0,0.0,0.0,0.0,0.0,0.0,0.0
4932.YMR126C,0.016764072593048292,0.0020461227313147267,0.45437386303023036,0.0,3.4843700352864615e-05,0.0,0.0,0.0,0.0,0.0,0.0,0.0,0.0,0.0
4932.YBR111W-A,0.03968009843125193,0.007818033494556528,0.46950871497076047,0.0,9.569695211000684e-05,0.0,0.0,0.0,0.0,0.0,0.0,0.0,0.0,0.0
4932.YMR132C,0.005998154414026454,0.001107979647521322,0.40325186888390996,0.0,2.044514413531235e-06,0.0,0.0,0.0,0.0,0.0,0.0,0.0,0.0,0.0
4932.YNR067C,0.01614887726853276,0.0015491778020259833,0.4460155546156445,0.0,2.1131494169179144e-05,0.0,0.0,0.0,0.0,0.0,0.0,0.0,0.0,0.0
4932.YNL046W,0.0016917871424177177,0.00014537505219112167,0.3630370755458587,0.0,6.596247578266044e-07,0.0,0.0,0.0,0.0,0.0,0.0,0.0,0.0,0.0
4932.YHR127W,0.006151953245155337,0.0012990571363198221,0.41335881776051686,0.0,6.8449834888856025e-06,0.0,0.0,0.0,0.0,0.0,0.0,0.0,0.0,0.0
4932.YDL196W,0.005998154414026454,0.0005171087547204379,0.41507509518973645,0.0,0.00042812804448533247,0.0,0.0,0.0,0.0,0.0,0.0,0.0,0.0,0.0
4932.YMR265C,0.006305752076284221,0.0010926605790630454,0.4162716601662604,0.0,8.2731383756572e-06,0.0,0.0,0.0,0.0,0.0,0.0,0.0,0.0,0.0
4932.YMR185W,0.015072285450630576,0.0036092292088548213,0.43101622547063706,0.0,8.219713851589426e-06,0.0,0.0,0.0,0.0,0.0,0.0,0.0,0.0,0.0
4932.YGL140C,0.019071055059981544,0.0023715885464215035,0.4521921096169328,0.0,1.4207843123594305e-05,0.0,0.0,0.0,0.0,0.0,0.0,0.0,0.0,0.0
4932.YGR213C,0.016456474930790527,0.002368197126879166,0.44473346213095094,0.0,3.349231163581169e-05,0.0,0.0,0.0,0.0,0.0,0.0,0.0,0.0,0.0
4932.YKL008C,0.02737619194094125,0.0032064524711548957,0.45951492929745597,0.0,8.372464258691974e-05,0.0,0.0,0.0,0.0,0.0,0.0,0.0,0.0,0.0
4932.YDR528W,0.00584435558289757,0.0007728038192780506,0.43227784827004556,0.0,3.494775710230874e-06,0.0,0.0,0.0,0.0,0.0,0.0,0.0,0.0,0.0
4932.YNL231C,0.015379883112888343,0.0014877219820228656,0.4523180158147936,0.0,5.5280583948708974e-05,0.0,0.0,0.0,0.0,0.0,0.0,0.0,0.0,0.0
4932.YBR077C,0.01122731467240849,0.0008633447681536011,0.44243212468137294,0.0,3.776536027621068e-05,0.0,0.0,0.0,0.0,0.0,0.0,0.0,0.0,0.0
4932.YML098W,0.029375576745616735,0.003689246193661031,0.4588983485307433,0.0,5.219683499384034e-05,0.0,0.0,0.0,0.0,0.0,0.0,0.0,0.0,0.0
4932.YJL184W,0.008151338049830821,0.0007539462666899581,0.427922332248622,0.0,2.5966219164017753e-05,0.0,0.0,0.0,0.0,0.0,0.0,0.0,0.0,0.0
4932.YNL133C,0.006305752076284221,0.0005117586864481437,0.4226616765445118,0.0,1.4486568163595703e-05,0.0,0.0,0.0,0.0,0.0,0.0,0.0,0.0,0.0
4932.YDR090C,0.011842509996924024,0.0008287098905957342,0.44051254933193174,0.0,3.290102564780144e-05,0.0,0.0,0.0,0.0,0.0,0.0,0.0,0.0,0.0
4932.YGR064W,0.0009227929867733006,7.229733878026833e-05,0.3479518401711017,0.0,2.94317201571969e-07,0.0,0.0,0.0,0.0,0.0,0.0,0.0,0.0,0.0
4932.YBL093C,0.012765302983697324,0.0017641771417369132,0.4390540956213057,0.0,3.9376714573605166e-05,0.0,0.0,0.0,0.0,0.0,0.0,0.0,0.0,0.0
4932.YDR349C,0.016456474930790527,0.001821332025204164,0.4526646196583298,0.0,1.813059135216414e-05,0.0,0.0,0.0,0.0,0.0,0.0,0.0,0.0,0.0
4932.YOR320C,0.014457090126115043,0.001416746552223282,0.4488809488253195,0.0,2.1264905033440004e-05,0.0,0.0,0.0,0.0,0.0,0.0,0.0,0.0,0.0
4932.YDR229W,0.010458320516764073,0.0013083859812374051,0.43296912414681,0.0,1.5745106998476745e-05,0.0,0.0,0.0,0.0,0.0,0.0,0.0,0.0,0.0
4932.YML068W,0.005536757920639804,0.0005841944061108591,0.4193611239235447,0.0,2.2810627007937832e-06,0.0,0.0,0.0,0.0,0.0,0.0,0.0,0.0,0.0
4932.YPR171W,0.006767148569670871,0.0005624841771351414,0.40387846449097675,0.0,6.875810314513487e-06,0.0,0.0,0.0,0.0,0.0,0.0,0.0,0.0,0.0
4932.YIL062C,0.03245155336819441,0.004224945384966676,0.46670980501295156,0.0,6.406009484314833e-05,0.0,0.0,0.0,0.0,0.0,0.0,0.0,0.0,0.0
4932.YNR035C,0.03337434635496771,0.004260006724870465,0.46570634381103165,0.0,5.075755386883905e-05,0.0,0.0,0.0,0.0,0.0,0.0,0.0,0.0,0.0
4932.YJL175W,0.006459550907413104,0.00014659478214039916,0.38954502818747827,0.0,0.000305282954168047,0.0,0.0,0.0,0.0,0.0,0.0,0.0,0.0,0.0
4932.YGL023C,0.01568748077514611,0.0017557655908530087,0.4506241758110489,0.0,4.6392446398991494e-05,0.0,0.0,0.0,0.0,0.0,0.0,0.0,0.0,0.0
4932.YLR144C,0.008151338049830821,0.0006709009651264166,0.42120960751898134,0.0,5.665262346739007e-06,0.0,0.0,0.0,0.0,0.0,0.0,0.0,0.0,0.0
4932.YDR181C,0.027529990772070134,0.007167380485449579,0.4577346164550102,0.0,1.8439290618570537e-05,0.0,0.0,0.0,0.0,0.0,0.0,0.0,0.0,0.0
4932.YBL009W,0.026299600123039068,0.003981373537190109,0.4577023748112506,0.0,5.0893828465167544e-05,0.0,0.0,0.0,0.0,0.0,0.0,0.0,0.0,0.0
4932.YNR010W,0.009689326361119657,0.0008617126453745247,0.4242899520205892,0.0,1.3852031492949594e-05,0.0,0.0,0.0,0.0,0.0,0.0,0.0,0.0,0.0
4932.YPL144W,0.006767148569670871,0.0009840914629430536,0.42071871901556,0.0,1.3873722821536269e-05,0.0,0.0,0.0,0.0,0.0,0.0,0.0,0.0,0.0
4932.YDR444W,0.0036911719470932025,0.0002161763759352279,0.39718830166230595,0.0,4.2916001364948944e-06,0.0,0.0,0.0,0.0,0.0,0.0,0.0,0.0,0.0
4932.YOL122C,0.023223623500461397,0.0015891197741174708,0.45481910934383174,0.0,5.1978183982576674e-05,0.0,0.0,0.0,0.0,0.0,0.0,0.0,0.0,0.0
4932.YGR127W,0.015533681944017226,0.001536439718935773,0.4379887176594315,0.0,7.49329593471687e-06,0.0,0.0,0.0,0.0,0.0,0.0,0.0,0.0,0.0
4932.YPL267W,0.007997539218701938,0.0006522266537310672,0.4040793865552717,0.0,5.065068311094577e-06,0.0,0.0,0.0,0.0,0.0,0.0,0.0,0.0,0.0
4932.YPL072W,0.009996924023377422,0.0011800970770524735,0.44042297784975765,0.0,1.2109886605745808e-05,0.0,0.0,0.0,0.0,0.0,0.0,0.0,0.0,0.0
4932.YOR012W,0.004152568440479853,0.000444623779276272,0.4126500676443338,0.0,3.577480930532257e-06,0.0,0.0,0.0,0.0,0.0,0.0,0.0,0.0,0.0
4932.YLR034C,0.0296831744078745,0.002040689872034995,0.45880114489834956,0.0,0.00010264131927194532,0.0,0.0,0.0,0.0,0.0,0.0,0.0,0.0,0.0
4932.YLR195C,0.035988926484158724,0.006575415534319971,0.4670452537335819,0.0,0.00012090941328488302,0.0,0.0,0.0,0.0,0.0,0.0,0.0,0.0,0.0
4932.YJL049W,0.013380498308212859,0.0009620071536726587,0.43893546441470715,0.0,3.498846093375976e-05,0.0,0.0,0.0,0.0,0.0,0.0,0.0,0.0,0.0
4932.YMR100W,0.010919717010150723,0.0012207163408692997,0.43766421601638883,0.0,1.078312515797534e-05,0.0,0.0,0.0,0.0,0.0,0.0,0.0,0.0,0.0
4932.YMR006C,0.017533066748692712,0.0018057890629657087,0.44819979412300487,0.0,2.4654905388701428e-05,0.0,0.0,0.0,0.0,0.0,0.0,0.0,0.0,0.0
4932.YKL116C,0.01876345739772378,0.0024832089549916034,0.4526646196583298,0.0,2.113495323431706e-05,0.0,0.0,0.0,0.0,0.0,0.0,0.0,0.0,0.0
4932.YBL012C,0.001076591817902184,5.800968338937213e-06,0.3323955504217773,0.0,4.143261177203091e-06,0.0,0.0,0.0,0.0,0.0,0.0,0.0,0.0,0.0
4932.YBR300C,0.003229775453706552,0.00015208407838661955,0.3815843922247534,0.0,0.0003184747929052611,0.0,0.0,0.0,0.0,0.0,0.0,0.0,0.0,0.0
4932.YBR144C,0.00538295908951092,4.908016842587781e-05,0.3626723567112421,0.0,0.0005951066792430316,0.0,0.0,0.0,0.0,0.0,0.0,0.0,0.0,0.0
4932.YJR106W,0.009074131036604122,0.0007137012134298637,0.43406817736775716,0.0,1.2887595047564554e-05,0.0,0.0,0.0,0.0,0.0,0.0,0.0,0.0,0.0
4932.YOR030W,0.010919717010150723,0.0010395322594643598,0.4423718847569831,0.0,1.9226110719648526e-05,0.0,0.0,0.0,0.0,0.0,0.0,0.0,0.0,0.0
4932.YOR158W,0.026607197785296834,0.004520786407964128,0.448756948563213,0.0,5.759712518304986e-05,0.0,0.0,0.0,0.0,0.0,0.0,0.0,0.0,0.0
4932.YCR001W,0.009535527529990772,0.0006600685693047134,0.4385503553482705,0.0,0.0006631482387289626,0.0,0.0,0.0,0.0,0.0,0.0,0.0,0.0,0.0
4932.YMR270C,0.009227929867733006,0.0015894481372181876,0.4162449948879203,0.0,9.895366251778245e-06,0.0,0.0,0.0,0.0,0.0,0.0,0.0,0.0,0.0
4932.YDR277C,0.007689941556444172,0.0005595369297268911,0.4102014150113834,0.0,5.4899505752697875e-06,0.0,0.0,0.0,0.0,0.0,0.0,0.0,0.0,0.0
4932.YGR161C,0.01076591817902184,0.0008520722646313287,0.4315601125851979,0.0,1.6860768703658955e-05,0.0,0.0,0.0,0.0,0.0,0.0,0.0,0.0,0.0
4932.YJL170C,0.006151953245155337,0.00030384123040396707,0.3957851513701623,0.0,2.574351883960287e-05,0.0,0.0,0.0,0.0,0.0,0.0,0.0,0.0,0.0
4932.YPL192C,0.004152568440479853,0.0002667286242775918,0.38768573564795206,0.0,2.7809504700955176e-06,0.0,0.0,0.0,0.0,0.0,0.0,0.0,0.0,0.0
4932.YGL032C,0.008612734543217471,0.0006829901550689661,0.41903660380443186,0.0,3.837627159143479e-05,0.0,0.0,0.0,0.0,0.0,0.0,0.0,0.0,0.0
4932.YDR461W,0.02199323285143033,0.0009567331891884757,0.4482616318429446,0.0,0.00048104034478784353,0.0,0.0,0.0,0.0,0.0,0.0,0.0,0.0,0.0
4932.YNL145W,0.024146416487234697,0.0017277949913266958,0.45721929462393224,0.0,0.0005849996796542002,0.0,0.0,0.0,0.0,0.0,0.0,0.0,0.0,0.0
4932.YMR065W,0.0070747462319286376,0.0004921341094449008,0.4145983931088703,0.0,9.037587024428746e-06,0.0,0.0,0.0,0.0,0.0,0.0,0.0,0.0,0.0
4932.YLR265C,0.008305136880959706,0.000615126283850828,0.42520616510897297,0.0,1.7347550512121375e-05,0.0,0.0,0.0,0.0,0.0,0.0,0.0,0.0,0.0
4932.YIL037C,0.007382343894186405,0.00042616165645153136,0.4090394444917112,0.0,1.353005771537563e-05,0.0,0.0,0.0,0.0,0.0,0.0,0.0,0.0,0.0
4932.YBL046W,0.017686865579821593,0.002263297906947302,0.4455873698961342,0.0,1.470759256878372e-05,0.0,0.0,0.0,0.0,0.0,0.0,0.0,0.0,0.0
4932.YLR218C,0.012765302983697324,0.0011827710610858454,0.427725158978102,0.0,2.5619971859608492e-05,0.0,0.0,0.0,0.0,0.0,0.0,0.0,0.0,0.0
4932.YJL222W,0.007997539218701938,0.0004845952812115843,0.42036489941747474,0.0,3.854007121834171e-05,0.0,0.0,0.0,0.0,0.0,0.0,0.0,0.0,0.0
4932.YMR171C,0.011534912334666258,0.0011543957668072916,0.440452830962877,0.0,1.2503828460125406e-05,0.0,0.0,0.0,0.0,0.0,0.0,0.0,0.0,0.0
4932.YBR203W,0.007843740387573055,0.000512682584116208,0.4307590729330676,0.0,3.961790054050834e-05,0.0,0.0,0.0,0.0,0.0,0.0,0.0,0.0,0.0
4932.YBR286W,0.02060904337127038,0.0022782391857105763,0.4560960633954745,0.0,2.3687627274221378e-05,0.0,0.0,0.0,0.0,0.0,0.0,0.0,0.0,0.0
4932.YGR071C,0.005229160258382036,0.00038191330834298943,0.40262721452353456,0.0,7.328321420804603e-06,0.0,0.0,0.0,0.0,0.0,0.0,0.0,0.0,0.0
4932.YMR008C,0.018917256228852663,0.0019183358478715915,0.4505616845926588,0.0,2.4421275884192446e-05,0.0,0.0,0.0,0.0,0.0,0.0,0.0,0.0,0.0
4932.YDR128W,0.014149492463857275,0.0015558184953580337,0.44470302595095296,0.0,8.862000708027947e-06,0.0,0.0,0.0,0.0,0.0,0.0,0.0,0.0,0.0
4932.YPL029W,0.0259920024607813,0.005696131292023793,0.4467515032791561,0.0,2.5564065585104e-05,0.0,0.0,0.0,0.0,0.0,0.0,0.0,0.0,0.0
4932.YIR005W,0.024454014149492467,0.003052445342298466,0.4522865326926515,0.0,8.716390304483718e-05,0.0,0.0,0.0,0.0,0.0,0.0,0.0,0.0,0.0
4932.YDL157C,0.006767148569670871,0.0008218636195970266,0.4220303055916948,0.0,5.445402163966535e-06,0.0,0.0,0.0,0.0,0.0,0.0,0.0,0.0,0.0
4932.YIL008W,0.027068594278683484,0.00539042445634951,0.45339105604209634,0.0,4.0707742187788293e-05,0.0,0.0,0.0,0.0,0.0,0.0,0.0,0.0,0.0
4932.YLR125W,0.003998769609350969,0.00024014890664859914,0.40493554030007634,0.0,2.7046611328021223e-05,0.0,0.0,0.0,0.0,0.0,0.0,0.0,0.0,0.0
4932.YDR240C,0.008458935712088589,0.0013200513800010266,0.4081145971106221,0.0,4.687083842219651e-06,0.0,0.0,0.0,0.0,0.0,0.0,0.0,0.0,0.0
4932.YIL002W-A,0.0035373731159643188,0.0004853980613934403,0.386601654878351,0.0,2.871143220494067e-05,0.0,0.0,0.0,0.0,0.0,0.0,0.0,0.0,0.0
4932.YGL010W,0.008920332205475239,0.0006232593148248342,0.43115922070170026,0.0,2.201067371931303e-05,0.0,0.0,0.0,0.0,0.0,0.0,0.0,0.0,0.0
4932.YOL117W,0.007382343894186405,0.000588364063852921,0.42390244733481147,0.0,1.0952222489679794e-05,0.0,0.0,0.0,0.0,0.0,0.0,0.0,0.0,0.0
4932.YDL105W,0.02383881882497693,0.00274403119077557,0.45128138170673826,0.0,2.058051567635786e-05,0.0,0.0,0.0,0.0,0.0,0.0,0.0,0.0,0.0
4932.YDR336W,0.018148262073208243,0.0036917828534244667,0.4480143832870467,0.0,4.874860061526956e-05,0.0,0.0,0.0,0.0,0.0,0.0,0.0,0.0,0.0
4932.YBR223C,0.015379883112888343,0.0015969589249827108,0.44813797346174655,0.0,2.0871314290131085e-05,0.0,0.0,0.0,0.0,0.0,0.0,0.0,0.0,0.0
4932.YPR040W,0.012919101814826209,0.0013161049862207245,0.4424923810143224,0.0,1.6042733847866995e-05,0.0,0.0,0.0,0.0,0.0,0.0,0.0,0.0,0.0
4932.YDR078C,0.008305136880959706,0.0005363327694271846,0.41677895036850265,0.0,2.4391187632694915e-05,0.0,0.0,0.0,0.0,0.0,0.0,0.0,0.0,0.0
4932.YDR107C,0.010919717010150723,0.0007125883736124385,0.42993255360561894,0.0,2.1337433117166287e-05,0.0,0.0,0.0,0.0,0.0,0.0,0.0,0.0,0.0
4932.YIL067C,0.0015379883112888342,0.00010230457218801881,0.36307764514697016,0.0,2.1109716599338467e-07,0.0,0.0,0.0,0.0,0.0,0.0,0.0,0.0,0.0
4932.YIL085C,0.007228545063057521,0.0011758336512934084,0.4149425680201357,0.0,4.1668652134063156e-06,0.0,0.0,0.0,0.0,0.0,0.0,0.0,0.0,0.0
4932.YHL006C,0.004152568440479853,0.00033994121716657055,0.40732154548958344,0.0,2.408782213562239e-05,0.0,0.0,0.0,0.0,0.0,0.0,0.0,0.0,0.0
4932.YJL065C,0.009535527529990772,0.0012003090021648084,0.4360488937857553,0.0,1.4396336491520153e-05,0.0,0.0,0.0,0.0,0.0,0.0,0.0,0.0,0.0
4932.YIL070C,0.03645032297754537,0.006037207066345297,0.4595799289338231,0.0,6.574218566596551e-05,0.0,0.0,0.0,0.0,0.0,0.0,0.0,0.0,0.0
4932.YCL044C,0.005998154414026454,0.0006611282654978905,0.41257146763144914,0.0,2.4285989378669613e-06,0.0,0.0,0.0,0.0,0.0,0.0,0.0,0.0,0.0
4932.YNL295W,0.0012303906490310674,0.00013794807898455323,0.3801556552504139,0.0,9.431035412324111e-08,0.0,0.0,0.0,0.0,0.0,0.0,0.0,0.0,0.0
4932.YPL241C,0.008305136880959706,0.0008157693490504397,0.42321223233003286,0.0,2.320571960541621e-05,0.0,0.0,0.0,0.0,0.0,0.0,0.0,0.0,0.0
4932.YGL243W,0.015533681944017226,0.002749453260953587,0.4394400902952137,0.0,2.0227644849667145e-05,0.0,0.0,0.0,0.0,0.0,0.0,0.0,0.0,0.0
4932.YBR219C,0.006151953245155337,0.0009232615721661221,0.43563962290126873,0.0,2.554319853507509e-06,0.0,0.0,0.0,0.0,0.0,0.0,0.0,0.0,0.0
4932.YML005W,0.030759766225776686,0.005727818246876786,0.45741240427955265,0.0,5.422492705184808e-05,0.0,0.0,0.0,0.0,0.0,0.0,0.0,0.0,0.0
4932.YBL025W,0.017533066748692712,0.0016279235990035073,0.4515008765421988,0.0,5.80586733562188e-05,0.0,0.0,0.0,0.0,0.0,0.0,0.0,0.0,0.0
4932.YLR154C-G,0.013226699477083975,0.00046056833831406655,0.3905987385907264,0.0,4.61315427249065e-05,0.0,0.0,0.0,0.0,0.0,0.0,0.0,0.0,0.0
4932.YPR199C,0.010919717010150723,0.0008487939806247806,0.44114057129635603,0.0,3.0264580398897776e-05,0.0,0.0,0.0,0.0,0.0,0.0,0.0,0.0,0.0
4932.YNL158W,0.005690556751768687,0.00046820676550599045,0.41900958313098563,0.0,6.0114068509840115e-06,0.0,0.0,0.0,0.0,0.0,0.0,0.0,0.0,0.0
4932.YCL002C,0.02014764687788373,0.002349893386391073,0.4577023748112506,0.0,3.3715558550438396e-05,0.0,0.0,0.0,0.0,0.0,0.0,0.0,0.0,0.0
4932.YDL231C,0.01661027376191941,0.0016479512385683733,0.45641642306632896,0.0,2.7893460113428703e-05,0.0,0.0,0.0,0.0,0.0,0.0,0.0,0.0,0.0
4932.YOL149W,0.031221162719163337,0.006211100048651506,0.46268873648499886,0.0,5.921137942970327e-05,0.0,0.0,0.0,0.0,0.0,0.0,0.0,0.0,0.0
4932.YBR162W-A,0.008458935712088589,0.0010391529843803151,0.4202289733683842,0.0,2.0859590979541557e-05,0.0,0.0,0.0,0.0,0.0,0.0,0.0,0.0,0.0
4932.YLR128W,0.01076591817902184,0.0011104729861138034,0.43893546441470715,0.0,1.503823393866776e-05,0.0,0.0,0.0,0.0,0.0,0.0,0.0,0.0,0.0
4932.YGR075C,0.012611504152568441,0.0010658810962760484,0.4305307503607848,0.0,0.0003358898748224914,0.0,0.0,0.0,0.0,0.0,0.0,0.0,0.0,0.0
4932.YLR016C,0.024607812980621348,0.003833127139984059,0.45125004272189756,0.0,6.051299474799887e-05,0.0,0.0,0.0,0.0,0.0,0.0,0.0,0.0,0.0
4932.YHR156C,0.02199323285143033,0.0028473248767055563,0.4511873778083131,0.0,6.696621876887528e-05,0.0,0.0,0.0,0.0,0.0,0.0,0.0,0.0,0.0
4932.YGL231C,0.031528760381421106,0.005264512313770763,0.4625569914005784,0.0,7.264178678013305e-05,0.0,0.0,0.0,0.0,0.0,0.0,0.0,0.0,0.0
4932.YBR188C,0.007843740387573055,0.0007890741690382947,0.39612293435718876,0.0,6.392450224067824e-06,0.0,0.0,0.0,0.0,0.0,0.0,0.0,0.0,0.0
4932.YKL122C,0.054906182713011384,0.014008538925811942,0.4673811850100931,0.0,6.002084153081148e-05,0.0,0.0,0.0,0.0,0.0,0.0,0.0,0.0,0.0
4932.YOR319W,0.03322054752383882,0.005873498178987706,0.46357998253515903,0.0,8.732330592778812e-05,0.0,0.0,0.0,0.0,0.0,0.0,0.0,0.0,0.0
4932.YGR206W,0.008766533374346356,0.00036772084197225985,0.42431765803809096,0.0,6.817560681919535e-05,0.0,0.0,0.0,0.0,0.0,0.0,0.0,0.0,0.0
4932.YDR417C,0.021224238695785914,0.006166060389776106,0.42528965345869,0.0,0.00013450198896666963,0.0,0.0,0.0,0.0,0.0,0.0,0.0,0.0,0.0
4932.YPL197C,0.016917871424177177,0.005024569659650449,0.40724496209547034,0.0,0.00012719363682522837,0.0,0.0,0.0,0.0,0.0,0.0,0.0,0.0,0.0
4932.YLR062C,0.021685635189172565,0.006381986451813783,0.4131222973612642,0.0,0.00042127403303414505,0.0,0.0,0.0,0.0,0.0,0.0,0.0,0.0,0.0
4932.YDL133C-A,0.036604121808674256,0.007911836450002856,0.446690081473522,0.0,0.00038955974368838164,0.0,0.0,0.0,0.0,0.0,0.0,0.0,0.0,0.0
4932.YGL102C,0.019071055059981544,0.005426062048299772,0.40658244369886903,0.0,0.0002664573806624659,0.0,0.0,0.0,0.0,0.0,0.0,0.0,0.0,0.0
4932.YPR142C,0.00584435558289757,0.0005008726513705177,0.36624961194878397,0.0,7.871868613466254e-05,0.0,0.0,0.0,0.0,0.0,0.0,0.0,0.0,0.0
4932.YIR024C,0.006920947400799755,0.0005246538273089421,0.3995081841497279,0.0,1.7666848209613973e-05,0.0,0.0,0.0,0.0,0.0,0.0,0.0,0.0,0.0
4932.YOR062C,0.0033835742848354355,0.00023738231618242853,0.3822353303056073,0.0,1.3435201649995046e-06,0.0,0.0,0.0,0.0,0.0,0.0,0.0,0.0,0.0
4932.YER063W,0.018609658566594894,0.0032227415816735963,0.4470896253746611,0.0,2.7130448188355714e-05,0.0,0.0,0.0,0.0,0.0,0.0,0.0,0.0,0.0
4932.YLR297W,0.007382343894186405,0.0003937294572149822,0.4193881899571011,0.0,2.6155395433756194e-05,0.0,0.0,0.0,0.0,0.0,0.0,0.0,0.0,0.0
4932.YNR018W,0.012919101814826209,0.001277385718945679,0.42840193929294074,0.0,1.6165378184176516e-05,0.0,0.0,0.0,0.0,0.0,0.0,0.0,0.0,0.0
4932.YDR119W-A,0.010150722854506307,0.0009025987765307284,0.4128335841928415,0.0,4.53215227468467e-06,0.0,0.0,0.0,0.0,0.0,0.0,0.0,0.0,0.0
4932.YPR010C-A,0.013072900645955092,0.0011509139441656714,0.43748741770654576,0.0,6.774146045493815e-05,0.0,0.0,0.0,0.0,0.0,0.0,0.0,0.0,0.0
4932.YBR173C,0.03721931713318979,0.00611221373317467,0.46981423000472305,0.0,6.58725604790931e-05,0.0,0.0,0.0,0.0,0.0,0.0,0.0,0.0,0.0
4932.YOR013W,0.003229775453706552,0.0004149407714651398,0.3923439569614373,0.0,6.587871796519873e-07,0.0,0.0,0.0,0.0,0.0,0.0,0.0,0.0,0.0
4932.YOL008W,0.007689941556444172,0.0007876359377509487,0.4209912935014788,0.0,1.009561069644209e-05,0.0,0.0,0.0,0.0,0.0,0.0,0.0,0.0,0.0
4932.YKR071C,0.01568748077514611,0.0023398391995121492,0.446690081473522,0.0,2.7638648045840513e-05,0.0,0.0,0.0,0.0,0.0,0.0,0.0,0.0,0.0
4932.YDL189W,0.017686865579821593,0.003146469271301477,0.4515008765421988,0.0,1.3939756819106006e-05,0.0,0.0,0.0,0.0,0.0,0.0,0.0,0.0,0.0
4932.YLR306W,0.02553060596739465,0.004492061232767203,0.4568978072841601,0.0,4.146641076581077e-05,0.0,0.0,0.0,0.0,0.0,0.0,0.0,0.0,0.0
4932.YJR116W,0.011534912334666258,0.0012899899424907682,0.4402737729653313,0.0,8.173225004093304e-06,0.0,0.0,0.0,0.0,0.0,0.0,0.0,0.0,0.0
4932.YMR180C,0.017994463242079362,0.0023380515415857223,0.4535809447993386,0.0,2.1713865997008547e-05,0.0,0.0,0.0,0.0,0.0,0.0,0.0,0.0,0.0
4932.YOR301W,0.005690556751768687,0.00033951074481922264,0.3988950653895227,0.0,6.9419994654597575e-06,0.0,0.0,0.0,0.0,0.0,0.0,0.0,0.0,0.0
4932.YMR274C,0.0070747462319286376,0.0007340122868651593,0.42662993993797677,0.0,6.479662209025834e-06,0.0,0.0,0.0,0.0,0.0,0.0,0.0,0.0,0.0
4932.YML036W,0.020301445709012614,0.0033390114698410647,0.4495641770579303,0.0,4.000574139886294e-05,0.0,0.0,0.0,0.0,0.0,0.0,0.0,0.0,0.0
4932.YOL042W,0.007536142725315288,0.0009218192439418908,0.43392324642372787,0.0,1.6319476973275147e-05,0.0,0.0,0.0,0.0,0.0,0.0,0.0,0.0,0.0
4932.YPL066W,0.003229775453706552,0.00016328820946840745,0.3818310386176592,0.0,5.152237903581446e-06,0.0,0.0,0.0,0.0,0.0,0.0,0.0,0.0,0.0
4932.YEL017W,0.008612734543217471,0.0011263478291357485,0.44156024838239494,0.0,4.814971979116443e-06,0.0,0.0,0.0,0.0,0.0,0.0,0.0,0.0,0.0
4932.YHR152W,0.009074131036604122,0.0007668287993354576,0.4191447213568551,0.0,1.153541913741196e-05,0.0,0.0,0.0,0.0,0.0,0.0,0.0,0.0,0.0
4932.YDL197C,0.003844970778222086,0.00019067193102850356,0.3905752608760789,0.0,3.996651801182766e-06,0.0,0.0,0.0,0.0,0.0,0.0,0.0,0.0,0.0
4932.YNL078W,0.005536757920639804,0.0005388611542995449,0.40617581042601103,0.0,2.5519339676017654e-06,0.0,0.0,0.0,0.0,0.0,0.0,0.0,0.0,0.0
4932.YMR166C,0.004306367271608736,0.0005296741326955673,0.40989091119632404,0.0,6.819309405483949e-06,0.0,0.0,0.0,0.0,0.0,0.0,0.0,0.0,0.0
4932.YLR390W,0.0012303906490310674,0.00012934325929209926,0.3630370755458587,0.0,9.388467543090316e-07,0.0,0.0,0.0,0.0,0.0,0.0,0.0,0.0,0.0
4932.YDL233W,0.013534297139341742,0.0013416980781428378,0.44607679104793885,0.0,2.737089455585748e-05,0.0,0.0,0.0,0.0,0.0,0.0,0.0,0.0,0.0
4932.YJL118W,0.002460781298062135,0.0002859140211141731,0.38024463779011786,0.0,1.9239053060599702e-06,0.0,0.0,0.0,0.0,0.0,0.0,0.0,0.0,0.0
4932.YLR380W,0.006305752076284221,0.0006525677735580526,0.41771667621466474,0.0,1.3842039215746177e-05,0.0,0.0,0.0,0.0,0.0,0.0,0.0,0.0,0.0
4932.YNL148C,0.017994463242079362,0.002118540302078274,0.4541833099318743,0.0,3.6619391809964955e-05,0.0,0.0,0.0,0.0,0.0,0.0,0.0,0.0,0.0
4932.YGL162W,0.00492156259612427,0.0005374481714657693,0.41473070048476673,0.0,5.925050514955138e-06,0.0,0.0,0.0,0.0,0.0,0.0,0.0,0.0,0.0
4932.YNL230C,0.01122731467240849,0.0016544289890811157,0.43849116777078917,0.0,1.5883533789837872e-05,0.0,0.0,0.0,0.0,0.0,0.0,0.0,0.0,0.0
4932.YPL255W,0.01030452168563519,0.001018767768149507,0.42565181548508607,0.0,7.239030674263407e-06,0.0,0.0,0.0,0.0,0.0,0.0,0.0,0.0,0.0
4932.YML058W,0.010458320516764073,0.0012102803753697173,0.44282408444836613,0.0,2.4310630485590205e-05,0.0,0.0,0.0,0.0,0.0,0.0,0.0,0.0,0.0
4932.YDR438W,0.012303906490310674,0.0013434337376088644,0.44339819960391164,0.0,2.570548705733936e-05,0.0,0.0,0.0,0.0,0.0,0.0,0.0,0.0,0.0
4932.YKR098C,0.01076591817902184,0.0010771729948341852,0.43979699595230626,0.0,1.0112074793094114e-05,0.0,0.0,0.0,0.0,0.0,0.0,0.0,0.0,0.0
4932.YMR021C,0.02014764687788373,0.003230126205958579,0.4550101964284941,0.0,3.449954504621993e-05,0.0,0.0,0.0,0.0,0.0,0.0,0.0,0.0,0.0
4932.YJR149W,0.026299600123039068,0.005651871966546435,0.4670116871636715,0.0,2.2461314742498442e-05,0.0,0.0,0.0,0.0,0.0,0.0,0.0,0.0,0.0
4932.YBR176W,0.026145801291910183,0.0030244524285371224,0.4527592401891949,0.0,6.165210996946733e-05,0.0,0.0,0.0,0.0,0.0,0.0,0.0,0.0,0.0
4932.YGR197C,0.009996924023377422,0.0007660789950754908,0.43236413701479304,0.0,9.130671757291585e-06,0.0,0.0,0.0,0.0,0.0,0.0,0.0,0.0,0.0
4932.YBR094W,0.019993848046754845,0.0029717480975323804,0.4541833099318743,0.0,1.8780747396885883e-05,0.0,0.0,0.0,0.0,0.0,0.0,0.0,0.0,0.0
4932.YDL122W,0.02814518609658567,0.00494109457858695,0.46019834385236014,0.0,6.792429162376136e-05,0.0,0.0,0.0,0.0,0.0,0.0,0.0,0.0,0.0
4932.YLR329W,0.01076591817902184,0.0005594571836154483,0.4231571122164186,0.0,5.5087375656120464e-05,0.0,0.0,0.0,0.0,0.0,0.0,0.0,0.0,0.0
4932.YGL249W,0.013072900645955092,0.0004236863124200868,0.41960484406530574,0.0,0.00013396402133882457,0.0,0.0,0.0,0.0,0.0,0.0,0.0,0.0,0.0
4932.YOR112W,0.010919717010150723,0.0014136144493736664,0.43731076217749004,0.0,9.945107134904727e-06,0.0,0.0,0.0,0.0,0.0,0.0,0.0,0.0,0.0
4932.YMR114C,0.01707167025530606,0.0017476336205873592,0.45190907679221953,0.0,3.861102843483066e-05,0.0,0.0,0.0,0.0,0.0,0.0,0.0,0.0,0.0
4932.YDR295C,0.009535527529990772,0.0008181395334659899,0.4220303055916948,0.0,5.829665885613375e-06,0.0,0.0,0.0,0.0,0.0,0.0,0.0,0.0,0.0
4932.YNL286W,0.02153183635804368,0.0029179879381208773,0.44912915504529477,0.0,2.6161589771321887e-05,0.0,0.0,0.0,0.0,0.0,0.0,0.0,0.0,0.0
4932.YOR022C,0.00938172869886189,0.0007007719689745388,0.43526027297175457,0.0,9.472790815435877e-06,0.0,0.0,0.0,0.0,0.0,0.0,0.0,0.0,0.0
4932.YPR084W,0.0035373731159643188,0.00035047715261563587,0.412362013910098,0.0,1.0089245455727022e-06,0.0,0.0,0.0,0.0,0.0,0.0,0.0,0.0,0.0
4932.YBR288C,0.022147031682559215,0.001969016335920807,0.4574446050823882,0.0,7.915629059556467e-05,0.0,0.0,0.0,0.0,0.0,0.0,0.0,0.0,0.0
4932.YIL002C,0.020301445709012614,0.0015063585501872414,0.4469358700870297,0.0,2.6840945491880204e-05,0.0,0.0,0.0,0.0,0.0,0.0,0.0,0.0,0.0
4932.YOR171C,0.031067363888034452,0.0035644072747820017,0.46497321038964756,0.0,7.067440053058989e-05,0.0,0.0,0.0,0.0,0.0,0.0,0.0,0.0,0.0
4932.YHR034C,0.011073515841279608,0.002075157608320638,0.43728133345863557,0.0,2.7937842409540823e-05,0.0,0.0,0.0,0.0,0.0,0.0,0.0,0.0,0.0
4932.YBL059C-A,0.01168871116579514,0.0011767395107549151,0.4169661585725953,0.0,9.007376394348922e-06,0.0,0.0,0.0,0.0,0.0,0.0,0.0,0.0,0.0
4932.YNR022C,0.014457090126115043,0.002843809612145756,0.4229367752665533,0.0,0.00010542179547928623,0.0,0.0,0.0,0.0,0.0,0.0,0.0,0.0,0.0
4932.YKR006C,0.0259920024607813,0.0058602047954241215,0.44321673932169187,0.0,7.741747034701293e-06,0.0,0.0,0.0,0.0,0.0,0.0,0.0,0.0,0.0
4932.YGR084C,0.020301445709012614,0.0035034733503443672,0.4305307503607848,0.0,1.0747097561557444e-05,0.0,0.0,0.0,0.0,0.0,0.0,0.0,0.0,0.0
4932.YDR346C,0.009996924023377422,0.0019048615877708714,0.4355812183399467,0.0,3.7159554809720113e-06,0.0,0.0,0.0,0.0,0.0,0.0,0.0,0.0,0.0
4932.YDL062W,0.004460166102737619,0.0012978508556632912,0.38889225059520766,0.0,5.414029983143072e-06,0.0,0.0,0.0,0.0,0.0,0.0,0.0,0.0,0.0
4932.YHR052W-A,0.005998154414026454,0.0003985065201420017,0.3845425858205305,0.0,4.1212966546652746e-07,0.0,0.0,0.0,0.0,0.0,0.0,0.0,0.0,0.0
4932.YDR524W-C,0.016456474930790527,0.0005151022437161642,0.4058460193114312,0.0,0.00017070207076114687,0.0,0.0,0.0,0.0,0.0,0.0,0.0,0.0,0.0
4932.YLR156C-A,0.014457090126115043,0.0003653439753264924,0.3842469762400405,0.0,9.7153516107831e-06,0.0,0.0,0.0,0.0,0.0,0.0,0.0,0.0,0.0
4932.YLR154W-F,0.01384189480159951,0.00042454124942358597,0.3888224398752588,0.0,2.7662416863316714e-05,0.0,0.0,0.0,0.0,0.0,0.0,0.0,0.0,0.0
4932.YOL013W-A,0.009227929867733006,0.00021529923396058405,0.3694144749968917,0.0,1.540737345854367e-05,0.0,0.0,0.0,0.0,0.0,0.0,0.0,0.0,0.0
4932.YLR154W-B,0.012457705321439558,0.0004559351592641411,0.3885666815281543,0.0,2.3959936087061424e-05,0.0,0.0,0.0,0.0,0.0,0.0,0.0,0.0,0.0
4932.YMR046W-A,0.015533681944017226,0.0003946373252862141,0.3899658293941862,0.0,1.772985164869237e-05,0.0,0.0,0.0,0.0,0.0,0.0,0.0,0.0,0.0
4932.YBR126W-A,0.0033835742848354355,0.00014029616339875138,0.3690368363922833,0.0,5.77183812563191e-06,0.0,0.0,0.0,0.0,0.0,0.0,0.0,0.0,0.0
4932.YKL065W-A,0.005998154414026454,0.00016794631357979547,0.3757807434186517,0.0,2.3252853484401975e-05,0.0,0.0,0.0,0.0,0.0,0.0,0.0,0.0,0.0
4932.YLR157C-C,0.014457090126115043,0.0003653439753264924,0.3842469762400405,0.0,9.7153516107831e-06,0.0,0.0,0.0,0.0,0.0,0.0,0.0,0.0,0.0
4932.YLR159C-A,0.014457090126115043,0.0003653439753264924,0.3842469762400405,0.0,9.7153516107831e-06,0.0,0.0,0.0,0.0,0.0,0.0,0.0,0.0,0.0
4932.YGR168C,0.0036911719470932025,0.00013907306233177367,0.37913534133819504,0.0,1.9643896233210995e-05,0.0,0.0,0.0,0.0,0.0,0.0,0.0,0.0,0.0
4932.YLR154C-H,0.015072285450630576,0.00037122412507068224,0.3862569467511933,0.0,4.1182946919743144e-05,0.0,0.0,0.0,0.0,0.0,0.0,0.0,0.0,0.0
4932.YHR054W-A,0.005998154414026454,0.0003985065201420017,0.3845425858205305,0.0,4.1212966546652746e-07,0.0,0.0,0.0,0.0,0.0,0.0,0.0,0.0,0.0
4932.YDR241W,0.005536757920639804,0.0002814478015177527,0.3994099585220557,0.0,8.886299605405672e-05,0.0,0.0,0.0,0.0,0.0,0.0,0.0,0.0,0.0
4932.YBR201C-A,0.002460781298062135,6.206540665843125e-05,0.3548686917806414,0.0,3.8168944166521135e-05,0.0,0.0,0.0,0.0,0.0,0.0,0.0,0.0,0.0
4932.YPR170W-B,0.004460166102737619,0.0005455315411572426,0.39806423763754745,0.0,1.203955956484202e-06,0.0,0.0,0.0,0.0,0.0,0.0,0.0,0.0,0.0
4932.YGL098W,0.012765302983697324,0.0009553748903338139,0.441920607671064,0.0,1.9319180429774812e-05,0.0,0.0,0.0,0.0,0.0,0.0,0.0,0.0,0.0
4932.YBR058C-A,0.007997539218701938,0.0004592372278977445,0.4158188145642366,0.0,1.2456546213552892e-05,0.0,0.0,0.0,0.0,0.0,0.0,0.0,0.0,0.0
4932.YBR253W,0.013995693632728392,0.0015368814024659901,0.4329402768469135,0.0,1.6432163295414714e-05,0.0,0.0,0.0,0.0,0.0,0.0,0.0,0.0,0.0
4932.YJL031C,0.01076591817902184,0.0010550254692252327,0.4394103743031732,0.0,9.155675066070634e-06,0.0,0.0,0.0,0.0,0.0,0.0,0.0,0.0,0.0
4932.YBR096W,0.005229160258382036,0.000652380676402044,0.4154466220315405,0.0,1.9597246517390128e-06,0.0,0.0,0.0,0.0,0.0,0.0,0.0,0.0,0.0
4932.YLR100W,0.017840664410950478,0.0018000449246472518,0.4470896253746611,0.0,4.326845578966986e-05,0.0,0.0,0.0,0.0,0.0,0.0,0.0,0.0,0.0
4932.YPR114W,0.01614887726853276,0.002843658170024255,0.45146950706561,0.0,8.419415856737438e-06,0.0,0.0,0.0,0.0,0.0,0.0,0.0,0.0,0.0
4932.YMR067C,0.015379883112888343,0.00212331543123733,0.4461380442976536,0.0,9.275159913702963e-06,0.0,0.0,0.0,0.0,0.0,0.0,0.0,0.0,0.0
4932.YLR007W,0.021224238695785914,0.002198876625538622,0.45012473089466093,0.0,5.088216529422771e-05,0.0,0.0,0.0,0.0,0.0,0.0,0.0,0.0,0.0
4932.YLR199C,0.00984312519224854,0.0015233056893339792,0.4287128465524394,0.0,2.558476765773e-06,0.0,0.0,0.0,0.0,0.0,0.0,0.0,0.0,0.0
4932.YNL155W,0.015841279606274992,0.0021331903846384306,0.44838535848711875,0.0,6.438963968777229e-05,0.0,0.0,0.0,0.0,0.0,0.0,0.0,0.0,0.0
4932.YBR217W,0.020762842202399264,0.0022532218470864827,0.45932004065846643,0.0,4.497579189877634e-05,0.0,0.0,0.0,0.0,0.0,0.0,0.0,0.0,0.0
4932.YDR427W,0.04121808674254076,0.008464920696830568,0.46724675452616127,0.0,4.556499611464595e-05,0.0,0.0,0.0,0.0,0.0,0.0,0.0,0.0,0.0
4932.YDR072C,0.017840664410950478,0.0017157384622872858,0.4549783374314049,0.0,6.141008622814131e-05,0.0,0.0,0.0,0.0,0.0,0.0,0.0,0.0,0.0
4932.YBR069C,0.025069209474007998,0.0029640946226050014,0.46130914490950764,0.0,6.881548148418183e-05,0.0,0.0,0.0,0.0,0.0,0.0,0.0,0.0,0.0
4932.YPR005C,0.00492156259612427,0.00036230141517538787,0.39982775136569804,0.0,3.268357386925483e-06,0.0,0.0,0.0,0.0,0.0,0.0,0.0,0.0,0.0
4932.YPR027C,0.001076591817902184,2.7025317284331454e-05,0.3435732361442037,0.0,2.7814676539588403e-06,0.0,0.0,0.0,0.0,0.0,0.0,0.0,0.0,0.0
4932.YOR268C,0.0012303906490310674,2.4159169262564024e-05,0.35005121021361446,0.0,8.108628384948145e-06,0.0,0.0,0.0,0.0,0.0,0.0,0.0,0.0,0.0
4932.YLR294C,0.005690556751768687,0.000725766028517297,0.3946313989551394,0.0,1.88520841586588e-06,0.0,0.0,0.0,0.0,0.0,0.0,0.0,0.0,0.0
4932.YGR182C,0.006459550907413104,0.0005161031374584837,0.395688747728372,0.0,0.00016780151438057636,0.0,0.0,0.0,0.0,0.0,0.0,0.0,0.0,0.0
4932.YNL100W,0.021685635189172565,0.002126457866233561,0.4393212504357599,0.0,2.741429346628046e-05,0.0,0.0,0.0,0.0,0.0,0.0,0.0,0.0,0.0
4932.YOR020W-A,0.010458320516764073,0.0007603546714653758,0.4117088395866011,0.0,1.2730790828894876e-05,0.0,0.0,0.0,0.0,0.0,0.0,0.0,0.0,0.0
4932.YGL057C,0.004306367271608736,0.00031234231108932527,0.3826630124960441,0.0,2.5492105271299796e-06,0.0,0.0,0.0,0.0,0.0,0.0,0.0,0.0,0.0
4932.YOL053W,0.00538295908951092,0.0005807814614962657,0.41611171972306127,0.0,2.2251908180322684e-06,0.0,0.0,0.0,0.0,0.0,0.0,0.0,0.0,0.0
4932.YMR157C,0.00938172869886189,0.001210510439147266,0.41887453201800584,0.0,3.5676595121224346e-06,0.0,0.0,0.0,0.0,0.0,0.0,0.0,0.0,0.0
4932.YLR263W,0.013072900645955092,0.0007448708070922996,0.4224967890244034,0.0,1.4380757511406075e-05,0.0,0.0,0.0,0.0,0.0,0.0,0.0,0.0,0.0
4932.YHR134W,0.008920332205475239,0.0009337785510561349,0.4311306140655072,0.0,9.183726449328394e-06,0.0,0.0,0.0,0.0,0.0,0.0,0.0,0.0,0.0
4932.YMR159C,0.012150107659181791,0.0009823540751338505,0.44042297784975765,0.0,6.890313133787563e-05,0.0,0.0,0.0,0.0,0.0,0.0,0.0,0.0,0.0
4932.YDR333C,0.021378037526914796,0.0035171213503578124,0.4567372330916795,0.0,1.9460616730326683e-05,0.0,0.0,0.0,0.0,0.0,0.0,0.0,0.0,0.0
4932.YEL062W,0.014918486619501693,0.0013513343718661846,0.4502494883034454,0.0,0.00010876324503537307,0.0,0.0,0.0,0.0,0.0,0.0,0.0,0.0,0.0
4932.YOR018W,0.017533066748692712,0.0014082198894003841,0.44303542750360164,0.0,2.526701552970114e-05,0.0,0.0,0.0,0.0,0.0,0.0,0.0,0.0,0.0
4932.YNL105W,0.0012303906490310674,2.0375575614268216e-05,0.34012041953390865,0.0,7.998427790721774e-05,0.0,0.0,0.0,0.0,0.0,0.0,0.0,0.0,0.0
4932.YCL051W,0.009074131036604122,0.0009147472246726027,0.43893546441470715,0.0,9.671372027669661e-06,0.0,0.0,0.0,0.0,0.0,0.0,0.0,0.0,0.0
4932.YBR128C,0.01476468778837281,0.0007440401035301064,0.4374285166742056,0.0,5.351167768595014e-05,0.0,0.0,0.0,0.0,0.0,0.0,0.0,0.0,0.0
4932.YBL048W,0.005998154414026454,0.00046341001807704164,0.39816180240167426,0.0,5.079657200540045e-06,0.0,0.0,0.0,0.0,0.0,0.0,0.0,0.0,0.0
4932.YLR311C,0.002153183635804368,9.394377761750323e-05,0.3607595278256343,0.0,3.4055302439339372e-06,0.0,0.0,0.0,0.0,0.0,0.0,0.0,0.0,0.0
4932.YGR153W,0.0070747462319286376,0.0003177062942627976,0.41134396500571785,0.0,7.765716793942956e-06,0.0,0.0,0.0,0.0,0.0,0.0,0.0,0.0,0.0
4932.YCL039W,0.015379883112888343,0.0013086774014190816,0.44309584829153253,0.0,1.8234031251380507e-05,0.0,0.0,0.0,0.0,0.0,0.0,0.0,0.0,0.0
4932.YBR056W-A,0.0036911719470932025,0.0001684407893009758,0.3878477148857183,0.0,1.0298593553737946e-05,0.0,0.0,0.0,0.0,0.0,0.0,0.0,0.0,0.0
4932.YCL048W-A,0.009535527529990772,0.0007000520792009383,0.407525908761074,0.0,0.00031573668264221224,0.0,0.0,0.0,0.0,0.0,0.0,0.0,0.0,0.0
4932.YOL131W,0.011073515841279608,0.00039948713627016694,0.421619557175923,0.0,3.619768926320115e-05,0.0,0.0,0.0,0.0,0.0,0.0,0.0,0.0,0.0
4932.YDR486C,0.018917256228852663,0.0017822270574239909,0.4541198277444493,0.0,3.867515769747785e-05,0.0,0.0,0.0,0.0,0.0,0.0,0.0,0.0,0.0
4932.YNL196C,0.012303906490310674,0.0005237631126254582,0.4284584343396627,0.0,4.213011845664279e-05,0.0,0.0,0.0,0.0,0.0,0.0,0.0,0.0,0.0
4932.YPL119C-A,0.006305752076284221,0.00030588031477511794,0.40870498869081856,0.0,6.245629840777954e-05,0.0,0.0,0.0,0.0,0.0,0.0,0.0,0.0,0.0
4932.YNL024C-A,0.018302060904337128,0.001863746418107983,0.45131272504482045,0.0,9.016266373111896e-05,0.0,0.0,0.0,0.0,0.0,0.0,0.0,0.0,0.0
4932.YDL087C,0.024454014149492467,0.0036066066490376366,0.4644746687058845,0.0,7.205325504858143e-05,0.0,0.0,0.0,0.0,0.0,0.0,0.0,0.0,0.0
4932.YDR202C,0.017533066748692712,0.0012641237504905914,0.4542150576817646,0.0,0.0001355093214370325,0.0,0.0,0.0,0.0,0.0,0.0,0.0,0.0,0.0
4932.YDR206W,0.015379883112888343,0.0024824131222568133,0.4436403779064194,0.0,2.519334692781771e-05,0.0,0.0,0.0,0.0,0.0,0.0,0.0,0.0,0.0
4932.YGL251C,0.03798831128883421,0.005158493855572082,0.46791968137072976,0.0,0.00019728556103121048,0.0,0.0,0.0,0.0,0.0,0.0,0.0,0.0,0.0
4932.YDR460W,0.030759766225776686,0.0036928316833049536,0.4576701377092072,0.0,5.415782042008088e-05,0.0,0.0,0.0,0.0,0.0,0.0,0.0,0.0,0.0
4932.YKR101W,0.007843740387573055,0.0005418940742804637,0.4172071020992183,0.0,0.0002404726584307401,0.0,0.0,0.0,0.0,0.0,0.0,0.0,0.0,0.0
4932.YBL053W,0.002768378960319902,1.2596021820920855e-05,0.3345174061876615,0.0,0.00035581548163709565,0.0,0.0,0.0,0.0,0.0,0.0,0.0,0.0,0.0
4932.YOL099C,0.0016917871424177177,6.875854768859585e-07,0.304370256929848,0.0,1.1061155377724672e-05,0.0,0.0,0.0,0.0,0.0,0.0,0.0,0.0,0.0
4932.YDR199W,0.004306367271608736,2.7800590218623214e-05,0.34099499450017445,0.0,5.5306064504610965e-05,0.0,0.0,0.0,0.0,0.0,0.0,0.0,0.0,0.0
4932.YGR228W,0.005229160258382036,4.391140423404331e-05,0.3430472291835775,0.0,2.5175584461231117e-05,0.0,0.0,0.0,0.0,0.0,0.0,0.0,0.0,0.0
4932.YOR218C,0.00538295908951092,2.6921347302074522e-05,0.33340177604901616,0.0,3.358568805663651e-05,0.0,0.0,0.0,0.0,0.0,0.0,0.0,0.0,0.0
4932.YMR172C-A,0.001076591817902184,1.6060267366974213e-06,0.3115351718858627,0.0,6.508870594803499e-07,0.0,0.0,0.0,0.0,0.0,0.0,0.0,0.0,0.0
4932.YDL050C,0.0035373731159643188,0.00023836932524002268,0.3568173420018299,0.0,0.0001034254631050737,0.0,0.0,0.0,0.0,0.0,0.0,0.0,0.0,0.0
4932.YJL202C,0.00030759766225776686,9.822737699363733e-07,0.2896754910482937,0.0,1.7554861819709263e-07,0.0,0.0,0.0,0.0,0.0,0.0,0.0,0.0,0.0
4932.YDR413C,0.00584435558289757,0.00012397602672105105,0.35457822848386583,0.0,0.00014566289449917974,0.0,0.0,0.0,0.0,0.0,0.0,0.0,0.0,0.0
4932.YPR126C,0.003844970778222086,1.1592131903455318e-05,0.32761927070663127,0.0,0.00033227405631532363,0.0,0.0,0.0,0.0,0.0,0.0,0.0,0.0,0.0
4932.YPL035C,0.00015379883112888343,2.0087622893437114e-08,0.25065578673026245,0.0,0.0,0.0,0.0,0.0,0.0,0.0,0.0,0.0,0.0,0.0
4932.YDL129W,0.006305752076284221,0.0008051854548814667,0.4222222621959275,0.0,1.187576537855686e-05,0.0,0.0,0.0,0.0,0.0,0.0,0.0,0.0,0.0
4932.YIL108W,0.007382343894186405,0.0008000615805550924,0.42956307365606694,0.0,5.786811983806457e-06,0.0,0.0,0.0,0.0,0.0,0.0,0.0,0.0,0.0
4932.YGR104C,0.008920332205475239,0.0009787849302601468,0.4257633740791066,0.0,2.8653754623590563e-06,0.0,0.0,0.0,0.0,0.0,0.0,0.0,0.0,0.0
4932.YGL082W,0.00492156259612427,0.0006293499714097541,0.41116177013384747,0.0,1.406637528043437e-06,0.0,0.0,0.0,0.0,0.0,0.0,0.0,0.0,0.0
4932.YNL264C,0.01076591817902184,0.0009338537457818295,0.43526027297175457,0.0,1.0312873049954182e-05,0.0,0.0,0.0,0.0,0.0,0.0,0.0,0.0,0.0
4932.YBR255C-A,0.0070747462319286376,0.00039772518128384734,0.38304648757340987,0.0,1.039736191119421e-05,0.0,0.0,0.0,0.0,0.0,0.0,0.0,0.0,0.0
4932.YGR017W,0.011534912334666258,0.0012349179009103518,0.4452515153621574,0.0,1.7582963256410395e-05,0.0,0.0,0.0,0.0,0.0,0.0,0.0,0.0,0.0
4932.YGL159W,0.017994463242079362,0.0017115801776890142,0.4539611998878947,0.0,3.37601180868387e-05,0.0,0.0,0.0,0.0,0.0,0.0,0.0,0.0,0.0
4932.YNR040W,0.008612734543217471,0.0008855471144088338,0.41142209796095514,0.0,4.311146247517018e-06,0.0,0.0,0.0,0.0,0.0,0.0,0.0,0.0,0.0
4932.YDR286C,0.012150107659181791,0.000746532364327482,0.41873956793371087,0.0,7.342508483051435e-05,0.0,0.0,0.0,0.0,0.0,0.0,0.0,0.0,0.0
4932.YPL096W,0.011842509996924024,0.0011493901902565969,0.43520197007536837,0.0,1.6655391859789313e-05,0.0,0.0,0.0,0.0,0.0,0.0,0.0,0.0,0.0
4932.YDR330W,0.02014764687788373,0.002225377449532578,0.45178339812245877,0.0,3.3363012594555e-05,0.0,0.0,0.0,0.0,0.0,0.0,0.0,0.0,0.0
4932.YNL159C,0.008458935712088589,0.0006144701736207699,0.42542887358879955,0.0,1.2505481726977347e-05,0.0,0.0,0.0,0.0,0.0,0.0,0.0,0.0,0.0
4932.YBL107C,0.007536142725315288,0.0008714325619156141,0.41507509518973645,0.0,1.2945513859036406e-05,0.0,0.0,0.0,0.0,0.0,0.0,0.0,0.0,0.0
4932.YDL107W,0.009074131036604122,0.0007729982466620728,0.4226066997395503,0.0,1.525563965788364e-05,0.0,0.0,0.0,0.0,0.0,0.0,0.0,0.0,0.0
4932.YBR230W-A,0.007689941556444172,0.0003379764320546638,0.39995079800549793,0.0,1.7282885579284263e-05,0.0,0.0,0.0,0.0,0.0,0.0,0.0,0.0,0.0
4932.YCR099C,0.002460781298062135,0.00015718790715998283,0.3862799081675975,0.0,0.00017672999161545425,0.0,0.0,0.0,0.0,0.0,0.0,0.0,0.0,0.0
4932.YOR114W,0.003998769609350969,0.00018503935616654037,0.3857982909930134,0.0,5.1398624021245175e-06,0.0,0.0,0.0,0.0,0.0,0.0,0.0,0.0,0.0
4932.YBR197C,0.0023069824669332516,0.00022253966531645745,0.3880329998325167,0.0,4.27799960878023e-06,0.0,0.0,0.0,0.0,0.0,0.0,0.0,0.0,0.0
4932.YLR394W,0.01076591817902184,0.0008299440792256781,0.4309590539325723,0.0,1.0920202038553626e-05,0.0,0.0,0.0,0.0,0.0,0.0,0.0,0.0,0.0
4932.YLR307C-A,0.007843740387573055,0.00043793180817711265,0.3994345104004994,0.0,9.248237175371042e-06,0.0,0.0,0.0,0.0,0.0,0.0,0.0,0.0,0.0
4932.YMR299C,0.006305752076284221,0.0005348505051866285,0.4158720393725008,0.0,8.107476916556405e-06,0.0,0.0,0.0,0.0,0.0,0.0,0.0,0.0,0.0
4932.YDR131C,0.002922177791448785,0.00020790662929233593,0.393008383645538,0.0,1.939886442550164e-06,0.0,0.0,0.0,0.0,0.0,0.0,0.0,0.0,0.0
4932.YBL062W,0.001076591817902184,3.7601564372585335e-05,0.340905546151583,0.0,3.0072147094522715e-05,0.0,0.0,0.0,0.0,0.0,0.0,0.0,0.0,0.0
4932.YJL201W,0.004460166102737619,0.00035612688973222443,0.40255238602374704,0.0,1.6975785886779416e-06,0.0,0.0,0.0,0.0,0.0,0.0,0.0,0.0,0.0
4932.YGL152C,0.002768378960319902,4.025591800482956e-05,0.3522715285262564,0.0,4.018877503806453e-05,0.0,0.0,0.0,0.0,0.0,0.0,0.0,0.0,0.0
4932.YOR152C,0.010612119347892957,0.0007161075745241135,0.4293360168612702,0.0,9.447473801796772e-06,0.0,0.0,0.0,0.0,0.0,0.0,0.0,0.0,0.0
4932.YDL009C,0.004152568440479853,0.00011861434706405016,0.37458930161960713,0.0,0.00032359721670576245,0.0,0.0,0.0,0.0,0.0,0.0,0.0,0.0,0.0
4932.YDR391C,0.01568748077514611,0.0014222532381198225,0.4399458778060477,0.0,6.389456441410746e-06,0.0,0.0,0.0,0.0,0.0,0.0,0.0,0.0,0.0
4932.YLR011W,0.009535527529990772,0.0009955468359554589,0.4247059225617859,0.0,1.1559936868068115e-05,0.0,0.0,0.0,0.0,0.0,0.0,0.0,0.0,0.0
4932.YDL144C,0.016302676099661642,0.003972461287681212,0.44485524852435987,0.0,7.778619771416555e-06,0.0,0.0,0.0,0.0,0.0,0.0,0.0,0.0,0.0
4932.YDR003W,0.009074131036604122,0.0005240623590665926,0.4235708633853937,0.0,2.2154597499953582e-05,0.0,0.0,0.0,0.0,0.0,0.0,0.0,0.0,0.0
4932.YLR252W,0.018302060904337128,0.0015626002919332826,0.4260145948466088,0.0,1.1170122817858745e-06,0.0,0.0,0.0,0.0,0.0,0.0,0.0,0.0,0.0
4932.YNL187W,0.007689941556444172,0.0011373572610360425,0.4329979752912191,0.0,8.057308638250663e-06,0.0,0.0,0.0,0.0,0.0,0.0,0.0,0.0,0.0
4932.YBL065W,0.0018455859735466013,3.4925515393415326e-05,0.3528453852734212,0.0,0.0005808397575837322,0.0,0.0,0.0,0.0,0.0,0.0,0.0,0.0,0.0
4932.YBR292C,0.0004613964933866503,8.42473597822949e-08,0.2667159469357355,0.0,0.0,0.0,0.0,0.0,0.0,0.0,0.0,0.0,0.0,0.0
4932.YKL147C,0.00015379883112888343,5.571034824652342e-08,0.2608067676177132,0.0,0.0,0.0,0.0,0.0,0.0,0.0,0.0,0.0,0.0,0.0
4932.YJL119C,0.0009227929867733006,1.740083665074403e-05,0.33493122082342786,0.0,0.00011521264451048184,0.0,0.0,0.0,0.0,0.0,0.0,0.0,0.0,0.0
4932.YBL070C,0.0007689941556444171,4.90162338412675e-07,0.2970378778202288,0.0,1.0752922435908671e-05,0.0,0.0,0.0,0.0,0.0,0.0,0.0,0.0,0.0
4932.YOL152W,0.01430329129498616,0.001271147515154189,0.45112473029681505,0.0,3.698224782377115e-05,0.0,0.0,0.0,0.0,0.0,0.0,0.0,0.0,0.0
4932.YLR152C,0.007382343894186405,0.0006680769134056235,0.42172901188962386,0.0,5.973124417671334e-06,0.0,0.0,0.0,0.0,0.0,0.0,0.0,0.0,0.0
4932.YFR005C,0.02337742233159028,0.005046779717378038,0.44792173538259633,0.0,1.3237003455161137e-05,0.0,0.0,0.0,0.0,0.0,0.0,0.0,0.0,0.0
4932.YGR147C,0.0033835742848354355,0.0005788551995272208,0.39429615383466776,0.0,4.4797079679395917e-07,0.0,0.0,0.0,0.0,0.0,0.0,0.0,0.0,0.0
4932.YLR224W,0.004152568440479853,0.0005301026634866167,0.4068370032053171,0.0,2.4780355102503614e-06,0.0,0.0,0.0,0.0,0.0,0.0,0.0,0.0,0.0
4932.YPR157W,0.011842509996924024,0.001423868473694312,0.4482616318429446,0.0,2.4747398786543757e-05,0.0,0.0,0.0,0.0,0.0,0.0,0.0,0.0,0.0
4932.YOR050C,0.0007689941556444171,1.6243721190991927e-06,0.31013748640680244,0.0,1.2220355076874462e-05,0.0,0.0,0.0,0.0,0.0,0.0,0.0,0.0,0.0
4932.YOR200W,0.0019993848046754845,0.0002372542026404372,0.3758676894490586,0.0,3.0500176220432092e-05,0.0,0.0,0.0,0.0,0.0,0.0,0.0,0.0,0.0
4932.YJL188C,0.005536757920639804,0.00048214347117493184,0.37971136651641,0.0,2.6651571752584296e-05,0.0,0.0,0.0,0.0,0.0,0.0,0.0,0.0,0.0
4932.YPR197C,0.006767148569670871,6.247683456273351e-05,0.37312665031268016,0.0,0.00016364390320644715,0.0,0.0,0.0,0.0,0.0,0.0,0.0,0.0,0.0
4932.YPR136C,0.003844970778222086,0.00011219850839491308,0.3602994519099154,0.0,6.744793329181336e-05,0.0,0.0,0.0,0.0,0.0,0.0,0.0,0.0,0.0
4932.YOR102W,0.00492156259612427,3.647870341945691e-05,0.3420540409114768,0.0,3.1310940664367603e-05,0.0,0.0,0.0,0.0,0.0,0.0,0.0,0.0,0.0
4932.YML009C-A,0.004460166102737619,0.0002526570570711817,0.3886828935994332,0.0,9.584778654514117e-05,0.0,0.0,0.0,0.0,0.0,0.0,0.0,0.0,0.0
4932.YKL138C-A,0.00938172869886189,0.0007022463062477298,0.431732151697251,0.0,5.9034294009703035e-05,0.0,0.0,0.0,0.0,0.0,0.0,0.0,0.0,0.0
4932.YGR072W,0.03291294986158105,0.005377160943735203,0.4608184253028384,0.0,0.0001676205006948948,0.0,0.0,0.0,0.0,0.0,0.0,0.0,0.0,0.0
4932.YDR133C,0.001384189480159951,0.00017318081819242973,0.3706788713745194,0.0,2.717819849407023e-07,0.0,0.0,0.0,0.0,0.0,0.0,0.0,0.0,0.0
4932.YDL053C,0.004460166102737619,0.0006823765198023786,0.4080377152398948,0.0,2.1151834931190024e-06,0.0,0.0,0.0,0.0,0.0,0.0,0.0,0.0,0.0
4932.YGR051C,0.002153183635804368,3.5009042676934275e-06,0.3342592909051093,0.0,7.439415030271287e-06,0.0,0.0,0.0,0.0,0.0,0.0,0.0,0.0,0.0
4932.YGR290W,0.0019993848046754845,3.158010233130596e-05,0.35244348946115556,0.0,2.554796415147014e-05,0.0,0.0,0.0,0.0,0.0,0.0,0.0,0.0,0.0
4932.YBR064W,0.0019993848046754845,4.971612566534536e-06,0.3332137128965348,0.0,2.4649956608170777e-06,0.0,0.0,0.0,0.0,0.0,0.0,0.0,0.0,0.0
4932.YCR085W,0.00984312519224854,2.9914459794059724e-05,0.35290287379543395,0.0,8.466392403362482e-05,0.0,0.0,0.0,0.0,0.0,0.0,0.0,0.0,0.0
4932.YKL118W,0.0033835742848354355,2.875116867061243e-05,0.3531905976299231,0.0,0.00019590965243719574,0.0,0.0,0.0,0.0,0.0,0.0,0.0,0.0,0.0
4932.YPR076W,0.002460781298062135,5.80001816588588e-06,0.3327189255092332,0.0,0.0002326895734061917,0.0,0.0,0.0,0.0,0.0,0.0,0.0,0.0,0.0
4932.YGL074C,0.0023069824669332516,1.9614358021464715e-06,0.32499753001877185,0.0,3.5191931155250107e-06,0.0,0.0,0.0,0.0,0.0,0.0,0.0,0.0,0.0
4932.YML037C,0.0015379883112888342,9.823222386436193e-05,0.3740932996658218,0.0,4.119347917633525e-07,0.0,0.0,0.0,0.0,0.0,0.0,0.0,0.0,0.0
4932.YLR467W,0.008305136880959706,0.000341455885242639,0.4010121337444658,0.0,4.367452175681695e-05,0.0,0.0,0.0,0.0,0.0,0.0,0.0,0.0,0.0
4932.YPL219W,0.008766533374346356,0.0009143167521518464,0.4359026373646827,0.0,4.79270737228629e-06,0.0,0.0,0.0,0.0,0.0,0.0,0.0,0.0,0.0
4932.YDR504C,0.0023069824669332516,0.0001499297608511243,0.380445000889656,0.0,0.00010528471400229628,0.0,0.0,0.0,0.0,0.0,0.0,0.0,0.0,0.0
4932.YGR223C,0.00938172869886189,0.0007468603708557772,0.42922257845269335,0.0,8.397127764242343e-06,0.0,0.0,0.0,0.0,0.0,0.0,0.0,0.0,0.0
4932.YLR076C,0.011073515841279608,0.0025046182827923535,0.39379435277833613,0.0,0.00018722766417961635,0.0,0.0,0.0,0.0,0.0,0.0,0.0,0.0,0.0
4932.YNL235C,0.002922177791448785,2.738578863256766e-05,0.3396404252140563,0.0,2.0136499406589875e-05,0.0,0.0,0.0,0.0,0.0,0.0,0.0,0.0,0.0
4932.YHR063W-A,0.0006151953245155337,1.9861962465697833e-05,0.31152023659788697,0.0,7.78428307572766e-08,0.0,0.0,0.0,0.0,0.0,0.0,0.0,0.0,0.0
4932.YNL043C,0.004613964933866503,7.478248483759011e-05,0.3667664172938604,0.0,0.00010468277454836103,0.0,0.0,0.0,0.0,0.0,0.0,0.0,0.0,0.0
4932.YOR277C,0.004767763764995386,8.265819233504395e-05,0.3411561198716504,0.0,2.499555040861011e-05,0.0,0.0,0.0,0.0,0.0,0.0,0.0,0.0,0.0
4932.YLR230W,0.0050753614272531535,0.00021893247009666998,0.3839518207985893,0.0,8.983878430577749e-05,0.0,0.0,0.0,0.0,0.0,0.0,0.0,0.0,0.0
4932.YOR169C,0.006305752076284221,8.795154327720896e-05,0.34406441889205364,0.0,4.141070405306503e-05,0.0,0.0,0.0,0.0,0.0,0.0,0.0,0.0,0.0
4932.YCL007C,0.002768378960319902,0.00015819496207633031,0.37214366961773804,0.0,8.679615103164026e-06,0.0,0.0,0.0,0.0,0.0,0.0,0.0,0.0,0.0
4932.YGL214W,0.005690556751768687,0.00017900261787348438,0.3803781897322089,0.0,0.00015228548936591305,0.0,0.0,0.0,0.0,0.0,0.0,0.0,0.0,0.0
4932.YOR170W,0.0035373731159643188,3.292405426260863e-05,0.3413532577850034,0.0,8.866715153114212e-05,0.0,0.0,0.0,0.0,0.0,0.0,0.0,0.0,0.0
4932.YLR101C,0.0023069824669332516,0.00010081394438074733,0.35101559070847693,0.0,1.1065278062986743e-05,0.0,0.0,0.0,0.0,0.0,0.0,0.0,0.0,0.0
4932.YNL150W,0.006151953245155337,9.228463148317569e-05,0.35215698109664667,0.0,0.00012687378374795033,0.0,0.0,0.0,0.0,0.0,0.0,0.0,0.0,0.0
4932.YGR265W,0.005229160258382036,4.448905980327688e-05,0.3492234436069933,0.0,5.77971756027435e-05,0.0,0.0,0.0,0.0,0.0,0.0,0.0,0.0,0.0
4932.YBR089W,0.001076591817902184,6.895354789084066e-05,0.3494863989240749,0.0,2.3905079018542132e-06,0.0,0.0,0.0,0.0,0.0,0.0,0.0,0.0,0.0
4932.YJL009W,0.007997539218701938,0.0006033461659861627,0.4028019225883539,0.0,0.000725940212587164,0.0,0.0,0.0,0.0,0.0,0.0,0.0,0.0,0.0
4932.YPR059C,0.0023069824669332516,3.039084984640772e-06,0.317983881340608,0.0,8.739803667639255e-06,0.0,0.0,0.0,0.0,0.0,0.0,0.0,0.0,0.0
4932.YJL137C,0.018148262073208243,0.0018472258094159406,0.44950197946840925,0.0,2.069380686467744e-05,0.0,0.0,0.0,0.0,0.0,0.0,0.0,0.0,0.0
4932.YGR205W,0.009227929867733006,0.0009995284255454064,0.426601931144651,0.0,4.584120356824277e-06,0.0,0.0,0.0,0.0,0.0,0.0,0.0,0.0,0.0
4932.YMR103C,0.002922177791448785,0.00016747087691795274,0.38358917445072754,0.0,1.244323647149667e-06,0.0,0.0,0.0,0.0,0.0,0.0,0.0,0.0,0.0
4932.YKR078W,0.012765302983697324,0.0009097203138402966,0.44473346213095094,0.0,3.532678085379356e-05,0.0,0.0,0.0,0.0,0.0,0.0,0.0,0.0,0.0
4932.YGR154C,0.025838203629652418,0.0021112980816999885,0.45367594883720763,0.0,0.00011068981783096022,0.0,0.0,0.0,0.0,0.0,0.0,0.0,0.0,0.0
4932.YNL092W,0.024300215318363582,0.0023127253823625577,0.4548827872030329,0.0,0.0004968244959458675,0.0,0.0,0.0,0.0,0.0,0.0,0.0,0.0,0.0
4932.YPL250C,0.013072900645955092,0.0009580117726355332,0.4312736852190433,0.0,2.726024378772973e-05,0.0,0.0,0.0,0.0,0.0,0.0,0.0,0.0,0.0
4932.YLR271W,0.006305752076284221,0.0003590735963035512,0.4103309304872016,0.0,1.2160469378925346e-05,0.0,0.0,0.0,0.0,0.0,0.0,0.0,0.0,0.0
4932.YJL185C,0.012457705321439558,0.0007799281476093431,0.4261542900836388,0.0,1.2923797956293987e-05,0.0,0.0,0.0,0.0,0.0,0.0,0.0,0.0,0.0
4932.YLR431C,0.00984312519224854,0.0005325655906154062,0.41963194156895867,0.0,5.117887562948749e-05,0.0,0.0,0.0,0.0,0.0,0.0,0.0,0.0,0.0
4932.YDR185C,0.006613349738541987,0.0008192504800139713,0.41691265335527555,0.0,1.7955557645699088e-06,0.0,0.0,0.0,0.0,0.0,0.0,0.0,0.0,0.0
4932.YGR149W,0.01076591817902184,0.0007587927377018688,0.42359847556683994,0.0,9.40978207646008e-06,0.0,0.0,0.0,0.0,0.0,0.0,0.0,0.0,0.0
4932.YPL191C,0.00538295908951092,0.0006748629309063761,0.4161650195462614,0.0,1.7619254928872593e-06,0.0,0.0,0.0,0.0,0.0,0.0,0.0,0.0,0.0
4932.YHL038C,0.008458935712088589,0.0010670136368490415,0.42101857037678664,0.0,3.689310630326196e-06,0.0,0.0,0.0,0.0,0.0,0.0,0.0,0.0,0.0
4932.YDR311W,0.034450938172869885,0.004105003939476614,0.46049185849304264,0.0,7.469758871759466e-05,0.0,0.0,0.0,0.0,0.0,0.0,0.0,0.0,0.0
4932.YBL083C,0.0019993848046754845,7.032338924679408e-05,0.35860930547435566,0.0,1.3597656582517755e-06,0.0,0.0,0.0,0.0,0.0,0.0,0.0,0.0,0.0
4932.YER140W,0.011842509996924024,0.0011463742263768597,0.4427335705658734,0.0,7.328493995232441e-05,0.0,0.0,0.0,0.0,0.0,0.0,0.0,0.0,0.0
4932.YPL076W,0.010150722854506307,0.0006406046635644761,0.4314454959959714,0.0,2.168909162894779e-05,0.0,0.0,0.0,0.0,0.0,0.0,0.0,0.0,0.0
4932.YML012C-A,0.002153183635804368,2.603089727405458e-05,0.35307545181456884,0.0,4.175109816503403e-05,0.0,0.0,0.0,0.0,0.0,0.0,0.0,0.0,0.0
4932.YML119W,0.002768378960319902,0.00031043698772403237,0.4020293643008924,0.0,2.442643306053106e-06,0.0,0.0,0.0,0.0,0.0,0.0,0.0,0.0,0.0
4932.YHR182W,0.0070747462319286376,0.0009826568014429389,0.43035966720943936,0.0,5.446726170355417e-05,0.0,0.0,0.0,0.0,0.0,0.0,0.0,0.0,0.0
4932.YOL019W,0.007536142725315288,0.0007806326981847519,0.4272470652373808,0.0,4.432219327563826e-06,0.0,0.0,0.0,0.0,0.0,0.0,0.0,0.0,0.0
4932.YIL098C,0.02337742233159028,0.003000735483760178,0.45146950706561,0.0,5.9720774603649165e-05,0.0,0.0,0.0,0.0,0.0,0.0,0.0,0.0,0.0
4932.YCR073C,0.010458320516764073,0.0009403929411263262,0.43115922070170026,0.0,6.984789453825037e-06,0.0,0.0,0.0,0.0,0.0,0.0,0.0,0.0,0.0
4932.YDR082W,0.009996924023377422,0.0007008642172767045,0.42376422428559574,0.0,3.648978054750363e-05,0.0,0.0,0.0,0.0,0.0,0.0,0.0,0.0,0.0
4932.YHR078W,0.0050753614272531535,0.0003895496251018036,0.42142814807674456,0.0,5.618796858791378e-06,0.0,0.0,0.0,0.0,0.0,0.0,0.0,0.0,0.0
4932.YOL104C,0.012611504152568441,0.0004854693991352134,0.4215922023743155,0.0,5.398352138096808e-05,0.0,0.0,0.0,0.0,0.0,0.0,0.0,0.0,0.0
4932.YBR004C,0.017994463242079362,0.001178899711914982,0.44829255710212657,0.0,3.343694833904346e-05,0.0,0.0,0.0,0.0,0.0,0.0,0.0,0.0,0.0
4932.YLR104W,0.005998154414026454,0.0004746527413424734,0.41134396500571785,0.0,5.9004784602151615e-06,0.0,0.0,0.0,0.0,0.0,0.0,0.0,0.0,0.0
4932.YHR175W,0.018148262073208243,0.0014990407417202914,0.45383437737081467,0.0,3.463519061574324e-05,0.0,0.0,0.0,0.0,0.0,0.0,0.0,0.0,0.0
4932.YJR039W,0.0050753614272531535,0.0002739423712439914,0.40597279865021396,0.0,5.5960539593426876e-06,0.0,0.0,0.0,0.0,0.0,0.0,0.0,0.0,0.0
4932.YGR219W,0.001384189480159951,0.00011840414135772214,0.3547137188271917,0.0,0.0005861837632451217,0.0,0.0,0.0,0.0,0.0,0.0,0.0,0.0,0.0
4932.YGL017W,0.012457705321439558,0.0010762417046720316,0.44156024838239494,0.0,2.557904685027112e-05,0.0,0.0,0.0,0.0,0.0,0.0,0.0,0.0,0.0
4932.YPR036W-A,0.00584435558289757,0.00026699955759402626,0.3992136520977652,0.0,1.2173851617772699e-05,0.0,0.0,0.0,0.0,0.0,0.0,0.0,0.0,0.0
4932.YKR100C,0.002460781298062135,0.00023016210900921868,0.3992627106110799,0.0,1.2284276321110768e-06,0.0,0.0,0.0,0.0,0.0,0.0,0.0,0.0,0.0
4932.YHR058C,0.025069209474007998,0.003302225317117686,0.4528223425223223,0.0,3.8233141241763095e-05,0.0,0.0,0.0,0.0,0.0,0.0,0.0,0.0,0.0
4932.YBL094C,0.0018455859735466013,7.077515131901027e-05,0.3606193803871094,0.0,0.000174036730827487,0.0,0.0,0.0,0.0,0.0,0.0,0.0,0.0,0.0
4932.YDR136C,0.002153183635804368,8.995382671740737e-05,0.3641560533061715,0.0,2.8256024581668976e-06,0.0,0.0,0.0,0.0,0.0,0.0,0.0,0.0,0.0
4932.YPR150W,0.002460781298062135,0.00011221528425820143,0.3599003386981625,0.0,6.647727735676875e-06,0.0,0.0,0.0,0.0,0.0,0.0,0.0,0.0,0.0
4932.YJL152W,0.002922177791448785,9.992776026035194e-06,0.334001573641497,0.0,7.218949860063374e-05,0.0,0.0,0.0,0.0,0.0,0.0,0.0,0.0,0.0
4932.YBL096C,0.0006151953245155337,2.1085258288003116e-07,0.2793517310173821,0.0,1.2907376562030842e-06,0.0,0.0,0.0,0.0,0.0,0.0,0.0,0.0,0.0
4932.YCR025C,0.0006151953245155337,2.4250524852704615e-05,0.3307207153499249,0.0,6.504320238962055e-07,0.0,0.0,0.0,0.0,0.0,0.0,0.0,0.0,0.0
4932.YPR147C,0.017686865579821593,0.0016435624239597435,0.4567051317961291,0.0,3.615278821018406e-05,0.0,0.0,0.0,0.0,0.0,0.0,0.0,0.0,0.0
4932.YGL217C,0.002768378960319902,2.569884040965717e-05,0.3494676032696205,0.0,0.00018302996690082026,0.0,0.0,0.0,0.0,0.0,0.0,0.0,0.0,0.0
4932.YMR001C-A,0.00030759766225776686,1.2484694031593302e-05,0.3309396799182748,0.0,3.7811439428249623e-07,0.0,0.0,0.0,0.0,0.0,0.0,0.0,0.0,0.0
4932.YDR539W,0.00938172869886189,0.000895483274719624,0.4258470814073874,0.0,2.190183006334629e-05,0.0,0.0,0.0,0.0,0.0,0.0,0.0,0.0,0.0
4932.YDL119C,0.004613964933866503,0.00033010352366121177,0.3879634972353767,0.0,1.7133901652436359e-06,0.0,0.0,0.0,0.0,0.0,0.0,0.0,0.0,0.0
4932.YCL047C,0.00584435558289757,0.0003047617068926833,0.40295179307920903,0.0,8.18512355180225e-06,0.0,0.0,0.0,0.0,0.0,0.0,0.0,0.0,0.0
4932.YGR077C,0.018609658566594894,0.0021361458260447195,0.4537393069754434,0.0,9.085743151531834e-05,0.0,0.0,0.0,0.0,0.0,0.0,0.0,0.0,0.0
4932.YBL100C,0.001076591817902184,3.527451144985033e-05,0.3365619006161146,0.0,5.6165514450352456e-06,0.0,0.0,0.0,0.0,0.0,0.0,0.0,0.0,0.0
4932.YJL007C,0.002614580129191018,6.84791959537112e-05,0.36366692496056213,0.0,0.00010306676574066726,0.0,0.0,0.0,0.0,0.0,0.0,0.0,0.0,0.0
4932.YFR022W,0.011842509996924024,0.0008083224064298005,0.4313595734994241,0.0,2.0610663592788887e-05,0.0,0.0,0.0,0.0,0.0,0.0,0.0,0.0,0.0
4932.YBR071W,0.002460781298062135,0.00021879906933853978,0.38994242770015153,0.0,1.1673780892857293e-06,0.0,0.0,0.0,0.0,0.0,0.0,0.0,0.0,0.0
4932.YGL198W,0.010919717010150723,0.0007274280617376146,0.42919422821633585,0.0,6.534480060984473e-05,0.0,0.0,0.0,0.0,0.0,0.0,0.0,0.0,0.0
4932.YNL086W,0.002460781298062135,0.00011511608296883077,0.3758024761549549,0.0,3.1885887772828663e-06,0.0,0.0,0.0,0.0,0.0,0.0,0.0,0.0,0.0
4932.YKR030W,0.007689941556444172,0.00046771493588780545,0.4117088395866011,0.0,7.252981762222789e-06,0.0,0.0,0.0,0.0,0.0,0.0,0.0,0.0,0.0
4932.YNL314W,0.006305752076284221,0.00037063657299488345,0.41470423225447217,0.0,6.272937036100927e-06,0.0,0.0,0.0,0.0,0.0,0.0,0.0,0.0,0.0
4932.YMR042W,0.012919101814826209,0.0013098680014771264,0.4396779630012399,0.0,1.3276943656237479e-05,0.0,0.0,0.0,0.0,0.0,0.0,0.0,0.0,0.0
4932.YDL176W,0.0035373731159643188,0.0001662463400174174,0.3855007484097843,0.0,2.6521853090079542e-06,0.0,0.0,0.0,0.0,0.0,0.0,0.0,0.0,0.0
4932.YGL081W,0.015072285450630576,0.0008671573921324721,0.4483234866286273,0.0,0.00011789433084992124,0.0,0.0,0.0,0.0,0.0,0.0,0.0,0.0,0.0
4932.YIL092W,0.005998154414026454,0.0006181026182289509,0.42487253924384233,0.0,4.3212556981518735e-06,0.0,0.0,0.0,0.0,0.0,0.0,0.0,0.0,0.0
4932.YIL049W,0.006305752076284221,0.0005792674479256899,0.4226341863541675,0.0,3.645257996389295e-06,0.0,0.0,0.0,0.0,0.0,0.0,0.0,0.0,0.0
4932.YLR114C,0.005998154414026454,0.00047700011296188187,0.4183890680056226,0.0,3.5285914223260035e-06,0.0,0.0,0.0,0.0,0.0,0.0,0.0,0.0,0.0
4932.YER187W,0.0015379883112888342,0.0001294942128929615,0.36813781741517904,0.0,2.3840257491862453e-06,0.0,0.0,0.0,0.0,0.0,0.0,0.0,0.0,0.0
4932.YMR255W,0.002460781298062135,0.00016300812214646468,0.38167404494539353,0.0,1.6916090047799573e-06,0.0,0.0,0.0,0.0,0.0,0.0,0.0,0.0,0.0
4932.YJR079W,0.0004613964933866503,1.1781394955390247e-06,0.3092077380535486,0.0,2.2663451648811722e-07,0.0,0.0,0.0,0.0,0.0,0.0,0.0,0.0,0.0
4932.YJL120W,0.002153183635804368,0.00016300662432518572,0.3802223882501653,0.0,1.7192568394609395e-05,0.0,0.0,0.0,0.0,0.0,0.0,0.0,0.0,0.0
4932.YBR032W,0.004306367271608736,0.00022680800941465187,0.38057869363917796,0.0,5.0503374589234814e-05,0.0,0.0,0.0,0.0,0.0,0.0,0.0,0.0,0.0
4932.YLL047W,0.0015379883112888342,2.8132415845162552e-05,0.3395339437347332,0.0,0.00031080915886309016,0.0,0.0,0.0,0.0,0.0,0.0,0.0,0.0,0.0
4932.YHL005C,0.0035373731159643188,8.665733400860122e-06,0.34360957195258446,0.0,1.9667877591831436e-05,0.0,0.0,0.0,0.0,0.0,0.0,0.0,0.0,0.0
4932.YKR040C,0.004460166102737619,6.982447383896435e-06,0.3416044903372582,0.0,8.764508020204877e-05,0.0,0.0,0.0,0.0,0.0,0.0,0.0,0.0,0.0
4932.YMR290W-A,0.001076591817902184,5.1450691713202874e-05,0.34672646151194303,0.0,5.713631346650359e-06,0.0,0.0,0.0,0.0,0.0,0.0,0.0,0.0,0.0
4932.YIL032C,0.006767148569670871,1.3103391967762216e-05,0.34735663736544203,0.0,4.848304025168869e-05,0.0,0.0,0.0,0.0,0.0,0.0,0.0,0.0,0.0
4932.YLR040C,0.0035373731159643188,5.837714590750924e-05,0.36043935074302885,0.0,1.1028351748458414e-05,0.0,0.0,0.0,0.0,0.0,0.0,0.0,0.0,0.0
4932.YBR178W,0.003844970778222086,2.3554410852859226e-05,0.3441190814592663,0.0,2.4363157305687275e-05,0.0,0.0,0.0,0.0,0.0,0.0,0.0,0.0,0.0
4932.YLR124W,0.004306367271608736,3.6626336075252715e-05,0.3527304644010056,0.0,2.8219588218798484e-05,0.0,0.0,0.0,0.0,0.0,0.0,0.0,0.0,0.0
4932.YCR041W,0.00538295908951092,4.966088208989284e-05,0.3607595278256343,0.0,8.78257256492348e-05,0.0,0.0,0.0,0.0,0.0,0.0,0.0,0.0,0.0
4932.YHR095W,0.002153183635804368,2.916635481001575e-05,0.3499381019546192,0.0,0.00032567661421864047,0.0,0.0,0.0,0.0,0.0,0.0,0.0,0.0,0.0
4932.YOR333C,0.00492156259612427,5.176531678946601e-05,0.3631994083726636,0.0,8.357224871730925e-05,0.0,0.0,0.0,0.0,0.0,0.0,0.0,0.0,0.0
4932.YPL283C,0.006613349738541987,0.00017398833648458046,0.3650152013928393,0.0,1.8165426390664475e-05,0.0,0.0,0.0,0.0,0.0,0.0,0.0,0.0,0.0
4932.YGR296W,0.006767148569670871,0.00016824252237803496,0.36538464997724496,0.0,1.7072318573120915e-05,0.0,0.0,0.0,0.0,0.0,0.0,0.0,0.0,0.0
4932.YLR463C,0.004460166102737619,6.475950056186624e-05,0.35192810957513676,0.0,1.7903602130031492e-05,0.0,0.0,0.0,0.0,0.0,0.0,0.0,0.0,0.0
4932.YCR097W,0.01430329129498616,0.0008877672646258134,0.4490670777605615,0.0,0.0004157490092877574,0.0,0.0,0.0,0.0,0.0,0.0,0.0,0.0,0.0
4932.YDR545W,0.00584435558289757,0.00018118803677334022,0.37643382083161425,0.0,2.5330243279173804e-05,0.0,0.0,0.0,0.0,0.0,0.0,0.0,0.0,0.0
4932.YEL076C,0.003998769609350969,8.149021917567606e-05,0.3525199704440582,0.0,6.087272242981497e-05,0.0,0.0,0.0,0.0,0.0,0.0,0.0,0.0,0.0
4932.YEL075C,0.004613964933866503,4.4335744349629746e-05,0.3393566228950974,0.0,6.968641271733864e-06,0.0,0.0,0.0,0.0,0.0,0.0,0.0,0.0,0.0
4932.YLR465C,0.004306367271608736,6.518042630132048e-05,0.35506259850255856,0.0,4.067110266602606e-05,0.0,0.0,0.0,0.0,0.0,0.0,0.0,0.0,0.0
4932.YEL077C,0.00492156259612427,0.0001122534608761766,0.3489234073562436,0.0,4.200052199978278e-06,0.0,0.0,0.0,0.0,0.0,0.0,0.0,0.0,0.0
4932.YBL111C,0.003229775453706552,5.055476871264422e-05,0.3492046762250282,0.0,4.236953291742726e-06,0.0,0.0,0.0,0.0,0.0,0.0,0.0,0.0,0.0
4932.YBL112C,0.005536757920639804,0.0001407767734676979,0.37649925344430873,0.0,0.000456725223291793,0.0,0.0,0.0,0.0,0.0,0.0,0.0,0.0,0.0
4932.YPL283W-A,0.001384189480159951,3.121492991212453e-05,0.3427577073106512,0.0,0.0002964781112169561,0.0,0.0,0.0,0.0,0.0,0.0,0.0,0.0,0.0
4932.YBL113W-A,0.00030759766225776686,4.4995665276154574e-07,0.2860916926515795,0.0,0.0,0.0,0.0,0.0,0.0,0.0,0.0,0.0,0.0,0.0
4932.YML132W,0.0036911719470932025,0.00011852880852054935,0.36807525859268864,0.0,1.5351485088966445e-05,0.0,0.0,0.0,0.0,0.0,0.0,0.0,0.0,0.0
4932.YPR202W,0.0023069824669332516,7.957801173416888e-05,0.36472836861222074,0.0,7.2147168708206065e-06,0.0,0.0,0.0,0.0,0.0,0.0,0.0,0.0,0.0
4932.YFL064C,0.0036911719470932025,5.907436634089504e-05,0.35230972756426615,0.0,1.2792330080430267e-05,0.0,0.0,0.0,0.0,0.0,0.0,0.0,0.0,0.0
4932.YIL060W,0.0015379883112888342,8.633326971503129e-05,0.36780441587113405,0.0,8.711600184337154e-06,0.0,0.0,0.0,0.0,0.0,0.0,0.0,0.0,0.0
4932.YHR218W-A,0.0004613964933866503,4.0373581781127954e-07,0.2914032295257781,0.0,1.695034995641637e-07,0.0,0.0,0.0,0.0,0.0,0.0,0.0,0.0,0.0
4932.YER189W,0.0009227929867733006,5.161446777161458e-07,0.29271591581581713,0.0,2.307317229668499e-06,0.0,0.0,0.0,0.0,0.0,0.0,0.0,0.0,0.0
4932.YBL113C,0.00030759766225776686,1.2735475264377221e-05,0.3288461849795205,0.0,0.0,0.0,0.0,0.0,0.0,0.0,0.0,0.0,0.0,0.0
4932.YEL016C,0.01030452168563519,0.0006725293845224039,0.43637100363946846,0.0,8.866511769309777e-05,0.0,0.0,0.0,0.0,0.0,0.0,0.0,0.0,0.0
4932.YBR161W,0.009535527529990772,0.0006694894037919116,0.4338942718479784,0.0,1.0932932698504755e-05,0.0,0.0,0.0,0.0,0.0,0.0,0.0,0.0,0.0
4932.YCR026C,0.01122731467240849,0.0008299411484438035,0.4392915505134752,0.0,5.6713402816189324e-05,0.0,0.0,0.0,0.0,0.0,0.0,0.0,0.0,0.0
4932.YNL029C,0.003844970778222086,0.000661788783557881,0.3873390924651481,0.0,2.6789699476546766e-05,0.0,0.0,0.0,0.0,0.0,0.0,0.0,0.0,0.0
4932.YOR137C,0.010612119347892957,0.0011796065700333301,0.43763473970873684,0.0,4.131477611427823e-06,0.0,0.0,0.0,0.0,0.0,0.0,0.0,0.0,0.0
4932.YIL006W,0.006305752076284221,0.0005816497193710688,0.4209640201603605,0.0,2.7984599242095478e-06,0.0,0.0,0.0,0.0,0.0,0.0,0.0,0.0,0.0
4932.YMR220W,0.013534297139341742,0.0017266751530368067,0.44267324853159784,0.0,1.590295713713064e-05,0.0,0.0,0.0,0.0,0.0,0.0,0.0,0.0,0.0
4932.YMR087W,0.008458935712088589,0.00066326576675245,0.4271066527668808,0.0,1.3223881795869225e-05,0.0,0.0,0.0,0.0,0.0,0.0,0.0,0.0,0.0
4932.YGR216C,0.00984312519224854,0.0004926175984618032,0.42071871901556,0.0,1.1606711438749289e-05,0.0,0.0,0.0,0.0,0.0,0.0,0.0,0.0,0.0
4932.YGL155W,0.009227929867733006,0.0013404845911392494,0.43291143339076116,0.0,6.815560508677876e-06,0.0,0.0,0.0,0.0,0.0,0.0,0.0,0.0,0.0
4932.YDL133W,0.003998769609350969,0.0002661253929718377,0.4052891296198668,0.0,5.016166176419801e-06,0.0,0.0,0.0,0.0,0.0,0.0,0.0,0.0,0.0
4932.YMR316W,0.00538295908951092,0.00027723153025634373,0.39564056351652,0.0,0.00020307953075868497,0.0,0.0,0.0,0.0,0.0,0.0,0.0,0.0,0.0
4932.YOR385W,0.002922177791448785,0.0001526786636902689,0.37993338099721247,0.0,0.00011399821767096523,0.0,0.0,0.0,0.0,0.0,0.0,0.0,0.0,0.0
4932.YKL023W,0.0036911719470932025,0.0003158799808001521,0.4082941008605293,0.0,5.946709794574608e-06,0.0,0.0,0.0,0.0,0.0,0.0,0.0,0.0,0.0
4932.YPL236C,0.021224238695785914,0.002301220973404171,0.4610145878109489,0.0,4.2622757527729794e-05,0.0,0.0,0.0,0.0,0.0,0.0,0.0,0.0,0.0
4932.YDR132C,0.006767148569670871,0.0005731693989756327,0.4285149442887975,0.0,6.305000994648583e-06,0.0,0.0,0.0,0.0,0.0,0.0,0.0,0.0,0.0
4932.YKL070W,0.00584435558289757,0.0003980747260450967,0.40625199219726943,0.0,6.00312627568001e-05,0.0,0.0,0.0,0.0,0.0,0.0,0.0,0.0,0.0
4932.YBR157C,0.007228545063057521,0.000610311250881915,0.42520616510897297,0.0,1.534803891126522e-05,0.0,0.0,0.0,0.0,0.0,0.0,0.0,0.0,0.0
4932.YML011C,0.006151953245155337,0.00044073983044704213,0.41317483405578465,0.0,1.5679110505035644e-05,0.0,0.0,0.0,0.0,0.0,0.0,0.0,0.0,0.0
4932.YDL071C,0.0009227929867733006,7.205294590954463e-05,0.3591643055049372,0.0,7.177284349126558e-07,0.0,0.0,0.0,0.0,0.0,0.0,0.0,0.0,0.0
4932.YDR415C,0.010919717010150723,0.0010901145624183717,0.44684366766574923,0.0,7.858546866706989e-06,0.0,0.0,0.0,0.0,0.0,0.0,0.0,0.0,0.0
4932.YHR118C,0.013688095970470625,0.0015101799397859756,0.4291375389773692,0.0,8.720986630013552e-06,0.0,0.0,0.0,0.0,0.0,0.0,0.0,0.0,0.0
4932.YDR537C,0.0019993848046754845,7.53619240333718e-05,0.355295566471394,0.0,1.3395628393824002e-05,0.0,0.0,0.0,0.0,0.0,0.0,0.0,0.0,0.0
4932.YBR012C,0.00015379883112888343,7.952181601713677e-08,0.2566655059918365,0.0,0.0,0.0,0.0,0.0,0.0,0.0,0.0,0.0,0.0,0.0
4932.YBR013C,0.001076591817902184,4.985027080136536e-05,0.34530771682406874,0.0,0.0003076028132497116,0.0,0.0,0.0,0.0,0.0,0.0,0.0,0.0,0.0
4932.YFR007W,0.007843740387573055,0.0008639491859438377,0.41941525948462693,0.0,2.7851113185408784e-05,0.0,0.0,0.0,0.0,0.0,0.0,0.0,0.0,0.0
4932.YBR107C,0.00492156259612427,0.00023830816996812086,0.39997541642221623,0.0,1.843113331418745e-05,0.0,0.0,0.0,0.0,0.0,0.0,0.0,0.0,0.0
4932.YLL051C,0.014918486619501693,0.001110012082497097,0.4464445630501769,0.0,4.1785219327708414e-05,0.0,0.0,0.0,0.0,0.0,0.0,0.0,0.0,0.0
4932.YNR060W,0.014918486619501693,0.0011745994117673341,0.44491616673709855,0.0,0.00031992293505243196,0.0,0.0,0.0,0.0,0.0,0.0,0.0,0.0,0.0
4932.YKL128C,0.004767763764995386,0.0004761494927784969,0.4116827556509962,0.0,3.0966356925652962e-06,0.0,0.0,0.0,0.0,0.0,0.0,0.0,0.0,0.0
4932.YEL004W,0.004306367271608736,0.00013602148373989954,0.3826404790481289,0.0,1.0967706040919967e-05,0.0,0.0,0.0,0.0,0.0,0.0,0.0,0.0,0.0
4932.YDR476C,0.0050753614272531535,0.0003347841626880251,0.41002023064079535,0.0,5.827869827205456e-06,0.0,0.0,0.0,0.0,0.0,0.0,0.0,0.0,0.0
4932.YDR210W,0.004460166102737619,0.0003528823688457624,0.41632500097356,0.0,6.637456485463343e-05,0.0,0.0,0.0,0.0,0.0,0.0,0.0,0.0,0.0
4932.YGR026W,0.009227929867733006,0.0014015657764589894,0.4401246691408375,0.0,5.788739098255372e-06,0.0,0.0,0.0,0.0,0.0,0.0,0.0,0.0,0.0
4932.YOR121C,0.0016917871424177177,5.4406467741699025e-05,0.3509208087268631,0.0,1.3486660319855298e-06,0.0,0.0,0.0,0.0,0.0,0.0,0.0,0.0,0.0
4932.YGL134W,0.007382343894186405,0.0006341333257878022,0.42752816732649024,0.0,8.874131803506497e-06,0.0,0.0,0.0,0.0,0.0,0.0,0.0,0.0,0.0
4932.YEL057C,0.008151338049830821,0.00037232964982334245,0.4128598141683286,0.0,7.68496130479014e-05,0.0,0.0,0.0,0.0,0.0,0.0,0.0,0.0,0.0
4932.YBR270C,0.016917871424177177,0.0019441604614026334,0.4540563633006306,0.0,1.964686964387182e-05,0.0,0.0,0.0,0.0,0.0,0.0,0.0,0.0,0.0
4932.YEL025C,0.001076591817902184,8.727524729012498e-05,0.3568173420018299,0.0,1.241675336719048e-06,0.0,0.0,0.0,0.0,0.0,0.0,0.0,0.0,0.0
4932.YER147C,0.009074131036604122,0.0008997558477042944,0.43213411020784226,0.0,8.181367575650409e-06,0.0,0.0,0.0,0.0,0.0,0.0,0.0,0.0,0.0
4932.YHR103W,0.00584435558289757,0.000651323163576524,0.42398542445486914,0.0,6.242588074317638e-06,0.0,0.0,0.0,0.0,0.0,0.0,0.0,0.0,0.0
4932.YDR203W,0.0016917871424177177,1.252326246418088e-05,0.3377339197086967,0.0,1.301076441952845e-05,0.0,0.0,0.0,0.0,0.0,0.0,0.0,0.0,0.0
4932.YNL108C,0.0033835742848354355,0.0005841530853898313,0.4122312132966646,0.0,2.8909962398794257e-07,0.0,0.0,0.0,0.0,0.0,0.0,0.0,0.0,0.0
4932.YPL148C,0.003998769609350969,0.00021234674723831889,0.3941765614313209,0.0,3.2713611200609166e-06,0.0,0.0,0.0,0.0,0.0,0.0,0.0,0.0,0.0
4932.YLR456W,0.008151338049830821,0.0010060616805801284,0.4259866667887324,0.0,1.3513892506051116e-05,0.0,0.0,0.0,0.0,0.0,0.0,0.0,0.0,0.0
4932.YLR239C,0.016764072593048292,0.0021067993735864867,0.44294482721167855,0.0,1.817486210667356e-05,0.0,0.0,0.0,0.0,0.0,0.0,0.0,0.0,0.0
4932.YHR130C,0.002153183635804368,1.2334401318740864e-06,0.31700656723559983,0.0,0.0001736283260964148,0.0,0.0,0.0,0.0,0.0,0.0,0.0,0.0,0.0
4932.YLR202C,0.002153183635804368,1.708258462175842e-05,0.33782171121368987,0.0,3.136552584888352e-05,0.0,0.0,0.0,0.0,0.0,0.0,0.0,0.0,0.0
4932.YNL143C,0.002768378960319902,6.827234584949769e-06,0.33955168601114727,0.0,4.884320367487264e-05,0.0,0.0,0.0,0.0,0.0,0.0,0.0,0.0,0.0
4932.YLR168C,0.01614887726853276,0.002004836984837281,0.4408711998911272,0.0,1.4351946958079403e-05,0.0,0.0,0.0,0.0,0.0,0.0,0.0,0.0,0.0
4932.YDL242W,0.001076591817902184,6.416826670662922e-05,0.36269259964251643,0.0,3.3798290486020775e-06,0.0,0.0,0.0,0.0,0.0,0.0,0.0,0.0,0.0
4932.YDR381C-A,0.007228545063057521,0.0005433509594904256,0.402079117331559,0.0,4.1930746956765455e-06,0.0,0.0,0.0,0.0,0.0,0.0,0.0,0.0,0.0
4932.YDR249C,0.0006151953245155337,9.190538372398636e-05,0.34517931554822445,0.0,1.3813440397711796e-08,0.0,0.0,0.0,0.0,0.0,0.0,0.0,0.0,0.0
4932.YFL028C,0.014149492463857275,0.001549228815128045,0.4407216912096666,0.0,3.003570394286936e-05,0.0,0.0,0.0,0.0,0.0,0.0,0.0,0.0,0.0
4932.YHR029C,0.01476468778837281,0.0012648799913736175,0.434765195717605,0.0,1.7317165376974648e-05,0.0,0.0,0.0,0.0,0.0,0.0,0.0,0.0,0.0
4932.YOR324C,0.004767763764995386,0.000319902209423281,0.4056686612058512,0.0,2.6271752615851604e-06,0.0,0.0,0.0,0.0,0.0,0.0,0.0,0.0,0.0
4932.YHL003C,0.017994463242079362,0.0019966742039126914,0.4506241758110489,0.0,1.9210806825506505e-05,0.0,0.0,0.0,0.0,0.0,0.0,0.0,0.0,0.0
4932.YLR412W,0.0015379883112888342,0.00024279716598398754,0.3679293706582484,0.0,4.029970115139375e-07,0.0,0.0,0.0,0.0,0.0,0.0,0.0,0.0,0.0
4932.YMR282C,0.016456474930790527,0.0020415921072732533,0.44452049631928614,0.0,3.483914957057105e-05,0.0,0.0,0.0,0.0,0.0,0.0,0.0,0.0,0.0
4932.YPR079W,0.009227929867733006,0.000815508361771503,0.43372050561976533,0.0,5.776486168590463e-06,0.0,0.0,0.0,0.0,0.0,0.0,0.0,0.0,0.0
4932.YBR138C,0.006305752076284221,0.00041763477613695766,0.4162983288612547,0.0,8.91759721772218e-06,0.0,0.0,0.0,0.0,0.0,0.0,0.0,0.0,0.0
4932.YDR130C,0.01030452168563519,0.0005987343445121157,0.41680568410489577,0.0,1.3931854670630915e-05,0.0,0.0,0.0,0.0,0.0,0.0,0.0,0.0,0.0
4932.YMR237W,0.006767148569670871,0.0009054622620937852,0.43133094027184365,0.0,3.2090312690964033e-06,0.0,0.0,0.0,0.0,0.0,0.0,0.0,0.0,0.0
4932.YIL158W,0.006613349738541987,0.0005655397197205662,0.4124667141802288,0.0,7.46652930936424e-06,0.0,0.0,0.0,0.0,0.0,0.0,0.0,0.0,0.0
4932.YMR148W,0.008612734543217471,0.0005051031505260738,0.42950628694529214,0.0,2.4666590381298415e-05,0.0,0.0,0.0,0.0,0.0,0.0,0.0,0.0,0.0
4932.YDR480W,0.006767148569670871,0.0003739631397002617,0.41071996809274536,0.0,4.460978545460893e-05,0.0,0.0,0.0,0.0,0.0,0.0,0.0,0.0,0.0
4932.YMR211W,0.009689326361119657,0.0018931718631849221,0.42919422821633585,0.0,9.717557172001115e-06,0.0,0.0,0.0,0.0,0.0,0.0,0.0,0.0,0.0
4932.YOL137W,0.008766533374346356,0.000945042454108245,0.43572725911589383,0.0,2.2780414411915898e-05,0.0,0.0,0.0,0.0,0.0,0.0,0.0,0.0,0.0
4932.YOR279C,0.004613964933866503,0.00026722733181967106,0.39163455973935174,0.0,4.46011129927574e-06,0.0,0.0,0.0,0.0,0.0,0.0,0.0,0.0,0.0
4932.YBR047W,0.008920332205475239,0.000406186308247798,0.4063282025509833,0.0,1.2694717390546535e-05,0.0,0.0,0.0,0.0,0.0,0.0,0.0,0.0,0.0
4932.YOR059C,0.0070747462319286376,0.00037452560259024486,0.4185238062086387,0.0,8.872297326591757e-06,0.0,0.0,0.0,0.0,0.0,0.0,0.0,0.0,0.0
4932.YGL117W,0.010150722854506307,0.000874828386542614,0.4113700060265462,0.0,5.939174070013768e-06,0.0,0.0,0.0,0.0,0.0,0.0,0.0,0.0,0.0
4932.YOR314W,0.0016917871424177177,2.8517451753191656e-06,0.33075438334497226,0.0,1.8932761217304031e-06,0.0,0.0,0.0,0.0,0.0,0.0,0.0,0.0,0.0
4932.YPR092W,0.0033835742848354355,6.244975705776383e-06,0.3383318033528754,0.0,1.3573824120483892e-05,0.0,0.0,0.0,0.0,0.0,0.0,0.0,0.0,0.0
4932.YDL027C,0.006920947400799755,0.0004453329111506124,0.39825941500339085,0.0,5.400732433498613e-06,0.0,0.0,0.0,0.0,0.0,0.0,0.0,0.0,0.0
4932.YNL336W,0.0023069824669332516,6.972071540559363e-05,0.3586290973671464,0.0,3.40773374666628e-06,0.0,0.0,0.0,0.0,0.0,0.0,0.0,0.0,0.0
4932.YOR097C,0.0019993848046754845,0.00021616790341975358,0.3785390082252898,0.0,6.46764404455206e-07,0.0,0.0,0.0,0.0,0.0,0.0,0.0,0.0,0.0
4932.YMR295C,0.007536142725315288,0.0007868013015188944,0.4338653011414385,0.0,9.290318450926015e-06,0.0,0.0,0.0,0.0,0.0,0.0,0.0,0.0,0.0
4932.YDR538W,0.009074131036604122,0.0008650611076380892,0.43007483057749185,0.0,5.523054614235626e-05,0.0,0.0,0.0,0.0,0.0,0.0,0.0,0.0,0.0
4932.YJL142C,0.01384189480159951,0.001066449010407909,0.4303881716250712,0.0,6.110934406711378e-05,0.0,0.0,0.0,0.0,0.0,0.0,0.0,0.0,0.0
4932.YGL036W,0.003229775453706552,0.0002955034015486783,0.4015325103624374,0.0,7.936842838234178e-07,0.0,0.0,0.0,0.0,0.0,0.0,0.0,0.0,0.0
4932.YOR044W,0.003229775453706552,0.0001624937316554644,0.3830239089416637,0.0,4.4494536635997684e-06,0.0,0.0,0.0,0.0,0.0,0.0,0.0,0.0,0.0
4932.YNL164C,0.005229160258382036,0.0008052974522733923,0.39434401111757034,0.0,2.3530282125230177e-05,0.0,0.0,0.0,0.0,0.0,0.0,0.0,0.0,0.0
4932.YBR063C,0.002614580129191018,0.00014364150422605776,0.3886828935994332,0.0,1.9743092044190816e-06,0.0,0.0,0.0,0.0,0.0,0.0,0.0,0.0,0.0
4932.YER180C,0.002460781298062135,0.00012319900374041566,0.3688273705979864,0.0,7.090530098755174e-07,0.0,0.0,0.0,0.0,0.0,0.0,0.0,0.0,0.0
4932.YJR107W,0.014149492463857275,0.0012688888713896194,0.45326455184119174,0.0,6.536415722079024e-05,0.0,0.0,0.0,0.0,0.0,0.0,0.0,0.0,0.0
4932.YKR015C,0.006305752076284221,0.00031886716500780876,0.4044063116253003,0.0,2.6572429843623805e-05,0.0,0.0,0.0,0.0,0.0,0.0,0.0,0.0,0.0
4932.YDR124W,0.004460166102737619,0.0003009755734705127,0.39835707547788896,0.0,4.057798794152695e-06,0.0,0.0,0.0,0.0,0.0,0.0,0.0,0.0,0.0
4932.YLR094C,0.001076591817902184,0.00010410236668148176,0.35519845934160515,0.0,6.039279308366536e-08,0.0,0.0,0.0,0.0,0.0,0.0,0.0,0.0,0.0
4932.YLR108C,0.009689326361119657,0.0007011227506316932,0.4342712434134415,0.0,3.755535744098481e-05,0.0,0.0,0.0,0.0,0.0,0.0,0.0,0.0,0.0
4932.YOR305W,0.009074131036604122,0.0008748588692999137,0.43337339036916933,0.0,1.33815951636063e-05,0.0,0.0,0.0,0.0,0.0,0.0,0.0,0.0,0.0
4932.YOR331C,0.002768378960319902,7.674768804201491e-05,0.3562109755068153,0.0,1.3292594976665823e-05,0.0,0.0,0.0,0.0,0.0,0.0,0.0,0.0,0.0
4932.YCL012C,0.0007689941556444171,6.368022821659256e-05,0.3519662341672259,0.0,3.3839967729134432e-09,0.0,0.0,0.0,0.0,0.0,0.0,0.0,0.0,0.0
4932.YGR295C,0.002768378960319902,0.0001565888659778479,0.3850438857072366,0.0,5.6368595720674734e-06,0.0,0.0,0.0,0.0,0.0,0.0,0.0,0.0,0.0
4932.YBR076C-A,0.00015379883112888343,1.2390886246246861e-06,0.30424199902590715,0.0,0.0,0.0,0.0,0.0,0.0,0.0,0.0,0.0,0.0,0.0
4932.YNL205C,0.002460781298062135,5.520943262306754e-05,0.3566802401578288,0.0,1.0769635260209614e-05,0.0,0.0,0.0,0.0,0.0,0.0,0.0,0.0,0.0
4932.YEL005C,0.00492156259612427,0.00017999398685577647,0.3846564029595291,0.0,9.440930603577032e-06,0.0,0.0,0.0,0.0,0.0,0.0,0.0,0.0,0.0
4932.YNL210W,0.007843740387573055,0.00022051293489522544,0.39884609717624137,0.0,6.785508294593023e-05,0.0,0.0,0.0,0.0,0.0,0.0,0.0,0.0,0.0
4932.YGR120C,0.011996308828052908,0.0008383833898510259,0.4289675610770613,0.0,1.9737091203768815e-05,0.0,0.0,0.0,0.0,0.0,0.0,0.0,0.0,0.0
4932.YPL011C,0.007536142725315288,0.0006226793128162223,0.41542006234466977,0.0,6.5983244912554965e-06,0.0,0.0,0.0,0.0,0.0,0.0,0.0,0.0,0.0
4932.YKL084W,0.009227929867733006,0.0012180832329407565,0.43860955890619807,0.0,4.934353096240354e-06,0.0,0.0,0.0,0.0,0.0,0.0,0.0,0.0,0.0
4932.YLR154W-A,0.003229775453706552,0.0003036238243401361,0.38381574809186797,0.0,1.6660587984477676e-05,0.0,0.0,0.0,0.0,0.0,0.0,0.0,0.0,0.0
4932.YLR181C,0.014149492463857275,0.0014921340610548075,0.4468743975789371,0.0,1.9552270491958915e-05,0.0,0.0,0.0,0.0,0.0,0.0,0.0,0.0,0.0
4932.YPR075C,0.014149492463857275,0.0017137481921691805,0.44844724742548825,0.0,6.978394108722795e-06,0.0,0.0,0.0,0.0,0.0,0.0,0.0,0.0,0.0
4932.YLR042C,0.00538295908951092,0.0003159951113699242,0.40658244369886903,0.0,3.761586314320111e-05,0.0,0.0,0.0,0.0,0.0,0.0,0.0,0.0,0.0
4932.YDL241W,0.0016917871424177177,0.0001770496910091791,0.36594022724533,0.0,7.612892444410126e-07,0.0,0.0,0.0,0.0,0.0,0.0,0.0,0.0,0.0
4932.YLL033W,0.006767148569670871,0.0006078836678430187,0.4162183330255781,0.0,1.4185106270164505e-05,0.0,0.0,0.0,0.0,0.0,0.0,0.0,0.0,0.0
4932.YOL002C,0.016456474930790527,0.0015729583908738415,0.45165778933727146,0.0,8.77886213371284e-05,0.0,0.0,0.0,0.0,0.0,0.0,0.0,0.0,0.0
4932.YLR010C,0.0030759766225776685,0.00016722607086050868,0.3793566825381123,0.0,4.229397823076921e-06,0.0,0.0,0.0,0.0,0.0,0.0,0.0,0.0,0.0
4932.YBR090C,0.00030759766225776686,1.896996398123664e-05,0.3381733341241387,0.0,1.8606215238228808e-07,0.0,0.0,0.0,0.0,0.0,0.0,0.0,0.0,0.0
4932.YEL059C-A,0.007843740387573055,0.0006086783705774704,0.40880783989904523,0.0,1.318515464520273e-05,0.0,0.0,0.0,0.0,0.0,0.0,0.0,0.0,0.0
4932.YOR079C,0.009689326361119657,0.0005495912748899936,0.42093675035274497,0.0,2.374156880744092e-05,0.0,0.0,0.0,0.0,0.0,0.0,0.0,0.0,0.0
4932.YLR023C,0.013534297139341742,0.0015611660414091232,0.4464445630501769,0.0,1.389589234716211e-05,0.0,0.0,0.0,0.0,0.0,0.0,0.0,0.0,0.0
4932.YBR099C,0.006151953245155337,0.0003456717352172045,0.41257146763144914,0.0,6.582647023619555e-05,0.0,0.0,0.0,0.0,0.0,0.0,0.0,0.0,0.0
4932.YGR042W,0.00584435558289757,0.0005557978015778782,0.42060978802481225,0.0,3.007573793997364e-06,0.0,0.0,0.0,0.0,0.0,0.0,0.0,0.0,0.0
4932.YKL076C,0.0019993848046754845,3.5743002136697354e-05,0.3477656202941036,0.0,7.37761186931839e-06,0.0,0.0,0.0,0.0,0.0,0.0,0.0,0.0,0.0
4932.YOR364W,0.002460781298062135,4.7291493874124124e-05,0.35851037876939723,0.0,1.1401986705769573e-05,0.0,0.0,0.0,0.0,0.0,0.0,0.0,0.0,0.0
4932.YLR315W,0.009074131036604122,0.0005333402676772187,0.43262321006626664,0.0,5.6367002419449506e-05,0.0,0.0,0.0,0.0,0.0,0.0,0.0,0.0,0.0
4932.YMR194C-A,0.0019993848046754845,7.249826534550372e-05,0.36905779605812034,0.0,7.926113957605053e-06,0.0,0.0,0.0,0.0,0.0,0.0,0.0,0.0,0.0
4932.YOL134C,0.003998769609350969,0.00010793007433910367,0.3810026745936866,0.0,9.311098752911155e-05,0.0,0.0,0.0,0.0,0.0,0.0,0.0,0.0,0.0
4932.YMR245W,0.006920947400799755,0.00022724955338866674,0.404104515870356,0.0,0.0003529069363780218,0.0,0.0,0.0,0.0,0.0,0.0,0.0,0.0,0.0
4932.YPL136W,0.0033835742848354355,8.750084610655762e-05,0.3684718239407612,0.0,0.0001061139180289567,0.0,0.0,0.0,0.0,0.0,0.0,0.0,0.0,0.0
4932.YPL229W,0.002153183635804368,0.00015689968235825454,0.38639475621069896,0.0,3.3872585519313496e-07,0.0,0.0,0.0,0.0,0.0,0.0,0.0,0.0,0.0
4932.YJL192C,0.00938172869886189,0.001185354390781009,0.428147895842085,0.0,6.02606741080639e-06,0.0,0.0,0.0,0.0,0.0,0.0,0.0,0.0,0.0
4932.YKR035C,0.004613964933866503,8.419768544651985e-05,0.3716966374096399,0.0,0.0001006894082356258,0.0,0.0,0.0,0.0,0.0,0.0,0.0,0.0,0.0
4932.YHR159W,0.0012303906490310674,6.941025340861834e-05,0.36039936856324595,0.0,3.4834174252579753e-07,0.0,0.0,0.0,0.0,0.0,0.0,0.0,0.0,0.0
4932.YML020W,0.002153183635804368,0.00013342775830402912,0.36745083777399484,0.0,7.165047313203859e-07,0.0,0.0,0.0,0.0,0.0,0.0,0.0,0.0,0.0
4932.YGR050C,0.001076591817902184,5.510655877208393e-05,0.35164243818363145,0.0,2.447846836536101e-07,0.0,0.0,0.0,0.0,0.0,0.0,0.0,0.0,0.0
4932.YBR109W-A,0.0015379883112888342,2.9642641397752687e-06,0.3207780330352631,0.0,2.461064273018906e-08,0.0,0.0,0.0,0.0,0.0,0.0,0.0,0.0,0.0
4932.YER074W-A,0.011842509996924024,0.0012402363462104312,0.43164611499902517,0.0,1.1601776516417491e-05,0.0,0.0,0.0,0.0,0.0,0.0,0.0,0.0,0.0
4932.YGL079W,0.003229775453706552,0.00011428302341964378,0.37125067789495086,0.0,9.381927956408185e-06,0.0,0.0,0.0,0.0,0.0,0.0,0.0,0.0,0.0
4932.YLR338W,0.0016917871424177177,0.00010098364834496476,0.3715691111159266,0.0,8.017755893436219e-06,0.0,0.0,0.0,0.0,0.0,0.0,0.0,0.0,0.0
4932.YML009W-B,0.001076591817902184,0.00016508666145687026,0.36901587910700917,0.0,1.5029804213118063e-07,0.0,0.0,0.0,0.0,0.0,0.0,0.0,0.0,0.0
4932.YMR133W,0.009689326361119657,0.00038544295761822723,0.41470423225447217,0.0,2.5900445022512337e-05,0.0,0.0,0.0,0.0,0.0,0.0,0.0,0.0,0.0
4932.YCL001W-A,0.006151953245155337,0.001321299344687187,0.4135692855903338,0.0,1.47982768855841e-05,0.0,0.0,0.0,0.0,0.0,0.0,0.0,0.0,0.0
4932.YCL001W-B,0.006305752076284221,0.0014210187991150133,0.4153138575479563,0.0,6.626821034133585e-06,0.0,0.0,0.0,0.0,0.0,0.0,0.0,0.0,0.0
4932.YNR004W,0.004460166102737619,0.0005073603113117667,0.39130438487265595,0.0,2.4877398869554608e-06,0.0,0.0,0.0,0.0,0.0,0.0,0.0,0.0,0.0
4932.YOR318C,0.0016917871424177177,5.025903430359124e-05,0.3525582233842615,0.0,6.391137446784181e-06,0.0,0.0,0.0,0.0,0.0,0.0,0.0,0.0,0.0
4932.YER023C-A,0.0016917871424177177,2.2758862232185635e-06,0.28921135015111826,0.0,0.0,0.0,0.0,0.0,0.0,0.0,0.0,0.0,0.0,0.0
4932.YBR124W,0.0015379883112888342,3.719977639375001e-06,0.3332478904146533,0.0,6.278897270877249e-06,0.0,0.0,0.0,0.0,0.0,0.0,0.0,0.0,0.0
4932.YKR018C,0.004460166102737619,0.000584558164714698,0.41488958084505967,0.0,6.915258453535576e-07,0.0,0.0,0.0,0.0,0.0,0.0,0.0,0.0,0.0
4932.YGR122W,0.005536757920639804,0.00035988815238548747,0.4259866667887324,0.0,3.612226424208257e-05,0.0,0.0,0.0,0.0,0.0,0.0,0.0,0.0,0.0
4932.YEL068C,0.002460781298062135,0.0002496273435179436,0.38338548676590506,0.0,6.981974444800993e-05,0.0,0.0,0.0,0.0,0.0,0.0,0.0,0.0,0.0
4932.YEL006W,0.004460166102737619,0.00020268600690671824,0.3893116419145243,0.0,7.909886103939894e-06,0.0,0.0,0.0,0.0,0.0,0.0,0.0,0.0,0.0
4932.YLL042C,0.0012303906490310674,6.163419289592268e-05,0.351490269659508,0.0,1.2582246872612268e-07,0.0,0.0,0.0,0.0,0.0,0.0,0.0,0.0,0.0
4932.YOR264W,0.006151953245155337,0.0005219803147051519,0.4145983931088703,0.0,4.992687632435187e-06,0.0,0.0,0.0,0.0,0.0,0.0,0.0,0.0,0.0
4932.YPL282C,0.004152568440479853,0.00012104925814015031,0.3579968384769613,0.0,3.4512159883684264e-06,0.0,0.0,0.0,0.0,0.0,0.0,0.0,0.0,0.0
4932.YFL015C,0.0033835742848354355,9.764260475762917e-06,0.33903791167668396,0.0,8.7562466257124e-06,0.0,0.0,0.0,0.0,0.0,0.0,0.0,0.0,0.0
4932.YLR123C,0.0015379883112888342,4.7943482554924816e-05,0.35482993584859523,0.0,0.0003122005190525344,0.0,0.0,0.0,0.0,0.0,0.0,0.0,0.0,0.0
4932.YHR109W,0.0015379883112888342,0.00019290938390959853,0.37591117755381953,0.0,2.1338520301694018e-07,0.0,0.0,0.0,0.0,0.0,0.0,0.0,0.0,0.0
4932.YBR134W,0.0012303906490310674,2.3764440345563352e-05,0.3434279697265115,0.0,8.67973714865953e-06,0.0,0.0,0.0,0.0,0.0,0.0,0.0,0.0,0.0
4932.YER044C-A,0.009227929867733006,0.0003107590130860901,0.401507699900848,0.0,1.718162791945441e-05,0.0,0.0,0.0,0.0,0.0,0.0,0.0,0.0,0.0
4932.YLR082C,0.0030759766225776685,0.00022684797086601605,0.3958816019980093,0.0,1.3284681165512323e-06,0.0,0.0,0.0,0.0,0.0,0.0,0.0,0.0,0.0
4932.YDL026W,0.0035373731159643188,2.002593630469578e-05,0.3499381019546192,0.0,2.9397809126003493e-05,0.0,0.0,0.0,0.0,0.0,0.0,0.0,0.0,0.0
4932.YOL044W,0.006767148569670871,0.00047654944713406024,0.418012262154733,0.0,9.406922347728826e-06,0.0,0.0,0.0,0.0,0.0,0.0,0.0,0.0,0.0
4932.YML053C,0.0030759766225776685,0.00021766344038460947,0.39379435277833613,0.0,2.9584326323303226e-06,0.0,0.0,0.0,0.0,0.0,0.0,0.0,0.0,0.0
4932.YNL095C,0.00584435558289757,0.0007721897550024349,0.42244185510306365,0.0,4.092736389352837e-05,0.0,0.0,0.0,0.0,0.0,0.0,0.0,0.0,0.0
4932.YNL211C,0.0004613964933866503,0.00016599975307800277,0.3539794419129119,0.0,0.0,0.0,0.0,0.0,0.0,0.0,0.0,0.0,0.0,0.0
4932.YDL068W,0.0007689941556444171,9.270919274393768e-08,0.2697385062347582,0.0,0.0003229606165746581,0.0,0.0,0.0,0.0,0.0,0.0,0.0,0.0,0.0
4932.YPR064W,0.0007689941556444171,4.115989337240123e-05,0.34743092633242395,0.0,3.8485720390006766e-06,0.0,0.0,0.0,0.0,0.0,0.0,0.0,0.0,0.0
4932.YKR022C,0.010919717010150723,0.0013204725130238004,0.4165385009740593,0.0,1.4592380365392236e-05,0.0,0.0,0.0,0.0,0.0,0.0,0.0,0.0,0.0
4932.YER071C,0.003229775453706552,0.00027022095705936416,0.3869469788123221,0.0,1.1768878245459892e-05,0.0,0.0,0.0,0.0,0.0,0.0,0.0,0.0,0.0
4932.YGL193C,0.0016917871424177177,5.8900288208401746e-05,0.34982506676690844,0.0,1.6912261421259765e-07,0.0,0.0,0.0,0.0,0.0,0.0,0.0,0.0,0.0
4932.YPR174C,0.004767763764995386,0.0003457986238351069,0.39405704155217247,0.0,2.0586503389942917e-06,0.0,0.0,0.0,0.0,0.0,0.0,0.0,0.0,0.0
4932.YHR157W,0.008612734543217471,0.0003269500098899151,0.40727048669353333,0.0,4.2607392289600266e-05,0.0,0.0,0.0,0.0,0.0,0.0,0.0,0.0,0.0
4932.YOR248W,0.001384189480159951,8.6979092926967e-05,0.355820863826269,0.0,3.0016071953695734e-07,0.0,0.0,0.0,0.0,0.0,0.0,0.0,0.0,0.0
4932.YFL046W,0.006767148569670871,0.0007272808927459855,0.4288260156533574,0.0,6.64185950503408e-06,0.0,0.0,0.0,0.0,0.0,0.0,0.0,0.0,0.0
4932.YOR354C,0.004613964933866503,0.0006537369134241047,0.412335847147365,0.0,1.8960147726892148e-06,0.0,0.0,0.0,0.0,0.0,0.0,0.0,0.0,0.0
4932.YLR119W,0.010458320516764073,0.0005838509307166012,0.4223594810006711,0.0,9.63146586761708e-06,0.0,0.0,0.0,0.0,0.0,0.0,0.0,0.0,0.0
4932.YCL056C,0.003844970778222086,0.00020933881072555786,0.39609878788145836,0.0,2.0450088380095162e-05,0.0,0.0,0.0,0.0,0.0,0.0,0.0,0.0,0.0
4932.YGL005C,0.009996924023377422,0.00042568137387592145,0.41576560337803603,0.0,2.543621169109104e-05,0.0,0.0,0.0,0.0,0.0,0.0,0.0,0.0,0.0
4932.YBR165W,0.003229775453706552,0.0003373516939649253,0.39675177770150966,0.0,1.5315804239268992e-06,0.0,0.0,0.0,0.0,0.0,0.0,0.0,0.0,0.0
4932.YIL009C-A,0.006920947400799755,0.00043209513638191646,0.40870498869081856,0.0,2.4540837843556946e-05,0.0,0.0,0.0,0.0,0.0,0.0,0.0,0.0,0.0
4932.YNL214W,0.00538295908951092,0.0003494454784569969,0.4029018238588371,0.0,1.1586619392110978e-05,0.0,0.0,0.0,0.0,0.0,0.0,0.0,0.0,0.0
4932.YPL034W,0.0006151953245155337,6.713089653665419e-05,0.3494863989240749,0.0,1.603022712755245e-08,0.0,0.0,0.0,0.0,0.0,0.0,0.0,0.0,0.0
4932.YER033C,0.006613349738541987,0.0005501776648863905,0.42227713901711234,0.0,7.326521554888839e-06,0.0,0.0,0.0,0.0,0.0,0.0,0.0,0.0,0.0
4932.YLR021W,0.008766533374346356,0.0010800367070616006,0.4244285183014582,0.0,1.0383200520952063e-05,0.0,0.0,0.0,0.0,0.0,0.0,0.0,0.0,0.0
4932.YER092W,0.008766533374346356,0.0007172549535607629,0.4280350843287876,0.0,1.2675824910660699e-05,0.0,0.0,0.0,0.0,0.0,0.0,0.0,0.0,0.0
4932.YKL102C,0.0007689941556444171,4.051849236700745e-06,0.3279665177002637,0.0,6.445369621349605e-07,0.0,0.0,0.0,0.0,0.0,0.0,0.0,0.0,0.0
4932.YLR368W,0.004152568440479853,0.0003034457204323433,0.40559269803353876,0.0,6.0625149349880234e-06,0.0,0.0,0.0,0.0,0.0,0.0,0.0,0.0,0.0
4932.YDR114C,0.006920947400799755,0.0005329651117550059,0.40511225780519483,0.0,3.5441275341496736e-05,0.0,0.0,0.0,0.0,0.0,0.0,0.0,0.0,0.0
4932.YDL186W,0.0035373731159643188,0.00014028713416470393,0.3770672903844557,0.0,4.953573656692636e-06,0.0,0.0,0.0,0.0,0.0,0.0,0.0,0.0,0.0
4932.YFR039C,0.005536757920639804,0.0005100501445370054,0.4269663325576795,0.0,4.910953531757711e-06,0.0,0.0,0.0,0.0,0.0,0.0,0.0,0.0,0.0
4932.YPR009W,0.0012303906490310674,0.00016070496159995186,0.3679085389647449,0.0,1.4924148446333482e-07,0.0,0.0,0.0,0.0,0.0,0.0,0.0,0.0,0.0
4932.YLR443W,0.0035373731159643188,0.0003371957995169144,0.4001971186300009,0.0,5.226919440115657e-06,0.0,0.0,0.0,0.0,0.0,0.0,0.0,0.0,0.0
4932.YOR307C,0.010458320516764073,0.0009270113977580386,0.4336915581122155,0.0,1.2678056497905197e-05,0.0,0.0,0.0,0.0,0.0,0.0,0.0,0.0,0.0
4932.YGL176C,0.0015379883112888342,0.0001316743442971427,0.36581661966983753,0.0,4.4981171673540285e-07,0.0,0.0,0.0,0.0,0.0,0.0,0.0,0.0,0.0
4932.YDR306C,0.007382343894186405,0.0005355796352306459,0.4227716730771194,0.0,1.3724273191849626e-05,0.0,0.0,0.0,0.0,0.0,0.0,0.0,0.0,0.0
4932.YML079W,0.0016917871424177177,0.00010743090421839996,0.3657960265252941,0.0,1.3519715987386852e-06,0.0,0.0,0.0,0.0,0.0,0.0,0.0,0.0,0.0
4932.YER014C-A,0.006459550907413104,0.0001890525605723851,0.4030017746958152,0.0,0.0002789527771081676,0.0,0.0,0.0,0.0,0.0,0.0,0.0,0.0,0.0
4932.YDR344C,0.00030759766225776686,1.972710745305409e-06,0.31156504675850233,0.0,1.2360870406739655e-07,0.0,0.0,0.0,0.0,0.0,0.0,0.0,0.0,0.0
4932.YOR284W,0.0016917871424177177,7.775906048536811e-05,0.36259140757744124,0.0,1.03001949071915e-06,0.0,0.0,0.0,0.0,0.0,0.0,0.0,0.0,0.0
4932.YMR134W,0.004767763764995386,0.0004372626650358297,0.3977961809118656,0.0,6.719500254796286e-07,0.0,0.0,0.0,0.0,0.0,0.0,0.0,0.0,0.0
4932.YFR026C,0.0036911719470932025,0.0003129677015261767,0.40069067122126933,0.0,2.265839330809757e-05,0.0,0.0,0.0,0.0,0.0,0.0,0.0,0.0,0.0
4932.YGR269W,0.001384189480159951,0.0001373027599426943,0.36776278313403843,0.0,9.186706818358006e-07,0.0,0.0,0.0,0.0,0.0,0.0,0.0,0.0,0.0
4932.YBR206W,0.00015379883112888343,2.723970218550443e-06,0.3017834207317167,0.0,0.0,0.0,0.0,0.0,0.0,0.0,0.0,0.0,0.0,0.0
4932.YFR054C,0.0006151953245155337,8.102760426039343e-06,0.3293795932276624,0.0,1.3469329769078422e-06,0.0,0.0,0.0,0.0,0.0,0.0,0.0,0.0,0.0
4932.YDL160C-A,0.0016917871424177177,5.761152788146738e-05,0.352500847086651,0.0,1.3452374531960713e-06,0.0,0.0,0.0,0.0,0.0,0.0,0.0,0.0,0.0
4932.YMR147W,0.004306367271608736,0.00020106845849701246,0.39650967874025655,0.0,5.4785166337794175e-06,0.0,0.0,0.0,0.0,0.0,0.0,0.0,0.0,0.0
4932.YCL023C,0.0018455859735466013,6.65461385117492e-06,0.3362658153174976,0.0,6.776443191550351e-05,0.0,0.0,0.0,0.0,0.0,0.0,0.0,0.0,0.0
4932.YOR082C,0.00538295908951092,4.473692828131802e-05,0.3623285722758629,0.0,8.169906585172004e-05,0.0,0.0,0.0,0.0,0.0,0.0,0.0,0.0,0.0
4932.YDL041W,0.002768378960319902,3.6595960566960575e-06,0.33607450815595163,0.0,7.815833881164324e-06,0.0,0.0,0.0,0.0,0.0,0.0,0.0,0.0,0.0
4932.YKR023W,0.01076591817902184,0.0015696684289448867,0.43199046770345195,0.0,6.117334909278073e-06,0.0,0.0,0.0,0.0,0.0,0.0,0.0,0.0,0.0
4932.YBR226C,0.0006151953245155337,1.5240730224463212e-07,0.27175779411966566,0.0,9.572728183088297e-07,0.0,0.0,0.0,0.0,0.0,0.0,0.0,0.0,0.0
4932.YMR141C,0.001384189480159951,1.4917403579715072e-06,0.3145208429426585,0.0,1.2267102353218431e-05,0.0,0.0,0.0,0.0,0.0,0.0,0.0,0.0,0.0
4932.YLR236C,0.0006151953245155337,6.362319931639838e-05,0.35290287379543395,0.0,2.041932355066779e-09,0.0,0.0,0.0,0.0,0.0,0.0,0.0,0.0,0.0
4932.YBR277C,0.0019993848046754845,3.3802660616933735e-05,0.34419199190610333,0.0,1.364150822483211e-05,0.0,0.0,0.0,0.0,0.0,0.0,0.0,0.0,0.0
4932.YDR467C,0.00538295908951092,5.187563000222181e-05,0.3512812528487039,0.0,5.0413521965226155e-05,0.0,0.0,0.0,0.0,0.0,0.0,0.0,0.0,0.0
4932.YDR374W-A,0.0036911719470932025,0.00012759297130528994,0.3767612115263712,0.0,5.270127198639905e-06,0.0,0.0,0.0,0.0,0.0,0.0,0.0,0.0,0.0
4932.YNL040W,0.008151338049830821,0.0014200506102598153,0.42271666765517335,0.0,5.637993046099814e-06,0.0,0.0,0.0,0.0,0.0,0.0,0.0,0.0,0.0
4932.YML006C,0.005998154414026454,0.0007230733559191271,0.4266859685596773,0.0,1.5274716474538262e-06,0.0,0.0,0.0,0.0,0.0,0.0,0.0,0.0,0.0
4932.YBR259W,0.0009227929867733006,0.00010962821528074848,0.36994025705638056,0.0,1.8164879203613948e-07,0.0,0.0,0.0,0.0,0.0,0.0,0.0,0.0,0.0
4932.YNR065C,0.00492156259612427,0.0004711869468628383,0.41873956793371087,0.0,3.815604629551281e-06,0.0,0.0,0.0,0.0,0.0,0.0,0.0,0.0,0.0
4932.YPR203W,0.0006151953245155337,5.310784749349296e-05,0.36106021087933127,0.0,1.1678708328048038e-05,0.0,0.0,0.0,0.0,0.0,0.0,0.0,0.0,0.0
4932.YDR275W,0.0035373731159643188,0.00016279374520426738,0.3871544694468139,0.0,6.190299667656884e-06,0.0,0.0,0.0,0.0,0.0,0.0,0.0,0.0,0.0
4932.YLR334C,0.002460781298062135,7.855488356723383e-05,0.37135676164106324,0.0,1.967803873992735e-05,0.0,0.0,0.0,0.0,0.0,0.0,0.0,0.0,0.0
4932.YBR266C,0.0012303906490310674,7.013283798902043e-05,0.3453260676619719,0.0,8.539046428536353e-06,0.0,0.0,0.0,0.0,0.0,0.0,0.0,0.0,0.0
4932.YPL205C,0.0019993848046754845,3.579434360820686e-06,0.3296803965091489,0.0,2.9815484943781524e-05,0.0,0.0,0.0,0.0,0.0,0.0,0.0,0.0,0.0
4932.YER034W,0.00015379883112888343,5.584825967818384e-06,0.31803057043829897,0.0,0.0,0.0,0.0,0.0,0.0,0.0,0.0,0.0,0.0,0.0
4932.YJR011C,0.001384189480159951,0.00010943902437023202,0.36236898367138776,0.0,4.731339941493877e-07,0.0,0.0,0.0,0.0,0.0,0.0,0.0,0.0,0.0
4932.YOR282W,0.001384189480159951,4.448592257660908e-05,0.3531905976299231,0.0,1.42611127365373e-05,0.0,0.0,0.0,0.0,0.0,0.0,0.0,0.0,0.0
4932.YDL034W,0.0023069824669332516,9.59521650510941e-06,0.3371556382086507,0.0,5.1174641459726355e-05,0.0,0.0,0.0,0.0,0.0,0.0,0.0,0.0,0.0
4932.YGL164C,0.0035373731159643188,0.00025096925932889487,0.3879634972353767,0.0,3.675910572487638e-06,0.0,0.0,0.0,0.0,0.0,0.0,0.0,0.0,0.0
4932.YPR099C,0.0015379883112888342,0.00015987358631803415,0.3611404776966223,0.0,8.416805290230555e-08,0.0,0.0,0.0,0.0,0.0,0.0,0.0,0.0,0.0
4932.YGR230W,0.004613964933866503,0.000366764628524071,0.4089107428856161,0.0,6.7327131595712745e-06,0.0,0.0,0.0,0.0,0.0,0.0,0.0,0.0,0.0
4932.YGL007W,0.001076591817902184,3.172037848235313e-05,0.35145224810402537,0.0,2.7226625378835936e-06,0.0,0.0,0.0,0.0,0.0,0.0,0.0,0.0,0.0
4932.YML089C,0.0019993848046754845,7.576437445551225e-05,0.35740611711101283,0.0,4.0643088530616117e-07,0.0,0.0,0.0,0.0,0.0,0.0,0.0,0.0,0.0
4932.YKR075C,0.003998769609350969,0.00023252366782079204,0.37737386696064373,0.0,2.6166704974559637e-06,0.0,0.0,0.0,0.0,0.0,0.0,0.0,0.0,0.0
4932.YBR302C,0.0030759766225776685,7.222392669173107e-05,0.36102009084923187,0.0,5.369904687220098e-06,0.0,0.0,0.0,0.0,0.0,0.0,0.0,0.0,0.0
4932.YER186C,0.002614580129191018,0.0001598833303808184,0.38556937134013675,0.0,5.109998018206473e-06,0.0,0.0,0.0,0.0,0.0,0.0,0.0,0.0,0.0
4932.YGL165C,0.002614580129191018,3.646052020388176e-05,0.35003235375971364,0.0,8.063112324540005e-05,0.0,0.0,0.0,0.0,0.0,0.0,0.0,0.0,0.0
4932.YHR007C-A,0.0009227929867733006,8.947081105657893e-07,0.2957535212414239,0.0,7.58739295986995e-06,0.0,0.0,0.0,0.0,0.0,0.0,0.0,0.0,0.0
4932.YDR112W,0.006613349738541987,1.8630295872683754e-05,0.34643069868290904,0.0,7.2633857732844e-05,0.0,0.0,0.0,0.0,0.0,0.0,0.0,0.0,0.0
4932.YGR293C,0.001076591817902184,3.835165234753318e-06,0.329479799979481,0.0,7.647555986496812e-07,0.0,0.0,0.0,0.0,0.0,0.0,0.0,0.0,0.0
4932.YFL013W-A,0.00030759766225776686,2.634115305015679e-07,0.28003795100824536,0.0,1.0950738749502771e-07,0.0,0.0,0.0,0.0,0.0,0.0,0.0,0.0,0.0
4932.YLR400W,0.003844970778222086,0.0005511284027428723,0.3780105069921655,0.0,8.823955760123846e-05,0.0,0.0,0.0,0.0,0.0,0.0,0.0,0.0,0.0
4932.YER084W,0.00492156259612427,0.00014817031650574266,0.39777183001930244,0.0,7.312170602846211e-05,0.0,0.0,0.0,0.0,0.0,0.0,0.0,0.0,0.0
4932.YHR173C,0.001384189480159951,2.4821414791437155e-05,0.34189206646297615,0.0,3.4969757802368003e-06,0.0,0.0,0.0,0.0,0.0,0.0,0.0,0.0,0.0
4932.YNL260C,0.004460166102737619,0.000505662722527412,0.39564056351652,0.0,6.716385148270818e-07,0.0,0.0,0.0,0.0,0.0,0.0,0.0,0.0,0.0
4932.YCL021W-A,0.00030759766225776686,2.8911696473782846e-05,0.3372606329576646,0.0,3.6853139955853924e-08,0.0,0.0,0.0,0.0,0.0,0.0,0.0,0.0,0.0
4932.YCL022C,0.002614580129191018,1.7658910353676948e-06,0.32307465893677345,0.0,1.2688043833675062e-05,0.0,0.0,0.0,0.0,0.0,0.0,0.0,0.0,0.0
4932.YGL149W,0.0019993848046754845,2.5330749884604143e-06,0.32457545530446175,0.0,2.5768657182017773e-05,0.0,0.0,0.0,0.0,0.0,0.0,0.0,0.0,0.0
4932.YGL109W,0.004460166102737619,9.708698413733928e-06,0.3416763390049072,0.0,4.2011437102157144e-05,0.0,0.0,0.0,0.0,0.0,0.0,0.0,0.0,0.0
4932.YOL046C,0.001076591817902184,1.6820975261348331e-06,0.30966453560785956,0.0,0.00027566828086264934,0.0,0.0,0.0,0.0,0.0,0.0,0.0,0.0,0.0
4932.YML034C-A,0.001384189480159951,2.430927206753152e-05,0.34571188631598876,0.0,2.298144737187131e-05,0.0,0.0,0.0,0.0,0.0,0.0,0.0,0.0,0.0
4932.YCR064C,0.0004613964933866503,8.931958760553282e-08,0.26900151578056486,0.0,3.2969927686837365e-05,0.0,0.0,0.0,0.0,0.0,0.0,0.0,0.0,0.0
4932.YDR048C,0.0006151953245155337,4.9813024162693e-06,0.32712447720475857,0.0,1.6498397307717965e-06,0.0,0.0,0.0,0.0,0.0,0.0,0.0,0.0,0.0
4932.YKL177W,0.005536757920639804,0.00018728559773813436,0.3798445440577146,0.0,2.1685129073674688e-05,0.0,0.0,0.0,0.0,0.0,0.0,0.0,0.0,0.0
4932.YGR045C,0.001384189480159951,9.566127168385536e-05,0.37012990517175465,0.0,1.9758398353752796e-06,0.0,0.0,0.0,0.0,0.0,0.0,0.0,0.0,0.0
4932.YCR024C-B,0.002614580129191018,0.0003712125971699364,0.4038533632812507,0.0,8.210673168022273e-07,0.0,0.0,0.0,0.0,0.0,0.0,0.0,0.0,0.0
4932.YCL046W,0.0007689941556444171,2.527449084801984e-07,0.284202266234925,0.0,7.945278079369947e-07,0.0,0.0,0.0,0.0,0.0,0.0,0.0,0.0,0.0
4932.YOR055W,0.001384189480159951,8.577854345937894e-07,0.31293044137709247,0.0,8.312431024742214e-06,0.0,0.0,0.0,0.0,0.0,0.0,0.0,0.0,0.0
4932.YDR461C-A,0.00015379883112888343,1.1169020993227049e-06,0.2895206119762665,0.0,0.0,0.0,0.0,0.0,0.0,0.0,0.0,0.0,0.0,0.0
4932.YHL042W,0.005690556751768687,0.00021382908413601338,0.39158735779169124,0.0,3.835596230028178e-05,0.0,0.0,0.0,0.0,0.0,0.0,0.0,0.0,0.0
4932.YLR049C,0.002768378960319902,0.00010281538045901516,0.3679085389647449,0.0,4.041702826115795e-06,0.0,0.0,0.0,0.0,0.0,0.0,0.0,0.0,0.0
4932.YOR193W,0.003229775453706552,0.00012698364600354853,0.3750649705740447,0.0,1.8863834233703128e-06,0.0,0.0,0.0,0.0,0.0,0.0,0.0,0.0,0.0
4932.YDR401W,0.002153183635804368,6.3148241965772e-06,0.3332478904146533,0.0,2.4856696454883853e-06,0.0,0.0,0.0,0.0,0.0,0.0,0.0,0.0,0.0
4932.YCL058W-A,0.001384189480159951,6.409830446231703e-05,0.34752383223849204,0.0,1.9309553944984166e-06,0.0,0.0,0.0,0.0,0.0,0.0,0.0,0.0,0.0
4932.YDR433W,0.0019993848046754845,0.0003240314771311217,0.38621103210670576,0.0,5.3334880120304305e-06,0.0,0.0,0.0,0.0,0.0,0.0,0.0,0.0,0.0
4932.YFR035C,0.0007689941556444171,7.463489112403346e-06,0.33164908973589163,0.0,9.105959190775987e-07,0.0,0.0,0.0,0.0,0.0,0.0,0.0,0.0,0.0
4932.YHL026C,0.001384189480159951,0.0001649553378780431,0.37021425565151117,0.0,5.94209417302508e-07,0.0,0.0,0.0,0.0,0.0,0.0,0.0,0.0,0.0
4932.YLR341W,0.0036911719470932025,0.00012928248667874986,0.37515158565875667,0.0,1.6781489849474636e-06,0.0,0.0,0.0,0.0,0.0,0.0,0.0,0.0,0.0
4932.YPL251W,0.0007689941556444171,3.3082968059338575e-05,0.34380955635954097,0.0,2.198509099075347e-06,0.0,0.0,0.0,0.0,0.0,0.0,0.0,0.0,0.0
4932.YGL182C,0.0018455859735466013,2.9223908292981427e-05,0.35133823277617326,0.0,8.758931587170901e-06,0.0,0.0,0.0,0.0,0.0,0.0,0.0,0.0,0.0
4932.YER180C-A,0.0006151953245155337,3.8409779330332226e-05,0.34162244967117,0.0,2.804188037382163e-07,0.0,0.0,0.0,0.0,0.0,0.0,0.0,0.0,0.0
4932.YEL072W,0.006920947400799755,0.00036589822846221304,0.4115263214183233,0.0,2.3088785509977647e-05,0.0,0.0,0.0,0.0,0.0,0.0,0.0,0.0,0.0
4932.YPR014C,0.0007689941556444171,1.1042567020621608e-05,0.3381909344850278,0.0,6.818588903982262e-07,0.0,0.0,0.0,0.0,0.0,0.0,0.0,0.0,0.0
4932.YDR269C,0.001076591817902184,2.396455725645822e-06,0.330166181352336,0.0,2.0879918183173368e-05,0.0,0.0,0.0,0.0,0.0,0.0,0.0,0.0,0.0
4932.YNL146W,0.0012303906490310674,6.976491844024582e-05,0.3556261282396741,0.0,4.561487700677452e-06,0.0,0.0,0.0,0.0,0.0,0.0,0.0,0.0,0.0
4932.YCR022C,0.001076591817902184,1.784353685431743e-05,0.3375058751984275,0.0,2.00579815065874e-06,0.0,0.0,0.0,0.0,0.0,0.0,0.0,0.0,0.0
4932.YEL059W,0.0036911719470932025,0.0001740084152360971,0.3966306912772584,0.0,0.00016264546135860003,0.0,0.0,0.0,0.0,0.0,0.0,0.0,0.0,0.0
4932.YOR192C-C,0.0016917871424177177,8.008313730342719e-06,0.33706819250935394,0.0,6.123061022197219e-06,0.0,0.0,0.0,0.0,0.0,0.0,0.0,0.0,0.0
4932.YDR366C,0.002922177791448785,2.234184017034434e-05,0.3468930501385503,0.0,4.5661319185320544e-05,0.0,0.0,0.0,0.0,0.0,0.0,0.0,0.0,0.0
4932.YPR002C-A,0.0009227929867733006,6.548802424525698e-06,0.3286798490235369,0.0,3.932114363816531e-07,0.0,0.0,0.0,0.0,0.0,0.0,0.0,0.0,0.0
4932.YOL106W,0.0007689941556444171,1.1475423397032828e-05,0.33474142876547114,0.0,1.558359598355271e-06,0.0,0.0,0.0,0.0,0.0,0.0,0.0,0.0,0.0
4932.YMR195W,0.007843740387573055,0.0005061974292544178,0.4226616765445118,0.0,4.2275748955357935e-05,0.0,0.0,0.0,0.0,0.0,0.0,0.0,0.0,0.0
4932.YIR020C,0.0009227929867733006,5.2450473811542106e-05,0.351947170838722,0.0,2.6411087630832766e-06,0.0,0.0,0.0,0.0,0.0,0.0,0.0,0.0,0.0
4932.YOR304C-A,0.0019993848046754845,0.0001644116084199314,0.3740287005810927,0.0,1.3401646736313205e-06,0.0,0.0,0.0,0.0,0.0,0.0,0.0,0.0,0.0
4932.YOL107W,0.0036911719470932025,0.00035376132628924835,0.4048850778986432,0.0,2.9803050886040877e-06,0.0,0.0,0.0,0.0,0.0,0.0,0.0,0.0,0.0
4932.YPR195C,0.002153183635804368,7.438884003742433e-05,0.3606994513014335,0.0,1.5959868879760475e-06,0.0,0.0,0.0,0.0,0.0,0.0,0.0,0.0,0.0
4932.YHR093W,0.001076591817902184,9.26025563495335e-06,0.33205583398208005,0.0,3.292277686122737e-06,0.0,0.0,0.0,0.0,0.0,0.0,0.0,0.0,0.0
4932.YER152W-A,0.00030759766225776686,1.4189254998658548e-06,0.3094138667299331,0.0,0.0,0.0,0.0,0.0,0.0,0.0,0.0,0.0,0.0,0.0
4932.YNL165W,0.0004613964933866503,2.273177469667798e-05,0.31799944284992293,0.0,1.8490090150131337e-08,0.0,0.0,0.0,0.0,0.0,0.0,0.0,0.0,0.0
4932.YDR186C,0.004613964933866503,0.000477567919585884,0.4148101254513454,0.0,2.3518674704963624e-06,0.0,0.0,0.0,0.0,0.0,0.0,0.0,0.0,0.0
4932.YMR306C-A,0.00030759766225776686,2.8249013730190328e-09,0.23772593163076478,0.0,8.007329249996918e-08,0.0,0.0,0.0,0.0,0.0,0.0,0.0,0.0,0.0
4932.YCR075W-A,0.0016917871424177177,0.00012480080696423588,0.3625307194373647,0.0,8.209794432571498e-07,0.0,0.0,0.0,0.0,0.0,0.0,0.0,0.0,0.0
4932.YML101C,0.002614580129191018,0.00027223776871872067,0.39158735779169124,0.0,1.5756778729666912e-06,0.0,0.0,0.0,0.0,0.0,0.0,0.0,0.0,0.0
4932.YNR042W,0.0033835742848354355,1.449761829905697e-05,0.3437368078287836,0.0,5.237966107917989e-06,0.0,0.0,0.0,0.0,0.0,0.0,0.0,0.0,0.0
4932.YHL037C,0.0023069824669332516,1.3067584176031288e-05,0.34302911973791506,0.0,6.619287256240748e-05,0.0,0.0,0.0,0.0,0.0,0.0,0.0,0.0,0.0
4932.YIL152W,0.0016917871424177177,9.073790847196475e-05,0.36732620775552993,0.0,1.8769375039482243e-06,0.0,0.0,0.0,0.0,0.0,0.0,0.0,0.0,0.0
4932.YJL169W,0.0012303906490310674,2.6998620922367008e-05,0.3432103002796876,0.0,2.047853935904192e-06,0.0,0.0,0.0,0.0,0.0,0.0,0.0,0.0,0.0
4932.YIL059C,0.00030759766225776686,4.3651483293485654e-07,0.29034855295778933,0.0,7.904538743555658e-08,0.0,0.0,0.0,0.0,0.0,0.0,0.0,0.0,0.0
4932.YCR100C,0.0023069824669332516,0.00016517229084410162,0.38706222392157047,0.0,4.019597515205235e-06,0.0,0.0,0.0,0.0,0.0,0.0,0.0,0.0,0.0
4932.YIL028W,0.0012303906490310674,5.069101750116118e-05,0.3500889292169239,0.0,1.2919407773674565e-06,0.0,0.0,0.0,0.0,0.0,0.0,0.0,0.0,0.0
4932.YNL018C,0.0030759766225776685,7.576004438202241e-05,0.3678877096300359,0.0,1.2102503348004956e-05,0.0,0.0,0.0,0.0,0.0,0.0,0.0,0.0,0.0
4932.YFL051C,0.0030759766225776685,7.895291147259721e-05,0.36620833043255885,0.0,1.1244568000318327e-05,0.0,0.0,0.0,0.0,0.0,0.0,0.0,0.0,0.0
4932.YLR171W,0.0016917871424177177,2.5556926436911654e-06,0.31679020159883603,0.0,9.095042874532036e-06,0.0,0.0,0.0,0.0,0.0,0.0,0.0,0.0,0.0
4932.YOL035C,0.003844970778222086,3.371535309955798e-05,0.3455096833729635,0.0,3.8659226085769115e-05,0.0,0.0,0.0,0.0,0.0,0.0,0.0,0.0,0.0
4932.YNL266W,0.0009227929867733006,1.3387087614539603e-05,0.33705070881245525,0.0,8.926420437317491e-06,0.0,0.0,0.0,0.0,0.0,0.0,0.0,0.0,0.0
4932.YDL011C,0.0035373731159643188,6.484434974572628e-06,0.3367363121311771,0.0,3.162723529789372e-05,0.0,0.0,0.0,0.0,0.0,0.0,0.0,0.0,0.0
4932.YDR209C,0.0016917871424177177,1.1791970603571857e-05,0.3264834756165063,0.0,1.2687439216977369e-05,0.0,0.0,0.0,0.0,0.0,0.0,0.0,0.0,0.0
4932.YPR050C,0.001384189480159951,4.190567604737751e-06,0.33023329853104255,0.0,7.177429754964833e-05,0.0,0.0,0.0,0.0,0.0,0.0,0.0,0.0,0.0
4932.YPR170C,0.001076591817902184,4.530432854130048e-06,0.3316660175171154,0.0,8.963181134965891e-07,0.0,0.0,0.0,0.0,0.0,0.0,0.0,0.0,0.0
4932.YPR016W-A,0.0007689941556444171,3.8969791900960247e-07,0.29372149415519255,0.0,0.0,0.0,0.0,0.0,0.0,0.0,0.0,0.0,0.0,0.0
4932.YNL171C,0.002460781298062135,1.5824346334204116e-05,0.34099499450017445,0.0,3.2873253081664636e-05,0.0,0.0,0.0,0.0,0.0,0.0,0.0,0.0,0.0
4932.YGL146C,0.001076591817902184,7.046455089582648e-05,0.35634771676420757,0.0,1.4346150258862904e-07,0.0,0.0,0.0,0.0,0.0,0.0,0.0,0.0,0.0
4932.YER038W-A,0.0012303906490310674,5.799558813945436e-06,0.3293962901199029,0.0,3.6586482186688474e-07,0.0,0.0,0.0,0.0,0.0,0.0,0.0,0.0,0.0
4932.YDR053W,0.0036911719470932025,0.0001838656933516538,0.38669368098044066,0.0,0.0001358595978335922,0.0,0.0,0.0,0.0,0.0,0.0,0.0,0.0,0.0
4932.YLR132C,0.004152568440479853,0.0003373543606176896,0.40932287339813067,0.0,2.6621569979013158e-06,0.0,0.0,0.0,0.0,0.0,0.0,0.0,0.0,0.0
4932.YIL029C,0.0015379883112888342,7.922515514125754e-05,0.3560353194452537,0.0,1.2841419309377277e-06,0.0,0.0,0.0,0.0,0.0,0.0,0.0,0.0,0.0
4932.YGL042C,0.001076591817902184,7.025287428807524e-07,0.2915470484204651,0.0,3.8941170213817e-06,0.0,0.0,0.0,0.0,0.0,0.0,0.0,0.0,0.0
4932.YOL079W,0.0030759766225776685,8.511730148517238e-05,0.35390232640898234,0.0,1.4497489697650293e-05,0.0,0.0,0.0,0.0,0.0,0.0,0.0,0.0,0.0
4932.YDR230W,0.0006151953245155337,2.0563127550648652e-07,0.2652461676543116,0.0,3.237464244558787e-06,0.0,0.0,0.0,0.0,0.0,0.0,0.0,0.0,0.0
4932.YDL118W,0.00015379883112888343,1.4789058817784988e-10,0.21242932476365115,0.0,0.0,0.0,0.0,0.0,0.0,0.0,0.0,0.0,0.0,0.0
4932.YJL023C,0.0030759766225776685,0.00020294368136951552,0.39381821910274695,0.0,5.884878157172191e-06,0.0,0.0,0.0,0.0,0.0,0.0,0.0,0.0,0.0
4932.YKR004C,0.0030759766225776685,0.00012088140491690416,0.38243779737480577,0.0,5.735262378322463e-06,0.0,0.0,0.0,0.0,0.0,0.0,0.0,0.0,0.0
4932.YOR186W,0.0015379883112888342,6.005397202277303e-05,0.3530946375697074,0.0,5.131609718097256e-07,0.0,0.0,0.0,0.0,0.0,0.0,0.0,0.0,0.0
4932.YMR052W,0.004306367271608736,0.00019722110778059272,0.40235297926906033,0.0,6.1020302433158305e-05,0.0,0.0,0.0,0.0,0.0,0.0,0.0,0.0,0.0
4932.YGL108C,0.0006151953245155337,4.050015236881934e-05,0.34088766211285937,0.0,1.2825469845299104e-08,0.0,0.0,0.0,0.0,0.0,0.0,0.0,0.0,0.0
4932.YDR065W,0.011842509996924024,0.0014651214688888746,0.4326808240241926,0.0,3.6658217297003864e-05,0.0,0.0,0.0,0.0,0.0,0.0,0.0,0.0,0.0
4932.YOR392W,0.002768378960319902,0.00027096499622669326,0.3787155038579861,0.0,1.128155986740319e-05,0.0,0.0,0.0,0.0,0.0,0.0,0.0,0.0,0.0
4932.YGR151C,0.0007689941556444171,0.0001443213432194153,0.3551208118480339,0.0,7.6353220660926e-07,0.0,0.0,0.0,0.0,0.0,0.0,0.0,0.0,0.0
4932.YKL061W,0.0036911719470932025,0.00026433817340668845,0.3965580748929162,0.0,8.322890451921927e-06,0.0,0.0,0.0,0.0,0.0,0.0,0.0,0.0,0.0
4932.YLR331C,0.002460781298062135,0.00014390819095078607,0.3754333611737535,0.0,5.5937174890488135e-05,0.0,0.0,0.0,0.0,0.0,0.0,0.0,0.0,0.0
4932.YNL034W,0.0018455859735466013,7.68512139463069e-05,0.36342285319884365,0.0,5.83913649116508e-06,0.0,0.0,0.0,0.0,0.0,0.0,0.0,0.0,0.0
4932.YLL049W,0.006767148569670871,0.00044411766716468006,0.42058256409031225,0.0,1.7188482906403063e-05,0.0,0.0,0.0,0.0,0.0,0.0,0.0,0.0,0.0
4932.YMR025W,0.0019993848046754845,0.00023897400326012175,0.38607335364478196,0.0,1.0299149622077227e-06,0.0,0.0,0.0,0.0,0.0,0.0,0.0,0.0,0.0
4932.YIL161W,0.0015379883112888342,0.00017799824196847267,0.3829561890143402,0.0,5.906000325500177e-07,0.0,0.0,0.0,0.0,0.0,0.0,0.0,0.0,0.0
4932.YDL151C,0.001384189480159951,5.568997719453461e-05,0.3440462018952361,0.0,0.00030983323814357926,0.0,0.0,0.0,0.0,0.0,0.0,0.0,0.0,0.0
4932.YOR199W,0.00015379883112888343,8.879273586940777e-08,0.25596788053239283,0.0,0.0,0.0,0.0,0.0,0.0,0.0,0.0,0.0,0.0,0.0
4932.YDL152W,0.0018455859735466013,9.040032261301017e-05,0.34770979319324297,0.0,7.061126146861542e-06,0.0,0.0,0.0,0.0,0.0,0.0,0.0,0.0,0.0
4932.YOR225W,0.0012303906490310674,1.568380393660259e-05,0.337418247751341,0.0,7.089910122208666e-06,0.0,0.0,0.0,0.0,0.0,0.0,0.0,0.0,0.0
4932.YIL020C-A,0.0012303906490310674,3.0995909915102606e-05,0.3314629981225936,0.0,2.0259463567418937e-06,0.0,0.0,0.0,0.0,0.0,0.0,0.0,0.0,0.0
4932.YLR111W,0.0006151953245155337,8.200733112141877e-05,0.3555677491214952,0.0,2.617038596067887e-07,0.0,0.0,0.0,0.0,0.0,0.0,0.0,0.0,0.0
4932.YER188W,0.0019993848046754845,0.00011647322889764583,0.37478374756000254,0.0,0.00014479347643630035,0.0,0.0,0.0,0.0,0.0,0.0,0.0,0.0,0.0
4932.YDL163W,0.001384189480159951,5.701970917163512e-05,0.35525671724866464,0.0,0.00033508832560060793,0.0,0.0,0.0,0.0,0.0,0.0,0.0,0.0,0.0
4932.YDL221W,0.00015379883112888343,9.092783755269249e-08,0.2621218481321228,0.0,0.0,0.0,0.0,0.0,0.0,0.0,0.0,0.0,0.0,0.0
4932.YNL089C,0.0015379883112888342,3.919664629424103e-05,0.3505232827271186,0.0,9.723217943729917e-06,0.0,0.0,0.0,0.0,0.0,0.0,0.0,0.0,0.0
4932.YMR007W,0.0012303906490310674,1.2564921792640643e-05,0.34029853968029977,0.0,3.6885566947573554e-06,0.0,0.0,0.0,0.0,0.0,0.0,0.0,0.0,0.0
4932.YDL180W,0.001076591817902184,3.6554753347255545e-05,0.3493548717846949,0.0,1.168214055626938e-06,0.0,0.0,0.0,0.0,0.0,0.0,0.0,0.0,0.0
4932.YPL168W,0.0009227929867733006,5.0640124494825096e-05,0.3515853595495793,0.0,2.959244336607111e-07,0.0,0.0,0.0,0.0,0.0,0.0,0.0,0.0,0.0
4932.YPL096C-A,0.003998769609350969,0.00024803021631585433,0.39090420593125935,0.0,3.6883946662948073e-06,0.0,0.0,0.0,0.0,0.0,0.0,0.0,0.0,0.0
4932.YDL185C-A,0.0006151953245155337,1.1616363667835044e-07,0.2719625252247656,0.0,7.111095002117784e-07,0.0,0.0,0.0,0.0,0.0,0.0,0.0,0.0,0.0
4932.YDR340W,0.0007689941556444171,4.411444460964408e-06,0.32994823881361457,0.0,2.5576970638911776e-05,0.0,0.0,0.0,0.0,0.0,0.0,0.0,0.0,0.0
4932.YEL045C,0.0006151953245155337,7.222535160502844e-05,0.3497497505352992,0.0,1.0008453032712296e-08,0.0,0.0,0.0,0.0,0.0,0.0,0.0,0.0,0.0
4932.YDR521W,0.0009227929867733006,4.75737050436089e-06,0.3298812374451886,0.0,3.4794454134983476e-06,0.0,0.0,0.0,0.0,0.0,0.0,0.0,0.0,0.0
4932.YLR326W,0.0015379883112888342,0.00015574316209184588,0.37823053639088033,0.0,1.8824285819227313e-07,0.0,0.0,0.0,0.0,0.0,0.0,0.0,0.0,0.0
4932.YJR018W,0.002614580129191018,7.957333990335502e-05,0.3596612949131192,0.0,4.146408602114432e-05,0.0,0.0,0.0,0.0,0.0,0.0,0.0,0.0,0.0
4932.YJL147C,0.0019993848046754845,0.0001242083337960011,0.3647693171211028,0.0,9.127143591788928e-07,0.0,0.0,0.0,0.0,0.0,0.0,0.0,0.0,0.0
4932.YEL073C,0.002768378960319902,0.00012763048331600063,0.36332125329579673,0.0,2.069656491517407e-06,0.0,0.0,0.0,0.0,0.0,0.0,0.0,0.0,0.0
4932.YLR159W,0.002768378960319902,7.468021843559203e-05,0.35523729582305513,0.0,2.7569231222423315e-06,0.0,0.0,0.0,0.0,0.0,0.0,0.0,0.0,0.0
4932.YNL033W,0.003229775453706552,8.362836286209219e-05,0.35305626814427193,0.0,7.202839451281948e-06,0.0,0.0,0.0,0.0,0.0,0.0,0.0,0.0,0.0
4932.YOR396W,0.0023069824669332516,8.20112414771473e-05,0.3566410875518839,0.0,1.4525859893002162e-06,0.0,0.0,0.0,0.0,0.0,0.0,0.0,0.0,0.0
4932.YDR008C,0.0006151953245155337,1.4349789233045717e-05,0.3333504650487521,0.0,2.9023042137200145e-06,0.0,0.0,0.0,0.0,0.0,0.0,0.0,0.0,0.0
4932.YDR014W-A,0.0030759766225776685,0.00015123891448537492,0.3732766897515697,0.0,9.056012872510962e-06,0.0,0.0,0.0,0.0,0.0,0.0,0.0,0.0,0.0
4932.YNL120C,0.0006151953245155337,6.570153893573962e-06,0.3326848563995149,0.0,2.8013408590729384e-07,0.0,0.0,0.0,0.0,0.0,0.0,0.0,0.0,0.0
4932.YOL085W-A,0.001076591817902184,8.637546689763168e-06,0.3318692857607418,0.0,3.038164744102453e-07,0.0,0.0,0.0,0.0,0.0,0.0,0.0,0.0,0.0
4932.YHR069C-A,0.0012303906490310674,5.910182088442378e-05,0.35805601802927733,0.0,4.139087471052884e-06,0.0,0.0,0.0,0.0,0.0,0.0,0.0,0.0,0.0
4932.YDR094W,0.0015379883112888342,0.0001120700169812501,0.3675339714476994,0.0,2.5194864756258225e-05,0.0,0.0,0.0,0.0,0.0,0.0,0.0,0.0,0.0
4932.YHR054C,0.0015379883112888342,9.733906498616213e-05,0.35936293635633915,0.0,5.98131388374975e-07,0.0,0.0,0.0,0.0,0.0,0.0,0.0,0.0,0.0
4932.YER190W,0.0019993848046754845,2.9865134100772722e-05,0.34584068418730773,0.0,0.00012128030842050388,0.0,0.0,0.0,0.0,0.0,0.0,0.0,0.0,0.0
4932.YGR115C,0.002614580129191018,2.1200610017027978e-06,0.32357337990216734,0.0,2.4172263315941186e-05,0.0,0.0,0.0,0.0,0.0,0.0,0.0,0.0,0.0
4932.YOL025W,0.002922177791448785,0.00024013638009001345,0.38288849302900974,0.0,1.3983467408473385e-06,0.0,0.0,0.0,0.0,0.0,0.0,0.0,0.0,0.0
4932.YJR098C,0.002768378960319902,0.00019431615866441945,0.3871083411888076,0.0,4.6212906341067854e-07,0.0,0.0,0.0,0.0,0.0,0.0,0.0,0.0,0.0
4932.YOR072W,0.00030759766225776686,2.8093246303641094e-05,0.3388611084269568,0.0,1.6754507494884211e-09,0.0,0.0,0.0,0.0,0.0,0.0,0.0,0.0,0.0
4932.YPR116W,0.002153183635804368,0.00014177201793434406,0.36313851655277324,0.0,7.952561627750297e-07,0.0,0.0,0.0,0.0,0.0,0.0,0.0,0.0,0.0
4932.YPL052W,0.0012303906490310674,7.004442021522596e-05,0.35817443585025494,0.0,8.764419917351698e-07,0.0,0.0,0.0,0.0,0.0,0.0,0.0,0.0,0.0
4932.YDR445C,0.0018455859735466013,2.4553046287944537e-06,0.3248350637470168,0.0,2.4069256040588185e-05,0.0,0.0,0.0,0.0,0.0,0.0,0.0,0.0,0.0
4932.YEL034C-A,0.00030759766225776686,7.904341813485132e-05,0.3564454533842745,0.0,3.8389811661895843e-10,0.0,0.0,0.0,0.0,0.0,0.0,0.0,0.0,0.0
4932.YLR254C,0.004460166102737619,0.00025183535194303093,0.4018801790584034,0.0,9.515372002116634e-06,0.0,0.0,0.0,0.0,0.0,0.0,0.0,0.0,0.0
4932.YLR322W,0.001076591817902184,6.856173519842956e-05,0.3529987296390333,0.0,3.029611969294386e-07,0.0,0.0,0.0,0.0,0.0,0.0,0.0,0.0,0.0
4932.YLR261C,0.0035373731159643188,0.00015822898811502514,0.3783406471729447,0.0,2.2855655056857146e-06,0.0,0.0,0.0,0.0,0.0,0.0,0.0,0.0,0.0
4932.YGL024W,0.0019993848046754845,9.203908870764528e-05,0.3673885121951334,0.0,8.40398310553836e-06,0.0,0.0,0.0,0.0,0.0,0.0,0.0,0.0,0.0
4932.YIL089W,0.0012303906490310674,1.9020250943340615e-05,0.3353806769133071,0.0,5.770145386960079e-07,0.0,0.0,0.0,0.0,0.0,0.0,0.0,0.0,0.0
4932.YDR154C,0.001076591817902184,0.00011588114984910002,0.35970111348991557,0.0,4.952761553630287e-07,0.0,0.0,0.0,0.0,0.0,0.0,0.0,0.0,0.0
4932.YOR203W,0.0006151953245155337,6.078239806155203e-05,0.345969578063855,0.0,7.48233561625072e-06,0.0,0.0,0.0,0.0,0.0,0.0,0.0,0.0,0.0
4932.YOR139C,0.00015379883112888343,7.722248284075584e-08,0.2637389648183832,0.0,0.0,0.0,0.0,0.0,0.0,0.0,0.0,0.0,0.0,0.0
4932.YER067C-A,0.003844970778222086,0.0003099334361316074,0.3798223413137319,0.0,5.631570542428321e-07,0.0,0.0,0.0,0.0,0.0,0.0,0.0,0.0,0.0
4932.YDR183C-A,0.00030759766225776686,3.800150509140103e-09,0.24440518355569732,0.0,0.0,0.0,0.0,0.0,0.0,0.0,0.0,0.0,0.0,0.0
4932.YML057C-A,0.0012303906490310674,5.6809921272612645e-05,0.3563672598001165,0.0,4.3026925166637505e-05,0.0,0.0,0.0,0.0,0.0,0.0,0.0,0.0,0.0
4932.YGR137W,0.001076591817902184,0.00010671702060589091,0.3581349545411885,0.0,4.0949241485411076e-08,0.0,0.0,0.0,0.0,0.0,0.0,0.0,0.0,0.0
4932.YIL058W,0.0009227929867733006,9.441471922917154e-07,0.30727765712372085,0.0,8.757135580548516e-07,0.0,0.0,0.0,0.0,0.0,0.0,0.0,0.0,0.0
4932.YOL029C,0.0007689941556444171,4.913653433337775e-05,0.3471710538652201,0.0,1.8307881046026772e-07,0.0,0.0,0.0,0.0,0.0,0.0,0.0,0.0,0.0
4932.YGR018C,0.0015379883112888342,1.0011779502785022e-05,0.31332275496385187,0.0,3.880386790305839e-05,0.0,0.0,0.0,0.0,0.0,0.0,0.0,0.0,0.0
4932.YDR271C,0.0004613964933866503,6.842524968365007e-06,0.32702569779543655,0.0,2.1428955743409537e-06,0.0,0.0,0.0,0.0,0.0,0.0,0.0,0.0,0.0
4932.YDR509W,0.0015379883112888342,0.00017963837263490625,0.36786688265372086,0.0,1.5707898627776013e-05,0.0,0.0,0.0,0.0,0.0,0.0,0.0,0.0,0.0
4932.YDR278C,0.0004613964933866503,1.6785747923407715e-06,0.3155901221561595,0.0,0.0,0.0,0.0,0.0,0.0,0.0,0.0,0.0,0.0,0.0
4932.YNL042W-B,0.001076591817902184,3.0069645903005085e-06,0.32889611860076556,0.0,1.3057018268557032e-05,0.0,0.0,0.0,0.0,0.0,0.0,0.0,0.0,0.0
4932.YGR114C,0.0007689941556444171,2.1309268271387193e-07,0.2721789652004408,0.0,9.570589840514003e-07,0.0,0.0,0.0,0.0,0.0,0.0,0.0,0.0,0.0
4932.YGR073C,0.0004613964933866503,2.5043449169336715e-05,0.33023329853104255,0.0,5.078524621781415e-07,0.0,0.0,0.0,0.0,0.0,0.0,0.0,0.0,0.0
4932.YOL150C,0.0004613964933866503,3.600959829431327e-05,0.3415865328915168,0.0,2.01121131967236e-06,0.0,0.0,0.0,0.0,0.0,0.0,0.0,0.0,0.0
4932.YOL050C,0.0016917871424177177,8.57077328654145e-06,0.3203984327792182,0.0,0.0003094622491534721,0.0,0.0,0.0,0.0,0.0,0.0,0.0,0.0,0.0
4932.YDR540C,0.0009227929867733006,7.116199923274693e-05,0.3536711813637035,0.0,1.2574211114492146e-07,0.0,0.0,0.0,0.0,0.0,0.0,0.0,0.0,0.0
4932.YKL017C,0.0036911719470932025,0.00028944859026885656,0.3958816019980093,0.0,2.4724396007294126e-06,0.0,0.0,0.0,0.0,0.0,0.0,0.0,0.0,0.0
4932.YJR056C,0.001076591817902184,0.00017179667080280942,0.36421728687827615,0.0,5.3926221439856874e-08,0.0,0.0,0.0,0.0,0.0,0.0,0.0,0.0,0.0
4932.YPL257W,0.001384189480159951,5.779592855456887e-05,0.35515963135085943,0.0,7.39518611060369e-07,0.0,0.0,0.0,0.0,0.0,0.0,0.0,0.0,0.0
4932.YJR083C,0.001384189480159951,6.240507258144514e-05,0.3503909741275451,0.0,5.372233149255422e-07,0.0,0.0,0.0,0.0,0.0,0.0,0.0,0.0,0.0
4932.YGL069C,0.0006151953245155337,1.022215654906289e-06,0.2938144608064444,0.0,1.5801689968909225e-06,0.0,0.0,0.0,0.0,0.0,0.0,0.0,0.0,0.0
4932.YOR034C-A,0.0012303906490310674,8.043355927544864e-06,0.33137848004463893,0.0,1.9934046879491296e-05,0.0,0.0,0.0,0.0,0.0,0.0,0.0,0.0,0.0
4932.YHR028W-A,0.00030759766225776686,1.604058961188337e-07,0.27480337542059224,0.0,0.0,0.0,0.0,0.0,0.0,0.0,0.0,0.0,0.0,0.0
4932.YDR426C,0.00015379883112888343,1.366433801365064e-08,0.24264378697518016,0.0,0.0,0.0,0.0,0.0,0.0,0.0,0.0,0.0,0.0,0.0
4932.YIL163C,0.0007689941556444171,2.5939007324114934e-05,0.3368235856933094,0.0,1.6646647962103264e-07,0.0,0.0,0.0,0.0,0.0,0.0,0.0,0.0,0.0
4932.YML090W,0.0006151953245155337,3.1695889171930374e-05,0.34243257879402006,0.0,5.964087133715216e-07,0.0,0.0,0.0,0.0,0.0,0.0,0.0,0.0,0.0
4932.YLL020C,0.0012303906490310674,4.601123716587393e-05,0.34444742195575534,0.0,5.111474829678089e-07,0.0,0.0,0.0,0.0,0.0,0.0,0.0,0.0,0.0
4932.YJL077C,0.001076591817902184,1.4291275885559207e-05,0.33412179222518124,0.0,1.4301968469053365e-05,0.0,0.0,0.0,0.0,0.0,0.0,0.0,0.0,0.0
4932.YGR240C-A,0.0006151953245155337,2.5754886300448963e-06,0.3081665851842609,0.0,1.4002423719001924e-07,0.0,0.0,0.0,0.0,0.0,0.0,0.0,0.0,0.0
4932.YJL199C,0.0018455859735466013,0.00014887030880403194,0.38644071455220486,0.0,9.652111914575562e-06,0.0,0.0,0.0,0.0,0.0,0.0,0.0,0.0,0.0
4932.YKL053W,0.0016917871424177177,4.5565624778140554e-05,0.35334424226184474,0.0,2.7220703210049145e-05,0.0,0.0,0.0,0.0,0.0,0.0,0.0,0.0,0.0
4932.YEL008W,0.0016917871424177177,9.657867091490311e-05,0.37059430906782964,0.0,6.333137533014005e-06,0.0,0.0,0.0,0.0,0.0,0.0,0.0,0.0,0.0
4932.YPR012W,0.00015379883112888343,1.5479492697557994e-07,0.2727616427484081,0.0,0.0,0.0,0.0,0.0,0.0,0.0,0.0,0.0,0.0,0.0
4932.YFR020W,0.0012303906490310674,3.821731841185182e-05,0.348306207932854,0.0,2.8942755979165145e-06,0.0,0.0,0.0,0.0,0.0,0.0,0.0,0.0,0.0
4932.YNL179C,0.0009227929867733006,5.390300505794619e-05,0.3547137188271917,0.0,6.723473694289942e-06,0.0,0.0,0.0,0.0,0.0,0.0,0.0,0.0,0.0
4932.YEL035C,0.0007689941556444171,0.00012793113592469936,0.3678460580353991,0.0,5.952865734324929e-09,0.0,0.0,0.0,0.0,0.0,0.0,0.0,0.0,0.0
4932.YLL059C,0.0009227929867733006,6.705427516777448e-05,0.34752383223849204,0.0,6.785813431198456e-07,0.0,0.0,0.0,0.0,0.0,0.0,0.0,0.0,0.0
4932.YGL177W,0.0006151953245155337,2.849249950609034e-05,0.3420900560776691,0.0,3.6399953408598023e-07,0.0,0.0,0.0,0.0,0.0,0.0,0.0,0.0,0.0
4932.YEL067C,0.00030759766225776686,1.7345919958381676e-06,0.30398580722283514,0.0,0.0,0.0,0.0,0.0,0.0,0.0,0.0,0.0,0.0,0.0
4932.YKL068W-A,0.003229775453706552,0.00018359341629099236,0.38602748263502196,0.0,7.96032999014468e-06,0.0,0.0,0.0,0.0,0.0,0.0,0.0,0.0,0.0
4932.YER104W,0.0018455859735466013,0.00012738454183686067,0.3685972326958605,0.0,3.0858509677771604e-07,0.0,0.0,0.0,0.0,0.0,0.0,0.0,0.0,0.0
4932.YMR057C,0.0007689941556444171,2.299217622830855e-06,0.32768535628821605,0.0,0.0,0.0,0.0,0.0,0.0,0.0,0.0,0.0,0.0,0.0
4932.YKL031W,0.0007689941556444171,2.299217622830855e-06,0.32768535628821605,0.0,0.0,0.0,0.0,0.0,0.0,0.0,0.0,0.0,0.0,0.0
4932.YPL185W,0.0019993848046754845,8.294570418176453e-05,0.34991925768418547,0.0,1.6764163050536145e-07,0.0,0.0,0.0,0.0,0.0,0.0,0.0,0.0,0.0
4932.YER068C-A,0.0006151953245155337,3.0734408781518856e-05,0.34218012718248153,0.0,2.1959542863178138e-06,0.0,0.0,0.0,0.0,0.0,0.0,0.0,0.0,0.0
4932.YER076C,0.0004613964933866503,3.578318745867419e-05,0.3431559260242567,0.0,2.2708408464405545e-08,0.0,0.0,0.0,0.0,0.0,0.0,0.0,0.0,0.0
4932.YER088C-A,0.00015379883112888343,7.5313433858726205e-06,0.3164662063602652,0.0,0.0,0.0,0.0,0.0,0.0,0.0,0.0,0.0,0.0,0.0
4932.YGR190C,0.001076591817902184,9.089118020920052e-05,0.35484931275640696,0.0,8.91392517081631e-08,0.0,0.0,0.0,0.0,0.0,0.0,0.0,0.0,0.0
4932.YGR259C,0.001384189480159951,3.0825142585122614e-05,0.34481298037650965,0.0,7.53519059839313e-06,0.0,0.0,0.0,0.0,0.0,0.0,0.0,0.0,0.0
4932.YGL072C,0.0007689941556444171,7.971170329930961e-05,0.3573471521774816,0.0,1.008479442049691e-06,0.0,0.0,0.0,0.0,0.0,0.0,0.0,0.0,0.0
4932.YER190C-A,0.001076591817902184,2.2091819636195392e-07,0.2748847504207168,0.0,1.6600381990143644e-06,0.0,0.0,0.0,0.0,0.0,0.0,0.0,0.0,0.0
4932.YNL339W-A,0.001076591817902184,3.673475116641677e-07,0.27587673495777043,0.0,1.267377530938072e-06,0.0,0.0,0.0,0.0,0.0,0.0,0.0,0.0,0.0
4932.YGR296C-A,0.0007689941556444171,1.1167021298788393e-07,0.2643720499286108,0.0,8.740739174621891e-08,0.0,0.0,0.0,0.0,0.0,0.0,0.0,0.0,0.0
4932.YML133W-A,0.0009227929867733006,9.877718611779592e-06,0.33277004225919626,0.0,7.95403198846175e-05,0.0,0.0,0.0,0.0,0.0,0.0,0.0,0.0,0.0
4932.YOR105W,0.001076591817902184,0.00010046598867634196,0.35888659091987873,0.0,1.3404838745678017e-08,0.0,0.0,0.0,0.0,0.0,0.0,0.0,0.0,0.0
4932.YKL219W,0.0033835742848354355,0.0001369639846349974,0.3837477479002731,0.0,1.1060000345106103e-05,0.0,0.0,0.0,0.0,0.0,0.0,0.0,0.0,0.0
4932.YLR415C,0.0004613964933866503,3.238799468796509e-05,0.33590078134894413,0.0,1.0561927362993568e-06,0.0,0.0,0.0,0.0,0.0,0.0,0.0,0.0,0.0
4932.YPL071C,0.0004613964933866503,1.1096633283631268e-05,0.32607389678820375,0.0,2.797247720024035e-08,0.0,0.0,0.0,0.0,0.0,0.0,0.0,0.0,0.0
4932.YFR032C-B,0.00015379883112888343,7.206061066868104e-07,0.28770037258458003,0.0,0.0,0.0,0.0,0.0,0.0,0.0,0.0,0.0,0.0,0.0
4932.YOR238W,0.001384189480159951,6.730758403768739e-05,0.34543621366197036,0.0,1.270628319084172e-06,0.0,0.0,0.0,0.0,0.0,0.0,0.0,0.0,0.0
4932.YHR021W-A,0.0006151953245155337,3.192687571971512e-05,0.3428300419539583,0.0,2.7211496095315338e-08,0.0,0.0,0.0,0.0,0.0,0.0,0.0,0.0,0.0
4932.YKR047W,0.0018455859735466013,3.6959044293686655e-05,0.3323785480918325,0.0,0.00031577079991650445,0.0,0.0,0.0,0.0,0.0,0.0,0.0,0.0,0.0
4932.YJR087W,0.0007689941556444171,2.6391286091587847e-05,0.3348276712111776,0.0,0.00031256272046085797,0.0,0.0,0.0,0.0,0.0,0.0,0.0,0.0,0.0
4932.YOR345C,0.0007689941556444171,1.0865584952419888e-06,0.3202720989302245,0.0,4.441276344758588e-07,0.0,0.0,0.0,0.0,0.0,0.0,0.0,0.0,0.0
4932.YJL220W,0.0012303906490310674,5.3169438170124996e-06,0.3343796951163137,0.0,0.0003084840815733242,0.0,0.0,0.0,0.0,0.0,0.0,0.0,0.0,0.0
4932.YIL102C,0.00015379883112888343,2.1832014461098173e-07,0.2831866388562418,0.0,0.0,0.0,0.0,0.0,0.0,0.0,0.0,0.0,0.0,0.0
4932.YGR016W,0.00030759766225776686,5.230389412490563e-06,0.3202878852127033,0.0,6.769181272710859e-09,0.0,0.0,0.0,0.0,0.0,0.0,0.0,0.0,0.0
4932.YNL285W,0.0004613964933866503,4.223701435997044e-07,0.2868367888759303,0.0,0.0,0.0,0.0,0.0,0.0,0.0,0.0,0.0,0.0,0.0
4932.YLR279W,0.001076591817902184,2.1781041844229308e-05,0.3347069442255756,0.0,0.00031126646676111927,0.0,0.0,0.0,0.0,0.0,0.0,0.0,0.0,0.0
4932.YKL169C,0.00015379883112888343,1.888305478841037e-07,0.26182611875233,0.0,0.0,0.0,0.0,0.0,0.0,0.0,0.0,0.0,0.0,0.0
4932.YPR134W,0.001384189480159951,5.97173456814713e-05,0.355703996890482,0.0,6.643841662100887e-07,0.0,0.0,0.0,0.0,0.0,0.0,0.0,0.0,0.0
4932.YHL046W-A,0.0016917871424177177,2.760487059579806e-05,0.3465045920756852,0.0,1.1055857960179202e-06,0.0,0.0,0.0,0.0,0.0,0.0,0.0,0.0,0.0
4932.YIL102C-A,0.0006151953245155337,1.3605127998927036e-05,0.33090597419133905,0.0,3.4288516137328365e-07,0.0,0.0,0.0,0.0,0.0,0.0,0.0,0.0,0.0
4932.YOR073W-A,0.001076591817902184,1.2005424801196175e-05,0.3402450840504411,0.0,1.9224334567530617e-06,0.0,0.0,0.0,0.0,0.0,0.0,0.0,0.0,0.0
4932.YPL261C,0.0007689941556444171,6.366140572794951e-06,0.3355018904995521,0.0,5.548135785388568e-06,0.0,0.0,0.0,0.0,0.0,0.0,0.0,0.0,0.0
4932.YOL159C-A,0.0006151953245155337,4.117829072444235e-06,0.33212372170689114,0.0,1.345928600295242e-06,0.0,0.0,0.0,0.0,0.0,0.0,0.0,0.0,0.0
4932.YPL025C,0.00015379883112888343,4.6523934585530456e-08,0.2592149599168392,0.0,0.0,0.0,0.0,0.0,0.0,0.0,0.0,0.0,0.0,0.0
4932.YIL024C,0.00030759766225776686,4.482674655704333e-06,0.3181707200311083,0.0,6.015048646445202e-08,0.0,0.0,0.0,0.0,0.0,0.0,0.0,0.0,0.0
4932.YHR180W,0.0004613964933866503,8.542151865075276e-06,0.32506256204078665,0.0,3.8165172110669295e-08,0.0,0.0,0.0,0.0,0.0,0.0,0.0,0.0,0.0
4932.YJR157W,0.00030759766225776686,7.733021448545509e-07,0.2995298522723022,0.0,7.183775742748686e-08,0.0,0.0,0.0,0.0,0.0,0.0,0.0,0.0,0.0
4932.YNR062C,0.0012303906490310674,5.1630966549456234e-05,0.3521760671614181,0.0,6.260964246270797e-07,0.0,0.0,0.0,0.0,0.0,0.0,0.0,0.0,0.0
4932.YLR361C-A,0.0004613964933866503,8.375778398931995e-06,0.31740917424752463,0.0,9.494294579809313e-08,0.0,0.0,0.0,0.0,0.0,0.0,0.0,0.0,0.0
4932.YIL071W-A,0.00015379883112888343,4.208463669277706e-08,0.25082994731704333,0.0,0.0,0.0,0.0,0.0,0.0,0.0,0.0,0.0,0.0,0.0
4932.YIL086C,0.00015379883112888343,9.259281207923349e-07,0.3034038667971856,0.0,0.0,0.0,0.0,0.0,0.0,0.0,0.0,0.0,0.0,0.0
4932.YIL171W-A,0.00015379883112888343,8.483477442084892e-09,0.2505784596327057,0.0,0.0,0.0,0.0,0.0,0.0,0.0,0.0,0.0,0.0,0.0
4932.YIL177W-A,0.00015379883112888343,6.731543755631768e-35,0.00015379883112888343,0.0,0.0,0.0,0.0,0.0,0.0,0.0,0.0,0.0,0.0,0.0
4932.YJL225W-A,0.00015379883112888343,6.731543755631768e-35,0.00015379883112888343,0.0,0.0,0.0,0.0,0.0,0.0,0.0,0.0,0.0,0.0,0.0
4932.YPR087W,0.001384189480159951,1.212040928606485e-05,0.31628136360162207,0.0,3.821395474604745e-06,0.0,0.0,0.0,0.0,0.0,0.0,0.0,0.0,0.0
4932.YLR255C,0.0004613964933866503,5.167766313516391e-07,0.29851160488769407,0.0,3.5691284526347434e-07,0.0,0.0,0.0,0.0,0.0,0.0,0.0,0.0,0.0
4932.YOR008C-A,0.0004613964933866503,1.1082120570507398e-05,0.3367537632252967,0.0,2.252489358854083e-07,0.0,0.0,0.0,0.0,0.0,0.0,0.0,0.0,0.0
4932.YJR151W-A,0.00030759766225776686,7.385240377165531e-07,0.28562640066792633,0.0,0.0,0.0,0.0,0.0,0.0,0.0,0.0,0.0,0.0,0.0
4932.YJR020W,0.001384189480159951,4.428368065337243e-06,0.3283310906571333,0.0,1.703249292356312e-05,0.0,0.0,0.0,0.0,0.0,0.0,0.0,0.0,0.0
4932.YLR157W-D,0.00030759766225776686,7.860736484666994e-07,0.2885051110063191,0.0,0.0,0.0,0.0,0.0,0.0,0.0,0.0,0.0,0.0,0.0
4932.YLR349W,0.0007689941556444171,8.075543112237856e-06,0.3284306603586214,0.0,3.4285268211928326e-06,0.0,0.0,0.0,0.0,0.0,0.0,0.0,0.0,0.0
4932.YJR128W,0.00015379883112888343,7.86957913169209e-08,0.26622421399521984,0.0,0.0,0.0,0.0,0.0,0.0,0.0,0.0,0.0,0.0,0.0
4932.YLR154W-E,0.0012303906490310674,1.0919156284071628e-05,0.32889611860076556,0.0,4.2186042625691563e-07,0.0,0.0,0.0,0.0,0.0,0.0,0.0,0.0,0.0
4932.YLR379W,0.0007689941556444171,8.819005535405553e-05,0.3535749600171577,0.0,1.665581544312353e-07,0.0,0.0,0.0,0.0,0.0,0.0,0.0,0.0,0.0
4932.YPL222C-A,0.0004613964933866503,1.4596101909706174e-05,0.3280989959704784,0.0,0.0,0.0,0.0,0.0,0.0,0.0,0.0,0.0,0.0,0.0
4932.YKL018C-A,0.00030759766225776686,4.997146735935115e-05,0.3373832095116991,0.0,1.637181909467652e-09,0.0,0.0,0.0,0.0,0.0,0.0,0.0,0.0,0.0
4932.YKL030W,0.00015379883112888343,2.5847860136777207e-05,0.32931282258237,0.0,0.0,0.0,0.0,0.0,0.0,0.0,0.0,0.0,0.0,0.0
4932.YPR038W,0.00030759766225776686,2.7877611142515235e-06,0.30571633099013523,0.0,8.13086889722904e-05,0.0,0.0,0.0,0.0,0.0,0.0,0.0,0.0,0.0
4932.YLR030W,0.0006151953245155337,4.455563873148752e-05,0.3499946469457786,0.0,1.1791891284905455e-07,0.0,0.0,0.0,0.0,0.0,0.0,0.0,0.0,0.0
4932.YKL131W,0.00030759766225776686,3.150044908484188e-07,0.2884538826827951,0.0,0.0,0.0,0.0,0.0,0.0,0.0,0.0,0.0,0.0,0.0
4932.YKR033C,0.00015379883112888343,4.850028507683908e-06,0.3187169224639653,0.0,0.0,0.0,0.0,0.0,0.0,0.0,0.0,0.0,0.0,0.0
4932.YML099W-A,0.00015379883112888343,5.8932727688764555e-08,0.24945297766499003,0.0,0.0,0.0,0.0,0.0,0.0,0.0,0.0,0.0,0.0,0.0
4932.YLR036C,0.00030759766225776686,9.31572161619141e-06,0.32260950328643256,0.0,2.4226844702441322e-08,0.0,0.0,0.0,0.0,0.0,0.0,0.0,0.0,0.0
4932.YNL226W,0.00015379883112888343,4.4857907977652016e-08,0.25346181749796487,0.0,0.0,0.0,0.0,0.0,0.0,0.0,0.0,0.0,0.0,0.0
4932.YOL160W,0.0012303906490310674,3.0980840686770223e-05,0.34851169832101503,0.0,3.096637765783396e-07,0.0,0.0,0.0,0.0,0.0,0.0,0.0,0.0,0.0
4932.YLR122C,0.00015379883112888343,7.647643481768234e-08,0.26188943314506385,0.0,0.0,0.0,0.0,0.0,0.0,0.0,0.0,0.0,0.0,0.0
4932.YLR280C,0.00015379883112888343,3.473647092556186e-08,0.2507621894491307,0.0,0.0,0.0,0.0,0.0,0.0,0.0,0.0,0.0,0.0,0.0
4932.YLR317W,0.00030759766225776686,2.4478794564641557e-06,0.30658177000213843,0.0,3.508832600960823e-08,0.0,0.0,0.0,0.0,0.0,0.0,0.0,0.0,0.0
4932.YLR437C-A,0.00015379883112888343,1.2599405031950203e-05,0.3224174166515493,0.0,0.0,0.0,0.0,0.0,0.0,0.0,0.0,0.0,0.0,0.0
4932.YLR467C-A,0.0006151953245155337,8.420051597915671e-07,0.2972009062932366,0.0,0.000270786789036494,0.0,0.0,0.0,0.0,0.0,0.0,0.0,0.0,0.0
4932.YLR466C-A,0.00030759766225776686,1.528254974246191e-09,0.23056454654207587,0.0,0.0,0.0,0.0,0.0,0.0,0.0,0.0,0.0,0.0,0.0
4932.YOR396C-A,0.0004613964933866503,1.1585861147003271e-07,0.26333281792816193,0.0,4.1739601804882953e-05,0.0,0.0,0.0,0.0,0.0,0.0,0.0,0.0,0.0
4932.YOL118C,0.00030759766225776686,1.584506385691123e-06,0.3158816107722194,0.0,1.1277093051977658e-07,0.0,0.0,0.0,0.0,0.0,0.0,0.0,0.0,0.0
4932.YMR252C,0.00030759766225776686,4.79340973713253e-05,0.3377163668829752,0.0,1.0833576518306766e-08,0.0,0.0,0.0,0.0,0.0,0.0,0.0,0.0,0.0
4932.YMR316C-A,0.00030759766225776686,6.858632261908617e-07,0.2916124675849448,0.0,0.0,0.0,0.0,0.0,0.0,0.0,0.0,0.0,0.0,0.0
4932.YPR169W-A,0.00015379883112888343,6.225956319536498e-06,0.3177972619550704,0.0,0.0,0.0,0.0,0.0,0.0,0.0,0.0,0.0,0.0,0.0
4932.YPR039W,0.00030759766225776686,1.3699957621052122e-08,0.25201677843605824,0.0,2.4988030594146496e-06,0.0,0.0,0.0,0.0,0.0,0.0,0.0,0.0,0.0
4932.YPR130C,0.00015379883112888343,1.8481196149533262e-08,0.2467626406104631,0.0,0.0,0.0,0.0,0.0,0.0,0.0,0.0,0.0,0.0,0.0
