Node_names,degree,eigenvector,closeness,current_flow_closeness,betweeness,cf_betweenness,comm_betweenness,load_centrality,harmonic_centrality,laplacian_centrality,percolation_centrality,second_order_centrality,local_reaching_centrality,participation_coeff
4932.Q0010,0.06158792975513233,0.08662952286974387,0.0,0.0,0.0,0.0,0.0,0.0,0.0,0.0,0.0,0.0,0.0,0.0
4932.YMR207C,0.034627751669552315,0.04551787860093564,0.0,0.0,0.0,0.0,0.0,0.0,0.0,0.0,0.0,0.0,0.0,0.0
4932.YHR150W,0.03388572841949048,0.0565698380684667,0.0,0.0,0.0,0.0,0.0,0.0,0.0,0.0,0.0,0.0,0.0,0.0
4932.YML007W,0.0012367054167697256,0.002400812869300631,0.0,0.0,0.0,0.0,0.0,0.0,0.0,0.0,0.0,0.0,0.0,0.0
4932.YML099C,0.02819688350234974,0.05415404526904725,0.0,0.0,0.0,0.0,0.0,0.0,0.0,0.0,0.0,0.0,0.0,0.0
4932.YFL030W,0.03685382141973782,0.042455489062771315,0.0,0.0,0.0,0.0,0.0,0.0,0.0,0.0,0.0,0.0,0.0,0.0
4932.YOR241W,0.022508038585209004,0.02766476312620474,0.0,0.0,0.0,0.0,0.0,0.0,0.0,0.0,0.0,0.0,0.0,0.0
4932.YPR183W,0.024239426168686618,0.03283330247515869,0.0,0.0,0.0,0.0,0.0,0.0,0.0,0.0,0.0,0.0,0.0,0.0
4932.YGL048C,0.02473410833539451,0.023532761922500856,0.0,0.0,0.0,0.0,0.0,0.0,0.0,0.0,0.0,0.0,0.0,0.0
4932.YIL160C,0.03635913925302993,0.05659147980394186,0.0,0.0,0.0,0.0,0.0,0.0,0.0,0.0,0.0,0.0,0.0,0.0
4932.YGR270W,0.015829829334652486,0.022968453944797705,0.0,0.0,0.0,0.0,0.0,0.0,0.0,0.0,0.0,0.0,0.0,0.0
4932.YDL131W,0.022013356418501114,0.039972929403471406,0.0,0.0,0.0,0.0,0.0,0.0,0.0,0.0,0.0,0.0,0.0,0.0
4932.YCR036W,0.03982191441998516,0.04088949323697108,0.0,0.0,0.0,0.0,0.0,0.0,0.0,0.0,0.0,0.0,0.0,0.0
4932.YJR159W,0.03091763541924314,0.04846138739174598,0.0,0.0,0.0,0.0,0.0,0.0,0.0,0.0,0.0,0.0,0.0,0.0
4932.YNL104C,0.025970813752164236,0.04255839902119309,0.0,0.0,0.0,0.0,0.0,0.0,0.0,0.0,0.0,0.0,0.0,0.0
4932.YKL140W,0.035617116002968095,0.05881288707319429,0.0,0.0,0.0,0.0,0.0,0.0,0.0,0.0,0.0,0.0,0.0,0.0
4932.YDL057W,0.03388572841949048,0.057726735480374644,0.0,0.0,0.0,0.0,0.0,0.0,0.0,0.0,0.0,0.0,0.0,0.0
4932.YHR063C,0.03190699975265892,0.044508567619724076,0.0,0.0,0.0,0.0,0.0,0.0,0.0,0.0,0.0,0.0,0.0,0.0
4932.YKL051W,0.0351224338362602,0.05742242802974498,0.0,0.0,0.0,0.0,0.0,0.0,0.0,0.0,0.0,0.0,0.0,0.0
4932.YOL157C,0.01904526341825377,0.023849990332056904,0.0,0.0,0.0,0.0,0.0,0.0,0.0,0.0,0.0,0.0,0.0,0.0
4932.YGR194C,0.01310907741775909,0.0263020921895503,0.0,0.0,0.0,0.0,0.0,0.0,0.0,0.0,0.0,0.0,0.0,0.0
4932.YLR319C,0.030670294335889192,0.05109106708195815,0.0,0.0,0.0,0.0,0.0,0.0,0.0,0.0,0.0,0.0,0.0,0.0
4932.YIR021W,0.03339104625278259,0.055795687119633085,0.0,0.0,0.0,0.0,0.0,0.0,0.0,0.0,0.0,0.0,0.0,0.0
4932.YDL007W,0.024486767252040565,0.023174884477088754,0.0,0.0,0.0,0.0,0.0,0.0,0.0,0.0,0.0,0.0,0.0,0.0
4932.YFL045C,0.01929260450160772,0.015642471796980993,0.0,0.0,0.0,0.0,0.0,0.0,0.0,0.0,0.0,0.0,0.0,0.0
4932.YDR317W,0.023992085085332675,0.03998076740621242,0.0,0.0,0.0,0.0,0.0,0.0,0.0,0.0,0.0,0.0,0.0,0.0
4932.YML087C,0.026465495918872126,0.031555491256207345,0.0,0.0,0.0,0.0,0.0,0.0,0.0,0.0,0.0,0.0,0.0,0.0
4932.YPL171C,0.01855058125154588,0.03612756580730093,0.0,0.0,0.0,0.0,0.0,0.0,0.0,0.0,0.0,0.0,0.0,0.0
4932.YBR053C,0.015829829334652486,0.025300414009671278,0.0,0.0,0.0,0.0,0.0,0.0,0.0,0.0,0.0,0.0,0.0,0.0
4932.YGL261C,0.04155330200346278,0.06971544787319849,0.0,0.0,0.0,0.0,0.0,0.0,0.0,0.0,0.0,0.0,0.0,0.0
4932.YIR041W,0.04180064308681672,0.06999725565528823,0.0,0.0,0.0,0.0,0.0,0.0,0.0,0.0,0.0,0.0,0.0,0.0
4932.YBR297W,0.03536977491961415,0.05914196602605495,0.0,0.0,0.0,0.0,0.0,0.0,0.0,0.0,0.0,0.0,0.0,0.0
4932.YHL018W,0.008162255750680188,0.019193174943186102,0.0,0.0,0.0,0.0,0.0,0.0,0.0,0.0,0.0,0.0,0.0,0.0
4932.YDR479C,0.03487509275290626,0.05724278602444393,0.0,0.0,0.0,0.0,0.0,0.0,0.0,0.0,0.0,0.0,0.0,0.0
4932.YDR530C,0.035617116002968095,0.057521945640754954,0.0,0.0,0.0,0.0,0.0,0.0,0.0,0.0,0.0,0.0,0.0,0.0
4932.YML070W,0.019539945584961662,0.032776824347908906,0.0,0.0,0.0,0.0,0.0,0.0,0.0,0.0,0.0,0.0,0.0,0.0
4932.YIL172C,0.01904526341825377,0.023849990332056904,0.0,0.0,0.0,0.0,0.0,0.0,0.0,0.0,0.0,0.0,0.0,0.0
4932.YGL257C,0.014345782834528815,0.03232266974073635,0.0,0.0,0.0,0.0,0.0,0.0,0.0,0.0,0.0,0.0,0.0,0.0
4932.YNL241C,0.01978728666831561,0.02469944676908051,0.0,0.0,0.0,0.0,0.0,0.0,0.0,0.0,0.0,0.0,0.0,0.0
4932.YOR037W,0.025970813752164236,0.03147388195765402,0.0,0.0,0.0,0.0,0.0,0.0,0.0,0.0,0.0,0.0,0.0,0.0
4932.YGR193C,0.04575810042047984,0.056960013974195076,0.0,0.0,0.0,0.0,0.0,0.0,0.0,0.0,0.0,0.0,0.0,0.0
4932.YOL161C,0.042047984170170666,0.07012163995688724,0.0,0.0,0.0,0.0,0.0,0.0,0.0,0.0,0.0,0.0,0.0,0.0
4932.YNL115C,0.035617116002968095,0.059917873752903604,0.0,0.0,0.0,0.0,0.0,0.0,0.0,0.0,0.0,0.0,0.0,0.0
4932.YBL015W,0.0252287905021024,0.050893061654822436,0.0,0.0,0.0,0.0,0.0,0.0,0.0,0.0,0.0,0.0,0.0,0.0
4932.YKR080W,0.01929260450160772,0.02317057019871067,0.0,0.0,0.0,0.0,0.0,0.0,0.0,0.0,0.0,0.0,0.0,0.0
4932.YGR255C,0.03536977491961415,0.06145567436997429,0.0,0.0,0.0,0.0,0.0,0.0,0.0,0.0,0.0,0.0,0.0,0.0
4932.YML125C,0.026465495918872126,0.031555544805199655,0.0,0.0,0.0,0.0,0.0,0.0,0.0,0.0,0.0,0.0,0.0,0.0
4932.YBR046C,0.029433588919119468,0.055558786537592574,0.0,0.0,0.0,0.0,0.0,0.0,0.0,0.0,0.0,0.0,0.0,0.0
4932.YJR016C,0.030670294335889192,0.04607205965317445,0.0,0.0,0.0,0.0,0.0,0.0,0.0,0.0,0.0,0.0,0.0,0.0
4932.YOR074C,0.03586445708632204,0.030251209770912696,0.0,0.0,0.0,0.0,0.0,0.0,0.0,0.0,0.0,0.0,0.0,0.0
4932.YDR272W,0.0252287905021024,0.03681102535780049,0.0,0.0,0.0,0.0,0.0,0.0,0.0,0.0,0.0,0.0,0.0,0.0
4932.YKL145W,0.025476131585456346,0.02459561152525414,0.0,0.0,0.0,0.0,0.0,0.0,0.0,0.0,0.0,0.0,0.0,0.0
4932.YCR102C,0.02869156566905763,0.05546408710863824,0.0,0.0,0.0,0.0,0.0,0.0,0.0,0.0,0.0,0.0,0.0,0.0
4932.YHR075C,0.045263418253771955,0.06210923756691627,0.0,0.0,0.0,0.0,0.0,0.0,0.0,0.0,0.0,0.0,0.0,0.0
4932.YMR205C,0.02720751916893396,0.025803833059742053,0.0,0.0,0.0,0.0,0.0,0.0,0.0,0.0,0.0,0.0,0.0,0.0
4932.YGL256W,0.04650012367054168,0.0712898637798043,0.0,0.0,0.0,0.0,0.0,0.0,0.0,0.0,0.0,0.0,0.0,0.0
4932.YGR110W,0.03710116250309176,0.06030169548655754,0.0,0.0,0.0,0.0,0.0,0.0,0.0,0.0,0.0,0.0,0.0,0.0
4932.YHL009C,0.0012367054167697256,0.002400812869300631,0.0,0.0,0.0,0.0,0.0,0.0,0.0,0.0,0.0,0.0,0.0,0.0
4932.YMR110C,0.09423695275785308,0.09851667350276566,0.0,0.0,0.0,0.0,0.0,0.0,0.0,0.0,0.0,0.0,0.0,0.0
4932.YGR031W,0.034627751669552315,0.05832363721982585,0.0,0.0,0.0,0.0,0.0,0.0,0.0,0.0,0.0,0.0,0.0,0.0
4932.YGR294W,0.042047984170170666,0.07012163995688724,0.0,0.0,0.0,0.0,0.0,0.0,0.0,0.0,0.0,0.0,0.0,0.0
4932.YBL069W,0.02819688350234974,0.054171418151033573,0.0,0.0,0.0,0.0,0.0,0.0,0.0,0.0,0.0,0.0,0.0,0.0
4932.YBL098W,0.03091763541924314,0.051259793352731724,0.0,0.0,0.0,0.0,0.0,0.0,0.0,0.0,0.0,0.0,0.0,0.0
4932.YAL044C,0.036606480336383876,0.04701813816090714,0.0,0.0,0.0,0.0,0.0,0.0,0.0,0.0,0.0,0.0,0.0,0.0
4932.YLR377C,0.024239426168686618,0.0255989835908634,0.0,0.0,0.0,0.0,0.0,0.0,0.0,0.0,0.0,0.0,0.0,0.0
4932.YPL017C,0.06331931733860995,0.07117576791442262,0.0,0.0,0.0,0.0,0.0,0.0,0.0,0.0,0.0,0.0,0.0,0.0
4932.YKL015W,0.04254266633687856,0.040384760389222715,0.0,0.0,0.0,0.0,0.0,0.0,0.0,0.0,0.0,0.0,0.0,0.0
4932.YLL012W,0.03487509275290626,0.05788717945366218,0.0,0.0,0.0,0.0,0.0,0.0,0.0,0.0,0.0,0.0,0.0,0.0
4932.YOL086C,0.01978728666831561,0.03906412910224627,0.0,0.0,0.0,0.0,0.0,0.0,0.0,0.0,0.0,0.0,0.0,0.0
4932.YKR038C,0.004699480583724957,0.002703961097600607,0.0,0.0,0.0,0.0,0.0,0.0,0.0,0.0,0.0,0.0,0.0,0.0
4932.YJR075W,0.05342567400445214,0.08238969943879564,0.0,0.0,0.0,0.0,0.0,0.0,0.0,0.0,0.0,0.0,0.0,0.0
4932.YMR315W,0.012861736334405145,0.024847285523413518,0.0,0.0,0.0,0.0,0.0,0.0,0.0,0.0,0.0,0.0,0.0,0.0
4932.YAL068C,0.042047984170170666,0.07021288589659966,0.0,0.0,0.0,0.0,0.0,0.0,0.0,0.0,0.0,0.0,0.0,0.0
4932.YOR131C,0.027454860252287907,0.03732138648854959,0.0,0.0,0.0,0.0,0.0,0.0,0.0,0.0,0.0,0.0,0.0,0.0
4932.YFL052W,0.03438041058619837,0.058238622810334435,0.0,0.0,0.0,0.0,0.0,0.0,0.0,0.0,0.0,0.0,0.0,0.0
4932.YLR284C,0.04650012367054168,0.06853175571572723,0.0,0.0,0.0,0.0,0.0,0.0,0.0,0.0,0.0,0.0,0.0,0.0
4932.YDR232W,0.025476131585456346,0.04335293401331629,0.0,0.0,0.0,0.0,0.0,0.0,0.0,0.0,0.0,0.0,0.0,0.0
4932.YOR093C,0.04946821667078902,0.08039623405525105,0.0,0.0,0.0,0.0,0.0,0.0,0.0,0.0,0.0,0.0,0.0,0.0
4932.YNL277W,0.07989116992332426,0.09651256701604538,0.0,0.0,0.0,0.0,0.0,0.0,0.0,0.0,0.0,0.0,0.0,0.0
4932.YLR327C,0.0328963640860747,0.052365351020570904,0.0,0.0,0.0,0.0,0.0,0.0,0.0,0.0,0.0,0.0,0.0,0.0
4932.YDR402C,0.03438041058619837,0.05764694199183699,0.0,0.0,0.0,0.0,0.0,0.0,0.0,0.0,0.0,0.0,0.0,0.0
4932.YOR388C,0.03339104625278259,0.03834721721742239,0.0,0.0,0.0,0.0,0.0,0.0,0.0,0.0,0.0,0.0,0.0,0.0
4932.YFL041W,0.008656937917388079,0.020221938864688902,0.0,0.0,0.0,0.0,0.0,0.0,0.0,0.0,0.0,0.0,0.0,0.0
4932.YDL212W,0.04402671283700223,0.07136452906060763,0.0,0.0,0.0,0.0,0.0,0.0,0.0,0.0,0.0,0.0,0.0,0.0
4932.YML054C,0.05218896858768242,0.048984797907354216,0.0,0.0,0.0,0.0,0.0,0.0,0.0,0.0,0.0,0.0,0.0,0.0
4932.YCL052C,0.012861736334405145,0.01962604079362515,0.0,0.0,0.0,0.0,0.0,0.0,0.0,0.0,0.0,0.0,0.0,0.0
4932.YML050W,0.02621815483551818,0.031522464477778275,0.0,0.0,0.0,0.0,0.0,0.0,0.0,0.0,0.0,0.0,0.0,0.0
4932.YGL009C,0.012367054167697254,0.012319191095644935,0.0,0.0,0.0,0.0,0.0,0.0,0.0,0.0,0.0,0.0,0.0,0.0
4932.YLR020C,0.03438041058619837,0.0577793090567882,0.0,0.0,0.0,0.0,0.0,0.0,0.0,0.0,0.0,0.0,0.0,0.0
4932.YNR059W,0.01459312391788276,0.03248139190871695,0.0,0.0,0.0,0.0,0.0,0.0,0.0,0.0,0.0,0.0,0.0,0.0
4932.YBR145W,0.018303240168191938,0.03761822620191577,0.0,0.0,0.0,0.0,0.0,0.0,0.0,0.0,0.0,0.0,0.0,0.0
4932.YCR104W,0.042047984170170666,0.07037128269322389,0.0,0.0,0.0,0.0,0.0,0.0,0.0,0.0,0.0,0.0,0.0,0.0
4932.YPL113C,0.03042295325253525,0.03684602747917774,0.0,0.0,0.0,0.0,0.0,0.0,0.0,0.0,0.0,0.0,0.0,0.0
4932.YGR015C,0.034627751669552315,0.058396222593113334,0.0,0.0,0.0,0.0,0.0,0.0,0.0,0.0,0.0,0.0,0.0,0.0
4932.YEL049W,0.04180064308681672,0.06983983217479746,0.0,0.0,0.0,0.0,0.0,0.0,0.0,0.0,0.0,0.0,0.0,0.0
4932.YMR090W,0.024981449418748455,0.04137451416594101,0.0,0.0,0.0,0.0,0.0,0.0,0.0,0.0,0.0,0.0,0.0,0.0
4932.YOR084W,0.025476131585456346,0.04235194864578769,0.0,0.0,0.0,0.0,0.0,0.0,0.0,0.0,0.0,0.0,0.0,0.0
4932.YPL091W,0.06356665842196389,0.07066449636396595,0.0,0.0,0.0,0.0,0.0,0.0,0.0,0.0,0.0,0.0,0.0,0.0
4932.YDL168W,0.02473410833539451,0.044643623326743265,0.0,0.0,0.0,0.0,0.0,0.0,0.0,0.0,0.0,0.0,0.0,0.0
4932.YDR248C,0.015087806084590651,0.025738761697163638,0.0,0.0,0.0,0.0,0.0,0.0,0.0,0.0,0.0,0.0,0.0,0.0
4932.YMR152W,0.030175612169181302,0.05676943390114014,0.0,0.0,0.0,0.0,0.0,0.0,0.0,0.0,0.0,0.0,0.0,0.0
4932.YER061C,0.015335147167944596,0.02294276218873094,0.0,0.0,0.0,0.0,0.0,0.0,0.0,0.0,0.0,0.0,0.0,0.0
4932.YMR168C,0.001978728666831561,0.0030386804451989946,0.0,0.0,0.0,0.0,0.0,0.0,0.0,0.0,0.0,0.0,0.0,0.0
4932.YOR040W,0.0252287905021024,0.03681102535780049,0.0,0.0,0.0,0.0,0.0,0.0,0.0,0.0,0.0,0.0,0.0,0.0
4932.YER001W,0.015335147167944596,0.03299237268861528,0.0,0.0,0.0,0.0,0.0,0.0,0.0,0.0,0.0,0.0,0.0,0.0
4932.YPR196W,0.03388572841949048,0.058072118352715314,0.0,0.0,0.0,0.0,0.0,0.0,0.0,0.0,0.0,0.0,0.0,0.0
4932.YDR127W,0.04798417017066535,0.022328823225042194,0.0,0.0,0.0,0.0,0.0,0.0,0.0,0.0,0.0,0.0,0.0,0.0
4932.YOR180C,0.04353203067029434,0.06778792618563227,0.0,0.0,0.0,0.0,0.0,0.0,0.0,0.0,0.0,0.0,0.0,0.0
4932.YCL050C,0.03536977491961415,0.05720729944791789,0.0,0.0,0.0,0.0,0.0,0.0,0.0,0.0,0.0,0.0,0.0,0.0
4932.YHL046C,0.04180064308681672,0.06999725565528823,0.0,0.0,0.0,0.0,0.0,0.0,0.0,0.0,0.0,0.0,0.0,0.0
4932.YFL018C,0.06628741033885728,0.07309469366841302,0.0,0.0,0.0,0.0,0.0,0.0,0.0,0.0,0.0,0.0,0.0,0.0
4932.YLR461W,0.04180064308681672,0.07008973357382284,0.0,0.0,0.0,0.0,0.0,0.0,0.0,0.0,0.0,0.0,0.0,0.0
4932.YPL028W,0.031412317585951026,0.05715619602031344,0.0,0.0,0.0,0.0,0.0,0.0,0.0,0.0,0.0,0.0,0.0,0.0
4932.YHR007C,0.03611179816967598,0.0569026683236092,0.0,0.0,0.0,0.0,0.0,0.0,0.0,0.0,0.0,0.0,0.0,0.0
4932.YNL134C,0.030670294335889192,0.057420663557240535,0.0,0.0,0.0,0.0,0.0,0.0,0.0,0.0,0.0,0.0,0.0,0.0
4932.YMR303C,0.01929260450160772,0.038770252309366905,0.0,0.0,0.0,0.0,0.0,0.0,0.0,0.0,0.0,0.0,0.0,0.0
4932.YBR151W,0.025970813752164236,0.03147388195765402,0.0,0.0,0.0,0.0,0.0,0.0,0.0,0.0,0.0,0.0,0.0,0.0
4932.YJR051W,0.04229532525352461,0.045877140316255,0.0,0.0,0.0,0.0,0.0,0.0,0.0,0.0,0.0,0.0,0.0,0.0
4932.YBR153W,0.03611179816967598,0.040084406520833664,0.0,0.0,0.0,0.0,0.0,0.0,0.0,0.0,0.0,0.0,0.0,0.0
4932.YBR301W,0.04180064308681672,0.06999725565528823,0.0,0.0,0.0,0.0,0.0,0.0,0.0,0.0,0.0,0.0,0.0,0.0
4932.YDL182W,0.022013356418501114,0.039972929403471406,0.0,0.0,0.0,0.0,0.0,0.0,0.0,0.0,0.0,0.0,0.0,0.0
4932.YDR542W,0.042047984170170666,0.07012163995688724,0.0,0.0,0.0,0.0,0.0,0.0,0.0,0.0,0.0,0.0,0.0,0.0
4932.YGR008C,0.03264902300272075,0.05206882434061349,0.0,0.0,0.0,0.0,0.0,0.0,0.0,0.0,0.0,0.0,0.0,0.0
4932.YNR064C,0.03586445708632204,0.05946582611420851,0.0,0.0,0.0,0.0,0.0,0.0,0.0,0.0,0.0,0.0,0.0,0.0
4932.YML126C,0.007914914667326243,0.013117961472273098,0.0,0.0,0.0,0.0,0.0,0.0,0.0,0.0,0.0,0.0,0.0,0.0
4932.YBR225W,0.03388572841949048,0.05658018836474202,0.0,0.0,0.0,0.0,0.0,0.0,0.0,0.0,0.0,0.0,0.0,0.0
4932.YIL043C,0.026465495918872126,0.031546511146735415,0.0,0.0,0.0,0.0,0.0,0.0,0.0,0.0,0.0,0.0,0.0,0.0
4932.YKL224C,0.042047984170170666,0.07025018136774373,0.0,0.0,0.0,0.0,0.0,0.0,0.0,0.0,0.0,0.0,0.0,0.0
4932.YGR240C,0.02671283700222607,0.025795910951372295,0.0,0.0,0.0,0.0,0.0,0.0,0.0,0.0,0.0,0.0,0.0,0.0
4932.YMR278W,0.04031659658669305,0.031675267280468385,0.0,0.0,0.0,0.0,0.0,0.0,0.0,0.0,0.0,0.0,0.0,0.0
4932.YJL097W,0.002473410833539451,0.003181321922616643,0.0,0.0,0.0,0.0,0.0,0.0,0.0,0.0,0.0,0.0,0.0,0.0
4932.YHR179W,0.018797922334899828,0.03621787223976714,0.0,0.0,0.0,0.0,0.0,0.0,0.0,0.0,0.0,0.0,0.0,0.0
4932.YOL096C,0.03438041058619837,0.05199820167488713,0.0,0.0,0.0,0.0,0.0,0.0,0.0,0.0,0.0,0.0,0.0,0.0
4932.YNL249C,0.016819193668068267,0.024399554762114698,0.0,0.0,0.0,0.0,0.0,0.0,0.0,0.0,0.0,0.0,0.0,0.0
4932.YGL185C,0.030175612169181302,0.036747334398953946,0.0,0.0,0.0,0.0,0.0,0.0,0.0,0.0,0.0,0.0,0.0,0.0
4932.YDR036C,0.05218896858768242,0.06921539752980467,0.0,0.0,0.0,0.0,0.0,0.0,0.0,0.0,0.0,0.0,0.0,0.0
4932.YOR205C,0.0427900074202325,0.04064890864297823,0.0,0.0,0.0,0.0,0.0,0.0,0.0,0.0,0.0,0.0,0.0,0.0
4932.YLL025W,0.04155330200346278,0.0699641173438755,0.0,0.0,0.0,0.0,0.0,0.0,0.0,0.0,0.0,0.0,0.0,0.0
4932.YDR111C,0.04476873608706406,0.04149962076495612,0.0,0.0,0.0,0.0,0.0,0.0,0.0,0.0,0.0,0.0,0.0,0.0
4932.YIL014W,0.014345782834528815,0.03232266974073635,0.0,0.0,0.0,0.0,0.0,0.0,0.0,0.0,0.0,0.0,0.0,0.0
4932.YPL252C,0.03438041058619837,0.05576183601939185,0.0,0.0,0.0,0.0,0.0,0.0,0.0,0.0,0.0,0.0,0.0,0.0
4932.YOR129C,0.03314370516942864,0.05533537763859753,0.0,0.0,0.0,0.0,0.0,0.0,0.0,0.0,0.0,0.0,0.0,0.0
4932.YHR183W,0.0175612169181301,0.025664864656616593,0.0,0.0,0.0,0.0,0.0,0.0,0.0,0.0,0.0,0.0,0.0,0.0
4932.YJL045W,0.044274053920356174,0.047517363870859475,0.0,0.0,0.0,0.0,0.0,0.0,0.0,0.0,0.0,0.0,0.0,0.0
4932.YLR460C,0.02869156566905763,0.05546530290084653,0.0,0.0,0.0,0.0,0.0,0.0,0.0,0.0,0.0,0.0,0.0,0.0
4932.YCR019W,0.03536977491961415,0.03977583698626841,0.0,0.0,0.0,0.0,0.0,0.0,0.0,0.0,0.0,0.0,0.0,0.0
4932.YAL054C,0.060351224338362604,0.08856939529443052,0.0,0.0,0.0,0.0,0.0,0.0,0.0,0.0,0.0,0.0,0.0,0.0
4932.YDL246C,0.03091763541924314,0.04846138739174598,0.0,0.0,0.0,0.0,0.0,0.0,0.0,0.0,0.0,0.0,0.0,0.0
4932.YHR039C,0.07815978233984665,0.09578634461920499,0.0,0.0,0.0,0.0,0.0,0.0,0.0,0.0,0.0,0.0,0.0,0.0
4932.YKR009C,0.030175612169181302,0.05781558709089348,0.0,0.0,0.0,0.0,0.0,0.0,0.0,0.0,0.0,0.0,0.0,0.0
4932.YMR169C,0.08310660400692556,0.0982202042009407,0.0,0.0,0.0,0.0,0.0,0.0,0.0,0.0,0.0,0.0,0.0,0.0
4932.YKL132C,0.021518674251793223,0.027743470121739302,0.0,0.0,0.0,0.0,0.0,0.0,0.0,0.0,0.0,0.0,0.0,0.0
4932.YNR074C,0.02325006183527084,0.03136305770468437,0.0,0.0,0.0,0.0,0.0,0.0,0.0,0.0,0.0,0.0,0.0,0.0
4932.YML115C,0.039079891169923324,0.03151302327350105,0.0,0.0,0.0,0.0,0.0,0.0,0.0,0.0,0.0,0.0,0.0,0.0
4932.YFL053W,0.019539945584961662,0.032776824347908906,0.0,0.0,0.0,0.0,0.0,0.0,0.0,0.0,0.0,0.0,0.0,0.0
4932.YDR514C,0.030670294335889192,0.051104432136358596,0.0,0.0,0.0,0.0,0.0,0.0,0.0,0.0,0.0,0.0,0.0,0.0
4932.YCL036W,0.03190699975265892,0.051224327886030444,0.0,0.0,0.0,0.0,0.0,0.0,0.0,0.0,0.0,0.0,0.0,0.0
4932.YJL221C,0.018303240168191938,0.02372211002311691,0.0,0.0,0.0,0.0,0.0,0.0,0.0,0.0,0.0,0.0,0.0,0.0
4932.YOR028C,0.0012367054167697256,0.0024024911946365084,0.0,0.0,0.0,0.0,0.0,0.0,0.0,0.0,0.0,0.0,0.0,0.0
4932.YLR037C,0.04155330200346278,0.06971544787319849,0.0,0.0,0.0,0.0,0.0,0.0,0.0,0.0,0.0,0.0,0.0,0.0
4932.YOR108W,0.02572347266881029,0.04254221462731798,0.0,0.0,0.0,0.0,0.0,0.0,0.0,0.0,0.0,0.0,0.0,0.0
4932.YML103C,0.05021023992085086,0.08027610174004862,0.0,0.0,0.0,0.0,0.0,0.0,0.0,0.0,0.0,0.0,0.0,0.0
4932.YDR197W,0.03190699975265892,0.04454043941634895,0.0,0.0,0.0,0.0,0.0,0.0,0.0,0.0,0.0,0.0,0.0,0.0
4932.YJL223C,0.04180064308681672,0.06999725565528823,0.0,0.0,0.0,0.0,0.0,0.0,0.0,0.0,0.0,0.0,0.0,0.0
4932.YFL020C,0.04229532525352461,0.07030172370229988,0.0,0.0,0.0,0.0,0.0,0.0,0.0,0.0,0.0,0.0,0.0,0.0
4932.YPL061W,0.08236458075686372,0.09917098676984314,0.0,0.0,0.0,0.0,0.0,0.0,0.0,0.0,0.0,0.0,0.0,0.0
4932.YMR083W,0.019539945584961662,0.03850861054808134,0.0,0.0,0.0,0.0,0.0,0.0,0.0,0.0,0.0,0.0,0.0,0.0
4932.YBR208C,0.054909720504575814,0.05350567652913832,0.0,0.0,0.0,0.0,0.0,0.0,0.0,0.0,0.0,0.0,0.0,0.0
4932.YHL032C,0.018797922334899828,0.025493316598674945,0.0,0.0,0.0,0.0,0.0,0.0,0.0,0.0,0.0,0.0,0.0,0.0
4932.YMR325W,0.0427900074202325,0.07034759182581284,0.0,0.0,0.0,0.0,0.0,0.0,0.0,0.0,0.0,0.0,0.0,0.0
4932.YBR196C,0.03215434083601286,0.0294568743435592,0.0,0.0,0.0,0.0,0.0,0.0,0.0,0.0,0.0,0.0,0.0,0.0
4932.YOR142W,0.03264902300272075,0.05346153635162315,0.0,0.0,0.0,0.0,0.0,0.0,0.0,0.0,0.0,0.0,0.0,0.0
4932.YBR159W,0.039079891169923324,0.06497647072886134,0.0,0.0,0.0,0.0,0.0,0.0,0.0,0.0,0.0,0.0,0.0,0.0
4932.YIL074C,0.03264902300272075,0.04625160841307886,0.0,0.0,0.0,0.0,0.0,0.0,0.0,0.0,0.0,0.0,0.0,0.0
4932.YER026C,0.03536977491961415,0.053976144417285495,0.0,0.0,0.0,0.0,0.0,0.0,0.0,0.0,0.0,0.0,0.0,0.0
4932.YLR153C,0.06010388325500866,0.08855877536852734,0.0,0.0,0.0,0.0,0.0,0.0,0.0,0.0,0.0,0.0,0.0,0.0
4932.YDR125C,0.03388572841949048,0.05769035349377334,0.0,0.0,0.0,0.0,0.0,0.0,0.0,0.0,0.0,0.0,0.0,0.0
4932.YER010C,0.02819688350234974,0.05426793791762968,0.0,0.0,0.0,0.0,0.0,0.0,0.0,0.0,0.0,0.0,0.0,0.0
4932.YER004W,0.023497402918624784,0.03904116893304638,0.0,0.0,0.0,0.0,0.0,0.0,0.0,0.0,0.0,0.0,0.0,0.0
4932.YNL274C,0.03165965866930497,0.03729204679763576,0.0,0.0,0.0,0.0,0.0,0.0,0.0,0.0,0.0,0.0,0.0,0.0
4932.YAL061W,0.03042295325253525,0.049392660946335015,0.0,0.0,0.0,0.0,0.0,0.0,0.0,0.0,0.0,0.0,0.0,0.0
4932.YLR450W,0.011872372000989364,0.02145319609079385,0.0,0.0,0.0,0.0,0.0,0.0,0.0,0.0,0.0,0.0,0.0,0.0
4932.YMR318C,0.021518674251793223,0.04067570478592399,0.0,0.0,0.0,0.0,0.0,0.0,0.0,0.0,0.0,0.0,0.0,0.0
4932.YER101C,0.02918624783576552,0.055528308034674914,0.0,0.0,0.0,0.0,0.0,0.0,0.0,0.0,0.0,0.0,0.0,0.0
4932.YNR076W,0.04180064308681672,0.06999725565528823,0.0,0.0,0.0,0.0,0.0,0.0,0.0,0.0,0.0,0.0,0.0,0.0
4932.YKL148C,0.044274053920356174,0.0475150162983338,0.0,0.0,0.0,0.0,0.0,0.0,0.0,0.0,0.0,0.0,0.0,0.0
4932.YEL058W,0.03611179816967598,0.030828379718987116,0.0,0.0,0.0,0.0,0.0,0.0,0.0,0.0,0.0,0.0,0.0,0.0
4932.YHR067W,0.02770220133564185,0.053342776419453806,0.0,0.0,0.0,0.0,0.0,0.0,0.0,0.0,0.0,0.0,0.0,0.0
4932.YDL110C,0.024981449418748455,0.04485102674105625,0.0,0.0,0.0,0.0,0.0,0.0,0.0,0.0,0.0,0.0,0.0,0.0
4932.YKL150W,0.026465495918872126,0.03156962987368846,0.0,0.0,0.0,0.0,0.0,0.0,0.0,0.0,0.0,0.0,0.0,0.0
4932.YER073W,0.08261192184021766,0.099282879363982,0.0,0.0,0.0,0.0,0.0,0.0,0.0,0.0,0.0,0.0,0.0,0.0
4932.YMR129W,0.07914914667326244,0.09597855421741423,0.0,0.0,0.0,0.0,0.0,0.0,0.0,0.0,0.0,0.0,0.0,0.0
4932.YGL037C,0.024239426168686618,0.03457083761400518,0.0,0.0,0.0,0.0,0.0,0.0,0.0,0.0,0.0,0.0,0.0,0.0
4932.YKL192C,0.05095226317091269,0.06837956716559966,0.0,0.0,0.0,0.0,0.0,0.0,0.0,0.0,0.0,0.0,0.0,0.0
4932.YMR113W,0.02176601533514717,0.027245423092011663,0.0,0.0,0.0,0.0,0.0,0.0,0.0,0.0,0.0,0.0,0.0,0.0
4932.YML004C,0.04254266633687856,0.06567747865890922,0.0,0.0,0.0,0.0,0.0,0.0,0.0,0.0,0.0,0.0,0.0,0.0
4932.YGR288W,0.03438041058619837,0.05813270381052249,0.0,0.0,0.0,0.0,0.0,0.0,0.0,0.0,0.0,0.0,0.0,0.0
4932.YMR189W,0.025970813752164236,0.03309884633935139,0.0,0.0,0.0,0.0,0.0,0.0,0.0,0.0,0.0,0.0,0.0,0.0
4932.YBR299W,0.018797922334899828,0.023887345962912046,0.0,0.0,0.0,0.0,0.0,0.0,0.0,0.0,0.0,0.0,0.0,0.0
4932.YAL060W,0.03091763541924314,0.049370513286684486,0.0,0.0,0.0,0.0,0.0,0.0,0.0,0.0,0.0,0.0,0.0,0.0
4932.YLR287C,0.03314370516942864,0.05541225327614655,0.0,0.0,0.0,0.0,0.0,0.0,0.0,0.0,0.0,0.0,0.0,0.0
4932.YJL060W,0.043037348503586446,0.040161197674837,0.0,0.0,0.0,0.0,0.0,0.0,0.0,0.0,0.0,0.0,0.0,0.0
4932.YML051W,0.01409844175117487,0.026919127470085277,0.0,0.0,0.0,0.0,0.0,0.0,0.0,0.0,0.0,0.0,0.0,0.0
4932.YDR376W,0.03438041058619837,0.0331994346409323,0.0,0.0,0.0,0.0,0.0,0.0,0.0,0.0,0.0,0.0,0.0,0.0
4932.YBR006W,0.08285926292357161,0.09751006596175027,0.0,0.0,0.0,0.0,0.0,0.0,0.0,0.0,0.0,0.0,0.0,0.0
4932.YCL032W,0.03388572841949048,0.054979192590251746,0.0,0.0,0.0,0.0,0.0,0.0,0.0,0.0,0.0,0.0,0.0,0.0
4932.YMR015C,0.03635913925302993,0.05805706262205133,0.0,0.0,0.0,0.0,0.0,0.0,0.0,0.0,0.0,0.0,0.0,0.0
4932.YCR105W,0.0202819688350235,0.039351551522554096,0.0,0.0,0.0,0.0,0.0,0.0,0.0,0.0,0.0,0.0,0.0,0.0
4932.YOR374W,0.08360128617363344,0.09965319137040549,0.0,0.0,0.0,0.0,0.0,0.0,0.0,0.0,0.0,0.0,0.0,0.0
4932.YKL011C,0.03264902300272075,0.05535354922118183,0.0,0.0,0.0,0.0,0.0,0.0,0.0,0.0,0.0,0.0,0.0,0.0
4932.YJL216C,0.01855058125154588,0.02382777849946554,0.0,0.0,0.0,0.0,0.0,0.0,0.0,0.0,0.0,0.0,0.0,0.0
4932.YLR089C,0.04575810042047984,0.042391236523332515,0.0,0.0,0.0,0.0,0.0,0.0,0.0,0.0,0.0,0.0,0.0,0.0
4932.YJL121C,0.01607717041800643,0.02496201442349971,0.0,0.0,0.0,0.0,0.0,0.0,0.0,0.0,0.0,0.0,0.0,0.0
4932.YGR037C,0.01162503091763542,0.026228943365741563,0.0,0.0,0.0,0.0,0.0,0.0,0.0,0.0,0.0,0.0,0.0,0.0
4932.YDR506C,0.00964630225080386,0.0209626334100085,0.0,0.0,0.0,0.0,0.0,0.0,0.0,0.0,0.0,0.0,0.0,0.0
4932.YKR037C,0.04377937175364828,0.06953535526912917,0.0,0.0,0.0,0.0,0.0,0.0,0.0,0.0,0.0,0.0,0.0,0.0
4932.YGL205W,0.049715557754142964,0.07281156949136501,0.0,0.0,0.0,0.0,0.0,0.0,0.0,0.0,0.0,0.0,0.0,0.0
4932.YBR026C,0.03339104625278259,0.06037929597711659,0.0,0.0,0.0,0.0,0.0,0.0,0.0,0.0,0.0,0.0,0.0,0.0
4932.YGR287C,0.01855058125154588,0.02382777849946554,0.0,0.0,0.0,0.0,0.0,0.0,0.0,0.0,0.0,0.0,0.0,0.0
4932.YLL064C,0.04180064308681672,0.06999725565528823,0.0,0.0,0.0,0.0,0.0,0.0,0.0,0.0,0.0,0.0,0.0,0.0
4932.YDR019C,0.03091763541924314,0.03463910146175795,0.0,0.0,0.0,0.0,0.0,0.0,0.0,0.0,0.0,0.0,0.0,0.0
4932.YDR320C-A,0.03264902300272075,0.03859462592590597,0.0,0.0,0.0,0.0,0.0,0.0,0.0,0.0,0.0,0.0,0.0,0.0
4932.YER081W,0.033638387336136534,0.04654149702124084,0.0,0.0,0.0,0.0,0.0,0.0,0.0,0.0,0.0,0.0,0.0,0.0
4932.YNL071W,0.05095226317091269,0.06294351023825435,0.0,0.0,0.0,0.0,0.0,0.0,0.0,0.0,0.0,0.0,0.0,0.0
4932.YJR105W,0.038832550086569384,0.04070300984534068,0.0,0.0,0.0,0.0,0.0,0.0,0.0,0.0,0.0,0.0,0.0,0.0
4932.YLR099C,0.03586445708632204,0.05882343421243878,0.0,0.0,0.0,0.0,0.0,0.0,0.0,0.0,0.0,0.0,0.0,0.0
4932.YGR175C,0.030670294335889192,0.05219737712869917,0.0,0.0,0.0,0.0,0.0,0.0,0.0,0.0,0.0,0.0,0.0,0.0
4932.YDR109C,0.016819193668068267,0.024399554762114698,0.0,0.0,0.0,0.0,0.0,0.0,0.0,0.0,0.0,0.0,0.0,0.0
4932.YMR296C,0.028938906752411578,0.044310201915256385,0.0,0.0,0.0,0.0,0.0,0.0,0.0,0.0,0.0,0.0,0.0,0.0
4932.YNR016C,0.03635913925302993,0.046911194806432785,0.0,0.0,0.0,0.0,0.0,0.0,0.0,0.0,0.0,0.0,0.0,0.0
4932.YLR099W-A,0.02918624783576552,0.050413319119453515,0.0,0.0,0.0,0.0,0.0,0.0,0.0,0.0,0.0,0.0,0.0,0.0
4932.YBR115C,0.04031659658669305,0.0650917717280694,0.0,0.0,0.0,0.0,0.0,0.0,0.0,0.0,0.0,0.0,0.0,0.0
4932.YML075C,0.012119713084343309,0.02146334793115399,0.0,0.0,0.0,0.0,0.0,0.0,0.0,0.0,0.0,0.0,0.0,0.0
4932.YIL176C,0.042047984170170666,0.07032025458835453,0.0,0.0,0.0,0.0,0.0,0.0,0.0,0.0,0.0,0.0,0.0,0.0
4932.YLR290C,0.023002720751916894,0.038277054712377315,0.0,0.0,0.0,0.0,0.0,0.0,0.0,0.0,0.0,0.0,0.0,0.0
4932.YEL047C,0.0427900074202325,0.046091522902193975,0.0,0.0,0.0,0.0,0.0,0.0,0.0,0.0,0.0,0.0,0.0,0.0
4932.YGR292W,0.01855058125154588,0.02382777849946554,0.0,0.0,0.0,0.0,0.0,0.0,0.0,0.0,0.0,0.0,0.0,0.0
4932.YMR058W,0.00964630225080386,0.02043563013699195,0.0,0.0,0.0,0.0,0.0,0.0,0.0,0.0,0.0,0.0,0.0,0.0
4932.YBL068W-A,0.02720751916893396,0.05299374035934078,0.0,0.0,0.0,0.0,0.0,0.0,0.0,0.0,0.0,0.0,0.0,0.0
4932.YLR070C,0.030670294335889192,0.049701242277336036,0.0,0.0,0.0,0.0,0.0,0.0,0.0,0.0,0.0,0.0,0.0,0.0
4932.YOR043W,0.01904526341825377,0.03844933546174463,0.0,0.0,0.0,0.0,0.0,0.0,0.0,0.0,0.0,0.0,0.0,0.0
4932.YHR059W,0.03215434083601286,0.03328420102970167,0.0,0.0,0.0,0.0,0.0,0.0,0.0,0.0,0.0,0.0,0.0,0.0
4932.YGR256W,0.016819193668068267,0.025640576649693367,0.0,0.0,0.0,0.0,0.0,0.0,0.0,0.0,0.0,0.0,0.0,0.0
4932.YHR037W,0.08360128617363344,0.10182337626341188,0.0,0.0,0.0,0.0,0.0,0.0,0.0,0.0,0.0,0.0,0.0,0.0
4932.YPL227C,0.023002720751916894,0.03260803518896332,0.0,0.0,0.0,0.0,0.0,0.0,0.0,0.0,0.0,0.0,0.0,0.0
4932.YBR222C,0.04946821667078902,0.08059790557065047,0.0,0.0,0.0,0.0,0.0,0.0,0.0,0.0,0.0,0.0,0.0,0.0
4932.YMR170C,0.08285926292357161,0.09803449215319385,0.0,0.0,0.0,0.0,0.0,0.0,0.0,0.0,0.0,0.0,0.0,0.0
4932.YGL085W,0.027949542418995797,0.053672962429903624,0.0,0.0,0.0,0.0,0.0,0.0,0.0,0.0,0.0,0.0,0.0,0.0
4932.YDR062W,0.02869156566905763,0.04423591205677801,0.0,0.0,0.0,0.0,0.0,0.0,0.0,0.0,0.0,0.0,0.0,0.0
4932.YOR236W,0.02275537966856295,0.03063670216679251,0.0,0.0,0.0,0.0,0.0,0.0,0.0,0.0,0.0,0.0,0.0,0.0
4932.Q0045,0.021518674251793223,0.01689189813879932,0.0,0.0,0.0,0.0,0.0,0.0,0.0,0.0,0.0,0.0,0.0,0.0
4932.YGL226W,0.009398961167449914,0.001378363332906189,0.0,0.0,0.0,0.0,0.0,0.0,0.0,0.0,0.0,0.0,0.0,0.0
4932.YPL118W,0.04180064308681672,0.0361760619356961,0.0,0.0,0.0,0.0,0.0,0.0,0.0,0.0,0.0,0.0,0.0,0.0
4932.YDR119W-A,0.006678209250556517,0.001229476162748527,0.0,0.0,0.0,0.0,0.0,0.0,0.0,0.0,0.0,0.0,0.0,0.0
4932.Q0105,0.018303240168191938,0.006206667777493107,0.0,0.0,0.0,0.0,0.0,0.0,0.0,0.0,0.0,0.0,0.0,0.0
4932.Q0065,0.02127133316843928,0.016629664644704962,0.0,0.0,0.0,0.0,0.0,0.0,0.0,0.0,0.0,0.0,0.0,0.0
4932.YMR014W,0.03190699975265892,0.0057342449758329365,0.0,0.0,0.0,0.0,0.0,0.0,0.0,0.0,0.0,0.0,0.0,0.0
4932.Q0115,0.014345782834528815,0.005752375247424933,0.0,0.0,0.0,0.0,0.0,0.0,0.0,0.0,0.0,0.0,0.0,0.0
4932.YHR001W-A,0.011377689834281475,0.0032047873785882603,0.0,0.0,0.0,0.0,0.0,0.0,0.0,0.0,0.0,0.0,0.0,0.0
4932.YPR191W,0.016324511501360377,0.005623562092118801,0.0,0.0,0.0,0.0,0.0,0.0,0.0,0.0,0.0,0.0,0.0,0.0
4932.YJL166W,0.013851100667820925,0.003693402894449978,0.0,0.0,0.0,0.0,0.0,0.0,0.0,0.0,0.0,0.0,0.0,0.0
4932.YDL174C,0.02918624783576552,0.024788030837905598,0.0,0.0,0.0,0.0,0.0,0.0,0.0,0.0,0.0,0.0,0.0,0.0
4932.Q0060,0.006678209250556517,0.001229476162748527,0.0,0.0,0.0,0.0,0.0,0.0,0.0,0.0,0.0,0.0,0.0,0.0
4932.YDL178W,0.022508038585209004,0.02150581023035914,0.0,0.0,0.0,0.0,0.0,0.0,0.0,0.0,0.0,0.0,0.0,0.0
4932.YDR353W,0.008904279000742024,0.007943943902307826,0.0,0.0,0.0,0.0,0.0,0.0,0.0,0.0,0.0,0.0,0.0,0.0
4932.YDL067C,0.008409596834034134,0.0013543256302857353,0.0,0.0,0.0,0.0,0.0,0.0,0.0,0.0,0.0,0.0,0.0,0.0
4932.YHR106W,0.009893643334157804,0.010344048776986359,0.0,0.0,0.0,0.0,0.0,0.0,0.0,0.0,0.0,0.0,0.0,0.0
4932.YOR065W,0.02671283700222607,0.008840602708385365,0.0,0.0,0.0,0.0,0.0,0.0,0.0,0.0,0.0,0.0,0.0,0.0
4932.YMR108W,0.03586445708632204,0.040362958464215795,0.0,0.0,0.0,0.0,0.0,0.0,0.0,0.0,0.0,0.0,0.0,0.0
4932.YEL039C,0.009893643334157804,0.003561846341584695,0.0,0.0,0.0,0.0,0.0,0.0,0.0,0.0,0.0,0.0,0.0,0.0
4932.Q0250,0.023497402918624784,0.01789452567745099,0.0,0.0,0.0,0.0,0.0,0.0,0.0,0.0,0.0,0.0,0.0,0.0
4932.YMR145C,0.003957457333663122,0.0015955264865094056,0.0,0.0,0.0,0.0,0.0,0.0,0.0,0.0,0.0,0.0,0.0,0.0
4932.YMR256C,0.007667573583972298,0.0015109922523338824,0.0,0.0,0.0,0.0,0.0,0.0,0.0,0.0,0.0,0.0,0.0,0.0
4932.Q0275,0.02275537966856295,0.018010138938712023,0.0,0.0,0.0,0.0,0.0,0.0,0.0,0.0,0.0,0.0,0.0,0.0
4932.YGL191W,0.007667573583972298,0.0013365974906776464,0.0,0.0,0.0,0.0,0.0,0.0,0.0,0.0,0.0,0.0,0.0,0.0
4932.YEL024W,0.03091763541924314,0.016552731619972037,0.0,0.0,0.0,0.0,0.0,0.0,0.0,0.0,0.0,0.0,0.0,0.0
4932.YMR244C-A,0.01113034875092753,0.0013718129162441325,0.0,0.0,0.0,0.0,0.0,0.0,0.0,0.0,0.0,0.0,0.0,0.0
4932.YBL045C,0.016819193668068267,0.0056768184898195505,0.0,0.0,0.0,0.0,0.0,0.0,0.0,0.0,0.0,0.0,0.0,0.0
4932.YLR395C,0.008162255750680188,0.0015724378824430506,0.0,0.0,0.0,0.0,0.0,0.0,0.0,0.0,0.0,0.0,0.0,0.0
4932.YML120C,0.003957457333663122,0.0015955264865094056,0.0,0.0,0.0,0.0,0.0,0.0,0.0,0.0,0.0,0.0,0.0,0.0
4932.YBR024W,0.004946821667078902,0.0015181737475661596,0.0,0.0,0.0,0.0,0.0,0.0,0.0,0.0,0.0,0.0,0.0,0.0
4932.YBR221C,0.036606480336383876,0.0391949557347864,0.0,0.0,0.0,0.0,0.0,0.0,0.0,0.0,0.0,0.0,0.0,0.0
4932.YPL109C,0.006430868167202572,0.0035078179372151365,0.0,0.0,0.0,0.0,0.0,0.0,0.0,0.0,0.0,0.0,0.0,0.0
4932.Q0120,0.01459312391788276,0.005905841136786171,0.0,0.0,0.0,0.0,0.0,0.0,0.0,0.0,0.0,0.0,0.0,0.0
4932.Q0070,0.02127133316843928,0.016629664644704962,0.0,0.0,0.0,0.0,0.0,0.0,0.0,0.0,0.0,0.0,0.0,0.0
4932.YGL187C,0.012861736334405145,0.0024768607224602878,0.0,0.0,0.0,0.0,0.0,0.0,0.0,0.0,0.0,0.0,0.0,0.0
4932.Q0110,0.014345782834528815,0.005752375247424933,0.0,0.0,0.0,0.0,0.0,0.0,0.0,0.0,0.0,0.0,0.0,0.0
4932.YIL111W,0.009398961167449914,0.001378363332906189,0.0,0.0,0.0,0.0,0.0,0.0,0.0,0.0,0.0,0.0,0.0,0.0
4932.YHR051W,0.009151620084095969,0.0015950415159064072,0.0,0.0,0.0,0.0,0.0,0.0,0.0,0.0,0.0,0.0,0.0,0.0
4932.YPL132W,0.004204798417017067,0.0014019550735084384,0.0,0.0,0.0,0.0,0.0,0.0,0.0,0.0,0.0,0.0,0.0,0.0
4932.YER141W,0.008409596834034134,0.0016043733051978228,0.0,0.0,0.0,0.0,0.0,0.0,0.0,0.0,0.0,0.0,0.0,0.0
4932.YBR037C,0.004946821667078902,0.0015181737475661596,0.0,0.0,0.0,0.0,0.0,0.0,0.0,0.0,0.0,0.0,0.0,0.0
4932.YGL119W,0.006183527083848627,0.00337631032088981,0.0,0.0,0.0,0.0,0.0,0.0,0.0,0.0,0.0,0.0,0.0,0.0
4932.YHR024C,0.019539945584961662,0.006531495348069643,0.0,0.0,0.0,0.0,0.0,0.0,0.0,0.0,0.0,0.0,0.0,0.0
4932.YJR048W,0.01014098441751175,0.0038181190519938446,0.0,0.0,0.0,0.0,0.0,0.0,0.0,0.0,0.0,0.0,0.0,0.0
4932.YPR004C,0.01459312391788276,0.02322960865830511,0.0,0.0,0.0,0.0,0.0,0.0,0.0,0.0,0.0,0.0,0.0,0.0
4932.YLL041C,0.02325006183527084,0.019195647024292477,0.0,0.0,0.0,0.0,0.0,0.0,0.0,0.0,0.0,0.0,0.0,0.0
4932.YDR529C,0.01607717041800643,0.005321485350144827,0.0,0.0,0.0,0.0,0.0,0.0,0.0,0.0,0.0,0.0,0.0,0.0
4932.YLR253W,0.006183527083848627,0.00337631032088981,0.0,0.0,0.0,0.0,0.0,0.0,0.0,0.0,0.0,0.0,0.0,0.0
4932.YDL085W,0.003957457333663122,0.0015955264865094056,0.0,0.0,0.0,0.0,0.0,0.0,0.0,0.0,0.0,0.0,0.0,0.0
4932.YEL020C,0.03833786791986149,0.04160649962292407,0.0,0.0,0.0,0.0,0.0,0.0,0.0,0.0,0.0,0.0,0.0,0.0
4932.YGR207C,0.012367054167697254,0.023520291171368404,0.0,0.0,0.0,0.0,0.0,0.0,0.0,0.0,0.0,0.0,0.0,0.0
4932.YFR033C,0.011872372000989364,0.003258284236921898,0.0,0.0,0.0,0.0,0.0,0.0,0.0,0.0,0.0,0.0,0.0,0.0
4932.YIL155C,0.015582488251298541,0.006553400130413486,0.0,0.0,0.0,0.0,0.0,0.0,0.0,0.0,0.0,0.0,0.0,0.0
4932.YLR163C,0.02077665100173139,0.006564666242006342,0.0,0.0,0.0,0.0,0.0,0.0,0.0,0.0,0.0,0.0,0.0,0.0
4932.YEL071W,0.022013356418501114,0.02104481481910611,0.0,0.0,0.0,0.0,0.0,0.0,0.0,0.0,0.0,0.0,0.0,0.0
4932.YML086C,0.022013356418501114,0.022154555630970307,0.0,0.0,0.0,0.0,0.0,0.0,0.0,0.0,0.0,0.0,0.0,0.0
4932.YGR183C,0.01805589908483799,0.0051401669489643444,0.0,0.0,0.0,0.0,0.0,0.0,0.0,0.0,0.0,0.0,0.0,0.0
4932.YNL052W,0.01310907741775909,0.0022601825394600703,0.0,0.0,0.0,0.0,0.0,0.0,0.0,0.0,0.0,0.0,0.0,0.0
4932.YDR148C,0.0455107593371259,0.053043709058725415,0.0,0.0,0.0,0.0,0.0,0.0,0.0,0.0,0.0,0.0,0.0,0.0
4932.YLR142W,0.008904279000742024,0.010577573330734872,0.0,0.0,0.0,0.0,0.0,0.0,0.0,0.0,0.0,0.0,0.0,0.0
4932.YMR118C,0.018303240168191938,0.017053226035239788,0.0,0.0,0.0,0.0,0.0,0.0,0.0,0.0,0.0,0.0,0.0,0.0
4932.YLR038C,0.007667573583972298,0.0013365974906776464,0.0,0.0,0.0,0.0,0.0,0.0,0.0,0.0,0.0,0.0,0.0,0.0
4932.YKL141W,0.020529309918377443,0.016890271777682694,0.0,0.0,0.0,0.0,0.0,0.0,0.0,0.0,0.0,0.0,0.0,0.0
4932.Q0075,0.017808558001484048,0.016232647936661345,0.0,0.0,0.0,0.0,0.0,0.0,0.0,0.0,0.0,0.0,0.0,0.0
4932.Q0080,0.006430868167202572,0.0009881935621776227,0.0,0.0,0.0,0.0,0.0,0.0,0.0,0.0,0.0,0.0,0.0,0.0
4932.Q0130,0.019539945584961662,0.004160756072692478,0.0,0.0,0.0,0.0,0.0,0.0,0.0,0.0,0.0,0.0,0.0,0.0
4932.YOR270C,0.020034627751669552,0.0025129978741962405,0.0,0.0,0.0,0.0,0.0,0.0,0.0,0.0,0.0,0.0,0.0,0.0
4932.YPL078C,0.009893643334157804,0.006021937498089774,0.0,0.0,0.0,0.0,0.0,0.0,0.0,0.0,0.0,0.0,0.0,0.0
4932.YDL004W,0.01459312391788276,0.00808921986245179,0.0,0.0,0.0,0.0,0.0,0.0,0.0,0.0,0.0,0.0,0.0,0.0
4932.YEL027W,0.02127133316843928,0.0032097928201292565,0.0,0.0,0.0,0.0,0.0,0.0,0.0,0.0,0.0,0.0,0.0,0.0
4932.YPR020W,0.008162255750680188,0.0032297164005353975,0.0,0.0,0.0,0.0,0.0,0.0,0.0,0.0,0.0,0.0,0.0,0.0
4932.YLR295C,0.006430868167202572,0.0009881935621776227,0.0,0.0,0.0,0.0,0.0,0.0,0.0,0.0,0.0,0.0,0.0,0.0
4932.YMR267W,0.009893643334157804,0.0012391536618107022,0.0,0.0,0.0,0.0,0.0,0.0,0.0,0.0,0.0,0.0,0.0,0.0
4932.YCL005W-A,0.01459312391788276,0.01175159860477587,0.0,0.0,0.0,0.0,0.0,0.0,0.0,0.0,0.0,0.0,0.0,0.0
4932.YML081C-A,0.006430868167202572,0.0009881935621776227,0.0,0.0,0.0,0.0,0.0,0.0,0.0,0.0,0.0,0.0,0.0,0.0
4932.YDR298C,0.0202819688350235,0.014667685919887732,0.0,0.0,0.0,0.0,0.0,0.0,0.0,0.0,0.0,0.0,0.0,0.0
4932.YPL234C,0.012119713084343309,0.002837116572319575,0.0,0.0,0.0,0.0,0.0,0.0,0.0,0.0,0.0,0.0,0.0,0.0
4932.Q0085,0.01409844175117487,0.008474512916020879,0.0,0.0,0.0,0.0,0.0,0.0,0.0,0.0,0.0,0.0,0.0,0.0
4932.YBR039W,0.020034627751669552,0.01463332162310294,0.0,0.0,0.0,0.0,0.0,0.0,0.0,0.0,0.0,0.0,0.0,0.0
4932.YDR377W,0.006678209250556517,0.001150052541845109,0.0,0.0,0.0,0.0,0.0,0.0,0.0,0.0,0.0,0.0,0.0,0.0
4932.YHR026W,0.013356418501113035,0.0028365102630747195,0.0,0.0,0.0,0.0,0.0,0.0,0.0,0.0,0.0,0.0,0.0,0.0
4932.YJR121W,0.02720751916893396,0.015770234830263113,0.0,0.0,0.0,0.0,0.0,0.0,0.0,0.0,0.0,0.0,0.0,0.0
4932.YOL077W-A,0.006430868167202572,0.0009881935621776227,0.0,0.0,0.0,0.0,0.0,0.0,0.0,0.0,0.0,0.0,0.0,0.0
4932.YMR054W,0.015087806084590651,0.0015149854917857887,0.0,0.0,0.0,0.0,0.0,0.0,0.0,0.0,0.0,0.0,0.0,0.0
4932.YKL016C,0.01063566658421964,0.006183761258839637,0.0,0.0,0.0,0.0,0.0,0.0,0.0,0.0,0.0,0.0,0.0,0.0
4932.YDR322C-A,0.005936186000494682,0.0009702286661350731,0.0,0.0,0.0,0.0,0.0,0.0,0.0,0.0,0.0,0.0,0.0,0.0
4932.YPL271W,0.00964630225080386,0.004487743187373692,0.0,0.0,0.0,0.0,0.0,0.0,0.0,0.0,0.0,0.0,0.0,0.0
4932.YLR447C,0.01063566658421964,0.0009017120887899403,0.0,0.0,0.0,0.0,0.0,0.0,0.0,0.0,0.0,0.0,0.0,0.0
4932.YOR020W-A,0.006430868167202572,0.0009881935621776227,0.0,0.0,0.0,0.0,0.0,0.0,0.0,0.0,0.0,0.0,0.0,0.0
4932.YBL099W,0.023744744001978728,0.01550114343404268,0.0,0.0,0.0,0.0,0.0,0.0,0.0,0.0,0.0,0.0,0.0,0.0
4932.YBR011C,0.009893643334157804,0.001239153661810702,0.0,0.0,0.0,0.0,0.0,0.0,0.0,0.0,0.0,0.0,0.0,0.0
4932.YDL227C,0.006678209250556517,0.0011751397059247969,0.0,0.0,0.0,0.0,0.0,0.0,0.0,0.0,0.0,0.0,0.0,0.0
4932.YBR127C,0.012119713084343309,0.0031798863849139595,0.0,0.0,0.0,0.0,0.0,0.0,0.0,0.0,0.0,0.0,0.0,0.0
4932.YKL024C,0.04229532525352461,0.00745868357941837,0.0,0.0,0.0,0.0,0.0,0.0,0.0,0.0,0.0,0.0,0.0,0.0
4932.YDL185W,0.009398961167449914,0.0013484650358136676,0.0,0.0,0.0,0.0,0.0,0.0,0.0,0.0,0.0,0.0,0.0,0.0
4932.YDR196C,0.01063566658421964,0.0018274769594464483,0.0,0.0,0.0,0.0,0.0,0.0,0.0,0.0,0.0,0.0,0.0,0.0
4932.YGR020C,0.009893643334157804,0.0013697197938575129,0.0,0.0,0.0,0.0,0.0,0.0,0.0,0.0,0.0,0.0,0.0,0.0
4932.YEL051W,0.014840465001236706,0.002498327225797267,0.0,0.0,0.0,0.0,0.0,0.0,0.0,0.0,0.0,0.0,0.0,0.0
4932.YJR154W,0.012367054167697254,0.004692508334046495,0.0,0.0,0.0,0.0,0.0,0.0,0.0,0.0,0.0,0.0,0.0,0.0
4932.YOR332W,0.01014098441751175,0.0013959077725117148,0.0,0.0,0.0,0.0,0.0,0.0,0.0,0.0,0.0,0.0,0.0,0.0
4932.YMR176W,0.01657185258471432,0.014304238533125237,0.0,0.0,0.0,0.0,0.0,0.0,0.0,0.0,0.0,0.0,0.0,0.0
4932.YOR063W,0.010883007667573585,0.0011574481904298157,0.0,0.0,0.0,0.0,0.0,0.0,0.0,0.0,0.0,0.0,0.0,0.0
4932.YGR220C,0.0037101162503091764,0.0011184070288406147,0.0,0.0,0.0,0.0,0.0,0.0,0.0,0.0,0.0,0.0,0.0,0.0
4932.YDR226W,0.04377937175364828,0.007693891046800124,0.0,0.0,0.0,0.0,0.0,0.0,0.0,0.0,0.0,0.0,0.0,0.0
4932.YJR119C,0.015829829334652486,0.01427383773462893,0.0,0.0,0.0,0.0,0.0,0.0,0.0,0.0,0.0,0.0,0.0,0.0
4932.YER170W,0.041058619836754885,0.007170726110055866,0.0,0.0,0.0,0.0,0.0,0.0,0.0,0.0,0.0,0.0,0.0,0.0
4932.YGL003C,0.011377689834281475,0.0024976197681382405,0.0,0.0,0.0,0.0,0.0,0.0,0.0,0.0,0.0,0.0,0.0,0.0
4932.YMR003W,0.01805589908483799,0.01630182435207642,0.0,0.0,0.0,0.0,0.0,0.0,0.0,0.0,0.0,0.0,0.0,0.0
4932.YDR067C,0.0017313875834776156,0.00046091938539492285,0.0,0.0,0.0,0.0,0.0,0.0,0.0,0.0,0.0,0.0,0.0,0.0
4932.YFR030W,0.015335147167944596,0.017883095761940547,0.0,0.0,0.0,0.0,0.0,0.0,0.0,0.0,0.0,0.0,0.0,0.0
4932.YOR356W,0.004946821667078902,0.008673185272974462,0.0,0.0,0.0,0.0,0.0,0.0,0.0,0.0,0.0,0.0,0.0,0.0
4932.YGL116W,0.0126143952510512,0.0025828760219461545,0.0,0.0,0.0,0.0,0.0,0.0,0.0,0.0,0.0,0.0,0.0,0.0
4932.YPR048W,0.015087806084590651,0.017042653178123684,0.0,0.0,0.0,0.0,0.0,0.0,0.0,0.0,0.0,0.0,0.0,0.0
4932.YHR202W,0.02819688350234974,0.008411167289029308,0.0,0.0,0.0,0.0,0.0,0.0,0.0,0.0,0.0,0.0,0.0,0.0
4932.YCR095C,0.001978728666831561,0.000526748347950677,0.0,0.0,0.0,0.0,0.0,0.0,0.0,0.0,0.0,0.0,0.0,0.0
4932.YGR225W,0.011377689834281475,0.0024955413554244277,0.0,0.0,0.0,0.0,0.0,0.0,0.0,0.0,0.0,0.0,0.0,0.0
4932.YBR052C,0.002968093000247341,0.0005262214901929559,0.0,0.0,0.0,0.0,0.0,0.0,0.0,0.0,0.0,0.0,0.0,0.0
4932.YCR004C,0.002968093000247341,0.0005262214901929559,0.0,0.0,0.0,0.0,0.0,0.0,0.0,0.0,0.0,0.0,0.0,0.0
4932.YNL099C,0.002226069750185506,0.0006420634476062821,0.0,0.0,0.0,0.0,0.0,0.0,0.0,0.0,0.0,0.0,0.0,0.0
4932.YNL032W,0.002226069750185506,0.0006230258732074345,0.0,0.0,0.0,0.0,0.0,0.0,0.0,0.0,0.0,0.0,0.0,0.0
4932.YPL246C,0.0009893643334157804,0.00017245633969354188,0.0,0.0,0.0,0.0,0.0,0.0,0.0,0.0,0.0,0.0,0.0,0.0
4932.YPL172C,0.00964630225080386,0.004321941742526984,0.0,0.0,0.0,0.0,0.0,0.0,0.0,0.0,0.0,0.0,0.0,0.0
4932.YDR032C,0.002968093000247341,0.0005262214901929559,0.0,0.0,0.0,0.0,0.0,0.0,0.0,0.0,0.0,0.0,0.0,0.0
4932.YNL056W,0.001978728666831561,0.0005214788893112865,0.0,0.0,0.0,0.0,0.0,0.0,0.0,0.0,0.0,0.0,0.0,0.0
4932.YHR042W,0.0202819688350235,0.019397147010562166,0.0,0.0,0.0,0.0,0.0,0.0,0.0,0.0,0.0,0.0,0.0,0.0
4932.YLL063C,0.02275537966856295,0.021171166802035356,0.0,0.0,0.0,0.0,0.0,0.0,0.0,0.0,0.0,0.0,0.0,0.0
4932.YDR375C,0.005688844917140738,0.0030465434043345056,0.0,0.0,0.0,0.0,0.0,0.0,0.0,0.0,0.0,0.0,0.0,0.0
4932.YNL037C,0.01978728666831561,0.015215924023287466,0.0,0.0,0.0,0.0,0.0,0.0,0.0,0.0,0.0,0.0,0.0,0.0
4932.YKR065C,0.006925550333910463,0.0010365459784503722,0.0,0.0,0.0,0.0,0.0,0.0,0.0,0.0,0.0,0.0,0.0,0.0
4932.YNL129W,0.022508038585209004,0.0048140727379295456,0.0,0.0,0.0,0.0,0.0,0.0,0.0,0.0,0.0,0.0,0.0,0.0
4932.YJL143W,0.007667573583972298,0.00105269073346149,0.0,0.0,0.0,0.0,0.0,0.0,0.0,0.0,0.0,0.0,0.0,0.0
4932.YIL022W,0.005936186000494682,0.0010313230560658946,0.0,0.0,0.0,0.0,0.0,0.0,0.0,0.0,0.0,0.0,0.0,0.0
4932.YLR304C,0.017808558001484048,0.00676363160039225,0.0,0.0,0.0,0.0,0.0,0.0,0.0,0.0,0.0,0.0,0.0,0.0
4932.YNL131W,0.008904279000742024,0.0011372308643236577,0.0,0.0,0.0,0.0,0.0,0.0,0.0,0.0,0.0,0.0,0.0,0.0
4932.YLR259C,0.00964630225080386,0.0014816250483927786,0.0,0.0,0.0,0.0,0.0,0.0,0.0,0.0,0.0,0.0,0.0,0.0
4932.YNL121C,0.008904279000742024,0.0011372308643236577,0.0,0.0,0.0,0.0,0.0,0.0,0.0,0.0,0.0,0.0,0.0,0.0
4932.YOR045W,0.008904279000742024,0.0011372308643236577,0.0,0.0,0.0,0.0,0.0,0.0,0.0,0.0,0.0,0.0,0.0,0.0
4932.YDL166C,0.010388325500865695,0.0017569522131441213,0.0,0.0,0.0,0.0,0.0,0.0,0.0,0.0,0.0,0.0,0.0,0.0
4932.YGR082W,0.008904279000742024,0.0011372308643236577,0.0,0.0,0.0,0.0,0.0,0.0,0.0,0.0,0.0,0.0,0.0,0.0
4932.YNR001C,0.032401681919366807,0.01981788794542899,0.0,0.0,0.0,0.0,0.0,0.0,0.0,0.0,0.0,0.0,0.0,0.0
4932.YMR203W,0.010388325500865695,0.0011408268361726736,0.0,0.0,0.0,0.0,0.0,0.0,0.0,0.0,0.0,0.0,0.0,0.0
4932.YMR056C,0.007667573583972298,0.0011437226546657491,0.0,0.0,0.0,0.0,0.0,0.0,0.0,0.0,0.0,0.0,0.0,0.0
4932.YLR008C,0.005936186000494682,0.0010313230560658946,0.0,0.0,0.0,0.0,0.0,0.0,0.0,0.0,0.0,0.0,0.0,0.0
4932.YPR036W,0.007914914667326243,0.0010094752401038952,0.0,0.0,0.0,0.0,0.0,0.0,0.0,0.0,0.0,0.0,0.0,0.0
4932.YNL070W,0.008904279000742024,0.0011372308643236577,0.0,0.0,0.0,0.0,0.0,0.0,0.0,0.0,0.0,0.0,0.0,0.0
4932.YJL129C,0.006430868167202572,0.0009443653494735876,0.0,0.0,0.0,0.0,0.0,0.0,0.0,0.0,0.0,0.0,0.0,0.0
4932.YGR033C,0.005936186000494682,0.0010313230560658946,0.0,0.0,0.0,0.0,0.0,0.0,0.0,0.0,0.0,0.0,0.0,0.0
4932.YNR041C,0.027454860252287907,0.015993785879737658,0.0,0.0,0.0,0.0,0.0,0.0,0.0,0.0,0.0,0.0,0.0,0.0
4932.YOR232W,0.008409596834034134,0.001746126914049743,0.0,0.0,0.0,0.0,0.0,0.0,0.0,0.0,0.0,0.0,0.0,0.0
4932.YPR133W-A,0.008904279000742024,0.0011372308643236577,0.0,0.0,0.0,0.0,0.0,0.0,0.0,0.0,0.0,0.0,0.0,0.0
4932.YPL063W,0.005936186000494682,0.0010313230560658943,0.0,0.0,0.0,0.0,0.0,0.0,0.0,0.0,0.0,0.0,0.0,0.0
4932.YNR017W,0.008904279000742024,0.0010770130771800464,0.0,0.0,0.0,0.0,0.0,0.0,0.0,0.0,0.0,0.0,0.0,0.0
4932.YJL054W,0.01014098441751175,0.001882716738072729,0.0,0.0,0.0,0.0,0.0,0.0,0.0,0.0,0.0,0.0,0.0,0.0
4932.YKR050W,0.006430868167202572,0.0009443653494735876,0.0,0.0,0.0,0.0,0.0,0.0,0.0,0.0,0.0,0.0,0.0,0.0
4932.YJL104W,0.005936186000494682,0.0010313230560658943,0.0,0.0,0.0,0.0,0.0,0.0,0.0,0.0,0.0,0.0,0.0,0.0
4932.YDL217C,0.007420232500618353,0.00126587551057206,0.0,0.0,0.0,0.0,0.0,0.0,0.0,0.0,0.0,0.0,0.0,0.0
4932.Q0140,0.01162503091763542,0.003075933215031648,0.0,0.0,0.0,0.0,0.0,0.0,0.0,0.0,0.0,0.0,0.0,0.0
4932.YJR101W,0.02127133316843928,0.0025879154341130264,0.0,0.0,0.0,0.0,0.0,0.0,0.0,0.0,0.0,0.0,0.0,0.0
4932.YBR146W,0.008656937917388079,0.0019292002148787273,0.0,0.0,0.0,0.0,0.0,0.0,0.0,0.0,0.0,0.0,0.0,0.0
4932.YDL078C,0.020529309918377443,0.019710899751851824,0.0,0.0,0.0,0.0,0.0,0.0,0.0,0.0,0.0,0.0,0.0,0.0
4932.YDR041W,0.008656937917388079,0.0019292002148787273,0.0,0.0,0.0,0.0,0.0,0.0,0.0,0.0,0.0,0.0,0.0,0.0
4932.YBR251W,0.00964630225080386,0.0019812327604891975,0.0,0.0,0.0,0.0,0.0,0.0,0.0,0.0,0.0,0.0,0.0,0.0
4932.YKL155C,0.008656937917388079,0.0019292002148787273,0.0,0.0,0.0,0.0,0.0,0.0,0.0,0.0,0.0,0.0,0.0,0.0
4932.YMR323W,0.020034627751669552,0.008548668478647067,0.0,0.0,0.0,0.0,0.0,0.0,0.0,0.0,0.0,0.0,0.0,0.0
4932.YOL126C,0.020529309918377443,0.01988483367318499,0.0,0.0,0.0,0.0,0.0,0.0,0.0,0.0,0.0,0.0,0.0,0.0
4932.YBR218C,0.01978728666831561,0.015546353463767088,0.0,0.0,0.0,0.0,0.0,0.0,0.0,0.0,0.0,0.0,0.0,0.0
4932.YIL093C,0.008656937917388079,0.0019292002148787273,0.0,0.0,0.0,0.0,0.0,0.0,0.0,0.0,0.0,0.0,0.0,0.0
4932.YPL281C,0.01904526341825377,0.007994731558316186,0.0,0.0,0.0,0.0,0.0,0.0,0.0,0.0,0.0,0.0,0.0,0.0
4932.YNL081C,0.009893643334157804,0.0022661037277966656,0.0,0.0,0.0,0.0,0.0,0.0,0.0,0.0,0.0,0.0,0.0,0.0
4932.YHR174W,0.0202819688350235,0.008041482923288205,0.0,0.0,0.0,0.0,0.0,0.0,0.0,0.0,0.0,0.0,0.0,0.0
4932.YGL129C,0.008656937917388079,0.0019292002148787273,0.0,0.0,0.0,0.0,0.0,0.0,0.0,0.0,0.0,0.0,0.0,0.0
4932.YHL029C,0.017808558001484048,0.01839224983044568,0.0,0.0,0.0,0.0,0.0,0.0,0.0,0.0,0.0,0.0,0.0,0.0
4932.YGR215W,0.008656937917388079,0.0019292002148787273,0.0,0.0,0.0,0.0,0.0,0.0,0.0,0.0,0.0,0.0,0.0,0.0
4932.YDR494W,0.008656937917388079,0.0019292002148787273,0.0,0.0,0.0,0.0,0.0,0.0,0.0,0.0,0.0,0.0,0.0,0.0
4932.YER050C,0.008656937917388079,0.0019292002148787273,0.0,0.0,0.0,0.0,0.0,0.0,0.0,0.0,0.0,0.0,0.0,0.0
4932.YPL013C,0.008656937917388079,0.0019292002148787273,0.0,0.0,0.0,0.0,0.0,0.0,0.0,0.0,0.0,0.0,0.0,0.0
4932.YPR166C,0.008904279000742024,0.0019308763711449425,0.0,0.0,0.0,0.0,0.0,0.0,0.0,0.0,0.0,0.0,0.0,0.0
4932.YHL004W,0.008656937917388079,0.0019292002148787273,0.0,0.0,0.0,0.0,0.0,0.0,0.0,0.0,0.0,0.0,0.0,0.0
4932.YKL085W,0.02077665100173139,0.01971195543834965,0.0,0.0,0.0,0.0,0.0,0.0,0.0,0.0,0.0,0.0,0.0,0.0
4932.YNR037C,0.008656937917388079,0.0019292002148787273,0.0,0.0,0.0,0.0,0.0,0.0,0.0,0.0,0.0,0.0,0.0,0.0
4932.YJR113C,0.008656937917388079,0.0019292002148787273,0.0,0.0,0.0,0.0,0.0,0.0,0.0,0.0,0.0,0.0,0.0,0.0
4932.YNL306W,0.008656937917388079,0.0019292002148787273,0.0,0.0,0.0,0.0,0.0,0.0,0.0,0.0,0.0,0.0,0.0,0.0
4932.YLR204W,0.008656937917388079,0.0019292002148787273,0.0,0.0,0.0,0.0,0.0,0.0,0.0,0.0,0.0,0.0,0.0,0.0
4932.YNL137C,0.01113034875092753,0.0023533078836484003,0.0,0.0,0.0,0.0,0.0,0.0,0.0,0.0,0.0,0.0,0.0,0.0
4932.YGR165W,0.008656937917388079,0.0019292002148787273,0.0,0.0,0.0,0.0,0.0,0.0,0.0,0.0,0.0,0.0,0.0,0.0
4932.YBL090W,0.008656937917388079,0.0019292002148787273,0.0,0.0,0.0,0.0,0.0,0.0,0.0,0.0,0.0,0.0,0.0,0.0
4932.YOR393W,0.021023992085085333,0.008757047034644135,0.0,0.0,0.0,0.0,0.0,0.0,0.0,0.0,0.0,0.0,0.0,0.0
4932.YDR337W,0.010388325500865695,0.0020306269036312764,0.0,0.0,0.0,0.0,0.0,0.0,0.0,0.0,0.0,0.0,0.0,0.0
4932.YNR036C,0.008656937917388079,0.0019292002148787273,0.0,0.0,0.0,0.0,0.0,0.0,0.0,0.0,0.0,0.0,0.0,0.0
4932.YDL045W-A,0.008656937917388079,0.0019292002148787273,0.0,0.0,0.0,0.0,0.0,0.0,0.0,0.0,0.0,0.0,0.0,0.0
4932.YDR161W,0.024486767252040565,0.007796106324277737,0.0,0.0,0.0,0.0,0.0,0.0,0.0,0.0,0.0,0.0,0.0,0.0
4932.YGR254W,0.020529309918377443,0.0081615679258419,0.0,0.0,0.0,0.0,0.0,0.0,0.0,0.0,0.0,0.0,0.0,0.0
4932.YMR188C,0.008656937917388079,0.0019292002148787273,0.0,0.0,0.0,0.0,0.0,0.0,0.0,0.0,0.0,0.0,0.0,0.0
4932.YGR084C,0.008656937917388079,0.0019292002148787273,0.0,0.0,0.0,0.0,0.0,0.0,0.0,0.0,0.0,0.0,0.0,0.0
4932.YMR158W,0.009398961167449914,0.002120314768148776,0.0,0.0,0.0,0.0,0.0,0.0,0.0,0.0,0.0,0.0,0.0,0.0
4932.YGL062W,0.02077665100173139,0.0156430081418233,0.0,0.0,0.0,0.0,0.0,0.0,0.0,0.0,0.0,0.0,0.0,0.0
4932.YOR158W,0.008656937917388079,0.0019292002148787273,0.0,0.0,0.0,0.0,0.0,0.0,0.0,0.0,0.0,0.0,0.0,0.0
4932.YDR175C,0.008656937917388079,0.0019292002148787273,0.0,0.0,0.0,0.0,0.0,0.0,0.0,0.0,0.0,0.0,0.0,0.0
4932.YKL003C,0.008656937917388079,0.0019292002148787273,0.0,0.0,0.0,0.0,0.0,0.0,0.0,0.0,0.0,0.0,0.0,0.0
4932.YDR347W,0.021518674251793223,0.0026371503683692158,0.0,0.0,0.0,0.0,0.0,0.0,0.0,0.0,0.0,0.0,0.0,0.0
4932.YIL157C,0.006183527083848627,0.0010083444683691566,0.0,0.0,0.0,0.0,0.0,0.0,0.0,0.0,0.0,0.0,0.0,0.0
4932.YDL210W,0.003215434083601286,0.0016846358251838968,0.0,0.0,0.0,0.0,0.0,0.0,0.0,0.0,0.0,0.0,0.0,0.0
4932.YLL061W,0.0027207519168933963,0.0011729354722838604,0.0,0.0,0.0,0.0,0.0,0.0,0.0,0.0,0.0,0.0,0.0,0.0
4932.YNL103W,0.006925550333910463,0.0006725488638896186,0.0,0.0,0.0,0.0,0.0,0.0,0.0,0.0,0.0,0.0,0.0,0.0
4932.YEL063C,0.002473410833539451,0.0007905775704549126,0.0,0.0,0.0,0.0,0.0,0.0,0.0,0.0,0.0,0.0,0.0,0.0
4932.YGR055W,0.002968093000247341,0.0011397146879298398,0.0,0.0,0.0,0.0,0.0,0.0,0.0,0.0,0.0,0.0,0.0,0.0
4932.YHL036W,0.0034627751669552313,0.0019022653263334965,0.0,0.0,0.0,0.0,0.0,0.0,0.0,0.0,0.0,0.0,0.0,0.0
4932.YAL001C,0.006925550333910463,0.00020171691211842097,0.0,0.0,0.0,0.0,0.0,0.0,0.0,0.0,0.0,0.0,0.0,0.0
4932.YBR154C,0.023744744001978728,0.00011451138885239346,0.0,0.0,0.0,0.0,0.0,0.0,0.0,0.0,0.0,0.0,0.0,0.0
4932.YNR003C,0.006183527083848627,3.976414888549593e-05,0.0,0.0,0.0,0.0,0.0,0.0,0.0,0.0,0.0,0.0,0.0,0.0
4932.YPR110C,0.01162503091763542,0.00045259640206952794,0.0,0.0,0.0,0.0,0.0,0.0,0.0,0.0,0.0,0.0,0.0,0.0
4932.YHR143W-A,0.023744744001978728,0.00011451138885239346,0.0,0.0,0.0,0.0,0.0,0.0,0.0,0.0,0.0,0.0,0.0,0.0
4932.YKL144C,0.006183527083848627,3.976414888549593e-05,0.0,0.0,0.0,0.0,0.0,0.0,0.0,0.0,0.0,0.0,0.0,0.0
4932.YNL039W,0.006678209250556517,3.9857932450934596e-05,0.0,0.0,0.0,0.0,0.0,0.0,0.0,0.0,0.0,0.0,0.0,0.0
4932.YNL113W,0.007420232500618353,5.539234932121824e-05,0.0,0.0,0.0,0.0,0.0,0.0,0.0,0.0,0.0,0.0,0.0,0.0
4932.YER148W,0.022013356418501114,0.00020622915968606742,0.0,0.0,0.0,0.0,0.0,0.0,0.0,0.0,0.0,0.0,0.0,0.0
4932.YBR123C,0.006678209250556517,3.9857932450934596e-05,0.0,0.0,0.0,0.0,0.0,0.0,0.0,0.0,0.0,0.0,0.0,0.0
4932.YNL151C,0.006183527083848627,3.976414888549593e-05,0.0,0.0,0.0,0.0,0.0,0.0,0.0,0.0,0.0,0.0,0.0,0.0
4932.YJL011C,0.006183527083848627,3.976414888549593e-05,0.0,0.0,0.0,0.0,0.0,0.0,0.0,0.0,0.0,0.0,0.0,0.0
4932.YOR210W,0.023744744001978728,0.00011451138885239346,0.0,0.0,0.0,0.0,0.0,0.0,0.0,0.0,0.0,0.0,0.0,0.0
4932.YKR025W,0.005936186000494682,3.702129433036421e-05,0.0,0.0,0.0,0.0,0.0,0.0,0.0,0.0,0.0,0.0,0.0,0.0
4932.YDR045C,0.007667573583972298,0.0002512226303275952,0.0,0.0,0.0,0.0,0.0,0.0,0.0,0.0,0.0,0.0,0.0,0.0
4932.YOR207C,0.006925550333910463,0.0004240710969769991,0.0,0.0,0.0,0.0,0.0,0.0,0.0,0.0,0.0,0.0,0.0,0.0
4932.YPR190C,0.006183527083848627,3.976414888549593e-05,0.0,0.0,0.0,0.0,0.0,0.0,0.0,0.0,0.0,0.0,0.0,0.0
4932.YDR362C,0.00964630225080386,0.00030999578178742167,0.0,0.0,0.0,0.0,0.0,0.0,0.0,0.0,0.0,0.0,0.0,0.0
4932.YPR186C,0.015335147167944596,0.0003783278642411111,0.0,0.0,0.0,0.0,0.0,0.0,0.0,0.0,0.0,0.0,0.0,0.0
4932.YGR246C,0.007667573583972298,4.176016736236396e-05,0.0,0.0,0.0,0.0,0.0,0.0,0.0,0.0,0.0,0.0,0.0,0.0
4932.YOR224C,0.023744744001978728,0.00011451138885239346,0.0,0.0,0.0,0.0,0.0,0.0,0.0,0.0,0.0,0.0,0.0,0.0
4932.YOR110W,0.001978728666831561,6.4680892947639825e-06,0.0,0.0,0.0,0.0,0.0,0.0,0.0,0.0,0.0,0.0,0.0,0.0
4932.YPL007C,0.001978728666831561,6.4680892947639825e-06,0.0,0.0,0.0,0.0,0.0,0.0,0.0,0.0,0.0,0.0,0.0,0.0
4932.YPR187W,0.023744744001978728,0.00011451138885239346,0.0,0.0,0.0,0.0,0.0,0.0,0.0,0.0,0.0,0.0,0.0,0.0
4932.YGL254W,0.008904279000742024,0.00028545709347245496,0.0,0.0,0.0,0.0,0.0,0.0,0.0,0.0,0.0,0.0,0.0,0.0
4932.YOR116C,0.008162255750680188,0.0019107022946991913,0.0,0.0,0.0,0.0,0.0,0.0,0.0,0.0,0.0,0.0,0.0,0.0
4932.YDL150W,0.006183527083848627,3.976414888549593e-05,0.0,0.0,0.0,0.0,0.0,0.0,0.0,0.0,0.0,0.0,0.0,0.0
4932.YGR047C,0.006678209250556517,3.9857932450934596e-05,0.0,0.0,0.0,0.0,0.0,0.0,0.0,0.0,0.0,0.0,0.0,0.0
4932.YAL002W,0.0017313875834776156,2.614018219525933e-06,0.0,0.0,0.0,0.0,0.0,0.0,0.0,0.0,0.0,0.0,0.0,0.0
4932.YPL045W,0.0017313875834776156,2.614018219525933e-06,0.0,0.0,0.0,0.0,0.0,0.0,0.0,0.0,0.0,0.0,0.0,0.0
4932.YLR396C,0.0017313875834776156,2.614018219525933e-06,0.0,0.0,0.0,0.0,0.0,0.0,0.0,0.0,0.0,0.0,0.0,0.0
4932.YDR495C,0.001978728666831561,0.0001975384853299467,0.0,0.0,0.0,0.0,0.0,0.0,0.0,0.0,0.0,0.0,0.0,0.0
4932.YDL077C,0.001978728666831561,0.00014881542622959887,0.0,0.0,0.0,0.0,0.0,0.0,0.0,0.0,0.0,0.0,0.0,0.0
4932.YLR148W,0.0017313875834776156,2.6140182195259325e-06,0.0,0.0,0.0,0.0,0.0,0.0,0.0,0.0,0.0,0.0,0.0,0.0
4932.YMR231W,0.0017313875834776156,2.6140182195259325e-06,0.0,0.0,0.0,0.0,0.0,0.0,0.0,0.0,0.0,0.0,0.0,0.0
4932.YDR080W,0.0014840465001236705,1.182068801861102e-06,0.0,0.0,0.0,0.0,0.0,0.0,0.0,0.0,0.0,0.0,0.0,0.0
4932.YAL003W,0.0007420232500618352,3.7530685262968584e-05,0.0,0.0,0.0,0.0,0.0,0.0,0.0,0.0,0.0,0.0,0.0,0.0
4932.YPL048W,0.004452139500371012,0.0033466356654911046,0.0,0.0,0.0,0.0,0.0,0.0,0.0,0.0,0.0,0.0,0.0,0.0
4932.YOR076C,0.002473410833539451,9.474662122924658e-05,0.0,0.0,0.0,0.0,0.0,0.0,0.0,0.0,0.0,0.0,0.0,0.0
4932.YBR118W,0.004699480583724957,0.0016985564458591043,0.0,0.0,0.0,0.0,0.0,0.0,0.0,0.0,0.0,0.0,0.0,0.0
4932.YAL004W,0.0002473410833539451,0.00047444083448550583,0.0,0.0,0.0,0.0,0.0,0.0,0.0,0.0,0.0,0.0,0.0,0.0
4932.YAL005C,0.007667573583972298,0.0003217009564045278,0.0,0.0,0.0,0.0,0.0,0.0,0.0,0.0,0.0,0.0,0.0,0.0
4932.YLR090W,0.008904279000742024,0.0011730947738107134,0.0,0.0,0.0,0.0,0.0,0.0,0.0,0.0,0.0,0.0,0.0,0.0
4932.YBL075C,0.007667573583972298,0.0003217009564045278,0.0,0.0,0.0,0.0,0.0,0.0,0.0,0.0,0.0,0.0,0.0,0.0
4932.YHR206W,0.0175612169181301,0.006946634263145861,0.0,0.0,0.0,0.0,0.0,0.0,0.0,0.0,0.0,0.0,0.0,0.0
4932.YGL107C,0.008904279000742024,0.0011730947738107134,0.0,0.0,0.0,0.0,0.0,0.0,0.0,0.0,0.0,0.0,0.0,0.0
4932.YNL077W,0.010388325500865695,0.001364972674446513,0.0,0.0,0.0,0.0,0.0,0.0,0.0,0.0,0.0,0.0,0.0,0.0
4932.YGR076C,0.008904279000742024,0.001125503657333533,0.0,0.0,0.0,0.0,0.0,0.0,0.0,0.0,0.0,0.0,0.0,0.0
4932.YLL024C,0.007667573583972298,0.0003217009564045278,0.0,0.0,0.0,0.0,0.0,0.0,0.0,0.0,0.0,0.0,0.0,0.0
4932.YOR027W,0.015582488251298541,0.011181669736749472,0.0,0.0,0.0,0.0,0.0,0.0,0.0,0.0,0.0,0.0,0.0,0.0
4932.YMR161W,0.008656937917388079,0.0010387991268037157,0.0,0.0,0.0,0.0,0.0,0.0,0.0,0.0,0.0,0.0,0.0,0.0
4932.YMR214W,0.009151620084095969,0.001199512421135664,0.0,0.0,0.0,0.0,0.0,0.0,0.0,0.0,0.0,0.0,0.0,0.0
4932.YGR111W,0.009151620084095969,0.0013266565195513683,0.0,0.0,0.0,0.0,0.0,0.0,0.0,0.0,0.0,0.0,0.0,0.0
4932.YNL064C,0.012119713084343309,0.001595773300026668,0.0,0.0,0.0,0.0,0.0,0.0,0.0,0.0,0.0,0.0,0.0,0.0
4932.YJL162C,0.009398961167449914,0.0014718513761981524,0.0,0.0,0.0,0.0,0.0,0.0,0.0,0.0,0.0,0.0,0.0,0.0
4932.YNL209W,0.007667573583972298,0.0003217009564045278,0.0,0.0,0.0,0.0,0.0,0.0,0.0,0.0,0.0,0.0,0.0,0.0
4932.YPR061C,0.009151620084095969,0.001178920360027482,0.0,0.0,0.0,0.0,0.0,0.0,0.0,0.0,0.0,0.0,0.0,0.0
4932.YOR140W,0.007172891417264408,0.00022991101407990804,0.0,0.0,0.0,0.0,0.0,0.0,0.0,0.0,0.0,0.0,0.0,0.0
4932.YJL073W,0.01706653475142221,0.0021251972134629957,0.0,0.0,0.0,0.0,0.0,0.0,0.0,0.0,0.0,0.0,0.0,0.0
4932.YPL240C,0.006678209250556517,0.00036916782235269966,0.0,0.0,0.0,0.0,0.0,0.0,0.0,0.0,0.0,0.0,0.0,0.0
4932.YJR097W,0.008904279000742024,0.0011730947738107134,0.0,0.0,0.0,0.0,0.0,0.0,0.0,0.0,0.0,0.0,0.0,0.0
4932.YMR186W,0.006430868167202572,0.00036914826822504517,0.0,0.0,0.0,0.0,0.0,0.0,0.0,0.0,0.0,0.0,0.0,0.0
4932.YNL007C,0.026960178085580017,0.0018580166383413298,0.0,0.0,0.0,0.0,0.0,0.0,0.0,0.0,0.0,0.0,0.0,0.0
4932.YER103W,0.007667573583972298,0.0003217009564045278,0.0,0.0,0.0,0.0,0.0,0.0,0.0,0.0,0.0,0.0,0.0,0.0
4932.YJR147W,0.007172891417264408,0.00022991101407990804,0.0,0.0,0.0,0.0,0.0,0.0,0.0,0.0,0.0,0.0,0.0,0.0
4932.YGL018C,0.008162255750680188,0.0002517427758376262,0.0,0.0,0.0,0.0,0.0,0.0,0.0,0.0,0.0,0.0,0.0,0.0
4932.YDL042C,0.006925550333910463,0.0009104781537450184,0.0,0.0,0.0,0.0,0.0,0.0,0.0,0.0,0.0,0.0,0.0,0.0
4932.YGL073W,0.007172891417264408,0.00022991101407990804,0.0,0.0,0.0,0.0,0.0,0.0,0.0,0.0,0.0,0.0,0.0,0.0
4932.YGR249W,0.007172891417264408,0.00022991101407990804,0.0,0.0,0.0,0.0,0.0,0.0,0.0,0.0,0.0,0.0,0.0,0.0
4932.YFL016C,0.009398961167449914,0.0014718513761981524,0.0,0.0,0.0,0.0,0.0,0.0,0.0,0.0,0.0,0.0,0.0,0.0
4932.YDL229W,0.007667573583972298,0.0003217009564045278,0.0,0.0,0.0,0.0,0.0,0.0,0.0,0.0,0.0,0.0,0.0,0.0
4932.YBR238C,0.008904279000742024,0.0011730947738107134,0.0,0.0,0.0,0.0,0.0,0.0,0.0,0.0,0.0,0.0,0.0,0.0
4932.YGL128C,0.008656937917388079,0.0010387991268037157,0.0,0.0,0.0,0.0,0.0,0.0,0.0,0.0,0.0,0.0,0.0,0.0
4932.YAL007C,0.008409596834034134,5.913502903358041e-05,0.0,0.0,0.0,0.0,0.0,0.0,0.0,0.0,0.0,0.0,0.0,0.0
4932.YFR051C,0.008409596834034134,5.913502903358041e-05,0.0,0.0,0.0,0.0,0.0,0.0,0.0,0.0,0.0,0.0,0.0,0.0
4932.YKL196C,0.016324511501360377,7.799845595928345e-05,0.0,0.0,0.0,0.0,0.0,0.0,0.0,0.0,0.0,0.0,0.0,0.0
4932.YNL204C,0.006678209250556517,3.646507207504422e-05,0.0,0.0,0.0,0.0,0.0,0.0,0.0,0.0,0.0,0.0,0.0,0.0
4932.YIL004C,0.012861736334405145,7.082002674793488e-05,0.0,0.0,0.0,0.0,0.0,0.0,0.0,0.0,0.0,0.0,0.0,0.0
4932.YDL226C,0.006678209250556517,3.646507207504422e-05,0.0,0.0,0.0,0.0,0.0,0.0,0.0,0.0,0.0,0.0,0.0,0.0
4932.YDL018C,0.008409596834034134,5.913502903358041e-05,0.0,0.0,0.0,0.0,0.0,0.0,0.0,0.0,0.0,0.0,0.0,0.0
4932.YGL002W,0.008409596834034134,5.913502903358041e-05,0.0,0.0,0.0,0.0,0.0,0.0,0.0,0.0,0.0,0.0,0.0,0.0
4932.YDL192W,0.008162255750680188,0.00010628689237479941,0.0,0.0,0.0,0.0,0.0,0.0,0.0,0.0,0.0,0.0,0.0,0.0
4932.YGR284C,0.013851100667820925,0.002193299287755939,0.0,0.0,0.0,0.0,0.0,0.0,0.0,0.0,0.0,0.0,0.0,0.0
4932.YGL098W,0.01162503091763542,8.442214419770198e-05,0.0,0.0,0.0,0.0,0.0,0.0,0.0,0.0,0.0,0.0,0.0,0.0
4932.YDR238C,0.018303240168191938,0.001276463224513449,0.0,0.0,0.0,0.0,0.0,0.0,0.0,0.0,0.0,0.0,0.0,0.0
4932.YDL058W,0.006183527083848627,1.9880659423388428e-05,0.0,0.0,0.0,0.0,0.0,0.0,0.0,0.0,0.0,0.0,0.0,0.0
4932.YDR498C,0.01162503091763542,8.442214419770198e-05,0.0,0.0,0.0,0.0,0.0,0.0,0.0,0.0,0.0,0.0,0.0,0.0
4932.YDL137W,0.007914914667326243,3.908030501798806e-05,0.0,0.0,0.0,0.0,0.0,0.0,0.0,0.0,0.0,0.0,0.0,0.0
4932.YGL200C,0.008409596834034134,5.913502903358041e-05,0.0,0.0,0.0,0.0,0.0,0.0,0.0,0.0,0.0,0.0,0.0,0.0
4932.YNL258C,0.006430868167202572,5.580693187880063e-05,0.0,0.0,0.0,0.0,0.0,0.0,0.0,0.0,0.0,0.0,0.0,0.0
4932.YGL145W,0.006430868167202572,5.580693187880063e-05,0.0,0.0,0.0,0.0,0.0,0.0,0.0,0.0,0.0,0.0,0.0,0.0
4932.YNL287W,0.008409596834034134,5.913502903358041e-05,0.0,0.0,0.0,0.0,0.0,0.0,0.0,0.0,0.0,0.0,0.0,0.0
4932.YHR110W,0.008409596834034134,5.913502903358041e-05,0.0,0.0,0.0,0.0,0.0,0.0,0.0,0.0,0.0,0.0,0.0,0.0
4932.YFL038C,0.016324511501360377,0.00011915761039247717,0.0,0.0,0.0,0.0,0.0,0.0,0.0,0.0,0.0,0.0,0.0,0.0
4932.YIL076W,0.008409596834034134,5.913502903358041e-05,0.0,0.0,0.0,0.0,0.0,0.0,0.0,0.0,0.0,0.0,0.0,0.0
4932.YDL145C,0.008409596834034134,5.913502903358041e-05,0.0,0.0,0.0,0.0,0.0,0.0,0.0,0.0,0.0,0.0,0.0,0.0
4932.YER122C,0.006678209250556517,3.646507207504423e-05,0.0,0.0,0.0,0.0,0.0,0.0,0.0,0.0,0.0,0.0,0.0,0.0
4932.YEL022W,0.007172891417264408,3.646896111055897e-05,0.0,0.0,0.0,0.0,0.0,0.0,0.0,0.0,0.0,0.0,0.0,0.0
4932.YOR075W,0.01162503091763542,8.442214419770198e-05,0.0,0.0,0.0,0.0,0.0,0.0,0.0,0.0,0.0,0.0,0.0,0.0
4932.YBL050W,0.011872372000989364,8.527282317352204e-05,0.0,0.0,0.0,0.0,0.0,0.0,0.0,0.0,0.0,0.0,0.0,0.0
4932.YLR268W,0.016819193668068267,9.456235619666642e-05,0.0,0.0,0.0,0.0,0.0,0.0,0.0,0.0,0.0,0.0,0.0,0.0
4932.YOR016C,0.008409596834034134,5.913502903358041e-05,0.0,0.0,0.0,0.0,0.0,0.0,0.0,0.0,0.0,0.0,0.0,0.0
4932.YAR002C-A,0.008409596834034134,5.913502903358041e-05,0.0,0.0,0.0,0.0,0.0,0.0,0.0,0.0,0.0,0.0,0.0,0.0
4932.YML012W,0.008409596834034134,5.913502903358041e-05,0.0,0.0,0.0,0.0,0.0,0.0,0.0,0.0,0.0,0.0,0.0,0.0
4932.YBR080C,0.012367054167697254,0.002677167374706261,0.0,0.0,0.0,0.0,0.0,0.0,0.0,0.0,0.0,0.0,0.0,0.0
4932.YBL040C,0.008409596834034134,5.913502903358041e-05,0.0,0.0,0.0,0.0,0.0,0.0,0.0,0.0,0.0,0.0,0.0,0.0
4932.YGL137W,0.008409596834034134,5.913502903358041e-05,0.0,0.0,0.0,0.0,0.0,0.0,0.0,0.0,0.0,0.0,0.0,0.0
4932.YPL010W,0.008409596834034134,5.913502903358041e-05,0.0,0.0,0.0,0.0,0.0,0.0,0.0,0.0,0.0,0.0,0.0,0.0
4932.YAL008W,0.0017313875834776156,1.3411055858646367e-05,0.0,0.0,0.0,0.0,0.0,0.0,0.0,0.0,0.0,0.0,0.0,0.0
4932.YBL078C,0.004699480583724957,1.995866483116219e-05,0.0,0.0,0.0,0.0,0.0,0.0,0.0,0.0,0.0,0.0,0.0,0.0
4932.YIL035C,0.02473410833539451,0.000511056411116327,0.0,0.0,0.0,0.0,0.0,0.0,0.0,0.0,0.0,0.0,0.0,0.0
4932.YBR217W,0.0027207519168933963,1.6521861860999184e-05,0.0,0.0,0.0,0.0,0.0,0.0,0.0,0.0,0.0,0.0,0.0,0.0
4932.YPL149W,0.0014840465001236705,8.86666205586383e-07,0.0,0.0,0.0,0.0,0.0,0.0,0.0,0.0,0.0,0.0,0.0,0.0
4932.YGL180W,0.008904279000742024,0.00020081185658896042,0.0,0.0,0.0,0.0,0.0,0.0,0.0,0.0,0.0,0.0,0.0,0.0
4932.YGL019W,0.02473410833539451,0.000511056411116327,0.0,0.0,0.0,0.0,0.0,0.0,0.0,0.0,0.0,0.0,0.0,0.0
4932.YOR061W,0.02473410833539451,0.000511056411116327,0.0,0.0,0.0,0.0,0.0,0.0,0.0,0.0,0.0,0.0,0.0,0.0
4932.YAL009W,0.06208261192184022,0.08690487195908164,0.0,0.0,0.0,0.0,0.0,0.0,0.0,0.0,0.0,0.0,0.0,0.0
4932.YHR004C,0.0002473410833539451,0.0006345566669374971,0.0,0.0,0.0,0.0,0.0,0.0,0.0,0.0,0.0,0.0,0.0,0.0
4932.YDR459C,0.002968093000247341,0.007411877902356942,0.0,0.0,0.0,0.0,0.0,0.0,0.0,0.0,0.0,0.0,0.0,0.0
4932.YMR126C,0.002968093000247341,0.007411877902356942,0.0,0.0,0.0,0.0,0.0,0.0,0.0,0.0,0.0,0.0,0.0,0.0
4932.YCR059C,0.009398961167449914,0.012294579749680113,0.0,0.0,0.0,0.0,0.0,0.0,0.0,0.0,0.0,0.0,0.0,0.0
4932.YNR033W,0.01409844175117487,0.012143039779669176,0.0,0.0,0.0,0.0,0.0,0.0,0.0,0.0,0.0,0.0,0.0,0.0
4932.YLR246W,0.004946821667078902,0.008739491087154152,0.0,0.0,0.0,0.0,0.0,0.0,0.0,0.0,0.0,0.0,0.0,0.0
4932.YDR481C,0.0126143952510512,0.004703154663931112,0.0,0.0,0.0,0.0,0.0,0.0,0.0,0.0,0.0,0.0,0.0,0.0
4932.YJR122W,0.008162255750680188,0.01351638338670262,0.0,0.0,0.0,0.0,0.0,0.0,0.0,0.0,0.0,0.0,0.0,0.0
4932.YNL048W,0.01929260450160772,0.009677317774716903,0.0,0.0,0.0,0.0,0.0,0.0,0.0,0.0,0.0,0.0,0.0,0.0
4932.YBR110W,0.019539945584961662,0.00991954655095018,0.0,0.0,0.0,0.0,0.0,0.0,0.0,0.0,0.0,0.0,0.0,0.0
4932.YAL010C,0.004452139500371012,9.155726246678137e-05,0.0,0.0,0.0,0.0,0.0,0.0,0.0,0.0,0.0,0.0,0.0,0.0
4932.YAL048C,0.004946821667078902,9.325924355545975e-05,0.0,0.0,0.0,0.0,0.0,0.0,0.0,0.0,0.0,0.0,0.0,0.0
4932.YDR049W,0.004204798417017067,9.148172852317374e-05,0.0,0.0,0.0,0.0,0.0,0.0,0.0,0.0,0.0,0.0,0.0,0.0
4932.YHR083W,0.005936186000494682,9.445156089473727e-05,0.0,0.0,0.0,0.0,0.0,0.0,0.0,0.0,0.0,0.0,0.0,0.0
4932.YLL001W,0.0017313875834776156,1.0420023820826773e-05,0.0,0.0,0.0,0.0,0.0,0.0,0.0,0.0,0.0,0.0,0.0,0.0
4932.YLL006W,0.004452139500371012,9.155726246678137e-05,0.0,0.0,0.0,0.0,0.0,0.0,0.0,0.0,0.0,0.0,0.0,0.0
4932.YOL009C,0.004452139500371012,9.155726246678137e-05,0.0,0.0,0.0,0.0,0.0,0.0,0.0,0.0,0.0,0.0,0.0,0.0
4932.YBR170C,0.010883007667573585,0.00011909539073143254,0.0,0.0,0.0,0.0,0.0,0.0,0.0,0.0,0.0,0.0,0.0,0.0
4932.YNL026W,0.007420232500618353,0.0003832453492165443,0.0,0.0,0.0,0.0,0.0,0.0,0.0,0.0,0.0,0.0,0.0,0.0
4932.YGL219C,0.004452139500371012,9.155726246678137e-05,0.0,0.0,0.0,0.0,0.0,0.0,0.0,0.0,0.0,0.0,0.0,0.0
4932.YDL126C,0.024239426168686618,0.003413498197374925,0.0,0.0,0.0,0.0,0.0,0.0,0.0,0.0,0.0,0.0,0.0,0.0
4932.YMR060C,0.005936186000494682,9.445156089473727e-05,0.0,0.0,0.0,0.0,0.0,0.0,0.0,0.0,0.0,0.0,0.0,0.0
4932.YAL011W,0.006678209250556517,1.1759552478042824e-05,0.0,0.0,0.0,0.0,0.0,0.0,0.0,0.0,0.0,0.0,0.0,0.0
4932.YDR359C,0.009398961167449914,1.3873179269437271e-05,0.0,0.0,0.0,0.0,0.0,0.0,0.0,0.0,0.0,0.0,0.0,0.0
4932.YJL081C,0.012367054167697254,1.6341091557811146e-05,0.0,0.0,0.0,0.0,0.0,0.0,0.0,0.0,0.0,0.0,0.0,0.0
4932.YOR189W,0.006678209250556517,1.1759552478042824e-05,0.0,0.0,0.0,0.0,0.0,0.0,0.0,0.0,0.0,0.0,0.0,0.0
4932.YEL044W,0.006678209250556517,1.1759552478042824e-05,0.0,0.0,0.0,0.0,0.0,0.0,0.0,0.0,0.0,0.0,0.0,0.0
4932.YGL150C,0.006678209250556517,1.1759552478042824e-05,0.0,0.0,0.0,0.0,0.0,0.0,0.0,0.0,0.0,0.0,0.0,0.0
4932.YOR141C,0.006678209250556517,1.1759552478042824e-05,0.0,0.0,0.0,0.0,0.0,0.0,0.0,0.0,0.0,0.0,0.0,0.0
4932.YML041C,0.006678209250556517,1.1759552478042824e-05,0.0,0.0,0.0,0.0,0.0,0.0,0.0,0.0,0.0,0.0,0.0,0.0
4932.YLR399C,0.006678209250556517,1.1759552478042824e-05,0.0,0.0,0.0,0.0,0.0,0.0,0.0,0.0,0.0,0.0,0.0,0.0
4932.YER092W,0.006678209250556517,1.1759552478042824e-05,0.0,0.0,0.0,0.0,0.0,0.0,0.0,0.0,0.0,0.0,0.0,0.0
4932.YOR213C,0.009398961167449914,1.3873179269437271e-05,0.0,0.0,0.0,0.0,0.0,0.0,0.0,0.0,0.0,0.0,0.0,0.0
4932.YPL129W,0.023992085085332675,0.000938301780118127,0.0,0.0,0.0,0.0,0.0,0.0,0.0,0.0,0.0,0.0,0.0,0.0
4932.YDL002C,0.006678209250556517,1.1759552478042824e-05,0.0,0.0,0.0,0.0,0.0,0.0,0.0,0.0,0.0,0.0,0.0,0.0
4932.YDR190C,0.010883007667573585,0.00010353059648868996,0.0,0.0,0.0,0.0,0.0,0.0,0.0,0.0,0.0,0.0,0.0,0.0
4932.YNL059C,0.006678209250556517,1.1759552478042824e-05,0.0,0.0,0.0,0.0,0.0,0.0,0.0,0.0,0.0,0.0,0.0,0.0
4932.YLR385C,0.006678209250556517,1.1759552478042824e-05,0.0,0.0,0.0,0.0,0.0,0.0,0.0,0.0,0.0,0.0,0.0,0.0
4932.YLR052W,0.006678209250556517,1.1759552478042824e-05,0.0,0.0,0.0,0.0,0.0,0.0,0.0,0.0,0.0,0.0,0.0,0.0
4932.YNL215W,0.006678209250556517,1.1759552478042824e-05,0.0,0.0,0.0,0.0,0.0,0.0,0.0,0.0,0.0,0.0,0.0,0.0
4932.YNL107W,0.009398961167449914,1.3873179269437271e-05,0.0,0.0,0.0,0.0,0.0,0.0,0.0,0.0,0.0,0.0,0.0,0.0
4932.YFL013C,0.006925550333910463,4.902222733391389e-05,0.0,0.0,0.0,0.0,0.0,0.0,0.0,0.0,0.0,0.0,0.0,0.0
4932.YLR085C,0.006678209250556517,1.1759552478042824e-05,0.0,0.0,0.0,0.0,0.0,0.0,0.0,0.0,0.0,0.0,0.0,0.0
4932.YDR485C,0.006678209250556517,1.1759552478042824e-05,0.0,0.0,0.0,0.0,0.0,0.0,0.0,0.0,0.0,0.0,0.0,0.0
4932.YBR231C,0.006678209250556517,1.1759552478042824e-05,0.0,0.0,0.0,0.0,0.0,0.0,0.0,0.0,0.0,0.0,0.0,0.0
4932.YGR002C,0.009398961167449914,1.3873179269437271e-05,0.0,0.0,0.0,0.0,0.0,0.0,0.0,0.0,0.0,0.0,0.0,0.0
4932.YFL039C,0.01805589908483799,0.00014435762397240482,0.0,0.0,0.0,0.0,0.0,0.0,0.0,0.0,0.0,0.0,0.0,0.0
4932.YDR334W,0.006678209250556517,1.1759552478042824e-05,0.0,0.0,0.0,0.0,0.0,0.0,0.0,0.0,0.0,0.0,0.0,0.0
4932.YPL235W,0.010883007667573585,0.00010353059648868996,0.0,0.0,0.0,0.0,0.0,0.0,0.0,0.0,0.0,0.0,0.0,0.0
4932.YDR106W,0.007667573583972298,1.1762098571982877e-05,0.0,0.0,0.0,0.0,0.0,0.0,0.0,0.0,0.0,0.0,0.0,0.0
4932.YAL012W,0.01657185258471432,0.012926860988859618,0.0,0.0,0.0,0.0,0.0,0.0,0.0,0.0,0.0,0.0,0.0,0.0
4932.YGL115W,0.024239426168686618,0.013349678355596391,0.0,0.0,0.0,0.0,0.0,0.0,0.0,0.0,0.0,0.0,0.0,0.0
4932.YGL056C,0.01855058125154588,0.013213839842460743,0.0,0.0,0.0,0.0,0.0,0.0,0.0,0.0,0.0,0.0,0.0,0.0
4932.YJR137C,0.01855058125154588,0.011572730284604753,0.0,0.0,0.0,0.0,0.0,0.0,0.0,0.0,0.0,0.0,0.0,0.0
4932.YPL023C,0.013851100667820925,0.009021924947759642,0.0,0.0,0.0,0.0,0.0,0.0,0.0,0.0,0.0,0.0,0.0,0.0
4932.YGR171C,0.0009893643334157804,0.00027599845129333626,0.0,0.0,0.0,0.0,0.0,0.0,0.0,0.0,0.0,0.0,0.0,0.0
4932.YCL064C,0.01855058125154588,0.018066026583554867,0.0,0.0,0.0,0.0,0.0,0.0,0.0,0.0,0.0,0.0,0.0,0.0
4932.YHR112C,0.012861736334405145,0.011589092036984962,0.0,0.0,0.0,0.0,0.0,0.0,0.0,0.0,0.0,0.0,0.0,0.0
4932.YJL101C,0.007667573583972298,0.003969420951617756,0.0,0.0,0.0,0.0,0.0,0.0,0.0,0.0,0.0,0.0,0.0,0.0
4932.YML082W,0.01360375958446698,0.01085130483677704,0.0,0.0,0.0,0.0,0.0,0.0,0.0,0.0,0.0,0.0,0.0,0.0
4932.YKL106W,0.02720751916893396,0.023787313596937178,0.0,0.0,0.0,0.0,0.0,0.0,0.0,0.0,0.0,0.0,0.0,0.0
4932.YLR027C,0.027454860252287907,0.023846906806392322,0.0,0.0,0.0,0.0,0.0,0.0,0.0,0.0,0.0,0.0,0.0,0.0
4932.YER091C,0.01855058125154588,0.021008264287419743,0.0,0.0,0.0,0.0,0.0,0.0,0.0,0.0,0.0,0.0,0.0,0.0
4932.YJR148W,0.03190699975265892,0.02948551596734364,0.0,0.0,0.0,0.0,0.0,0.0,0.0,0.0,0.0,0.0,0.0,0.0
4932.YKL218C,0.013356418501113035,0.014659795673492047,0.0,0.0,0.0,0.0,0.0,0.0,0.0,0.0,0.0,0.0,0.0,0.0
4932.YGR077C,0.01162503091763542,0.0036354340941044424,0.0,0.0,0.0,0.0,0.0,0.0,0.0,0.0,0.0,0.0,0.0,0.0
4932.YJR139C,0.015582488251298541,0.014426217351746226,0.0,0.0,0.0,0.0,0.0,0.0,0.0,0.0,0.0,0.0,0.0,0.0
4932.YHR009C,0.02226069750185506,0.021056083571667144,0.0,0.0,0.0,0.0,0.0,0.0,0.0,0.0,0.0,0.0,0.0,0.0
4932.YMR321C,0.014345782834528815,0.010589385616649764,0.0,0.0,0.0,0.0,0.0,0.0,0.0,0.0,0.0,0.0,0.0,0.0
4932.YPL273W,0.016324511501360377,0.01119425658036313,0.0,0.0,0.0,0.0,0.0,0.0,0.0,0.0,0.0,0.0,0.0,0.0
4932.YOR285W,0.01310907741775909,0.004472836978991809,0.0,0.0,0.0,0.0,0.0,0.0,0.0,0.0,0.0,0.0,0.0,0.0
4932.YOR286W,0.01310907741775909,0.004472836978991809,0.0,0.0,0.0,0.0,0.0,0.0,0.0,0.0,0.0,0.0,0.0,0.0
4932.YJL218W,0.009398961167449914,0.003612715469062271,0.0,0.0,0.0,0.0,0.0,0.0,0.0,0.0,0.0,0.0,0.0,0.0
4932.YFR055W,0.015335147167944596,0.012340436323754252,0.0,0.0,0.0,0.0,0.0,0.0,0.0,0.0,0.0,0.0,0.0,0.0
4932.YJR130C,0.013851100667820925,0.012258317599288335,0.0,0.0,0.0,0.0,0.0,0.0,0.0,0.0,0.0,0.0,0.0,0.0
4932.YLL058W,0.013851100667820925,0.012258317599288335,0.0,0.0,0.0,0.0,0.0,0.0,0.0,0.0,0.0,0.0,0.0,0.0
4932.YMR190C,0.0037101162503091764,0.001051843021097987,0.0,0.0,0.0,0.0,0.0,0.0,0.0,0.0,0.0,0.0,0.0,0.0
4932.YGR012W,0.02077665100173139,0.013201517562326757,0.0,0.0,0.0,0.0,0.0,0.0,0.0,0.0,0.0,0.0,0.0,0.0
4932.YHR208W,0.03190699975265892,0.029301367914260846,0.0,0.0,0.0,0.0,0.0,0.0,0.0,0.0,0.0,0.0,0.0,0.0
4932.YLL062C,0.015829829334652486,0.011232832692078396,0.0,0.0,0.0,0.0,0.0,0.0,0.0,0.0,0.0,0.0,0.0,0.0
4932.YNL182C,0.012367054167697254,0.0019232456898779257,0.0,0.0,0.0,0.0,0.0,0.0,0.0,0.0,0.0,0.0,0.0,0.0
4932.YER043C,0.005936186000494682,0.002743778211904997,0.0,0.0,0.0,0.0,0.0,0.0,0.0,0.0,0.0,0.0,0.0,0.0
4932.YGL125W,0.01360375958446698,0.009082222334135113,0.0,0.0,0.0,0.0,0.0,0.0,0.0,0.0,0.0,0.0,0.0,0.0
4932.YGL184C,0.015087806084590651,0.012376216440465533,0.0,0.0,0.0,0.0,0.0,0.0,0.0,0.0,0.0,0.0,0.0,0.0
4932.YIL083C,0.006183527083848627,0.002430842297915314,0.0,0.0,0.0,0.0,0.0,0.0,0.0,0.0,0.0,0.0,0.0,0.0
4932.YHR025W,0.006925550333910463,0.003584351954066999,0.0,0.0,0.0,0.0,0.0,0.0,0.0,0.0,0.0,0.0,0.0,0.0
4932.YER052C,0.01459312391788276,0.00669035005164569,0.0,0.0,0.0,0.0,0.0,0.0,0.0,0.0,0.0,0.0,0.0,0.0
4932.YGR155W,0.02127133316843928,0.015642317762632266,0.0,0.0,0.0,0.0,0.0,0.0,0.0,0.0,0.0,0.0,0.0,0.0
4932.YLR303W,0.01409844175117487,0.010857300474225593,0.0,0.0,0.0,0.0,0.0,0.0,0.0,0.0,0.0,0.0,0.0,0.0
4932.YBR214W,0.01929260450160772,0.0132781872034156,0.0,0.0,0.0,0.0,0.0,0.0,0.0,0.0,0.0,0.0,0.0,0.0
4932.YFR044C,0.015582488251298541,0.007503668394144829,0.0,0.0,0.0,0.0,0.0,0.0,0.0,0.0,0.0,0.0,0.0,0.0
4932.YOR251C,0.008162255750680188,0.002272920757280134,0.0,0.0,0.0,0.0,0.0,0.0,0.0,0.0,0.0,0.0,0.0,0.0
4932.YGR264C,0.001978728666831561,0.00033615377665388335,0.0,0.0,0.0,0.0,0.0,0.0,0.0,0.0,0.0,0.0,0.0,0.0
4932.YER086W,0.01805589908483799,0.017935471153124775,0.0,0.0,0.0,0.0,0.0,0.0,0.0,0.0,0.0,0.0,0.0,0.0
4932.YAL013W,0.008162255750680188,0.0002799434800598761,0.0,0.0,0.0,0.0,0.0,0.0,0.0,0.0,0.0,0.0,0.0,0.0
4932.YCR033W,0.006925550333910463,7.01025406013115e-05,0.0,0.0,0.0,0.0,0.0,0.0,0.0,0.0,0.0,0.0,0.0,0.0
4932.YBL054W,0.005688844917140738,5.640893962798495e-05,0.0,0.0,0.0,0.0,0.0,0.0,0.0,0.0,0.0,0.0,0.0,0.0
4932.YER088C,0.011377689834281475,0.0028963184188636865,0.0,0.0,0.0,0.0,0.0,0.0,0.0,0.0,0.0,0.0,0.0,0.0
4932.YPL016W,0.005688844917140738,1.7554452534258237e-05,0.0,0.0,0.0,0.0,0.0,0.0,0.0,0.0,0.0,0.0,0.0,0.0
4932.YNL330C,0.008904279000742024,0.000420527096408876,0.0,0.0,0.0,0.0,0.0,0.0,0.0,0.0,0.0,0.0,0.0,0.0
4932.YDL076C,0.007172891417264408,5.8476989607242046e-05,0.0,0.0,0.0,0.0,0.0,0.0,0.0,0.0,0.0,0.0,0.0,0.0
4932.YPR023C,0.009893643334157804,3.624360794273171e-05,0.0,0.0,0.0,0.0,0.0,0.0,0.0,0.0,0.0,0.0,0.0,0.0
4932.YMR053C,0.0054415038337867925,2.6290520935479396e-05,0.0,0.0,0.0,0.0,0.0,0.0,0.0,0.0,0.0,0.0,0.0,0.0
4932.YGL194C,0.007914914667326243,9.161310950855615e-05,0.0,0.0,0.0,0.0,0.0,0.0,0.0,0.0,0.0,0.0,0.0,0.0
4932.YDR207C,0.00964630225080386,0.0014574843012174676,0.0,0.0,0.0,0.0,0.0,0.0,0.0,0.0,0.0,0.0,0.0,0.0
4932.YMR075W,0.005194162750432847,2.4522952823334613e-05,0.0,0.0,0.0,0.0,0.0,0.0,0.0,0.0,0.0,0.0,0.0,0.0
4932.YKL072W,0.0054415038337867925,2.62905209354794e-05,0.0,0.0,0.0,0.0,0.0,0.0,0.0,0.0,0.0,0.0,0.0,0.0
4932.YNL097C,0.007914914667326243,5.9823359300236664e-05,0.0,0.0,0.0,0.0,0.0,0.0,0.0,0.0,0.0,0.0,0.0,0.0
4932.YMR263W,0.007420232500618353,5.8604241492209256e-05,0.0,0.0,0.0,0.0,0.0,0.0,0.0,0.0,0.0,0.0,0.0,0.0
4932.YPL181W,0.007172891417264408,5.847698960724203e-05,0.0,0.0,0.0,0.0,0.0,0.0,0.0,0.0,0.0,0.0,0.0,0.0
4932.YOR064C,0.007172891417264408,0.00011799135873229,0.0,0.0,0.0,0.0,0.0,0.0,0.0,0.0,0.0,0.0,0.0,0.0
4932.YLR183C,0.005688844917140738,5.6408939627984936e-05,0.0,0.0,0.0,0.0,0.0,0.0,0.0,0.0,0.0,0.0,0.0,0.0
4932.YNL309W,0.006925550333910463,5.394412534164792e-05,0.0,0.0,0.0,0.0,0.0,0.0,0.0,0.0,0.0,0.0,0.0,0.0
4932.YBR103W,0.009893643334157804,0.0013736385233513772,0.0,0.0,0.0,0.0,0.0,0.0,0.0,0.0,0.0,0.0,0.0,0.0
4932.YBR195C,0.007914914667326243,5.861049179224876e-05,0.0,0.0,0.0,0.0,0.0,0.0,0.0,0.0,0.0,0.0,0.0,0.0
4932.YKL185W,0.007172891417264408,5.847698960724203e-05,0.0,0.0,0.0,0.0,0.0,0.0,0.0,0.0,0.0,0.0,0.0,0.0
4932.YIL084C,0.007420232500618353,5.8604241492209256e-05,0.0,0.0,0.0,0.0,0.0,0.0,0.0,0.0,0.0,0.0,0.0,0.0
4932.YJL105W,0.006430868167202572,6.977205050922932e-05,0.0,0.0,0.0,0.0,0.0,0.0,0.0,0.0,0.0,0.0,0.0,0.0
4932.YEL056W,0.007914914667326243,5.8663752166190305e-05,0.0,0.0,0.0,0.0,0.0,0.0,0.0,0.0,0.0,0.0,0.0,0.0
4932.YPL139C,0.007420232500618353,5.8604241492209256e-05,0.0,0.0,0.0,0.0,0.0,0.0,0.0,0.0,0.0,0.0,0.0,0.0
4932.YOL004W,0.007914914667326243,7.383159734984997e-05,0.0,0.0,0.0,0.0,0.0,0.0,0.0,0.0,0.0,0.0,0.0,0.0
4932.YKR029C,0.006430868167202572,6.977205050922932e-05,0.0,0.0,0.0,0.0,0.0,0.0,0.0,0.0,0.0,0.0,0.0,0.0
4932.YOR229W,0.007420232500618353,5.8604241492209256e-05,0.0,0.0,0.0,0.0,0.0,0.0,0.0,0.0,0.0,0.0,0.0,0.0
4932.YBR095C,0.007420232500618353,0.0002203359692747284,0.0,0.0,0.0,0.0,0.0,0.0,0.0,0.0,0.0,0.0,0.0,0.0
4932.YOR230W,0.007420232500618353,5.8604241492209256e-05,0.0,0.0,0.0,0.0,0.0,0.0,0.0,0.0,0.0,0.0,0.0,0.0
4932.YAL014C,0.006430868167202572,3.176066576447662e-05,0.0,0.0,0.0,0.0,0.0,0.0,0.0,0.0,0.0,0.0,0.0,0.0
4932.YDR468C,0.006678209250556517,5.116747626674046e-05,0.0,0.0,0.0,0.0,0.0,0.0,0.0,0.0,0.0,0.0,0.0,0.0
4932.YLR093C,0.006430868167202572,3.176066576447662e-05,0.0,0.0,0.0,0.0,0.0,0.0,0.0,0.0,0.0,0.0,0.0,0.0
4932.YLR078C,0.010883007667573585,6.008620635056265e-05,0.0,0.0,0.0,0.0,0.0,0.0,0.0,0.0,0.0,0.0,0.0,0.0
4932.YMR197C,0.007172891417264408,5.3206117168374184e-05,0.0,0.0,0.0,0.0,0.0,0.0,0.0,0.0,0.0,0.0,0.0,0.0
4932.YOL018C,0.006678209250556517,5.116747626674046e-05,0.0,0.0,0.0,0.0,0.0,0.0,0.0,0.0,0.0,0.0,0.0,0.0
4932.YMR183C,0.007420232500618353,0.00013625106747672727,0.0,0.0,0.0,0.0,0.0,0.0,0.0,0.0,0.0,0.0,0.0,0.0
4932.YOR106W,0.006430868167202572,3.176066576447662e-05,0.0,0.0,0.0,0.0,0.0,0.0,0.0,0.0,0.0,0.0,0.0,0.0
4932.YAL030W,0.006430868167202572,3.176066576447662e-05,0.0,0.0,0.0,0.0,0.0,0.0,0.0,0.0,0.0,0.0,0.0,0.0
4932.YOR327C,0.006430868167202572,3.176066576447662e-05,0.0,0.0,0.0,0.0,0.0,0.0,0.0,0.0,0.0,0.0,0.0,0.0
4932.YHL031C,0.006678209250556517,5.116747626674046e-05,0.0,0.0,0.0,0.0,0.0,0.0,0.0,0.0,0.0,0.0,0.0,0.0
4932.YKL006C-A,0.006678209250556517,5.116747626674046e-05,0.0,0.0,0.0,0.0,0.0,0.0,0.0,0.0,0.0,0.0,0.0,0.0
4932.YNR049C,0.00964630225080386,0.0002805980190869377,0.0,0.0,0.0,0.0,0.0,0.0,0.0,0.0,0.0,0.0,0.0,0.0
4932.YPL232W,0.007172891417264408,5.749546501093355e-05,0.0,0.0,0.0,0.0,0.0,0.0,0.0,0.0,0.0,0.0,0.0,0.0
4932.YMR017W,0.015829829334652486,0.0012618668975799584,0.0,0.0,0.0,0.0,0.0,0.0,0.0,0.0,0.0,0.0,0.0,0.0
4932.YOR036W,0.006430868167202572,3.176066576447662e-05,0.0,0.0,0.0,0.0,0.0,0.0,0.0,0.0,0.0,0.0,0.0,0.0
4932.YGL095C,0.006678209250556517,3.176234700933494e-05,0.0,0.0,0.0,0.0,0.0,0.0,0.0,0.0,0.0,0.0,0.0,0.0
4932.YGR009C,0.018303240168191938,0.0013523908477877777,0.0,0.0,0.0,0.0,0.0,0.0,0.0,0.0,0.0,0.0,0.0,0.0
4932.YGL212W,0.006430868167202572,3.176066576447662e-05,0.0,0.0,0.0,0.0,0.0,0.0,0.0,0.0,0.0,0.0,0.0,0.0
4932.YLR026C,0.01113034875092753,0.0001388418088163565,0.0,0.0,0.0,0.0,0.0,0.0,0.0,0.0,0.0,0.0,0.0,0.0
4932.YAL015C,0.0002473410833539451,3.3380324233660764e-46,0.0,0.0,0.0,0.0,0.0,0.0,0.0,0.0,0.0,0.0,0.0,0.0
4932.YOL043C,0.0002473410833539451,3.3380324233660764e-46,0.0,0.0,0.0,0.0,0.0,0.0,0.0,0.0,0.0,0.0,0.0,0.0
4932.YAL016W,0.008656937917388079,0.0007036782509048633,0.0,0.0,0.0,0.0,0.0,0.0,0.0,0.0,0.0,0.0,0.0,0.0
4932.YDL047W,0.005194162750432847,7.303318213824659e-05,0.0,0.0,0.0,0.0,0.0,0.0,0.0,0.0,0.0,0.0,0.0,0.0
4932.YIL153W,0.002968093000247341,1.966396059264402e-05,0.0,0.0,0.0,0.0,0.0,0.0,0.0,0.0,0.0,0.0,0.0,0.0
4932.YJL076W,0.002473410833539451,2.785335510375539e-05,0.0,0.0,0.0,0.0,0.0,0.0,0.0,0.0,0.0,0.0,0.0,0.0
4932.YHR030C,0.007172891417264408,0.00022990903150832577,0.0,0.0,0.0,0.0,0.0,0.0,0.0,0.0,0.0,0.0,0.0,0.0
4932.YGR162W,0.004946821667078902,0.0002416916352838414,0.0,0.0,0.0,0.0,0.0,0.0,0.0,0.0,0.0,0.0,0.0,0.0
4932.YKR096W,0.01162503091763542,0.01388968418753095,0.0,0.0,0.0,0.0,0.0,0.0,0.0,0.0,0.0,0.0,0.0,0.0
4932.YGL190C,0.007172891417264408,0.0006919927754486082,0.0,0.0,0.0,0.0,0.0,0.0,0.0,0.0,0.0,0.0,0.0,0.0
4932.YFR023W,0.0034627751669552313,0.00022834126003944643,0.0,0.0,0.0,0.0,0.0,0.0,0.0,0.0,0.0,0.0,0.0,0.0
4932.YHR205W,0.005688844917140738,0.00024243707818099818,0.0,0.0,0.0,0.0,0.0,0.0,0.0,0.0,0.0,0.0,0.0,0.0
4932.YHR015W,0.0034627751669552313,0.00022834126003944643,0.0,0.0,0.0,0.0,0.0,0.0,0.0,0.0,0.0,0.0,0.0,0.0
4932.YOR195W,0.004204798417017067,0.0011714008758143778,0.0,0.0,0.0,0.0,0.0,0.0,0.0,0.0,0.0,0.0,0.0,0.0
4932.YGR040W,0.016819193668068267,0.0007585905265456352,0.0,0.0,0.0,0.0,0.0,0.0,0.0,0.0,0.0,0.0,0.0,0.0
4932.YGL049C,0.004946821667078902,0.00024169163528384144,0.0,0.0,0.0,0.0,0.0,0.0,0.0,0.0,0.0,0.0,0.0,0.0
4932.YDL134C,0.01063566658421964,0.0007395383743237257,0.0,0.0,0.0,0.0,0.0,0.0,0.0,0.0,0.0,0.0,0.0,0.0
4932.YDR075W,0.002968093000247341,1.966396059264402e-05,0.0,0.0,0.0,0.0,0.0,0.0,0.0,0.0,0.0,0.0,0.0,0.0
4932.YOR073W,0.0009893643334157804,1.1214133758293217e-05,0.0,0.0,0.0,0.0,0.0,0.0,0.0,0.0,0.0,0.0,0.0,0.0
4932.YDL188C,0.0037101162503091764,6.0784095567038826e-05,0.0,0.0,0.0,0.0,0.0,0.0,0.0,0.0,0.0,0.0,0.0,0.0
4932.YMR080C,0.003957457333663122,0.00022844744762667637,0.0,0.0,0.0,0.0,0.0,0.0,0.0,0.0,0.0,0.0,0.0,0.0
4932.YIL151C,0.01113034875092753,0.013019779281021139,0.0,0.0,0.0,0.0,0.0,0.0,0.0,0.0,0.0,0.0,0.0,0.0
4932.YPL152W,0.002968093000247341,1.966396059264402e-05,0.0,0.0,0.0,0.0,0.0,0.0,0.0,0.0,0.0,0.0,0.0,0.0
4932.YNL201C,0.002968093000247341,1.966396059264402e-05,0.0,0.0,0.0,0.0,0.0,0.0,0.0,0.0,0.0,0.0,0.0,0.0
4932.YKL190W,0.007172891417264408,0.00033500405054303934,0.0,0.0,0.0,0.0,0.0,0.0,0.0,0.0,0.0,0.0,0.0,0.0
4932.YLR233C,0.004946821667078902,0.00023941552672233495,0.0,0.0,0.0,0.0,0.0,0.0,0.0,0.0,0.0,0.0,0.0,0.0
4932.YPL178W,0.016819193668068267,0.00029528551671761,0.0,0.0,0.0,0.0,0.0,0.0,0.0,0.0,0.0,0.0,0.0,0.0
4932.YER165W,0.0034627751669552313,0.00022834126003944643,0.0,0.0,0.0,0.0,0.0,0.0,0.0,0.0,0.0,0.0,0.0,0.0
4932.YLR433C,0.002968093000247341,1.966396059264402e-05,0.0,0.0,0.0,0.0,0.0,0.0,0.0,0.0,0.0,0.0,0.0,0.0
4932.YOR014W,0.004699480583724957,3.179008622529309e-05,0.0,0.0,0.0,0.0,0.0,0.0,0.0,0.0,0.0,0.0,0.0,0.0
4932.YKL126W,0.004699480583724957,0.00022569784164130333,0.0,0.0,0.0,0.0,0.0,0.0,0.0,0.0,0.0,0.0,0.0,0.0
4932.YDR206W,0.0037101162503091764,0.00022840048845493594,0.0,0.0,0.0,0.0,0.0,0.0,0.0,0.0,0.0,0.0,0.0,0.0
4932.YML057W,0.002968093000247341,1.966396059264402e-05,0.0,0.0,0.0,0.0,0.0,0.0,0.0,0.0,0.0,0.0,0.0,0.0
4932.YMR125W,0.016819193668068267,0.00029528551671761,0.0,0.0,0.0,0.0,0.0,0.0,0.0,0.0,0.0,0.0,0.0,0.0
4932.YBL046W,0.002968093000247341,1.966396059264402e-05,0.0,0.0,0.0,0.0,0.0,0.0,0.0,0.0,0.0,0.0,0.0,0.0
4932.YDR435C,0.0007420232500618352,1.5590926040007722e-05,0.0,0.0,0.0,0.0,0.0,0.0,0.0,0.0,0.0,0.0,0.0,0.0
4932.YBL016W,0.006678209250556517,0.0001440693616712745,0.0,0.0,0.0,0.0,0.0,0.0,0.0,0.0,0.0,0.0,0.0,0.0
4932.YAL017W,0.005194162750432847,0.0027143391915291047,0.0,0.0,0.0,0.0,0.0,0.0,0.0,0.0,0.0,0.0,0.0,0.0
4932.YOR298W,0.023744744001978728,0.021759228077147096,0.0,0.0,0.0,0.0,0.0,0.0,0.0,0.0,0.0,0.0,0.0,0.0
4932.YDR300C,0.016819193668068267,0.012900122123628533,0.0,0.0,0.0,0.0,0.0,0.0,0.0,0.0,0.0,0.0,0.0,0.0
4932.YBL011W,0.008656937917388079,0.0028693600760633813,0.0,0.0,0.0,0.0,0.0,0.0,0.0,0.0,0.0,0.0,0.0,0.0
4932.YKR067W,0.008656937917388079,0.0028693600760633813,0.0,0.0,0.0,0.0,0.0,0.0,0.0,0.0,0.0,0.0,0.0,0.0
4932.YDL022W,0.01409844175117487,0.00782170289555414,0.0,0.0,0.0,0.0,0.0,0.0,0.0,0.0,0.0,0.0,0.0,0.0
4932.YHR033W,0.018303240168191938,0.013250034226817524,0.0,0.0,0.0,0.0,0.0,0.0,0.0,0.0,0.0,0.0,0.0,0.0
4932.YOL059W,0.014345782834528815,0.007765852759150516,0.0,0.0,0.0,0.0,0.0,0.0,0.0,0.0,0.0,0.0,0.0,0.0
4932.YOR323C,0.007667573583972298,0.002782883629953349,0.0,0.0,0.0,0.0,0.0,0.0,0.0,0.0,0.0,0.0,0.0,0.0
4932.YOR175C,0.0126143952510512,0.003751122711187768,0.0,0.0,0.0,0.0,0.0,0.0,0.0,0.0,0.0,0.0,0.0,0.0
4932.YNL083W,0.007420232500618353,0.0018142146269416804,0.0,0.0,0.0,0.0,0.0,0.0,0.0,0.0,0.0,0.0,0.0,0.0
4932.YDR018C,0.023992085085332675,0.023111950874792824,0.0,0.0,0.0,0.0,0.0,0.0,0.0,0.0,0.0,0.0,0.0,0.0
4932.YBR042C,0.02325006183527084,0.020326792636265835,0.0,0.0,0.0,0.0,0.0,0.0,0.0,0.0,0.0,0.0,0.0,0.0
4932.YML043C,0.01904526341825377,0.003997520226218209,0.0,0.0,0.0,0.0,0.0,0.0,0.0,0.0,0.0,0.0,0.0,0.0
4932.YDL052C,0.02918624783576552,0.02191202127861583,0.0,0.0,0.0,0.0,0.0,0.0,0.0,0.0,0.0,0.0,0.0,0.0
4932.YBR229C,0.007172891417264408,0.001717249134210255,0.0,0.0,0.0,0.0,0.0,0.0,0.0,0.0,0.0,0.0,0.0,0.0
4932.YAL018C,0.002968093000247341,0.001155106639991747,0.0,0.0,0.0,0.0,0.0,0.0,0.0,0.0,0.0,0.0,0.0,0.0
4932.YAL020C,0.004204798417017067,0.0001025371243577478,0.0,0.0,0.0,0.0,0.0,0.0,0.0,0.0,0.0,0.0,0.0,0.0
4932.YKR017C,0.004452139500371012,8.585145347567581e-06,0.0,0.0,0.0,0.0,0.0,0.0,0.0,0.0,0.0,0.0,0.0,0.0
4932.YJR049C,0.03413306950284442,0.012961415484436458,0.0,0.0,0.0,0.0,0.0,0.0,0.0,0.0,0.0,0.0,0.0,0.0
4932.YPL054W,0.004452139500371012,1.1975538731927375e-05,0.0,0.0,0.0,0.0,0.0,0.0,0.0,0.0,0.0,0.0,0.0,0.0
4932.YMR247C,0.005194162750432847,3.496194907972426e-05,0.0,0.0,0.0,0.0,0.0,0.0,0.0,0.0,0.0,0.0,0.0,0.0
4932.YDL132W,0.00964630225080386,6.25883919731956e-05,0.0,0.0,0.0,0.0,0.0,0.0,0.0,0.0,0.0,0.0,0.0,0.0
4932.YML068W,0.003957457333663122,8.581799114808828e-06,0.0,0.0,0.0,0.0,0.0,0.0,0.0,0.0,0.0,0.0,0.0,0.0
4932.YLR024C,0.004699480583724957,1.3280343776967315e-05,0.0,0.0,0.0,0.0,0.0,0.0,0.0,0.0,0.0,0.0,0.0,0.0
4932.YGL141W,0.003957457333663122,8.581799114808828e-06,0.0,0.0,0.0,0.0,0.0,0.0,0.0,0.0,0.0,0.0,0.0,0.0
4932.YPR154W,0.012861736334405145,0.0004413930075413789,0.0,0.0,0.0,0.0,0.0,0.0,0.0,0.0,0.0,0.0,0.0,0.0
4932.YKL010C,0.003957457333663122,8.581799114808828e-06,0.0,0.0,0.0,0.0,0.0,0.0,0.0,0.0,0.0,0.0,0.0,0.0
4932.YKL059C,0.00964630225080386,0.00011464632414009575,0.0,0.0,0.0,0.0,0.0,0.0,0.0,0.0,0.0,0.0,0.0,0.0
4932.YCR072C,0.003957457333663122,8.581799114808828e-06,0.0,0.0,0.0,0.0,0.0,0.0,0.0,0.0,0.0,0.0,0.0,0.0
4932.YER125W,0.008409596834034134,9.861297130060654e-05,0.0,0.0,0.0,0.0,0.0,0.0,0.0,0.0,0.0,0.0,0.0,0.0
4932.YDL190C,0.004452139500371012,0.0002325398017553385,0.0,0.0,0.0,0.0,0.0,0.0,0.0,0.0,0.0,0.0,0.0,0.0
4932.YDR457W,0.003957457333663122,8.581799114808828e-06,0.0,0.0,0.0,0.0,0.0,0.0,0.0,0.0,0.0,0.0,0.0,0.0
4932.YJR141W,0.003957457333663122,8.581799114808828e-06,0.0,0.0,0.0,0.0,0.0,0.0,0.0,0.0,0.0,0.0,0.0,0.0
4932.YJR036C,0.005194162750432847,1.0561104798379038e-05,0.0,0.0,0.0,0.0,0.0,0.0,0.0,0.0,0.0,0.0,0.0,0.0
4932.YAL021C,0.008904279000742024,0.00019459416695617705,0.0,0.0,0.0,0.0,0.0,0.0,0.0,0.0,0.0,0.0,0.0,0.0
4932.YKR036C,0.005688844917140738,0.00010100907896646016,0.0,0.0,0.0,0.0,0.0,0.0,0.0,0.0,0.0,0.0,0.0,0.0
4932.YGL213C,0.009151620084095969,0.00014504082532019465,0.0,0.0,0.0,0.0,0.0,0.0,0.0,0.0,0.0,0.0,0.0,0.0
4932.YGR134W,0.00964630225080386,0.011041186712246284,0.0,0.0,0.0,0.0,0.0,0.0,0.0,0.0,0.0,0.0,0.0,0.0
4932.YNL139C,0.006678209250556517,0.00011372647345605754,0.0,0.0,0.0,0.0,0.0,0.0,0.0,0.0,0.0,0.0,0.0,0.0
4932.YML069W,0.012861736334405145,0.00012073002356277909,0.0,0.0,0.0,0.0,0.0,0.0,0.0,0.0,0.0,0.0,0.0,0.0
4932.YDR138W,0.009151620084095969,0.0012525306656207009,0.0,0.0,0.0,0.0,0.0,0.0,0.0,0.0,0.0,0.0,0.0,0.0
4932.YPL046C,0.014345782834528815,0.0001463338398662746,0.0,0.0,0.0,0.0,0.0,0.0,0.0,0.0,0.0,0.0,0.0,0.0
4932.YGL244W,0.005936186000494682,0.00010715962678538833,0.0,0.0,0.0,0.0,0.0,0.0,0.0,0.0,0.0,0.0,0.0,0.0
4932.YLR226W,0.016324511501360377,0.0001524252059209039,0.0,0.0,0.0,0.0,0.0,0.0,0.0,0.0,0.0,0.0,0.0,0.0
4932.YHR167W,0.006678209250556517,0.00011372647345605754,0.0,0.0,0.0,0.0,0.0,0.0,0.0,0.0,0.0,0.0,0.0,0.0
4932.YKL139W,0.012861736334405145,0.00013331135160111885,0.0,0.0,0.0,0.0,0.0,0.0,0.0,0.0,0.0,0.0,0.0,0.0
4932.YGR116W,0.005936186000494682,0.00010715962678538833,0.0,0.0,0.0,0.0,0.0,0.0,0.0,0.0,0.0,0.0,0.0,0.0
4932.YNL230C,0.007172891417264408,0.00013361267410553324,0.0,0.0,0.0,0.0,0.0,0.0,0.0,0.0,0.0,0.0,0.0,0.0
4932.YPR072W,0.002968093000247341,8.884537865409654e-05,0.0,0.0,0.0,0.0,0.0,0.0,0.0,0.0,0.0,0.0,0.0,0.0
4932.YML062C,0.006678209250556517,0.00011372647345605754,0.0,0.0,0.0,0.0,0.0,0.0,0.0,0.0,0.0,0.0,0.0,0.0
4932.YNR052C,0.002968093000247341,8.884537865409654e-05,0.0,0.0,0.0,0.0,0.0,0.0,0.0,0.0,0.0,0.0,0.0,0.0
4932.YKL160W,0.005936186000494682,0.00010715962678538833,0.0,0.0,0.0,0.0,0.0,0.0,0.0,0.0,0.0,0.0,0.0,0.0
4932.YIL038C,0.002968093000247341,8.884537865409654e-05,0.0,0.0,0.0,0.0,0.0,0.0,0.0,0.0,0.0,0.0,0.0,0.0
4932.YFL028C,0.002968093000247341,8.884537865409654e-05,0.0,0.0,0.0,0.0,0.0,0.0,0.0,0.0,0.0,0.0,0.0,0.0
4932.YNL288W,0.002968093000247341,8.884537865409654e-05,0.0,0.0,0.0,0.0,0.0,0.0,0.0,0.0,0.0,0.0,0.0,0.0
4932.YJL006C,0.016324511501360377,0.0001524252059209039,0.0,0.0,0.0,0.0,0.0,0.0,0.0,0.0,0.0,0.0,0.0,0.0
4932.YDR252W,0.004204798417017067,0.00011983016447363051,0.0,0.0,0.0,0.0,0.0,0.0,0.0,0.0,0.0,0.0,0.0,0.0
4932.YCR093W,0.002968093000247341,8.884537865409654e-05,0.0,0.0,0.0,0.0,0.0,0.0,0.0,0.0,0.0,0.0,0.0,0.0
4932.YOL042W,0.002968093000247341,8.884537865409654e-05,0.0,0.0,0.0,0.0,0.0,0.0,0.0,0.0,0.0,0.0,0.0,0.0
4932.YGR063C,0.0126143952510512,0.0001352373129213866,0.0,0.0,0.0,0.0,0.0,0.0,0.0,0.0,0.0,0.0,0.0,0.0
4932.YLR418C,0.005936186000494682,0.00010715962678538833,0.0,0.0,0.0,0.0,0.0,0.0,0.0,0.0,0.0,0.0,0.0,0.0
4932.YBR279W,0.006430868167202572,0.00010897391911160886,0.0,0.0,0.0,0.0,0.0,0.0,0.0,0.0,0.0,0.0,0.0,0.0
4932.YPL101W,0.007172891417264408,0.00010720149546471547,0.0,0.0,0.0,0.0,0.0,0.0,0.0,0.0,0.0,0.0,0.0,0.0
4932.YML010W,0.01310907741775909,0.000135803773820419,0.0,0.0,0.0,0.0,0.0,0.0,0.0,0.0,0.0,0.0,0.0,0.0
4932.YPR161C,0.015829829334652486,0.00015043596691740119,0.0,0.0,0.0,0.0,0.0,0.0,0.0,0.0,0.0,0.0,0.0,0.0
4932.YGL207W,0.012861736334405145,0.00012073002356277909,0.0,0.0,0.0,0.0,0.0,0.0,0.0,0.0,0.0,0.0,0.0,0.0
4932.YOR123C,0.005936186000494682,0.00010715962678538833,0.0,0.0,0.0,0.0,0.0,0.0,0.0,0.0,0.0,0.0,0.0,0.0
4932.YOL145C,0.01706653475142221,0.010597828190793215,0.0,0.0,0.0,0.0,0.0,0.0,0.0,0.0,0.0,0.0,0.0,0.0
4932.YER068W,0.002968093000247341,8.884537865409654e-05,0.0,0.0,0.0,0.0,0.0,0.0,0.0,0.0,0.0,0.0,0.0,0.0
4932.YML112W,0.008656937917388079,0.00011534930261284027,0.0,0.0,0.0,0.0,0.0,0.0,0.0,0.0,0.0,0.0,0.0,0.0
4932.YDL165W,0.002968093000247341,8.884537865409654e-05,0.0,0.0,0.0,0.0,0.0,0.0,0.0,0.0,0.0,0.0,0.0,0.0
4932.YAL023C,0.003215434083601286,0.0009113041138700972,0.0,0.0,0.0,0.0,0.0,0.0,0.0,0.0,0.0,0.0,0.0,0.0
4932.YJR143C,0.003215434083601286,0.0009113041138700972,0.0,0.0,0.0,0.0,0.0,0.0,0.0,0.0,0.0,0.0,0.0,0.0
4932.YDL093W,0.003215434083601286,0.0009113041138700972,0.0,0.0,0.0,0.0,0.0,0.0,0.0,0.0,0.0,0.0,0.0,0.0
4932.YOR321W,0.003215434083601286,0.0009113041138700972,0.0,0.0,0.0,0.0,0.0,0.0,0.0,0.0,0.0,0.0,0.0,0.0
4932.YNL158W,0.003215434083601286,0.0009113041138700972,0.0,0.0,0.0,0.0,0.0,0.0,0.0,0.0,0.0,0.0,0.0,0.0
4932.YDL095W,0.003215434083601286,0.0009113041138700972,0.0,0.0,0.0,0.0,0.0,0.0,0.0,0.0,0.0,0.0,0.0,0.0
4932.YJL183W,0.0034627751669552313,0.0010280989953963787,0.0,0.0,0.0,0.0,0.0,0.0,0.0,0.0,0.0,0.0,0.0,0.0
4932.YPL050C,0.0034627751669552313,0.0010280989953963787,0.0,0.0,0.0,0.0,0.0,0.0,0.0,0.0,0.0,0.0,0.0,0.0
4932.YGL038C,0.003957457333663122,0.000920807653993838,0.0,0.0,0.0,0.0,0.0,0.0,0.0,0.0,0.0,0.0,0.0,0.0
4932.YDR245W,0.0034627751669552313,0.0010280989953963787,0.0,0.0,0.0,0.0,0.0,0.0,0.0,0.0,0.0,0.0,0.0,0.0
4932.YEL036C,0.0034627751669552313,0.0010280989953963787,0.0,0.0,0.0,0.0,0.0,0.0,0.0,0.0,0.0,0.0,0.0,0.0
4932.YBR004C,0.004699480583724957,0.001313778818840963,0.0,0.0,0.0,0.0,0.0,0.0,0.0,0.0,0.0,0.0,0.0,0.0
4932.YAL024C,0.0004946821667078902,9.278160500980836e-06,0.0,0.0,0.0,0.0,0.0,0.0,0.0,0.0,0.0,0.0,0.0,0.0
4932.YML064C,0.0012367054167697256,1.9897597619223833e-06,0.0,0.0,0.0,0.0,0.0,0.0,0.0,0.0,0.0,0.0,0.0,0.0
4932.YGR152C,0.008162255750680188,0.0012686866695542723,0.0,0.0,0.0,0.0,0.0,0.0,0.0,0.0,0.0,0.0,0.0,0.0
4932.YAL025C,0.014840465001236706,0.00020431639020298704,0.0,0.0,0.0,0.0,0.0,0.0,0.0,0.0,0.0,0.0,0.0,0.0
4932.YJL177W,0.015582488251298541,0.00021467900248118595,0.0,0.0,0.0,0.0,0.0,0.0,0.0,0.0,0.0,0.0,0.0,0.0
4932.YHR066W,0.014840465001236706,0.00020431639020298704,0.0,0.0,0.0,0.0,0.0,0.0,0.0,0.0,0.0,0.0,0.0,0.0
4932.YKR063C,0.024486767252040565,0.00027930227180964396,0.0,0.0,0.0,0.0,0.0,0.0,0.0,0.0,0.0,0.0,0.0,0.0
4932.YFR001W,0.01805589908483799,0.00022774314259841797,0.0,0.0,0.0,0.0,0.0,0.0,0.0,0.0,0.0,0.0,0.0,0.0
4932.YGL029W,0.014840465001236706,0.00020431639020298704,0.0,0.0,0.0,0.0,0.0,0.0,0.0,0.0,0.0,0.0,0.0,0.0
4932.YGL078C,0.016324511501360377,0.000872104553876414,0.0,0.0,0.0,0.0,0.0,0.0,0.0,0.0,0.0,0.0,0.0,0.0
4932.YGL111W,0.014840465001236706,0.00020431639020298701,0.0,0.0,0.0,0.0,0.0,0.0,0.0,0.0,0.0,0.0,0.0,0.0
4932.YLR002C,0.01904526341825377,0.0002302004470518646,0.0,0.0,0.0,0.0,0.0,0.0,0.0,0.0,0.0,0.0,0.0,0.0
4932.YDR101C,0.02226069750185506,0.0007858938771941374,0.0,0.0,0.0,0.0,0.0,0.0,0.0,0.0,0.0,0.0,0.0,0.0
4932.YER126C,0.014840465001236706,0.00020431639020298704,0.0,0.0,0.0,0.0,0.0,0.0,0.0,0.0,0.0,0.0,0.0,0.0
4932.YKL009W,0.014840465001236706,0.00020431639020298704,0.0,0.0,0.0,0.0,0.0,0.0,0.0,0.0,0.0,0.0,0.0,0.0
4932.YDL136W,0.015829829334652486,0.00021518303655657087,0.0,0.0,0.0,0.0,0.0,0.0,0.0,0.0,0.0,0.0,0.0,0.0
4932.YMR049C,0.03710116250309176,0.0006671773841459707,0.0,0.0,0.0,0.0,0.0,0.0,0.0,0.0,0.0,0.0,0.0,0.0
4932.YBL028C,0.014840465001236706,0.00020431639020298704,0.0,0.0,0.0,0.0,0.0,0.0,0.0,0.0,0.0,0.0,0.0,0.0
4932.YLR221C,0.014840465001236706,0.00020431639020298704,0.0,0.0,0.0,0.0,0.0,0.0,0.0,0.0,0.0,0.0,0.0,0.0
4932.YER006W,0.01706653475142221,0.00030581056721494575,0.0,0.0,0.0,0.0,0.0,0.0,0.0,0.0,0.0,0.0,0.0,0.0
4932.YDR087C,0.020034627751669552,0.00028463857073247656,0.0,0.0,0.0,0.0,0.0,0.0,0.0,0.0,0.0,0.0,0.0,0.0
4932.YNR053C,0.015582488251298541,0.00029050613336318806,0.0,0.0,0.0,0.0,0.0,0.0,0.0,0.0,0.0,0.0,0.0,0.0
4932.YDR496C,0.01805589908483799,0.00022774314259841797,0.0,0.0,0.0,0.0,0.0,0.0,0.0,0.0,0.0,0.0,0.0,0.0
4932.YDR471W,0.015829829334652486,0.00021503779676714663,0.0,0.0,0.0,0.0,0.0,0.0,0.0,0.0,0.0,0.0,0.0,0.0
4932.YLL008W,0.015829829334652486,0.0004980967582638747,0.0,0.0,0.0,0.0,0.0,0.0,0.0,0.0,0.0,0.0,0.0,0.0
4932.YCL054W,0.014840465001236706,0.00020431639020298704,0.0,0.0,0.0,0.0,0.0,0.0,0.0,0.0,0.0,0.0,0.0,0.0
4932.YHR088W,0.015087806084590651,0.0002583852144304573,0.0,0.0,0.0,0.0,0.0,0.0,0.0,0.0,0.0,0.0,0.0,0.0
4932.YPL211W,0.014840465001236706,0.00020431639020298704,0.0,0.0,0.0,0.0,0.0,0.0,0.0,0.0,0.0,0.0,0.0,0.0
4932.YLR387C,0.014840465001236706,0.00020431639020298704,0.0,0.0,0.0,0.0,0.0,0.0,0.0,0.0,0.0,0.0,0.0,0.0
4932.YOR272W,0.03982191441998516,0.0006750105460206528,0.0,0.0,0.0,0.0,0.0,0.0,0.0,0.0,0.0,0.0,0.0,0.0
4932.YLR009W,0.015335147167944596,0.00020476684038009255,0.0,0.0,0.0,0.0,0.0,0.0,0.0,0.0,0.0,0.0,0.0,0.0
4932.YDL191W,0.014840465001236706,0.00020431639020298704,0.0,0.0,0.0,0.0,0.0,0.0,0.0,0.0,0.0,0.0,0.0,0.0
4932.YPL093W,0.014840465001236706,0.00020431639020298704,0.0,0.0,0.0,0.0,0.0,0.0,0.0,0.0,0.0,0.0,0.0,0.0
4932.YGR103W,0.03710116250309176,0.0006671773841459707,0.0,0.0,0.0,0.0,0.0,0.0,0.0,0.0,0.0,0.0,0.0,0.0
4932.YNL061W,0.015829829334652486,0.001246708626250383,0.0,0.0,0.0,0.0,0.0,0.0,0.0,0.0,0.0,0.0,0.0,0.0
4932.YKL172W,0.016324511501360377,0.00021962082405474478,0.0,0.0,0.0,0.0,0.0,0.0,0.0,0.0,0.0,0.0,0.0,0.0
4932.YAL059W,0.014840465001236706,0.00020431639020298704,0.0,0.0,0.0,0.0,0.0,0.0,0.0,0.0,0.0,0.0,0.0,0.0
4932.YDR060W,0.035617116002968095,0.0006518729502942128,0.0,0.0,0.0,0.0,0.0,0.0,0.0,0.0,0.0,0.0,0.0,0.0
4932.YOR206W,0.035617116002968095,0.0006518729502942128,0.0,0.0,0.0,0.0,0.0,0.0,0.0,0.0,0.0,0.0,0.0,0.0
4932.YLR397C,0.018797922334899828,0.0034436748627630232,0.0,0.0,0.0,0.0,0.0,0.0,0.0,0.0,0.0,0.0,0.0,0.0
4932.YER056C-A,0.015829829334652486,0.00021564079793838403,0.0,0.0,0.0,0.0,0.0,0.0,0.0,0.0,0.0,0.0,0.0,0.0
4932.YKR081C,0.014840465001236706,0.00020431639020298704,0.0,0.0,0.0,0.0,0.0,0.0,0.0,0.0,0.0,0.0,0.0,0.0
4932.YFL002C,0.03635913925302993,0.0009093285857914803,0.0,0.0,0.0,0.0,0.0,0.0,0.0,0.0,0.0,0.0,0.0,0.0
4932.YMR290C,0.03685382141973782,0.0012833768432251942,0.0,0.0,0.0,0.0,0.0,0.0,0.0,0.0,0.0,0.0,0.0,0.0
4932.YDL031W,0.015582488251298541,0.00046177202570025426,0.0,0.0,0.0,0.0,0.0,0.0,0.0,0.0,0.0,0.0,0.0,0.0
4932.YNL110C,0.014840465001236706,0.00020431639020298704,0.0,0.0,0.0,0.0,0.0,0.0,0.0,0.0,0.0,0.0,0.0,0.0
4932.YNL002C,0.015335147167944596,0.00020476684038009255,0.0,0.0,0.0,0.0,0.0,0.0,0.0,0.0,0.0,0.0,0.0,0.0
4932.YLR106C,0.015335147167944596,0.0003056656689362962,0.0,0.0,0.0,0.0,0.0,0.0,0.0,0.0,0.0,0.0,0.0,0.0
4932.YKL180W,0.02176601533514717,0.0002478066137672519,0.0,0.0,0.0,0.0,0.0,0.0,0.0,0.0,0.0,0.0,0.0,0.0
4932.YNR038W,0.016324511501360377,0.0008721450156975899,0.0,0.0,0.0,0.0,0.0,0.0,0.0,0.0,0.0,0.0,0.0,0.0
4932.YLL034C,0.01855058125154588,0.003426422609671098,0.0,0.0,0.0,0.0,0.0,0.0,0.0,0.0,0.0,0.0,0.0,0.0
4932.YDR500C,0.015829829334652486,0.00021518303655657087,0.0,0.0,0.0,0.0,0.0,0.0,0.0,0.0,0.0,0.0,0.0,0.0
4932.YPR016C,0.014840465001236706,0.00020431639020298704,0.0,0.0,0.0,0.0,0.0,0.0,0.0,0.0,0.0,0.0,0.0,0.0
4932.YOR294W,0.014840465001236706,0.00020431639020298704,0.0,0.0,0.0,0.0,0.0,0.0,0.0,0.0,0.0,0.0,0.0,0.0
4932.YDR312W,0.014840465001236706,0.00020431639020298704,0.0,0.0,0.0,0.0,0.0,0.0,0.0,0.0,0.0,0.0,0.0,0.0
4932.YLR185W,0.015829829334652486,0.00021518303655657087,0.0,0.0,0.0,0.0,0.0,0.0,0.0,0.0,0.0,0.0,0.0,0.0
4932.YLR074C,0.014840465001236706,0.00020431639020298704,0.0,0.0,0.0,0.0,0.0,0.0,0.0,0.0,0.0,0.0,0.0,0.0
4932.YOL127W,0.02176601533514717,0.0002478066137672519,0.0,0.0,0.0,0.0,0.0,0.0,0.0,0.0,0.0,0.0,0.0,0.0
4932.YNL224C,0.03734850358644571,0.0006703020808684486,0.0,0.0,0.0,0.0,0.0,0.0,0.0,0.0,0.0,0.0,0.0,0.0
4932.YHR052W,0.02226069750185506,0.0002662300603591916,0.0,0.0,0.0,0.0,0.0,0.0,0.0,0.0,0.0,0.0,0.0,0.0
4932.YPR143W,0.014840465001236706,0.00020431639020298704,0.0,0.0,0.0,0.0,0.0,0.0,0.0,0.0,0.0,0.0,0.0,0.0
4932.YBR267W,0.014840465001236706,0.00020431639020298704,0.0,0.0,0.0,0.0,0.0,0.0,0.0,0.0,0.0,0.0,0.0,0.0
4932.YOL077C,0.014840465001236706,0.00020431639020298704,0.0,0.0,0.0,0.0,0.0,0.0,0.0,0.0,0.0,0.0,0.0,0.0
4932.YER002W,0.014840465001236706,0.00020431639020298704,0.0,0.0,0.0,0.0,0.0,0.0,0.0,0.0,0.0,0.0,0.0,0.0
4932.YAL026C,0.0126143952510512,0.003972460426277873,0.0,0.0,0.0,0.0,0.0,0.0,0.0,0.0,0.0,0.0,0.0,0.0
4932.YER120W,0.0037101162503091764,0.0002496543032478433,0.0,0.0,0.0,0.0,0.0,0.0,0.0,0.0,0.0,0.0,0.0,0.0
4932.YJL078C,0.00964630225080386,0.002529415584547062,0.0,0.0,0.0,0.0,0.0,0.0,0.0,0.0,0.0,0.0,0.0,0.0
4932.YML019W,0.005688844917140738,0.00019458321988109005,0.0,0.0,0.0,0.0,0.0,0.0,0.0,0.0,0.0,0.0,0.0,0.0
4932.YDL230W,0.009893643334157804,0.0013876041390758998,0.0,0.0,0.0,0.0,0.0,0.0,0.0,0.0,0.0,0.0,0.0,0.0
4932.YER166W,0.004204798417017067,0.0023921750625660893,0.0,0.0,0.0,0.0,0.0,0.0,0.0,0.0,0.0,0.0,0.0,0.0
4932.YIL048W,0.0004946821667078902,5.705925953141152e-05,0.0,0.0,0.0,0.0,0.0,0.0,0.0,0.0,0.0,0.0,0.0,0.0
4932.YDR424C,0.008409596834034134,0.0004567114772251516,0.0,0.0,0.0,0.0,0.0,0.0,0.0,0.0,0.0,0.0,0.0,0.0
4932.YPL110C,0.02077665100173139,0.006563112060203698,0.0,0.0,0.0,0.0,0.0,0.0,0.0,0.0,0.0,0.0,0.0,0.0
4932.YER075C,0.010388325500865695,0.0013895996890069004,0.0,0.0,0.0,0.0,0.0,0.0,0.0,0.0,0.0,0.0,0.0,0.0
4932.YPL259C,0.009398961167449914,0.0011795913033021365,0.0,0.0,0.0,0.0,0.0,0.0,0.0,0.0,0.0,0.0,0.0,0.0
4932.YCR094W,0.008162255750680188,0.0012845971939928738,0.0,0.0,0.0,0.0,0.0,0.0,0.0,0.0,0.0,0.0,0.0,0.0
4932.YCR032W,0.005194162750432847,0.0002818139266404424,0.0,0.0,0.0,0.0,0.0,0.0,0.0,0.0,0.0,0.0,0.0,0.0
4932.YGR038W,0.010883007667573585,0.0021057764920015317,0.0,0.0,0.0,0.0,0.0,0.0,0.0,0.0,0.0,0.0,0.0,0.0
4932.YKR031C,0.01904526341825377,0.004258831060741231,0.0,0.0,0.0,0.0,0.0,0.0,0.0,0.0,0.0,0.0,0.0,0.0
4932.YEL002C,0.005688844917140738,0.00019458321988109005,0.0,0.0,0.0,0.0,0.0,0.0,0.0,0.0,0.0,0.0,0.0,0.0
4932.YPR139C,0.008409596834034134,0.0019428305630688745,0.0,0.0,0.0,0.0,0.0,0.0,0.0,0.0,0.0,0.0,0.0,0.0
4932.YGR233C,0.02226069750185506,0.006277448544000587,0.0,0.0,0.0,0.0,0.0,0.0,0.0,0.0,0.0,0.0,0.0,0.0
4932.YGL104C,0.015087806084590651,0.002575962508017106,0.0,0.0,0.0,0.0,0.0,0.0,0.0,0.0,0.0,0.0,0.0,0.0
4932.YOL084W,0.005936186000494682,0.0011909342316390851,0.0,0.0,0.0,0.0,0.0,0.0,0.0,0.0,0.0,0.0,0.0,0.0
4932.YNL323W,0.0007420232500618352,5.585284082764471e-05,0.0,0.0,0.0,0.0,0.0,0.0,0.0,0.0,0.0,0.0,0.0,0.0
4932.YBR241C,0.015335147167944596,0.0026328978592808903,0.0,0.0,0.0,0.0,0.0,0.0,0.0,0.0,0.0,0.0,0.0,0.0
4932.YPL170W,0.005688844917140738,0.0017522011327353382,0.0,0.0,0.0,0.0,0.0,0.0,0.0,0.0,0.0,0.0,0.0,0.0
4932.YBR295W,0.011377689834281475,0.006611644256447598,0.0,0.0,0.0,0.0,0.0,0.0,0.0,0.0,0.0,0.0,0.0,0.0
4932.YJL079C,0.009398961167449914,0.0020575781804395552,0.0,0.0,0.0,0.0,0.0,0.0,0.0,0.0,0.0,0.0,0.0,0.0
4932.YOR208W,0.010388325500865695,0.0013895996890069004,0.0,0.0,0.0,0.0,0.0,0.0,0.0,0.0,0.0,0.0,0.0,0.0
4932.YLR350W,0.010883007667573585,0.0021057764920015317,0.0,0.0,0.0,0.0,0.0,0.0,0.0,0.0,0.0,0.0,0.0,0.0
4932.YKR013W,0.009151620084095969,0.0017175279798391054,0.0,0.0,0.0,0.0,0.0,0.0,0.0,0.0,0.0,0.0,0.0,0.0
4932.YOR085W,0.005688844917140738,0.00019458321988109002,0.0,0.0,0.0,0.0,0.0,0.0,0.0,0.0,0.0,0.0,0.0,0.0
4932.YMR162C,0.00964630225080386,0.003841996670415715,0.0,0.0,0.0,0.0,0.0,0.0,0.0,0.0,0.0,0.0,0.0,0.0
4932.YDR270W,0.007914914667326243,0.006538073476643357,0.0,0.0,0.0,0.0,0.0,0.0,0.0,0.0,0.0,0.0,0.0,0.0
4932.YBR086C,0.005936186000494682,0.0011909342316390851,0.0,0.0,0.0,0.0,0.0,0.0,0.0,0.0,0.0,0.0,0.0,0.0
4932.YFL005W,0.012119713084343309,0.0012140040811085982,0.0,0.0,0.0,0.0,0.0,0.0,0.0,0.0,0.0,0.0,0.0,0.0
4932.YAL029C,0.0004946821667078902,6.859869342964788e-07,0.0,0.0,0.0,0.0,0.0,0.0,0.0,0.0,0.0,0.0,0.0,0.0
4932.YOR326W,0.0017313875834776156,6.86170692299168e-07,0.0,0.0,0.0,0.0,0.0,0.0,0.0,0.0,0.0,0.0,0.0,0.0
4932.YAL031C,0.0002473410833539451,0.0001630408462960291,0.0,0.0,0.0,0.0,0.0,0.0,0.0,0.0,0.0,0.0,0.0,0.0
4932.YAL032C,0.005688844917140738,1.5633911092284578e-05,0.0,0.0,0.0,0.0,0.0,0.0,0.0,0.0,0.0,0.0,0.0,0.0
4932.YMR213W,0.003215434083601286,3.175164706496853e-06,0.0,0.0,0.0,0.0,0.0,0.0,0.0,0.0,0.0,0.0,0.0,0.0
4932.YNR011C,0.003957457333663122,0.00023096550670630386,0.0,0.0,0.0,0.0,0.0,0.0,0.0,0.0,0.0,0.0,0.0,0.0
4932.YCL011C,0.002968093000247341,1.0697125836341816e-05,0.0,0.0,0.0,0.0,0.0,0.0,0.0,0.0,0.0,0.0,0.0,0.0
4932.YKR022C,0.002968093000247341,1.0697125836341816e-05,0.0,0.0,0.0,0.0,0.0,0.0,0.0,0.0,0.0,0.0,0.0,0.0
4932.YKR086W,0.002968093000247341,8.604949202556816e-05,0.0,0.0,0.0,0.0,0.0,0.0,0.0,0.0,0.0,0.0,0.0,0.0
4932.YKL095W,0.0037101162503091764,6.004446314132155e-06,0.0,0.0,0.0,0.0,0.0,0.0,0.0,0.0,0.0,0.0,0.0,0.0
4932.YER013W,0.0034627751669552313,8.615999618020431e-05,0.0,0.0,0.0,0.0,0.0,0.0,0.0,0.0,0.0,0.0,0.0,0.0
4932.YLR424W,0.002968093000247341,1.0697125836341816e-05,0.0,0.0,0.0,0.0,0.0,0.0,0.0,0.0,0.0,0.0,0.0,0.0
4932.YPR112C,0.0252287905021024,0.0004952525471815587,0.0,0.0,0.0,0.0,0.0,0.0,0.0,0.0,0.0,0.0,0.0,0.0
4932.YBL051C,0.002968093000247341,1.0697125836341816e-05,0.0,0.0,0.0,0.0,0.0,0.0,0.0,0.0,0.0,0.0,0.0,0.0
4932.YLL036C,0.01063566658421964,3.056762692397584e-05,0.0,0.0,0.0,0.0,0.0,0.0,0.0,0.0,0.0,0.0,0.0,0.0
4932.YBR188C,0.003215434083601286,3.175164706496853e-06,0.0,0.0,0.0,0.0,0.0,0.0,0.0,0.0,0.0,0.0,0.0,0.0
4932.YNL004W,0.002968093000247341,1.0697125836341816e-05,0.0,0.0,0.0,0.0,0.0,0.0,0.0,0.0,0.0,0.0,0.0,0.0
4932.YJR050W,0.013851100667820925,4.314675042200695e-05,0.0,0.0,0.0,0.0,0.0,0.0,0.0,0.0,0.0,0.0,0.0,0.0
4932.YBR065C,0.003957457333663122,6.014319271739372e-06,0.0,0.0,0.0,0.0,0.0,0.0,0.0,0.0,0.0,0.0,0.0,0.0
4932.YGR129W,0.01310907741775909,1.951251815495903e-05,0.0,0.0,0.0,0.0,0.0,0.0,0.0,0.0,0.0,0.0,0.0,0.0
4932.YLR117C,0.01310907741775909,1.951251815495903e-05,0.0,0.0,0.0,0.0,0.0,0.0,0.0,0.0,0.0,0.0,0.0,0.0
4932.YPR101W,0.003215434083601286,3.175164706496853e-06,0.0,0.0,0.0,0.0,0.0,0.0,0.0,0.0,0.0,0.0,0.0,0.0
4932.YDL209C,0.003957457333663122,6.014319271739372e-06,0.0,0.0,0.0,0.0,0.0,0.0,0.0,0.0,0.0,0.0,0.0,0.0
4932.YGR093W,0.002968093000247341,1.0697125836341816e-05,0.0,0.0,0.0,0.0,0.0,0.0,0.0,0.0,0.0,0.0,0.0,0.0
4932.YDR416W,0.020529309918377443,4.690498037243806e-05,0.0,0.0,0.0,0.0,0.0,0.0,0.0,0.0,0.0,0.0,0.0,0.0
4932.YKL173W,0.01113034875092753,0.00021895598280605302,0.0,0.0,0.0,0.0,0.0,0.0,0.0,0.0,0.0,0.0,0.0,0.0
4932.YGL120C,0.02621815483551818,0.0007230527621389729,0.0,0.0,0.0,0.0,0.0,0.0,0.0,0.0,0.0,0.0,0.0,0.0
4932.YAL033W,0.009151620084095969,6.749200622971265e-05,0.0,0.0,0.0,0.0,0.0,0.0,0.0,0.0,0.0,0.0,0.0,0.0
4932.YDR378C,0.01459312391788276,9.739250377777692e-05,0.0,0.0,0.0,0.0,0.0,0.0,0.0,0.0,0.0,0.0,0.0,0.0
4932.YER127W,0.01855058125154588,0.00026986162773919107,0.0,0.0,0.0,0.0,0.0,0.0,0.0,0.0,0.0,0.0,0.0,0.0
4932.YIR015W,0.010883007667573585,0.00012665429954650113,0.0,0.0,0.0,0.0,0.0,0.0,0.0,0.0,0.0,0.0,0.0,0.0
4932.YMR265C,0.01855058125154588,0.00026986162773919107,0.0,0.0,0.0,0.0,0.0,0.0,0.0,0.0,0.0,0.0,0.0,0.0
4932.YMR059W,0.004204798417017067,1.551670454084363e-05,0.0,0.0,0.0,0.0,0.0,0.0,0.0,0.0,0.0,0.0,0.0,0.0
4932.YHR072W-A,0.008656937917388079,0.0002637036862845179,0.0,0.0,0.0,0.0,0.0,0.0,0.0,0.0,0.0,0.0,0.0,0.0
4932.YGR030C,0.010388325500865695,0.0002673063786437282,0.0,0.0,0.0,0.0,0.0,0.0,0.0,0.0,0.0,0.0,0.0,0.0
4932.YLR197W,0.034627751669552315,0.0006009684108177051,0.0,0.0,0.0,0.0,0.0,0.0,0.0,0.0,0.0,0.0,0.0,0.0
4932.YNL282W,0.009151620084095969,6.749200622971265e-05,0.0,0.0,0.0,0.0,0.0,0.0,0.0,0.0,0.0,0.0,0.0,0.0
4932.YML091C,0.004204798417017067,1.551670454084363e-05,0.0,0.0,0.0,0.0,0.0,0.0,0.0,0.0,0.0,0.0,0.0,0.0
4932.YNL147W,0.02077665100173139,0.00010019485246768117,0.0,0.0,0.0,0.0,0.0,0.0,0.0,0.0,0.0,0.0,0.0,0.0
4932.YLR105C,0.004204798417017067,1.551670454084363e-05,0.0,0.0,0.0,0.0,0.0,0.0,0.0,0.0,0.0,0.0,0.0,0.0
4932.YPL083C,0.004204798417017067,1.551670454084363e-05,0.0,0.0,0.0,0.0,0.0,0.0,0.0,0.0,0.0,0.0,0.0,0.0
4932.YDL014W,0.034627751669552315,0.0006009684108177051,0.0,0.0,0.0,0.0,0.0,0.0,0.0,0.0,0.0,0.0,0.0,0.0
4932.YHR089C,0.007420232500618353,6.388931387050234e-05,0.0,0.0,0.0,0.0,0.0,0.0,0.0,0.0,0.0,0.0,0.0,0.0
4932.YBR167C,0.01063566658421964,0.0002977926318649636,0.0,0.0,0.0,0.0,0.0,0.0,0.0,0.0,0.0,0.0,0.0,0.0
4932.YLR438C-A,0.01459312391788276,9.739250377777692e-05,0.0,0.0,0.0,0.0,0.0,0.0,0.0,0.0,0.0,0.0,0.0,0.0
4932.YLR145W,0.009151620084095969,6.749200622971264e-05,0.0,0.0,0.0,0.0,0.0,0.0,0.0,0.0,0.0,0.0,0.0,0.0
4932.YER146W,0.01459312391788276,9.739250377777692e-05,0.0,0.0,0.0,0.0,0.0,0.0,0.0,0.0,0.0,0.0,0.0,0.0
4932.YDL208W,0.007420232500618353,6.388931387050234e-05,0.0,0.0,0.0,0.0,0.0,0.0,0.0,0.0,0.0,0.0,0.0,0.0
4932.YEL026W,0.026960178085580017,0.00031586453427747644,0.0,0.0,0.0,0.0,0.0,0.0,0.0,0.0,0.0,0.0,0.0,0.0
4932.YAR008W,0.004204798417017067,1.551670454084363e-05,0.0,0.0,0.0,0.0,0.0,0.0,0.0,0.0,0.0,0.0,0.0,0.0
4932.YHR062C,0.01657185258471432,0.000183908136865221,0.0,0.0,0.0,0.0,0.0,0.0,0.0,0.0,0.0,0.0,0.0,0.0
4932.YBL018C,0.009151620084095969,6.749200622971264e-05,0.0,0.0,0.0,0.0,0.0,0.0,0.0,0.0,0.0,0.0,0.0,0.0
4932.YNL124W,0.007420232500618353,6.388931387050234e-05,0.0,0.0,0.0,0.0,0.0,0.0,0.0,0.0,0.0,0.0,0.0,0.0
4932.YER112W,0.01459312391788276,9.739250377777692e-05,0.0,0.0,0.0,0.0,0.0,0.0,0.0,0.0,0.0,0.0,0.0,0.0
4932.YNL221C,0.01113034875092753,0.0002725849142735791,0.0,0.0,0.0,0.0,0.0,0.0,0.0,0.0,0.0,0.0,0.0,0.0
4932.YJR002W,0.034627751669552315,0.0006009684108177051,0.0,0.0,0.0,0.0,0.0,0.0,0.0,0.0,0.0,0.0,0.0,0.0
4932.YDR478W,0.009151620084095969,6.749200622971264e-05,0.0,0.0,0.0,0.0,0.0,0.0,0.0,0.0,0.0,0.0,0.0,0.0
4932.YLR175W,0.03091763541924314,0.0017385499412090994,0.0,0.0,0.0,0.0,0.0,0.0,0.0,0.0,0.0,0.0,0.0,0.0
4932.YBL026W,0.01459312391788276,9.739250377777692e-05,0.0,0.0,0.0,0.0,0.0,0.0,0.0,0.0,0.0,0.0,0.0,0.0
4932.YBR257W,0.009151620084095969,6.749200622971264e-05,0.0,0.0,0.0,0.0,0.0,0.0,0.0,0.0,0.0,0.0,0.0,0.0
4932.YOR310C,0.03536977491961415,0.0006420765680856574,0.0,0.0,0.0,0.0,0.0,0.0,0.0,0.0,0.0,0.0,0.0,0.0
4932.YPR137W,0.034627751669552315,0.0006009684108177051,0.0,0.0,0.0,0.0,0.0,0.0,0.0,0.0,0.0,0.0,0.0,0.0
4932.YML017W,0.015829829334652486,0.00017862960123537017,0.0,0.0,0.0,0.0,0.0,0.0,0.0,0.0,0.0,0.0,0.0,0.0
4932.YAL034C,0.005688844917140738,1.697916567563053e-05,0.0,0.0,0.0,0.0,0.0,0.0,0.0,0.0,0.0,0.0,0.0,0.0
4932.YGL112C,0.016819193668068267,5.9834158143163654e-05,0.0,0.0,0.0,0.0,0.0,0.0,0.0,0.0,0.0,0.0,0.0,0.0
4932.YBR198C,0.0202819688350235,0.001452094043889553,0.0,0.0,0.0,0.0,0.0,0.0,0.0,0.0,0.0,0.0,0.0,0.0
4932.YER164W,0.005688844917140738,1.697916567563053e-05,0.0,0.0,0.0,0.0,0.0,0.0,0.0,0.0,0.0,0.0,0.0,0.0
4932.YCL010C,0.005688844917140738,1.697916567563053e-05,0.0,0.0,0.0,0.0,0.0,0.0,0.0,0.0,0.0,0.0,0.0,0.0
4932.YLR055C,0.008409596834034134,2.9660050554939288e-05,0.0,0.0,0.0,0.0,0.0,0.0,0.0,0.0,0.0,0.0,0.0,0.0
4932.YPL254W,0.005936186000494682,1.7196827607659652e-05,0.0,0.0,0.0,0.0,0.0,0.0,0.0,0.0,0.0,0.0,0.0,0.0
4932.YBR111W-A,0.006925550333910463,2.5414033236890617e-05,0.0,0.0,0.0,0.0,0.0,0.0,0.0,0.0,0.0,0.0,0.0,0.0
4932.YMR236W,0.017313875834776157,9.62704531436695e-05,0.0,0.0,0.0,0.0,0.0,0.0,0.0,0.0,0.0,0.0,0.0,0.0
4932.YDR167W,0.015335147167944596,5.3227206799431146e-05,0.0,0.0,0.0,0.0,0.0,0.0,0.0,0.0,0.0,0.0,0.0,0.0
4932.YDR145W,0.015335147167944596,5.3227206799431146e-05,0.0,0.0,0.0,0.0,0.0,0.0,0.0,0.0,0.0,0.0,0.0,0.0
4932.YGL066W,0.005688844917140738,1.697916567563053e-05,0.0,0.0,0.0,0.0,0.0,0.0,0.0,0.0,0.0,0.0,0.0,0.0
4932.YOR338W,0.005688844917140738,1.697916567563053e-05,0.0,0.0,0.0,0.0,0.0,0.0,0.0,0.0,0.0,0.0,0.0,0.0
4932.YGR252W,0.008409596834034134,2.5901469276975895e-05,0.0,0.0,0.0,0.0,0.0,0.0,0.0,0.0,0.0,0.0,0.0,0.0
4932.YOR023C,0.005688844917140738,1.697916567563053e-05,0.0,0.0,0.0,0.0,0.0,0.0,0.0,0.0,0.0,0.0,0.0,0.0
4932.YBR081C,0.005688844917140738,1.697916567563053e-05,0.0,0.0,0.0,0.0,0.0,0.0,0.0,0.0,0.0,0.0,0.0,0.0
4932.YDR176W,0.005688844917140738,1.697916567563053e-05,0.0,0.0,0.0,0.0,0.0,0.0,0.0,0.0,0.0,0.0,0.0,0.0
4932.YOL148C,0.008904279000742024,0.0002658165189980916,0.0,0.0,0.0,0.0,0.0,0.0,0.0,0.0,0.0,0.0,0.0,0.0
4932.YDR448W,0.005688844917140738,1.697916567563053e-05,0.0,0.0,0.0,0.0,0.0,0.0,0.0,0.0,0.0,0.0,0.0,0.0
4932.YHR099W,0.011377689834281475,4.2495198637449214e-05,0.0,0.0,0.0,0.0,0.0,0.0,0.0,0.0,0.0,0.0,0.0,0.0
4932.YPL047W,0.005688844917140738,1.697916567563053e-05,0.0,0.0,0.0,0.0,0.0,0.0,0.0,0.0,0.0,0.0,0.0,0.0
4932.YMR223W,0.005688844917140738,1.697916567563053e-05,0.0,0.0,0.0,0.0,0.0,0.0,0.0,0.0,0.0,0.0,0.0,0.0
4932.YCR082W,0.005688844917140738,1.697916567563053e-05,0.0,0.0,0.0,0.0,0.0,0.0,0.0,0.0,0.0,0.0,0.0,0.0
4932.YDR392W,0.005688844917140738,1.697916567563053e-05,0.0,0.0,0.0,0.0,0.0,0.0,0.0,0.0,0.0,0.0,0.0,0.0
4932.YAL034W-A,0.06381399950531784,0.08656228443129153,0.0,0.0,0.0,0.0,0.0,0.0,0.0,0.0,0.0,0.0,0.0,0.0
4932.YGR204W,0.012119713084343309,0.01777631597941642,0.0,0.0,0.0,0.0,0.0,0.0,0.0,0.0,0.0,0.0,0.0,0.0
4932.YPL233W,0.0007420232500618352,0.0006456984963079484,0.0,0.0,0.0,0.0,0.0,0.0,0.0,0.0,0.0,0.0,0.0,0.0
4932.YLR058C,0.03536977491961415,0.029210641587203608,0.0,0.0,0.0,0.0,0.0,0.0,0.0,0.0,0.0,0.0,0.0,0.0
4932.YIR007W,0.0034627751669552313,0.004511020976519978,0.0,0.0,0.0,0.0,0.0,0.0,0.0,0.0,0.0,0.0,0.0,0.0
4932.YDR356W,0.003215434083601286,0.004014191873768068,0.0,0.0,0.0,0.0,0.0,0.0,0.0,0.0,0.0,0.0,0.0,0.0
4932.YGR053C,0.0037101162503091764,0.004222579379911856,0.0,0.0,0.0,0.0,0.0,0.0,0.0,0.0,0.0,0.0,0.0,0.0
4932.YBR263W,0.03611179816967598,0.028317444449627076,0.0,0.0,0.0,0.0,0.0,0.0,0.0,0.0,0.0,0.0,0.0,0.0
4932.YNL091W,0.004699480583724957,0.004620068783082077,0.0,0.0,0.0,0.0,0.0,0.0,0.0,0.0,0.0,0.0,0.0,0.0
4932.YKL054C,0.0034627751669552313,0.004222128256324321,0.0,0.0,0.0,0.0,0.0,0.0,0.0,0.0,0.0,0.0,0.0,0.0
4932.YIR010W,0.007914914667326243,0.0012227455086625783,0.0,0.0,0.0,0.0,0.0,0.0,0.0,0.0,0.0,0.0,0.0,0.0
4932.YCR089W,0.004452139500371012,0.004977837281189009,0.0,0.0,0.0,0.0,0.0,0.0,0.0,0.0,0.0,0.0,0.0,0.0
4932.YER161C,0.0027207519168933963,0.003964092679001485,0.0,0.0,0.0,0.0,0.0,0.0,0.0,0.0,0.0,0.0,0.0,0.0
4932.YJR112W,0.0007420232500618352,0.0006456984963079484,0.0,0.0,0.0,0.0,0.0,0.0,0.0,0.0,0.0,0.0,0.0,0.0
4932.YBR084W,0.012119713084343309,0.017793025123203524,0.0,0.0,0.0,0.0,0.0,0.0,0.0,0.0,0.0,0.0,0.0,0.0
4932.YOR198C,0.004699480583724957,0.004830785664955151,0.0,0.0,0.0,0.0,0.0,0.0,0.0,0.0,0.0,0.0,0.0,0.0
4932.YJL178C,0.0037101162503091764,0.003987247409783611,0.0,0.0,0.0,0.0,0.0,0.0,0.0,0.0,0.0,0.0,0.0,0.0
4932.YMR164C,0.005194162750432847,0.004825250616889922,0.0,0.0,0.0,0.0,0.0,0.0,0.0,0.0,0.0,0.0,0.0,0.0
4932.YDL177C,0.008656937917388079,0.011560617381171052,0.0,0.0,0.0,0.0,0.0,0.0,0.0,0.0,0.0,0.0,0.0,0.0
4932.YAL035W,0.0202819688350235,0.0009276441814822005,0.0,0.0,0.0,0.0,0.0,0.0,0.0,0.0,0.0,0.0,0.0,0.0
4932.YOR361C,0.003215434083601286,2.0109278053839993e-05,0.0,0.0,0.0,0.0,0.0,0.0,0.0,0.0,0.0,0.0,0.0,0.0
4932.YGR054W,0.014840465001236706,0.00022533550724033408,0.0,0.0,0.0,0.0,0.0,0.0,0.0,0.0,0.0,0.0,0.0,0.0
4932.YDR450W,0.017808558001484048,0.0005862140902173054,0.0,0.0,0.0,0.0,0.0,0.0,0.0,0.0,0.0,0.0,0.0,0.0
4932.YCR077C,0.0175612169181301,0.0002573844281513005,0.0,0.0,0.0,0.0,0.0,0.0,0.0,0.0,0.0,0.0,0.0,0.0
4932.YJR123W,0.03536977491961415,0.0006373900247355816,0.0,0.0,0.0,0.0,0.0,0.0,0.0,0.0,0.0,0.0,0.0,0.0
4932.YDL083C,0.03388572841949048,0.0006285359593355403,0.0,0.0,0.0,0.0,0.0,0.0,0.0,0.0,0.0,0.0,0.0,0.0
4932.YER074W,0.01657185258471432,0.00024931057729936677,0.0,0.0,0.0,0.0,0.0,0.0,0.0,0.0,0.0,0.0,0.0,0.0
4932.YER014W,0.005936186000494682,0.007832984772569745,0.0,0.0,0.0,0.0,0.0,0.0,0.0,0.0,0.0,0.0,0.0,0.0
4932.YMR143W,0.03215434083601286,0.0006045608892765075,0.0,0.0,0.0,0.0,0.0,0.0,0.0,0.0,0.0,0.0,0.0,0.0
4932.YJL191W,0.03438041058619837,0.0005307622786628139,0.0,0.0,0.0,0.0,0.0,0.0,0.0,0.0,0.0,0.0,0.0,0.0
4932.YKL156W,0.01657185258471432,0.00024931057729936677,0.0,0.0,0.0,0.0,0.0,0.0,0.0,0.0,0.0,0.0,0.0,0.0
4932.YDL061C,0.015829829334652486,0.0002373742757847482,0.0,0.0,0.0,0.0,0.0,0.0,0.0,0.0,0.0,0.0,0.0,0.0
4932.YOR293W,0.015582488251298541,0.00023569811951853293,0.0,0.0,0.0,0.0,0.0,0.0,0.0,0.0,0.0,0.0,0.0,0.0
4932.YMR309C,0.003215434083601286,2.0109278053839993e-05,0.0,0.0,0.0,0.0,0.0,0.0,0.0,0.0,0.0,0.0,0.0,0.0
4932.YMR178W,0.01657185258471432,0.011354270193036508,0.0,0.0,0.0,0.0,0.0,0.0,0.0,0.0,0.0,0.0,0.0,0.0
4932.YMR230W,0.018797922334899828,0.0002706542992027949,0.0,0.0,0.0,0.0,0.0,0.0,0.0,0.0,0.0,0.0,0.0,0.0
4932.YCR084C,0.0012367054167697256,8.72231493211441e-05,0.0,0.0,0.0,0.0,0.0,0.0,0.0,0.0,0.0,0.0,0.0,0.0
4932.YGL189C,0.03536977491961415,0.0006373900247355816,0.0,0.0,0.0,0.0,0.0,0.0,0.0,0.0,0.0,0.0,0.0,0.0
4932.YJL190C,0.01978728666831561,0.0005349437839875206,0.0,0.0,0.0,0.0,0.0,0.0,0.0,0.0,0.0,0.0,0.0,0.0
4932.YJR007W,0.03413306950284442,0.00042179830143182983,0.0,0.0,0.0,0.0,0.0,0.0,0.0,0.0,0.0,0.0,0.0,0.0
4932.YOR096W,0.0427900074202325,0.0008558394928764937,0.0,0.0,0.0,0.0,0.0,0.0,0.0,0.0,0.0,0.0,0.0,0.0
4932.YPL081W,0.038832550086569384,0.0010754508660066012,0.0,0.0,0.0,0.0,0.0,0.0,0.0,0.0,0.0,0.0,0.0,0.0
4932.YLR287C-A,0.015582488251298541,0.000235698119518533,0.0,0.0,0.0,0.0,0.0,0.0,0.0,0.0,0.0,0.0,0.0,0.0
4932.YLR388W,0.01904526341825377,0.0002723304554690102,0.0,0.0,0.0,0.0,0.0,0.0,0.0,0.0,0.0,0.0,0.0,0.0
4932.YHR021C,0.01657185258471432,0.00024931057729936677,0.0,0.0,0.0,0.0,0.0,0.0,0.0,0.0,0.0,0.0,0.0,0.0
4932.YOL040C,0.02127133316843928,0.0011227947647319285,0.0,0.0,0.0,0.0,0.0,0.0,0.0,0.0,0.0,0.0,0.0,0.0
4932.YLR167W,0.01607717041800643,0.00023675110265315884,0.0,0.0,0.0,0.0,0.0,0.0,0.0,0.0,0.0,0.0,0.0,0.0
4932.YDL045C,0.018797922334899828,0.011528707282474083,0.0,0.0,0.0,0.0,0.0,0.0,0.0,0.0,0.0,0.0,0.0,0.0
4932.YER131W,0.0328963640860747,0.0006149235015547065,0.0,0.0,0.0,0.0,0.0,0.0,0.0,0.0,0.0,0.0,0.0,0.0
4932.YML024W,0.01657185258471432,0.00024931057729936677,0.0,0.0,0.0,0.0,0.0,0.0,0.0,0.0,0.0,0.0,0.0,0.0
4932.YLR367W,0.01657185258471432,0.0004999876043032586,0.0,0.0,0.0,0.0,0.0,0.0,0.0,0.0,0.0,0.0,0.0,0.0
4932.YGR229C,0.0002473410833539451,6.8493034038800354e-06,0.0,0.0,0.0,0.0,0.0,0.0,0.0,0.0,0.0,0.0,0.0,0.0
4932.YCR031C,0.03635913925302993,0.000651343197236928,0.0,0.0,0.0,0.0,0.0,0.0,0.0,0.0,0.0,0.0,0.0,0.0
4932.YER102W,0.03215434083601286,0.0006045608892765075,0.0,0.0,0.0,0.0,0.0,0.0,0.0,0.0,0.0,0.0,0.0,0.0
4932.YJL136C,0.018797922334899828,0.0002706542992027949,0.0,0.0,0.0,0.0,0.0,0.0,0.0,0.0,0.0,0.0,0.0,0.0
4932.YPL237W,0.0328963640860747,0.00039055437239994827,0.0,0.0,0.0,0.0,0.0,0.0,0.0,0.0,0.0,0.0,0.0,0.0
4932.YLR048W,0.015582488251298541,0.00023569811951853293,0.0,0.0,0.0,0.0,0.0,0.0,0.0,0.0,0.0,0.0,0.0,0.0
4932.YBR181C,0.042047984170170666,0.000716112423609076,0.0,0.0,0.0,0.0,0.0,0.0,0.0,0.0,0.0,0.0,0.0,0.0
4932.YOR167C,0.01657185258471432,0.00024931057729936677,0.0,0.0,0.0,0.0,0.0,0.0,0.0,0.0,0.0,0.0,0.0,0.0
4932.YNL302C,0.01657185258471432,0.00024931057729936677,0.0,0.0,0.0,0.0,0.0,0.0,0.0,0.0,0.0,0.0,0.0,0.0
4932.YPR167C,0.01607717041800643,0.011330138757799969,0.0,0.0,0.0,0.0,0.0,0.0,0.0,0.0,0.0,0.0,0.0,0.0
4932.YOR182C,0.014840465001236706,0.00022533550724033408,0.0,0.0,0.0,0.0,0.0,0.0,0.0,0.0,0.0,0.0,0.0,0.0
4932.YHL015W,0.018797922334899828,0.0002706542992027949,0.0,0.0,0.0,0.0,0.0,0.0,0.0,0.0,0.0,0.0,0.0,0.0
4932.YBR189W,0.04402671283700223,0.0011381025598464654,0.0,0.0,0.0,0.0,0.0,0.0,0.0,0.0,0.0,0.0,0.0,0.0
4932.YOL121C,0.01657185258471432,0.00024931057729936677,0.0,0.0,0.0,0.0,0.0,0.0,0.0,0.0,0.0,0.0,0.0,0.0
4932.YOR369C,0.018797922334899828,0.0002706542992027949,0.0,0.0,0.0,0.0,0.0,0.0,0.0,0.0,0.0,0.0,0.0,0.0
4932.YML026C,0.01607717041800643,0.0005622390201582725,0.0,0.0,0.0,0.0,0.0,0.0,0.0,0.0,0.0,0.0,0.0,0.0
4932.YPR132W,0.014840465001236706,0.00022533550724033408,0.0,0.0,0.0,0.0,0.0,0.0,0.0,0.0,0.0,0.0,0.0,0.0
4932.YDR064W,0.03710116250309176,0.0007388167134881308,0.0,0.0,0.0,0.0,0.0,0.0,0.0,0.0,0.0,0.0,0.0,0.0
4932.YGR118W,0.01657185258471432,0.00024931057729936677,0.0,0.0,0.0,0.0,0.0,0.0,0.0,0.0,0.0,0.0,0.0,0.0
4932.YIL069C,0.014840465001236706,0.00022533550724033408,0.0,0.0,0.0,0.0,0.0,0.0,0.0,0.0,0.0,0.0,0.0,0.0
4932.YFL023W,0.0002473410833539451,6.8493034038800354e-06,0.0,0.0,0.0,0.0,0.0,0.0,0.0,0.0,0.0,0.0,0.0,0.0
4932.YLR333C,0.01657185258471432,0.00024931057729936677,0.0,0.0,0.0,0.0,0.0,0.0,0.0,0.0,0.0,0.0,0.0,0.0
4932.YLR441C,0.0328963640860747,0.0006149235015547065,0.0,0.0,0.0,0.0,0.0,0.0,0.0,0.0,0.0,0.0,0.0,0.0
4932.YER025W,0.036606480336383876,0.0005904806675668477,0.0,0.0,0.0,0.0,0.0,0.0,0.0,0.0,0.0,0.0,0.0,0.0
4932.YKR057W,0.015582488251298541,0.00023569811951853293,0.0,0.0,0.0,0.0,0.0,0.0,0.0,0.0,0.0,0.0,0.0,0.0
4932.YHR203C,0.03388572841949048,0.0006285359593355403,0.0,0.0,0.0,0.0,0.0,0.0,0.0,0.0,0.0,0.0,0.0,0.0
4932.YNL096C,0.026960178085580017,0.000491678660688643,0.0,0.0,0.0,0.0,0.0,0.0,0.0,0.0,0.0,0.0,0.0,0.0
4932.YPR041W,0.01310907741775909,0.00015711924091268937,0.0,0.0,0.0,0.0,0.0,0.0,0.0,0.0,0.0,0.0,0.0,0.0
4932.YGL123W,0.03586445708632204,0.0005863082684487749,0.0,0.0,0.0,0.0,0.0,0.0,0.0,0.0,0.0,0.0,0.0,0.0
4932.YLR192C,0.003215434083601286,2.010927805383999e-05,0.0,0.0,0.0,0.0,0.0,0.0,0.0,0.0,0.0,0.0,0.0,0.0
4932.YBR079C,0.003215434083601286,2.010927805383999e-05,0.0,0.0,0.0,0.0,0.0,0.0,0.0,0.0,0.0,0.0,0.0,0.0
4932.YPL090C,0.0351224338362602,0.0006359033320516675,0.0,0.0,0.0,0.0,0.0,0.0,0.0,0.0,0.0,0.0,0.0,0.0
4932.YGR214W,0.03536977491961415,0.0006373900247355818,0.0,0.0,0.0,0.0,0.0,0.0,0.0,0.0,0.0,0.0,0.0,0.0
4932.YNL178W,0.0378431857531536,0.0006755035034334691,0.0,0.0,0.0,0.0,0.0,0.0,0.0,0.0,0.0,0.0,0.0,0.0
4932.YDR429C,0.0034627751669552313,2.5586587822213013e-05,0.0,0.0,0.0,0.0,0.0,0.0,0.0,0.0,0.0,0.0,0.0,0.0
4932.YDR458C,0.0002473410833539451,6.8493034038800354e-06,0.0,0.0,0.0,0.0,0.0,0.0,0.0,0.0,0.0,0.0,0.0,0.0
4932.YBR048W,0.03388572841949048,0.0006285359593355403,0.0,0.0,0.0,0.0,0.0,0.0,0.0,0.0,0.0,0.0,0.0,0.0
4932.YMR146C,0.003215434083601286,2.010927805383999e-05,0.0,0.0,0.0,0.0,0.0,0.0,0.0,0.0,0.0,0.0,0.0,0.0
4932.YMR260C,0.014345782834528815,6.846457342876575e-05,0.0,0.0,0.0,0.0,0.0,0.0,0.0,0.0,0.0,0.0,0.0,0.0
4932.YGR027C,0.01657185258471432,0.00024931057729936677,0.0,0.0,0.0,0.0,0.0,0.0,0.0,0.0,0.0,0.0,0.0,0.0
4932.YMR116C,0.014840465001236706,0.00022533550724033408,0.0,0.0,0.0,0.0,0.0,0.0,0.0,0.0,0.0,0.0,0.0,0.0
4932.YML063W,0.03536977491961415,0.0006373900247355818,0.0,0.0,0.0,0.0,0.0,0.0,0.0,0.0,0.0,0.0,0.0,0.0
4932.YBL072C,0.03388572841949048,0.0006285359593355403,0.0,0.0,0.0,0.0,0.0,0.0,0.0,0.0,0.0,0.0,0.0,0.0
4932.YJR145C,0.03215434083601286,0.0006045608892765075,0.0,0.0,0.0,0.0,0.0,0.0,0.0,0.0,0.0,0.0,0.0,0.0
4932.YDR025W,0.03215434083601286,0.0006045608892765075,0.0,0.0,0.0,0.0,0.0,0.0,0.0,0.0,0.0,0.0,0.0,0.0
4932.YNL244C,0.002968093000247341,1.9932919640751438e-05,0.0,0.0,0.0,0.0,0.0,0.0,0.0,0.0,0.0,0.0,0.0,0.0
4932.YDR447C,0.01657185258471432,0.00024931057729936677,0.0,0.0,0.0,0.0,0.0,0.0,0.0,0.0,0.0,0.0,0.0,0.0
4932.YLR264W,0.01657185258471432,0.00024931057729936677,0.0,0.0,0.0,0.0,0.0,0.0,0.0,0.0,0.0,0.0,0.0,0.0
4932.YAL038W,0.025476131585456346,0.01637498105026993,0.0,0.0,0.0,0.0,0.0,0.0,0.0,0.0,0.0,0.0,0.0,0.0
4932.YJL005W,0.005194162750432847,0.0012213923827093123,0.0,0.0,0.0,0.0,0.0,0.0,0.0,0.0,0.0,0.0,0.0,0.0
4932.YLR134W,0.01978728666831561,0.02587607028742462,0.0,0.0,0.0,0.0,0.0,0.0,0.0,0.0,0.0,0.0,0.0,0.0
4932.YOR117W,0.012119713084343309,0.0014500944199618564,0.0,0.0,0.0,0.0,0.0,0.0,0.0,0.0,0.0,0.0,0.0,0.0
4932.YKR097W,0.008904279000742024,0.0064676641243029695,0.0,0.0,0.0,0.0,0.0,0.0,0.0,0.0,0.0,0.0,0.0,0.0
4932.YDL080C,0.020034627751669552,0.0265353598563107,0.0,0.0,0.0,0.0,0.0,0.0,0.0,0.0,0.0,0.0,0.0,0.0
4932.YDR421W,0.012119713084343309,0.010739326336340858,0.0,0.0,0.0,0.0,0.0,0.0,0.0,0.0,0.0,0.0,0.0,0.0
4932.YCR012W,0.01978728666831561,0.004204643520550208,0.0,0.0,0.0,0.0,0.0,0.0,0.0,0.0,0.0,0.0,0.0,0.0
4932.YLR381W,0.001978728666831561,0.0018421171987849428,0.0,0.0,0.0,0.0,0.0,0.0,0.0,0.0,0.0,0.0,0.0,0.0
4932.YCL009C,0.009151620084095969,0.004727933358099522,0.0,0.0,0.0,0.0,0.0,0.0,0.0,0.0,0.0,0.0,0.0,0.0
4932.YER070W,0.023992085085332675,0.01009329693274788,0.0,0.0,0.0,0.0,0.0,0.0,0.0,0.0,0.0,0.0,0.0,0.0
4932.YMR061W,0.020034627751669552,0.010022458966480399,0.0,0.0,0.0,0.0,0.0,0.0,0.0,0.0,0.0,0.0,0.0,0.0
4932.YDR394W,0.012367054167697254,0.0015549969093560008,0.0,0.0,0.0,0.0,0.0,0.0,0.0,0.0,0.0,0.0,0.0,0.0
4932.YKL152C,0.013851100667820925,0.012726067824461432,0.0,0.0,0.0,0.0,0.0,0.0,0.0,0.0,0.0,0.0,0.0,0.0
4932.YOR283W,0.010883007667573585,0.01126780767224148,0.0,0.0,0.0,0.0,0.0,0.0,0.0,0.0,0.0,0.0,0.0,0.0
4932.YGR180C,0.003957457333663122,0.0007308597951678383,0.0,0.0,0.0,0.0,0.0,0.0,0.0,0.0,0.0,0.0,0.0,0.0
4932.YER178W,0.012367054167697254,0.010077947290725734,0.0,0.0,0.0,0.0,0.0,0.0,0.0,0.0,0.0,0.0,0.0,0.0
4932.YKL067W,0.04922087558743508,0.00549838674637344,0.0,0.0,0.0,0.0,0.0,0.0,0.0,0.0,0.0,0.0,0.0,0.0
4932.YLR354C,0.016324511501360377,0.007545104037181835,0.0,0.0,0.0,0.0,0.0,0.0,0.0,0.0,0.0,0.0,0.0,0.0
4932.YER099C,0.009893643334157804,0.005677561968288045,0.0,0.0,0.0,0.0,0.0,0.0,0.0,0.0,0.0,0.0,0.0,0.0
4932.YGR043C,0.016324511501360377,0.007545104037181835,0.0,0.0,0.0,0.0,0.0,0.0,0.0,0.0,0.0,0.0,0.0,0.0
4932.YBL033C,0.008656937917388079,0.00497942977892739,0.0,0.0,0.0,0.0,0.0,0.0,0.0,0.0,0.0,0.0,0.0,0.0
4932.YOL061W,0.00964630225080386,0.005637273762874315,0.0,0.0,0.0,0.0,0.0,0.0,0.0,0.0,0.0,0.0,0.0,0.0
4932.YJR069C,0.011872372000989364,0.0021348358073146473,0.0,0.0,0.0,0.0,0.0,0.0,0.0,0.0,0.0,0.0,0.0,0.0
4932.YDL021W,0.013851100667820925,0.012737527403757809,0.0,0.0,0.0,0.0,0.0,0.0,0.0,0.0,0.0,0.0,0.0,0.0
4932.YOR347C,0.024981449418748455,0.016351187980231805,0.0,0.0,0.0,0.0,0.0,0.0,0.0,0.0,0.0,0.0,0.0,0.0
4932.YBL068W,0.00964630225080386,0.005637273762874315,0.0,0.0,0.0,0.0,0.0,0.0,0.0,0.0,0.0,0.0,0.0,0.0
4932.YKL029C,0.01706653475142221,0.02105108930340763,0.0,0.0,0.0,0.0,0.0,0.0,0.0,0.0,0.0,0.0,0.0,0.0
4932.YGR087C,0.020529309918377443,0.02779357831751475,0.0,0.0,0.0,0.0,0.0,0.0,0.0,0.0,0.0,0.0,0.0,0.0
4932.YKL181W,0.009893643334157804,0.005682981460573139,0.0,0.0,0.0,0.0,0.0,0.0,0.0,0.0,0.0,0.0,0.0,0.0
4932.YPR074C,0.0328963640860747,0.01580784522244847,0.0,0.0,0.0,0.0,0.0,0.0,0.0,0.0,0.0,0.0,0.0,0.0
4932.YOL056W,0.013356418501113035,0.01271017553917392,0.0,0.0,0.0,0.0,0.0,0.0,0.0,0.0,0.0,0.0,0.0,0.0
4932.YHL011C,0.009893643334157804,0.005682981460573139,0.0,0.0,0.0,0.0,0.0,0.0,0.0,0.0,0.0,0.0,0.0,0.0
4932.YJL026W,0.004204798417017067,0.0007321873896367808,0.0,0.0,0.0,0.0,0.0,0.0,0.0,0.0,0.0,0.0,0.0,0.0
4932.YER005W,0.01063566658421964,0.002286255435245354,0.0,0.0,0.0,0.0,0.0,0.0,0.0,0.0,0.0,0.0,0.0,0.0
4932.YDR454C,0.015087806084590651,0.003356018694208316,0.0,0.0,0.0,0.0,0.0,0.0,0.0,0.0,0.0,0.0,0.0,0.0
4932.YKL060C,0.01978728666831561,0.01756130952909724,0.0,0.0,0.0,0.0,0.0,0.0,0.0,0.0,0.0,0.0,0.0,0.0
4932.YLR044C,0.02077665100173139,0.028423159570840392,0.0,0.0,0.0,0.0,0.0,0.0,0.0,0.0,0.0,0.0,0.0,0.0
4932.YOR259C,0.012119713084343309,0.0014500944199618562,0.0,0.0,0.0,0.0,0.0,0.0,0.0,0.0,0.0,0.0,0.0,0.0
4932.YBR117C,0.03215434083601286,0.015775853143418447,0.0,0.0,0.0,0.0,0.0,0.0,0.0,0.0,0.0,0.0,0.0,0.0
4932.YGR267C,0.003957457333663122,0.0007553329405206198,0.0,0.0,0.0,0.0,0.0,0.0,0.0,0.0,0.0,0.0,0.0,0.0
4932.YPR006C,0.012861736334405145,0.011103830861079841,0.0,0.0,0.0,0.0,0.0,0.0,0.0,0.0,0.0,0.0,0.0,0.0
4932.YKR043C,0.01063566658421964,0.011251338115518934,0.0,0.0,0.0,0.0,0.0,0.0,0.0,0.0,0.0,0.0,0.0,0.0
4932.YER065C,0.012861736334405145,0.011103830861079841,0.0,0.0,0.0,0.0,0.0,0.0,0.0,0.0,0.0,0.0,0.0,0.0
4932.YIL066C,0.022508038585209004,0.010016414164536172,0.0,0.0,0.0,0.0,0.0,0.0,0.0,0.0,0.0,0.0,0.0,0.0
4932.YAL039C,0.0007420232500618352,3.4486697176905855e-05,0.0,0.0,0.0,0.0,0.0,0.0,0.0,0.0,0.0,0.0,0.0,0.0
4932.YKL087C,0.0007420232500618352,3.4486697176905855e-05,0.0,0.0,0.0,0.0,0.0,0.0,0.0,0.0,0.0,0.0,0.0,0.0
4932.YOR176W,0.002968093000247341,0.00036625719475665654,0.0,0.0,0.0,0.0,0.0,0.0,0.0,0.0,0.0,0.0,0.0,0.0
4932.YAL040C,0.004204798417017067,2.715821606227471e-05,0.0,0.0,0.0,0.0,0.0,0.0,0.0,0.0,0.0,0.0,0.0,0.0
4932.YPR025C,0.0202819688350235,9.051076780378095e-05,0.0,0.0,0.0,0.0,0.0,0.0,0.0,0.0,0.0,0.0,0.0,0.0
4932.YDR460W,0.0202819688350235,9.051076780378095e-05,0.0,0.0,0.0,0.0,0.0,0.0,0.0,0.0,0.0,0.0,0.0,0.0
4932.YPR119W,0.007667573583972298,0.00019242545680917632,0.0,0.0,0.0,0.0,0.0,0.0,0.0,0.0,0.0,0.0,0.0,0.0
4932.YMR036C,0.004204798417017067,3.6683716937940236e-05,0.0,0.0,0.0,0.0,0.0,0.0,0.0,0.0,0.0,0.0,0.0,0.0
4932.YDL155W,0.0034627751669552313,9.825205733643858e-06,0.0,0.0,0.0,0.0,0.0,0.0,0.0,0.0,0.0,0.0,0.0,0.0
4932.YGR108W,0.007914914667326243,0.000210517432117002,0.0,0.0,0.0,0.0,0.0,0.0,0.0,0.0,0.0,0.0,0.0,0.0
4932.YOR083W,0.002473410833539451,3.106526463619944e-05,0.0,0.0,0.0,0.0,0.0,0.0,0.0,0.0,0.0,0.0,0.0,0.0
4932.YJL194W,0.012861736334405145,4.898209715122461e-05,0.0,0.0,0.0,0.0,0.0,0.0,0.0,0.0,0.0,0.0,0.0,0.0
4932.YLR210W,0.0034627751669552313,9.825205733643854e-06,0.0,0.0,0.0,0.0,0.0,0.0,0.0,0.0,0.0,0.0,0.0,0.0
4932.YMR199W,0.0054415038337867925,4.667929417808121e-05,0.0,0.0,0.0,0.0,0.0,0.0,0.0,0.0,0.0,0.0,0.0,0.0
4932.YLR182W,0.006430868167202572,0.001180310486333842,0.0,0.0,0.0,0.0,0.0,0.0,0.0,0.0,0.0,0.0,0.0,0.0
4932.YGR109C,0.006925550333910463,0.00018476170333973783,0.0,0.0,0.0,0.0,0.0,0.0,0.0,0.0,0.0,0.0,0.0,0.0
4932.YDL108W,0.021023992085085333,9.381651398476765e-05,0.0,0.0,0.0,0.0,0.0,0.0,0.0,0.0,0.0,0.0,0.0,0.0
4932.YER111C,0.005936186000494682,0.0011796333876486894,0.0,0.0,0.0,0.0,0.0,0.0,0.0,0.0,0.0,0.0,0.0,0.0
4932.YBR160W,0.012367054167697254,8.163604589615998e-05,0.0,0.0,0.0,0.0,0.0,0.0,0.0,0.0,0.0,0.0,0.0,0.0
4932.YPR120C,0.006925550333910463,0.00018476170333973783,0.0,0.0,0.0,0.0,0.0,0.0,0.0,0.0,0.0,0.0,0.0,0.0
4932.YPL256C,0.0054415038337867925,4.667929417808121e-05,0.0,0.0,0.0,0.0,0.0,0.0,0.0,0.0,0.0,0.0,0.0,0.0
4932.YAL041W,0.0014840465001236705,2.8386213354880572e-05,0.0,0.0,0.0,0.0,0.0,0.0,0.0,0.0,0.0,0.0,0.0,0.0
4932.YLR229C,0.015582488251298541,0.0005295108161136702,0.0,0.0,0.0,0.0,0.0,0.0,0.0,0.0,0.0,0.0,0.0,0.0
4932.YER118C,0.002226069750185506,0.00040914947891405596,0.0,0.0,0.0,0.0,0.0,0.0,0.0,0.0,0.0,0.0,0.0,0.0
4932.YOR212W,0.004204798417017067,4.6835411688661156e-05,0.0,0.0,0.0,0.0,0.0,0.0,0.0,0.0,0.0,0.0,0.0,0.0
4932.YJR086W,0.002226069750185506,2.43826202101584e-05,0.0,0.0,0.0,0.0,0.0,0.0,0.0,0.0,0.0,0.0,0.0,0.0
4932.YJL157C,0.008409596834034134,0.002864453956561262,0.0,0.0,0.0,0.0,0.0,0.0,0.0,0.0,0.0,0.0,0.0,0.0
4932.YBR200W,0.0017313875834776156,1.2998065122881288e-05,0.0,0.0,0.0,0.0,0.0,0.0,0.0,0.0,0.0,0.0,0.0,0.0
4932.YAL042W,0.001978728666831561,0.0008930354824229719,0.0,0.0,0.0,0.0,0.0,0.0,0.0,0.0,0.0,0.0,0.0,0.0
4932.YLR438W,0.02671283700222607,0.017679943618689697,0.0,0.0,0.0,0.0,0.0,0.0,0.0,0.0,0.0,0.0,0.0,0.0
4932.YNR058W,0.02621815483551818,0.017670905515880398,0.0,0.0,0.0,0.0,0.0,0.0,0.0,0.0,0.0,0.0,0.0,0.0
4932.YGR019W,0.02671283700222607,0.025473980212413556,0.0,0.0,0.0,0.0,0.0,0.0,0.0,0.0,0.0,0.0,0.0,0.0
4932.YOL140W,0.02621815483551818,0.017665500888042817,0.0,0.0,0.0,0.0,0.0,0.0,0.0,0.0,0.0,0.0,0.0,0.0
4932.YDL033C,0.004946821667078902,0.0012471990626574936,0.0,0.0,0.0,0.0,0.0,0.0,0.0,0.0,0.0,0.0,0.0,0.0
4932.YMR023C,0.0017313875834776156,0.0003394478107479579,0.0,0.0,0.0,0.0,0.0,0.0,0.0,0.0,0.0,0.0,0.0,0.0
4932.YAL043C,0.005194162750432847,0.00010681639043715301,0.0,0.0,0.0,0.0,0.0,0.0,0.0,0.0,0.0,0.0,0.0,0.0
4932.YER133W,0.006925550333910463,0.00010927521453874964,0.0,0.0,0.0,0.0,0.0,0.0,0.0,0.0,0.0,0.0,0.0,0.0
4932.YPR107C,0.005936186000494682,0.00010733899197217841,0.0,0.0,0.0,0.0,0.0,0.0,0.0,0.0,0.0,0.0,0.0,0.0
4932.YOR179C,0.0054415038337867925,0.00010305725881388818,0.0,0.0,0.0,0.0,0.0,0.0,0.0,0.0,0.0,0.0,0.0,0.0
4932.YDR228C,0.004699480583724957,0.0001025346572788628,0.0,0.0,0.0,0.0,0.0,0.0,0.0,0.0,0.0,0.0,0.0,0.0
4932.YJR093C,0.0054415038337867925,0.00010305725881388818,0.0,0.0,0.0,0.0,0.0,0.0,0.0,0.0,0.0,0.0,0.0,0.0
4932.YOL123W,0.004699480583724957,0.0001025346572788628,0.0,0.0,0.0,0.0,0.0,0.0,0.0,0.0,0.0,0.0,0.0,0.0
4932.YDR195W,0.0054415038337867925,0.00010305725881388818,0.0,0.0,0.0,0.0,0.0,0.0,0.0,0.0,0.0,0.0,0.0,0.0
4932.YDR301W,0.005936186000494682,0.00010733899197217841,0.0,0.0,0.0,0.0,0.0,0.0,0.0,0.0,0.0,0.0,0.0,0.0
4932.YGL044C,0.004699480583724957,0.0001025346572788628,0.0,0.0,0.0,0.0,0.0,0.0,0.0,0.0,0.0,0.0,0.0,0.0
4932.YLR277C,0.006678209250556517,0.0005998736389253517,0.0,0.0,0.0,0.0,0.0,0.0,0.0,0.0,0.0,0.0,0.0,0.0
4932.YLR115W,0.006183527083848627,0.0002545815264955488,0.0,0.0,0.0,0.0,0.0,0.0,0.0,0.0,0.0,0.0,0.0,0.0
4932.YKR002W,0.004699480583724957,0.0001025346572788628,0.0,0.0,0.0,0.0,0.0,0.0,0.0,0.0,0.0,0.0,0.0,0.0
4932.YKL018W,0.007172891417264408,0.00010309720918689039,0.0,0.0,0.0,0.0,0.0,0.0,0.0,0.0,0.0,0.0,0.0,0.0
4932.YGR156W,0.004699480583724957,0.0001025346572788628,0.0,0.0,0.0,0.0,0.0,0.0,0.0,0.0,0.0,0.0,0.0,0.0
4932.YOR250C,0.004699480583724957,0.0001025346572788628,0.0,0.0,0.0,0.0,0.0,0.0,0.0,0.0,0.0,0.0,0.0,0.0
4932.YNL317W,0.01014098441751175,0.001591989135016537,0.0,0.0,0.0,0.0,0.0,0.0,0.0,0.0,0.0,0.0,0.0,0.0
4932.YNL222W,0.0054415038337867925,0.00010305725881388818,0.0,0.0,0.0,0.0,0.0,0.0,0.0,0.0,0.0,0.0,0.0,0.0
4932.YEL046C,0.013356418501113035,0.017188147482761016,0.0,0.0,0.0,0.0,0.0,0.0,0.0,0.0,0.0,0.0,0.0,0.0
4932.YDL013W,0.06604006925550335,0.08637190259703793,0.0,0.0,0.0,0.0,0.0,0.0,0.0,0.0,0.0,0.0,0.0,0.0
4932.YKL107W,0.06183527083848628,0.08662923769867549,0.0,0.0,0.0,0.0,0.0,0.0,0.0,0.0,0.0,0.0,0.0,0.0
4932.YKR088C,0.006183527083848627,0.006460503143645323,0.0,0.0,0.0,0.0,0.0,0.0,0.0,0.0,0.0,0.0,0.0,0.0
4932.YLR414C,0.0652980460054415,0.08733995913163405,0.0,0.0,0.0,0.0,0.0,0.0,0.0,0.0,0.0,0.0,0.0,0.0
4932.YCR060W,0.012367054167697254,0.010381831496373336,0.0,0.0,0.0,0.0,0.0,0.0,0.0,0.0,0.0,0.0,0.0,0.0
4932.YIL124W,0.06356665842196389,0.08705978184551108,0.0,0.0,0.0,0.0,0.0,0.0,0.0,0.0,0.0,0.0,0.0,0.0
4932.YCR086W,0.0608459065050705,0.08562336250137284,0.0,0.0,0.0,0.0,0.0,0.0,0.0,0.0,0.0,0.0,0.0,0.0
4932.YEL023C,0.061340588671778384,0.08652871293050018,0.0,0.0,0.0,0.0,0.0,0.0,0.0,0.0,0.0,0.0,0.0,0.0
4932.YIR036C,0.061340588671778384,0.08666018137650884,0.0,0.0,0.0,0.0,0.0,0.0,0.0,0.0,0.0,0.0,0.0,0.0
4932.YCR011C,0.0027207519168933963,0.0008815055813681106,0.0,0.0,0.0,0.0,0.0,0.0,0.0,0.0,0.0,0.0,0.0,0.0
4932.YPR035W,0.024981449418748455,0.015273016458284838,0.0,0.0,0.0,0.0,0.0,0.0,0.0,0.0,0.0,0.0,0.0,0.0
4932.YNR070W,0.0027207519168933963,0.0008815055813681106,0.0,0.0,0.0,0.0,0.0,0.0,0.0,0.0,0.0,0.0,0.0,0.0
4932.YOR196C,0.0014840465001236705,0.00038274653158630546,0.0,0.0,0.0,0.0,0.0,0.0,0.0,0.0,0.0,0.0,0.0,0.0
4932.YBR215W,0.060351224338362604,0.0854260322123691,0.0,0.0,0.0,0.0,0.0,0.0,0.0,0.0,0.0,0.0,0.0,0.0
4932.YKL004W,0.06505070492208756,0.08785303888457784,0.0,0.0,0.0,0.0,0.0,0.0,0.0,0.0,0.0,0.0,0.0,0.0
4932.YNL316C,0.012119713084343309,0.008294092416197475,0.0,0.0,0.0,0.0,0.0,0.0,0.0,0.0,0.0,0.0,0.0,0.0
4932.YOR190W,0.06430868167202572,0.0886158746611337,0.0,0.0,0.0,0.0,0.0,0.0,0.0,0.0,0.0,0.0,0.0,0.0
4932.YOR328W,0.0034627751669552313,0.000950756514595482,0.0,0.0,0.0,0.0,0.0,0.0,0.0,0.0,0.0,0.0,0.0,0.0
4932.YDR011W,0.002968093000247341,0.0011344312938235915,0.0,0.0,0.0,0.0,0.0,0.0,0.0,0.0,0.0,0.0,0.0,0.0
4932.YOR011W,0.0027207519168933963,0.0008815055813681106,0.0,0.0,0.0,0.0,0.0,0.0,0.0,0.0,0.0,0.0,0.0,0.0
4932.YIR035C,0.06059856542171655,0.08573958591984149,0.0,0.0,0.0,0.0,0.0,0.0,0.0,0.0,0.0,0.0,0.0,0.0
4932.YHL008C,0.060351224338362604,0.08620380236907794,0.0,0.0,0.0,0.0,0.0,0.0,0.0,0.0,0.0,0.0,0.0,0.0
4932.YLR429W,0.014345782834528815,0.017034860386947178,0.0,0.0,0.0,0.0,0.0,0.0,0.0,0.0,0.0,0.0,0.0,0.0
4932.YPR073C,0.012861736334405145,0.003910505394628943,0.0,0.0,0.0,0.0,0.0,0.0,0.0,0.0,0.0,0.0,0.0,0.0
4932.YBL013W,0.004946821667078902,0.0035277119730736874,0.0,0.0,0.0,0.0,0.0,0.0,0.0,0.0,0.0,0.0,0.0,0.0
4932.YLR426W,0.061340588671778384,0.08766847652946069,0.0,0.0,0.0,0.0,0.0,0.0,0.0,0.0,0.0,0.0,0.0,0.0
4932.YDL215C,0.03314370516942864,0.02486810254572819,0.0,0.0,0.0,0.0,0.0,0.0,0.0,0.0,0.0,0.0,0.0,0.0
4932.YAL062W,0.03314370516942864,0.02486810254572819,0.0,0.0,0.0,0.0,0.0,0.0,0.0,0.0,0.0,0.0,0.0,0.0
4932.YDR320C,0.012861736334405145,0.011270308038273044,0.0,0.0,0.0,0.0,0.0,0.0,0.0,0.0,0.0,0.0,0.0,0.0
4932.YOR375C,0.03314370516942864,0.02486810254572819,0.0,0.0,0.0,0.0,0.0,0.0,0.0,0.0,0.0,0.0,0.0,0.0
4932.YBR056W,0.063071976255256,0.08733822451102378,0.0,0.0,0.0,0.0,0.0,0.0,0.0,0.0,0.0,0.0,0.0,0.0
4932.YOL075C,0.0027207519168933963,0.0008815055813681106,0.0,0.0,0.0,0.0,0.0,0.0,0.0,0.0,0.0,0.0,0.0,0.0
4932.YNL254C,0.00964630225080386,0.009764663483098164,0.0,0.0,0.0,0.0,0.0,0.0,0.0,0.0,0.0,0.0,0.0,0.0
4932.YNL085W,0.00964630225080386,0.014012435684386457,0.0,0.0,0.0,0.0,0.0,0.0,0.0,0.0,0.0,0.0,0.0,0.0
4932.YJL046W,0.0054415038337867925,0.0033962055004575415,0.0,0.0,0.0,0.0,0.0,0.0,0.0,0.0,0.0,0.0,0.0,0.0
4932.YDR261C,0.06381399950531784,0.08831125380289793,0.0,0.0,0.0,0.0,0.0,0.0,0.0,0.0,0.0,0.0,0.0,0.0
4932.YPR060C,0.01162503091763542,0.00865782946916375,0.0,0.0,0.0,0.0,0.0,0.0,0.0,0.0,0.0,0.0,0.0,0.0
4932.YBR155W,0.01063566658421964,0.010173797958986396,0.0,0.0,0.0,0.0,0.0,0.0,0.0,0.0,0.0,0.0,0.0,0.0
4932.YOR007C,0.014345782834528815,0.010864592784949346,0.0,0.0,0.0,0.0,0.0,0.0,0.0,0.0,0.0,0.0,0.0,0.0
4932.YLR300W,0.06752411575562701,0.09025485051244178,0.0,0.0,0.0,0.0,0.0,0.0,0.0,0.0,0.0,0.0,0.0,0.0
4932.YNL181W,0.06158792975513233,0.0866256045305937,0.0,0.0,0.0,0.0,0.0,0.0,0.0,0.0,0.0,0.0,0.0,0.0
4932.YKL055C,0.0657927281721494,0.08771743144151732,0.0,0.0,0.0,0.0,0.0,0.0,0.0,0.0,0.0,0.0,0.0,0.0
4932.YBR166C,0.008656937917388079,0.0057978165614095975,0.0,0.0,0.0,0.0,0.0,0.0,0.0,0.0,0.0,0.0,0.0,0.0
4932.YGR140W,0.06158792975513233,0.08653776232888825,0.0,0.0,0.0,0.0,0.0,0.0,0.0,0.0,0.0,0.0,0.0,0.0
4932.YDL114W,0.06059856542171655,0.08751133532036677,0.0,0.0,0.0,0.0,0.0,0.0,0.0,0.0,0.0,0.0,0.0,0.0
4932.YBR112C,0.012367054167697254,0.01077620558094228,0.0,0.0,0.0,0.0,0.0,0.0,0.0,0.0,0.0,0.0,0.0,0.0
4932.YMR250W,0.02572347266881029,0.024813318419026904,0.0,0.0,0.0,0.0,0.0,0.0,0.0,0.0,0.0,0.0,0.0,0.0
4932.YMR226C,0.06208261192184022,0.08694663634511804,0.0,0.0,0.0,0.0,0.0,0.0,0.0,0.0,0.0,0.0,0.0,0.0
4932.YBL043W,0.009893643334157804,0.00991750065939892,0.0,0.0,0.0,0.0,0.0,0.0,0.0,0.0,0.0,0.0,0.0,0.0
4932.YPL033C,0.06059856542171655,0.08790345688980507,0.0,0.0,0.0,0.0,0.0,0.0,0.0,0.0,0.0,0.0,0.0,0.0
4932.YGL151W,0.0707395498392283,0.08711010668138257,0.0,0.0,0.0,0.0,0.0,0.0,0.0,0.0,0.0,0.0,0.0,0.0
4932.YDR403W,0.002968093000247341,0.0009376864818605834,0.0,0.0,0.0,0.0,0.0,0.0,0.0,0.0,0.0,0.0,0.0,0.0
4932.YDR406W,0.003215434083601286,0.0008949828785280252,0.0,0.0,0.0,0.0,0.0,0.0,0.0,0.0,0.0,0.0,0.0,0.0
4932.YDL171C,0.03190699975265892,0.017934351810337645,0.0,0.0,0.0,0.0,0.0,0.0,0.0,0.0,0.0,0.0,0.0,0.0
4932.YOR246C,0.06406134058867179,0.08913548158502317,0.0,0.0,0.0,0.0,0.0,0.0,0.0,0.0,0.0,0.0,0.0,0.0
4932.YIL013C,0.0027207519168933963,0.0008815055813681106,0.0,0.0,0.0,0.0,0.0,0.0,0.0,0.0,0.0,0.0,0.0,0.0
4932.YIL125W,0.011872372000989364,0.015540193817839647,0.0,0.0,0.0,0.0,0.0,0.0,0.0,0.0,0.0,0.0,0.0,0.0
4932.YOR153W,0.003215434083601286,0.0008949828785280252,0.0,0.0,0.0,0.0,0.0,0.0,0.0,0.0,0.0,0.0,0.0,0.0
4932.YAL049C,0.007667573583972298,0.011972582352096361,0.0,0.0,0.0,0.0,0.0,0.0,0.0,0.0,0.0,0.0,0.0,0.0
4932.YNL050C,0.06331931733860995,0.08672611244481938,0.0,0.0,0.0,0.0,0.0,0.0,0.0,0.0,0.0,0.0,0.0,0.0
4932.YOR080W,0.010388325500865695,0.010457753548093087,0.0,0.0,0.0,0.0,0.0,0.0,0.0,0.0,0.0,0.0,0.0,0.0
4932.YLR239C,0.001978728666831561,0.0017177845036356523,0.0,0.0,0.0,0.0,0.0,0.0,0.0,0.0,0.0,0.0,0.0,0.0
4932.YNL202W,0.06950284442245858,0.08928218456792526,0.0,0.0,0.0,0.0,0.0,0.0,0.0,0.0,0.0,0.0,0.0,0.0
4932.YBL084C,0.01805589908483799,0.010814823656809941,0.0,0.0,0.0,0.0,0.0,0.0,0.0,0.0,0.0,0.0,0.0,0.0
4932.YPL058C,0.0027207519168933963,0.0008815055813681106,0.0,0.0,0.0,0.0,0.0,0.0,0.0,0.0,0.0,0.0,0.0,0.0
4932.YER080W,0.05960920108830077,0.08617134348858824,0.0,0.0,0.0,0.0,0.0,0.0,0.0,0.0,0.0,0.0,0.0,0.0
4932.YDR104C,0.006183527083848627,0.00024384121666746043,0.0,0.0,0.0,0.0,0.0,0.0,0.0,0.0,0.0,0.0,0.0,0.0
4932.YOR377W,0.0037101162503091764,0.0005165129958583581,0.0,0.0,0.0,0.0,0.0,0.0,0.0,0.0,0.0,0.0,0.0,0.0
4932.YDR371W,0.01014098441751175,0.0015686083449270817,0.0,0.0,0.0,0.0,0.0,0.0,0.0,0.0,0.0,0.0,0.0,0.0
4932.YGR177C,0.0037101162503091764,0.0005165129958583581,0.0,0.0,0.0,0.0,0.0,0.0,0.0,0.0,0.0,0.0,0.0,0.0
4932.YGR212W,0.0037101162503091764,0.0005165129958583581,0.0,0.0,0.0,0.0,0.0,0.0,0.0,0.0,0.0,0.0,0.0,0.0
4932.YAL051W,0.0002473410833539451,3.3380324233660764e-46,0.0,0.0,0.0,0.0,0.0,0.0,0.0,0.0,0.0,0.0,0.0,0.0
4932.YOR363C,0.0002473410833539451,3.3380324233660764e-46,0.0,0.0,0.0,0.0,0.0,0.0,0.0,0.0,0.0,0.0,0.0,0.0
4932.YAL053W,0.0002473410833539451,0.0001630408462960291,0.0,0.0,0.0,0.0,0.0,0.0,0.0,0.0,0.0,0.0,0.0,0.0
4932.YCR005C,0.02819688350234974,0.019020204810985007,0.0,0.0,0.0,0.0,0.0,0.0,0.0,0.0,0.0,0.0,0.0,0.0
4932.YCL018W,0.0126143952510512,0.012389763156289353,0.0,0.0,0.0,0.0,0.0,0.0,0.0,0.0,0.0,0.0,0.0,0.0
4932.YIL053W,0.020034627751669552,0.01715774903331215,0.0,0.0,0.0,0.0,0.0,0.0,0.0,0.0,0.0,0.0,0.0,0.0
4932.YOL102C,0.001978728666831561,0.0013050004465553096,0.0,0.0,0.0,0.0,0.0,0.0,0.0,0.0,0.0,0.0,0.0,0.0
4932.YDR234W,0.01162503091763542,0.00591722991688723,0.0,0.0,0.0,0.0,0.0,0.0,0.0,0.0,0.0,0.0,0.0,0.0
4932.YMR253C,0.0012367054167697256,0.0008694615177622248,0.0,0.0,0.0,0.0,0.0,0.0,0.0,0.0,0.0,0.0,0.0,0.0
4932.YER090W,0.01162503091763542,0.011706620133915442,0.0,0.0,0.0,0.0,0.0,0.0,0.0,0.0,0.0,0.0,0.0,0.0
4932.YGL157W,0.032401681919366807,0.03427642656027905,0.0,0.0,0.0,0.0,0.0,0.0,0.0,0.0,0.0,0.0,0.0,0.0
4932.YIR031C,0.019539945584961662,0.018663478666051735,0.0,0.0,0.0,0.0,0.0,0.0,0.0,0.0,0.0,0.0,0.0,0.0
4932.YML059C,0.016324511501360377,0.008810941107476145,0.0,0.0,0.0,0.0,0.0,0.0,0.0,0.0,0.0,0.0,0.0,0.0
4932.YKL033W-A,0.0175612169181301,0.016502354239183233,0.0,0.0,0.0,0.0,0.0,0.0,0.0,0.0,0.0,0.0,0.0,0.0
4932.YDR541C,0.03215434083601286,0.03396689603922274,0.0,0.0,0.0,0.0,0.0,0.0,0.0,0.0,0.0,0.0,0.0,0.0
4932.YDR369C,0.0014840465001236705,0.0012975910866463488,0.0,0.0,0.0,0.0,0.0,0.0,0.0,0.0,0.0,0.0,0.0,0.0
4932.YOR136W,0.015582488251298541,0.014398102842000484,0.0,0.0,0.0,0.0,0.0,0.0,0.0,0.0,0.0,0.0,0.0,0.0
4932.YGL039W,0.032401681919366807,0.034120292869018375,0.0,0.0,0.0,0.0,0.0,0.0,0.0,0.0,0.0,0.0,0.0,0.0
4932.YGR244C,0.02819688350234974,0.02227135123499244,0.0,0.0,0.0,0.0,0.0,0.0,0.0,0.0,0.0,0.0,0.0,0.0
4932.YER062C,0.019539945584961662,0.01717245556675691,0.0,0.0,0.0,0.0,0.0,0.0,0.0,0.0,0.0,0.0,0.0,0.0
4932.YHR043C,0.017808558001484048,0.01611914999682447,0.0,0.0,0.0,0.0,0.0,0.0,0.0,0.0,0.0,0.0,0.0,0.0
4932.YOL151W,0.03536977491961415,0.035353757826095074,0.0,0.0,0.0,0.0,0.0,0.0,0.0,0.0,0.0,0.0,0.0,0.0
4932.YGL148W,0.004946821667078902,0.004913391165082648,0.0,0.0,0.0,0.0,0.0,0.0,0.0,0.0,0.0,0.0,0.0,0.0
4932.YLL056C,0.032401681919366807,0.03398734685180151,0.0,0.0,0.0,0.0,0.0,0.0,0.0,0.0,0.0,0.0,0.0,0.0
4932.YNL117W,0.0202819688350235,0.018688271164429556,0.0,0.0,0.0,0.0,0.0,0.0,0.0,0.0,0.0,0.0,0.0,0.0
4932.YIL094C,0.012119713084343309,0.012169419703966636,0.0,0.0,0.0,0.0,0.0,0.0,0.0,0.0,0.0,0.0,0.0,0.0
4932.YMR281W,0.007420232500618353,0.005790883567323988,0.0,0.0,0.0,0.0,0.0,0.0,0.0,0.0,0.0,0.0,0.0,0.0
4932.YPL264C,0.0014840465001236705,0.0015160944846062132,0.0,0.0,0.0,0.0,0.0,0.0,0.0,0.0,0.0,0.0,0.0,0.0
4932.YLR307W,0.0012367054167697256,0.0013146201296913892,0.0,0.0,0.0,0.0,0.0,0.0,0.0,0.0,0.0,0.0,0.0,0.0
4932.YKL211C,0.014345782834528815,0.00796035114350452,0.0,0.0,0.0,0.0,0.0,0.0,0.0,0.0,0.0,0.0,0.0,0.0
4932.YIL033C,0.014840465001236706,0.008221074469500357,0.0,0.0,0.0,0.0,0.0,0.0,0.0,0.0,0.0,0.0,0.0,0.0
4932.YJL096W,0.01113034875092753,0.005865245967955865,0.0,0.0,0.0,0.0,0.0,0.0,0.0,0.0,0.0,0.0,0.0,0.0
4932.YLR308W,0.0012367054167697256,0.0013146201296913892,0.0,0.0,0.0,0.0,0.0,0.0,0.0,0.0,0.0,0.0,0.0,0.0
4932.YGL001C,0.03388572841949048,0.03504336529343691,0.0,0.0,0.0,0.0,0.0,0.0,0.0,0.0,0.0,0.0,0.0,0.0
4932.YHR044C,0.0175612169181301,0.015821944676341876,0.0,0.0,0.0,0.0,0.0,0.0,0.0,0.0,0.0,0.0,0.0,0.0
4932.YJL200C,0.0126143952510512,0.005978599935869193,0.0,0.0,0.0,0.0,0.0,0.0,0.0,0.0,0.0,0.0,0.0,0.0
4932.YLR359W,0.02572347266881029,0.014298722205017574,0.0,0.0,0.0,0.0,0.0,0.0,0.0,0.0,0.0,0.0,0.0,0.0
4932.YPR133C,0.0007420232500618352,0.0014772658640136273,0.0,0.0,0.0,0.0,0.0,0.0,0.0,0.0,0.0,0.0,0.0,0.0
4932.YPR001W,0.02819688350234974,0.019020204810985007,0.0,0.0,0.0,0.0,0.0,0.0,0.0,0.0,0.0,0.0,0.0,0.0
4932.YAL058W,0.0002473410833539451,7.70145251086017e-06,0.0,0.0,0.0,0.0,0.0,0.0,0.0,0.0,0.0,0.0,0.0,0.0
4932.YCL043C,0.004452139500371012,0.0010547231384572667,0.0,0.0,0.0,0.0,0.0,0.0,0.0,0.0,0.0,0.0,0.0,0.0
4932.YDL236W,0.009893643334157804,0.006177717559066237,0.0,0.0,0.0,0.0,0.0,0.0,0.0,0.0,0.0,0.0,0.0,0.0
4932.YDR503C,0.01310907741775909,0.0033536017043287476,0.0,0.0,0.0,0.0,0.0,0.0,0.0,0.0,0.0,0.0,0.0,0.0
4932.YMR217W,0.024239426168686618,0.010305424375727885,0.0,0.0,0.0,0.0,0.0,0.0,0.0,0.0,0.0,0.0,0.0,0.0
4932.YHR046C,0.010883007667573585,0.00783455391414205,0.0,0.0,0.0,0.0,0.0,0.0,0.0,0.0,0.0,0.0,0.0,0.0
4932.YDR294C,0.01904526341825377,0.02077298287610114,0.0,0.0,0.0,0.0,0.0,0.0,0.0,0.0,0.0,0.0,0.0,0.0
4932.YMR120C,0.02226069750185506,0.00811001362691544,0.0,0.0,0.0,0.0,0.0,0.0,0.0,0.0,0.0,0.0,0.0,0.0
4932.YCL030C,0.0202819688350235,0.006203252292036652,0.0,0.0,0.0,0.0,0.0,0.0,0.0,0.0,0.0,0.0,0.0,0.0
4932.YDR287W,0.01113034875092753,0.007854403325079789,0.0,0.0,0.0,0.0,0.0,0.0,0.0,0.0,0.0,0.0,0.0,0.0
4932.YDR380W,0.016324511501360377,0.023524116153770352,0.0,0.0,0.0,0.0,0.0,0.0,0.0,0.0,0.0,0.0,0.0,0.0
4932.YLR028C,0.02275537966856295,0.00811067266433961,0.0,0.0,0.0,0.0,0.0,0.0,0.0,0.0,0.0,0.0,0.0,0.0
4932.YMR020W,0.015335147167944596,0.01864881935864323,0.0,0.0,0.0,0.0,0.0,0.0,0.0,0.0,0.0,0.0,0.0,0.0
4932.YJL068C,0.006925550333910463,0.009529725129169959,0.0,0.0,0.0,0.0,0.0,0.0,0.0,0.0,0.0,0.0,0.0,0.0
4932.YLR220W,0.0037101162503091764,0.00250895795932654,0.0,0.0,0.0,0.0,0.0,0.0,0.0,0.0,0.0,0.0,0.0,0.0
4932.YLR126C,0.023497402918624784,0.010558610240920112,0.0,0.0,0.0,0.0,0.0,0.0,0.0,0.0,0.0,0.0,0.0,0.0
4932.YKR070W,0.008904279000742024,0.005106438632597367,0.0,0.0,0.0,0.0,0.0,0.0,0.0,0.0,0.0,0.0,0.0,0.0
4932.YDR284C,0.01360375958446698,0.0034638539613753246,0.0,0.0,0.0,0.0,0.0,0.0,0.0,0.0,0.0,0.0,0.0,0.0
4932.YOR054C,0.0054415038337867925,0.003027071838181045,0.0,0.0,0.0,0.0,0.0,0.0,0.0,0.0,0.0,0.0,0.0,0.0
4932.YBR114W,0.02275537966856295,0.0034537126445797093,0.0,0.0,0.0,0.0,0.0,0.0,0.0,0.0,0.0,0.0,0.0,0.0
4932.YJR103W,0.02325006183527084,0.005658196940439717,0.0,0.0,0.0,0.0,0.0,0.0,0.0,0.0,0.0,0.0,0.0,0.0
4932.YNR068C,0.017808558001484048,0.008338940487963693,0.0,0.0,0.0,0.0,0.0,0.0,0.0,0.0,0.0,0.0,0.0,0.0
4932.YOL033W,0.007667573583972298,0.0033121238817731833,0.0,0.0,0.0,0.0,0.0,0.0,0.0,0.0,0.0,0.0,0.0,0.0
4932.YDL066W,0.0202819688350235,0.011874476399836787,0.0,0.0,0.0,0.0,0.0,0.0,0.0,0.0,0.0,0.0,0.0,0.0
4932.YBR294W,0.0037101162503091764,0.0021712360092367576,0.0,0.0,0.0,0.0,0.0,0.0,0.0,0.0,0.0,0.0,0.0,0.0
4932.YHR139C,0.01459312391788276,0.00618829656616999,0.0,0.0,0.0,0.0,0.0,0.0,0.0,0.0,0.0,0.0,0.0,0.0
4932.YPR145W,0.01855058125154588,0.01050488411018154,0.0,0.0,0.0,0.0,0.0,0.0,0.0,0.0,0.0,0.0,0.0,0.0
4932.YFL059W,0.01459312391788276,0.005284573081939253,0.0,0.0,0.0,0.0,0.0,0.0,0.0,0.0,0.0,0.0,0.0,0.0
4932.YKL215C,0.007172891417264408,0.004353299957758023,0.0,0.0,0.0,0.0,0.0,0.0,0.0,0.0,0.0,0.0,0.0,0.0
4932.YOR126C,0.008162255750680188,0.0037711253788599774,0.0,0.0,0.0,0.0,0.0,0.0,0.0,0.0,0.0,0.0,0.0,0.0
4932.YLR155C,0.015335147167944596,0.0064390763159604325,0.0,0.0,0.0,0.0,0.0,0.0,0.0,0.0,0.0,0.0,0.0,0.0
4932.YML111W,0.017808558001484048,0.008338940487963693,0.0,0.0,0.0,0.0,0.0,0.0,0.0,0.0,0.0,0.0,0.0,0.0
4932.YNL333W,0.014840465001236706,0.005140031852944407,0.0,0.0,0.0,0.0,0.0,0.0,0.0,0.0,0.0,0.0,0.0,0.0
4932.YBL039C,0.02275537966856295,0.005653524797833967,0.0,0.0,0.0,0.0,0.0,0.0,0.0,0.0,0.0,0.0,0.0,0.0
4932.YMR275C,0.017808558001484048,0.008338940487963693,0.0,0.0,0.0,0.0,0.0,0.0,0.0,0.0,0.0,0.0,0.0,0.0
4932.YGR125W,0.0034627751669552313,0.0021563314037292324,0.0,0.0,0.0,0.0,0.0,0.0,0.0,0.0,0.0,0.0,0.0,0.0
4932.YGL245W,0.008409596834034134,0.0033915801063741082,0.0,0.0,0.0,0.0,0.0,0.0,0.0,0.0,0.0,0.0,0.0,0.0
4932.YLR157C,0.013851100667820925,0.005989966317531812,0.0,0.0,0.0,0.0,0.0,0.0,0.0,0.0,0.0,0.0,0.0,0.0
4932.YFL060C,0.013356418501113035,0.0037162573004689624,0.0,0.0,0.0,0.0,0.0,0.0,0.0,0.0,0.0,0.0,0.0,0.0
4932.YDR321W,0.016324511501360377,0.007204790518530828,0.0,0.0,0.0,0.0,0.0,0.0,0.0,0.0,0.0,0.0,0.0,0.0
4932.YLR299W,0.01063566658421964,0.0027226085601724397,0.0,0.0,0.0,0.0,0.0,0.0,0.0,0.0,0.0,0.0,0.0,0.0
4932.YJL071W,0.010883007667573585,0.004043408078327814,0.0,0.0,0.0,0.0,0.0,0.0,0.0,0.0,0.0,0.0,0.0,0.0
4932.YJR109C,0.018797922334899828,0.008560705057129298,0.0,0.0,0.0,0.0,0.0,0.0,0.0,0.0,0.0,0.0,0.0,0.0
4932.YNL334C,0.015335147167944596,0.004523087697752605,0.0,0.0,0.0,0.0,0.0,0.0,0.0,0.0,0.0,0.0,0.0,0.0
4932.YJL130C,0.02077665100173139,0.009412004347398245,0.0,0.0,0.0,0.0,0.0,0.0,0.0,0.0,0.0,0.0,0.0,0.0
4932.YMR095C,0.01409844175117487,0.004260856661313725,0.0,0.0,0.0,0.0,0.0,0.0,0.0,0.0,0.0,0.0,0.0,0.0
4932.YLR313C,0.016819193668068267,0.01915086460605764,0.0,0.0,0.0,0.0,0.0,0.0,0.0,0.0,0.0,0.0,0.0,0.0
4932.YBR248C,0.0175612169181301,0.006513024469229705,0.0,0.0,0.0,0.0,0.0,0.0,0.0,0.0,0.0,0.0,0.0,0.0
4932.YNR069C,0.017808558001484048,0.008338940487963693,0.0,0.0,0.0,0.0,0.0,0.0,0.0,0.0,0.0,0.0,0.0,0.0
4932.YLR351C,0.023497402918624784,0.011593286434615813,0.0,0.0,0.0,0.0,0.0,0.0,0.0,0.0,0.0,0.0,0.0,0.0
4932.YMR096W,0.01409844175117487,0.005008294337390523,0.0,0.0,0.0,0.0,0.0,0.0,0.0,0.0,0.0,0.0,0.0,0.0
4932.YLL021W,0.018797922334899828,0.01921120505123353,0.0,0.0,0.0,0.0,0.0,0.0,0.0,0.0,0.0,0.0,0.0,0.0
4932.YLR158C,0.013851100667820925,0.005989966317531812,0.0,0.0,0.0,0.0,0.0,0.0,0.0,0.0,0.0,0.0,0.0,0.0
4932.YJL186W,0.026960178085580017,0.015549640110624758,0.0,0.0,0.0,0.0,0.0,0.0,0.0,0.0,0.0,0.0,0.0,0.0
4932.YLR174W,0.01459312391788276,0.009614850639296058,0.0,0.0,0.0,0.0,0.0,0.0,0.0,0.0,0.0,0.0,0.0,0.0
4932.YGR124W,0.01855058125154588,0.01050488411018154,0.0,0.0,0.0,0.0,0.0,0.0,0.0,0.0,0.0,0.0,0.0,0.0
4932.YNL009W,0.01409844175117487,0.009575213407703296,0.0,0.0,0.0,0.0,0.0,0.0,0.0,0.0,0.0,0.0,0.0,0.0
4932.YMR062C,0.007172891417264408,0.003849996790481283,0.0,0.0,0.0,0.0,0.0,0.0,0.0,0.0,0.0,0.0,0.0,0.0
4932.YBL080C,0.024239426168686618,0.0077990890685215985,0.0,0.0,0.0,0.0,0.0,0.0,0.0,0.0,0.0,0.0,0.0,0.0
4932.YOR303W,0.018797922334899828,0.008560705057129298,0.0,0.0,0.0,0.0,0.0,0.0,0.0,0.0,0.0,0.0,0.0,0.0
4932.YMR293C,0.02572347266881029,0.015237840646412456,0.0,0.0,0.0,0.0,0.0,0.0,0.0,0.0,0.0,0.0,0.0,0.0
4932.YOR118W,0.02621815483551818,0.015392134762013794,0.0,0.0,0.0,0.0,0.0,0.0,0.0,0.0,0.0,0.0,0.0,0.0
4932.YLR092W,0.0034627751669552313,0.0020412327295829006,0.0,0.0,0.0,0.0,0.0,0.0,0.0,0.0,0.0,0.0,0.0,0.0
4932.YLR160C,0.013851100667820925,0.005989966317531812,0.0,0.0,0.0,0.0,0.0,0.0,0.0,0.0,0.0,0.0,0.0,0.0
4932.YBR015C,0.027949542418995797,0.01611220618491557,0.0,0.0,0.0,0.0,0.0,0.0,0.0,0.0,0.0,0.0,0.0,0.0
4932.YML096W,0.017313875834776157,0.010248870374095219,0.0,0.0,0.0,0.0,0.0,0.0,0.0,0.0,0.0,0.0,0.0,0.0
4932.YMR300C,0.013356418501113035,0.004433145638901878,0.0,0.0,0.0,0.0,0.0,0.0,0.0,0.0,0.0,0.0,0.0,0.0
4932.YPR003C,0.0034627751669552313,0.0021563314037292324,0.0,0.0,0.0,0.0,0.0,0.0,0.0,0.0,0.0,0.0,0.0,0.0
4932.YIR023W,0.025970813752164236,0.015273472712287151,0.0,0.0,0.0,0.0,0.0,0.0,0.0,0.0,0.0,0.0,0.0,0.0
4932.YNL160W,0.015087806084590651,0.006591142319791441,0.0,0.0,0.0,0.0,0.0,0.0,0.0,0.0,0.0,0.0,0.0,0.0
4932.YDR242W,0.025970813752164236,0.01543528817783245,0.0,0.0,0.0,0.0,0.0,0.0,0.0,0.0,0.0,0.0,0.0,0.0
4932.YIL164C,0.017808558001484048,0.01434397619704055,0.0,0.0,0.0,0.0,0.0,0.0,0.0,0.0,0.0,0.0,0.0,0.0
4932.YAL067C,0.002473410833539451,0.0008104680575042826,0.0,0.0,0.0,0.0,0.0,0.0,0.0,0.0,0.0,0.0,0.0,0.0
4932.YJL155C,0.01904526341825377,0.010234653989228994,0.0,0.0,0.0,0.0,0.0,0.0,0.0,0.0,0.0,0.0,0.0,0.0
4932.YJR009C,0.0175612169181301,0.005005283497948073,0.0,0.0,0.0,0.0,0.0,0.0,0.0,0.0,0.0,0.0,0.0,0.0
4932.YDR050C,0.020034627751669552,0.01307747363552253,0.0,0.0,0.0,0.0,0.0,0.0,0.0,0.0,0.0,0.0,0.0,0.0
4932.YJL052W,0.017313875834776157,0.004998933190746923,0.0,0.0,0.0,0.0,0.0,0.0,0.0,0.0,0.0,0.0,0.0,0.0
4932.YGR192C,0.01805589908483799,0.005010827070646771,0.0,0.0,0.0,0.0,0.0,0.0,0.0,0.0,0.0,0.0,0.0,0.0
4932.YGR144W,0.0037101162503091764,0.0012951589734044755,0.0,0.0,0.0,0.0,0.0,0.0,0.0,0.0,0.0,0.0,0.0,0.0
4932.YKL209C,0.006678209250556517,0.011877812717202002,0.0,0.0,0.0,0.0,0.0,0.0,0.0,0.0,0.0,0.0,0.0,0.0
4932.YKR104W,0.006183527083848627,0.011813164366393722,0.0,0.0,0.0,0.0,0.0,0.0,0.0,0.0,0.0,0.0,0.0,0.0
4932.YER015W,0.0252287905021024,0.04277806844886078,0.0,0.0,0.0,0.0,0.0,0.0,0.0,0.0,0.0,0.0,0.0,0.0
4932.YER069W,0.022508038585209004,0.01996562490683768,0.0,0.0,0.0,0.0,0.0,0.0,0.0,0.0,0.0,0.0,0.0,0.0
4932.YKR103W,0.008904279000742024,0.012293546006651286,0.0,0.0,0.0,0.0,0.0,0.0,0.0,0.0,0.0,0.0,0.0,0.0
4932.YMR246W,0.023744744001978728,0.04064337881505146,0.0,0.0,0.0,0.0,0.0,0.0,0.0,0.0,0.0,0.0,0.0,0.0
4932.YOR317W,0.02473410833539451,0.04181960098787244,0.0,0.0,0.0,0.0,0.0,0.0,0.0,0.0,0.0,0.0,0.0,0.0
4932.YHR045W,0.020529309918377443,0.03882613577687337,0.0,0.0,0.0,0.0,0.0,0.0,0.0,0.0,0.0,0.0,0.0,0.0
4932.YDR135C,0.007420232500618353,0.012261992680170163,0.0,0.0,0.0,0.0,0.0,0.0,0.0,0.0,0.0,0.0,0.0,0.0
4932.YML009C,0.005688844917140738,0.0117936748461029,0.0,0.0,0.0,0.0,0.0,0.0,0.0,0.0,0.0,0.0,0.0,0.0
4932.YLR188W,0.006430868167202572,0.011823349075057533,0.0,0.0,0.0,0.0,0.0,0.0,0.0,0.0,0.0,0.0,0.0,0.0
4932.YPL231W,0.010388325500865695,0.015941165758010644,0.0,0.0,0.0,0.0,0.0,0.0,0.0,0.0,0.0,0.0,0.0,0.0
4932.YHL035C,0.008904279000742024,0.012293546006651286,0.0,0.0,0.0,0.0,0.0,0.0,0.0,0.0,0.0,0.0,0.0,0.0
4932.YPL270W,0.006183527083848627,0.011813164366393722,0.0,0.0,0.0,0.0,0.0,0.0,0.0,0.0,0.0,0.0,0.0,0.0
4932.YBR041W,0.005688844917140738,0.0117936748461029,0.0,0.0,0.0,0.0,0.0,0.0,0.0,0.0,0.0,0.0,0.0,0.0
4932.YLL048C,0.009151620084095969,0.01230365688832617,0.0,0.0,0.0,0.0,0.0,0.0,0.0,0.0,0.0,0.0,0.0,0.0
4932.YLL015W,0.007420232500618353,0.012261992680170163,0.0,0.0,0.0,0.0,0.0,0.0,0.0,0.0,0.0,0.0,0.0,0.0
4932.YLR301W,0.006678209250556517,0.011923808909030663,0.0,0.0,0.0,0.0,0.0,0.0,0.0,0.0,0.0,0.0,0.0,0.0
4932.YCR020C,0.01162503091763542,0.015806551051575905,0.0,0.0,0.0,0.0,0.0,0.0,0.0,0.0,0.0,0.0,0.0,0.0
4932.YGR281W,0.007667573583972298,0.012316061504397633,0.0,0.0,0.0,0.0,0.0,0.0,0.0,0.0,0.0,0.0,0.0,0.0
4932.YIL009W,0.024486767252040565,0.04113788626366793,0.0,0.0,0.0,0.0,0.0,0.0,0.0,0.0,0.0,0.0,0.0,0.0
4932.YNL094W,0.004946821667078902,0.010254002230447456,0.0,0.0,0.0,0.0,0.0,0.0,0.0,0.0,0.0,0.0,0.0,0.0
4932.YKL182W,0.011377689834281475,0.016816838666654656,0.0,0.0,0.0,0.0,0.0,0.0,0.0,0.0,0.0,0.0,0.0,0.0
4932.YAR002W,0.004204798417017067,1.6545943661351932e-05,0.0,0.0,0.0,0.0,0.0,0.0,0.0,0.0,0.0,0.0,0.0,0.0
4932.YLR335W,0.003957457333663122,0.000166439613902469,0.0,0.0,0.0,0.0,0.0,0.0,0.0,0.0,0.0,0.0,0.0,0.0
4932.YGR119C,0.003215434083601286,9.782472721340209e-06,0.0,0.0,0.0,0.0,0.0,0.0,0.0,0.0,0.0,0.0,0.0,0.0
4932.YDL088C,0.007420232500618353,0.00026538329698381303,0.0,0.0,0.0,0.0,0.0,0.0,0.0,0.0,0.0,0.0,0.0,0.0
4932.YER009W,0.003215434083601286,9.782472721340209e-06,0.0,0.0,0.0,0.0,0.0,0.0,0.0,0.0,0.0,0.0,0.0,0.0
4932.YKL186C,0.0034627751669552313,9.818949008910181e-06,0.0,0.0,0.0,0.0,0.0,0.0,0.0,0.0,0.0,0.0,0.0,0.0
4932.YIL115C,0.004452139500371012,0.00016169112139876815,0.0,0.0,0.0,0.0,0.0,0.0,0.0,0.0,0.0,0.0,0.0,0.0
4932.YMR153W,0.007914914667326243,0.00027403690254320675,0.0,0.0,0.0,0.0,0.0,0.0,0.0,0.0,0.0,0.0,0.0,0.0
4932.YFR002W,0.0027207519168933963,0.0007445344878277489,0.0,0.0,0.0,0.0,0.0,0.0,0.0,0.0,0.0,0.0,0.0,0.0
4932.YMR047C,0.005194162750432847,0.00016273249418806418,0.0,0.0,0.0,0.0,0.0,0.0,0.0,0.0,0.0,0.0,0.0,0.0
4932.YIL149C,0.001978728666831561,1.1034060211218972e-05,0.0,0.0,0.0,0.0,0.0,0.0,0.0,0.0,0.0,0.0,0.0,0.0
4932.YOR098C,0.004204798417017067,1.6545943661351932e-05,0.0,0.0,0.0,0.0,0.0,0.0,0.0,0.0,0.0,0.0,0.0,0.0
4932.YGL172W,0.003215434083601286,9.782472721340209e-06,0.0,0.0,0.0,0.0,0.0,0.0,0.0,0.0,0.0,0.0,0.0,0.0
4932.YGL092W,0.004699480583724957,7.236171822854205e-05,0.0,0.0,0.0,0.0,0.0,0.0,0.0,0.0,0.0,0.0,0.0,0.0
4932.YKL068W,0.005194162750432847,0.00016273249418806418,0.0,0.0,0.0,0.0,0.0,0.0,0.0,0.0,0.0,0.0,0.0,0.0
4932.YDR192C,0.004452139500371012,0.00016169112139876815,0.0,0.0,0.0,0.0,0.0,0.0,0.0,0.0,0.0,0.0,0.0,0.0
4932.YJL041W,0.004204798417017067,1.6545943661351932e-05,0.0,0.0,0.0,0.0,0.0,0.0,0.0,0.0,0.0,0.0,0.0,0.0
4932.YKR095W,0.001978728666831561,1.1034060211218972e-05,0.0,0.0,0.0,0.0,0.0,0.0,0.0,0.0,0.0,0.0,0.0,0.0
4932.YAR003W,0.0017313875834776156,7.872943979958649e-07,0.0,0.0,0.0,0.0,0.0,0.0,0.0,0.0,0.0,0.0,0.0,0.0
4932.YBR175W,0.0017313875834776156,7.872943979958649e-07,0.0,0.0,0.0,0.0,0.0,0.0,0.0,0.0,0.0,0.0,0.0,0.0
4932.YBR258C,0.0017313875834776156,7.872943979958649e-07,0.0,0.0,0.0,0.0,0.0,0.0,0.0,0.0,0.0,0.0,0.0,0.0
4932.YPL138C,0.0017313875834776156,7.872943979958649e-07,0.0,0.0,0.0,0.0,0.0,0.0,0.0,0.0,0.0,0.0,0.0,0.0
4932.YLR015W,0.0017313875834776156,7.872943979958649e-07,0.0,0.0,0.0,0.0,0.0,0.0,0.0,0.0,0.0,0.0,0.0,0.0
4932.YDR469W,0.0017313875834776156,7.872943979958649e-07,0.0,0.0,0.0,0.0,0.0,0.0,0.0,0.0,0.0,0.0,0.0,0.0
4932.YHR119W,0.002473410833539451,7.874212890684195e-07,0.0,0.0,0.0,0.0,0.0,0.0,0.0,0.0,0.0,0.0,0.0,0.0
4932.YAR007C,0.003215434083601286,4.3002662564570055e-05,0.0,0.0,0.0,0.0,0.0,0.0,0.0,0.0,0.0,0.0,0.0,0.0
4932.YIR008C,0.01113034875092753,5.8959976698269214e-05,0.0,0.0,0.0,0.0,0.0,0.0,0.0,0.0,0.0,0.0,0.0,0.0
4932.YJL173C,0.003215434083601286,4.3002662564570055e-05,0.0,0.0,0.0,0.0,0.0,0.0,0.0,0.0,0.0,0.0,0.0,0.0
4932.YKL045W,0.01113034875092753,5.8959976698269214e-05,0.0,0.0,0.0,0.0,0.0,0.0,0.0,0.0,0.0,0.0,0.0,0.0
4932.YNL312W,0.010883007667573585,5.988138225619299e-05,0.0,0.0,0.0,0.0,0.0,0.0,0.0,0.0,0.0,0.0,0.0,0.0
4932.YGR048W,0.006925550333910463,5.3221846636886985e-05,0.0,0.0,0.0,0.0,0.0,0.0,0.0,0.0,0.0,0.0,0.0,0.0
4932.YKL017C,0.003215434083601286,4.3002662564570055e-05,0.0,0.0,0.0,0.0,0.0,0.0,0.0,0.0,0.0,0.0,0.0,0.0
4932.YJR006W,0.0054415038337867925,4.6310896300298116e-05,0.0,0.0,0.0,0.0,0.0,0.0,0.0,0.0,0.0,0.0,0.0,0.0
4932.YNL102W,0.01113034875092753,5.8959976698269214e-05,0.0,0.0,0.0,0.0,0.0,0.0,0.0,0.0,0.0,0.0,0.0,0.0
4932.YDL102W,0.007420232500618353,6.910403367360935e-05,0.0,0.0,0.0,0.0,0.0,0.0,0.0,0.0,0.0,0.0,0.0,0.0
4932.YBL035C,0.01113034875092753,5.8959976698269214e-05,0.0,0.0,0.0,0.0,0.0,0.0,0.0,0.0,0.0,0.0,0.0,0.0
4932.YJR043C,0.006678209250556517,0.0018061681700509724,0.0,0.0,0.0,0.0,0.0,0.0,0.0,0.0,0.0,0.0,0.0,0.0
4932.YAR014C,0.0007420232500618352,0.000163058361710986,0.0,0.0,0.0,0.0,0.0,0.0,0.0,0.0,0.0,0.0,0.0,0.0
4932.YHR158C,0.0004946821667078902,1.1993820434996458e-06,0.0,0.0,0.0,0.0,0.0,0.0,0.0,0.0,0.0,0.0,0.0,0.0
4932.YGR238C,0.0004946821667078902,1.1993820434996458e-06,0.0,0.0,0.0,0.0,0.0,0.0,0.0,0.0,0.0,0.0,0.0,0.0
4932.YAR015W,0.008904279000742024,0.0026778548547168627,0.0,0.0,0.0,0.0,0.0,0.0,0.0,0.0,0.0,0.0,0.0,0.0
4932.YGR061C,0.008162255750680188,0.004009007337787294,0.0,0.0,0.0,0.0,0.0,0.0,0.0,0.0,0.0,0.0,0.0,0.0
4932.YHR018C,0.015335147167944596,0.006051381997468194,0.0,0.0,0.0,0.0,0.0,0.0,0.0,0.0,0.0,0.0,0.0,0.0
4932.YGL234W,0.01310907741775909,0.011979537195132646,0.0,0.0,0.0,0.0,0.0,0.0,0.0,0.0,0.0,0.0,0.0,0.0
4932.YDR408C,0.01113034875092753,0.006040911879158676,0.0,0.0,0.0,0.0,0.0,0.0,0.0,0.0,0.0,0.0,0.0,0.0
4932.YJR070C,0.007172891417264408,0.009473952648021864,0.0,0.0,0.0,0.0,0.0,0.0,0.0,0.0,0.0,0.0,0.0,0.0
4932.YPL262W,0.029433588919119468,0.025518186539428053,0.0,0.0,0.0,0.0,0.0,0.0,0.0,0.0,0.0,0.0,0.0,0.0
4932.YOR128C,0.009151620084095969,0.0026873767533853936,0.0,0.0,0.0,0.0,0.0,0.0,0.0,0.0,0.0,0.0,0.0,0.0
4932.YAR019C,0.002968093000247341,1.556272162533549e-05,0.0,0.0,0.0,0.0,0.0,0.0,0.0,0.0,0.0,0.0,0.0,0.0
4932.YPR111W,0.0009893643334157804,3.895392376762521e-06,0.0,0.0,0.0,0.0,0.0,0.0,0.0,0.0,0.0,0.0,0.0,0.0
4932.YOR231W,0.003215434083601286,0.00015921322076178042,0.0,0.0,0.0,0.0,0.0,0.0,0.0,0.0,0.0,0.0,0.0,0.0
4932.YDL159W,0.002226069750185506,1.2818257733476776e-05,0.0,0.0,0.0,0.0,0.0,0.0,0.0,0.0,0.0,0.0,0.0,0.0
4932.YDR047W,0.004452139500371012,0.00023102038555172113,0.0,0.0,0.0,0.0,0.0,0.0,0.0,0.0,0.0,0.0,0.0,0.0
4932.YPL140C,0.003215434083601286,0.00015921322076178042,0.0,0.0,0.0,0.0,0.0,0.0,0.0,0.0,0.0,0.0,0.0,0.0
4932.YJL128C,0.002968093000247341,1.648808636373854e-05,0.0,0.0,0.0,0.0,0.0,0.0,0.0,0.0,0.0,0.0,0.0,0.0
4932.YOR373W,0.0007420232500618352,0.00016329759312324436,0.0,0.0,0.0,0.0,0.0,0.0,0.0,0.0,0.0,0.0,0.0,0.0
4932.YDL205C,0.004699480583724957,0.0013052965144492717,0.0,0.0,0.0,0.0,0.0,0.0,0.0,0.0,0.0,0.0,0.0,0.0
4932.YGR092W,0.0009893643334157804,3.895392376762521e-06,0.0,0.0,0.0,0.0,0.0,0.0,0.0,0.0,0.0,0.0,0.0,0.0
4932.YIL106W,0.0009893643334157804,3.895392376762521e-06,0.0,0.0,0.0,0.0,0.0,0.0,0.0,0.0,0.0,0.0,0.0,0.0
4932.YAR035W,0.0004946821667078902,1.867171745244814e-05,0.0,0.0,0.0,0.0,0.0,0.0,0.0,0.0,0.0,0.0,0.0,0.0
4932.YML042W,0.004452139500371012,0.0025384896072512646,0.0,0.0,0.0,0.0,0.0,0.0,0.0,0.0,0.0,0.0,0.0,0.0
4932.YER024W,0.0004946821667078902,1.8671717452448137e-05,0.0,0.0,0.0,0.0,0.0,0.0,0.0,0.0,0.0,0.0,0.0,0.0
4932.YAR042W,0.004452139500371012,0.0006795399289476819,0.0,0.0,0.0,0.0,0.0,0.0,0.0,0.0,0.0,0.0,0.0,0.0
4932.YKR003W,0.0014840465001236705,5.0742333698748265e-06,0.0,0.0,0.0,0.0,0.0,0.0,0.0,0.0,0.0,0.0,0.0,0.0
4932.YPL069C,0.016324511501360377,0.0028796735896758434,0.0,0.0,0.0,0.0,0.0,0.0,0.0,0.0,0.0,0.0,0.0,0.0
4932.YOR137C,0.014345782834528815,0.0044876688452212595,0.0,0.0,0.0,0.0,0.0,0.0,0.0,0.0,0.0,0.0,0.0,0.0
4932.YBR097W,0.01014098441751175,0.00038409991604409404,0.0,0.0,0.0,0.0,0.0,0.0,0.0,0.0,0.0,0.0,0.0,0.0
4932.YLR361C,0.013356418501113035,0.003782519335937602,0.0,0.0,0.0,0.0,0.0,0.0,0.0,0.0,0.0,0.0,0.0,0.0
4932.YLR278C,0.012367054167697254,0.004141416277409818,0.0,0.0,0.0,0.0,0.0,0.0,0.0,0.0,0.0,0.0,0.0,0.0
4932.YDL019C,0.0009893643334157804,5.0731510560591054e-06,0.0,0.0,0.0,0.0,0.0,0.0,0.0,0.0,0.0,0.0,0.0,0.0
4932.YHR073W,0.0009893643334157804,5.0731510560591054e-06,0.0,0.0,0.0,0.0,0.0,0.0,0.0,0.0,0.0,0.0,0.0,0.0
4932.YHR001W,0.0014840465001236705,5.0742333698748265e-06,0.0,0.0,0.0,0.0,0.0,0.0,0.0,0.0,0.0,0.0,0.0,0.0
4932.YNL256W,0.009151620084095969,0.003981291261890648,0.0,0.0,0.0,0.0,0.0,0.0,0.0,0.0,0.0,0.0,0.0,0.0
4932.YNR043W,0.010388325500865695,0.0032335032285558353,0.0,0.0,0.0,0.0,0.0,0.0,0.0,0.0,0.0,0.0,0.0,0.0
4932.YJL167W,0.014840465001236706,0.0026916169399404345,0.0,0.0,0.0,0.0,0.0,0.0,0.0,0.0,0.0,0.0,0.0,0.0
4932.YHR074W,0.016324511501360377,0.008482497827064776,0.0,0.0,0.0,0.0,0.0,0.0,0.0,0.0,0.0,0.0,0.0,0.0
4932.YAR071W,0.003215434083601286,0.0003121526194161746,0.0,0.0,0.0,0.0,0.0,0.0,0.0,0.0,0.0,0.0,0.0,0.0
4932.YDR236C,0.01459312391788276,0.012367781622329614,0.0,0.0,0.0,0.0,0.0,0.0,0.0,0.0,0.0,0.0,0.0,0.0
4932.YBR256C,0.004946821667078902,0.0010524515841756031,0.0,0.0,0.0,0.0,0.0,0.0,0.0,0.0,0.0,0.0,0.0,0.0
4932.YBR092C,0.0034627751669552313,0.0003411318786013015,0.0,0.0,0.0,0.0,0.0,0.0,0.0,0.0,0.0,0.0,0.0,0.0
4932.YBR093C,0.003215434083601286,0.0003121526194161746,0.0,0.0,0.0,0.0,0.0,0.0,0.0,0.0,0.0,0.0,0.0,0.0
4932.YPL258C,0.009893643334157804,0.003247049365033496,0.0,0.0,0.0,0.0,0.0,0.0,0.0,0.0,0.0,0.0,0.0,0.0
4932.YPL214C,0.0027207519168933963,0.00016853297892984324,0.0,0.0,0.0,0.0,0.0,0.0,0.0,0.0,0.0,0.0,0.0,0.0
4932.YHR215W,0.003215434083601286,0.0003121526194161746,0.0,0.0,0.0,0.0,0.0,0.0,0.0,0.0,0.0,0.0,0.0,0.0
4932.YOL055C,0.010388325500865695,0.003285393282598035,0.0,0.0,0.0,0.0,0.0,0.0,0.0,0.0,0.0,0.0,0.0,0.0
4932.YOR143C,0.005936186000494682,0.0011146733659090334,0.0,0.0,0.0,0.0,0.0,0.0,0.0,0.0,0.0,0.0,0.0,0.0
4932.YDL024C,0.0034627751669552313,0.0004062905993974857,0.0,0.0,0.0,0.0,0.0,0.0,0.0,0.0,0.0,0.0,0.0,0.0
4932.YAR073W,0.018303240168191938,0.01208943591595214,0.0,0.0,0.0,0.0,0.0,0.0,0.0,0.0,0.0,0.0,0.0,0.0
4932.YBR284W,0.012367054167697254,0.009726784631398705,0.0,0.0,0.0,0.0,0.0,0.0,0.0,0.0,0.0,0.0,0.0,0.0
4932.YLR086W,0.006183527083848627,0.0017991718320101388,0.0,0.0,0.0,0.0,0.0,0.0,0.0,0.0,0.0,0.0,0.0,0.0
4932.YFR031C,0.006678209250556517,0.001455670505267004,0.0,0.0,0.0,0.0,0.0,0.0,0.0,0.0,0.0,0.0,0.0,0.0
4932.YER037W,0.01657185258471432,0.012308745463413468,0.0,0.0,0.0,0.0,0.0,0.0,0.0,0.0,0.0,0.0,0.0,0.0
4932.YIR027C,0.012861736334405145,0.004133791912161207,0.0,0.0,0.0,0.0,0.0,0.0,0.0,0.0,0.0,0.0,0.0,0.0
4932.YJL070C,0.0126143952510512,0.009731300946187368,0.0,0.0,0.0,0.0,0.0,0.0,0.0,0.0,0.0,0.0,0.0,0.0
4932.YNL141W,0.01310907741775909,0.009603274638918217,0.0,0.0,0.0,0.0,0.0,0.0,0.0,0.0,0.0,0.0,0.0,0.0
4932.YKL216W,0.013851100667820925,0.005191029118427456,0.0,0.0,0.0,0.0,0.0,0.0,0.0,0.0,0.0,0.0,0.0,0.0
4932.YLR383W,0.007914914667326243,0.001394755893425964,0.0,0.0,0.0,0.0,0.0,0.0,0.0,0.0,0.0,0.0,0.0,0.0
4932.YKL104C,0.017808558001484048,0.0063054970400939795,0.0,0.0,0.0,0.0,0.0,0.0,0.0,0.0,0.0,0.0,0.0,0.0
4932.YGL224C,0.01459312391788276,0.011739960910136682,0.0,0.0,0.0,0.0,0.0,0.0,0.0,0.0,0.0,0.0,0.0,0.0
4932.YHR100C,0.01360375958446698,0.011051168995844955,0.0,0.0,0.0,0.0,0.0,0.0,0.0,0.0,0.0,0.0,0.0,0.0
4932.YOL034W,0.008904279000742024,0.001964734442538517,0.0,0.0,0.0,0.0,0.0,0.0,0.0,0.0,0.0,0.0,0.0,0.0
4932.YMR085W,0.014345782834528815,0.005557863341107814,0.0,0.0,0.0,0.0,0.0,0.0,0.0,0.0,0.0,0.0,0.0,0.0
4932.YGL101W,0.004699480583724957,0.0012530671227982731,0.0,0.0,0.0,0.0,0.0,0.0,0.0,0.0,0.0,0.0,0.0,0.0
4932.YBR242W,0.004452139500371012,0.001158526320118918,0.0,0.0,0.0,0.0,0.0,0.0,0.0,0.0,0.0,0.0,0.0,0.0
4932.YFL008W,0.009151620084095969,0.0013974046755795997,0.0,0.0,0.0,0.0,0.0,0.0,0.0,0.0,0.0,0.0,0.0,0.0
4932.YNL220W,0.01360375958446698,0.002947810469541927,0.0,0.0,0.0,0.0,0.0,0.0,0.0,0.0,0.0,0.0,0.0,0.0
4932.YLR209C,0.02968093000247341,0.012926264079932005,0.0,0.0,0.0,0.0,0.0,0.0,0.0,0.0,0.0,0.0,0.0,0.0
4932.YNL191W,0.014840465001236706,0.005578476561188279,0.0,0.0,0.0,0.0,0.0,0.0,0.0,0.0,0.0,0.0,0.0,0.0
4932.YJL213W,0.012119713084343309,0.004149463127809613,0.0,0.0,0.0,0.0,0.0,0.0,0.0,0.0,0.0,0.0,0.0,0.0
4932.YJL074C,0.009398961167449914,0.0014658760139247555,0.0,0.0,0.0,0.0,0.0,0.0,0.0,0.0,0.0,0.0,0.0,0.0
4932.YMR084W,0.016819193668068267,0.00609309836077847,0.0,0.0,0.0,0.0,0.0,0.0,0.0,0.0,0.0,0.0,0.0,0.0
4932.YLR017W,0.02720751916893396,0.012469668717867125,0.0,0.0,0.0,0.0,0.0,0.0,0.0,0.0,0.0,0.0,0.0,0.0
4932.YML035C,0.016324511501360377,0.010187338955948451,0.0,0.0,0.0,0.0,0.0,0.0,0.0,0.0,0.0,0.0,0.0,0.0
4932.YMR130W,0.01310907741775909,0.011926402290772346,0.0,0.0,0.0,0.0,0.0,0.0,0.0,0.0,0.0,0.0,0.0,0.0
4932.YAR075W,0.018303240168191938,0.01208943591595214,0.0,0.0,0.0,0.0,0.0,0.0,0.0,0.0,0.0,0.0,0.0,0.0
4932.YBL002W,0.006430868167202572,3.74776399571163e-06,0.0,0.0,0.0,0.0,0.0,0.0,0.0,0.0,0.0,0.0,0.0,0.0
4932.YBL003C,0.007172891417264408,5.39605083033698e-06,0.0,0.0,0.0,0.0,0.0,0.0,0.0,0.0,0.0,0.0,0.0,0.0
4932.YCL061C,0.009398961167449914,5.776563480411299e-06,0.0,0.0,0.0,0.0,0.0,0.0,0.0,0.0,0.0,0.0,0.0,0.0
4932.YLR274W,0.01310907741775909,2.764041841545508e-05,0.0,0.0,0.0,0.0,0.0,0.0,0.0,0.0,0.0,0.0,0.0,0.0
4932.YDR224C,0.006430868167202572,3.74776399571163e-06,0.0,0.0,0.0,0.0,0.0,0.0,0.0,0.0,0.0,0.0,0.0,0.0
4932.YNL031C,0.006678209250556517,3.74816623394973e-06,0.0,0.0,0.0,0.0,0.0,0.0,0.0,0.0,0.0,0.0,0.0,0.0
4932.YBR010W,0.006678209250556517,3.74816623394973e-06,0.0,0.0,0.0,0.0,0.0,0.0,0.0,0.0,0.0,0.0,0.0,0.0
4932.YNL273W,0.006430868167202572,3.74776399571163e-06,0.0,0.0,0.0,0.0,0.0,0.0,0.0,0.0,0.0,0.0,0.0,0.0
4932.YEL032W,0.01310907741775909,2.764041841545508e-05,0.0,0.0,0.0,0.0,0.0,0.0,0.0,0.0,0.0,0.0,0.0,0.0
4932.YDR013W,0.009151620084095969,6.472494622886983e-06,0.0,0.0,0.0,0.0,0.0,0.0,0.0,0.0,0.0,0.0,0.0,0.0
4932.YIL150C,0.01113034875092753,1.0416823906169524e-05,0.0,0.0,0.0,0.0,0.0,0.0,0.0,0.0,0.0,0.0,0.0,0.0
4932.YOL146W,0.009151620084095969,6.472494622886983e-06,0.0,0.0,0.0,0.0,0.0,0.0,0.0,0.0,0.0,0.0,0.0,0.0
4932.YBL023C,0.01310907741775909,2.764041841545508e-05,0.0,0.0,0.0,0.0,0.0,0.0,0.0,0.0,0.0,0.0,0.0,0.0
4932.YOL006C,0.006925550333910463,4.988888310581194e-06,0.0,0.0,0.0,0.0,0.0,0.0,0.0,0.0,0.0,0.0,0.0,0.0
4932.YDR489W,0.009151620084095969,6.472494622886983e-06,0.0,0.0,0.0,0.0,0.0,0.0,0.0,0.0,0.0,0.0,0.0,0.0
4932.YPR135W,0.006430868167202572,3.74776399571163e-06,0.0,0.0,0.0,0.0,0.0,0.0,0.0,0.0,0.0,0.0,0.0,0.0
4932.YJL072C,0.009151620084095969,6.472494622886983e-06,0.0,0.0,0.0,0.0,0.0,0.0,0.0,0.0,0.0,0.0,0.0,0.0
4932.YDR225W,0.007172891417264408,5.39605083033698e-06,0.0,0.0,0.0,0.0,0.0,0.0,0.0,0.0,0.0,0.0,0.0,0.0
4932.YMR048W,0.006430868167202572,3.74776399571163e-06,0.0,0.0,0.0,0.0,0.0,0.0,0.0,0.0,0.0,0.0,0.0,0.0
4932.YPR019W,0.01310907741775909,2.764041841545508e-05,0.0,0.0,0.0,0.0,0.0,0.0,0.0,0.0,0.0,0.0,0.0,0.0
4932.YLR103C,0.012367054167697254,1.1857797135684816e-05,0.0,0.0,0.0,0.0,0.0,0.0,0.0,0.0,0.0,0.0,0.0,0.0
4932.YNL030W,0.006430868167202572,3.74776399571163e-06,0.0,0.0,0.0,0.0,0.0,0.0,0.0,0.0,0.0,0.0,0.0,0.0
4932.YBR202W,0.01310907741775909,2.764041841545508e-05,0.0,0.0,0.0,0.0,0.0,0.0,0.0,0.0,0.0,0.0,0.0,0.0
4932.YBR009C,0.008409596834034134,7.69185802023421e-06,0.0,0.0,0.0,0.0,0.0,0.0,0.0,0.0,0.0,0.0,0.0,0.0
4932.YGL201C,0.01310907741775909,2.764041841545508e-05,0.0,0.0,0.0,0.0,0.0,0.0,0.0,0.0,0.0,0.0,0.0,0.0
4932.YER051W,0.0037101162503091764,1.3034103194407493e-05,0.0,0.0,0.0,0.0,0.0,0.0,0.0,0.0,0.0,0.0,0.0,0.0
4932.YOL012C,0.0009893643334157804,2.326916945518341e-07,0.0,0.0,0.0,0.0,0.0,0.0,0.0,0.0,0.0,0.0,0.0,0.0
4932.YBR034C,0.005936186000494682,0.00021353738015328794,0.0,0.0,0.0,0.0,0.0,0.0,0.0,0.0,0.0,0.0,0.0,0.0
4932.YBL004W,0.03165965866930497,0.000604957172100601,0.0,0.0,0.0,0.0,0.0,0.0,0.0,0.0,0.0,0.0,0.0,0.0
4932.YKR060W,0.022508038585209004,0.0004936994796255007,0.0,0.0,0.0,0.0,0.0,0.0,0.0,0.0,0.0,0.0,0.0,0.0
4932.YJL050W,0.015335147167944596,0.00025289123029699376,0.0,0.0,0.0,0.0,0.0,0.0,0.0,0.0,0.0,0.0,0.0,0.0
4932.YFL009W,0.02992827108582736,0.0014589322549482405,0.0,0.0,0.0,0.0,0.0,0.0,0.0,0.0,0.0,0.0,0.0,0.0
4932.YJL069C,0.02918624783576552,0.0005793321897290942,0.0,0.0,0.0,0.0,0.0,0.0,0.0,0.0,0.0,0.0,0.0,0.0
4932.YLR222C,0.02918624783576552,0.0005793321897290942,0.0,0.0,0.0,0.0,0.0,0.0,0.0,0.0,0.0,0.0,0.0,0.0
4932.YOR056C,0.015087806084590651,0.0002216701169459932,0.0,0.0,0.0,0.0,0.0,0.0,0.0,0.0,0.0,0.0,0.0,0.0
4932.YGL171W,0.027949542418995797,0.0005624895451006056,0.0,0.0,0.0,0.0,0.0,0.0,0.0,0.0,0.0,0.0,0.0,0.0
4932.YNL132W,0.024486767252040565,0.0005142472090899458,0.0,0.0,0.0,0.0,0.0,0.0,0.0,0.0,0.0,0.0,0.0,0.0
4932.YGR095C,0.02226069750185506,0.0010113540149923367,0.0,0.0,0.0,0.0,0.0,0.0,0.0,0.0,0.0,0.0,0.0,0.0
4932.YOL142W,0.01805589908483799,0.0002844413613747953,0.0,0.0,0.0,0.0,0.0,0.0,0.0,0.0,0.0,0.0,0.0,0.0
4932.YOL010W,0.025970813752164236,0.00054428584878524,0.0,0.0,0.0,0.0,0.0,0.0,0.0,0.0,0.0,0.0,0.0,0.0
4932.YLR340W,0.028938906752411578,0.0005265110483180607,0.0,0.0,0.0,0.0,0.0,0.0,0.0,0.0,0.0,0.0,0.0,0.0
4932.YPL126W,0.02918624783576552,0.0005793321897290942,0.0,0.0,0.0,0.0,0.0,0.0,0.0,0.0,0.0,0.0,0.0,0.0
4932.YHR065C,0.009893643334157804,0.0004228765080007988,0.0,0.0,0.0,0.0,0.0,0.0,0.0,0.0,0.0,0.0,0.0,0.0
4932.YLR003C,0.022508038585209004,0.0004936994796255007,0.0,0.0,0.0,0.0,0.0,0.0,0.0,0.0,0.0,0.0,0.0,0.0
4932.YCR057C,0.02918624783576552,0.0005793321897290942,0.0,0.0,0.0,0.0,0.0,0.0,0.0,0.0,0.0,0.0,0.0,0.0
4932.YLL011W,0.02968093000247341,0.0005844094426361557,0.0,0.0,0.0,0.0,0.0,0.0,0.0,0.0,0.0,0.0,0.0,0.0
4932.YCL031C,0.02621815483551818,0.0005446522367998211,0.0,0.0,0.0,0.0,0.0,0.0,0.0,0.0,0.0,0.0,0.0,0.0
4932.YPL012W,0.024486767252040565,0.0005142472090899458,0.0,0.0,0.0,0.0,0.0,0.0,0.0,0.0,0.0,0.0,0.0,0.0
4932.YGR145W,0.02621815483551818,0.0005371837960926994,0.0,0.0,0.0,0.0,0.0,0.0,0.0,0.0,0.0,0.0,0.0,0.0
4932.YDR339C,0.016819193668068267,0.00029576809649672285,0.0,0.0,0.0,0.0,0.0,0.0,0.0,0.0,0.0,0.0,0.0,0.0
4932.YKL143W,0.013851100667820925,0.00033696578959333684,0.0,0.0,0.0,0.0,0.0,0.0,0.0,0.0,0.0,0.0,0.0,0.0
4932.YOR078W,0.02621815483551818,0.0005371837960926994,0.0,0.0,0.0,0.0,0.0,0.0,0.0,0.0,0.0,0.0,0.0,0.0
4932.YGR128C,0.026465495918872126,0.0005528310781513701,0.0,0.0,0.0,0.0,0.0,0.0,0.0,0.0,0.0,0.0,0.0,0.0
4932.YDL111C,0.01805589908483799,0.00028444136137479535,0.0,0.0,0.0,0.0,0.0,0.0,0.0,0.0,0.0,0.0,0.0,0.0
4932.YCL059C,0.03165965866930497,0.000604957172100601,0.0,0.0,0.0,0.0,0.0,0.0,0.0,0.0,0.0,0.0,0.0,0.0
4932.YNL308C,0.022508038585209004,0.0004936994796255007,0.0,0.0,0.0,0.0,0.0,0.0,0.0,0.0,0.0,0.0,0.0,0.0
4932.YOR004W,0.013851100667820925,0.00025361970286032795,0.0,0.0,0.0,0.0,0.0,0.0,0.0,0.0,0.0,0.0,0.0,0.0
4932.YBR247C,0.02770220133564185,0.0005533045758937184,0.0,0.0,0.0,0.0,0.0,0.0,0.0,0.0,0.0,0.0,0.0,0.0
4932.YDR449C,0.02918624783576552,0.0005793321897290942,0.0,0.0,0.0,0.0,0.0,0.0,0.0,0.0,0.0,0.0,0.0,0.0
4932.YDL213C,0.022508038585209004,0.0004936994796255007,0.0,0.0,0.0,0.0,0.0,0.0,0.0,0.0,0.0,0.0,0.0,0.0
4932.YOR001W,0.01805589908483799,0.0004185938561540192,0.0,0.0,0.0,0.0,0.0,0.0,0.0,0.0,0.0,0.0,0.0,0.0
4932.YNL232W,0.01805589908483799,0.00028444136137479535,0.0,0.0,0.0,0.0,0.0,0.0,0.0,0.0,0.0,0.0,0.0,0.0
4932.YHR069C,0.01805589908483799,0.00028444136137479535,0.0,0.0,0.0,0.0,0.0,0.0,0.0,0.0,0.0,0.0,0.0,0.0
4932.YPL266W,0.0252287905021024,0.0005706999798224321,0.0,0.0,0.0,0.0,0.0,0.0,0.0,0.0,0.0,0.0,0.0,0.0
4932.YOR145C,0.026960178085580017,0.0005458464463409148,0.0,0.0,0.0,0.0,0.0,0.0,0.0,0.0,0.0,0.0,0.0,0.0
4932.YHR081W,0.015582488251298541,0.0002608154730668582,0.0,0.0,0.0,0.0,0.0,0.0,0.0,0.0,0.0,0.0,0.0,0.0
4932.YJL010C,0.024486767252040565,0.0005142472090899458,0.0,0.0,0.0,0.0,0.0,0.0,0.0,0.0,0.0,0.0,0.0,0.0
4932.YOR039W,0.023002720751916894,0.0004942886457774571,0.0,0.0,0.0,0.0,0.0,0.0,0.0,0.0,0.0,0.0,0.0,0.0
4932.YDR324C,0.02918624783576552,0.0005793321897290942,0.0,0.0,0.0,0.0,0.0,0.0,0.0,0.0,0.0,0.0,0.0,0.0
4932.YKL099C,0.016819193668068267,0.00029576809649672285,0.0,0.0,0.0,0.0,0.0,0.0,0.0,0.0,0.0,0.0,0.0,0.0
4932.YMR093W,0.02918624783576552,0.0005793321897290942,0.0,0.0,0.0,0.0,0.0,0.0,0.0,0.0,0.0,0.0,0.0,0.0
4932.YCR035C,0.01805589908483799,0.00028444136137479535,0.0,0.0,0.0,0.0,0.0,0.0,0.0,0.0,0.0,0.0,0.0,0.0
4932.YPL217C,0.025970813752164236,0.00054428584878524,0.0,0.0,0.0,0.0,0.0,0.0,0.0,0.0,0.0,0.0,0.0,0.0
4932.YMR229C,0.03215434083601286,0.0017794075295286657,0.0,0.0,0.0,0.0,0.0,0.0,0.0,0.0,0.0,0.0,0.0,0.0
4932.YHR148W,0.03165965866930497,0.0010034398584987678,0.0,0.0,0.0,0.0,0.0,0.0,0.0,0.0,0.0,0.0,0.0,0.0
4932.YDR174W,0.012861736334405145,0.00023545939480704625,0.0,0.0,0.0,0.0,0.0,0.0,0.0,0.0,0.0,0.0,0.0,0.0
4932.YDR299W,0.02621815483551818,0.0005371837960926994,0.0,0.0,0.0,0.0,0.0,0.0,0.0,0.0,0.0,0.0,0.0,0.0
4932.YLR409C,0.02918624783576552,0.0005793321897290942,0.0,0.0,0.0,0.0,0.0,0.0,0.0,0.0,0.0,0.0,0.0,0.0
4932.YHR169W,0.02918624783576552,0.0011939934380315886,0.0,0.0,0.0,0.0,0.0,0.0,0.0,0.0,0.0,0.0,0.0,0.0
4932.YKL078W,0.006430868167202572,0.00026597585201727813,0.0,0.0,0.0,0.0,0.0,0.0,0.0,0.0,0.0,0.0,0.0,0.0
4932.YGR090W,0.029433588919119468,0.0005796985777436753,0.0,0.0,0.0,0.0,0.0,0.0,0.0,0.0,0.0,0.0,0.0,0.0
4932.YMR128W,0.03042295325253525,0.0007395956294603574,0.0,0.0,0.0,0.0,0.0,0.0,0.0,0.0,0.0,0.0,0.0,0.0
4932.YPR144C,0.03190699975265892,0.0006066577985191981,0.0,0.0,0.0,0.0,0.0,0.0,0.0,0.0,0.0,0.0,0.0,0.0
4932.YPL204W,0.015829829334652486,0.0008515622419478598,0.0,0.0,0.0,0.0,0.0,0.0,0.0,0.0,0.0,0.0,0.0,0.0
4932.YGR081C,0.02473410833539451,0.0006761061887574326,0.0,0.0,0.0,0.0,0.0,0.0,0.0,0.0,0.0,0.0,0.0,0.0
4932.YHR196W,0.02621815483551818,0.0005371837960926995,0.0,0.0,0.0,0.0,0.0,0.0,0.0,0.0,0.0,0.0,0.0,0.0
4932.YNL075W,0.02918624783576552,0.0005793321897290942,0.0,0.0,0.0,0.0,0.0,0.0,0.0,0.0,0.0,0.0,0.0,0.0
4932.YOR287C,0.025970813752164236,0.00054428584878524,0.0,0.0,0.0,0.0,0.0,0.0,0.0,0.0,0.0,0.0,0.0,0.0
4932.YDL153C,0.016819193668068267,0.00029576809649672285,0.0,0.0,0.0,0.0,0.0,0.0,0.0,0.0,0.0,0.0,0.0,0.0
4932.YGR271C-A,0.005688844917140738,8.747940498362515e-05,0.0,0.0,0.0,0.0,0.0,0.0,0.0,0.0,0.0,0.0,0.0,0.0
4932.YGR195W,0.02226069750185506,0.0010113540149923367,0.0,0.0,0.0,0.0,0.0,0.0,0.0,0.0,0.0,0.0,0.0,0.0
4932.YML093W,0.016819193668068267,0.00029576809649672285,0.0,0.0,0.0,0.0,0.0,0.0,0.0,0.0,0.0,0.0,0.0,0.0
4932.YJL109C,0.031164976502597082,0.0005998799191935394,0.0,0.0,0.0,0.0,0.0,0.0,0.0,0.0,0.0,0.0,0.0,0.0
4932.YDR280W,0.01805589908483799,0.00028444136137479535,0.0,0.0,0.0,0.0,0.0,0.0,0.0,0.0,0.0,0.0,0.0,0.0
4932.YLR129W,0.02918624783576552,0.0005793321897290942,0.0,0.0,0.0,0.0,0.0,0.0,0.0,0.0,0.0,0.0,0.0,0.0
4932.YDR021W,0.008162255750680188,0.0006410069608601228,0.0,0.0,0.0,0.0,0.0,0.0,0.0,0.0,0.0,0.0,0.0,0.0
4932.YGR251W,0.022508038585209004,0.0004936994796255006,0.0,0.0,0.0,0.0,0.0,0.0,0.0,0.0,0.0,0.0,0.0,0.0
4932.YER082C,0.03165965866930497,0.0006049571721006011,0.0,0.0,0.0,0.0,0.0,0.0,0.0,0.0,0.0,0.0,0.0,0.0
4932.YDR398W,0.015829829334652486,0.0002776077884434412,0.0,0.0,0.0,0.0,0.0,0.0,0.0,0.0,0.0,0.0,0.0,0.0
4932.YOR119C,0.010883007667573585,0.00017575557474124016,0.0,0.0,0.0,0.0,0.0,0.0,0.0,0.0,0.0,0.0,0.0,0.0
4932.YLR186W,0.02968093000247341,0.0005844094426361557,0.0,0.0,0.0,0.0,0.0,0.0,0.0,0.0,0.0,0.0,0.0,0.0
4932.YDL060W,0.02770220133564185,0.0005533045758937184,0.0,0.0,0.0,0.0,0.0,0.0,0.0,0.0,0.0,0.0,0.0,0.0
4932.YJL033W,0.015087806084590651,0.0010706081599178114,0.0,0.0,0.0,0.0,0.0,0.0,0.0,0.0,0.0,0.0,0.0,0.0
4932.YDL148C,0.03190699975265892,0.0006066577985191981,0.0,0.0,0.0,0.0,0.0,0.0,0.0,0.0,0.0,0.0,0.0,0.0
4932.YDR083W,0.022508038585209004,0.0004936994796255006,0.0,0.0,0.0,0.0,0.0,0.0,0.0,0.0,0.0,0.0,0.0,0.0
4932.YGR158C,0.02226069750185506,0.0010113540149923367,0.0,0.0,0.0,0.0,0.0,0.0,0.0,0.0,0.0,0.0,0.0,0.0
4932.YIL091C,0.016819193668068267,0.00029576809649672285,0.0,0.0,0.0,0.0,0.0,0.0,0.0,0.0,0.0,0.0,0.0,0.0
4932.YNL207W,0.010883007667573585,0.00017575557474124016,0.0,0.0,0.0,0.0,0.0,0.0,0.0,0.0,0.0,0.0,0.0,0.0
4932.YBL006C,0.003957457333663122,2.0689529987651566e-06,0.0,0.0,0.0,0.0,0.0,0.0,0.0,0.0,0.0,0.0,0.0,0.0
4932.YPR034W,0.01063566658421964,1.580457414306982e-05,0.0,0.0,0.0,0.0,0.0,0.0,0.0,0.0,0.0,0.0,0.0,0.0
4932.YHR056C,0.003957457333663122,2.0689529987651566e-06,0.0,0.0,0.0,0.0,0.0,0.0,0.0,0.0,0.0,0.0,0.0,0.0
4932.YML127W,0.003957457333663122,2.0689529987651566e-06,0.0,0.0,0.0,0.0,0.0,0.0,0.0,0.0,0.0,0.0,0.0,0.0
4932.YLR357W,0.003957457333663122,2.0689529987651566e-06,0.0,0.0,0.0,0.0,0.0,0.0,0.0,0.0,0.0,0.0,0.0,0.0
4932.YKR008W,0.003957457333663122,2.0689529987651566e-06,0.0,0.0,0.0,0.0,0.0,0.0,0.0,0.0,0.0,0.0,0.0,0.0
4932.YFR037C,0.006430868167202572,1.085580128249703e-05,0.0,0.0,0.0,0.0,0.0,0.0,0.0,0.0,0.0,0.0,0.0,0.0
4932.YCR052W,0.006430868167202572,1.085580128249703e-05,0.0,0.0,0.0,0.0,0.0,0.0,0.0,0.0,0.0,0.0,0.0,0.0
4932.YCR020W-B,0.003957457333663122,2.0689529987651566e-06,0.0,0.0,0.0,0.0,0.0,0.0,0.0,0.0,0.0,0.0,0.0,0.0
4932.YLR033W,0.003957457333663122,2.0689529987651566e-06,0.0,0.0,0.0,0.0,0.0,0.0,0.0,0.0,0.0,0.0,0.0,0.0
4932.YGR275W,0.006430868167202572,1.085580128249703e-05,0.0,0.0,0.0,0.0,0.0,0.0,0.0,0.0,0.0,0.0,0.0,0.0
4932.YLR321C,0.003957457333663122,2.0689529987651566e-06,0.0,0.0,0.0,0.0,0.0,0.0,0.0,0.0,0.0,0.0,0.0,0.0
4932.YMR091C,0.004204798417017067,0.0001639279326662514,0.0,0.0,0.0,0.0,0.0,0.0,0.0,0.0,0.0,0.0,0.0,0.0
4932.YDR303C,0.003957457333663122,2.0689529987651566e-06,0.0,0.0,0.0,0.0,0.0,0.0,0.0,0.0,0.0,0.0,0.0,0.0
4932.YIL126W,0.003957457333663122,2.0689529987651566e-06,0.0,0.0,0.0,0.0,0.0,0.0,0.0,0.0,0.0,0.0,0.0,0.0
4932.YMR033W,0.012367054167697254,5.035202930382687e-05,0.0,0.0,0.0,0.0,0.0,0.0,0.0,0.0,0.0,0.0,0.0,0.0
4932.YGR056W,0.003957457333663122,2.068952998765157e-06,0.0,0.0,0.0,0.0,0.0,0.0,0.0,0.0,0.0,0.0,0.0,0.0
4932.YBL007C,0.0007420232500618352,4.6774434307020263e-07,0.0,0.0,0.0,0.0,0.0,0.0,0.0,0.0,0.0,0.0,0.0,0.0
4932.YNL084C,0.003215434083601286,3.151665199371363e-05,0.0,0.0,0.0,0.0,0.0,0.0,0.0,0.0,0.0,0.0,0.0,0.0
4932.YIR006C,0.004699480583724957,3.2539120087533194e-05,0.0,0.0,0.0,0.0,0.0,0.0,0.0,0.0,0.0,0.0,0.0,0.0
4932.YOR181W,0.0002473410833539451,3.4153529916129146e-09,0.0,0.0,0.0,0.0,0.0,0.0,0.0,0.0,0.0,0.0,0.0,0.0
4932.YBL008W,0.0009893643334157804,0.0006376595998153448,0.0,0.0,0.0,0.0,0.0,0.0,0.0,0.0,0.0,0.0,0.0,0.0
4932.YJR140C,0.0009893643334157804,0.0006376595998153448,0.0,0.0,0.0,0.0,0.0,0.0,0.0,0.0,0.0,0.0,0.0,0.0
4932.YOR038C,0.0007420232500618352,0.0006330705960256205,0.0,0.0,0.0,0.0,0.0,0.0,0.0,0.0,0.0,0.0,0.0,0.0
4932.YJL115W,0.0007420232500618352,0.0006330705960256205,0.0,0.0,0.0,0.0,0.0,0.0,0.0,0.0,0.0,0.0,0.0,0.0
4932.YOL128C,0.011872372000989364,0.0035285657477101343,0.0,0.0,0.0,0.0,0.0,0.0,0.0,0.0,0.0,0.0,0.0,0.0
4932.YMR165C,0.005936186000494682,0.0006945133655788541,0.0,0.0,0.0,0.0,0.0,0.0,0.0,0.0,0.0,0.0,0.0,0.0
4932.YMR139W,0.006430868167202572,0.002755034251202324,0.0,0.0,0.0,0.0,0.0,0.0,0.0,0.0,0.0,0.0,0.0,0.0
4932.YPL162C,0.004946821667078902,0.002591010267713653,0.0,0.0,0.0,0.0,0.0,0.0,0.0,0.0,0.0,0.0,0.0,0.0
4932.YBR029C,0.0054415038337867925,0.0016003154960413603,0.0,0.0,0.0,0.0,0.0,0.0,0.0,0.0,0.0,0.0,0.0,0.0
4932.YOL045W,0.004946821667078902,0.002591010267713653,0.0,0.0,0.0,0.0,0.0,0.0,0.0,0.0,0.0,0.0,0.0,0.0
4932.YHR079C,0.004946821667078902,0.002591010267713653,0.0,0.0,0.0,0.0,0.0,0.0,0.0,0.0,0.0,0.0,0.0,0.0
4932.YKR089C,0.01063566658421964,0.0037566730973910816,0.0,0.0,0.0,0.0,0.0,0.0,0.0,0.0,0.0,0.0,0.0,0.0
4932.YJR012C,0.0054415038337867925,0.002838857953042038,0.0,0.0,0.0,0.0,0.0,0.0,0.0,0.0,0.0,0.0,0.0,0.0
4932.YDL079C,0.006183527083848627,0.0027443919530954265,0.0,0.0,0.0,0.0,0.0,0.0,0.0,0.0,0.0,0.0,0.0,0.0
4932.YNL176C,0.0054415038337867925,0.002838857953042038,0.0,0.0,0.0,0.0,0.0,0.0,0.0,0.0,0.0,0.0,0.0,0.0
4932.YOR081C,0.01063566658421964,0.0037566730973910816,0.0,0.0,0.0,0.0,0.0,0.0,0.0,0.0,0.0,0.0,0.0,0.0
4932.YNL307C,0.006925550333910463,0.0028290251293173504,0.0,0.0,0.0,0.0,0.0,0.0,0.0,0.0,0.0,0.0,0.0,0.0
4932.YBL014C,0.0017313875834776156,3.080769733803122e-05,0.0,0.0,0.0,0.0,0.0,0.0,0.0,0.0,0.0,0.0,0.0,0.0
4932.YLR141W,0.0017313875834776156,3.080769733803122e-05,0.0,0.0,0.0,0.0,0.0,0.0,0.0,0.0,0.0,0.0,0.0,0.0
4932.YJL025W,0.007420232500618353,6.736907592520949e-05,0.0,0.0,0.0,0.0,0.0,0.0,0.0,0.0,0.0,0.0,0.0,0.0
4932.YMR233W,0.0017313875834776156,3.080769733803122e-05,0.0,0.0,0.0,0.0,0.0,0.0,0.0,0.0,0.0,0.0,0.0,0.0
4932.YOR295W,0.0017313875834776156,3.080769733803122e-05,0.0,0.0,0.0,0.0,0.0,0.0,0.0,0.0,0.0,0.0,0.0,0.0
4932.YMR270C,0.0017313875834776156,3.080769733803122e-05,0.0,0.0,0.0,0.0,0.0,0.0,0.0,0.0,0.0,0.0,0.0,0.0
4932.YBL025W,0.0017313875834776156,3.080769733803122e-05,0.0,0.0,0.0,0.0,0.0,0.0,0.0,0.0,0.0,0.0,0.0,0.0
4932.YPL049C,0.0012367054167697256,8.991850246057665e-06,0.0,0.0,0.0,0.0,0.0,0.0,0.0,0.0,0.0,0.0,0.0,0.0
4932.YBR028C,0.002226069750185506,2.099851569318059e-05,0.0,0.0,0.0,0.0,0.0,0.0,0.0,0.0,0.0,0.0,0.0,0.0
4932.YDR480W,0.0009893643334157804,8.974573553511799e-06,0.0,0.0,0.0,0.0,0.0,0.0,0.0,0.0,0.0,0.0,0.0,0.0
4932.YIL113W,0.0012367054167697256,0.00048629556795813823,0.0,0.0,0.0,0.0,0.0,0.0,0.0,0.0,0.0,0.0,0.0,0.0
4932.YNL167C,0.0017313875834776156,8.634381337185562e-05,0.0,0.0,0.0,0.0,0.0,0.0,0.0,0.0,0.0,0.0,0.0,0.0
4932.YNL053W,0.0014840465001236705,0.0004908872754726081,0.0,0.0,0.0,0.0,0.0,0.0,0.0,0.0,0.0,0.0,0.0,0.0
4932.YLR113W,0.005936186000494682,4.53696800805555e-05,0.0,0.0,0.0,0.0,0.0,0.0,0.0,0.0,0.0,0.0,0.0,0.0
4932.YHR084W,0.005194162750432847,0.0003173202427772902,0.0,0.0,0.0,0.0,0.0,0.0,0.0,0.0,0.0,0.0,0.0,0.0
4932.YNL271C,0.002473410833539451,0.000555474834171594,0.0,0.0,0.0,0.0,0.0,0.0,0.0,0.0,0.0,0.0,0.0,0.0
4932.YBL019W,0.0002473410833539451,1.402378068042791e-06,0.0,0.0,0.0,0.0,0.0,0.0,0.0,0.0,0.0,0.0,0.0,0.0
4932.YKL114C,0.0004946821667078902,0.0001920611283718589,0.0,0.0,0.0,0.0,0.0,0.0,0.0,0.0,0.0,0.0,0.0,0.0
4932.YBL021C,0.0007420232500618352,5.600289098181611e-39,0.0,0.0,0.0,0.0,0.0,0.0,0.0,0.0,0.0,0.0,0.0,0.0
4932.YOR358W,0.0007420232500618352,5.600289098181611e-39,0.0,0.0,0.0,0.0,0.0,0.0,0.0,0.0,0.0,0.0,0.0,0.0
4932.YKL109W,0.0007420232500618352,5.600289098181611e-39,0.0,0.0,0.0,0.0,0.0,0.0,0.0,0.0,0.0,0.0,0.0,0.0
4932.YGL237C,0.0007420232500618352,5.600289098181611e-39,0.0,0.0,0.0,0.0,0.0,0.0,0.0,0.0,0.0,0.0,0.0,0.0
4932.YBL022C,0.003957457333663122,0.0005727872670689054,0.0,0.0,0.0,0.0,0.0,0.0,0.0,0.0,0.0,0.0,0.0,0.0
4932.YDL010W,0.0054415038337867925,0.0021036114855138227,0.0,0.0,0.0,0.0,0.0,0.0,0.0,0.0,0.0,0.0,0.0,0.0
4932.YLR364W,0.005936186000494682,0.0021632747425099196,0.0,0.0,0.0,0.0,0.0,0.0,0.0,0.0,0.0,0.0,0.0,0.0
4932.YDR513W,0.006183527083848627,0.002156390233296799,0.0,0.0,0.0,0.0,0.0,0.0,0.0,0.0,0.0,0.0,0.0,0.0
4932.YOR216C,0.012861736334405145,0.003027169791169157,0.0,0.0,0.0,0.0,0.0,0.0,0.0,0.0,0.0,0.0,0.0,0.0
4932.YCL035C,0.005688844917140738,0.0021064848249278735,0.0,0.0,0.0,0.0,0.0,0.0,0.0,0.0,0.0,0.0,0.0,0.0
4932.YPL156C,0.0054415038337867925,0.0021036114855138227,0.0,0.0,0.0,0.0,0.0,0.0,0.0,0.0,0.0,0.0,0.0,0.0
4932.YBR014C,0.006430868167202572,0.002178269720486485,0.0,0.0,0.0,0.0,0.0,0.0,0.0,0.0,0.0,0.0,0.0,0.0
4932.YJL065C,0.007914914667326243,9.195379018699692e-05,0.0,0.0,0.0,0.0,0.0,0.0,0.0,0.0,0.0,0.0,0.0,0.0
4932.YGL113W,0.0054415038337867925,0.00016606417307634105,0.0,0.0,0.0,0.0,0.0,0.0,0.0,0.0,0.0,0.0,0.0,0.0
4932.YLL004W,0.00964630225080386,2.5490925082187063e-05,0.0,0.0,0.0,0.0,0.0,0.0,0.0,0.0,0.0,0.0,0.0,0.0
4932.YHR118C,0.005936186000494682,1.9987814688624898e-05,0.0,0.0,0.0,0.0,0.0,0.0,0.0,0.0,0.0,0.0,0.0,0.0
4932.YNL262W,0.007914914667326243,2.2355130442119625e-05,0.0,0.0,0.0,0.0,0.0,0.0,0.0,0.0,0.0,0.0,0.0,0.0
4932.YPR175W,0.007914914667326243,2.2355130442119625e-05,0.0,0.0,0.0,0.0,0.0,0.0,0.0,0.0,0.0,0.0,0.0,0.0
4932.YDR052C,0.006678209250556517,8.078810703019964e-06,0.0,0.0,0.0,0.0,0.0,0.0,0.0,0.0,0.0,0.0,0.0,0.0
4932.YBR278W,0.009398961167449914,0.00010627219070077684,0.0,0.0,0.0,0.0,0.0,0.0,0.0,0.0,0.0,0.0,0.0,0.0
4932.YKL108W,0.005194162750432847,4.205193408854632e-06,0.0,0.0,0.0,0.0,0.0,0.0,0.0,0.0,0.0,0.0,0.0,0.0
4932.YBR060C,0.00964630225080386,2.5490925082187063e-05,0.0,0.0,0.0,0.0,0.0,0.0,0.0,0.0,0.0,0.0,0.0,0.0
4932.YDR121W,0.009398961167449914,0.00010627219070077684,0.0,0.0,0.0,0.0,0.0,0.0,0.0,0.0,0.0,0.0,0.0,0.0
4932.YOR060C,0.005194162750432847,4.205193408854632e-06,0.0,0.0,0.0,0.0,0.0,0.0,0.0,0.0,0.0,0.0,0.0,0.0
4932.YJL090C,0.005194162750432847,4.205193408854632e-06,0.0,0.0,0.0,0.0,0.0,0.0,0.0,0.0,0.0,0.0,0.0,0.0
4932.YPR162C,0.00964630225080386,2.5490925082187063e-05,0.0,0.0,0.0,0.0,0.0,0.0,0.0,0.0,0.0,0.0,0.0,0.0
4932.YDL017W,0.006678209250556517,8.078810703019964e-06,0.0,0.0,0.0,0.0,0.0,0.0,0.0,0.0,0.0,0.0,0.0,0.0
4932.YML065W,0.00964630225080386,2.5490925082187063e-05,0.0,0.0,0.0,0.0,0.0,0.0,0.0,0.0,0.0,0.0,0.0,0.0
4932.YJR046W,0.0037101162503091764,1.841749930620197e-05,0.0,0.0,0.0,0.0,0.0,0.0,0.0,0.0,0.0,0.0,0.0,0.0
4932.YNL261W,0.009893643334157804,2.5528906163311508e-05,0.0,0.0,0.0,0.0,0.0,0.0,0.0,0.0,0.0,0.0,0.0,0.0
4932.YBL024W,0.0009893643334157804,0.00105000353221176,0.0,0.0,0.0,0.0,0.0,0.0,0.0,0.0,0.0,0.0,0.0,0.0
4932.YGR074W,0.015829829334652486,2.0080829160094826e-05,0.0,0.0,0.0,0.0,0.0,0.0,0.0,0.0,0.0,0.0,0.0,0.0
4932.YFL017W-A,0.015087806084590651,1.5760836228592293e-05,0.0,0.0,0.0,0.0,0.0,0.0,0.0,0.0,0.0,0.0,0.0,0.0
4932.YBR055C,0.006925550333910463,1.061705143986701e-05,0.0,0.0,0.0,0.0,0.0,0.0,0.0,0.0,0.0,0.0,0.0,0.0
4932.YDR473C,0.006925550333910463,1.061705143986701e-05,0.0,0.0,0.0,0.0,0.0,0.0,0.0,0.0,0.0,0.0,0.0,0.0
4932.YBR152W,0.006925550333910463,1.061705143986701e-05,0.0,0.0,0.0,0.0,0.0,0.0,0.0,0.0,0.0,0.0,0.0,0.0
4932.YMR268C,0.001978728666831561,4.578373466454198e-06,0.0,0.0,0.0,0.0,0.0,0.0,0.0,0.0,0.0,0.0,0.0,0.0
4932.YNL118C,0.01805589908483799,0.0024512017290440674,0.0,0.0,0.0,0.0,0.0,0.0,0.0,0.0,0.0,0.0,0.0,0.0
4932.YEL015W,0.004452139500371012,0.00038051443576551637,0.0,0.0,0.0,0.0,0.0,0.0,0.0,0.0,0.0,0.0,0.0,0.0
4932.YHR165C,0.007667573583972298,1.2862967240494248e-05,0.0,0.0,0.0,0.0,0.0,0.0,0.0,0.0,0.0,0.0,0.0,0.0
4932.YPR178W,0.006925550333910463,1.061705143986701e-05,0.0,0.0,0.0,0.0,0.0,0.0,0.0,0.0,0.0,0.0,0.0,0.0
4932.YOL149W,0.007420232500618353,7.930067452548157e-05,0.0,0.0,0.0,0.0,0.0,0.0,0.0,0.0,0.0,0.0,0.0,0.0
4932.YER029C,0.015087806084590651,1.5760836228592293e-05,0.0,0.0,0.0,0.0,0.0,0.0,0.0,0.0,0.0,0.0,0.0,0.0
4932.YOR159C,0.015087806084590651,1.5760836228592293e-05,0.0,0.0,0.0,0.0,0.0,0.0,0.0,0.0,0.0,0.0,0.0,0.0
4932.YPR182W,0.013851100667820925,1.5028359596921517e-05,0.0,0.0,0.0,0.0,0.0,0.0,0.0,0.0,0.0,0.0,0.0,0.0
4932.YER172C,0.007667573583972298,1.2862967240494248e-05,0.0,0.0,0.0,0.0,0.0,0.0,0.0,0.0,0.0,0.0,0.0,0.0
4932.YGR075C,0.006925550333910463,1.061705143986701e-05,0.0,0.0,0.0,0.0,0.0,0.0,0.0,0.0,0.0,0.0,0.0,0.0
4932.YOR308C,0.006925550333910463,1.061705143986701e-05,0.0,0.0,0.0,0.0,0.0,0.0,0.0,0.0,0.0,0.0,0.0,0.0
4932.YLR275W,0.015087806084590651,1.5760836228592293e-05,0.0,0.0,0.0,0.0,0.0,0.0,0.0,0.0,0.0,0.0,0.0,0.0
4932.YGR091W,0.006925550333910463,1.061705143986701e-05,0.0,0.0,0.0,0.0,0.0,0.0,0.0,0.0,0.0,0.0,0.0,0.0
4932.YJL124C,0.0027207519168933963,3.398797635407623e-05,0.0,0.0,0.0,0.0,0.0,0.0,0.0,0.0,0.0,0.0,0.0,0.0
4932.YCR020C-A,0.009151620084095969,1.2111771387326666e-05,0.0,0.0,0.0,0.0,0.0,0.0,0.0,0.0,0.0,0.0,0.0,0.0
4932.YPR082C,0.007667573583972298,1.2862967240494248e-05,0.0,0.0,0.0,0.0,0.0,0.0,0.0,0.0,0.0,0.0,0.0,0.0
4932.YDL160C,0.004946821667078902,0.0008691367414648411,0.0,0.0,0.0,0.0,0.0,0.0,0.0,0.0,0.0,0.0,0.0,0.0
4932.YGR006W,0.008409596834034134,1.3811857429195421e-05,0.0,0.0,0.0,0.0,0.0,0.0,0.0,0.0,0.0,0.0,0.0,0.0
4932.YJR022W,0.007172891417264408,1.0651423820453632e-05,0.0,0.0,0.0,0.0,0.0,0.0,0.0,0.0,0.0,0.0,0.0,0.0
4932.YDL098C,0.006925550333910463,1.061705143986701e-05,0.0,0.0,0.0,0.0,0.0,0.0,0.0,0.0,0.0,0.0,0.0,0.0
4932.YLR147C,0.016819193668068267,4.619800957197632e-05,0.0,0.0,0.0,0.0,0.0,0.0,0.0,0.0,0.0,0.0,0.0,0.0
4932.YBL027W,0.0009893643334157804,1.0947949594620939e-05,0.0,0.0,0.0,0.0,0.0,0.0,0.0,0.0,0.0,0.0,0.0,0.0
4932.YBL030C,0.002473410833539451,3.708785399210289e-05,0.0,0.0,0.0,0.0,0.0,0.0,0.0,0.0,0.0,0.0,0.0,0.0
4932.YPR140W,0.0027207519168933963,0.00012925718746960305,0.0,0.0,0.0,0.0,0.0,0.0,0.0,0.0,0.0,0.0,0.0,0.0
4932.YEL020W-A,0.006430868167202572,0.0002468744181738491,0.0,0.0,0.0,0.0,0.0,0.0,0.0,0.0,0.0,0.0,0.0,0.0
4932.YIL114C,0.0014840465001236705,1.738229993045282e-05,0.0,0.0,0.0,0.0,0.0,0.0,0.0,0.0,0.0,0.0,0.0,0.0
4932.YBR085W,0.002473410833539451,3.708785399210289e-05,0.0,0.0,0.0,0.0,0.0,0.0,0.0,0.0,0.0,0.0,0.0,0.0
4932.YNL055C,0.002226069750185506,2.153003390457065e-05,0.0,0.0,0.0,0.0,0.0,0.0,0.0,0.0,0.0,0.0,0.0,0.0
4932.YHR005C-A,0.0054415038337867925,8.78093155111377e-05,0.0,0.0,0.0,0.0,0.0,0.0,0.0,0.0,0.0,0.0,0.0,0.0
4932.YBL032W,0.004452139500371012,2.0616022212925913e-05,0.0,0.0,0.0,0.0,0.0,0.0,0.0,0.0,0.0,0.0,0.0,0.0
4932.YGL070C,0.01855058125154588,0.00032587409586038357,0.0,0.0,0.0,0.0,0.0,0.0,0.0,0.0,0.0,0.0,0.0,0.0
4932.YJL140W,0.016819193668068267,6.243431396334841e-05,0.0,0.0,0.0,0.0,0.0,0.0,0.0,0.0,0.0,0.0,0.0,0.0
4932.YGR005C,0.014345782834528815,6.358651455950999e-05,0.0,0.0,0.0,0.0,0.0,0.0,0.0,0.0,0.0,0.0,0.0,0.0
4932.YOR151C,0.0175612169181301,0.00044674126205485157,0.0,0.0,0.0,0.0,0.0,0.0,0.0,0.0,0.0,0.0,0.0,0.0
4932.YPL190C,0.007420232500618353,4.293742572466183e-05,0.0,0.0,0.0,0.0,0.0,0.0,0.0,0.0,0.0,0.0,0.0,0.0
4932.YIL021W,0.0175612169181301,0.00044674126205485157,0.0,0.0,0.0,0.0,0.0,0.0,0.0,0.0,0.0,0.0,0.0,0.0
4932.YBR233W,0.004452139500371012,2.0616022212925916e-05,0.0,0.0,0.0,0.0,0.0,0.0,0.0,0.0,0.0,0.0,0.0,0.0
4932.YDR404C,0.016819193668068267,6.243431396334841e-05,0.0,0.0,0.0,0.0,0.0,0.0,0.0,0.0,0.0,0.0,0.0,0.0
4932.YOL005C,0.016819193668068267,6.243431396334841e-05,0.0,0.0,0.0,0.0,0.0,0.0,0.0,0.0,0.0,0.0,0.0,0.0
4932.YDL140C,0.016819193668068267,6.243431396334841e-05,0.0,0.0,0.0,0.0,0.0,0.0,0.0,0.0,0.0,0.0,0.0,0.0
4932.YGR186W,0.014345782834528815,6.358651455950999e-05,0.0,0.0,0.0,0.0,0.0,0.0,0.0,0.0,0.0,0.0,0.0,0.0
4932.YLR316C,0.01310907741775909,0.0049706890767553845,0.0,0.0,0.0,0.0,0.0,0.0,0.0,0.0,0.0,0.0,0.0,0.0
4932.YDR007W,0.007172891417264408,0.0012166061843174193,0.0,0.0,0.0,0.0,0.0,0.0,0.0,0.0,0.0,0.0,0.0,0.0
4932.YDL238C,0.0037101162503091764,0.0010093404495676761,0.0,0.0,0.0,0.0,0.0,0.0,0.0,0.0,0.0,0.0,0.0,0.0
4932.YJL035C,0.0126143952510512,0.0049428919021162815,0.0,0.0,0.0,0.0,0.0,0.0,0.0,0.0,0.0,0.0,0.0,0.0
4932.YLR137W,0.012861736334405145,0.004945280910973195,0.0,0.0,0.0,0.0,0.0,0.0,0.0,0.0,0.0,0.0,0.0,0.0
4932.YOL143C,0.003215434083601286,0.0019021141912729082,0.0,0.0,0.0,0.0,0.0,0.0,0.0,0.0,0.0,0.0,0.0,0.0
4932.YIL145C,0.012861736334405145,0.00829848344630939,0.0,0.0,0.0,0.0,0.0,0.0,0.0,0.0,0.0,0.0,0.0,0.0
4932.YOL066C,0.014840465001236706,0.00652901032083615,0.0,0.0,0.0,0.0,0.0,0.0,0.0,0.0,0.0,0.0,0.0,0.0
4932.YJR092W,0.012861736334405145,0.01386090992971014,0.0,0.0,0.0,0.0,0.0,0.0,0.0,0.0,0.0,0.0,0.0,0.0
4932.YPR062W,0.0126143952510512,0.0049428919021162815,0.0,0.0,0.0,0.0,0.0,0.0,0.0,0.0,0.0,0.0,0.0,0.0
4932.YOL094C,0.005194162750432847,0.0002945342293480071,0.0,0.0,0.0,0.0,0.0,0.0,0.0,0.0,0.0,0.0,0.0,0.0
4932.YPL167C,0.003215434083601286,1.789359661870772e-05,0.0,0.0,0.0,0.0,0.0,0.0,0.0,0.0,0.0,0.0,0.0,0.0
4932.YBR088C,0.007172891417264408,5.7357254958851327e-05,0.0,0.0,0.0,0.0,0.0,0.0,0.0,0.0,0.0,0.0,0.0,0.0
4932.YJR068W,0.005194162750432847,0.0002945342293480071,0.0,0.0,0.0,0.0,0.0,0.0,0.0,0.0,0.0,0.0,0.0,0.0
4932.YOR330C,0.003215434083601286,1.789359661870772e-05,0.0,0.0,0.0,0.0,0.0,0.0,0.0,0.0,0.0,0.0,0.0,0.0
4932.YOR217W,0.002473410833539451,1.1181943445621543e-05,0.0,0.0,0.0,0.0,0.0,0.0,0.0,0.0,0.0,0.0,0.0,0.0
4932.YBR087W,0.005194162750432847,0.0002945342293480071,0.0,0.0,0.0,0.0,0.0,0.0,0.0,0.0,0.0,0.0,0.0,0.0
4932.YKL113C,0.002226069750185506,8.79988221984684e-05,0.0,0.0,0.0,0.0,0.0,0.0,0.0,0.0,0.0,0.0,0.0,0.0
4932.YNL290W,0.005194162750432847,0.0002945342293480071,0.0,0.0,0.0,0.0,0.0,0.0,0.0,0.0,0.0,0.0,0.0,0.0
4932.YIL139C,0.003215434083601286,1.789359661870772e-05,0.0,0.0,0.0,0.0,0.0,0.0,0.0,0.0,0.0,0.0,0.0,0.0
4932.YBL036C,0.0012367054167697256,0.0006297188687625963,0.0,0.0,0.0,0.0,0.0,0.0,0.0,0.0,0.0,0.0,0.0,0.0
4932.YGL202W,0.0175612169181301,0.01583288733435349,0.0,0.0,0.0,0.0,0.0,0.0,0.0,0.0,0.0,0.0,0.0,0.0
4932.YHR137W,0.01409844175117487,0.014654534793761418,0.0,0.0,0.0,0.0,0.0,0.0,0.0,0.0,0.0,0.0,0.0,0.0
4932.YER152C,0.012367054167697254,0.01352756656012652,0.0,0.0,0.0,0.0,0.0,0.0,0.0,0.0,0.0,0.0,0.0,0.0
4932.YBL037W,0.01607717041800643,0.0014727535589804828,0.0,0.0,0.0,0.0,0.0,0.0,0.0,0.0,0.0,0.0,0.0,0.0
4932.YNL293W,0.004699480583724957,0.000682503912551134,0.0,0.0,0.0,0.0,0.0,0.0,0.0,0.0,0.0,0.0,0.0,0.0
4932.YGR261C,0.002968093000247341,3.226057137468423e-05,0.0,0.0,0.0,0.0,0.0,0.0,0.0,0.0,0.0,0.0,0.0,0.0
4932.YPL195W,0.002968093000247341,3.226057137468423e-05,0.0,0.0,0.0,0.0,0.0,0.0,0.0,0.0,0.0,0.0,0.0,0.0
4932.YJL024C,0.002968093000247341,3.226057137468423e-05,0.0,0.0,0.0,0.0,0.0,0.0,0.0,0.0,0.0,0.0,0.0,0.0
4932.YHR047C,0.012367054167697254,0.004013378753249086,0.0,0.0,0.0,0.0,0.0,0.0,0.0,0.0,0.0,0.0,0.0,0.0
4932.YKR055W,0.010388325500865695,0.001167769650700222,0.0,0.0,0.0,0.0,0.0,0.0,0.0,0.0,0.0,0.0,0.0,0.0
4932.YDR153C,0.004452139500371012,3.4634131027983196e-05,0.0,0.0,0.0,0.0,0.0,0.0,0.0,0.0,0.0,0.0,0.0,0.0
4932.YOR089C,0.008656937917388079,0.0010492513064987894,0.0,0.0,0.0,0.0,0.0,0.0,0.0,0.0,0.0,0.0,0.0,0.0
4932.YJR125C,0.004452139500371012,3.4634131027983196e-05,0.0,0.0,0.0,0.0,0.0,0.0,0.0,0.0,0.0,0.0,0.0,0.0
4932.YGR167W,0.006430868167202572,0.00011246643286834554,0.0,0.0,0.0,0.0,0.0,0.0,0.0,0.0,0.0,0.0,0.0,0.0
4932.YHL019C,0.004699480583724957,3.5295918723784074e-05,0.0,0.0,0.0,0.0,0.0,0.0,0.0,0.0,0.0,0.0,0.0,0.0
4932.YOL062C,0.008409596834034134,0.0003903595579582961,0.0,0.0,0.0,0.0,0.0,0.0,0.0,0.0,0.0,0.0,0.0,0.0
4932.YMR032W,0.004204798417017067,4.528534052731247e-05,0.0,0.0,0.0,0.0,0.0,0.0,0.0,0.0,0.0,0.0,0.0,0.0
4932.YJR058C,0.008162255750680188,0.0003901452091234719,0.0,0.0,0.0,0.0,0.0,0.0,0.0,0.0,0.0,0.0,0.0,0.0
4932.YPR165W,0.01855058125154588,0.001484307694665378,0.0,0.0,0.0,0.0,0.0,0.0,0.0,0.0,0.0,0.0,0.0,0.0
4932.YOL112W,0.004699480583724957,0.000682503912551134,0.0,0.0,0.0,0.0,0.0,0.0,0.0,0.0,0.0,0.0,0.0,0.0
4932.YDL161W,0.004452139500371012,3.4634131027983196e-05,0.0,0.0,0.0,0.0,0.0,0.0,0.0,0.0,0.0,0.0,0.0,0.0
4932.YPL242C,0.01360375958446698,0.0011393192433160467,0.0,0.0,0.0,0.0,0.0,0.0,0.0,0.0,0.0,0.0,0.0,0.0
4932.YPR079W,0.007914914667326243,0.0013193478884963405,0.0,0.0,0.0,0.0,0.0,0.0,0.0,0.0,0.0,0.0,0.0,0.0
4932.YBR288C,0.004452139500371012,3.5081569888959826e-05,0.0,0.0,0.0,0.0,0.0,0.0,0.0,0.0,0.0,0.0,0.0,0.0
4932.YEL060C,0.003957457333663122,0.004533892093502689,0.0,0.0,0.0,0.0,0.0,0.0,0.0,0.0,0.0,0.0,0.0,0.0
4932.YNL304W,0.008409596834034134,0.001049110251647088,0.0,0.0,0.0,0.0,0.0,0.0,0.0,0.0,0.0,0.0,0.0,0.0
4932.YLR206W,0.004452139500371012,3.4634131027983196e-05,0.0,0.0,0.0,0.0,0.0,0.0,0.0,0.0,0.0,0.0,0.0,0.0
4932.YKL135C,0.008162255750680188,0.0003901452091234719,0.0,0.0,0.0,0.0,0.0,0.0,0.0,0.0,0.0,0.0,0.0,0.0
4932.YNL090W,0.010388325500865695,0.001167769650700222,0.0,0.0,0.0,0.0,0.0,0.0,0.0,0.0,0.0,0.0,0.0,0.0
4932.YGL206C,0.010388325500865695,0.00013816239247595692,0.0,0.0,0.0,0.0,0.0,0.0,0.0,0.0,0.0,0.0,0.0,0.0
4932.YEL016C,0.005194162750432847,0.0008780225804871196,0.0,0.0,0.0,0.0,0.0,0.0,0.0,0.0,0.0,0.0,0.0,0.0
4932.YPR029C,0.004452139500371012,3.5081569888959826e-05,0.0,0.0,0.0,0.0,0.0,0.0,0.0,0.0,0.0,0.0,0.0,0.0
4932.YJR005W,0.008162255750680188,0.0003901452091234719,0.0,0.0,0.0,0.0,0.0,0.0,0.0,0.0,0.0,0.0,0.0,0.0
4932.YLR170C,0.004452139500371012,3.5081569888959826e-05,0.0,0.0,0.0,0.0,0.0,0.0,0.0,0.0,0.0,0.0,0.0,0.0
4932.YML001W,0.012861736334405145,0.0010988980328689535,0.0,0.0,0.0,0.0,0.0,0.0,0.0,0.0,0.0,0.0,0.0,0.0
4932.YOR003W,0.002968093000247341,0.0019898314857801414,0.0,0.0,0.0,0.0,0.0,0.0,0.0,0.0,0.0,0.0,0.0,0.0
4932.YCR045C,0.002968093000247341,0.001985336276461757,0.0,0.0,0.0,0.0,0.0,0.0,0.0,0.0,0.0,0.0,0.0,0.0
4932.YCR026C,0.005194162750432847,0.0008780225804871196,0.0,0.0,0.0,0.0,0.0,0.0,0.0,0.0,0.0,0.0,0.0,0.0
4932.YCR030C,0.003215434083601286,0.00019337224106548474,0.0,0.0,0.0,0.0,0.0,0.0,0.0,0.0,0.0,0.0,0.0,0.0
4932.YBL047C,0.005688844917140738,7.382647977804959e-05,0.0,0.0,0.0,0.0,0.0,0.0,0.0,0.0,0.0,0.0,0.0,0.0
4932.YNL180C,0.015335147167944596,0.0012678195720669581,0.0,0.0,0.0,0.0,0.0,0.0,0.0,0.0,0.0,0.0,0.0,0.0
4932.YFL047W,0.005194162750432847,0.0006866437207516668,0.0,0.0,0.0,0.0,0.0,0.0,0.0,0.0,0.0,0.0,0.0,0.0
4932.YKL157W,0.012119713084343309,0.003999147354519619,0.0,0.0,0.0,0.0,0.0,0.0,0.0,0.0,0.0,0.0,0.0,0.0
4932.YIL118W,0.010388325500865695,0.001167769650700222,0.0,0.0,0.0,0.0,0.0,0.0,0.0,0.0,0.0,0.0,0.0,0.0
4932.YLR262C,0.008904279000742024,0.0010543595402331112,0.0,0.0,0.0,0.0,0.0,0.0,0.0,0.0,0.0,0.0,0.0,0.0
4932.YIL137C,0.012367054167697254,0.003998905354648973,0.0,0.0,0.0,0.0,0.0,0.0,0.0,0.0,0.0,0.0,0.0,0.0
4932.YPL208W,0.016324511501360377,0.0012993382600895952,0.0,0.0,0.0,0.0,0.0,0.0,0.0,0.0,0.0,0.0,0.0,0.0
4932.YDR292C,0.0027207519168933963,0.0003242204012623528,0.0,0.0,0.0,0.0,0.0,0.0,0.0,0.0,0.0,0.0,0.0,0.0
4932.YBR025C,0.0014840465001236705,0.00023022455110865514,0.0,0.0,0.0,0.0,0.0,0.0,0.0,0.0,0.0,0.0,0.0,0.0
4932.YNR050C,0.009398961167449914,0.009302698609959224,0.0,0.0,0.0,0.0,0.0,0.0,0.0,0.0,0.0,0.0,0.0,0.0
4932.YDR258C,0.0037101162503091764,0.00042009783513236173,0.0,0.0,0.0,0.0,0.0,0.0,0.0,0.0,0.0,0.0,0.0,0.0
4932.YHR091C,0.001978728666831561,0.0006497768913151404,0.0,0.0,0.0,0.0,0.0,0.0,0.0,0.0,0.0,0.0,0.0,0.0
4932.YIR034C,0.009893643334157804,0.010058870019494907,0.0,0.0,0.0,0.0,0.0,0.0,0.0,0.0,0.0,0.0,0.0,0.0
4932.YBR186W,0.002226069750185506,0.0014390686805736482,0.0,0.0,0.0,0.0,0.0,0.0,0.0,0.0,0.0,0.0,0.0,0.0
4932.YEL042W,0.0014840465001236705,0.00018311194256589175,0.0,0.0,0.0,0.0,0.0,0.0,0.0,0.0,0.0,0.0,0.0,0.0
4932.YDR198C,0.016324511501360377,0.001303438556957176,0.0,0.0,0.0,0.0,0.0,0.0,0.0,0.0,0.0,0.0,0.0,0.0
4932.YLR043C,0.004699480583724957,0.0012247682906971979,0.0,0.0,0.0,0.0,0.0,0.0,0.0,0.0,0.0,0.0,0.0,0.0
4932.YGR247W,0.0009893643334157804,0.00022946386418557142,0.0,0.0,0.0,0.0,0.0,0.0,0.0,0.0,0.0,0.0,0.0,0.0
4932.YJR142W,0.01113034875092753,0.0023897206722267887,0.0,0.0,0.0,0.0,0.0,0.0,0.0,0.0,0.0,0.0,0.0,0.0
4932.YGR028W,0.0054415038337867925,0.003478471401347684,0.0,0.0,0.0,0.0,0.0,0.0,0.0,0.0,0.0,0.0,0.0,0.0
4932.YLR151C,0.01459312391788276,0.004900009943795106,0.0,0.0,0.0,0.0,0.0,0.0,0.0,0.0,0.0,0.0,0.0,0.0
4932.YNL218W,0.0014840465001236705,0.0002760746583041941,0.0,0.0,0.0,0.0,0.0,0.0,0.0,0.0,0.0,0.0,0.0,0.0
4932.YDR341C,0.001978728666831561,0.0006497768913151404,0.0,0.0,0.0,0.0,0.0,0.0,0.0,0.0,0.0,0.0,0.0,0.0
4932.YLL026W,0.004946821667078902,0.0005125383123816023,0.0,0.0,0.0,0.0,0.0,0.0,0.0,0.0,0.0,0.0,0.0,0.0
4932.YBR030W,0.01607717041800643,0.0012932125861010646,0.0,0.0,0.0,0.0,0.0,0.0,0.0,0.0,0.0,0.0,0.0,0.0
4932.YHL014C,0.0009893643334157804,0.00022946386418557142,0.0,0.0,0.0,0.0,0.0,0.0,0.0,0.0,0.0,0.0,0.0,0.0
4932.YPL074W,0.002473410833539451,0.00202610086978616,0.0,0.0,0.0,0.0,0.0,0.0,0.0,0.0,0.0,0.0,0.0,0.0
4932.YKL197C,0.005194162750432847,0.0033275760299815924,0.0,0.0,0.0,0.0,0.0,0.0,0.0,0.0,0.0,0.0,0.0,0.0
4932.YEL043W,0.008409596834034134,0.006792106648416688,0.0,0.0,0.0,0.0,0.0,0.0,0.0,0.0,0.0,0.0,0.0,0.0
4932.YPR088C,0.0037101162503091764,0.00032310157716524453,0.0,0.0,0.0,0.0,0.0,0.0,0.0,0.0,0.0,0.0,0.0,0.0
4932.YER047C,0.002226069750185506,0.0014390686805736482,0.0,0.0,0.0,0.0,0.0,0.0,0.0,0.0,0.0,0.0,0.0,0.0
4932.YLR419W,0.0007420232500618352,0.000156319560389478,0.0,0.0,0.0,0.0,0.0,0.0,0.0,0.0,0.0,0.0,0.0,0.0
4932.YOR163W,0.010388325500865695,0.0023688110391155773,0.0,0.0,0.0,0.0,0.0,0.0,0.0,0.0,0.0,0.0,0.0,0.0
4932.YPL104W,0.009398961167449914,0.0027010345753992896,0.0,0.0,0.0,0.0,0.0,0.0,0.0,0.0,0.0,0.0,0.0,0.0
4932.YBR111C,0.01310907741775909,0.0029047661687683166,0.0,0.0,0.0,0.0,0.0,0.0,0.0,0.0,0.0,0.0,0.0,0.0
4932.YFR007W,0.006183527083848627,0.0014004202193892536,0.0,0.0,0.0,0.0,0.0,0.0,0.0,0.0,0.0,0.0,0.0,0.0
4932.YNL329C,0.004699480583724957,0.0033072642941261543,0.0,0.0,0.0,0.0,0.0,0.0,0.0,0.0,0.0,0.0,0.0,0.0
4932.YLR289W,0.003215434083601286,0.000572832475114188,0.0,0.0,0.0,0.0,0.0,0.0,0.0,0.0,0.0,0.0,0.0,0.0
4932.YGR210C,0.0009893643334157804,0.00022946386418557142,0.0,0.0,0.0,0.0,0.0,0.0,0.0,0.0,0.0,0.0,0.0,0.0
4932.YHL039W,0.01657185258471432,0.0013562728402306769,0.0,0.0,0.0,0.0,0.0,0.0,0.0,0.0,0.0,0.0,0.0,0.0
4932.YBL041W,0.0034627751669552313,0.00012096397478232498,0.0,0.0,0.0,0.0,0.0,0.0,0.0,0.0,0.0,0.0,0.0,0.0
4932.YER012W,0.008656937917388079,0.00076575138289299,0.0,0.0,0.0,0.0,0.0,0.0,0.0,0.0,0.0,0.0,0.0,0.0
4932.YOL038W,0.008656937917388079,0.00076575138289299,0.0,0.0,0.0,0.0,0.0,0.0,0.0,0.0,0.0,0.0,0.0,0.0
4932.YGR135W,0.008656937917388079,0.00076575138289299,0.0,0.0,0.0,0.0,0.0,0.0,0.0,0.0,0.0,0.0,0.0,0.0
4932.YOR157C,0.008656937917388079,0.00076575138289299,0.0,0.0,0.0,0.0,0.0,0.0,0.0,0.0,0.0,0.0,0.0,0.0
4932.YJL001W,0.008656937917388079,0.00076575138289299,0.0,0.0,0.0,0.0,0.0,0.0,0.0,0.0,0.0,0.0,0.0,0.0
4932.YML092C,0.008656937917388079,0.00076575138289299,0.0,0.0,0.0,0.0,0.0,0.0,0.0,0.0,0.0,0.0,0.0,0.0
4932.YPR103W,0.008656937917388079,0.00076575138289299,0.0,0.0,0.0,0.0,0.0,0.0,0.0,0.0,0.0,0.0,0.0,0.0
4932.YGR253C,0.008656937917388079,0.00076575138289299,0.0,0.0,0.0,0.0,0.0,0.0,0.0,0.0,0.0,0.0,0.0,0.0
4932.YER094C,0.008656937917388079,0.00076575138289299,0.0,0.0,0.0,0.0,0.0,0.0,0.0,0.0,0.0,0.0,0.0,0.0
4932.YGL011C,0.008656937917388079,0.00076575138289299,0.0,0.0,0.0,0.0,0.0,0.0,0.0,0.0,0.0,0.0,0.0,0.0
4932.YOR362C,0.008656937917388079,0.00076575138289299,0.0,0.0,0.0,0.0,0.0,0.0,0.0,0.0,0.0,0.0,0.0,0.0
4932.YFR050C,0.008656937917388079,0.00076575138289299,0.0,0.0,0.0,0.0,0.0,0.0,0.0,0.0,0.0,0.0,0.0,0.0
4932.YMR314W,0.008656937917388079,0.00076575138289299,0.0,0.0,0.0,0.0,0.0,0.0,0.0,0.0,0.0,0.0,0.0,0.0
4932.YKL001C,0.016324511501360377,0.006081348559917912,0.0,0.0,0.0,0.0,0.0,0.0,0.0,0.0,0.0,0.0,0.0,0.0
4932.YBR023C,0.01162503091763542,0.007712799885267533,0.0,0.0,0.0,0.0,0.0,0.0,0.0,0.0,0.0,0.0,0.0,0.0
4932.YNL192W,0.011872372000989364,0.007269463652077766,0.0,0.0,0.0,0.0,0.0,0.0,0.0,0.0,0.0,0.0,0.0,0.0
4932.YLR355C,0.01014098441751175,0.005046634064637097,0.0,0.0,0.0,0.0,0.0,0.0,0.0,0.0,0.0,0.0,0.0,0.0
4932.YBR243C,0.007914914667326243,0.0037261570068658186,0.0,0.0,0.0,0.0,0.0,0.0,0.0,0.0,0.0,0.0,0.0,0.0
4932.YBR038W,0.010883007667573585,0.00638693543068816,0.0,0.0,0.0,0.0,0.0,0.0,0.0,0.0,0.0,0.0,0.0,0.0
4932.YPL117C,0.005688844917140738,0.0010185783258527502,0.0,0.0,0.0,0.0,0.0,0.0,0.0,0.0,0.0,0.0,0.0,0.0
4932.YNL168C,0.01855058125154588,0.02168778032697557,0.0,0.0,0.0,0.0,0.0,0.0,0.0,0.0,0.0,0.0,0.0,0.0
4932.YLR164W,0.007172891417264408,0.004809624200557468,0.0,0.0,0.0,0.0,0.0,0.0,0.0,0.0,0.0,0.0,0.0,0.0
4932.YLL009C,0.004452139500371012,0.00022201492622828266,0.0,0.0,0.0,0.0,0.0,0.0,0.0,0.0,0.0,0.0,0.0,0.0
4932.YOR297C,0.007420232500618353,0.002983898661533199,0.0,0.0,0.0,0.0,0.0,0.0,0.0,0.0,0.0,0.0,0.0,0.0
4932.YDR178W,0.007667573583972298,0.004855709517145638,0.0,0.0,0.0,0.0,0.0,0.0,0.0,0.0,0.0,0.0,0.0,0.0
4932.YNL080C,0.0014840465001236705,0.00032598308917292963,0.0,0.0,0.0,0.0,0.0,0.0,0.0,0.0,0.0,0.0,0.0,0.0
4932.YHL007C,0.009893643334157804,0.0001246220710020945,0.0,0.0,0.0,0.0,0.0,0.0,0.0,0.0,0.0,0.0,0.0,0.0
4932.YHL002W,0.005936186000494682,2.5686446858278944e-05,0.0,0.0,0.0,0.0,0.0,0.0,0.0,0.0,0.0,0.0,0.0,0.0
4932.YNL298W,0.009398961167449914,0.0001245523145625181,0.0,0.0,0.0,0.0,0.0,0.0,0.0,0.0,0.0,0.0,0.0,0.0
4932.YPL183C,0.006925550333910463,0.0008925588827543821,0.0,0.0,0.0,0.0,0.0,0.0,0.0,0.0,0.0,0.0,0.0,0.0
4932.YOL113W,0.009398961167449914,0.0001245523145625181,0.0,0.0,0.0,0.0,0.0,0.0,0.0,0.0,0.0,0.0,0.0,0.0
4932.YGR136W,0.005936186000494682,2.5686446858278944e-05,0.0,0.0,0.0,0.0,0.0,0.0,0.0,0.0,0.0,0.0,0.0,0.0
4932.YDR189W,0.004946821667078902,0.0001173518417579701,0.0,0.0,0.0,0.0,0.0,0.0,0.0,0.0,0.0,0.0,0.0,0.0
4932.YBL052C,0.0012367054167697256,9.297737541918624e-05,0.0,0.0,0.0,0.0,0.0,0.0,0.0,0.0,0.0,0.0,0.0,0.0
4932.YPR031W,0.0012367054167697256,9.297737541918624e-05,0.0,0.0,0.0,0.0,0.0,0.0,0.0,0.0,0.0,0.0,0.0,0.0
4932.YLR455W,0.007420232500618353,0.011486848878832405,0.0,0.0,0.0,0.0,0.0,0.0,0.0,0.0,0.0,0.0,0.0,0.0
4932.YJR082C,0.005688844917140738,9.745275388068843e-05,0.0,0.0,0.0,0.0,0.0,0.0,0.0,0.0,0.0,0.0,0.0,0.0
4932.YBL056W,0.0007420232500618352,0.0005277026957687586,0.0,0.0,0.0,0.0,0.0,0.0,0.0,0.0,0.0,0.0,0.0,0.0
4932.YOR184W,0.020529309918377443,0.014742567859829137,0.0,0.0,0.0,0.0,0.0,0.0,0.0,0.0,0.0,0.0,0.0,0.0
4932.YBL057C,0.0009893643334157804,0.0003961856295664832,0.0,0.0,0.0,0.0,0.0,0.0,0.0,0.0,0.0,0.0,0.0,0.0
4932.YBL058W,0.0007420232500618352,3.00701816571888e-05,0.0,0.0,0.0,0.0,0.0,0.0,0.0,0.0,0.0,0.0,0.0,0.0
4932.YBR273C,0.0007420232500618352,3.00701816571888e-05,0.0,0.0,0.0,0.0,0.0,0.0,0.0,0.0,0.0,0.0,0.0,0.0
4932.YML013W,0.01310907741775909,0.0006744458440261087,0.0,0.0,0.0,0.0,0.0,0.0,0.0,0.0,0.0,0.0,0.0,0.0
4932.YBL059C-A,0.0034627751669552313,4.515988441253449e-05,0.0,0.0,0.0,0.0,0.0,0.0,0.0,0.0,0.0,0.0,0.0,0.0
4932.YLL018C-A,0.0034627751669552313,4.515988441253449e-05,0.0,0.0,0.0,0.0,0.0,0.0,0.0,0.0,0.0,0.0,0.0,0.0
4932.YGR181W,0.003957457333663122,6.123683445855839e-05,0.0,0.0,0.0,0.0,0.0,0.0,0.0,0.0,0.0,0.0,0.0,0.0
4932.YGR029W,0.0034627751669552313,4.51598844125345e-05,0.0,0.0,0.0,0.0,0.0,0.0,0.0,0.0,0.0,0.0,0.0,0.0
4932.YJR135W-A,0.003957457333663122,6.123683445855839e-05,0.0,0.0,0.0,0.0,0.0,0.0,0.0,0.0,0.0,0.0,0.0,0.0
4932.YKL053C-A,0.004204798417017067,4.516716296041495e-05,0.0,0.0,0.0,0.0,0.0,0.0,0.0,0.0,0.0,0.0,0.0,0.0
4932.YDR031W,0.0034627751669552313,4.515988441253449e-05,0.0,0.0,0.0,0.0,0.0,0.0,0.0,0.0,0.0,0.0,0.0,0.0
4932.YKL195W,0.0034627751669552313,4.515988441253449e-05,0.0,0.0,0.0,0.0,0.0,0.0,0.0,0.0,0.0,0.0,0.0,0.0
4932.YMR002W,0.0034627751669552313,4.515988441253449e-05,0.0,0.0,0.0,0.0,0.0,0.0,0.0,0.0,0.0,0.0,0.0,0.0
4932.YMR038C,0.007914914667326243,0.0038176086301808577,0.0,0.0,0.0,0.0,0.0,0.0,0.0,0.0,0.0,0.0,0.0,0.0
4932.YLR218C,0.0034627751669552313,4.515988441253449e-05,0.0,0.0,0.0,0.0,0.0,0.0,0.0,0.0,0.0,0.0,0.0,0.0
4932.YBL059W,0.002968093000247341,0.0002246800503152713,0.0,0.0,0.0,0.0,0.0,0.0,0.0,0.0,0.0,0.0,0.0,0.0
4932.YHR128W,0.03215434083601286,0.0049345437085579775,0.0,0.0,0.0,0.0,0.0,0.0,0.0,0.0,0.0,0.0,0.0,0.0
4932.YNR012W,0.03091763541924314,0.004772743895612612,0.0,0.0,0.0,0.0,0.0,0.0,0.0,0.0,0.0,0.0,0.0,0.0
4932.YDR020C,0.03091763541924314,0.004772743895612612,0.0,0.0,0.0,0.0,0.0,0.0,0.0,0.0,0.0,0.0,0.0,0.0
4932.YIL082W,0.0126143952510512,0.00012960829850486384,0.0,0.0,0.0,0.0,0.0,0.0,0.0,0.0,0.0,0.0,0.0,0.0
4932.YML109W,0.0126143952510512,0.00012960829850486384,0.0,0.0,0.0,0.0,0.0,0.0,0.0,0.0,0.0,0.0,0.0,0.0
4932.YMR273C,0.0126143952510512,0.00012960829850486384,0.0,0.0,0.0,0.0,0.0,0.0,0.0,0.0,0.0,0.0,0.0,0.0
4932.YMR208W,0.017313875834776157,0.005147042386336548,0.0,0.0,0.0,0.0,0.0,0.0,0.0,0.0,0.0,0.0,0.0,0.0
4932.YBL060W,0.0007420232500618352,1.0692501973216717e-06,0.0,0.0,0.0,0.0,0.0,0.0,0.0,0.0,0.0,0.0,0.0,0.0
4932.YPR095C,0.0007420232500618352,1.0692501973216717e-06,0.0,0.0,0.0,0.0,0.0,0.0,0.0,0.0,0.0,0.0,0.0,0.0
4932.YBL061C,0.0012367054167697256,0.000249829455279449,0.0,0.0,0.0,0.0,0.0,0.0,0.0,0.0,0.0,0.0,0.0,0.0
4932.YBL063W,0.0012367054167697256,9.427589500898307e-35,0.0,0.0,0.0,0.0,0.0,0.0,0.0,0.0,0.0,0.0,0.0,0.0
4932.YPL155C,0.0012367054167697256,9.427589500898307e-35,0.0,0.0,0.0,0.0,0.0,0.0,0.0,0.0,0.0,0.0,0.0,0.0
4932.YPL253C,0.0012367054167697256,9.427589500898307e-35,0.0,0.0,0.0,0.0,0.0,0.0,0.0,0.0,0.0,0.0,0.0,0.0
4932.YMR198W,0.0012367054167697256,9.427589500898307e-35,0.0,0.0,0.0,0.0,0.0,0.0,0.0,0.0,0.0,0.0,0.0,0.0
4932.YGL216W,0.0012367054167697256,9.427589500898307e-35,0.0,0.0,0.0,0.0,0.0,0.0,0.0,0.0,0.0,0.0,0.0,0.0
4932.YKL079W,0.0012367054167697256,9.427589500898307e-35,0.0,0.0,0.0,0.0,0.0,0.0,0.0,0.0,0.0,0.0,0.0,0.0
4932.YBL064C,0.01014098441751175,0.002282138780359768,0.0,0.0,0.0,0.0,0.0,0.0,0.0,0.0,0.0,0.0,0.0,0.0
4932.YPR160W,0.016819193668068267,0.004011017291453079,0.0,0.0,0.0,0.0,0.0,0.0,0.0,0.0,0.0,0.0,0.0,0.0
4932.YDL029W,0.009398961167449914,0.0005890736876130278,0.0,0.0,0.0,0.0,0.0,0.0,0.0,0.0,0.0,0.0,0.0,0.0
4932.YFL037W,0.009893643334157804,0.0005963659525149648,0.0,0.0,0.0,0.0,0.0,0.0,0.0,0.0,0.0,0.0,0.0,0.0
4932.YER163C,0.002473410833539451,0.0008980644611372286,0.0,0.0,0.0,0.0,0.0,0.0,0.0,0.0,0.0,0.0,0.0,0.0
4932.YML077W,0.0126143952510512,0.0005928870411407485,0.0,0.0,0.0,0.0,0.0,0.0,0.0,0.0,0.0,0.0,0.0,0.0
4932.YHR008C,0.01310907741775909,0.0007695058253898818,0.0,0.0,0.0,0.0,0.0,0.0,0.0,0.0,0.0,0.0,0.0,0.0
4932.YNL138W,0.007172891417264408,0.0005859108795881611,0.0,0.0,0.0,0.0,0.0,0.0,0.0,0.0,0.0,0.0,0.0,0.0
4932.YER132C,0.007172891417264408,0.0005859108795881611,0.0,0.0,0.0,0.0,0.0,0.0,0.0,0.0,0.0,0.0,0.0,0.0
4932.YMR297W,0.007172891417264408,0.0005859108795881611,0.0,0.0,0.0,0.0,0.0,0.0,0.0,0.0,0.0,0.0,0.0,0.0
4932.YGL197W,0.007172891417264408,0.0005859108795881611,0.0,0.0,0.0,0.0,0.0,0.0,0.0,0.0,0.0,0.0,0.0,0.0
4932.YJL008C,0.011377689834281475,0.0006824265218175092,0.0,0.0,0.0,0.0,0.0,0.0,0.0,0.0,0.0,0.0,0.0,0.0
4932.YKR054C,0.008656937917388079,0.0005979301353215867,0.0,0.0,0.0,0.0,0.0,0.0,0.0,0.0,0.0,0.0,0.0,0.0
4932.YBL105C,0.01310907741775909,0.0007555516322109613,0.0,0.0,0.0,0.0,0.0,0.0,0.0,0.0,0.0,0.0,0.0,0.0
4932.YOL088C,0.010388325500865695,0.001449881268559281,0.0,0.0,0.0,0.0,0.0,0.0,0.0,0.0,0.0,0.0,0.0,0.0
4932.YDR389W,0.00964630225080386,0.0006139435723284705,0.0,0.0,0.0,0.0,0.0,0.0,0.0,0.0,0.0,0.0,0.0,0.0
4932.YOR042W,0.011872372000989364,0.0014003656866250996,0.0,0.0,0.0,0.0,0.0,0.0,0.0,0.0,0.0,0.0,0.0,0.0
4932.YNL229C,0.004946821667078902,0.003396608891383912,0.0,0.0,0.0,0.0,0.0,0.0,0.0,0.0,0.0,0.0,0.0,0.0
4932.YML056C,0.027454860252287907,0.012853453470607762,0.0,0.0,0.0,0.0,0.0,0.0,0.0,0.0,0.0,0.0,0.0,0.0
4932.YLR432W,0.02770220133564185,0.012932204969044198,0.0,0.0,0.0,0.0,0.0,0.0,0.0,0.0,0.0,0.0,0.0,0.0
4932.YJR104C,0.013851100667820925,0.0006918963616279259,0.0,0.0,0.0,0.0,0.0,0.0,0.0,0.0,0.0,0.0,0.0,0.0
4932.YHR216W,0.027454860252287907,0.012857764452065755,0.0,0.0,0.0,0.0,0.0,0.0,0.0,0.0,0.0,0.0,0.0,0.0
4932.YNL265C,0.009398961167449914,0.0005882503318116786,0.0,0.0,0.0,0.0,0.0,0.0,0.0,0.0,0.0,0.0,0.0,0.0
4932.YIL142W,0.01360375958446698,0.000844774185406934,0.0,0.0,0.0,0.0,0.0,0.0,0.0,0.0,0.0,0.0,0.0,0.0
4932.YIL075C,0.01607717041800643,0.0013073957661889316,0.0,0.0,0.0,0.0,0.0,0.0,0.0,0.0,0.0,0.0,0.0,0.0
4932.YER136W,0.011377689834281475,0.0006152558184122941,0.0,0.0,0.0,0.0,0.0,0.0,0.0,0.0,0.0,0.0,0.0,0.0
4932.YOL049W,0.004699480583724957,0.0019632735970674373,0.0,0.0,0.0,0.0,0.0,0.0,0.0,0.0,0.0,0.0,0.0,0.0
4932.YIR038C,0.004946821667078902,0.00339881449301944,0.0,0.0,0.0,0.0,0.0,0.0,0.0,0.0,0.0,0.0,0.0,0.0
4932.YPL123C,0.007172891417264408,0.0005859108795881611,0.0,0.0,0.0,0.0,0.0,0.0,0.0,0.0,0.0,0.0,0.0,0.0
4932.YPL111W,0.023497402918624784,0.013341810743474418,0.0,0.0,0.0,0.0,0.0,0.0,0.0,0.0,0.0,0.0,0.0,0.0
4932.YBL066C,0.0007420232500618352,0.00028543051885613317,0.0,0.0,0.0,0.0,0.0,0.0,0.0,0.0,0.0,0.0,0.0,0.0
4932.YEL041W,0.03215434083601286,0.01298661596542283,0.0,0.0,0.0,0.0,0.0,0.0,0.0,0.0,0.0,0.0,0.0,0.0
4932.YPL188W,0.02918624783576552,0.013142541859262507,0.0,0.0,0.0,0.0,0.0,0.0,0.0,0.0,0.0,0.0,0.0,0.0
4932.YBL067C,0.0004946821667078902,5.6192812328924556e-42,0.0,0.0,0.0,0.0,0.0,0.0,0.0,0.0,0.0,0.0,0.0,0.0
4932.YOL087C,0.0004946821667078902,5.6192812328924556e-42,0.0,0.0,0.0,0.0,0.0,0.0,0.0,0.0,0.0,0.0,0.0,0.0
4932.YER098W,0.0004946821667078902,5.6192812328924556e-42,0.0,0.0,0.0,0.0,0.0,0.0,0.0,0.0,0.0,0.0,0.0,0.0
4932.YOR095C,0.015582488251298541,0.011995704941809678,0.0,0.0,0.0,0.0,0.0,0.0,0.0,0.0,0.0,0.0,0.0,0.0
4932.YMR105C,0.018303240168191938,0.005271843279301564,0.0,0.0,0.0,0.0,0.0,0.0,0.0,0.0,0.0,0.0,0.0,0.0
4932.YML106W,0.009398961167449914,0.0033722176375713207,0.0,0.0,0.0,0.0,0.0,0.0,0.0,0.0,0.0,0.0,0.0,0.0
4932.YMR271C,0.008656937917388079,0.003365901167645636,0.0,0.0,0.0,0.0,0.0,0.0,0.0,0.0,0.0,0.0,0.0,0.0
4932.YIL099W,0.01978728666831561,0.014471441783739226,0.0,0.0,0.0,0.0,0.0,0.0,0.0,0.0,0.0,0.0,0.0,0.0
4932.YER055C,0.0054415038337867925,0.0011301137596434932,0.0,0.0,0.0,0.0,0.0,0.0,0.0,0.0,0.0,0.0,0.0,0.0
4932.YEL021W,0.0175612169181301,0.0035572279406852455,0.0,0.0,0.0,0.0,0.0,0.0,0.0,0.0,0.0,0.0,0.0,0.0
4932.YKL127W,0.018303240168191938,0.005271843279301564,0.0,0.0,0.0,0.0,0.0,0.0,0.0,0.0,0.0,0.0,0.0,0.0
4932.YBL071W-A,0.0007420232500618352,2.5000324097720027e-06,0.0,0.0,0.0,0.0,0.0,0.0,0.0,0.0,0.0,0.0,0.0,0.0
4932.YKL191W,0.0009893643334157804,7.601806389109622e-06,0.0,0.0,0.0,0.0,0.0,0.0,0.0,0.0,0.0,0.0,0.0,0.0
4932.YIL103W,0.0009893643334157804,7.601806389109622e-06,0.0,0.0,0.0,0.0,0.0,0.0,0.0,0.0,0.0,0.0,0.0,0.0
4932.YDR385W,0.003215434083601286,0.00032717229928563407,0.0,0.0,0.0,0.0,0.0,0.0,0.0,0.0,0.0,0.0,0.0,0.0
4932.YCR047C,0.01360375958446698,0.0006133797764703733,0.0,0.0,0.0,0.0,0.0,0.0,0.0,0.0,0.0,0.0,0.0,0.0
4932.YBL074C,0.0034627751669552313,5.293228267203551e-06,0.0,0.0,0.0,0.0,0.0,0.0,0.0,0.0,0.0,0.0,0.0,0.0
4932.YDR243C,0.004452139500371012,0.0002990735963280912,0.0,0.0,0.0,0.0,0.0,0.0,0.0,0.0,0.0,0.0,0.0,0.0
4932.YHR156C,0.0034627751669552313,5.293228267203552e-06,0.0,0.0,0.0,0.0,0.0,0.0,0.0,0.0,0.0,0.0,0.0,0.0
4932.YBL076C,0.0004946821667078902,7.68516535772522e-06,0.0,0.0,0.0,0.0,0.0,0.0,0.0,0.0,0.0,0.0,0.0,0.0
4932.YPL040C,0.0002473410833539451,5.611530829901656e-08,0.0,0.0,0.0,0.0,0.0,0.0,0.0,0.0,0.0,0.0,0.0,0.0
4932.YLR360W,0.0027207519168933963,7.962752289682932e-06,0.0,0.0,0.0,0.0,0.0,0.0,0.0,0.0,0.0,0.0,0.0,0.0
4932.YJL049W,0.0054415038337867925,1.1586012555700254e-05,0.0,0.0,0.0,0.0,0.0,0.0,0.0,0.0,0.0,0.0,0.0,0.0
4932.YDL234C,0.0004946821667078902,8.169731924491295e-06,0.0,0.0,0.0,0.0,0.0,0.0,0.0,0.0,0.0,0.0,0.0,0.0
4932.YIL146C,0.0014840465001236705,2.9901330321136618e-05,0.0,0.0,0.0,0.0,0.0,0.0,0.0,0.0,0.0,0.0,0.0,0.0
4932.YKL002W,0.005936186000494682,0.0001240670736419958,0.0,0.0,0.0,0.0,0.0,0.0,0.0,0.0,0.0,0.0,0.0,0.0
4932.YMR077C,0.0054415038337867925,1.1586012555700254e-05,0.0,0.0,0.0,0.0,0.0,0.0,0.0,0.0,0.0,0.0,0.0,0.0
4932.YHR171W,0.005688844917140738,0.001378849852130699,0.0,0.0,0.0,0.0,0.0,0.0,0.0,0.0,0.0,0.0,0.0,0.0
4932.YNR007C,0.0054415038337867925,5.1430155561665173e-05,0.0,0.0,0.0,0.0,0.0,0.0,0.0,0.0,0.0,0.0,0.0,0.0
4932.YPL120W,0.007172891417264408,0.00014006843149001302,0.0,0.0,0.0,0.0,0.0,0.0,0.0,0.0,0.0,0.0,0.0,0.0
4932.YNL223W,0.0002473410833539451,1.4584230444661846e-07,0.0,0.0,0.0,0.0,0.0,0.0,0.0,0.0,0.0,0.0,0.0,0.0
4932.YLR025W,0.006430868167202572,6.804250044704604e-05,0.0,0.0,0.0,0.0,0.0,0.0,0.0,0.0,0.0,0.0,0.0,0.0
4932.YLR240W,0.01063566658421964,0.00025377878799830416,0.0,0.0,0.0,0.0,0.0,0.0,0.0,0.0,0.0,0.0,0.0,0.0
4932.YKL041W,0.0054415038337867925,1.1586012555700254e-05,0.0,0.0,0.0,0.0,0.0,0.0,0.0,0.0,0.0,0.0,0.0,0.0
4932.YFR021W,0.004699480583724957,1.8952574450991906e-05,0.0,0.0,0.0,0.0,0.0,0.0,0.0,0.0,0.0,0.0,0.0,0.0
4932.YBL079W,0.0009893643334157804,0.0005968982397807148,0.0,0.0,0.0,0.0,0.0,0.0,0.0,0.0,0.0,0.0,0.0,0.0
4932.YJL039C,0.0009893643334157804,0.0006003084930374781,0.0,0.0,0.0,0.0,0.0,0.0,0.0,0.0,0.0,0.0,0.0,0.0
4932.YER105C,0.0009893643334157804,0.0005968982397807148,0.0,0.0,0.0,0.0,0.0,0.0,0.0,0.0,0.0,0.0,0.0,0.0
4932.YDL203C,0.0012367054167697256,0.000249829455279449,0.0,0.0,0.0,0.0,0.0,0.0,0.0,0.0,0.0,0.0,0.0,0.0
4932.YHR189W,0.004204798417017067,0.0014712726627095448,0.0,0.0,0.0,0.0,0.0,0.0,0.0,0.0,0.0,0.0,0.0,0.0
4932.YGR102C,0.0007420232500618352,0.0001808336471187524,0.0,0.0,0.0,0.0,0.0,0.0,0.0,0.0,0.0,0.0,0.0,0.0
4932.YCR024C,0.006430868167202572,0.0034090791130539696,0.0,0.0,0.0,0.0,0.0,0.0,0.0,0.0,0.0,0.0,0.0,0.0
4932.YIL020C,0.006183527083848627,0.002121668154571606,0.0,0.0,0.0,0.0,0.0,0.0,0.0,0.0,0.0,0.0,0.0,0.0
4932.YOR168W,0.006430868167202572,0.0017284638323687102,0.0,0.0,0.0,0.0,0.0,0.0,0.0,0.0,0.0,0.0,0.0,0.0
4932.YFR015C,0.02176601533514717,0.009428241152621428,0.0,0.0,0.0,0.0,0.0,0.0,0.0,0.0,0.0,0.0,0.0,0.0
4932.YHR019C,0.006925550333910463,0.0036219076796052234,0.0,0.0,0.0,0.0,0.0,0.0,0.0,0.0,0.0,0.0,0.0,0.0
4932.YER087W,0.002226069750185506,0.0011352053925863003,0.0,0.0,0.0,0.0,0.0,0.0,0.0,0.0,0.0,0.0,0.0,0.0
4932.YOL114C,0.002473410833539451,0.0011471213685796719,0.0,0.0,0.0,0.0,0.0,0.0,0.0,0.0,0.0,0.0,0.0,0.0
4932.YER096W,0.0012367054167697256,0.000249829455279449,0.0,0.0,0.0,0.0,0.0,0.0,0.0,0.0,0.0,0.0,0.0,0.0
4932.YNL073W,0.002473410833539451,0.001144590596775597,0.0,0.0,0.0,0.0,0.0,0.0,0.0,0.0,0.0,0.0,0.0,0.0
4932.YHR020W,0.0027207519168933963,0.001164571400945916,0.0,0.0,0.0,0.0,0.0,0.0,0.0,0.0,0.0,0.0,0.0,0.0
4932.YJL189W,0.01310907741775909,0.0016864561333216044,0.0,0.0,0.0,0.0,0.0,0.0,0.0,0.0,0.0,0.0,0.0,0.0
4932.YDR037W,0.002473410833539451,0.001144590596775597,0.0,0.0,0.0,0.0,0.0,0.0,0.0,0.0,0.0,0.0,0.0,0.0
4932.YLL018C,0.007420232500618353,0.0037149770236846185,0.0,0.0,0.0,0.0,0.0,0.0,0.0,0.0,0.0,0.0,0.0,0.0
4932.YML097C,0.002473410833539451,0.0005016261126513938,0.0,0.0,0.0,0.0,0.0,0.0,0.0,0.0,0.0,0.0,0.0,0.0
4932.YPL070W,0.0017313875834776156,0.00026965032057245445,0.0,0.0,0.0,0.0,0.0,0.0,0.0,0.0,0.0,0.0,0.0,0.0
4932.YLR207W,0.004699480583724957,0.00028457124298224615,0.0,0.0,0.0,0.0,0.0,0.0,0.0,0.0,0.0,0.0,0.0,0.0
4932.YBL082C,0.004699480583724957,0.0013948328033942812,0.0,0.0,0.0,0.0,0.0,0.0,0.0,0.0,0.0,0.0,0.0,0.0
4932.YPL175W,0.01855058125154588,0.008652810533376945,0.0,0.0,0.0,0.0,0.0,0.0,0.0,0.0,0.0,0.0,0.0,0.0
4932.YJR013W,0.0017313875834776156,0.000449597513539248,0.0,0.0,0.0,0.0,0.0,0.0,0.0,0.0,0.0,0.0,0.0,0.0
4932.YBR098W,0.021023992085085333,0.009720640157279374,0.0,0.0,0.0,0.0,0.0,0.0,0.0,0.0,0.0,0.0,0.0,0.0
4932.YLR258W,0.02226069750185506,0.010209505027784576,0.0,0.0,0.0,0.0,0.0,0.0,0.0,0.0,0.0,0.0,0.0,0.0
4932.YOR002W,0.004204798417017067,0.0014587636788042553,0.0,0.0,0.0,0.0,0.0,0.0,0.0,0.0,0.0,0.0,0.0,0.0
4932.YGL142C,0.001978728666831561,0.00042592974215484303,0.0,0.0,0.0,0.0,0.0,0.0,0.0,0.0,0.0,0.0,0.0,0.0
4932.YNL219C,0.0007420232500618352,2.9674228954631567e-05,0.0,0.0,0.0,0.0,0.0,0.0,0.0,0.0,0.0,0.0,0.0,0.0
4932.YGL065C,0.0202819688350235,0.008519339091969341,0.0,0.0,0.0,0.0,0.0,0.0,0.0,0.0,0.0,0.0,0.0,0.0
4932.YJL030W,0.004204798417017067,0.0001800704738274987,0.0,0.0,0.0,0.0,0.0,0.0,0.0,0.0,0.0,0.0,0.0,0.0
4932.YMR119W,0.006183527083848627,0.0010840381124376708,0.0,0.0,0.0,0.0,0.0,0.0,0.0,0.0,0.0,0.0,0.0,0.0
4932.YHR166C,0.008656937917388079,0.0010672725801571812,0.0,0.0,0.0,0.0,0.0,0.0,0.0,0.0,0.0,0.0,0.0,0.0
4932.YGL086W,0.0037101162503091764,0.00017733275901666974,0.0,0.0,0.0,0.0,0.0,0.0,0.0,0.0,0.0,0.0,0.0,0.0
4932.YDR118W,0.008409596834034134,0.000963622996514734,0.0,0.0,0.0,0.0,0.0,0.0,0.0,0.0,0.0,0.0,0.0,0.0
4932.YJL013C,0.0037101162503091764,0.00017862900940726436,0.0,0.0,0.0,0.0,0.0,0.0,0.0,0.0,0.0,0.0,0.0,0.0
4932.YMR001C,0.006430868167202572,0.00019873842926639292,0.0,0.0,0.0,0.0,0.0,0.0,0.0,0.0,0.0,0.0,0.0,0.0
4932.YOR026W,0.003957457333663122,0.00017878475980761778,0.0,0.0,0.0,0.0,0.0,0.0,0.0,0.0,0.0,0.0,0.0,0.0
4932.YER116C,0.005688844917140738,0.0009475351722527942,0.0,0.0,0.0,0.0,0.0,0.0,0.0,0.0,0.0,0.0,0.0,0.0
4932.YNL172W,0.008409596834034134,0.000963622996514734,0.0,0.0,0.0,0.0,0.0,0.0,0.0,0.0,0.0,0.0,0.0,0.0
4932.YDR260C,0.008409596834034134,0.000963622996514734,0.0,0.0,0.0,0.0,0.0,0.0,0.0,0.0,0.0,0.0,0.0,0.0
4932.YLR127C,0.008409596834034134,0.000963622996514734,0.0,0.0,0.0,0.0,0.0,0.0,0.0,0.0,0.0,0.0,0.0,0.0
4932.YKL022C,0.008409596834034134,0.000963622996514734,0.0,0.0,0.0,0.0,0.0,0.0,0.0,0.0,0.0,0.0,0.0,0.0
4932.YDL008W,0.008409596834034134,0.000963622996514734,0.0,0.0,0.0,0.0,0.0,0.0,0.0,0.0,0.0,0.0,0.0,0.0
4932.YDR113C,0.003957457333663122,0.00019450225343752212,0.0,0.0,0.0,0.0,0.0,0.0,0.0,0.0,0.0,0.0,0.0,0.0
4932.YNL008C,0.006183527083848627,0.0010840381124376708,0.0,0.0,0.0,0.0,0.0,0.0,0.0,0.0,0.0,0.0,0.0,0.0
4932.YFR036W,0.008409596834034134,0.0009636229965147338,0.0,0.0,0.0,0.0,0.0,0.0,0.0,0.0,0.0,0.0,0.0,0.0
4932.YHR184W,0.0034627751669552313,0.0003384113413678992,0.0,0.0,0.0,0.0,0.0,0.0,0.0,0.0,0.0,0.0,0.0,0.0
4932.YOR249C,0.008409596834034134,0.0009636229965147338,0.0,0.0,0.0,0.0,0.0,0.0,0.0,0.0,0.0,0.0,0.0,0.0
4932.YIR025W,0.005688844917140738,0.0009475351722527942,0.0,0.0,0.0,0.0,0.0,0.0,0.0,0.0,0.0,0.0,0.0,0.0
4932.YNL159C,0.005688844917140738,0.0009475351722527942,0.0,0.0,0.0,0.0,0.0,0.0,0.0,0.0,0.0,0.0,0.0,0.0
4932.YIL046W,0.006925550333910463,0.0009547823716815951,0.0,0.0,0.0,0.0,0.0,0.0,0.0,0.0,0.0,0.0,0.0,0.0
4932.YGL240W,0.008409596834034134,0.0009636229965147338,0.0,0.0,0.0,0.0,0.0,0.0,0.0,0.0,0.0,0.0,0.0,0.0
4932.YLR102C,0.008409596834034134,0.0009636229965147338,0.0,0.0,0.0,0.0,0.0,0.0,0.0,0.0,0.0,0.0,0.0,0.0
4932.YBL086C,0.0002473410833539451,0.0001630408462960291,0.0,0.0,0.0,0.0,0.0,0.0,0.0,0.0,0.0,0.0,0.0,0.0
4932.YBL087C,0.0012367054167697256,0.0004331017995777887,0.0,0.0,0.0,0.0,0.0,0.0,0.0,0.0,0.0,0.0,0.0,0.0
4932.YBL088C,0.0017313875834776156,2.9040079610330267e-05,0.0,0.0,0.0,0.0,0.0,0.0,0.0,0.0,0.0,0.0,0.0,0.0
4932.YOR244W,0.008162255750680188,2.5135507671101476e-05,0.0,0.0,0.0,0.0,0.0,0.0,0.0,0.0,0.0,0.0,0.0,0.0
4932.YDL122W,0.0004946821667078902,2.2738075671267356e-05,0.0,0.0,0.0,0.0,0.0,0.0,0.0,0.0,0.0,0.0,0.0,0.0
4932.YMR224C,0.0014840465001236705,1.4015556173240567e-05,0.0,0.0,0.0,0.0,0.0,0.0,0.0,0.0,0.0,0.0,0.0,0.0
4932.YDR208W,0.005194162750432847,3.5969914073809585e-05,0.0,0.0,0.0,0.0,0.0,0.0,0.0,0.0,0.0,0.0,0.0,0.0
4932.YNL250W,0.003957457333663122,0.0005403867571525551,0.0,0.0,0.0,0.0,0.0,0.0,0.0,0.0,0.0,0.0,0.0,0.0
4932.YDR244W,0.008162255750680188,0.0030850210369046823,0.0,0.0,0.0,0.0,0.0,0.0,0.0,0.0,0.0,0.0,0.0,0.0
4932.YBL089W,0.0012367054167697256,0.0013734854749664265,0.0,0.0,0.0,0.0,0.0,0.0,0.0,0.0,0.0,0.0,0.0,0.0
4932.YFR047C,0.006430868167202572,0.0011016659534996431,0.0,0.0,0.0,0.0,0.0,0.0,0.0,0.0,0.0,0.0,0.0,0.0
4932.YBL091C,0.0007420232500618352,1.4176637328209502e-06,0.0,0.0,0.0,0.0,0.0,0.0,0.0,0.0,0.0,0.0,0.0,0.0
4932.YLR244C,0.0007420232500618352,1.4176637328209502e-06,0.0,0.0,0.0,0.0,0.0,0.0,0.0,0.0,0.0,0.0,0.0,0.0
4932.YOR253W,0.002968093000247341,0.0001919619356092224,0.0,0.0,0.0,0.0,0.0,0.0,0.0,0.0,0.0,0.0,0.0,0.0
4932.YHR005C,0.002473410833539451,7.321277372439861e-07,0.0,0.0,0.0,0.0,0.0,0.0,0.0,0.0,0.0,0.0,0.0,0.0
4932.YBL092W,0.007172891417264408,4.7148492554821985e-05,0.0,0.0,0.0,0.0,0.0,0.0,0.0,0.0,0.0,0.0,0.0,0.0
4932.YLR325C,0.007172891417264408,4.7148492554821985e-05,0.0,0.0,0.0,0.0,0.0,0.0,0.0,0.0,0.0,0.0,0.0,0.0
4932.YGL076C,0.007667573583972298,4.875266459540037e-05,0.0,0.0,0.0,0.0,0.0,0.0,0.0,0.0,0.0,0.0,0.0,0.0
4932.YMR142C,0.007420232500618353,4.722862906704051e-05,0.0,0.0,0.0,0.0,0.0,0.0,0.0,0.0,0.0,0.0,0.0,0.0
4932.YPL249C-A,0.007420232500618353,4.722862906704051e-05,0.0,0.0,0.0,0.0,0.0,0.0,0.0,0.0,0.0,0.0,0.0,0.0
4932.YLR075W,0.007172891417264408,4.7148492554821985e-05,0.0,0.0,0.0,0.0,0.0,0.0,0.0,0.0,0.0,0.0,0.0,0.0
4932.YFR032C-A,0.007172891417264408,4.7148492554821985e-05,0.0,0.0,0.0,0.0,0.0,0.0,0.0,0.0,0.0,0.0,0.0,0.0
4932.YNL067W,0.007420232500618353,4.722862906704051e-05,0.0,0.0,0.0,0.0,0.0,0.0,0.0,0.0,0.0,0.0,0.0,0.0
4932.YLL045C,0.007420232500618353,4.722862906704051e-05,0.0,0.0,0.0,0.0,0.0,0.0,0.0,0.0,0.0,0.0,0.0,0.0
4932.YHL001W,0.007420232500618353,4.722862906704051e-05,0.0,0.0,0.0,0.0,0.0,0.0,0.0,0.0,0.0,0.0,0.0,0.0
4932.YPL131W,0.007420232500618353,0.00015401484562879304,0.0,0.0,0.0,0.0,0.0,0.0,0.0,0.0,0.0,0.0,0.0,0.0
4932.YGL103W,0.007172891417264408,4.7148492554821985e-05,0.0,0.0,0.0,0.0,0.0,0.0,0.0,0.0,0.0,0.0,0.0,0.0
4932.YPL143W,0.007420232500618353,4.722862906704051e-05,0.0,0.0,0.0,0.0,0.0,0.0,0.0,0.0,0.0,0.0,0.0,0.0
4932.YDR382W,0.007172891417264408,4.7148492554821985e-05,0.0,0.0,0.0,0.0,0.0,0.0,0.0,0.0,0.0,0.0,0.0,0.0
4932.YGL030W,0.007172891417264408,4.7148492554821985e-05,0.0,0.0,0.0,0.0,0.0,0.0,0.0,0.0,0.0,0.0,0.0,0.0
4932.YBR191W,0.007420232500618353,4.722862906704051e-05,0.0,0.0,0.0,0.0,0.0,0.0,0.0,0.0,0.0,0.0,0.0,0.0
4932.YLR406C,0.007420232500618353,4.722862906704051e-05,0.0,0.0,0.0,0.0,0.0,0.0,0.0,0.0,0.0,0.0,0.0,0.0
4932.YGL031C,0.007667573583972298,4.875266459540037e-05,0.0,0.0,0.0,0.0,0.0,0.0,0.0,0.0,0.0,0.0,0.0,0.0
4932.YHR010W,0.007420232500618353,4.8737405055031384e-05,0.0,0.0,0.0,0.0,0.0,0.0,0.0,0.0,0.0,0.0,0.0,0.0
4932.YDL081C,0.006430868167202572,3.67858802766231e-05,0.0,0.0,0.0,0.0,0.0,0.0,0.0,0.0,0.0,0.0,0.0,0.0
4932.YIL133C,0.007172891417264408,4.6724567052347185e-05,0.0,0.0,0.0,0.0,0.0,0.0,0.0,0.0,0.0,0.0,0.0,0.0
4932.YBL093C,0.006678209250556517,0.0008258952244784341,0.0,0.0,0.0,0.0,0.0,0.0,0.0,0.0,0.0,0.0,0.0,0.0
4932.YHR041C,0.006678209250556517,0.0008258952244784341,0.0,0.0,0.0,0.0,0.0,0.0,0.0,0.0,0.0,0.0,0.0,0.0
4932.YMR112C,0.006678209250556517,0.0008258952244784341,0.0,0.0,0.0,0.0,0.0,0.0,0.0,0.0,0.0,0.0,0.0,0.0
4932.YDR308C,0.006678209250556517,0.0008258952244784341,0.0,0.0,0.0,0.0,0.0,0.0,0.0,0.0,0.0,0.0,0.0,0.0
4932.YNL025C,0.006678209250556517,0.0008258952244784341,0.0,0.0,0.0,0.0,0.0,0.0,0.0,0.0,0.0,0.0,0.0,0.0
4932.YNL236W,0.009893643334157804,0.0010747325778008951,0.0,0.0,0.0,0.0,0.0,0.0,0.0,0.0,0.0,0.0,0.0,0.0
4932.YER022W,0.006678209250556517,0.0008258952244784341,0.0,0.0,0.0,0.0,0.0,0.0,0.0,0.0,0.0,0.0,0.0,0.0
4932.YDL005C,0.006678209250556517,0.0008258952244784341,0.0,0.0,0.0,0.0,0.0,0.0,0.0,0.0,0.0,0.0,0.0,0.0
4932.YOL135C,0.006678209250556517,0.0008258952244784341,0.0,0.0,0.0,0.0,0.0,0.0,0.0,0.0,0.0,0.0,0.0,0.0
4932.YPR070W,0.006678209250556517,0.0008258952244784341,0.0,0.0,0.0,0.0,0.0,0.0,0.0,0.0,0.0,0.0,0.0,0.0
4932.YPR168W,0.006678209250556517,0.0008258952244784341,0.0,0.0,0.0,0.0,0.0,0.0,0.0,0.0,0.0,0.0,0.0,0.0
4932.YFL029C,0.007420232500618353,0.0008294087002438895,0.0,0.0,0.0,0.0,0.0,0.0,0.0,0.0,0.0,0.0,0.0,0.0
4932.YOR174W,0.006678209250556517,0.0008258952244784341,0.0,0.0,0.0,0.0,0.0,0.0,0.0,0.0,0.0,0.0,0.0,0.0
4932.YBR193C,0.008409596834034134,0.0019606922133753773,0.0,0.0,0.0,0.0,0.0,0.0,0.0,0.0,0.0,0.0,0.0,0.0
4932.YGL025C,0.006925550333910463,0.0009877542041459206,0.0,0.0,0.0,0.0,0.0,0.0,0.0,0.0,0.0,0.0,0.0,0.0
4932.YHR058C,0.006678209250556517,0.0008258952244784341,0.0,0.0,0.0,0.0,0.0,0.0,0.0,0.0,0.0,0.0,0.0,0.0
4932.YNR010W,0.006678209250556517,0.0008258952244784341,0.0,0.0,0.0,0.0,0.0,0.0,0.0,0.0,0.0,0.0,0.0,0.0
4932.YOL051W,0.006678209250556517,0.0008258952244784341,0.0,0.0,0.0,0.0,0.0,0.0,0.0,0.0,0.0,0.0,0.0,0.0
4932.YGL127C,0.006678209250556517,0.0008258952244784341,0.0,0.0,0.0,0.0,0.0,0.0,0.0,0.0,0.0,0.0,0.0,0.0
4932.YGR104C,0.006678209250556517,0.0008258952244784341,0.0,0.0,0.0,0.0,0.0,0.0,0.0,0.0,0.0,0.0,0.0,0.0
4932.YPL042C,0.006678209250556517,0.0008258952244784341,0.0,0.0,0.0,0.0,0.0,0.0,0.0,0.0,0.0,0.0,0.0,0.0
4932.YBR253W,0.006678209250556517,0.0008258952244784341,0.0,0.0,0.0,0.0,0.0,0.0,0.0,0.0,0.0,0.0,0.0,0.0
4932.YCR081W,0.006678209250556517,0.0008258952244784341,0.0,0.0,0.0,0.0,0.0,0.0,0.0,0.0,0.0,0.0,0.0,0.0
4932.YLR071C,0.006678209250556517,0.0008258952244784341,0.0,0.0,0.0,0.0,0.0,0.0,0.0,0.0,0.0,0.0,0.0,0.0
4932.YDR443C,0.006925550333910463,0.0009877542041459206,0.0,0.0,0.0,0.0,0.0,0.0,0.0,0.0,0.0,0.0,0.0,0.0
4932.YBL095W,0.0004946821667078902,0.0008305553540237291,0.0,0.0,0.0,0.0,0.0,0.0,0.0,0.0,0.0,0.0,0.0,0.0
4932.YBL097W,0.0017313875834776156,3.5977634445542914e-05,0.0,0.0,0.0,0.0,0.0,0.0,0.0,0.0,0.0,0.0,0.0,0.0
4932.YLR272C,0.0017313875834776156,3.5977634445542914e-05,0.0,0.0,0.0,0.0,0.0,0.0,0.0,0.0,0.0,0.0,0.0,0.0
4932.YDR325W,0.0017313875834776156,3.5977634445542914e-05,0.0,0.0,0.0,0.0,0.0,0.0,0.0,0.0,0.0,0.0,0.0,0.0
4932.YDL130W-A,0.015335147167944596,0.011837917351314857,0.0,0.0,0.0,0.0,0.0,0.0,0.0,0.0,0.0,0.0,0.0,0.0
4932.YNL169C,0.004946821667078902,0.0033931854355400796,0.0,0.0,0.0,0.0,0.0,0.0,0.0,0.0,0.0,0.0,0.0,0.0
4932.YML110C,0.003215434083601286,0.0032458501156171085,0.0,0.0,0.0,0.0,0.0,0.0,0.0,0.0,0.0,0.0,0.0,0.0
4932.YHR190W,0.008904279000742024,0.007345342334972708,0.0,0.0,0.0,0.0,0.0,0.0,0.0,0.0,0.0,0.0,0.0,0.0
4932.YDR539W,0.011377689834281475,0.015624172086414397,0.0,0.0,0.0,0.0,0.0,0.0,0.0,0.0,0.0,0.0,0.0,0.0
4932.YDR428C,0.0037101162503091764,0.002317782705468624,0.0,0.0,0.0,0.0,0.0,0.0,0.0,0.0,0.0,0.0,0.0,0.0
4932.YJR096W,0.01162503091763542,0.015108820571976257,0.0,0.0,0.0,0.0,0.0,0.0,0.0,0.0,0.0,0.0,0.0,0.0
4932.YDL170W,0.006430868167202572,0.006013489179287257,0.0,0.0,0.0,0.0,0.0,0.0,0.0,0.0,0.0,0.0,0.0,0.0
4932.YGR170W,0.004946821667078902,0.0033931854355400796,0.0,0.0,0.0,0.0,0.0,0.0,0.0,0.0,0.0,0.0,0.0,0.0
4932.YDL181W,0.015335147167944596,0.011837917351314857,0.0,0.0,0.0,0.0,0.0,0.0,0.0,0.0,0.0,0.0,0.0,0.0
4932.YGR208W,0.020034627751669552,0.011336448621143767,0.0,0.0,0.0,0.0,0.0,0.0,0.0,0.0,0.0,0.0,0.0,0.0
4932.YLR231C,0.005194162750432847,0.0049138860592689414,0.0,0.0,0.0,0.0,0.0,0.0,0.0,0.0,0.0,0.0,0.0,0.0
4932.YOL008W,0.003957457333663122,0.004990777110300932,0.0,0.0,0.0,0.0,0.0,0.0,0.0,0.0,0.0,0.0,0.0,0.0
4932.YIR030C,0.006430868167202572,0.006027000722296564,0.0,0.0,0.0,0.0,0.0,0.0,0.0,0.0,0.0,0.0,0.0,0.0
4932.YHR072W,0.010388325500865695,0.017951477188814808,0.0,0.0,0.0,0.0,0.0,0.0,0.0,0.0,0.0,0.0,0.0,0.0
4932.YLR266C,0.0004946821667078902,0.00039614963778563723,0.0,0.0,0.0,0.0,0.0,0.0,0.0,0.0,0.0,0.0,0.0,0.0
4932.YHR176W,0.015335147167944596,0.011837917351314857,0.0,0.0,0.0,0.0,0.0,0.0,0.0,0.0,0.0,0.0,0.0,0.0
4932.YDR538W,0.008162255750680188,0.012757815969227728,0.0,0.0,0.0,0.0,0.0,0.0,0.0,0.0,0.0,0.0,0.0,0.0
4932.YCR107W,0.008162255750680188,0.011484282308036622,0.0,0.0,0.0,0.0,0.0,0.0,0.0,0.0,0.0,0.0,0.0,0.0
4932.YHR032W,0.003957457333663122,0.0038361025901725316,0.0,0.0,0.0,0.0,0.0,0.0,0.0,0.0,0.0,0.0,0.0,0.0
4932.YJR008W,0.006678209250556517,0.011838526577810073,0.0,0.0,0.0,0.0,0.0,0.0,0.0,0.0,0.0,0.0,0.0,0.0
4932.YHL021C,0.012861736334405145,0.020092730816022114,0.0,0.0,0.0,0.0,0.0,0.0,0.0,0.0,0.0,0.0,0.0,0.0
4932.YDR338C,0.003957457333663122,0.0038361025901725316,0.0,0.0,0.0,0.0,0.0,0.0,0.0,0.0,0.0,0.0,0.0,0.0
4932.YGR263C,0.007914914667326243,0.00816253691354785,0.0,0.0,0.0,0.0,0.0,0.0,0.0,0.0,0.0,0.0,0.0,0.0
4932.YKL080W,0.007667573583972298,0.001022777121163861,0.0,0.0,0.0,0.0,0.0,0.0,0.0,0.0,0.0,0.0,0.0,0.0
4932.YHR039C-A,0.007667573583972298,0.001022777121163861,0.0,0.0,0.0,0.0,0.0,0.0,0.0,0.0,0.0,0.0,0.0,0.0
4932.YBL103C,0.0009893643334157804,1.2897970918270788e-06,0.0,0.0,0.0,0.0,0.0,0.0,0.0,0.0,0.0,0.0,0.0,0.0
4932.YOR156C,0.001978728666831561,2.704365724686889e-06,0.0,0.0,0.0,0.0,0.0,0.0,0.0,0.0,0.0,0.0,0.0,0.0
4932.YDR409W,0.001978728666831561,2.704365724686889e-06,0.0,0.0,0.0,0.0,0.0,0.0,0.0,0.0,0.0,0.0,0.0,0.0
4932.YDR510W,0.009151620084095969,8.562115572894584e-05,0.0,0.0,0.0,0.0,0.0,0.0,0.0,0.0,0.0,0.0,0.0,0.0
4932.YDL064W,0.008656937917388079,8.507315731399227e-05,0.0,0.0,0.0,0.0,0.0,0.0,0.0,0.0,0.0,0.0,0.0,0.0
4932.YBL104C,0.0017313875834776156,1.0704335121810797e-06,0.0,0.0,0.0,0.0,0.0,0.0,0.0,0.0,0.0,0.0,0.0,0.0
4932.YJR138W,0.0017313875834776156,1.0704335121810797e-06,0.0,0.0,0.0,0.0,0.0,0.0,0.0,0.0,0.0,0.0,0.0,0.0
4932.YLR208W,0.008409596834034134,7.573695074633639e-05,0.0,0.0,0.0,0.0,0.0,0.0,0.0,0.0,0.0,0.0,0.0,0.0
4932.YGL100W,0.0034627751669552313,6.550959518137898e-05,0.0,0.0,0.0,0.0,0.0,0.0,0.0,0.0,0.0,0.0,0.0,0.0
4932.YDR128W,0.0017313875834776156,1.0704335121810797e-06,0.0,0.0,0.0,0.0,0.0,0.0,0.0,0.0,0.0,0.0,0.0,0.0
4932.YHL023C,0.0017313875834776156,1.0704335121810797e-06,0.0,0.0,0.0,0.0,0.0,0.0,0.0,0.0,0.0,0.0,0.0,0.0
4932.YOL138C,0.0017313875834776156,1.0704335121810797e-06,0.0,0.0,0.0,0.0,0.0,0.0,0.0,0.0,0.0,0.0,0.0,0.0
4932.YEL062W,0.0017313875834776156,1.0704335121810797e-06,0.0,0.0,0.0,0.0,0.0,0.0,0.0,0.0,0.0,0.0,0.0,0.0
4932.YJR126C,0.008904279000742024,0.0013582515552898829,0.0,0.0,0.0,0.0,0.0,0.0,0.0,0.0,0.0,0.0,0.0,0.0
4932.YDR164C,0.002226069750185506,1.9610037547336226e-05,0.0,0.0,0.0,0.0,0.0,0.0,0.0,0.0,0.0,0.0,0.0,0.0
4932.YIL070C,0.0027207519168933963,9.271612890769219e-05,0.0,0.0,0.0,0.0,0.0,0.0,0.0,0.0,0.0,0.0,0.0,0.0
4932.YJL201W,0.007420232500618353,0.00015096528454334996,0.0,0.0,0.0,0.0,0.0,0.0,0.0,0.0,0.0,0.0,0.0,0.0
4932.YPL268W,0.004452139500371012,0.00017764669543988054,0.0,0.0,0.0,0.0,0.0,0.0,0.0,0.0,0.0,0.0,0.0,0.0
4932.YJL095W,0.00964630225080386,0.0007340054377165409,0.0,0.0,0.0,0.0,0.0,0.0,0.0,0.0,0.0,0.0,0.0,0.0
4932.YDR490C,0.0007420232500618352,5.7740318651545166e-06,0.0,0.0,0.0,0.0,0.0,0.0,0.0,0.0,0.0,0.0,0.0,0.0
4932.YOL100W,0.001978728666831561,2.938343375375882e-05,0.0,0.0,0.0,0.0,0.0,0.0,0.0,0.0,0.0,0.0,0.0,0.0
4932.YDR466W,0.0007420232500618352,5.7740318651545166e-06,0.0,0.0,0.0,0.0,0.0,0.0,0.0,0.0,0.0,0.0,0.0,0.0
4932.YJR017C,0.0009893643334157804,9.288007383484451e-05,0.0,0.0,0.0,0.0,0.0,0.0,0.0,0.0,0.0,0.0,0.0,0.0
4932.YLR260W,0.027454860252287907,0.009439740807024912,0.0,0.0,0.0,0.0,0.0,0.0,0.0,0.0,0.0,0.0,0.0,0.0
4932.YBR001C,0.0037101162503091764,0.0007808316135817147,0.0,0.0,0.0,0.0,0.0,0.0,0.0,0.0,0.0,0.0,0.0,0.0
4932.YLR446W,0.011872372000989364,0.005181771343828665,0.0,0.0,0.0,0.0,0.0,0.0,0.0,0.0,0.0,0.0,0.0,0.0
4932.YCL040W,0.012367054167697254,0.005430625346032743,0.0,0.0,0.0,0.0,0.0,0.0,0.0,0.0,0.0,0.0,0.0,0.0
4932.YGL253W,0.012119713084343309,0.005414075595993049,0.0,0.0,0.0,0.0,0.0,0.0,0.0,0.0,0.0,0.0,0.0,0.0
4932.YMR261C,0.007667573583972298,0.0024535434501569433,0.0,0.0,0.0,0.0,0.0,0.0,0.0,0.0,0.0,0.0,0.0,0.0
4932.YBR019C,0.010388325500865695,0.003799824111147711,0.0,0.0,0.0,0.0,0.0,0.0,0.0,0.0,0.0,0.0,0.0,0.0
4932.YFR053C,0.012367054167697254,0.005430625346032743,0.0,0.0,0.0,0.0,0.0,0.0,0.0,0.0,0.0,0.0,0.0,0.0
4932.YML100W,0.007667573583972298,0.0024535434501569433,0.0,0.0,0.0,0.0,0.0,0.0,0.0,0.0,0.0,0.0,0.0,0.0
4932.YPR026W,0.007172891417264408,0.002283092785777346,0.0,0.0,0.0,0.0,0.0,0.0,0.0,0.0,0.0,0.0,0.0,0.0
4932.YHR210C,0.0017313875834776156,0.00013586414755787618,0.0,0.0,0.0,0.0,0.0,0.0,0.0,0.0,0.0,0.0,0.0,0.0
4932.YDR516C,0.012367054167697254,0.005430625346032743,0.0,0.0,0.0,0.0,0.0,0.0,0.0,0.0,0.0,0.0,0.0,0.0
4932.YDR074W,0.007667573583972298,0.0024535434501569433,0.0,0.0,0.0,0.0,0.0,0.0,0.0,0.0,0.0,0.0,0.0,0.0
4932.YDR001C,0.0037101162503091764,0.0007808316135817147,0.0,0.0,0.0,0.0,0.0,0.0,0.0,0.0,0.0,0.0,0.0,0.0
4932.YNR071C,0.0017313875834776156,0.00013586414755787618,0.0,0.0,0.0,0.0,0.0,0.0,0.0,0.0,0.0,0.0,0.0,0.0
4932.YBR002C,0.008409596834034134,0.0016803183734953936,0.0,0.0,0.0,0.0,0.0,0.0,0.0,0.0,0.0,0.0,0.0,0.0
4932.YDL193W,0.007420232500618353,0.0016403524060968023,0.0,0.0,0.0,0.0,0.0,0.0,0.0,0.0,0.0,0.0,0.0,0.0
4932.YPL244C,0.0014840465001236705,0.00024724204508011797,0.0,0.0,0.0,0.0,0.0,0.0,0.0,0.0,0.0,0.0,0.0,0.0
4932.YBR003W,0.009398961167449914,0.0022157037292242893,0.0,0.0,0.0,0.0,0.0,0.0,0.0,0.0,0.0,0.0,0.0,0.0
4932.YPR176C,0.005688844917140738,0.00044685114160064566,0.0,0.0,0.0,0.0,0.0,0.0,0.0,0.0,0.0,0.0,0.0,0.0
4932.YDL090C,0.002968093000247341,0.00015886669525076445,0.0,0.0,0.0,0.0,0.0,0.0,0.0,0.0,0.0,0.0,0.0,0.0
4932.YMR101C,0.007914914667326243,0.001672110018747851,0.0,0.0,0.0,0.0,0.0,0.0,0.0,0.0,0.0,0.0,0.0,0.0
4932.YKR053C,0.010388325500865695,0.002904059151023455,0.0,0.0,0.0,0.0,0.0,0.0,0.0,0.0,0.0,0.0,0.0,0.0
4932.YML038C,0.0014840465001236705,0.0008816594614254507,0.0,0.0,0.0,0.0,0.0,0.0,0.0,0.0,0.0,0.0,0.0,0.0
4932.YJL134W,0.01063566658421964,0.0030135767611386985,0.0,0.0,0.0,0.0,0.0,0.0,0.0,0.0,0.0,0.0,0.0,0.0
4932.YGR036C,0.012119713084343309,0.0030762433492717888,0.0,0.0,0.0,0.0,0.0,0.0,0.0,0.0,0.0,0.0,0.0,0.0
4932.YHR060W,0.009151620084095969,0.0025600967401166867,0.0,0.0,0.0,0.0,0.0,0.0,0.0,0.0,0.0,0.0,0.0,0.0
4932.YML018C,0.0012367054167697256,0.00023502649458146248,0.0,0.0,0.0,0.0,0.0,0.0,0.0,0.0,0.0,0.0,0.0,0.0
4932.YKL019W,0.0027207519168933963,0.00014824958992571663,0.0,0.0,0.0,0.0,0.0,0.0,0.0,0.0,0.0,0.0,0.0,0.0
4932.YOR274W,0.0007420232500618352,5.6865035273986625e-05,0.0,0.0,0.0,0.0,0.0,0.0,0.0,0.0,0.0,0.0,0.0,0.0
4932.YJL172W,0.011872372000989364,0.005633269116187423,0.0,0.0,0.0,0.0,0.0,0.0,0.0,0.0,0.0,0.0,0.0,0.0
4932.YMR228W,0.0012367054167697256,5.687114620885589e-05,0.0,0.0,0.0,0.0,0.0,0.0,0.0,0.0,0.0,0.0,0.0,0.0
4932.YMR272C,0.007172891417264408,0.010167335661250287,0.0,0.0,0.0,0.0,0.0,0.0,0.0,0.0,0.0,0.0,0.0,0.0
4932.YBR281C,0.012119713084343309,0.005678058263130339,0.0,0.0,0.0,0.0,0.0,0.0,0.0,0.0,0.0,0.0,0.0,0.0
4932.YGL055W,0.01459312391788276,0.011469354423546962,0.0,0.0,0.0,0.0,0.0,0.0,0.0,0.0,0.0,0.0,0.0,0.0
4932.YGL067W,0.019539945584961662,0.009015468361622444,0.0,0.0,0.0,0.0,0.0,0.0,0.0,0.0,0.0,0.0,0.0,0.0
4932.YPL173W,0.0007420232500618352,5.6865035273986625e-05,0.0,0.0,0.0,0.0,0.0,0.0,0.0,0.0,0.0,0.0,0.0,0.0
4932.YKL165C,0.0027207519168933963,0.000793154110349234,0.0,0.0,0.0,0.0,0.0,0.0,0.0,0.0,0.0,0.0,0.0,0.0
4932.YDL124W,0.012119713084343309,0.015937551365087472,0.0,0.0,0.0,0.0,0.0,0.0,0.0,0.0,0.0,0.0,0.0,0.0
4932.YDR256C,0.00964630225080386,0.011526950269246506,0.0,0.0,0.0,0.0,0.0,0.0,0.0,0.0,0.0,0.0,0.0,0.0
4932.YJR155W,0.007914914667326243,0.010522555372184508,0.0,0.0,0.0,0.0,0.0,0.0,0.0,0.0,0.0,0.0,0.0,0.0
4932.YJL061W,0.02077665100173139,0.02031261857411005,0.0,0.0,0.0,0.0,0.0,0.0,0.0,0.0,0.0,0.0,0.0,0.0
4932.YIL107C,0.01929260450160772,0.010131609181982696,0.0,0.0,0.0,0.0,0.0,0.0,0.0,0.0,0.0,0.0,0.0,0.0
4932.YOR120W,0.01360375958446698,0.01648103318243331,0.0,0.0,0.0,0.0,0.0,0.0,0.0,0.0,0.0,0.0,0.0,0.0
4932.YER057C,0.006678209250556517,0.011032312406038528,0.0,0.0,0.0,0.0,0.0,0.0,0.0,0.0,0.0,0.0,0.0,0.0
4932.YLR345W,0.01855058125154588,0.010147480785414801,0.0,0.0,0.0,0.0,0.0,0.0,0.0,0.0,0.0,0.0,0.0,0.0
4932.YMR191W,0.01113034875092753,0.014702748197310067,0.0,0.0,0.0,0.0,0.0,0.0,0.0,0.0,0.0,0.0,0.0,0.0
4932.YOR171C,0.0252287905021024,0.009391324308947542,0.0,0.0,0.0,0.0,0.0,0.0,0.0,0.0,0.0,0.0,0.0,0.0
4932.YGL114W,0.005936186000494682,0.0029831517015344185,0.0,0.0,0.0,0.0,0.0,0.0,0.0,0.0,0.0,0.0,0.0,0.0
4932.YML131W,0.0037101162503091764,0.008502422608553549,0.0,0.0,0.0,0.0,0.0,0.0,0.0,0.0,0.0,0.0,0.0,0.0
4932.YLR118C,0.002226069750185506,0.0017383537562411237,0.0,0.0,0.0,0.0,0.0,0.0,0.0,0.0,0.0,0.0,0.0,0.0
4932.YJR024C,0.012367054167697254,0.01299906609938647,0.0,0.0,0.0,0.0,0.0,0.0,0.0,0.0,0.0,0.0,0.0,0.0
4932.YDR368W,0.01162503091763542,0.014770976206895152,0.0,0.0,0.0,0.0,0.0,0.0,0.0,0.0,0.0,0.0,0.0,0.0
4932.YBR149W,0.0126143952510512,0.01571139972637559,0.0,0.0,0.0,0.0,0.0,0.0,0.0,0.0,0.0,0.0,0.0,0.0
4932.YPR127W,0.008656937917388079,0.011362648437201438,0.0,0.0,0.0,0.0,0.0,0.0,0.0,0.0,0.0,0.0,0.0,0.0
4932.YNL111C,0.005688844917140738,0.007372865087024741,0.0,0.0,0.0,0.0,0.0,0.0,0.0,0.0,0.0,0.0,0.0,0.0
4932.YCL057W,0.0002473410833539451,0.0007119931518986519,0.0,0.0,0.0,0.0,0.0,0.0,0.0,0.0,0.0,0.0,0.0,0.0
4932.YLR143W,0.007172891417264408,0.01103984044518551,0.0,0.0,0.0,0.0,0.0,0.0,0.0,0.0,0.0,0.0,0.0,0.0
4932.YER095W,0.002473410833539451,0.006276188641588496,0.0,0.0,0.0,0.0,0.0,0.0,0.0,0.0,0.0,0.0,0.0,0.0
4932.YGL040C,0.007172891417264408,0.011915679052133824,0.0,0.0,0.0,0.0,0.0,0.0,0.0,0.0,0.0,0.0,0.0,0.0
4932.YMR044W,0.007914914667326243,0.011146028536994878,0.0,0.0,0.0,0.0,0.0,0.0,0.0,0.0,0.0,0.0,0.0,0.0
4932.YIL051C,0.006678209250556517,0.011032312406038528,0.0,0.0,0.0,0.0,0.0,0.0,0.0,0.0,0.0,0.0,0.0,0.0
4932.YHR104W,0.0126143952510512,0.01643487446971294,0.0,0.0,0.0,0.0,0.0,0.0,0.0,0.0,0.0,0.0,0.0,0.0
4932.YGR088W,0.005688844917140738,0.009072287970537125,0.0,0.0,0.0,0.0,0.0,0.0,0.0,0.0,0.0,0.0,0.0,0.0
4932.YBR007C,0.0017313875834776156,0.0007070310088046812,0.0,0.0,0.0,0.0,0.0,0.0,0.0,0.0,0.0,0.0,0.0,0.0
4932.YBR008C,0.0017313875834776156,0.0005362551531538491,0.0,0.0,0.0,0.0,0.0,0.0,0.0,0.0,0.0,0.0,0.0,0.0
4932.YMR306W,0.01014098441751175,0.0024183743882144537,0.0,0.0,0.0,0.0,0.0,0.0,0.0,0.0,0.0,0.0,0.0,0.0
4932.YLR342W,0.010388325500865695,0.002445106985827816,0.0,0.0,0.0,0.0,0.0,0.0,0.0,0.0,0.0,0.0,0.0,0.0
4932.YGR032W,0.01014098441751175,0.0024183743882144537,0.0,0.0,0.0,0.0,0.0,0.0,0.0,0.0,0.0,0.0,0.0,0.0
4932.YPL001W,0.0004946821667078902,4.847637378716086e-07,0.0,0.0,0.0,0.0,0.0,0.0,0.0,0.0,0.0,0.0,0.0,0.0
4932.YKL049C,0.0004946821667078902,5.506288521822759e-08,0.0,0.0,0.0,0.0,0.0,0.0,0.0,0.0,0.0,0.0,0.0,0.0
4932.YDR441C,0.011872372000989364,0.0022845128282414913,0.0,0.0,0.0,0.0,0.0,0.0,0.0,0.0,0.0,0.0,0.0,0.0
4932.YDL103C,0.00964630225080386,0.0036878442605508344,0.0,0.0,0.0,0.0,0.0,0.0,0.0,0.0,0.0,0.0,0.0,0.0
4932.YGL008C,0.004946821667078902,0.0032636431571202093,0.0,0.0,0.0,0.0,0.0,0.0,0.0,0.0,0.0,0.0,0.0,0.0
4932.YHL012W,0.01113034875092753,0.003695605653639392,0.0,0.0,0.0,0.0,0.0,0.0,0.0,0.0,0.0,0.0,0.0,0.0
4932.YML022W,0.012367054167697254,0.0027419282996904615,0.0,0.0,0.0,0.0,0.0,0.0,0.0,0.0,0.0,0.0,0.0,0.0
4932.YPL036W,0.004452139500371012,0.0032334237639906017,0.0,0.0,0.0,0.0,0.0,0.0,0.0,0.0,0.0,0.0,0.0,0.0
4932.YKL035W,0.012119713084343309,0.0038364782441949095,0.0,0.0,0.0,0.0,0.0,0.0,0.0,0.0,0.0,0.0,0.0,0.0
4932.YPR069C,0.007172891417264408,0.002356346333801996,0.0,0.0,0.0,0.0,0.0,0.0,0.0,0.0,0.0,0.0,0.0,0.0
4932.YLR146C,0.007172891417264408,0.00236033698212883,0.0,0.0,0.0,0.0,0.0,0.0,0.0,0.0,0.0,0.0,0.0,0.0
4932.YBR252W,0.006678209250556517,0.0014274563624989212,0.0,0.0,0.0,0.0,0.0,0.0,0.0,0.0,0.0,0.0,0.0,0.0
4932.YDL100C,0.003215434083601286,0.00039350883548882985,0.0,0.0,0.0,0.0,0.0,0.0,0.0,0.0,0.0,0.0,0.0,0.0
4932.YJL126W,0.012861736334405145,0.0069327680873190935,0.0,0.0,0.0,0.0,0.0,0.0,0.0,0.0,0.0,0.0,0.0,0.0
4932.YDR399W,0.007667573583972298,0.001883067826768144,0.0,0.0,0.0,0.0,0.0,0.0,0.0,0.0,0.0,0.0,0.0,0.0
4932.YIL165C,0.0126143952510512,0.007299288396936187,0.0,0.0,0.0,0.0,0.0,0.0,0.0,0.0,0.0,0.0,0.0,0.0
4932.YJR062C,0.012367054167697254,0.006867449076500542,0.0,0.0,0.0,0.0,0.0,0.0,0.0,0.0,0.0,0.0,0.0,0.0
4932.YOR209C,0.006678209250556517,0.002249218279763531,0.0,0.0,0.0,0.0,0.0,0.0,0.0,0.0,0.0,0.0,0.0,0.0
4932.YBR017C,0.0037101162503091764,5.870721204070019e-05,0.0,0.0,0.0,0.0,0.0,0.0,0.0,0.0,0.0,0.0,0.0,0.0
4932.YDR151C,0.004204798417017067,6.210095165781872e-05,0.0,0.0,0.0,0.0,0.0,0.0,0.0,0.0,0.0,0.0,0.0,0.0
4932.YLR136C,0.0037101162503091764,5.870721204070019e-05,0.0,0.0,0.0,0.0,0.0,0.0,0.0,0.0,0.0,0.0,0.0,0.0
4932.YGL173C,0.004699480583724957,0.0002757945107781709,0.0,0.0,0.0,0.0,0.0,0.0,0.0,0.0,0.0,0.0,0.0,0.0
4932.YOL021C,0.01014098441751175,0.00025665887230756477,0.0,0.0,0.0,0.0,0.0,0.0,0.0,0.0,0.0,0.0,0.0,0.0
4932.YBR018C,0.01014098441751175,0.0053902871402564875,0.0,0.0,0.0,0.0,0.0,0.0,0.0,0.0,0.0,0.0,0.0,0.0
4932.YDL055C,0.016819193668068267,0.009325012690827254,0.0,0.0,0.0,0.0,0.0,0.0,0.0,0.0,0.0,0.0,0.0,0.0
4932.YOR260W,0.018797922334899828,0.008157592789423468,0.0,0.0,0.0,0.0,0.0,0.0,0.0,0.0,0.0,0.0,0.0,0.0
4932.YBR020W,0.006183527083848627,0.00285343382821546,0.0,0.0,0.0,0.0,0.0,0.0,0.0,0.0,0.0,0.0,0.0,0.0
4932.YDR009W,0.006183527083848627,0.00285343382821546,0.0,0.0,0.0,0.0,0.0,0.0,0.0,0.0,0.0,0.0,0.0,0.0
4932.YDR211W,0.01855058125154588,0.007984437837750234,0.0,0.0,0.0,0.0,0.0,0.0,0.0,0.0,0.0,0.0,0.0,0.0
4932.YPR184W,0.009398961167449914,0.0036651164037680034,0.0,0.0,0.0,0.0,0.0,0.0,0.0,0.0,0.0,0.0,0.0,0.0
4932.YJL088W,0.01607717041800643,0.0052260514107256495,0.0,0.0,0.0,0.0,0.0,0.0,0.0,0.0,0.0,0.0,0.0,0.0
4932.YHR201C,0.0009893643334157804,7.837245152944085e-05,0.0,0.0,0.0,0.0,0.0,0.0,0.0,0.0,0.0,0.0,0.0,0.0
4932.YHL016C,0.0012367054167697256,0.00032710062168017797,0.0,0.0,0.0,0.0,0.0,0.0,0.0,0.0,0.0,0.0,0.0,0.0
4932.YCR053W,0.007420232500618353,0.004130762105241135,0.0,0.0,0.0,0.0,0.0,0.0,0.0,0.0,0.0,0.0,0.0,0.0
4932.YMR099C,0.005688844917140738,0.002232673740505407,0.0,0.0,0.0,0.0,0.0,0.0,0.0,0.0,0.0,0.0,0.0,0.0
4932.YGR202C,0.01162503091763542,0.004320789628683076,0.0,0.0,0.0,0.0,0.0,0.0,0.0,0.0,0.0,0.0,0.0,0.0
4932.YOL136C,0.018303240168191938,0.006761004095268423,0.0,0.0,0.0,0.0,0.0,0.0,0.0,0.0,0.0,0.0,0.0,0.0
4932.YGR007W,0.01162503091763542,0.004333384442270789,0.0,0.0,0.0,0.0,0.0,0.0,0.0,0.0,0.0,0.0,0.0,0.0
4932.YGL026C,0.012861736334405145,0.006351770892444704,0.0,0.0,0.0,0.0,0.0,0.0,0.0,0.0,0.0,0.0,0.0,0.0
4932.YDR288W,0.0037101162503091764,5.096429172550546e-05,0.0,0.0,0.0,0.0,0.0,0.0,0.0,0.0,0.0,0.0,0.0,0.0
4932.YPR113W,0.01706653475142221,0.005706541254008515,0.0,0.0,0.0,0.0,0.0,0.0,0.0,0.0,0.0,0.0,0.0,0.0
4932.YCL004W,0.01063566658421964,0.0029943297190645453,0.0,0.0,0.0,0.0,0.0,0.0,0.0,0.0,0.0,0.0,0.0,0.0
4932.YOR311C,0.009398961167449914,0.005450360732008646,0.0,0.0,0.0,0.0,0.0,0.0,0.0,0.0,0.0,0.0,0.0,0.0
4932.YDL142C,0.014840465001236706,0.00593645510509832,0.0,0.0,0.0,0.0,0.0,0.0,0.0,0.0,0.0,0.0,0.0,0.0
4932.YOR113W,0.003215434083601286,0.00025065459670550136,0.0,0.0,0.0,0.0,0.0,0.0,0.0,0.0,0.0,0.0,0.0,0.0
4932.YGR044C,0.004204798417017067,0.00029328261175201424,0.0,0.0,0.0,0.0,0.0,0.0,0.0,0.0,0.0,0.0,0.0,0.0
4932.YMR016C,0.003957457333663122,0.00025345332687843025,0.0,0.0,0.0,0.0,0.0,0.0,0.0,0.0,0.0,0.0,0.0,0.0
4932.YDR146C,0.004452139500371012,0.0002930758272344642,0.0,0.0,0.0,0.0,0.0,0.0,0.0,0.0,0.0,0.0,0.0,0.0
4932.YDR096W,0.0037101162503091764,0.0002859654724851042,0.0,0.0,0.0,0.0,0.0,0.0,0.0,0.0,0.0,0.0,0.0,0.0
4932.YPR013C,0.003215434083601286,0.00023211954031215822,0.0,0.0,0.0,0.0,0.0,0.0,0.0,0.0,0.0,0.0,0.0,0.0
4932.YLR131C,0.003215434083601286,0.00025065459670550136,0.0,0.0,0.0,0.0,0.0,0.0,0.0,0.0,0.0,0.0,0.0,0.0
4932.YLR375W,0.002968093000247341,0.0002246800503152713,0.0,0.0,0.0,0.0,0.0,0.0,0.0,0.0,0.0,0.0,0.0,0.0
4932.YGL035C,0.0034627751669552313,0.000274265014208029,0.0,0.0,0.0,0.0,0.0,0.0,0.0,0.0,0.0,0.0,0.0,0.0
4932.YPR022C,0.002968093000247341,0.0002246800503152713,0.0,0.0,0.0,0.0,0.0,0.0,0.0,0.0,0.0,0.0,0.0,0.0
4932.YPR015C,0.002968093000247341,0.0002246800503152713,0.0,0.0,0.0,0.0,0.0,0.0,0.0,0.0,0.0,0.0,0.0,0.0
4932.YMR037C,0.004946821667078902,0.00025587612613928737,0.0,0.0,0.0,0.0,0.0,0.0,0.0,0.0,0.0,0.0,0.0,0.0
4932.YER093C-A,0.002968093000247341,0.0002246800503152713,0.0,0.0,0.0,0.0,0.0,0.0,0.0,0.0,0.0,0.0,0.0,0.0
4932.YOR051C,0.003215434083601286,0.00025983728955208805,0.0,0.0,0.0,0.0,0.0,0.0,0.0,0.0,0.0,0.0,0.0,0.0
4932.YPL193W,0.003215434083601286,0.0002538709276680403,0.0,0.0,0.0,0.0,0.0,0.0,0.0,0.0,0.0,0.0,0.0,0.0
4932.YML081W,0.002968093000247341,0.0002246800503152713,0.0,0.0,0.0,0.0,0.0,0.0,0.0,0.0,0.0,0.0,0.0,0.0
4932.YDR216W,0.003215434083601286,0.00025065459670550136,0.0,0.0,0.0,0.0,0.0,0.0,0.0,0.0,0.0,0.0,0.0,0.0
4932.YJR124C,0.003215434083601286,0.00024930344850679234,0.0,0.0,0.0,0.0,0.0,0.0,0.0,0.0,0.0,0.0,0.0,0.0
4932.YNL279W,0.003215434083601286,0.00025065459670550136,0.0,0.0,0.0,0.0,0.0,0.0,0.0,0.0,0.0,0.0,0.0,0.0
4932.YPL230W,0.0034627751669552313,0.0003169546368861065,0.0,0.0,0.0,0.0,0.0,0.0,0.0,0.0,0.0,0.0,0.0,0.0
4932.YPL038W,0.0034627751669552313,0.0002858118359423181,0.0,0.0,0.0,0.0,0.0,0.0,0.0,0.0,0.0,0.0,0.0,0.0
4932.YDR043C,0.0037101162503091764,0.000276177362226619,0.0,0.0,0.0,0.0,0.0,0.0,0.0,0.0,0.0,0.0,0.0,0.0
4932.YDR253C,0.0034627751669552313,0.0002858118359423181,0.0,0.0,0.0,0.0,0.0,0.0,0.0,0.0,0.0,0.0,0.0,0.0
4932.YMR182C,0.002968093000247341,0.0002246800503152713,0.0,0.0,0.0,0.0,0.0,0.0,0.0,0.0,0.0,0.0,0.0,0.0
4932.YER028C,0.003215434083601286,0.00025065459670550136,0.0,0.0,0.0,0.0,0.0,0.0,0.0,0.0,0.0,0.0,0.0,0.0
4932.YJR127C,0.002968093000247341,0.0002246800503152713,0.0,0.0,0.0,0.0,0.0,0.0,0.0,0.0,0.0,0.0,0.0,0.0
4932.YGR067C,0.002968093000247341,0.0002246800503152713,0.0,0.0,0.0,0.0,0.0,0.0,0.0,0.0,0.0,0.0,0.0,0.0
4932.YER169W,0.0037101162503091764,0.0003150027132950872,0.0,0.0,0.0,0.0,0.0,0.0,0.0,0.0,0.0,0.0,0.0,0.0
4932.YJL055W,0.0037101162503091764,0.0003103891089111576,0.0,0.0,0.0,0.0,0.0,0.0,0.0,0.0,0.0,0.0,0.0,0.0
4932.YKL062W,0.004946821667078902,0.00025587612613928737,0.0,0.0,0.0,0.0,0.0,0.0,0.0,0.0,0.0,0.0,0.0,0.0
4932.YJL056C,0.0037101162503091764,0.0002998552678658618,0.0,0.0,0.0,0.0,0.0,0.0,0.0,0.0,0.0,0.0,0.0,0.0
4932.YGL209W,0.003215434083601286,0.00025065459670550136,0.0,0.0,0.0,0.0,0.0,0.0,0.0,0.0,0.0,0.0,0.0,0.0
4932.YKL043W,0.003215434083601286,0.00025065459670550136,0.0,0.0,0.0,0.0,0.0,0.0,0.0,0.0,0.0,0.0,0.0,0.0
4932.YER030W,0.003215434083601286,0.00025983728955208805,0.0,0.0,0.0,0.0,0.0,0.0,0.0,0.0,0.0,0.0,0.0,0.0
4932.YMR070W,0.003215434083601286,0.00025065459670550136,0.0,0.0,0.0,0.0,0.0,0.0,0.0,0.0,0.0,0.0,0.0,0.0
4932.YHL027W,0.003215434083601286,0.00025065459670550136,0.0,0.0,0.0,0.0,0.0,0.0,0.0,0.0,0.0,0.0,0.0,0.0
4932.YER130C,0.002968093000247341,0.0002246800503152713,0.0,0.0,0.0,0.0,0.0,0.0,0.0,0.0,0.0,0.0,0.0,0.0
4932.YBR066C,0.0034627751669552313,0.00026185417080574173,0.0,0.0,0.0,0.0,0.0,0.0,0.0,0.0,0.0,0.0,0.0,0.0
4932.YDL048C,0.002968093000247341,0.0002246800503152713,0.0,0.0,0.0,0.0,0.0,0.0,0.0,0.0,0.0,0.0,0.0,0.0
4932.YNL027W,0.003215434083601286,0.00025065459670550136,0.0,0.0,0.0,0.0,0.0,0.0,0.0,0.0,0.0,0.0,0.0,0.0
4932.YBR031W,0.0012367054167697256,1.1030487299691715e-05,0.0,0.0,0.0,0.0,0.0,0.0,0.0,0.0,0.0,0.0,0.0,0.0
4932.YDR012W,0.0012367054167697256,1.1030487299691715e-05,0.0,0.0,0.0,0.0,0.0,0.0,0.0,0.0,0.0,0.0,0.0,0.0
4932.YBR033W,0.006430868167202572,0.002118773537590004,0.0,0.0,0.0,0.0,0.0,0.0,0.0,0.0,0.0,0.0,0.0,0.0
4932.YBR270C,0.018303240168191938,0.005481753083026928,0.0,0.0,0.0,0.0,0.0,0.0,0.0,0.0,0.0,0.0,0.0,0.0
4932.YKR034W,0.002968093000247341,9.292364696989845e-06,0.0,0.0,0.0,0.0,0.0,0.0,0.0,0.0,0.0,0.0,0.0,0.0
4932.YGR286C,0.002968093000247341,0.00045621030782151407,0.0,0.0,0.0,0.0,0.0,0.0,0.0,0.0,0.0,0.0,0.0,0.0
4932.YKL058W,0.013851100667820925,5.514340105153723e-05,0.0,0.0,0.0,0.0,0.0,0.0,0.0,0.0,0.0,0.0,0.0,0.0
4932.YCR065W,0.003957457333663122,1.0572774943106243e-05,0.0,0.0,0.0,0.0,0.0,0.0,0.0,0.0,0.0,0.0,0.0,0.0
4932.YMR202W,0.0034627751669552313,0.00022345335331502308,0.0,0.0,0.0,0.0,0.0,0.0,0.0,0.0,0.0,0.0,0.0,0.0
4932.YLR133W,0.005194162750432847,0.0008101391945004436,0.0,0.0,0.0,0.0,0.0,0.0,0.0,0.0,0.0,0.0,0.0,0.0
4932.YNL112W,0.004699480583724957,0.0006420373819428418,0.0,0.0,0.0,0.0,0.0,0.0,0.0,0.0,0.0,0.0,0.0,0.0
4932.YJL110C,0.002968093000247341,9.292364696989845e-06,0.0,0.0,0.0,0.0,0.0,0.0,0.0,0.0,0.0,0.0,0.0,0.0
4932.YOR194C,0.013851100667820925,5.514340105153723e-05,0.0,0.0,0.0,0.0,0.0,0.0,0.0,0.0,0.0,0.0,0.0,0.0
4932.YIL131C,0.003957457333663122,1.0572774943106245e-05,0.0,0.0,0.0,0.0,0.0,0.0,0.0,0.0,0.0,0.0,0.0,0.0
4932.YER040W,0.002968093000247341,9.292364696989845e-06,0.0,0.0,0.0,0.0,0.0,0.0,0.0,0.0,0.0,0.0,0.0,0.0
4932.YFL021W,0.002968093000247341,9.292364696989845e-06,0.0,0.0,0.0,0.0,0.0,0.0,0.0,0.0,0.0,0.0,0.0,0.0
4932.YDR147W,0.005194162750432847,0.0008101391945004436,0.0,0.0,0.0,0.0,0.0,0.0,0.0,0.0,0.0,0.0,0.0,0.0
4932.YBR035C,0.0054415038337867925,0.0005009921406672397,0.0,0.0,0.0,0.0,0.0,0.0,0.0,0.0,0.0,0.0,0.0,0.0
4932.YEL029C,0.011872372000989364,0.003260522920814729,0.0,0.0,0.0,0.0,0.0,0.0,0.0,0.0,0.0,0.0,0.0,0.0
4932.YKL151C,0.0017313875834776156,0.0003189066256006548,0.0,0.0,0.0,0.0,0.0,0.0,0.0,0.0,0.0,0.0,0.0,0.0
4932.YNR027W,0.008409596834034134,0.0025641157818048887,0.0,0.0,0.0,0.0,0.0,0.0,0.0,0.0,0.0,0.0,0.0,0.0
4932.YNL332W,0.002968093000247341,0.000300519249896114,0.0,0.0,0.0,0.0,0.0,0.0,0.0,0.0,0.0,0.0,0.0,0.0
4932.YJR156C,0.003215434083601286,0.0006745462878317764,0.0,0.0,0.0,0.0,0.0,0.0,0.0,0.0,0.0,0.0,0.0,0.0
4932.YFL058W,0.003215434083601286,0.0006745462878317764,0.0,0.0,0.0,0.0,0.0,0.0,0.0,0.0,0.0,0.0,0.0,0.0
4932.YDL244W,0.002968093000247341,0.000300519249896114,0.0,0.0,0.0,0.0,0.0,0.0,0.0,0.0,0.0,0.0,0.0,0.0
4932.YCR015C,0.006678209250556517,0.0031254906699302106,0.0,0.0,0.0,0.0,0.0,0.0,0.0,0.0,0.0,0.0,0.0,0.0
4932.YPR121W,0.006678209250556517,0.0031254906699302106,0.0,0.0,0.0,0.0,0.0,0.0,0.0,0.0,0.0,0.0,0.0,0.0
4932.YMR258C,0.006183527083848627,0.0025018569791197525,0.0,0.0,0.0,0.0,0.0,0.0,0.0,0.0,0.0,0.0,0.0,0.0
4932.YGR017W,0.0037101162503091764,0.00036562533696917734,0.0,0.0,0.0,0.0,0.0,0.0,0.0,0.0,0.0,0.0,0.0,0.0
4932.YMR013C,0.007667573583972298,0.00603806272842688,0.0,0.0,0.0,0.0,0.0,0.0,0.0,0.0,0.0,0.0,0.0,0.0
4932.YPL095C,0.002226069750185506,0.000793502129243604,0.0,0.0,0.0,0.0,0.0,0.0,0.0,0.0,0.0,0.0,0.0,0.0
4932.YBR177C,0.0027207519168933963,0.0008269834276903784,0.0,0.0,0.0,0.0,0.0,0.0,0.0,0.0,0.0,0.0,0.0,0.0
4932.YMR210W,0.001978728666831561,0.0007661123597399011,0.0,0.0,0.0,0.0,0.0,0.0,0.0,0.0,0.0,0.0,0.0,0.0
4932.YBR043C,0.001978728666831561,0.0006094176006766984,0.0,0.0,0.0,0.0,0.0,0.0,0.0,0.0,0.0,0.0,0.0,0.0
4932.YBR044C,0.0012367054167697256,0.00017880803646194674,0.0,0.0,0.0,0.0,0.0,0.0,0.0,0.0,0.0,0.0,0.0,0.0
4932.YBR045C,0.002226069750185506,7.532684540607676e-06,0.0,0.0,0.0,0.0,0.0,0.0,0.0,0.0,0.0,0.0,0.0,0.0
4932.YKL193C,0.0027207519168933963,0.00016953373745031905,0.0,0.0,0.0,0.0,0.0,0.0,0.0,0.0,0.0,0.0,0.0,0.0
4932.YDR028C,0.002226069750185506,7.532684540607676e-06,0.0,0.0,0.0,0.0,0.0,0.0,0.0,0.0,0.0,0.0,0.0,0.0
4932.YIL045W,0.0034627751669552313,0.00018255425623666893,0.0,0.0,0.0,0.0,0.0,0.0,0.0,0.0,0.0,0.0,0.0,0.0
4932.YDR130C,0.002226069750185506,7.532684540607676e-06,0.0,0.0,0.0,0.0,0.0,0.0,0.0,0.0,0.0,0.0,0.0,0.0
4932.YBR050C,0.002226069750185506,7.532684540607676e-06,0.0,0.0,0.0,0.0,0.0,0.0,0.0,0.0,0.0,0.0,0.0,0.0
4932.YER054C,0.0034627751669552313,0.00018255425623666893,0.0,0.0,0.0,0.0,0.0,0.0,0.0,0.0,0.0,0.0,0.0,0.0
4932.YOR178C,0.0034627751669552313,0.00018255425623666893,0.0,0.0,0.0,0.0,0.0,0.0,0.0,0.0,0.0,0.0,0.0,0.0
4932.YLR273C,0.0034627751669552313,0.00018255425623666893,0.0,0.0,0.0,0.0,0.0,0.0,0.0,0.0,0.0,0.0,0.0,0.0
4932.YBR213W,0.005936186000494682,0.00280079925952114,0.0,0.0,0.0,0.0,0.0,0.0,0.0,0.0,0.0,0.0,0.0,0.0
4932.YOL058W,0.01162503091763542,0.0055065756440660285,0.0,0.0,0.0,0.0,0.0,0.0,0.0,0.0,0.0,0.0,0.0,0.0
4932.YKR069W,0.007172891417264408,0.004117171302842843,0.0,0.0,0.0,0.0,0.0,0.0,0.0,0.0,0.0,0.0,0.0,0.0
4932.YBR244W,0.003957457333663122,0.002829396049923569,0.0,0.0,0.0,0.0,0.0,0.0,0.0,0.0,0.0,0.0,0.0,0.0
4932.YIR037W,0.004452139500371012,0.002900051519555102,0.0,0.0,0.0,0.0,0.0,0.0,0.0,0.0,0.0,0.0,0.0,0.0
4932.YKL026C,0.003957457333663122,0.0024340793847008255,0.0,0.0,0.0,0.0,0.0,0.0,0.0,0.0,0.0,0.0,0.0,0.0
4932.YBR054W,0.002473410833539451,0.006373541512442242,0.0,0.0,0.0,0.0,0.0,0.0,0.0,0.0,0.0,0.0,0.0,0.0
4932.YDR033W,0.002226069750185506,0.005760685135411246,0.0,0.0,0.0,0.0,0.0,0.0,0.0,0.0,0.0,0.0,0.0,0.0
4932.YCR021C,0.002473410833539451,0.006370756280010308,0.0,0.0,0.0,0.0,0.0,0.0,0.0,0.0,0.0,0.0,0.0,0.0
4932.YGR248W,0.008162255750680188,0.008000115870256157,0.0,0.0,0.0,0.0,0.0,0.0,0.0,0.0,0.0,0.0,0.0,0.0
4932.YBR057C,0.0007420232500618352,5.600289098181611e-39,0.0,0.0,0.0,0.0,0.0,0.0,0.0,0.0,0.0,0.0,0.0,0.0
4932.YNL196C,0.0007420232500618352,5.600289098181611e-39,0.0,0.0,0.0,0.0,0.0,0.0,0.0,0.0,0.0,0.0,0.0,0.0
4932.YGL192W,0.0007420232500618352,5.600289098181611e-39,0.0,0.0,0.0,0.0,0.0,0.0,0.0,0.0,0.0,0.0,0.0,0.0
4932.YCL055W,0.0007420232500618352,5.600289098181611e-39,0.0,0.0,0.0,0.0,0.0,0.0,0.0,0.0,0.0,0.0,0.0,0.0
4932.YBR058C-A,0.0017313875834776156,0.0007552449252034125,0.0,0.0,0.0,0.0,0.0,0.0,0.0,0.0,0.0,0.0,0.0,0.0
4932.YKL212W,0.004946821667078902,0.0008072906882764036,0.0,0.0,0.0,0.0,0.0,0.0,0.0,0.0,0.0,0.0,0.0,0.0
4932.YOL110W,0.0054415038337867925,0.0011291562770156755,0.0,0.0,0.0,0.0,0.0,0.0,0.0,0.0,0.0,0.0,0.0,0.0
4932.YPL151C,0.002473410833539451,1.3399352215574856e-06,0.0,0.0,0.0,0.0,0.0,0.0,0.0,0.0,0.0,0.0,0.0,0.0
4932.YBR068C,0.002226069750185506,0.0006599140781451271,0.0,0.0,0.0,0.0,0.0,0.0,0.0,0.0,0.0,0.0,0.0,0.0
4932.YBR069C,0.002226069750185506,0.0006599140781451271,0.0,0.0,0.0,0.0,0.0,0.0,0.0,0.0,0.0,0.0,0.0,0.0
4932.YBR070C,0.002226069750185506,0.0005138063523231221,0.0,0.0,0.0,0.0,0.0,0.0,0.0,0.0,0.0,0.0,0.0,0.0
4932.YGL047W,0.002226069750185506,0.0005138063523231221,0.0,0.0,0.0,0.0,0.0,0.0,0.0,0.0,0.0,0.0,0.0,0.0
4932.YBR072W,0.0012367054167697256,7.444055862772638e-05,0.0,0.0,0.0,0.0,0.0,0.0,0.0,0.0,0.0,0.0,0.0,0.0
4932.YDR171W,0.0012367054167697256,7.444055862772638e-05,0.0,0.0,0.0,0.0,0.0,0.0,0.0,0.0,0.0,0.0,0.0,0.0
4932.YBR073W,0.0002473410833539451,3.3380324233660764e-46,0.0,0.0,0.0,0.0,0.0,0.0,0.0,0.0,0.0,0.0,0.0,0.0
4932.YGL163C,0.0002473410833539451,3.3380324233660764e-46,0.0,0.0,0.0,0.0,0.0,0.0,0.0,0.0,0.0,0.0,0.0,0.0
4932.YBR074W,0.002473410833539451,0.00041035196628597695,0.0,0.0,0.0,0.0,0.0,0.0,0.0,0.0,0.0,0.0,0.0,0.0
4932.YNR055C,0.001978728666831561,0.0005224469864472795,0.0,0.0,0.0,0.0,0.0,0.0,0.0,0.0,0.0,0.0,0.0,0.0
4932.YNL045W,0.009151620084095969,0.0033526577274917975,0.0,0.0,0.0,0.0,0.0,0.0,0.0,0.0,0.0,0.0,0.0,0.0
4932.YCR106W,0.0017313875834776156,0.0005005293950592382,0.0,0.0,0.0,0.0,0.0,0.0,0.0,0.0,0.0,0.0,0.0,0.0
4932.YIL121W,0.003215434083601286,0.0007213720559056605,0.0,0.0,0.0,0.0,0.0,0.0,0.0,0.0,0.0,0.0,0.0,0.0
4932.YBR077C,0.002968093000247341,0.00016371012656128867,0.0,0.0,0.0,0.0,0.0,0.0,0.0,0.0,0.0,0.0,0.0,0.0
4932.YKR026C,0.0054415038337867925,0.0014008548000178404,0.0,0.0,0.0,0.0,0.0,0.0,0.0,0.0,0.0,0.0,0.0,0.0
4932.YCR075W-A,0.002968093000247341,0.00016371012656128867,0.0,0.0,0.0,0.0,0.0,0.0,0.0,0.0,0.0,0.0,0.0,0.0
4932.YML121W,0.007420232500618353,0.0004493683640947515,0.0,0.0,0.0,0.0,0.0,0.0,0.0,0.0,0.0,0.0,0.0,0.0
4932.YKR007W,0.002968093000247341,0.00016371012656128867,0.0,0.0,0.0,0.0,0.0,0.0,0.0,0.0,0.0,0.0,0.0,0.0
4932.YGR083C,0.005936186000494682,0.0014450064602797971,0.0,0.0,0.0,0.0,0.0,0.0,0.0,0.0,0.0,0.0,0.0,0.0
4932.YLR039C,0.0037101162503091764,0.0001762391856376638,0.0,0.0,0.0,0.0,0.0,0.0,0.0,0.0,0.0,0.0,0.0,0.0
4932.YGR163W,0.007420232500618353,0.0004493683640947515,0.0,0.0,0.0,0.0,0.0,0.0,0.0,0.0,0.0,0.0,0.0,0.0
4932.YDR137W,0.0037101162503091764,0.0001762391856376638,0.0,0.0,0.0,0.0,0.0,0.0,0.0,0.0,0.0,0.0,0.0,0.0
4932.YLR291C,0.006925550333910463,0.0015064530982629013,0.0,0.0,0.0,0.0,0.0,0.0,0.0,0.0,0.0,0.0,0.0,0.0
4932.YBR078W,0.0002473410833539451,2.4876399718046304e-05,0.0,0.0,0.0,0.0,0.0,0.0,0.0,0.0,0.0,0.0,0.0,0.0
4932.YBR176W,0.005688844917140738,0.0034069088227772827,0.0,0.0,0.0,0.0,0.0,0.0,0.0,0.0,0.0,0.0,0.0,0.0
4932.YDR179C,0.003957457333663122,2.398293867738358e-05,0.0,0.0,0.0,0.0,0.0,0.0,0.0,0.0,0.0,0.0,0.0,0.0
4932.YBR082C,0.0017313875834776156,0.00013372265108518999,0.0,0.0,0.0,0.0,0.0,0.0,0.0,0.0,0.0,0.0,0.0,0.0
4932.YDR142C,0.002226069750185506,0.0005779585459219287,0.0,0.0,0.0,0.0,0.0,0.0,0.0,0.0,0.0,0.0,0.0,0.0
4932.YGL153W,0.008904279000742024,0.003844147145999095,0.0,0.0,0.0,0.0,0.0,0.0,0.0,0.0,0.0,0.0,0.0,0.0
4932.YDR059C,0.0017313875834776156,0.00013372265108518999,0.0,0.0,0.0,0.0,0.0,0.0,0.0,0.0,0.0,0.0,0.0,0.0
4932.YLR191W,0.008904279000742024,0.003844147145999095,0.0,0.0,0.0,0.0,0.0,0.0,0.0,0.0,0.0,0.0,0.0,0.0
4932.YDR265W,0.006678209250556517,0.003034655154131243,0.0,0.0,0.0,0.0,0.0,0.0,0.0,0.0,0.0,0.0,0.0,0.0
4932.YMR026C,0.007914914667326243,0.0037941566000067417,0.0,0.0,0.0,0.0,0.0,0.0,0.0,0.0,0.0,0.0,0.0,0.0
4932.YBR083W,0.0004946821667078902,2.3829660726794776e-06,0.0,0.0,0.0,0.0,0.0,0.0,0.0,0.0,0.0,0.0,0.0,0.0
4932.YER183C,0.0027207519168933963,0.001471978248076087,0.0,0.0,0.0,0.0,0.0,0.0,0.0,0.0,0.0,0.0,0.0,0.0
4932.YCL016C,0.0014840465001236705,8.730534915048575e-06,0.0,0.0,0.0,0.0,0.0,0.0,0.0,0.0,0.0,0.0,0.0,0.0
4932.YOR144C,0.0009893643334157804,8.60302747575865e-06,0.0,0.0,0.0,0.0,0.0,0.0,0.0,0.0,0.0,0.0,0.0,0.0
4932.YER173W,0.002968093000247341,0.0002920927639211849,0.0,0.0,0.0,0.0,0.0,0.0,0.0,0.0,0.0,0.0,0.0,0.0
4932.YLR288C,0.002226069750185506,1.1357182341264532e-05,0.0,0.0,0.0,0.0,0.0,0.0,0.0,0.0,0.0,0.0,0.0,0.0
4932.YMR078C,0.0014840465001236705,8.730534915048575e-06,0.0,0.0,0.0,0.0,0.0,0.0,0.0,0.0,0.0,0.0,0.0,0.0
4932.YJR057W,0.009398961167449914,0.002977048247292809,0.0,0.0,0.0,0.0,0.0,0.0,0.0,0.0,0.0,0.0,0.0,0.0
4932.YOR368W,0.002226069750185506,1.1357182341264532e-05,0.0,0.0,0.0,0.0,0.0,0.0,0.0,0.0,0.0,0.0,0.0,0.0
4932.YHR191C,0.0014840465001236705,8.730534915048575e-06,0.0,0.0,0.0,0.0,0.0,0.0,0.0,0.0,0.0,0.0,0.0,0.0
4932.YPL194W,0.002226069750185506,1.1357182341264532e-05,0.0,0.0,0.0,0.0,0.0,0.0,0.0,0.0,0.0,0.0,0.0,0.0
4932.YMR167W,0.008162255750680188,4.01623245487927e-05,0.0,0.0,0.0,0.0,0.0,0.0,0.0,0.0,0.0,0.0,0.0,0.0
4932.YGR276C,0.005936186000494682,0.0011983998395516946,0.0,0.0,0.0,0.0,0.0,0.0,0.0,0.0,0.0,0.0,0.0,0.0
4932.YJR053W,0.0017313875834776156,1.9088724261699836e-06,0.0,0.0,0.0,0.0,0.0,0.0,0.0,0.0,0.0,0.0,0.0,0.0
4932.YGL094C,0.0054415038337867925,0.0011067974442170703,0.0,0.0,0.0,0.0,0.0,0.0,0.0,0.0,0.0,0.0,0.0,0.0
4932.YLR107W,0.005936186000494682,0.0011983998395516946,0.0,0.0,0.0,0.0,0.0,0.0,0.0,0.0,0.0,0.0,0.0,0.0
4932.YOL090W,0.008162255750680188,4.01623245487927e-05,0.0,0.0,0.0,0.0,0.0,0.0,0.0,0.0,0.0,0.0,0.0,0.0
4932.YGL033W,0.0012367054167697256,4.535667226522175e-07,0.0,0.0,0.0,0.0,0.0,0.0,0.0,0.0,0.0,0.0,0.0,0.0
4932.YOR033C,0.001978728666831561,8.686937327375422e-05,0.0,0.0,0.0,0.0,0.0,0.0,0.0,0.0,0.0,0.0,0.0,0.0
4932.YIR011C,0.005194162750432847,0.0011067383669814007,0.0,0.0,0.0,0.0,0.0,0.0,0.0,0.0,0.0,0.0,0.0,0.0
4932.YMR055C,0.0017313875834776156,1.9088724261699836e-06,0.0,0.0,0.0,0.0,0.0,0.0,0.0,0.0,0.0,0.0,0.0,0.0
4932.YGR057C,0.0012367054167697256,4.535667226522175e-07,0.0,0.0,0.0,0.0,0.0,0.0,0.0,0.0,0.0,0.0,0.0,0.0
4932.YOL080C,0.0054415038337867925,0.0011895174324574552,0.0,0.0,0.0,0.0,0.0,0.0,0.0,0.0,0.0,0.0,0.0,0.0
4932.YNL082W,0.008162255750680188,4.01623245487927e-05,0.0,0.0,0.0,0.0,0.0,0.0,0.0,0.0,0.0,0.0,0.0,0.0
4932.YKL176C,0.0012367054167697256,4.535667226522175e-07,0.0,0.0,0.0,0.0,0.0,0.0,0.0,0.0,0.0,0.0,0.0,0.0
4932.YDR097C,0.008162255750680188,4.01623245487927e-05,0.0,0.0,0.0,0.0,0.0,0.0,0.0,0.0,0.0,0.0,0.0,0.0
4932.YBR091C,0.001978728666831561,0.0001865808108001069,0.0,0.0,0.0,0.0,0.0,0.0,0.0,0.0,0.0,0.0,0.0,0.0
4932.YJR077C,0.0014840465001236705,6.235631287464192e-05,0.0,0.0,0.0,0.0,0.0,0.0,0.0,0.0,0.0,0.0,0.0,0.0
4932.YBR094W,0.0009893643334157804,0.00014186409172020124,0.0,0.0,0.0,0.0,0.0,0.0,0.0,0.0,0.0,0.0,0.0,0.0
4932.YER027C,0.004699480583724957,0.00032881358330339973,0.0,0.0,0.0,0.0,0.0,0.0,0.0,0.0,0.0,0.0,0.0,0.0
4932.YFR019W,0.004699480583724957,6.332095071040749e-05,0.0,0.0,0.0,0.0,0.0,0.0,0.0,0.0,0.0,0.0,0.0,0.0
4932.YDR122W,0.006183527083848627,0.0003800419314737558,0.0,0.0,0.0,0.0,0.0,0.0,0.0,0.0,0.0,0.0,0.0,0.0
4932.YPR089W,0.003957457333663122,0.0007528373327266777,0.0,0.0,0.0,0.0,0.0,0.0,0.0,0.0,0.0,0.0,0.0,0.0
4932.YJR059W,0.006183527083848627,0.0003800419314737558,0.0,0.0,0.0,0.0,0.0,0.0,0.0,0.0,0.0,0.0,0.0,0.0
4932.YDL149W,0.0034627751669552313,6.551734041056786e-05,0.0,0.0,0.0,0.0,0.0,0.0,0.0,0.0,0.0,0.0,0.0,0.0
4932.YHR146W,0.004699480583724957,0.00032881358330339973,0.0,0.0,0.0,0.0,0.0,0.0,0.0,0.0,0.0,0.0,0.0,0.0
4932.YML003W,0.002968093000247341,0.00044642506462773385,0.0,0.0,0.0,0.0,0.0,0.0,0.0,0.0,0.0,0.0,0.0,0.0
4932.YLR386W,0.002473410833539451,7.81796820472858e-06,0.0,0.0,0.0,0.0,0.0,0.0,0.0,0.0,0.0,0.0,0.0,0.0
4932.YNL173C,0.004699480583724957,0.00032881358330339973,0.0,0.0,0.0,0.0,0.0,0.0,0.0,0.0,0.0,0.0,0.0,0.0
4932.YPR049C,0.007420232500618353,0.00020439783698548736,0.0,0.0,0.0,0.0,0.0,0.0,0.0,0.0,0.0,0.0,0.0,0.0
4932.YLR096W,0.006183527083848627,0.0003800419314737558,0.0,0.0,0.0,0.0,0.0,0.0,0.0,0.0,0.0,0.0,0.0,0.0
4932.YNL054W,0.0027207519168933963,0.00016967694787221497,0.0,0.0,0.0,0.0,0.0,0.0,0.0,0.0,0.0,0.0,0.0,0.0
4932.YDR477W,0.012119713084343309,0.0005917264972865956,0.0,0.0,0.0,0.0,0.0,0.0,0.0,0.0,0.0,0.0,0.0,0.0
4932.YBR128C,0.0027207519168933963,9.273702454963305e-06,0.0,0.0,0.0,0.0,0.0,0.0,0.0,0.0,0.0,0.0,0.0,0.0
4932.YDR422C,0.004699480583724957,0.00032881358330339973,0.0,0.0,0.0,0.0,0.0,0.0,0.0,0.0,0.0,0.0,0.0,0.0
4932.YKL198C,0.006183527083848627,0.0003800419314737558,0.0,0.0,0.0,0.0,0.0,0.0,0.0,0.0,0.0,0.0,0.0,0.0
4932.YPR185W,0.006678209250556517,0.00019999790819267443,0.0,0.0,0.0,0.0,0.0,0.0,0.0,0.0,0.0,0.0,0.0,0.0
4932.YNL325C,0.002968093000247341,1.5722051336370464e-05,0.0,0.0,0.0,0.0,0.0,0.0,0.0,0.0,0.0,0.0,0.0,0.0
4932.YML002W,0.0027207519168933963,0.0003765091553394321,0.0,0.0,0.0,0.0,0.0,0.0,0.0,0.0,0.0,0.0,0.0,0.0
4932.YPL150W,0.006183527083848627,0.0003800419314737558,0.0,0.0,0.0,0.0,0.0,0.0,0.0,0.0,0.0,0.0,0.0,0.0
4932.YLR211C,0.002473410833539451,7.817968204728578e-06,0.0,0.0,0.0,0.0,0.0,0.0,0.0,0.0,0.0,0.0,0.0,0.0
4932.YGL208W,0.004699480583724957,0.00032881358330339973,0.0,0.0,0.0,0.0,0.0,0.0,0.0,0.0,0.0,0.0,0.0,0.0
4932.YPL053C,0.0012367054167697256,0.0007247959424238931,0.0,0.0,0.0,0.0,0.0,0.0,0.0,0.0,0.0,0.0,0.0,0.0
4932.YJL139C,0.0004946821667078902,0.00013318420813485484,0.0,0.0,0.0,0.0,0.0,0.0,0.0,0.0,0.0,0.0,0.0,0.0
4932.YOR099W,0.0009893643334157804,0.00013726323953776597,0.0,0.0,0.0,0.0,0.0,0.0,0.0,0.0,0.0,0.0,0.0,0.0
4932.YKR061W,0.0004946821667078902,0.00013318420813485484,0.0,0.0,0.0,0.0,0.0,0.0,0.0,0.0,0.0,0.0,0.0,0.0
4932.YBR205W,0.0014840465001236705,0.00027931776942003014,0.0,0.0,0.0,0.0,0.0,0.0,0.0,0.0,0.0,0.0,0.0,0.0
4932.YGL169W,0.003957457333663122,0.001259551363439183,0.0,0.0,0.0,0.0,0.0,0.0,0.0,0.0,0.0,0.0,0.0,0.0
4932.YIL116W,0.019539945584961662,0.00944582344361491,0.0,0.0,0.0,0.0,0.0,0.0,0.0,0.0,0.0,0.0,0.0,0.0
4932.YDR386W,0.0002473410833539451,7.097789971133111e-05,0.0,0.0,0.0,0.0,0.0,0.0,0.0,0.0,0.0,0.0,0.0,0.0
4932.YBR199W,0.0004946821667078902,0.00013318420813485484,0.0,0.0,0.0,0.0,0.0,0.0,0.0,0.0,0.0,0.0,0.0,0.0
4932.YDR483W,0.0014840465001236705,0.00027931776942003014,0.0,0.0,0.0,0.0,0.0,0.0,0.0,0.0,0.0,0.0,0.0,0.0
4932.YNL029C,0.0004946821667078902,0.00013318420813485484,0.0,0.0,0.0,0.0,0.0,0.0,0.0,0.0,0.0,0.0,0.0,0.0
4932.YEL011W,0.012367054167697254,0.002158364145367826,0.0,0.0,0.0,0.0,0.0,0.0,0.0,0.0,0.0,0.0,0.0,0.0
4932.YJL153C,0.004699480583724957,0.0011572125944310243,0.0,0.0,0.0,0.0,0.0,0.0,0.0,0.0,0.0,0.0,0.0,0.0
4932.YIL085C,0.0007420232500618352,0.00020384575175224053,0.0,0.0,0.0,0.0,0.0,0.0,0.0,0.0,0.0,0.0,0.0,0.0
4932.YBR101C,0.0007420232500618352,2.3557068226768667e-06,0.0,0.0,0.0,0.0,0.0,0.0,0.0,0.0,0.0,0.0,0.0,0.0
4932.YIL016W,0.0007420232500618352,2.3557068226768667e-06,0.0,0.0,0.0,0.0,0.0,0.0,0.0,0.0,0.0,0.0,0.0,0.0
4932.YBR169C,0.004946821667078902,0.00016002438065666392,0.0,0.0,0.0,0.0,0.0,0.0,0.0,0.0,0.0,0.0,0.0,0.0
4932.YPL106C,0.004946821667078902,0.00016002438065666392,0.0,0.0,0.0,0.0,0.0,0.0,0.0,0.0,0.0,0.0,0.0,0.0
4932.YBR102C,0.001978728666831561,1.587050993962199e-30,0.0,0.0,0.0,0.0,0.0,0.0,0.0,0.0,0.0,0.0,0.0,0.0
4932.YIL068C,0.001978728666831561,1.587050993962199e-30,0.0,0.0,0.0,0.0,0.0,0.0,0.0,0.0,0.0,0.0,0.0,0.0
4932.YDR166C,0.001978728666831561,1.587050993962199e-30,0.0,0.0,0.0,0.0,0.0,0.0,0.0,0.0,0.0,0.0,0.0,0.0
4932.YLR166C,0.001978728666831561,1.587050993962199e-30,0.0,0.0,0.0,0.0,0.0,0.0,0.0,0.0,0.0,0.0,0.0,0.0
4932.YJL085W,0.001978728666831561,1.587050993962199e-30,0.0,0.0,0.0,0.0,0.0,0.0,0.0,0.0,0.0,0.0,0.0,0.0
4932.YER008C,0.001978728666831561,1.587050993962199e-30,0.0,0.0,0.0,0.0,0.0,0.0,0.0,0.0,0.0,0.0,0.0,0.0
4932.YPR055W,0.001978728666831561,1.587050993962199e-30,0.0,0.0,0.0,0.0,0.0,0.0,0.0,0.0,0.0,0.0,0.0,0.0
4932.YJL204C,0.001978728666831561,1.587050993962199e-30,0.0,0.0,0.0,0.0,0.0,0.0,0.0,0.0,0.0,0.0,0.0,0.0
4932.YGL233W,0.001978728666831561,1.587050993962199e-30,0.0,0.0,0.0,0.0,0.0,0.0,0.0,0.0,0.0,0.0,0.0,0.0
4932.YIL112W,0.007172891417264408,0.000679456272789625,0.0,0.0,0.0,0.0,0.0,0.0,0.0,0.0,0.0,0.0,0.0,0.0
4932.YDR155C,0.0027207519168933963,0.00032451307238210965,0.0,0.0,0.0,0.0,0.0,0.0,0.0,0.0,0.0,0.0,0.0,0.0
4932.YOL068C,0.004452139500371012,0.0008394851916258418,0.0,0.0,0.0,0.0,0.0,0.0,0.0,0.0,0.0,0.0,0.0,0.0
4932.YBR105C,0.0017313875834776156,7.13430569067154e-06,0.0,0.0,0.0,0.0,0.0,0.0,0.0,0.0,0.0,0.0,0.0,0.0
4932.YIL097W,0.0017313875834776156,7.13430569067154e-06,0.0,0.0,0.0,0.0,0.0,0.0,0.0,0.0,0.0,0.0,0.0,0.0
4932.YIL017C,0.006925550333910463,0.0009342572773856849,0.0,0.0,0.0,0.0,0.0,0.0,0.0,0.0,0.0,0.0,0.0,0.0
4932.YGR066C,0.0017313875834776156,7.13430569067154e-06,0.0,0.0,0.0,0.0,0.0,0.0,0.0,0.0,0.0,0.0,0.0,0.0
4932.YDR255C,0.0017313875834776156,7.13430569067154e-06,0.0,0.0,0.0,0.0,0.0,0.0,0.0,0.0,0.0,0.0,0.0,0.0
4932.YMR135C,0.0017313875834776156,7.13430569067154e-06,0.0,0.0,0.0,0.0,0.0,0.0,0.0,0.0,0.0,0.0,0.0,0.0
4932.YCL039W,0.0017313875834776156,7.13430569067154e-06,0.0,0.0,0.0,0.0,0.0,0.0,0.0,0.0,0.0,0.0,0.0,0.0
4932.YGL227W,0.0017313875834776156,7.13430569067154e-06,0.0,0.0,0.0,0.0,0.0,0.0,0.0,0.0,0.0,0.0,0.0,0.0
4932.YBR107C,0.0027207519168933963,0.000845070633101809,0.0,0.0,0.0,0.0,0.0,0.0,0.0,0.0,0.0,0.0,0.0,0.0
4932.YGL061C,0.0027207519168933963,0.000845070633101809,0.0,0.0,0.0,0.0,0.0,0.0,0.0,0.0,0.0,0.0,0.0,0.0
4932.YKL138C-A,0.0027207519168933963,0.000845070633101809,0.0,0.0,0.0,0.0,0.0,0.0,0.0,0.0,0.0,0.0,0.0,0.0
4932.YGR113W,0.0027207519168933963,0.000845070633101809,0.0,0.0,0.0,0.0,0.0,0.0,0.0,0.0,0.0,0.0,0.0,0.0
4932.YKL052C,0.0027207519168933963,0.000845070633101809,0.0,0.0,0.0,0.0,0.0,0.0,0.0,0.0,0.0,0.0,0.0,0.0
4932.YKR083C,0.0027207519168933963,0.000845070633101809,0.0,0.0,0.0,0.0,0.0,0.0,0.0,0.0,0.0,0.0,0.0,0.0
4932.YDR254W,0.0027207519168933963,0.000845070633101809,0.0,0.0,0.0,0.0,0.0,0.0,0.0,0.0,0.0,0.0,0.0,0.0
4932.YBR233W-A,0.0027207519168933963,0.000845070633101809,0.0,0.0,0.0,0.0,0.0,0.0,0.0,0.0,0.0,0.0,0.0,0.0
4932.YDR016C,0.0027207519168933963,0.000845070633101809,0.0,0.0,0.0,0.0,0.0,0.0,0.0,0.0,0.0,0.0,0.0,0.0
4932.YDR201W,0.0027207519168933963,0.000845070633101809,0.0,0.0,0.0,0.0,0.0,0.0,0.0,0.0,0.0,0.0,0.0,0.0
4932.YBR109C,0.004204798417017067,0.0003176426303347898,0.0,0.0,0.0,0.0,0.0,0.0,0.0,0.0,0.0,0.0,0.0,0.0
4932.YGR052W,0.001978728666831561,0.00024504079950337455,0.0,0.0,0.0,0.0,0.0,0.0,0.0,0.0,0.0,0.0,0.0,0.0
4932.YPL026C,0.002473410833539451,0.0002911357345027005,0.0,0.0,0.0,0.0,0.0,0.0,0.0,0.0,0.0,0.0,0.0,0.0
4932.YDR247W,0.001978728666831561,0.00024504079950337455,0.0,0.0,0.0,0.0,0.0,0.0,0.0,0.0,0.0,0.0,0.0,0.0
4932.YOR233W,0.001978728666831561,0.00024504079950337455,0.0,0.0,0.0,0.0,0.0,0.0,0.0,0.0,0.0,0.0,0.0,0.0
4932.YCL024W,0.002226069750185506,0.00024518658141654446,0.0,0.0,0.0,0.0,0.0,0.0,0.0,0.0,0.0,0.0,0.0,0.0
4932.YPL141C,0.001978728666831561,0.00024504079950337455,0.0,0.0,0.0,0.0,0.0,0.0,0.0,0.0,0.0,0.0,0.0,0.0
4932.YHR082C,0.001978728666831561,0.00024504079950337455,0.0,0.0,0.0,0.0,0.0,0.0,0.0,0.0,0.0,0.0,0.0,0.0
4932.YMR292W,0.006925550333910463,0.0010035488671182764,0.0,0.0,0.0,0.0,0.0,0.0,0.0,0.0,0.0,0.0,0.0,0.0
4932.YLR245C,0.01310907741775909,0.002160002178166788,0.0,0.0,0.0,0.0,0.0,0.0,0.0,0.0,0.0,0.0,0.0,0.0
4932.YGL221C,0.0012367054167697256,0.000109646143696271,0.0,0.0,0.0,0.0,0.0,0.0,0.0,0.0,0.0,0.0,0.0,0.0
4932.YOR257W,0.0054415038337867925,0.0003239592122181361,0.0,0.0,0.0,0.0,0.0,0.0,0.0,0.0,0.0,0.0,0.0,0.0
4932.YDR363W-A,0.006183527083848627,0.0006470159435593838,0.0,0.0,0.0,0.0,0.0,0.0,0.0,0.0,0.0,0.0,0.0,0.0
4932.YOL072W,0.0012367054167697256,8.619122267740723e-06,0.0,0.0,0.0,0.0,0.0,0.0,0.0,0.0,0.0,0.0,0.0,0.0
4932.YJR084W,0.0027207519168933963,1.9975080337750074e-05,0.0,0.0,0.0,0.0,0.0,0.0,0.0,0.0,0.0,0.0,0.0,0.0
4932.YDR159W,0.003215434083601286,0.00016404206048843594,0.0,0.0,0.0,0.0,0.0,0.0,0.0,0.0,0.0,0.0,0.0,0.0
4932.YDL101C,0.0009893643334157804,7.934445730826458e-05,0.0,0.0,0.0,0.0,0.0,0.0,0.0,0.0,0.0,0.0,0.0,0.0
4932.YCR083W,0.003957457333663122,0.0010046433506210358,0.0,0.0,0.0,0.0,0.0,0.0,0.0,0.0,0.0,0.0,0.0,0.0
4932.YDR283C,0.0027207519168933963,0.00016819284375752373,0.0,0.0,0.0,0.0,0.0,0.0,0.0,0.0,0.0,0.0,0.0,0.0
4932.YMR156C,0.008904279000742024,0.007801715415312221,0.0,0.0,0.0,0.0,0.0,0.0,0.0,0.0,0.0,0.0,0.0,0.0
4932.YIL132C,0.007667573583972298,3.911660626194894e-05,0.0,0.0,0.0,0.0,0.0,0.0,0.0,0.0,0.0,0.0,0.0,0.0
4932.YFR025C,0.0007420232500618352,0.00013948476475530552,0.0,0.0,0.0,0.0,0.0,0.0,0.0,0.0,0.0,0.0,0.0,0.0
4932.YGR003W,0.003957457333663122,5.071509217224938e-05,0.0,0.0,0.0,0.0,0.0,0.0,0.0,0.0,0.0,0.0,0.0,0.0
4932.YLR265C,0.008162255750680188,3.912077885756505e-05,0.0,0.0,0.0,0.0,0.0,0.0,0.0,0.0,0.0,0.0,0.0,0.0
4932.YOR288C,0.0034627751669552313,0.0008704748130326945,0.0,0.0,0.0,0.0,0.0,0.0,0.0,0.0,0.0,0.0,0.0,0.0
4932.YGR209C,0.004204798417017067,0.001140652886129129,0.0,0.0,0.0,0.0,0.0,0.0,0.0,0.0,0.0,0.0,0.0,0.0
4932.YCL038C,0.003215434083601286,0.00087027893503008,0.0,0.0,0.0,0.0,0.0,0.0,0.0,0.0,0.0,0.0,0.0,0.0
4932.YOR202W,0.004452139500371012,0.0006334292042014863,0.0,0.0,0.0,0.0,0.0,0.0,0.0,0.0,0.0,0.0,0.0,0.0
4932.YGR258C,0.008162255750680188,0.00012351482921954567,0.0,0.0,0.0,0.0,0.0,0.0,0.0,0.0,0.0,0.0,0.0,0.0
4932.YOL064C,0.004699480583724957,0.002152534956603099,0.0,0.0,0.0,0.0,0.0,0.0,0.0,0.0,0.0,0.0,0.0,0.0
4932.YDR518W,0.0037101162503091764,0.0008781762655435546,0.0,0.0,0.0,0.0,0.0,0.0,0.0,0.0,0.0,0.0,0.0,0.0
4932.YIL005W,0.0034627751669552313,0.0008704748130326945,0.0,0.0,0.0,0.0,0.0,0.0,0.0,0.0,0.0,0.0,0.0,0.0
4932.YLR376C,0.007667573583972298,3.911660626194894e-05,0.0,0.0,0.0,0.0,0.0,0.0,0.0,0.0,0.0,0.0,0.0,0.0
4932.YJL047C,0.002226069750185506,2.8499619050687637e-05,0.0,0.0,0.0,0.0,0.0,0.0,0.0,0.0,0.0,0.0,0.0,0.0
4932.YDL154W,0.007667573583972298,3.911660626194894e-05,0.0,0.0,0.0,0.0,0.0,0.0,0.0,0.0,0.0,0.0,0.0,0.0
4932.YER171W,0.02572347266881029,0.0001385924569814485,0.0,0.0,0.0,0.0,0.0,0.0,0.0,0.0,0.0,0.0,0.0,0.0
4932.YEL037C,0.007667573583972298,3.911660626194894e-05,0.0,0.0,0.0,0.0,0.0,0.0,0.0,0.0,0.0,0.0,0.0,0.0
4932.YPR033C,0.0009893643334157804,0.00012632213698890479,0.0,0.0,0.0,0.0,0.0,0.0,0.0,0.0,0.0,0.0,0.0,0.0
4932.YPL164C,0.007667573583972298,3.911660626194894e-05,0.0,0.0,0.0,0.0,0.0,0.0,0.0,0.0,0.0,0.0,0.0,0.0
4932.YPR056W,0.023744744001978728,0.00011630319610605961,0.0,0.0,0.0,0.0,0.0,0.0,0.0,0.0,0.0,0.0,0.0,0.0
4932.YOL133W,0.004946821667078902,7.486198614490597e-05,0.0,0.0,0.0,0.0,0.0,0.0,0.0,0.0,0.0,0.0,0.0,0.0
4932.YML095C,0.007667573583972298,3.911660626194894e-05,0.0,0.0,0.0,0.0,0.0,0.0,0.0,0.0,0.0,0.0,0.0,0.0
4932.YFL003C,0.007667573583972298,3.911660626194894e-05,0.0,0.0,0.0,0.0,0.0,0.0,0.0,0.0,0.0,0.0,0.0,0.0
4932.YPL088W,0.007420232500618353,0.00949013917529093,0.0,0.0,0.0,0.0,0.0,0.0,0.0,0.0,0.0,0.0,0.0,0.0
4932.YLR035C,0.007667573583972298,3.911660626194894e-05,0.0,0.0,0.0,0.0,0.0,0.0,0.0,0.0,0.0,0.0,0.0,0.0
4932.YDR314C,0.007667573583972298,3.911660626194894e-05,0.0,0.0,0.0,0.0,0.0,0.0,0.0,0.0,0.0,0.0,0.0,0.0
4932.YJR052W,0.008656937917388079,4.120403969706014e-05,0.0,0.0,0.0,0.0,0.0,0.0,0.0,0.0,0.0,0.0,0.0,0.0
4932.YPL122C,0.023744744001978728,0.00011630319610605961,0.0,0.0,0.0,0.0,0.0,0.0,0.0,0.0,0.0,0.0,0.0,0.0
4932.YLR005W,0.023744744001978728,0.00011630319610605961,0.0,0.0,0.0,0.0,0.0,0.0,0.0,0.0,0.0,0.0,0.0,0.0
4932.YCR092C,0.007667573583972298,3.911660626194894e-05,0.0,0.0,0.0,0.0,0.0,0.0,0.0,0.0,0.0,0.0,0.0,0.0
4932.YHL006C,0.007667573583972298,3.911660626194894e-05,0.0,0.0,0.0,0.0,0.0,0.0,0.0,0.0,0.0,0.0,0.0,0.0
4932.YMR201C,0.013851100667820925,6.127621304881079e-05,0.0,0.0,0.0,0.0,0.0,0.0,0.0,0.0,0.0,0.0,0.0,0.0
4932.YPL022W,0.007667573583972298,3.911660626194894e-05,0.0,0.0,0.0,0.0,0.0,0.0,0.0,0.0,0.0,0.0,0.0,0.0
4932.YPL206C,0.01063566658421964,0.004116019518276567,0.0,0.0,0.0,0.0,0.0,0.0,0.0,0.0,0.0,0.0,0.0,0.0
4932.YDR078C,0.007667573583972298,3.911660626194894e-05,0.0,0.0,0.0,0.0,0.0,0.0,0.0,0.0,0.0,0.0,0.0,0.0
4932.YDR030C,0.013851100667820925,6.127621304881079e-05,0.0,0.0,0.0,0.0,0.0,0.0,0.0,0.0,0.0,0.0,0.0,0.0
4932.YCR014C,0.0004946821667078902,7.051346352368979e-05,0.0,0.0,0.0,0.0,0.0,0.0,0.0,0.0,0.0,0.0,0.0,0.0
4932.YDR183W,0.002968093000247341,0.0008613954812606644,0.0,0.0,0.0,0.0,0.0,0.0,0.0,0.0,0.0,0.0,0.0,0.0
4932.YDR311W,0.023744744001978728,0.00011630319610605961,0.0,0.0,0.0,0.0,0.0,0.0,0.0,0.0,0.0,0.0,0.0,0.0
4932.YKL112W,0.007667573583972298,3.911660626194894e-05,0.0,0.0,0.0,0.0,0.0,0.0,0.0,0.0,0.0,0.0,0.0,0.0
4932.YER162C,0.008162255750680188,4.035773057681849e-05,0.0,0.0,0.0,0.0,0.0,0.0,0.0,0.0,0.0,0.0,0.0,0.0
4932.YIL143C,0.024239426168686618,0.0001170182172021523,0.0,0.0,0.0,0.0,0.0,0.0,0.0,0.0,0.0,0.0,0.0,0.0
4932.YPL186C,0.0012367054167697256,0.0010882535825813581,0.0,0.0,0.0,0.0,0.0,0.0,0.0,0.0,0.0,0.0,0.0,0.0
4932.YOR242C,0.0017313875834776156,0.00348456671652843,0.0,0.0,0.0,0.0,0.0,0.0,0.0,0.0,0.0,0.0,0.0,0.0
4932.YER149C,0.002226069750185506,0.0014753302472085062,0.0,0.0,0.0,0.0,0.0,0.0,0.0,0.0,0.0,0.0,0.0,0.0
4932.YGR004W,0.0012367054167697256,0.0010882535825813581,0.0,0.0,0.0,0.0,0.0,0.0,0.0,0.0,0.0,0.0,0.0,0.0
4932.YBR168W,0.0012367054167697256,0.0010882535825813581,0.0,0.0,0.0,0.0,0.0,0.0,0.0,0.0,0.0,0.0,0.0,0.0
4932.YDR100W,0.0017313875834776156,0.00348456671652843,0.0,0.0,0.0,0.0,0.0,0.0,0.0,0.0,0.0,0.0,0.0,0.0
4932.YGL154C,0.0004946821667078902,0.0004886270046490178,0.0,0.0,0.0,0.0,0.0,0.0,0.0,0.0,0.0,0.0,0.0,0.0
4932.YER150W,0.0014840465001236705,0.0015875452357792697,0.0,0.0,0.0,0.0,0.0,0.0,0.0,0.0,0.0,0.0,0.0,0.0
4932.YKL057C,0.008904279000742024,0.00822910506796344,0.0,0.0,0.0,0.0,0.0,0.0,0.0,0.0,0.0,0.0,0.0,0.0
4932.YMR238W,0.0017313875834776156,0.00348456671652843,0.0,0.0,0.0,0.0,0.0,0.0,0.0,0.0,0.0,0.0,0.0,0.0
4932.YPL166W,0.003215434083601286,0.0034899112666983267,0.0,0.0,0.0,0.0,0.0,0.0,0.0,0.0,0.0,0.0,0.0,0.0
4932.YLR324W,0.0012367054167697256,0.0010882535825813581,0.0,0.0,0.0,0.0,0.0,0.0,0.0,0.0,0.0,0.0,0.0,0.0
4932.YKL046C,0.0017313875834776156,0.00348456671652843,0.0,0.0,0.0,0.0,0.0,0.0,0.0,0.0,0.0,0.0,0.0,0.0
4932.YMR179W,0.002473410833539451,0.001880078790298041,0.0,0.0,0.0,0.0,0.0,0.0,0.0,0.0,0.0,0.0,0.0,0.0
4932.YIL010W,0.0027207519168933963,0.001101035287617395,0.0,0.0,0.0,0.0,0.0,0.0,0.0,0.0,0.0,0.0,0.0,0.0
4932.YDR315C,0.01113034875092753,0.006679368258166525,0.0,0.0,0.0,0.0,0.0,0.0,0.0,0.0,0.0,0.0,0.0,0.0
4932.YKR066C,0.011377689834281475,0.007265928538658102,0.0,0.0,0.0,0.0,0.0,0.0,0.0,0.0,0.0,0.0,0.0,0.0
4932.YGR169C,0.002226069750185506,0.0015938870048841883,0.0,0.0,0.0,0.0,0.0,0.0,0.0,0.0,0.0,0.0,0.0,0.0
4932.YIL147C,0.01014098441751175,0.006489504814558603,0.0,0.0,0.0,0.0,0.0,0.0,0.0,0.0,0.0,0.0,0.0,0.0
4932.YGL059W,0.010883007667573585,0.006950497449676705,0.0,0.0,0.0,0.0,0.0,0.0,0.0,0.0,0.0,0.0,0.0,0.0
4932.YGR062C,0.0009893643334157804,0.00023309433548440072,0.0,0.0,0.0,0.0,0.0,0.0,0.0,0.0,0.0,0.0,0.0,0.0
4932.YDL036C,0.002226069750185506,0.0015938870048841883,0.0,0.0,0.0,0.0,0.0,0.0,0.0,0.0,0.0,0.0,0.0,0.0
4932.YIL042C,0.010388325500865695,0.0066975035335170826,0.0,0.0,0.0,0.0,0.0,0.0,0.0,0.0,0.0,0.0,0.0,0.0
4932.YJR149W,0.002473410833539451,0.001880078790298041,0.0,0.0,0.0,0.0,0.0,0.0,0.0,0.0,0.0,0.0,0.0,0.0
4932.YER154W,0.0009893643334157804,0.00023309433548440072,0.0,0.0,0.0,0.0,0.0,0.0,0.0,0.0,0.0,0.0,0.0,0.0
4932.YLR165C,0.002226069750185506,0.0015938870048841883,0.0,0.0,0.0,0.0,0.0,0.0,0.0,0.0,0.0,0.0,0.0,0.0
4932.YLR006C,0.010883007667573585,0.006585039294947696,0.0,0.0,0.0,0.0,0.0,0.0,0.0,0.0,0.0,0.0,0.0,0.0
4932.YLR293C,0.002968093000247341,1.8397901105736974e-05,0.0,0.0,0.0,0.0,0.0,0.0,0.0,0.0,0.0,0.0,0.0,0.0
4932.YOR185C,0.001978728666831561,1.714572843388997e-05,0.0,0.0,0.0,0.0,0.0,0.0,0.0,0.0,0.0,0.0,0.0,0.0
4932.YIL064W,0.0004946821667078902,1.309444400423085e-05,0.0,0.0,0.0,0.0,0.0,0.0,0.0,0.0,0.0,0.0,0.0,0.0
4932.YGR001C,0.0004946821667078902,1.309444400423085e-05,0.0,0.0,0.0,0.0,0.0,0.0,0.0,0.0,0.0,0.0,0.0,0.0
4932.YBR119W,0.007914914667326243,4.6151256094848265e-06,0.0,0.0,0.0,0.0,0.0,0.0,0.0,0.0,0.0,0.0,0.0,0.0
4932.YIL061C,0.008656937917388079,8.935118540987368e-06,0.0,0.0,0.0,0.0,0.0,0.0,0.0,0.0,0.0,0.0,0.0,0.0
4932.YKL012W,0.007914914667326243,4.6151256094848265e-06,0.0,0.0,0.0,0.0,0.0,0.0,0.0,0.0,0.0,0.0,0.0,0.0
4932.YHR086W,0.008656937917388079,8.935118540987368e-06,0.0,0.0,0.0,0.0,0.0,0.0,0.0,0.0,0.0,0.0,0.0,0.0
4932.YDL030W,0.007667573583972298,4.503394768994139e-06,0.0,0.0,0.0,0.0,0.0,0.0,0.0,0.0,0.0,0.0,0.0,0.0
4932.YIR009W,0.007914914667326243,4.6151256094848265e-06,0.0,0.0,0.0,0.0,0.0,0.0,0.0,0.0,0.0,0.0,0.0,0.0
4932.YDR235W,0.008656937917388079,8.935118540987368e-06,0.0,0.0,0.0,0.0,0.0,0.0,0.0,0.0,0.0,0.0,0.0,0.0
4932.YMR288W,0.009151620084095969,4.710645907678633e-06,0.0,0.0,0.0,0.0,0.0,0.0,0.0,0.0,0.0,0.0,0.0,0.0
4932.YDR240C,0.008656937917388079,8.935118540987371e-06,0.0,0.0,0.0,0.0,0.0,0.0,0.0,0.0,0.0,0.0,0.0,0.0
4932.YLR298C,0.008656937917388079,8.935118540987371e-06,0.0,0.0,0.0,0.0,0.0,0.0,0.0,0.0,0.0,0.0,0.0,0.0
4932.YJL203W,0.009151620084095969,4.710645907678633e-06,0.0,0.0,0.0,0.0,0.0,0.0,0.0,0.0,0.0,0.0,0.0,0.0
4932.YGR013W,0.007914914667326243,4.6151256094848265e-06,0.0,0.0,0.0,0.0,0.0,0.0,0.0,0.0,0.0,0.0,0.0,0.0
4932.YPL213W,0.009893643334157804,0.0001696128922516899,0.0,0.0,0.0,0.0,0.0,0.0,0.0,0.0,0.0,0.0,0.0,0.0
4932.YMR240C,0.009151620084095969,4.710645907678633e-06,0.0,0.0,0.0,0.0,0.0,0.0,0.0,0.0,0.0,0.0,0.0,0.0
4932.YML046W,0.008656937917388079,8.93511854098737e-06,0.0,0.0,0.0,0.0,0.0,0.0,0.0,0.0,0.0,0.0,0.0,0.0
4932.YML049C,0.009151620084095969,4.710645907678633e-06,0.0,0.0,0.0,0.0,0.0,0.0,0.0,0.0,0.0,0.0,0.0,0.0
4932.YHL024W,0.007914914667326243,4.6151256094848265e-06,0.0,0.0,0.0,0.0,0.0,0.0,0.0,0.0,0.0,0.0,0.0,0.0
4932.YDL043C,0.009151620084095969,4.710645907678633e-06,0.0,0.0,0.0,0.0,0.0,0.0,0.0,0.0,0.0,0.0,0.0,0.0
4932.YDL087C,0.007914914667326243,4.6151256094848265e-06,0.0,0.0,0.0,0.0,0.0,0.0,0.0,0.0,0.0,0.0,0.0,0.0
4932.YKL074C,0.008409596834034134,8.823387700496681e-06,0.0,0.0,0.0,0.0,0.0,0.0,0.0,0.0,0.0,0.0,0.0,0.0
4932.YOR319W,0.009151620084095969,4.710645907678633e-06,0.0,0.0,0.0,0.0,0.0,0.0,0.0,0.0,0.0,0.0,0.0,0.0
4932.YPR152C,0.007914914667326243,4.6151256094848265e-06,0.0,0.0,0.0,0.0,0.0,0.0,0.0,0.0,0.0,0.0,0.0,0.0
4932.YBR120C,0.0002473410833539451,3.3380324233660764e-46,0.0,0.0,0.0,0.0,0.0,0.0,0.0,0.0,0.0,0.0,0.0,0.0
4932.YPL215W,0.0002473410833539451,3.3380324233660764e-46,0.0,0.0,0.0,0.0,0.0,0.0,0.0,0.0,0.0,0.0,0.0,0.0
4932.YBR121C,0.0002473410833539451,3.3380324233660764e-46,0.0,0.0,0.0,0.0,0.0,0.0,0.0,0.0,0.0,0.0,0.0,0.0
4932.YPR081C,0.0002473410833539451,3.3380324233660764e-46,0.0,0.0,0.0,0.0,0.0,0.0,0.0,0.0,0.0,0.0,0.0,0.0
4932.YBR125C,0.0007420232500618352,0.0005277026957687586,0.0,0.0,0.0,0.0,0.0,0.0,0.0,0.0,0.0,0.0,0.0,0.0
4932.YBR126C,0.007172891417264408,0.0024422232200814226,0.0,0.0,0.0,0.0,0.0,0.0,0.0,0.0,0.0,0.0,0.0,0.0
4932.YKR058W,0.006430868167202572,0.0021618839989102695,0.0,0.0,0.0,0.0,0.0,0.0,0.0,0.0,0.0,0.0,0.0,0.0
4932.YJL137C,0.006678209250556517,0.0021909596581277543,0.0,0.0,0.0,0.0,0.0,0.0,0.0,0.0,0.0,0.0,0.0,0.0
4932.YKL203C,0.012367054167697254,0.001177247529069312,0.0,0.0,0.0,0.0,0.0,0.0,0.0,0.0,0.0,0.0,0.0,0.0
4932.YNL006W,0.01113034875092753,0.001068778941661824,0.0,0.0,0.0,0.0,0.0,0.0,0.0,0.0,0.0,0.0,0.0,0.0
4932.YCR027C,0.005194162750432847,0.00042203586300967557,0.0,0.0,0.0,0.0,0.0,0.0,0.0,0.0,0.0,0.0,0.0,0.0
4932.YHR186C,0.01113034875092753,0.0011639123164942301,0.0,0.0,0.0,0.0,0.0,0.0,0.0,0.0,0.0,0.0,0.0,0.0
4932.YBR130C,0.002968093000247341,0.001155106639991747,0.0,0.0,0.0,0.0,0.0,0.0,0.0,0.0,0.0,0.0,0.0,0.0
4932.YBR131W,0.0009893643334157804,1.3040979093445104e-05,0.0,0.0,0.0,0.0,0.0,0.0,0.0,0.0,0.0,0.0,0.0,0.0
4932.YGL124C,0.0009893643334157804,1.3040979093445104e-05,0.0,0.0,0.0,0.0,0.0,0.0,0.0,0.0,0.0,0.0,0.0,0.0
4932.YOR370C,0.006430868167202572,5.874661654243644e-05,0.0,0.0,0.0,0.0,0.0,0.0,0.0,0.0,0.0,0.0,0.0,0.0
4932.YBR132C,0.0027207519168933963,0.001422464716548784,0.0,0.0,0.0,0.0,0.0,0.0,0.0,0.0,0.0,0.0,0.0,0.0
4932.YBR133C,0.0007420232500618352,4.806203681476664e-07,0.0,0.0,0.0,0.0,0.0,0.0,0.0,0.0,0.0,0.0,0.0,0.0
4932.YKL101W,0.0007420232500618352,4.806203681476664e-07,0.0,0.0,0.0,0.0,0.0,0.0,0.0,0.0,0.0,0.0,0.0,0.0
4932.YJL187C,0.002968093000247341,1.9949390797423764e-05,0.0,0.0,0.0,0.0,0.0,0.0,0.0,0.0,0.0,0.0,0.0,0.0
4932.YBR135W,0.0002473410833539451,5.962772398982728e-07,0.0,0.0,0.0,0.0,0.0,0.0,0.0,0.0,0.0,0.0,0.0,0.0
4932.YBR136W,0.002473410833539451,2.4655915834286984e-06,0.0,0.0,0.0,0.0,0.0,0.0,0.0,0.0,0.0,0.0,0.0,0.0
4932.YLR263W,0.0007420232500618352,4.4061851286165473e-07,0.0,0.0,0.0,0.0,0.0,0.0,0.0,0.0,0.0,0.0,0.0,0.0
4932.YPL153C,0.0017313875834776156,2.3694834164631643e-06,0.0,0.0,0.0,0.0,0.0,0.0,0.0,0.0,0.0,0.0,0.0,0.0
4932.YDR217C,0.0017313875834776156,1.3258286271747245e-06,0.0,0.0,0.0,0.0,0.0,0.0,0.0,0.0,0.0,0.0,0.0,0.0
4932.YBR274W,0.0007420232500618352,1.439216107792024e-06,0.0,0.0,0.0,0.0,0.0,0.0,0.0,0.0,0.0,0.0,0.0,0.0
4932.YDR499W,0.0012367054167697256,9.793453231786945e-08,0.0,0.0,0.0,0.0,0.0,0.0,0.0,0.0,0.0,0.0,0.0,0.0
4932.YBR137W,0.0012367054167697256,9.61561196020685e-05,0.0,0.0,0.0,0.0,0.0,0.0,0.0,0.0,0.0,0.0,0.0,0.0
4932.YOR164C,0.0012367054167697256,9.61561196020685e-05,0.0,0.0,0.0,0.0,0.0,0.0,0.0,0.0,0.0,0.0,0.0,0.0
4932.YOL111C,0.0017313875834776156,9.963689892478585e-05,0.0,0.0,0.0,0.0,0.0,0.0,0.0,0.0,0.0,0.0,0.0,0.0
4932.YBR141C,0.003957457333663122,0.00013715814289509616,0.0,0.0,0.0,0.0,0.0,0.0,0.0,0.0,0.0,0.0,0.0,0.0
4932.YER168C,0.004452139500371012,0.0005527514248845167,0.0,0.0,0.0,0.0,0.0,0.0,0.0,0.0,0.0,0.0,0.0,0.0
4932.YDR293C,0.007667573583972298,0.00023303298399962748,0.0,0.0,0.0,0.0,0.0,0.0,0.0,0.0,0.0,0.0,0.0,0.0
4932.YMR287C,0.007667573583972298,0.00023303298399962748,0.0,0.0,0.0,0.0,0.0,0.0,0.0,0.0,0.0,0.0,0.0,0.0
4932.YJR136C,0.005936186000494682,0.0005643936800901945,0.0,0.0,0.0,0.0,0.0,0.0,0.0,0.0,0.0,0.0,0.0,0.0
4932.YBR142W,0.0017313875834776156,0.0007091671120436404,0.0,0.0,0.0,0.0,0.0,0.0,0.0,0.0,0.0,0.0,0.0,0.0
4932.YBR143C,0.0007420232500618352,3.0655089819428374e-06,0.0,0.0,0.0,0.0,0.0,0.0,0.0,0.0,0.0,0.0,0.0,0.0
4932.YDR140W,0.001978728666831561,0.00041298506963346755,0.0,0.0,0.0,0.0,0.0,0.0,0.0,0.0,0.0,0.0,0.0,0.0
4932.YNR046W,0.001978728666831561,3.780957154589222e-06,0.0,0.0,0.0,0.0,0.0,0.0,0.0,0.0,0.0,0.0,0.0,0.0
4932.YDR172W,0.0007420232500618352,3.065508981942837e-06,0.0,0.0,0.0,0.0,0.0,0.0,0.0,0.0,0.0,0.0,0.0,0.0
4932.YKL184W,0.011872372000989364,0.007442757578935895,0.0,0.0,0.0,0.0,0.0,0.0,0.0,0.0,0.0,0.0,0.0,0.0
4932.YBR148W,0.0017313875834776156,9.395725986263803e-32,0.0,0.0,0.0,0.0,0.0,0.0,0.0,0.0,0.0,0.0,0.0,0.0
4932.YGR059W,0.0017313875834776156,9.395725986263803e-32,0.0,0.0,0.0,0.0,0.0,0.0,0.0,0.0,0.0,0.0,0.0,0.0
4932.YHR107C,0.0017313875834776156,9.395725986263803e-32,0.0,0.0,0.0,0.0,0.0,0.0,0.0,0.0,0.0,0.0,0.0,0.0
4932.YCR002C,0.0017313875834776156,9.395725986263803e-32,0.0,0.0,0.0,0.0,0.0,0.0,0.0,0.0,0.0,0.0,0.0,0.0
4932.YDL225W,0.0017313875834776156,9.395725986263803e-32,0.0,0.0,0.0,0.0,0.0,0.0,0.0,0.0,0.0,0.0,0.0,0.0
4932.YLR314C,0.0017313875834776156,9.395725986263803e-32,0.0,0.0,0.0,0.0,0.0,0.0,0.0,0.0,0.0,0.0,0.0,0.0
4932.YJR076C,0.0017313875834776156,9.395725986263803e-32,0.0,0.0,0.0,0.0,0.0,0.0,0.0,0.0,0.0,0.0,0.0,0.0
4932.YDR218C,0.0017313875834776156,9.395725986263803e-32,0.0,0.0,0.0,0.0,0.0,0.0,0.0,0.0,0.0,0.0,0.0,0.0
4932.YOL165C,0.006925550333910463,0.00900839236641335,0.0,0.0,0.0,0.0,0.0,0.0,0.0,0.0,0.0,0.0,0.0,0.0
4932.YDR158W,0.01113034875092753,0.009271371817380226,0.0,0.0,0.0,0.0,0.0,0.0,0.0,0.0,0.0,0.0,0.0,0.0
4932.YMR041C,0.007420232500618353,0.008598170838700403,0.0,0.0,0.0,0.0,0.0,0.0,0.0,0.0,0.0,0.0,0.0,0.0
4932.YNL331C,0.007172891417264408,0.009752290938506507,0.0,0.0,0.0,0.0,0.0,0.0,0.0,0.0,0.0,0.0,0.0,0.0
4932.YDL243C,0.006678209250556517,0.007896464144680395,0.0,0.0,0.0,0.0,0.0,0.0,0.0,0.0,0.0,0.0,0.0,0.0
4932.YLR420W,0.005936186000494682,0.002529376205357582,0.0,0.0,0.0,0.0,0.0,0.0,0.0,0.0,0.0,0.0,0.0,0.0
4932.YPL212C,0.0014840465001236705,0.0012007053165538917,0.0,0.0,0.0,0.0,0.0,0.0,0.0,0.0,0.0,0.0,0.0,0.0
4932.YGR010W,0.008904279000742024,0.0029680390425220445,0.0,0.0,0.0,0.0,0.0,0.0,0.0,0.0,0.0,0.0,0.0,0.0
4932.YFL001W,0.0014840465001236705,0.0012007053165538917,0.0,0.0,0.0,0.0,0.0,0.0,0.0,0.0,0.0,0.0,0.0,0.0
4932.YER142C,0.004699480583724957,0.0018559425570825175,0.0,0.0,0.0,0.0,0.0,0.0,0.0,0.0,0.0,0.0,0.0,0.0
4932.YLR328W,0.008904279000742024,0.0029680390425220445,0.0,0.0,0.0,0.0,0.0,0.0,0.0,0.0,0.0,0.0,0.0,0.0
4932.YGL063W,0.0014840465001236705,0.0012007053165538917,0.0,0.0,0.0,0.0,0.0,0.0,0.0,0.0,0.0,0.0,0.0,0.0
4932.YNL292W,0.001978728666831561,0.0012255242717641186,0.0,0.0,0.0,0.0,0.0,0.0,0.0,0.0,0.0,0.0,0.0,0.0
4932.YML060W,0.004699480583724957,0.0018559425570825175,0.0,0.0,0.0,0.0,0.0,0.0,0.0,0.0,0.0,0.0,0.0,0.0
4932.YIL162W,0.005688844917140738,0.004828971295980273,0.0,0.0,0.0,0.0,0.0,0.0,0.0,0.0,0.0,0.0,0.0,0.0
4932.YMR227C,0.01063566658421964,4.867785245931469e-05,0.0,0.0,0.0,0.0,0.0,0.0,0.0,0.0,0.0,0.0,0.0,0.0
4932.YMR005W,0.01063566658421964,4.867785245931469e-05,0.0,0.0,0.0,0.0,0.0,0.0,0.0,0.0,0.0,0.0,0.0,0.0
4932.YGL043W,0.01014098441751175,0.0002429100600210145,0.0,0.0,0.0,0.0,0.0,0.0,0.0,0.0,0.0,0.0,0.0,0.0
4932.YOR340C,0.006430868167202572,3.785408914536796e-05,0.0,0.0,0.0,0.0,0.0,0.0,0.0,0.0,0.0,0.0,0.0,0.0
4932.YPR010C,0.007172891417264408,0.00042216103723687103,0.0,0.0,0.0,0.0,0.0,0.0,0.0,0.0,0.0,0.0,0.0,0.0
4932.YNL248C,0.006430868167202572,3.785408914536796e-05,0.0,0.0,0.0,0.0,0.0,0.0,0.0,0.0,0.0,0.0,0.0,0.0
4932.YJL148W,0.003215434083601286,2.7778903121787567e-05,0.0,0.0,0.0,0.0,0.0,0.0,0.0,0.0,0.0,0.0,0.0,0.0
4932.YJR063W,0.007914914667326243,0.0002493125705874672,0.0,0.0,0.0,0.0,0.0,0.0,0.0,0.0,0.0,0.0,0.0,0.0
4932.YGR274C,0.01063566658421964,4.867785245931469e-05,0.0,0.0,0.0,0.0,0.0,0.0,0.0,0.0,0.0,0.0,0.0,0.0
4932.YER139C,0.007667573583972298,3.881935032027177e-05,0.0,0.0,0.0,0.0,0.0,0.0,0.0,0.0,0.0,0.0,0.0,0.0
4932.YOR124C,0.007914914667326243,2.8274518123609874e-05,0.0,0.0,0.0,0.0,0.0,0.0,0.0,0.0,0.0,0.0,0.0,0.0
4932.YPR086W,0.01162503091763542,4.844847309636402e-05,0.0,0.0,0.0,0.0,0.0,0.0,0.0,0.0,0.0,0.0,0.0,0.0
4932.YCR042C,0.01063566658421964,4.867785245931469e-05,0.0,0.0,0.0,0.0,0.0,0.0,0.0,0.0,0.0,0.0,0.0,0.0
4932.YMR304W,0.007914914667326243,2.8274518123609874e-05,0.0,0.0,0.0,0.0,0.0,0.0,0.0,0.0,0.0,0.0,0.0,0.0
4932.YMR277W,0.007914914667326243,3.431085129818002e-05,0.0,0.0,0.0,0.0,0.0,0.0,0.0,0.0,0.0,0.0,0.0,0.0
4932.YDR079C-A,0.017808558001484048,8.330150118085874e-05,0.0,0.0,0.0,0.0,0.0,0.0,0.0,0.0,0.0,0.0,0.0,0.0
4932.YJR035W,0.007914914667326243,2.8274518123609874e-05,0.0,0.0,0.0,0.0,0.0,0.0,0.0,0.0,0.0,0.0,0.0,0.0
4932.YKL125W,0.005688844917140738,3.704977855875242e-05,0.0,0.0,0.0,0.0,0.0,0.0,0.0,0.0,0.0,0.0,0.0,0.0
4932.YKL028W,0.01162503091763542,4.844847309636402e-05,0.0,0.0,0.0,0.0,0.0,0.0,0.0,0.0,0.0,0.0,0.0,0.0
4932.YLR216C,0.008656937917388079,0.00017576000667541322,0.0,0.0,0.0,0.0,0.0,0.0,0.0,0.0,0.0,0.0,0.0,0.0
4932.YKR062W,0.01162503091763542,4.844847309636402e-05,0.0,0.0,0.0,0.0,0.0,0.0,0.0,0.0,0.0,0.0,0.0,0.0
4932.YBR236C,0.007914914667326243,4.8082513522722546e-05,0.0,0.0,0.0,0.0,0.0,0.0,0.0,0.0,0.0,0.0,0.0,0.0
4932.YKL005C,0.008656937917388079,3.145157857891526e-05,0.0,0.0,0.0,0.0,0.0,0.0,0.0,0.0,0.0,0.0,0.0,0.0
4932.YDR289C,0.007667573583972298,3.881935032027177e-05,0.0,0.0,0.0,0.0,0.0,0.0,0.0,0.0,0.0,0.0,0.0,0.0
4932.YML098W,0.012119713084343309,5.528480380304721e-05,0.0,0.0,0.0,0.0,0.0,0.0,0.0,0.0,0.0,0.0,0.0,0.0
4932.YDR156W,0.003215434083601286,2.7778903121787567e-05,0.0,0.0,0.0,0.0,0.0,0.0,0.0,0.0,0.0,0.0,0.0,0.0
4932.YML015C,0.012119713084343309,5.528480380304721e-05,0.0,0.0,0.0,0.0,0.0,0.0,0.0,0.0,0.0,0.0,0.0,0.0
4932.YGL130W,0.008409596834034134,3.0019322251825076e-05,0.0,0.0,0.0,0.0,0.0,0.0,0.0,0.0,0.0,0.0,0.0,0.0
4932.YOR341W,0.008656937917388079,0.0019487090794519703,0.0,0.0,0.0,0.0,0.0,0.0,0.0,0.0,0.0,0.0,0.0,0.0
4932.YBR156C,0.0007420232500618352,4.33474541496602e-08,0.0,0.0,0.0,0.0,0.0,0.0,0.0,0.0,0.0,0.0,0.0,0.0
4932.YJR089W,0.0007420232500618352,4.33474541496602e-08,0.0,0.0,0.0,0.0,0.0,0.0,0.0,0.0,0.0,0.0,0.0,0.0
4932.YHR199C-A,0.0007420232500618352,4.33474541496602e-08,0.0,0.0,0.0,0.0,0.0,0.0,0.0,0.0,0.0,0.0,0.0,0.0
4932.YPL209C,0.0017313875834776156,5.835245612796242e-06,0.0,0.0,0.0,0.0,0.0,0.0,0.0,0.0,0.0,0.0,0.0,0.0
4932.YBR158W,0.0007420232500618352,8.284842551491907e-05,0.0,0.0,0.0,0.0,0.0,0.0,0.0,0.0,0.0,0.0,0.0,0.0
4932.YLL060C,0.003957457333663122,0.003333872117514207,0.0,0.0,0.0,0.0,0.0,0.0,0.0,0.0,0.0,0.0,0.0,0.0
4932.YFR028C,0.003957457333663122,0.0005101260934318072,0.0,0.0,0.0,0.0,0.0,0.0,0.0,0.0,0.0,0.0,0.0,0.0
4932.YDL015C,0.0034627751669552313,0.00223107999844611,0.0,0.0,0.0,0.0,0.0,0.0,0.0,0.0,0.0,0.0,0.0,0.0
4932.YLR372W,0.002226069750185506,0.0018449071009801284,0.0,0.0,0.0,0.0,0.0,0.0,0.0,0.0,0.0,0.0,0.0,0.0
4932.YIR026C,0.0002473410833539451,0.00047444083448550583,0.0,0.0,0.0,0.0,0.0,0.0,0.0,0.0,0.0,0.0,0.0,0.0
4932.YDR512C,0.0002473410833539451,0.00047444083448550583,0.0,0.0,0.0,0.0,0.0,0.0,0.0,0.0,0.0,0.0,0.0,0.0
4932.YJL196C,0.002226069750185506,0.0018449071009801284,0.0,0.0,0.0,0.0,0.0,0.0,0.0,0.0,0.0,0.0,0.0,0.0
4932.YBR276C,0.0004946821667078902,0.0004790660703904343,0.0,0.0,0.0,0.0,0.0,0.0,0.0,0.0,0.0,0.0,0.0,0.0
4932.YDL228C,0.0004946821667078902,0.0004790660703904343,0.0,0.0,0.0,0.0,0.0,0.0,0.0,0.0,0.0,0.0,0.0,0.0
4932.YCR034W,0.002226069750185506,0.0018449071009801284,0.0,0.0,0.0,0.0,0.0,0.0,0.0,0.0,0.0,0.0,0.0,0.0
4932.YNL128W,0.003957457333663122,0.0005400917079367391,0.0,0.0,0.0,0.0,0.0,0.0,0.0,0.0,0.0,0.0,0.0,0.0
4932.YLR079W,0.0034627751669552313,2.7976366447708008e-05,0.0,0.0,0.0,0.0,0.0,0.0,0.0,0.0,0.0,0.0,0.0,0.0
4932.YBR162C,0.0002473410833539451,0.0001630408462960291,0.0,0.0,0.0,0.0,0.0,0.0,0.0,0.0,0.0,0.0,0.0,0.0
4932.YBR164C,0.0012367054167697256,1.7817411291121677e-06,0.0,0.0,0.0,0.0,0.0,0.0,0.0,0.0,0.0,0.0,0.0,0.0
4932.YJR134C,0.0009893643334157804,1.4173016967380517e-08,0.0,0.0,0.0,0.0,0.0,0.0,0.0,0.0,0.0,0.0,0.0,0.0
4932.YPL051W,0.0017313875834776156,1.2717663807632348e-07,0.0,0.0,0.0,0.0,0.0,0.0,0.0,0.0,0.0,0.0,0.0,0.0
4932.YLR309C,0.0009893643334157804,1.4173016967380517e-08,0.0,0.0,0.0,0.0,0.0,0.0,0.0,0.0,0.0,0.0,0.0,0.0
4932.YJL004C,0.0009893643334157804,1.4173016967380517e-08,0.0,0.0,0.0,0.0,0.0,0.0,0.0,0.0,0.0,0.0,0.0,0.0
4932.YLR318W,0.001978728666831561,0.0002078734620810318,0.0,0.0,0.0,0.0,0.0,0.0,0.0,0.0,0.0,0.0,0.0,0.0
4932.YIL009C-A,0.001978728666831561,0.0002078734620810318,0.0,0.0,0.0,0.0,0.0,0.0,0.0,0.0,0.0,0.0,0.0,0.0
4932.YIL030C,0.003215434083601286,3.5383735425127165e-05,0.0,0.0,0.0,0.0,0.0,0.0,0.0,0.0,0.0,0.0,0.0,0.0
4932.YDR333C,0.0012367054167697256,2.66336428263911e-05,0.0,0.0,0.0,0.0,0.0,0.0,0.0,0.0,0.0,0.0,0.0,0.0
4932.YDR330W,0.0007420232500618352,2.6183815130961844e-05,0.0,0.0,0.0,0.0,0.0,0.0,0.0,0.0,0.0,0.0,0.0,0.0
4932.YBR201W,0.003215434083601286,3.5383735425127165e-05,0.0,0.0,0.0,0.0,0.0,0.0,0.0,0.0,0.0,0.0,0.0,0.0
4932.YDR411C,0.003215434083601286,3.5383735425127165e-05,0.0,0.0,0.0,0.0,0.0,0.0,0.0,0.0,0.0,0.0,0.0,0.0
4932.YMR022W,0.0034627751669552313,3.596069363046741e-05,0.0,0.0,0.0,0.0,0.0,0.0,0.0,0.0,0.0,0.0,0.0,0.0
4932.YPL009C,0.0012367054167697256,2.66336428263911e-05,0.0,0.0,0.0,0.0,0.0,0.0,0.0,0.0,0.0,0.0,0.0,0.0
4932.YMR264W,0.003215434083601286,3.5383735425127165e-05,0.0,0.0,0.0,0.0,0.0,0.0,0.0,0.0,0.0,0.0,0.0,0.0
4932.YML029W,0.003215434083601286,3.5383735425127165e-05,0.0,0.0,0.0,0.0,0.0,0.0,0.0,0.0,0.0,0.0,0.0,0.0
4932.YDR057W,0.0034627751669552313,3.655276234106963e-05,0.0,0.0,0.0,0.0,0.0,0.0,0.0,0.0,0.0,0.0,0.0,0.0
4932.YOL013C,0.003215434083601286,3.5383735425127165e-05,0.0,0.0,0.0,0.0,0.0,0.0,0.0,0.0,0.0,0.0,0.0,0.0
4932.YBR171W,0.0007420232500618352,5.600289098181611e-39,0.0,0.0,0.0,0.0,0.0,0.0,0.0,0.0,0.0,0.0,0.0,0.0
4932.YOR254C,0.0007420232500618352,5.600289098181611e-39,0.0,0.0,0.0,0.0,0.0,0.0,0.0,0.0,0.0,0.0,0.0,0.0
4932.YPL094C,0.0007420232500618352,5.600289098181611e-39,0.0,0.0,0.0,0.0,0.0,0.0,0.0,0.0,0.0,0.0,0.0,0.0
4932.YLR292C,0.0007420232500618352,5.600289098181611e-39,0.0,0.0,0.0,0.0,0.0,0.0,0.0,0.0,0.0,0.0,0.0,0.0
4932.YER185W,0.0002473410833539451,2.4876399718046304e-05,0.0,0.0,0.0,0.0,0.0,0.0,0.0,0.0,0.0,0.0,0.0,0.0
4932.YCL033C,0.0002473410833539451,2.4876399718046304e-05,0.0,0.0,0.0,0.0,0.0,0.0,0.0,0.0,0.0,0.0,0.0,0.0
4932.YKL166C,0.0037101162503091764,0.00018433030264749763,0.0,0.0,0.0,0.0,0.0,0.0,0.0,0.0,0.0,0.0,0.0,0.0
4932.YGR213C,0.0004946821667078902,8.547026416839745e-05,0.0,0.0,0.0,0.0,0.0,0.0,0.0,0.0,0.0,0.0,0.0,0.0
4932.YLR046C,0.0002473410833539451,2.4876399718046304e-05,0.0,0.0,0.0,0.0,0.0,0.0,0.0,0.0,0.0,0.0,0.0,0.0
4932.YEL031W,0.0037101162503091764,0.002680675577873667,0.0,0.0,0.0,0.0,0.0,0.0,0.0,0.0,0.0,0.0,0.0,0.0
4932.YKL094W,0.012119713084343309,0.01321743954894097,0.0,0.0,0.0,0.0,0.0,0.0,0.0,0.0,0.0,0.0,0.0,0.0
4932.YDR259C,0.003957457333663122,0.002014001286858452,0.0,0.0,0.0,0.0,0.0,0.0,0.0,0.0,0.0,0.0,0.0,0.0
4932.YNL206C,0.0017313875834776156,0.0008420501544039965,0.0,0.0,0.0,0.0,0.0,0.0,0.0,0.0,0.0,0.0,0.0,0.0
4932.YBR180W,0.002226069750185506,0.0006187235053751088,0.0,0.0,0.0,0.0,0.0,0.0,0.0,0.0,0.0,0.0,0.0,0.0
4932.YBR182C,0.0004946821667078902,3.4711063379469797e-07,0.0,0.0,0.0,0.0,0.0,0.0,0.0,0.0,0.0,0.0,0.0,0.0
4932.YPL089C,0.0009893643334157804,2.161402960015218e-06,0.0,0.0,0.0,0.0,0.0,0.0,0.0,0.0,0.0,0.0,0.0,0.0
4932.YBR183W,0.0012367054167697256,0.00020687745067755867,0.0,0.0,0.0,0.0,0.0,0.0,0.0,0.0,0.0,0.0,0.0,0.0
4932.YHL003C,0.0027207519168933963,0.00026879763015359633,0.0,0.0,0.0,0.0,0.0,0.0,0.0,0.0,0.0,0.0,0.0,0.0
4932.YKL008C,0.0027207519168933963,0.00026879763015359633,0.0,0.0,0.0,0.0,0.0,0.0,0.0,0.0,0.0,0.0,0.0,0.0
4932.YDR297W,0.010388325500865695,0.008963955152381289,0.0,0.0,0.0,0.0,0.0,0.0,0.0,0.0,0.0,0.0,0.0,0.0
4932.YPL079W,0.0009893643334157804,1.0790336572968955e-05,0.0,0.0,0.0,0.0,0.0,0.0,0.0,0.0,0.0,0.0,0.0,0.0
4932.YBR192W,0.0017313875834776156,0.00011140777036780473,0.0,0.0,0.0,0.0,0.0,0.0,0.0,0.0,0.0,0.0,0.0,0.0
4932.YJL003W,0.0012367054167697256,0.000506701404548071,0.0,0.0,0.0,0.0,0.0,0.0,0.0,0.0,0.0,0.0,0.0,0.0
4932.YNL162W,0.0009893643334157804,0.00039543811393739914,0.0,0.0,0.0,0.0,0.0,0.0,0.0,0.0,0.0,0.0,0.0,0.0
4932.YHR141C,0.001978728666831561,0.00040638606353202,0.0,0.0,0.0,0.0,0.0,0.0,0.0,0.0,0.0,0.0,0.0,0.0
4932.YIR032C,0.0027207519168933963,0.001524148530955507,0.0,0.0,0.0,0.0,0.0,0.0,0.0,0.0,0.0,0.0,0.0,0.0
4932.YML102W,0.0004946821667078902,4.3111499929141065e-07,0.0,0.0,0.0,0.0,0.0,0.0,0.0,0.0,0.0,0.0,0.0,0.0
4932.YPR018W,0.0004946821667078902,4.3111499929141065e-07,0.0,0.0,0.0,0.0,0.0,0.0,0.0,0.0,0.0,0.0,0.0,0.0
4932.YHR163W,0.006183527083848627,0.003142336614474427,0.0,0.0,0.0,0.0,0.0,0.0,0.0,0.0,0.0,0.0,0.0,0.0
4932.YCR073W-A,0.006925550333910463,0.004797954279360882,0.0,0.0,0.0,0.0,0.0,0.0,0.0,0.0,0.0,0.0,0.0,0.0
4932.YNR034W,0.007172891417264408,0.004847397983686332,0.0,0.0,0.0,0.0,0.0,0.0,0.0,0.0,0.0,0.0,0.0,0.0
4932.YER003C,0.008162255750680188,0.0031908606590706147,0.0,0.0,0.0,0.0,0.0,0.0,0.0,0.0,0.0,0.0,0.0,0.0
4932.YOR298C-A,0.0004946821667078902,0.0004401889140477955,0.0,0.0,0.0,0.0,0.0,0.0,0.0,0.0,0.0,0.0,0.0,0.0
4932.YGL211W,0.0054415038337867925,0.0033961366750825226,0.0,0.0,0.0,0.0,0.0,0.0,0.0,0.0,0.0,0.0,0.0,0.0
4932.YML114C,0.0034627751669552313,2.327723103554409e-05,0.0,0.0,0.0,0.0,0.0,0.0,0.0,0.0,0.0,0.0,0.0,0.0
4932.YPL011C,0.0034627751669552313,2.327723103554409e-05,0.0,0.0,0.0,0.0,0.0,0.0,0.0,0.0,0.0,0.0,0.0,0.0
4932.YBR207W,0.0007420232500618352,0.0003045025428547343,0.0,0.0,0.0,0.0,0.0,0.0,0.0,0.0,0.0,0.0,0.0,0.0
4932.YER145C,0.0007420232500618352,0.0003045025428547343,0.0,0.0,0.0,0.0,0.0,0.0,0.0,0.0,0.0,0.0,0.0,0.0
4932.YFL061W,0.0002473410833539451,0.00039068504407560215,0.0,0.0,0.0,0.0,0.0,0.0,0.0,0.0,0.0,0.0,0.0,0.0
4932.YJR133W,0.0034627751669552313,0.0014108502698802477,0.0,0.0,0.0,0.0,0.0,0.0,0.0,0.0,0.0,0.0,0.0,0.0
4932.YPR024W,0.001978728666831561,0.0019606272114199423,0.0,0.0,0.0,0.0,0.0,0.0,0.0,0.0,0.0,0.0,0.0,0.0
4932.YDR039C,0.002473410833539451,0.0007826738403538974,0.0,0.0,0.0,0.0,0.0,0.0,0.0,0.0,0.0,0.0,0.0,0.0
4932.YGL167C,0.004452139500371012,0.003955806662142393,0.0,0.0,0.0,0.0,0.0,0.0,0.0,0.0,0.0,0.0,0.0,0.0
4932.YER017C,0.0012367054167697256,0.001974501798410499,0.0,0.0,0.0,0.0,0.0,0.0,0.0,0.0,0.0,0.0,0.0,0.0
4932.YOR291W,0.003215434083601286,0.0022483651860936552,0.0,0.0,0.0,0.0,0.0,0.0,0.0,0.0,0.0,0.0,0.0,0.0
4932.YDR038C,0.0027207519168933963,0.0008169374422744754,0.0,0.0,0.0,0.0,0.0,0.0,0.0,0.0,0.0,0.0,0.0,0.0
4932.YGL006W,0.004946821667078902,0.00489871724895966,0.0,0.0,0.0,0.0,0.0,0.0,0.0,0.0,0.0,0.0,0.0,0.0
4932.YMR089C,0.0012367054167697256,0.001974501798410499,0.0,0.0,0.0,0.0,0.0,0.0,0.0,0.0,0.0,0.0,0.0,0.0
4932.YNL036W,0.0007420232500618352,0.0010655777668999956,0.0,0.0,0.0,0.0,0.0,0.0,0.0,0.0,0.0,0.0,0.0,0.0
4932.YDR093W,0.003215434083601286,0.002274388032559373,0.0,0.0,0.0,0.0,0.0,0.0,0.0,0.0,0.0,0.0,0.0,0.0
4932.YDR040C,0.0027207519168933963,0.0015732263499854489,0.0,0.0,0.0,0.0,0.0,0.0,0.0,0.0,0.0,0.0,0.0,0.0
4932.YNL122C,0.0009893643334157804,0.0019600845030400705,0.0,0.0,0.0,0.0,0.0,0.0,0.0,0.0,0.0,0.0,0.0,0.0
4932.YBR211C,0.0007420232500618352,5.600289098181611e-39,0.0,0.0,0.0,0.0,0.0,0.0,0.0,0.0,0.0,0.0,0.0,0.0
4932.YDR318W,0.0007420232500618352,5.600289098181611e-39,0.0,0.0,0.0,0.0,0.0,0.0,0.0,0.0,0.0,0.0,0.0,0.0
4932.YGR179C,0.0007420232500618352,5.600289098181611e-39,0.0,0.0,0.0,0.0,0.0,0.0,0.0,0.0,0.0,0.0,0.0,0.0
4932.YPL018W,0.0007420232500618352,5.600289098181611e-39,0.0,0.0,0.0,0.0,0.0,0.0,0.0,0.0,0.0,0.0,0.0,0.0
4932.YLR011W,0.0007420232500618352,0.0002970847962271802,0.0,0.0,0.0,0.0,0.0,0.0,0.0,0.0,0.0,0.0,0.0,0.0
4932.YOR278W,0.002968093000247341,0.0006208981037502456,0.0,0.0,0.0,0.0,0.0,0.0,0.0,0.0,0.0,0.0,0.0,0.0
4932.YBR216C,0.0002473410833539451,3.7534782014324414e-05,0.0,0.0,0.0,0.0,0.0,0.0,0.0,0.0,0.0,0.0,0.0,0.0
4932.YLL042C,0.0002473410833539451,1.2068542444225335e-07,0.0,0.0,0.0,0.0,0.0,0.0,0.0,0.0,0.0,0.0,0.0,0.0
4932.YMR159C,0.0007420232500618352,5.0275481153904e-07,0.0,0.0,0.0,0.0,0.0,0.0,0.0,0.0,0.0,0.0,0.0,0.0
4932.YOL048C,0.003215434083601286,0.0011555951789607249,0.0,0.0,0.0,0.0,0.0,0.0,0.0,0.0,0.0,0.0,0.0,0.0
4932.YDL056W,0.004699480583724957,0.0011765452252140327,0.0,0.0,0.0,0.0,0.0,0.0,0.0,0.0,0.0,0.0,0.0,0.0
4932.YDR285W,0.002968093000247341,0.001155106639991747,0.0,0.0,0.0,0.0,0.0,0.0,0.0,0.0,0.0,0.0,0.0,0.0
4932.YBR219C,0.002473410833539451,0.0008156748220013933,0.0,0.0,0.0,0.0,0.0,0.0,0.0,0.0,0.0,0.0,0.0,0.0
4932.YBR220C,0.002968093000247341,0.0008838840130698172,0.0,0.0,0.0,0.0,0.0,0.0,0.0,0.0,0.0,0.0,0.0,0.0
4932.YGR060W,0.009398961167449914,0.008962734104423735,0.0,0.0,0.0,0.0,0.0,0.0,0.0,0.0,0.0,0.0,0.0,0.0
4932.YLR189C,0.002968093000247341,0.0038125314429796387,0.0,0.0,0.0,0.0,0.0,0.0,0.0,0.0,0.0,0.0,0.0,0.0
4932.YLR363W-A,0.004204798417017067,0.005979449525452967,0.0,0.0,0.0,0.0,0.0,0.0,0.0,0.0,0.0,0.0,0.0,0.0
4932.YNL280C,0.004452139500371012,0.00598525659346528,0.0,0.0,0.0,0.0,0.0,0.0,0.0,0.0,0.0,0.0,0.0,0.0
4932.YLR056W,0.009398961167449914,0.008954109864269552,0.0,0.0,0.0,0.0,0.0,0.0,0.0,0.0,0.0,0.0,0.0,0.0
4932.YGL012W,0.004204798417017067,0.005979449525452967,0.0,0.0,0.0,0.0,0.0,0.0,0.0,0.0,0.0,0.0,0.0,0.0
4932.YBR228W,0.0002473410833539451,3.3380324233660764e-46,0.0,0.0,0.0,0.0,0.0,0.0,0.0,0.0,0.0,0.0,0.0,0.0
4932.YLR135W,0.0002473410833539451,3.3380324233660764e-46,0.0,0.0,0.0,0.0,0.0,0.0,0.0,0.0,0.0,0.0,0.0,0.0
4932.YGL027C,0.002473410833539451,1.8024408619704417e-05,0.0,0.0,0.0,0.0,0.0,0.0,0.0,0.0,0.0,0.0,0.0,0.0
4932.YDR221W,0.0002473410833539451,1.2538960820227067e-05,0.0,0.0,0.0,0.0,0.0,0.0,0.0,0.0,0.0,0.0,0.0,0.0
4932.YJR131W,0.0004946821667078902,1.2588737686045562e-05,0.0,0.0,0.0,0.0,0.0,0.0,0.0,0.0,0.0,0.0,0.0,0.0
4932.YBR234C,0.001978728666831561,5.951632662871718e-06,0.0,0.0,0.0,0.0,0.0,0.0,0.0,0.0,0.0,0.0,0.0,0.0
4932.YKL013C,0.001978728666831561,5.951632662871718e-06,0.0,0.0,0.0,0.0,0.0,0.0,0.0,0.0,0.0,0.0,0.0,0.0
4932.YJR065C,0.002226069750185506,7.433314658863497e-06,0.0,0.0,0.0,0.0,0.0,0.0,0.0,0.0,0.0,0.0,0.0,0.0
4932.YIL062C,0.001978728666831561,5.951632662871718e-06,0.0,0.0,0.0,0.0,0.0,0.0,0.0,0.0,0.0,0.0,0.0,0.0
4932.YLR370C,0.001978728666831561,5.951632662871718e-06,0.0,0.0,0.0,0.0,0.0,0.0,0.0,0.0,0.0,0.0,0.0,0.0
4932.YNR035C,0.001978728666831561,5.951632662871718e-06,0.0,0.0,0.0,0.0,0.0,0.0,0.0,0.0,0.0,0.0,0.0,0.0
4932.YBR235W,0.002226069750185506,0.0006599140781451271,0.0,0.0,0.0,0.0,0.0,0.0,0.0,0.0,0.0,0.0,0.0,0.0
4932.YGL222C,0.0014840465001236705,2.3332966595318183e-05,0.0,0.0,0.0,0.0,0.0,0.0,0.0,0.0,0.0,0.0,0.0,0.0
4932.YOR276W,0.0014840465001236705,2.3332966595318183e-05,0.0,0.0,0.0,0.0,0.0,0.0,0.0,0.0,0.0,0.0,0.0,0.0
4932.YBR237W,0.0014840465001236705,0.0003689775292101008,0.0,0.0,0.0,0.0,0.0,0.0,0.0,0.0,0.0,0.0,0.0,0.0
4932.YCL027W,0.004204798417017067,0.00015882070307515352,0.0,0.0,0.0,0.0,0.0,0.0,0.0,0.0,0.0,0.0,0.0,0.0
4932.YLR449W,0.004204798417017067,0.00026138877401390244,0.0,0.0,0.0,0.0,0.0,0.0,0.0,0.0,0.0,0.0,0.0,0.0
4932.YEL030W,0.004699480583724957,0.00016172503121567914,0.0,0.0,0.0,0.0,0.0,0.0,0.0,0.0,0.0,0.0,0.0,0.0
4932.YLR369W,0.004699480583724957,0.00016172503121567914,0.0,0.0,0.0,0.0,0.0,0.0,0.0,0.0,0.0,0.0,0.0,0.0
4932.YJL034W,0.004699480583724957,0.00016116552315983564,0.0,0.0,0.0,0.0,0.0,0.0,0.0,0.0,0.0,0.0,0.0,0.0
4932.YKL073W,0.004452139500371012,0.00015882918434906914,0.0,0.0,0.0,0.0,0.0,0.0,0.0,0.0,0.0,0.0,0.0,0.0
4932.YJR045C,0.007420232500618353,0.00023581346851163154,0.0,0.0,0.0,0.0,0.0,0.0,0.0,0.0,0.0,0.0,0.0,0.0
4932.YML074C,0.004452139500371012,0.0003206121324447426,0.0,0.0,0.0,0.0,0.0,0.0,0.0,0.0,0.0,0.0,0.0,0.0
4932.YDR519W,0.004204798417017067,0.00026138877401390244,0.0,0.0,0.0,0.0,0.0,0.0,0.0,0.0,0.0,0.0,0.0,0.0
4932.YHR064C,0.004204798417017067,0.00015882070307515352,0.0,0.0,0.0,0.0,0.0,0.0,0.0,0.0,0.0,0.0,0.0,0.0
4932.YNL135C,0.004452139500371012,0.0003206121324447426,0.0,0.0,0.0,0.0,0.0,0.0,0.0,0.0,0.0,0.0,0.0,0.0
4932.YBR239C,0.0014840465001236705,0.0005144728956650651,0.0,0.0,0.0,0.0,0.0,0.0,0.0,0.0,0.0,0.0,0.0,0.0
4932.YBR245C,0.001978728666831561,8.612459973868136e-05,0.0,0.0,0.0,0.0,0.0,0.0,0.0,0.0,0.0,0.0,0.0,0.0
4932.YGL133W,0.001978728666831561,8.612459973868136e-05,0.0,0.0,0.0,0.0,0.0,0.0,0.0,0.0,0.0,0.0,0.0,0.0
4932.YLR095C,0.001978728666831561,8.612459973868136e-05,0.0,0.0,0.0,0.0,0.0,0.0,0.0,0.0,0.0,0.0,0.0,0.0
4932.YOR304W,0.001978728666831561,8.612459973868136e-05,0.0,0.0,0.0,0.0,0.0,0.0,0.0,0.0,0.0,0.0,0.0,0.0
4932.YFR013W,0.001978728666831561,8.612459973868136e-05,0.0,0.0,0.0,0.0,0.0,0.0,0.0,0.0,0.0,0.0,0.0,0.0
4932.YBR246W,0.0002473410833539451,2.3890088569140306e-06,0.0,0.0,0.0,0.0,0.0,0.0,0.0,0.0,0.0,0.0,0.0,0.0
4932.YDL104C,0.003215434083601286,0.001415781176166479,0.0,0.0,0.0,0.0,0.0,0.0,0.0,0.0,0.0,0.0,0.0,0.0
4932.YBR249C,0.0004946821667078902,0.00016424009950324138,0.0,0.0,0.0,0.0,0.0,0.0,0.0,0.0,0.0,0.0,0.0,0.0
4932.YDR035W,0.0004946821667078902,0.00016424009950324138,0.0,0.0,0.0,0.0,0.0,0.0,0.0,0.0,0.0,0.0,0.0,0.0
4932.YHR144C,0.005936186000494682,0.0027951456011111016,0.0,0.0,0.0,0.0,0.0,0.0,0.0,0.0,0.0,0.0,0.0,0.0
4932.YHR029C,0.0017313875834776156,0.00044759062077308305,0.0,0.0,0.0,0.0,0.0,0.0,0.0,0.0,0.0,0.0,0.0,0.0
4932.YBR254C,0.005688844917140738,1.5734622017239963e-05,0.0,0.0,0.0,0.0,0.0,0.0,0.0,0.0,0.0,0.0,0.0,0.0
4932.YDR108W,0.002473410833539451,5.209938063634173e-06,0.0,0.0,0.0,0.0,0.0,0.0,0.0,0.0,0.0,0.0,0.0,0.0
4932.YOR115C,0.005688844917140738,1.5734622017239963e-05,0.0,0.0,0.0,0.0,0.0,0.0,0.0,0.0,0.0,0.0,0.0,0.0
4932.YPR181C,0.004946821667078902,1.0776365132738438e-05,0.0,0.0,0.0,0.0,0.0,0.0,0.0,0.0,0.0,0.0,0.0,0.0
4932.YEL048C,0.002473410833539451,5.209938063634173e-06,0.0,0.0,0.0,0.0,0.0,0.0,0.0,0.0,0.0,0.0,0.0,0.0
4932.YGR166W,0.002473410833539451,5.209938063634173e-06,0.0,0.0,0.0,0.0,0.0,0.0,0.0,0.0,0.0,0.0,0.0,0.0
4932.YHR098C,0.006678209250556517,6.329844817672612e-05,0.0,0.0,0.0,0.0,0.0,0.0,0.0,0.0,0.0,0.0,0.0,0.0
4932.YIL109C,0.006678209250556517,6.329844817672612e-05,0.0,0.0,0.0,0.0,0.0,0.0,0.0,0.0,0.0,0.0,0.0,0.0
4932.YDR407C,0.005688844917140738,1.5734622017239963e-05,0.0,0.0,0.0,0.0,0.0,0.0,0.0,0.0,0.0,0.0,0.0,0.0
4932.YMR218C,0.005688844917140738,1.5734622017239963e-05,0.0,0.0,0.0,0.0,0.0,0.0,0.0,0.0,0.0,0.0,0.0,0.0
4932.YDR246W,0.005688844917140738,1.5734622017239963e-05,0.0,0.0,0.0,0.0,0.0,0.0,0.0,0.0,0.0,0.0,0.0,0.0
4932.YDL195W,0.004946821667078902,1.0776365132738438e-05,0.0,0.0,0.0,0.0,0.0,0.0,0.0,0.0,0.0,0.0,0.0,0.0
4932.YNL049C,0.006678209250556517,6.329844817672612e-05,0.0,0.0,0.0,0.0,0.0,0.0,0.0,0.0,0.0,0.0,0.0,0.0
4932.YDR472W,0.005688844917140738,1.5734622017239963e-05,0.0,0.0,0.0,0.0,0.0,0.0,0.0,0.0,0.0,0.0,0.0,0.0
4932.YKR068C,0.005688844917140738,1.5734622017239963e-05,0.0,0.0,0.0,0.0,0.0,0.0,0.0,0.0,0.0,0.0,0.0,0.0
4932.YBR255W,0.0002473410833539451,7.68475561652633e-06,0.0,0.0,0.0,0.0,0.0,0.0,0.0,0.0,0.0,0.0,0.0,0.0
4932.YDR487C,0.006678209250556517,0.004360902957350814,0.0,0.0,0.0,0.0,0.0,0.0,0.0,0.0,0.0,0.0,0.0,0.0
4932.YBR260C,0.005688844917140738,8.042002439665986e-05,0.0,0.0,0.0,0.0,0.0,0.0,0.0,0.0,0.0,0.0,0.0,0.0
4932.YOR134W,0.002473410833539451,3.248347657289993e-05,0.0,0.0,0.0,0.0,0.0,0.0,0.0,0.0,0.0,0.0,0.0,0.0
4932.YPL115C,0.005688844917140738,8.042002439665986e-05,0.0,0.0,0.0,0.0,0.0,0.0,0.0,0.0,0.0,0.0,0.0,0.0
4932.YOL065C,0.004204798417017067,6.690433574032776e-05,0.0,0.0,0.0,0.0,0.0,0.0,0.0,0.0,0.0,0.0,0.0,0.0
4932.YIL138C,0.0034627751669552313,2.8809846603149626e-05,0.0,0.0,0.0,0.0,0.0,0.0,0.0,0.0,0.0,0.0,0.0,0.0
4932.YNL079C,0.0034627751669552313,2.8809846603149626e-05,0.0,0.0,0.0,0.0,0.0,0.0,0.0,0.0,0.0,0.0,0.0,0.0
4932.YOR127W,0.005688844917140738,8.042002439665986e-05,0.0,0.0,0.0,0.0,0.0,0.0,0.0,0.0,0.0,0.0,0.0,0.0
4932.YER155C,0.005688844917140738,8.042002439665986e-05,0.0,0.0,0.0,0.0,0.0,0.0,0.0,0.0,0.0,0.0,0.0,0.0
4932.YDR379W,0.005688844917140738,8.042002439665986e-05,0.0,0.0,0.0,0.0,0.0,0.0,0.0,0.0,0.0,0.0,0.0,0.0
4932.YBR262C,0.0037101162503091764,6.469329863076154e-05,0.0,0.0,0.0,0.0,0.0,0.0,0.0,0.0,0.0,0.0,0.0,0.0
4932.YCL057C-A,0.0037101162503091764,6.469329863076154e-05,0.0,0.0,0.0,0.0,0.0,0.0,0.0,0.0,0.0,0.0,0.0,0.0
4932.YFR011C,0.0037101162503091764,6.469329863076154e-05,0.0,0.0,0.0,0.0,0.0,0.0,0.0,0.0,0.0,0.0,0.0,0.0
4932.YKR016W,0.0037101162503091764,6.469329863076154e-05,0.0,0.0,0.0,0.0,0.0,0.0,0.0,0.0,0.0,0.0,0.0,0.0
4932.YNL100W,0.0037101162503091764,6.469329863076154e-05,0.0,0.0,0.0,0.0,0.0,0.0,0.0,0.0,0.0,0.0,0.0,0.0
4932.YGR235C,0.0037101162503091764,6.469329863076154e-05,0.0,0.0,0.0,0.0,0.0,0.0,0.0,0.0,0.0,0.0,0.0,0.0
4932.YHR049W,0.0017313875834776156,0.0013910897672053445,0.0,0.0,0.0,0.0,0.0,0.0,0.0,0.0,0.0,0.0,0.0,0.0
4932.YNL010W,0.001978728666831561,0.0007756504868596852,0.0,0.0,0.0,0.0,0.0,0.0,0.0,0.0,0.0,0.0,0.0,0.0
4932.YKL038W,0.006678209250556517,0.0022114972260974895,0.0,0.0,0.0,0.0,0.0,0.0,0.0,0.0,0.0,0.0,0.0,0.0
4932.YMR234W,0.006925550333910463,0.0022937726502462986,0.0,0.0,0.0,0.0,0.0,0.0,0.0,0.0,0.0,0.0,0.0,0.0
4932.YDL006W,0.0009893643334157804,0.0005280340232398908,0.0,0.0,0.0,0.0,0.0,0.0,0.0,0.0,0.0,0.0,0.0,0.0
4932.YOR090C,0.0007420232500618352,0.0005277026957687586,0.0,0.0,0.0,0.0,0.0,0.0,0.0,0.0,0.0,0.0,0.0,0.0
4932.YCR079W,0.0007420232500618352,0.0005277026957687586,0.0,0.0,0.0,0.0,0.0,0.0,0.0,0.0,0.0,0.0,0.0,0.0
4932.YMR289W,0.004452139500371012,0.0010535885995811792,0.0,0.0,0.0,0.0,0.0,0.0,0.0,0.0,0.0,0.0,0.0,0.0
4932.YHR076W,0.0007420232500618352,0.0005277026957687586,0.0,0.0,0.0,0.0,0.0,0.0,0.0,0.0,0.0,0.0,0.0,0.0
4932.YCR051W,0.002968093000247341,0.0005833272094493382,0.0,0.0,0.0,0.0,0.0,0.0,0.0,0.0,0.0,0.0,0.0,0.0
4932.YHR012W,0.002968093000247341,0.0018239100547385687,0.0,0.0,0.0,0.0,0.0,0.0,0.0,0.0,0.0,0.0,0.0,0.0
4932.YMR222C,0.0014840465001236705,0.0011783754909184447,0.0,0.0,0.0,0.0,0.0,0.0,0.0,0.0,0.0,0.0,0.0,0.0
4932.YER089C,0.0007420232500618352,0.0005277026957687586,0.0,0.0,0.0,0.0,0.0,0.0,0.0,0.0,0.0,0.0,0.0,0.0
4932.YBR265W,0.003215434083601286,0.0013459007423991729,0.0,0.0,0.0,0.0,0.0,0.0,0.0,0.0,0.0,0.0,0.0,0.0
4932.YPL087W,0.001978728666831561,0.0002599143789330789,0.0,0.0,0.0,0.0,0.0,0.0,0.0,0.0,0.0,0.0,0.0,0.0
4932.YJR010W,0.007172891417264408,0.0030021606087332463,0.0,0.0,0.0,0.0,0.0,0.0,0.0,0.0,0.0,0.0,0.0,0.0
4932.YLR004C,0.003215434083601286,0.0009892493469363895,0.0,0.0,0.0,0.0,0.0,0.0,0.0,0.0,0.0,0.0,0.0,0.0
4932.YIL166C,0.002968093000247341,0.0009238384643424885,0.0,0.0,0.0,0.0,0.0,0.0,0.0,0.0,0.0,0.0,0.0,0.0
4932.YEL038W,0.004204798417017067,0.0011731576775866964,0.0,0.0,0.0,0.0,0.0,0.0,0.0,0.0,0.0,0.0,0.0,0.0
4932.YIL105C,0.004699480583724957,0.00032050022460960477,0.0,0.0,0.0,0.0,0.0,0.0,0.0,0.0,0.0,0.0,0.0,0.0
4932.YJR066W,0.006925550333910463,0.0008941633892745769,0.0,0.0,0.0,0.0,0.0,0.0,0.0,0.0,0.0,0.0,0.0,0.0
4932.YLL055W,0.0034627751669552313,0.0010914937548015145,0.0,0.0,0.0,0.0,0.0,0.0,0.0,0.0,0.0,0.0,0.0,0.0
4932.YER093C,0.003215434083601286,8.764294802362365e-05,0.0,0.0,0.0,0.0,0.0,0.0,0.0,0.0,0.0,0.0,0.0,0.0
4932.YNL047C,0.004699480583724957,0.00032050022460960477,0.0,0.0,0.0,0.0,0.0,0.0,0.0,0.0,0.0,0.0,0.0,0.0
4932.YOL078W,0.003215434083601286,8.764294802362365e-05,0.0,0.0,0.0,0.0,0.0,0.0,0.0,0.0,0.0,0.0,0.0,0.0
4932.YMR068W,0.005936186000494682,0.0006513120309751835,0.0,0.0,0.0,0.0,0.0,0.0,0.0,0.0,0.0,0.0,0.0,0.0
4932.YJL058C,0.004946821667078902,0.00028402576883377906,0.0,0.0,0.0,0.0,0.0,0.0,0.0,0.0,0.0,0.0,0.0,0.0
4932.YPL180W,0.0027207519168933963,8.424920840650509e-05,0.0,0.0,0.0,0.0,0.0,0.0,0.0,0.0,0.0,0.0,0.0,0.0
4932.YJR152W,0.0027207519168933963,0.0009150179611622568,0.0,0.0,0.0,0.0,0.0,0.0,0.0,0.0,0.0,0.0,0.0,0.0
4932.YOL162W,0.0027207519168933963,0.0008497431064449291,0.0,0.0,0.0,0.0,0.0,0.0,0.0,0.0,0.0,0.0,0.0,0.0
4932.YBR271W,0.0002473410833539451,2.3890088569140306e-06,0.0,0.0,0.0,0.0,0.0,0.0,0.0,0.0,0.0,0.0,0.0,0.0
4932.YBR275C,0.0012367054167697256,9.427589500898307e-35,0.0,0.0,0.0,0.0,0.0,0.0,0.0,0.0,0.0,0.0,0.0,0.0
4932.YLR453C,0.0012367054167697256,9.427589500898307e-35,0.0,0.0,0.0,0.0,0.0,0.0,0.0,0.0,0.0,0.0,0.0,0.0
4932.YLR010C,0.0012367054167697256,9.427589500898307e-35,0.0,0.0,0.0,0.0,0.0,0.0,0.0,0.0,0.0,0.0,0.0,0.0
4932.YDR082W,0.0012367054167697256,9.427589500898307e-35,0.0,0.0,0.0,0.0,0.0,0.0,0.0,0.0,0.0,0.0,0.0,0.0
4932.YDL220C,0.0012367054167697256,9.427589500898307e-35,0.0,0.0,0.0,0.0,0.0,0.0,0.0,0.0,0.0,0.0,0.0,0.0
4932.YNL216W,0.0012367054167697256,9.427589500898307e-35,0.0,0.0,0.0,0.0,0.0,0.0,0.0,0.0,0.0,0.0,0.0,0.0
4932.YKL161C,0.0014840465001236705,2.0369572076110565e-05,0.0,0.0,0.0,0.0,0.0,0.0,0.0,0.0,0.0,0.0,0.0,0.0
4932.YBR280C,0.0007420232500618352,0.00028543051885613317,0.0,0.0,0.0,0.0,0.0,0.0,0.0,0.0,0.0,0.0,0.0,0.0
4932.YBR283C,0.0017313875834776156,0.00016952836592115376,0.0,0.0,0.0,0.0,0.0,0.0,0.0,0.0,0.0,0.0,0.0,0.0
4932.YER087C-B,0.002226069750185506,8.66716091873037e-05,0.0,0.0,0.0,0.0,0.0,0.0,0.0,0.0,0.0,0.0,0.0,0.0
4932.YER019C-A,0.0012367054167697256,8.304562714989552e-05,0.0,0.0,0.0,0.0,0.0,0.0,0.0,0.0,0.0,0.0,0.0,0.0
4932.YLR378C,0.0017313875834776156,0.00016952836592115376,0.0,0.0,0.0,0.0,0.0,0.0,0.0,0.0,0.0,0.0,0.0,0.0
4932.YDR086C,0.0012367054167697256,8.304562714989552e-05,0.0,0.0,0.0,0.0,0.0,0.0,0.0,0.0,0.0,0.0,0.0,0.0
4932.YDR400W,0.01113034875092753,0.0022246623314844307,0.0,0.0,0.0,0.0,0.0,0.0,0.0,0.0,0.0,0.0,0.0,0.0
4932.YGL106W,0.006430868167202572,0.00034475157305433724,0.0,0.0,0.0,0.0,0.0,0.0,0.0,0.0,0.0,0.0,0.0,0.0
4932.YDR373W,0.004204798417017067,0.0003176426303347898,0.0,0.0,0.0,0.0,0.0,0.0,0.0,0.0,0.0,0.0,0.0,0.0
4932.YPR188C,0.005936186000494682,0.0003361645803433979,0.0,0.0,0.0,0.0,0.0,0.0,0.0,0.0,0.0,0.0,0.0,0.0
4932.YBR286W,0.002226069750185506,0.0004026436249242256,0.0,0.0,0.0,0.0,0.0,0.0,0.0,0.0,0.0,0.0,0.0,0.0
4932.YOR353C,0.001978728666831561,0.00018814202705423047,0.0,0.0,0.0,0.0,0.0,0.0,0.0,0.0,0.0,0.0,0.0,0.0
4932.YBR289W,0.0034627751669552313,9.502525033550497e-06,0.0,0.0,0.0,0.0,0.0,0.0,0.0,0.0,0.0,0.0,0.0,0.0
4932.YJL176C,0.0034627751669552313,9.502525033550497e-06,0.0,0.0,0.0,0.0,0.0,0.0,0.0,0.0,0.0,0.0,0.0,0.0
4932.YOR290C,0.0034627751669552313,9.502525033550497e-06,0.0,0.0,0.0,0.0,0.0,0.0,0.0,0.0,0.0,0.0,0.0,0.0
4932.YDR073W,0.0034627751669552313,9.502525033550497e-06,0.0,0.0,0.0,0.0,0.0,0.0,0.0,0.0,0.0,0.0,0.0,0.0
4932.YNR023W,0.0034627751669552313,9.502525033550497e-06,0.0,0.0,0.0,0.0,0.0,0.0,0.0,0.0,0.0,0.0,0.0,0.0
4932.YHL025W,0.0037101162503091764,1.9814768732635863e-05,0.0,0.0,0.0,0.0,0.0,0.0,0.0,0.0,0.0,0.0,0.0,0.0
4932.YFL049W,0.004699480583724957,0.00017264191494715324,0.0,0.0,0.0,0.0,0.0,0.0,0.0,0.0,0.0,0.0,0.0,0.0
4932.YBR293W,0.0004946821667078902,0.00013749964941450166,0.0,0.0,0.0,0.0,0.0,0.0,0.0,0.0,0.0,0.0,0.0,0.0
4932.YBR298C,0.0004946821667078902,0.00013749964941450166,0.0,0.0,0.0,0.0,0.0,0.0,0.0,0.0,0.0,0.0,0.0,0.0
4932.YGR021W,0.002968093000247341,0.001981353105571024,0.0,0.0,0.0,0.0,0.0,0.0,0.0,0.0,0.0,0.0,0.0,0.0
4932.YOR162C,0.0002473410833539451,2.1863937161293993e-05,0.0,0.0,0.0,0.0,0.0,0.0,0.0,0.0,0.0,0.0,0.0,0.0
4932.YIL120W,0.002226069750185506,0.000661865787321804,0.0,0.0,0.0,0.0,0.0,0.0,0.0,0.0,0.0,0.0,0.0,0.0
4932.YLL028W,0.0027207519168933963,0.0008199382743131272,0.0,0.0,0.0,0.0,0.0,0.0,0.0,0.0,0.0,0.0,0.0,0.0
4932.YHR123W,0.005194162750432847,0.0008322804605368261,0.0,0.0,0.0,0.0,0.0,0.0,0.0,0.0,0.0,0.0,0.0,0.0
4932.YNL130C,0.004699480583724957,0.00039253234986307234,0.0,0.0,0.0,0.0,0.0,0.0,0.0,0.0,0.0,0.0,0.0,0.0
4932.YMR155W,0.0017313875834776156,0.0005363368328263591,0.0,0.0,0.0,0.0,0.0,0.0,0.0,0.0,0.0,0.0,0.0,0.0
4932.YOR273C,0.001978728666831561,0.0005581190903151431,0.0,0.0,0.0,0.0,0.0,0.0,0.0,0.0,0.0,0.0,0.0,0.0
4932.YDR470C,0.0017313875834776156,0.0005475540394094712,0.0,0.0,0.0,0.0,0.0,0.0,0.0,0.0,0.0,0.0,0.0,0.0
4932.YCL008C,0.0037101162503091764,2.158675109444404e-06,0.0,0.0,0.0,0.0,0.0,0.0,0.0,0.0,0.0,0.0,0.0,0.0
4932.YKR035W-A,0.004204798417017067,2.2387218232787983e-06,0.0,0.0,0.0,0.0,0.0,0.0,0.0,0.0,0.0,0.0,0.0,0.0
4932.YPL065W,0.0037101162503091764,2.158675109444404e-06,0.0,0.0,0.0,0.0,0.0,0.0,0.0,0.0,0.0,0.0,0.0,0.0
4932.YLR417W,0.0037101162503091764,2.158675109444404e-06,0.0,0.0,0.0,0.0,0.0,0.0,0.0,0.0,0.0,0.0,0.0,0.0
4932.YLR119W,0.0037101162503091764,2.158675109444404e-06,0.0,0.0,0.0,0.0,0.0,0.0,0.0,0.0,0.0,0.0,0.0,0.0
4932.YNR006W,0.0037101162503091764,2.158675109444404e-06,0.0,0.0,0.0,0.0,0.0,0.0,0.0,0.0,0.0,0.0,0.0,0.0
4932.YGR206W,0.003957457333663122,2.1623922683039503e-06,0.0,0.0,0.0,0.0,0.0,0.0,0.0,0.0,0.0,0.0,0.0,0.0
4932.YJR102C,0.0037101162503091764,2.158675109444404e-06,0.0,0.0,0.0,0.0,0.0,0.0,0.0,0.0,0.0,0.0,0.0,0.0
4932.YPL002C,0.0037101162503091764,2.158675109444404e-06,0.0,0.0,0.0,0.0,0.0,0.0,0.0,0.0,0.0,0.0,0.0,0.0
4932.YCL017C,0.009151620084095969,0.0022606154296139803,0.0,0.0,0.0,0.0,0.0,0.0,0.0,0.0,0.0,0.0,0.0,0.0
4932.YKL040C,0.0004946821667078902,0.00012354840320005802,0.0,0.0,0.0,0.0,0.0,0.0,0.0,0.0,0.0,0.0,0.0,0.0
4932.YDL120W,0.004946821667078902,0.0006694349068043688,0.0,0.0,0.0,0.0,0.0,0.0,0.0,0.0,0.0,0.0,0.0,0.0
4932.YPR067W,0.003215434083601286,0.00015650179557669006,0.0,0.0,0.0,0.0,0.0,0.0,0.0,0.0,0.0,0.0,0.0,0.0
4932.YPR180W,0.006183527083848627,0.001392183390667062,0.0,0.0,0.0,0.0,0.0,0.0,0.0,0.0,0.0,0.0,0.0,0.0
4932.YHR003C,0.001978728666831561,8.735209448840255e-05,0.0,0.0,0.0,0.0,0.0,0.0,0.0,0.0,0.0,0.0,0.0,0.0
4932.YKL210W,0.006430868167202572,0.0013914499761974223,0.0,0.0,0.0,0.0,0.0,0.0,0.0,0.0,0.0,0.0,0.0,0.0
4932.YPL135W,0.004204798417017067,0.0026636408446443307,0.0,0.0,0.0,0.0,0.0,0.0,0.0,0.0,0.0,0.0,0.0,0.0
4932.YER048W-A,0.0009893643334157804,0.00044800207324495104,0.0,0.0,0.0,0.0,0.0,0.0,0.0,0.0,0.0,0.0,0.0,0.0
4932.YER174C,0.0017313875834776156,0.00012238685812844443,0.0,0.0,0.0,0.0,0.0,0.0,0.0,0.0,0.0,0.0,0.0,0.0
4932.YLL027W,0.003215434083601286,0.00015650179557669003,0.0,0.0,0.0,0.0,0.0,0.0,0.0,0.0,0.0,0.0,0.0,0.0
4932.YDR098C,0.001978728666831561,0.00013253962257460866,0.0,0.0,0.0,0.0,0.0,0.0,0.0,0.0,0.0,0.0,0.0,0.0
4932.YPR066W,0.006183527083848627,0.0013906065252141946,0.0,0.0,0.0,0.0,0.0,0.0,0.0,0.0,0.0,0.0,0.0,0.0
4932.YPL059W,0.002226069750185506,0.00011635682622381225,0.0,0.0,0.0,0.0,0.0,0.0,0.0,0.0,0.0,0.0,0.0,0.0
4932.YOR226C,0.0034627751669552313,0.0022483232640117348,0.0,0.0,0.0,0.0,0.0,0.0,0.0,0.0,0.0,0.0,0.0,0.0
4932.YKL027W,0.001978728666831561,8.735209448840255e-05,0.0,0.0,0.0,0.0,0.0,0.0,0.0,0.0,0.0,0.0,0.0,0.0
4932.YHR111W,0.004946821667078902,0.0013782294934574911,0.0,0.0,0.0,0.0,0.0,0.0,0.0,0.0,0.0,0.0,0.0,0.0
4932.YPL003W,0.0054415038337867925,0.0013807804026840845,0.0,0.0,0.0,0.0,0.0,0.0,0.0,0.0,0.0,0.0,0.0,0.0
4932.YDR390C,0.005688844917140738,0.0013904527799283581,0.0,0.0,0.0,0.0,0.0,0.0,0.0,0.0,0.0,0.0,0.0,0.0
4932.YCL025C,0.002226069750185506,0.0006599140781451271,0.0,0.0,0.0,0.0,0.0,0.0,0.0,0.0,0.0,0.0,0.0,0.0
4932.YLR223C,0.0009893643334157804,4.986806815856518e-05,0.0,0.0,0.0,0.0,0.0,0.0,0.0,0.0,0.0,0.0,0.0,0.0
4932.YLR362W,0.0027207519168933963,0.00042091850699652576,0.0,0.0,0.0,0.0,0.0,0.0,0.0,0.0,0.0,0.0,0.0,0.0
4932.YPR075C,0.0002473410833539451,0.0004014435077900168,0.0,0.0,0.0,0.0,0.0,0.0,0.0,0.0,0.0,0.0,0.0,0.0
4932.YCL034W,0.0002473410833539451,0.00014330413629602844,0.0,0.0,0.0,0.0,0.0,0.0,0.0,0.0,0.0,0.0,0.0,0.0
4932.YNL022C,0.0009893643334157804,0.00105000353221176,0.0,0.0,0.0,0.0,0.0,0.0,0.0,0.0,0.0,0.0,0.0,0.0
4932.YFL017C,0.006183527083848627,0.002638132632054353,0.0,0.0,0.0,0.0,0.0,0.0,0.0,0.0,0.0,0.0,0.0,0.0
4932.YEL070W,0.002473410833539451,0.0009106671522513752,0.0,0.0,0.0,0.0,0.0,0.0,0.0,0.0,0.0,0.0,0.0,0.0
4932.YML130C,0.0009893643334157804,2.6825808508633007e-05,0.0,0.0,0.0,0.0,0.0,0.0,0.0,0.0,0.0,0.0,0.0,0.0
4932.YCL044C,0.0007420232500618352,1.4528209355571088e-05,0.0,0.0,0.0,0.0,0.0,0.0,0.0,0.0,0.0,0.0,0.0,0.0
4932.YKL133C,0.0007420232500618352,1.4528209355571088e-05,0.0,0.0,0.0,0.0,0.0,0.0,0.0,0.0,0.0,0.0,0.0,0.0
4932.YMR115W,0.0007420232500618352,1.4528209355571088e-05,0.0,0.0,0.0,0.0,0.0,0.0,0.0,0.0,0.0,0.0,0.0,0.0
4932.YCL045C,0.0012367054167697256,5.832587153298354e-06,0.0,0.0,0.0,0.0,0.0,0.0,0.0,0.0,0.0,0.0,0.0,0.0
4932.YJR088C,0.0012367054167697256,5.832587153298354e-06,0.0,0.0,0.0,0.0,0.0,0.0,0.0,0.0,0.0,0.0,0.0,0.0
4932.YKL207W,0.0012367054167697256,5.832587153298354e-06,0.0,0.0,0.0,0.0,0.0,0.0,0.0,0.0,0.0,0.0,0.0,0.0
4932.YIL027C,0.0012367054167697256,5.832587153298354e-06,0.0,0.0,0.0,0.0,0.0,0.0,0.0,0.0,0.0,0.0,0.0,0.0
4932.YLL014W,0.0012367054167697256,5.832587153298354e-06,0.0,0.0,0.0,0.0,0.0,0.0,0.0,0.0,0.0,0.0,0.0,0.0
4932.YGL231C,0.0017313875834776156,0.0007754644075881185,0.0,0.0,0.0,0.0,0.0,0.0,0.0,0.0,0.0,0.0,0.0,0.0
4932.YCL047C,0.0037101162503091764,0.0004487459708952143,0.0,0.0,0.0,0.0,0.0,0.0,0.0,0.0,0.0,0.0,0.0,0.0
4932.YPL015C,0.0027207519168933963,0.0008199243947540688,0.0,0.0,0.0,0.0,0.0,0.0,0.0,0.0,0.0,0.0,0.0,0.0
4932.YOR025W,0.0027207519168933963,0.0008199243947540688,0.0,0.0,0.0,0.0,0.0,0.0,0.0,0.0,0.0,0.0,0.0,0.0
4932.YDR191W,0.0027207519168933963,0.0008199243947540688,0.0,0.0,0.0,0.0,0.0,0.0,0.0,0.0,0.0,0.0,0.0,0.0
4932.YOR155C,0.004946821667078902,0.0009459433297750531,0.0,0.0,0.0,0.0,0.0,0.0,0.0,0.0,0.0,0.0,0.0,0.0
4932.YDR305C,0.0004946821667078902,0.0008377225590594516,0.0,0.0,0.0,0.0,0.0,0.0,0.0,0.0,0.0,0.0,0.0,0.0
4932.YHR132C,0.0017313875834776156,0.0029755202885078484,0.0,0.0,0.0,0.0,0.0,0.0,0.0,0.0,0.0,0.0,0.0,0.0
4932.YDR358W,0.0002473410833539451,0.00014330413629602844,0.0,0.0,0.0,0.0,0.0,0.0,0.0,0.0,0.0,0.0,0.0,0.0
4932.YHR108W,0.0002473410833539451,0.00014330413629602844,0.0,0.0,0.0,0.0,0.0,0.0,0.0,0.0,0.0,0.0,0.0,0.0
4932.YJL091C,0.0009893643334157804,0.00018927877051654277,0.0,0.0,0.0,0.0,0.0,0.0,0.0,0.0,0.0,0.0,0.0,0.0
4932.YCL063W,0.0004946821667078902,5.04730396195859e-09,0.0,0.0,0.0,0.0,0.0,0.0,0.0,0.0,0.0,0.0,0.0,0.0
4932.YEL013W,0.0004946821667078902,5.04730396195859e-09,0.0,0.0,0.0,0.0,0.0,0.0,0.0,0.0,0.0,0.0,0.0,0.0
4932.YPL280W,0.0027207519168933963,0.0020839655390514434,0.0,0.0,0.0,0.0,0.0,0.0,0.0,0.0,0.0,0.0,0.0,0.0
4932.YGL196W,0.001978728666831561,0.0010614432618627136,0.0,0.0,0.0,0.0,0.0,0.0,0.0,0.0,0.0,0.0,0.0,0.0
4932.YDR533C,0.0027207519168933963,0.0020839655390514434,0.0,0.0,0.0,0.0,0.0,0.0,0.0,0.0,0.0,0.0,0.0,0.0
4932.YMR322C,0.0027207519168933963,0.0020839655390514434,0.0,0.0,0.0,0.0,0.0,0.0,0.0,0.0,0.0,0.0,0.0,0.0
4932.YOR391C,0.0027207519168933963,0.0020839655390514434,0.0,0.0,0.0,0.0,0.0,0.0,0.0,0.0,0.0,0.0,0.0,0.0
4932.YCL067C,0.0002473410833539451,2.1418531820935323e-06,0.0,0.0,0.0,0.0,0.0,0.0,0.0,0.0,0.0,0.0,0.0,0.0
4932.YCL069W,0.0004946821667078902,0.00013749964941450166,0.0,0.0,0.0,0.0,0.0,0.0,0.0,0.0,0.0,0.0,0.0,0.0
4932.YCL073C,0.0004946821667078902,0.00013749964941450166,0.0,0.0,0.0,0.0,0.0,0.0,0.0,0.0,0.0,0.0,0.0,0.0
4932.YCR001W,0.0007420232500618352,0.00016300541677765305,0.0,0.0,0.0,0.0,0.0,0.0,0.0,0.0,0.0,0.0,0.0,0.0
4932.YCR009C,0.0002473410833539451,3.3380324233660764e-46,0.0,0.0,0.0,0.0,0.0,0.0,0.0,0.0,0.0,0.0,0.0,0.0
4932.YDR388W,0.0002473410833539451,3.3380324233660764e-46,0.0,0.0,0.0,0.0,0.0,0.0,0.0,0.0,0.0,0.0,0.0,0.0
4932.YLR067C,0.0012367054167697256,0.00017161189936866578,0.0,0.0,0.0,0.0,0.0,0.0,0.0,0.0,0.0,0.0,0.0,0.0
4932.YGR150C,0.0012367054167697256,0.00017161189936866578,0.0,0.0,0.0,0.0,0.0,0.0,0.0,0.0,0.0,0.0,0.0,0.0
4932.YOL086W-A,0.0007420232500618352,0.00012620576936551712,0.0,0.0,0.0,0.0,0.0,0.0,0.0,0.0,0.0,0.0,0.0,0.0
4932.YHL028W,0.0002473410833539451,3.070892945576394e-05,0.0,0.0,0.0,0.0,0.0,0.0,0.0,0.0,0.0,0.0,0.0,0.0
4932.YJR153W,0.0002473410833539451,3.070892945576394e-05,0.0,0.0,0.0,0.0,0.0,0.0,0.0,0.0,0.0,0.0,0.0,0.0
4932.YOL105C,0.0012367054167697256,3.1371090543470896e-05,0.0,0.0,0.0,0.0,0.0,0.0,0.0,0.0,0.0,0.0,0.0,0.0
4932.YNL283C,0.0012367054167697256,3.1371090543470896e-05,0.0,0.0,0.0,0.0,0.0,0.0,0.0,0.0,0.0,0.0,0.0,0.0
4932.YPL005W,0.0014840465001236705,0.00023033657200436899,0.0,0.0,0.0,0.0,0.0,0.0,0.0,0.0,0.0,0.0,0.0,0.0
4932.YDR051C,0.0002473410833539451,3.070892945576394e-05,0.0,0.0,0.0,0.0,0.0,0.0,0.0,0.0,0.0,0.0,0.0,0.0
4932.YGR130C,0.0009893643334157804,0.0002099762290354682,0.0,0.0,0.0,0.0,0.0,0.0,0.0,0.0,0.0,0.0,0.0,0.0
4932.YER046W,0.0014840465001236705,0.00027728037571729454,0.0,0.0,0.0,0.0,0.0,0.0,0.0,0.0,0.0,0.0,0.0,0.0
4932.YMR173W,0.0007420232500618352,0.00014903510966227335,0.0,0.0,0.0,0.0,0.0,0.0,0.0,0.0,0.0,0.0,0.0,0.0
4932.YOR008C,0.0012367054167697256,3.1371090543470896e-05,0.0,0.0,0.0,0.0,0.0,0.0,0.0,0.0,0.0,0.0,0.0,0.0
4932.YOL054W,0.0009893643334157804,9.334223377686641e-05,0.0,0.0,0.0,0.0,0.0,0.0,0.0,0.0,0.0,0.0,0.0,0.0
4932.YGL248W,0.004699480583724957,0.0008879502317537513,0.0,0.0,0.0,0.0,0.0,0.0,0.0,0.0,0.0,0.0,0.0,0.0
4932.YOL076W,0.0017313875834776156,1.5498593877779103e-06,0.0,0.0,0.0,0.0,0.0,0.0,0.0,0.0,0.0,0.0,0.0,0.0
4932.YEL053C,0.001978728666831561,1.5508075614117536e-06,0.0,0.0,0.0,0.0,0.0,0.0,0.0,0.0,0.0,0.0,0.0,0.0
4932.YPR051W,0.001978728666831561,1.5508075614117536e-06,0.0,0.0,0.0,0.0,0.0,0.0,0.0,0.0,0.0,0.0,0.0,0.0
4932.YHR013C,0.0017313875834776156,1.5498593877779103e-06,0.0,0.0,0.0,0.0,0.0,0.0,0.0,0.0,0.0,0.0,0.0,0.0
4932.YDL040C,0.0017313875834776156,1.5498593877779103e-06,0.0,0.0,0.0,0.0,0.0,0.0,0.0,0.0,0.0,0.0,0.0,0.0
4932.YPR131C,0.0017313875834776156,1.5498593877779103e-06,0.0,0.0,0.0,0.0,0.0,0.0,0.0,0.0,0.0,0.0,0.0,0.0
4932.YCR028C,0.0027207519168933963,0.0009509298565186597,0.0,0.0,0.0,0.0,0.0,0.0,0.0,0.0,0.0,0.0,0.0,0.0
4932.YCR028C-A,0.0007420232500618352,5.687506231264002e-05,0.0,0.0,0.0,0.0,0.0,0.0,0.0,0.0,0.0,0.0,0.0,0.0
4932.YPL146C,0.003957457333663122,4.8296712979088136e-05,0.0,0.0,0.0,0.0,0.0,0.0,0.0,0.0,0.0,0.0,0.0,0.0
4932.YPR189W,0.003215434083601286,3.89405483626929e-05,0.0,0.0,0.0,0.0,0.0,0.0,0.0,0.0,0.0,0.0,0.0,0.0
4932.YLR398C,0.003215434083601286,3.89405483626929e-05,0.0,0.0,0.0,0.0,0.0,0.0,0.0,0.0,0.0,0.0,0.0,0.0
4932.YKR084C,0.0034627751669552313,3.8942742476566246e-05,0.0,0.0,0.0,0.0,0.0,0.0,0.0,0.0,0.0,0.0,0.0,0.0
4932.YPL029W,0.003957457333663122,4.8296712979088136e-05,0.0,0.0,0.0,0.0,0.0,0.0,0.0,0.0,0.0,0.0,0.0,0.0
4932.YCR037C,0.002226069750185506,0.00028640015790351147,0.0,0.0,0.0,0.0,0.0,0.0,0.0,0.0,0.0,0.0,0.0,0.0
4932.YNR073C,0.0007420232500618352,6.633468522565014e-06,0.0,0.0,0.0,0.0,0.0,0.0,0.0,0.0,0.0,0.0,0.0,0.0
4932.YCR046C,0.0004946821667078902,0.00017389610651520967,0.0,0.0,0.0,0.0,0.0,0.0,0.0,0.0,0.0,0.0,0.0,0.0
4932.YCR048W,0.003957457333663122,0.0035939098739623623,0.0,0.0,0.0,0.0,0.0,0.0,0.0,0.0,0.0,0.0,0.0,0.0
4932.YNR019W,0.003957457333663122,0.0036062340414765763,0.0,0.0,0.0,0.0,0.0,0.0,0.0,0.0,0.0,0.0,0.0,0.0
4932.YDR465C,0.0037101162503091764,0.0003910839305126764,0.0,0.0,0.0,0.0,0.0,0.0,0.0,0.0,0.0,0.0,0.0,0.0
4932.YNR057C,0.002473410833539451,0.0007196976618247984,0.0,0.0,0.0,0.0,0.0,0.0,0.0,0.0,0.0,0.0,0.0,0.0
4932.YKL088W,0.004452139500371012,0.0011110106731181976,0.0,0.0,0.0,0.0,0.0,0.0,0.0,0.0,0.0,0.0,0.0,0.0
4932.YKR072C,0.004452139500371012,0.0011110106731181976,0.0,0.0,0.0,0.0,0.0,0.0,0.0,0.0,0.0,0.0,0.0,0.0
4932.YHR034C,0.0007420232500618352,7.731766217132425e-05,0.0,0.0,0.0,0.0,0.0,0.0,0.0,0.0,0.0,0.0,0.0,0.0
4932.YCR063W,0.004452139500371012,2.601073458621432e-06,0.0,0.0,0.0,0.0,0.0,0.0,0.0,0.0,0.0,0.0,0.0,0.0
4932.YNL286W,0.004452139500371012,2.601073458621432e-06,0.0,0.0,0.0,0.0,0.0,0.0,0.0,0.0,0.0,0.0,0.0,0.0
4932.YNL138W-A,0.004452139500371012,2.601073458621432e-06,0.0,0.0,0.0,0.0,0.0,0.0,0.0,0.0,0.0,0.0,0.0,0.0
4932.YIR005W,0.004946821667078902,2.601359443371148e-06,0.0,0.0,0.0,0.0,0.0,0.0,0.0,0.0,0.0,0.0,0.0,0.0
4932.YPR094W,0.004452139500371012,2.601073458621432e-06,0.0,0.0,0.0,0.0,0.0,0.0,0.0,0.0,0.0,0.0,0.0,0.0
4932.YCR066W,0.0002473410833539451,3.52450754896083e-08,0.0,0.0,0.0,0.0,0.0,0.0,0.0,0.0,0.0,0.0,0.0,0.0
4932.YGL058W,0.0017313875834776156,4.8267707875106754e-06,0.0,0.0,0.0,0.0,0.0,0.0,0.0,0.0,0.0,0.0,0.0,0.0
4932.YCR067C,0.0004946821667078902,2.622631081644273e-08,0.0,0.0,0.0,0.0,0.0,0.0,0.0,0.0,0.0,0.0,0.0,0.0
4932.YPL218W,0.0027207519168933963,3.565445701685493e-06,0.0,0.0,0.0,0.0,0.0,0.0,0.0,0.0,0.0,0.0,0.0,0.0
4932.YNR026C,0.0004946821667078902,2.6226310816442732e-08,0.0,0.0,0.0,0.0,0.0,0.0,0.0,0.0,0.0,0.0,0.0,0.0
4932.YCR068W,0.0037101162503091764,0.0015403386105595363,0.0,0.0,0.0,0.0,0.0,0.0,0.0,0.0,0.0,0.0,0.0,0.0
4932.YOR245C,0.0037101162503091764,0.0004180441985613178,0.0,0.0,0.0,0.0,0.0,0.0,0.0,0.0,0.0,0.0,0.0,0.0
4932.YMR313C,0.004452139500371012,0.0016867873274196046,0.0,0.0,0.0,0.0,0.0,0.0,0.0,0.0,0.0,0.0,0.0,0.0
4932.YNR008W,0.003215434083601286,0.0002330092693592114,0.0,0.0,0.0,0.0,0.0,0.0,0.0,0.0,0.0,0.0,0.0,0.0
4932.YDR058C,0.004452139500371012,0.0016867873274196046,0.0,0.0,0.0,0.0,0.0,0.0,0.0,0.0,0.0,0.0,0.0,0.0
4932.YCR069W,0.0004946821667078902,0.0001105869058378272,0.0,0.0,0.0,0.0,0.0,0.0,0.0,0.0,0.0,0.0,0.0,0.0
4932.YCR073C,0.0007420232500618352,4.855784504802188e-05,0.0,0.0,0.0,0.0,0.0,0.0,0.0,0.0,0.0,0.0,0.0,0.0
4932.YNR031C,0.0007420232500618352,4.855784504802188e-05,0.0,0.0,0.0,0.0,0.0,0.0,0.0,0.0,0.0,0.0,0.0,0.0
4932.YDR071C,0.005194162750432847,0.0025816383981236,0.0,0.0,0.0,0.0,0.0,0.0,0.0,0.0,0.0,0.0,0.0,0.0
4932.YJL127C,0.004699480583724957,0.0023015269253350884,0.0,0.0,0.0,0.0,0.0,0.0,0.0,0.0,0.0,0.0,0.0,0.0
4932.YPR193C,0.004946821667078902,0.0023184557101152683,0.0,0.0,0.0,0.0,0.0,0.0,0.0,0.0,0.0,0.0,0.0,0.0
4932.YEL066W,0.004946821667078902,0.0023184557101152683,0.0,0.0,0.0,0.0,0.0,0.0,0.0,0.0,0.0,0.0,0.0,0.0
4932.YDR044W,0.0014840465001236705,6.555515697844908e-05,0.0,0.0,0.0,0.0,0.0,0.0,0.0,0.0,0.0,0.0,0.0,0.0
4932.YDR439W,0.0007420232500618352,0.0006361388283517088,0.0,0.0,0.0,0.0,0.0,0.0,0.0,0.0,0.0,0.0,0.0,0.0
4932.YER106W,0.0007420232500618352,0.0006361388283517088,0.0,0.0,0.0,0.0,0.0,0.0,0.0,0.0,0.0,0.0,0.0,0.0
4932.YCR097W,0.0002473410833539451,2.1418531820935323e-06,0.0,0.0,0.0,0.0,0.0,0.0,0.0,0.0,0.0,0.0,0.0,0.0
4932.YDL003W,0.004452139500371012,5.155821474502854e-05,0.0,0.0,0.0,0.0,0.0,0.0,0.0,0.0,0.0,0.0,0.0,0.0
4932.YPR068C,0.0014840465001236705,2.2505158140728067e-05,0.0,0.0,0.0,0.0,0.0,0.0,0.0,0.0,0.0,0.0,0.0,0.0
4932.YDL105W,0.003215434083601286,4.8909432591392716e-05,0.0,0.0,0.0,0.0,0.0,0.0,0.0,0.0,0.0,0.0,0.0,0.0
4932.YMR076C,0.001978728666831561,2.410432983887287e-05,0.0,0.0,0.0,0.0,0.0,0.0,0.0,0.0,0.0,0.0,0.0,0.0
4932.YLR007W,0.003215434083601286,4.8909432591392716e-05,0.0,0.0,0.0,0.0,0.0,0.0,0.0,0.0,0.0,0.0,0.0,0.0
4932.YGR098C,0.001978728666831561,3.5529964671164e-05,0.0,0.0,0.0,0.0,0.0,0.0,0.0,0.0,0.0,0.0,0.0,0.0
4932.YPR007C,0.0014840465001236705,2.3371047522712355e-05,0.0,0.0,0.0,0.0,0.0,0.0,0.0,0.0,0.0,0.0,0.0,0.0
4932.YFR027W,0.0012367054167697256,2.1836209797208237e-05,0.0,0.0,0.0,0.0,0.0,0.0,0.0,0.0,0.0,0.0,0.0,0.0
4932.YEL019C,0.003215434083601286,4.8909432591392716e-05,0.0,0.0,0.0,0.0,0.0,0.0,0.0,0.0,0.0,0.0,0.0,0.0
4932.YIL026C,0.004452139500371012,5.155821474502854e-05,0.0,0.0,0.0,0.0,0.0,0.0,0.0,0.0,0.0,0.0,0.0,0.0
4932.YDR427W,0.008904279000742024,0.0007309624005863545,0.0,0.0,0.0,0.0,0.0,0.0,0.0,0.0,0.0,0.0,0.0,0.0
4932.YLR421C,0.004946821667078902,0.0006430869460516912,0.0,0.0,0.0,0.0,0.0,0.0,0.0,0.0,0.0,0.0,0.0,0.0
4932.YOR261C,0.01310907741775909,0.001568546176067464,0.0,0.0,0.0,0.0,0.0,0.0,0.0,0.0,0.0,0.0,0.0,0.0
4932.YFL054C,0.001978728666831561,0.0012398640414354606,0.0,0.0,0.0,0.0,0.0,0.0,0.0,0.0,0.0,0.0,0.0,0.0
4932.YDL147W,0.010388325500865695,0.000737119880610453,0.0,0.0,0.0,0.0,0.0,0.0,0.0,0.0,0.0,0.0,0.0,0.0
4932.YFR010W,0.008656937917388079,0.0007256416788529368,0.0,0.0,0.0,0.0,0.0,0.0,0.0,0.0,0.0,0.0,0.0,0.0
4932.YLL053C,0.0017313875834776156,0.0012308108883505723,0.0,0.0,0.0,0.0,0.0,0.0,0.0,0.0,0.0,0.0,0.0,0.0
4932.YFR052W,0.008904279000742024,0.0007309624005863545,0.0,0.0,0.0,0.0,0.0,0.0,0.0,0.0,0.0,0.0,0.0,0.0
4932.YLL052C,0.0017313875834776156,0.0012308108883505723,0.0,0.0,0.0,0.0,0.0,0.0,0.0,0.0,0.0,0.0,0.0,0.0
4932.YPR108W,0.008904279000742024,0.0007309624005863545,0.0,0.0,0.0,0.0,0.0,0.0,0.0,0.0,0.0,0.0,0.0,0.0
4932.YLL043W,0.001978728666831561,0.0012398640414354606,0.0,0.0,0.0,0.0,0.0,0.0,0.0,0.0,0.0,0.0,0.0,0.0
4932.YIL007C,0.008162255750680188,0.0007169480364830824,0.0,0.0,0.0,0.0,0.0,0.0,0.0,0.0,0.0,0.0,0.0,0.0
4932.YPR192W,0.0017313875834776156,0.0012308108883505723,0.0,0.0,0.0,0.0,0.0,0.0,0.0,0.0,0.0,0.0,0.0,0.0
4932.YER021W,0.008904279000742024,0.0007309624005863545,0.0,0.0,0.0,0.0,0.0,0.0,0.0,0.0,0.0,0.0,0.0,0.0
4932.YFL007W,0.008162255750680188,0.0007169480364830824,0.0,0.0,0.0,0.0,0.0,0.0,0.0,0.0,0.0,0.0,0.0,0.0
4932.YGR184C,0.0054415038337867925,0.0006432182522719463,0.0,0.0,0.0,0.0,0.0,0.0,0.0,0.0,0.0,0.0,0.0,0.0
4932.YDL097C,0.008904279000742024,0.0007309624005863545,0.0,0.0,0.0,0.0,0.0,0.0,0.0,0.0,0.0,0.0,0.0,0.0
4932.YHR027C,0.008904279000742024,0.0007309624005863545,0.0,0.0,0.0,0.0,0.0,0.0,0.0,0.0,0.0,0.0,0.0,0.0
4932.YHR200W,0.008904279000742024,0.0007309624005863545,0.0,0.0,0.0,0.0,0.0,0.0,0.0,0.0,0.0,0.0,0.0,0.0
4932.YFR004W,0.01310907741775909,0.001568546176067464,0.0,0.0,0.0,0.0,0.0,0.0,0.0,0.0,0.0,0.0,0.0,0.0
4932.YOL060C,0.002473410833539451,0.0032489461717010895,0.0,0.0,0.0,0.0,0.0,0.0,0.0,0.0,0.0,0.0,0.0,0.0
4932.YJR019C,0.006430868167202572,0.004615084015945773,0.0,0.0,0.0,0.0,0.0,0.0,0.0,0.0,0.0,0.0,0.0,0.0
4932.YGR205W,0.004204798417017067,0.006644850157210185,0.0,0.0,0.0,0.0,0.0,0.0,0.0,0.0,0.0,0.0,0.0,0.0
4932.YDL028C,0.0002473410833539451,1.2951045109039772e-06,0.0,0.0,0.0,0.0,0.0,0.0,0.0,0.0,0.0,0.0,0.0,0.0
4932.YML067C,0.0017313875834776156,0.0007070310088046812,0.0,0.0,0.0,0.0,0.0,0.0,0.0,0.0,0.0,0.0,0.0,0.0
4932.YGL236C,0.0017313875834776156,0.0007070310088046812,0.0,0.0,0.0,0.0,0.0,0.0,0.0,0.0,0.0,0.0,0.0,0.0
4932.YDL035C,0.0009893643334157804,2.385005351643035e-05,0.0,0.0,0.0,0.0,0.0,0.0,0.0,0.0,0.0,0.0,0.0,0.0
4932.YER020W,0.0027207519168933963,2.4373060860760437e-05,0.0,0.0,0.0,0.0,0.0,0.0,0.0,0.0,0.0,0.0,0.0,0.0
4932.YOR101W,0.004204798417017067,0.001010328567479945,0.0,0.0,0.0,0.0,0.0,0.0,0.0,0.0,0.0,0.0,0.0,0.0
4932.YNL098C,0.004204798417017067,0.0010102233583694947,0.0,0.0,0.0,0.0,0.0,0.0,0.0,0.0,0.0,0.0,0.0,0.0
4932.YKR101W,0.0012367054167697256,1.1933321687213548e-05,0.0,0.0,0.0,0.0,0.0,0.0,0.0,0.0,0.0,0.0,0.0,0.0
4932.YDR227W,0.0014840465001236705,0.00017379230135469993,0.0,0.0,0.0,0.0,0.0,0.0,0.0,0.0,0.0,0.0,0.0,0.0
4932.YLR442C,0.0012367054167697256,1.1933321687213548e-05,0.0,0.0,0.0,0.0,0.0,0.0,0.0,0.0,0.0,0.0,0.0,0.0
4932.YIL003W,0.005688844917140738,0.0014828788388547697,0.0,0.0,0.0,0.0,0.0,0.0,0.0,0.0,0.0,0.0,0.0,0.0
4932.YOL023W,0.0014840465001236705,0.000731098372405527,0.0,0.0,0.0,0.0,0.0,0.0,0.0,0.0,0.0,0.0,0.0,0.0
4932.YGL091C,0.0054415038337867925,0.0014063979780963255,0.0,0.0,0.0,0.0,0.0,0.0,0.0,0.0,0.0,0.0,0.0,0.0
4932.YPR080W,0.0017313875834776156,0.001615260952750381,0.0,0.0,0.0,0.0,0.0,0.0,0.0,0.0,0.0,0.0,0.0,0.0
4932.YNL247W,0.002473410833539451,0.0017048233038111718,0.0,0.0,0.0,0.0,0.0,0.0,0.0,0.0,0.0,0.0,0.0,0.0
4932.YDL216C,0.0054415038337867925,0.0007667783827528668,0.0,0.0,0.0,0.0,0.0,0.0,0.0,0.0,0.0,0.0,0.0,0.0
4932.YOR187W,0.003215434083601286,0.0018224912458719186,0.0,0.0,0.0,0.0,0.0,0.0,0.0,0.0,0.0,0.0,0.0,0.0
4932.YLL031C,0.004452139500371012,0.0009072294514566486,0.0,0.0,0.0,0.0,0.0,0.0,0.0,0.0,0.0,0.0,0.0,0.0
4932.YKR028W,0.002226069750185506,5.389863284954598e-05,0.0,0.0,0.0,0.0,0.0,0.0,0.0,0.0,0.0,0.0,0.0,0.0
4932.YFR040W,0.002226069750185506,5.389863284954598e-05,0.0,0.0,0.0,0.0,0.0,0.0,0.0,0.0,0.0,0.0,0.0,0.0
4932.YJL098W,0.002226069750185506,5.389863284954598e-05,0.0,0.0,0.0,0.0,0.0,0.0,0.0,0.0,0.0,0.0,0.0,0.0
4932.YGL229C,0.002226069750185506,5.389863284954598e-05,0.0,0.0,0.0,0.0,0.0,0.0,0.0,0.0,0.0,0.0,0.0,0.0
4932.YDL049C,0.0002473410833539451,0.0001630408462960291,0.0,0.0,0.0,0.0,0.0,0.0,0.0,0.0,0.0,0.0,0.0,0.0
4932.YDL054C,0.0004946821667078902,0.00013749964941450166,0.0,0.0,0.0,0.0,0.0,0.0,0.0,0.0,0.0,0.0,0.0,0.0
4932.YPL239W,0.004699480583724957,0.00043198941189698107,0.0,0.0,0.0,0.0,0.0,0.0,0.0,0.0,0.0,0.0,0.0,0.0
4932.YKR091W,0.0014840465001236705,2.9599293289353974e-05,0.0,0.0,0.0,0.0,0.0,0.0,0.0,0.0,0.0,0.0,0.0,0.0
4932.YNR009W,0.0012367054167697256,2.937243994482796e-05,0.0,0.0,0.0,0.0,0.0,0.0,0.0,0.0,0.0,0.0,0.0,0.0
4932.YML032C,0.0004946821667078902,1.2502235368133013e-06,0.0,0.0,0.0,0.0,0.0,0.0,0.0,0.0,0.0,0.0,0.0,0.0
4932.YNL088W,0.0004946821667078902,1.2502235368133013e-06,0.0,0.0,0.0,0.0,0.0,0.0,0.0,0.0,0.0,0.0,0.0,0.0
4932.YMR235C,0.0007420232500618352,1.3846072486050192e-06,0.0,0.0,0.0,0.0,0.0,0.0,0.0,0.0,0.0,0.0,0.0,0.0
4932.YJL141C,0.0004946821667078902,1.2502235368133013e-06,0.0,0.0,0.0,0.0,0.0,0.0,0.0,0.0,0.0,0.0,0.0,0.0
4932.YHR090C,0.005688844917140738,1.451354225591431e-05,0.0,0.0,0.0,0.0,0.0,0.0,0.0,0.0,0.0,0.0,0.0,0.0
4932.YDL065C,0.0037101162503091764,0.0009331681115975839,0.0,0.0,0.0,0.0,0.0,0.0,0.0,0.0,0.0,0.0,0.0,0.0
4932.YIL065C,0.002473410833539451,0.0008563398170937493,0.0,0.0,0.0,0.0,0.0,0.0,0.0,0.0,0.0,0.0,0.0,0.0
4932.YJL210W,0.002473410833539451,0.00017366666572208548,0.0,0.0,0.0,0.0,0.0,0.0,0.0,0.0,0.0,0.0,0.0,0.0
4932.YKL188C,0.0034627751669552313,0.0010681780341262306,0.0,0.0,0.0,0.0,0.0,0.0,0.0,0.0,0.0,0.0,0.0,0.0
4932.YOL147C,0.0037101162503091764,0.0009331681115975839,0.0,0.0,0.0,0.0,0.0,0.0,0.0,0.0,0.0,0.0,0.0,0.0
4932.YDR329C,0.002226069750185506,0.0008562642831501417,0.0,0.0,0.0,0.0,0.0,0.0,0.0,0.0,0.0,0.0,0.0,0.0
4932.YNL214W,0.0034627751669552313,0.00022365721171443926,0.0,0.0,0.0,0.0,0.0,0.0,0.0,0.0,0.0,0.0,0.0,0.0
4932.YPL154C,0.005194162750432847,0.0009338952680551176,0.0,0.0,0.0,0.0,0.0,0.0,0.0,0.0,0.0,0.0,0.0,0.0
4932.YLR251W,0.003957457333663122,0.0025382189121286205,0.0,0.0,0.0,0.0,0.0,0.0,0.0,0.0,0.0,0.0,0.0,0.0
4932.YLR389C,0.004946821667078902,0.0029319878679764503,0.0,0.0,0.0,0.0,0.0,0.0,0.0,0.0,0.0,0.0,0.0,0.0
4932.YFR018C,0.005194162750432847,0.0009338952680551176,0.0,0.0,0.0,0.0,0.0,0.0,0.0,0.0,0.0,0.0,0.0,0.0
4932.YOR367W,0.007172891417264408,0.0009412053330083227,0.0,0.0,0.0,0.0,0.0,0.0,0.0,0.0,0.0,0.0,0.0,0.0
4932.YDL072C,0.0002473410833539451,7.608548365087261e-08,0.0,0.0,0.0,0.0,0.0,0.0,0.0,0.0,0.0,0.0,0.0,0.0
4932.YDL074C,0.0009893643334157804,3.905020736357362e-06,0.0,0.0,0.0,0.0,0.0,0.0,0.0,0.0,0.0,0.0,0.0,0.0
4932.YDR092W,0.0012367054167697256,2.2726361399088076e-07,0.0,0.0,0.0,0.0,0.0,0.0,0.0,0.0,0.0,0.0,0.0,0.0
4932.YGL087C,0.0012367054167697256,2.2726361399088076e-07,0.0,0.0,0.0,0.0,0.0,0.0,0.0,0.0,0.0,0.0,0.0,0.0
4932.YDL075W,0.0009893643334157804,1.0790336572968955e-05,0.0,0.0,0.0,0.0,0.0,0.0,0.0,0.0,0.0,0.0,0.0,0.0
4932.YOL071W,0.004204798417017067,0.00309902286538503,0.0,0.0,0.0,0.0,0.0,0.0,0.0,0.0,0.0,0.0,0.0,0.0
4932.YDL082W,0.0009893643334157804,1.0790336572968955e-05,0.0,0.0,0.0,0.0,0.0,0.0,0.0,0.0,0.0,0.0,0.0,0.0
4932.YDL084W,0.006183527083848627,0.0008695671137710355,0.0,0.0,0.0,0.0,0.0,0.0,0.0,0.0,0.0,0.0,0.0,0.0
4932.YNL161W,0.002473410833539451,2.259989898804061e-05,0.0,0.0,0.0,0.0,0.0,0.0,0.0,0.0,0.0,0.0,0.0,0.0
4932.YGR080W,0.002473410833539451,2.259989898804061e-05,0.0,0.0,0.0,0.0,0.0,0.0,0.0,0.0,0.0,0.0,0.0,0.0
4932.YNL253W,0.0014840465001236705,1.8122234898029935e-05,0.0,0.0,0.0,0.0,0.0,0.0,0.0,0.0,0.0,0.0,0.0,0.0
4932.YJL111W,0.006678209250556517,0.00026993583288491664,0.0,0.0,0.0,0.0,0.0,0.0,0.0,0.0,0.0,0.0,0.0,0.0
4932.YDR188W,0.006678209250556517,0.00026993583288491664,0.0,0.0,0.0,0.0,0.0,0.0,0.0,0.0,0.0,0.0,0.0,0.0
4932.YDR381W,0.0017313875834776156,1.815871118559991e-05,0.0,0.0,0.0,0.0,0.0,0.0,0.0,0.0,0.0,0.0,0.0,0.0
4932.YJR117W,0.0009893643334157804,7.370144717511801e-06,0.0,0.0,0.0,0.0,0.0,0.0,0.0,0.0,0.0,0.0,0.0,0.0
4932.YMR274C,0.0009893643334157804,7.370144717511801e-06,0.0,0.0,0.0,0.0,0.0,0.0,0.0,0.0,0.0,0.0,0.0,0.0
4932.YDL091C,0.0012367054167697256,9.427589500898307e-35,0.0,0.0,0.0,0.0,0.0,0.0,0.0,0.0,0.0,0.0,0.0,0.0
4932.YOL073C,0.0012367054167697256,9.427589500898307e-35,0.0,0.0,0.0,0.0,0.0,0.0,0.0,0.0,0.0,0.0,0.0,0.0
4932.YIR014W,0.0012367054167697256,9.427589500898307e-35,0.0,0.0,0.0,0.0,0.0,0.0,0.0,0.0,0.0,0.0,0.0,0.0
4932.YKL034W,0.0012367054167697256,9.427589500898307e-35,0.0,0.0,0.0,0.0,0.0,0.0,0.0,0.0,0.0,0.0,0.0,0.0
4932.YPR109W,0.0012367054167697256,9.427589500898307e-35,0.0,0.0,0.0,0.0,0.0,0.0,0.0,0.0,0.0,0.0,0.0,0.0
4932.YOR223W,0.0012367054167697256,9.427589500898307e-35,0.0,0.0,0.0,0.0,0.0,0.0,0.0,0.0,0.0,0.0,0.0,0.0
4932.YDL092W,0.0012367054167697256,2.4305355274734953e-06,0.0,0.0,0.0,0.0,0.0,0.0,0.0,0.0,0.0,0.0,0.0,0.0
4932.YPL210C,0.0012367054167697256,2.4305355274734953e-06,0.0,0.0,0.0,0.0,0.0,0.0,0.0,0.0,0.0,0.0,0.0,0.0
4932.YKL122C,0.0012367054167697256,2.4305355274734953e-06,0.0,0.0,0.0,0.0,0.0,0.0,0.0,0.0,0.0,0.0,0.0,0.0
4932.YML105C,0.0012367054167697256,2.4305355274734953e-06,0.0,0.0,0.0,0.0,0.0,0.0,0.0,0.0,0.0,0.0,0.0,0.0
4932.YPL243W,0.0012367054167697256,2.4305355274734953e-06,0.0,0.0,0.0,0.0,0.0,0.0,0.0,0.0,0.0,0.0,0.0,0.0
4932.YGL020C,0.0007420232500618352,3.531985498846633e-06,0.0,0.0,0.0,0.0,0.0,0.0,0.0,0.0,0.0,0.0,0.0,0.0
4932.YER083C,0.0007420232500618352,3.531985498846633e-06,0.0,0.0,0.0,0.0,0.0,0.0,0.0,0.0,0.0,0.0,0.0,0.0
4932.YLR176C,0.0002473410833539451,5.793616593829362e-07,0.0,0.0,0.0,0.0,0.0,0.0,0.0,0.0,0.0,0.0,0.0,0.0
4932.YIL128W,0.001978728666831561,2.3294086437513943e-05,0.0,0.0,0.0,0.0,0.0,0.0,0.0,0.0,0.0,0.0,0.0,0.0
4932.YHR164C,0.001978728666831561,2.3294086437513943e-05,0.0,0.0,0.0,0.0,0.0,0.0,0.0,0.0,0.0,0.0,0.0,0.0
4932.YNL240C,0.001978728666831561,2.3294086437513943e-05,0.0,0.0,0.0,0.0,0.0,0.0,0.0,0.0,0.0,0.0,0.0,0.0
4932.YDR267C,0.001978728666831561,2.3294086437513943e-05,0.0,0.0,0.0,0.0,0.0,0.0,0.0,0.0,0.0,0.0,0.0,0.0
4932.YHR122W,0.001978728666831561,2.3294086437513943e-05,0.0,0.0,0.0,0.0,0.0,0.0,0.0,0.0,0.0,0.0,0.0,0.0
4932.YNL063W,0.0012367054167697256,0.0004129126947894669,0.0,0.0,0.0,0.0,0.0,0.0,0.0,0.0,0.0,0.0,0.0,0.0
4932.YER038C,0.0017313875834776156,2.6165121774405322e-05,0.0,0.0,0.0,0.0,0.0,0.0,0.0,0.0,0.0,0.0,0.0,0.0
4932.YML023C,0.0017313875834776156,2.6165121774405322e-05,0.0,0.0,0.0,0.0,0.0,0.0,0.0,0.0,0.0,0.0,0.0,0.0
4932.YDL106C,0.0002473410833539451,5.006721760560268e-09,0.0,0.0,0.0,0.0,0.0,0.0,0.0,0.0,0.0,0.0,0.0,0.0
4932.YFR034C,0.0007420232500618352,6.856709201789568e-07,0.0,0.0,0.0,0.0,0.0,0.0,0.0,0.0,0.0,0.0,0.0,0.0
4932.YOR352W,0.003957457333663122,5.0556604586104896e-05,0.0,0.0,0.0,0.0,0.0,0.0,0.0,0.0,0.0,0.0,0.0,0.0
4932.YDL116W,0.0014840465001236705,6.310378885440226e-05,0.0,0.0,0.0,0.0,0.0,0.0,0.0,0.0,0.0,0.0,0.0,0.0
4932.YKR082W,0.0014840465001236705,6.310378885440226e-05,0.0,0.0,0.0,0.0,0.0,0.0,0.0,0.0,0.0,0.0,0.0,0.0
4932.YJR042W,0.002473410833539451,0.00013646488200913864,0.0,0.0,0.0,0.0,0.0,0.0,0.0,0.0,0.0,0.0,0.0,0.0
4932.YDL117W,0.0007420232500618352,3.3425681843567895e-06,0.0,0.0,0.0,0.0,0.0,0.0,0.0,0.0,0.0,0.0,0.0,0.0
4932.YNL152W,0.0007420232500618352,3.3425681843567895e-06,0.0,0.0,0.0,0.0,0.0,0.0,0.0,0.0,0.0,0.0,0.0,0.0
4932.YDR430C,0.0009893643334157804,5.570460252680081e-05,0.0,0.0,0.0,0.0,0.0,0.0,0.0,0.0,0.0,0.0,0.0,0.0
4932.YKL117W,0.0027207519168933963,9.118594493356296e-05,0.0,0.0,0.0,0.0,0.0,0.0,0.0,0.0,0.0,0.0,0.0,0.0
4932.YFL044C,0.0002473410833539451,2.4925540235816293e-05,0.0,0.0,0.0,0.0,0.0,0.0,0.0,0.0,0.0,0.0,0.0,0.0
4932.YNL021W,0.003215434083601286,0.00034654796619500644,0.0,0.0,0.0,0.0,0.0,0.0,0.0,0.0,0.0,0.0,0.0,0.0
4932.YDL127W,0.0007420232500618352,3.5352606936996043e-07,0.0,0.0,0.0,0.0,0.0,0.0,0.0,0.0,0.0,0.0,0.0,0.0
4932.YNL289W,0.0007420232500618352,3.5352606936996043e-07,0.0,0.0,0.0,0.0,0.0,0.0,0.0,0.0,0.0,0.0,0.0,0.0
4932.YPL031C,0.002226069750185506,4.770817842847796e-05,0.0,0.0,0.0,0.0,0.0,0.0,0.0,0.0,0.0,0.0,0.0,0.0
4932.YDL179W,0.0007420232500618352,3.5352606936996043e-07,0.0,0.0,0.0,0.0,0.0,0.0,0.0,0.0,0.0,0.0,0.0,0.0
4932.YKR024C,0.0009893643334157804,0.0004477545858084434,0.0,0.0,0.0,0.0,0.0,0.0,0.0,0.0,0.0,0.0,0.0,0.0
4932.YKR059W,0.002968093000247341,0.0007557848466963169,0.0,0.0,0.0,0.0,0.0,0.0,0.0,0.0,0.0,0.0,0.0,0.0
4932.YOR204W,0.001978728666831561,0.0007457570994500258,0.0,0.0,0.0,0.0,0.0,0.0,0.0,0.0,0.0,0.0,0.0,0.0
4932.YDR194C,0.0014840465001236705,0.0006727052905877016,0.0,0.0,0.0,0.0,0.0,0.0,0.0,0.0,0.0,0.0,0.0,0.0
4932.YPL119C,0.0012367054167697256,0.0006361153031813163,0.0,0.0,0.0,0.0,0.0,0.0,0.0,0.0,0.0,0.0,0.0,0.0
4932.YJL138C,0.004204798417017067,0.0008729179921341807,0.0,0.0,0.0,0.0,0.0,0.0,0.0,0.0,0.0,0.0,0.0,0.0
4932.YGL064C,0.001978728666831561,0.0007457570994500258,0.0,0.0,0.0,0.0,0.0,0.0,0.0,0.0,0.0,0.0,0.0,0.0
4932.YLR276C,0.0007420232500618352,0.0002593357329413913,0.0,0.0,0.0,0.0,0.0,0.0,0.0,0.0,0.0,0.0,0.0,0.0
4932.YHR017W,0.0009893643334157804,0.0012051261036143588,0.0,0.0,0.0,0.0,0.0,0.0,0.0,0.0,0.0,0.0,0.0,0.0
4932.YDR328C,0.006925550333910463,0.0007086408355961851,0.0,0.0,0.0,0.0,0.0,0.0,0.0,0.0,0.0,0.0,0.0,0.0
4932.YDR139C,0.002473410833539451,2.9555986640480268e-05,0.0,0.0,0.0,0.0,0.0,0.0,0.0,0.0,0.0,0.0,0.0,0.0
4932.YKL213C,0.0027207519168933963,1.2897766164532373e-05,0.0,0.0,0.0,0.0,0.0,0.0,0.0,0.0,0.0,0.0,0.0,0.0
4932.YOR269W,0.0037101162503091764,9.739728434897175e-05,0.0,0.0,0.0,0.0,0.0,0.0,0.0,0.0,0.0,0.0,0.0,0.0
4932.YLR352W,0.003215434083601286,1.3154516757651249e-05,0.0,0.0,0.0,0.0,0.0,0.0,0.0,0.0,0.0,0.0,0.0,0.0
4932.YJR090C,0.0027207519168933963,0.00013230668104415497,0.0,0.0,0.0,0.0,0.0,0.0,0.0,0.0,0.0,0.0,0.0,0.0
4932.YML088W,0.0027207519168933963,1.2897766164532373e-05,0.0,0.0,0.0,0.0,0.0,0.0,0.0,0.0,0.0,0.0,0.0,0.0
4932.YDR306C,0.003215434083601286,1.3154516757651249e-05,0.0,0.0,0.0,0.0,0.0,0.0,0.0,0.0,0.0,0.0,0.0,0.0
4932.YLR097C,0.0027207519168933963,1.2897766164532373e-05,0.0,0.0,0.0,0.0,0.0,0.0,0.0,0.0,0.0,0.0,0.0,0.0
4932.YDL133C-A,0.0007420232500618352,1.0440159913834304e-05,0.0,0.0,0.0,0.0,0.0,0.0,0.0,0.0,0.0,0.0,0.0,0.0
4932.YMR028W,0.0017313875834776156,3.727640460093412e-05,0.0,0.0,0.0,0.0,0.0,0.0,0.0,0.0,0.0,0.0,0.0,0.0
4932.YDL135C,0.0007420232500618352,2.3961794631524518e-05,0.0,0.0,0.0,0.0,0.0,0.0,0.0,0.0,0.0,0.0,0.0,0.0
4932.YNL267W,0.003957457333663122,0.00010198384334509386,0.0,0.0,0.0,0.0,0.0,0.0,0.0,0.0,0.0,0.0,0.0,0.0
4932.YOR094W,0.0012367054167697256,1.2808907338151268e-05,0.0,0.0,0.0,0.0,0.0,0.0,0.0,0.0,0.0,0.0,0.0,0.0
4932.YDL138W,0.0007420232500618352,0.00014182031697949083,0.0,0.0,0.0,0.0,0.0,0.0,0.0,0.0,0.0,0.0,0.0,0.0
4932.YDL141W,0.002226069750185506,0.0009091168015844548,0.0,0.0,0.0,0.0,0.0,0.0,0.0,0.0,0.0,0.0,0.0,0.0
4932.YER041W,0.0007420232500618352,8.527718699394742e-05,0.0,0.0,0.0,0.0,0.0,0.0,0.0,0.0,0.0,0.0,0.0,0.0
4932.YJL100W,0.0034627751669552313,0.00010093009489760136,0.0,0.0,0.0,0.0,0.0,0.0,0.0,0.0,0.0,0.0,0.0,0.0
4932.YDR263C,0.0007420232500618352,8.527718699394742e-05,0.0,0.0,0.0,0.0,0.0,0.0,0.0,0.0,0.0,0.0,0.0,0.0
4932.YLR305C,0.0034627751669552313,0.00010093009489760136,0.0,0.0,0.0,0.0,0.0,0.0,0.0,0.0,0.0,0.0,0.0,0.0
4932.YDL143W,0.004699480583724957,0.0002573754717694298,0.0,0.0,0.0,0.0,0.0,0.0,0.0,0.0,0.0,0.0,0.0,0.0
4932.YDR089W,0.0034627751669552313,2.6785148094962283e-05,0.0,0.0,0.0,0.0,0.0,0.0,0.0,0.0,0.0,0.0,0.0,0.0
4932.YPL019C,0.0034627751669552313,2.6785148094962283e-05,0.0,0.0,0.0,0.0,0.0,0.0,0.0,0.0,0.0,0.0,0.0,0.0
4932.YJL014W,0.004699480583724957,0.0002573754717694298,0.0,0.0,0.0,0.0,0.0,0.0,0.0,0.0,0.0,0.0,0.0,0.0
4932.YDR212W,0.004699480583724957,0.0002573754717694298,0.0,0.0,0.0,0.0,0.0,0.0,0.0,0.0,0.0,0.0,0.0,0.0
4932.YJR064W,0.004699480583724957,0.0002573754717694298,0.0,0.0,0.0,0.0,0.0,0.0,0.0,0.0,0.0,0.0,0.0,0.0
4932.YJL012C,0.0034627751669552313,2.6785148094962283e-05,0.0,0.0,0.0,0.0,0.0,0.0,0.0,0.0,0.0,0.0,0.0,0.0
4932.YER072W,0.0034627751669552313,2.6785148094962283e-05,0.0,0.0,0.0,0.0,0.0,0.0,0.0,0.0,0.0,0.0,0.0,0.0
4932.YFL004W,0.0034627751669552313,2.6785148094962283e-05,0.0,0.0,0.0,0.0,0.0,0.0,0.0,0.0,0.0,0.0,0.0,0.0
4932.YOL117W,0.0014840465001236705,1.1500780407575429e-05,0.0,0.0,0.0,0.0,0.0,0.0,0.0,0.0,0.0,0.0,0.0,0.0
4932.YMR025W,0.0014840465001236705,1.1500780407575429e-05,0.0,0.0,0.0,0.0,0.0,0.0,0.0,0.0,0.0,0.0,0.0,0.0
4932.YIL071C,0.0017313875834776156,1.5339157577850284e-05,0.0,0.0,0.0,0.0,0.0,0.0,0.0,0.0,0.0,0.0,0.0,0.0
4932.YDR022C,0.0014840465001236705,3.060350644963106e-05,0.0,0.0,0.0,0.0,0.0,0.0,0.0,0.0,0.0,0.0,0.0,0.0
4932.YPL100W,0.0009893643334157804,6.330741963584103e-07,0.0,0.0,0.0,0.0,0.0,0.0,0.0,0.0,0.0,0.0,0.0,0.0
4932.YLR431C,0.0004946821667078902,2.9592354484834902e-05,0.0,0.0,0.0,0.0,0.0,0.0,0.0,0.0,0.0,0.0,0.0,0.0
4932.YNL242W,0.0009893643334157804,2.087771733875628e-06,0.0,0.0,0.0,0.0,0.0,0.0,0.0,0.0,0.0,0.0,0.0,0.0
4932.YLR423C,0.0014840465001236705,3.060350644963106e-05,0.0,0.0,0.0,0.0,0.0,0.0,0.0,0.0,0.0,0.0,0.0,0.0
4932.YDL160C-A,0.0002473410833539451,9.216127436408764e-07,0.0,0.0,0.0,0.0,0.0,0.0,0.0,0.0,0.0,0.0,0.0,0.0
4932.YMR276W,0.0014840465001236705,1.2583384255013277e-06,0.0,0.0,0.0,0.0,0.0,0.0,0.0,0.0,0.0,0.0,0.0,0.0
4932.YLL038C,0.0014840465001236705,1.2583384255013277e-06,0.0,0.0,0.0,0.0,0.0,0.0,0.0,0.0,0.0,0.0,0.0,0.0
4932.YOR360C,0.004452139500371012,0.0007980630693077271,0.0,0.0,0.0,0.0,0.0,0.0,0.0,0.0,0.0,0.0,0.0,0.0
4932.YJR078W,0.002968093000247341,0.0018597948488929248,0.0,0.0,0.0,0.0,0.0,0.0,0.0,0.0,0.0,0.0,0.0,0.0
4932.YKL119C,0.002226069750185506,0.0008828703532501542,0.0,0.0,0.0,0.0,0.0,0.0,0.0,0.0,0.0,0.0,0.0,0.0
4932.YDL175C,0.0012367054167697256,2.056737372557518e-06,0.0,0.0,0.0,0.0,0.0,0.0,0.0,0.0,0.0,0.0,0.0,0.0
4932.YOL115W,0.0012367054167697256,2.056737372557518e-06,0.0,0.0,0.0,0.0,0.0,0.0,0.0,0.0,0.0,0.0,0.0,0.0
4932.YIL079C,0.0012367054167697256,2.056737372557518e-06,0.0,0.0,0.0,0.0,0.0,0.0,0.0,0.0,0.0,0.0,0.0,0.0
4932.YNL299W,0.0012367054167697256,2.056737372557518e-06,0.0,0.0,0.0,0.0,0.0,0.0,0.0,0.0,0.0,0.0,0.0,0.0
4932.YDL194W,0.0007420232500618352,0.00014182031697949083,0.0,0.0,0.0,0.0,0.0,0.0,0.0,0.0,0.0,0.0,0.0,0.0
4932.YHR035W,0.0017313875834776156,2.1230394452988003e-06,0.0,0.0,0.0,0.0,0.0,0.0,0.0,0.0,0.0,0.0,0.0,0.0
4932.YDL199C,0.0004946821667078902,0.00013749964941450166,0.0,0.0,0.0,0.0,0.0,0.0,0.0,0.0,0.0,0.0,0.0,0.0
4932.YDL201W,0.001978728666831561,9.572722255281309e-05,0.0,0.0,0.0,0.0,0.0,0.0,0.0,0.0,0.0,0.0,0.0,0.0
4932.YDR502C,0.008409596834034134,0.005179824721020719,0.0,0.0,0.0,0.0,0.0,0.0,0.0,0.0,0.0,0.0,0.0,0.0
4932.YDR165W,0.0012367054167697256,7.428556752440466e-07,0.0,0.0,0.0,0.0,0.0,0.0,0.0,0.0,0.0,0.0,0.0,0.0
4932.YJL125C,0.0012367054167697256,7.428556752440466e-07,0.0,0.0,0.0,0.0,0.0,0.0,0.0,0.0,0.0,0.0,0.0,0.0
4932.YOL124C,0.0012367054167697256,7.428556752440466e-07,0.0,0.0,0.0,0.0,0.0,0.0,0.0,0.0,0.0,0.0,0.0,0.0
4932.YNL062C,0.0012367054167697256,7.428556752440466e-07,0.0,0.0,0.0,0.0,0.0,0.0,0.0,0.0,0.0,0.0,0.0,0.0
4932.YLR180W,0.008409596834034134,0.005179824721020719,0.0,0.0,0.0,0.0,0.0,0.0,0.0,0.0,0.0,0.0,0.0,0.0
4932.YDL207W,0.001978728666831561,0.00015661205044632578,0.0,0.0,0.0,0.0,0.0,0.0,0.0,0.0,0.0,0.0,0.0,0.0
4932.YOR046C,0.001978728666831561,0.00015661205044632578,0.0,0.0,0.0,0.0,0.0,0.0,0.0,0.0,0.0,0.0,0.0,0.0
4932.YDL223C,0.0002473410833539451,0.0001630408462960291,0.0,0.0,0.0,0.0,0.0,0.0,0.0,0.0,0.0,0.0,0.0,0.0
4932.YDL232W,0.0027207519168933963,2.7916038312568218e-05,0.0,0.0,0.0,0.0,0.0,0.0,0.0,0.0,0.0,0.0,0.0,0.0
4932.YGR227W,0.002473410833539451,5.5635184271311065e-06,0.0,0.0,0.0,0.0,0.0,0.0,0.0,0.0,0.0,0.0,0.0,0.0
4932.YMR149W,0.0027207519168933963,2.7916038312568218e-05,0.0,0.0,0.0,0.0,0.0,0.0,0.0,0.0,0.0,0.0,0.0,0.0
4932.YGL226C-A,0.0027207519168933963,2.7916038312568218e-05,0.0,0.0,0.0,0.0,0.0,0.0,0.0,0.0,0.0,0.0,0.0,0.0
4932.YOR103C,0.0027207519168933963,2.7916038312568218e-05,0.0,0.0,0.0,0.0,0.0,0.0,0.0,0.0,0.0,0.0,0.0,0.0
4932.YGL022W,0.0027207519168933963,2.7916038312568218e-05,0.0,0.0,0.0,0.0,0.0,0.0,0.0,0.0,0.0,0.0,0.0,0.0
4932.YJL002C,0.0027207519168933963,2.7916038312568218e-05,0.0,0.0,0.0,0.0,0.0,0.0,0.0,0.0,0.0,0.0,0.0,0.0
4932.YDL235C,0.0004946821667078902,9.546819347337095e-05,0.0,0.0,0.0,0.0,0.0,0.0,0.0,0.0,0.0,0.0,0.0,0.0
4932.YDL237W,0.0004946821667078902,0.0002578662011998425,0.0,0.0,0.0,0.0,0.0,0.0,0.0,0.0,0.0,0.0,0.0,0.0
4932.YDL245C,0.0007420232500618352,0.00014182031697949083,0.0,0.0,0.0,0.0,0.0,0.0,0.0,0.0,0.0,0.0,0.0,0.0
4932.YDL247W,0.0004946821667078902,0.00013749964941450166,0.0,0.0,0.0,0.0,0.0,0.0,0.0,0.0,0.0,0.0,0.0,0.0
4932.YDR004W,0.0027207519168933963,0.006239666162111919,0.0,0.0,0.0,0.0,0.0,0.0,0.0,0.0,0.0,0.0,0.0,0.0
4932.YDR076W,0.0007420232500618352,0.0005664627900718462,0.0,0.0,0.0,0.0,0.0,0.0,0.0,0.0,0.0,0.0,0.0,0.0
4932.YHR079C-A,0.0004946821667078902,4.969652933066162e-05,0.0,0.0,0.0,0.0,0.0,0.0,0.0,0.0,0.0,0.0,0.0,0.0
4932.YDR354W,0.004452139500371012,0.0011480857714109938,0.0,0.0,0.0,0.0,0.0,0.0,0.0,0.0,0.0,0.0,0.0,0.0
4932.YLR109W,0.0014840465001236705,0.0016248220425120767,0.0,0.0,0.0,0.0,0.0,0.0,0.0,0.0,0.0,0.0,0.0,0.0
4932.YDR017C,0.0007420232500618352,4.9503998632884573e-05,0.0,0.0,0.0,0.0,0.0,0.0,0.0,0.0,0.0,0.0,0.0,0.0
4932.YLR410W,0.0007420232500618352,4.9503998632884573e-05,0.0,0.0,0.0,0.0,0.0,0.0,0.0,0.0,0.0,0.0,0.0,0.0
4932.YDR173C,0.0009893643334157804,5.079178500160404e-05,0.0,0.0,0.0,0.0,0.0,0.0,0.0,0.0,0.0,0.0,0.0,0.0
4932.YFR006W,0.004204798417017067,0.0016773856455280158,0.0,0.0,0.0,0.0,0.0,0.0,0.0,0.0,0.0,0.0,0.0,0.0
4932.YLL029W,0.004452139500371012,0.0016777939321780215,0.0,0.0,0.0,0.0,0.0,0.0,0.0,0.0,0.0,0.0,0.0,0.0
4932.YER078C,0.004204798417017067,0.0016773856455280158,0.0,0.0,0.0,0.0,0.0,0.0,0.0,0.0,0.0,0.0,0.0,0.0
4932.YGR072W,0.0012367054167697256,8.130499089143304e-06,0.0,0.0,0.0,0.0,0.0,0.0,0.0,0.0,0.0,0.0,0.0,0.0
4932.YLR336C,0.0002473410833539451,4.710574056851901e-06,0.0,0.0,0.0,0.0,0.0,0.0,0.0,0.0,0.0,0.0,0.0,0.0
4932.YHR077C,0.0007420232500618352,6.438347992642555e-06,0.0,0.0,0.0,0.0,0.0,0.0,0.0,0.0,0.0,0.0,0.0,0.0
4932.YPL169C,0.0012367054167697256,4.99219232163106e-06,0.0,0.0,0.0,0.0,0.0,0.0,0.0,0.0,0.0,0.0,0.0,0.0
4932.YDR023W,0.0007420232500618352,4.7524991240587544e-05,0.0,0.0,0.0,0.0,0.0,0.0,0.0,0.0,0.0,0.0,0.0,0.0
4932.YKL110C,0.0004946821667078902,6.940295750364862e-07,0.0,0.0,0.0,0.0,0.0,0.0,0.0,0.0,0.0,0.0,0.0,0.0
4932.YHR011W,0.0007420232500618352,4.7524991240587544e-05,0.0,0.0,0.0,0.0,0.0,0.0,0.0,0.0,0.0,0.0,0.0,0.0
4932.YDR027C,0.0007420232500618352,5.600289098181611e-39,0.0,0.0,0.0,0.0,0.0,0.0,0.0,0.0,0.0,0.0,0.0,0.0
4932.YDR484W,0.0007420232500618352,5.600289098181611e-39,0.0,0.0,0.0,0.0,0.0,0.0,0.0,0.0,0.0,0.0,0.0,0.0
4932.YJL029C,0.0007420232500618352,5.600289098181611e-39,0.0,0.0,0.0,0.0,0.0,0.0,0.0,0.0,0.0,0.0,0.0,0.0
4932.YKR020W,0.0007420232500618352,5.600289098181611e-39,0.0,0.0,0.0,0.0,0.0,0.0,0.0,0.0,0.0,0.0,0.0,0.0
4932.YOR009W,0.0002473410833539451,4.786954883158832e-07,0.0,0.0,0.0,0.0,0.0,0.0,0.0,0.0,0.0,0.0,0.0,0.0
4932.YDR046C,0.002226069750185506,0.0006599140781451271,0.0,0.0,0.0,0.0,0.0,0.0,0.0,0.0,0.0,0.0,0.0,0.0
4932.YMR239C,0.0002473410833539451,1.6884100123534462e-06,0.0,0.0,0.0,0.0,0.0,0.0,0.0,0.0,0.0,0.0,0.0,0.0
4932.YPL086C,0.0014840465001236705,2.4953518123917116e-06,0.0,0.0,0.0,0.0,0.0,0.0,0.0,0.0,0.0,0.0,0.0,0.0
4932.YPL207W,0.0007420232500618352,1.6885905969749356e-06,0.0,0.0,0.0,0.0,0.0,0.0,0.0,0.0,0.0,0.0,0.0,0.0
4932.YMR024W,0.0002473410833539451,1.6884100123534462e-06,0.0,0.0,0.0,0.0,0.0,0.0,0.0,0.0,0.0,0.0,0.0,0.0
4932.YOL163W,0.0027207519168933963,0.0008844475292410148,0.0,0.0,0.0,0.0,0.0,0.0,0.0,0.0,0.0,0.0,0.0,0.0
4932.YJL102W,0.0009893643334157804,0.00020513190592877264,0.0,0.0,0.0,0.0,0.0,0.0,0.0,0.0,0.0,0.0,0.0,0.0
4932.YOR133W,0.0009893643334157804,0.00020513190592877264,0.0,0.0,0.0,0.0,0.0,0.0,0.0,0.0,0.0,0.0,0.0,0.0
4932.YGR065C,0.002226069750185506,0.0007357361712948984,0.0,0.0,0.0,0.0,0.0,0.0,0.0,0.0,0.0,0.0,0.0,0.0
4932.YNL163C,0.0009893643334157804,0.00020513190592877264,0.0,0.0,0.0,0.0,0.0,0.0,0.0,0.0,0.0,0.0,0.0,0.0
4932.YGR260W,0.002226069750185506,0.0008003744977004015,0.0,0.0,0.0,0.0,0.0,0.0,0.0,0.0,0.0,0.0,0.0,0.0
4932.YOL137W,0.002473410833539451,0.0007866504066667671,0.0,0.0,0.0,0.0,0.0,0.0,0.0,0.0,0.0,0.0,0.0,0.0
4932.YLR069C,0.0009893643334157804,0.00020513190592877264,0.0,0.0,0.0,0.0,0.0,0.0,0.0,0.0,0.0,0.0,0.0,0.0
4932.YMR280C,0.0034627751669552313,0.0011008345101734694,0.0,0.0,0.0,0.0,0.0,0.0,0.0,0.0,0.0,0.0,0.0,0.0
4932.YGL252C,0.003215434083601286,0.0009068957660657319,0.0,0.0,0.0,0.0,0.0,0.0,0.0,0.0,0.0,0.0,0.0,0.0
4932.YDR061W,0.0012367054167697256,0.00020961621089627582,0.0,0.0,0.0,0.0,0.0,0.0,0.0,0.0,0.0,0.0,0.0,0.0
4932.YDR302W,0.0034627751669552313,0.001014674552489889,0.0,0.0,0.0,0.0,0.0,0.0,0.0,0.0,0.0,0.0,0.0,0.0
4932.YDR069C,0.0002473410833539451,3.3380324233660764e-46,0.0,0.0,0.0,0.0,0.0,0.0,0.0,0.0,0.0,0.0,0.0,0.0
4932.YER144C,0.0002473410833539451,3.3380324233660764e-46,0.0,0.0,0.0,0.0,0.0,0.0,0.0,0.0,0.0,0.0,0.0,0.0
4932.YDR072C,0.0004946821667078902,0.0006461983094824855,0.0,0.0,0.0,0.0,0.0,0.0,0.0,0.0,0.0,0.0,0.0,0.0
4932.YDR367W,0.0004946821667078902,0.0006461983094824855,0.0,0.0,0.0,0.0,0.0,0.0,0.0,0.0,0.0,0.0,0.0,0.0
4932.YDR088C,0.0007420232500618352,1.051707240816341e-06,0.0,0.0,0.0,0.0,0.0,0.0,0.0,0.0,0.0,0.0,0.0,0.0
4932.YDR091C,0.0004946821667078902,6.189632192039056e-05,0.0,0.0,0.0,0.0,0.0,0.0,0.0,0.0,0.0,0.0,0.0,0.0
4932.YIL148W,0.0017313875834776156,1.3208930186971192e-05,0.0,0.0,0.0,0.0,0.0,0.0,0.0,0.0,0.0,0.0,0.0,0.0
4932.YFL033C,0.002473410833539451,2.1039366878571844e-05,0.0,0.0,0.0,0.0,0.0,0.0,0.0,0.0,0.0,0.0,0.0,0.0
4932.YDR099W,0.0007420232500618352,4.811501938622802e-06,0.0,0.0,0.0,0.0,0.0,0.0,0.0,0.0,0.0,0.0,0.0,0.0
4932.YER177W,0.0007420232500618352,4.811501938622802e-06,0.0,0.0,0.0,0.0,0.0,0.0,0.0,0.0,0.0,0.0,0.0,0.0
4932.YDR103W,0.0004946821667078902,5.201132701651126e-07,0.0,0.0,0.0,0.0,0.0,0.0,0.0,0.0,0.0,0.0,0.0,0.0
4932.YOR262W,0.0002473410833539451,1.7804745145156184e-06,0.0,0.0,0.0,0.0,0.0,0.0,0.0,0.0,0.0,0.0,0.0,0.0
4932.YGL210W,0.0034627751669552313,4.8211629580631385e-05,0.0,0.0,0.0,0.0,0.0,0.0,0.0,0.0,0.0,0.0,0.0,0.0
4932.YER031C,0.0034627751669552313,0.0001153157267816444,0.0,0.0,0.0,0.0,0.0,0.0,0.0,0.0,0.0,0.0,0.0,0.0
4932.YPL159C,0.0007420232500618352,0.00025979852632094223,0.0,0.0,0.0,0.0,0.0,0.0,0.0,0.0,0.0,0.0,0.0,0.0
4932.YPL174C,0.0009893643334157804,8.78087998797435e-08,0.0,0.0,0.0,0.0,0.0,0.0,0.0,0.0,0.0,0.0,0.0,0.0
4932.YMR294W,0.0009893643334157804,8.78087998797435e-08,0.0,0.0,0.0,0.0,0.0,0.0,0.0,0.0,0.0,0.0,0.0,0.0
4932.YLL049W,0.0009893643334157804,8.78087998797435e-08,0.0,0.0,0.0,0.0,0.0,0.0,0.0,0.0,0.0,0.0,0.0,0.0
4932.YHR129C,0.0009893643334157804,8.78087998797435e-08,0.0,0.0,0.0,0.0,0.0,0.0,0.0,0.0,0.0,0.0,0.0,0.0
4932.YDR110W,0.0004946821667078902,2.0339981174824591e-07,0.0,0.0,0.0,0.0,0.0,0.0,0.0,0.0,0.0,0.0,0.0,0.0
4932.YHR152W,0.0002473410833539451,1.485277757665391e-09,0.0,0.0,0.0,0.0,0.0,0.0,0.0,0.0,0.0,0.0,0.0,0.0
4932.YMR009W,0.002473410833539451,0.0020565710965060376,0.0,0.0,0.0,0.0,0.0,0.0,0.0,0.0,0.0,0.0,0.0,0.0
4932.YMR073C,0.002968093000247341,0.0022491462171601866,0.0,0.0,0.0,0.0,0.0,0.0,0.0,0.0,0.0,0.0,0.0,0.0
4932.YDR117C,0.0002473410833539451,2.0321583463341102e-05,0.0,0.0,0.0,0.0,0.0,0.0,0.0,0.0,0.0,0.0,0.0,0.0
4932.YDR119W,0.0004946821667078902,0.00013749964941450166,0.0,0.0,0.0,0.0,0.0,0.0,0.0,0.0,0.0,0.0,0.0,0.0
4932.YGR141W,0.002226069750185506,0.0006599140781451271,0.0,0.0,0.0,0.0,0.0,0.0,0.0,0.0,0.0,0.0,0.0,0.0
4932.YGL093W,0.0012367054167697256,0.00016307640409976188,0.0,0.0,0.0,0.0,0.0,0.0,0.0,0.0,0.0,0.0,0.0,0.0
4932.YJL051W,0.0002473410833539451,0.0001630408462960291,0.0,0.0,0.0,0.0,0.0,0.0,0.0,0.0,0.0,0.0,0.0,0.0
4932.YNL278W,0.0004946821667078902,0.00016424009950324138,0.0,0.0,0.0,0.0,0.0,0.0,0.0,0.0,0.0,0.0,0.0,0.0
4932.YOR017W,0.0002473410833539451,0.0001630408462960291,0.0,0.0,0.0,0.0,0.0,0.0,0.0,0.0,0.0,0.0,0.0,0.0
4932.YJL016W,0.0002473410833539451,0.0001630408462960291,0.0,0.0,0.0,0.0,0.0,0.0,0.0,0.0,0.0,0.0,0.0,0.0
4932.YDR239C,0.0002473410833539451,0.0001630408462960291,0.0,0.0,0.0,0.0,0.0,0.0,0.0,0.0,0.0,0.0,0.0,0.0
4932.YPR157W,0.002226069750185506,0.0006599140781451271,0.0,0.0,0.0,0.0,0.0,0.0,0.0,0.0,0.0,0.0,0.0,0.0
4932.YLL067C,0.0002473410833539451,0.0001630408462960291,0.0,0.0,0.0,0.0,0.0,0.0,0.0,0.0,0.0,0.0,0.0,0.0
4932.YIL041W,0.0002473410833539451,0.0001630408462960291,0.0,0.0,0.0,0.0,0.0,0.0,0.0,0.0,0.0,0.0,0.0,0.0
4932.YHR097C,0.0002473410833539451,0.0001630408462960291,0.0,0.0,0.0,0.0,0.0,0.0,0.0,0.0,0.0,0.0,0.0,0.0
4932.YOL036W,0.0002473410833539451,0.0001630408462960291,0.0,0.0,0.0,0.0,0.0,0.0,0.0,0.0,0.0,0.0,0.0,0.0
4932.YJL020C,0.0002473410833539451,0.0001630408462960291,0.0,0.0,0.0,0.0,0.0,0.0,0.0,0.0,0.0,0.0,0.0,0.0
4932.YKL105C,0.0002473410833539451,0.0001630408462960291,0.0,0.0,0.0,0.0,0.0,0.0,0.0,0.0,0.0,0.0,0.0,0.0
4932.YKL174C,0.0027207519168933963,0.001422464716548784,0.0,0.0,0.0,0.0,0.0,0.0,0.0,0.0,0.0,0.0,0.0,0.0
4932.YGR191W,0.002226069750185506,0.0006599140781451271,0.0,0.0,0.0,0.0,0.0,0.0,0.0,0.0,0.0,0.0,0.0,0.0
4932.YLR187W,0.0004946821667078902,0.00016424009950324138,0.0,0.0,0.0,0.0,0.0,0.0,0.0,0.0,0.0,0.0,0.0,0.0
4932.YOL026C,0.0002473410833539451,0.0001630408462960291,0.0,0.0,0.0,0.0,0.0,0.0,0.0,0.0,0.0,0.0,0.0,0.0
4932.YNL187W,0.0027207519168933963,0.001422464716548784,0.0,0.0,0.0,0.0,0.0,0.0,0.0,0.0,0.0,0.0,0.0,0.0
4932.YGL077C,0.0027207519168933963,0.001422464716548784,0.0,0.0,0.0,0.0,0.0,0.0,0.0,0.0,0.0,0.0,0.0,0.0
4932.YDR464W,0.0002473410833539451,0.0001630408462960291,0.0,0.0,0.0,0.0,0.0,0.0,0.0,0.0,0.0,0.0,0.0,0.0
4932.YMR173W-A,0.0002473410833539451,0.0001630408462960291,0.0,0.0,0.0,0.0,0.0,0.0,0.0,0.0,0.0,0.0,0.0,0.0
4932.YNL076W,0.0002473410833539451,0.0001630408462960291,0.0,0.0,0.0,0.0,0.0,0.0,0.0,0.0,0.0,0.0,0.0,0.0
4932.YOL130W,0.002226069750185506,0.0006599140781451271,0.0,0.0,0.0,0.0,0.0,0.0,0.0,0.0,0.0,0.0,0.0,0.0
4932.YIL140W,0.0002473410833539451,0.0001630408462960291,0.0,0.0,0.0,0.0,0.0,0.0,0.0,0.0,0.0,0.0,0.0,0.0
4932.YGR086C,0.0004946821667078902,0.00016424009950324138,0.0,0.0,0.0,0.0,0.0,0.0,0.0,0.0,0.0,0.0,0.0,0.0
4932.YDR420W,0.0007420232500618352,0.00016696620510384,0.0,0.0,0.0,0.0,0.0,0.0,0.0,0.0,0.0,0.0,0.0,0.0
4932.YOR348C,0.0027207519168933963,0.001228599531156258,0.0,0.0,0.0,0.0,0.0,0.0,0.0,0.0,0.0,0.0,0.0,0.0
4932.YKR039W,0.002226069750185506,0.0006599140781451271,0.0,0.0,0.0,0.0,0.0,0.0,0.0,0.0,0.0,0.0,0.0,0.0
4932.YLR194C,0.0002473410833539451,0.0001630408462960291,0.0,0.0,0.0,0.0,0.0,0.0,0.0,0.0,0.0,0.0,0.0,0.0
4932.YLL066C,0.0002473410833539451,0.0001630408462960291,0.0,0.0,0.0,0.0,0.0,0.0,0.0,0.0,0.0,0.0,0.0,0.0
4932.YLR390W-A,0.0002473410833539451,0.0001630408462960291,0.0,0.0,0.0,0.0,0.0,0.0,0.0,0.0,0.0,0.0,0.0,0.0
4932.YPL278C,0.0002473410833539451,0.0001630408462960291,0.0,0.0,0.0,0.0,0.0,0.0,0.0,0.0,0.0,0.0,0.0,0.0
4932.YJL225C,0.0002473410833539451,0.0001630408462960291,0.0,0.0,0.0,0.0,0.0,0.0,0.0,0.0,0.0,0.0,0.0,0.0
4932.YJR004C,0.0002473410833539451,0.0001630408462960291,0.0,0.0,0.0,0.0,0.0,0.0,0.0,0.0,0.0,0.0,0.0,0.0
4932.YOL070C,0.0002473410833539451,0.0001630408462960291,0.0,0.0,0.0,0.0,0.0,0.0,0.0,0.0,0.0,0.0,0.0,0.0
4932.YIL101C,0.0002473410833539451,0.0001630408462960291,0.0,0.0,0.0,0.0,0.0,0.0,0.0,0.0,0.0,0.0,0.0,0.0
4932.YIL119C,0.0002473410833539451,0.0001630408462960291,0.0,0.0,0.0,0.0,0.0,0.0,0.0,0.0,0.0,0.0,0.0,0.0
4932.YHR182W,0.002226069750185506,0.0006599140781451271,0.0,0.0,0.0,0.0,0.0,0.0,0.0,0.0,0.0,0.0,0.0,0.0
4932.YDR348C,0.0002473410833539451,0.0001630408462960291,0.0,0.0,0.0,0.0,0.0,0.0,0.0,0.0,0.0,0.0,0.0,0.0
4932.YOL155C,0.0002473410833539451,0.0001630408462960291,0.0,0.0,0.0,0.0,0.0,0.0,0.0,0.0,0.0,0.0,0.0,0.0
4932.YFR012W,0.0002473410833539451,0.0001630408462960291,0.0,0.0,0.0,0.0,0.0,0.0,0.0,0.0,0.0,0.0,0.0,0.0
4932.YPR148C,0.0002473410833539451,0.0001630408462960291,0.0,0.0,0.0,0.0,0.0,0.0,0.0,0.0,0.0,0.0,0.0,0.0
4932.YFL055W,0.002226069750185506,0.0006599140781451271,0.0,0.0,0.0,0.0,0.0,0.0,0.0,0.0,0.0,0.0,0.0,0.0
4932.YJL174W,0.0002473410833539451,0.0001630408462960291,0.0,0.0,0.0,0.0,0.0,0.0,0.0,0.0,0.0,0.0,0.0,0.0
4932.YIL177C,0.0002473410833539451,0.0001630408462960291,0.0,0.0,0.0,0.0,0.0,0.0,0.0,0.0,0.0,0.0,0.0,0.0
4932.YMR086W,0.0002473410833539451,0.0001630408462960291,0.0,0.0,0.0,0.0,0.0,0.0,0.0,0.0,0.0,0.0,0.0,0.0
4932.YOL007C,0.0002473410833539451,0.0001630408462960291,0.0,0.0,0.0,0.0,0.0,0.0,0.0,0.0,0.0,0.0,0.0,0.0
4932.YPL265W,0.002226069750185506,0.0006599140781451271,0.0,0.0,0.0,0.0,0.0,0.0,0.0,0.0,0.0,0.0,0.0,0.0
4932.YML031W,0.0007420232500618352,0.0008690146727601861,0.0,0.0,0.0,0.0,0.0,0.0,0.0,0.0,0.0,0.0,0.0,0.0
4932.YLR466W,0.0002473410833539451,0.0001630408462960291,0.0,0.0,0.0,0.0,0.0,0.0,0.0,0.0,0.0,0.0,0.0,0.0
4932.YFL050C,0.002226069750185506,0.0006599140781451271,0.0,0.0,0.0,0.0,0.0,0.0,0.0,0.0,0.0,0.0,0.0,0.0
4932.YJL171C,0.0002473410833539451,0.0001630408462960291,0.0,0.0,0.0,0.0,0.0,0.0,0.0,0.0,0.0,0.0,0.0,0.0
4932.YDR150W,0.0002473410833539451,0.0001630408462960291,0.0,0.0,0.0,0.0,0.0,0.0,0.0,0.0,0.0,0.0,0.0,0.0
4932.YDR160W,0.002226069750185506,0.0006599140781451271,0.0,0.0,0.0,0.0,0.0,0.0,0.0,0.0,0.0,0.0,0.0,0.0
4932.YKL204W,0.0002473410833539451,0.0001630408462960291,0.0,0.0,0.0,0.0,0.0,0.0,0.0,0.0,0.0,0.0,0.0,0.0
4932.YGL139W,0.0002473410833539451,0.0001630408462960291,0.0,0.0,0.0,0.0,0.0,0.0,0.0,0.0,0.0,0.0,0.0,0.0
4932.YJR054W,0.0004946821667078902,0.00019223172364879807,0.0,0.0,0.0,0.0,0.0,0.0,0.0,0.0,0.0,0.0,0.0,0.0
4932.YPL004C,0.0004946821667078902,0.00016424009950324138,0.0,0.0,0.0,0.0,0.0,0.0,0.0,0.0,0.0,0.0,0.0,0.0
4932.YPL274W,0.002473410833539451,0.0010401068147198364,0.0,0.0,0.0,0.0,0.0,0.0,0.0,0.0,0.0,0.0,0.0,0.0
4932.YOR389W,0.0002473410833539451,0.0001630408462960291,0.0,0.0,0.0,0.0,0.0,0.0,0.0,0.0,0.0,0.0,0.0,0.0
4932.YNL058C,0.0002473410833539451,0.0001630408462960291,0.0,0.0,0.0,0.0,0.0,0.0,0.0,0.0,0.0,0.0,0.0,0.0
4932.YJR111C,0.0002473410833539451,0.0001630408462960291,0.0,0.0,0.0,0.0,0.0,0.0,0.0,0.0,0.0,0.0,0.0,0.0
4932.YPL277C,0.0002473410833539451,0.0001630408462960291,0.0,0.0,0.0,0.0,0.0,0.0,0.0,0.0,0.0,0.0,0.0,0.0
4932.YPR204W,0.0002473410833539451,0.0001630408462960291,0.0,0.0,0.0,0.0,0.0,0.0,0.0,0.0,0.0,0.0,0.0,0.0
4932.YNL327W,0.0002473410833539451,0.0001630408462960291,0.0,0.0,0.0,0.0,0.0,0.0,0.0,0.0,0.0,0.0,0.0,0.0
4932.YPL221W,0.0002473410833539451,0.0001630408462960291,0.0,0.0,0.0,0.0,0.0,0.0,0.0,0.0,0.0,0.0,0.0,0.0
4932.YNR056C,0.002968093000247341,0.0014226094001136506,0.0,0.0,0.0,0.0,0.0,0.0,0.0,0.0,0.0,0.0,0.0,0.0
4932.YDR508C,0.002226069750185506,0.0006599140781451271,0.0,0.0,0.0,0.0,0.0,0.0,0.0,0.0,0.0,0.0,0.0,0.0
4932.YML047C,0.0002473410833539451,0.0001630408462960291,0.0,0.0,0.0,0.0,0.0,0.0,0.0,0.0,0.0,0.0,0.0,0.0
4932.YMR063W,0.0002473410833539451,0.0001630408462960291,0.0,0.0,0.0,0.0,0.0,0.0,0.0,0.0,0.0,0.0,0.0,0.0
4932.YKR005C,0.0002473410833539451,0.0001630408462960291,0.0,0.0,0.0,0.0,0.0,0.0,0.0,0.0,0.0,0.0,0.0,0.0
4932.YML133C,0.0002473410833539451,0.0001630408462960291,0.0,0.0,0.0,0.0,0.0,0.0,0.0,0.0,0.0,0.0,0.0,0.0
4932.YIL169C,0.0002473410833539451,0.0001630408462960291,0.0,0.0,0.0,0.0,0.0,0.0,0.0,0.0,0.0,0.0,0.0,0.0
4932.YNL268W,0.002226069750185506,0.0006599140781451271,0.0,0.0,0.0,0.0,0.0,0.0,0.0,0.0,0.0,0.0,0.0,0.0
4932.YOL020W,0.002226069750185506,0.0006599140781451271,0.0,0.0,0.0,0.0,0.0,0.0,0.0,0.0,0.0,0.0,0.0,0.0
4932.YHR143W,0.0002473410833539451,0.0001630408462960291,0.0,0.0,0.0,0.0,0.0,0.0,0.0,0.0,0.0,0.0,0.0,0.0
4932.YNL199C,0.0004946821667078902,0.00019223172364879807,0.0,0.0,0.0,0.0,0.0,0.0,0.0,0.0,0.0,0.0,0.0,0.0
4932.YPL128C,0.0002473410833539451,0.0001630408462960291,0.0,0.0,0.0,0.0,0.0,0.0,0.0,0.0,0.0,0.0,0.0,0.0
4932.YNL270C,0.002226069750185506,0.0006599140781451271,0.0,0.0,0.0,0.0,0.0,0.0,0.0,0.0,0.0,0.0,0.0,0.0
4932.YOL063C,0.0002473410833539451,0.0001630408462960291,0.0,0.0,0.0,0.0,0.0,0.0,0.0,0.0,0.0,0.0,0.0,0.0
4932.YKL064W,0.002226069750185506,0.0006599140781451271,0.0,0.0,0.0,0.0,0.0,0.0,0.0,0.0,0.0,0.0,0.0,0.0
4932.YNR030W,0.0034627751669552313,0.0012104055504282244,0.0,0.0,0.0,0.0,0.0,0.0,0.0,0.0,0.0,0.0,0.0,0.0
4932.YJR099W,0.0007420232500618352,2.0529774669948048e-05,0.0,0.0,0.0,0.0,0.0,0.0,0.0,0.0,0.0,0.0,0.0,0.0
4932.YLR306W,0.0007420232500618352,2.0529774669948048e-05,0.0,0.0,0.0,0.0,0.0,0.0,0.0,0.0,0.0,0.0,0.0,0.0
4932.YDR144C,0.0004946821667078902,5.9387953745554546e-08,0.0,0.0,0.0,0.0,0.0,0.0,0.0,0.0,0.0,0.0,0.0,0.0
4932.YGR014W,0.0012367054167697256,8.073930002866335e-06,0.0,0.0,0.0,0.0,0.0,0.0,0.0,0.0,0.0,0.0,0.0,0.0
4932.YLR120C,0.0004946821667078902,5.938795374555453e-08,0.0,0.0,0.0,0.0,0.0,0.0,0.0,0.0,0.0,0.0,0.0,0.0
4932.YOR215C,0.001978728666831561,0.00038382190274185166,0.0,0.0,0.0,0.0,0.0,0.0,0.0,0.0,0.0,0.0,0.0,0.0
4932.YDR316W,0.0017313875834776156,0.0001978174291235609,0.0,0.0,0.0,0.0,0.0,0.0,0.0,0.0,0.0,0.0,0.0,0.0
4932.YPR002W,0.002473410833539451,0.0005162481078486147,0.0,0.0,0.0,0.0,0.0,0.0,0.0,0.0,0.0,0.0,0.0,0.0
4932.YML008C,0.001978728666831561,0.00021226057186240626,0.0,0.0,0.0,0.0,0.0,0.0,0.0,0.0,0.0,0.0,0.0,0.0
4932.YLR213C,0.0017313875834776156,0.0001978174291235609,0.0,0.0,0.0,0.0,0.0,0.0,0.0,0.0,0.0,0.0,0.0,0.0
4932.YML014W,0.0017313875834776156,0.0001978174291235609,0.0,0.0,0.0,0.0,0.0,0.0,0.0,0.0,0.0,0.0,0.0,0.0
4932.YER175C,0.002226069750185506,0.0005128109378573651,0.0,0.0,0.0,0.0,0.0,0.0,0.0,0.0,0.0,0.0,0.0,0.0
4932.YHR209W,0.001978728666831561,0.00038382190274185166,0.0,0.0,0.0,0.0,0.0,0.0,0.0,0.0,0.0,0.0,0.0,0.0
4932.YFR049W,0.002226069750185506,0.002509751608833229,0.0,0.0,0.0,0.0,0.0,0.0,0.0,0.0,0.0,0.0,0.0,0.0
4932.YLR281C,0.0007420232500618352,0.00011104188358850752,0.0,0.0,0.0,0.0,0.0,0.0,0.0,0.0,0.0,0.0,0.0,0.0
4932.YGL143C,0.0007420232500618352,0.00011104188358850752,0.0,0.0,0.0,0.0,0.0,0.0,0.0,0.0,0.0,0.0,0.0,0.0
4932.YLR172C,0.0034627751669552313,0.00070374437134624,0.0,0.0,0.0,0.0,0.0,0.0,0.0,0.0,0.0,0.0,0.0,0.0
4932.YML124C,0.004946821667078902,3.697434029829539e-05,0.0,0.0,0.0,0.0,0.0,0.0,0.0,0.0,0.0,0.0,0.0,0.0
4932.YLR150W,0.001978728666831561,1.4132727778963198e-05,0.0,0.0,0.0,0.0,0.0,0.0,0.0,0.0,0.0,0.0,0.0,0.0
4932.YMR092C,0.001978728666831561,1.4132727778963198e-05,0.0,0.0,0.0,0.0,0.0,0.0,0.0,0.0,0.0,0.0,0.0,0.0
4932.YML085C,0.004946821667078902,3.697434029829539e-05,0.0,0.0,0.0,0.0,0.0,0.0,0.0,0.0,0.0,0.0,0.0,0.0
4932.YDR168W,0.0007420232500618352,9.259127393717692e-06,0.0,0.0,0.0,0.0,0.0,0.0,0.0,0.0,0.0,0.0,0.0,0.0
4932.YDR170C,0.0004946821667078902,2.682490201872584e-07,0.0,0.0,0.0,0.0,0.0,0.0,0.0,0.0,0.0,0.0,0.0,0.0
4932.YJR031C,0.0004946821667078902,2.682490201872584e-07,0.0,0.0,0.0,0.0,0.0,0.0,0.0,0.0,0.0,0.0,0.0,0.0
4932.YDR180W,0.0002473410833539451,3.3380324233660764e-46,0.0,0.0,0.0,0.0,0.0,0.0,0.0,0.0,0.0,0.0,0.0,0.0
4932.YER147C,0.0002473410833539451,3.3380324233660764e-46,0.0,0.0,0.0,0.0,0.0,0.0,0.0,0.0,0.0,0.0,0.0,0.0
4932.YDR181C,0.004699480583724957,1.1983385605749412e-05,0.0,0.0,0.0,0.0,0.0,0.0,0.0,0.0,0.0,0.0,0.0,0.0
4932.YNL136W,0.004699480583724957,1.1983385605749412e-05,0.0,0.0,0.0,0.0,0.0,0.0,0.0,0.0,0.0,0.0,0.0,0.0
4932.YMR127C,0.004699480583724957,1.1983385605749412e-05,0.0,0.0,0.0,0.0,0.0,0.0,0.0,0.0,0.0,0.0,0.0,0.0
4932.YEL018W,0.004699480583724957,1.1983385605749412e-05,0.0,0.0,0.0,0.0,0.0,0.0,0.0,0.0,0.0,0.0,0.0,0.0
4932.YFL024C,0.004699480583724957,1.1983385605749412e-05,0.0,0.0,0.0,0.0,0.0,0.0,0.0,0.0,0.0,0.0,0.0,0.0
4932.YDR185C,0.0007420232500618352,3.346928222515215e-07,0.0,0.0,0.0,0.0,0.0,0.0,0.0,0.0,0.0,0.0,0.0,0.0
4932.YLR168C,0.0007420232500618352,3.346928222515215e-07,0.0,0.0,0.0,0.0,0.0,0.0,0.0,0.0,0.0,0.0,0.0,0.0
4932.YLR193C,0.0007420232500618352,3.346928222515215e-07,0.0,0.0,0.0,0.0,0.0,0.0,0.0,0.0,0.0,0.0,0.0,0.0
4932.YKL033W,0.0014840465001236705,1.564978850766913e-05,0.0,0.0,0.0,0.0,0.0,0.0,0.0,0.0,0.0,0.0,0.0,0.0
4932.YGR099W,0.0014840465001236705,1.564978850766913e-05,0.0,0.0,0.0,0.0,0.0,0.0,0.0,0.0,0.0,0.0,0.0,0.0
4932.YPR085C,0.004699480583724957,0.001313558981027726,0.0,0.0,0.0,0.0,0.0,0.0,0.0,0.0,0.0,0.0,0.0,0.0
4932.YML016C,0.0027207519168933963,2.403110797114808e-05,0.0,0.0,0.0,0.0,0.0,0.0,0.0,0.0,0.0,0.0,0.0,0.0
4932.YPL179W,0.0027207519168933963,2.403110797114808e-05,0.0,0.0,0.0,0.0,0.0,0.0,0.0,0.0,0.0,0.0,0.0,0.0
4932.YDR436W,0.0027207519168933963,2.403110797114808e-05,0.0,0.0,0.0,0.0,0.0,0.0,0.0,0.0,0.0,0.0,0.0,0.0
4932.YGR277C,0.0014840465001236705,7.02775537009323e-05,0.0,0.0,0.0,0.0,0.0,0.0,0.0,0.0,0.0,0.0,0.0,0.0
4932.YPL148C,0.0002473410833539451,1.334437450403907e-05,0.0,0.0,0.0,0.0,0.0,0.0,0.0,0.0,0.0,0.0,0.0,0.0
4932.YDR200C,0.0004946821667078902,0.0001272850186496008,0.0,0.0,0.0,0.0,0.0,0.0,0.0,0.0,0.0,0.0,0.0,0.0
4932.YDR202C,0.0004946821667078902,5.215958273734338e-06,0.0,0.0,0.0,0.0,0.0,0.0,0.0,0.0,0.0,0.0,0.0,0.0
4932.YJR033C,0.0004946821667078902,5.215958273734338e-06,0.0,0.0,0.0,0.0,0.0,0.0,0.0,0.0,0.0,0.0,0.0,0.0
4932.YIL002C,0.0027207519168933963,1.4718164771139755e-05,0.0,0.0,0.0,0.0,0.0,0.0,0.0,0.0,0.0,0.0,0.0,0.0
4932.YNL106C,0.0027207519168933963,1.4718164771139755e-05,0.0,0.0,0.0,0.0,0.0,0.0,0.0,0.0,0.0,0.0,0.0,0.0
4932.YOR109W,0.0027207519168933963,1.4718164771139755e-05,0.0,0.0,0.0,0.0,0.0,0.0,0.0,0.0,0.0,0.0,0.0,0.0
4932.YDR223W,0.0002473410833539451,3.7534782014324414e-05,0.0,0.0,0.0,0.0,0.0,0.0,0.0,0.0,0.0,0.0,0.0,0.0
4932.YPL147W,0.0012367054167697256,0.0002196568380635788,0.0,0.0,0.0,0.0,0.0,0.0,0.0,0.0,0.0,0.0,0.0,0.0
4932.YKL154W,0.0009893643334157804,0.00016537312037444426,0.0,0.0,0.0,0.0,0.0,0.0,0.0,0.0,0.0,0.0,0.0,0.0
4932.YJL180C,0.0007420232500618352,0.00016300541677765305,0.0,0.0,0.0,0.0,0.0,0.0,0.0,0.0,0.0,0.0,0.0,0.0
4932.YMR114C,0.0007420232500618352,0.00016300541677765305,0.0,0.0,0.0,0.0,0.0,0.0,0.0,0.0,0.0,0.0,0.0,0.0
4932.YNL014W,0.0014840465001236705,0.0002574679373710285,0.0,0.0,0.0,0.0,0.0,0.0,0.0,0.0,0.0,0.0,0.0,0.0
4932.YEL052W,0.0007420232500618352,0.00016300541677765305,0.0,0.0,0.0,0.0,0.0,0.0,0.0,0.0,0.0,0.0,0.0,0.0
4932.YFR009W,0.0012367054167697256,0.00020961621089627582,0.0,0.0,0.0,0.0,0.0,0.0,0.0,0.0,0.0,0.0,0.0,0.0
4932.YPL226W,0.001978728666831561,0.00022005637081011012,0.0,0.0,0.0,0.0,0.0,0.0,0.0,0.0,0.0,0.0,0.0,0.0
4932.YJL198W,0.002473410833539451,0.0003110235560950325,0.0,0.0,0.0,0.0,0.0,0.0,0.0,0.0,0.0,0.0,0.0,0.0
4932.YNR013C,0.002473410833539451,0.0003110235560950325,0.0,0.0,0.0,0.0,0.0,0.0,0.0,0.0,0.0,0.0,0.0,0.0
4932.YLR249W,0.001978728666831561,0.0002107431127988074,0.0,0.0,0.0,0.0,0.0,0.0,0.0,0.0,0.0,0.0,0.0,0.0
4932.YJR040W,0.0007420232500618352,0.00016300541677765305,0.0,0.0,0.0,0.0,0.0,0.0,0.0,0.0,0.0,0.0,0.0,0.0
4932.YER036C,0.0012367054167697256,0.00020961621089627582,0.0,0.0,0.0,0.0,0.0,0.0,0.0,0.0,0.0,0.0,0.0,0.0
4932.YLR116W,0.0027207519168933963,5.263310678351704e-06,0.0,0.0,0.0,0.0,0.0,0.0,0.0,0.0,0.0,0.0,0.0,0.0
4932.YDR410C,0.001978728666831561,0.0006948079775109159,0.0,0.0,0.0,0.0,0.0,0.0,0.0,0.0,0.0,0.0,0.0,0.0
4932.YOL044W,0.0017313875834776156,0.00012970555327526738,0.0,0.0,0.0,0.0,0.0,0.0,0.0,0.0,0.0,0.0,0.0,0.0
4932.YLL039C,0.002226069750185506,0.00013159387958943335,0.0,0.0,0.0,0.0,0.0,0.0,0.0,0.0,0.0,0.0,0.0,0.0
4932.YHR193C,0.0007420232500618352,3.0306528892828907e-05,0.0,0.0,0.0,0.0,0.0,0.0,0.0,0.0,0.0,0.0,0.0,0.0
4932.YPL037C,0.0012367054167697256,3.185343394000091e-05,0.0,0.0,0.0,0.0,0.0,0.0,0.0,0.0,0.0,0.0,0.0,0.0
4932.YNL255C,0.0007420232500618352,2.6464533816503e-06,0.0,0.0,0.0,0.0,0.0,0.0,0.0,0.0,0.0,0.0,0.0,0.0
4932.YJR025C,0.0007420232500618352,0.0001862900835005955,0.0,0.0,0.0,0.0,0.0,0.0,0.0,0.0,0.0,0.0,0.0,0.0
4932.YNL238W,0.0017313875834776156,0.00449245430185429,0.0,0.0,0.0,0.0,0.0,0.0,0.0,0.0,0.0,0.0,0.0,0.0
4932.YGR282C,0.0017313875834776156,0.002039323132382803,0.0,0.0,0.0,0.0,0.0,0.0,0.0,0.0,0.0,0.0,0.0,0.0
4932.YDR268W,0.0002473410833539451,3.3380324233660764e-46,0.0,0.0,0.0,0.0,0.0,0.0,0.0,0.0,0.0,0.0,0.0,0.0
4932.YOL097C,0.0002473410833539451,3.3380324233660764e-46,0.0,0.0,0.0,0.0,0.0,0.0,0.0,0.0,0.0,0.0,0.0,0.0
4932.YKL081W,0.0037101162503091764,0.003333267180594023,0.0,0.0,0.0,0.0,0.0,0.0,0.0,0.0,0.0,0.0,0.0,0.0
4932.YLR283W,0.003957457333663122,0.003334234893492406,0.0,0.0,0.0,0.0,0.0,0.0,0.0,0.0,0.0,0.0,0.0,0.0
4932.YGR201C,0.0037101162503091764,0.003333267180594023,0.0,0.0,0.0,0.0,0.0,0.0,0.0,0.0,0.0,0.0,0.0,0.0
4932.YDR273W,0.0014840465001236705,0.0002947673876126832,0.0,0.0,0.0,0.0,0.0,0.0,0.0,0.0,0.0,0.0,0.0,0.0
4932.YDR279W,0.0004946821667078902,5.6192812328924556e-42,0.0,0.0,0.0,0.0,0.0,0.0,0.0,0.0,0.0,0.0,0.0,0.0
4932.YLR154C,0.0004946821667078902,5.6192812328924556e-42,0.0,0.0,0.0,0.0,0.0,0.0,0.0,0.0,0.0,0.0,0.0,0.0
4932.YNL072W,0.0004946821667078902,5.6192812328924556e-42,0.0,0.0,0.0,0.0,0.0,0.0,0.0,0.0,0.0,0.0,0.0,0.0
4932.YKR079C,0.0017313875834776156,3.088296442974863e-05,0.0,0.0,0.0,0.0,0.0,0.0,0.0,0.0,0.0,0.0,0.0,0.0
4932.YDR295C,0.0004946821667078902,2.549098564301799e-06,0.0,0.0,0.0,0.0,0.0,0.0,0.0,0.0,0.0,0.0,0.0,0.0
4932.YPR179C,0.0004946821667078902,2.549098564301799e-06,0.0,0.0,0.0,0.0,0.0,0.0,0.0,0.0,0.0,0.0,0.0,0.0
4932.YLR100W,0.002968093000247341,0.0019780423700604013,0.0,0.0,0.0,0.0,0.0,0.0,0.0,0.0,0.0,0.0,0.0,0.0
4932.YDR434W,0.0017313875834776156,1.4459605255090657e-05,0.0,0.0,0.0,0.0,0.0,0.0,0.0,0.0,0.0,0.0,0.0,0.0
4932.YJL062W,0.002473410833539451,0.0007878600909760395,0.0,0.0,0.0,0.0,0.0,0.0,0.0,0.0,0.0,0.0,0.0,0.0
4932.YLR088W,0.0017313875834776156,1.4459605255090657e-05,0.0,0.0,0.0,0.0,0.0,0.0,0.0,0.0,0.0,0.0,0.0,0.0
4932.YHR188C,0.0017313875834776156,1.4459605255090657e-05,0.0,0.0,0.0,0.0,0.0,0.0,0.0,0.0,0.0,0.0,0.0,0.0
4932.YLR459W,0.0017313875834776156,1.4459605255090657e-05,0.0,0.0,0.0,0.0,0.0,0.0,0.0,0.0,0.0,0.0,0.0,0.0
4932.YDR331W,0.0017313875834776156,1.4459605255090657e-05,0.0,0.0,0.0,0.0,0.0,0.0,0.0,0.0,0.0,0.0,0.0,0.0
4932.YDR304C,0.0002473410833539451,1.576155093401374e-05,0.0,0.0,0.0,0.0,0.0,0.0,0.0,0.0,0.0,0.0,0.0,0.0
4932.YDR310C,0.0002473410833539451,1.519526332159419e-09,0.0,0.0,0.0,0.0,0.0,0.0,0.0,0.0,0.0,0.0,0.0,0.0
4932.YJL106W,0.0007420232500618352,2.059382703596198e-07,0.0,0.0,0.0,0.0,0.0,0.0,0.0,0.0,0.0,0.0,0.0,0.0
4932.YLR205C,0.0017313875834776156,0.0018458286503405237,0.0,0.0,0.0,0.0,0.0,0.0,0.0,0.0,0.0,0.0,0.0,0.0
4932.YDR319C,0.0002473410833539451,3.3380324233660764e-46,0.0,0.0,0.0,0.0,0.0,0.0,0.0,0.0,0.0,0.0,0.0,0.0
4932.YGL126W,0.0002473410833539451,3.3380324233660764e-46,0.0,0.0,0.0,0.0,0.0,0.0,0.0,0.0,0.0,0.0,0.0,0.0
4932.YDR323C,0.0002473410833539451,2.3192631803735812e-07,0.0,0.0,0.0,0.0,0.0,0.0,0.0,0.0,0.0,0.0,0.0,0.0
4932.YMR094W,0.0007420232500618352,0.0006592416478886522,0.0,0.0,0.0,0.0,0.0,0.0,0.0,0.0,0.0,0.0,0.0,0.0
4932.YFL025C,0.0012367054167697256,5.279099213400727e-07,0.0,0.0,0.0,0.0,0.0,0.0,0.0,0.0,0.0,0.0,0.0,0.0
4932.YDR332W,0.0004946821667078902,2.841350575059721e-07,0.0,0.0,0.0,0.0,0.0,0.0,0.0,0.0,0.0,0.0,0.0,0.0
4932.YDR335W,0.0012367054167697256,3.789135327390192e-05,0.0,0.0,0.0,0.0,0.0,0.0,0.0,0.0,0.0,0.0,0.0,0.0
4932.YLR347C,0.004452139500371012,0.0007952967934679681,0.0,0.0,0.0,0.0,0.0,0.0,0.0,0.0,0.0,0.0,0.0,0.0
4932.YNL189W,0.0007420232500618352,3.763364834470711e-05,0.0,0.0,0.0,0.0,0.0,0.0,0.0,0.0,0.0,0.0,0.0,0.0
4932.YDR342C,0.0007420232500618352,0.00014182031697949083,0.0,0.0,0.0,0.0,0.0,0.0,0.0,0.0,0.0,0.0,0.0,0.0
4932.YDR343C,0.0007420232500618352,0.00014182031697949083,0.0,0.0,0.0,0.0,0.0,0.0,0.0,0.0,0.0,0.0,0.0,0.0
4932.YDR345C,0.0007420232500618352,0.00014182031697949083,0.0,0.0,0.0,0.0,0.0,0.0,0.0,0.0,0.0,0.0,0.0,0.0
4932.YJL063C,0.0014840465001236705,0.001613170301429698,0.0,0.0,0.0,0.0,0.0,0.0,0.0,0.0,0.0,0.0,0.0,0.0
4932.YDR453C,0.002473410833539451,0.0016598067938471484,0.0,0.0,0.0,0.0,0.0,0.0,0.0,0.0,0.0,0.0,0.0,0.0
4932.YML028W,0.002473410833539451,0.0016598067938471484,0.0,0.0,0.0,0.0,0.0,0.0,0.0,0.0,0.0,0.0,0.0,0.0
4932.YDR357C,0.0012367054167697256,9.427589500898307e-35,0.0,0.0,0.0,0.0,0.0,0.0,0.0,0.0,0.0,0.0,0.0,0.0
4932.YGL079W,0.0012367054167697256,9.427589500898307e-35,0.0,0.0,0.0,0.0,0.0,0.0,0.0,0.0,0.0,0.0,0.0,0.0
4932.YNL086W,0.0012367054167697256,9.427589500898307e-35,0.0,0.0,0.0,0.0,0.0,0.0,0.0,0.0,0.0,0.0,0.0,0.0
4932.YLR408C,0.0012367054167697256,9.427589500898307e-35,0.0,0.0,0.0,0.0,0.0,0.0,0.0,0.0,0.0,0.0,0.0,0.0
4932.YEL005C,0.0012367054167697256,9.427589500898307e-35,0.0,0.0,0.0,0.0,0.0,0.0,0.0,0.0,0.0,0.0,0.0,0.0
4932.YKL061W,0.0012367054167697256,9.427589500898307e-35,0.0,0.0,0.0,0.0,0.0,0.0,0.0,0.0,0.0,0.0,0.0,0.0
4932.YHL022C,0.0009893643334157804,1.3622801451332628e-05,0.0,0.0,0.0,0.0,0.0,0.0,0.0,0.0,0.0,0.0,0.0,0.0
4932.YGL175C,0.0009893643334157804,1.3622801451332628e-05,0.0,0.0,0.0,0.0,0.0,0.0,0.0,0.0,0.0,0.0,0.0,0.0
4932.YLR422W,0.003957457333663122,0.0007330707826691762,0.0,0.0,0.0,0.0,0.0,0.0,0.0,0.0,0.0,0.0,0.0,0.0
4932.YLR286C,0.0007420232500618352,3.065184449637284e-05,0.0,0.0,0.0,0.0,0.0,0.0,0.0,0.0,0.0,0.0,0.0,0.0
4932.YJR129C,0.0002473410833539451,2.3890088569140306e-06,0.0,0.0,0.0,0.0,0.0,0.0,0.0,0.0,0.0,0.0,0.0,0.0
4932.YDR387C,0.0004946821667078902,0.00013749964941450166,0.0,0.0,0.0,0.0,0.0,0.0,0.0,0.0,0.0,0.0,0.0,0.0
4932.YLR073C,0.0037101162503091764,0.0006766109602122468,0.0,0.0,0.0,0.0,0.0,0.0,0.0,0.0,0.0,0.0,0.0,0.0
4932.YDR397C,0.0002473410833539451,3.3380324233660764e-46,0.0,0.0,0.0,0.0,0.0,0.0,0.0,0.0,0.0,0.0,0.0,0.0
4932.YER159C,0.0002473410833539451,3.3380324233660764e-46,0.0,0.0,0.0,0.0,0.0,0.0,0.0,0.0,0.0,0.0,0.0,0.0
4932.YER042W,0.0002473410833539451,1.624431476153014e-05,0.0,0.0,0.0,0.0,0.0,0.0,0.0,0.0,0.0,0.0,0.0,0.0
4932.YML080W,0.0004946821667078902,7.647904377494664e-05,0.0,0.0,0.0,0.0,0.0,0.0,0.0,0.0,0.0,0.0,0.0,0.0
4932.YPL133C,0.0012367054167697256,0.0007578835725746121,0.0,0.0,0.0,0.0,0.0,0.0,0.0,0.0,0.0,0.0,0.0,0.0
4932.YNR015W,0.0004946821667078902,7.647904377494664e-05,0.0,0.0,0.0,0.0,0.0,0.0,0.0,0.0,0.0,0.0,0.0,0.0
4932.YLR405W,0.0004946821667078902,7.647904377494664e-05,0.0,0.0,0.0,0.0,0.0,0.0,0.0,0.0,0.0,0.0,0.0,0.0
4932.YLR401C,0.0004946821667078902,7.647904377494664e-05,0.0,0.0,0.0,0.0,0.0,0.0,0.0,0.0,0.0,0.0,0.0,0.0
4932.YGL016W,0.0004946821667078902,0.00013158073318342067,0.0,0.0,0.0,0.0,0.0,0.0,0.0,0.0,0.0,0.0,0.0,0.0
4932.YDR415C,0.002226069750185506,0.0004002279883645006,0.0,0.0,0.0,0.0,0.0,0.0,0.0,0.0,0.0,0.0,0.0,0.0
4932.YDR418W,0.0009893643334157804,1.0947949594620939e-05,0.0,0.0,0.0,0.0,0.0,0.0,0.0,0.0,0.0,0.0,0.0,0.0
4932.YDR488C,0.0017313875834776156,2.067732928491459e-05,0.0,0.0,0.0,0.0,0.0,0.0,0.0,0.0,0.0,0.0,0.0,0.0
4932.YMR299C,0.0007420232500618352,7.852160574641768e-06,0.0,0.0,0.0,0.0,0.0,0.0,0.0,0.0,0.0,0.0,0.0,0.0
4932.YDR437W,0.0017313875834776156,0.00015155882686243268,0.0,0.0,0.0,0.0,0.0,0.0,0.0,0.0,0.0,0.0,0.0,0.0
4932.YPL076W,0.0017313875834776156,0.00015155882686243268,0.0,0.0,0.0,0.0,0.0,0.0,0.0,0.0,0.0,0.0,0.0,0.0
4932.YPL096C-A,0.0017313875834776156,0.00015155882686243268,0.0,0.0,0.0,0.0,0.0,0.0,0.0,0.0,0.0,0.0,0.0,0.0
4932.YNL038W,0.0017313875834776156,0.00015155882686243268,0.0,0.0,0.0,0.0,0.0,0.0,0.0,0.0,0.0,0.0,0.0,0.0
4932.YGR216C,0.0017313875834776156,0.00015155882686243268,0.0,0.0,0.0,0.0,0.0,0.0,0.0,0.0,0.0,0.0,0.0,0.0
4932.YDR438W,0.0009893643334157804,0.00022275100777232668,0.0,0.0,0.0,0.0,0.0,0.0,0.0,0.0,0.0,0.0,0.0,0.0
4932.YDR440W,0.0007420232500618352,5.834875650551038e-09,0.0,0.0,0.0,0.0,0.0,0.0,0.0,0.0,0.0,0.0,0.0,0.0
4932.YHR109W,0.0007420232500618352,5.834875650551038e-09,0.0,0.0,0.0,0.0,0.0,0.0,0.0,0.0,0.0,0.0,0.0,0.0
4932.YJL168C,0.0007420232500618352,5.834875650551038e-09,0.0,0.0,0.0,0.0,0.0,0.0,0.0,0.0,0.0,0.0,0.0,0.0
4932.YDR451C,0.0004946821667078902,6.969864230633627e-08,0.0,0.0,0.0,0.0,0.0,0.0,0.0,0.0,0.0,0.0,0.0,0.0
4932.YMR043W,0.0017313875834776156,9.474133127914259e-06,0.0,0.0,0.0,0.0,0.0,0.0,0.0,0.0,0.0,0.0,0.0,0.0
4932.YML027W,0.0004946821667078902,6.969864230633627e-08,0.0,0.0,0.0,0.0,0.0,0.0,0.0,0.0,0.0,0.0,0.0,0.0
4932.YKL086W,0.0004946821667078902,2.423895395097028e-05,0.0,0.0,0.0,0.0,0.0,0.0,0.0,0.0,0.0,0.0,0.0,0.0
4932.YMR097C,0.0009893643334157804,0.00013100505987629886,0.0,0.0,0.0,0.0,0.0,0.0,0.0,0.0,0.0,0.0,0.0,0.0
4932.YGL099W,0.0007420232500618352,8.681910777918038e-05,0.0,0.0,0.0,0.0,0.0,0.0,0.0,0.0,0.0,0.0,0.0,0.0
4932.YDR461W,0.0004946821667078902,5.33854908665845e-09,0.0,0.0,0.0,0.0,0.0,0.0,0.0,0.0,0.0,0.0,0.0,0.0
4932.YKL178C,0.0014840465001236705,7.256987401951495e-07,0.0,0.0,0.0,0.0,0.0,0.0,0.0,0.0,0.0,0.0,0.0,0.0
4932.YNL145W,0.0004946821667078902,5.33854908665845e-09,0.0,0.0,0.0,0.0,0.0,0.0,0.0,0.0,0.0,0.0,0.0,0.0
4932.YNR072W,0.0007420232500618352,0.00014182031697949083,0.0,0.0,0.0,0.0,0.0,0.0,0.0,0.0,0.0,0.0,0.0,0.0
4932.YMR011W,0.0007420232500618352,0.00014182031697949083,0.0,0.0,0.0,0.0,0.0,0.0,0.0,0.0,0.0,0.0,0.0,0.0
4932.YEL069C,0.0007420232500618352,0.00014182031697949083,0.0,0.0,0.0,0.0,0.0,0.0,0.0,0.0,0.0,0.0,0.0,0.0
4932.YER129W,0.0007420232500618352,5.829599432915134e-06,0.0,0.0,0.0,0.0,0.0,0.0,0.0,0.0,0.0,0.0,0.0,0.0
4932.YJL219W,0.0007420232500618352,0.00014182031697949083,0.0,0.0,0.0,0.0,0.0,0.0,0.0,0.0,0.0,0.0,0.0,0.0
4932.YOL156W,0.0007420232500618352,0.00014182031697949083,0.0,0.0,0.0,0.0,0.0,0.0,0.0,0.0,0.0,0.0,0.0,0.0
4932.YLR081W,0.0007420232500618352,0.00014182031697949083,0.0,0.0,0.0,0.0,0.0,0.0,0.0,0.0,0.0,0.0,0.0,0.0
4932.YKL048C,0.0007420232500618352,5.829599432915134e-06,0.0,0.0,0.0,0.0,0.0,0.0,0.0,0.0,0.0,0.0,0.0,0.0
4932.YJL214W,0.0007420232500618352,0.00014182031697949083,0.0,0.0,0.0,0.0,0.0,0.0,0.0,0.0,0.0,0.0,0.0,0.0
4932.YFL011W,0.0007420232500618352,0.00014182031697949083,0.0,0.0,0.0,0.0,0.0,0.0,0.0,0.0,0.0,0.0,0.0,0.0
4932.YHR094C,0.0007420232500618352,0.00014182031697949083,0.0,0.0,0.0,0.0,0.0,0.0,0.0,0.0,0.0,0.0,0.0,0.0
4932.YHR092C,0.0007420232500618352,0.00014182031697949083,0.0,0.0,0.0,0.0,0.0,0.0,0.0,0.0,0.0,0.0,0.0,0.0
4932.YHR096C,0.0007420232500618352,0.00014182031697949083,0.0,0.0,0.0,0.0,0.0,0.0,0.0,0.0,0.0,0.0,0.0,0.0
4932.YGL179C,0.0002473410833539451,4.320667564989166e-06,0.0,0.0,0.0,0.0,0.0,0.0,0.0,0.0,0.0,0.0,0.0,0.0
4932.YNL318C,0.0007420232500618352,0.00014182031697949083,0.0,0.0,0.0,0.0,0.0,0.0,0.0,0.0,0.0,0.0,0.0,0.0
4932.YJR158W,0.0007420232500618352,0.00014182031697949083,0.0,0.0,0.0,0.0,0.0,0.0,0.0,0.0,0.0,0.0,0.0,0.0
4932.YDR486C,0.0002473410833539451,7.992816631926532e-08,0.0,0.0,0.0,0.0,0.0,0.0,0.0,0.0,0.0,0.0,0.0,0.0
4932.YPR173C,0.003215434083601286,1.0944869982652537e-05,0.0,0.0,0.0,0.0,0.0,0.0,0.0,0.0,0.0,0.0,0.0,0.0
4932.YDR497C,0.0004946821667078902,0.00013749964941450166,0.0,0.0,0.0,0.0,0.0,0.0,0.0,0.0,0.0,0.0,0.0,0.0
4932.YOL052C,0.0009893643334157804,0.00011008376358220087,0.0,0.0,0.0,0.0,0.0,0.0,0.0,0.0,0.0,0.0,0.0,0.0
4932.YKL069W,0.0014840465001236705,0.0005084049280650419,0.0,0.0,0.0,0.0,0.0,0.0,0.0,0.0,0.0,0.0,0.0,0.0
4932.YDR507C,0.0002473410833539451,1.4578191316994668e-07,0.0,0.0,0.0,0.0,0.0,0.0,0.0,0.0,0.0,0.0,0.0,0.0
4932.YIL031W,0.002968093000247341,3.69388101487498e-05,0.0,0.0,0.0,0.0,0.0,0.0,0.0,0.0,0.0,0.0,0.0,0.0
4932.YPL020C,0.002968093000247341,3.69388101487498e-05,0.0,0.0,0.0,0.0,0.0,0.0,0.0,0.0,0.0,0.0,0.0,0.0
4932.YDR517W,0.0004946821667078902,2.321488604832254e-06,0.0,0.0,0.0,0.0,0.0,0.0,0.0,0.0,0.0,0.0,0.0,0.0
4932.YDR520C,0.0002473410833539451,1.4019624701592296e-06,0.0,0.0,0.0,0.0,0.0,0.0,0.0,0.0,0.0,0.0,0.0,0.0
4932.YJL089W,0.0007420232500618352,0.0001972593114880194,0.0,0.0,0.0,0.0,0.0,0.0,0.0,0.0,0.0,0.0,0.0,0.0
4932.YGL250W,0.0009893643334157804,0.0002618138853769555,0.0,0.0,0.0,0.0,0.0,0.0,0.0,0.0,0.0,0.0,0.0,0.0
4932.YDR531W,0.0014840465001236705,0.00011718454239124504,0.0,0.0,0.0,0.0,0.0,0.0,0.0,0.0,0.0,0.0,0.0,0.0
4932.YDR532C,0.0002473410833539451,1.2243538345911593e-07,0.0,0.0,0.0,0.0,0.0,0.0,0.0,0.0,0.0,0.0,0.0,0.0
4932.YOL139C,0.0017313875834776156,1.67019596976028e-05,0.0,0.0,0.0,0.0,0.0,0.0,0.0,0.0,0.0,0.0,0.0,0.0
4932.YDR536W,0.0004946821667078902,0.00013749964941450166,0.0,0.0,0.0,0.0,0.0,0.0,0.0,0.0,0.0,0.0,0.0,0.0
4932.YOR320C,0.0017313875834776156,0.0017737688861358086,0.0,0.0,0.0,0.0,0.0,0.0,0.0,0.0,0.0,0.0,0.0,0.0
4932.YEL003W,0.0012367054167697256,9.427589500898307e-35,0.0,0.0,0.0,0.0,0.0,0.0,0.0,0.0,0.0,0.0,0.0,0.0
4932.YNL153C,0.0012367054167697256,9.427589500898307e-35,0.0,0.0,0.0,0.0,0.0,0.0,0.0,0.0,0.0,0.0,0.0,0.0
4932.YGR078C,0.0012367054167697256,9.427589500898307e-35,0.0,0.0,0.0,0.0,0.0,0.0,0.0,0.0,0.0,0.0,0.0,0.0
4932.YML094W,0.0012367054167697256,9.427589500898307e-35,0.0,0.0,0.0,0.0,0.0,0.0,0.0,0.0,0.0,0.0,0.0,0.0
4932.YLR200W,0.0012367054167697256,9.427589500898307e-35,0.0,0.0,0.0,0.0,0.0,0.0,0.0,0.0,0.0,0.0,0.0,0.0
4932.YJL179W,0.0012367054167697256,9.427589500898307e-35,0.0,0.0,0.0,0.0,0.0,0.0,0.0,0.0,0.0,0.0,0.0,0.0
4932.YEL009C,0.0012367054167697256,5.604122360168923e-06,0.0,0.0,0.0,0.0,0.0,0.0,0.0,0.0,0.0,0.0,0.0,0.0
4932.YHR071W,0.0007420232500618352,1.8562804519915798e-06,0.0,0.0,0.0,0.0,0.0,0.0,0.0,0.0,0.0,0.0,0.0,0.0
4932.YNR028W,0.0002473410833539451,1.576155093401374e-05,0.0,0.0,0.0,0.0,0.0,0.0,0.0,0.0,0.0,0.0,0.0,0.0
4932.YHR057C,0.0007420232500618352,0.00020522827249501603,0.0,0.0,0.0,0.0,0.0,0.0,0.0,0.0,0.0,0.0,0.0,0.0
4932.YHR115C,0.0002473410833539451,1.576155093401374e-05,0.0,0.0,0.0,0.0,0.0,0.0,0.0,0.0,0.0,0.0,0.0,0.0
4932.YNL116W,0.0002473410833539451,1.576155093401374e-05,0.0,0.0,0.0,0.0,0.0,0.0,0.0,0.0,0.0,0.0,0.0,0.0
4932.YJL146W,0.002226069750185506,0.0001541861478605733,0.0,0.0,0.0,0.0,0.0,0.0,0.0,0.0,0.0,0.0,0.0,0.0
4932.YML078W,0.0009893643334157804,0.0003011920697901469,0.0,0.0,0.0,0.0,0.0,0.0,0.0,0.0,0.0,0.0,0.0,0.0
4932.YPL064C,0.0004946821667078902,0.00011040291759120261,0.0,0.0,0.0,0.0,0.0,0.0,0.0,0.0,0.0,0.0,0.0,0.0
4932.YJR032W,0.0012367054167697256,0.00011646153263624358,0.0,0.0,0.0,0.0,0.0,0.0,0.0,0.0,0.0,0.0,0.0,0.0
4932.YLR238W,0.0002473410833539451,1.576155093401374e-05,0.0,0.0,0.0,0.0,0.0,0.0,0.0,0.0,0.0,0.0,0.0,0.0
4932.YGR112W,0.0014840465001236705,0.000367386990672641,0.0,0.0,0.0,0.0,0.0,0.0,0.0,0.0,0.0,0.0,0.0,0.0
4932.YLR332W,0.0012367054167697256,0.00015977143898133965,0.0,0.0,0.0,0.0,0.0,0.0,0.0,0.0,0.0,0.0,0.0,0.0
4932.YGR023W,0.0012367054167697256,0.00015977143898133965,0.0,0.0,0.0,0.0,0.0,0.0,0.0,0.0,0.0,0.0,0.0,0.0
4932.YNL190W,0.0007420232500618352,0.00022295547319138413,0.0,0.0,0.0,0.0,0.0,0.0,0.0,0.0,0.0,0.0,0.0,0.0
4932.YNL200C,0.0017313875834776156,0.0003490567088350554,0.0,0.0,0.0,0.0,0.0,0.0,0.0,0.0,0.0,0.0,0.0,0.0
4932.YGR262C,0.0017313875834776156,8.099396743698454e-05,0.0,0.0,0.0,0.0,0.0,0.0,0.0,0.0,0.0,0.0,0.0,0.0
4932.YEL034W,0.0007420232500618352,7.020160380097801e-05,0.0,0.0,0.0,0.0,0.0,0.0,0.0,0.0,0.0,0.0,0.0,0.0
4932.YHR068W,0.0007420232500618352,7.020160380097801e-05,0.0,0.0,0.0,0.0,0.0,0.0,0.0,0.0,0.0,0.0,0.0,0.0
4932.YJR047C,0.0007420232500618352,7.020160380097801e-05,0.0,0.0,0.0,0.0,0.0,0.0,0.0,0.0,0.0,0.0,0.0,0.0
4932.YPR118W,0.0017313875834776156,0.0005403599421280968,0.0,0.0,0.0,0.0,0.0,0.0,0.0,0.0,0.0,0.0,0.0,0.0
4932.YPL176C,0.002968093000247341,0.00042117800600639934,0.0,0.0,0.0,0.0,0.0,0.0,0.0,0.0,0.0,0.0,0.0,0.0
4932.YLR001C,0.0002473410833539451,9.482535490381345e-05,0.0,0.0,0.0,0.0,0.0,0.0,0.0,0.0,0.0,0.0,0.0,0.0
4932.YOR386W,0.0007420232500618352,0.00028543051885613317,0.0,0.0,0.0,0.0,0.0,0.0,0.0,0.0,0.0,0.0,0.0,0.0
4932.YLR451W,0.0007420232500618352,0.00028543051885613317,0.0,0.0,0.0,0.0,0.0,0.0,0.0,0.0,0.0,0.0,0.0,0.0
4932.YOR305W,0.001978728666831561,0.00039898886900177274,0.0,0.0,0.0,0.0,0.0,0.0,0.0,0.0,0.0,0.0,0.0,0.0
4932.YOR256C,0.0027207519168933963,0.0004367990804774219,0.0,0.0,0.0,0.0,0.0,0.0,0.0,0.0,0.0,0.0,0.0,0.0
4932.YIL088C,0.0012367054167697256,0.0013734854749664265,0.0,0.0,0.0,0.0,0.0,0.0,0.0,0.0,0.0,0.0,0.0,0.0
4932.YJR001W,0.0012367054167697256,0.0013734854749664265,0.0,0.0,0.0,0.0,0.0,0.0,0.0,0.0,0.0,0.0,0.0,0.0
4932.YKL146W,0.0014840465001236705,0.0013835881503303292,0.0,0.0,0.0,0.0,0.0,0.0,0.0,0.0,0.0,0.0,0.0,0.0
4932.YEL064C,0.0012367054167697256,0.0013734854749664265,0.0,0.0,0.0,0.0,0.0,0.0,0.0,0.0,0.0,0.0,0.0,0.0
4932.YER119C,0.0012367054167697256,0.0013734854749664265,0.0,0.0,0.0,0.0,0.0,0.0,0.0,0.0,0.0,0.0,0.0,0.0
4932.YNL101W,0.0014840465001236705,0.0013835881503303292,0.0,0.0,0.0,0.0,0.0,0.0,0.0,0.0,0.0,0.0,0.0,0.0
4932.YEL055C,0.0002473410833539451,6.685164963795298e-07,0.0,0.0,0.0,0.0,0.0,0.0,0.0,0.0,0.0,0.0,0.0,0.0
4932.YJL092W,0.0012367054167697256,0.000929114524853976,0.0,0.0,0.0,0.0,0.0,0.0,0.0,0.0,0.0,0.0,0.0,0.0
4932.YOL095C,0.0012367054167697256,0.000929114524853976,0.0,0.0,0.0,0.0,0.0,0.0,0.0,0.0,0.0,0.0,0.0,0.0
4932.YEL059C-A,0.0004946821667078902,5.6192812328924556e-42,0.0,0.0,0.0,0.0,0.0,0.0,0.0,0.0,0.0,0.0,0.0,0.0
4932.YMR035W,0.0004946821667078902,5.6192812328924556e-42,0.0,0.0,0.0,0.0,0.0,0.0,0.0,0.0,0.0,0.0,0.0,0.0
4932.YMR150C,0.0004946821667078902,5.6192812328924556e-42,0.0,0.0,0.0,0.0,0.0,0.0,0.0,0.0,0.0,0.0,0.0,0.0
4932.YEL065W,0.0004946821667078902,0.00013749964941450166,0.0,0.0,0.0,0.0,0.0,0.0,0.0,0.0,0.0,0.0,0.0,0.0
4932.YHR085W,0.0027207519168933963,3.6316202234340943e-05,0.0,0.0,0.0,0.0,0.0,0.0,0.0,0.0,0.0,0.0,0.0,0.0
4932.YLL035W,0.0027207519168933963,3.6316202234340943e-05,0.0,0.0,0.0,0.0,0.0,0.0,0.0,0.0,0.0,0.0,0.0,0.0
4932.YHR197W,0.0027207519168933963,3.6316202234340943e-05,0.0,0.0,0.0,0.0,0.0,0.0,0.0,0.0,0.0,0.0,0.0,0.0
4932.YER018C,0.0009893643334157804,1.2174244322755228e-06,0.0,0.0,0.0,0.0,0.0,0.0,0.0,0.0,0.0,0.0,0.0,0.0
4932.YOL069W,0.0009893643334157804,1.2174244322755228e-06,0.0,0.0,0.0,0.0,0.0,0.0,0.0,0.0,0.0,0.0,0.0,0.0
4932.YIL144W,0.0009893643334157804,1.2174244322755228e-06,0.0,0.0,0.0,0.0,0.0,0.0,0.0,0.0,0.0,0.0,0.0,0.0
4932.YMR117C,0.0009893643334157804,1.2174244322755228e-06,0.0,0.0,0.0,0.0,0.0,0.0,0.0,0.0,0.0,0.0,0.0,0.0
4932.YLR452C,0.0007420232500618352,1.8466592071974374e-07,0.0,0.0,0.0,0.0,0.0,0.0,0.0,0.0,0.0,0.0,0.0,0.0
4932.YOR107W,0.0007420232500618352,1.8466592071974374e-07,0.0,0.0,0.0,0.0,0.0,0.0,0.0,0.0,0.0,0.0,0.0,0.0
4932.YER023W,0.0004946821667078902,0.0008207227627153496,0.0,0.0,0.0,0.0,0.0,0.0,0.0,0.0,0.0,0.0,0.0,0.0
4932.YJR094W-A,0.0007420232500618352,1.0440159913834304e-05,0.0,0.0,0.0,0.0,0.0,0.0,0.0,0.0,0.0,0.0,0.0,0.0
4932.YFR031C-A,0.0009893643334157804,1.0947949594620939e-05,0.0,0.0,0.0,0.0,0.0,0.0,0.0,0.0,0.0,0.0,0.0,0.0
4932.YLR448W,0.0012367054167697256,1.1030487299691715e-05,0.0,0.0,0.0,0.0,0.0,0.0,0.0,0.0,0.0,0.0,0.0,0.0
4932.YMR121C,0.0012367054167697256,1.1030487299691715e-05,0.0,0.0,0.0,0.0,0.0,0.0,0.0,0.0,0.0,0.0,0.0,0.0
4932.YHL033C,0.0009893643334157804,1.0790336572968955e-05,0.0,0.0,0.0,0.0,0.0,0.0,0.0,0.0,0.0,0.0,0.0,0.0
4932.YMR194W,0.0009893643334157804,1.0790336572968955e-05,0.0,0.0,0.0,0.0,0.0,0.0,0.0,0.0,0.0,0.0,0.0,0.0
4932.YLR061W,0.0009893643334157804,1.0518885287868707e-05,0.0,0.0,0.0,0.0,0.0,0.0,0.0,0.0,0.0,0.0,0.0,0.0
4932.YPR102C,0.0012367054167697256,1.1030487299691715e-05,0.0,0.0,0.0,0.0,0.0,0.0,0.0,0.0,0.0,0.0,0.0,0.0
4932.YNL301C,0.0009893643334157804,1.0947949594620939e-05,0.0,0.0,0.0,0.0,0.0,0.0,0.0,0.0,0.0,0.0,0.0,0.0
4932.YFL034C-A,0.0009893643334157804,1.0518885287868707e-05,0.0,0.0,0.0,0.0,0.0,0.0,0.0,0.0,0.0,0.0,0.0,0.0
4932.YGR085C,0.0012367054167697256,1.1030487299691715e-05,0.0,0.0,0.0,0.0,0.0,0.0,0.0,0.0,0.0,0.0,0.0,0.0
4932.YMR242C,0.0009893643334157804,1.0947949594620939e-05,0.0,0.0,0.0,0.0,0.0,0.0,0.0,0.0,0.0,0.0,0.0,0.0
4932.YKL006W,0.0009893643334157804,1.0790336572968955e-05,0.0,0.0,0.0,0.0,0.0,0.0,0.0,0.0,0.0,0.0,0.0,0.0
4932.YML073C,0.0012367054167697256,1.1030487299691715e-05,0.0,0.0,0.0,0.0,0.0,0.0,0.0,0.0,0.0,0.0,0.0,0.0
4932.YIL052C,0.0012367054167697256,0.0001323854923395661,0.0,0.0,0.0,0.0,0.0,0.0,0.0,0.0,0.0,0.0,0.0,0.0
4932.YOR234C,0.0009893643334157804,1.0790336572968955e-05,0.0,0.0,0.0,0.0,0.0,0.0,0.0,0.0,0.0,0.0,0.0,0.0
4932.YGR148C,0.0012367054167697256,1.232569270706298e-05,0.0,0.0,0.0,0.0,0.0,0.0,0.0,0.0,0.0,0.0,0.0,0.0
4932.YGL147C,0.0009893643334157804,1.0790336572968955e-05,0.0,0.0,0.0,0.0,0.0,0.0,0.0,0.0,0.0,0.0,0.0,0.0
4932.YPL198W,0.0012367054167697256,1.232569270706298e-05,0.0,0.0,0.0,0.0,0.0,0.0,0.0,0.0,0.0,0.0,0.0,0.0
4932.YGL195W,0.0007420232500618352,1.0440159913834304e-05,0.0,0.0,0.0,0.0,0.0,0.0,0.0,0.0,0.0,0.0,0.0,0.0
4932.YLR029C,0.0012367054167697256,1.1030487299691715e-05,0.0,0.0,0.0,0.0,0.0,0.0,0.0,0.0,0.0,0.0,0.0,0.0
4932.YGL135W,0.0009893643334157804,1.0947949594620939e-05,0.0,0.0,0.0,0.0,0.0,0.0,0.0,0.0,0.0,0.0,0.0,0.0
4932.YNL069C,0.0009893643334157804,1.078658075662262e-05,0.0,0.0,0.0,0.0,0.0,0.0,0.0,0.0,0.0,0.0,0.0,0.0
4932.YLR344W,0.0014840465001236705,4.051867079143886e-05,0.0,0.0,0.0,0.0,0.0,0.0,0.0,0.0,0.0,0.0,0.0,0.0
4932.YGR034W,0.0014840465001236705,4.051867079143886e-05,0.0,0.0,0.0,0.0,0.0,0.0,0.0,0.0,0.0,0.0,0.0,0.0
4932.YGR157W,0.002473410833539451,0.0005701256395505527,0.0,0.0,0.0,0.0,0.0,0.0,0.0,0.0,0.0,0.0,0.0,0.0
4932.YJR073C,0.002473410833539451,0.0005701256395505527,0.0,0.0,0.0,0.0,0.0,0.0,0.0,0.0,0.0,0.0,0.0,0.0
4932.YHR022C,0.002968093000247341,4.634157131268825e-05,0.0,0.0,0.0,0.0,0.0,0.0,0.0,0.0,0.0,0.0,0.0,0.0
4932.YJL031C,0.002968093000247341,4.634157131268825e-05,0.0,0.0,0.0,0.0,0.0,0.0,0.0,0.0,0.0,0.0,0.0,0.0
4932.YNL093W,0.002968093000247341,4.634157131268825e-05,0.0,0.0,0.0,0.0,0.0,0.0,0.0,0.0,0.0,0.0,0.0,0.0
4932.YOR221C,0.0017313875834776156,0.0022213865030602828,0.0,0.0,0.0,0.0,0.0,0.0,0.0,0.0,0.0,0.0,0.0,0.0
4932.YER064C,0.0002473410833539451,0.0001044064135420623,0.0,0.0,0.0,0.0,0.0,0.0,0.0,0.0,0.0,0.0,0.0,0.0
4932.YNR029C,0.0014840465001236705,0.00020293115936317232,0.0,0.0,0.0,0.0,0.0,0.0,0.0,0.0,0.0,0.0,0.0,0.0
4932.YER071C,0.0002473410833539451,3.3380324233660764e-46,0.0,0.0,0.0,0.0,0.0,0.0,0.0,0.0,0.0,0.0,0.0,0.0
4932.YIR003W,0.0002473410833539451,3.3380324233660764e-46,0.0,0.0,0.0,0.0,0.0,0.0,0.0,0.0,0.0,0.0,0.0,0.0
4932.YER100W,0.0004946821667078902,7.959324918107391e-05,0.0,0.0,0.0,0.0,0.0,0.0,0.0,0.0,0.0,0.0,0.0,0.0
4932.YER107C,0.0007420232500618352,2.4132218916616813e-06,0.0,0.0,0.0,0.0,0.0,0.0,0.0,0.0,0.0,0.0,0.0,0.0
4932.YER117W,0.0002473410833539451,0.00042215384998316787,0.0,0.0,0.0,0.0,0.0,0.0,0.0,0.0,0.0,0.0,0.0,0.0
4932.YFL026W,0.0014840465001236705,7.256987485771007e-07,0.0,0.0,0.0,0.0,0.0,0.0,0.0,0.0,0.0,0.0,0.0,0.0
4932.YNL272C,0.0009893643334157804,1.4138255768633758e-05,0.0,0.0,0.0,0.0,0.0,0.0,0.0,0.0,0.0,0.0,0.0,0.0
4932.YER151C,0.0002473410833539451,3.3380324233660764e-46,0.0,0.0,0.0,0.0,0.0,0.0,0.0,0.0,0.0,0.0,0.0,0.0
4932.YNR051C,0.0002473410833539451,3.3380324233660764e-46,0.0,0.0,0.0,0.0,0.0,0.0,0.0,0.0,0.0,0.0,0.0,0.0
4932.YER157W,0.0017313875834776156,9.395725986263803e-32,0.0,0.0,0.0,0.0,0.0,0.0,0.0,0.0,0.0,0.0,0.0,0.0
4932.YGR120C,0.0017313875834776156,9.395725986263803e-32,0.0,0.0,0.0,0.0,0.0,0.0,0.0,0.0,0.0,0.0,0.0,0.0
4932.YNL051W,0.0017313875834776156,9.395725986263803e-32,0.0,0.0,0.0,0.0,0.0,0.0,0.0,0.0,0.0,0.0,0.0,0.0
4932.YML071C,0.0017313875834776156,9.395725986263803e-32,0.0,0.0,0.0,0.0,0.0,0.0,0.0,0.0,0.0,0.0,0.0,0.0
4932.YPR105C,0.0017313875834776156,9.395725986263803e-32,0.0,0.0,0.0,0.0,0.0,0.0,0.0,0.0,0.0,0.0,0.0,0.0
4932.YGL005C,0.0017313875834776156,9.395725986263803e-32,0.0,0.0,0.0,0.0,0.0,0.0,0.0,0.0,0.0,0.0,0.0,0.0
4932.YNL041C,0.0017313875834776156,9.395725986263803e-32,0.0,0.0,0.0,0.0,0.0,0.0,0.0,0.0,0.0,0.0,0.0,0.0
4932.YGL223C,0.0017313875834776156,9.395725986263803e-32,0.0,0.0,0.0,0.0,0.0,0.0,0.0,0.0,0.0,0.0,0.0,0.0
4932.YER179W,0.0014840465001236705,0.00409993189694848,0.0,0.0,0.0,0.0,0.0,0.0,0.0,0.0,0.0,0.0,0.0,0.0
4932.YER182W,0.0002473410833539451,0.0004132159839712982,0.0,0.0,0.0,0.0,0.0,0.0,0.0,0.0,0.0,0.0,0.0,0.0
4932.YGL242C,0.002968093000247341,0.0004130063535575491,0.0,0.0,0.0,0.0,0.0,0.0,0.0,0.0,0.0,0.0,0.0,0.0
4932.YFL022C,0.0004946821667078902,5.6192812328924556e-42,0.0,0.0,0.0,0.0,0.0,0.0,0.0,0.0,0.0,0.0,0.0,0.0
4932.YLR060W,0.0004946821667078902,5.6192812328924556e-42,0.0,0.0,0.0,0.0,0.0,0.0,0.0,0.0,0.0,0.0,0.0,0.0
4932.YPR047W,0.0004946821667078902,5.6192812328924556e-42,0.0,0.0,0.0,0.0,0.0,0.0,0.0,0.0,0.0,0.0,0.0,0.0
4932.YGL089C,0.0007420232500618352,5.339122882936534e-09,0.0,0.0,0.0,0.0,0.0,0.0,0.0,0.0,0.0,0.0,0.0,0.0
4932.YNL154C,0.0007420232500618352,1.0677098234994726e-08,0.0,0.0,0.0,0.0,0.0,0.0,0.0,0.0,0.0,0.0,0.0,0.0
4932.YHR135C,0.0007420232500618352,1.0677098234994726e-08,0.0,0.0,0.0,0.0,0.0,0.0,0.0,0.0,0.0,0.0,0.0,0.0
4932.YPL187W,0.0007420232500618352,5.339122882936534e-09,0.0,0.0,0.0,0.0,0.0,0.0,0.0,0.0,0.0,0.0,0.0,0.0
4932.YFL027C,0.0002473410833539451,8.700831234751708e-07,0.0,0.0,0.0,0.0,0.0,0.0,0.0,0.0,0.0,0.0,0.0,0.0
4932.YNL157W,0.0004946821667078902,1.5476673075211766e-07,0.0,0.0,0.0,0.0,0.0,0.0,0.0,0.0,0.0,0.0,0.0,0.0
4932.YHR132W-A,0.0004946821667078902,1.5476673075211766e-07,0.0,0.0,0.0,0.0,0.0,0.0,0.0,0.0,0.0,0.0,0.0,0.0
4932.YJL164C,0.003215434083601286,9.947960087084197e-05,0.0,0.0,0.0,0.0,0.0,0.0,0.0,0.0,0.0,0.0,0.0,0.0
4932.YPL203W,0.003215434083601286,9.947960087084197e-05,0.0,0.0,0.0,0.0,0.0,0.0,0.0,0.0,0.0,0.0,0.0,0.0
4932.YFL036W,0.0004946821667078902,4.1837547636967643e-07,0.0,0.0,0.0,0.0,0.0,0.0,0.0,0.0,0.0,0.0,0.0,0.0
4932.YPR052C,0.0004946821667078902,4.1837547636967643e-07,0.0,0.0,0.0,0.0,0.0,0.0,0.0,0.0,0.0,0.0,0.0,0.0
4932.YML034W,0.002473410833539451,1.0927361177236223e-05,0.0,0.0,0.0,0.0,0.0,0.0,0.0,0.0,0.0,0.0,0.0,0.0
4932.YFL040W,0.0004946821667078902,0.00013749964941450166,0.0,0.0,0.0,0.0,0.0,0.0,0.0,0.0,0.0,0.0,0.0,0.0
4932.YFL048C,0.0002473410833539451,3.3380324233660764e-46,0.0,0.0,0.0,0.0,0.0,0.0,0.0,0.0,0.0,0.0,0.0,0.0
4932.YLR080W,0.0002473410833539451,3.3380324233660764e-46,0.0,0.0,0.0,0.0,0.0,0.0,0.0,0.0,0.0,0.0,0.0,0.0
4932.YJR110W,0.002968093000247341,5.383132420543274e-05,0.0,0.0,0.0,0.0,0.0,0.0,0.0,0.0,0.0,0.0,0.0,0.0
4932.YGR223C,0.0004946821667078902,1.430132529777902e-07,0.0,0.0,0.0,0.0,0.0,0.0,0.0,0.0,0.0,0.0,0.0,0.0
4932.YPR054W,0.001978728666831561,2.1271533359142717e-05,0.0,0.0,0.0,0.0,0.0,0.0,0.0,0.0,0.0,0.0,0.0,0.0
4932.YOL001W,0.0007420232500618352,4.619004758834018e-05,0.0,0.0,0.0,0.0,0.0,0.0,0.0,0.0,0.0,0.0,0.0,0.0
4932.YGR094W,0.0002473410833539451,8.044172355249806e-06,0.0,0.0,0.0,0.0,0.0,0.0,0.0,0.0,0.0,0.0,0.0,0.0
4932.YLR057W,0.0004946821667078902,6.816155253090001e-06,0.0,0.0,0.0,0.0,0.0,0.0,0.0,0.0,0.0,0.0,0.0,0.0
4932.YNL175C,0.0012367054167697256,1.1222117593905176e-05,0.0,0.0,0.0,0.0,0.0,0.0,0.0,0.0,0.0,0.0,0.0,0.0
4932.YGL050W,0.0004946821667078902,1.8058462148925392e-10,0.0,0.0,0.0,0.0,0.0,0.0,0.0,0.0,0.0,0.0,0.0,0.0
4932.YML005W,0.0004946821667078902,1.234600610925223e-08,0.0,0.0,0.0,0.0,0.0,0.0,0.0,0.0,0.0,0.0,0.0,0.0
4932.YHR070W,0.0004946821667078902,1.234600610925223e-08,0.0,0.0,0.0,0.0,0.0,0.0,0.0,0.0,0.0,0.0,0.0,0.0
4932.YLL054C,0.0014840465001236705,0.0005248327864928581,0.0,0.0,0.0,0.0,0.0,0.0,0.0,0.0,0.0,0.0,0.0,0.0
4932.YHR048W,0.0017313875834776156,0.0005362551531538491,0.0,0.0,0.0,0.0,0.0,0.0,0.0,0.0,0.0,0.0,0.0,0.0
4932.YLL057C,0.0014840465001236705,0.0005247771750707445,0.0,0.0,0.0,0.0,0.0,0.0,0.0,0.0,0.0,0.0,0.0,0.0
4932.YGR143W,0.001978728666831561,0.0006380993973329649,0.0,0.0,0.0,0.0,0.0,0.0,0.0,0.0,0.0,0.0,0.0,0.0
4932.YKL050C,0.0012367054167697256,0.0004945930910038264,0.0,0.0,0.0,0.0,0.0,0.0,0.0,0.0,0.0,0.0,0.0,0.0
4932.YMR302C,0.0012367054167697256,0.0004945930910038264,0.0,0.0,0.0,0.0,0.0,0.0,0.0,0.0,0.0,0.0,0.0,0.0
4932.YPR156C,0.001978728666831561,0.0006104944463448951,0.0,0.0,0.0,0.0,0.0,0.0,0.0,0.0,0.0,0.0,0.0,0.0
4932.YGR138C,0.002226069750185506,0.0007103717828687158,0.0,0.0,0.0,0.0,0.0,0.0,0.0,0.0,0.0,0.0,0.0,0.0
4932.YPR159W,0.0014840465001236705,0.0005144728956650651,0.0,0.0,0.0,0.0,0.0,0.0,0.0,0.0,0.0,0.0,0.0,0.0
4932.YMR031C,0.0012367054167697256,0.0004945930910038264,0.0,0.0,0.0,0.0,0.0,0.0,0.0,0.0,0.0,0.0,0.0,0.0
4932.YJL103C,0.001978728666831561,0.0007077926497898673,0.0,0.0,0.0,0.0,0.0,0.0,0.0,0.0,0.0,0.0,0.0,0.0
4932.YNL065W,0.002968093000247341,0.0009125212468061248,0.0,0.0,0.0,0.0,0.0,0.0,0.0,0.0,0.0,0.0,0.0,0.0
4932.YMR100W,0.0004946821667078902,1.3226548080313996e-07,0.0,0.0,0.0,0.0,0.0,0.0,0.0,0.0,0.0,0.0,0.0,0.0
4932.YGL060W,0.0002473410833539451,3.7534782014324414e-05,0.0,0.0,0.0,0.0,0.0,0.0,0.0,0.0,0.0,0.0,0.0,0.0
4932.YOR351C,0.0017313875834776156,5.7868313373240316e-05,0.0,0.0,0.0,0.0,0.0,0.0,0.0,0.0,0.0,0.0,0.0,0.0
4932.YLR248W,0.0014840465001236705,5.7865118916805665e-05,0.0,0.0,0.0,0.0,0.0,0.0,0.0,0.0,0.0,0.0,0.0,0.0
4932.YGL075C,0.0007420232500618352,5.084706302355201e-09,0.0,0.0,0.0,0.0,0.0,0.0,0.0,0.0,0.0,0.0,0.0,0.0
4932.YJL019W,0.0007420232500618352,5.084706302355201e-09,0.0,0.0,0.0,0.0,0.0,0.0,0.0,0.0,0.0,0.0,0.0,0.0
4932.YPL200W,0.0007420232500618352,5.084706302355201e-09,0.0,0.0,0.0,0.0,0.0,0.0,0.0,0.0,0.0,0.0,0.0,0.0
4932.YIL015W,0.0004946821667078902,7.798330811405597e-11,0.0,0.0,0.0,0.0,0.0,0.0,0.0,0.0,0.0,0.0,0.0,0.0
4932.YGL090W,0.0004946821667078902,2.8777767867847217e-07,0.0,0.0,0.0,0.0,0.0,0.0,0.0,0.0,0.0,0.0,0.0,0.0
4932.YOR005C,0.0004946821667078902,2.8777767867847217e-07,0.0,0.0,0.0,0.0,0.0,0.0,0.0,0.0,0.0,0.0,0.0,0.0
4932.YMR301C,0.0004946821667078902,2.109694889904603e-05,0.0,0.0,0.0,0.0,0.0,0.0,0.0,0.0,0.0,0.0,0.0,0.0
4932.YKR071C,0.0007420232500618352,0.0001455379779415656,0.0,0.0,0.0,0.0,0.0,0.0,0.0,0.0,0.0,0.0,0.0,0.0
4932.YKL025C,0.0002473410833539451,8.085555045830054e-06,0.0,0.0,0.0,0.0,0.0,0.0,0.0,0.0,0.0,0.0,0.0,0.0
4932.YGL097W,0.0002473410833539451,1.34383711791718e-07,0.0,0.0,0.0,0.0,0.0,0.0,0.0,0.0,0.0,0.0,0.0,0.0
4932.YGL105W,0.0004946821667078902,2.7220990660171836e-05,0.0,0.0,0.0,0.0,0.0,0.0,0.0,0.0,0.0,0.0,0.0,0.0
4932.YHR023W,0.0017313875834776156,2.0824490393002562e-05,0.0,0.0,0.0,0.0,0.0,0.0,0.0,0.0,0.0,0.0,0.0,0.0
4932.YGR188C,0.0007420232500618352,2.1482614474054788e-05,0.0,0.0,0.0,0.0,0.0,0.0,0.0,0.0,0.0,0.0,0.0,0.0
4932.YPL228W,0.0004946821667078902,2.2086507091157067e-07,0.0,0.0,0.0,0.0,0.0,0.0,0.0,0.0,0.0,0.0,0.0,0.0
4932.YMR180C,0.0004946821667078902,2.2086507091157067e-07,0.0,0.0,0.0,0.0,0.0,0.0,0.0,0.0,0.0,0.0,0.0,0.0
4932.YGR142W,0.0002473410833539451,2.1925180176874482e-07,0.0,0.0,0.0,0.0,0.0,0.0,0.0,0.0,0.0,0.0,0.0,0.0
4932.YPR158W,0.0002473410833539451,2.1925180176874482e-07,0.0,0.0,0.0,0.0,0.0,0.0,0.0,0.0,0.0,0.0,0.0,0.0
4932.YGL131C,0.0004946821667078902,0.0001075168619650848,0.0,0.0,0.0,0.0,0.0,0.0,0.0,0.0,0.0,0.0,0.0,0.0
4932.YLR440C,0.0004946821667078902,8.149926485317544e-07,0.0,0.0,0.0,0.0,0.0,0.0,0.0,0.0,0.0,0.0,0.0,0.0
4932.YGL155W,0.0002473410833539451,1.0827267512683534e-06,0.0,0.0,0.0,0.0,0.0,0.0,0.0,0.0,0.0,0.0,0.0,0.0
4932.YGL156W,0.0007420232500618352,5.600289098181611e-39,0.0,0.0,0.0,0.0,0.0,0.0,0.0,0.0,0.0,0.0,0.0,0.0
4932.YKL103C,0.0007420232500618352,5.600289098181611e-39,0.0,0.0,0.0,0.0,0.0,0.0,0.0,0.0,0.0,0.0,0.0,0.0
4932.YOL083W,0.0007420232500618352,5.600289098181611e-39,0.0,0.0,0.0,0.0,0.0,0.0,0.0,0.0,0.0,0.0,0.0,0.0
4932.YOL082W,0.0007420232500618352,5.600289098181611e-39,0.0,0.0,0.0,0.0,0.0,0.0,0.0,0.0,0.0,0.0,0.0,0.0
4932.YGL159W,0.002473410833539451,0.0016783675804867334,0.0,0.0,0.0,0.0,0.0,0.0,0.0,0.0,0.0,0.0,0.0,0.0
4932.YOR048C,0.0002473410833539451,2.0219565093903204e-06,0.0,0.0,0.0,0.0,0.0,0.0,0.0,0.0,0.0,0.0,0.0,0.0
4932.YGL174W,0.0004946821667078902,1.939173990313896e-08,0.0,0.0,0.0,0.0,0.0,0.0,0.0,0.0,0.0,0.0,0.0,0.0
4932.YLR016C,0.0004946821667078902,1.939173990313896e-08,0.0,0.0,0.0,0.0,0.0,0.0,0.0,0.0,0.0,0.0,0.0,0.0
4932.YNL119W,0.0002473410833539451,2.4799400654627443e-05,0.0,0.0,0.0,0.0,0.0,0.0,0.0,0.0,0.0,0.0,0.0,0.0
4932.YML021C,0.0009893643334157804,5.2412555753218645e-05,0.0,0.0,0.0,0.0,0.0,0.0,0.0,0.0,0.0,0.0,0.0,0.0
4932.YGL243W,0.0004946821667078902,0.0001524687984973951,0.0,0.0,0.0,0.0,0.0,0.0,0.0,0.0,0.0,0.0,0.0,0.0
4932.YLR371W,0.0017313875834776156,1.3960745873582338e-05,0.0,0.0,0.0,0.0,0.0,0.0,0.0,0.0,0.0,0.0,0.0,0.0
4932.YGR070W,0.0017313875834776156,1.3960745873582338e-05,0.0,0.0,0.0,0.0,0.0,0.0,0.0,0.0,0.0,0.0,0.0,0.0
4932.YNL328C,0.0027207519168933963,7.579859992328092e-05,0.0,0.0,0.0,0.0,0.0,0.0,0.0,0.0,0.0,0.0,0.0,0.0
4932.YPL098C,0.0027207519168933963,7.579859992328092e-05,0.0,0.0,0.0,0.0,0.0,0.0,0.0,0.0,0.0,0.0,0.0,0.0
4932.YMR006C,0.002968093000247341,0.00028137101889595147,0.0,0.0,0.0,0.0,0.0,0.0,0.0,0.0,0.0,0.0,0.0,0.0
4932.YNL012W,0.001978728666831561,0.0001358478962970828,0.0,0.0,0.0,0.0,0.0,0.0,0.0,0.0,0.0,0.0,0.0,0.0
4932.YOL011W,0.002968093000247341,0.00028137101889595147,0.0,0.0,0.0,0.0,0.0,0.0,0.0,0.0,0.0,0.0,0.0,0.0
4932.YMR008C,0.002968093000247341,0.00028137101889595147,0.0,0.0,0.0,0.0,0.0,0.0,0.0,0.0,0.0,0.0,0.0,0.0
4932.YGR097W,0.001978728666831561,0.00023797611310702642,0.0,0.0,0.0,0.0,0.0,0.0,0.0,0.0,0.0,0.0,0.0,0.0
4932.YGR123C,0.0007420232500618352,6.058615045040974e-06,0.0,0.0,0.0,0.0,0.0,0.0,0.0,0.0,0.0,0.0,0.0,0.0
4932.YGR132C,0.0002473410833539451,0.0003364061078218153,0.0,0.0,0.0,0.0,0.0,0.0,0.0,0.0,0.0,0.0,0.0,0.0
4932.YGR154C,0.001978728666831561,0.00019130043869784415,0.0,0.0,0.0,0.0,0.0,0.0,0.0,0.0,0.0,0.0,0.0,0.0
4932.YNL166C,0.0002473410833539451,3.7534782014324414e-05,0.0,0.0,0.0,0.0,0.0,0.0,0.0,0.0,0.0,0.0,0.0,0.0
4932.YML076C,0.0002473410833539451,3.7534782014324414e-05,0.0,0.0,0.0,0.0,0.0,0.0,0.0,0.0,0.0,0.0,0.0,0.0
4932.YPR057W,0.0002473410833539451,3.7534782014324414e-05,0.0,0.0,0.0,0.0,0.0,0.0,0.0,0.0,0.0,0.0,0.0,0.0
4932.YGR196C,0.0002473410833539451,3.7534782014324414e-05,0.0,0.0,0.0,0.0,0.0,0.0,0.0,0.0,0.0,0.0,0.0,0.0
4932.YGR185C,0.0002473410833539451,3.3380324233660764e-46,0.0,0.0,0.0,0.0,0.0,0.0,0.0,0.0,0.0,0.0,0.0,0.0
4932.YPL097W,0.0002473410833539451,3.3380324233660764e-46,0.0,0.0,0.0,0.0,0.0,0.0,0.0,0.0,0.0,0.0,0.0,0.0
4932.YGR189C,0.0002473410833539451,0.00039036209563020227,0.0,0.0,0.0,0.0,0.0,0.0,0.0,0.0,0.0,0.0,0.0,0.0
4932.YGR200C,0.0012367054167697256,8.191955461764585e-07,0.0,0.0,0.0,0.0,0.0,0.0,0.0,0.0,0.0,0.0,0.0,0.0
4932.YHR187W,0.0012367054167697256,8.191955461764585e-07,0.0,0.0,0.0,0.0,0.0,0.0,0.0,0.0,0.0,0.0,0.0,0.0
4932.YLR384C,0.0012367054167697256,8.191955461764585e-07,0.0,0.0,0.0,0.0,0.0,0.0,0.0,0.0,0.0,0.0,0.0,0.0
4932.YMR312W,0.0012367054167697256,8.191955461764585e-07,0.0,0.0,0.0,0.0,0.0,0.0,0.0,0.0,0.0,0.0,0.0,0.0
4932.YKR076W,0.001978728666831561,0.00019130043869784415,0.0,0.0,0.0,0.0,0.0,0.0,0.0,0.0,0.0,0.0,0.0,0.0
4932.YMR251W,0.001978728666831561,0.00019130043869784415,0.0,0.0,0.0,0.0,0.0,0.0,0.0,0.0,0.0,0.0,0.0,0.0
4932.YOR275C,0.0004946821667078902,5.126950580027574e-07,0.0,0.0,0.0,0.0,0.0,0.0,0.0,0.0,0.0,0.0,0.0,0.0
4932.YGR218W,0.0009893643334157804,2.093702714339252e-06,0.0,0.0,0.0,0.0,0.0,0.0,0.0,0.0,0.0,0.0,0.0,0.0
4932.YGR224W,0.0004946821667078902,0.00013749964941450166,0.0,0.0,0.0,0.0,0.0,0.0,0.0,0.0,0.0,0.0,0.0,0.0
4932.YOR067C,0.0004946821667078902,1.069210632713083e-05,0.0,0.0,0.0,0.0,0.0,0.0,0.0,0.0,0.0,0.0,0.0,0.0
4932.YGR231C,0.0002473410833539451,0.0003364061078218153,0.0,0.0,0.0,0.0,0.0,0.0,0.0,0.0,0.0,0.0,0.0,0.0
4932.YGR232W,0.0012367054167697256,0.00015829052628846897,0.0,0.0,0.0,0.0,0.0,0.0,0.0,0.0,0.0,0.0,0.0,0.0
4932.YOR087W,0.0004946821667078902,5.079807598095972e-05,0.0,0.0,0.0,0.0,0.0,0.0,0.0,0.0,0.0,0.0,0.0,0.0
4932.YJL184W,0.0009893643334157804,2.063640092588778e-05,0.0,0.0,0.0,0.0,0.0,0.0,0.0,0.0,0.0,0.0,0.0,0.0
4932.YML036W,0.0009893643334157804,2.063640092588778e-05,0.0,0.0,0.0,0.0,0.0,0.0,0.0,0.0,0.0,0.0,0.0,0.0
4932.YKR095W-A,0.0009893643334157804,2.063640092588778e-05,0.0,0.0,0.0,0.0,0.0,0.0,0.0,0.0,0.0,0.0,0.0,0.0
4932.YJR107W,0.0002473410833539451,5.960098369440977e-05,0.0,0.0,0.0,0.0,0.0,0.0,0.0,0.0,0.0,0.0,0.0,0.0
4932.YLR059C,0.0004946821667078902,1.7508965192743986e-05,0.0,0.0,0.0,0.0,0.0,0.0,0.0,0.0,0.0,0.0,0.0,0.0
4932.YGR289C,0.0004946821667078902,0.00013749964941450166,0.0,0.0,0.0,0.0,0.0,0.0,0.0,0.0,0.0,0.0,0.0,0.0
4932.YMR298W,0.0004946821667078902,3.925387848999199e-06,0.0,0.0,0.0,0.0,0.0,0.0,0.0,0.0,0.0,0.0,0.0,0.0
4932.YIL034C,0.002473410833539451,4.8276030772097744e-05,0.0,0.0,0.0,0.0,0.0,0.0,0.0,0.0,0.0,0.0,0.0,0.0
4932.YHL040C,0.0004946821667078902,0.00013749964941450166,0.0,0.0,0.0,0.0,0.0,0.0,0.0,0.0,0.0,0.0,0.0,0.0
4932.YHL047C,0.0004946821667078902,0.00013749964941450166,0.0,0.0,0.0,0.0,0.0,0.0,0.0,0.0,0.0,0.0,0.0,0.0
4932.YOR237W,0.0007420232500618352,7.465004954158048e-08,0.0,0.0,0.0,0.0,0.0,0.0,0.0,0.0,0.0,0.0,0.0,0.0
4932.YPL145C,0.0007420232500618352,7.465004954158048e-08,0.0,0.0,0.0,0.0,0.0,0.0,0.0,0.0,0.0,0.0,0.0,0.0
4932.YLR195C,0.0002473410833539451,5.3468643652330765e-09,0.0,0.0,0.0,0.0,0.0,0.0,0.0,0.0,0.0,0.0,0.0,0.0
4932.YOR357C,0.0012367054167697256,1.5109692474835193e-05,0.0,0.0,0.0,0.0,0.0,0.0,0.0,0.0,0.0,0.0,0.0,0.0
4932.YOR069W,0.0012367054167697256,1.5109692474835193e-05,0.0,0.0,0.0,0.0,0.0,0.0,0.0,0.0,0.0,0.0,0.0,0.0
4932.YJL154C,0.0012367054167697256,1.5109692474835193e-05,0.0,0.0,0.0,0.0,0.0,0.0,0.0,0.0,0.0,0.0,0.0,0.0
4932.YJL053W,0.0012367054167697256,1.5109692474835193e-05,0.0,0.0,0.0,0.0,0.0,0.0,0.0,0.0,0.0,0.0,0.0,0.0
4932.YOR132W,0.0014840465001236705,0.00020008658785659444,0.0,0.0,0.0,0.0,0.0,0.0,0.0,0.0,0.0,0.0,0.0,0.0
4932.YLR034C,0.0002473410833539451,4.418595209711846e-05,0.0,0.0,0.0,0.0,0.0,0.0,0.0,0.0,0.0,0.0,0.0,0.0
4932.YHR031C,0.0002473410833539451,2.9287967299084523e-05,0.0,0.0,0.0,0.0,0.0,0.0,0.0,0.0,0.0,0.0,0.0,0.0
4932.YKL134C,0.0007420232500618352,0.0021869515867945924,0.0,0.0,0.0,0.0,0.0,0.0,0.0,0.0,0.0,0.0,0.0,0.0
4932.YHR040W,0.0002473410833539451,3.3380324233660764e-46,0.0,0.0,0.0,0.0,0.0,0.0,0.0,0.0,0.0,0.0,0.0,0.0
4932.YJR055W,0.0002473410833539451,3.3380324233660764e-46,0.0,0.0,0.0,0.0,0.0,0.0,0.0,0.0,0.0,0.0,0.0,0.0
4932.YNL239W,0.0007420232500618352,8.770433407395207e-05,0.0,0.0,0.0,0.0,0.0,0.0,0.0,0.0,0.0,0.0,0.0,0.0
4932.YIL001W,0.0017313875834776156,0.00030136809203503963,0.0,0.0,0.0,0.0,0.0,0.0,0.0,0.0,0.0,0.0,0.0,0.0
4932.YOR365C,0.002473410833539451,0.00037370452294164077,0.0,0.0,0.0,0.0,0.0,0.0,0.0,0.0,0.0,0.0,0.0,0.0
4932.YIL008W,0.0004946821667078902,2.1927498850726025e-05,0.0,0.0,0.0,0.0,0.0,0.0,0.0,0.0,0.0,0.0,0.0,0.0
4932.YHR124W,0.0002473410833539451,1.519526332159419e-09,0.0,0.0,0.0,0.0,0.0,0.0,0.0,0.0,0.0,0.0,0.0,0.0
4932.YIR029W,0.001978728666831561,0.00026976634052590793,0.0,0.0,0.0,0.0,0.0,0.0,0.0,0.0,0.0,0.0,0.0,0.0
4932.YPR128C,0.001978728666831561,0.00026976634052590793,0.0,0.0,0.0,0.0,0.0,0.0,0.0,0.0,0.0,0.0,0.0,0.0
4932.YPR115W,0.001978728666831561,0.00023797611310702642,0.0,0.0,0.0,0.0,0.0,0.0,0.0,0.0,0.0,0.0,0.0,0.0
4932.YKL194C,0.002226069750185506,0.00023972658876189658,0.0,0.0,0.0,0.0,0.0,0.0,0.0,0.0,0.0,0.0,0.0,0.0
4932.YIL078W,0.002226069750185506,0.00023972658876189658,0.0,0.0,0.0,0.0,0.0,0.0,0.0,0.0,0.0,0.0,0.0,0.0
4932.YHR154W,0.0009893643334157804,7.677008416955331e-07,0.0,0.0,0.0,0.0,0.0,0.0,0.0,0.0,0.0,0.0,0.0,0.0
4932.YLR320W,0.0009893643334157804,7.677008416955331e-07,0.0,0.0,0.0,0.0,0.0,0.0,0.0,0.0,0.0,0.0,0.0,0.0
4932.YPR164W,0.0009893643334157804,7.677008416955331e-07,0.0,0.0,0.0,0.0,0.0,0.0,0.0,0.0,0.0,0.0,0.0,0.0
4932.YHR168W,0.0002473410833539451,2.0321583463341102e-05,0.0,0.0,0.0,0.0,0.0,0.0,0.0,0.0,0.0,0.0,0.0,0.0
4932.YHR170W,0.0004946821667078902,2.5958716528527963e-07,0.0,0.0,0.0,0.0,0.0,0.0,0.0,0.0,0.0,0.0,0.0,0.0
4932.YHR172W,0.0004946821667078902,5.6192812328924556e-42,0.0,0.0,0.0,0.0,0.0,0.0,0.0,0.0,0.0,0.0,0.0,0.0
4932.YLR212C,0.0004946821667078902,5.6192812328924556e-42,0.0,0.0,0.0,0.0,0.0,0.0,0.0,0.0,0.0,0.0,0.0,0.0
4932.YNL126W,0.0004946821667078902,5.6192812328924556e-42,0.0,0.0,0.0,0.0,0.0,0.0,0.0,0.0,0.0,0.0,0.0,0.0
4932.YOR301W,0.0009893643334157804,6.282707527992479e-05,0.0,0.0,0.0,0.0,0.0,0.0,0.0,0.0,0.0,0.0,0.0,0.0
4932.YKL007W,0.0002473410833539451,3.525001456214003e-07,0.0,0.0,0.0,0.0,0.0,0.0,0.0,0.0,0.0,0.0,0.0,0.0
4932.YIL049W,0.0004946821667078902,8.388551859178605e-05,0.0,0.0,0.0,0.0,0.0,0.0,0.0,0.0,0.0,0.0,0.0,0.0
4932.YIL056W,0.0002473410833539451,0.0001044064135420623,0.0,0.0,0.0,0.0,0.0,0.0,0.0,0.0,0.0,0.0,0.0,0.0
4932.YIL072W,0.0002473410833539451,3.217786323257057e-09,0.0,0.0,0.0,0.0,0.0,0.0,0.0,0.0,0.0,0.0,0.0,0.0
4932.YIL104C,0.0002473410833539451,1.2860815511540613e-05,0.0,0.0,0.0,0.0,0.0,0.0,0.0,0.0,0.0,0.0,0.0,0.0
4932.YKL092C,0.002473410833539451,0.0008685965797791196,0.0,0.0,0.0,0.0,0.0,0.0,0.0,0.0,0.0,0.0,0.0,0.0
4932.YIL156W-B,0.0004946821667078902,0.00013749964941450166,0.0,0.0,0.0,0.0,0.0,0.0,0.0,0.0,0.0,0.0,0.0,0.0
4932.YIL159W,0.0004946821667078902,1.4894024953357657e-05,0.0,0.0,0.0,0.0,0.0,0.0,0.0,0.0,0.0,0.0,0.0,0.0
4932.YIR017C,0.0004946821667078902,4.947222891987954e-06,0.0,0.0,0.0,0.0,0.0,0.0,0.0,0.0,0.0,0.0,0.0,0.0
4932.YJR060W,0.0004946821667078902,4.947222891987954e-06,0.0,0.0,0.0,0.0,0.0,0.0,0.0,0.0,0.0,0.0,0.0,0.0
4932.YIR022W,0.0007420232500618352,5.600289098181611e-39,0.0,0.0,0.0,0.0,0.0,0.0,0.0,0.0,0.0,0.0,0.0,0.0
4932.YJR010C-A,0.0007420232500618352,5.600289098181611e-39,0.0,0.0,0.0,0.0,0.0,0.0,0.0,0.0,0.0,0.0,0.0,0.0
4932.YLR066W,0.0007420232500618352,5.600289098181611e-39,0.0,0.0,0.0,0.0,0.0,0.0,0.0,0.0,0.0,0.0,0.0,0.0
4932.YML055W,0.0007420232500618352,5.600289098181611e-39,0.0,0.0,0.0,0.0,0.0,0.0,0.0,0.0,0.0,0.0,0.0,0.0
4932.YIR024C,0.0002473410833539451,3.3380324233660764e-46,0.0,0.0,0.0,0.0,0.0,0.0,0.0,0.0,0.0,0.0,0.0,0.0
4932.YPL099C,0.0002473410833539451,3.3380324233660764e-46,0.0,0.0,0.0,0.0,0.0,0.0,0.0,0.0,0.0,0.0,0.0,0.0
4932.YPL245W,0.0012367054167697256,0.0001922635520612116,0.0,0.0,0.0,0.0,0.0,0.0,0.0,0.0,0.0,0.0,0.0,0.0
4932.YJL042W,0.0004946821667078902,0.00013749964941450166,0.0,0.0,0.0,0.0,0.0,0.0,0.0,0.0,0.0,0.0,0.0,0.0
4932.YPR172W,0.0004946821667078902,2.759296277335912e-05,0.0,0.0,0.0,0.0,0.0,0.0,0.0,0.0,0.0,0.0,0.0,0.0
4932.YLR456W,0.0004946821667078902,2.759296277335912e-05,0.0,0.0,0.0,0.0,0.0,0.0,0.0,0.0,0.0,0.0,0.0,0.0
4932.YOR125C,0.0009893643334157804,0.0010061569257936924,0.0,0.0,0.0,0.0,0.0,0.0,0.0,0.0,0.0,0.0,0.0,0.0
4932.YMR137C,0.0002473410833539451,0.00014831766229775944,0.0,0.0,0.0,0.0,0.0,0.0,0.0,0.0,0.0,0.0,0.0,0.0
4932.YJL132W,0.0007420232500618352,5.591640162169917e-05,0.0,0.0,0.0,0.0,0.0,0.0,0.0,0.0,0.0,0.0,0.0,0.0
4932.YJL099W,0.0009893643334157804,1.1859073450772246e-36,0.0,0.0,0.0,0.0,0.0,0.0,0.0,0.0,0.0,0.0,0.0,0.0
4932.YKR027W,0.0009893643334157804,1.1859073450772246e-36,0.0,0.0,0.0,0.0,0.0,0.0,0.0,0.0,0.0,0.0,0.0,0.0
4932.YLR330W,0.0009893643334157804,1.1859073450772246e-36,0.0,0.0,0.0,0.0,0.0,0.0,0.0,0.0,0.0,0.0,0.0,0.0
4932.YOR299W,0.0009893643334157804,1.1859073450772246e-36,0.0,0.0,0.0,0.0,0.0,0.0,0.0,0.0,0.0,0.0,0.0,0.0
4932.YMR237W,0.0009893643334157804,1.1859073450772246e-36,0.0,0.0,0.0,0.0,0.0,0.0,0.0,0.0,0.0,0.0,0.0,0.0
4932.YJL107C,0.0004946821667078902,0.00013749964941450166,0.0,0.0,0.0,0.0,0.0,0.0,0.0,0.0,0.0,0.0,0.0,0.0
4932.YJL108C,0.0004946821667078902,0.00013749964941450166,0.0,0.0,0.0,0.0,0.0,0.0,0.0,0.0,0.0,0.0,0.0,0.0
4932.YPR163C,0.0002473410833539451,6.374707159732534e-06,0.0,0.0,0.0,0.0,0.0,0.0,0.0,0.0,0.0,0.0,0.0,0.0
4932.YJL181W,0.0004946821667078902,0.00013749964941450166,0.0,0.0,0.0,0.0,0.0,0.0,0.0,0.0,0.0,0.0,0.0,0.0
4932.YJR030C,0.0004946821667078902,0.00013749964941450166,0.0,0.0,0.0,0.0,0.0,0.0,0.0,0.0,0.0,0.0,0.0,0.0
4932.YJR044C,0.0002473410833539451,3.3380324233660764e-46,0.0,0.0,0.0,0.0,0.0,0.0,0.0,0.0,0.0,0.0,0.0,0.0
4932.YOL129W,0.0002473410833539451,3.3380324233660764e-46,0.0,0.0,0.0,0.0,0.0,0.0,0.0,0.0,0.0,0.0,0.0,0.0
4932.YLR077W,0.0002473410833539451,9.464136665718887e-05,0.0,0.0,0.0,0.0,0.0,0.0,0.0,0.0,0.0,0.0,0.0,0.0
4932.YJR067C,0.0002473410833539451,3.3380324233660764e-46,0.0,0.0,0.0,0.0,0.0,0.0,0.0,0.0,0.0,0.0,0.0,0.0
4932.YNL260C,0.0002473410833539451,3.3380324233660764e-46,0.0,0.0,0.0,0.0,0.0,0.0,0.0,0.0,0.0,0.0,0.0,0.0
4932.YMR087W,0.0002473410833539451,4.132216340686757e-05,0.0,0.0,0.0,0.0,0.0,0.0,0.0,0.0,0.0,0.0,0.0,0.0
4932.YKL071W,0.0004946821667078902,5.238963929214052e-06,0.0,0.0,0.0,0.0,0.0,0.0,0.0,0.0,0.0,0.0,0.0,0.0
4932.YJR160C,0.0004946821667078902,0.00013749964941450166,0.0,0.0,0.0,0.0,0.0,0.0,0.0,0.0,0.0,0.0,0.0,0.0
4932.YOL031C,0.0002473410833539451,1.1605105150821068e-06,0.0,0.0,0.0,0.0,0.0,0.0,0.0,0.0,0.0,0.0,0.0,0.0
4932.YKL138C,0.0004946821667078902,0.00013749964941450166,0.0,0.0,0.0,0.0,0.0,0.0,0.0,0.0,0.0,0.0,0.0,0.0
4932.YKL170W,0.0002473410833539451,0.00042215384998316787,0.0,0.0,0.0,0.0,0.0,0.0,0.0,0.0,0.0,0.0,0.0,0.0
4932.YKL205W,0.0004946821667078902,2.5958716528527963e-07,0.0,0.0,0.0,0.0,0.0,0.0,0.0,0.0,0.0,0.0,0.0,0.0
4932.YKL217W,0.0004946821667078902,0.00013749964941450166,0.0,0.0,0.0,0.0,0.0,0.0,0.0,0.0,0.0,0.0,0.0,0.0
4932.YKL221W,0.0007420232500618352,5.600289098181611e-39,0.0,0.0,0.0,0.0,0.0,0.0,0.0,0.0,0.0,0.0,0.0,0.0
4932.YOR306C,0.0007420232500618352,5.600289098181611e-39,0.0,0.0,0.0,0.0,0.0,0.0,0.0,0.0,0.0,0.0,0.0,0.0
4932.YOL119C,0.0007420232500618352,5.600289098181611e-39,0.0,0.0,0.0,0.0,0.0,0.0,0.0,0.0,0.0,0.0,0.0,0.0
4932.YNL125C,0.0007420232500618352,5.600289098181611e-39,0.0,0.0,0.0,0.0,0.0,0.0,0.0,0.0,0.0,0.0,0.0,0.0
4932.YNL320W,0.0002473410833539451,0.00042215384998316787,0.0,0.0,0.0,0.0,0.0,0.0,0.0,0.0,0.0,0.0,0.0,0.0
4932.YKR014C,0.0004946821667078902,9.514454751748186e-06,0.0,0.0,0.0,0.0,0.0,0.0,0.0,0.0,0.0,0.0,0.0,0.0
4932.YLR181C,0.0004946821667078902,9.627798484331699e-08,0.0,0.0,0.0,0.0,0.0,0.0,0.0,0.0,0.0,0.0,0.0,0.0
4932.YKR056W,0.0002473410833539451,2.6745798475268795e-06,0.0,0.0,0.0,0.0,0.0,0.0,0.0,0.0,0.0,0.0,0.0,0.0
4932.YNL001W,0.0002473410833539451,2.9229269259267764e-07,0.0,0.0,0.0,0.0,0.0,0.0,0.0,0.0,0.0,0.0,0.0,0.0
4932.YKR087C,0.0002473410833539451,3.3380324233660764e-46,0.0,0.0,0.0,0.0,0.0,0.0,0.0,0.0,0.0,0.0,0.0,0.0
4932.YOR211C,0.0002473410833539451,3.3380324233660764e-46,0.0,0.0,0.0,0.0,0.0,0.0,0.0,0.0,0.0,0.0,0.0,0.0
4932.YKR105C,0.0004946821667078902,0.00013749964941450166,0.0,0.0,0.0,0.0,0.0,0.0,0.0,0.0,0.0,0.0,0.0,0.0
4932.YKR106W,0.0004946821667078902,0.00013749964941450166,0.0,0.0,0.0,0.0,0.0,0.0,0.0,0.0,0.0,0.0,0.0,0.0
4932.YLR018C,0.0004946821667078902,0.0007071556930926999,0.0,0.0,0.0,0.0,0.0,0.0,0.0,0.0,0.0,0.0,0.0,0.0
4932.YOR280C,0.0009893643334157804,0.0008568184057700611,0.0,0.0,0.0,0.0,0.0,0.0,0.0,0.0,0.0,0.0,0.0,0.0
4932.YLR084C,0.0002473410833539451,2.919087735276898e-05,0.0,0.0,0.0,0.0,0.0,0.0,0.0,0.0,0.0,0.0,0.0,0.0
4932.YMR172W,0.0002473410833539451,3.3132747113233765e-07,0.0,0.0,0.0,0.0,0.0,0.0,0.0,0.0,0.0,0.0,0.0,0.0
4932.YNL251C,0.0007420232500618352,4.182501455644468e-06,0.0,0.0,0.0,0.0,0.0,0.0,0.0,0.0,0.0,0.0,0.0,0.0
4932.YMR232W,0.0007420232500618352,2.3961794631524518e-05,0.0,0.0,0.0,0.0,0.0,0.0,0.0,0.0,0.0,0.0,0.0,0.0
4932.YLR234W,0.0004946821667078902,7.736774462598046e-06,0.0,0.0,0.0,0.0,0.0,0.0,0.0,0.0,0.0,0.0,0.0,0.0
4932.YPL024W,0.0004946821667078902,7.736774462598046e-06,0.0,0.0,0.0,0.0,0.0,0.0,0.0,0.0,0.0,0.0,0.0,0.0
4932.YLR250W,0.0004946821667078902,0.00013749964941450166,0.0,0.0,0.0,0.0,0.0,0.0,0.0,0.0,0.0,0.0,0.0,0.0
4932.YMR307W,0.0004946821667078902,0.00013749964941450166,0.0,0.0,0.0,0.0,0.0,0.0,0.0,0.0,0.0,0.0,0.0,0.0
4932.YPL137C,0.0004946821667078902,0.00013749964941450166,0.0,0.0,0.0,0.0,0.0,0.0,0.0,0.0,0.0,0.0,0.0,0.0
4932.YPR198W,0.0004946821667078902,0.00013749964941450166,0.0,0.0,0.0,0.0,0.0,0.0,0.0,0.0,0.0,0.0,0.0,0.0
4932.YNR063W,0.0004946821667078902,0.00013749964941450166,0.0,0.0,0.0,0.0,0.0,0.0,0.0,0.0,0.0,0.0,0.0,0.0
4932.YMR019W,0.0004946821667078902,0.00013749964941450166,0.0,0.0,0.0,0.0,0.0,0.0,0.0,0.0,0.0,0.0,0.0,0.0
4932.YPL248C,0.0004946821667078902,0.00013749964941450166,0.0,0.0,0.0,0.0,0.0,0.0,0.0,0.0,0.0,0.0,0.0,0.0
4932.YMR279C,0.0004946821667078902,0.00013749964941450166,0.0,0.0,0.0,0.0,0.0,0.0,0.0,0.0,0.0,0.0,0.0,0.0
4932.YOL030W,0.0004946821667078902,0.00013749964941450166,0.0,0.0,0.0,0.0,0.0,0.0,0.0,0.0,0.0,0.0,0.0,0.0
4932.YOR380W,0.0004946821667078902,0.00013749964941450166,0.0,0.0,0.0,0.0,0.0,0.0,0.0,0.0,0.0,0.0,0.0,0.0
4932.YOR378W,0.0004946821667078902,0.00013749964941450166,0.0,0.0,0.0,0.0,0.0,0.0,0.0,0.0,0.0,0.0,0.0,0.0
4932.YLR343W,0.0004946821667078902,0.00013749964941450166,0.0,0.0,0.0,0.0,0.0,0.0,0.0,0.0,0.0,0.0,0.0,0.0
4932.YML116W,0.0004946821667078902,0.00013749964941450166,0.0,0.0,0.0,0.0,0.0,0.0,0.0,0.0,0.0,0.0,0.0,0.0
4932.YMR088C,0.0004946821667078902,0.00013749964941450166,0.0,0.0,0.0,0.0,0.0,0.0,0.0,0.0,0.0,0.0,0.0,0.0
4932.YOL103W,0.0004946821667078902,0.00013749964941450166,0.0,0.0,0.0,0.0,0.0,0.0,0.0,0.0,0.0,0.0,0.0,0.0
4932.YOL158C,0.0004946821667078902,0.00013749964941450166,0.0,0.0,0.0,0.0,0.0,0.0,0.0,0.0,0.0,0.0,0.0,0.0
4932.YMR215W,0.0004946821667078902,0.00013749964941450166,0.0,0.0,0.0,0.0,0.0,0.0,0.0,0.0,0.0,0.0,0.0,0.0
4932.YOR227W,0.0004946821667078902,0.00013749964941450166,0.0,0.0,0.0,0.0,0.0,0.0,0.0,0.0,0.0,0.0,0.0,0.0
4932.YOL132W,0.0004946821667078902,0.00013749964941450166,0.0,0.0,0.0,0.0,0.0,0.0,0.0,0.0,0.0,0.0,0.0,0.0
4932.YLR310C,0.0004946821667078902,2.0095390136671368e-05,0.0,0.0,0.0,0.0,0.0,0.0,0.0,0.0,0.0,0.0,0.0,0.0
4932.YOR335C,0.0002473410833539451,0.0001044064135420623,0.0,0.0,0.0,0.0,0.0,0.0,0.0,0.0,0.0,0.0,0.0,0.0
4932.YLR382C,0.0002473410833539451,3.3380324233660764e-46,0.0,0.0,0.0,0.0,0.0,0.0,0.0,0.0,0.0,0.0,0.0,0.0
4932.YPL160W,0.0002473410833539451,3.3380324233660764e-46,0.0,0.0,0.0,0.0,0.0,0.0,0.0,0.0,0.0,0.0,0.0,0.0
4932.YLR425W,0.0002473410833539451,1.0838072225264525e-05,0.0,0.0,0.0,0.0,0.0,0.0,0.0,0.0,0.0,0.0,0.0,0.0
4932.YLR430W,0.0004946821667078902,3.4412428536961656e-07,0.0,0.0,0.0,0.0,0.0,0.0,0.0,0.0,0.0,0.0,0.0,0.0
4932.YPR122W,0.0007420232500618352,0.0003871130692601273,0.0,0.0,0.0,0.0,0.0,0.0,0.0,0.0,0.0,0.0,0.0,0.0
4932.YPL116W,0.0002473410833539451,0.00012909501745370062,0.0,0.0,0.0,0.0,0.0,0.0,0.0,0.0,0.0,0.0,0.0,0.0
4932.YNL005C,0.0007420232500618352,0.0003871130692601273,0.0,0.0,0.0,0.0,0.0,0.0,0.0,0.0,0.0,0.0,0.0,0.0
4932.YMR220W,0.0009893643334157804,0.0003745592169255373,0.0,0.0,0.0,0.0,0.0,0.0,0.0,0.0,0.0,0.0,0.0,0.0
4932.YML061C,0.0002473410833539451,2.9287967299084523e-05,0.0,0.0,0.0,0.0,0.0,0.0,0.0,0.0,0.0,0.0,0.0,0.0
4932.YMR004W,0.0002473410833539451,0.0001863275511821832,0.0,0.0,0.0,0.0,0.0,0.0,0.0,0.0,0.0,0.0,0.0,0.0
4932.YPR040W,0.0002473410833539451,2.722135972474753e-07,0.0,0.0,0.0,0.0,0.0,0.0,0.0,0.0,0.0,0.0,0.0,0.0
4932.YMR106C,0.0002473410833539451,3.3380324233660764e-46,0.0,0.0,0.0,0.0,0.0,0.0,0.0,0.0,0.0,0.0,0.0,0.0
4932.YMR284W,0.0002473410833539451,3.3380324233660764e-46,0.0,0.0,0.0,0.0,0.0,0.0,0.0,0.0,0.0,0.0,0.0,0.0
4932.YOR111W,0.0004946821667078902,0.0002610975608158053,0.0,0.0,0.0,0.0,0.0,0.0,0.0,0.0,0.0,0.0,0.0,0.0
4932.YOR057W,0.0002473410833539451,2.6964328787599315e-06,0.0,0.0,0.0,0.0,0.0,0.0,0.0,0.0,0.0,0.0,0.0,0.0
