Node_names,degree,eigenvector,closeness,current_flow_closeness,betweeness,cf_betweenness,comm_betweenness,load_centrality,harmonic_centrality,laplacian_centrality,percolation_centrality,second_order_centrality,local_reaching_centrality,participation_coeff
,0.07353608715388107,0.013461929937488223,0.47601555747623164,0.008932547423175972,0.0001292715738430566,0.0015677522546550702,0.04469961992605183,0.00013645882331936784,1118.9166666666697,0.0006886240551121208,0.00012927157384305684,12133.988959401098,0.5079058859131488,0.0
,0.0926009986382206,0.021664807813980246,0.4949449561896203,0.009164731745239553,0.0006067050519005993,0.002305083662122993,0.11079055602556445,0.0006239490470195037,1162.3333333333337,0.0016673394137919758,0.0006067050519005988,9154.040968480098,0.5276138598880314,0.0
,0.05628688152519292,0.010940475910611109,0.4794341675734494,0.008612238756018971,0.0002774759839325328,0.0016085919678501196,0.029713646187045344,0.0002878869413991597,1111.416666666669,0.0005549134701892214,0.00027747598393253284,13552.141032295802,0.5045014374338024,0.0
,0.09169314571039491,0.01930102631982627,0.5027384755819261,0.009155416429683006,0.0011664600114374853,0.002878132565339911,0.08967618007062449,0.0012043459141490797,1172.8333333333333,0.001630411953887727,0.001166460011437487,8818.995691959557,0.5323800877591163,0.0
,0.12846118928733546,0.025407400435116002,0.5056231351847602,0.009426093573238089,0.0010379730221003784,0.0031750780106583804,0.14976786622832142,0.00103535275749211,1204.0833333333333,0.001973359305100619,0.0010379730221003788,7887.666132549805,0.5465652897563927,0.0
,0.12619155696777123,0.03099345150313017,0.5143590940929256,0.009415359362566926,0.0007623420757193046,0.0029431588839041877,0.21346338693703457,0.000743634682616042,1214.6666666666667,0.002351857142289053,0.0007623420757193049,7836.938797203861,0.5513693448328038,0.0
,0.09305492510213345,0.018365522916930933,0.49163133229189915,0.009167534162361223,0.0005183610519848079,0.0024775294757874524,0.08156192481647596,0.0005333953847892336,1157.4166666666674,0.0012053033111729793,0.0005183610519848079,9835.61181902013,0.5253820547737933,0.0
,0.08306854289605084,0.015529382153985019,0.4908645276292335,0.009044825776568056,0.003554706085734854,0.005315387850518803,0.06192540129926075,0.003569111128135806,1148.833333333334,0.0016855332068141705,0.0035547060857348666,8959.181197389398,0.521485852625208,0.01581213940877868
,0.04857013163867454,0.009652558832115953,0.4697228144989339,0.008403450261319775,0.000169990419540209,0.0013676352090053762,0.023357588932122048,0.00017856814417153735,1090.166666666672,0.0005441975373457382,0.00016999041954020882,14670.413880970762,0.49485550007565443,0.0
,0.2074443940081707,0.05052659377029247,0.5500624219725343,0.009701053290076153,0.004206604990154682,0.0051410355074314506,0.47198229593270097,0.004173186205325535,1320.6666666666665,0.00498575782133023,0.0042066049901546745,5771.013332455648,0.5994855500075654,0.0
,0.03903767589650477,0.009113866464297354,0.4671331636980492,0.008064731841903833,5.21274514906576e-05,0.000864696379974262,0.02066783886091551,5.514683602909065e-05,1078.7500000000052,0.00046585632517809344,5.2127451490657554e-05,16387.425004911587,0.4896731729459827,0.0
,0.10077167498865185,0.021058150904986535,0.5041189931350114,0.009240122818314498,0.0008261835658594965,0.0025987212568016446,0.10552431569834203,0.0008299494248325741,1181.5,0.00134556356517906,0.0008261835658594976,9495.82705898257,0.5363141171130277,0.0
,0.13527008624602815,0.03429271884369066,0.517257572200047,0.009461204464417396,0.0025687142154587075,0.004395746327224054,0.2553173422457605,0.002585591490408247,1225.3333333333333,0.003020432819905968,0.0025687142154587114,7064.033981676059,0.5562112271145407,0.0
,0.11438946890603723,0.026643679910835567,0.5120874012087401,0.009342321646606939,0.001271148361051214,0.0031355828677987986,0.1630080541958159,0.0012559166907410932,1202.8333333333335,0.002064422907289495,0.0012711483610512132,8240.001744198436,0.5459978816765017,0.0
,0.09804811620517477,0.017670847117298154,0.4933930571108623,0.009212702879834684,0.0014314636099897787,0.003196339541210874,0.07650431162670322,0.0014064880345301435,1163.8333333333337,0.0016888219465164933,0.0014314636099897787,8366.383125795172,0.5282947495839007,0.0
,0.05265546981389015,0.012044540635802597,0.47417133017649593,0.008522949663707672,9.82279600459711e-05,0.0011432963223313752,0.03563981471448518,0.0001030909798584855,1100.2500000000032,0.0006316936200011222,9.822796004597095e-05,13429.07869802019,0.4994325919201089,0.0
,0.10803449841125738,0.018057812272194888,0.4983035512327528,0.009293978315629484,0.001036275105779086,0.0029378573475958157,0.07945421973816935,0.001064956935224481,1178.3333333333335,0.0014217047788987118,0.0010362751057790874,8717.657065297162,0.534876683310637,0.0
,0.06808896958692692,0.011428355420386005,0.4747844827586207,0.008846541844645336,0.00033401181202307866,0.001858501599581907,0.03256143941254447,0.00035795100875525863,1112.5833333333367,0.0009365772539650678,0.0003340118120230784,10170.171468539875,0.5050310183083674,0.0
,0.048116205174761686,0.008194260162603472,0.45236139630390143,0.008389055755798354,3.7465657031320634e-05,0.0010152888237142043,0.016885631461194876,3.9513560787104815e-05,1060.2500000000075,0.0003961099791335569,3.746565703132064e-05,15046.820181097733,0.4812755333635951,0.0
,0.048116205174761686,0.008233236419992922,0.45236139630390143,0.008389123818936675,3.699820354366563e-05,0.001008525618476448,0.017039976942055102,3.909843199815833e-05,1060.2500000000075,0.0003970592292272752,3.699820354366566e-05,15048.122075496318,0.4812755333635951,0.0
,0.04584657285519746,0.009779744097426785,0.46862369708572643,0.00831934826223674,0.0001429695740537276,0.0011700710607285435,0.02388575316031947,0.00015369145967850133,1086.4166666666717,0.0005449931861571568,0.00014296957405372803,15061.997960135657,0.4931532758359813,0.0
,0.12346799818429414,0.0291517456767042,0.5139990667288847,0.009399219910482032,0.001332277570962058,0.003255679804966492,0.191722419962595,0.0013280871175260398,1212.166666666667,0.0022984716811400813,0.001332277570962058,7869.693574896053,0.5502345286730217,0.0
,0.1230140717203813,0.026998160864057555,0.5059715204409738,0.009396108274499876,0.0009419583395011385,0.002832780493709413,0.1668669923461832,0.0009472455291734632,1200.5833333333333,0.002276225172058583,0.00094195833950114,7702.8501282683155,0.5449765471326978,0.0
,0.05265546981389015,0.008976591162406088,0.47254397254397257,0.008516817593549815,0.00020297078314948275,0.0015739320945584306,0.02031447791621688,0.0002223541470999489,1097.833333333337,0.00045579077654058636,0.00020297078314948262,13637.59882329747,0.4983356029656529,0.0
,0.04857013163867454,0.01087610025358888,0.4742734122712594,0.008407564548438048,9.208098103508895e-05,0.0010953422040052578,0.02919051901731563,9.814861741909885e-05,1097.4166666666702,0.0005807188806172765,9.208098103508912e-05,13968.489190983773,0.4981464669390226,0.0
,0.04857013163867454,0.008494549581775993,0.453665568369028,0.008403031466509349,3.8002456189097104e-05,0.0010145822385732558,0.018115387653420856,4.026402886010895e-05,1062.916666666674,0.0004072042923698225,3.80024561890971e-05,14972.832616067719,0.4824860039340294,0.0
,0.05174761688606446,0.011165412873057117,0.47264535507401845,0.008497627294238431,9.866600910207708e-05,0.0011670094398935215,0.03089238378997228,0.00010196649750610786,1097.333333333337,0.0005603780576609918,9.866600910207704e-05,14327.519643781998,0.49810863973369646,0.0
,0.0699046754425783,0.0130367946581089,0.4757071906715612,0.008873980962989657,0.0002482761773404227,0.0016384740189954844,0.04201606456792977,0.00028559227344081924,1115.5833333333355,0.0010069297079702997,0.00024827617734042237,10556.426335467038,0.5063927977001059,0.0
,0.05220154334997731,0.01050321459160097,0.48492185780321373,0.00849899004264338,0.0010572350121959798,0.0022581555025009553,0.02822755249654094,0.0010014481737173233,1117.1666666666679,0.000669760053584107,0.001057235012195979,13017.224601815746,0.5071115146013013,0.0
,0.05628688152519292,0.012304455831462153,0.4795385285154549,0.008612852698995652,0.00016664744681712076,0.0013008630394492995,0.03722487783617219,0.00017819672539773522,1111.6666666666695,0.0006884155888214835,0.00016664744681712073,12881.015184081736,0.5046149190497806,0.0
,0.026781661370857923,0.007904242420475625,0.4652587117212249,0.007362455636313183,9.487378862891431e-05,0.0007847193743485554,0.015489117551511992,0.00013043380311199607,1066.5000000000052,0.0005721016565953348,9.487378862891422e-05,15143.434644175606,0.4841125737630504,0.0
,0.13935542442124377,0.029509346063728667,0.5181091251175918,0.009481811084325376,0.0022008174262541664,0.0037520088797567217,0.19680380888955484,0.0021016564213091385,1229.5,0.0024697095073394617,0.0022008174262541655,7473.211954105032,0.5581025873808443,0.0
,0.04993191103041308,0.011382734322010889,0.4733562526858616,0.008446277170452255,0.00013681492591089371,0.001234077014592066,0.032108378384051985,0.00014552280909431068,1097.2500000000039,0.0005654102096917082,0.00013681492591089371,14592.44333101962,0.4980708125283704,0.0
,0.04947798456650023,0.009997169091124249,0.4702241195304162,0.008431319571312353,0.00018008447936336514,0.0013076147155324752,0.02499987118264361,0.00018605802910027898,1091.666666666671,0.0005632403625515434,0.00018008447936336503,14540.394133085585,0.4955363897715237,0.0
,0.11938266000907853,0.024610806859455495,0.5041189931350114,0.009373338963738514,0.0008980269676806886,0.002940412256543833,0.14138968287067816,0.0008165875655670441,1195.3333333333335,0.001503527229953959,0.0008980269676806856,9114.337948672273,0.5425934331971554,0.0
,0.03903767589650477,0.008869082375366858,0.4672322375397667,0.008064920047141494,4.914592450900908e-05,0.0008683270794819353,0.019593566567288348,5.168532661651467e-05,1079.0833333333383,0.00045765131225438565,4.914592450900899e-05,16409.56668426173,0.489824481767287,0.0
,0.049024058102587385,0.008515179752715207,0.45357216388717314,0.008416706909974436,4.09900716634963e-05,0.001027691259359566,0.01820504341992392,4.314245164035639e-05,1063.0833333333408,0.00041140911819604443,4.099007166349636e-05,14901.71442510106,0.48256165834468145,0.0
,0.1053109396277803,0.02585228829497285,0.5042343785763332,0.009277771946175604,0.0008758186033565645,0.0025061236301512843,0.15393523455415825,0.0008728749041073038,1185.0000000000007,0.0032225059564770166,0.0008758186033565649,7127.014750398003,0.5379028597367227,0.0
,0.0658193372673627,0.01562595915483034,0.4874972339013056,0.008808853122160098,0.00032794831431655396,0.0016852097767881915,0.059363198992105466,0.00034859622270333023,1131.083333333334,0.0011695274089819471,0.0003279483143165542,10430.170339581064,0.513428657890755,0.0
,0.19518837948252385,0.042571412279109974,0.5362706913339824,0.00967157524216003,0.0035554108738413592,0.0052502160390750195,0.36530767054149993,0.0034332242968174117,1294.4999999999995,0.003735374981149251,0.0035554108738413684,6352.579422618737,0.5876078075351793,0.0
,0.06309577848388562,0.0106114608804909,0.48184601924759407,0.008752552369142125,0.0003641720008265505,0.0019841289943022173,0.028319088603074742,0.0003906916071366594,1120.4166666666688,0.0005527637831862612,0.0003641720008265503,12633.330386743657,0.508586775609018,0.0
,0.047208352246935995,0.009880641895638762,0.47244263349774823,0.008363508382969408,0.00011887145385229439,0.001205532807811374,0.024352111363848763,0.00012575312684014775,1093.6666666666704,0.0005462952386541402,0.00011887145385229451,14890.360280713849,0.4964442426993494,0.0
,0.06309577848388562,0.012848526244535263,0.4805846422338569,0.008756539412072018,0.00026349071101398804,0.0015858550674714112,0.04071458019155046,0.00029231067898027126,1118.3333333333353,0.0006114550694903317,0.00026349071101398864,12709.24975993705,0.5076410954758662,0.0
,0.11438946890603723,0.020793261728966173,0.5059715204409738,0.009339611054607216,0.0010015292312578353,0.002989791079450491,0.10355731246399075,0.0010087051099643266,1194.1666666666672,0.0015352588712927312,0.0010015292312578333,8695.729838455369,0.5420638523225905,0.0
,0.11030413073082161,0.021648585579424298,0.5041189931350114,0.009312032059673911,0.0016005358926048947,0.0034069966950354405,0.11188812154546969,0.0016142923207665462,1188.5000000000002,0.0020385388219507075,0.001600535892604896,7975.818489128475,0.5394916023604176,0.0
,0.048116205174761686,0.008194260162603472,0.45236139630390143,0.008389055755798321,3.7465657031320634e-05,0.0010152888237138155,0.01688563146119371,3.9513560787104815e-05,1060.2500000000075,0.0003961099791337076,3.746565703132064e-05,15046.820181097735,0.4812755333635951,0.0
,0.129822968679074,0.032238350260232716,0.5183529411764706,0.009436015322958655,0.001100764992875573,0.002928600882119262,0.22876457369037728,0.0010909279649528344,1222.8333333333333,0.0050949611763113556,0.001100764992875574,6094.784356343801,0.5550764109547587,0.0
,0.0463004993191103,0.010174200207984766,0.4730513205926562,0.008334819555906188,0.00013706539794796691,0.0011569444798558708,0.025766661783266517,0.00015237048572100197,1093.9166666666706,0.000559976721775737,0.0001370653979479669,14991.902746560725,0.49655772431532763,0.0
,0.100317748524739,0.019170661594894237,0.49031827286890717,0.009233672608005785,0.0006891992082972895,0.002578482786719394,0.08846552516978548,0.0007015834220140704,1161.0000000000005,0.001202874064009258,0.0006891992082972898,9419.498512653296,0.5270086246028144,0.0
,0.11348161597821153,0.023163222807019206,0.5056231351847602,0.009335846607433366,0.0008446529327970684,0.0029113562868792573,0.12619116149497847,0.0008464642013460606,1193.0000000000002,0.0019254011633196549,0.0008446529327970681,8457.710426507085,0.5415342714480255,0.0
,0.11030413073082161,0.01934043123455492,0.5026237736710016,0.009310936474567188,0.0011331245935945799,0.0030221558819837164,0.090457841967354,0.0011407215303947111,1186.3333333333337,0.0014407370943607303,0.0011331245935945812,8872.889376005283,0.5385080950219397,0.0
,0.11348161597821153,0.024621538337829662,0.5040036604895904,0.009336065829883486,0.0004375953498042892,0.002410451335410925,0.14097037886474895,0.00043326372146977637,1190.8333333333335,0.0014647712673224091,0.0004375953498042896,9339.109852009837,0.5405507641095475,0.0
,0.07308216068996823,0.012581543380957776,0.4805846422338569,0.008924448670151833,0.0003977755451243811,0.002099627592714832,0.039396383674490394,0.0004163664931888214,1125.8333333333362,0.0006723046362908041,0.00039777554512438173,11657.983900934618,0.5110455439552125,0.0
,0.12709940989559693,0.02827526889314791,0.5120874012087401,0.009419766133539545,0.0008864549575492536,0.00306074730341894,0.1815642982054581,0.0008703758509263257,1212.2499999999998,0.0021428827837449145,0.0008864549575492554,8066.862008777551,0.5502723558783477,0.0
,0.14888788016341353,0.03780232950491997,0.5224092957078492,0.00952492330955147,0.001410229098127481,0.0033423844379488437,0.29985209735354823,0.0013984933227383241,1242.3333333333333,0.004393227436270334,0.0014102290981274847,6125.482673508852,0.5639279770010591,0.0
,0.05719473445301861,0.010229159447646947,0.4672322375397667,0.008627526825633641,0.00021065656277577892,0.0015299534789578063,0.026190774629750235,0.0002511676193294619,1092.500000000005,0.0004956866561593005,0.00021065656277577933,13772.745789079238,0.4959146618247844,0.0
,0.04857013163867454,0.010802667177088186,0.4702241195304162,0.0084076492764709,7.453372016166403e-05,0.001069619312177911,0.028805339573378684,7.744597150181153e-05,1090.8333333333378,0.0005969708750886655,7.453372016166381e-05,13935.53965153669,0.49515811771826296,0.0
,0.14026327734906946,0.03944924434558673,0.5239001189060642,0.009487691782171187,0.0009794540910041123,0.002834689825753989,0.32129945739256804,0.0009477768244137699,1238.0000000000002,0.0033471825181443085,0.0009794540910041112,6987.50735767631,0.5619609623241035,0.0
,0.047208352246935995,0.009750107995666855,0.4720377115920291,0.00836314416231303,0.00012937842384190377,0.0012319651264462359,0.02374605393109955,0.00013706214764291764,1092.833333333338,0.000543288350710297,0.00012937842384190372,14879.164435413595,0.49606597064608865,0.0
,0.03767589650476623,0.0070471823664772565,0.4408645187112267,0.00800187867759308,3.427983684507584e-05,0.0008054807818676337,0.012464291215843065,3.807427235807726e-05,1032.4166666666756,0.00031314859884867607,3.4279836845075835e-05,16450.4958334408,0.4686412467846876,0.0
,0.04993191103041308,0.008497821322489952,0.45610766045548656,0.008442084694959858,8.92193849449218e-05,0.0011554324063607945,0.0181654993886679,0.00010149953434162674,1068.1666666666738,0.0004100402093101882,8.92193849449219e-05,14783.817235919361,0.4848691178695718,0.0
,0.10758057194734454,0.02543190420927079,0.5044653079917564,0.009294493541302667,0.0006065419890400483,0.0025063085710097252,0.14956888888640588,0.0005985238044415714,1187.000000000001,0.0017954180603729866,0.0006065419890400476,8797.108648261294,0.5388107126645484,0.0
,0.3259192010894235,0.06903289912751844,0.5879370162796904,0.009869755587406928,0.012026260975798921,0.008606717535073674,0.6977191536348969,0.011663683948146934,1450.6666666666658,0.023923325898041733,0.012026260975798947,3020.9151139169367,0.6584959903162355,0.0
,0.041307308216069,0.009442881939395166,0.46584901670543455,0.008157479492196053,6.216653036940966e-05,0.0009265357230494653,0.022192653572063018,6.432458321236493e-05,1078.416666666672,0.0004777661016475901,6.216653036940974e-05,15975.14597030016,0.4895218641246785,0.0
,0.048116205174761686,0.008201187238165276,0.45245430273156706,0.008389060198938285,3.755511831060963e-05,0.0010129865507401436,0.01691178132986869,3.974909549262156e-05,1060.4166666666742,0.00039615909539191397,3.75551183106096e-05,15045.269114419762,0.4813511877742473,0.0
,0.18928733545165682,0.04214131716080782,0.5341901066925315,0.009656526557891648,0.003337323386415509,0.005095194474566044,0.35938884273940674,0.0032124219331041526,1287.4999999999993,0.003626452411148749,0.0033373233864155078,6459.889120921036,0.5844303222877893,0.0
,0.03404448479346346,0.006377340215050669,0.44325955734406436,0.00782408405965665,2.860153125234524e-05,0.000774457548458559,0.010210566840812087,3.269659897481263e-05,1033.4166666666756,0.0005160298744290819,2.860153125234522e-05,14016.622915902877,0.46909517324860045,0.0
,0.14434861552428507,0.03688243182062381,0.5240247383444339,0.009505890444530806,0.0010061391807873958,0.003002582859774118,0.2876887736307151,0.0010105866469769492,1241.166666666666,0.004168260784543899,0.001006139180787393,6294.4073457777295,0.5633983961264942,0.0
,0.1348161597821153,0.028478349275712717,0.5155628364146969,0.00946017643588437,0.0015241978947519528,0.0034415154893464622,0.1842094019737317,0.001502142467097236,1222.6666666666667,0.002341980393683593,0.0015241978947519537,7641.400796722077,0.5550007565441065,0.0
,0.03858374943259192,0.008838219744921879,0.46535699197296154,0.008044407916081792,6.202973417576506e-05,0.0008919861472668357,0.019482647560382618,6.588010785063569e-05,1075.5833333333387,0.00048332716836516884,6.202973417576505e-05,16460.013943874637,0.48823573914359203,0.0
,0.2401270994098956,0.0567061662263778,0.5572982544902606,0.00976288625368614,0.006370118378536848,0.007184478243597687,0.5534816042567305,0.006098160645937353,1353.333333333333,0.008995909172737442,0.006370118378536839,4647.718055942523,0.614313814495385,0.0
,0.10077167498865185,0.01928966800143827,0.4880372175454143,0.00923757720780818,0.000694022800823505,0.0026019571935256103,0.08951529212988772,0.0006990908171741426,1157.8333333333344,0.0012135727110906777,0.0006940228008235061,9400.243023104114,0.5255711908004236,0.0
,0.049024058102587385,0.008374523977962314,0.4539460127756027,0.008416584530035175,4.2558281187886744e-05,0.001034683938203512,0.01762225381337945,4.528051011931133e-05,1063.7500000000073,0.00040383762845211716,4.255828118788676e-05,14908.381744049504,0.48286427598729004,0.0
,0.12392192464820699,0.03318886021456511,0.5189634864546525,0.009403306070334636,0.0007886048151888676,0.0026004444881266094,0.2402381759182272,0.0007661323024898028,1219.333333333334,0.002904530629593083,0.0007886048151888678,7413.12497657865,0.5534876683310637,0.0
,0.1965501588742624,0.04383692186736654,0.5374481580873384,0.00967516858681364,0.0029281597621703933,0.0050307494094184325,0.3820064718854744,0.002804656736454066,1296.9999999999993,0.0038235004828507733,0.002928159762170394,6315.412509640447,0.5887426236949614,0.0
,0.04947798456650023,0.00855115567800047,0.45357216388717314,0.008429937532964074,3.98765072898779e-05,0.0010344321853522581,0.0183581385254109,4.2132750461038076e-05,1063.4166666666738,0.00041377405244670795,3.987650728987789e-05,14813.100116029467,0.48271296716598583,0.0
,0.12664548343168408,0.02598259060317289,0.5052752293577981,0.009416605024212198,0.0011138121933787128,0.003168715999050468,0.15589962807112026,0.001112759052111563,1202.25,0.001969723882154349,0.0011138121933787148,7931.6347075998065,0.5457330912392192,0.0
,0.05265546981389015,0.010032837938954632,0.4683248299319728,0.008519687010898601,0.00011813155927894481,0.0012644369960386728,0.025115696148982816,0.0001308233570896753,1090.8333333333378,0.0004805853353583206,0.0001181315592789447,13941.830361462075,0.49515811771826296,0.0
,0.04947798456650023,0.01142464429585338,0.4736615781552354,0.008434669970715094,8.719377341056667e-05,0.00108949822052445,0.03213789325105402,9.202253510276283e-05,1097.1666666666702,0.0006187065899010347,8.719377341056658e-05,13733.520968375782,0.49803298532304435,0.0
,0.11393554244212438,0.025779423921964435,0.5073698756333487,0.009338977691268029,0.0016529989040207143,0.0032514317646974928,0.15393570128723644,0.0015656162281490406,1195.8333333333333,0.0017493140733903768,0.001652998904020716,8630.344745943168,0.5428203964291117,0.0
,0.13118474807081254,0.033274727581646624,0.5164088138771683,0.00944251601904197,0.0008444935300410114,0.002985180419648529,0.24164310181565019,0.0008207253710567298,1221.166666666667,0.0025238221311104057,0.0008444935300410114,7709.874557084257,0.5543198668482373,0.0
,0.049024058102587385,0.008426588185430427,0.4530125436973062,0.008416579092650624,3.998120280725158e-05,0.001032814013081559,0.017837850730543586,4.207571176261794e-05,1062.0833333333408,0.0004054300471800938,3.99812028072516e-05,14909.890312776077,0.4821077318807686,0.0
,0.048116205174761686,0.008233236419992922,0.45236139630390143,0.008389123818936707,3.699820354366563e-05,0.0010085256184767567,0.017039976942055522,3.909843199815833e-05,1060.2500000000075,0.00039705922922697373,3.699820354366566e-05,15048.122075496349,0.4812755333635951,0.0
,0.08352246935996369,0.017406786449413143,0.48717381689517913,0.009065854598577614,0.0003382020101567378,0.0018030262709383112,0.07320755133615242,0.00035749412968541906,1143.7500000000018,0.0018606374431290324,0.00033820201015673815,8474.177309976883,0.5191783931003178,0.0
,0.05447117566954154,0.00921389219498293,0.4740692920163546,0.008562259475911793,0.0002390130364203588,0.0016549554069275904,0.02141119516924648,0.00026744462067015604,1101.583333333337,0.0004647109607060324,0.00023901303642035889,13526.836700235262,0.5000378272053261,0.0
,0.04539264639128461,0.009393709207896502,0.4702241195304162,0.008301855247210797,0.00020243064604795488,0.00139922938913239,0.022165935538117364,0.00023389997034430944,1088.6666666666715,0.0005289524483916781,0.00020243064604795471,15203.504731449524,0.49417461037978516,0.0
,0.05674080798910577,0.00974374848995549,0.4740692920163546,0.008618084009514502,0.00020061528784671588,0.0015929928894782305,0.023859068121696816,0.00021504764208881626,1103.2500000000036,0.0004982150692705858,0.0002006152878467156,13277.618302142142,0.5007943713118475,0.0
,0.05901044030867,0.01339391353563813,0.48163533012680365,0.00867452350438408,0.00018469441683800541,0.0013665495253578337,0.04391387442635658,0.00019734942919974994,1116.9166666666688,0.0007131835818923206,0.00018469441683800555,12718.176424127694,0.5069980329853231,0.0
,0.04857013163867454,0.008313880433433575,0.4528263103802672,0.0084029842958133,3.847203979860671e-05,0.0010185301482626642,0.01737028240273621,4.0665076960632655e-05,1061.4166666666742,0.0004008397142886316,3.8472039798606725e-05,14979.219928941866,0.48180511423816014,0.0
,0.0935088515660463,0.017590477883532584,0.4969546582449808,0.009172061644830065,0.0005729700294584031,0.002316999851497004,0.075138245787913,0.0005892562864975169,1165.7500000000005,0.0013690102889245895,0.0005729700294584013,9288.315607453615,0.5291647753064004,0.0
,0.053109396277803,0.010485089824136595,0.4782891880156318,0.008528612652768837,0.00036407844172935713,0.0017413830854201286,0.02753410539607889,0.0003993447403847915,1107.4166666666697,0.001047049818494804,0.0003640784417293571,10652.373595777677,0.502685731578151,0.0
,0.15796640944167045,0.0338645151789474,0.5252742012398665,0.00955970079943437,0.0023122313809592807,0.003927185406626554,0.2497184249202863,0.00229911542221687,1252.8333333333326,0.003703668947432128,0.0023122313809592764,6437.278276715215,0.5686942048721441,0.0
,0.09940989559691331,0.02441248841852342,0.500340676811265,0.00922864436068695,0.0004212706112934499,0.0022369597919927845,0.13854378190980746,0.0004073905121716484,1175.0833333333337,0.0017306422994143897,0.00042127061129344936,9101.010320067424,0.5334014223029202,0.0
,0.26600090785292785,0.06516941362273719,0.5651616213442792,0.009802568858521984,0.007210407078591142,0.006494323861181939,0.6542706611438219,0.0070644094792548014,1381.4999999999998,0.009941516069251982,0.00721040707859115,4449.842981997894,0.6270994098955969,0.0
,0.15478892419428053,0.03786800914822117,0.5245238095238095,0.009547887038613655,0.0015672238323706884,0.0035124293879099265,0.30121956894489926,0.0015057692657394393,1249.4999999999993,0.0036651706562473253,0.0015672238323706888,6611.430503143924,0.5671811166591012,0.0
,0.09759418974126192,0.018875865823237352,0.48738938053097347,0.00920988812270944,0.000599625828090308,0.002461992846519711,0.0858227622469256,0.0006088612600357701,1154.5000000000007,0.0011768484576670619,0.0005996258280903076,9533.532110922075,0.5240581025873808,0.0
,0.05991829323649569,0.010772702287788385,0.48037505451373747,0.008688014793956502,0.0003272349393180709,0.0018361156271276787,0.029130826407173252,0.00035865090993382183,1115.8333333333353,0.0005575484327374144,0.00032723493931807106,12877.942474935257,0.506506279316084,0.0
,0.09940989559691331,0.02110545268894788,0.4933930571108623,0.009227294586457074,0.00043825907769658043,0.0021135866371231778,0.10568312244996937,0.0004497598504540166,1164.8333333333342,0.0021706376527862157,0.0004382590776965812,7930.917300874026,0.5287486760478135,0.0
,0.04857013163867454,0.008442109095434896,0.4534787978592013,0.008403086280369029,3.994839969354837e-05,0.001017664341083971,0.01789844441827093,4.21295952312231e-05,1062.5833333333408,0.00040784072449611737,3.994839969354844e-05,14969.50595313255,0.48233469511272503,0.0
,0.07035860190649115,0.015180639782166525,0.4881453578550853,0.008885606460180832,0.00029827377032586906,0.0017160569590729167,0.05620284346344438,0.0003130339821729187,1135.4166666666674,0.0010141690394489013,0.00029827377032586884,10678.546258430253,0.5153956725677107,0.0
,0.11892873354516569,0.0280598473664612,0.5081891580161476,0.009372856174383456,0.0008178251533346385,0.00275347183403592,0.17867656293344691,0.0007930133398931611,1200.75,0.0018782556597849742,0.000817825153334638,8443.15578211111,0.54505220154335,0.0
,0.12119836586472992,0.030219729968356607,0.5124447545940917,0.009386212489306149,0.0007189476851082788,0.0028630772165954706,0.20410925590967394,0.0007019839928280743,1208.3333333333335,0.0022546455970658408,0.0007189476851082791,8019.4041985899485,0.5484944772280224,0.0
,0.09487063095778484,0.020241850297258376,0.4986419194205523,0.009186591167466333,0.000677752564981599,0.002476416589474949,0.09795801960224088,0.000663492034816545,1169.166666666667,0.0012760675663573968,0.0006777525649815985,9790.668137499397,0.5307156907247693,0.0
,0.15524285065819338,0.030474943395664124,0.5208037825059102,0.009548088709696685,0.0020647093980677507,0.004150281592906059,0.20829925885351203,0.0020349901658812,1244.8333333333333,0.002843789439582111,0.0020647093980677564,6995.594558928698,0.5650627931608413,0.0
,0.08806173399909215,0.017577683652413915,0.4910833704859563,0.009116742638261434,0.0003968189174809655,0.002221111864729406,0.0749363453774084,0.00040215238394282883,1152.9166666666677,0.0011520952809629542,0.0003968189174809647,10078.372191942228,0.5233393856861855,0.0
,0.11075805719473446,0.023885904275743018,0.5007956353716754,0.009316413857872402,0.0005855377424965097,0.002563843325907465,0.1334763431485411,0.0005619676326127513,1184.0833333333337,0.0014303582141226314,0.0005855377424965098,9430.852906273803,0.5374867604781358,0.0
,0.11257376305038584,0.02030913604779063,0.5027384755819261,0.009326209441824601,0.0014702024560492855,0.003342994577629469,0.09929943086171064,0.0014979810500477626,1188.2500000000007,0.0021139097327247647,0.0014702024560492779,7657.178607917618,0.5393781207444394,0.0
,0.12346799818429414,0.02593248639186659,0.5046964490263459,0.009398633404125164,0.0006327127573870787,0.002780825720897576,0.15528780081031757,0.0005943098615685134,1199.166666666667,0.0015726108448193155,0.0006327127573870772,8949.910604519519,0.5443334846421547,0.0
,0.04857013163867454,0.008229508032842758,0.45254724732949875,0.008402770073171669,3.9560905786183025e-05,0.0010324597875384705,0.0170308251768151,4.191607963835244e-05,1060.9166666666742,0.00039841049181885623,3.9560905786183e-05,14973.85109849556,0.4815781510062037,0.0
,0.11529732183386292,0.02125986566803418,0.5079548074706018,0.009345736108354315,0.001184740426792708,0.003136798240687564,0.10803861026099604,0.001169865938755987,1197.666666666667,0.001555438936662126,0.0011847404267927074,8673.707684716937,0.5436525949462854,0.0
,0.04947798456650023,0.008578449286329379,0.455635987590486,0.008430048514581217,4.1563701060686285e-05,0.0010339129258215927,0.01847631904657416,4.406276652084164e-05,1067.08333333334,0.00041170167724942505,4.1563701060686305e-05,14839.809670626506,0.48437736420033284,0.0
,0.049024058102587385,0.00839766734578357,0.4541331684188827,0.008416549098841625,4.4161449423664475e-05,0.0010402772397218884,0.017718973310810293,4.779583908240137e-05,1064.0833333333403,0.00040518390286709775,4.4161449423664475e-05,14909.980728932413,0.4830155848085943,0.0
,0.12846118928733546,0.027208432591153537,0.5095998149433264,0.009426795991405192,0.0008369375823275084,0.002978715973900724,0.16952436457170753,0.0008075616430160002,1209.8333333333333,0.0016415758596020605,0.0008369375823275088,8784.525042280298,0.5491753669238917,0.0
,0.047208352246935995,0.009393155904332262,0.4603970741901776,0.00836401032351218,7.077527045462693e-05,0.0010206747087567359,0.0219755851152554,7.661796064779824e-05,1073.833333333339,0.0004175000626640705,7.077527045462698e-05,14706.18735771855,0.4874413678317446,0.0
,0.42623694961416253,0.09113069310222884,0.6242561632190422,0.009941115879812223,0.024886271207865723,0.012130517277275175,0.8766660359817198,0.024027290851763607,1560.6666666666658,0.033558218205295864,0.024886271207865632,2605.311111467186,0.7084279013466486,0.0
,0.04857013163867454,0.00840843027922589,0.456580310880829,0.008402968597323408,4.330842367881292e-05,0.001024077958541609,0.017759975615943006,4.792788658411547e-05,1068.0000000000068,0.00040438816515762503,4.330842367881288e-05,14977.77716182112,0.48479346345891966,0.0
,0.28597367226509307,0.06659693232366579,0.5719106957424714,0.00982780925719161,0.006317830835317911,0.006569050074965729,0.6702922123720771,0.0060618057625569126,1403.8333333333328,0.012067697853447874,0.006317830835317905,4098.872649895433,0.6372371009229838,0.0
,0.1693145710394916,0.033541834936222474,0.5296946381341668,0.009595598739311753,0.0068005426524045225,0.007133592835000098,0.24831969957438493,0.006911156473711284,1266.9999999999995,0.0042828081810303495,0.006800542652404511,6014.601607027995,0.5751248297775761,0.0
,0.15796640944167045,0.03170690441336099,0.5236510577608747,0.00955838562351527,0.002114155428722316,0.004192619503843042,0.2232731448064231,0.0020859900397325807,1250.6666666666665,0.0029700457124730187,0.0021141554287223167,6911.090897684957,0.5677106975336662,0.0
,0.03449841125737631,0.007855424141784603,0.46010860484544697,0.007850310569491788,3.076598387934398e-05,0.0007432599796454914,0.015413098416075502,3.201413600688275e-05,1063.5000000000064,0.00040507327398989093,3.076598387934397e-05,17510.662308598312,0.48275079437131185,0.0
,0.12029051293690422,0.027057938871151363,0.5085410895660203,0.00938009127880026,0.0007855608138537518,0.0028937856632784437,0.16766232444001522,0.0007691623368798569,1202.2500000000002,0.001968464125447741,0.0007855608138537528,8316.591964846466,0.5457330912392192,0.0
,0.09804811620517477,0.01851700857620566,0.493614160878333,0.009214582176035086,0.0005623890574664542,0.0025303354326211324,0.08291288159429457,0.0005700057825330819,1164.083333333334,0.001259955211210445,0.0005623890574664544,9561.510864268244,0.5284082311998789,0.0
,0.05401724920562869,0.010268422772401082,0.46892294593444017,0.00855314400054823,0.00016422718078955054,0.0013828302974762678,0.026346151159845323,0.00018639436756128774,1093.166666666671,0.00047573393807120404,0.0001642271807895506,13778.730054679756,0.49621727946739297,0.0
,0.049024058102587385,0.008398207626026478,0.4546017333883615,0.008416572295637723,3.952850121927949e-05,0.0010334849712676886,0.017723800933606954,4.1959306531955075e-05,1064.9166666666738,0.00040523294998210513,3.9528501219279546e-05,14909.944573789906,0.4833938568618551,0.0
,0.12664548343168408,0.02951026790349325,0.5136395430170203,0.00941822110663307,0.0011787957155717109,0.0030623832345082137,0.19573642893909626,0.0011638518248739793,1214.083333333333,0.0020018012584895493,0.0011787957155717137,8180.415281903262,0.5511045543955212,0.0
,0.05719473445301861,0.00974783225530124,0.4748868290579866,0.008628185195247223,0.0002706313952258566,0.0017085819835488678,0.02390362994928468,0.0003002610618488405,1105.0000000000034,0.0004914825464581098,0.0002706313952258565,13193.619609631003,0.501588742623695,0.0
,0.06945074897866546,0.01477412064263737,0.4834320825104235,0.008871131206959964,0.0002874851604126042,0.001669748404049369,0.05330319627557157,0.0003003000943588518,1127.500000000002,0.0008220897353582543,0.0002874851604126045,11657.831563473399,0.511802088061734,0.0
,0.12256014525646845,0.026599380450743896,0.509011090573013,0.009393726223664745,0.000527112188930253,0.0026404616737430316,0.16245409947207293,0.0005163023327327252,1204.6666666666665,0.0015922619016656076,0.000527112188930253,8981.285425570977,0.5468300801936753,0.0
,0.11529732183386292,0.024759748941777765,0.5036579789666209,0.009347984022060577,0.0007367591304430408,0.0026501379061274963,0.14258841355018734,0.000716011714990518,1191.6666666666667,0.0014786469090621423,0.0007367591304430431,9266.238454787745,0.5409290361628083,0.0
,0.16386745347253745,0.03277855755487497,0.5265296367112811,0.009579937553147061,0.002529501889061386,0.004452641214312342,0.23661455095797268,0.002527552739808134,1258.8333333333323,0.004709282443397221,0.002529501889061385,6019.573732114373,0.5714177636556211,0.0
,0.2392192464820699,0.04948813534639327,0.5525457737647353,0.009761262376472306,0.0057422805835209275,0.0061997895404914535,0.4586579371336666,0.005645131863900133,1346.999999999999,0.006799910877119405,0.005742280583520949,4985.297893436076,0.6114389468906037,0.0
,0.20699046754425784,0.043412621833371405,0.5444883835887296,0.00969956038752186,0.003982263651267565,0.0051651488747950875,0.3765557108184952,0.003970343635240449,1313.4999999999995,0.004995926620294239,0.003982263651267558,5660.0387350272285,0.5962324103495233,0.0
,0.03903767589650477,0.008520442643378544,0.46349673890174625,0.008062465706764832,9.130704292174789e-05,0.0009527998008709101,0.01817358905994934,9.661452372998338e-05,1072.750000000006,0.00047586524071983893,9.130704292174812e-05,16302.669858641044,0.48694961416250565,0.0
,0.07625964593735815,0.018179819135712715,0.4926207513416816,0.008974159057125375,0.0003185712663355393,0.0017662698703050687,0.07940874080984196,0.0003376182274955043,1146.583333333334,0.0013807731956823172,0.0003185712663355391,9606.465108649623,0.5204645180814041,0.0
,0.10304130730821608,0.019216722382578953,0.4968425800631484,0.009255873263771069,0.0009499336838730387,0.003054959099408527,0.08926162626129013,0.0009772804246385822,1172.5000000000005,0.0013631491660709301,0.0009499336838730393,9318.350296471013,0.5322287789378121,0.0
,0.26917839310031777,0.06212432233765907,0.5653066461380549,0.00980675161955182,0.006728319681201966,0.00641207132944363,0.6193850230243834,0.006446943934951144,1383.9999999999993,0.02756500003273242,0.0067283196812019525,2900.764075463866,0.628234226055379,0.0
,0.08942351339083068,0.018887026993573745,0.49628294660959676,0.009132279623506158,0.0005908417592568519,0.002355807775485163,0.08587517513539587,0.0005893852361836417,1161.7500000000007,0.0011961102490286577,0.0005908417592568525,10043.669946204966,0.527349069450749,0.0
,0.09804811620517477,0.020612581533815354,0.5011373976342129,0.009214043178994978,0.0011155412984817916,0.0029161886268997774,0.10177580909468752,0.001110963852835936,1175.1666666666663,0.001923521489797706,0.0011155412984817912,8374.270445214937,0.5334392495082464,0.0
,0.12119836586472992,0.025164573826023023,0.5052752293577981,0.009384755766444479,0.0008580249491001528,0.002930919631267224,0.14718957155766985,0.0008032474621759675,1198.3333333333333,0.0015416042374842363,0.0008580249491001555,9029.320887205004,0.5439552125888939,0.0
,0.04857013163867454,0.008477382396405853,0.45310571781160014,0.008402578221323159,0.00013025896853653245,0.001241542998782813,0.018082589584910227,0.00014714341449235558,1062.2500000000066,0.00037747846616681044,0.00013025896853653254,14609.447430798344,0.48218338629142077,0.0
,0.12709940989559693,0.02637313598642118,0.5070195627157652,0.009418955092662842,0.0009162132019893719,0.003048613937282301,0.16035689605426165,0.0008634536501431519,1205.1666666666667,0.0016035597720359337,0.0009162132019893726,8835.512911312584,0.5470570434256318,0.0
,0.08669995460735361,0.022074015658158384,0.5022799817601459,0.00910487769037578,0.0004893632115164765,0.0020365237576354086,0.11463286363924324,0.0005017763310028214,1168.4999999999995,0.0032248164405774813,0.0004893632115164753,7445.85270959145,0.5304130730821607,0.0
,0.05083976395823877,0.009021642201880446,0.45934111759799834,0.008469444783542512,5.535398675508248e-05,0.0010667468742987752,0.02038655705655278,5.95063787931917e-05,1074.583333333339,0.00042748175560041265,5.535398675508248e-05,14649.87777440641,0.4877818126796792,0.0
,0.05901044030867,0.010373454490421345,0.4657505285412262,0.008670829485072466,9.027069720808413e-05,0.0012950376941508383,0.02687071174645034,9.535622495220004e-05,1091.3333333333385,0.0005124237138085913,9.027069720808413e-05,13537.438173751325,0.4953850809502194,0.0
,0.04857013163867454,0.008267330819883782,0.45245430273156706,0.008402891537969883,3.851788623017299e-05,0.0010253268704619651,0.01718370741574278,4.053655915812164e-05,1060.7500000000075,0.0003996677248042035,3.8517886230173005e-05,14978.004742718842,0.4815024965955515,0.0
,0.147526100771675,0.03576399131008533,0.5247737017627442,0.009518803234713458,0.00187674461656795,0.003792130994677627,0.27398942550768524,0.0018533999280503047,1244.4999999999998,0.002725675476747572,0.001876744616567946,7314.3395791234425,0.564911484339537,0.0
,0.04448479346345892,0.00929710078757345,0.46703413186347253,0.008272877428976614,0.00013788895480925533,0.0011974660646112368,0.02163189455059184,0.00014997204735952313,1082.7500000000052,0.0004820411373008266,0.00013788895480925533,15458.983963433728,0.4914888788016341,0.0
,0.11438946890603723,0.023388219125119507,0.507253050886484,0.009342171705423584,0.0008037168404061106,0.002900286062901901,0.12847565060308885,0.0008048526487716024,1196.0000000000002,0.0019768339507039378,0.0008037168404061099,8375.551621340497,0.542896050839764,0.0
,0.1112119836586473,0.025686669320446998,0.5079548074706018,0.009320744585428501,0.001168073017816796,0.002804104206381386,0.15220105905463063,0.001217781540496704,1194.8333333333333,0.0019735049401147964,0.0011680730178167899,8432.302129574327,0.5423664699651989,0.0
,0.11484339536995007,0.014941047491498667,0.49053662881318194,0.009340093924819125,0.002034012551854532,0.004510219547434478,0.05590849697736921,0.0021337565102184,1171.9166666666672,0.0014490939799900791,0.002034012551854531,8254.72373129982,0.5319639885005296,0.0
,0.049024058102587385,0.00844757248018668,0.45357216388717314,0.008416576560668635,4.053925195745278e-05,0.00102574993698046,0.01792511516291895,4.2652462069197796e-05,1063.0833333333405,0.0004061264559621108,4.053925195745282e-05,14906.936471214824,0.48256165834468145,0.0
,0.1171130276895143,0.026712808539777914,0.509011090573013,0.009361142089914088,0.0008681489011935115,0.0027695402540636217,0.16347690462609143,0.0008591264074430047,1200.5833333333335,0.00181838269903078,0.0008681489011935115,8485.757315756695,0.5449765471326978,0.0
,0.09441670449387199,0.019481677945373792,0.49898074745186866,0.009182308031096,0.0006686055536916175,0.0024728775535693974,0.09114083672957388,0.0006624673768497084,1169.416666666667,0.0012387913439786628,0.0006686055536916156,9800.728342322729,0.5308291723407474,0.0
,0.147526100771675,0.03506061141953209,0.5209269330811066,0.00951839763151307,0.0016226581646503091,0.0035519770658673194,0.2649169153773045,0.0015523882030115941,1239.3333333333328,0.003472565860051157,0.0016226581646503076,6762.578716985674,0.5625661976093206,0.0
,0.09714026327734908,0.019112907211822627,0.49405696344471856,0.009206629075847428,0.0004736952005055683,0.002446344436491308,0.08793560510719187,0.0004805280359163103,1164.083333333334,0.0012701492918360184,0.0004736952005055695,9605.478333390276,0.5284082311998789,0.0
,0.10712664548343169,0.02512893161838007,0.5074867542041004,0.009290361387627165,0.0010441661184541766,0.0029276971317147835,0.14637763389299138,0.0010267762255449138,1191.0000000000002,0.0018923498231900764,0.0010441661184541768,8550.59738904619,0.5406264185201998,0.0
,0.04085338175215615,0.007831739659957548,0.4554475914823238,0.008136773611202956,8.232652010531028e-05,0.0010109548305129333,0.01535714592977426,9.170343886851069e-05,1060.7500000000064,0.0003368487614992446,8.232652010531023e-05,15921.947492722016,0.4815024965955515,0.0
,0.07262823422605538,0.014624141946137544,0.48406943528894747,0.008920494960722003,0.00030500765769271717,0.0018093197007930481,0.05233562914371588,0.0003149349427867316,1130.7500000000016,0.001035362218394505,0.00030500765769271717,10439.594850369045,0.5132773490694508,0.0
,0.11983658647299138,0.025217962253316406,0.5060877555708707,0.00937586606909716,0.0013728588604421707,0.003166989092273114,0.14810822743435872,0.0012618725406472254,1198.5000000000002,0.0015225236256024095,0.0013728588604421691,9095.073455950718,0.5440308669995461,0.0
,0.08443032228778938,0.016556956423440516,0.5004543389368469,0.009076270308310933,0.0011075307800038217,0.0027796756633087748,0.06704401253214684,0.0011659684183465567,1164.166666666667,0.0014711573390138782,0.0011075307800038228,9167.941695610221,0.5284460584052051,0.0
,0.11983658647299138,0.021641722414138784,0.507253050886484,0.00937492341107546,0.001143226984798092,0.00311116104895313,0.11164256443576703,0.00114783302654615,1200.0000000000002,0.001616486005641449,0.0011432269847980888,8502.01218110464,0.5447117566954154,0.0
,0.1230140717203813,0.02567127351708894,0.5048120989917507,0.009395892503657001,0.0006626585495058698,0.0028198699857366507,0.1524705025651172,0.0006291383044099329,1199.0000000000002,0.0015609788999336198,0.0006626585495058688,8966.19500822604,0.5442578302315025,0.0
,0.11575124829777576,0.023969433203769246,0.5081891580161476,0.009351194740954286,0.000871236944168003,0.0029481583787315914,0.13442608064110861,0.0008729338796107411,1198.3333333333333,0.0019917844507625735,0.0008712369441680035,8339.965060081682,0.5439552125888939,0.0
,0.021788470267816613,0.0033170560290171343,0.43060985144644254,0.006908086852609052,5.157493595317501e-05,0.000798247117238466,0.00281277753210018,6.504631410725588e-05,1000.5000000000109,0.0001711366551031158,5.1574935953175034e-05,19449.201513331383,0.45415342714480256,0.0
,0.10213345438039038,0.02475918150315717,0.5051593671176335,0.009251752385208695,0.0008070490423713819,0.002506890112026541,0.14221098821791725,0.0008261092512502449,1184.0000000000007,0.0030068723223021475,0.0008070490423713814,7258.357923543663,0.5374489332728098,0.0
,0.1289151157512483,0.03841907614348755,0.5137593283582089,0.009429378808800725,0.00076059217628596,0.0026619133303171535,0.3066330909496405,0.0006788711973650111,1215.8333333333337,0.0023316931921885395,0.0007605921762859607,8014.666206514734,0.5518989257073688,0.0
,0.03222877893781208,0.008172628592427253,0.4619417068567834,0.007723934672423398,9.924616896193345e-05,0.0009603707539232105,0.016600062667738974,0.00011407114687546325,1065.0833333333394,0.00045248641050890594,9.924616896193334e-05,17357.75995763969,0.48346951127250715,0.0
,0.02315024965955515,0.00547995059876276,0.44424279088525914,0.007050807839601045,4.513568500190412e-05,0.0006675200552067548,0.00752310695802267,5.441747388133905e-05,1027.1666666666752,0.000429263942363263,4.513568500190408e-05,17684.436116805053,0.46625813284914513,0.0
,0.13527008624602815,0.03908361384225389,0.5165298944900352,0.00946182409845363,0.0012336065801794543,0.0031028610342332436,0.3157758765581652,0.0011457849854252787,1224.3333333333337,0.0024140759735680503,0.0012336065801794526,7838.37227540558,0.5557573006506279,0.0
,0.020426690876078075,0.00497941631805808,0.4411293552262715,0.006772075631873589,3.6795752031983496e-05,0.0006058257526397917,0.006223062554001646,4.4989526953767465e-05,1019.5000000000093,0.0004098794270292019,3.6795752031983435e-05,18690.92036047528,0.46277802995914663,0.0
,0.13436223331820246,0.03715022752367344,0.5128026070763501,0.009457878038305743,0.0011507247173100908,0.0028660627541606566,0.2900833811908507,0.0011567387578686706,1218.5833333333337,0.0039044512376187994,0.0011507247173100847,6331.345307990848,0.5531472234831291,0.0
,0.05537902859736723,0.014686585817390588,0.4833260201842914,0.008587119104850787,0.00041037339442249305,0.0016660987439113038,0.05270774839270291,0.0004237439839197528,1116.9166666666686,0.0009403889768677169,0.0004103733944224934,11968.9471707779,0.5069980329853231,0.0
,0.08624602814344076,0.013229834700798752,0.49053662881318194,0.009088740643141914,0.0014655498025495225,0.00397445812019911,0.0441781359418293,0.0015488625486403513,1150.7500000000011,0.0013558535719059048,0.0014655498025495232,9423.820640080488,0.5223558783477077,0.0
,0.030866999546073536,0.006074222636167003,0.45667495854063017,0.007628981048304885,0.00014370600410848177,0.0011273839240126496,0.009303746683180096,0.00017789087256210893,1055.500000000006,0.0006894879579897446,0.00014370600410848182,13147.979029565304,0.4791193826600091,0.0
,0.14207898320472084,0.04065758271603181,0.519452959207734,0.009494096730601405,0.0015106686072124016,0.003240134965697765,0.33687411298444836,0.0014188191672010603,1233.333333333334,0.0025080015793825447,0.0015106686072124003,7682.720051383415,0.5598426388258435,0.0
,0.12755333635950977,0.03813370271385005,0.5128026070763501,0.009421784958295052,0.000932762821241841,0.0026743843465317227,0.30298050024983547,0.0008200573849100263,1213.5000000000007,0.0022868279523032965,0.0009327628212418395,8077.519819749929,0.5508397639582387,0.0
,0.015887426236949616,0.001542038770499211,0.41542523100132,0.006163205691406067,3.900091879032604e-05,0.0006741124018669476,0.0006278781820505117,5.2095730563082227e-05,966.8333333333463,0.000132989719256957,3.900091879032606e-05,20024.733834661492,0.43887123619307006,0.0
,0.04221516114389469,0.007965860703966576,0.4633992427429533,0.008183607492483655,0.00020675396971709496,0.0013412330351522876,0.015916958601004883,0.00024117944300736547,1075.3333333333378,0.0005567403085445751,0.00020675396971709507,12286.148575460511,0.48812225752761385,0.0
,0.12346799818429414,0.030343060407550266,0.517743830787309,0.009400234420249277,0.0013706618204478377,0.003057878522927295,0.20573557981502774,0.0013579693118853466,1217.3333333333337,0.0033158893918951433,0.0013706618204478438,6747.102151912969,0.552579815403238,0.0
,0.047208352246935995,0.010139650617553859,0.47498921949115996,0.008364379321395483,0.0001580160094893835,0.0012403101631962607,0.025538824016319368,0.00017358787880778696,1097.9166666666704,0.0006323853369335869,0.0001580160094893833,13318.322022478806,0.498373430170979,0.0
,0.029051293690422152,0.005005652187514528,0.4299375487900078,0.007510948714877049,9.15611771402145e-05,0.00099557168339975,0.006345232873561531,0.00010888835473041955,1004.0000000000117,0.000388163215495531,9.156117714021446e-05,14061.968186981949,0.4557421697684975,0.0
,0.06945074897866546,0.015732306645171876,0.48492185780321373,0.008867015655934708,0.0007063976272587707,0.002256151568720567,0.060369397405533404,0.0007575613124449472,1129.833333333335,0.001535383916495499,0.0007063976272587727,9453.689980781171,0.5128612498108639,0.0
,0.058102587380844305,0.015180879935725481,0.48738938053097347,0.008650804063542647,0.00043010823881903476,0.0017080848376571365,0.05622288253775209,0.0004352507005009217,1125.3333333333348,0.0009676625016396563,0.0004301082388190345,11717.807256733406,0.5108185807232561,0.0
,0.05537902859736723,0.012058053909352405,0.4794341675734494,0.008590124774923187,0.00021659619521773306,0.0014444230222848955,0.03588834835678307,0.00023317374577072852,1111.0833333333364,0.00073441039399196,0.0002165961952177333,12396.672484351619,0.5043501286124981,0.0
,0.13799364502950523,0.03630529781878409,0.522161649680019,0.009476391182205888,0.0012195706935467683,0.003084438121631198,0.28027840022132106,0.0012002116849883194,1234.0000000000002,0.004804770435162955,0.0012195706935467648,6250.726839189678,0.5601452564684521,0.0
,0.02315024965955515,0.004111547999664504,0.44867617107942975,0.007038114691377926,9.751420789639253e-05,0.0009102818946750627,0.004334316347992335,0.00012437295927877448,1035.4166666666742,0.0008168325671539698,9.751420789639227e-05,15680.83837545125,0.47000302617642614,0.0
,0.08533817521561507,0.014692878200228753,0.49273093267725343,0.009082579807184778,0.001205941716500787,0.0033325100376576703,0.05364903498323908,0.00124836091603754,1153.4166666666677,0.0014511809838813092,0.001205941716500786,9313.971152584434,0.5235663489181419,0.0
,0.12846118928733546,0.03828622549730724,0.5136395430170203,0.009426784024972613,0.0009519004542810638,0.0027049765616447693,0.30497810000586606,0.000847870176517248,1215.333333333334,0.0023102510785143653,0.0009519004542810644,8036.888963425307,0.5516719624754123,0.0
,0.1316386745347254,0.027300400975369215,0.5166510318949343,0.009442878354443527,0.0023668494868670812,0.0042353151423023825,0.17115994117693453,0.002411452488312972,1221.8333333333337,0.003003513106078497,0.0023668494868670916,6758.019631962179,0.5546224844908458,0.0
,0.022696323195642305,0.005361047312888703,0.4415714572058529,0.0070063349447095895,5.1345353183956945e-05,0.000689616987096733,0.007209632945546944,6.197470177522906e-05,1021.9166666666757,0.00043210983071894477,5.134535318395693e-05,17564.962637152348,0.46387501891360267,0.0
,0.021788470267816613,0.0052377729109902085,0.44343800322061194,0.006917576358749514,4.501349150674193e-05,0.0006412113845722476,0.006882602838354971,5.434143849931537e-05,1024.7500000000089,0.0004246768295617309,4.501349150674181e-05,18192.97436662301,0.46516114389468904,0.0
,0.010894235133908307,0.0016135601918109094,0.39283166904422256,0.0052211997142592856,6.153121537177852e-06,0.0004017479426092505,0.0006697358145458718,9.72101385090322e-06,912.0833333333483,0.00015958950922776693,6.153121537177854e-06,20577.906123939705,0.4140187622938417,0.0
,0.027689514298683614,0.0035547787439499834,0.43945741073209654,0.007403338533056414,0.00018095788333461252,0.00136228530814125,0.0032921093849919646,0.00021782151197353452,1021.7500000000092,0.000392983429267282,0.00018095788333461255,14524.15777437899,0.4637993645029505,0.0
,0.023604176123467997,0.004053441764049449,0.4505112474437628,0.007079519757146844,0.00010099114241599421,0.0009411278967286867,0.004223488016027031,0.00012916763807411337,1039.6666666666736,0.0008201606492507493,0.00010099114241599409,15416.343623173929,0.4719322136480557,0.0
,0.13118474807081254,0.038800784165007464,0.5148399158681936,0.009441216971093739,0.001134733427978856,0.002858622457258046,0.31192079000546175,0.0010330517896613713,1219.0000000000005,0.0023658336291646647,0.001134733427978856,7959.139150862146,0.5533363595097595,0.0
,0.05220154334997731,0.01426091368490653,0.48481514084507044,0.008506120815367365,0.0003775966301677038,0.0015660892012267949,0.049780950915527714,0.0003863269034949025,1117.0000000000018,0.0009371669750231763,0.00037759663016770416,12270.647320087895,0.5070358601906492,0.0
,0.018157058556513846,0.0022529617107577902,0.42561823802163834,0.006486783922974878,4.913594171491747e-05,0.0007232526308784248,0.0013150878586475278,6.230930508826146e-05,988.5833333333452,0.00016588744822695892,4.9135941714917475e-05,19121.447003208195,0.4487441367831745,0.0
,0.01407172038129823,0.00324781299034635,0.43136870961425494,0.00589089848597997,2.4803411001436514e-05,0.0004333879523171917,0.0026451613775814757,2.828428309365802e-05,995.8333333333442,0.00019081532471945645,2.480341100143651e-05,23027.52686892551,0.4520351036465426,0.0
,0.03495233772128915,0.006525923338108968,0.4541331684188827,0.007861242292723798,0.0001531682077825949,0.001140730494378407,0.010744303652999266,0.0001779319295456788,1053.58333333334,0.0007333430673278845,0.0001531682077825944,12586.583666545652,0.4782493569375094,0.0
,0.05492510213345438,0.011256584111570364,0.47183551081602054,0.008577811992308122,0.0003223054760368344,0.001642737276364484,0.0314793724886366,0.0003450030970065648,1098.6666666666704,0.0007121916507832757,0.00032230547603683484,12350.356589035142,0.4987138750189136,0.0
,0.05447117566954154,0.014569298742149798,0.48438874230430956,0.008565151639427367,0.0003794160838277492,0.0015887523897248782,0.051886728001633554,0.00038753456470939685,1117.833333333335,0.0009181536640220003,0.0003794160838277492,12104.147452074436,0.5074141322439097,0.0
,0.07943713118474807,0.020772642811196108,0.49561304836895387,0.009017326816367533,0.00035580024384721713,0.00181366043733678,0.10206221735508282,0.0003712596641087444,1153.4166666666667,0.0013794886709479154,0.000355800243847218,9944.443935694784,0.5235663489181419,0.0
,0.05901044030867,0.011435658903362638,0.47376344086021505,0.008662080545492007,0.000978715826527634,0.002640730635896755,0.03306305395007334,0.0011612714228325918,1104.5833333333374,0.000882350939267336,0.000978715826527634,10993.601944448903,0.5013996065970646,0.0
,0.020426690876078075,0.003437888265317284,0.45236139630390143,0.006772073524563014,4.861745160543292e-05,0.0007116869615972874,0.0030250134021501257,5.805879379949238e-05,1039.6666666666736,0.0002418758854430053,4.8617451605432905e-05,22236.091022224915,0.4719322136480557,0.0
,0.013617793917385384,0.0021335129985027273,0.4230843095832533,0.005786433431102996,2.578487248334625e-05,0.0005211958339154378,0.001170558243698918,4.3229879501326845e-05,979.5000000000124,0.00031856880636104557,2.5784872483346237e-05,17318.72753581969,0.4446209714026328,0.0
,0.13708579210167954,0.041955743502659265,0.519452959207734,0.009472910323782745,0.0004984150111396479,0.002378307913473793,0.35417916481090694,0.0004809788973867335,1229.6666666666672,0.004141345159005789,0.0004984150111396489,6589.2277197323565,0.5581782417914964,0.0
,0.019064911484339538,0.0028458535449221826,0.42130426467775867,0.006603684427974199,3.661705211374382e-05,0.0007050452084302184,0.002075450769158582,4.56486662251855e-05,980.0000000000125,0.00014227309209972606,3.661705211374385e-05,20676.29046660964,0.4448479346345892,0.0
,0.16295960054471176,0.04552621457668579,0.5247737017627442,0.009577683861155963,0.0016149712292878773,0.0035555310124089977,0.40294739722756134,0.0015232735096863167,1255.8333333333333,0.0034458244749944974,0.001614971229287878,6728.5961454349,0.5700559842638826,0.0
,0.020426690876078075,0.003500171502005528,0.4537590113285273,0.006771585484132305,6.651229332033113e-05,0.0007342557278503131,0.0031349830322266303,8.055921115818732e-05,1042.0000000000064,0.0002468377782597199,6.651229332033103e-05,22158.097023150924,0.47299137539718566,0.0
,0.017703132092601,0.002449579725845995,0.40653257058497877,0.006428879899144087,2.4669017898246108e-05,0.0006579229957000017,0.0015433530503359265,2.9529632245456684e-05,948.416666666681,0.00012584789923124925,2.466901789824616e-05,21303.777285218686,0.43051142381600843,0.0
,0.019064911484339538,0.0027432336166076147,0.4181059024482824,0.006603501584077852,3.315290397916191e-05,0.0007078751140011618,0.0019317661376196868,4.0744757600802644e-05,973.5000000000133,0.00013954046499602469,3.31529039791619e-05,20680.76562726457,0.4418974126191557,0.0
,0.07762142532909669,0.01980646044799894,0.4974034770828629,0.008992340579978596,0.00046643279479284907,0.0019712474992510756,0.09338003059555708,0.00048432161514868623,1154.666666666667,0.001315608105035217,0.0004664327947928506,10049.90410709526,0.524133756998033,0.0
,0.13436223331820246,0.039398252867997446,0.5171361502347418,0.009458942050409645,0.0007517124687822192,0.0026862515271683456,0.31986457653822814,0.000747504492489741,1224.5000000000002,0.003960513813882358,0.0007517124687822179,6487.165091321693,0.55583295506128,0.0
,0.10394916023604177,0.031068235432783108,0.4960594460707048,0.009263748384040062,0.000327329874420175,0.0019833399469952914,0.21254178471989885,0.00033354083509346325,1172.3333333333342,0.001800881126697394,0.00032732987442017457,8760.150042132387,0.5321531245271599,0.0
,0.15569677712210622,0.04306436641234614,0.516772226131832,0.00954980342231717,0.0009755804021211432,0.003143024564543059,0.3684780047242361,0.0009194611361816396,1239.9166666666674,0.003241891558344241,0.0009755804021211465,6942.0059130734735,0.5628309880466031,0.0
,0.064911484339537,0.013775588816040268,0.4889036839769197,0.008788791758331535,0.00047917608044179433,0.0020743277839324367,0.04663876176922578,0.0005314788380596081,1132.6666666666677,0.0011068193758204845,0.00047917608044179385,10289.680431496392,0.5141473747919504,0.0
,0.1366318656377667,0.04270088869812289,0.517743830787309,0.009470501001500386,0.0006732836661511434,0.0025252841759924234,0.36419046927508886,0.0006810591399952083,1227.0000000000002,0.004419581560990545,0.0006732836661511427,6325.624965632125,0.5569677712210622,0.0
,0.09759418974126192,0.02923625734834946,0.4911928651059086,0.009209881827072918,0.00018242607083743901,0.001604545253422113,0.1905474904687454,0.0001878417015642335,1160.0833333333337,0.002064883854359923,0.00018242607083743882,8244.803250465327,0.5265925253442275,0.0
,0.10576486609169315,0.031893920964421965,0.4946115850920521,0.009278358587065902,0.000248715146076866,0.0018032326245286132,0.22243147952491943,0.0002475865450462011,1171.2500000000005,0.002218443699616177,0.0002487151460768662,8044.160780796541,0.531661370857921,0.0
,0.16659101225601453,0.04731361054206079,0.5252742012398665,0.009588811442583155,0.0010880200925624764,0.0033128601512621364,0.4259862924795791,0.0010007145450864757,1259.166666666667,0.00360882581830639,0.0010880200925624793,6695.05769338011,0.5715690724769255,0.0
,0.17748524738992283,0.048532280334816304,0.5347087378640777,0.009624652285838918,0.001728499877688063,0.003560580265171715,0.44374965834145985,0.0017115144914450766,1279.4999999999998,0.006153620621303486,0.0017284998776880586,5431.1522678805295,0.5807989105764866,0.0
,0.1693145710394916,0.049702814819215665,0.5285508637236085,0.00959914810366291,0.0012282686881182013,0.003525673644080191,0.4589891026280297,0.001124190931402939,1265.4999999999998,0.00344125625306226,0.0012282686881182033,6815.998342794681,0.5744439400817067,0.0
,0.04312301407172038,0.011256028169424163,0.47787418655097613,0.008225790934362235,0.0001097568023773871,0.0010859458337887373,0.031235266153332403,0.00011511674298359656,1099.2500000000036,0.0005867297524969364,0.00010975680237738724,15012.166969365364,0.49897866545619607,0.0
,0.11756695415342715,0.028349653039293207,0.5111368909512761,0.00936276094400371,0.001303299559984791,0.003178845728879486,0.18194837514612677,0.0012807358901296842,1203.916666666667,0.0015593026995867677,0.0013032995599847913,9055.551420270756,0.5464896353457407,0.0
,0.19881979119382662,0.048370750835124016,0.5396864282214601,0.009680276574440538,0.005022103021279825,0.005980644795775885,0.44292767350503587,0.004947794541536759,1301.4999999999993,0.005206274070878201,0.005022103021279815,5680.238033495167,0.5907852927825692,0.0
,0.22605537902859738,0.06241996479780208,0.548692403486924,0.009738237026122592,0.0037045823075800392,0.004982742970001731,0.6213757824797741,0.0036205080981601607,1332.6666666666663,0.007586207315871654,0.0037045823075800453,5017.854768825108,0.6049326675745196,0.0
,0.0758057194734453,0.021580740542675857,0.49450056116722785,0.008968873539146936,0.00020556587216356392,0.0015005496656049588,0.10934329828025514,0.00021715338167484628,1149.000000000001,0.0016613807597301155,0.0002055658721635637,9425.381621900651,0.5215615070358602,0.0
,0.09078529278256922,0.022973734492175775,0.5058553386911596,0.009146978465686566,0.0007350810725293532,0.0024174563518159086,0.12379540614094103,0.0007308711152859698,1176.6666666666667,0.0020650929972648264,0.0007350810725293535,8470.988539614236,0.5341201392041156,0.0
,0.15660463004993191,0.0442893649319445,0.526781444285031,0.009553630174998658,0.00292078426775824,0.0043587194904772565,0.38729749082959286,0.002830792235819712,1253.8333333333328,0.006144987810462952,0.0029207842677582423,5546.441691287738,0.5691481313360569,0.0
,0.09396277802995914,0.027321513144914857,0.493614160878333,0.009178128855049853,0.0002941368599495249,0.001733415331973309,0.16878308455955032,0.00029856058418776827,1161.0000000000014,0.003141828134014245,0.00029413685994952534,7296.885340089264,0.5270086246028144,0.0
,0.10485701316386746,0.02237211534918457,0.5076036866359447,0.009270375259487651,0.0017503980449608775,0.0036478066893731193,0.11861108412193054,0.0018463303187701704,1189.5833333333337,0.0027318623473173214,0.0017503980449608794,7238.617658571753,0.5399833560296565,0.0
,0.12664548343168408,0.03281904188945966,0.5165298944900352,0.009418578619671821,0.0006763459965612058,0.0026267334858503474,0.23577853578971303,0.0006583700802073051,1218.0,0.002677049758835562,0.0006763459965612084,7682.726317433355,0.5528824330458466,0.0
,0.12119836586472992,0.03635708161393743,0.5,0.009384588519270052,0.0006242430958577431,0.002371061414552841,0.27926205684976907,0.0006070520564792099,1190.7500000000002,0.0025929656485496467,0.0006242430958577422,7537.3505669171545,0.5405129369042215,0.0
,0.3368134362233318,0.0670043016331751,0.591727101799624,0.009879426337291514,0.018199858122320913,0.011450526549557557,0.678027239175885,0.017231763249384874,1462.6666666666663,0.014055661251934921,0.018199858122320917,3708.312754613342,0.6639431078831897,0.0
,0.08624602814344076,0.026014507612338537,0.47797786938598397,0.009094988750240922,0.0005464166070990912,0.0019691419247970803,0.1546223006916267,0.0005217048997210652,1131.666666666669,0.0015725980286614427,0.0005464166070990914,9233.033543604293,0.5136934483280375,0.0
,0.10667271901951884,0.03229418913905273,0.5077206729661212,0.00928839063238189,0.0005141069464762112,0.002115223401913007,0.22851995703058622,0.00048545629766633266,1191.0000000000002,0.0019808360787458654,0.0005141069464762107,8640.23186638556,0.5406264185201998,0.0
,0.17476168860644575,0.05281871968564281,0.5338017930700266,0.009616793455461663,0.0008373548165278926,0.0030091821567527557,0.5003738578529476,0.0007991305465347337,1276.333333333333,0.005948034143715439,0.0008373548165278916,5513.9905101893355,0.5793614767740959,0.0
,0.1307308216068997,0.039305140839425545,0.5105446118192353,0.00943841768299881,0.00047974900011302457,0.00240528128058787,0.3178493962319456,0.0004476124039635089,1212.6666666666672,0.0032372555169589427,0.000479749000113024,7100.174014713063,0.5504614919049781,0.0
,0.010894235133908307,0.0021607381567778556,0.4262770897832817,0.005246175897528473,6.6113344077496925e-06,0.00029150548313725363,0.0011727576568380973,8.162825716021893e-06,984.5000000000115,0.0002752579565270885,6.611334407749687e-06,18810.65747260602,0.446890603722197,0.0
,0.194734453018611,0.054223566258270905,0.5343196701430997,0.00966987980718831,0.0022519038238581614,0.0042950785978920535,0.5182634636368346,0.0021447678790324854,1291.6666666666663,0.004866922069276477,0.002251903823858169,5884.797629714303,0.5863216825540929,0.0
,0.18837948252383113,0.05167090847199102,0.5362706913339824,0.009654879372405738,0.002000234898288625,0.004024188285482127,0.4855633263322355,0.0019027889368837978,1289.4999999999995,0.004264661217606829,0.0020002348982886223,6173.89454302704,0.585338175215615,0.0
,0.08669995460735361,0.026116452314750918,0.47653039152065757,0.009100077866068822,0.0005481918281052894,0.0019757309450740145,0.1557316879163765,0.0005257282867911221,1130.0000000000023,0.0015644899691079055,0.0005481918281052908,9230.369938541202,0.5129369042215162,0.0
,0.13390830685428962,0.0382759677930324,0.5171361502347418,0.009457105493743439,0.0007578617497896651,0.0026385799157104726,0.30528613129225235,0.000733380388972697,1224.1666666666667,0.0033550163662458966,0.0007578617497896675,6844.7740476016315,0.5556816462399758,0.0
,0.12029051293690422,0.036280356185835826,0.49988654413433176,0.00937910420159221,0.0005658457188730706,0.00231684051906113,0.2782393763010356,0.000547817186859838,1189.9166666666672,0.0025758321246619675,0.0005658457188730718,7568.416487251582,0.5401346648509608,0.0
,0.05537902859736723,0.014321057389210379,0.4837505489679403,0.008591358517936508,0.00014115727429711772,0.0012682344880203522,0.04999528663427402,0.0001405852341133206,1117.583333333336,0.000720821725534765,0.00014115727429711813,13268.193178307307,0.5073006506279316,0.0
,0.17703132092600998,0.051496379072184795,0.534838553046856,0.009623631768769665,0.0012519072672166531,0.0031622829504389352,0.4833898074889652,0.0012102124882263747,1279.3333333333328,0.008081530803109391,0.0012519072672166577,5041.984437629288,0.5807232561658344,0.0
,0.13390830685428962,0.03986610597355365,0.511611704598235,0.00945476666709812,0.0005298351873722628,0.002491783577184522,0.3253330155717953,0.0005000818443580505,1216.5000000000007,0.0033267704037658816,0.0005298351873722619,7003.686117896698,0.5522015433499773,0.0
,0.09940989559691331,0.030545041784307874,0.500340676811265,0.009227885622360037,0.00047513352552860396,0.00206271145321894,0.2067102283424542,0.0004592804730855738,1175.0833333333342,0.0017938666879217273,0.000475133525528604,8964.778431655774,0.5334014223029202,0.0
,0.11756695415342715,0.0358669408801217,0.4978531073446328,0.009362234972419769,0.00043807198441092707,0.0021168222099785935,0.2727368330790874,0.00041952534453825043,1184.9166666666672,0.0025248352693802586,0.00043807198441092734,7647.660410057511,0.5378650325313966,0.0
,0.15388107126645484,0.04211591979033639,0.5275383141762452,0.009544562825225077,0.0016323739090860487,0.0034189204624808633,0.3573600456218679,0.0016376013109301087,1252.833333333333,0.0052619398796363275,0.0016323739090860518,5803.321135098924,0.5686942048721441,0.0
,0.09623241034952337,0.030392315716468703,0.4891207815275311,0.009199595318039794,0.0001315347279862194,0.0015111909814820312,0.20421592859516147,0.00013216349857108682,1156.0833333333337,0.002203235987418789,0.00013153472798621958,8143.1876099986175,0.5247768194885761,0.0
,0.029959146618247844,0.0038609410047848627,0.45357216388717314,0.007537256716727233,0.00029832081752001526,0.0022052430028120422,0.004099872957019539,0.0003882898372136791,1049.0000000000066,0.0002353168227831412,0.00029832081752001607,18311.901027506876,0.4761688606445756,0.0
,0.165229232864276,0.04829730027481786,0.5280441035474592,0.009584832812766841,0.001484180892937143,0.0035734951342610614,0.43976645920083707,0.0013690473370320982,1261.8333333333333,0.004006458169321403,0.0014841808929371408,6600.549330857696,0.5727795430473597,0.0
,0.10939627780299592,0.03239642836296654,0.49875481095766355,0.009305476380706272,0.00043137561858888667,0.0021770591334065274,0.22889865404378817,0.0004275396196900312,1180.4166666666679,0.001892311414226922,0.0004313756185888862,8553.833905937528,0.5358223634437889,0.0
,0.07762142532909669,0.021012758234605147,0.48966436985996886,0.00899335877937211,0.00023047561992376787,0.0016711529078569957,0.10437089464645001,0.00023628766003560225,1143.0833333333348,0.0012864173077394459,0.00023047561992376776,10163.876997519736,0.5188757754577091,0.0
,0.11938266000907853,0.03607194099179787,0.5013654984069186,0.009373620526869934,0.0006914759705578447,0.002273826397730941,0.27553111250268636,0.0006632581251694606,1191.1666666666674,0.0028489697997373634,0.0006914759705578447,7280.079075718403,0.5407020729308519,0.0
,0.11393554244212438,0.023496497909273373,0.5036579789666209,0.009339091656966265,0.001046542440859105,0.003022562765179342,0.12941527996242025,0.0010654214498578517,1190.5833333333337,0.0021855044453067585,0.0010465424408591056,7878.386652983961,0.5404372824935694,0.0
,0.09033136631865638,0.025395380963782337,0.4986419194205523,0.009143149763461207,0.000537679537594535,0.0020855861860287097,0.14861637086890017,0.0005336638269579901,1165.8333333333337,0.0017467023083347223,0.0005376795375945345,9159.185623401407,0.5292026025117263,0.0
,0.20381298229686792,0.053851697523970385,0.5440849592491973,0.009692811155939781,0.004098070615375962,0.00498908720102051,0.5149052237748549,0.00414100021494231,1310.6666666666665,0.006260123169799475,0.00409807061537594,5286.543149318843,0.594946285368437,0.0
,0.17657739446209714,0.05332196049234274,0.5300769971126083,0.009621413488294983,0.001018598293973023,0.003209752493368747,0.506320816912324,0.0009518449217691319,1272.8333333333328,0.004503418707124464,0.0010185982939730212,6197.990603529033,0.577772734150401,0.0
,0.14026327734906946,0.04061174212113379,0.5200661000944287,0.009487556432885362,0.0007329759347508073,0.002712330887938693,0.336303896733813,0.0007041291422724248,1232.8333333333337,0.003424214353591096,0.0007329759347508059,6840.66325348199,0.5596156755938871,0.0
,0.08851566046300499,0.026623521140290467,0.4783930510314875,0.00911952919631371,0.0006197758429647185,0.0021250582367606688,0.16140496352504916,0.0006033810767557195,1133.9166666666692,0.0016499611333907534,0.000619775842964719,9052.885792611936,0.5147147828718415,0.0
,0.09214707217430776,0.027694419409943986,0.48153005464480875,0.009158653904306438,9.17794637799298e-05,0.0014185494661099315,0.17264708824553,9.453246811594284e-05,1141.8333333333348,0.0018905232120188735,9.177946377992975e-05,8527.44764900247,0.518308367377818,0.0
,0.06945074897866546,0.016303343065138847,0.49031827286890717,0.008870266260063951,0.0004200301628365109,0.0018757104969236884,0.06453166277042391,0.00044993362549461136,1138.1666666666683,0.0011269070808937792,0.0004200301628365112,10556.301164673392,0.5166439703434711,0.0
,0.029051293690422152,0.009116239406899793,0.47052541648868007,0.007530761609544668,2.1860016085102838e-05,0.0005728802746901865,0.02049343749967,2.3572335905045214e-05,1076.9166666666706,0.0007258263734493972,2.186001608510282e-05,15745.378051971436,0.48884097442880925,0.0
,0.09986382206082615,0.029609097864788863,0.4836443468715697,0.009229845021457319,0.00014017698989793009,0.0015811346945089413,0.19481684691399423,0.00014136445915415905,1150.4166666666679,0.0023200930432276134,0.00014017698989793036,7805.2672201203595,0.5222045695264034,0.0
,0.14480254198819792,0.03508780400308325,0.5232779097387174,0.0095067802220685,0.0023179843653686125,0.003637874013435337,0.2650290545435223,0.0024175933577188567,1240.5000000000002,0.002887388467763312,0.002317984365368616,7194.009257716948,0.5630957784838856,0.0
,0.04176123467998184,0.011181800622448465,0.4773564463705309,0.008175330193815618,8.444054831814952e-05,0.0010033467879290428,0.030810968194533363,8.543791801316084e-05,1097.4166666666706,0.0005837081370836642,8.44405483181498e-05,15164.135083695792,0.4981464669390226,0.0
,0.16886064457557876,0.04834077778800866,0.533284918905834,0.009597761679745532,0.0018169256933817054,0.0035278177864129776,0.4411011791770795,0.0017341503821000962,1271.333333333333,0.004670078996834646,0.0018169256933816995,6163.6407826955265,0.5770918444545317,0.0
,0.15115751248297776,0.039883141615163716,0.5247737017627442,0.009532900472105527,0.0017808877501164825,0.004071254687144025,0.3279169839517601,0.0016444140734182841,1247.166666666667,0.003293189003151109,0.0017808877501164833,6994.050995180775,0.5661219549099713,0.0
,0.10122560145256469,0.029950193782905758,0.4836443468715697,0.009241523771563856,0.00015543514478960518,0.0016149449174535733,0.19885851396657667,0.00015543758446617286,1151.8333333333344,0.002344759652834704,0.00015543514478960535,7764.07234805219,0.5228476320169465,0.0
,0.1920108942351339,0.05409633341946786,0.5331558567279767,0.009662921095298716,0.0020769906666027126,0.004238995290307033,0.5165425052651822,0.0019420464294747342,1288.1666666666665,0.004754002428554299,0.0020769906666027117,5954.181571330752,0.584732939930398,0.0
,0.1575124829777576,0.044354402563983916,0.5173790511977454,0.009556567032418176,0.0009185351894248827,0.003140904328650569,0.38584537732318724,0.000855800867512704,1242.2500000000007,0.003340245751705777,0.0009185351894248832,6894.446678173848,0.563890149795733,0.0
,0.05038583749432592,0.013236729467936753,0.47880895457509237,0.008460854494507127,0.00010685653139053466,0.0011043367909712748,0.04278476893936335,0.00011410029281742543,1106.0000000000034,0.001424673564084027,0.00010685653139053453,10429.167824293558,0.5020426690876079,0.0
,0.2796187017703132,0.0685954867199242,0.5695449844881075,0.00982037876770024,0.007265364934511499,0.006445647391033643,0.6919606699820517,0.007119852081943538,1396.4999999999998,0.010556338701520097,0.007265364934511494,4328.4351873402475,0.6339083068542896,0.0
,0.153427144802542,0.039871345841280464,0.5259011697302459,0.009541869257326143,0.001848886803662791,0.004153279329488649,0.3278040628135128,0.0017041924045705149,1250.3333333333335,0.003332493862810316,0.001848886803662791,6947.232931041249,0.5675593887123619,0.0
,0.23104857013163868,0.059979070512342414,0.552407221664995,0.009748143487229367,0.0048284502190066485,0.00528179149752085,0.5931626836462897,0.004702378895563374,1340.833333333333,0.008129925360994116,0.0048284502190066554,4810.45610762487,0.6086397336964745,0.0
,0.10712664548343169,0.03183080402920371,0.4970667870036101,0.009288563103920901,0.0003756973938838038,0.0021226855511058827,0.22191435688738062,0.0003673403522231765,1176.2500000000011,0.0018568651613963217,0.00037569739388380305,8629.719785066576,0.5339310031774852,0.0
,0.09169314571039491,0.02757318173556265,0.48545614808285587,0.009153909293082418,0.00014478382017315273,0.0014836676466812699,0.17136947135265032,0.00015082502695402025,1147.5833333333353,0.002178907739195457,0.00014478382017315297,8043.361657014423,0.520918444545317,0.0
,0.1965501588742624,0.05449406268569448,0.5422101895151366,0.00967582762025683,0.0017694762112023612,0.004027642997743413,0.5229265781023745,0.0016840525755008801,1303.0,0.0058356998433459865,0.001769476211202367,5604.872853810137,0.5914661824784385,0.0
,0.05537902859736723,0.013589683367888397,0.48631346578366447,0.008590554062904219,0.00021071877484611927,0.00143622891072114,0.04525171570014162,0.00022038460412114488,1121.5833333333355,0.0007419242431275891,0.00021071877484611968,13198.1094351843,0.509116356483583,0.0
,0.13118474807081254,0.038712009392975415,0.5079548074706018,0.009440513920234794,0.0005350282234472365,0.0024902659820349254,0.309979583602082,0.0005038041286157669,1209.5833333333337,0.0030180631839274207,0.0005350282234472366,7188.836382251194,0.5490618853079134,0.0
,0.0658193372673627,0.016047938563208984,0.48922940262047526,0.008808291194740567,0.00032251755277647377,0.0016851332270286764,0.06253695811006967,0.000325935199860649,1133.750000000002,0.0008413621352391189,0.0003225175527764736,12175.574530497539,0.5146391284611893,0.0
,0.11393554244212438,0.034351114208133755,0.4969546582449808,0.00933805397107851,0.0006529762793775181,0.0021989116976123923,0.2534473455158742,0.0006367394821444955,1180.7500000000007,0.002656699176831594,0.0006529762793775183,7453.602519472018,0.5359736722650931,0.0
,0.0926009986382206,0.024153782304748357,0.5015938069216758,0.009164938786886366,0.0007129958273188667,0.0023152841325514806,0.13549738312320916,0.0007413679053787876,1171.8333333333333,0.002109777729344722,0.0007129958273188669,8343.059166357642,0.5319261612952034,0.0
,0.060372219700408535,0.01873531043893772,0.4911928651059086,0.008705493607141745,0.0001446936072966786,0.0011668777331899029,0.08365013434664924,0.00014705363570143286,1132.6666666666674,0.0014613121937204106,0.00014469360729667906,10596.904268539123,0.5141473747919504,0.0
,0.08352246935996369,0.0210904914286894,0.4891207815275311,0.009066651936109572,0.0005803591107366872,0.0020848461383976232,0.10550880651250745,0.0005815583695633641,1146.5833333333348,0.0013228529630188897,0.0005803591107366874,9853.878424981976,0.5204645180814041,0.0
,0.06218792555605992,0.01819920698414046,0.48545614808285587,0.008740977947145588,0.00015461075563321812,0.0012910327269879305,0.07900881322842886,0.00015519058585915726,1125.3333333333355,0.00085919139623364,0.00015461075563321817,12434.117856142959,0.5108185807232561,0.0
,0.05628688152519292,0.01847772994597421,0.48534919585811853,0.008615155806193217,6.715025331466138e-05,0.0009885028059027528,0.08132369579724016,6.86416271731346e-05,1120.7500000000018,0.001029915193257594,6.71502533146613e-05,11810.458348000291,0.5087380844303223,0.0
,0.15297321833862915,0.04150205329852594,0.526655510399235,0.00953973058382227,0.0021425780044291645,0.004216241854915653,0.3494377827830877,0.002102981937338583,1250.9999999999998,0.0038091549597711705,0.0021425780044291762,6685.960066637543,0.5678620063549705,0.0
,0.11075805719473446,0.033052931439785584,0.49729119638826186,0.009315529997143255,0.00028733221434990437,0.0019109808655097874,0.2368011184103763,0.00028312618235860063,1178.9166666666667,0.002303344764649801,0.00028733221434990404,7897.09731260692,0.5351414737479195,0.0
,0.0699046754425783,0.02160419134635079,0.493282579489476,0.008880590538133868,0.000148686569188423,0.0013080076352136474,0.10968128198509129,0.00015334003906079333,1142.8333333333342,0.002095155372315975,0.00014868656918842256,9701.521451390861,0.5187622938417309,0.0
,0.07625964593735815,0.01932976127264436,0.4970667870036101,0.008973325942924994,0.0004796946932877082,0.00204238945761216,0.08934152746678713,0.00048455408472396905,1153.1666666666674,0.0017816774006795119,0.0004796946932877086,9092.026242910822,0.5234528673021638,0.0
,0.07444394008170677,0.01741732473177423,0.4919606967396159,0.008946812932251387,0.0004611654505251592,0.0020650403416733725,0.07337416496894138,0.0004833477601786594,1144.3333333333353,0.001293063436313731,0.0004611654505251598,10168.690719651038,0.5194431835376002,0.0
,0.12256014525646845,0.03342549304310091,0.5170147852616757,0.009394680478260477,0.000972486920957802,0.002915913508333602,0.24337669513349786,0.0009479799204911455,1215.7499999999995,0.0029177231429551548,0.0009724869209578027,7519.772080704029,0.5518610985020427,0.0
,0.1965501588742624,0.050661633504374366,0.5387625336268036,0.009675945926349745,0.00230916379660921,0.004159787792937985,0.4726467166968395,0.002272404525955622,1298.6666666666663,0.00594420252243111,0.0023091637966092056,5402.854615974686,0.5894991678014828,0.0
,0.16477530640036314,0.04412367403572685,0.5303322099181512,0.009584214305512238,0.0018514608125190352,0.00364321293968439,0.38462564336165295,0.0018158471504797229,1264.4999999999998,0.006528704066116064,0.0018514608125190298,5410.398774978656,0.5739900136177939,0.0
,0.19064911484339536,0.046202134472528196,0.5404808635917566,0.009660520780488336,0.0034043798038027053,0.00492991231140862,0.41385438004792446,0.0032898931811979983,1296.4999999999995,0.0069301601462306295,0.0034043798038026953,5170.5646259124915,0.588515660463005,0.0
,0.10939627780299592,0.032548673743018564,0.4960594460707048,0.009305636463634257,0.0002747884951891652,0.0018851140210328092,0.23051906400074715,0.0002725237107967202,1176.083333333334,0.002264241279179996,0.0002747884951891652,7942.79739329451,0.533855348766833,0.0
,0.09759418974126192,0.02924411596303844,0.49909379247847757,0.009211787654696437,0.00043971619361443713,0.0020263537809556316,0.19121663443250075,0.00044089056496476317,1172.0000000000005,0.0016520472038509828,0.0004397161936144378,9119.815407159036,0.5320018157058557,0.0
,0.15887426236949614,0.04092505851135758,0.5272857826711345,0.009563593623462069,0.0014514419280351651,0.003426769098960535,0.34142440531490953,0.001420693131190765,1256.1666666666658,0.004068073589218135,0.0014514419280351682,6329.963534467292,0.5702072930851869,0.0
,0.047208352246935995,0.013916716277529346,0.48966436985996886,0.008365459028421417,0.00021532893932820735,0.0011895713043695206,0.047255875029348145,0.00022230802369409508,1120.666666666668,0.0012277976289392701,0.0002153289393282079,11304.210183261126,0.5087002572249962,0.0
,0.04085338175215615,0.013780955894875454,0.47611843527123404,0.008143054881594789,2.0023345013546562e-05,0.0006830987277918924,0.04607468812506319,2.0614424463172296e-05,1095.1666666666697,0.0007660465734753402,2.0023345013546617e-05,13811.175937639378,0.49712513239521866,0.0
,0.12936904221516116,0.03804734350743861,0.5056231351847602,0.009430903727349612,0.0004786740303372323,0.0024267549714127555,0.30116146644936537,0.0004583653366728264,1204.6666666666672,0.003025915354937248,0.00047867403033723333,7204.374200687302,0.5468300801936753,0.0
,0.08397639582387653,0.016696390982576092,0.49064587973273943,0.009072187116352937,0.0006622088337314064,0.0022945114951159304,0.06770132136585452,0.0006795346766223575,1149.6666666666679,0.0013696409723006023,0.0006622088337314075,9040.306786692312,0.5218641246784688,0.0
,0.06082614616432138,0.01864797932299521,0.48771308390524687,0.008714378218752556,0.00019634747267270695,0.0012351582392544484,0.0829369700880188,0.00020233119055743093,1127.7500000000014,0.001447932095268576,0.0001963474726727075,10609.183173550338,0.5119155696777122,0.0
,0.04403086699954607,0.011829878740477714,0.4782891880156318,0.008258897099486354,9.606581762266221e-05,0.0010623049570484139,0.034425716677077244,9.68762823591142e-05,1100.583333333337,0.0006522199636336021,9.606581762266224e-05,14663.55346928898,0.4995839007414132,0.0
,0.08624602814344076,0.02512953998718185,0.47849695916594265,0.009095804341275817,0.00010256922646917683,0.0013693200260629444,0.1445087472443646,0.0001099878597469213,1131.9166666666688,0.0018254408411517327,0.0001025692264691769,8615.543530275268,0.5138069299440158,0.0
,0.07989105764866092,0.02416813108328949,0.4974034770828629,0.009023379416486958,0.00038801514047133483,0.0016300340922134648,0.13517952240428235,0.0004004530157484182,1156.7500000000005,0.002744418532267821,0.0003880151404713352,7744.777227426297,0.5250794371311848,0.0
,0.11257376305038584,0.033298481903333156,0.5002270663033606,0.009327930835303339,0.0005864684279584864,0.0021740812293114344,0.24016488811511155,0.0005285028688790952,1184.5833333333333,0.002702823709176963,0.0005864684279584855,7424.670548026101,0.5377137237100923,0.0
,0.09396277802995914,0.02721677373216526,0.4771496642841672,0.009175970664857537,0.00011682593911448763,0.0015140061133659861,0.16728798960401156,0.00012291981518655764,1135.7500000000027,0.001896281672261489,0.00011682593911448781,8464.83825003243,0.515546981389015,0.0
,0.1112119836586473,0.03273844353475643,0.5001135073779795,0.00931813189835868,0.0006471631172936055,0.0022329428087414496,0.23325420839682212,0.0006008831956397858,1183.3333333333337,0.00278155283360032,0.0006471631172936056,7378.162317379441,0.5371463156302012,0.0
,0.1484339536995007,0.039279516753332085,0.5232779097387174,0.00952180430586146,0.0016888401812739243,0.004008372869858853,0.3198346118658727,0.0015403266297469606,1243.166666666667,0.003261814446146257,0.001688840181273928,7041.913416870789,0.5643062490543199,0.0
,0.10758057194734454,0.032356165339878756,0.4968425800631484,0.00929175093057637,0.0004535809310078823,0.001932863805324582,0.22828323119987193,0.0004134602887355316,1175.8333333333335,0.0033180503294596617,0.00045358093100788274,6858.57639753358,0.5337418671508548,0.0
,0.18656377666817975,0.05428464091319353,0.5362706913339824,0.009650156926691113,0.001524724123022463,0.003829590284126108,0.5196826020897629,0.0014047897680114281,1288.1666666666665,0.003849858859868302,0.0015247241230224656,6496.466010209741,0.584732939930398,0.0
,0.18474807081252836,0.054184550476630254,0.5344492964580301,0.009644814655298307,0.002068567602763503,0.004154264328735479,0.5184791592026277,0.0019452525576901755,1284.4999999999998,0.0038312486972872494,0.0020685676027635044,6521.3915002452,0.5830685428960508,0.0
,0.09532455742169768,0.026195734297155434,0.5042343785763332,0.009192366415895948,0.0004968476531593114,0.0021662097512884257,0.15729830206626544,0.000502674583449892,1177.666666666667,0.001809614619693915,0.0004968476531593111,8961.08771207944,0.5345740656680285,0.0
,0.14934180662732638,0.03541397325331747,0.5261523764031526,0.009524249992146872,0.004879598087109536,0.0054468993857471485,0.27094484497864746,0.0047953279489519,1247.6666666666667,0.0037997253148095178,0.0048795980871095285,6303.459121530694,0.5663489181419277,0.0
,0.09078529278256922,0.027444928383474995,0.48706610656643823,0.009144713868337678,9.451488817920755e-05,0.0013990672688748102,0.16983072413450148,9.900572970889462e-05,1149.4166666666679,0.0018867916654193135,9.451488817920729e-05,8570.854604198426,0.5217506430624905,0.0
,0.09305492510213345,0.02610581473680007,0.500568052715292,0.009170926765319908,0.0003999006559167795,0.00203230150794803,0.1562365282681278,0.0003953966333815797,1170.666666666667,0.0017952952376251905,0.0003999006559167783,9038.131178253789,0.5313965804206385,0.0
,0.08942351339083068,0.02521499375844113,0.499546485260771,0.009133848056887703,0.00034994920616790773,0.001882500335476412,0.14618746813996464,0.00034800927976477453,1166.5833333333337,0.001220409388028072,0.0003499492061679078,10359.681797293631,0.5295430473596611,0.0
,0.09895596913300046,0.030285372311305396,0.5044653079917564,0.009223933216022826,0.0005007653344554765,0.002074796811151978,0.20367376969382534,0.0004917650394845876,1180.666666666667,0.0017844178557640336,0.0005007653344554769,9025.014667995309,0.535935845059767,0.0
,0.16386745347253745,0.04335606347211909,0.5274120181948767,0.009581296839045805,0.0013046966207762778,0.0035050302906805913,0.37420459064728234,0.0012705097595311198,1259.9999999999998,0.003711569167921251,0.0013046966207762769,6557.747972591372,0.5719473445301861,0.0
,0.017703132092601,0.004182543713674188,0.43615125717679665,0.00643842299401739,1.848394352116031e-05,0.0005018664667172586,0.004378639527495839,2.8794488587764528e-05,1008.6666666666766,0.0002835703436660967,1.8483943521160292e-05,17936.272318191637,0.45786049326675743,0.0
,0.0926009986382206,0.02810926296515279,0.4844952716076534,0.00916267330014773,0.00013372563766933735,0.001460529619161775,0.17738926900869084,0.00014163859096957363,1146.7500000000014,0.0019280522806471936,0.00013372563766933702,8471.604429116054,0.5205401724920563,0.0
,0.09623241034952337,0.020146484219481207,0.4967305524239008,0.00919853135539975,0.0009736723864782436,0.0027959295663496178,0.0971178291934737,0.0010152646739953726,1167.416666666667,0.0017759127373174087,0.0009736723864782438,8293.421413589287,0.5299213194129218,0.0
,0.0935088515660463,0.02859800223866009,0.5049278019711207,0.009175846073246896,0.00034008903366529133,0.0018286008444841847,0.18423344564079125,0.0003330163429291757,1177.3333333333335,0.002755571622033591,0.0003400890336652911,8406.353383563439,0.5344227568467241,0.0
,0.01407172038129823,0.002367878107183961,0.44272508038585207,0.005879273951677776,3.675468241498118e-05,0.0006355813358137787,0.001437066043480398,4.452997975760341e-05,1018.833333333342,0.00046533513475793104,3.675468241498114e-05,19990.89976312329,0.46247541231653805,0.0
,0.10712664548343169,0.031647210598938866,0.49405696344471856,0.009288099603270983,0.0004901591660986756,0.002098688315051968,0.21968464351689154,0.0004387293714127269,1171.666666666667,0.002547271378577046,0.0004901591660986759,7582.482582807361,0.5318505068845514,0.0
,0.07489786654561961,0.01899733093272267,0.49317215133199016,0.008954576599921408,0.00042080386405562146,0.001801084655090071,0.08630329010472541,0.0004416265037762442,1146.3333333333342,0.001957095210595333,0.0004208038640556223,8741.92841042633,0.5203510364654259,0.0
,0.05764866091693146,0.0163948504564247,0.4890122086570477,0.008645066486021997,0.00020295698928207568,0.00130457018047144,0.06481432092534202,0.00022246720299637452,1127.4166666666683,0.0018962380331212158,0.00020295698928207546,9151.89208707056,0.5117642608564079,0.0
,0.13799364502950523,0.03450540484234669,0.519452959207734,0.009475625907709636,0.0014739032476514355,0.0034273406656143597,0.25697153488341307,0.0014550211384458513,1230.3333333333337,0.0019209937977496382,0.0014739032476514316,8318.549351890164,0.558480859434105,0.0
,0.1820245120290513,0.052534019189669955,0.5352283770651117,0.00963697744472486,0.002057304348133201,0.003994986023084148,0.4964916359430282,0.001942469647859318,1283.4999999999998,0.004441883567245394,0.002057304348133198,6298.846846399836,0.582614616432138,0.0
,0.14480254198819792,0.04642842807350386,0.5242741551642075,0.009508065550611188,0.0008154166772242171,0.002643176544585309,0.4148866657734918,0.0007801865579691065,1241.833333333333,0.004781823995942617,0.0008154166772242171,6346.70935007635,0.5637010137691028,0.0
,0.09668633681343622,0.02518964499219191,0.5070195627157652,0.00920436826680385,0.0009039874591054912,0.002549762108561381,0.14655979951748344,0.0009357519937948287,1182.6666666666665,0.0018388995009229023,0.0009039874591054908,8722.75597298254,0.5368436979875927,0.0
,0.02088061733999092,0.0037288380794047063,0.45629660314830156,0.0067723669247986866,0.0002826078374172489,0.0016306302407586972,0.003779429330031902,0.00039721156560809987,1047.000000000006,0.00021200188568788576,0.00028260783741724843,21737.109773479468,0.4752610077167499,0.0
,0.09078529278256922,0.02719806721236757,0.48184601924759407,0.009144588661443598,0.00013008217568497775,0.0014630586887249895,0.16712451479612694,0.00013715447488328266,1141.2500000000027,0.002126037591307094,0.00013008217568497767,8103.056417940484,0.5180435769405356,0.0
,0.1230140717203813,0.035648304828576234,0.5085410895660203,0.009395126774679059,0.0007772474163531773,0.0024100835758951522,0.2702067612843983,0.0007590529194747578,1204.166666666667,0.003641184424112635,0.0007772474163531782,6567.918797942637,0.5466031169617189,0.0
,0.07716749886518384,0.016540963606445466,0.4950561797752809,0.008983557002169294,0.000793107377522701,0.0024465414054865163,0.06681183191461663,0.0007594105813281378,1150.8333333333342,0.0012108724379944688,0.0007931073775226996,10063.332998153195,0.5223937055530337,0.0
,0.10894235133908307,0.03265279887948116,0.49977313974591653,0.009302452061715585,0.00039411523380211027,0.0020882127078785027,0.2320417160010655,0.0003840677403056494,1181.3333333333342,0.0018910206764960569,0.00039411523380210864,8587.76431140171,0.5362384627023755,0.0
,0.20290512936904223,0.05790164835589145,0.5423436730674545,0.009690796548767129,0.0023733723975965,0.004176035202088603,0.5664174423917651,0.0022985638536013996,1307.8333333333328,0.007286468793925019,0.0023733723975965064,5179.9906116051325,0.5936601603873506,0.0
,0.20199727644121654,0.05535014650796326,0.5438163416440385,0.009688635416752137,0.0025310311804450317,0.004472400536997284,0.5342618917992163,0.0024351386524339687,1308.9999999999998,0.005972395220070174,0.002531031180445031,5541.762584529214,0.5941897412619156,0.0
,0.09033136631865638,0.02441746099903415,0.5009095043201455,0.009142193156523233,0.0006895800837655488,0.002170741542147022,0.1381450797148647,0.0007109807323902685,1169.3333333333333,0.0019046097252398667,0.0006895800837655492,8578.94016905391,0.5307913451354214,0.0
,0.08851566046300499,0.02475885067969677,0.5023945267958951,0.009124714519476962,0.0003658138299049661,0.0018163405906798811,0.14153926209339374,0.0003640518467095029,1170.0,0.0015093191850649662,0.0003658138299049661,9898.188020414696,0.53109396277803,0.0
,0.09668633681343622,0.02839308239449636,0.4777705486879202,0.009201622892808962,0.0001248581501788016,0.0015521152221297178,0.18065050071811056,0.00012855314663701625,1138.7500000000027,0.001971110965783866,0.00012485815017880197,8351.02253152794,0.5169087607807535,0.0
,0.09714026327734908,0.02939197265034332,0.4911928651059086,0.009206155206379591,0.00013022240256197064,0.0015211013288038214,0.1922718599975555,0.00013120516360708628,1160.4166666666674,0.002007834987085145,0.0001302224025619707,8355.597535804074,0.5267438341655318,0.0
,0.15388107126645484,0.04472633756668036,0.5245238095238095,0.009544715119588184,0.0010732244595757442,0.003037654098230533,0.3918839182521881,0.001045093055231166,1248.8333333333333,0.004169173823434433,0.0010732244595757444,6523.066872476993,0.5668784990164927,0.0
,0.03767589650476623,0.005326655661710475,0.4580993969640258,0.007986086766727555,0.00018719355815004446,0.0017876584852888238,0.007328851610122487,0.00022177061835283355,1062.833333333339,0.00032969791336649837,0.000187193558150045,15151.58842065574,0.48244817672870327,0.0
,0.076713572401271,0.016399943277768253,0.4950561797752809,0.008976982687491917,0.0007878706057458096,0.0024265594888433174,0.0657559592080061,0.0007544795449508814,1150.5000000000005,0.0012002249864019442,0.0007878706057458091,10108.04771601473,0.5222423967317295,0.0
,0.141625056740808,0.04390413080476854,0.5224092957078492,0.009493661823742084,0.0008952415840105472,0.002726802672251063,0.3807064830475424,0.0008664605426328882,1237.0000000000002,0.0040507949044395865,0.0008952415840105475,6673.976484412675,0.5615070358601907,0.0
,0.1625056740807989,0.041274686876578426,0.5308433734939759,0.009576184370461588,0.0022868144171215824,0.003970351260948923,0.34673721246945527,0.002217486572144914,1263.5,0.005913928964755135,0.002286814417121583,5592.963986592792,0.573536087153881,0.0
,0.11892873354516569,0.03372725108974085,0.5145993926652651,0.009373448117795115,0.0008215084583495131,0.00242193674658194,0.24674177052205448,0.0008263682393870989,1209.6666666666667,0.0043059602714309,0.0008215084583495107,6511.422896262855,0.5490997125132395,0.0
,0.1811166591012256,0.0466882273931585,0.5353584447144593,0.009634432995029182,0.0026184491090474275,0.0046856577072982315,0.4198255866169829,0.002444549611684664,1283.0,0.004032409876561836,0.0026184491090474227,6369.397155569686,0.5823876532001816,0.0
,0.10576486609169315,0.0317979092708992,0.49306177260519246,0.009278036938189384,0.0004572573894914449,0.001956821744450882,0.2214490594124025,0.00041144131450776745,1168.833333333334,0.00261522461325756,0.00045725738949144444,7564.104273195724,0.5305643819034649,0.0
,0.08579210167952792,0.02191118163012721,0.5031978072179077,0.009093573985989492,0.0007306069364117393,0.002323272164129828,0.11335110499764425,0.0007169784528796188,1169.25,0.0015909016405998737,0.0007306069364117396,9590.256438940129,0.5307535179300953,0.0
,0.15615070358601907,0.044044605964417456,0.5285508637236085,0.00955354468501062,0.0015131936451962058,0.0033599085509976785,0.3830039758882045,0.0015933950796177044,1255.8333333333333,0.005481063375824523,0.001513193645196209,5791.502085269158,0.5700559842638826,0.0
,0.21516114389468907,0.05067184260093593,0.5488290981564524,0.00971704050534091,0.004952273768726944,0.005690946698946418,0.4740618359397428,0.004832205170730274,1324.8333333333333,0.005760267553299785,0.004952273768726958,5370.849254855781,0.601376910273869,0.0
,0.03495233772128915,0.005641019855612517,0.4546955624355005,0.007856863086368406,0.0001353032587821409,0.0015820787968764975,0.00814386830233983,0.00016021180012633704,1054.9166666666733,0.0003167288604591078,0.00013530325878214082,15800.93466720641,0.47885459222272664,0.0
,0.11892873354516569,0.036546641354743045,0.5028532298561972,0.00937163401640309,0.0002679649330816828,0.0019311014552278604,0.28134894653654113,0.00026636950485153387,1193.1666666666667,0.0042955253112417265,0.0002679649330816827,6442.621218677327,0.5416099258586776,0.0
,0.06354970494779846,0.01632191675061044,0.49053662881318194,0.008767027399640097,0.00023964520048724657,0.001521330719498822,0.0644989862535554,0.00024033869705170183,1134.0833333333348,0.0008353698825950482,0.00023964520048724635,12417.645804594375,0.5147904372824935,0.0
,0.0817067635043123,0.016219948907997484,0.49472265888165284,0.009042577652648272,0.0006693184006361498,0.002686060517157665,0.06425539229846904,0.0007103969286433826,1153.6666666666672,0.001976067144421672,0.0006693184006361506,8491.204867504079,0.5236798305341201,0.0
,0.09487063095778484,0.027868988044723517,0.4819514329468388,0.009184461274853667,0.0001335463142896604,0.0015315874924828608,0.1746793325620904,0.0001380882136222128,1144.5000000000016,0.0019407001739733228,0.00013354631428966053,8385.163147034764,0.5195188379482524,0.0
,0.09487063095778484,0.02890096515184124,0.48922940262047526,0.009184757501063883,0.00015070158652582486,0.0015047063405245005,0.18654751333629124,0.00015479081662330766,1156.000000000001,0.0019895073726318435,0.00015070158652582486,8383.029579887701,0.5247389922832502,0.0
,0.07444394008170677,0.021546345559137505,0.499546485260771,0.008946775441584877,0.0014813522150117719,0.0022987468791322557,0.11025270632645896,0.0014257594100737484,1155.5000000000002,0.0017114326666045202,0.0014813522150117751,9760.488051356946,0.5245120290512937,0.0
,0.09033136631865638,0.02882690113034871,0.48481514084507044,0.009141994853996435,0.00010718152175043584,0.0013932379228748003,0.1857288621663422,0.00010853271380424366,1145.583333333334,0.0020682000389137646,0.00010718152175043595,8370.194404508538,0.5200105916174913,0.0
,0.082614616432138,0.02128408378045614,0.4978531073446328,0.009055690496985873,0.0005798187559215768,0.0021329321748200345,0.10697904632431882,0.0006172376079097641,1159.0,0.001874841183449401,0.0005798187559215759,8854.990372911787,0.5261007716749887,0.0
,0.09078529278256922,0.028276112267175073,0.49819086386250566,0.009148544990011309,0.0002469189787405579,0.0017187034071423912,0.18014747635148168,0.00024282767459553372,1165.5000000000002,0.0016255416607935818,0.00024691897874055843,9441.677892424243,0.5290512936904221,0.0
,0.10349523377212892,0.0318001109917761,0.5017080391710317,0.009261095880421134,0.0002162710129172202,0.0016581722025523732,0.22132078676236386,0.00021143697601272158,1180.0000000000005,0.0022274708233833264,0.00021627101291721995,8096.504171911658,0.5356332274171585,0.0
,0.16749886518384022,0.04669074231253901,0.5264038231780167,0.009591786280262986,0.00138383895320009,0.0034692095061089577,0.4177044150803456,0.0013185836257182083,1261.3333333333335,0.0035563341347700744,0.0013838389532000916,6701.359350380152,0.5725525798154032,0.0
,0.1643213799364503,0.04930352506728097,0.5277910876856732,0.009582551353650182,0.0009960058102505838,0.003338350431745669,0.4535331817800062,0.000901127749949938,1260.833333333333,0.003368287742193442,0.0009960058102505822,6915.140510732842,0.5723256165834468,0.0
,0.13436223331820246,0.03339491220009407,0.5196980419910356,0.00945779053331961,0.0015555043484133824,0.003469818492683492,0.2429987597874675,0.0015256264347844432,1228.0000000000005,0.0018682848667563104,0.0015555043484133855,8456.519782809837,0.5574216976849751,0.0
,0.061280072628234226,0.018981374548956344,0.4921805183199285,0.008723199885996874,0.00024816187165830115,0.001372053129066206,0.08580548921442528,0.0002661060966630483,1134.8333333333348,0.0019924876355633197,0.00024816187165830055,9604.158593615775,0.5151308821304281,0.0
,0.0935088515660463,0.027745956864614788,0.4810043668122271,0.009171773309376805,9.62185723244202e-05,0.001452845490494108,0.17323577294199327,9.858789185326166e-05,1142.0000000000014,0.0019160779887748866,9.621857232442035e-05,8450.071996546192,0.5183840217884703,0.0
,0.08079891057648661,0.02436066023992364,0.49317215133199016,0.009035906338230967,0.00013085602929025858,0.001447712659210379,0.13705226605452353,0.00012916886713870265,1150.6666666666674,0.0010933421955902625,0.00013085602929025896,11205.018681378908,0.5223180511423816,0.0
,0.09668633681343622,0.028289700778832468,0.4773564463705309,0.009201612115085186,0.00012733677030716465,0.0015557327051199438,0.1794617935819145,0.00013117228907952815,1138.083333333336,0.00196252031244746,0.00012733677030716455,8358.630305352208,0.5166061431381449,0.0
,0.1289151157512483,0.03748852739528497,0.5149602618045815,0.009429732072220684,0.0008618300028245832,0.0027210531365494403,0.29448208168998635,0.0008449966740493783,1217.5000000000007,0.002783076815527495,0.0008618300028245835,7443.232018411437,0.5526554698138901,0.0
,0.1366318656377667,0.037103802413127884,0.519452959207734,0.009469743260041824,0.001345670339290727,0.003151444275530999,0.29022976702147596,0.0013285542231471891,1229.3333333333337,0.004787375748104139,0.001345670339290722,6039.002640718864,0.5580269329701921,0.0
,0.11529732183386292,0.035584953024324115,0.5066697332106715,0.009347094770470783,0.00048808519109769065,0.002113912652769435,0.26920874280865636,0.00047192982254538543,1195.8333333333337,0.0029135022364314245,0.00048808519109769076,7275.834023474577,0.5428203964291117,0.0
,0.08216068996822515,0.022855004442311495,0.49988654413433176,0.009052235541840214,0.0002520577026281657,0.0017077796196647416,0.12194538663365197,0.00025358474747676755,1161.9166666666667,0.0014119745147796172,0.0002520577026281655,10243.854582264683,0.5274247238614012,0.0
,0.1257376305038584,0.04047264075169371,0.5138791695824586,0.00941369727719283,0.00038250666496635185,0.0021462014823884984,0.33405242798869983,0.0003681623158180059,1213.666666666667,0.003610869425056358,0.0003825066649663528,7026.356899866246,0.5509154183688909,0.0
,0.08896958692691784,0.020749525426965086,0.5056231351847602,0.009127279479311391,0.0008707337671115968,0.002674260647812512,0.10233986640337679,0.0009136067223789508,1175.0,0.0021838407746675556,0.0008707337671115957,7992.535437475239,0.5333635950975942,0.0
,0.10985020426690877,0.03453714586782962,0.5046964490263459,0.009309623991829052,0.0002616334441602576,0.0017727635711896476,0.25554665324686776,0.0002490445932695913,1189.0000000000002,0.002793881532983274,0.00026163344416025756,7426.344221204081,0.5397185655923741,0.0
,0.1625056740807989,0.05062291344176555,0.5277910876856732,0.00957694199232393,0.0007373673790663592,0.002808461969239536,0.4711852266403818,0.0007064657339718298,1259.4999999999998,0.004160640395848639,0.0007373673790663594,6411.76844955356,0.5717203812982297,0.0
,0.0876078075351793,0.02544845296142427,0.48016564952048824,0.009110896277580077,0.000142536119826745,0.0014202652613927828,0.14794437408975775,0.00015063043956084168,1135.5833333333353,0.001844518949067455,0.00014253611982674525,8571.05589949764,0.5154713269783628,0.0
,0.165229232864276,0.04379083074081316,0.5326402321083172,0.009585891807908632,0.0016423871386340187,0.003512463210522094,0.3799396020511617,0.0016396446648223079,1267.833333333333,0.006079962902407097,0.0016423871386340196,5456.068640182395,0.5755031018308367,0.0
,0.106218792555606,0.0328200070268586,0.5002270663033606,0.00928212033567829,0.00025537365958644014,0.0017371316447737167,0.2339056719557863,0.00025049583892189765,1179.8333333333337,0.0032372807344167,0.00025537365958644084,6922.215980380489,0.5355575730065062,0.0
,0.18928733545165682,0.05543118358950205,0.535879348090489,0.009656878413498174,0.0019057832349075683,0.0037145194307269948,0.5340906902197617,0.0017995433130175262,1289.6666666666658,0.004750700077549199,0.0019057832349075655,6024.134815135569,0.5854138296262672,0.0
,0.19700408533817523,0.05638238119711575,0.5415437561455261,0.009676795890260456,0.0016342317810185195,0.003808178549221394,0.5467238310757854,0.001551151826395707,1302.4999999999995,0.006003175329595238,0.0016342317810185197,5603.3269450886255,0.591239219246482,0.0
,0.17249205628688152,0.05285635500563036,0.5345789856830866,0.009609635464384182,0.0015170728255343188,0.003383988595611091,0.5011630679103038,0.001445840609778414,1275.666666666666,0.00570157864255315,0.0015170728255343212,5811.583221938357,0.5790588591314874,0.0
,0.09714026327734908,0.029748627318051408,0.4950561797752809,0.009206025920917196,0.00017381327583553108,0.001564314972562516,0.19658539326054683,0.00017250530991137054,1165.916666666667,0.002100437273976679,0.00017381327583553091,8271.212368262391,0.5292404297170525,0.0
,0.09078529278256922,0.028163980078969825,0.49988654413433176,0.00914849208040038,0.00027438969351443993,0.001739623326160955,0.17887086945723976,0.0002746439636697701,1168.0000000000002,0.0016186523017925085,0.00027438969351444167,9447.917632051942,0.5301861098502043,0.0
,0.0463004993191103,0.007086553661895219,0.4635942760942761,0.008321239190492834,0.00033033137080305114,0.0021181040562659663,0.012849239000851814,0.00037701574997047366,1078.1666666666722,0.00041906852332612845,0.00033033137080305065,13721.01936411508,0.4894083825087003,0.0
,0.10485701316386746,0.02746240535512295,0.5064367816091954,0.00927439850494551,0.0005189475816829127,0.0021206920037234087,0.17116961928749838,0.0005338613488637285,1187.8333333333337,0.0027884870911345605,0.0005189475816829124,7442.173205172364,0.539188984717809,0.0
,0.24285065819337268,0.06531979601114521,0.5564536499115939,0.009768090295584182,0.0024440721960493823,0.0046395648746802715,0.6551520541121778,0.0022920923109851026,1354.333333333333,0.007207535134487198,0.002444072196049376,5047.136916664619,0.6147677409592979,0.0
,0.08579210167952792,0.027283655386938,0.4876051350154936,0.009091684609127052,0.000140291217816751,0.0013848305460391615,0.16812079003106056,0.0001543977594589798,1146.3333333333348,0.00203878692696285,0.00014029121781675057,8412.065228927013,0.5203510364654259,0.0
,0.08851566046300499,0.026852277513933185,0.4819514329468388,0.009119550416357836,0.0006836146837577907,0.002129951463112242,0.16396371184418806,0.0006722064418728216,1139.750000000002,0.001632459230158795,0.0006836146837577911,9119.069311493457,0.5173626872446664,0.0
,0.3454380390376759,0.06594259608071837,0.5922043010752688,0.009886422822165647,0.02333636738117806,0.013584047697820196,0.6675634958169943,0.022275021830776922,1469.4999999999993,0.011659479761010902,0.023336367381178055,3970.2804409641467,0.6670449387199274,0.0
,0.15615070358601907,0.03989077490629673,0.5185969868173258,0.009551826529296861,0.0020231703078829356,0.003758115098060961,0.32661469920865044,0.002088475905026377,1242.5000000000002,0.004693347089515162,0.002023170307882927,5894.448642311148,0.5640036314117113,0.0
,0.09033136631865638,0.0249840504718228,0.5064367816091954,0.009143437160451484,0.0007040668114845047,0.002167989750037923,0.1441907715356309,0.0007263143297945232,1177.1666666666672,0.0024887169559980548,0.0007040668114845029,8270.012541213084,0.5343471024360721,0.0
,0.08306854289605084,0.02151433561871401,0.4910833704859563,0.009061234715904311,0.0005977307542019988,0.0020941150076328684,0.10950016345091199,0.0006198393848058586,1149.250000000001,0.0013331248740228515,0.0005977307542020011,9902.147204942597,0.5216749886518384,0.0
,0.18928733545165682,0.050820406342707077,0.5357490272373541,0.009656128641066046,0.002833167003872322,0.0046221052514483765,0.47398271298000555,0.00267425394191815,1289.4999999999998,0.005134637260057549,0.002833167003872331,5796.499111224049,0.585338175215615,0.0
,0.11575124829777576,0.033681458858696146,0.5124447545940917,0.00935315402861101,0.0004294449509838216,0.0021818982131653368,0.24599867580438423,0.00042529886750441943,1204.3333333333337,0.0031785130401049168,0.000429444950983822,7507.090034786824,0.546678771372371,0.0
,0.09396277802995914,0.0285113824066308,0.489991103202847,0.009176377833496835,0.00010968295733638585,0.0014545139342158136,0.1820079300891704,0.00011242345453133617,1156.250000000001,0.0019533670371887704,0.00010968295733638571,8455.01310988605,0.5248524738992283,0.0
,0.10394916023604177,0.03209760705827609,0.5023945267958951,0.009264884968962744,0.00024193315775474913,0.0016775565489399779,0.22501358869380245,0.00023538602727134021,1181.3333333333337,0.002258859559651709,0.0002419331577547488,8078.203888510736,0.5362384627023755,0.0
,0.0926009986382206,0.026299275303175995,0.505043558000917,0.009166289882477686,0.0004609652777094523,0.002005547406558736,0.15813405964860805,0.0004543592127575103,1176.8333333333342,0.0013189599674013547,0.0004609652777094525,10181.931857224814,0.5341957936147677,0.0
,0.12256014525646845,0.033644554583719274,0.516772226131832,0.00939433435722458,0.0010427444670656342,0.003014608436934131,0.2462604796983687,0.001024482739391036,1215.4166666666665,0.002916019206367922,0.0010427444670656327,7526.6955089458825,0.5517097896807385,0.0
,0.16023604176123468,0.032877381705841015,0.5229052931402801,0.009567226252537099,0.002943338897873172,0.004687621266657231,0.23796279599287437,0.002925719409549707,1251.4166666666665,0.0026231778022604347,0.0029433388978731753,7084.214119762891,0.5680511423816009,0.0
,0.09668633681343622,0.028996794058720337,0.49042742653606414,0.009201603548630853,0.00017530476134320123,0.0015847435627035034,0.1877425335982374,0.00018137048085471177,1158.333333333334,0.0020357981248652155,0.00017530476134320117,8286.707468296918,0.5257981540323801,0.0
,0.05855651384475715,0.01711194264373017,0.48706610656643823,0.008665899560858099,0.00014484247987876236,0.0011727541294581842,0.0701755668687386,0.00015296575371716246,1125.0000000000018,0.002163463952876323,0.00014484247987876239,8805.951043044508,0.5106672719019519,0.0
,0.0876078075351793,0.024082883901704797,0.5027384755819261,0.009113806354933215,0.0007996533418211906,0.00218341571550661,0.13496084585868803,0.000782409256060471,1169.9166666666667,0.0020298302994721847,0.000799653341821191,8819.441122424663,0.5310561355727039,0.0
,0.153427144802542,0.04615954624579105,0.525023832221163,0.009543362807981714,0.0006593418568853723,0.0026370597175088316,0.4110684646710869,0.0006349722146064725,1249.166666666667,0.005816331665526923,0.000659341856885371,5825.923007033832,0.567029807837797,0.0
,0.14798002723558784,0.04234606436486759,0.5215435606060606,0.009520746816605008,0.0009600767339204594,0.003051680753085629,0.35971339218491966,0.0009371559555411564,1240.4999999999993,0.004957151480344377,0.0009600767339204602,6011.99718545026,0.5630957784838856,0.0
,0.06808896958692692,0.0171895433766318,0.49053662881318194,0.00884823898656707,0.00030509381566648774,0.0016604948248849238,0.07132049399549738,0.00030250822041957154,1137.4166666666683,0.0008927838696140131,0.0003050938156664878,11973.444438488701,0.5163035254955364,0.0
,0.15297321833862915,0.03930130018708019,0.5248987371932332,0.009540641295179328,0.002093298508508731,0.003829967679475425,0.32027001337488437,0.0020318809881204295,1248.6666666666667,0.0051745787493947685,0.002093298508508737,5957.62307498669,0.5668028446058405,0.0
,0.08216068996822515,0.02211488633537736,0.5023945267958951,0.009052204184202706,0.0002835895055408765,0.0017483011118923648,0.11475733331857627,0.00028526815556341597,1165.3333333333333,0.0013815849548238282,0.00028358950554087706,10290.010018663374,0.52897563927977,0.0
,0.1457103949160236,0.046985365490656954,0.5209269330811066,0.009512120367787728,0.00044377514947785765,0.0023990038455247937,0.4221051073037277,0.0004271062763674881,1238.0,0.003710760569604954,0.00044377514947785716,6759.6020964275485,0.5619609623241035,0.0
,0.18747162959600544,0.04959371358703758,0.5338017930700266,0.00965109313304887,0.0029001878707847067,0.004687706237187506,0.45758276746006465,0.0028033992813024156,1285.6666666666665,0.005068608681391115,0.0029001878707847085,5797.0857171612315,0.5835981237706158,0.0
,0.19518837948252385,0.05491387533895928,0.5352283770651117,0.009671026649386629,0.0021046230821448074,0.004235751111484853,0.5271527291829772,0.0019681953569487152,1293.1666666666665,0.004854268461771288,0.0021046230821448117,5904.667717818575,0.5870025722499622,0.0
,0.10758057194734454,0.02896639225627189,0.5071362799263351,0.009295331243992427,0.0003897893729462621,0.0021083738767928356,0.1887840326426266,0.00038822498204901156,1190.8333333333333,0.0024344480886929116,0.00038978937294626245,8210.852317764686,0.5405507641095475,0.0
,0.1307308216068997,0.03710676049571933,0.5143590940929256,0.009439226706320265,0.0010686985357733455,0.0028921511963951193,0.28957368267617,0.0010720225707263672,1218.0000000000005,0.0027936976816181165,0.0010686985357733466,7422.145274092874,0.5528824330458466,0.0
,0.016795279164775308,0.0034900815204557526,0.4515269522443124,0.006261243299024759,0.00022001529634691996,0.0013220351557639307,0.0033045908315320993,0.0003003937661251009,1035.5833333333405,0.00021132845215229222,0.00022001529634692028,23891.15939202805,0.4700786805870782,0.0
,0.08624602814344076,0.023180630774483426,0.5015938069216758,0.009099450556047212,0.0003797169462361745,0.0019221139505189518,0.12538239480571597,0.0003859808336792608,1167.1666666666665,0.0014797275358860314,0.00037971694623617394,9976.314371777205,0.5298078377969436,0.0
,0.047208352246935995,0.012649733492480834,0.4833260201842914,0.008365274744444746,0.00014728841987098767,0.0011541726668102986,0.039282145525223584,0.00014970409063227825,1110.9166666666695,0.0006466369044884923,0.00014728841987098764,14304.869843296921,0.504274474201846,0.0
,0.1398093508851566,0.03689494360605797,0.5232779097387174,0.00948484622007508,0.001444510035557331,0.003429695724556478,0.2883291599902749,0.0014078110172552226,1236.8333333333328,0.003265534747122897,0.0014445100355573253,7089.972590007296,0.5614313814495385,0.0
,0.055832955061280075,0.014003806142477966,0.48652826855123676,0.00860149898138883,0.00019880953890422202,0.0014070948716832122,0.04794572678512691,0.00020275737644301684,1122.2500000000023,0.0007164822139899357,0.00019880953890422193,13262.862697599237,0.5094189741261915,0.0
,0.05220154334997731,0.0109090613262508,0.4739672977624785,0.008504832905607627,0.00028750885119355587,0.00169522116148982,0.029537759987482818,0.00031988215044278666,1099.7500000000039,0.000907560465027656,0.00028750885119355587,11391.28622057238,0.4992056286881525,0.0
,0.11847480708125284,0.034189646249943695,0.5131609597018402,0.009370183825175444,0.0007104866808574153,0.0024285356907134993,0.2523304283763089,0.0006834723228968155,1207.3333333333335,0.0027633574799210523,0.0007104866808574153,7504.5119926175275,0.5480405507641095,0.0
,0.13436223331820246,0.03897639407765032,0.5052752293577981,0.009456785436832914,0.0006065803607845293,0.0026085519182644005,0.3135469124311103,0.0005817118817345241,1207.833333333334,0.0030742302402756803,0.0006065803607845281,7103.871643905555,0.548267513996066,0.0
,0.10122560145256469,0.029992403797834966,0.49988654413433176,0.00924332577119973,0.000593991983060625,0.002216355702556937,0.20020921518488266,0.000587257193936316,1175.750000000001,0.0017294098887833656,0.0005939919830606242,8969.555923985808,0.5337040399455288,0.0
,0.15569677712210622,0.042302541716772,0.5284240825137922,0.009551099606794589,0.0024585989043652543,0.0038967847694530394,0.3605420625844549,0.0024352850352857276,1255.333333333333,0.0054458012855031,0.002458598904365252,5790.838579109072,0.5698290210319261,0.0
,0.06945074897866546,0.01868403502611262,0.4891207815275311,0.008872485353044713,0.00012017671808124703,0.0013007970027541483,0.08327306618735279,0.00012433345967021947,1136.166666666668,0.001981520836924553,0.00012017671808124712,8791.807622073333,0.5157361174156454,0.0
,0.08533817521561507,0.02504354462036764,0.499546485260771,0.009089326208735643,0.00033301809565593047,0.0018708937440042323,0.14445265600415985,0.0003368846498145717,1163.5000000000002,0.001738485600358432,0.00033301809565593145,9236.502699049583,0.5281434407625964,0.0
,0.07399001361779392,0.02092742096254384,0.4926207513416816,0.008942881266256749,0.00018245313198267371,0.0014450291653301216,0.10316868087949478,0.00019148465443448836,1144.8333333333342,0.0016122334365402569,0.0001824531319826736,9525.533611027295,0.5196701467695566,0.0
,0.05174761688606446,0.014122594104381105,0.4902091677792612,0.00849769831808355,0.00022881116962396991,0.0013156345843563777,0.0486590035396401,0.00024896801412226094,1124.8333333333348,0.0013382951392930586,0.0002288111696239698,10546.177345261203,0.5105916174912997,0.0
,0.18928733545165682,0.05080134161683819,0.537841796875,0.009657549371698274,0.0019770057512565123,0.003889484767894414,0.4746040455256846,0.0018821704036408999,1292.166666666666,0.008470163213452647,0.001977005751256518,4894.587399111583,0.5865486457860494,0.0
,0.1053109396277803,0.03220214470142912,0.5022799817601459,0.009275588523286287,0.00024330526361197028,0.001708353052966593,0.22628952948797407,0.00023516604892209452,1182.1666666666672,0.0022634028555155034,0.00024330526361197028,8040.385692439438,0.5366167347556363,0.0
,0.3109396277802996,0.07027313024566934,0.5837307896131425,0.009855212686915651,0.015141343972060671,0.009400523029168356,0.7113055282686304,0.014449845306610459,1435.1666666666665,0.04373935357289726,0.015141343972060614,2329.1683578739835,0.6514601301255863,0.0
,0.24648206990467544,0.06564554942272635,0.5574392712550608,0.009773873499246946,0.002871463113345606,0.004838599196302428,0.658899617073293,0.0027186021395538946,1358.1666666666663,0.007247066506772033,0.0028714631133455975,5026.043202665148,0.6165077924042972,0.0
,0.13300045392646392,0.03693294420496228,0.5209269330811066,0.009451828450229651,0.0014214538756891504,0.0029809871564260237,0.28818507618697103,0.0013724010128601614,1228.6666666666674,0.00515722476783667,0.0014214538756891484,5926.908391594022,0.5577243153275836,0.0
,0.049024058102587385,0.015935069643597585,0.4810043668122271,0.008423494166433414,4.593752981981586e-05,0.0008629788486230211,0.06114958465558983,4.702618290575096e-05,1108.583333333336,0.0008780897272852627,4.5937529819815886e-05,12716.954496226348,0.503215312452716,0.0
,0.12346799818429414,0.033923900507724064,0.5145993926652651,0.0094007766120477,0.0007263144512750142,0.002520782472815823,0.24919295705457412,0.00073590589081816,1212.9999999999995,0.003076092499627349,0.0007263144512750154,7080.120642696972,0.5506128007262824,0.0
,0.08715388107126645,0.025484899178949267,0.48047982551799345,0.009106096094481583,0.00015237478356933888,0.0014085754351758069,0.14833138999577267,0.00016088454044899805,1135.750000000002,0.0018491395913079983,0.000152374783569339,8588.472455189718,0.515546981389015,0.0
,0.13300045392646392,0.04111219036545376,0.5160459123916609,0.009452368617892884,0.0005310164173889122,0.0023053844664917694,0.3425798133376787,0.0005211192706417356,1222.0000000000005,0.003960913519966285,0.0005310164173889121,6584.829381742709,0.554698138901498,0.0
,0.153427144802542,0.04226224966342354,0.5253994753160028,0.009543088756685197,0.0010784774967915215,0.0030605713474345453,0.3587100612900114,0.001051205856338512,1249.6666666666672,0.0044281482414443634,0.0010784774967915233,6151.117976577702,0.5672567710697534,0.0
,0.05764866091693146,0.0188660376453213,0.48631346578366447,0.008646639549402696,5.688215601916786e-05,0.000993157875879821,0.08460895658092778,5.749139055708098e-05,1123.2500000000018,0.0010264634685741684,5.688215601916791e-05,11783.048382846806,0.5098729005901044,0.0
,0.09396277802995914,0.02592095997211206,0.5095998149433264,0.009180041990495215,0.0004270733902434122,0.0020153249119228794,0.15414341467399006,0.00043213384773689307,1184.3333333333333,0.0016650258429485871,0.00042707339024341303,9563.255112579649,0.5376002420941141,0.0
,0.13436223331820246,0.04022710134248165,0.5147196261682243,0.009458831597202604,0.00042655530457328967,0.0023226936424395714,0.33044152294679424,0.0004209113792675508,1221.3333333333337,0.004242223730487564,0.00042655530457328896,6382.249865473747,0.5543955212588894,0.0
,0.14434861552428507,0.03811993145450501,0.5222854433380749,0.009505734438852513,0.0012456441047455345,0.003196029370957929,0.3040955792456184,0.0012194953953711218,1238.8333333333335,0.0037241994100152206,0.001245644104745532,6808.359554373665,0.5623392343773642,0.0
,0.09396277802995914,0.028593957663815953,0.4867432611577552,0.009176012080069284,0.00013992513847114172,0.001484526960974515,0.18297583819026697,0.00014398866602984746,1151.5000000000014,0.001978672192724218,0.00013992513847114175,8400.223604914474,0.5226963231956423,0.0
,0.1484339536995007,0.04409420304963115,0.5200661000944287,0.009522973479981555,0.000738311930050977,0.0027287074671431917,0.38277015204694764,0.0007169955744279679,1238.8333333333335,0.0040663913536704765,0.0007383119300509775,6549.630597358342,0.5623392343773642,0.0
,0.16749886518384022,0.04932315232588699,0.5281707024694318,0.009593209367197233,0.001174659728646782,0.0034862298900463556,0.4538902738247344,0.0010698664875655314,1263.6666666666663,0.003407548083607001,0.0011746597286467833,6849.960845093595,0.5736117415645332,0.0
,0.10758057194734454,0.030372200707535452,0.5122064636131133,0.009295179851409202,0.0006546153512229484,0.0024348830882972464,0.20543135726304074,0.0006569346173685192,1197.9999999999998,0.002091945435933807,0.0006546153512229484,8448.489868305574,0.5438039037675897,0.0
,0.10712664548343169,0.027586985369576107,0.5099537037037037,0.009291333223336324,0.0009583959228059167,0.002671707073692194,0.17319551761006444,0.0009717980300750015,1194.5000000000002,0.003533249024228276,0.0009583959228059169,6823.539022232972,0.5422151611438947,0.0
,0.12029051293690422,0.031224816424306984,0.5142390289449112,0.00938150544909019,0.0006250956502182231,0.002472520506010197,0.2160503751788322,0.0006066876768210971,1210.1666666666667,0.002555832428811673,0.0006250956502182206,7859.534470028233,0.549326675745196,0.0
,0.06173399909214707,0.01610073889183976,0.4882535460992908,0.008730571480987775,0.0002814154764043551,0.0015380607150323512,0.06274317291856712,0.0003087746867367041,1129.2500000000016,0.0019816242452914035,0.00028141547640435545,8776.05987713846,0.5125964593735814,0.0
,0.11166591012256015,0.03355210633395613,0.5049278019711207,0.009322265795635505,0.00048254859530554717,0.0020545155422091975,0.24327896993484172,0.0005012430795701677,1190.75,0.0033574093577583867,0.0004825485953055466,6815.508817063455,0.5405129369042215,0.0
,0.17339990921470722,0.050808391716936865,0.5318686624818928,0.009611389820901428,0.0017187851955356326,0.0037825551561912374,0.4735049937928347,0.0015990562475159075,1272.833333333333,0.00423149773733056,0.0017187851955356335,6451.6105509641075,0.577772734150401,0.0
,0.05946436677258284,0.01523818397461759,0.4891207815275311,0.008684076662509893,0.0002810691461225737,0.0015628042290631416,0.0564876610035672,0.0002998751798460355,1128.9166666666674,0.001976688300873544,0.00028106914612257346,9048.774088472874,0.5124451505522772,0.0
,0.24330458465728552,0.0628369026563528,0.5571573090541224,0.009768789514666682,0.004981124386363401,0.005625240027760336,0.6273338410676574,0.004820329822349059,1355.4999999999995,0.009362473719881335,0.0049811243863633935,4593.0308159026135,0.6152973218338629,0.0
,0.18429414434861552,0.05362521884426937,0.5350983726014088,0.0096438674440092,0.001348327792669579,0.0035788394909132917,0.5110519735113136,0.0012900610995829405,1284.9999999999995,0.005480261780710955,0.001348327792669578,5844.197545995197,0.5832955061280073,0.0
,0.12709940989559693,0.03621138538925649,0.5126832673958576,0.009420912541783087,0.0007096837521150038,0.0025516742566191754,0.27798106970571207,0.0006956455792079312,1213.0000000000007,0.003115400278110347,0.0007096837521150061,7134.283390883704,0.5506128007262824,0.0
,0.32728098048116205,0.07234524017271918,0.5874666666666667,0.009870879656299228,0.01681353556339992,0.010095319806858214,0.7321753922479028,0.016090400096198762,1451.1666666666665,0.04040103673938,0.01681353556339991,2416.8205406726947,0.6587229535481919,0.0
,0.11030413073082161,0.02739415994602093,0.505043558000917,0.009314762415486157,0.0009737289886498105,0.0025646480473265703,0.17097389256685777,0.0009777334223568836,1189.9166666666665,0.0026946390786365747,0.000973728988649809,7487.877567774758,0.5401346648509608,0.0
,0.1316386745347254,0.03873860290510899,0.5086585084276148,0.009443016539366841,0.0005820127324825766,0.0025170355691390383,0.3103812949296439,0.000556573125383248,1210.8333333333335,0.0031957171195345505,0.0005820127324825777,7088.638972517613,0.5496292933878045,0.0
,0.13436223331820246,0.03790143593001968,0.5178655383168782,0.00945889248761201,0.0007666115735989491,0.0027303916734161453,0.30046015657993036,0.0007444330233767789,1225.4999999999998,0.003292117058719017,0.0007666115735989499,7121.499426090135,0.5562868815251929,0.0
,0.03631411711302769,0.005215352941298326,0.46165129924559933,0.00789849951251654,0.0005236288919867077,0.002592802905298525,0.007381444362732129,0.0006411788696696742,1067.6666666666724,0.00029727674791779987,0.0005236288919867075,16729.741018835648,0.4846421546376154,0.0
,0.14026327734906946,0.03859027011147027,0.517257572200047,0.009486551597313878,0.0006250241166728266,0.0027057586536529403,0.30897606775546066,0.0006142705941900532,1229.0,0.0038141688728538163,0.0006250241166728259,6653.1097622203315,0.5578756241488879,0.0
,0.0658193372673627,0.020151419326442915,0.4921805183199285,0.008810288795283916,0.00015189063523157005,0.0013467261788280768,0.09605069982003134,0.00015589891046578088,1138.1666666666679,0.0013927403510041359,0.00015189063523157018,10361.77562764375,0.5166439703434711,0.0
,0.11484339536995007,0.032917722552777605,0.506786289394985,0.009345051159061183,0.0007097189032665727,0.0024807917550818386,0.23578845863002618,0.0007009326882971227,1195.6666666666679,0.00248494565214605,0.0007097189032665746,7821.695393012802,0.5427447420184597,0.0
,0.1348161597821153,0.034371336645126205,0.519452959207734,0.009461403984541724,0.0010019260170761467,0.0028646424910327576,0.2554875527840915,0.0009894966160904335,1227.9999999999993,0.0028549084319475127,0.0010019260170761439,7445.670089125001,0.5574216976849751,0.0
,0.18656377666817975,0.05394238915932312,0.5362706913339824,0.009650027713447156,0.0018077505939580725,0.0040243090703876985,0.5153280813555864,0.0016811841459454786,1288.1666666666665,0.0037914965561876746,0.0018077505939580725,6525.17642089878,0.584732939930398,0.0
,0.16795279164775306,0.05107517081916563,0.5269074384118632,0.009594508504133605,0.0008132796901588043,0.0030101555185246542,0.47662703905874665,0.0007599351503273446,1262.3333333333328,0.004176118812957218,0.000813279690158804,6391.323960201833,0.573006506279316,0.0
,0.15705855651384476,0.04184877206065712,0.5281707024694318,0.009556441783924159,0.002588399195717734,0.003946293001956033,0.35396474504008446,0.00260705082147437,1255.9999999999998,0.005640347114737904,0.0025883991957177306,5515.9518331898325,0.5701316386745348,0.0
,0.147526100771675,0.044466557149337345,0.5215435606060606,0.009519127352227997,0.0006985801856579334,0.002728249422378234,0.3878055245504712,0.0006877498470069993,1240.166666666667,0.004069758308976742,0.0006985801856579346,6565.178226236534,0.5629444696625814,0.0
,0.23195642305946437,0.059983389265980555,0.5521303258145364,0.009749304590408599,0.004711998866608384,0.005410721447291199,0.5930046850717305,0.004554154889106286,1341.1666666666665,0.008133366309239743,0.004711998866608383,4860.535629469145,0.6087910425177788,0.0
,0.0935088515660463,0.029556710521341907,0.49762819064829455,0.009172896492513467,0.00023326231699023338,0.0015529240058677022,0.19436801623648392,0.00024943090328431256,1166.75,0.0022063790279019217,0.00023326231699023322,8142.595087546771,0.5296187017703132,0.0
,0.026327734906945077,0.005357361858466681,0.4628151260504202,0.007321622548534889,0.0001001079133355881,0.0010530076043620549,0.007255364073385935,0.00012032602789957157,1062.333333333339,0.0006525211408746715,0.00010010791333558825,15704.809762745534,0.48222121349674685,0.0
,0.07489786654561961,0.020744305149627107,0.4951674533603057,0.008955976593888268,0.00018936710708858666,0.0015463058151255844,0.101601174268486,0.00019215635472681836,1149.583333333334,0.0012927547126031249,0.00018936710708858623,10672.743103478846,0.5218262974731427,0.0
,0.15478892419428053,0.041598447230302774,0.5243989526303261,0.009548462389305588,0.0011428711688322255,0.00327265579993171,0.350407344534579,0.0011217188123632308,1249.3333333333333,0.003515217791451166,0.0011428711688322283,6728.282177466258,0.567105462248449,0.0
,0.11030413073082161,0.03296975217076247,0.5019366598313967,0.009312353307129496,0.00041458388892623964,0.0021151579573872193,0.23598485452372225,0.0004127275127009758,1185.5000000000007,0.001911801604832812,0.0004145838889262379,8545.12748153873,0.5381298229686791,0.0
,0.16795279164775306,0.05010403736421708,0.5322541676733511,0.00959529843127956,0.0009555612213412472,0.0031382369057092775,0.46456411066835196,0.0008987212500820085,1269.3333333333335,0.005213189531380291,0.0009555612213412464,5976.19840650087,0.576183991526706,0.0
,0.165229232864276,0.04415391570041946,0.531099324975892,0.009585974249995214,0.0017715809193090903,0.0037570392203390797,0.3849469641232736,0.0017381140392716482,1265.833333333333,0.003766924233004608,0.0017715809193090903,6454.446985011398,0.5745952489030111,0.0
,0.017703132092601,0.002449579725845995,0.40653257058497877,0.00642887989914411,2.4669017898246108e-05,0.0006579229957000104,0.0015433530503386555,2.9529632245456684e-05,948.4166666666811,0.00012584789923109852,2.466901789824616e-05,21303.77728521936,0.43051142381600843,0.0
,0.10213345438039038,0.025511280821315468,0.5106629578117756,0.00925127074986919,0.0011909652477034573,0.002855570309053449,0.15049332705751048,0.0011859920579586297,1191.8333333333337,0.0018594742644444677,0.0011909652477034565,8835.94791077438,0.5410046905734603,0.0
,0.15297321833862915,0.04598982220493081,0.5255248091603053,0.00954164387135232,0.0008641588466190711,0.0028512218966956194,0.4091587202609279,0.0008299595805515262,1249.5000000000002,0.004147332319758687,0.0008641588466190704,6521.128390975536,0.5671811166591012,0.0
,0.18974126191556967,0.05552410895319373,0.5395542493264757,0.009658972965047776,0.0013596081079996231,0.0035668284254973454,0.5358679736091909,0.0012767637103149702,1294.6666666666667,0.006004214786672379,0.001359608107999621,5604.193727462152,0.5876834619458314,0.0
,0.13390830685428962,0.03378434711469749,0.5224092957078492,0.00945571716188994,0.001927122593948486,0.0038008354836200206,0.24838076677266224,0.0019412573755817947,1231.3333333333335,0.004779128878942292,0.001927122593948483,6238.674484576867,0.5589347858980178,0.0
,0.07035860190649115,0.019136605972280285,0.49774062358788973,0.008886064137512858,0.0003629160970603215,0.0017994931965936824,0.08755308881032667,0.00035250177733200786,1149.9166666666672,0.0014228917576079422,0.0003629160970603216,10370.148054822206,0.521977606294447,0.0
,0.11802088061734,0.028697540143973053,0.5078377132319041,0.00936674880941535,0.000650332869975299,0.0025161260970327235,0.1858929581081823,0.0006490639763708433,1199.6666666666667,0.0036027469738716578,0.0006503328699752994,6969.43283048494,0.5445604478741111,0.0
,0.06718111665910123,0.018365876144868946,0.49306177260519246,0.008831600170390776,0.0005874557145458494,0.0019111562470556273,0.0808816272107295,0.0006549934212494601,1140.5000000000002,0.001469785842202803,0.0005874557145458515,9731.264780864007,0.517703132092601,0.0
,0.159328188833409,0.03800781830427941,0.5276646706586826,0.0095650037661046,0.002187553718755323,0.00384239350854975,0.3031682078877168,0.0021555506112050874,1257.0,0.004601096834576085,0.0021875537187553227,5957.637213206078,0.5705855651384476,0.0
,0.09396277802995914,0.02416292837263148,0.5070195627157652,0.009178796825260243,0.0009081922022492633,0.002522463170846493,0.13604278280246523,0.0008868385676290213,1180.7500000000002,0.001817951572369758,0.0009081922022492649,9122.044894404413,0.5359736722650931,0.0
,0.17657739446209714,0.050498189612698155,0.5293128303700144,0.009621141652161939,0.0014633075084074189,0.003585614968889657,0.4690906310557094,0.0014255592260635172,1271.8333333333326,0.006392150106680865,0.0014633075084074113,5320.5000247905,0.5773188076864881,0.0
,0.12664548343168408,0.03246086930815792,0.5158042612971201,0.009418460015385207,0.000990495735720258,0.00290171683234813,0.23112622972249763,0.0009755024219918783,1217.0833333333337,0.002354919319977252,0.0009904957357202563,7908.4507317861635,0.5524663337872597,0.0
,0.07943713118474807,0.01857160881758256,0.4921805183199285,0.009016191468770177,0.0006862328132740618,0.002131688013494354,0.08287661909293755,0.0007218473250244405,1148.1666666666674,0.0019845205191745584,0.0006862328132740607,8246.533613902091,0.5211832349825996,0.0
,0.04584657285519746,0.011131260186408485,0.4698229899765408,0.008320454758001042,0.00010633574922745614,0.0010861676046947802,0.030550059581157953,0.00011547929947225823,1088.2500000000043,0.0006915620617635354,0.0001063357492274562,12851.898044704785,0.49398547435315476,0.0
,0.10985020426690877,0.026451970177544738,0.5155628364146969,0.009309697921629856,0.002480271870459265,0.0036683073068298913,0.16146049435398802,0.002511838222372054,1204.333333333334,0.003146003203635923,0.0024802718704592668,7281.821765871412,0.546678771372371,0.0
,0.04176123467998184,0.009846091251456168,0.4665396018636171,0.008173898934392531,9.90075799981839e-05,0.0010377759143511416,0.024010228583064605,0.00010878982270733874,1079.9166666666715,0.0006251833970274221,9.900757999818375e-05,13297.359615878182,0.4902027538205478,0.0
,0.11302768951429869,0.024883210979061345,0.5069028992176714,0.009333354417784911,0.000980425771551315,0.0027967332205045973,0.14367618182633185,0.000992366584366341,1194.5833333333335,0.0024285349949612124,0.0009804257715513116,7527.340633665082,0.5422529883492208,0.0
,0.15433499773036768,0.040407953926878154,0.526781444285031,0.00954683549426893,0.0013428922641751484,0.003402123315388256,0.33435277983291817,0.001299281178911991,1252.25,0.0034948142952601264,0.0013428922641751432,6653.358608488208,0.5684294144348615,0.0
,0.06536541080344985,0.017802333055331142,0.49416778824585017,0.008800805841825661,0.0002726854002871464,0.0016604552816702825,0.07622180267290973,0.00026385585069411624,1140.9166666666677,0.0013079398495951073,0.0002726854002871468,10804.735452275663,0.5178922681192314,0.0
,0.11665910122560146,0.03190357352000021,0.5145993926652651,0.009358171459219945,0.0010905480194466776,0.0029418278654154916,0.22444015446705914,0.0010420005695591184,1208.0000000000002,0.002916309231822614,0.0010905480194466767,7504.9213541423915,0.5483431684067182,0.0
,0.0935088515660463,0.02643986099018395,0.505391144757972,0.009175266023774564,0.0003749018771481748,0.0019941333264666215,0.15994799056849435,0.00038034686425150326,1178.0000000000007,0.002635972343052821,0.00037490187714817475,8183.326289993529,0.5347253744893328,0.0
,0.1466182478438493,0.03926918756926549,0.5251489868891538,0.00951471077690079,0.00181090345638923,0.0034838123474724616,0.3195517017990148,0.0018001484349742492,1244.333333333333,0.0054890185452826055,0.001810903456389229,5789.786950483533,0.5648358299288848,0.0
,0.05674080798910577,0.01397523106732732,0.4887952074550699,0.008622006219067875,0.0003155428273756761,0.0015731911973586924,0.0477937844170868,0.00034901921197581543,1126.4166666666679,0.0009319587354035622,0.00031554282737567647,11865.041977963996,0.5113103343924951,0.0
,0.053563322741715845,0.013880121599740808,0.4893380719680142,0.008540818534135748,0.0005736856437524333,0.001744939760339522,0.047403070346105206,0.0006083115050575639,1124.916666666668,0.001131372946421559,0.0005736856437524318,11245.954827929148,0.5106294446966259,0.0
,0.18474807081252836,0.05209112745457461,0.5375793069790141,0.009645481811886212,0.002169207855392823,0.003838551795094141,0.4915513270522645,0.002155929706514685,1288.5,0.004977594452277029,0.0021692078553928146,5963.282720676258,0.5848842487517022,0.0
,0.014525646845211076,0.0034748757284851456,0.4322150284481067,0.005964995378710596,2.6289387800479004e-05,0.0004561440770008639,0.0030245611784500267,3.223233373156448e-05,998.0833333333435,0.00018061015651266879,2.6289387800479e-05,24605.042378149014,0.4530564381903465,0.0
,0.1348161597821153,0.03625224136728888,0.5193305044790193,0.009459962689242787,0.002680347951410364,0.003710760314223909,0.28067892479755596,0.002457120382521962,1227.833333333333,0.0029055658294341183,0.002680347951410368,7582.5698776445215,0.5573460432743229,0.0
,0.15070358601906492,0.04360497853245674,0.5255248091603053,0.009532437352116624,0.0009699560039397188,0.0029070695052934117,0.3767663613220004,0.0009426733329325785,1247.8333333333335,0.003319713249402761,0.0009699560039397194,7117.899863326109,0.5664245725525798,0.0
,0.026327734906945077,0.006603558350849453,0.4494084047327621,0.007323141301654431,4.5863708994367736e-05,0.0006986267114871871,0.01085921347013805,5.8077683955925404e-05,1038.9166666666747,0.00040462723218530116,4.586370899436777e-05,15747.637422829293,0.4715917688001211,0.0
,0.11484339536995007,0.03203031520680902,0.5105446118192353,0.009346836824089854,0.0005609467700009933,0.00229008002192701,0.22551916488222615,0.0005526854168084274,1201.0000000000002,0.0025219383781490616,0.0005609467700009952,8185.548534676238,0.5451656831593282,0.0
,0.15388107126645484,0.037718645594469226,0.5265296367112811,0.009544589700186715,0.0019417937483645208,0.0037266093761409097,0.2992501490520299,0.0018757907668200176,1251.4999999999998,0.004401684796625621,0.001941793748364523,6096.563144627625,0.5680889695869269,0.0
,0.10939627780299592,0.03360899037761794,0.5111368909512761,0.009309425175928065,0.0003770033080753074,0.0020031612907794602,0.2447210636393783,0.000368224274540147,1197.833333333334,0.0024535685022762854,0.0003770033080753074,8300.303185230294,0.5437282493569374,0.0
,0.2628234226055379,0.06738506409649667,0.5632830478138583,0.009798293402256103,0.004667871386137407,0.0061001029414684315,0.6786424865541892,0.004300543325421252,1376.9999999999995,0.00650019867398021,0.0046678713861374125,5219.856943697412,0.6250567408079891,0.0
,0.012256014525646846,0.002080315319257867,0.4115449280777134,0.005524324103028562,1.2283299826091623e-05,0.0004226458144297018,0.0010971124953821454,1.845894298267886e-05,955.0000000000126,0.0001627833402189331,1.228329982609161e-05,20069.09061507576,0.43349977303676807,0.0
,0.11847480708125284,0.03613727027397927,0.5065532306277305,0.00936813879451629,0.0005581683303464265,0.0023658603796846236,0.2765161993312382,0.0005425106459010523,1198.0000000000002,0.0028174315218718235,0.0005581683303464255,7360.463340996309,0.5438039037675897,0.0
,0.05401724920562869,0.01509157400896656,0.48417582417582417,0.008558781100093497,0.00012934422543895422,0.0012519240898400917,0.05531354111227442,0.00012786714495309292,1117.2500000000018,0.0008246960924396267,0.00012934422543895403,12787.690383650557,0.5071493418066273,0.0
,0.14934180662732638,0.03511694070604773,0.5234022333095747,0.009525069387863122,0.0025460984915308934,0.00450637700349272,0.26617483499653505,0.0024594012445759306,1244.0833333333333,0.0038003111687961656,0.002546098491530891,6486.533610996383,0.5647223483129066,0.0
,0.25919201089423516,0.06635068975100265,0.5619897959183674,0.009793240113572015,0.004198862446595252,0.005825832147004789,0.6671929145338502,0.0038778867177814663,1372.833333333333,0.00639265349770489,0.004198862446595249,5258.424054805921,0.6231653805416856,0.0
,0.11302768951429869,0.03520476959859235,0.5044653079917564,0.009333005557670915,0.00032953758314922934,0.002044863380714245,0.26433193433684754,0.00031749784569578307,1191.0000000000002,0.0027362966045940186,0.000329537583149229,7476.185596371229,0.5406264185201998,0.0
,0.09895596913300046,0.025384349836222918,0.5088935088935089,0.009224896490676465,0.0006866986587083965,0.0022133478173872955,0.14873443298883623,0.00071115227920804,1187.0,0.0026960443370105053,0.0006866986587083985,7661.1204145113015,0.5388107126645484,0.0
,0.15615070358601907,0.04253762495251964,0.5257756563245823,0.009553766618573515,0.0009025015266863586,0.0030825189991819757,0.36300781750436983,0.000867991385196412,1252.1666666666663,0.002921698675616847,0.00090250152668636,7243.110496208412,0.5683915872295355,0.0
,0.12210621879255561,0.0368558723713254,0.5105446118192353,0.009390492266420624,0.0007641386107784398,0.0025859162703263175,0.28608636201105475,0.0007281025367942833,1206.3333333333337,0.0025896122551585677,0.0007641386107784414,7641.412927096019,0.5475866243001967,0.0
,0.1811166591012256,0.04821777658737184,0.5347087378640777,0.009634546210335902,0.0055176646189000755,0.005126511357000509,0.4410728905695418,0.005307148726843897,1282.1666666666667,0.006757627404084904,0.005517664618900091,5312.992236398008,0.5820093811469209,0.0
,0.13753971856559238,0.033034383392726616,0.5205576559546313,0.009472592373214392,0.0025886342812598494,0.004355587433144504,0.2398422895668272,0.0025053295028949194,1231.5000000000002,0.0034440690169591894,0.0025886342812598555,6776.619901589111,0.55901044030867,0.0
,0.15978211529732184,0.043219687270547535,0.5272857826711345,0.009567068877371437,0.0010414484587889117,0.003250077655506878,0.3722873612368898,0.000999886178789825,1256.8333333333326,0.003043263390193498,0.0010414484587889124,7116.968728461572,0.5705099107277954,0.0
,0.2687244666364049,0.06767863588398294,0.5653066461380549,0.009806356780025432,0.005269393082046005,0.006319856962524306,0.6819138208624461,0.004920410868578598,1383.6666666666663,0.0066490675683928205,0.005269393082046016,5161.019982760327,0.6280829172340748,0.0
,0.01861098502042669,0.00406407433574842,0.4334054692110958,0.006555452872182002,2.5216042366756097e-05,0.0005620082828080181,0.004148418789054744,3.4161009254999565e-05,1003.750000000011,0.00021750325726042308,2.5216042366756076e-05,19384.11028871955,0.4556286881525193,0.0
,0.14707217430776215,0.04525305650562451,0.522781205505458,0.009516812636022755,0.001364350916428408,0.0030995320462013248,0.39915291287859517,0.0012912620317969612,1241.5000000000005,0.003555072960631278,0.0013643509164284076,7055.3965253748165,0.5635497049477984,0.0
,0.1575124829777576,0.04375695956629122,0.5259011697302459,0.009558874943996435,0.0011435139653960496,0.0032207847965473905,0.379600631370981,0.0010977623276912554,1253.333333333333,0.002979605672324871,0.0011435139653960503,7215.686480196472,0.5689211681041004,0.0
,0.2233318202451203,0.05855426403034981,0.5517155021287252,0.009733629862768394,0.0037535119536626967,0.004894958052833119,0.5746885236804511,0.0036984016489453224,1334.333333333333,0.006137409406413898,0.0037535119536626885,5444.367482993497,0.605689211681041,0.0
,0.015433499773036768,0.0036430349022036255,0.4272692009309542,0.006106730270777552,1.7641581456276213e-05,0.00046628744289413035,0.003332738708300213,2.584268283011586e-05,989.3333333333449,0.00019360489112369667,1.76415814562762e-05,21579.20866769544,0.4490845816311091,0.0
,0.11802088061734,0.03665560289342549,0.509481961147086,0.009366035785281543,0.0005069878463235546,0.0022537742198545942,0.28331850501506084,0.0004638273903470785,1201.8333333333333,0.0025594511586504273,0.0005069878463235548,7732.335299360553,0.5455439552125888,0.0
,0.01997276441216523,0.004818508171402921,0.43425980682042187,0.006720303588612416,2.5165540250850065e-05,0.0005613600917131666,0.005806370363526503,3.413464445100995e-05,1005.7500000000105,0.0002556136756999775,2.5165540250850082e-05,19057.292763180118,0.45653654108034497,0.0
,0.1643213799364503,0.04140198160168529,0.5299494828000962,0.009581843210825301,0.003622567117027388,0.004576963012207889,0.3486657297688038,0.003621300258505911,1263.6666666666665,0.005952567937349038,0.003622567117027396,5610.433732979343,0.5736117415645332,0.0
,0.165229232864276,0.04401102301206138,0.5304599084998796,0.009585951828336584,0.0014225080798105259,0.003628308973896325,0.3832781739415524,0.0013774586433159485,1264.999999999999,0.003128887005020168,0.0014225080798105283,7013.856250340094,0.5742169768497504,0.0
,0.015433499773036768,0.0027200716326869654,0.4176303317535545,0.006088902017959698,4.224313870513515e-05,0.0006825560774594838,0.0018852014946373992,7.804393339139102e-05,969.7500000000126,0.0001771060411536724,4.2243138705135216e-05,19364.245896760192,0.4401951883794825,0.0
,0.11484339536995007,0.02852210931040887,0.5152011225444341,0.009346017212529792,0.0010792697562604723,0.0029745225728115827,0.1841178391605534,0.0010912816626033842,1207.5833333333335,0.0036444468697016154,0.0010792697562604773,7110.495395250025,0.5481540323800878,0.0
,0.10167952791647754,0.03235526002818578,0.5077206729661212,0.009249399962152221,0.00022867738745870918,0.0017997991450748958,0.22886883532998106,0.00022292464286067243,1187.3333333333342,0.0023204636944153586,0.00022867738745870959,8583.640723428724,0.5389620214858526,0.0
,0.005901044030866999,0.0013069643857647412,0.3687029288702929,0.0037079787739197284,4.4012430494405606e-06,0.0002457851836462326,0.0004309933258364257,5.934916407502023e-06,849.8333333333485,6.58880799920803e-05,4.401243049440562e-06,33961.16199256651,0.385761839915267,0.0
,0.019064911484339538,0.0043371758378332815,0.4323846908734053,0.006611480239767163,1.9535164672509954e-05,0.0005431795984058897,0.004706763103383993,2.8461354312712705e-05,1002.5833333333431,0.00026684101028305384,1.953516467250995e-05,17558.321369446712,0.45509910727795433,0.0
,0.08352246935996369,0.01944303040326846,0.5012514220705347,0.009066024513747974,0.000913519805232519,0.002561699837765372,0.09071415426838433,0.0009360144100842506,1164.6666666666672,0.0015595096002809397,0.0009135198052325225,9313.115242417945,0.5286730216371615,0.0
,0.14707217430776215,0.04256260530820117,0.5252742012398665,0.009517362575346692,0.0017004731013163868,0.0032085641953038323,0.3634077134600306,0.001661488948977243,1244.8333333333335,0.0032536931358210994,0.0017004731013163855,7301.7124534859395,0.5650627931608413,0.0
,0.11484339536995007,0.033442454469359235,0.509481961147086,0.009346994360462591,0.000609154024852958,0.00217182817773647,0.24301043424178193,0.0005910466850508155,1199.5000000000005,0.00256145090401461,0.000609154024852957,8179.688398661995,0.5444847934634589,0.0
,0.18066273263731275,0.04581143183628746,0.533284918905834,0.00963379322123031,0.002591914835525385,0.0040917010988863085,0.40787499952273065,0.0024575973084570873,1279.9999999999998,0.0037512901650165274,0.002591914835525377,6432.646055181609,0.5810258738084431,0.0
,0.015433499773036768,0.002442040649641514,0.4097080156220941,0.006101563976683981,2.302191004016939e-05,0.0005481532555822804,0.0015148828243113763,2.9481657899109565e-05,953.2500000000131,0.00014862486883986378,2.302191004016936e-05,20749.05549557468,0.43270540172492056,0.0
,0.1171130276895143,0.0361175637436691,0.5087759815242494,0.009360196724914331,0.0005141823203170889,0.0022594877297362546,0.27632407993328134,0.0004738835094090485,1200.1666666666667,0.0024964374193785365,0.0005141823203170887,7785.161518855614,0.5447874111060675,0.0
,0.005901044030866999,0.0013069643857647412,0.3687029288702929,0.003707978773919732,4.4012430494405606e-06,0.0002457851836462326,0.00043099332583644177,5.934916407502023e-06,849.8333333333485,6.588807999192959e-05,4.401243049440562e-06,33961.161992566565,0.385761839915267,0.0
,0.11393554244212438,0.03406182581496256,0.5104263206672845,0.009341231718730083,0.00033086624009087613,0.0020130912381291204,0.2505585912845412,0.000326336454984432,1200.1666666666672,0.0025729498077974337,0.0003308662400908761,8198.156027632072,0.5447874111060675,0.0
,0.06309577848388562,0.012462707646527803,0.489991103202847,0.008752921046633791,0.0006334741905883652,0.002336573891730715,0.03875209161748861,0.0006533875463375763,1132.8333333333344,0.0007670564076947923,0.0006334741905883649,11975.84220093936,0.5142230292026024,0.0
,0.0935088515660463,0.020254658249737264,0.5037731534415733,0.009174178162998698,0.0007797307134591083,0.0024673453597103255,0.09772766337436699,0.0008222247581744466,1175.666666666667,0.0024917487897657994,0.0007797307134591086,7560.146581080144,0.5336662127402028,0.0
,0.13254652746255108,0.03706457831618664,0.5188412623645784,0.00945003334591841,0.0010006135408464857,0.0027188761173501646,0.2896890847844685,0.0009702591962882655,1225.5,0.0046293489952367985,0.001000613540846488,6061.100237890597,0.5562868815251929,0.0
,0.12482977757603268,0.02693716476845873,0.5107813586830512,0.009406604818750722,0.0017439009605501688,0.0036365460007188226,0.1667846269973315,0.0017544640963643849,1208.75,0.0027408037139494794,0.0017439009605501655,7160.59326181258,0.5486836132546528,0.0
,0.10576486609169315,0.032082832790438436,0.5085410895660203,0.009281734006759496,0.0004400356246501687,0.0021065611410445266,0.22577140428542988,0.00043281012067291887,1191.5000000000007,0.0023393090223815544,0.0004400356246501689,8468.451833173212,0.5408533817521561,0.0
,0.06854289605083977,0.016558085190438745,0.49174107142857143,0.008846488440527883,0.0007679064722792865,0.0030518374321219827,0.06692944091761628,0.0008552055492411087,1139.5833333333342,0.001085754916537086,0.0007679064722792863,10915.816585213408,0.5172870328340142,0.0
,0.17385383567862006,0.04464194295841462,0.5309713183899735,0.009613699550228914,0.0019902735515145015,0.0037953417240140295,0.3917984302294518,0.0018896784710833454,1271.9999999999998,0.0036554224050581066,0.0019902735515145054,6522.570725285948,0.5773944620971403,0.0
,0.05174761688606446,0.011088160128967316,0.4791213571117877,0.00849621475681397,0.00021144233360855427,0.0014403782243270357,0.030494975599031585,0.00022934410971969357,1107.750000000003,0.0006247068680776428,0.00021144233360855427,13014.528941116325,0.5028370403994553,0.0
,0.11892873354516569,0.030437497002401257,0.5112555117196566,0.009372204267350283,0.0007482122318275279,0.002690151165135264,0.20643723209755901,0.0007516990450669746,1205.0000000000002,0.0035870536009033316,0.0007482122318275268,6831.176934228139,0.5469813890149796,0.0
,0.02587380844303223,0.0049791678343992125,0.4635942760942761,0.007286679829330995,6.042322783792909e-05,0.0008514899447020963,0.006294154835615993,7.29936849932644e-05,1063.0833333333383,0.00032875189324194646,6.0423227837929e-05,19727.46670123455,0.48256165834468145,0.0
,0.1879255560599183,0.05438074631372791,0.5387625336268036,0.009653937556759931,0.0017838773402944629,0.003716731817867199,0.5211844491738101,0.0016926667944905684,1292.3333333333333,0.005733032304144145,0.0017838773402944618,5713.586937652942,0.5866243001967014,0.0
,0.04539264639128461,0.010700068256070372,0.47163348319417686,0.00830383874565788,0.0001486066210855483,0.0012294898172654728,0.028303315194368066,0.00015566179970407694,1091.1666666666704,0.0009066390993385958,0.00014860662108554844,12383.052456928752,0.4953094265395673,0.0
,0.05628688152519292,0.013659325668082097,0.4850286217525319,0.00860924863894673,0.00047168345997201325,0.0017588255472974588,0.0459448640846888,0.0005094975717848468,1120.3333333333346,0.0008621569465126577,0.00047168345997201325,12295.609448149604,0.5085489484036919,0.0
,0.09714026327734908,0.023358498350475175,0.5017080391710317,0.00920864318283205,0.0006264466562175418,0.002322414215927983,0.12761667456792802,0.0006551726886425379,1175.4166666666667,0.002030162057695287,0.0006264466562175422,8377.102495826659,0.5335527311242245,0.0
,0.14026327734906946,0.033256556698149496,0.5187190958323522,0.009486525172763707,0.001771919708798048,0.0034164702503282356,0.24204945604369618,0.0017548404479285067,1230.9999999999995,0.002781556340140926,0.0017719197087980524,7229.447640804481,0.5587834770767136,0.0
,0.04085338175215615,0.01116281162222591,0.47591272413048175,0.008139143487614145,0.00013612139904549273,0.0010194567320850423,0.03075635588288794,0.000148214373069819,1094.41666666667,0.0007100644846591911,0.0001361213990454928,14097.900293165781,0.49678468754728405,0.0
,0.09396277802995914,0.019137184321049334,0.5001135073779795,0.00917847976675681,0.0007147333894909653,0.0026143003365523753,0.08797521899190289,0.0007305632857408012,1170.8333333333328,0.0013365739613925636,0.0007147333894909672,9488.087254316151,0.5314722348312906,0.0
,0.08079891057648661,0.01645070988409353,0.4948337825696316,0.009032200262675991,0.0006250575907169327,0.0025855876202696576,0.06594257721895938,0.0006570213588702258,1153.2500000000005,0.0011464036869864881,0.0006250575907169327,10227.15024451838,0.5234906945074898,0.0
,0.04766227871084884,0.010119598485317424,0.47756340776067635,0.008378270209222107,0.00015695261062625388,0.001285846321871151,0.025461878989717898,0.0001669400550497837,1102.16666666667,0.0005620408985830126,0.00015695261062625377,13657.142379767558,0.5003026176426086,0.0
,0.05492510213345438,0.013615739770234182,0.48534919585811853,0.008579104356539372,0.00026377188928588066,0.0014499724423775477,0.04549046178539235,0.0002784862022366978,1119.8333333333348,0.0008834823368434989,0.0002637718892858814,12342.253734176129,0.5083219851717354,0.0
,0.09123921924648207,0.028381252610958616,0.4911928651059086,0.009151421324391174,0.0003136412528028518,0.001513319169031677,0.18074000690039588,0.0003145367327372604,1155.4166666666683,0.002548549418681128,0.00031364125280285084,7692.118758449828,0.5244742018459676,0.0
,0.048116205174761686,0.012831262405447871,0.4830081122560842,0.008392535484785052,0.00022268099980722272,0.001276576770844824,0.040461973545676856,0.0002372890651674453,1111.0833333333355,0.0008350706956867642,0.00022268099980722275,13026.717116482112,0.5043501286124981,0.0
,0.16159782115297322,0.04345850065272545,0.533672480620155,0.009573134095055667,0.0019235862927242087,0.0039571574923209655,0.3761233141861589,0.001863745090493724,1266.4999999999998,0.0038437877742714924,0.0019235862927242126,6627.801197131232,0.5748978665456196,0.0
,0.055832955061280075,0.012111255870732099,0.48481514084507044,0.008600384760160862,0.0002608199609915106,0.0015646588478649584,0.0362682724581358,0.0002809204509254434,1119.6666666666683,0.0006896433076026538,0.0002608199609915104,12480.028229138125,0.5082463307610834,0.0
,0.19019518837948252,0.05203027039842971,0.5399509803921568,0.009659628566173178,0.0029484513563121416,0.004367272401775825,0.4910320619182914,0.002847476534802651,1295.4999999999998,0.005567602108772719,0.0029484513563121386,5738.939696884077,0.5880617339990921,0.0
,0.153427144802542,0.04132036424408045,0.5291856834013933,0.009542832741704326,0.0012746185184138472,0.0034482985201293305,0.3469724187930051,0.0012185474170625166,1254.666666666666,0.0036119267457343468,0.0012746185184138467,6771.98041387563,0.5695264033893176,0.0
,0.04766227871084884,0.010469002824503342,0.4702241195304162,0.008377128105488884,0.00017372618062571352,0.0013154610972430122,0.02714423992054853,0.00017952692262130528,1090.6666666666708,0.0009007659258395344,0.0001737261806257135,12178.210511895717,0.49508246330761085,0.0
,0.028597367226509306,0.007907559820379665,0.46992320819112626,0.007495273310840667,7.204588679942386e-05,0.0007474944734656508,0.015560238562838507,8.117909836930396e-05,1075.5833333333374,0.0005488661253517581,7.20458867994241e-05,16442.213490655748,0.48823573914359203,0.0
,0.129822968679074,0.030030492937938524,0.5111368909512761,0.009434852448627065,0.0009463956389478949,0.0030117332143481715,0.20210510126301884,0.0009342937584892828,1212.8333333333333,0.0025862610002630446,0.0009463956389478949,7463.68948743211,0.5505371463156302,0.0
,0.09895596913300046,0.021579663418060207,0.500340676811265,0.00922084156503459,0.0016769257461205951,0.0034573685163688723,0.1111111397446528,0.0016878851161969913,1174.7500000000002,0.002391447646696664,0.0016769257461206122,7941.579558508877,0.533250113481616,0.018328729506363106
,0.11665910122560146,0.024954961153363396,0.5141190198366394,0.009354987568477404,0.002821858791660552,0.004212999976593797,0.14588491391446598,0.002858873771713294,1207.3333333333337,0.0037321417040492065,0.0028218587916605505,6557.653402071689,0.5480405507641095,0.0
,0.0935088515660463,0.0186572056434468,0.49852907897714416,0.00917345617133594,0.0010797443612412109,0.002699521235117136,0.08397357103262632,0.001130224403910585,1168.1666666666667,0.002163955090764591,0.0010797443612412096,8086.620544269096,0.5302617642608565,0.0
,0.1575124829777576,0.041952461365896414,0.5307154902433149,0.00955800496570896,0.0019692134252562794,0.004124677876430688,0.3558635405661566,0.0019267041469974032,1259.6666666666663,0.0036192633269110717,0.001969213425256274,6744.679262918149,0.5717960357088818,0.0
,0.07262823422605538,0.019072478051447107,0.4922905027932961,0.008922288828037089,0.00029457628746457304,0.00166470783042817,0.08676665754349328,0.0003218101588589577,1143.6666666666683,0.0011302710581103318,0.00029457628746457196,10668.47237136587,0.5191405658949917,0.0
,0.100317748524739,0.030274899432370213,0.49472265888165284,0.00923366565653822,0.0005540642666520688,0.002239219876298102,0.20344978220031473,0.0005132209430120777,1167.4166666666677,0.0021852001072407766,0.000554064266652068,8124.030750591801,0.5299213194129218,0.0
,0.14207898320472084,0.03379086610427032,0.522161649680019,0.009495507266096851,0.001549925983473087,0.003391788087828005,0.24823943273231963,0.0015524497750845506,1237.083333333333,0.0025793156798418373,0.001549925983473086,7482.826758880995,0.5615448630655167,0.0
,0.04448479346345892,0.008315275301225044,0.46902278049819035,0.008268378691342728,0.00019501281274851462,0.001344955253503726,0.01730949811369664,0.00023704309035037067,1086.166666666671,0.0009741464008677311,0.00019501281274851467,10708.668042173249,0.49303979422000305,0.0
,0.10077167498865185,0.030130510508823836,0.4937247870909906,0.00923730236483088,0.0005896146605365389,0.0023169861459354313,0.20177050715159067,0.0005517629298003239,1166.5000000000011,0.00218903618825202,0.000589614660536539,8104.201488920481,0.529505220154335,0.0
,0.12210621879255561,0.032198826809767704,0.5150806640168343,0.009392509546100361,0.0008252569218830141,0.002688857678090324,0.22774669889171445,0.0008009874365289263,1212.6666666666672,0.0022792231356101107,0.0008252569218830136,8074.0703657217255,0.5504614919049781,0.0
,0.01997276441216523,0.004678910902617954,0.44334876232642384,0.006722785747557267,9.489676802742887e-05,0.0006921802421487333,0.005494346185654175,0.0001206999941932162,1023.2500000000091,0.00032720339022673746,9.489676802742877e-05,17657.068603999764,0.4644802541988198,0.0
,0.06718111665910123,0.013991633298377071,0.48417582417582417,0.008831269304169529,0.0003051626789288975,0.0017177756561726236,0.04802029929563943,0.0003181726770541076,1127.0000000000018,0.0016332022117226004,0.00030516267892889676,8910.25715106832,0.5115751248297776,0.0
,0.09759418974126192,0.029425362047630604,0.49416778824585017,0.009209400567860918,0.0005675577869481231,0.0022570815126689192,0.19342359161386607,0.0005412531333576401,1164.5833333333342,0.00214224493418613,0.0005675577869481243,8207.489530695873,0.5286351944318354,0.0
,0.03313663186563777,0.006352417080915769,0.4580993969640258,0.007774829281831395,9.9277326895373e-05,0.0009470532216497235,0.010139035673444229,0.00011246195943053356,1059.0833333333396,0.0007436056440200305,9.927732689537299e-05,12606.10783879992,0.48074595248903007,0.0
,0.07898320472083523,0.022137278370242996,0.4992068887378201,0.009012463678103266,0.00024180969259766499,0.0015714082458365198,0.11502695374329439,0.00024294231253416763,1158.4166666666672,0.0030958696338828913,0.00024180969259766452,7893.085583560065,0.5258359812377061,0.0
,0.08034498411257376,0.023439566436985245,0.4988677536231884,0.009029191713822604,0.0003644250725332482,0.0017493592334907487,0.12797082256120748,0.0003807037153458591,1158.8333333333335,0.002295322314067581,0.0003644250725332487,8450.663446701223,0.5260251172643364,0.0
,0.033590558329550615,0.005504092343647226,0.4325544865501669,0.0077912255191735546,0.00021443755571984513,0.0012826521550707395,0.007642838339158392,0.0002795453211293728,1012.4166666666785,0.0002904378830969581,0.00021443755571984543,15756.961073533843,0.45956271750643063,0.0
,0.008170676350431231,0.0014862323654396535,0.409023393984404,0.004511170816711587,1.4188183102499143e-05,0.00029414488181242726,0.0005578830995356103,2.0043480410782703e-05,946.4166666666799,0.00012697690149451838,1.418818310249915e-05,25125.900705831944,0.42960357088818274,0.0
,0.014525646845211076,0.004224173712151617,0.3857468044125372,0.005960736217303809,1.7444835477041744e-05,0.0004352267257775884,0.004460257014770591,2.200889997499355e-05,898.8333333333488,0.00017813974948053185,1.744483547704172e-05,23864.91850251528,0.4080042366469965,0.0
,0.04584657285519746,0.011013229252396723,0.4351175192573573,0.008315311089907197,0.00010950208272361333,0.0010203972059520435,0.029697056961840884,0.00012935938334425308,1026.7500000000111,0.0007257986520261379,0.00010950208272361348,12195.805804648644,0.46606899682251474,0.0
,0.05220154334997731,0.013345328523052908,0.482479194042926,0.008507918587580517,0.00023917455161632384,0.0013668292186320007,0.04363607219824894,0.00023510236596562017,1113.3333333333355,0.000551210366075837,0.00023917455161632395,14313.671301275917,0.505371463156302,0.0
,0.06672719019518839,0.020450618452859635,0.49306177260519246,0.00882447438014326,0.0004843808680765105,0.0016735644406843185,0.09902329036594476,0.0005522635256448174,1140.1666666666672,0.0021808839808618715,0.0004843808680765101,8578.633392469283,0.5175518232712968,0.0
,0.1053109396277803,0.030507477220232254,0.49807822744743385,0.009274255971243177,0.0007655046405497084,0.0026163779989918493,0.20647745680153218,0.0007263251029859869,1176.1666666666679,0.0021819358540554157,0.0007655046405497076,8058.37890215737,0.5338931759721592,0.0
,0.05401724920562869,0.013494851839329582,0.48428225983732687,0.0085558936622907,0.00020187897020621358,0.0013137918925537012,0.044549804728108246,0.00019496016712132664,1117.3333333333353,0.0005585758391690029,0.00020187897020621344,14137.617805615573,0.5071871690119534,0.0
,0.100317748524739,0.029140099353169507,0.49350358422939067,0.009233301759293473,0.0009007227587304944,0.002511302395872793,0.19032031593709725,0.0008964123140465662,1165.500000000001,0.0022789378365769474,0.0009007227587304932,7878.198080622728,0.5290512936904221,0.0
,0.10349523377212892,0.030117331375296194,0.495836146747693,0.009259700590845122,0.0006998575394917964,0.002567765380165877,0.2017768768870956,0.0006581748622193214,1171.5000000000011,0.002144184105301102,0.0006998575394917987,8118.16027994828,0.5317748524738992,0.0
,0.05447117566954154,0.014319382007164858,0.4851354327240696,0.008566620461308055,0.00022437693876651316,0.0013618388747959709,0.05000089860428751,0.00022076791526759218,1119.000000000002,0.000599087259836313,0.00022437693876651337,14019.539557492466,0.5079437131184749,0.0
,0.1398093508851566,0.036569133974167216,0.5220379146919432,0.009484730341134647,0.0019349445847492975,0.0035671735692355054,0.2841511487645092,0.0018861402045177755,1235.1666666666672,0.003915666896904751,0.001934944584749297,6759.463523783112,0.5606748373430172,0.0
,0.060372219700408535,0.015947453922314118,0.4887952074550699,0.00870290043710971,0.00026262120000182765,0.0013968708608124041,0.06159075815746124,0.0002475051240974446,1129.0833333333346,0.0006898202644184438,0.0002626212000018282,13254.080046527839,0.5125208049629293,0.0
,0.04675442578302315,0.013267563451765246,0.48269062226117443,0.008349846828239138,0.00021128950034163377,0.0011827286199118893,0.04311168566032536,0.0002027618724801219,1109.5833333333355,0.0005802073208359781,0.00021128950034163396,15029.476200818455,0.5036692389166288,0.0
,0.04312301407172038,0.011616090606298049,0.43383221740842853,0.00822025910746921,1.4947967504637876e-05,0.0007172863936190956,0.03286370730158394,2.2167757227279154e-05,1023.2500000000109,0.000848507343274794,1.4947967504637898e-05,11690.534443199007,0.4644802541988198,0.0
,0.05401724920562869,0.014098656668523325,0.48237354937595794,0.008555957119615295,0.0002212272866888534,0.001339285755829597,0.04853205735913317,0.0002098189445275299,1114.5000000000023,0.0005839665147772614,0.0002212272866888534,14033.50514906168,0.505901044030867,0.0
,0.049024058102587385,0.013092711711468679,0.4830081122560842,0.00841926656122627,0.00016308286081994765,0.0011717540107581497,0.04196808599518586,0.0001528363298061328,1111.7500000000023,0.0005329684939414614,0.00016308286081994765,14803.55924029696,0.5046527462551067,0.0
,0.010894235133908307,0.001198137116511042,0.35676113360323886,0.005202399746720938,1.347802899605401e-05,0.0006123770601874744,0.00038350873191813717,1.7900178522047535e-05,822.9166666666829,0.00010231748770338625,1.3478028996054012e-05,22822.10999929151,0.37354365259494626,0.0
,0.049024058102587385,0.0125874662741504,0.4805846422338569,0.008418788789569092,0.00018617130309301906,0.0012862151161467466,0.03893471576711333,0.00017942436045211512,1107.9166666666688,0.0005161084505646337,0.00018617130309301906,14793.19762850233,0.5029126948101075,0.0
,0.017249205628688154,0.004975479578050477,0.4012750455373406,0.006375215540556137,3.610997540603601e-05,0.0005876263795849987,0.006194235581906817,4.829220106166584e-05,936.4166666666814,0.0002162546770342888,3.610997540603602e-05,21853.312318235738,0.4250643062490543,0.0
,0.02814344076259646,0.006289519108095888,0.4463128038897893,0.007455205789015049,0.00013019097437949088,0.0010032896034428392,0.009891698140482356,0.00017430898270846305,1034.000000000009,0.00047087143838665644,0.00013019097437949083,14523.19789229158,0.4693599636858829,0.0
,0.051293690422151615,0.014506144777094393,0.48738938053097347,0.00848522930721138,0.0002009913736273808,0.001166987267374601,0.051216361257353085,0.00019383141933786678,1120.1666666666686,0.0006248596050712365,0.00020099137362738072,14394.69748458712,0.5084732939930399,0.0
,0.17067635043123014,0.045648962733131536,0.5338017930700266,0.009603459390246798,0.0027587500141759676,0.00414892645286241,0.40549294195856517,0.002697652449904612,1273.3333333333333,0.006299718183321741,0.002758750014175968,5409.828932843149,0.5779996973823573,0.0
,0.04448479346345892,0.012396828486916658,0.48153005464480875,0.008274582006325843,0.00017746481006392683,0.0010465782330972562,0.03769913982038212,0.00016983803019475228,1106.1666666666688,0.0005408791056429794,0.000177464810063927,15432.662039665629,0.50211832349826,0.0
,0.05174761688606446,0.013358681432118515,0.4805846422338569,0.008495489296056017,0.0002131088297444639,0.0013374908762713317,0.04370321148339738,0.00021259041145336842,1109.9166666666686,0.0005637039370570519,0.000213108829744464,14330.931254666983,0.5038205477379332,0.0
,0.10213345438039038,0.030084914849957733,0.5,0.009249157421463235,0.0008198410660465839,0.0024035766310797763,0.20136897625620864,0.0008095010911723672,1176.5000000000007,0.002335583392451259,0.0008198410660465813,7808.54242543027,0.5340444847934634,0.0
,0.020426690876078075,0.003501054626813621,0.4280163201865164,0.006742886370116484,0.0005663802605121031,0.0013868951003505473,0.003581101754532431,0.0005947487604596123,994.583333333345,0.00015428785241087072,0.0005663802605121037,21553.544956039692,0.45146769556665156,0.0
,0.04675442578302315,0.011874978584576115,0.47653039152065757,0.008348089967215162,0.00016181438209602854,0.0011834728012596926,0.03469683335879211,0.00016051353610282236,1099.7500000000032,0.0004839436527221931,0.00016181438209602857,15180.89036566473,0.4992056286881525,0.0
,0.025419881979119385,0.0055913424676809105,0.4302734375,0.007240166965386191,8.11115741418319e-05,0.0011445622648558476,0.0078899917410486,0.0001160624165458061,1003.0000000000108,0.0003510132038741082,8.111157414183185e-05,16522.918674608485,0.45528824330458467,0.0
,0.05674080798910577,0.014575537590441478,0.48642084345330094,0.008621283918264165,0.000263488240289197,0.0014313929763363916,0.05177805159421158,0.00025847880652255645,1122.8333333333348,0.0006039673169167802,0.00026348824028919727,13763.971157493923,0.509683764563474,0.0
,0.05220154334997731,0.013898646861819006,0.48577728776185225,0.008509043007313385,0.0002025034009340165,0.001245072822908699,0.0471593977848129,0.0001948922616560907,1118.333333333335,0.0005836819516233818,0.00020250340093401633,14350.86608886153,0.5076410954758662,0.0
,0.05901044030867,0.009504881294023165,0.4706259346293527,0.008666992730713453,0.0007293039330696988,0.0025787275777719196,0.02307411539856491,0.000741874739046868,1099.6666666666706,0.0004154699388080601,0.0007293039330696979,13429.643233230901,0.49916780148282647,0.0
,0.05401724920562869,0.0148738627239679,0.48706610656643823,0.008556127909069698,0.0002471567134286383,0.0013091929462030491,0.05381657177738784,0.00023535851443181149,1121.8333333333353,0.000648058875724793,0.0002471567134286384,14006.070028806394,0.5092298380995611,0.0
,0.04766227871084884,0.011466021173762934,0.44130608974358976,0.008374362109336349,0.0001454649982801045,0.001071319256813922,0.032146821916222194,0.00016935546638330637,1039.7500000000095,0.0007500268601357722,0.0001454649982801041,12002.930982695005,0.47197004085338173,0.0
,0.051293690422151615,0.012873592936498012,0.4800610154717803,0.008482873406719951,0.00022799989996291026,0.001396629479583223,0.040716849718922934,0.00022510070976727208,1108.6666666666697,0.000537238408069735,0.0002279998999629105,14464.098371722797,0.5032531396580421,0.0
,0.01407172038129823,0.0040267778583225975,0.3834638816362054,0.005881560039041403,1.6421055555791674e-05,0.00042894583505717214,0.004056195679118065,2.0466429437232306e-05,892.8333333333493,0.0001690612968770289,1.6421055555791657e-05,24229.3449934268,0.4052806778635194,0.0
,0.04312301407172038,0.01148727445970894,0.43119984341358386,0.00821936962926701,1.651268311108609e-05,0.000743413458390922,0.03215799462145437,2.7951864730326282e-05,1018.0833333333449,0.0008459101328307971,1.6512683111086117e-05,11653.6936855859,0.46213496746860344,0.0
,0.011348161597821153,0.0012795423122507435,0.36257406188281766,0.005307912933216944,1.5631277588223922e-05,0.0006283313386403894,0.00043557166511787543,2.1518532922633045e-05,838.1666666666831,0.0001060367663508209,1.563127758822392e-05,22583.685243373955,0.3804660311696172,0.0
,0.048116205174761686,0.009190840740931357,0.44015984015984017,0.00838570414238945,0.0003357301773603095,0.0016185427435906142,0.02098684827063161,0.00038928077313983995,1038.1666666666774,0.0008178660433574373,0.00033573017736030945,10994.41680814327,0.47125132395218644,0.0
,0.04947798456650023,0.012831418032808732,0.482479194042926,0.008432283964274428,0.00015633341347829515,0.0011913740217140989,0.04035266798980349,0.00014877698725677667,1111.1666666666688,0.000526201182297683,0.000156333413478295,14745.226255749127,0.5043879558178243,0.0
,0.05401724920562869,0.015668690981307895,0.4921805183199285,0.008557382561489434,0.0002749438008616123,0.001269724159477128,0.05954031972201314,0.0002608401083226309,1129.5000000000014,0.0007643316184496402,0.0002749438008616124,13848.7958219794,0.5127099409895597,0.0
,0.053109396277803,0.013885132855205227,0.48417582417582417,0.008532643537950049,0.00018769199200609145,0.0013032990319498687,0.047087027715488956,0.00017537309556039978,1116.5000000000018,0.0005739316804698482,0.00018769199200609115,14220.778702783868,0.5068088969586927,0.0
,0.01044030866999546,0.0029390587400015236,0.42602978147360276,0.005083831973454381,0.00026333407210781207,0.0007381621481758556,0.0024061695292773313,0.0002924729417977497,982.5000000000124,0.0003318268673328621,0.0002633340721078122,23110.708058579177,0.44598275079437133,0.0
,0.100317748524739,0.029182602061965494,0.49317215133199016,0.009233368741030411,0.0006287618742316847,0.002427064718869315,0.19063001429593807,0.0006105919659424472,1165.1666666666679,0.00205304252456956,0.0006287618742316831,8243.600213970658,0.5288999848691179,0.0
,0.016341352700862462,0.004783070510077629,0.3954406749237121,0.006246766987257719,2.9337678099459695e-05,0.0005250612768610407,0.005719616150844636,3.8691925485704463e-05,922.9166666666816,0.00019946277906985268,2.933767809945969e-05,22569.71630326543,0.41893629898623086,0.0
,0.05447117566954154,0.013565721156997768,0.46203859060402686,0.008564270506405153,0.00022393514690907033,0.0012699128849847938,0.04472682256181839,0.00026787444603396045,1081.5000000000052,0.0008727780101546948,0.00022393514690907028,11324.257999276424,0.4909214707217431,0.0
,0.015887426236949616,0.002190029831895647,0.4070583887657058,0.0061444752929006585,0.0002831340897424101,0.0011165690053142547,0.0014980757470526378,0.0003089680938424628,948.4166666666802,0.000122204944631509,0.0002831340897424107,23708.72565487742,0.43051142381600843,0.0
,0.11756695415342715,0.028904145198066177,0.5147196261682243,0.009363249722735082,0.0014554294284445325,0.0032328652142003334,0.1890269787526524,0.0014149697933815175,1208.8333333333335,0.0024799312204900896,0.0014554294284445297,7893.521055219025,0.5487214404599788,0.0
,0.05719473445301861,0.016094355725311746,0.49152164212405175,0.00863324538351116,0.00030101017520268043,0.0013798118791062326,0.06270560566857837,0.000284787014594424,1131.000000000001,0.0007684705163793517,0.0003010101752026806,13487.654090002994,0.513390830685429,0.0
,0.049024058102587385,0.01367405039412951,0.48047982551799345,0.008419754704587225,0.00017195711206449395,0.0011412616585539821,0.04565343904351152,0.0001604913396941202,1107.833333333336,0.000552431866921755,0.00017195711206449427,14721.625946744978,0.5028748676047813,0.0
,0.2115297321833863,0.05118730001377314,0.5438163416440385,0.009708960585524142,0.00595415436113344,0.0063188372930954445,0.48075839452082864,0.005845706029455673,1315.9999999999995,0.00563682351091733,0.005954154361133443,5497.466026498549,0.5973672265093055,0.0
,0.051293690422151615,0.013330066244513076,0.48385679771579176,0.008484113692941685,0.0002550155231856803,0.0013314806851348836,0.04354717994977704,0.0002530827246907154,1114.833333333335,0.0005453340317521646,0.00025501552318568,14454.596546989578,0.5060523528521712,0.0
,0.02587380844303223,0.00557486071304929,0.4268552606084092,0.007273715610205552,8.63702599293545e-05,0.001248630837942826,0.00786151524097647,0.00011947116063901028,997.0000000000115,0.0003525632230965346,8.637025992935457e-05,16369.110836484533,0.4525646845211076,0.0
,0.06354970494779846,0.010327684702854919,0.4790171776473146,0.008759004286596737,0.0010460111255969058,0.0028515933680410173,0.027357464096936984,0.0010447158383123888,1116.500000000003,0.0004813732105151475,0.001046011125596903,12820.160511189128,0.5068088969586927,0.0
,0.09396277802995914,0.023374794291925054,0.5081891580161476,0.009179967419781304,0.0007237817431853908,0.0023680071534410646,0.12778332342820786,0.0007670245867287167,1182.333333333333,0.0014799919092693687,0.0007237817431853903,9464.566637330068,0.5366923891662884,0.0
,0.03495233772128915,0.010408748057193981,0.4696226817309742,0.00787177910044245,8.954807824440946e-05,0.0008193716092422667,0.026723437659444956,8.465260755027946e-05,1079.7500000000043,0.0004132823959858792,8.954807824440945e-05,17488.97051790049,0.4901270994098956,0.0
,0.0022696323195642307,0.0005707468079388701,0.3776787244985428,0.0018509299608621332,4.69587820754712e-08,3.978360648250503e-05,8.207912720281021e-05,5.060436717639333e-08,870.4166666666828,3.674224049434324e-05,4.6958782075471205e-08,57534.68718019609,0.39510515963080645,0.0
,0.09759418974126192,0.019313094978165263,0.49729119638826186,0.009208317671653388,0.0014066062454992604,0.0035821533025587444,0.09024697006244548,0.001473990486997529,1169.4166666666663,0.0022189631663986206,0.0014066062454992615,7818.908496056634,0.5308291723407474,0.0
,0.14616432137993646,0.0355796764340025,0.5222854433380749,0.009511226146547407,0.002023251555990528,0.004478089077046979,0.27169360579269497,0.0018904223270360568,1240.2499999999998,0.0019373466521734244,0.002023251555990521,8252.29532083686,0.5629822968679074,0.0
,0.1112119836586473,0.03198866420580128,0.5120874012087401,0.009322459579858562,0.00039727209479031324,0.0020850526087794205,0.22486106854079524,0.0003895055207352822,1200.5,0.0016177936537862506,0.0003972720947903146,9298.544719945216,0.5449387199273718,0.0
,0.07943713118474807,0.023455909619458162,0.49306177260519246,0.009018220180603774,0.0001853846506391336,0.0015214266202767284,0.12783259064700475,0.0001863551643658835,1149.500000000001,0.0010545112917713804,0.000185384650639134,11292.712439393266,0.5217884702678166,0.0
,0.048116205174761686,0.0074920984507617725,0.4624265323257767,0.008384351068704372,0.00043641051202974367,0.0021310486009728665,0.014471234723571846,0.00045333173937137707,1077.833333333339,0.00032773357418226345,0.0004364105120297436,14910.41255469407,0.48925707368739596,0.0
,0.038129822968679075,0.011211788306571059,0.47193658954584405,0.008027494210676276,4.943832164535428e-05,0.0008434569434080961,0.030900837566780037,4.857082724932809e-05,1085.9166666666713,0.0006027868524700012,4.943832164535432e-05,15022.977123305174,0.49292631260402486,0.0
,0.09214707217430776,0.025298148094735084,0.47694306126867286,0.009158156592610866,0.0004750337820009953,0.002193302684943581,0.14696215880712937,0.0004960906097155322,1133.750000000002,0.0014518229820228378,0.0004750337820009956,9264.217189413086,0.5146391284611893,0.0
,0.023604176123467997,0.006051119819800883,0.43980834497903776,0.00710164358437546,2.2745092296998945e-05,0.0005357802278882167,0.00911020061471837,2.426230921546585e-05,1019.0833333333428,0.00019349473637040001,2.2745092296998982e-05,21693.802806031144,0.4625888939325163,0.0
,0.04766227871084884,0.00733176218873876,0.4615545778336476,0.008367305707774629,0.00059134050313561,0.0023211063563004734,0.014034710856224618,0.0005982877677187718,1076.2500000000052,0.0003260818060246374,0.0005913405031356094,14900.405455368831,0.4885383567862006,0.0
,0.008624602814344077,0.0019861181109920877,0.40526122148638705,0.004656643905706776,2.261008919504365e-07,0.0001900385833336499,0.0009955339469532789,2.389579600182427e-07,938.500000000013,6.79008736369247e-05,2.2610089195043648e-07,36274.39665159188,0.4260099863822061,0.0
,0.0699046754425783,0.02234859515358545,0.4950561797752809,0.008880854821352027,9.187018953890833e-05,0.0012253426949369766,0.11674302806362453,9.129882647786465e-05,1145.5833333333333,0.0015597385279749203,9.18701895389083e-05,10663.54539777416,0.5200105916174913,0.0
,0.17793917385383567,0.0451820120637068,0.5323827936201063,0.009625935407294613,0.002134078901443902,0.004065050355249294,0.39945650733217525,0.0020977352948384665,1276.916666666666,0.005065188451366621,0.002134078901443903,5849.079646321716,0.5796262672113784,0.0
,0.07535179300953246,0.015461527041936709,0.49852907897714416,0.00895404799437073,0.0007929396894383222,0.0031332798551115173,0.05887761550904686,0.0008203368857546981,1154.7500000000007,0.0007911405612026301,0.0007929396894383217,11670.816578903798,0.5241715842033591,0.0
,0.11892873354516569,0.02596935369661009,0.5136395430170203,0.009372182450803445,0.0016242669222866564,0.0033971810127973907,0.1558719059948987,0.001645628750111049,1208.4166666666665,0.0030598812254719896,0.0016242669222866616,7004.128526652309,0.5485323044333485,0.0
,0.025419881979119385,0.005225178786931903,0.4483109483109483,0.007252434936836727,6.262259273877547e-05,0.0008414910051477519,0.006872751626355802,7.229788822349763e-05,1036.0833333333414,0.00021630569966465913,6.262259273877539e-05,19389.057151636065,0.4703056438190346,0.0
,0.21470721743077623,0.05658120307724834,0.5454320376330775,0.009716489434645101,0.003003371239874661,0.0046348761492201185,0.5496966913711634,0.0029273419019270083,1320.333333333333,0.005865438372114721,0.0030033712398746595,5546.124660830708,0.5993342411862611,0.0
,0.04584657285519746,0.012489316972154156,0.4747844827586207,0.008321665123379816,0.00010748834796838426,0.0011214015564905992,0.03826590987596381,0.00011316675777891121,1096.3333333333374,0.0006735665759422219,0.00010748834796838444,13891.555754356647,0.4976547132697836,0.0
,0.015433499773036768,0.004079460090048117,0.42677256877179387,0.006122369747462195,5.519225182644551e-06,0.0003244669132442772,0.004154111688265349,5.957942616488656e-06,988.3333333333444,0.00013808570019954397,5.519225182644546e-06,26711.750949954432,0.44863065516719625,0.0
,0.01997276441216523,0.005203745582577164,0.4310311093719429,0.0067315255581471695,1.360168410764837e-05,0.00043760871355356777,0.006741886920419818,1.5122585705931043e-05,999.8333333333438,0.00016673212933701734,1.3601684107648372e-05,23559.018697861862,0.453850809502194,0.0
,0.014525646845211076,0.003743646920118382,0.42138485080336646,0.0059740234477737445,4.227126474715676e-06,0.0002955799674290699,0.0035000675508567738,4.5404814038215216e-06,976.7500000000117,0.00011630768959695052,4.227126474715671e-06,27717.4380833735,0.44337267362687244,0.0
,0.07262823422605538,0.019832183891365773,0.4913024085637823,0.008922906853577075,0.00018645870245093569,0.0014803606643899938,0.09334629437220265,0.0001914405076353668,1142.0000000000018,0.0011926867050763357,0.0001864587024509353,10649.264445982677,0.5183840217884703,0.0
,0.016795279164775308,0.004182383981584912,0.430441578741696,0.006325757062514719,7.935032051048574e-06,0.00037974092190686627,0.004372579989854811,8.563070103391883e-06,996.666666666677,0.00013611078212832328,7.935032051048567e-06,25598.658610624403,0.4524133756998033,0.0
,0.017703132092601,0.004633801784145598,0.4328944782865003,0.006453242821584938,7.885070952470638e-06,0.000367677764351545,0.005350042068720929,8.372341866239365e-06,1001.5833333333438,0.0001469088569129819,7.885070952470636e-06,25180.438219835098,0.4546451808140415,0.0
,0.16159782115297322,0.04455470282302909,0.5303322099181512,0.009573062467247368,0.001674467829989451,0.0035719312569351125,0.39046966189694915,0.0016550242202392677,1262.1666666666665,0.005315371419688774,0.001674467829989453,5855.936005222877,0.572930851868664,0.0
,0.082614616432138,0.018378988342139357,0.5010234250625426,0.009051099087482983,0.0008452083265122319,0.0031746774689235505,0.08183369195271117,0.0008539081560031502,1163.7500000000002,0.000956399894224392,0.0008452083265122352,11043.183098137893,0.5282569223785747,0.0
,0.0022696323195642307,0.0006988063002338226,0.3487967067764408,0.0018514758226321623,1.5143335967649687e-08,1.810865542577605e-05,0.0001218582583875475,1.5143335967649724e-08,794.1166666666812,1.6163323450942822e-05,1.5143335967649684e-08,72242.576841434,0.36047057043425634,0.0
,0.07852927825692238,0.01722972230182482,0.49729119638826186,0.008998856035018802,0.0007516055501556059,0.003082678623505269,0.0723460987821001,0.0007583438160191296,1155.250000000001,0.0008729052284245427,0.0007516055501556062,11374.015102972378,0.5243985474353154,0.0
,0.03858374943259192,0.008484215519659206,0.47264535507401845,0.008044548743746908,0.0001173871788335682,0.0010521988131684053,0.017963880125488284,0.00012924473466602817,1087.7500000000036,0.001007147612287024,0.00011738717883356828,12390.156872170257,0.49375851112119834,0.0
,0.03994552882433046,0.010661549578861753,0.4850286217525319,0.008089241281400388,0.001078774057732029,0.0017802567321728426,0.02895429207097593,0.0010985636550964412,1108.3333333333348,0.0005725597342285071,0.0010787740577320275,15472.704732018174,0.5031018308367378,0.0
,0.007262823422605538,0.0020604816306016007,0.3664947596073865,0.004230042296382624,1.9430828559951044e-07,8.614339819939946e-05,0.0010588743060372333,1.9389443047519176e-07,844.5833333333495,5.012585042527135e-05,1.9430828559951044e-07,40266.71707758213,0.3833787259797246,0.0
,0.0817067635043123,0.02444327526402959,0.49438958707360864,0.009047065644896253,0.00019077420754410107,0.001539265349856181,0.1380167283465139,0.00018852125856504633,1153.1666666666674,0.001097079209429273,0.0001907742075441011,11142.899417240513,0.5234528673021638,0.0
,0.07898320472083523,0.023982776703282607,0.4929514432759006,0.00901267395935095,0.00013100190043497273,0.001418515237827517,0.1331344416928514,0.00013190715476071047,1149.0000000000007,0.001074015019598361,0.00013100190043497281,11306.396117344135,0.5215615070358602,0.0
,0.1761234679981843,0.046560530457611014,0.5339311682016481,0.009620664527728546,0.0018773664292688333,0.003795347259032981,0.4176858176069025,0.0018191057731043688,1277.5833333333333,0.006496369408498008,0.001877366429268829,5391.102656962203,0.579928884853987,0.0
,0.012256014525646846,0.0024624108731003715,0.4092513468326212,0.0055093049427384,0.0001607353753773669,0.0006764725464981381,0.0017430128203630671,0.0001607860715548483,949.5000000000127,8.162227205267143e-05,0.00016073537537736663,30599.03025232238,0.4310031774852474,0.0
,0.07308216068996823,0.017053095940774646,0.4876051350154936,0.008927780789128325,0.00034076490406699365,0.0018249383193725977,0.07024932795600385,0.00031750253437805396,1136.8333333333342,0.0007419841555795043,0.00034076490406699387,11904.52885141837,0.5160387350582538,0.0
,0.012256014525646846,0.0028551595833989675,0.42138485080336646,0.005530190596822576,5.191039163800107e-05,0.0004790731491696039,0.0021283161889781477,5.7375615730698306e-05,974.5000000000116,9.200646148926915e-05,5.1910391638001064e-05,30531.299231031604,0.44235133908306856,0.0
,0.18429414434861552,0.04968210070091419,0.5331558567279767,0.009643091693974391,0.0018921437542804358,0.003913279309396354,0.45845345269223053,0.0018602715408827582,1282.4999999999995,0.005098757164232341,0.0018921437542804324,5754.711852642353,0.5821606899682251,0.0
,0.044938719927371765,0.012234857073944935,0.4671331636980492,0.008290905757598013,0.00011902396503531409,0.0010754192506175876,0.03656520020021404,0.00013865564129248944,1083.2500000000043,0.0005690147898999687,0.00011902396503531391,13610.263492295795,0.49171584203359053,0.0
,0.04448479346345892,0.012712826282290018,0.47550183466436435,0.008276342549254311,9.021209970425861e-05,0.0010325498847502355,0.03956562659377032,9.15217891397878e-05,1096.4166666666706,0.0006827616975614727,9.021209970425859e-05,14048.191654786398,0.49769254047510975,0.0
,0.015433499773036768,0.003907898341054352,0.42090179594956056,0.006121837139602304,6.156598613368002e-06,0.00033022131505218357,0.003813821818103345,6.555156305195395e-06,976.3333333333452,0.00012261247869716098,6.1565986133680015e-06,26783.795203899692,0.4431835376002421,0.0
,0.12709940989559693,0.03464753394100346,0.5176221804511278,0.009420693268276882,0.0014437627436958362,0.0029684078629763355,0.2591001414785175,0.0013847204027841473,1219.8333333333337,0.004549916937890189,0.0014437627436958366,6287.919593823727,0.5537146315630201,0.0
,0.014525646845211076,0.0037171345846391183,0.4205803741886216,0.005973755840634374,4.2978428260951505e-06,0.00029901326669545597,0.0034514436699142666,4.645734063448039e-06,975.0833333333452,0.00011526313568909349,4.297842826095149e-06,27718.721128551308,0.44261612952035106,0.0
,0.017249205628688154,0.004910800291077059,0.43998402236868384,0.006391066234877563,6.390638197248646e-06,0.000357014017451429,0.0060069303077637725,7.409245129746628e-06,1015.5833333333414,0.00017018607647571607,6.3906381972486455e-06,25149.435446701493,0.4610001513088213,0.0
,0.017703132092601,0.004621179004007064,0.4289330218068536,0.006451679342210251,8.410465777379105e-06,0.0003790242561071357,0.005324695554067756,9.444400816922385e-06,993.8333333333441,0.00014146624705358094,8.410465777379118e-06,25160.701005404146,0.4511272507187169,0.0
,0.08715388107126645,0.01947362931874555,0.5044653079917564,0.009103644600979557,0.0011279130152741929,0.0034273979318799708,0.09148681235029886,0.0011328591087547682,1172.0833333333342,0.0010030905204608247,0.0011279130152741929,10779.782936972802,0.5320396429111817,0.0
,0.07943713118474807,0.01928855994877351,0.4937247870909906,0.009016697352058786,0.0004264427637890931,0.0019657648748767844,0.08891484884050242,0.0003929892094078709,1150.6666666666672,0.0009027997587265061,0.0004264427637890938,11332.703250348126,0.5223180511423816,0.0
,0.018157058556513846,0.0052148084401146926,0.43797216699801195,0.006512397830629921,6.3961829520081254e-06,0.00037090343221831464,0.006771324004861802,6.90039077854387e-06,1012.0833333333425,0.0001937986595776401,6.396182952008123e-06,24552.79321996356,0.45941140868512637,0.0
,0.03994552882433046,0.011163541631430421,0.4706259346293527,0.008103919033134978,7.71926160723653e-05,0.000858499785579804,0.03060327223419254,8.297426004911189e-05,1085.4166666666704,0.0008399550297581927,7.719261607236533e-05,14571.829498629155,0.49269934937206844,0.0
,0.04176123467998184,0.01018392060800912,0.47447770837820374,0.00816040015920563,0.0007141811352069938,0.002021974565934534,0.026302491145817623,0.000733655622485481,1092.9166666666706,0.0005255949607445354,0.0007141811352069929,15136.606864169766,0.4961037978514148,0.0
,0.07898320472083523,0.02359448137218526,0.49317215133199016,0.009012458280281117,0.00014930955403535647,0.0014648148862107008,0.12919833010767034,0.00014729865121587845,1149.3333333333342,0.0010655516882465258,0.000149309554035356,11315.436373875093,0.5217128158571644,0.0
,0.14207898320472084,0.0400079215498107,0.5185969868173258,0.009496021299502827,0.0006893092529745294,0.002633183335839086,0.3285926339460343,0.0006716265456086976,1232.1666666666665,0.003638057528531119,0.0006893092529745316,6911.0263090644985,0.5593130579512786,0.0
,0.05991829323649569,0.013695076761204674,0.47550183466436435,0.008692237746625512,0.0002246453069857345,0.0015654736132969446,0.04595515381560256,0.0002096585206982228,1108.083333333336,0.0005591812655772463,0.00022464530698573424,13288.065044379116,0.5029883492207595,0.0
,0.08125283704039946,0.018204320230377612,0.500568052715292,0.009034607671123409,0.0007801689449762017,0.0030691973574439,0.08032527145083282,0.0007815196470117027,1162.0833333333337,0.0009491030258517632,0.0007801689449762008,11160.087901284747,0.5275003782720532,0.0
,0.06763504312301408,0.014546227118553122,0.4920705829796739,0.008832325063558225,0.0005538908112243301,0.0028035466863349625,0.052256938457594104,0.0005772724249824391,1139.500000000001,0.000738688649735428,0.0005538908112243301,12331.809690260367,0.5172492056286881,0.0
,0.16295960054471176,0.04630847468413809,0.5302045728038508,0.009578162148123459,0.0011008716812511206,0.0031966779688121683,0.41354814606092627,0.0010661440454539386,1262.9999999999998,0.004249087309009368,0.00110087168125112,6354.473671119318,0.5733091239219247,0.0
,0.29641398093508853,0.06783645893404802,0.5780635003935974,0.009839881610722264,0.009035801218112965,0.007630390778930158,0.6846339438975815,0.008807993870835187,1418.333333333333,0.035489759024361044,0.009035801218112953,2587.104056701806,0.64381903464972,0.0
,0.09441670449387199,0.02427407502373457,0.4971789663732792,0.009183127664664973,0.0005467224303270759,0.0021702929005892628,0.136765995937784,0.0005237087571441875,1166.666666666667,0.0011116535713043504,0.0005467224303270774,10319.068351549937,0.5295808745649871,0.0
,0.04221516114389469,0.009102576306003467,0.4641803624104509,0.00819009235490894,0.00015805851042828504,0.0011672184777807384,0.02063547923288332,0.00017374466614139528,1076.166666666671,0.00038718693540918666,0.00015805851042828472,15371.84552343784,0.4885005295808746,0.0
,0.18883340898774398,0.0523372484451372,0.538894324853229,0.009656063312161905,0.002553787832465576,0.0043202894808567986,0.4948161902073227,0.002467273430238677,1293.1666666666663,0.004879503135846619,0.002553787832465579,5905.44348259714,0.5870025722499622,0.0
,0.07535179300953246,0.016487945502320082,0.49472265888165284,0.008957830835653434,0.0009678384958162988,0.002695371914296268,0.06648245136426423,0.0009958630220051157,1149.2500000000002,0.0010877214139724857,0.0009678384958162997,10502.44165490749,0.5216749886518384,0.0
,0.04085338175215615,0.010313252798297803,0.460589588124608,0.008134234508469097,0.00023723594131206175,0.0012986922388825112,0.026333782508996942,0.00027617747710930623,1069.0000000000048,0.00037747066288008673,0.00023723594131206134,16429.738863145365,0.4852473899228325,0.0
,0.07898320472083523,0.01885399598689793,0.4979656419529837,0.009004974089278221,0.000793871648083793,0.003020715685366322,0.08576595881413102,0.0008022124810705409,1156.5833333333342,0.0009768118308061077,0.0007938716480837934,11278.472422286402,0.5250037827205326,0.0
,0.1425329096686337,0.036130147979493495,0.5232779097387174,0.009497312363322852,0.0017469366362200304,0.0034783948133751794,0.27836592398758975,0.001706473729969253,1238.833333333333,0.005376126058022481,0.0017469366362200323,5810.90765310882,0.5623392343773642,0.0
,0.1348161597821153,0.03852366451370229,0.5153216374269006,0.009461857817605486,0.0005477346328672849,0.0024310927742214913,0.3087531412315275,0.0005344076263895767,1222.3333333333335,0.003506482925470957,0.0005477346328672865,7052.297825846959,0.5548494477228022,0.0
,0.031320926009986386,0.008225530552975568,0.47529665587918013,0.007660755981595782,0.00030109542574235346,0.0013081689166365613,0.017045617660075566,0.00032440396197829115,1086.5000000000032,0.0003694869521598951,0.0003010954257423533,17820.21629506515,0.4931911030413073,0.0
,0.15524285065819338,0.04282112229641878,0.5245238095238095,0.009549042980779202,0.0018137686795044804,0.0036144732959748176,0.3661870530294479,0.0017744481698775518,1249.8333333333342,0.003241643295291147,0.0018137686795044764,6893.077701459327,0.5673324254804055,0.0
,0.08896958692691784,0.020616680464512635,0.5033127713045465,0.00912750305083098,0.0007681598118614974,0.002449423360014219,0.1012354985389523,0.0008246051935843936,1171.666666666667,0.0014903380453354807,0.0007681598118614987,9630.465937410723,0.5318505068845514,0.0
,0.018157058556513846,0.004661796621364681,0.43052569865155366,0.006507278069958432,3.808344146724315e-05,0.000524543617279358,0.005453603382436602,4.8442315582217234e-05,997.8333333333437,0.00015730715153187567,3.808344146724317e-05,24682.007647080354,0.4529429565743683,0.0
,0.10122560145256469,0.029962415044316012,0.5060877555708707,0.00924558675492396,0.0003125183859272287,0.0018994022975847957,0.2001728161262635,0.00029730746053169705,1184.7499999999998,0.0014777293511793745,0.00031251838592723,9729.342264458362,0.5377893781207445,0.0
,0.038129822968679075,0.009151512200694606,0.4711291702309666,0.008017332811128623,0.0005160859369801169,0.0013569649328683826,0.021158693578877404,0.0005005560452340486,1084.7500000000039,0.000570640170106806,0.0005160859369801173,14347.58401825392,0.4923967317294598,0.0
,0.0817067635043123,0.02403705156652366,0.4951674533603057,0.009047009430784044,0.00017154438214686066,0.0015382822859682187,0.13379314421558083,0.00016807847761253204,1154.3333333333344,0.0010983686334420702,0.00017154438214686063,11107.899034963788,0.5239824481767287,0.0
,0.06627326373127554,0.014234642749001917,0.4926207513416816,0.00880812446525836,0.0005520763377369432,0.002786746037468511,0.05011746292927724,0.0005837965628725879,1139.250000000001,0.0007099569425255114,0.000552076337736942,12448.278821503483,0.5171357240127099,0.0
,0.19836586472991377,0.056700221123720244,0.5430120778900666,0.009680256660917763,0.002083754389252953,0.004073233034661655,0.5512846508250435,0.0019755969483701164,1305.333333333333,0.006453314778107388,0.0020837543892529525,5460.272785672914,0.5925253442275684,0.0
,0.09986382206082615,0.02745340997281462,0.4919606967396159,0.009230579385162786,0.0004354862512722824,0.0022007910723307713,0.17057026537840694,0.00045021001021878056,1162.8333333333342,0.0015710631122558185,0.00043548625127228267,8960.448908500957,0.5278408231199878,0.0
,0.09441670449387199,0.020969854337380696,0.5064367816091954,0.009178108558005197,0.001340039651241622,0.0036591999342932197,0.10527233551821324,0.0013224282207871666,1180.1666666666667,0.0011314346664695535,0.001340039651241622,10323.78688729012,0.5357088818278106,0.0
,0.07353608715388107,0.0169916410938059,0.48685082872928176,0.00893432974281187,0.0003832304157405968,0.0019167897481862156,0.06982731618093545,0.00036181905528264986,1135.916666666668,0.0007622272547145091,0.00038323041574059714,11802.046008809459,0.5156226357996672,0.0
,0.04403086699954607,0.006159610072231393,0.45507126626730016,0.00824409652726731,0.0004961805601509541,0.0022832478153085815,0.010048616840894682,0.0004897977611182081,1062.416666666673,0.00028181054937360386,0.0004961805601509553,15537.758242353222,0.482259040702073,0.0
,0.042669087607807535,0.011120778023587347,0.47519413287316653,0.008196605451384547,0.0007710009266607566,0.001985056438100525,0.031192951687727063,0.0007635613570456237,1094.8333333333374,0.0005644626042158356,0.0007710009266607579,14917.996769743442,0.49697382357391434,0.0
,0.05537902859736723,0.009978248881707497,0.47447770837820374,0.008587426319759513,0.00030579964781847095,0.0016649408732343643,0.024878661916293707,0.0003194486089029976,1103.16666666667,0.0008902832421308492,0.00030579964781847117,10684.086898239306,0.5007565441065215,0.0
,0.0935088515660463,0.028328353128484397,0.5042343785763332,0.00917559563842879,0.00041462836629346404,0.001908990214352379,0.1811253888803866,0.0003986429765832702,1176.333333333333,0.0018111335986264645,0.00041462836629346437,9273.21911375803,0.5339688303828113,0.0
,0.042669087607807535,0.010636682846151076,0.4757071906715612,0.008195527746434141,0.0007626204010845946,0.00203157486035698,0.02862864923051825,0.0007750444681168347,1095.5000000000036,0.0005463398902470957,0.0007626204010845932,15090.270106010064,0.4972764412165229,0.0
,0.08034498411257376,0.02354923365296405,0.49427866277765314,0.009029776595404998,0.00023908520664226433,0.0015794714857837262,0.1288467376769804,0.00024274712339858795,1152.0000000000005,0.0010746119611665242,0.00023908520664226395,11223.073609140858,0.5229232864275988,0.0
,0.09714026327734908,0.029605283655661674,0.5025091240875912,0.009209863319524293,0.00023675415163519118,0.0017712547445812902,0.19570964322514847,0.00022859387213737515,1176.5000000000005,0.0013686916184927637,0.00023675415163519145,10170.972659420599,0.5340444847934634,0.0
,0.076713572401271,0.01798611870763908,0.48966436985996886,0.00897999513768178,0.00040885264889105387,0.0019412742212766329,0.07781971596247829,0.0003870939244525716,1142.5833333333342,0.0008037824884713021,0.0004088526488910533,11541.073560282255,0.5186488122257528,0.0
,0.016795279164775308,0.004311624153437039,0.42090179594956056,0.006326767963893245,6.443114455199963e-06,0.0003456703313001267,0.004636335665649708,6.915678092000164e-06,977.1666666666783,0.0001371795361029186,6.443114455199968e-06,25504.353947055093,0.4435618096535028,0.0
,0.013617793917385384,0.003181637738659491,0.4279331779331779,0.005796598938706441,6.705031360871132e-05,0.0005678435048653594,0.002642094795485436,7.038469047023685e-05,988.7500000000107,0.0001077655499861717,6.705031360871143e-05,28639.8739423899,0.4488197911938266,0.0
,0.06945074897866546,0.016080070324004023,0.4837505489679403,0.008870618468128791,0.00030743149679102584,0.0017705190440426952,0.06276204195398123,0.0002808822787664924,1128.083333333335,0.0007315779934693263,0.0003074314967910266,12209.329769435471,0.5120668784990164,0.0
,0.07444394008170677,0.02221364008097309,0.48922940262047526,0.008949993356120503,0.00011709882088737126,0.001380655473157054,0.11540490492425483,0.0001150602950189992,1140.0000000000011,0.0009917778287843772,0.00011709882088737153,11672.591879775626,0.5174761688606446,0.0
,0.15024965955515207,0.04202156737686228,0.528804608737398,0.009530566395473878,0.001184779516786173,0.003174667019251881,0.3560802490559606,0.0011365303444319322,1251.8333333333335,0.0030019889562332438,0.0011847795167861763,7329.98255774074,0.5682402784082312,0.0
,0.07262823422605538,0.01634444145698216,0.49317215133199016,0.008920237158282879,0.0004374438446444387,0.0020059990432148072,0.06502962473952971,0.0004341844524196276,1144.8333333333342,0.0015589589401057027,0.00043744384464443873,10132.74181176186,0.5196701467695566,0.0
,0.04403086699954607,0.006529775939178481,0.456580310880829,0.008247579396353611,0.00039030143073647916,0.002082873771397148,0.011091308175864413,0.00038822257518431107,1064.9166666666729,0.00029056626198256034,0.0003903014307364786,15543.337992421195,0.4833938568618551,0.0
,0.013163867453472538,0.0026707955866326493,0.41123763300354677,0.005691844843829632,0.00017707799030745113,0.0007035559313517891,0.002030000968580191,0.00017461748428131745,954.4166666666794,8.735885345975591e-05,0.00017707799030745094,29538.480908445512,0.4332349825994855,0.0
,0.13799364502950523,0.039148559747993125,0.5232779097387174,0.009476891447248224,0.0008243029611273153,0.002864651622558653,0.3174247923217288,0.0007860932142196325,1235.5,0.0028043140534107524,0.0008243029611273145,7628.849867073278,0.5608261461643214,0.0
,0.08624602814344076,0.026360865340186283,0.5007956353716754,0.009100568872140911,0.00015963343840308544,0.001527546966488071,0.15864751421485587,0.00015775719506439456,1166.1666666666663,0.0018211902870768194,0.00015963343840308562,9641.2280676819,0.5293539113330308,0.0
,0.07716749886518384,0.023253933674215684,0.4922905027932961,0.008988311755253959,0.00015075229318762246,0.0014343514237331993,0.12575488303714788,0.00014909693466806173,1146.6666666666677,0.0010373785284573827,0.00015075229318762222,11462.835046072978,0.5205023452867302,0.0
,0.020426690876078075,0.004384519801861918,0.4356337749653945,0.006770776975312634,9.249175412565642e-05,0.0008393818452077295,0.004873780447541245,0.00011499647717012944,1008.916666666677,0.00017666196992610864,9.249175412565642e-05,21390.06850005185,0.45797397488273567,0.0
,0.08488424875170222,0.02687905963141225,0.49977313974591653,0.009085205290787437,0.0001763413532069798,0.0015397834472217421,0.16440607315327513,0.0001667055297722964,1163.5,0.001681305914436055,0.00017634135320697978,9720.693632288116,0.5281434407625964,0.0
,0.02088061733999092,0.005370296858538159,0.43623762376237624,0.006832712223277398,1.7112979833323017e-05,0.0004720343578938179,0.007182303369017446,1.8297381780557988e-05,1011.0000000000085,0.00017484282126532794,1.7112979833323038e-05,22986.459886985922,0.45891965501588744,0.0
,0.08942351339083068,0.024952336008261886,0.4786009124484032,0.009130716909681464,0.0003117743018616229,0.001982029297116594,0.1431348245637997,0.00031999438364421664,1134.4166666666688,0.001415439351947964,0.00031177430186162246,9393.44139109799,0.5149417461037978,0.0
,0.09487063095778484,0.02208018158878722,0.5012514220705347,0.00918786116359416,0.000806295215637143,0.0025237597720516747,0.11501564904208543,0.0008357280071729408,1172.9999999999998,0.0013755095576640812,0.0008062952156371431,9282.248683340309,0.5324557421697685,0.0
,0.14707217430776215,0.0415732144686985,0.5256502028155572,0.009517307037371489,0.00105717042812996,0.003093554966056434,0.34989565215740936,0.0010038530874589924,1245.3333333333333,0.0029604379204472378,0.0010571704281299602,7386.981904919411,0.5652897563927977,0.0
,0.018157058556513846,0.00470621994053086,0.43111545988258315,0.006511423084628771,9.597315193283454e-06,0.00039540332152669184,0.005523293430972021,1.0278261068715109e-05,998.9166666666773,0.00015219649250744997,9.597315193283464e-06,24664.30301891196,0.4534347102436072,0.0
,0.03177485247389923,0.005373129635029846,0.460589588124608,0.007662400137200318,0.0012968035299026671,0.002212221354183886,0.008452434137533195,0.0013240427589608745,1062.2500000000057,0.0003111349705484635,0.0012968035299026684,16038.438827857859,0.48218338629142077,0.0
,0.07852927825692238,0.01939790517644139,0.4880372175454143,0.009004541095561222,0.00041386938977431697,0.0019699345861500087,0.08983745155475463,0.0003882973071006393,1141.2500000000014,0.0008435345554887381,0.0004138693897743165,11428.533012022555,0.5180435769405356,0.0
,0.029505220154335,0.005859517127448317,0.45857618651124066,0.007553220595992364,8.984481214954858e-05,0.0009040988165971661,0.008610042197949759,0.00010270805035263032,1057.416666666673,0.0003607751108147545,8.984481214954857e-05,16334.15528416305,0.47998940838250875,0.0
,0.015887426236949616,0.00418627284309885,0.42365384615384616,0.006193933393940993,5.3804235664968555e-06,0.0003217710006571992,0.0043690245084449545,5.624092513919e-06,982.0000000000118,0.00013326665692022129,5.380423566496855e-06,26288.632437913893,0.4457557875624149,0.0
,0.013163867453472538,0.003571964880395651,0.4137089201877934,0.00573079341420096,2.6099105184375637e-06,0.00024141263892438165,0.0031813308545117205,2.6833246465714686e-06,959.7500000000127,0.00010637082111073236,2.609910518437561e-06,29211.94875983158,0.43565592374035406,0.0
,0.014979573309123922,0.003803070542284541,0.41636741636741637,0.006050024002523338,5.08257719482e-06,0.0003058019220767777,0.0036095527371970927,5.253330346841381e-06,966.6666666666795,0.00011416540583879192,5.0825771948199985e-06,27231.614109768085,0.4387955817824179,0.0
,0.05946436677258284,0.01434805611893322,0.4891207815275311,0.008683235963692885,0.0002607498871722431,0.001536323886209649,0.050361304055878214,0.00028211746213005294,1128.9166666666679,0.001135779931703906,0.00026074988717224307,11496.189754672925,0.5124451505522772,0.0
,0.060372219700408535,0.014478808710099478,0.4887952074550699,0.008701236803850994,0.00048214306398013454,0.001936714607971858,0.05141330359865221,0.0004957532955984515,1129.1666666666674,0.0011993359895367442,0.0004821430639801349,11103.571740031313,0.5125586321682555,0.0
,0.007262823422605538,0.00199011915483613,0.35984972231296963,0.004229678450930076,3.719073146033114e-07,9.145145820167807e-05,0.0009882993344456632,3.669086590625814e-07,827.9166666666817,4.911787319009154e-05,3.7190731460331144e-07,40065.1633434093,0.3758132849145105,0.0
,0.16976849750340445,0.04820620851030131,0.5312273932963588,0.009600620018046568,0.001912169030189255,0.0037864530941016635,0.4394619027996272,0.0018504070823210875,1269.3333333333333,0.0042996305858951315,0.0019121690301892528,6250.925045037906,0.576183991526706,0.0
,0.09123921924648207,0.019953323579399735,0.5007956353716754,0.009150966059818981,0.0010931192831410278,0.0027018055412795397,0.09519574609344242,0.001147120416771319,1169.666666666667,0.0019466311214278392,0.0010931192831410254,8062.904372330072,0.5309426539567257,0.0
,0.10304130730821608,0.024906229046003488,0.509128726600416,0.009258155241282701,0.000981711079659232,0.0028895689514470023,0.14398751602011017,0.0009787207692259468,1190.3333333333337,0.0024386456001726873,0.0009817110796592342,8131.44392100438,0.5403238008775911,0.0
,0.13345438039037677,0.034246103302951206,0.5212967345007099,0.00945405435910813,0.002167438143287181,0.0036069317890334704,0.25435581583341654,0.0022443814847363437,1229.5,0.0033474298280115463,0.0021674381432871853,6720.509456525571,0.5581025873808443,0.0
,0.08352246935996369,0.02637569996895104,0.49932003626473254,0.009069232841243238,0.000180760962852945,0.0015410660449167717,0.1588371672830552,0.00017341708819078016,1161.833333333333,0.0016421191362870496,0.0001807609628529452,9804.54588678488,0.527386896656075,0.0
,0.18338629142078983,0.04701887453599466,0.5352283770651117,0.009641809229676768,0.002091077598061612,0.004081031955540985,0.42400484139814587,0.002052669962670031,1284.499999999999,0.004494620036927385,0.0020910775980616096,6094.527754252683,0.5830685428960508,0.0
,0.008624602814344077,0.0025054652738651867,0.3800897170462388,0.004658161679394648,2.6935345900325776e-07,0.0001371983793145066,0.0015655198249847437,3.0646943200115093e-07,880.5000000000164,9.443741253510017e-05,2.6935345900325776e-07,31510.115485730887,0.399682251475261,0.0
,0.07399001361779392,0.02048500733375866,0.49561304836895387,0.008940926925326206,0.0005534299781583976,0.0018611172800486022,0.09968307055480709,0.000543568694500657,1149.416666666667,0.001813517413868844,0.000553429978158397,9352.986099334781,0.5217506430624905,0.0
,0.016341352700862462,0.00435285989668441,0.4257827599536142,0.006261907270711316,8.037124258784727e-06,0.0003368913647832024,0.004720996813298195,8.926129006234847e-06,987.0000000000109,0.00013862819161735782,8.03712425878472e-06,26038.027951473214,0.44802541988197914,0.0
,0.09623241034952337,0.02666466806144285,0.4852422907488987,0.009198079476499596,0.0003810381108837114,0.0021197477099169234,0.16174288895553854,0.000385275381145409,1149.916666666668,0.0015126566459223625,0.00038103811088371155,9121.39641561802,0.521977606294447,0.0
,0.01861098502042669,0.004718468781922023,0.43272441563543507,0.006567640413515898,2.6294361968877197e-05,0.00048190595031928586,0.005578313734352629,3.3367756458831536e-05,1001.7500000000107,0.00016174916764604327,2.6294361968877187e-05,24312.16834675286,0.4547208352246936,0.0
,0.07035860190649115,0.016441728785609528,0.48545614808285587,0.008885407772015994,0.00032451704467552085,0.0017908048056599671,0.06550089490081389,0.00030112186260776176,1131.416666666668,0.0007475946694538617,0.0003245170446755213,12107.363003352388,0.5135799667120593,0.0
,0.08352246935996369,0.019345523532318606,0.49317215133199016,0.009067534114229886,0.0005129032331541352,0.002157151115580958,0.08951974702659918,0.0005202030073859802,1152.9166666666674,0.001438700001873063,0.0005129032331541351,9324.89370954993,0.5233393856861855,0.0
,0.07989105764866092,0.02316374209550137,0.49317215133199016,0.009024100636890676,0.0002105151439038499,0.0015803455796988336,0.12494415670038954,0.000206821343793081,1150.0000000000011,0.0010606208604131819,0.00021051514390384965,11242.36462380084,0.5220154334997731,0.0
,0.09532455742169768,0.02457931901495977,0.5040036604895904,0.009193120845873948,0.0003749456654041692,0.002029648759186075,0.14005455331033767,0.00037041278620727146,1177.4166666666665,0.002758100489513328,0.0003749456654041684,7736.2851452761015,0.5344605840520502,0.0
,0.06763504312301408,0.01362471211844317,0.49053662881318194,0.008834081783140858,0.0010277653894455163,0.0028317288793830654,0.046238552655849814,0.0010857566588823575,1137.1666666666672,0.0008970349916496797,0.0010277653894455148,11090.406984327361,0.5161900438795582,0.0
,0.09668633681343622,0.02671151412024572,0.5058553386911596,0.009203856419242975,0.0008302880442972174,0.002413405456528508,0.16303444911095152,0.000827030078172704,1181.0000000000011,0.0023352671617811282,0.0008302880442972175,8513.060329567805,0.5360871538810713,0.0
,0.018157058556513846,0.004414477128462412,0.43649692886863484,0.006510149438129265,1.5051163538971065e-05,0.00043600125619186545,0.004873493666211184,1.6052099759332842e-05,1009.3333333333426,0.00015448240119320016,1.505116353897105e-05,24641.44859530419,0.458163110909366,0.0
,0.10576486609169315,0.03150133814977771,0.508306414397785,0.009282136690541455,0.00029806984264901836,0.0019268576647572299,0.21873966987261345,0.00028758198603366555,1191.1666666666665,0.0016007231142768925,0.0002980698426490181,9503.188647257857,0.5407020729308519,0.0
,0.082614616432138,0.0253039476889851,0.49628294660959676,0.009058351342312266,0.00013081683936753678,0.0014659540104166317,0.14702828543041999,0.00012789290298163337,1156.6666666666674,0.0011343038017058162,0.00013081683936753692,11068.925486844526,0.5250416099258587,0.0
,0.08806173399909215,0.024522417583067245,0.47611843527123404,0.009116273333715931,0.0002845556636630914,0.00192089992862743,0.13856657152979923,0.00029328199705754357,1129.4166666666692,0.0013766001410866174,0.00028455566366309136,9487.904617319327,0.5126721137842336,0.0
,0.07625964593735815,0.024729589797209028,0.4967305524239008,0.008976295115776519,0.00012878714782279383,0.001363952914951615,0.14102724542021786,0.00012188205922133695,1152.6666666666672,0.0015516341626356756,0.00012878714782279377,10184.709450372564,0.5232259040702073,0.0
,0.015433499773036768,0.0036275525646481278,0.41378662659654397,0.006120797997044311,6.874358238373317e-06,0.00035430590714289044,0.003292967900052138,7.294406383466619e-06,961.6666666666796,0.00010907293637559986,6.874358238373324e-06,26859.765875038993,0.43652594946285367,0.0
,0.017703132092601,0.004613126897176568,0.43451676528599603,0.006452534361291218,7.328602369932817e-06,0.00037308089706468574,0.005306122227705713,8.154128165776198e-06,1005.2500000000094,0.00014910143236116717,7.328602369932818e-06,25048.50768858445,0.45630957784838855,0.0
,0.022696323195642305,0.004527388887917716,0.43771110669580765,0.007009639465868023,5.574512183744695e-05,0.0007720114049785083,0.0051671464472776,6.334455260318331e-05,1014.6666666666766,0.00018344131246028324,5.574512183744693e-05,20402.51121476345,0.4605840520502345,0.0
,0.17476168860644575,0.044491038485715236,0.5316119691119691,0.009616645761585926,0.0018016986442304533,0.003908968752970867,0.38988808708051786,0.0017559867003653516,1273.499999999999,0.004217519428041898,0.0018016986442304463,6255.73764034919,0.5780753517930095,0.0
,0.1693145710394916,0.048276595295224795,0.535879348090489,0.009599861723225304,0.0016766681535472447,0.0034463216189881437,0.4407472416782783,0.0016080966016522715,1274.9999999999998,0.004801427378657288,0.0016766681535472444,6105.735249368081,0.5787562414888788,0.0
,0.08669995460735361,0.019782316433969053,0.49751580849141824,0.009104127478204268,0.0006529393958044797,0.002336446261231422,0.09348743585632242,0.000669575835512446,1161.5833333333333,0.0012408126422187439,0.0006529393958044807,9655.418269484984,0.5272734150400968,0.0
,0.0926009986382206,0.027484827390935038,0.499546485260771,0.009167034192176614,0.00027437971528126076,0.0017940061508135837,0.17127554276969745,0.00026810566102652403,1168.8333333333337,0.0012615950373752768,0.00027437971528126184,10453.518124584285,0.5305643819034649,0.0
,0.10258738084430323,0.030791317890194528,0.5081891580161476,0.00925690382527979,0.00031413808895011506,0.0019171463123644583,0.21014101791004935,0.0002915322236482809,1188.666666666667,0.00155181909065687,0.0003141380889501157,9666.665609446112,0.5395672567710698,0.0
,0.03676804357694054,0.00778761166812845,0.4582899937591013,0.007958646169177184,0.00011359632667872226,0.00104156802858811,0.015167042969462313,0.00012357450816437185,1062.083333333339,0.0003320984661650433,0.00011359632667872264,16500.859366815654,0.4821077318807686,0.0
,0.012709940989559692,0.0026916918411365926,0.41684011352885525,0.0056207729884307335,5.855255534794101e-05,0.0005627579312396493,0.0019107670094170286,5.902901930528317e-05,966.083333333345,9.411444535670446e-05,5.8552555347940985e-05,29567.849191121964,0.43853079134513545,0.0
,0.02814344076259646,0.005615256503317928,0.44767323714692137,0.007456816270979392,9.725024648812317e-05,0.0010375497177040067,0.00795525955590965,0.00011740466609670643,1036.7500000000082,0.00022797229509495783,9.725024648812335e-05,18558.52555850555,0.4706082614616432,0.0
,0.08034498411257376,0.019479208076311857,0.49284116331096195,0.009028410056309433,0.00041815510574325917,0.0019599459032848764,0.0905738022095092,0.0003827143172234416,1150.0000000000007,0.0009015744204417114,0.00041815510574325917,11260.83865347638,0.5220154334997731,0.0
,0.05083976395823877,0.007324303669237443,0.455635987590486,0.008463529615573149,0.00046540281910416705,0.00225094122475938,0.013883043244567872,0.00047542986311998854,1067.9166666666736,0.00033677155340798895,0.00046540281910416705,14405.622633406145,0.48475563625359364,0.0
,0.17884702678166137,0.04266750934069188,0.5347087378640777,0.00962707503037116,0.003981637711260057,0.005253511674545428,0.3665224706823584,0.003765836962512613,1280.5,0.0053957532111293845,0.003981637711260057,5561.30398222514,0.5812528370403994,0.0
,0.041307308216069,0.008518090515176152,0.4602047211196992,0.008152970489246465,0.00017900913798166138,0.0012962117255483126,0.01814484771497982,0.00019545917460737463,1068.6666666666724,0.00036414417004580583,0.0001790091379816613,15539.241816742866,0.48509608110152824,0.0
,0.03676804357694054,0.007276587689175572,0.45857618651124066,0.007957833701448301,0.00014577009227387968,0.0011011508537124306,0.01328840202055119,0.00016710203084779575,1062.833333333339,0.0003161977727051653,0.00014577009227387963,16468.55214420999,0.48244817672870327,0.0
,0.02315024965955515,0.00492100601014197,0.4510647010647011,0.007046689066519891,0.00013908383818984207,0.000948851105545369,0.006140802835312034,0.00016698488758086735,1039.2500000000077,0.0002492406374726523,0.00013908383818984213,19213.335666065846,0.4717430776214253,0.0
,0.028597367226509306,0.005419589192649251,0.4558245396234223,0.00749015938416058,0.0001717361477872612,0.0009680563988734239,0.0074365873051031725,0.0002013990074177418,1052.08333333334,0.0003378961255775314,0.00017173614778726108,16575.253323660392,0.47756846724164015,0.0
,0.29459827507943714,0.07263595574628115,0.5748956158663883,0.009837903982780383,0.006532221430933565,0.00659102703292643,0.7326417664029753,0.0062930654203446085,1413.4999999999993,0.016721921208458425,0.006532221430933574,3593.7477703107966,0.6416250567408079,0.0
,0.05401724920562869,0.008971323275945286,0.46683619410892135,0.008549977120111109,0.0005468948815212079,0.002280749567144672,0.020547402694789288,0.0005578427204351691,1089.416666666671,0.00039290745587376876,0.0005468948815212058,14015.750232214115,0.4945150552277198,0.0
,0.07217430776214254,0.016838920046163983,0.4913024085637823,0.008913622963309598,0.0004785074249323929,0.0020071244415377325,0.0686981266587764,0.0005192288058756823,1141.750000000001,0.001430638776857592,0.0004785074249323936,9255.74355653489,0.5182705401724921,0.0
,0.022696323195642305,0.005130629424463339,0.4477642276422764,0.0069419067527542845,0.001361598210668942,0.0021234429451495677,0.007900156828114688,0.0014392958551959557,1033.5833333333412,0.0007314157641229651,0.0013615982106689524,15280.885935861588,0.4691708276592525,0.0
,0.18565592374035406,0.0537464021497,0.5390261805725471,0.009647878454300455,0.001890308442471574,0.003843689772699644,0.5131747733690329,0.0018022028083460608,1290.9999999999998,0.005952774526899795,0.001890308442471575,5664.317689232341,0.5860190649114844,0.0
,0.047208352246935995,0.006965798385466184,0.4499591503267974,0.008354703625844853,0.0003764759412582803,0.0021475099269991083,0.012575364086789978,0.000378975276399405,1055.4166666666747,0.00030585082173914313,0.00037647594125828104,15045.924273450491,0.47908155545468306,0.0
,0.012256014525646846,0.0028203800766933,0.4289330218068536,0.005530340589597025,5.853085397211235e-05,0.0004892599590759616,0.0020798073887384944,6.652590308593662e-05,989.6666666666772,9.542776323146285e-05,5.8530853972112375e-05,30390.413778228198,0.44923589045241336,0.0
,0.07444394008170677,0.016523081663873347,0.4968425800631484,0.00894197281472883,0.0006167288690841543,0.0028864908005460845,0.0667362587142213,0.0006163507587743471,1151.5833333333337,0.0009099372820053423,0.0006167288690841558,11599.172098017898,0.5227341504009684,0.0
,0.03722197004085338,0.009174202016837914,0.4773564463705309,0.007974160650712082,0.00036657162229221477,0.0014695163542114715,0.02119777130067225,0.0003667378104204144,1094.1666666666697,0.0004140430584150318,0.00036657162229221455,16449.749709552412,0.4966712059313058,0.0
,0.04176123467998184,0.00986188969609421,0.47725303292894283,0.008156052173745706,0.0008395053317887539,0.002272241341449595,0.02483074834523239,0.0008873439924114518,1097.5833333333364,0.0005463502962755565,0.0008395053317887546,14797.450049394496,0.49822212134967464,0.0
,0.05401724920562869,0.010754537801917867,0.4794341675734494,0.008541889748021643,0.001010382898494864,0.002862209496173563,0.029364426930344873,0.0011659341590307623,1109.7500000000025,0.0009486370066453186,0.0010103828984948618,11058.227702389428,0.503744893327281,0.0
,0.03722197004085338,0.00797656848401153,0.4572436695724367,0.00797977942154704,0.00012241202953751755,0.001080464627304681,0.015905941456557233,0.00013581444907084472,1060.7500000000052,0.00034508225641974256,0.00012241202953751755,16259.0234058599,0.4815024965955515,0.0
,0.018157058556513846,0.004053699309785295,0.44352728004831893,0.006481668966238586,0.0004209291030338757,0.000978744932265165,0.004494316758919429,0.0004405573188404979,1021.8333333333418,0.0001386576910048659,0.00042092910303387533,24896.355611875068,0.4638371917082766,0.0
,0.014979573309123922,0.0032161773547324662,0.4302734375,0.006029082617512885,9.292586335494322e-05,0.000698574503028505,0.0027103567398861174,9.873746701382154e-05,994.8333333333436,0.00011546400118321202,9.292586335494329e-05,27007.60198744081,0.45158117718262974,0.0
,0.08443032228778938,0.0231837638989529,0.5052752293577981,0.00907906974662241,0.0005415482798800644,0.002030403717864924,0.12559252803633683,0.0005410253799669388,1171.166666666666,0.0022832168874654703,0.0005415482798800644,8759.487897145822,0.531623543652595,0.0
,0.013617793917385384,0.0030644191576734846,0.4281827016520894,0.005778821771394854,0.00026784478274186204,0.0007163017355558579,0.0026257189266948367,0.0002893643969907008,989.583333333344,0.00011010462967602943,0.0002678447827418615,28605.583400615797,0.44919806324708733,0.0
,0.11302768951429869,0.03297492538051712,0.5118494423791822,0.009334926402600372,0.00047219872330668474,0.002187701686459402,0.2371167360958198,0.0004509732945123482,1201.4999999999995,0.0016458228429327116,0.0004721987233066831,9217.44342778173,0.5453926463912846,0.0
,0.1348161597821153,0.03928390734284753,0.5198206701274186,0.009460945020622336,0.001114814831439096,0.002940732625546204,0.3186650283992657,0.001084067956274385,1228.5000000000005,0.0035001909130184567,0.0011148148314390996,6948.9907076611125,0.5576486609169314,0.0
,0.09895596913300046,0.030253051782376417,0.5046964490263459,0.009226106576786804,0.0002651677868632771,0.0018136893354235492,0.20355653372517996,0.0002537090607298468,1180.9999999999998,0.0019243663832756983,0.00026516778686327735,9099.382241388897,0.5360871538810713,0.0
,0.08987743985474353,0.026054065355076834,0.49819086386250566,0.009139490078196007,0.00024557631199724017,0.0017019525094106216,0.15529584568340077,0.00024266198731560194,1164.8333333333335,0.0012170694676539749,0.00024557631199724126,10565.842791305473,0.5287486760478135,0.0
,0.009078529278256923,0.002118865897412029,0.3735164462529671,0.004779764381196455,1.1888153426668341e-05,0.00025860279608124615,0.0011303240481016115,1.1286999642423412e-05,865.0833333333491,5.5824175971213125e-05,1.1888153426668345e-05,34943.81190330805,0.39268421848993795,0.0
,0.14026327734906946,0.040934000795599605,0.5195754716981132,0.009487480416415377,0.0006393385247502894,0.0026311277228674265,0.34073244990473894,0.0006166718245325158,1232.166666666667,0.00360736480594147,0.0006393385247502888,6838.529060531748,0.5593130579512786,0.0
,0.015887426236949616,0.00343681867208908,0.437450357426529,0.00617748376123571,9.21568647727218e-05,0.0006639722886012187,0.0030815228215021386,9.645303641245213e-05,1008.7500000000098,0.00012038623058402374,9.215686477272202e-05,26535.843598980417,0.4578983204720835,0.0
,0.1053109396277803,0.03090580947168544,0.5081891580161476,0.009278557228076368,0.00035524122942188975,0.002006540605498488,0.21156481103481045,0.00033342584924497907,1190.6666666666663,0.001532944100323124,0.00035524122942188997,9540.99989978329,0.5404751096988955,0.0
,0.16613708579210168,0.03724290357379872,0.5290585975024016,0.00958772067849763,0.003535568374101143,0.0047162327647859775,0.2938752465681319,0.00354714091003156,1263.8333333333328,0.0044672149773841725,0.00353556837410114,6028.89185948131,0.5736873959751854,0.0
,0.01407172038129823,0.0035696238740100432,0.4370164649871057,0.0058903027110942694,3.181282135803462e-05,0.0004308804606762387,0.0032070169615331517,4.2860035933568824e-05,1006.5000000000097,0.00011910080699014536,3.1812821358034585e-05,28104.998474185668,0.45687698592827963,0.0
,0.051293690422151615,0.012522200726336662,0.4795385285154549,0.00848327450349859,0.0003757260494628657,0.0015682286267262378,0.038670488059080355,0.00040379062261001124,1108.083333333336,0.0012948308165863752,0.00037572604946286577,10666.664055543253,0.5029883492207595,0.0
,0.013617793917385384,0.003550520674780176,0.41347597597597596,0.00581380575944519,3.320824541534092e-06,0.0002718269290468599,0.0031479921890241497,3.541293449523144e-06,959.6666666666795,0.00010852460730884698,3.3208245415340954e-06,28591.31622377673,0.435618096535028,0.0
,0.03767589650476623,0.008185810009901148,0.4563911332090325,0.008001098855369208,0.00011338529756686768,0.0010385957563807172,0.01672522769668847,0.00012128448304688672,1059.6666666666722,0.00035473654220593176,0.00011338529756686783,16188.508000783753,0.48101074292631263,0.0
,0.10440308669995461,0.030886136573496873,0.5085410895660203,0.009271397132645106,0.0004123179341330873,0.0020284984548591483,0.21137994037872557,0.0003958942144641804,1190.5833333333333,0.0015583744640416833,0.0004123179341330867,9598.766218201541,0.5404372824935694,0.0
,0.1852019972764412,0.05213242410072403,0.5408789589982813,0.009646932473119344,0.0021513952376499834,0.003837404662498821,0.4923222440126081,0.002061116935767464,1293.0,0.005311216732449814,0.002151395237649978,5830.749339153975,0.5869269178393101,0.0
,0.05855651384475715,0.01390844459259047,0.49174107142857143,0.008658688708257398,0.000975508528435864,0.0022418279306986345,0.048075094154030135,0.0009193250106136182,1132.3333333333342,0.0007465898283497992,0.0009755085284358651,12960.368892570434,0.5139960659706461,0.0
,0.018157058556513846,0.0047459814147861774,0.43119984341358386,0.006511781844130023,8.871855980564975e-06,0.0003851672534169833,0.005614540156063422,9.637487656616642e-06,998.7500000000102,0.00015273429207616373,8.871855980564972e-06,24669.938882488605,0.45335905583295505,0.0
,0.02224239673172946,0.004257359121247797,0.44730964467005074,0.006965761508717554,3.952775746534828e-05,0.0006503340320441559,0.004570046029834493,4.770826201779978e-05,1031.9166666666752,0.0003085714377077556,3.952775746534832e-05,18146.233189697417,0.4684142835527312,0.0
,0.01861098502042669,0.0035404638930595016,0.4414829659318637,0.006547792655498999,0.0001571226003656927,0.0009447640957268353,0.0032955393236581447,0.00018062258086915529,1018.4166666666758,0.00012734536973730382,0.0001571226003656926,24405.60456093512,0.4622862762899077,0.0
,0.08942351339083068,0.027369228335994693,0.4986419194205523,0.009134956890244357,0.0001593753037089428,0.0015791519361479625,0.16976082032308876,0.00015727539334938742,1165.1666666666667,0.0012383458454414836,0.00015937530370894272,10628.948286798071,0.5288999848691179,0.0
,0.03949160236041761,0.011323075524166521,0.4709277469003848,0.008086733430042434,4.7901118644872404e-05,0.0008620919889017263,0.03151229487573308,4.495297344026065e-05,1085.4166666666713,0.0006183960536548066,4.790111864487238e-05,14818.307321896606,0.49269934937206844,0.0
,0.049024058102587385,0.007437628637327518,0.4597245409015025,0.008411093421407851,0.00042469547243950646,0.0022296808934889932,0.014305264582795067,0.00042734594188861716,1073.9166666666722,0.00032409792405139093,0.0004246954724395065,14751.582429393035,0.4874791950370707,0.0
,0.07035860190649115,0.020837340819454785,0.48728157487281576,0.00888742826763273,0.0001570405896541266,0.0013641200304513928,0.10233084738374644,0.0001585127271893853,1134.0000000000016,0.0009353371832723564,0.0001570405896541274,11968.868422864645,0.5147526100771675,0.0
,0.17067635043123014,0.04694133462433935,0.5280441035474592,0.009602702746406006,0.0014731808901301436,0.00354883759103133,0.42146041406255624,0.0014448838453351533,1265.8333333333333,0.004745260831004915,0.0014731808901301444,5968.698363996411,0.5745952489030111,0.0
,0.10576486609169315,0.030815495720871007,0.508306414397785,0.009282034934575481,0.00043144705987226817,0.0020792988508873725,0.21053969082336352,0.00040792648461619236,1191.1666666666665,0.001537300324730926,0.0004314470598722683,9517.830183904165,0.5407020729308519,0.0
,0.023604176123467997,0.005313402059187423,0.45781379883624274,0.007089656033394857,9.421963362264011e-05,0.000904653448181658,0.007139091195002147,0.00012445638869867403,1052.0000000000061,0.0003060664937227142,9.421963362264002e-05,18881.31502297355,0.4775306400363141,0.0
,0.1793009532455742,0.044703220083014326,0.5352283770651117,0.009629604403035851,0.0028804279794820455,0.004474267723388327,0.39331018133158474,0.0028187841923284504,1281.5833333333328,0.005143953480787481,0.002880427979482045,5814.234049544158,0.5817445907096384,0.0
,0.100317748524739,0.031178716839782,0.509128726600416,0.009238167679850987,0.00022433271608932712,0.0017632282567885773,0.2146527391049824,0.0002185979599135794,1188.4166666666665,0.0020782098187442162,0.00022433271608932737,9041.588966583868,0.5394537751550916,0.0
,0.07535179300953246,0.017107657062058503,0.4874972339013056,0.008961019705920918,0.0004386061295851025,0.0019691675920860807,0.07076140084755296,0.0004460634488468797,1138.2500000000011,0.0013457671717007106,0.0004386061295851019,9711.675912571269,0.5166817975487971,0.0
,0.0699046754425783,0.015473389953917857,0.4922905027932961,0.008870578204180194,0.0006038867760367038,0.0028631707839777134,0.058852870541748856,0.000619995637304649,1141.4166666666679,0.0008311928078255742,0.0006038867760367058,12019.40555691729,0.5181192313511878,0.0
,0.017703132092601,0.004534944014256572,0.43111545988258315,0.006451423945106128,9.806983213396003e-06,0.0003904322470283032,0.005130508368823529,1.092068747480938e-05,998.5833333333436,0.0001458740620528085,9.806983213395995e-06,25024.873900813243,0.45328340142230295,0.0
,0.09169314571039491,0.027376473981735806,0.5012514220705347,0.009158295327047105,0.000201170110462801,0.0016564215073216378,0.17006244076193883,0.0001979223169154793,1170.6666666666665,0.0013442603125560088,0.0002011701104628006,10205.991321867019,0.5313965804206385,0.0
,0.11302768951429869,0.03548774742714192,0.5069028992176714,0.009333250207568462,0.0005194005091556532,0.002074676879183129,0.268028805841405,0.0005206696390540517,1194.4999999999998,0.003581773220389689,0.0005194005091556549,6809.212077004355,0.5422151611438947,0.0
,0.04993191103041308,0.008147943971838469,0.4736615781552354,0.008429233518196527,0.0010233613939543596,0.0027533271948840987,0.017261138115813188,0.0011664595860662094,1097.5833333333364,0.000527650874957846,0.0010233613939543585,13215.606332274878,0.49822212134967464,0.0
,0.014979573309123922,0.0030698969353416387,0.4288495230679385,0.006010289941601113,0.00027986447347031466,0.0009337602776003036,0.0026645509880465217,0.0002837252640303503,992.0833333333436,0.0001112938604731172,0.00027986447347031455,27111.59288884625,0.45033287940686945,0.0
,0.07943713118474807,0.015260855079384086,0.4835381913959614,0.009015151382812184,0.00022551013384623593,0.0017535626007406128,0.05700599480033245,0.0002242068359003053,1135.0833333333358,0.0007871635370264602,0.0002255101338462358,11645.464654254036,0.5152443637464064,0.0
,0.15297321833862915,0.039927266863032045,0.5276646706586826,0.00954082185202608,0.002285892042408519,0.003722828216653659,0.3285329510735369,0.0022178180513693683,1252.3333333333335,0.005728423312507081,0.0022858920424085175,5563.839958916601,0.5684672416401876,0.0
,0.1457103949160236,0.04195770378427107,0.524149417083036,0.009511782772243248,0.0012746243527548332,0.0031357774995485524,0.35498701973241353,0.00124261193249547,1242.333333333333,0.0036198402861376865,0.0012746243527548364,6720.959822829494,0.5639279770010591,0.0
,0.03404448479346346,0.005754484854089332,0.4642781875658588,0.007814149569471657,0.00017910439715836975,0.0013429101999489516,0.008442072459564338,0.00022682014482869144,1070.4166666666727,0.0005101462405748788,0.0001791043971583696,14979.678987110032,0.48589045241337575,0.0
,0.18338629142078983,0.04690890177029233,0.5373170731707317,0.009641367668102587,0.002621156035651922,0.0043540475541171434,0.4228049087526218,0.0025343931268622336,1287.1666666666658,0.005507531359390054,0.0026211560356519214,5570.017456233599,0.5842790134664851,0.0
,0.048116205174761686,0.009286989456520199,0.47498921949115996,0.008381497807222518,0.0008900605349218265,0.0020377452797247057,0.02220316343792727,0.0008544243611940889,1098.583333333337,0.0005818893588316184,0.000890060534921828,13588.5560832368,0.4986760478135875,0.0
,0.05719473445301861,0.011604851296956578,0.4805846422338569,0.008633915961542305,0.00026402696890935324,0.001579688989332052,0.033317139017624196,0.00026883487528758413,1113.916666666669,0.0005833596659981918,0.0002640269689093538,13443.034918807272,0.5056362535935846,0.0
,0.029505220154335,0.004877109872010628,0.4588627369298063,0.0075433522749833925,0.0001519049671093923,0.0012320203477936699,0.006093881941382348,0.0001921098562744158,1058.0000000000066,0.000460520393164269,0.00015190496710939215,15895.898969285137,0.4802541988197912,0.0
,0.015887426236949616,0.002591933704096711,0.4387572196773551,0.006177964548730318,4.916850009219365e-05,0.0006101522415088348,0.001723174681709099,6.905038214444053e-05,1011.0833333333436,0.00012587481563232751,4.9168500092193595e-05,24962.10614110867,0.4589574822212135,0.0
,0.03676804357694054,0.007624670758043979,0.46203859060402686,0.00795672875877668,0.0001932850188982928,0.001263606978899563,0.01460761084390019,0.00023331113386936608,1068.3333333333387,0.0006478370450708367,0.00019328501889829294,13427.79929871616,0.4849447722802239,0.0
,0.06354970494779846,0.012715011999532927,0.49097392467127254,0.00875925929459331,0.0015442160014004526,0.0026202957672914772,0.04084611499649323,0.0015183379775493403,1134.6666666666679,0.0007952776021476171,0.001544216001400454,11857.647048503219,0.5150552277197761,0.0
,0.14117113027689515,0.03534592127157462,0.5226571767497035,0.009490599897995174,0.0024479484580600687,0.004063039677837682,0.2683343169173504,0.002493747027944979,1236.9999999999998,0.004886145999880817,0.0024479484580600683,5916.906502803633,0.5615070358601907,0.0
,0.05401724920562869,0.01096330759572162,0.4846018477782666,0.0085467743558614,0.0010882369055401737,0.002310019518067757,0.030665556465147195,0.001003144774638033,1118.0000000000014,0.0006816901926816161,0.0010882369055401759,12821.667645459642,0.507489786654562,0.0
,0.05447117566954154,0.013950537973591276,0.4867432611577552,0.008564061788257665,0.0009972316434697377,0.0017868022923747113,0.0483039774260302,0.0009332470215277489,1121.5000000000023,0.0010037817533916503,0.0009972316434697398,12606.373999145791,0.5090785292782569,0.0
,0.09850204266908762,0.025993151194501556,0.5034277879341865,0.00922123805528409,0.0003663921916218506,0.0019728765212725834,0.15515059861972327,0.0003688372216589001,1178.9166666666667,0.002289422288372303,0.00036639219162185066,8249.689876852484,0.5351414737479195,0.0
,0.15660463004993191,0.03906774280189845,0.528804608737398,0.009554701177000384,0.002112016962494079,0.003646899206511055,0.31695141214236217,0.0021570785501450846,1256.4999999999995,0.0038257769979592377,0.002112016962494079,6575.269601041555,0.5703586019064911,0.0
,0.0009078529278256923,6.0950071943587377e-05,0.32910068718255153,0.0008048514286862758,4.043550928213682e-07,0.00011157180912206997,1.2753920162189237e-06,1.062272853801317e-06,739.3333333333459,2.0459082263197445e-06,4.0435509282136815e-07,101362.05871902121,0.33560296565289754,0.0
,0.07989105764866092,0.020392700752204236,0.5,0.009021921006894413,0.00048692302919340193,0.002030126360914953,0.09889030574247841,0.0005076236592027932,1160.1666666666665,0.001688248725952821,0.00048692302919340155,9555.22767269713,0.5266303525495537,0.0
,0.24148887880163414,0.06306023116364963,0.557016434892541,0.009765833536913642,0.0044977461950423455,0.005362720271436381,0.6294179780605098,0.004418257241853246,1353.9999999999998,0.008696922502419647,0.0044977461950423455,4678.230016408484,0.6146164321379937,0.0
,0.029959146618247844,0.004848660841690584,0.44767323714692137,0.007572845323756846,0.00010240032109039225,0.0010782149222693486,0.005959507916772381,0.0001282221621913564,1038.833333333341,0.0002716918297316878,0.00010240032109039231,16964.93329024869,0.47155394159479497,0.0
,0.07807535179300953,0.021730549874913838,0.49819086386250566,0.00899669589010219,0.0011490030193628598,0.002487296822543455,0.11158426883466295,0.0012000320911513573,1156.4166666666672,0.0014416385172200624,0.001149003019362858,9804.926196493989,0.5249281283098804,0.0
,0.076713572401271,0.019842743785403086,0.49472265888165284,0.008977815143887836,0.0005112323847388646,0.0023309354350764936,0.0938699562172513,0.0005814206688007489,1150.0000000000007,0.0015879977708589893,0.0005112323847388648,9392.564243395234,0.5220154334997731,0.0
,0.07535179300953246,0.01949102924679083,0.4970667870036101,0.008961809616283196,0.00023880663091904012,0.0015969379750005966,0.09055842107445619,0.00024736734096680586,1152.500000000001,0.001593777803732962,0.00023880663091904072,9817.452759235695,0.5231502496595551,0.0
,0.04221516114389469,0.008943017913956236,0.47032450896669514,0.008191160173848567,0.0001359922527998613,0.0011077712336221234,0.01993331018532434,0.00014302009630498422,1086.4166666666715,0.0008449768695980453,0.00013599225279986135,13005.008190170556,0.4931532758359813,0.0
,0.07308216068996823,0.020170140854249254,0.4910833704859563,0.008924738021198003,0.0010644985728064519,0.0025028908423391665,0.09703409186969429,0.0011143960026690723,1141.8333333333348,0.0013131950521613055,0.001064498572806455,10166.103792370217,0.518308367377818,0.0
,0.11484339536995007,0.02478858873335015,0.5074867542041004,0.009342440527019776,0.002050681721190722,0.004091608485037606,0.14382915366953913,0.002106932080605788,1196.6666666666667,0.0026538415341577086,0.0020506817211907212,7428.785869701907,0.5431986684823725,0.0
,0.07444394008170677,0.018048185053677702,0.48868677905944985,0.008948116328794494,0.00038280979089834303,0.0018701441120678923,0.07839767550126905,0.0003819456027447442,1139.2500000000011,0.0014736356530476126,0.00038280979089834325,9638.611797915702,0.5171357240127099,0.0
,0.044938719927371765,0.011174252131021686,0.47509165408669396,0.008289049394463812,0.00010626902904684816,0.0010678159649587875,0.030771637615061295,0.00011693338559670507,1096.5000000000034,0.0007729660393354404,0.00010626902904684797,12999.55471417172,0.49773036768043577,0.0
,0.1112119836586473,0.03098680422963336,0.5086585084276148,0.009321122835104412,0.0004486947875794828,0.0022120164524218958,0.21281193560679998,0.00043332102718749013,1195.6666666666672,0.002407075585647547,0.0004486947875794818,8421.177264922944,0.5427447420184597,0.0
,0.10576486609169315,0.026695019920547815,0.5111368909512761,0.009280489041786823,0.001029750164648391,0.0027362764492837328,0.16314765251427812,0.0010656027461876214,1195.1666666666674,0.0021604659646306985,0.0010297501646483911,8054.4045632752295,0.5425177787865033,0.0
,0.11575124829777576,0.0281617545050641,0.5142390289449112,0.009351867743094659,0.0010300951679125274,0.0028138235892162,0.17988245938361688,0.001058253705376107,1206.9166666666665,0.003276083966199461,0.0010300951679125278,6901.736925485998,0.5478514147374792,0.0
,0.06445755787562416,0.017854290120450634,0.49416778824585017,0.008785488089203656,0.00013918367579725913,0.0012865105124464462,0.07649219780973635,0.0001473348118162868,1140.1666666666679,0.0021131906549000466,0.00013918367579725913,9260.799702674487,0.5175518232712968,0.0
,0.10213345438039038,0.026042491023851803,0.5055071133547498,0.009251791326154465,0.0006208579176491582,0.0024446580484237842,0.15597144064558915,0.0006184461489720455,1184.5000000000002,0.0022658525492660494,0.0006208579176491571,8321.635695616162,0.5376758965047662,0.0
,0.05401724920562869,0.013246869898051605,0.48205689277899344,0.008555340245329135,0.00022480420751578613,0.0013729871797602947,0.042996880093266424,0.00025561373246516347,1114.0000000000027,0.000902127708052782,0.000224804207515786,11968.68852762201,0.5056740807989106,0.0
,0.09940989559691331,0.020368736300415243,0.5034277879341865,0.009228266815958093,0.0007917382501948316,0.0026224564269739536,0.09895338543961617,0.0007959769437230954,1179.5,0.0017257934554815706,0.0007917382501948315,8507.457499181219,0.535406264185202,0.0
,0.08624602814344076,0.01925095466641771,0.5001135073779795,0.009098623912925178,0.000506105151378418,0.0022372642278277095,0.08870669256368396,0.0005055053644156643,1165.0000000000002,0.0016172095975188576,0.0005061051513784179,8964.550081611567,0.5288243304584658,0.0
,0.09668633681343622,0.026657132445402538,0.5045808520384791,0.009205167643447911,0.0004412475286394164,0.0020094928567299117,0.16237566908945586,0.00045263902963553536,1179.1666666666665,0.004251797331275531,0.00044124752863941585,6793.1027541080075,0.5352549553638978,0.0
,0.15978211529732184,0.03944854086538544,0.5293128303700144,0.009566894328134026,0.001705044736075071,0.00350818252262425,0.32196834893958654,0.0016927146678967614,1259.4999999999995,0.005231102717218875,0.0017050447360750683,5880.123795037823,0.5717203812982297,0.0
,0.011802088061733999,0.0012277230769257613,0.4048144064682102,0.005373640060053193,6.165322833652414e-05,0.0009867065602783246,0.0004372274565356377,0.00011888919345435375,939.8333333333469,4.933389582814525e-05,6.165322833652421e-05,30575.21218919559,0.4266152216674232,0.0
,0.0876078075351793,0.030156758719473334,0.5041189931350114,0.009115493170572734,0.00026572711216904575,0.0015472011124381098,0.20216584701322043,0.00025649977684032117,1171.8333333333342,0.0018214228349031046,0.00026572711216904537,9676.08659786935,0.5319261612952034,0.0
,0.04403086699954607,0.008354167530011083,0.4727467811158798,0.008255242043850938,0.000186736882883576,0.001307954573644183,0.017496596314867455,0.0002052074956770357,1091.6666666666708,0.0008170449597818395,0.00018673688288357585,12947.540541905053,0.4955363897715237,0.0
,0.040399455288243305,0.007895677261743093,0.4657505285412262,0.008119838858754239,8.177422593666167e-05,0.001023200335144558,0.015551710293028846,8.988453338265179e-05,1077.5000000000048,0.0005322204550572536,8.177422593666153e-05,13894.663358416432,0.4891057648660917,0.0
,0.10576486609169315,0.022156089457787274,0.505391144757972,0.009278821784750566,0.0010565531636884378,0.003226320813314649,0.11612719754021682,0.0010453484766296873,1187.0833333333335,0.0014053282380419587,0.0010565531636884408,9070.340146365641,0.5388485398698744,0.0
,0.05083976395823877,0.010219752236651607,0.47849695916594265,0.008469453834476068,0.00028956353835491247,0.0015577138100670383,0.0260532296876406,0.0003227900436201645,1105.9166666666697,0.000964039460237964,0.0002895635383549127,12003.224263689499,0.5020048418822818,0.0
,0.11802088061734,0.03429307346499229,0.5141190198366394,0.009367130619912118,0.0005039750307150369,0.0022807418178593876,0.2538577987023695,0.0004933541453730016,1208.3333333333335,0.0026463212053308514,0.0005039750307150361,8126.101465204923,0.5484944772280224,0.0
,0.08624602814344076,0.019658342968800195,0.4955015744489429,0.009097637041153494,0.0006868604163932391,0.002475517099223898,0.09254876358961173,0.0006995461987729762,1158.2500000000005,0.0016245592121595753,0.0006868604163932368,9103.23275474617,0.525760326827054,0.0
,0.12346799818429414,0.02558340225550189,0.5134001398275461,0.009398344294584271,0.0015485551600150592,0.0037177398871722756,0.15168444877451667,0.0015444904031656206,1211.4166666666667,0.001676651110590885,0.001548555160015062,8408.212501295704,0.5498940838250871,0.0
,0.07807535179300953,0.021764315711711456,0.49427866277765314,0.009000267051653315,0.0001809169995518714,0.0014995190064766416,0.1112624661243567,0.0001875783106036872,1150.3333333333337,0.0017399966821680173,0.00018091699955187125,9438.748465231538,0.5221667423210773,0.0
,0.035406264185202,0.007562534237642098,0.4641803624104509,0.007893268743052231,8.314840875111124e-05,0.000923766244712726,0.014283558671591926,9.836398627315003e-05,1071.333333333338,0.0004368617163431052,8.31484087511112e-05,15205.804814717265,0.48630655167196246,0.0
,0.04766227871084884,0.010720638974772195,0.482479194042926,0.008375650002485214,0.00022123403844576133,0.00144274822113474,0.028517295208155068,0.00024646306490641335,1109.916666666669,0.0007752495576467845,0.00022123403844576128,13037.638402077262,0.5038205477379332,0.0
,0.02814344076259646,0.004462616809612394,0.4358923624851603,0.007451944671329171,7.316078337102163e-05,0.001103906698298445,0.005124681829575286,8.625419853284295e-05,1015.1666666666772,0.00019903083750907123,7.31607833710216e-05,19222.989047862317,0.46081101528219093,0.0
,0.06309577848388562,0.013307100680729381,0.48652826855123676,0.008749913212307298,0.001431829165524935,0.0026162642568370634,0.04457898987682776,0.001387064948596846,1127.6666666666679,0.000767546138027999,0.0014318291655249376,12027.087902783527,0.5118777424723862,0.0
,0.1516114389468906,0.02902515975515253,0.5236510577608747,0.009533934929712945,0.004002083669701192,0.005100342484587895,0.1913744845445943,0.0040935006703897376,1246.0000000000007,0.0028973361028092983,0.004002083669701199,6749.928283963656,0.5655923740354063,0.0
,0.1425329096686337,0.033247820212223285,0.5243989526303261,0.00949729808863329,0.0014254587090656607,0.0035041467159530855,0.2417016787403265,0.0013968792641105591,1240.4166666666667,0.003216741564748468,0.0014254587090656596,6889.25617001493,0.5630579512785596,0.0
,0.16068996822514753,0.04344734907222673,0.5290585975024016,0.00956986377488907,0.0020714368653856146,0.003745528091998512,0.3757081452757714,0.002048387805223023,1259.8333333333333,0.006352838391982603,0.002071436865385611,5535.073261954726,0.571871690119534,0.0
,0.031320926009986386,0.006579073681846933,0.45857618651124066,0.007668352461039218,4.538371266568523e-05,0.000802424547424621,0.010821038964212616,5.416438167850828e-05,1058.8333333333385,0.0003803567727346958,4.5383712665685175e-05,16081.974836361293,0.4806324708730519,0.0
,0.135724012709941,0.03629417736627559,0.5215435606060606,0.009465089229576725,0.0015289217305614702,0.0031810125657849753,0.28040417023389785,0.0014676496831620169,1231.5000000000002,0.005335889653829602,0.0015289217305614737,6052.953910729622,0.55901044030867,0.0
,0.0463004993191103,0.007326536131307647,0.4712299465240642,0.00832444705280368,0.0006293028312745996,0.002150935456721969,0.0137890517795779,0.0007244710433944415,1090.8333333333364,0.0003592150954827648,0.0006293028312746001,15072.917995702777,0.49515811771826296,0.0
,0.16023604176123468,0.03893050559909861,0.5285508637236085,0.009567876645856382,0.0022881453986920365,0.003865896467684148,0.3153121773979483,0.0022550577382103587,1258.8333333333328,0.003865756362870382,0.00228814539869204,6513.79281409327,0.5714177636556211,0.0
,0.047208352246935995,0.010881062987789502,0.474579922447221,0.00836066140899791,0.00017133754264504677,0.001321990614812301,0.02928640656177505,0.00020596888901845396,1097.000000000004,0.0007481599435059246,0.00017133754264504723,12821.950421078453,0.4979573309123922,0.0
,0.11348161597821153,0.030688479848106985,0.5149602618045815,0.009336937763880029,0.0010867767371191314,0.002652331479232715,0.2096949349689666,0.001055844157300359,1206.1666666666667,0.004500115264646658,0.0010867767371191318,6649.215671005343,0.5475109698895446,0.0
,0.11938266000907853,0.030423362574603728,0.509128726600416,0.00937566709617408,0.0006977194684690913,0.0024703814173689777,0.20603145841884732,0.000701870166099624,1202.3333333333335,0.0035308748741964355,0.0006977194684690901,7041.2875076309965,0.5457709184445453,0.0
,0.04539264639128461,0.008870556819929968,0.47133076593923834,0.008304406239647517,0.00013720446921471603,0.001219322584161982,0.019604032493269193,0.00015130107276177315,1090.5000000000036,0.000605433964439681,0.00013720446921471587,13180.26100005775,0.4950068088969587,0.0
,0.11393554244212438,0.02941036024814263,0.5095998149433264,0.009340206928191786,0.0005160158468388497,0.0023230504410158277,0.19414038149606433,0.0005207950732186113,1199.0,0.0026481537134164634,0.0005160158468388507,7708.115133095357,0.5442578302315025,0.0
,0.02496595551520654,0.007096068189253624,0.45667495854063017,0.007216607756574382,2.147347877518763e-05,0.0005805236908259452,0.012510201912063527,2.731362432844177e-05,1050.7500000000064,0.00038026941543201575,2.1473478775187637e-05,18465.104991977354,0.47696323195642304,0.0
,0.060372219700408535,0.015644054120540242,0.49174107142857143,0.008703305157309655,0.00026085141318503164,0.0015313427969749856,0.059436857194009214,0.0002728430831538286,1133.5833333333348,0.0010788558972641123,0.00026085141318503164,11103.354332955107,0.5145634740505372,0.0
,0.17657739446209714,0.046640449073647165,0.5347087378640777,0.00962168267470745,0.002353744296707257,0.003853253942726148,0.4187399920256069,0.002345951889546336,1278.8333333333333,0.006045567530073269,0.002353744296707259,5553.629105211078,0.580496292933878,0.0
,0.12392192464820699,0.03331441911546546,0.5125639832480223,0.009402388972971257,0.0006338920722825667,0.002563279368633252,0.2417333000010089,0.0006146318850262217,1210.5000000000005,0.002600887081138367,0.0006338920722825672,8024.420225760975,0.5494779845665002,0.0
,0.16976849750340445,0.049497255852703995,0.5318686624818928,0.00960096941255998,0.0013413972117067988,0.0032852662188624193,0.4565054709849725,0.001281322467530813,1270.1666666666663,0.007202671518635848,0.0013413972117068001,5284.86622008736,0.5765622635799668,0.0
,0.04993191103041308,0.011371615894272186,0.4729497638471447,0.00844615841205097,0.00011014870379150118,0.0011887218923877503,0.03189831160238558,0.00011738233385614662,1096.5000000000034,0.0006566767220344704,0.00011014870379150144,12914.118873704538,0.49773036768043577,0.0
,0.13209260099863823,0.03417471585176352,0.517743830787309,0.009447403050289986,0.0008689961016792959,0.002797804786459578,0.25275387558225065,0.000857539087153422,1223.6666666666667,0.0036745815585042625,0.0008689961016792968,6735.856269589834,0.5554546830080194,0.0
,0.12256014525646845,0.03400463804697498,0.5138791695824586,0.009394382551012057,0.0012791136063236088,0.002824397373531851,0.25069104037564627,0.0012460630713436083,1211.3333333333342,0.0037810214930306648,0.001279113606323611,6730.610558969782,0.5498562566197609,0.0
,0.17839310031774852,0.041144013414614045,0.5365319045299561,0.00962670721335843,0.00412466782833366,0.005200637354111686,0.3463920110847883,0.0039589069499658775,1282.4999999999993,0.0040174626163499445,0.004124667828333652,6244.998575333827,0.5821606899682251,0.0
,0.05220154334997731,0.009924860898684832,0.4762213575443147,0.008507090714100775,0.00022137009286089728,0.001481690052827508,0.02451419954153555,0.0002475039927069936,1103.500000000003,0.0006411454746976317,0.00022137009286089717,12592.808846618516,0.5009078529278257,0.0
,0.10939627780299592,0.022858919376975154,0.5085410895660203,0.009306206102902937,0.0012896797846475916,0.0033403371436224864,0.1231923072062174,0.001280011868423281,1194.2500000000005,0.0014667949756911487,0.0012896797846475875,8892.031098347576,0.5421016795279164,0.0
,0.03177485247389923,0.0056482205631882545,0.4502350296341713,0.00768657996399338,0.00011142146275975065,0.0011033323145458482,0.008048298051734237,0.00013792680522503625,1044.5833333333408,0.0003065767644800416,0.00011142146275975084,16495.393491487706,0.4741640187622938,0.0
,0.10939627780299592,0.0304322031287633,0.5087759815242494,0.009308026445755017,0.0004776460273109518,0.002279957214661079,0.20614282457339808,0.0004732939968850538,1194.5000000000005,0.0023918655571578914,0.0004776460273109515,8457.941693878596,0.5422151611438947,0.0
,0.05401724920562869,0.009403084257545867,0.47447770837820374,0.008549354249161655,0.0005587820810713355,0.0021074039987495014,0.022272250839053726,0.0006224015386006113,1102.0000000000034,0.0010409722779007116,0.0005587820810713362,10194.262405729645,0.5002269632319565,0.0
,0.1307308216068997,0.03318699314352942,0.5142390289449112,0.009440255914489368,0.0007789079705388026,0.0026744079542752267,0.24009071720824432,0.0007753035814745461,1217.8333333333342,0.004124887473843874,0.0007789079705388047,6642.691165737055,0.5528067786351945,0.0
,0.023604176123467997,0.004748252546162787,0.4457709429380817,0.0070936653193282035,3.90436246889038e-05,0.0006607827311400001,0.0056654938588634185,4.717933690252965e-05,1030.416666666675,0.00027029650820154915,3.904362468890377e-05,18391.229000517033,0.4677333938568619,0.0
,0.106218792555606,0.02632134406110779,0.5101899027327467,0.009284048876135157,0.0008135738922786165,0.0025199333943003105,0.15902029463524892,0.0008241473107108483,1194.1666666666667,0.0021372564805614584,0.0008135738922786169,8392.523393678253,0.5420638523225905,0.0
,0.12119836586472992,0.03319611864693219,0.5134001398275461,0.009386273545699101,0.0005709845632720458,0.0024764722440065033,0.24022517366248522,0.000558274792535993,1209.666666666667,0.0026395542097694285,0.000570984563272046,8059.88772780709,0.5490997125132395,0.0
,0.058102587380844305,0.01492211758469041,0.4901001112347052,0.008654102359155983,0.00020914939325072373,0.0014906347261121695,0.054251541400178675,0.00021339481632850362,1129.4166666666674,0.0010210066350013808,0.00020914939325072346,11657.917398879254,0.5126721137842336,0.0
,0.047208352246935995,0.010882975368759549,0.48438874230430956,0.008365026554076114,0.00018425379796484893,0.0013230026870890417,0.029322744545286827,0.00019106891406233686,1112.5833333333348,0.0006097292343124115,0.00018425379796484912,13579.120951641331,0.5050310183083674,0.0
,0.08352246935996369,0.026217692338409676,0.499433235094083,0.009069339760848949,0.00013775988538815867,0.0014496006925176991,0.1570339607118038,0.00013581105847122906,1161.9999999999998,0.0017773438848239706,0.00013775988538815856,9842.534269524624,0.5274625510667272,0.0
,0.022696323195642305,0.004280497397578439,0.45208290580751076,0.006999684990212292,0.00020298786167921898,0.0012047182140769068,0.0047231866501179385,0.0002517809654019058,1041.250000000007,0.0002339642365953114,0.00020298786167921863,20126.84834047525,0.472650930549251,0.0
,0.04947798456650023,0.014701682353511856,0.48153005464480875,0.008430786105029705,0.0003199475834064566,0.001529176609160394,0.052618691711156275,0.0003423047160545555,1109.7500000000023,0.0009486018770378656,0.0003199475834064562,12189.278712840971,0.503744893327281,0.0
,0.025419881979119385,0.00606846137770706,0.46673728813559323,0.007256280599381434,3.932876189709251e-05,0.0007000966961995944,0.00922011173984799,4.2954993737753404e-05,1068.1666666666715,0.00042081230606431203,3.932876189709261e-05,18370.024504522724,0.4848691178695718,0.0
,0.011802088061733999,0.0022058464614019874,0.4030369557263081,0.005412657353703284,6.092916460601362e-05,0.0007265146446054275,0.001279120072133279,9.770433681943391e-05,935.5833333333472,0.00012081500144276668,6.092916460601366e-05,24293.57603690792,0.4246860341957936,0.0
,0.04403086699954607,0.010320212991306841,0.4798518841211065,0.0082590009012713,0.0001904998906078837,0.0012563288170101999,0.02642596474792363,0.0001979657611351048,1103.1666666666697,0.0005739430149909727,0.00019049989060788416,14102.877019544787,0.5007565441065215,0.0
,0.010894235133908307,0.0024969665347240543,0.4380592563133824,0.005242346764118133,2.056381311330363e-05,0.00042315334731794763,0.0015787352397115112,2.875165079981914e-05,1006.5833333333429,0.0001639338756029443,2.056381311330363e-05,26310.576236833786,0.4569148131336057,0.0
,0.03994552882433046,0.006714742331863835,0.45771867857884896,0.008090633930678548,0.00023162886745031015,0.0015760015909224775,0.011452671515154476,0.0002671862217372081,1063.333333333339,0.0004117023143529254,0.0002316288674503101,14909.703769603071,0.4826751399606597,0.0
,0.03495233772128915,0.007467845634168578,0.4675297113752122,0.007866003414236912,0.00018196988147970531,0.0012668524509233327,0.014035493607236757,0.00021707985257867808,1076.250000000004,0.00046330889278989974,0.00018196988147970512,15198.81832334992,0.4885383567862006,0.0
,0.09850204266908762,0.024813296529127612,0.505391144757972,0.009220364333591044,0.0007191465587389533,0.0025269102911993665,0.14271862989977138,0.0007171610183006261,1181.6666666666674,0.0022981359521303426,0.0007191465587389539,8441.226219617623,0.5363897715236798,0.0
,0.02814344076259646,0.004551481700715224,0.4333202202989772,0.007451540182873291,7.39312218418311e-05,0.0011138118386659888,0.0053400318075852524,8.522196142413491e-05,1010.1666666666774,0.00020494841566102732,7.393122184183109e-05,19198.61130854534,0.4585413829626267,0.0
,0.14480254198819792,0.04370034791009614,0.522781205505458,0.009507608244343862,0.000791971615192356,0.002766065844878065,0.37785532580204234,0.0007669700862554021,1239.8333333333333,0.003966307798835408,0.0007919716151923554,6629.243699890683,0.5627931608412771,0.0
,0.135724012709941,0.0348789890786174,0.5208037825059102,0.009465211966034118,0.001739465302705042,0.0036185690563311696,0.26232997018546916,0.0016646763444694208,1230.5000000000005,0.003187543680290401,0.0017394653027050446,7112.113622537947,0.5585565138447571,0.0
,0.04403086699954607,0.011438611204757509,0.47683982683982684,0.008259223048673053,9.800069250121198e-05,0.001057068296398332,0.03219918837095229,0.00010390842298317172,1098.2500000000034,0.0007533021416373298,9.800069250121212e-05,13259.47619280563,0.4985247389922832,0.0
,0.05764866091693146,0.014980925545743625,0.4881453578550853,0.00864538850267478,0.0001468488095563986,0.0012489309865986817,0.05448408142265227,0.00015233020911217335,1126.083333333335,0.0009996853932529826,0.00014684880955639844,11566.695446193644,0.5111590255711908,0.0
,0.04085338175215615,0.010751070351597065,0.4802703291911925,0.008139577130487042,8.345612265517548e-05,0.001026171071303069,0.02851630458831237,9.074817886598134e-05,1101.4166666666692,0.0006318100025677016,8.345612265517533e-05,14607.353135421157,0.499962172794674,0.0
,0.06672719019518839,0.013742922444687163,0.4949449561896203,0.00882202372087235,0.0009391050691027173,0.0023686989909962753,0.046856542773045455,0.000936613086226419,1143.0000000000014,0.0013439690770987263,0.0009391050691027164,10106.473874908399,0.5188379482523832,0.0
,0.04221516114389469,0.00854080934549367,0.4704249412769592,0.008186858168730311,0.00019595538207448112,0.001375487345159042,0.018276873135827175,0.0002241843960379327,1086.750000000004,0.0008495098433923421,0.00019595538207448126,12116.425474831116,0.4933045846572855,0.0
,0.05628688152519292,0.01227811030225916,0.4807944129201222,0.008599763916712244,0.0013105594671096877,0.0025896639951276572,0.03803015933226548,0.0013572752277844328,1113.5833333333353,0.00123999459599848,0.0013105594671097018,10833.652368551757,0.5054849447722802,0.0
,0.08533817521561507,0.013657750268114666,0.49762819064829455,0.009083643691566137,0.0014432281133115955,0.0034243245374662888,0.0465074359116952,0.0015927902993686266,1160.750000000001,0.0012731179091023516,0.0014432281133115962,9073.191829365463,0.5268951429868362,0.0
,0.061280072628234226,0.0156429626116631,0.4898821436513231,0.008721418734718083,0.00025807767126550797,0.0016058433869686262,0.05946309225606875,0.00026343842287538413,1131.4166666666679,0.001081162227843194,0.00025807767126550754,11374.38465810852,0.5135799667120593,0.0
,0.18157058556513844,0.04470712187148502,0.5341901066925315,0.00963649671927734,0.001738523157952661,0.003859109344170501,0.39279801065049136,0.001670777444154438,1281.8333333333328,0.004380059261260946,0.001738523157952662,6051.8446963839615,0.5818580723256166,0.0
,0.19518837948252385,0.04873036073448128,0.5403482953151827,0.009672602119719575,0.002171658493979839,0.004063475058008011,0.4471789504265279,0.002101246017619175,1299.666666666666,0.004786636159488789,0.0021716584939798357,5850.243765365352,0.5899530942653957,0.0
,0.15569677712210622,0.03956424848203925,0.5280441035474592,0.009550554872488511,0.0030736066535505193,0.004405687626291428,0.3241936050370823,0.002999491743361543,1254.833333333333,0.0047404654247705175,0.003073606653550516,6088.843284515601,0.5696020577999698,0.0
,0.1307308216068997,0.031887774854171456,0.517257572200047,0.009437800267637603,0.001653403522999657,0.004059176077732751,0.22486346740282118,0.001578906422384042,1222.0833333333337,0.0017156012861674027,0.0016534035229996591,8718.991394035183,0.554735966106824,0.0
,0.129822968679074,0.02362620408448989,0.5136395430170203,0.009432330790714712,0.002911834503434954,0.004996500255146069,0.13195842607097652,0.0029374503862131694,1216.3333333333333,0.0017423980054169176,0.0029118345034349546,8084.710286865144,0.5521258889393251,0.0
,0.02496595551520654,0.003999311218179693,0.4352034768866061,0.007205896765683474,6.742907166846541e-05,0.000989929816310327,0.0041252934889151206,8.349081329692757e-05,1011.5833333333436,0.00017728852941317207,6.74290716684654e-05,20340.719961663926,0.45918444545316994,0.0
,0.03858374943259192,0.007667753254757252,0.4720377115920291,0.008037932330911947,0.0002541446786726956,0.0012840396906474932,0.0148266968159208,0.0002951183430880978,1086.4166666666702,0.0004773592787683309,0.00025414467867269593,14365.792142686354,0.4931532758359813,0.0
,0.020426690876078075,0.005103592440134958,0.4582899937591013,0.006780935999963493,1.801954856343285e-05,0.0005055940083006876,0.006510689339850431,2.1731092806740855e-05,1050.0833333333392,0.00031620683538372793,1.801954856343281e-05,20832.71592692791,0.47666061431381446,0.0
,0.005447117566954153,0.0011546679935342512,0.3841995116846878,0.0035290102439541164,1.7850856002534735e-06,0.00018277766132053313,0.00033466996058619864,2.7817093287358336e-06,887.5000000000144,8.829400824845504e-05,1.7850856002534726e-06,32440.465796341403,0.4028597367226509,0.0
,0.032682705401724924,0.006685508771849354,0.4696226817309742,0.007742401172553726,0.000210641175611975,0.0013059460078732555,0.011319509001907688,0.0002583020292803727,1078.0833333333378,0.0003924322505193339,0.00021064117561197499,15747.064258308817,0.48937055530337414,0.0
,0.048116205174761686,0.00692575781014116,0.466342082980525,0.008307113410433716,0.005914546620404837,0.007091423301638825,0.017712984711714168,0.005986087099151557,1084.0000000000048,0.0007279781989479135,0.0059145466204048236,12108.95320058536,0.4920562868815252,0.0
,0.03858374943259192,0.005848723367951906,0.4497754185381789,0.008036992475433378,8.784996389861311e-05,0.0011155251934341667,0.008731349889288571,0.00010447851547487089,1048.5833333333417,0.0002861721620003808,8.784996389861309e-05,16445.222980199076,0.4759797246179452,0.0
,0.1053109396277803,0.030932913665642187,0.5081891580161476,0.009277987090533697,0.0005839364356197087,0.00221276228893772,0.2118353851171309,0.0005868565171556422,1190.6666666666672,0.002201751718295559,0.0005839364356197093,8252.760229916934,0.5404751096988955,0.0
,0.07308216068996823,0.019178912302787704,0.49729119638826186,0.00892902778712555,0.0003072891465823264,0.001649414511069816,0.08775328414808752,0.0003206688263221176,1151.2500000000007,0.0012806173419124196,0.00030728914658232574,10331.990441512788,0.5225828415796641,0.0
,0.13300045392646392,0.033998724660323144,0.5164088138771683,0.009449636755649774,0.0015034673271735418,0.0039623935268395475,0.2510939475391457,0.0014010273530496175,1222.583333333334,0.0017920817107431517,0.001503467327173543,8647.370709900782,0.5549629293387804,0.0
,0.04448479346345892,0.010617644627607895,0.4735597592433362,0.008273398691653111,0.00015283326080491651,0.0012453572261487925,0.02785330511760455,0.00018508486373242523,1093.5833333333374,0.0005818343505982445,0.0001528332608049169,14131.09604315216,0.49640641549402326,0.0
,0.05855651384475715,0.015017179281397371,0.48782108060230295,0.008663793161522082,0.00021180240385724734,0.0015182466690606465,0.05494222970541787,0.00021319438052091208,1126.2500000000011,0.0010182137596085534,0.0002118024038572475,11693.934020021745,0.5112346799818429,0.0
,0.08216068996822515,0.01926780278184517,0.5038883806038427,0.009050096680043765,0.0011656608222631996,0.0025459593465816752,0.08925217376934594,0.0011566395668707549,1167.5,0.0022806151876619755,0.0011656608222632015,8120.484168997572,0.5299591466182478,0.0
,0.024512029051293693,0.003841799666597871,0.43366141732283464,0.0071666218655191466,5.2974970441019e-05,0.0009745407014415335,0.0038217626359736824,6.540045878553443e-05,1008.3333333333438,0.00017429262533642288,5.297497044101905e-05,20516.013157227157,0.45770918444545317,0.0
,0.02723558783477077,0.008022691989201473,0.46683619410892135,0.007396411020216537,6.482664014678124e-05,0.0007102169465101818,0.015985241085507494,8.341332173464345e-05,1069.416666666671,0.0012884331930666064,6.482664014678124e-05,12021.959239269701,0.4854365259494629,0.0
,0.070812528370404,0.01582459404049789,0.49628294660959676,0.008892308496455503,0.0006736445400351431,0.0021047986907417006,0.061083759764104614,0.0006910590811329222,1148.0833333333337,0.0009208385379733037,0.0006736445400351422,11142.015231169935,0.5211454077772734,0.0
,0.09532455742169768,0.023555130128646594,0.5046964490263459,0.009192044000471541,0.0006858522914220984,0.00233576555734434,0.12943725953339594,0.0006927490248536416,1178.3333333333335,0.0025584084074010663,0.0006858522914220955,7659.283406552104,0.534876683310637,0.0
,0.08079891057648661,0.019793120076438082,0.500340676811265,0.009034375290822893,0.0005140365130935967,0.0020798567593162975,0.09364440198286758,0.0004969170574520601,1161.3333333333333,0.001223641311900037,0.0005140365130935968,10505.768950107387,0.5271599334241186,0.0
,0.04448479346345892,0.009553361747229108,0.4720377115920291,0.008271560193202061,0.00018319990010183393,0.0013616524137756328,0.022732605597803095,0.00020604509699999945,1090.9166666666702,0.0013556919697859178,0.00018319990010183407,11070.231802530378,0.4951959449235891,0.0
,0.1575124829777576,0.04722270774006969,0.5279175653007429,0.00955826064760784,0.002178732850189805,0.0034545670356301026,0.4263453692616593,0.0019732681196528816,1255.9999999999998,0.004480325936520526,0.0021787328501898066,6302.168548949183,0.5701316386745348,0.0
,0.03313663186563777,0.0083178348106704,0.47264535507401845,0.0077766556343977005,4.961305502694959e-05,0.0008394738380093962,0.017188060912458978,5.363721306897686e-05,1083.5000000000039,0.0005043027096886632,4.961305502694968e-05,16441.856248732583,0.4918293236495688,0.0
,0.044938719927371765,0.007553750443655926,0.4695225916453538,0.008275338641068627,0.000549884008263009,0.0020719117518951742,0.014633689088010373,0.000665193601953975,1087.000000000005,0.0008595765279513562,0.0005498840082630083,11338.183804551325,0.49341806627326373,0.0
,0.032682705401724924,0.007925160064524364,0.46942254421478796,0.007749369222583392,7.091157627030712e-05,0.0009242818411272198,0.015647637461789918,7.98723945192121e-05,1078.000000000004,0.0004888426994468338,7.091157627030704e-05,16313.558653917602,0.4893327280980481,0.0
,0.07807535179300953,0.022012162022644034,0.49628294660959676,0.00900083844551428,0.00020766761621849176,0.0014981329006091531,0.11363306281162804,0.00021821973535614394,1153.3333333333337,0.002012468539321158,0.0002076676162184921,8899.833774287043,0.5235285217128158,0.0
,0.015887426236949616,0.0037588537994479123,0.4528263103802672,0.006183852090486628,4.044066953983867e-05,0.0005584912116932143,0.003566885946512221,5.6577038403928045e-05,1037.4166666666738,0.0002340412026855967,4.04406695398386e-05,22754.172764674786,0.47091087910425183,0.0
,0.06672719019518839,0.017601630747438448,0.4910833704859563,0.008812749699069608,0.002634126581587981,0.0033723778149409756,0.07671602438630679,0.0023844444182917106,1137.1666666666674,0.0011967714985706376,0.002634126581587982,10611.855927960944,0.5161900438795582,0.0
,0.082614616432138,0.018308858020930654,0.5033127713045465,0.009055565717031496,0.0007767374836484894,0.0024394906990382816,0.08083378381523235,0.0008066333404220593,1167.0000000000005,0.0029942088668512214,0.0007767374836484894,7456.47343118208,0.5297321833862915,0.0
,0.07807535179300953,0.020529571837201284,0.5034277879341865,0.00899960004744608,0.0004951895994840798,0.0019266116036424684,0.09995290188205028,0.000535151029186747,1163.8333333333335,0.001331144365242602,0.000495189599484081,10118.731622803245,0.5282947495839007,0.0
,0.03722197004085338,0.009323523679860219,0.47601555747623164,0.007983004900232646,7.588517951090069e-05,0.0009703602616553664,0.021558272610481363,8.216586216045996e-05,1092.0000000000034,0.0005649809696481457,7.588517951090065e-05,15304.12428206769,0.49568769859282796,0.0
,0.01997276441216523,0.0036253360621812847,0.43554764729141954,0.0067174158250075,4.646967803591217e-05,0.0007919914765280845,0.0033822600548820644,6.129395369982614e-05,1007.9166666666767,0.0001480693192636589,4.646967803591215e-05,22904.983496521872,0.4575200484188228,0.0
,0.14117113027689515,0.03606640994258978,0.5242741551642075,0.009491423280853927,0.00128284509762843,0.0031864994061049042,0.2770141287341589,0.0012699160096591843,1239.1666666666672,0.004627327845160393,0.001282845097628426,6041.462592975002,0.5624905431986685,0.0
,0.12755333635950977,0.0310552201116844,0.516772226131832,0.009419885826170355,0.0027292514231407215,0.00461333164256487,0.21539653731472708,0.0027576954093683974,1219.0000000000002,0.0032949531337007863,0.0027292514231407297,6795.062236194365,0.5533363595097595,0.0
,0.04675442578302315,0.010462268321272642,0.4810043668122271,0.008350738401191823,0.00017407696513180857,0.0012916144557685242,0.02715049620933624,0.00017424005082000149,1106.9166666666695,0.0005792726698034719,0.0001740769651318087,13805.055662577202,0.5024587683461946,0.0
,0.12709940989559693,0.03791703602511375,0.5176221804511278,0.009421374355503425,0.0007644908857181962,0.002574049856181197,0.30073039908556803,0.0007408255466823854,1219.833333333333,0.0031501187015819864,0.0007644908857181945,7152.034091171509,0.5537146315630201,0.0
,0.13345438039037677,0.03423423246094032,0.5212967345007099,0.009454116483146969,0.001561127178785821,0.0034999688655995894,0.2540315826186557,0.0014908632906893663,1229.5000000000002,0.0031989657562691873,0.0015611271787858226,7097.804562485061,0.5581025873808443,0.0
,0.04403086699954607,0.010180190879838432,0.4795385285154549,0.008259294194599889,0.00013183430693016268,0.0011839854676945736,0.025694905770228017,0.0001299257892477264,1102.6666666666695,0.0005612670940363546,0.0001318343069301627,14134.06950940083,0.500529580874565,0.0
,0.017703132092601,0.0020185050221702507,0.39060283687943265,0.006411948469251724,6.277367695691864e-05,0.0009985359146406434,0.0011081576995314172,9.126144889962783e-05,911.2500000000151,9.640806843097346e-05,6.277367695691863e-05,22315.2677883361,0.413640490240581,0.0
,0.05265546981389015,0.010565026046854263,0.4851354327240696,0.008518336097347317,0.0005799438881172618,0.0019274840377804991,0.028063533236883837,0.0005710953406949518,1117.6666666666686,0.0010274576616483477,0.0005799438881172618,11504.222349288257,0.5073384778332577,0.0
,0.026327734906945077,0.004012574686058933,0.4337468005512896,0.007315275984063373,6.29909604377483e-05,0.001011169945820501,0.004152685604247668,7.742464288880822e-05,1009.8333333333441,0.0001772190455886164,6.299096043774838e-05,19933.85022875026,0.45839007414132243,0.0
,0.09759418974126192,0.03122716939467526,0.49898074745186866,0.00921366600846656,0.00025264086618976916,0.0017116658531826986,0.21473567380789718,0.00025322109651117913,1171.666666666667,0.0030197559637902397,0.00025264086618976916,7406.967936720463,0.5318505068845514,0.0
,0.04176123467998184,0.010251645161894179,0.4764273356401384,0.008174536050491728,9.401690070656279e-05,0.0010484254260402451,0.025954137618379638,0.00010199412878436135,1095.833333333337,0.0005792751243818357,9.40169007065627e-05,14319.492657418734,0.4974277500378272,0.0
,0.03994552882433046,0.007022144957068076,0.4641803624104509,0.008089740323359717,0.00027943570761499673,0.0016509024169496776,0.01253217249229956,0.0003358534429913739,1074.5833333333385,0.000450799088009014,0.00027943570761499744,14656.346292349404,0.4877818126796792,0.0
,0.06309577848388562,0.017297230043194622,0.48966436985996886,0.00874918538869012,0.0016971376330739533,0.002771437811225811,0.0733756638122097,0.0015085676391422376,1132.3333333333344,0.0011378723188753216,0.001697137633073953,10918.673351646548,0.5139960659706461,0.0
,0.009986382206082615,0.0019318982855328053,0.4218690157027959,0.005017479902456195,1.3606904160041242e-05,0.00035980472543901216,0.0009443397729659777,1.904507744057094e-05,973.6666666666779,0.00022508292070056257,1.3606904160041252e-05,22306.063307245924,0.4419730670298078,0.0
,0.020426690876078075,0.0023489004376482524,0.40025436046511625,0.006768141262551353,3.666451818409147e-05,0.0007756921990835107,0.0014329000289822055,4.23401766205558e-05,935.916666666682,8.522764740568549e-05,3.6664518184091495e-05,23256.60251698451,0.42483734301709786,0.0
,0.04221516114389469,0.007485622532602677,0.4714316285041729,0.008183440611248774,0.00025099801764955505,0.0015192053345954454,0.014241863678445913,0.0002685851953241891,1088.0000000000039,0.00046939936807310624,0.0002509980176495551,14583.773164724065,0.4938719927371766,0.0
,0.04947798456650023,0.008887575716747358,0.47052541648868007,0.008426889043802925,0.0003223699861440184,0.0016924714294848655,0.019954019378748286,0.0003354216004396808,1091.9166666666708,0.0005371761200609869,0.0003223699861440183,13579.015415918126,0.49564987138750194,0.0
,0.03313663186563777,0.004282759779332471,0.4351175192573573,0.007754644981248025,0.0005206906091593897,0.0019646343496407177,0.004869194905806854,0.0006484281004808916,1017.166666666678,0.00031325701514879097,0.0005206906091593896,14618.255237222775,0.4617188682100166,0.0
,0.004993191103041307,0.0007275998083134856,0.39297181591152336,0.0033149464951508904,7.2803589546628174e-06,0.00023762634274675205,0.0001389889840664356,1.2900006856048735e-05,907.4166666666811,5.6485583554445995e-05,7.280358954662823e-06,36324.05388896829,0.41190043879558175,0.0
,0.03676804357694054,0.007616206259616391,0.45924536168438607,0.007958092919228686,0.00013719346832374884,0.0010841361510198332,0.014519308047508136,0.00015649321620233577,1063.8333333333392,0.0003299440478017654,0.00013719346832374873,16514.767348432084,0.4829021031926161,0.0
,0.022696323195642305,0.006387491605150367,0.4554475914823238,0.0070176879567065845,2.6690209629470548e-05,0.00048017083806230486,0.010151273211921634,3.0367893273270253e-05,1046.5833333333399,0.00038364262818445005,2.6690209629470528e-05,18453.656992244378,0.4750718716901195,0.0
,0.0463004993191103,0.008134804441853912,0.4685240323266695,0.00832729433536104,0.00029881305874889663,0.0016668217155052162,0.01677866055720457,0.00031894868486009224,1086.3333333333378,0.0005010659803751457,0.00029881305874889674,13988.225316432441,0.49311544863065515,0.0
,0.05220154334997731,0.009934561395824075,0.47264535507401845,0.008503931640144496,0.000352814305931827,0.001734041993422492,0.024798284468737695,0.0003625218667054147,1097.4166666666702,0.0005786816893539767,0.00035281430593182703,13272.121090779254,0.4981464669390226,0.0
,0.04357694053563323,0.008019661198165405,0.47032450896669514,0.008234184513072434,0.00027233376211633443,0.0015584554577838699,0.016296848157829513,0.0002895114987394169,1087.1666666666708,0.0005020389020850114,0.00027233376211633465,14364.483450263877,0.4934937206839159,0.0
,0.04221516114389469,0.0072056267742554745,0.4696226817309742,0.008181817877481904,0.0002706147547460267,0.0016097963925892215,0.0132435914814103,0.00029527076603697196,1085.0000000000043,0.00045795303276165996,0.0002706147547460272,14559.203443348688,0.49251021334543804,0.0
,0.04403086699954607,0.007749157937142388,0.4709277469003848,0.008249580350833565,0.0002776697027918007,0.0016145242481032892,0.015258010790868868,0.00029838758488275735,1088.500000000004,0.0004858505389722686,0.0002776697027918009,14273.652768869562,0.494098955969133,0.0
,0.018157058556513846,0.0028391630017595105,0.4297698010144362,0.006501514554564151,3.8974750452072334e-05,0.0006563091926946064,0.002065549766849206,4.818407913640198e-05,996.3333333333451,0.00011620444914802712,3.8974750452072334e-05,24552.115094471603,0.452262066878499,0.0
,0.05401724920562869,0.01320795599896028,0.4835381913959614,0.008554223131412641,0.00043954612229199546,0.0018076639444051838,0.04300386018453223,0.0004671485616258914,1116.3333333333342,0.001032445334944332,0.0004395461222919957,11805.953673222131,0.5067332425480405,0.0
,0.004993191103041307,0.0009301472121013187,0.39444941808415396,0.0033241925171254697,2.9224236067448164e-06,0.00020010476447451068,0.00022106203872806107,4.622792972276146e-06,911.0833333333491,5.218378460319817e-05,2.9224236067448147e-06,43134.06851821546,0.41356483582992887,0.0
,0.17839310031774852,0.047547701683798495,0.5353584447144593,0.009626833628394501,0.0028165370336093627,0.004197149951461466,0.43112982619627144,0.002626264468291396,1280.9999999999998,0.006146413441341871,0.002816537033609363,5458.888283240001,0.5814798002723559,0.0
,0.020426690876078075,0.0034901506085228866,0.4318761027249559,0.006746226843855343,0.00019605515619797444,0.0011732270387001405,0.0032900491275440467,0.00021312799610027311,1001.5000000000107,0.00014479599352200623,0.000196055156197974,22240.1449527777,0.4546073536087154,0.0
,0.021788470267816613,0.003786389718616692,0.43945741073209654,0.006892980399571601,0.00022659712430357455,0.0012338697347715666,0.0038502356094707356,0.0002518243419269783,1017.0833333333433,0.00016000970634837562,0.00022659712430357453,21529.240465187468,0.4616810410046906,0.0
,0.02088061733999092,0.004115654092038616,0.44469115865966896,0.006799896154113819,0.000234010703971904,0.0011144724193834605,0.004511134657920947,0.00026281630324699373,1025.9166666666754,0.00022740943117170408,0.0002340107039719034,21680.339772756302,0.4656907247692541,0.0
,0.01861098502042669,0.0038856948785074953,0.4430812550281577,0.006533884225813936,0.00019722885494208187,0.0010110469150784846,0.004022277926199641,0.00022361531671559945,1021.5833333333426,0.00019723372078673786,0.0001972288549420817,23268.676264707487,0.4637237100922984,0.0
,0.007716749886518384,0.0013607208804239912,0.39430821550026846,0.003970558196318354,0.001063044831916985,0.0024918697724040616,0.0015219193290632003,0.001290994948681259,912.7500000000168,0.00010123899443656542,0.0010630448319169975,30683.399066793074,0.4143213799364503,0.0
,0.016795279164775308,0.003881233220246442,0.45601324777478786,0.0063150513711459815,2.8475423523806257e-05,0.0006069142542285973,0.0038112962280562566,3.6902733758527754e-05,1043.3333333333396,0.00020990200143422235,2.847542352380626e-05,24318.841655525954,0.4735966106824028,0.0
,0.013617793917385384,0.0024154005569531965,0.4460417088479449,0.0058003620671943845,2.2444207512144746e-05,0.0005707318816170756,0.0014980830507894775,2.7420571651793005e-05,1024.0833333333421,0.00015375028990448887,2.244420751214475e-05,27801.010549996878,0.46485852625208046,0.0
,0.03495233772128915,0.004982054590062808,0.466440821511751,0.007860281806772616,0.00026888702286377347,0.0015568349605911492,0.006379773694384876,0.0003331543301263299,1074.7500000000048,0.00038668749541664015,0.000268887022863774,15083.817508415874,0.48785746709033134,0.0
,0.033590558329550615,0.0077755384197270875,0.4641803624104509,0.007794208876320238,0.00022585344227676573,0.0012975776951089392,0.015164423321091731,0.0002769281820022278,1070.0833333333383,0.0003810183235429651,0.0002258534422767658,16373.216626451227,0.4857391435920714,0.0
,0.012256014525646846,0.0024329994892961166,0.4441532258064516,0.005535109185159588,1.2456826241168224e-05,0.0004857596554407388,0.0015122446664554538,1.6279864961590733e-05,1019.2500000000082,0.0001496407234437554,1.2456826241168219e-05,29383.953334184087,0.4626645483431684,0.0
,0.03949160236041761,0.005784986217042457,0.46762895351305456,0.008065273377938317,0.0005032106165077486,0.0021576524866972896,0.008734559903243995,0.0006176861877692027,1079.916666666671,0.0005116685087414616,0.0005032106165077487,13402.831500256167,0.4902027538205478,0.0
,0.011802088061733999,0.0025979485211097375,0.44033579852088744,0.00544546696721137,1.330857143077669e-05,0.0003864888398067226,0.0016994197733778097,1.919061491470102e-05,1011.5833333333421,0.00014485028563125332,1.3308571430776666e-05,27142.926281659387,0.45918444545316994,0.0
,0.10894235133908307,0.02769542629274064,0.5149602618045815,0.009304939306789512,0.0013504869743093384,0.0029234932398838915,0.174745371654517,0.0013551331566049453,1202.8333333333335,0.003332250439769695,0.001350486974309338,6870.676482997903,0.5459978816765017,0.0
,0.012256014525646846,0.0024863077843929205,0.44290309609971856,0.005541120867964343,1.4377585974238604e-05,0.0004516671310303577,0.001572465711507829,1.7655969341897382e-05,1017.2500000000082,0.00014679876636364291,1.43775859742386e-05,29367.31157026521,0.4617566954153427,0.0
,0.09623241034952337,0.024678547462528615,0.5088935088935089,0.009200668804858578,0.0010470804802587977,0.002561952117859228,0.14141377678076722,0.0010697323796790116,1185.0833333333337,0.0037870900796000083,0.0010470804802588016,6739.533719296509,0.5379406869420487,0.0
,0.02224239673172946,0.004126063177201892,0.45781379883624274,0.006957407890618137,9.287057128875955e-05,0.0009509015206892721,0.0043612724776479,0.00011257648087286285,1050.583333333339,0.0002872008821497354,9.287057128875953e-05,21384.19262270674,0.4768875775457709,0.0
,0.07943713118474807,0.024762457433915797,0.4949449561896203,0.00901799131469653,0.00024978215423660313,0.001567088237505049,0.1413062900309186,0.00025527134120905266,1152.3333333333342,0.0015979842396042995,0.0002497821542366032,9563.244170871714,0.523074595248903,0.0
,0.019518837948252384,0.003954383307312424,0.453665568369028,0.006667275066726128,5.793205017566196e-05,0.0007574622109687243,0.00399198400761701,6.853273834994404e-05,1041.1666666666736,0.0002881464479061367,5.793205017566193e-05,22756.206132953455,0.472613103343925,0.0
,0.08942351339083068,0.021921498168504316,0.5036579789666209,0.009133011072294493,0.0007098061106637773,0.002358514700729974,0.11356641012690454,0.0007035727110589617,1172.4999999999998,0.0019204705725483415,0.0007098061106637769,9184.991011394275,0.5322287789378121,0.0
,0.03495233772128915,0.008704121402007627,0.45924536168438607,0.007874314013642246,3.3102553504531396e-05,0.0007354558768144923,0.01876343779884683,3.579328312613599e-05,1062.3333333333392,0.0005755493956756061,3.3102553504531376e-05,14835.741701344166,0.48222121349674685,0.0
,0.009532455742169769,0.0009656123679672865,0.377290631957527,0.004842452828259333,2.1200997154528924e-05,0.0007180627193634867,0.0002664607823223897,4.188818430197258e-05,874.2500000000158,9.631625140198239e-05,2.120099715452891e-05,22121.841879405514,0.3968452110758057,0.0
,0.004539264639128461,0.0004916596349777167,0.36588606543763497,0.003098917333958145,8.308951698211963e-06,0.00035177925796929277,6.958986032020062e-05,1.2646633706106174e-05,840.5833333333488,2.1688662967580024e-05,8.308951698211966e-06,45472.86762211652,0.3815630201240732,0.0
,0.012709940989559692,0.0017538525093511279,0.3789781524169964,0.005549019891045203,6.839881610041631e-05,0.0011035643073395492,0.0009265140689969531,0.00010677442014310652,881.5000000000152,0.00013586372907812162,6.839881610041632e-05,19898.860463723777,0.40013617793917383,0.0
,0.018157058556513846,0.001961741098311452,0.4054103790945896,0.006351668429151357,0.0009938495020069907,0.0027627357100537143,0.0019458087394079284,0.0011694190905431226,946.1666666666815,0.00011323634551576677,0.000993849502006992,20651.184013362566,0.42949008927220456,0.0
,0.08079891057648661,0.022836592061256336,0.4736615781552354,0.00902962329855547,0.0001518498318731255,0.0014647864250132705,0.12109233135361853,0.00017169283701029916,1120.91666666667,0.001650826399374487,0.0001518498318731255,8932.506838526682,0.5088137388409745,0.0
,0.08034498411257376,0.022766531183259327,0.4728482506975746,0.009023847136336242,0.0001450455408669973,0.001443380440170138,0.12038348995681664,0.00016671257592270843,1119.2500000000032,0.0016457790161173954,0.00014504554086699743,8948.077984924219,0.508057194734453,0.0
,0.009532455742169769,0.0006908894580326043,0.35879478827361566,0.0047816524883679875,0.000136918102641063,0.0011516288652547628,0.0003090019232828691,0.0001905588069471876,826.5833333333483,7.742221215829132e-05,0.000136918102641063,21976.239590852183,0.3752080496292933,0.0
,0.02088061733999092,0.003770996434126706,0.3961517712641611,0.006781114423949964,0.00016985072462822085,0.001515153136192101,0.0038818361290970643,0.00018719042018407566,928.5833333333478,0.00021801979040255733,0.00016985072462822066,18134.310412711857,0.42150854894840367,0.0
,0.082614616432138,0.02313898493660789,0.47550183466436435,0.009052078549944881,0.00017092502685686666,0.0015239665466389085,0.12413086537268932,0.0001919144941832374,1125.2500000000025,0.0016750377909070281,0.00017092502685686704,8862.044832696578,0.5107807535179301,0.0
,0.01044030866999546,0.0011212725204430972,0.39088005677785664,0.005076631467919528,3.92040417697275e-05,0.0007882040004681776,0.0003630818268880384,7.970618321551883e-05,908.0833333333482,9.760296401937964e-05,3.920404176972751e-05,21956.493433930387,0.41220305643819033,0.0
,0.01044030866999546,0.002209479480592105,0.39480286738351256,0.005096765872953163,1.8363888047870524e-05,0.0006193391453556627,0.0012706399585588385,3.65266974892469e-05,917.166666666681,0.00017767633301597508,1.8363888047870537e-05,20934.753575150335,0.416326221818732,0.0
,0.02224239673172946,0.005502770879899729,0.4173929518757105,0.006954692867000657,3.311069635118511e-05,0.0007965132140275313,0.007577724375279933,4.9585604152414586e-05,974.8333333333461,0.00029981980947713387,3.311069635118511e-05,17381.049570595405,0.4425026479043728,0.0
,0.02224239673172946,0.005447947363272712,0.42001906577693043,0.006954644635821552,3.597908036417424e-05,0.0008017923292879087,0.007430245591818064,5.553458919256591e-05,979.6666666666791,0.00029599644090964303,3.5979080364174295e-05,17436.259908804444,0.4446966258132849,0.0
,0.020426690876078075,0.0032196491157756722,0.4027422303473492,0.0066966016001755125,0.00040917017047741136,0.0019623066967260298,0.0031832959679510297,0.0004986526799465194,942.3333333333478,0.0002655498823879959,0.00040917017047741104,16365.001230427559,0.4277500378272053,0.0
,0.016795279164775308,0.0014616887546126246,0.4004726413379386,0.006248962337829657,0.0001816057676604702,0.0014638809506427885,0.0006651350369676877,0.00029966364988834733,933.7500000000144,0.00020968137090618286,0.00018160576766047053,16553.238435332358,0.42385383567862006,0.0
,0.020426690876078075,0.0037142836780081315,0.3960093474743843,0.006733968880944721,0.00012613116244888917,0.0014358111341861652,0.0036974887272599537,0.00015022183016473017,928.0000000000144,0.0002153405269152886,0.00012613116244888925,18242.49586399547,0.4212437585111212,0.0
,0.024058102587380843,0.004765754052091262,0.4070583887657058,0.007093084197670489,0.0002173421391537272,0.001658737853595842,0.006064317495415316,0.0002679699324636396,954.2500000000141,0.0003262138741858937,0.00021734213915372685,15299.065954959078,0.4331593281888334,0.0
,0.07716749886518384,0.014410220883337365,0.47891304347826086,0.00898284586263061,0.0003699246426130445,0.0018911948736973119,0.051238546639582876,0.0003793670419903612,1126.250000000003,0.0007400653767245262,0.0003699246426130446,11842.946449485209,0.5112346799818429,0.0
,0.014525646845211076,0.002046842313437451,0.4218690157027959,0.005963053261086101,1.5735590887741867e-05,0.00046493228986374324,0.001077608661073226,2.0022013517227884e-05,978.0833333333451,0.0001011681129348279,1.573559088774184e-05,25904.89421718354,0.4439779089120896,0.0
,0.03722197004085338,0.00752608793500789,0.4606859054788791,0.007974829917058564,0.0001842430839120747,0.0013645397608116605,0.014247913592189078,0.0002144695710849851,1066.8333333333392,0.00045535873126447893,0.00018424308391207478,15138.275191247407,0.48426388258435465,0.0
,0.02088061733999092,0.005034266095694819,0.4518974358974359,0.006831046005562256,3.625749233851519e-05,0.0005541161264779641,0.00632604531192553,4.3482609830986214e-05,1040.3333333333399,0.00030227236278735807,3.6257492338515106e-05,20100.009669062878,0.47223483129066424,0.0
,0.04176123467998184,0.007722308220797594,0.46992320819112626,0.008165948984970358,0.0003655775405478299,0.001560984029079986,0.015160250726648367,0.00041840441907969547,1085.5000000000043,0.00045656291177665855,0.0003655775405478298,14619.174921511998,0.49273717657739446,0.0
,0.0018157058556513845,0.00023245326350842117,0.3333333333333333,0.0015335332516578648,1.9542640757920184e-08,2.1474666741047712e-05,1.382049844757018e-05,2.0360837872121928e-08,753.7833333333455,6.728240882273393e-06,1.9542640757920187e-08,80886.05193403857,0.3421622030564382,0.0
,0.027689514298683614,0.006720722350003776,0.4580993969640258,0.007432967613210962,4.0545174767262395e-05,0.0006766970563670072,0.01124857947169442,4.4813267448457816e-05,1055.2500000000055,0.0003971241594876215,4.0545174767262374e-05,17540.42631316866,0.47900590104403085,0.0
,0.15524285065819338,0.04610847057037384,0.5231536452149134,0.00954980022878182,0.0007442132951510885,0.002795121209982074,0.4099561179790971,0.000733300054299226,1247.9999999999998,0.004773257424142763,0.0007442132951510872,6094.338129394454,0.566500226963232,0.0
,0.08624602814344076,0.028209746191931447,0.49852907897714416,0.00910014860067653,0.0002579871837567101,0.0016037847701727641,0.179267882569206,0.0002533355485481536,1162.6666666666663,0.001885269836804966,0.00025798718375671047,9284.8098196891,0.5277651687093358,0.0
,0.05991829323649569,0.01572878637745994,0.47386534738653474,0.008693553058829108,0.00011007461647423913,0.001224247831821646,0.05964924690797155,0.00011688787762622088,1105.3333333333371,0.0007892536869260843,0.00011007461647423909,12088.334489407685,0.5017400514449992,0.0
,0.07807535179300953,0.024255365933777383,0.49909379247847757,0.009000827112122344,0.00014620467647778068,0.0014218369819651332,0.13608491527628827,0.00014544318383237574,1157.583333333333,0.0016806177188605634,0.00014620467647778057,10151.355008773158,0.5254577091844455,0.0
,0.08216068996822515,0.02854214533330018,0.5038883806038427,0.009052970252886776,0.00021112697003169766,0.0014170994790511178,0.18312064513861814,0.00020788369726905626,1167.5000000000007,0.0017521299042753751,0.00021112697003169734,9946.706110457986,0.5299591466182478,0.0
,0.10122560145256469,0.024962564497342177,0.5069028992176714,0.009243077388182346,0.0010792761501589355,0.0027031483010135204,0.14441306467844375,0.0011068047824329423,1185.9166666666667,0.0023126305328056147,0.0010792761501589362,8103.959094926914,0.5383189589953095,0.0
,0.12392192464820699,0.0358804414542296,0.5181091251175918,0.009403188305437826,0.0005872915779186771,0.002526609985120824,0.2742849742507126,0.0005578697919041811,1218.166666666667,0.0024791419624719964,0.0005872915779186777,8058.57340921248,0.5529580874564988,0.0
,0.1575124829777576,0.0442932764029786,0.5260267430754537,0.00955839414951014,0.0014828116555054536,0.0032943407286496634,0.38634027567534535,0.0014670401680188458,1253.5000000000002,0.006482127940767239,0.0014828116555054536,5434.171688203454,0.5689968225147526,0.0
,0.15070358601906492,0.037296609407571485,0.522781205505458,0.009530035142533944,0.002012361632209372,0.004528672455416654,0.29397432308794574,0.001852831845350791,1244.25,0.002041909081306621,0.0020123616322093676,8112.215309369854,0.5647980027235587,0.0
,0.14026327734906946,0.03255220779463942,0.522161649680019,0.009486104708246344,0.00197829305913357,0.0036659310576748934,0.23313780361277708,0.0019784426780645264,1235.6666666666667,0.0035191457388791415,0.001978293059133568,6580.623440427769,0.5609018005749735,0.0
,0.1693145710394916,0.0461332538815338,0.5319971021492393,0.009599388629117035,0.0015675735363227525,0.003531826275448816,0.4118475874440862,0.001489216562240569,1269.999999999999,0.004996048381201913,0.0015675735363227497,6062.6530132005555,0.5764866091693146,0.0
,0.10485701316386746,0.03069972971397026,0.5084237249019156,0.009273989952867398,0.0008678115213498171,0.00243059651356917,0.20942388438282727,0.0008489428590184043,1190.75,0.002341017828615201,0.0008678115213498159,8284.826188055591,0.5405129369042215,0.0
,0.041307308216069,0.006508885659229338,0.4735597592433362,0.008133030019124863,0.0006705053744329526,0.002369473335658833,0.011224476207595492,0.0007188447442843741,1091.0833333333367,0.0004549828696541687,0.0006705053744329522,14683.50962208401,0.49527159933424114,0.0
,0.147526100771675,0.04569832597406352,0.5214201183431952,0.009518947084645736,0.0013831546937862695,0.002975143359843899,0.40515276296315306,0.0012707986772784346,1240.0000000000007,0.0036334972136001778,0.0013831546937862714,6997.352206019502,0.5628688152519292,0.0
,0.10167952791647754,0.02927686880830199,0.5112555117196566,0.009249417724979687,0.0005090161031420564,0.0020837128171664627,0.19241882733530144,0.0005226241264318859,1192.3333333333333,0.0029415230296361613,0.0005090161031420573,7844.095947028952,0.5412316538054168,0.0
,0.07989105764866092,0.023580779243222046,0.4950561797752809,0.009023633106606914,0.00015154683531420275,0.0014415282981585403,0.12877691955311707,0.00015470114928709357,1152.8333333333342,0.001484317814450662,0.00015154683531420286,10174.635691529635,0.5233015584808594,0.0
,0.112119836586473,0.028798547935461247,0.509364161849711,0.00932784817693399,0.0006704565038582097,0.0023589748587049,0.1869353072073888,0.0006937113920295598,1197.3333333333337,0.0023184045008461957,0.0006704565038582091,8237.496338868377,0.543501286124981,0.0
,0.016795279164775308,0.002808169083822054,0.4045170767535806,0.006290064681291118,5.296418343120823e-05,0.0008579745823516751,0.0020351655865175834,8.197100413690781e-05,942.8333333333472,0.00019843859766803846,5.296418343120811e-05,19563.77528559088,0.42797700105916175,0.0
,0.02088061733999092,0.0038621277413196675,0.4356337749653945,0.006816155737764893,5.3789262290094906e-05,0.0008711451531286644,0.0038425914956612896,6.917466202871342e-05,1009.166666666677,0.00016171044753902087,5.3789262290094845e-05,22239.987502856646,0.45808745649871385,0.0
,0.02496595551520654,0.003631866963619576,0.41818526955201213,0.007171476106107869,0.0006123228540524264,0.0020739145643962767,0.003941086162946426,0.0006669267095071859,977.1666666666802,0.00021721416523703355,0.0006123228540524262,16939.19285356474,0.4435618096535028,0.0
,0.09668633681343622,0.03130411443523489,0.5055071133547498,0.009205677637585168,0.00044282650058638246,0.0018510370963332416,0.21615378900643512,0.00042912486263489285,1180.5000000000007,0.002879880619256815,0.00044282650058638295,7880.665336109449,0.5358601906491148,0.0
,0.10394916023604177,0.030076780072321948,0.5076036866359447,0.009266834478120982,0.0007620598680819393,0.002408851825374042,0.20190729310680877,0.0007575417605163159,1188.8333333333337,0.002313846665187413,0.0007620598680819382,8312.493307402352,0.5396429111817218,0.0
,0.028597367226509306,0.00788744185432406,0.4540395713107997,0.007491321502583582,0.00010818273477988306,0.0008319498418674327,0.015465612612873176,0.00012954022395018786,1048.750000000006,0.0006611676124063262,0.00010818273477988284,15359.267754941353,0.47605537902859735,0.0
,0.02088061733999092,0.0052153646255443005,0.3932524098536237,0.006818555124149272,2.611099971223976e-05,0.0005861455586154058,0.0067631328729534194,4.3121722356616515e-05,920.750000000015,0.00026226973617866255,2.611099971223976e-05,18746.857511642513,0.41795279164775306,0.0
,0.09895596913300046,0.0279082176722212,0.5084237249019156,0.009225407937552395,0.0005183675711456258,0.002102788789077487,0.17616602750407373,0.0005261162902496285,1186.4166666666665,0.0027820386277191684,0.0005183675711456278,7458.598070960636,0.5385459222272659,0.0
,0.147526100771675,0.04217913472049708,0.5232779097387174,0.009518243480098625,0.0022719430819369154,0.0038684364334774365,0.35846660953795456,0.0021467701447959063,1242.5000000000002,0.0039003076182068004,0.0022719430819369167,6602.89778487476,0.5640036314117113,0.0
,0.05991829323649569,0.015312500501775725,0.4706259346293527,0.008693203662396457,0.00012199658848236671,0.001242856349208762,0.056640936424075396,0.00012788819136917424,1100.0000000000039,0.0007290155471623846,0.00012199658848236694,12306.492068676434,0.49931911030413073,0.0
,0.024512029051293693,0.006881437263888445,0.4371031746031746,0.007174449552868834,6.987522737486865e-05,0.0007939468080446322,0.011778913852732234,9.959353573061543e-05,1014.0000000000107,0.0003223277533631722,6.987522737486871e-05,18205.402230361422,0.460281434407626,0.0
,0.17657739446209714,0.05236933566816129,0.5334140435835351,0.009621298503020253,0.0021337482806137037,0.003913792444750396,0.49454641527067655,0.002071142398907204,1277.1666666666663,0.004424072021687895,0.0021337482806137046,6203.223476088286,0.5797397488273567,0.0
,0.11756695415342715,0.03518169432804287,0.5134001398275461,0.009364692159723102,0.0004670174992505943,0.002167736051490769,0.26489587330428466,0.00046608768277325803,1207.0000000000002,0.004944194804041719,0.0004670174992505949,6304.956152612946,0.5478892419428053,0.0
,0.07489786654561961,0.02198870422241063,0.4921805183199285,0.008955686127219612,0.0001599171141570744,0.0014006985999577097,0.11298785266579559,0.00016448160075747823,1144.8333333333353,0.0013719505130918852,0.00015991711415707456,10538.875894323917,0.5196701467695566,0.0
,0.02723558783477077,0.004223316695477237,0.43425980682042187,0.007383236201663566,0.0001051479688678476,0.0011604069187350053,0.004621372384812279,0.00012635384481675394,1011.3333333333438,0.00018304147796738545,0.00010514796886784773,19617.027423820695,0.4590709638371917,0.0
,0.12392192464820699,0.03631885919306708,0.5182310044695366,0.009403172750148838,0.0005592058559144053,0.0024936321697642534,0.2799392109380097,0.0005290330416931364,1218.3333333333337,0.002515485761211533,0.0005592058559144054,8034.375340726167,0.5530337418671508,0.0
,0.12029051293690422,0.03526404417510297,0.5176221804511278,0.009381687382962542,0.0006855450610427005,0.0025020504904446302,0.2662745005538828,0.0006852284414710958,1214.8333333333335,0.004992702366361841,0.0006855450610427019,6369.448466010763,0.5514449992434559,0.0
,0.08533817521561507,0.0233563358349137,0.49852907897714416,0.00908941070973532,0.00030299805495321815,0.0017774119583494682,0.1270813303740047,0.0003081153495700801,1161.9999999999995,0.0020237669529578396,0.0003029980549532177,8564.389103530724,0.5274625510667272,0.0
,0.10167952791647754,0.0257856388567053,0.5043498168498168,0.009248229341877348,0.0003636268538798451,0.0020625489414098693,0.152943585788799,0.0003628405707983408,1182.5000000000002,0.0021043278150158504,0.00036362685387984436,8614.414544507537,0.5367680435769405,0.0
,0.060372219700408535,0.015028528873049406,0.48717381689517913,0.008702391955266979,0.00026698730085053085,0.0015919720128248765,0.054933669598780765,0.00028404592490356413,1126.750000000002,0.0008181580245726367,0.0002669873008505305,12184.761447120809,0.5114616432137994,0.0
,0.06536541080344985,0.020757541693410993,0.489991103202847,0.008802864646136893,0.00015345907322668141,0.001184461719822589,0.10156911064280257,0.000155063198482243,1134.500000000001,0.0017822994066028182,0.00015345907322668125,9208.581709064742,0.5149795733091239,0.0
,0.09169314571039491,0.021324492142257515,0.5014796266788072,0.009156324228673605,0.0006556421585225274,0.0023936655475427075,0.10793385261600208,0.0006302389776695644,1170.9999999999995,0.001321545393894564,0.000655642158522529,9964.948626528329,0.5315478892419429,0.0
,0.07444394008170677,0.019311477547547588,0.49317215133199016,0.008948460969336082,0.00031987080863824495,0.00173066137284118,0.08881232844289703,0.0003281109700699784,1146.0000000000018,0.0015526761434340784,0.0003198708086382446,10140.68123705714,0.5201997276441217,0.0
,0.09487063095778484,0.026075078463171378,0.5028532298561972,0.009187230838524987,0.000599093232566454,0.002224254832763815,0.155787028761084,0.0006006031779353911,1175.5000000000007,0.002318902261650729,0.0005990932325664532,8515.972207754365,0.5335905583295506,0.0
,0.1525192918747163,0.0458386317607144,0.5239001189060642,0.009539091327594082,0.0012321665942789757,0.003093982645592014,0.406672080644611,0.001197721930041965,1246.9999999999998,0.003741246850807371,0.0012321665942789802,6657.484073371843,0.5660463004993191,0.0
,0.07898320472083523,0.014849029734510853,0.49539015066336856,0.009005694684678803,0.0011799107701266688,0.003054318488505659,0.05456649191672858,0.0012760303531560509,1152.7500000000011,0.0013292345058414515,0.0011799107701266705,9046.898307023783,0.5232637312755334,0.0
,0.06264185201997277,0.013569612669837562,0.4908645276292335,0.008745985395841201,0.0004289975014956499,0.0021109967306030186,0.04548502003786799,0.00043748101621652734,1133.833333333334,0.0008355907551242087,0.00042899750149565026,11897.353240084394,0.5146769556665153,0.0
,0.1316386745347254,0.04053461328691854,0.5217906205589767,0.009445660131569935,0.0012887792254325952,0.002699166073428121,0.3359107136289169,0.0011831716655605054,1228.833333333334,0.003053604044203491,0.001288779225432598,7638.038705687911,0.5577999697382358,0.0
,0.08397639582387653,0.023724011095832477,0.49852907897714416,0.009073767275834418,0.0004395087414106718,0.0017383161034307687,0.13097777404756908,0.0004359982988538227,1161.0,0.0020172714821473634,0.00043950874141067224,8885.481047143661,0.5270086246028144,0.0
,0.021334543803903767,0.005402222519495921,0.39444941808415396,0.0068664424688574975,1.834007122415948e-05,0.0006007973272513737,0.007254166083885562,3.196401239632533e-05,923.5833333333488,0.0002738838075863846,1.8340071224159465e-05,18501.162429250882,0.41923891662883944,0.0
,0.06945074897866546,0.01844568033685728,0.49394618834080717,0.008872559002972237,0.00025376720650903845,0.0016166559129843713,0.08160168820283627,0.0002544003206428825,1143.5000000000007,0.0011290205073065686,0.000253767206509039,11187.763737005738,0.5190649114843395,0.0
,0.11847480708125284,0.03122357483963862,0.5117305458768874,0.009368035008878957,0.000874685814997098,0.003209110748469752,0.21610035900464014,0.0008026152431653348,1205.4166666666674,0.0016110949962510517,0.000874685814997097,9145.767103592514,0.54717052504161,0.0
,0.13300045392646392,0.040532735196788766,0.522781205505458,0.009452126744276717,0.0011970723748324502,0.003005474849376052,0.33590753325530365,0.0011313504038237083,1231.1666666666667,0.0030783607472023057,0.0011970723748324496,7590.934175875834,0.5588591314873658,0.0
,0.07807535179300953,0.020000743798466666,0.4950561797752809,0.008998495734958686,0.00039254259022536924,0.001894905178156992,0.09509709234437194,0.0004246347892394451,1151.666666666667,0.0019325531819452816,0.00039254259022536826,8674.045413375641,0.5227719776062945,0.0
,0.014979573309123922,0.0024754482643971135,0.4162100887965237,0.006020500489664648,3.710742328402432e-05,0.0007137213717326981,0.0015668146535639475,5.96146120056408e-05,965.4166666666797,0.00023633374416519017,3.710742328402429e-05,18632.769040303654,0.4382281737025268,0.0
,0.1316386745347254,0.03389249273368825,0.5158042612971201,0.009443112870232527,0.0011878128662579108,0.003697094637415148,0.24951557209376354,0.0010736812537088716,1220.7500000000007,0.001781426060760017,0.0011878128662579112,8690.827002094813,0.5541307308216069,0.0
,0.08306854289605084,0.02739306375229634,0.49729119638826186,0.009063848788340129,9.948069829294372e-05,0.0013848695921765649,0.16980851057742288,9.792749066481599e-05,1158.4999999999998,0.001776395340977856,9.948069829294368e-05,9515.844306591003,0.5258738084430322,0.0
,0.07444394008170677,0.019316787114948195,0.4951674533603057,0.008948229360032025,0.0004773904326191187,0.0018465269712353944,0.08897564112339926,0.0004988118684950352,1149.416666666668,0.0015396407675265923,0.00047739043261911843,10187.501551569756,0.5217506430624905,0.0
,0.033590558329550615,0.0043304783231872266,0.4628151260504202,0.007767031708595942,0.00047114625991213156,0.0021786482312899365,0.005146565609396959,0.0005256849505035581,1067.333333333339,0.0003349783877169844,0.00047114625991213037,16430.390580895262,0.4844908458163111,0.0
,0.01997276441216523,0.0054086361774652505,0.4273520853540252,0.006715355623495497,5.3920122256472495e-05,0.000694744030113308,0.00730421246721945,9.162821223717578e-05,993.1666666666777,0.0004468101415956587,5.392012225647248e-05,17079.824236674784,0.4508246330761083,0.0
,0.12619155696777123,0.03164546604246651,0.5148399158681936,0.009413579326756938,0.001157117287663087,0.003621152450008084,0.2215236888008308,0.0010749413750944729,1215.416666666667,0.0016382078770279505,0.0011571172876630876,8900.885872065506,0.5517097896807385,0.0
,0.06354970494779846,0.01730246324550113,0.4893380719680142,0.008766719023810477,0.00024319785590863136,0.001475216529141827,0.07193740692396602,0.00025185258387010206,1132.500000000002,0.0014244184015418724,0.00024319785590863066,10852.574620400295,0.5140717203812982,0.0
,0.017249205628688154,0.004024640498273006,0.4169190007570023,0.006370043933420604,2.4800000056653727e-05,0.0006326087215976887,0.0040639661414190965,3.6387537700835845e-05,970.0833333333461,0.00023447219106112512,2.4800000056653775e-05,19490.188733088853,0.44034649720078683,0.0
,0.09623241034952337,0.023715044947865548,0.5038883806038427,0.009199233547360564,0.0009514025203617103,0.0025771398941011915,0.13131615804133037,0.0009788370278383555,1177.8333333333333,0.0022182873721222603,0.00095140252036171,8256.288333854778,0.5346497200786805,0.0
,0.055832955061280075,0.016023665220081182,0.4887952074550699,0.008603168511089339,0.00016115558993272223,0.0012515795921898105,0.062043327527673234,0.000167166895709442,1125.7500000000011,0.0010216420843086327,0.0001611555899327223,11623.029891541099,0.5110077167498865,0.0
,0.015433499773036768,0.002374817672965442,0.4120838009726899,0.0060827263730233025,4.954335641516031e-05,0.0008586086509314149,0.001451481525850785,8.482068366112708e-05,957.3333333333472,0.00022457845795928856,4.9543356415160247e-05,18777.33458420453,0.434558934785898,0.0
,0.0658193372673627,0.01826093434076521,0.4907551793272444,0.008809270778194654,0.0003664926169675846,0.0016182028713885982,0.07987542509470569,0.00037742881685067566,1136.3333333333355,0.0014560915034127187,0.0003664926169675838,10752.490080448264,0.5158117718262974,0.0
,0.1289151157512483,0.024051854592097098,0.5129220023282887,0.009427669495996847,0.0027913191561193245,0.004827315223625457,0.1362188407286933,0.0028162045319464505,1214.6666666666667,0.0017337424316972916,0.002791319156119325,8151.507210121849,0.5513693448328038,0.0
,0.03994552882433046,0.006006204927758932,0.4742734122712594,0.008077215155967325,0.0006714029501606764,0.002334763288561979,0.009618188736948464,0.0007254048189875539,1091.16666666667,0.0004327477494209278,0.0006714029501606768,15024.196395806512,0.4953094265395673,0.0
,0.11847480708125284,0.033226563087314274,0.5130414531904983,0.00937086344585502,0.0005429285831471667,0.0023371869973861275,0.2402735024420818,0.0005368411434733177,1207.250000000001,0.002968555008107512,0.0005429285831471672,7345.047805044429,0.5480027235587834,0.0
,0.05946436677258284,0.012230445578046756,0.4891207815275311,0.008680029561078282,0.00044358712497681926,0.0021130403551782293,0.037204967876883946,0.00046944900445230965,1128.8333333333346,0.000735361160293348,0.00044358712497681986,12355.981698443791,0.512407323346951,0.0
,0.1171130276895143,0.03234559947175,0.5138791695824586,0.00936137877778939,0.0008459406859122575,0.002579548157217347,0.22972539727592184,0.0008419683158440204,1207.5,0.0024080393607192833,0.0008459406859122574,8023.3726188294495,0.5481162051747617,0.0
,0.09305492510213345,0.027718210671794936,0.5042343785763332,0.00917172137997898,0.00025729748397823734,0.001767605097696405,0.17411672568674566,0.000258504627565146,1176.1666666666667,0.0018914727090515975,0.0002572974839782371,9070.20632704352,0.5338931759721592,0.0
,0.07035860190649115,0.019245838760801916,0.49405696344471856,0.00888657510421786,0.00029143566271904787,0.0015787332794911825,0.08837573677503485,0.00029727574295350905,1144.3333333333344,0.0014424338104379079,0.0002914356627190483,10281.228594610655,0.5194431835376002,0.0
,0.055832955061280075,0.012294883420080538,0.4883617823099091,0.008597810593998778,0.00037947582160413926,0.0019465604583730801,0.0375777887684554,0.00039340417986539285,1125.0833333333344,0.0007526744561064882,0.0003794758216041388,12621.939606126838,0.5107050991072779,0.0
,0.021788470267816613,0.00657941601766753,0.4491335372069317,0.006924696500599554,3.096517618054699e-05,0.0005591239679415879,0.01073830036686601,4.339127181347003e-05,1034.416666666675,0.0003519514454061837,3.0965176180547005e-05,18738.99422657666,0.4695490997125133,0.0
,0.1112119836586473,0.027584471722700454,0.506786289394985,0.00931873471115561,0.0008695166084554446,0.0032518552169108184,0.17333679621609024,0.0008180089462692331,1193.0833333333337,0.0014088901964994583,0.0008695166084554451,9499.662912184358,0.5415720986533514,0.0
,0.08216068996822515,0.028605758230562578,0.5019366598313967,0.00905314435943981,0.00014711154044586092,0.0013742635252417437,0.1837855390893873,0.000144998531220525,1164.6666666666672,0.0017243464396448315,0.0001471115404458611,9969.239704810101,0.5286730216371615,0.0
,0.015887426236949616,0.00270679401121368,0.40296323394914946,0.006160595931882649,3.117614278761704e-05,0.0007554139994723674,0.0018732865356859997,4.6201870162669635e-05,938.9166666666807,0.0001880370138160156,3.117614278761704e-05,20115.12471265801,0.4261991224088364,0.0
,0.08034498411257376,0.022134330734305437,0.496394772420009,0.009029415996572745,0.0002589916500168145,0.001670830618457166,0.11490952096577613,0.00026376006806510643,1155.2499999999998,0.0018889201452617671,0.00025899165001681465,8858.467644806862,0.5243985474353154,0.0
,0.047208352246935995,0.012381956475894495,0.48153005464480875,0.008344294391646476,0.0013467194167051126,0.0025406731848539223,0.0386446199114153,0.001431635871398448,1108.0833333333364,0.000976735185736967,0.0013467194167051237,11649.871255810316,0.5029883492207595,0.0
,0.07035860190649115,0.017941431840997956,0.49405696344471856,0.008886177762028472,0.00034838363809269914,0.0017781864958428659,0.07755394975725528,0.0003250588711489984,1144.333333333334,0.001098862956849649,0.00034838363809269984,11205.18066970596,0.5194431835376002,0.0
,0.10485701316386746,0.034227674987756154,0.5119683941436207,0.009274934671337803,0.0005100381278826911,0.002016637905074647,0.25269229534253795,0.0005010897719580586,1195.6666666666677,0.0021007904122179086,0.0005100381278826913,8898.275599785988,0.5427447420184597,0.0
,0.15705855651384476,0.04351129595740967,0.5231536452149134,0.009555736751268733,0.0011321965384632647,0.0032750456609669585,0.3751310355569537,0.0011218037789992984,1249.3333333333335,0.004334609787312051,0.0011321965384632634,6309.606176414737,0.567105462248449,0.0
,0.05946436677258284,0.015110183571646963,0.4733562526858616,0.008683011061551848,0.00016676264146182543,0.0012715629732863766,0.05523847141754253,0.000194863597641237,1104.1666666666704,0.0007307240027413979,0.0001667626414618254,12330.467788317348,0.5012104705704343,0.0
,0.07262823422605538,0.020512469246114266,0.4974034770828629,0.008922396061145279,0.0003758025594573787,0.0017014054889596317,0.09969956371583417,0.00037797609069634803,1151.0833333333335,0.0020246991691671387,0.0003758025594573783,9376.533748212725,0.5225071871690119,0.0
,0.1879255560599183,0.05402041983902913,0.5383675464320625,0.009653406503667495,0.002207569564488044,0.0039595908446137165,0.5161458519375925,0.0021359757723173603,1291.8333333333333,0.006843554937180326,0.0022075695644880483,5289.955301188287,0.586397336964745,0.0
,0.10485701316386746,0.026418261152641804,0.5035428571428572,0.009273880295712677,0.0004203493510813766,0.0021442863450936126,0.15990455630783088,0.00041910214089386545,1183.666666666667,0.002147065952980816,0.00042034935108137565,8503.653778337186,0.5372976244515055,0.0
,0.032682705401724924,0.006861390675404902,0.45041913719075855,0.007742236039769706,0.0003269360335495733,0.0013971989083285319,0.011883871210699342,0.0004049695417008862,1045.0833333333405,0.00035386733012995983,0.00032693603354957246,16063.687586153852,0.4743909819942502,0.0
,0.04857013163867454,0.01127472432890185,0.4783930510314875,0.0084040032316815,0.00015396566516388013,0.0013495128983527992,0.031341288041203764,0.0001805416584746497,1104.41666666667,0.0006138374524834025,0.00015396566516388035,13657.315279067012,0.5013239521864125,0.0
,0.020426690876078075,0.004865838715262412,0.4090993500464253,0.0067641713509050665,2.7023790305834933e-05,0.0007699112147306895,0.005932116887973441,3.843357871796607e-05,956.8333333333468,0.00022878075512546006,2.702379030583495e-05,19035.335612101175,0.4343319715539416,0.0
,0.16886064457557876,0.04897411121866052,0.5300769971126083,0.009597353697925295,0.0018668908463696841,0.0037435699512351345,0.4496354524492485,0.0017566044783112501,1267.166666666667,0.00403849854424821,0.001866890846369684,6578.094534598785,0.5752004841882282,0.0
,0.13935542442124377,0.038502887619358654,0.5247737017627442,0.0094831737796801,0.001330352281801401,0.0030641247543713715,0.3091010192178981,0.0013282368384186472,1238.5000000000005,0.004233824045311798,0.0013303522818014,6409.874284288023,0.5621879255560599,0.0
,0.10167952791647754,0.025774919329578837,0.5026237736710016,0.009248192992188344,0.0004104255605952848,0.0021054809896045635,0.15285842231162042,0.000404125705132393,1180.0000000000002,0.0021278277690309575,0.00041042556059528397,8590.285793621808,0.5356332274171585,0.0
,0.129822968679074,0.03961206081748479,0.5214201183431952,0.009436287303914971,0.0008052212505118912,0.0025800146915154463,0.3233199373672788,0.0007655238167378045,1227.0000000000007,0.002995125377711591,0.0008052212505118886,7690.289187537397,0.5569677712210622,0.0
,0.061280072628234226,0.014106933656888762,0.4920705829796739,0.00871892563301732,0.0004988672776005135,0.002048633351824258,0.04908661039319908,0.0004895407774963958,1134.6666666666679,0.0008309829241024476,0.0004988672776005135,12100.637140892786,0.5150552277197761,0.0
,0.07308216068996823,0.01885709205335823,0.4955015744489429,0.008928680735645834,0.00032473915217344815,0.0018044173077197971,0.08523269383740359,0.0003110587473358355,1148.5000000000002,0.0011587899578346921,0.00032473915217344826,10969.55417151803,0.5213345438039038,0.0
,0.1466182478438493,0.03679661928491743,0.5215435606060606,0.00951313840756794,0.0018149023819735398,0.004374444310854345,0.28731031925385103,0.001660470486313905,1239.5833333333335,0.0019949492713059068,0.0018149023819735446,8227.729945789511,0.5626796792252988,0.0
,0.016341352700862462,0.003992312591510788,0.4162100887965237,0.006242907203005681,1.5134454739193257e-05,0.0005555296564175421,0.003992139338317365,2.4439622650175862e-05,967.9166666666795,0.00023127072964070514,1.5134454739193256e-05,19910.92218252939,0.43936298986230893,0.0
,0.1257376305038584,0.03128419659911377,0.5150806640168343,0.009411010043904005,0.0011871395090534379,0.003621444915078933,0.21713880958790782,0.0011043693879608967,1215.4166666666665,0.0016390426756204457,0.0011871395090534375,8897.206522756733,0.5517097896807385,0.0
,0.07489786654561961,0.023669479242794608,0.49807822744743385,0.008956872809432248,0.0001252357836875388,0.001353449454231164,0.13002634071929337,0.00012545821967835575,1153.7499999999995,0.0016416613895529019,0.000125235783687539,10341.001528704584,0.5237176577394462,0.0
,0.16568315932818883,0.04913953976012713,0.5285508637236085,0.009587014046467633,0.00175352900770013,0.0035624597784010485,0.4518042520419106,0.0016463247087942045,1262.8333333333337,0.004062142794866385,0.0017535290077001268,6589.211584886401,0.5732334695112725,0.0
,0.07308216068996823,0.0185304485755937,0.49539015066336856,0.008928110247658747,0.000385469333346025,0.0018910835071248265,0.08250020191021482,0.0003895064490804749,1148.3333333333335,0.001139843853875364,0.0003854693333460243,10968.109800334676,0.5212588893932516,0.0
,0.06082614616432138,0.015549570693397035,0.4895555555555556,0.008709878290842271,0.0005032785233328927,0.0017707489464497252,0.058893279905890175,0.0005594358660703932,1130.5000000000014,0.0013733628685059908,0.0005032785233328915,10388.139349816523,0.5131638674534725,0.0
,0.17113027689514299,0.04853842937272658,0.5330268570045972,0.009605434317734121,0.0011602863210932967,0.003346795487362382,0.4439582044322537,0.0010996147446212215,1272.6666666666658,0.005067474256337498,0.0011602863210932982,6063.36389675957,0.5776970797397488,0.0
,0.08125283704039946,0.023167722174357207,0.5028532298561972,0.009040676052635168,0.0004997605383308204,0.0019419075769119718,0.1253530401219974,0.0004945328954820649,1165.3333333333333,0.002262837877790639,0.0004997605383308217,8870.371772505514,0.52897563927977,0.0
,0.13254652746255108,0.04130332629104222,0.5224092957078492,0.009450514303744873,0.0006622517734020171,0.002497303737397069,0.3458377323159563,0.0006109530003195005,1230.3333333333337,0.0030939901776676653,0.0006622517734020162,7618.667679689131,0.558480859434105,0.0
,0.05038583749432592,0.012501761929638734,0.4866357411089021,0.008452520242717483,0.0007361518395132224,0.0019418664067804335,0.039011818786781324,0.000719818157682034,1118.5000000000018,0.0006356113490749263,0.000736151839513223,14197.107058858348,0.5077167498865184,0.0
,0.08216068996822515,0.02768036754033689,0.4974034770828629,0.009053056934585075,7.904676837365468e-05,0.0013288088566930048,0.17304374639180112,7.757149429074423e-05,1157.9999999999998,0.0018256942553626751,7.904676837365481e-05,9515.359769835937,0.5256468452110759,0.0
,0.12800726282342262,0.03942060054616398,0.5208037825059102,0.00942645503642398,0.0007125597151676379,0.0025286423159434465,0.3207059376778352,0.0006440574515559742,1224.833333333334,0.0029751060748677244,0.0007125597151676367,7736.4907210545325,0.5559842638825844,0.0
,0.1525192918747163,0.04636924938736597,0.5232779097387174,0.009539201069608644,0.0009619193011421473,0.002918760725203794,0.41366249769036667,0.0009153090350191483,1246.166666666667,0.003763662898643189,0.0009619193011421465,6661.440838199267,0.5656680284460585,0.0
,0.06627326373127554,0.01835548235008632,0.493614160878333,0.008817562460726017,0.0002522699876561779,0.0014930735945867723,0.08071603807297671,0.0002582180646159797,1140.6666666666679,0.0013634041409392474,0.0002522699876561783,10633.579553706708,0.5177787865032532,0.0
,0.009532455742169769,0.002230726189021662,0.3950152411690873,0.0048727116990520845,2.3362415586402478e-05,0.0005741146958436216,0.00128277250270519,4.4774435584456e-05,914.916666666682,0.00012160766722538124,2.3362415586402474e-05,26407.667590541645,0.4153048872749281,0.0
,0.10894235133908307,0.028661796317154715,0.5069028992176714,0.009303060835003143,0.0007098293030998948,0.0029260618762279584,0.18545471129282837,0.0006629827512161341,1191.583333333334,0.0014523297659950174,0.0007098293030998963,9549.669176189705,0.5408912089574822,0.0
,0.08624602814344076,0.02678290200730523,0.5012514220705347,0.009099951767519668,0.00030468945496978756,0.0017341677345135583,0.16333778905928037,0.0003025278186015233,1166.666666666667,0.0017903670075953976,0.00030468945496978783,9190.943222442578,0.5295808745649871,0.0
,0.11030413073082161,0.028791574957352895,0.510899814471243,0.009314769168017127,0.0010832146095864777,0.0027320982415232455,0.18692864332292486,0.001077773281803263,1198.1666666666672,0.0031874472109218698,0.0010832146095864734,7185.968423915427,0.5438795581782419,0.0
,0.12392192464820699,0.03047425587860349,0.5136395430170203,0.009400311593043581,0.0012195241544510056,0.003680090996151588,0.20736586226110063,0.0011586557872817248,1212.0833333333337,0.001588316905536996,0.0012195241544510095,8988.785764509454,0.5501967014676955,0.0
,0.049024058102587385,0.011690824129627249,0.4791213571117877,0.008420025034307643,0.00017238655372518085,0.0013024940601456024,0.03366191320689435,0.0001814559191071205,1105.750000000003,0.0006574406243088605,0.00017238655372518074,13368.039227369663,0.5019291874716296,0.0
,0.021334543803903767,0.004940190471650094,0.41378662659654397,0.006860889338819627,3.5013631805726895e-05,0.000822709648016759,0.00612213357500388,5.2041341406769336e-05,966.6666666666797,0.00023523405361559167,3.501363180572699e-05,18582.049736103007,0.4387955817824179,0.0
,0.026327734906945077,0.007723197901463165,0.4562021122385587,0.007329163641378606,4.19748243230604e-05,0.0006287112133176181,0.014773829149175476,4.683104187076395e-05,1051.0000000000061,0.0006385400856190857,4.1974824323060476e-05,16130.385566788153,0.4770767135724013,0.0
,0.08533817521561507,0.029466814386598737,0.5029680365296804,0.00909059421873075,0.0001712793367774718,0.001437769385358,0.19388522733280067,0.0001683686773970249,1168.5000000000007,0.0017990675242965397,0.00017127933677747167,9784.72570651648,0.5304130730821607,0.0
,0.05220154334997731,0.01471834774911919,0.4858844287604764,0.008510831404684343,0.0001663738424534334,0.0012199754930027422,0.052629878647952114,0.0001743940458159055,1118.7500000000016,0.0009337300025032761,0.00016637384245343374,12035.93192396823,0.5078302315024966,0.0
,0.02088061733999092,0.005996313833747193,0.4337468005512896,0.006827775956682865,3.117019064748933e-05,0.0005756152484875131,0.008934152856058314,4.263485433159185e-05,1005.416666666678,0.0002934838813120168,3.117019064748932e-05,19216.877922780375,0.4563852322590407,0.0
,0.11166591012256015,0.029309677171707786,0.5076036866359447,0.009322627250155478,0.0007796892752047774,0.003038554672898738,0.1930978692891076,0.0007267098952798885,1194.5833333333342,0.0014896163795856943,0.0007796892752047776,9429.862671056211,0.5422529883492208,0.0
,0.11348161597821153,0.030847613973874605,0.5110183252145674,0.009337267888877765,0.0008136808585014256,0.0025473183928367417,0.21141212896250222,0.0008011906852398448,1200.8333333333333,0.0021928632757279,0.0008136808585014257,8269.02322327848,0.545090028748676,0.0
,0.03313663186563777,0.008736877576928953,0.47673663709153863,0.007775405778334793,0.00010474345401989241,0.0009247085474610634,0.0190281843145164,0.00010548471027019529,1090.1666666666702,0.00046882167790464037,0.00010474345401989237,17375.440204324634,0.49485550007565443,0.0
,0.11030413073082161,0.027714294357512353,0.5085410895660203,0.00931275297777744,0.0008164169829333569,0.0031092168421510617,0.174725712381738,0.0007670814905009936,1194.9166666666672,0.001426494396871761,0.0008164169829333558,9500.84760271443,0.5424042971705251,0.0
,0.07535179300953246,0.020601761272274366,0.4969546582449808,0.00896225142570473,0.00033553296221667996,0.0016690494447607462,0.10061307274032277,0.00034673625444476994,1152.416666666667,0.002518251364611216,0.0003355329622166805,8189.98479527174,0.5231124224542291,0.0
,0.106218792555606,0.03332036146097651,0.5117305458768874,0.009285152136409427,0.0008063966591640524,0.0023415316496409578,0.24135460323350466,0.0008147647099916422,1196.3333333333333,0.0023159952755337334,0.0008063966591640513,8402.640886314028,0.5430473596610682,0.0
,0.10712664548343169,0.033619384987776946,0.5088935088935089,0.009292044267603734,0.0005889058253377998,0.002164138840347473,0.2450084353251308,0.0005703711837726171,1193.0000000000005,0.0031347728119419035,0.000588905825337799,7531.103585309584,0.5415342714480255,0.0
,0.061280072628234226,0.014250988110056706,0.49064587973273943,0.008719272875900923,0.00045989078257291794,0.0020347031001057233,0.04998767804397464,0.00046794245912096043,1132.5000000000007,0.0008300487817653759,0.0004598907825729177,12076.452992915485,0.5140717203812982,0.0
,0.04357694053563323,0.0059148770126324305,0.47560449050086356,0.008217088103013165,0.0008720010486269452,0.002652705468530139,0.009407037700477362,0.0009652331230343189,1095.91666666667,0.00048048583357309353,0.0008720010486269446,14239.228377077086,0.4974655772431533,0.0
,0.08806173399909215,0.0295799411249634,0.505043558000917,0.009120704265797882,0.00021125707468678861,0.0015432248814432562,0.19528648626368408,0.00020783535648229617,1173.5000000000005,0.001798809383664973,0.0002112570746867887,9668.434188654099,0.5326827054017249,0.0
,0.08851566046300499,0.022177000365856365,0.5041189931350114,0.009119808454810346,0.001996750119105196,0.003220373859358744,0.11669700871758704,0.002042293231321086,1172.5000000000002,0.0024165219829818826,0.0019967501191052086,8019.641352503783,0.5322287789378121,0.0
,0.1457103949160236,0.03605398381600032,0.5230294396961064,0.009509529424941054,0.0017637870744527178,0.004284117246952785,0.27765026043823915,0.0016189737357223204,1240.9166666666663,0.001967446581777956,0.0017637870744527167,8238.330927316532,0.563284914510516,0.0
,0.07943713118474807,0.019972047390577025,0.49977313974591653,0.009017463603543838,0.00036651410344982,0.001931724047548562,0.09510191558279261,0.0003630748144065305,1159.5000000000002,0.0012506861657948815,0.00036651410344981997,10518.746695971464,0.5263277349069451,0.0
,0.10258738084430323,0.029739896622893655,0.511611704598235,0.009256815431175198,0.00046043670875945775,0.00206367187405882,0.19779452215416232,0.0004598793281597919,1193.5000000000002,0.002909510899644266,0.0004604367087594574,7896.691488831401,0.5417612346799818,0.0
,0.02315024965955515,0.0037478655885692016,0.42951842464418016,0.007014544326200882,0.00040359687970572443,0.0016278534606076983,0.003920651982875968,0.000500970168989572,999.8333333333447,0.00022016640054002098,0.0004035968797057248,18596.569143271416,0.453850809502194,0.0
,0.044938719927371765,0.00905014451646371,0.43684314891929404,0.00827572142411893,0.000226585072899188,0.0015575448124658744,0.020397956759225573,0.0002955658224548452,1029.7500000000111,0.00060459594575605,0.00022658507289918787,12314.071138883874,0.4674307762142533,0.0
,0.014525646845211076,0.0027307755437085456,0.41047139929196946,0.0059413575959143755,5.248471989938731e-05,0.0008265932037864694,0.0019261688303644732,8.171154606581598e-05,954.7500000000131,0.00018221210710357548,5.248471989938729e-05,20620.147864706938,0.4333862914207898,0.0
,0.014525646845211076,0.00304508845444026,0.43736351002580903,0.0059233560317855675,0.0008326792935133192,0.0010859529971196141,0.0030867914230565978,0.0008070011357333817,1007.5833333333435,0.00033351760747515484,0.0008326792935133195,19044.540274561314,0.45736873959751856,0.0
,0.009986382206082615,0.0010080694366568462,0.38561176264659547,0.00496390246976641,2.6333551968634096e-05,0.0008048677617066448,0.00028624232210247206,3.780200599334349e-05,895.4166666666823,5.723653138531887e-05,2.6333551968634092e-05,27811.27356276424,0.4064533212286276,0.0
,0.016795279164775308,0.002439904564266831,0.416682428598449,0.006275420957275745,8.119583391763606e-05,0.001052886475965572,0.0015759803744364777,0.00014736401689283905,969.3333333333463,0.00019278143199066315,8.119583391763602e-05,18824.42079160007,0.4400060523528522,0.0
,0.02224239673172946,0.004327409410136834,0.4257827599536142,0.006943448288425843,7.132740757694976e-05,0.0009797512872095281,0.004767379648393927,0.00010982649470811483,991.8333333333452,0.0002727443400285818,7.13274075769497e-05,17608.249065121287,0.4502193977908912,0.0
,0.016795279164775308,0.002439904564266831,0.416682428598449,0.006275420957275741,8.119583391763606e-05,0.0010528864759654407,0.0015759803744364663,0.00014736401689283905,969.3333333333463,0.00019278143199066315,8.119583391763602e-05,18824.420791600074,0.4400060523528522,0.0
,0.010894235133908307,0.0018087750364585756,0.4089474661221459,0.005202182049954326,3.7201051150339733e-05,0.000717550939409313,0.0008632334003115228,6.578641864596014e-05,948.166666666681,0.00010847878522286031,3.720105115033974e-05,25904.87128308844,0.43039794220003025,0.0
,0.017703132092601,0.002426143358135931,0.4110841574920694,0.006390223632683207,0.00043226578826298785,0.001617788285970438,0.00184327326286853,0.0005295797275164353,957.4166666666792,0.0001380173473569526,0.00043226578826298774,20317.06495991599,0.43459676199122405,0.0
,0.009078529278256923,0.0017338970437548115,0.40811411633938494,0.004756212641411397,2.368527895661341e-05,0.0005285616296615103,0.0007796302464792251,4.0452346799312925e-05,945.3333333333474,0.00010209798815791392,2.3685278956613418e-05,28437.54281442771,0.42911181721894387,0.0
,0.01861098502042669,0.0034156111791744594,0.4205803741886216,0.006536785585611936,5.728544206309395e-05,0.0008544925656132963,0.002985578827200853,9.375311375227585e-05,978.5833333333462,0.00022027183381118114,5.7285442063094034e-05,18841.13774469343,0.444204872144046,0.0
,0.017703132092601,0.003310088424166317,0.41534690799396684,0.006417806974870083,3.982798376776857e-05,0.0008057068733351501,0.002803871536758162,6.608606388907977e-05,967.3333333333467,0.0002135655754788606,3.982798376776852e-05,19178.79739299052,0.4390981994250265,0.0
,0.006354970494779846,0.0014286715416654413,0.39693693693693693,0.0038623673099680397,1.2462458612471845e-05,0.00041191965674891806,0.0005288529448534123,2.3205181961588357e-05,918.1666666666815,6.690765350421018e-05,1.2462458612471853e-05,32887.11816581003,0.41678014828264487,0.0
,0.01861098502042669,0.004432647609598023,0.4205803741886216,0.006551015966790718,7.931707908091571e-05,0.0009738301855018355,0.004981447029262551,0.00011895119495261984,978.0833333333466,0.0002921227460804507,7.931707908091562e-05,17647.656840551164,0.4439779089120896,0.0
,0.02496595551520654,0.007422656004485772,0.4608786610878661,0.007217959230838499,6.512964807092046e-05,0.0007099820856151831,0.013687574086311216,7.893897492006418e-05,1058.0000000000061,0.00038229482768316656,6.512964807092031e-05,17861.303683387705,0.4802541988197912,0.0
,0.007716749886518384,0.0010322943830505763,0.38833068922968444,0.004328045714471697,1.5950508399328365e-05,0.0005741498342012448,0.0002889115997440678,2.6589977663060117e-05,899.4166666666817,5.467592230749289e-05,1.595050839932836e-05,31060.28734279494,0.408269027084279,0.0
,0.022696323195642305,0.004346721811269064,0.42935100370298185,0.006988175363526878,8.983549469450844e-05,0.0010107220097270264,0.004812921151801807,0.00013918770860358733,999.250000000011,0.0002742900427501858,8.983549469450834e-05,17499.963085619092,0.45358601906491147,0.0
,0.0022696323195642307,4.950951823946451e-05,0.3232100938967136,0.0017701278117232256,2.254818454193267e-06,0.0002615000741315461,1.3455010061095096e-06,3.981049020349232e-06,728.9500000000113,3.1298736710788293e-06,2.2548184541932677e-06,58930.91743949118,0.33088969586926914,0.0
,0.020426690876078075,0.004513012615893128,0.43623762376237624,0.0067635018518873045,0.00019775691503108974,0.0009292529489468783,0.005164795017873393,0.0002871011825959941,1010.0000000000094,0.00034928745759379,0.00019775691503109023,19055.87352906767,0.4584657285519746,0.0
,0.017249205628688154,0.004981691690758283,0.44840219824954203,0.006389280994880423,1.695455225912444e-05,0.00042754294921561745,0.006180133369675532,2.2105618504286605e-05,1030.333333333341,0.0002569159257477739,1.6954552259124408e-05,21517.286352085022,0.4676955666515358,0.0
,0.03767589650476623,0.007028321577172586,0.4638871341335018,0.00799408052088267,0.00021330471254533972,0.0014539296177264727,0.012493449754841972,0.000253547584738693,1072.4166666666717,0.00043933969453932743,0.00021330471254534005,15128.865096112075,0.48679830534120144,0.0
,0.07308216068996823,0.020552482883108063,0.4921805183199285,0.008929255401732197,0.00018168051338295993,0.0014404632608930072,0.100046059574555,0.0001888786684040882,1143.5000000000011,0.0013057957039135856,0.00018168051338295993,10733.725985127267,0.5190649114843395,0.0
,0.008170676350431231,0.0014326041797313772,0.37288422477995936,0.00450461590281846,6.19936952275048e-06,0.00032249398302845397,0.0005228717402540523,8.975787151502904e-06,862.8333333333493,0.00011295032048014478,6.199369522750481e-06,25311.55553225556,0.391662883946134,0.0
,0.03676804357694054,0.004907978174339271,0.46762895351305456,0.007932641734682552,0.0005366180364539322,0.0022546805344319963,0.006533742137448955,0.0006057568325099742,1077.916666666671,0.0003437256204248007,0.0005366180364539322,15672.3979008547,0.4892949008927221,0.0
,0.029505220154335,0.0066289687799300214,0.4506033953773778,0.00755267342140838,6.129970899462716e-05,0.0008169463121884993,0.011005991862888812,7.318569792937765e-05,1043.416666666674,0.0003900805571624111,6.129970899462718e-05,16205.877715021072,0.4736344378877289,0.0
,0.049024058102587385,0.013829459523739714,0.47694306126867286,0.008421508625721963,0.0001224499962652046,0.0011355749507196682,0.0467027619772525,0.00012959895993095957,1102.1666666666695,0.0008950972626611429,0.00012244999626520462,12730.856234650639,0.5003026176426086,0.0
,0.1289151157512483,0.034664295112290966,0.5164088138771683,0.009430406887707877,0.0011236619989642342,0.0028869798114688635,0.2590260277001407,0.0011268401507666128,1219.5000000000002,0.003716556278195422,0.0011236619989642355,6805.81376751164,0.5535633227417158,0.0
,0.0817067635043123,0.018136582915263908,0.495836146747693,0.009044248453758813,0.0006245103260281672,0.0023041442750416485,0.07949688092592908,0.0006268957673455479,1155.5000000000002,0.0016787426581678416,0.0006245103260281655,9639.209303924752,0.5245120290512937,0.0
,0.05492510213345438,0.014949505466226103,0.47995642701525054,0.008580260437968617,0.00016571351425322066,0.0013185549977851327,0.054435626041039034,0.00017404363283613048,1111.1666666666692,0.0009760836656100868,0.00016571351425322047,12073.689666536431,0.5043879558178243,0.0
,0.07716749886518384,0.022634525694568725,0.49875481095766355,0.008988356151997723,0.00021825584697804086,0.0015578853015622664,0.119717520941279,0.00021969811167761274,1156.4166666666672,0.001414031673567646,0.00021825584697804078,10371.26583656944,0.5249281283098804,0.0
,0.05038583749432592,0.013608700936716305,0.4773564463705309,0.00845990572920782,0.0001420549388698229,0.0012568055534169403,0.045319590946300364,0.00015374213626569914,1103.8333333333355,0.0009040470647456398,0.0001420549388698229,12534.610508012436,0.5010591617491299,0.0
,0.03313663186563777,0.007737994299105667,0.4695225916453538,0.007764502610566709,0.00017051259442340803,0.0012713545315999831,0.01501217030258998,0.00023022887433204371,1078.500000000004,0.000795142625039545,0.000170512594423408,13512.667652482605,0.48955969133000454,0.0
,0.02587380844303223,0.0051592623880824,0.44505050505050503,0.007279736824988025,0.00022713991878531233,0.001200581729493926,0.006765061591232739,0.00030394850688214033,1030.1666666666758,0.00023831547282621173,0.00022713991878531216,18403.699914894365,0.4676199122408837,0.0
,0.02723558783477077,0.007183878670684038,0.4630096679277007,0.007395846936917245,5.214802021123312e-05,0.000707580564397929,0.012841737513431834,6.46233655396466e-05,1063.1666666666715,0.0006480148316030551,5.214802021123315e-05,14195.532427823555,0.4825994855500076,0.0
,0.03177485247389923,0.007853254911500853,0.45714878605519815,0.007695384752227869,5.723407128514756e-05,0.000887366496382588,0.015386504139154404,7.077165332130953e-05,1056.416666666672,0.0006110614776272348,5.7234071285147627e-05,14891.855901744248,0.4795354819185959,0.0
,0.11257376305038584,0.030146679528802154,0.5128026070763501,0.00933164243429097,0.0007715404210788313,0.0024805623760699685,0.2028896936975974,0.0007630278123223384,1202.5000000000002,0.002349381569283152,0.0007715404210788306,8090.734417517834,0.5458465728551974,0.0
,0.05901044030867,0.014611941618258305,0.4831140350877193,0.008673530463046596,0.0001897279639997221,0.0014904485685294398,0.05211044277334355,0.0002016993218572052,1119.166666666669,0.000844550627399202,0.00018972796399972233,12357.950961175999,0.508019367529127,0.0
,0.05401724920562869,0.014933743776717627,0.4798518841211065,0.00855892255329306,7.205999661106392e-05,0.0010575800421263504,0.0541173247022041,7.394541841591645e-05,1110.750000000002,0.0009245775026344849,7.20599966110641e-05,12018.644662242603,0.5041988197911939,0.0
,0.053563322741715845,0.01436674824167427,0.48428225983732687,0.00854527398391833,0.00023543328198126525,0.0013548034341020615,0.050284153195493196,0.00025881389552027256,1117.0833333333355,0.0023920893633278136,0.0002354332819812652,8702.275596180003,0.5070736873959751,0.0
,0.11393554244212438,0.028604584554871,0.5125639832480223,0.009340388441772797,0.0006608913879955898,0.002500740464260024,0.1848502708041156,0.0006613313159315525,1203.166666666667,0.0027584012370791377,0.0006608913879955884,7468.124427822328,0.5461491904978061,0.0
,0.05447117566954154,0.013302116645124531,0.4894467896023106,0.008567921364548321,0.00028206001830768983,0.00149616491829572,0.04345751671993063,0.00030228783378422714,1125.916666666668,0.0009390266168170418,0.0002820600183076895,11657.993712757581,0.5110833711605387,0.0
,0.02587380844303223,0.005406732541296352,0.4582899937591013,0.007292005724195891,5.35397662007565e-05,0.0007185043940708622,0.007328219319851806,6.173140054699978e-05,1054.3333333333403,0.0005887528237617234,5.3539766200756484e-05,13924.612547507719,0.4785898017854441,0.0
,0.11438946890603723,0.03326004118118779,0.5136395430170203,0.009343551213699295,0.0007030660283429195,0.0024247112335429857,0.2409702987536081,0.0006728481472062694,1205.0,0.003349420006941124,0.000703066028342918,7541.241890106302,0.5469813890149796,0.0
,0.07716749886518384,0.021457736414254462,0.49898074745186866,0.008987985951281452,0.00026271739690637873,0.001642874987535659,0.10837341348118569,0.0002694894871141205,1156.7500000000002,0.0013553129769832794,0.0002627173969063785,10426.095718851662,0.5250794371311848,0.0
,0.016341352700862462,0.0038720474565134867,0.43417422152148205,0.006251733464630702,2.5486506009168942e-05,0.0004550124910341752,0.0037756066257516804,3.643532593269622e-05,1003.6666666666774,0.0002567772346710063,2.548650600916891e-05,21555.105815488856,0.4555908609471932,0.0
,0.10848842487517023,0.02917303501497516,0.5088935088935089,0.009302187528402941,0.0004451522328713415,0.0021756824757018785,0.19130880000759962,0.00044718408388141147,1194.0,0.002438717138533383,0.0004451522328713413,8203.602681396262,0.5419881979119383,0.0
,0.04448479346345892,0.011643254472003824,0.42284069097888677,0.00826663949551448,4.873947324474715e-05,0.0009231521635104282,0.03309910740676603,6.733746740482874e-05,1002.4166666666795,0.0008351223850536713,4.873947324474714e-05,11650.729121487118,0.45502345286730217,0.0
,0.04675442578302315,0.009657178834367125,0.47550183466436435,0.008344445553492888,0.000218347286573067,0.001572073810671734,0.023354863252840245,0.00023410602817409718,1098.16666666667,0.000635368123586023,0.000218347286573067,13809.637653024816,0.4984869117869572,0.0
,0.04221516114389469,0.011331100602236702,0.47498921949115996,0.008189999679870032,0.0003790819341206026,0.0011250820795374668,0.031791595347825705,0.00038006568247290866,1094.0000000000032,0.0010271487255704105,0.00037908193412060245,12215.809137676935,0.49659555152065366,0.0
,0.009986382206082615,0.0026059125027752448,0.4192197906755471,0.00502944845938374,7.520154628388859e-07,0.0002271001407857388,0.0017061054152603511,7.963584067716285e-07,968.6666666666783,8.779142718615284e-05,7.520154628388858e-07,33773.58891545592,0.4397034347102436,0.0
,0.017703132092601,0.0035522886574059207,0.42324687800192123,0.006438906506186095,1.8831693509598537e-05,0.0005387388852901012,0.0031827033070449483,2.799143538933373e-05,983.0000000000124,0.00020096825041525244,1.8831693509598547e-05,20810.335980444586,0.44620971402632775,0.0
,0.05447117566954154,0.01324949445552324,0.48977323254779903,0.008565654329423038,0.00037516349214123046,0.0016893179420084342,0.043208930035146795,0.0004296627414243325,1126.4166666666679,0.0013468315992961517,0.00037516349214123036,10860.004413902794,0.5113103343924951,0.0
,0.08125283704039946,0.015647195607637002,0.4898821436513231,0.009037816617491952,0.0007103386007332531,0.002383227577531515,0.05995570518020174,0.0007612959269516262,1146.250000000001,0.001683308366256547,0.0007103386007332522,8902.94701004768,0.5203132092600998,0.0
,0.05401724920562869,0.014686898064733986,0.42203065134099615,0.008550858733790682,2.552290296028926e-05,0.0009431282370854777,0.051980687671532154,3.587899933092756e-05,1007.91666666668,0.0007665141829718946,2.5522902960289253e-05,12163.211391116734,0.4575200484188228,0.0
,0.029959146618247844,0.007577503450813436,0.4554475914823238,0.007586620328579373,2.7624477030730304e-05,0.000734754803088892,0.014300641930933975,3.0571658442835414e-05,1052.0833333333394,0.0006050513761988349,2.762447703073031e-05,15130.726065507206,0.47756846724164015,0.0
,0.04947798456650023,0.01571827537700739,0.4797473867595819,0.008436356328720342,6.214288251051549e-05,0.0009250146865795311,0.05963201898836989,6.5280706668224e-05,1107.0000000000023,0.0010388689019235635,6.214288251051539e-05,12625.187088841263,0.5024965955515207,0.0
,0.015433499773036768,0.004448118010648046,0.4612646566164154,0.006118286514230564,1.8572333342977923e-05,0.0004460774617392742,0.00495762741328234,2.4153650007744384e-05,1051.4166666666724,0.00023432543987954242,1.857233334297792e-05,25217.679577567887,0.4772658495990317,0.0
,0.05628688152519292,0.015246847308534735,0.43658343242172015,0.00860639798466609,5.5371179204724846e-05,0.0010348317042772244,0.05593791539293507,7.631351670666725e-05,1038.0000000000102,0.0007992636890017468,5.537117920472486e-05,11943.148475944858,0.4711756695415343,0.0
,0.04947798456650023,0.013107766006173681,0.4783930510314875,0.008433351720034668,0.00012444775267845352,0.0012172512136526697,0.04208605888995821,0.0001332927746928374,1104.6666666666692,0.0007501060091707159,0.00012444775267845333,13347.930822269693,0.5014374338023907,0.0
,0.07762142532909669,0.015611339435331923,0.4907551793272444,0.008991861989114152,0.0004698172409754726,0.0021241921013601312,0.05955330111777982,0.000491767377174019,1144.9166666666679,0.001124248851709698,0.0004698172409754728,10156.70672646495,0.5197079739748828,0.0
,0.0699046754425783,0.019269430332911546,0.4911928651059086,0.008872538015896365,0.0008907920699126652,0.0023703961309688316,0.0892397015339467,0.000833155924714794,1139.8333333333344,0.001791955959293383,0.000890792069912664,9846.67003256018,0.5174005144499924,0.0
,0.04448479346345892,0.01165005883341822,0.4805846422338569,0.008271824381020273,0.00021698490156124852,0.0013493821217288007,0.033550933330981705,0.0002484852767975501,1104.6666666666695,0.0012104209931551398,0.00021698490156124873,11755.153455315029,0.5014374338023907,0.0
,0.112119836586473,0.02697068600030471,0.507253050886484,0.009326487917141234,0.001123285230254175,0.002882214258601346,0.1665875617570783,0.001163015933775543,1194.416666666667,0.0028830990750498336,0.0011232852302541757,7242.074587610916,0.5421773339385687,0.0
,0.10213345438039038,0.027678201858769506,0.5065532306277305,0.009252923112181516,0.000510637850373044,0.002118623782025846,0.1739513239707651,0.0005024023844170419,1186.0000000000005,0.0029311140030290235,0.0005106378503730432,7907.171990756188,0.5383567862006355,0.0
,0.05537902859736723,0.014154928652602298,0.4406881376275255,0.008583300462585264,9.34104641267551e-05,0.0012289382925689903,0.048506742498921444,0.00012604132460703108,1044.7500000000095,0.0009363113051073853,9.341046412675507e-05,10980.172143458925,0.47423967317294596,0.0
,0.11983658647299138,0.03462568616055055,0.5152011225444341,0.009378109901284317,0.0012038510217076736,0.002916612060776155,0.2587770078259606,0.0011341540168649602,1211.166666666667,0.0035748996655140816,0.0012038510217076714,7342.206745254378,0.5497806022091088,0.0
,0.015433499773036768,0.0037997912929750135,0.4372766971020246,0.006113520249731879,5.5817928769639035e-05,0.0005864263014554196,0.003648065630752911,7.16124036604422e-05,1008.0000000000099,0.00012362867901584174,5.5817928769639076e-05,26756.87941216541,0.4575578756241489,0.0
,0.060372219700408535,0.016160300149695533,0.44586116170815626,0.008696676967566432,9.562644600890297e-05,0.001390617691834699,0.06275138149052645,0.00012721493231172202,1057.7500000000089,0.0008658925626743356,9.56264460089028e-05,11516.187330069366,0.48014071720381296,0.0
,0.082614616432138,0.02212518743482371,0.4971789663732792,0.009052257527275492,0.0011346082646302863,0.002628550224294941,0.11581650547331915,0.0010710025229394625,1158.1666666666672,0.002057782680569463,0.0011346082646302863,9077.517045255958,0.525722499621728,0.0
,0.10304130730821608,0.02694437279523807,0.5098356861837537,0.009259850831590023,0.0005090129907735461,0.0022042311572485138,0.16574401104800132,0.0005101108456838785,1191.3333333333337,0.002502324702997929,0.0005090129907735467,7883.828903838787,0.540777727341504,0.0
,0.05537902859736723,0.014806650028814957,0.48047982551799345,0.008591647554171215,0.00011450449217004277,0.0011871859047413477,0.0532864963933336,0.00012056414628910131,1112.750000000002,0.0009218709177655774,0.0001145044921700426,11883.124969173712,0.5051066727190195,0.0
,0.07852927825692238,0.016502447723968378,0.4902091677792612,0.0090034290274485,0.00046682270061300114,0.002160478523783857,0.06626630702016101,0.0004836655179742196,1144.833333333334,0.0012500514523667624,0.0004668227006130016,10277.861834863757,0.5196701467695566,0.0
,0.147526100771675,0.034384926895008196,0.5203117619272556,0.009518345847446607,0.0021847669779693196,0.003794997122981423,0.2560950961503256,0.002208980958678328,1238.5000000000002,0.005402989895416996,0.002184766977969318,5731.561891029134,0.5621879255560599,0.0
,0.05401724920562869,0.014894516016904308,0.4794341675734494,0.00855830566960618,9.798518577775714e-05,0.0011222868426709039,0.053876205336033406,0.00010305524276296723,1110.0833333333353,0.0009227410089463214,9.798518577775728e-05,12002.017781557015,0.5038962021485852,0.0
,0.07989105764866092,0.021566322512881368,0.49317215133199016,0.00902368092541797,0.00018116791378331966,0.00156168887787363,0.10961107642675079,0.00018310139823177825,1150.0000000000007,0.0013589279632201517,0.00018116791378331934,10342.06761591884,0.5220154334997731,0.0
,0.035860190649114845,0.007539838248301581,0.4633992427429533,0.007914673898425127,0.00011944860700428387,0.0010604499887285218,0.014263247557970773,0.00013303077432085065,1070.5000000000048,0.00045159708274513337,0.00011944860700428393,14875.338760867353,0.4859282796187018,0.0
,0.03994552882433046,0.005954122601224953,0.4675297113752122,0.00804009456041535,0.0032627957784770864,0.004200481600976212,0.011925735113660867,0.00331704437108065,1080.2500000000045,0.0005356960489089959,0.003262795778477081,12723.011413528277,0.490354062641852,0.0
,0.06354970494779846,0.015599289767288109,0.48237354937595794,0.008766412481053093,0.0002043427854942961,0.0015690152904028396,0.05920753695781319,0.00021625201287015227,1121.5833333333355,0.001025614554921347,0.00020434278549429636,11425.935640828002,0.509116356483583,0.0
,0.08533817521561507,0.020258281192769515,0.49762819064829455,0.009088341259439678,0.0004449188444254825,0.002033351103563371,0.09761675502015489,0.00046516190428985715,1160.6666666666667,0.001491897937198043,0.0004449188444254835,9272.771077963696,0.5268573157815101,0.0
,0.076713572401271,0.01835574784923773,0.489991103202847,0.008979889810841152,0.00033590352071865903,0.0018390847103045243,0.08088382088970432,0.00034928692127557956,1142.8333333333346,0.0013615904150689655,0.0003359035207186579,9701.40240544912,0.5187622938417309,0.0
,0.04403086699954607,0.011643591352334707,0.4188212927756654,0.008251569479875615,2.207739211259946e-05,0.0007652747135816968,0.03302053629237457,3.1676501458483976e-05,994.0000000000135,0.0008147324112675055,2.2077392112599476e-05,11736.724122438745,0.45120290512936906,0.0
,0.03722197004085338,0.01060976571145049,0.4252074889017564,0.00797871546930557,1.2568291679859572e-05,0.0006237164731596288,0.027489694366774453,2.0930450329945136e-05,1001.8333333333459,0.0009749253170611707,1.2568291679859587e-05,11191.233801131186,0.45475866243001967,0.0
,0.05447117566954154,0.01503205548798904,0.42275954711187874,0.008562816712206168,2.1055261679331457e-05,0.0009166071884085631,0.0543630811716667,2.832041434494121e-05,1009.7500000000132,0.0007700886168105134,2.105526167933148e-05,12172.380808611131,0.45835224693599635,0.0
,0.04357694053563323,0.011553336164767208,0.426937984496124,0.008235990894690072,2.3039068898523437e-05,0.0007456800468510229,0.03251944868271658,3.288947679751063e-05,1010.0000000000124,0.0008215824575068571,2.3039068898523426e-05,11759.074774283445,0.4584657285519746,0.0
,0.07126645483431684,0.015779188938766602,0.4911928651059086,0.008898623522871804,0.0004655351573478158,0.00204661561753115,0.06078143694894817,0.00047549697262977284,1140.750000000001,0.0015262348885951864,0.0004655351573478156,10242.500961785287,0.5178166137085792,0.0
,0.06082614616432138,0.014622833799668158,0.4898821436513231,0.008699647389035057,0.0006933451845528864,0.0029543826587252946,0.05273532117348067,0.0007862615051465411,1131.0833333333344,0.0009262591850374563,0.0006933451845528864,11684.809780548161,0.513428657890755,0.0
,0.05537902859736723,0.01518210225615726,0.42332820906994617,0.008585117380013893,2.6235892075267946e-05,0.0009459694703273976,0.05542863736783308,3.384615864143573e-05,1011.5833333333468,0.000785116986757248,2.6235892075267966e-05,12056.365821656844,0.45918444545316994,0.0
,0.07444394008170677,0.016570130314301126,0.4910833704859563,0.00894537581606746,0.0008763880546942224,0.0024348674033868724,0.06671910183151586,0.0009991026023297388,1143.000000000001,0.0024066745411513045,0.000876388054694224,8194.422022146351,0.5188379482523832,0.0
,0.04403086699954607,0.011370202699292323,0.4130108736407949,0.008250486922722887,4.184730835372855e-05,0.0009164776339868101,0.031589794953962344,5.556445173609311e-05,981.9166666666806,0.0008230902550216502,4.184730835372852e-05,11683.241896654132,0.4457179603570888,0.0
,0.05991829323649569,0.016044255520743345,0.44343800322061194,0.00868699576565063,8.942159553573354e-05,0.0013793403037167789,0.06187943937396452,0.00011812244104100685,1052.9166666666763,0.0008602839749268466,8.942159553573345e-05,11549.093198076687,0.47794673929490095,0.0
,0.05447117566954154,0.014829558520257744,0.4217882443040398,0.008562246639838445,2.530025396511821e-05,0.00094919681674093,0.05296479011107932,3.5495158624252735e-05,1007.7500000000133,0.0007653059575915428,2.5300253965118217e-05,12154.009724628144,0.45744439400817066,0.0
,0.029051293690422152,0.005470086428734939,0.44325955734406436,0.007520371133232362,7.539075071350305e-05,0.0009169281252880738,0.007524523512849622,8.5390412304872e-05,1029.6666666666754,0.00037490616697504034,7.539075071350312e-05,14950.629523843,0.46739294900892725,0.0
,0.08352246935996369,0.01724136210354577,0.4950561797752809,0.009066535981055824,0.0007285029970592092,0.0024603015583066516,0.07207254650095551,0.0007410630700384157,1155.6666666666672,0.001631844805276851,0.0007285029970592093,8766.982087197,0.5245876834619458,0.0
,0.0876078075351793,0.024626058768899624,0.499433235094083,0.009114388240403287,0.0005938043189826421,0.002125081669192191,0.14051949613058498,0.0006063317686086495,1165.0000000000007,0.002571684914749947,0.0005938043189826426,7974.659402315373,0.5288243304584658,0.0
,0.03949160236041761,0.009354259426479552,0.47133076593923834,0.008060249949422177,0.0019406055620745741,0.0024193774866146517,0.02325821101628952,0.0019517519428162912,1086.2500000000034,0.00043343835018674074,0.0019406055620745698,15391.66365133421,0.49307762142532907,0.0
,0.06536541080344985,0.018569965447077223,0.48642084345330094,0.00880198849013889,9.38098833261703e-05,0.0012083364599945795,0.08242865748821356,9.534401831182971e-05,1129.0833333333346,0.0011630912974788495,9.380988332617026e-05,11322.972143995803,0.5125208049629293,0.0
,0.05537902859736723,0.015208842395060016,0.424306625577812,0.008585121013756,2.6296501857139603e-05,0.0009461523545243296,0.05561916567559922,3.4237761228641304e-05,1013.5833333333466,0.0007814899103645098,2.6296501857139606e-05,12081.084422818369,0.46009229838099563,0.0
,0.08125283704039946,0.02265790707654939,0.49416778824585017,0.009040972794871326,0.00019965144063946878,0.0015704704097010806,0.12021580289021369,0.00020275236508528413,1152.500000000001,0.0014217444423141625,0.00019965144063946837,10265.739011030038,0.5231502496595551,0.0
,0.061280072628234226,0.01781315196527141,0.49152164212405175,0.00872225319770398,0.00019262802291312387,0.0014075013831370022,0.07605155576023032,0.00021209119612541604,1133.9166666666679,0.0011480882536429324,0.00019262802291312412,11641.402416259618,0.5147147828718415,0.0
,0.230140717203813,0.05449616759608163,0.5514392991239049,0.00974564937250693,0.006171030087323641,0.006285295588372497,0.5246344692778211,0.005961454824102566,1339.0,0.008262140001496962,0.006171030087323638,4746.97552140756,0.607807535179301,0.0
,0.16477530640036314,0.030730156611082148,0.5226571767497035,0.009581640595589625,0.0044479047854835375,0.00558559230188361,0.2128931815684421,0.004369901160524743,1254.333333333333,0.003407469986534299,0.004447904785483536,6467.280810937657,0.5693750945680133,0.0
,0.07625964593735815,0.02094651531578141,0.4951674533603057,0.00896919374493991,0.001043710396366408,0.0024892092166352913,0.10444217877437104,0.0009830486285550375,1150.5000000000005,0.001909995593351049,0.0010437103963664097,9468.6907656343,0.5222423967317295,0.0
,0.04403086699954607,0.011535485864819407,0.42106269113149847,0.008251135536337129,1.5726658916945327e-05,0.0007685028433621501,0.03242424103529077,2.4885741332176195e-05,998.8333333333463,0.0010239331145182908,1.57266589169453e-05,10675.716326294774,0.45339688303828113,0.0
,0.035406264185202,0.005316094666898544,0.4638871341335018,0.007886193655262434,0.00014560344706121024,0.0012780738455490015,0.007197022445176834,0.00016529220078041613,1070.4166666666727,0.0005048402030518461,0.0001456034470612104,14106.166937620916,0.48589045241337575,0.0
,0.053563322741715845,0.013531931690244456,0.4837505489679403,0.008545280591237717,0.00019522425624005803,0.00132871835947804,0.044755025762091595,0.00021522579882671665,1116.1666666666683,0.0008346528000416031,0.00019522425624005817,12435.402424670423,0.5066575881373885,0.0
,0.04176123467998184,0.010852410033286063,0.47818537008899503,0.008174522072368998,0.00015540005784595506,0.0010423787353742128,0.029056928902851352,0.00017175393078956537,1098.7500000000025,0.000718384319491802,0.0001554000578459554,13653.590795831658,0.49875170222423965,0.0
,0.16568315932818883,0.049009766833729054,0.5302045728038508,0.009586980662320008,0.001960250149259753,0.003734732485305796,0.4500370827303706,0.0019014726579213274,1264.9999999999998,0.003911816834181393,0.0019602501492597567,6563.265249850801,0.5742169768497504,0.0
,0.051293690422151615,0.013273973491629587,0.486098852603707,0.008486076638302085,0.00015133119348924288,0.0012152082158483019,0.043077275509259536,0.00016501834530741565,1118.2500000000014,0.000847628327702036,0.00015133119348924304,12532.08876535306,0.5076032682705401,0.0
,0.08987743985474353,0.020188983514450892,0.5029680365296804,0.009136631225502605,0.0008913640524053072,0.0026653713091488755,0.09724193013150015,0.0009298381473880881,1171.8333333333337,0.0019751106985128994,0.0008913640524053076,8639.570623331392,0.5319261612952034,0.0
,0.159328188833409,0.04735969630894768,0.5284240825137922,0.009564470894350734,0.001986182279811808,0.0038737908841864313,0.42796339268777817,0.001906060645440565,1258.0,0.0037545657230905792,0.0019861822798118056,6684.826440300809,0.5710394916023604,0.0
,0.07489786654561961,0.017841574229831698,0.4938354629006949,0.008950699522111364,0.0011212866198059969,0.0025288323997339044,0.07728192332927658,0.0011200745341867508,1147.500000000001,0.0014294032597281857,0.0011212866198059993,9763.726214772265,0.5208806173399909,0.0
,0.06718111665910123,0.014624425267922576,0.4866357411089021,0.008830461158760327,0.00041375730709239785,0.0019622974734624134,0.05241729884440617,0.0004396817985484318,1130.9166666666688,0.0015599470238982925,0.00041375730709239904,9939.044613001262,0.5133530034801029,0.0
,0.053563322741715845,0.014155798924005647,0.48652826855123676,0.008543388232061659,0.0003098778263430488,0.00148944573323467,0.04896835454486769,0.00034022855676384736,1120.500000000002,0.0009077395208292917,0.00030987782634304836,12341.29505724981,0.5086246028143441,0.0
,0.06672719019518839,0.018438862507675225,0.4971789663732792,0.008826107828754329,0.0002990448508835613,0.0015204850750277557,0.08128912563883631,0.00031207101309229784,1146.3333333333337,0.002218666147618326,0.00029904485088356157,8549.87480304314,0.5203510364654259,0.0
,0.07625964593735815,0.018205579336220887,0.49053662881318194,0.00897377782940464,0.0005077233251392971,0.001976897928951508,0.07970411782525813,0.0005344467525654692,1143.416666666668,0.0018539584419740916,0.0005077233251392988,8716.680640418268,0.5190270842790135,0.0
,0.03041307308216069,0.007418265405573316,0.46203859060402686,0.007617906778686171,3.641339541298629e-05,0.0006538111484466939,0.01367715116201198,3.946541984005757e-05,1064.083333333338,0.0005538862958805727,3.6413395412986295e-05,14304.843607494278,0.4830155848085943,0.0
,0.12210621879255561,0.029302694172859252,0.5147196261682243,0.009392082078312146,0.0011136811591446545,0.0028630113737900882,0.19302692996424692,0.0011361669102155547,1212.1666666666667,0.00399841696121795,0.0011136811591446578,6396.067975047307,0.5502345286730217,0.0
,0.08306854289605084,0.019015384917544592,0.4978531073446328,0.009062287512684883,0.0005045483893256444,0.0020234002813735745,0.0867116125223721,0.0005198224511597702,1159.4166666666663,0.001550010797454816,0.0005045483893256438,9347.699094560207,0.526289907701619,0.0
,0.20245120290512938,0.05438392545478328,0.5412776412776413,0.009689731060155148,0.002463440588496379,0.0042676640073259,0.5212580138626759,0.0023610375640909878,1306.1666666666665,0.005549342531078748,0.0024634405884963783,5699.698037982319,0.5929036162808292,0.0
,0.016341352700862462,0.004790898708590397,0.4371031746031746,0.006244335834295032,0.00017607808171286868,0.0005976053749712576,0.005906124534612211,0.00017936936644686664,1008.8333333333426,0.000306660634997574,0.000176078081712869,21250.344791877662,0.4579361476774096,0.0
,0.0463004993191103,0.011711110840247322,0.48406943528894747,0.008335731516340138,0.00018196420444061307,0.0012576372059098073,0.03383013892116412,0.00019404552703291826,1111.5833333333358,0.0008055546050424503,0.0001819642044406131,12729.125424188693,0.5045770918444545,0.0
,0.05901044030867,0.012924953716909127,0.4837505489679403,0.008669123514683363,0.0004893199736217931,0.001939278106280057,0.04123768256520625,0.0005472525962048496,1120.4166666666695,0.0011532664259144357,0.0004893199736217925,10229.905982251124,0.508586775609018,0.0
,0.004539264639128461,0.0005902238729782442,0.3840655509065551,0.0031230024674826855,2.2351045032184514e-06,0.00016705494024188213,9.025058835328466e-05,2.6848821762879883e-06,886.1666666666821,5.42244626517964e-05,2.2351045032184514e-06,35650.47826156379,0.4022545014374338,0.0
,0.014525646845211076,0.003710330769160777,0.44121770478670136,0.005965352235401729,2.5787460250715075e-05,0.00040078479473211324,0.0034541320276405426,3.749160902883985e-05,1015.5000000000092,0.00024933702782070795,2.5787460250715082e-05,20957.511032825136,0.46096232410349525,0.0
,0.06718111665910123,0.019147401746040377,0.4907551793272444,0.008832478277176968,0.0004159896260447423,0.0015739919995677726,0.0875495856067638,0.0004191219681677569,1137.2500000000011,0.0021989040667921467,0.000415989626044742,8616.455405152074,0.5162278710848842,0.0
,0.04357694053563323,0.008199969070767256,0.4698229899765408,0.008237858702592185,0.0002649335195054833,0.0013661632442934048,0.016931279532165364,0.0003009468072564854,1086.750000000004,0.000508883886065473,0.0002649335195054834,14101.71118064107,0.4933045846572855,0.0
,0.012709940989559692,0.003191799582172496,0.4289330218068536,0.005633836542995701,1.6656300989620243e-05,0.00032385894993595336,0.0025569940003275986,2.4115517714532406e-05,990.8333333333436,0.00022606801158646877,1.6656300989620215e-05,21862.854727885548,0.44976547132697836,0.0
,0.029505220154335,0.005081003024092787,0.4441532258064516,0.007552707404201013,4.59181735614485e-05,0.0007358967421440859,0.0065105979115743385,5.200842129340852e-05,1032.0000000000089,0.0005652911157301809,4.591817356144867e-05,14171.194542659563,0.4684521107580572,0.0
,0.06627326373127554,0.021182924680821037,0.49064587973273943,0.008819055198536313,0.00011030800546146451,0.0012156341593771607,0.10563996285109961,0.00011259254141141534,1136.1666666666677,0.0020968377708439775,0.00011030800546146444,9832.67525107951,0.5157361174156454,0.0
,0.01997276441216523,0.004985677241623061,0.44730964467005074,0.006727223157979777,3.7897398736192617e-05,0.0005080073397536844,0.006217804160064773,5.021468666169394e-05,1030.2500000000084,0.0003239128972542625,3.78973987361926e-05,18500.564276094265,0.4676577394462097,0.0
,0.07262823422605538,0.018639052028327333,0.4959477712742008,0.00892266978165241,0.0002681266883185387,0.0016045199034004061,0.0832478266797052,0.0002697678667282102,1148.8333333333337,0.0014635006255244898,0.00026812668831853887,9860.984001371173,0.521485852625208,0.0
,0.020426690876078075,0.005681973405617353,0.4475822836245429,0.006782902607116287,1.349894018976289e-05,0.00043879214602952384,0.008016979933381012,1.5530799295135614e-05,1031.1666666666745,0.0003758582074846346,1.3498940189762895e-05,18487.935626548446,0.4680738387047965,0.0
,0.04085338175215615,0.00818132766536655,0.46683619410892135,0.00813628614520947,0.00015044661570150136,0.0011456131764777772,0.0167909308065458,0.00017329353638610704,1079.7500000000048,0.0004972545488604542,0.00015044661570150157,14539.012673700543,0.4901270994098956,0.0
,0.012256014525646846,0.002321492757542342,0.42106269113149847,0.005538549324392079,8.052076198925818e-06,0.0003459591079360432,0.0013570775407337125,9.98205032761506e-06,974.2500000000126,0.0001291814683229373,8.052076198925804e-06,25574.341489836985,0.4422378574670903,0.0
,0.030866999546073536,0.0067952915424807515,0.45924536168438607,0.007640232585889579,5.004778047922526e-05,0.0008020000041358179,0.011535753728969266,6.167874938054395e-05,1059.7500000000055,0.00039078375184043395,5.004778047922528e-05,16116.820198033083,0.48104857013163865,0.0
,0.02315024965955515,0.004308188036744524,0.44469115865966896,0.007043902468322612,8.642373346798974e-05,0.0008506371358775761,0.004700013862789764,0.00010992940426856623,1027.750000000009,0.00042455753804818494,8.642373346798971e-05,18052.692768353158,0.4665229232864276,0.0
,0.021334543803903767,0.004443231214236385,0.44272508038585207,0.006867546469829352,4.120089581855054e-05,0.00067441178183743,0.004971336773799578,5.275733768159674e-05,1022.7500000000097,0.00044408162850272554,4.1200895818550536e-05,18289.835297159625,0.46425329096686335,0.0
,0.01997276441216523,0.004148543433142205,0.4411293552262715,0.0067162552184636855,4.462653436947713e-05,0.0006749489444618737,0.004342027046727462,5.792035090418159e-05,1018.9166666666764,0.0004238960168729521,4.462653436947716e-05,18904.81359893439,0.46251323952186413,0.0
,0.04221516114389469,0.008978544463494319,0.46942254421478796,0.008190134484967183,9.875749103928129e-05,0.0010839157822828817,0.020055754412784663,0.00011101031861833522,1084.9166666666704,0.0005017023729909767,9.875749103928122e-05,14119.55871561573,0.492472386140112,0.0
,0.05628688152519292,0.012575093919351044,0.47591272413048175,0.008612100757436517,0.00015935491429842672,0.0013391618167775793,0.03886313568036948,0.00016837351510195958,1105.9166666666695,0.0007406681361864719,0.0001593549142984274,12164.09356053504,0.5020048418822818,0.0
,0.05674080798910577,0.01629795352706764,0.4866357411089021,0.008623263147350416,0.0002970562106221731,0.0013632524438420592,0.06410672757835088,0.00031922728573112463,1123.1666666666679,0.0019904130724818355,0.0002970562106221734,9263.430995697543,0.5098350733847784,0.0
,0.012709940989559692,0.0023516047824640217,0.4230843095832533,0.005628725396370845,9.620400186106461e-06,0.000374107338253395,0.0013954439489776197,1.2141476269054918e-05,978.5000000000122,0.0001392552597992527,9.620400186106461e-06,24729.186949269664,0.44416704493871995,0.0
,0.015433499773036768,0.003155440187919648,0.43980834497903776,0.006115697606844726,2.4905832261374952e-05,0.0004736115832182726,0.002519942164651066,3.0740793164979524e-05,1013.3333333333427,0.0001734242330994517,2.4905832261374963e-05,25063.671961626802,0.4599788167650174,0.0
,0.0022696323195642307,6.0986126806667504e-05,0.31265966505818904,0.0018051536786987913,2.5788315099136e-07,0.00013504324434364563,1.3369042777537827e-06,3.5417107006309317e-07,705.1333333333415,1.8514137705203617e-06,2.5788315099136e-07,70220.05263006625,0.3200786805870782,0.0
,0.007262823422605538,0.00034821132676886724,0.35169220945083013,0.004154451282368564,6.865375382815776e-06,0.0005277517625672446,3.734616592414472e-05,1.0101351677575707e-05,803.5000000000165,1.2522013467541037e-05,6.865375382815775e-06,38439.77584707519,0.36472991375397185,0.0
,0.007716749886518384,0.0006538878395733178,0.36771824403271575,0.00431545302570525,1.0210903612985495e-05,0.0005113900034868209,0.00011858090161402204,1.7499783895920546e-05,848.9166666666823,2.43471440300592e-05,1.02109036129855e-05,37283.43633260399,0.38534574065668026,0.0
,0.006354970494779846,0.00028749628057345513,0.3481902955587166,0.003829032920314667,5.342211935759825e-06,0.0004527160594272154,2.592562278902889e-05,1.2143037112242042e-05,795.1666666666814,1.0018200465669663e-05,5.342211935759822e-06,41946.907845381604,0.3609471932213648,0.0
,0.03313663186563777,0.009330479318978227,0.46010860484544697,0.007775702884906171,8.995056383252604e-05,0.0008104310490778361,0.021505848740446788,0.00010540652667014744,1062.7500000000057,0.000393822954281607,8.995056383252612e-05,16565.505084246808,0.4824103495233772,0.0
,0.08216068996822515,0.017550594578751688,0.49174107142857143,0.009050640360721892,0.0005673793278032696,0.0021779797631390095,0.0743800711739634,0.0005782277450231899,1149.5000000000007,0.001325851543919515,0.0005673793278032697,9333.207662945026,0.5217884702678166,0.0
,0.04403086699954607,0.007884264984112177,0.4722400857449089,0.008251073278579591,0.0003933288896766756,0.0018280791974184254,0.01588124324943317,0.0004345358457277108,1091.0833333333376,0.0006714038307807198,0.0003933288896766759,13182.44132619201,0.49527159933424114,0.0
,0.12119836586472992,0.02850914662047071,0.5123255813953488,0.009386170522264125,0.0013077276671553321,0.003119880291536039,0.18419772787492444,0.0013214979033689628,1208.25,0.003828780700384223,0.0013077276671553306,6553.235123510642,0.5484566500226963,0.0
,0.023604176123467997,0.0042315588153307064,0.4614578969417679,0.0070878172382799936,0.00016404434239727602,0.0010373747253869206,0.004585693326197097,0.00020273683291682798,1058.000000000006,0.00030281680008749845,0.00016404434239727618,19260.469491899676,0.4802541988197912,0.0
,0.03313663186563777,0.006264931381108854,0.4514344262295082,0.00770893034458727,0.0021745913804126983,0.0033918057528798773,0.011958126296726183,0.002255003976263199,1047.416666666674,0.0005453325649320852,0.0021745913804127157,13799.608739082509,0.4754501437433803,0.0
,0.04993191103041308,0.008387039725023512,0.4582899937591013,0.008441383792933398,0.00030704926477549617,0.001769776395552836,0.01766767768170278,0.0003184818014361189,1072.1666666666722,0.00045379162877019384,0.00030704926477549574,13567.937011204673,0.4866848237252232,0.0
,0.03631411711302769,0.006015301947451385,0.47173447537473234,0.007930823008769067,0.00018528990577898233,0.0013378862135128879,0.00921073445883061,0.00021148268256371974,1084.3333333333371,0.000624857535718578,0.00018528990577898214,13700.214378141824,0.49220759570282946,0.0
,0.04675442578302315,0.007727409054555152,0.45005107252298265,0.00834398555895985,0.0002686985741826398,0.0016928893746919237,0.015026286009083801,0.0002759082004605683,1055.2500000000066,0.0004114932257754566,0.0002686985741826394,14045.804050182276,0.47900590104403085,0.0
,0.08034498411257376,0.017445901343997174,0.49251061927118267,0.009028351287600433,0.0004968231184817135,0.002061213122104773,0.07347232685514778,0.0005051721981489201,1149.4166666666672,0.0012942807737597833,0.0004968231184817129,9449.106934205209,0.5217506430624905,0.0
,0.042669087607807535,0.006869332287133786,0.464082578470613,0.008202503676543986,0.0002760257974019798,0.0015483081704926645,0.011989807742370982,0.00032662387793359334,1076.7500000000055,0.0005352874431263974,0.0002760257974019797,13189.04694679476,0.48876532001815703,0.0
,0.048116205174761686,0.008564385667151968,0.47498921949115996,0.008386140880012551,0.0004392165267023714,0.0019233776461962042,0.018690927525020884,0.00047405269205756884,1098.4166666666702,0.0007265180755651931,0.0004392165267023708,12719.686192681856,0.49860039340293544,0.0
,0.021788470267816613,0.004408632762558735,0.45264023012122456,0.006917913005050901,7.08414232187001e-05,0.0007317363920477984,0.004908037294026749,9.228321637879328e-05,1040.9166666666733,0.0002981871297403688,7.084142321869996e-05,17920.317595188542,0.4724996217279468,0.0
,0.051293690422151615,0.011526419378823628,0.47870491090830075,0.008483576956726238,0.0001603340270925614,0.0013476316902812935,0.03286299450662869,0.00017336780746157176,1106.6666666666692,0.0009170734965056538,0.00016033402709256177,12462.754351903961,0.5023452867302164,0.0
,0.044938719927371765,0.0070817155845070085,0.4683248299319728,0.00828379147254623,0.00030470955405964117,0.0016614648759509614,0.012834235703005117,0.0003369607800144449,1085.1666666666715,0.0005619823294825027,0.0003047095540596411,13164.496790036756,0.4925858677560902,0.0
,0.053109396277803,0.00939826563917696,0.45991649269311063,0.008529050415886134,0.0003273546309641797,0.0018262354958482707,0.022092285197014463,0.00034256803497354876,1077.1666666666717,0.0005198693681434849,0.00032735463096418056,13085.91355328588,0.48895445604478743,0.0
,0.027689514298683614,0.0066765847220691095,0.4540395713107997,0.007424439435095357,0.0001574839994025018,0.0009288611969996024,0.011189225282927357,0.0002030967228700094,1048.0000000000068,0.00028183695707879565,0.00015748399940250158,18178.343103132484,0.47571493418066274,0.0
,0.047208352246935995,0.008910352823479146,0.47560449050086356,0.00835454084644144,0.0005807786225516863,0.0019655729672101324,0.020078616086097883,0.0007089648820498221,1098.7500000000034,0.0008285143641771555,0.0005807786225516866,11490.036940737651,0.49875170222423965,0.0
,0.049024058102587385,0.011550763751320598,0.4748868290579866,0.00841896920406775,0.00011323727972440625,0.0012467725543412302,0.03295516196501235,0.0001193790788263672,1099.0000000000036,0.0009118272627807226,0.00011323727972440615,12671.217064048938,0.4988651838402179,0.0
,0.04312301407172038,0.009745284003078876,0.4805846422338569,0.008221655294236657,0.00022484925148366937,0.0013620737019907198,0.023650386637580015,0.00025548361066819486,1103.5833333333358,0.0007195869344079682,0.00022484925148366877,13561.48844427408,0.5009456801331518,0.0
,0.07399001361779392,0.014198267239164253,0.482479194042926,0.008939662703855116,0.00017251355653158363,0.0015977063562547628,0.04954052074156854,0.00018153050444264424,1129.4166666666695,0.0007254247362984557,0.0001725135565315833,12075.419389663675,0.5126721137842336,0.0
,0.07989105764866092,0.017095152440677778,0.49306177260519246,0.009019741417815755,0.0008550910538533018,0.002543775837088793,0.07112335830433118,0.0009123529858335638,1149.8333333333337,0.0019364538079919198,0.0008550910538533009,8701.360257350432,0.5219397790891208,0.0
,0.033590558329550615,0.00812080762320594,0.4733562526858616,0.007798981823925114,9.240569689552629e-05,0.0009535959102516819,0.016430132453978483,0.00010793657261906594,1084.9166666666706,0.0006108993816280303,9.240569689552636e-05,15104.787286946468,0.492472386140112,0.0
,0.029505220154335,0.005543396659889232,0.4591496456857024,0.007549893004947755,0.00019487525461605947,0.0012306140680992481,0.007820305038999192,0.0002368076844960088,1058.0833333333403,0.0005042954694239038,0.00019487525461605942,14619.073738779945,0.4802920260251172,0.0
,0.016795279164775308,0.00351858222015714,0.44388474712875275,0.006317363321052735,5.169953413285056e-05,0.0005469207434539424,0.0031455667031431273,7.113981056975317e-05,1021.9166666666758,0.00019671773091110988,5.16995341328505e-05,23429.448135304807,0.46387501891360267,0.0
,0.08125283704039946,0.015143462713671892,0.48322000438692697,0.009037792466112998,0.0002084907556570629,0.00177256574068306,0.05618842850326358,0.0002123953971534486,1135.9166666666686,0.0007740808475188115,0.00020849075565706275,11544.345960025756,0.5156226357996672,0.0
,0.11529732183386292,0.030781617355864346,0.5104263206672845,0.009349240985410344,0.0006501997114289238,0.0026329197021827963,0.21067602195044088,0.0006459140716962851,1201.166666666667,0.002152494398393054,0.000650199711428923,8344.905840800695,0.5452413375699804,0.0
,0.10803449841125738,0.02901536536985228,0.5081891580161476,0.009298003629281938,0.0005623657766344941,0.0025070969431279042,0.1896392823427142,0.0005634928955452536,1192.666666666667,0.002048069657763028,0.0005623657766344936,8606.570916579403,0.5413829626267211,0.0
,0.027689514298683614,0.005974842339779016,0.4606859054788791,0.00742313423025724,7.89229536654704e-05,0.0009310752596659659,0.008986923150287185,0.00010324216451695845,1059.4166666666722,0.0007647463088198822,7.892295366547051e-05,14586.714416073863,0.48089726131033445,0.0
,0.11620517476168861,0.030165555126090825,0.5104263206672845,0.009355144849903786,0.0006884391025315047,0.0026841468735616996,0.20334445609852195,0.0006869548341434037,1201.8333333333335,0.0021632091212331925,0.0006884391025315059,8296.645851035297,0.5455439552125888,0.0
,0.07444394008170677,0.014281536210325217,0.4794341675734494,0.008946288166274954,0.0001299030903376774,0.0015660467219390972,0.05009272516605329,0.0001349295615020117,1125.0833333333358,0.0007317083577481713,0.0001299030903376774,12028.229056633581,0.5107050991072779,0.0
,0.03313663186563777,0.007114032903652007,0.453665568369028,0.007770566974864548,7.675909566570096e-05,0.0009814546796839466,0.01270378014437849,9.685266230378996e-05,1051.4166666666738,0.00045700328878977913,7.675909566570098e-05,14927.12714979242,0.4772658495990317,0.0
,0.007262823422605538,0.001053544245876474,0.3877155931010208,0.0042017573650785615,9.002286205191953e-06,0.0003125594349982174,0.00028885753935087934,1.636777691550427e-05,898.5000000000142,5.726917184288405e-05,9.002286205191961e-06,34555.629004354385,0.4078529278256922,0.0
,0.01044030866999546,0.0024426972367636987,0.4237353337180227,0.005140283945415218,5.132703240247469e-06,0.0002693138802075368,0.0014967925502332906,6.1154339610358835e-06,978.4166666666789,0.00024001014918406872,5.1327032402474665e-06,29041.43769144128,0.44412921773339387,0.0
,0.11575124829777576,0.028026762474846815,0.509717723276261,0.00935152370490176,0.0012938324449608795,0.0032465037045523214,0.1788266510020001,0.0012551273586556566,1200.4999999999998,0.0024507135808750774,0.001293832444960879,7977.109259421565,0.5449387199273718,0.0
,0.07716749886518384,0.015373750795741417,0.486098852603707,0.008984894843654875,0.00021135330098770224,0.001660374094739973,0.05778608410821854,0.00022213721246144657,1137.5000000000016,0.0007869165185477826,0.00021135330098770157,11812.247044757167,0.5163413527008625,0.0
,0.014979573309123922,0.003901384294068084,0.46078226312486925,0.006047592560218699,1.4533942083301662e-05,0.0004067525245568946,0.0038201865815043717,1.7612066338975474e-05,1050.3333333333392,0.0002289459279901612,1.4533942083301689e-05,24961.76374136438,0.4767740959297927,0.0
,0.0876078075351793,0.0172704674661251,0.4898821436513231,0.009112193588617175,0.000289259778432642,0.0019513052009270703,0.07233118418891174,0.0002993945790206983,1150.9166666666679,0.0008887139517526643,0.00028925977843264093,11076.749018718558,0.5224315327583599,0.0
,0.08125283704039946,0.016191413248928862,0.48279640587332895,0.009038301405314595,0.00018858001841384688,0.001721221752106091,0.06383728856011187,0.00019113005657566906,1135.3333333333355,0.000816933767882819,0.00018858001841384693,11521.00310081921,0.5153578453623846,0.0
,0.05855651384475715,0.01371945091693645,0.474579922447221,0.008624412455855808,0.004070921342237667,0.00541015079129763,0.04977382925537929,0.00413661696611821,1105.3333333333364,0.0011339856745410997,0.004070921342237693,10843.010963072244,0.5017400514449992,0.0
,0.07989105764866092,0.015168498946692659,0.48037505451373747,0.00902036064524126,0.00017882504580433068,0.0017432603946190986,0.05634901425611152,0.00018352625801802209,1130.583333333336,0.0007722533325488906,0.00017882504580433103,11634.262574389524,0.5132016946587986,0.0
,0.01407172038129823,0.0033187726522077997,0.446403242147923,0.0058929240681547925,2.4477357171660462e-05,0.0004044482661570747,0.0027685074144605283,3.012971287164217e-05,1023.916666666676,0.00028989877474941807,2.4477357171660442e-05,24761.772468384428,0.46478287184142836,0.0
,0.011348161597821153,0.0021194450781765427,0.4200991609458429,0.005346851935223555,1.3167794205898839e-05,0.00034027791132430177,0.0011358128076951297,1.6653407813444436e-05,972.4166666666791,0.00010417972729974757,1.316779420589884e-05,27572.82456974231,0.4414056589499168,0.0
,0.07943713118474807,0.014358485074646881,0.4800610154717803,0.009014161952853377,0.00021364347079948557,0.001790839068594636,0.05074445444744624,0.0002175334745961334,1129.7500000000027,0.0007423354170805513,0.00021364347079948535,11672.74544936115,0.5128234226055379,0.0
,0.07217430776214254,0.013831213070060668,0.4780815972222222,0.008912406990181481,0.0001229644621821592,0.0015147029734959353,0.04707013390327589,0.0001251860290239497,1121.1666666666697,0.0007057040721581803,0.0001229644621821592,12217.544200222312,0.5089272204569527,0.0
,0.0758057194734453,0.014105898071770007,0.4846018477782666,0.008962167222894809,0.0007114317636160599,0.002210889289557142,0.049458142883169305,0.0007218732325881088,1134.0833333333353,0.0007238312853638458,0.0007114317636160598,11960.4252530566,0.5147904372824935,0.0
,0.08306854289605084,0.015478245702456081,0.48047982551799345,0.009060089234072156,0.00020254699529218022,0.0018079191165689661,0.05861296199396693,0.0002052914123610055,1133.0833333333355,0.0007975536925202137,0.00020254699529217993,11410.38779994029,0.5143365108185807,0.0
,0.08034498411257376,0.01528591729322838,0.4881453578550853,0.009023994433192293,0.0009001192856520449,0.002321370550168465,0.05770749289162621,0.0008988945851595238,1142.7500000000016,0.0007747369804753712,0.0009001192856520447,11618.139796176112,0.5187244666364049,0.0
,0.0876078075351793,0.024673430982613907,0.5040036604895904,0.009114906548496194,0.0003850004058303084,0.0017755198274508703,0.14079314156614695,0.0003959250653016718,1171.6666666666663,0.0022063178758142286,0.0003850004058303078,8688.669301260932,0.5318505068845514,0.0
,0.02723558783477077,0.007180641524795504,0.460589588124608,0.007398059770356099,8.147609568873727e-05,0.0006558990064108248,0.012840126553793558,0.00010014351614684015,1058.916666666672,0.0004259083561494951,8.147609568873722e-05,17094.111086830708,0.480670298078378,0.0
,0.016795279164775308,0.0035793391271848243,0.4480374211917836,0.006316871669965495,4.0257960710612874e-05,0.000599752093819478,0.0032474425599511294,5.869068921606656e-05,1029.416666666675,0.00019972183337801708,4.0257960710612874e-05,23491.028308596007,0.46727946739294907,0.0
,0.07807535179300953,0.014249823722455443,0.47932985204525674,0.008996601991043318,0.0001812599511299813,0.0016982040952552276,0.04994361974750122,0.00019366576511674634,1127.5833333333364,0.0007295711905754329,0.0001812599511299814,11789.22506963316,0.5118399152670601,0.0
,0.013163867453472538,0.0029312393585794565,0.43823353888999406,0.005725656032415344,6.923399916052412e-06,0.00033259419369804704,0.0021610501117893736,8.450075832783485e-06,1008.3333333333437,0.00017424534630793516,6.923399916052416e-06,25895.591154020374,0.45770918444545317,0.0
,0.013163867453472538,0.0030073595737333926,0.43797216699801195,0.005725750909082206,6.916770554579614e-06,0.00033340957929911183,0.0022734977721570525,8.178796735424323e-06,1008.0000000000103,0.0001728153643557659,6.916770554579615e-06,26148.679379035002,0.4575578756241489,0.0
,0.07217430776214254,0.013725794480173772,0.4763243243243243,0.008912251160862882,0.00011492314166825435,0.0015143842159734617,0.04637837476682122,0.00011936138161567729,1118.41666666667,0.0006922633599465203,0.00011492314166825433,12242.442254524713,0.5076789226811923,0.0
,0.017703132092601,0.0028828416386925577,0.4268552606084092,0.006442805202593273,3.0189710137741856e-05,0.0006240332349028762,0.0021229220914859544,3.5196122615567825e-05,989.9166666666782,0.0001163800922455989,3.0189710137741876e-05,24663.989190534005,0.4493493720683916,0.0
,0.0699046754425783,0.013079542172018241,0.47591272413048175,0.008874238506178838,0.00035844222395671694,0.0017556840667341264,0.04248698111789544,0.00036767160002246354,1116.1666666666697,0.0006627201652280444,0.00035844222395671526,12453.471308961569,0.5066575881373885,0.0
,0.08443032228778938,0.01711600049999496,0.4894467896023106,0.009076680866808262,0.00021970878350780827,0.0017804002135294252,0.0710195825321368,0.00022529234872597516,1147.8333333333344,0.0008726267893692228,0.00021970878350780794,11267.384054900325,0.5210319261612951,0.0
,0.07399001361779392,0.014621822769561416,0.4794341675734494,0.008939808424923779,0.00012379300457514666,0.0015311142817639768,0.05240769762634554,0.00012633658555837702,1124.583333333336,0.0007539803114711258,0.0001237930045751466,12076.156006359639,0.5104781358753215,0.0
,0.12846118928733546,0.038808510147609616,0.5173790511977454,0.009427766583234328,0.0013685949151325536,0.003073541310726302,0.3129132230665558,0.0012566603986698618,1220.5,0.003384862209964612,0.001368594915132559,7102.330412914719,0.5540172492056287,0.0
,0.07308216068996823,0.013838170692535118,0.47797786938598397,0.008926145089397132,0.00014505047829778173,0.0015619555690709872,0.047131362425629694,0.00014777269681792696,1121.6666666666695,0.0007044414311990031,0.00014505047829778175,12154.82125451565,0.5091541836889091,0.0
,0.14117113027689515,0.03276268189698557,0.5182310044695366,0.009490941101922818,0.0014179050154627915,0.0032802405366730274,0.23537873598333503,0.0014140155806089693,1231.0000000000005,0.003650886008683072,0.0014179050154627866,6521.511460360954,0.5587834770767136,0.0
,0.03313663186563777,0.005043195983037203,0.4608786610878661,0.007764431153206061,0.0001897434935227076,0.0013480432208399166,0.0065109085690053465,0.00024397557162320264,1064.0833333333394,0.0007908807561983625,0.0001897434935227074,13919.431489360668,0.4830155848085943,0.0
,0.01861098502042669,0.004659475218876598,0.4481285598047193,0.006567375064974212,2.3943549871568405e-05,0.0004836547727501225,0.005426950351867785,2.833693635192563e-05,1030.8333333333414,0.00035509352282543015,2.3943549871568408e-05,21681.820488332683,0.4679225298834922,0.0
,0.07898320472083523,0.015137513211415888,0.48556314745426493,0.00900888200746056,0.00027527447517353186,0.0017308348663563206,0.056116678833709355,0.00030612393171076534,1138.0000000000018,0.000773084412233901,0.0002752744751735315,11686.978029140839,0.5165683159328189,0.0
,0.07898320472083523,0.015698811018509555,0.48438874230430956,0.009009259273498776,0.0001877524624526979,0.0016850147182882946,0.06014001480165164,0.00019191306348719322,1136.1666666666686,0.0007935370839492196,0.00018775246245269798,11682.344992788163,0.5157361174156454,0.0
,0.03222877893781208,0.008495400947609519,0.455635987590486,0.007727481513324847,1.812779123419856e-05,0.0006094871164061425,0.017854629962583694,1.9313571816857986e-05,1054.0000000000061,0.0005539322760075112,1.8127791234198577e-05,15397.146134227854,0.4784384929641398,0.0
,0.05220154334997731,0.013844931319085752,0.48205689277899344,0.008509315573826039,0.0002588571913344261,0.0014489041642652715,0.0469592040526332,0.0002952403083280857,1112.583333333335,0.0012750989315169752,0.0002588571913344253,10968.503137176445,0.5050310183083674,0.0
,0.032682705401724924,0.009001337826464915,0.4672322375397667,0.0077275688045781625,0.0009743618292371269,0.0016475405321159586,0.020928389104183518,0.00098373635807617,1074.2500000000045,0.0005217964392248615,0.0009743618292371339,15708.053905460274,0.4876305038583749,0.0
,0.011802088061733999,0.0031236459120497803,0.4423694779116466,0.00544804681197863,2.0309343676624745e-05,0.00046286769184959633,0.002454706912463643,4.060728561366681e-05,1015.3333333333429,0.00027378146105905293,2.0309343676624728e-05,27110.549462395553,0.4608866696928431,0.0
,0.04584657285519746,0.010195526963052487,0.47797786938598397,0.008317314440111467,0.00019736104582629505,0.0013794556279263278,0.025823725807097672,0.00021940345767512803,1101.5000000000027,0.0007586022970624717,0.00019736104582629522,13165.490088559804,0.5,0.0
,0.02088061733999092,0.006181365846213157,0.45422680412371136,0.0068341395248330715,8.37022597648954e-06,0.00040038428344993425,0.009490960453738193,9.147203559094249e-06,1043.0833333333399,0.00036612786434491346,8.37022597648954e-06,19162.958925409737,0.47348312906642454,0.0
,0.009078529278256923,0.0013151348021914703,0.3980126467931346,0.004770691902830448,1.0386573899445141e-05,0.00032732443777559874,0.0004481481726252897,1.644422164477394e-05,923.4166666666806,6.800238057085256e-05,1.0386573899445141e-05,31292.082029516132,0.4191632622181873,0.0
,0.07852927825692238,0.01448515590852013,0.4782891880156318,0.009002522481410142,0.00015664818836125754,0.0016985328112349965,0.05154548125220943,0.000161497015133757,1126.250000000003,0.0007419827825956653,0.00015664818836125726,11739.70247246642,0.5112346799818429,0.0
,0.017249205628688154,0.003826807069992405,0.4474913670526102,0.006387289728883566,1.541691047330663e-05,0.00045164683870158165,0.003686779246002281,1.7679250926860556e-05,1028.5000000000086,0.00025981841262799453,1.5416910473306607e-05,23100.75961566789,0.46686336813436224,0.0
,0.016795279164775308,0.004804677843522997,0.45714878605519815,0.006325967101015817,1.3937619561024489e-05,0.00041222358157479524,0.005771177450222765,1.6376307006902668e-05,1045.5833333333392,0.0003661810797982742,1.3937619561024482e-05,22800.32535698532,0.47461794522620665,0.0
,0.014525646845211076,0.003121974222023927,0.43753723932472693,0.0059683325754452425,1.2549627199618052e-05,0.0003996485367909004,0.0024554721950829426,1.552055596762641e-05,1008.3333333333435,0.00018109899292518804,1.2549627199618066e-05,24685.51939986821,0.45770918444545317,0.0
,0.07126645483431684,0.013280579003105572,0.4764273356401384,0.008897990280093426,0.00011101057015474968,0.001494301435404138,0.04351156677214687,0.00011891779103621826,1117.91666666667,0.0006776314266058915,0.0001110105701547496,12323.392955658339,0.5074519594492359,0.0
,0.011802088061733999,0.0027471616949994735,0.4265246853823814,0.005443971925483833,1.2283169813599811e-05,0.0003486004585648818,0.0018964955096151702,2.0443513282818616e-05,984.7500000000118,0.00025917974322990823,1.2283169813599801e-05,27300.9995096234,0.4470040853381752,0.0
,0.07353608715388107,0.013583051115128645,0.4748868290579866,0.00893199127791637,0.0001712748192005451,0.0016388644742928882,0.04553894243012183,0.00017690435253402118,1117.16666666667,0.0006927856764106115,0.00017127481920054487,12136.399673235168,0.5071115146013013,0.0
,0.07716749886518384,0.014486072972243491,0.48037505451373747,0.008984318198795091,0.0001692923831014846,0.0016772503633885759,0.051542899002685896,0.00017666565003496377,1128.4166666666695,0.0007379767232781686,0.00016929238310148479,11845.344571052912,0.5122181873203208,0.0
,0.0758057194734453,0.014587647908512217,0.4834320825104235,0.008964689522421366,0.00040197452237031414,0.001847218878612831,0.05241761085229733,0.0004014622288977228,1132.3333333333353,0.0007453040886738667,0.0004019745223703146,11926.660183495242,0.5139960659706461,0.0
,0.027689514298683614,0.006052832015354464,0.4647679324894515,0.007422435976791443,0.00016860960304281584,0.001133217962737801,0.009262809208855673,0.00020753176117744844,1066.3333333333387,0.0009641419351742661,0.00016860960304281592,13256.027273948834,0.48403691935239823,0.0
,0.021788470267816613,0.004936693598172759,0.4398961661341853,0.006924424217720759,2.7710211456105888e-05,0.0005178274100904617,0.006089190206423214,3.3498263429184564e-05,1018.5833333333431,0.0003879958745023882,2.7710211456105888e-05,15926.533080006579,0.46236193070055986,0.0
,0.06445755787562416,0.014053535487350539,0.48782108060230295,0.008782894957957673,0.00036165294275689454,0.0017515113790146119,0.04840874575766841,0.00038061461129383157,1130.5833333333348,0.0018331833414089987,0.00036165294275689524,8600.099178310009,0.5132016946587986,0.0
,0.06945074897866546,0.012907237359866349,0.4731529209621993,0.008868698728286687,0.00010438117677097851,0.0014682641558049184,0.04116221447841699,0.00010828917352765025,1111.3333333333374,0.0006563087180374139,0.00010438117677097836,12483.414978331073,0.5044636102284763,0.0
,0.03949160236041761,0.008518608731833662,0.45867166354361855,0.008078669374375144,0.00012473215780823936,0.0011602717451054925,0.018157859802164042,0.00014461376199391516,1064.9166666666733,0.0005542944621106345,0.0001247321578082392,13757.16978624305,0.4833938568618551,0.0
,0.042669087607807535,0.007443372179069436,0.45629660314830156,0.00820330159168438,9.606713719430292e-05,0.0011019833954487488,0.013959171101730092,0.00011262572176917749,1063.1666666666738,0.000802775913852244,9.606713719430302e-05,11876.241366279777,0.4825994855500076,0.0
,0.032682705401724924,0.006047738895346025,0.4575285565939772,0.007744003877290689,7.47265075107542e-05,0.0010158686993130728,0.0092309014998362,8.999876829541024e-05,1057.4166666666727,0.0004648581909495608,7.472650751075432e-05,14146.103286814732,0.47998940838250875,0.0
,0.08125283704039946,0.015364979774357763,0.4858844287604764,0.009037926463686601,0.00022650181799217117,0.00177807238750766,0.05776909002956957,0.0002438998298146686,1140.2500000000014,0.0007853166422480222,0.00022650181799217163,11524.303264988615,0.5175896504766228,0.0
,0.04766227871084884,0.010304557558502273,0.46683619410892135,0.008375240084056785,0.00020111015130542653,0.0013738996194631009,0.02642097888264424,0.0002270252639880458,1084.750000000005,0.0006488001879777114,0.00020111015130542628,12748.848847521625,0.4923967317294598,0.0
,0.106218792555606,0.02854293111678104,0.5051593671176335,0.009284944519791737,0.000363202650720447,0.0020692733130600743,0.18386021177657405,0.0003613708211120945,1187.0000000000002,0.002387714396214844,0.0003632026507204466,8292.682935537912,0.5388107126645484,0.0
,0.018157058556513846,0.003632886358513741,0.4452303961196443,0.006498222310336982,7.441166598660797e-05,0.0006959185747163106,0.0033754193241893058,0.00010118935628525249,1025.4166666666763,0.00025465177242888084,7.441166598660804e-05,22498.32397948004,0.4654637615372977,0.0
,0.02814344076259646,0.00484786934133162,0.4546955624355005,0.0074265366543898375,0.00033188846640477284,0.001782703962857504,0.006206274185699246,0.0005122225113344456,1049.3333333333405,0.0009538378677143782,0.0003318884664047732,13530.679455783513,0.47632016946587985,0.0
,0.04403086699954607,0.0071697891793102,0.4615545778336476,0.00824924511368744,0.0002118817826383588,0.0014526888589512523,0.013087886723297944,0.00025151597207770946,1073.0000000000066,0.0003642729934218297,0.0002118817826383589,15403.913897579238,0.4870630957784839,0.0
,0.028597367226509306,0.006127363893391603,0.4543204784491648,0.007482014857021925,0.00023420825916096677,0.0011435845048451791,0.009571219196450776,0.0003056710508364188,1049.4166666666736,0.00041231514894521175,0.00023420825916096682,16506.71907725236,0.476357996671206,0.0
,0.014525646845211076,0.0016016039144807416,0.39304192685102585,0.005956873454515037,1.44594264758237e-05,0.0005164178106920019,0.0006715304620536022,1.8210683211731615e-05,916.4166666666812,7.681389161975025e-05,1.4459426475823706e-05,26136.47442110164,0.41598577697079736,0.0
,0.07217430776214254,0.018341532775539487,0.49317215133199016,0.008915264434253197,0.00021757089320548442,0.0015336710566044788,0.08060109480062927,0.00023084958695616402,1144.4166666666677,0.001401712545558538,0.00021757089320548456,10448.408951271449,0.5194810107429263,0.0
,0.040399455288243305,0.007460522926050327,0.4633017875920084,0.00811481958510691,0.00020477738244211032,0.0013824904556257334,0.014068701012942504,0.00023960598696936658,1073.9166666666717,0.0006575571303454703,0.00020477738244211008,13990.750954552816,0.4874791950370707,0.0
,0.04357694053563323,0.007817770937490419,0.4659475465313029,0.008237235570875941,0.00020835379948217124,0.0014301139555864572,0.015419674960118876,0.0002412860971219965,1080.3333333333378,0.0006775437186491809,0.00020835379948217132,13670.875580951779,0.4903918898471781,0.0
,0.02496595551520654,0.0039287600438522715,0.4441532258064516,0.007204303918456584,5.910017537433303e-05,0.0010148630912184366,0.003951873441921402,7.511828344016826e-05,1029.0000000000084,0.00032612442777524774,5.910017537433298e-05,17259.24382112627,0.46709033136631867,0.0
,0.038129822968679075,0.005959794981839955,0.451249487914789,0.008019075539949619,5.129342755046216e-05,0.000969980768369945,0.009016212207239551,5.804822874759229e-05,1051.083333333341,0.0002961471678160482,5.1293427550462196e-05,16481.149671931165,0.4771145407777273,0.0
,0.03177485247389923,0.007927717442276239,0.4691226575809199,0.007698285706129967,4.736404130422606e-05,0.0008004185582095838,0.015667120506988538,5.2357338896501553e-05,1076.916666666671,0.00044277015279647495,4.736404130422608e-05,16875.49143027636,0.48884097442880925,0.0
,0.019518837948252384,0.0024063237502082143,0.4069831886199889,0.006666922923426926,3.0299217303313604e-05,0.0006445776965739409,0.0014989114797681173,3.8379370883066324e-05,951.3333333333468,0.00011321582978559189,3.029921730331361e-05,22599.73603445091,0.43183537600242095,0.0
,0.033590558329550615,0.00866432843230392,0.4698229899765408,0.007801524513942923,4.7041361973357774e-05,0.0008171897760294118,0.018664715584638166,5.094969791484741e-05,1079.416666666671,0.00047323644178066964,4.7041361973357794e-05,16435.50313101162,0.48997579058859136,0.0
,0.004539264639128461,0.0011768213673764645,0.40932738758825715,0.0031294523270488893,6.124400220538969e-07,0.00011692081397588547,0.0003493497264003333,6.850981729830487e-07,944.0833333333463,5.4503983301942606e-05,6.124400220538974e-07,48442.1132158589,0.42854440913905284,0.0
,0.05764866091693146,0.007878276541535752,0.46743051135158076,0.008636360595948798,0.0006674563621233303,0.0022209811599874303,0.01580947861867915,0.0007224267093098546,1093.3333333333383,0.000512702325721381,0.0006674563621233308,12768.778915264647,0.4962929338780451,0.0
,0.024512029051293693,0.004162904007018085,0.45771867857884896,0.007174022645475784,5.506582218189635e-05,0.0008280738418852145,0.004414976323715938,6.461427932419697e-05,1052.166666666673,0.00040040509590337134,5.506582218189637e-05,17025.557404507163,0.4776062944469663,0.0
,0.03313663186563777,0.004732313457486593,0.44130608974358976,0.0077702587959577255,3.6094739389557905e-05,0.0008470787097204638,0.005716696804445206,4.082324283527482e-05,1029.3333333333433,0.0002312662254643874,3.609473938955793e-05,17760.384162461833,0.46724164018762293,0.0
,0.08669995460735361,0.020729325712663237,0.4992068887378201,0.009102415620367392,0.0008451501741915518,0.002506039466153461,0.10223988131356351,0.0008730586105036527,1163.9999999999998,0.0029265082759314448,0.0008451501741915526,7355.542083743309,0.5283704039945529,0.0
,0.09895596913300046,0.01782540523498433,0.4948337825696316,0.009214009597917308,0.003218231507545341,0.005249927057044416,0.0794612145187869,0.0032337498792595135,1166.500000000001,0.0018851823510934664,0.0032182315075453393,7985.665910056115,0.529505220154335,0.0
,0.061280072628234226,0.008806217140127814,0.47183551081602054,0.008714291874112524,0.0007252886112786443,0.002368987755114015,0.019672298106297007,0.0007821949580489551,1103.3333333333374,0.0005547982581156732,0.0007252886112786442,12530.956382043018,0.5008321985171735,0.0
,0.06945074897866546,0.017257366654643884,0.4907551793272444,0.008871360587129775,0.00022533505329342117,0.001623229906297311,0.07179315740129368,0.00024073718778100972,1138.750000000001,0.0013488951785099387,0.00022533505329342117,10629.652206298173,0.5169087607807535,0.0
,0.0040853381752156154,0.0009920292485672544,0.4012750455373406,0.0028961675573613028,2.2587598791825463e-06,0.00013854172550132856,0.00025000105136585614,3.6445698707280337e-06,926.0000000000138,4.81008974813618e-05,2.2587598791825467e-06,51037.99070991544,0.42033590558329553,0.0
,0.05447117566954154,0.009258487736605378,0.4700234691700448,0.008563189735759731,0.0002811329663304042,0.0016022949561699067,0.021577771974433828,0.0003074102553945732,1095.0000000000048,0.0004623713772596802,0.0002811329663304042,13799.207182825063,0.4970494779845665,0.0
,0.015887426236949616,0.001847758945678598,0.39729486023444543,0.006177774573206037,1.9630761609243787e-05,0.0005500286286475157,0.000888798044130195,2.382519358800178e-05,927.8333333333475,8.639971591043872e-05,1.9630761609243787e-05,25056.058485270754,0.421168104100469,0.0
,0.03722197004085338,0.009628860223062303,0.47447770837820374,0.007983876596869206,5.283281299516636e-05,0.0008632291684365234,0.02297846860220557,5.779902411552326e-05,1089.583333333337,0.0005224928578847583,5.283281299516642e-05,15625.73249613912,0.4945907096383719,0.0
,0.007716749886518384,0.0018184774713053248,0.4252074889017564,0.004376377834262671,2.4925888753058645e-06,0.00020904228201049367,0.0008332606114897109,2.821703802742015e-06,979.1666666666781,8.372153895708683e-05,2.492588875305865e-06,37126.61408750631,0.4444696625813285,0.0
,0.02587380844303223,0.005823024342290502,0.4472188388144539,0.007278977846479326,0.00017791600927937764,0.0009875130742186256,0.008630993835986697,0.0002387313360358368,1035.0000000000082,0.0003834676863946377,0.00017791600927937755,17587.347612224068,0.46981389014979574,0.0
,0.017249205628688154,0.0023094568492232526,0.4170768648239303,0.006379109534152832,1.7211693152650872e-05,0.0005624937270847541,0.0013763468536571095,2.0449184096427972e-05,970.5000000000124,0.00012489697488845755,1.7211693152650872e-05,23466.651938030445,0.4405356332274172,0.0
,0.0040853381752156154,0.0010448524606020315,0.4023009495982469,0.0029059916150638784,3.9071528959261205e-07,0.00010578003809476272,0.0002760457131491051,4.4519861041284405e-07,928.2500000000141,5.121662646058492e-05,3.9071528959261184e-07,50960.20554528789,0.4213572401270994,0.0
,0.029959146618247844,0.004378527250414668,0.4562021122385587,0.007576632537025361,0.00010377182542899694,0.0011118953552595253,0.0049082402593481475,0.00012288012802651605,1054.0833333333394,0.00041747736398923716,0.00010377182542899697,15854.099010539898,0.47847632016946584,0.0
,0.06082614616432138,0.016753765019614446,0.486098852603707,0.008714219473451851,9.032723229132068e-05,0.001209694725412894,0.06764474571242149,9.246943773521748e-05,1125.2500000000023,0.0012932808220569901,9.032723229132087e-05,11186.178272512043,0.5107807535179301,0.0
,0.006354970494779846,0.0017554725928183143,0.42438836447697936,0.0038887192049843027,8.023515477783165e-06,0.0002250562682086696,0.000781125934903758,1.3899729514630877e-05,976.5000000000111,9.73493028691298e-05,8.02351547778316e-06,40699.26285052137,0.44325919201089425,0.0
,0.04947798456650023,0.008714906068765283,0.4679269328802039,0.008430239372595658,0.00018961519533431878,0.0014564824142799225,0.01907616389601466,0.00020788333197260654,1088.083333333338,0.0007436701742393591,0.00018961519533431897,12876.390451575535,0.4939098199425026,0.0
,0.03903767589650477,0.009362491016343658,0.4731529209621993,0.008064021548119034,6.654145490725166e-05,0.0009603999796145948,0.02178338416789669,7.199936078589473e-05,1088.7500000000039,0.0005112509439953249,6.654145490725175e-05,15416.518424028394,0.4942124375851112,0.0
,0.01044030866999546,0.0022774349132694987,0.4325544865501669,0.005130280996345076,1.786639789417565e-05,0.0003674680444455177,0.0013172430896710382,3.1061349962558905e-05,995.5000000000103,0.0001014354298366558,1.7866397894175627e-05,32202.54716474846,0.4518837948252383,0.0
,0.03949160236041761,0.010008616094796923,0.474579922447221,0.008084183802207198,4.189068589010612e-05,0.0008306406357656299,0.024746612589233115,4.6402791953314045e-05,1091.4166666666706,0.000796480977636862,4.18906858901062e-05,14383.903463068275,0.4954229081555455,0.0
,0.09123921924648207,0.023311937157177488,0.5056231351847602,0.009150121111170122,0.0010428546586494353,0.002711878948734986,0.12746830987747698,0.0010699219457435398,1176.666666666667,0.0030145592117937618,0.0010428546586494366,7376.634145544433,0.5341201392041156,0.0
,0.03949160236041761,0.007588978954428775,0.46772823779193207,0.008079011688724077,0.00012918099337879955,0.001277298265085472,0.014455091282631505,0.0001493467663096014,1080.5000000000043,0.0007674052047408015,0.00012918099337879928,13267.743812464396,0.49046754425783023,0.0
,0.024512029051293693,0.003029086929066469,0.43204549911747403,0.007158358625961138,9.725161770842584e-05,0.0011092676437926426,0.002400232570802058,0.00012729090072681766,1005.2500000000108,0.00029660114131572904,9.725161770842598e-05,15674.434997909422,0.45630957784838855,0.0
,0.060372219700408535,0.015130920568600539,0.4851354327240696,0.008703752360118366,0.00014376507644928136,0.0013250260536406579,0.05563178481290637,0.0001502825083276806,1123.4166666666688,0.0012182935465472322,0.00014376507644928155,11257.895268615226,0.5099485550007565,0.0
,0.02587380844303223,0.0036359294355154336,0.4339176679141225,0.00728710072877583,4.7823135951964055e-05,0.0007795771810307214,0.0033837230622235314,5.6364590925589986e-05,1010.333333333344,0.00018005443407824041,4.782313595196409e-05,19519.367365743903,0.45861703737327886,0.0
,0.03858374943259192,0.006360787772625687,0.47417133017649593,0.008033038907372609,0.0002740371532343209,0.0016276713614023514,0.010327436163864324,0.00033891442654049303,1090.1666666666702,0.0005269997005454534,0.000274037153234321,14309.752565980678,0.49485550007565443,0.0
,0.03313663186563777,0.005820423455405037,0.4629123765496953,0.007756979719712656,0.0001563197148030212,0.001571093674751796,0.008680263357809175,0.00019532247491000447,1067.5000000000052,0.0002966934719790943,0.0001563197148030209,17867.966792466228,0.48456650022696324,0.0
,0.008170676350431231,0.0015249905661586336,0.40563432148775547,0.0045151949164221935,2.7753000452286243e-06,0.00020640250699184332,0.0005900497114411721,3.900994271451201e-06,938.5833333333468,7.642316425421609e-05,2.775300045228624e-06,33289.41035201132,0.4260478135875322,0.0
,0.055832955061280075,0.01473450495488548,0.48417582417582417,0.008603412853739927,0.0001012944781669051,0.001135774340759313,0.05277767684111106,0.00010766140884713604,1118.5833333333358,0.001165024719843087,0.00010129447816690502,11633.30554689779,0.5077545770918445,0.0
,0.04357694053563323,0.007265140927127056,0.46107157806613647,0.008231831799579693,0.00020797288604900636,0.0015516431359693934,0.013402090131911593,0.00023815213559711906,1071.9166666666727,0.0006167382305421213,0.00020797288604900623,12027.290497435348,0.486571342109245,0.0
,0.032682705401724924,0.004566556339038211,0.44121770478670136,0.007744739009186258,3.574153459703849e-05,0.0008392109843328381,0.005329576386959598,4.1383673771748274e-05,1028.833333333343,0.0002256326968322382,3.574153459703853e-05,17902.638063709932,0.4670146769556665,0.0
,0.03449841125737631,0.005708607742046593,0.4510647010647011,0.007844693240618875,3.464661651619649e-05,0.0008323330677485548,0.008252629160927068,3.970454314818938e-05,1047.666666666675,0.0002798321543951152,3.464661651619661e-05,17343.27836668712,0.4755636253593585,0.0
,0.01861098502042669,0.0022861994858302476,0.41024208566108006,0.006551576347384218,3.677311435808586e-05,0.0007015093225176767,0.0013616496853620106,4.7815909249986726e-05,956.750000000014,0.0001092379413213188,3.677311435808588e-05,23211.80093015413,0.4342941443486155,0.0
,0.04766227871084884,0.008468541517310045,0.466935142009326,0.008375202700571011,0.0001663965173641589,0.0013323232724187712,0.018023147960942135,0.00017460906757884518,1084.8333333333383,0.0005284807397005722,0.00016639651736415892,13816.014518617081,0.4924345589347859,0.0
,0.07489786654561961,0.015438477624468098,0.4882535460992908,0.00895334120180306,0.0006178944232092278,0.002186508537670363,0.058358272254573185,0.0006289649632635688,1139.0833333333346,0.0011825672890652986,0.0006178944232092277,10624.791310496377,0.5170600696020577,0.0
,0.07943713118474807,0.019075949144036375,0.4983035512327528,0.009013953813898202,0.0008063788590358327,0.002572935584438192,0.08743851585858127,0.0008534031839955887,1157.416666666667,0.002860333449840374,0.000806378859035833,7739.481742541407,0.5253820547737933,0.0
,0.038129822968679075,0.00791037247930122,0.4739672977624785,0.008016065845630194,0.00020809758350090203,0.0014378217836482686,0.01577317735085656,0.00024193641622218416,1089.4166666666708,0.000394021054053494,0.00020809758350090197,16456.5988809467,0.4945150552277198,0.0
,0.012709940989559692,0.0034851526941060257,0.44785525513315716,0.005639393724828432,9.547747368627756e-06,0.0003421221596744387,0.003054369997650656,1.1965154891964971e-05,1026.3333333333417,0.00021099686678711197,9.547747368627767e-06,28450.28055273558,0.4658798607958844,0.0
,0.005447117566954153,0.0011824284312087151,0.4009099181073703,0.003533584753139202,1.234554869895268e-06,0.00012870299876603934,0.00035343156384904555,1.9835446001220216e-06,926.083333333347,6.0920196423811955e-05,1.234554869895269e-06,40664.40369194659,0.42037373278862156,0.0
,0.12346799818429414,0.0318475737950224,0.516772226131832,0.009400269226328898,0.0011459770876860273,0.002946080893732878,0.22378531911937452,0.0011446349539345811,1216.0,0.002549217162731156,0.001145977087686023,7731.283035041173,0.5519745801180209,0.0
,0.015887426236949616,0.003951062543299693,0.43554764729141954,0.006191415879936626,8.118929958956146e-06,0.0003894635259587052,0.003915349589416593,8.671724107959376e-06,1005.416666666677,0.0001782831324071531,8.118929958956143e-06,25699.810956540146,0.4563852322590407,0.0
,0.048116205174761686,0.008555341579494757,0.4641803624104509,0.00838554596303409,0.0003423209993306226,0.0017204327733151528,0.018495705446722528,0.00038091270880899307,1080.6666666666717,0.0005624384464165288,0.00034232099933062315,12998.913520437336,0.4905431986684824,0.0
,0.031320926009986386,0.009497631828982948,0.46378947368421053,0.00767352736767801,2.1195354433957166e-05,0.0005913229462685302,0.022200122444684587,2.333773051396654e-05,1067.6666666666722,0.0007682648256879214,2.1195354433957216e-05,16107.055639679227,0.4846421546376154,0.0
,0.03041307308216069,0.007703654633440306,0.46506227570192105,0.0076146704452222744,5.084071252314348e-05,0.0007330868610233264,0.014772780182693639,5.62508224029699e-05,1068.9166666666715,0.0005642303082671948,5.08407125231435e-05,15964.12853685207,0.4852095627175065,0.0
,0.03495233772128915,0.008073136451814908,0.4588627369298063,0.007872936774798783,5.585930575632596e-05,0.0008085653436771379,0.016220242933479966,6.331307002100986e-05,1062.0833333333399,0.0008566463591586416,5.585930575632597e-05,12303.446988441634,0.4821077318807686,0.0
,0.022696323195642305,0.006461745181614514,0.4530125436973062,0.007012211313372688,1.7600836043427587e-05,0.0005340762040123301,0.010386566577650096,2.2895400301114105e-05,1042.4166666666738,0.00034722090029013874,1.7600836043427573e-05,19266.648199171585,0.47318051142381606,0.0
,0.019064911484339538,0.0057396512621459604,0.44361659283125254,0.006621757484914168,1.0448543462727708e-05,0.0004286772112986935,0.008188947657684421,1.325726506819445e-05,1023.5833333333419,0.00028070412231498686,1.0448543462727708e-05,21319.37434744782,0.4646315630201241,0.0
,0.03449841125737631,0.010384069407024393,0.4681257968550786,0.007852468582855843,2.1725009587319565e-05,0.0006281806215996832,0.02648160387919821,2.2991421887781977e-05,1077.0833333333374,0.0008149208013800525,2.1725009587319555e-05,15370.669651418393,0.4889166288394613,0.0
,0.02088061733999092,0.005994740318846568,0.45069558101472995,0.006826545288683924,1.6671498485538028e-05,0.0005135364814041583,0.008951523497737136,2.1973326354643337e-05,1037.2500000000075,0.00032059444579634705,1.6671498485538028e-05,20129.60793027597,0.4708352246935996,0.0
,0.035860190649114845,0.008875075358214529,0.4678275642386919,0.00791682337586851,8.467663008981279e-05,0.0008977834548554511,0.019559471725420833,9.247056931271184e-05,1077.5833333333378,0.0006210333176788994,8.467663008981249e-05,14912.61646649212,0.4891435920714177,0.0
,0.05946436677258284,0.01488058938362287,0.48037505451373747,0.008681323903505076,0.0002579744168689206,0.001561397003058532,0.05399544074352206,0.00028718717189259304,1115.583333333336,0.0008591417218924091,0.0002579744168689209,11960.453081397673,0.5063927977001059,0.0
,0.030866999546073536,0.00912526082741601,0.46165129924559933,0.007646507088306057,1.8832264795058766e-05,0.0005853427591967735,0.02051580320608855,1.9675727452117028e-05,1063.6666666666722,0.0007551588004017884,1.8832264795058773e-05,16186.809178637253,0.482826448781964,0.0
,0.01997276441216523,0.005213048872765681,0.4390195296931048,0.006724381024754859,1.6615448684717858e-05,0.0005200949849054667,0.0067810712480007316,2.00934813643357e-05,1014.8333333333434,0.000303589690958463,1.6615448684717858e-05,19255.183205844252,0.46065970646088666,0.0
,0.0699046754425783,0.01935186361358972,0.4918508595668676,0.008879862765791384,0.00022137985580481727,0.0014981532879412055,0.08889299639027605,0.00023628890341657825,1140.7500000000014,0.0012841066310265053,0.0002213798558048173,11164.298041327487,0.5178166137085792,0.0
,0.019518837948252384,0.005129405434256414,0.43684314891929404,0.00667196067733721,1.4602500032882544e-05,0.000501479001037431,0.006564354776725913,1.754366909315821e-05,1010.8333333333434,0.0002909503664318296,1.4602500032882535e-05,19618.46654396599,0.4588440006052353,0.0
,0.024058102587380843,0.005891755146163282,0.44370594159113796,0.007131689171285967,5.3119210247105706e-05,0.0007342853911994911,0.008676829662717595,7.130775524791809e-05,1027.1666666666758,0.0003357601980413245,5.3119210247105876e-05,17789.30361598841,0.46625813284914513,0.0
,0.04539264639128461,0.009858924057384399,0.4763243243243243,0.008304501980775602,0.00019845640629425474,0.0013564119411672,0.024184002704943145,0.00021343603937570558,1098.583333333336,0.000799530299657026,0.0001984564062942547,12739.176766531311,0.4986760478135875,0.0
,0.009532455742169769,0.002226145717891991,0.4271035284994184,0.004910328370207042,3.1393656325416914e-06,0.0002508885215655399,0.0012495777726830725,3.32923626847569e-06,984.3333333333444,0.00010756791939880292,3.139365632541693e-06,33713.87393765865,0.44681494931154486,0.0
,0.024058102587380843,0.004542747531211209,0.456580310880829,0.007131126954136657,0.00010817100448585265,0.0008738825369467399,0.005235090033032346,0.00013733181449354756,1049.7500000000066,0.0003614287595603661,0.0001081710044858527,16557.789178026356,0.4765093054925102,0.0
,0.030866999546073536,0.009238754857180318,0.46165129924559933,0.007646678057382864,1.6836923128749886e-05,0.0005660915535575924,0.0210173249200494,1.7934957477408145e-05,1063.6666666666722,0.000757952969757376,1.683692312874987e-05,16188.29841448019,0.482826448781964,0.0
,0.03495233772128915,0.008013281826510536,0.4513419381274329,0.007869586500039254,5.169748478629001e-05,0.0008890409671757717,0.01598028898731615,6.006884448033624e-05,1049.3333333333405,0.00046516848025663233,5.1697484786289965e-05,15390.22944487393,0.47632016946587985,0.0
,0.07943713118474807,0.0172957644984014,0.49416778824585017,0.00901587625854249,0.0006747958733262328,0.00224874317597488,0.0723958922349334,0.000694994986812414,1151.4166666666672,0.0015430835925119497,0.0006747958733262327,9252.541400649221,0.5226584959903162,0.0
,0.0758057194734453,0.019023012718845267,0.4969546582449808,0.008967213588414924,0.0005068042939462693,0.0020442779495828817,0.08671232098923522,0.0005132520374086149,1152.6666666666672,0.0015062959003408068,0.0005068042939462689,9660.23545798092,0.5232259040702073,0.0
,0.042669087607807535,0.009911400579974134,0.47386534738653474,0.008205766428364321,0.00016303985491504863,0.0012018952278296834,0.024372960464159356,0.00019430913329619994,1092.5833333333367,0.0007051525822665151,0.00016303985491504847,13733.180157199335,0.4959524890301104,0.0
,0.04176123467998184,0.00972327663115773,0.46743051135158076,0.008169982176725672,0.0001455252650903317,0.0012068222028627843,0.02351101276308167,0.00017171004661010282,1081.583333333338,0.0005657197038534234,0.00014552526509033155,14288.13273172695,0.4909592979270691,0.0
,0.006808896958692692,0.001573579010414329,0.4110074626865672,0.00406692209472237,1.825097373761622e-06,0.00017461058923847023,0.0006238005163352462,1.9235140333713383e-06,949.3333333333467,6.982877937427236e-05,1.8250973737616224e-06,39653.962596140365,0.43092752307459525,0.0
,0.03041307308216069,0.009094184062410637,0.4615545778336476,0.007618371217649545,1.6540077761962296e-05,0.0005598565102495906,0.020372865366035622,1.7634025332387617e-05,1063.1666666666722,0.0007534949223335916,1.654007776196228e-05,16274.916270633672,0.4825994855500076,0.0
,0.04312301407172038,0.007879030438828913,0.4657505285412262,0.008222291252188547,0.00011364206521584906,0.0011564683892969548,0.01560292455380859,0.00012062345649751596,1079.416666666672,0.000479124026666503,0.00011364206521584933,14614.202197483866,0.48997579058859136,0.0
,0.032682705401724924,0.005325910943241209,0.4501430322844299,0.007745940524360796,3.4720425463207444e-05,0.0007976746949122025,0.007193869038472003,4.0438878700965256e-05,1044.5000000000084,0.00026695273063266525,3.472042546320751e-05,17805.880856767242,0.4741261915569678,0.0
,0.04176123467998184,0.007998262311052086,0.46892294593444017,0.008167864135934873,0.00017001208110417878,0.0012994670755944616,0.016105257976096136,0.00019188127542217942,1083.666666666671,0.0005323182381438527,0.00017001208110417875,14634.85184084248,0.49190497806022093,0.0
,0.029959146618247844,0.0042524547863938625,0.4411293552262715,0.00757978040011281,3.654661635382913e-05,0.0007708862331351683,0.0046178840819169455,4.262488051323704e-05,1026.416666666677,0.00021083001967288524,3.654661635382914e-05,18716.531890543847,0.46591768800121053,0.0
,0.03313663186563777,0.005690231505826723,0.4581946755407654,0.007770619271280495,8.427841492384955e-05,0.0009306337335182423,0.008207277706303443,9.432947871460952e-05,1059.3333333333394,0.00036518947464886175,8.427841492384952e-05,16537.996444079276,0.4808594341050083,0.0
,0.026327734906945077,0.003497533345866583,0.4300214717938708,0.007321651429040001,1.593509250530682e-05,0.0006527943853108723,0.0031395075538372423,1.864515404517783e-05,1002.666666666678,0.0001760293554836845,1.5935092505306796e-05,19955.61842160004,0.45513693448328035,0.0
,0.032682705401724924,0.004653409681073326,0.44397420395002013,0.007744854782733449,4.629446157260181e-05,0.000851090220923803,0.005521700129293483,5.2148027856591684e-05,1033.6666666666763,0.0002670003454988159,4.629446157260185e-05,17795.723866513214,0.46920865486457863,0.0
,0.03222877893781208,0.004850929853387571,0.4497754185381789,0.007719488330542022,5.90435108614896e-05,0.0008185716610359847,0.005992343309926472,7.743876928592785e-05,1043.833333333341,0.00023895095176649998,5.9043510861489494e-05,18038.638264945792,0.4738235739143592,0.0
,0.029959146618247844,0.0035498528067297083,0.43366141732283464,0.007571857878204038,0.0001763760647266018,0.0013165596061548758,0.0032986417263152434,0.00021127270455548135,1011.7500000000114,0.0002907246489505021,0.00017637606472660193,15554.947301796868,0.45926009986382205,0.0
,0.04176123467998184,0.0073800671584932365,0.46872340425531916,0.00816887567373692,0.00013834551580872438,0.0012520323080051868,0.013749828555834342,0.00015866920211783035,1083.416666666671,0.0005117451439330238,0.00013834551580872416,14626.080822019961,0.49179149644424275,0.0
,0.005901044030866999,0.001080518289411484,0.37936972619252624,0.0036783205839308656,5.369983681828882e-05,0.0004345981455943708,0.0003364732180177609,9.647745745674774e-05,877.0833333333488,7.16464118264792e-05,5.369983681828877e-05,34306.28340963719,0.3981313360568921,0.0
,0.018157058556513846,0.0020107733709371616,0.42130426467775867,0.006423177766060326,0.0010551490664029808,0.001991419047141482,0.0019836585446740065,0.0011275931072633656,979.5000000000117,0.00012857129079952098,0.0010551490664029966,20036.3917402071,0.4446209714026328,0.0
,0.003177485247389923,0.00011605047636201329,0.32919904363419006,0.002350750616588452,1.1620497553088223e-06,0.00023761333096982253,5.3455416511554995e-06,1.5453287421734829e-06,743.033333333346,1.369226943727505e-05,1.162049755308822e-06,42141.863232335665,0.33728249356937506,0.0
,0.004993191103041307,0.0011218697102516148,0.38737471426059433,0.0032718495656701633,6.004891239740551e-05,0.0004746719404999734,0.00036684060382501126,9.901642019280006e-05,893.8333333333482,0.00010846793964201344,6.004891239740556e-05,30979.295990525923,0.40573460432743225,0.0
,0.06808896958692692,0.020715818400269922,0.489991103202847,0.008848450113814781,0.0005106156021671549,0.0016411749488424985,0.1013892002207288,0.0005609437092244417,1136.7500000000018,0.001253016854481804,0.0005106156021671549,10598.021855966592,0.5160009078529278,0.0
,0.007716749886518384,0.0008978645270759418,0.38737471426059433,0.004284748908018247,9.377662712980003e-05,0.0008534586025285356,0.00028774182632901844,0.00014070171910835622,896.5000000000158,4.706925356867312e-05,9.37766271297999e-05,31163.958933728154,0.4069450748978665,0.0
,0.0018157058556513845,8.572079068379784e-05,0.33975940777297964,0.0014604769431189103,8.27673353537875e-06,0.0002499589393949145,3.0683291142906037e-06,1.6524598708364867e-05,768.2500000000142,5.796093816022602e-06,8.27673353537875e-06,60333.31051107076,0.34872900590104405,0.0
,0.03676804357694054,0.009636934415416402,0.47818537008899503,0.007959349251006722,0.00015171032460475017,0.001072903731294563,0.023125395230801492,0.0001523076851646761,1095.250000000003,0.0005113823552974721,0.0001517103246047502,16493.469938249687,0.4971629596005447,0.0
,0.16114389468906037,0.041259937409145325,0.5302045728038508,0.009571648099498356,0.0014270763559149522,0.003399574319708275,0.34569827711011963,0.0014006918246574024,1261.6666666666667,0.005846675042865116,0.001427076355914949,5514.8639906483595,0.5727038886367075,0.0
,0.06854289605083977,0.021611496507138034,0.49450056116722785,0.008858296970308654,9.281033683237514e-05,0.0012177880785717832,0.10959528744840988,9.485245241062863e-05,1143.7500000000002,0.00152581273571407,9.281033683237513e-05,10732.774147111404,0.5191783931003178,0.0
,0.012709940989559692,0.0021601300722891145,0.409023393984404,0.005558428178903334,0.0002728250769539335,0.001442380689098039,0.0014030357559093162,0.0004114476591396142,949.4166666666799,0.00013260946212399204,0.00027282507695393365,24888.20184480457,0.4309653502799213,0.0
,0.05628688152519292,0.011246857174416883,0.4866357411089021,0.008600941072738169,0.0005695601222019536,0.002542785611676038,0.03170322988050416,0.0006720890315301476,1122.6666666666679,0.0005679821977397612,0.0005695601222019532,13691.629597133777,0.5096081101528219,0.0
,0.061280072628234226,0.01646362352826798,0.4834320825104235,0.008722962272714723,0.00012022448410998339,0.0012154788356451172,0.06535555630559525,0.00012699520735540818,1121.7500000000025,0.0015917342760033192,0.00012022448410998354,9940.067881893787,0.5091920108942352,0.0
,0.05038583749432592,0.011128241325795766,0.47673663709153863,0.008456351943151051,0.0002699698483428749,0.0016155739982328073,0.030724638411188665,0.00030990168385825427,1102.9166666666692,0.0008745011191212996,0.00026996984834287496,12075.270153253343,0.5006430624905432,0.0
,0.03495233772128915,0.008934671963354455,0.4782891880156318,0.007851600886761883,0.0009488575635003792,0.0018715432570570911,0.02072522794213545,0.0009310026937367739,1094.0833333333364,0.0004886997116230439,0.0009488575635003808,16882.607945175965,0.4966333787259797,0.0
,0.040399455288243305,0.010281385110248533,0.4794341675734494,0.008116450168781913,0.000275329755469248,0.0013313673184616604,0.026363770746974532,0.0002834855119026382,1099.9166666666692,0.0005443047535197854,0.00027532975546924786,15754.608007769428,0.4992812830988047,0.0
,0.035406264185202,0.005428902561324483,0.4618448637316562,0.007887476553783647,0.0002296597125535767,0.0012901290583517808,0.007487604711077716,0.00026997765809939,1067.500000000006,0.00035394241454172554,0.00022965971255357648,14767.089774726745,0.48456650022696324,0.0
,0.09850204266908762,0.02553404090128059,0.5070195627157652,0.009220659010467265,0.0007997437642139684,0.0023982976621266167,0.15016844252741302,0.0008386052547586894,1184.000000000001,0.002929880649089119,0.0007997437642139671,7406.774553563429,0.5374489332728098,0.0
,0.07399001361779392,0.02112226577756197,0.49317215133199016,0.008941779043898371,0.0002906350817736307,0.001641429294621281,0.1052789652271644,0.00031090042526712075,1145.833333333334,0.0018128215829253096,0.0002906350817736314,9379.19302636046,0.5201240732334694,0.0
,0.038129822968679075,0.00852430429910077,0.4753992231333621,0.008021857769352388,0.0002234923795527925,0.001270938706577253,0.018189689774227358,0.00025204362039378655,1091.583333333337,0.0010229028485283808,0.00022349237955279275,13122.266261630104,0.49549856256619756,0.0
,0.06763504312301408,0.01577355893590957,0.4919606967396159,0.008840286028440256,0.00031436713434336523,0.0017041933350259817,0.06047811377130775,0.00032865883478667046,1139.3333333333348,0.0013067628126686088,0.0003143671343433658,10802.176752015504,0.517173551218036,0.0
,0.05447117566954154,0.011654351459539478,0.48131964168669433,0.00856592869875395,0.0002990007125068733,0.0015966888290922636,0.03367279633918053,0.0003142530922141141,1113.166666666669,0.0009323801721605518,0.0002990007125068741,12256.041469297616,0.5052958087456499,0.0
,0.042669087607807535,0.009742863382034417,0.4646699008647965,0.008206838781454232,0.00012851635048435162,0.0012413814697841486,0.023537393285892334,0.00014297764718489947,1077.2500000000055,0.0006548038393468642,0.00012851635048435168,12672.082053451099,0.48899228325011346,0.0
,0.03177485247389923,0.007789284311585051,0.4714316285041729,0.007699127997165296,0.00010706952141750742,0.0009355379670978331,0.015160475592863347,0.00011848117646678072,1080.5000000000048,0.0009495273419220801,0.00010706952141750729,14176.46749829837,0.49046754425783023,0.0
,0.019064911484339538,0.0047563730159318855,0.4491335372069317,0.006618365621705249,8.263029028180684e-05,0.0006924496714490444,0.005697303256711931,0.00010628975859839884,1032.750000000008,0.00041212621062676637,8.263029028180685e-05,18844.096599819386,0.4687925556059918,0.0
,0.1316386745347254,0.04104155208009977,0.5179873030801787,0.009445384949479371,0.0006827951035357677,0.002487138686833671,0.341881995862456,0.0006600713735971395,1223.666666666667,0.003014613098922147,0.0006827951035357689,7378.3159306537855,0.5554546830080194,0.0
,0.016795279164775308,0.004484514128542824,0.4543204784491648,0.006323252018021241,5.0074359406601535e-05,0.000550643049135492,0.005054244585683462,6.419758233265427e-05,1040.2500000000064,0.00036758341934750924,5.0074359406601453e-05,20370.211946964842,0.47219700408533816,0.0
,0.08624602814344076,0.021553179450890213,0.5012514220705347,0.009098449423378256,0.0006371498844087638,0.0022500965533703648,0.10977451754931664,0.000652488795414236,1166.6666666666677,0.0018530276580137998,0.0006371498844087646,8653.301181749057,0.5295808745649871,0.0
,0.051293690422151615,0.010965415108956015,0.4798518841211065,0.008483633132428017,0.0002449545128313991,0.0014380610883970055,0.029807626756853577,0.00026772534907305515,1108.5000000000032,0.0008888898269730252,0.0002449545128313984,12562.51662781596,0.5031774852473899,0.0
,0.01861098502042669,0.004347856029776201,0.453852492789452,0.006565203903482172,4.9054461509141844e-05,0.0005579221341870862,0.004750186562401318,5.967930876352718e-05,1040.8333333333396,0.0005810759155633049,4.9054461509141804e-05,16730.02461022133,0.47246179452262066,0.0
,0.05447117566954154,0.008581671996995712,0.47012377294067437,0.008560161857313241,0.0005256409084097512,0.0021463256302426854,0.018849225551044107,0.0005558563844385481,1095.166666666671,0.0007058832020408998,0.000525640908409751,12215.277520348876,0.49712513239521866,0.0
,0.02814344076259646,0.006074761661760063,0.4615545778336476,0.007464463451676451,5.662848476147117e-05,0.000791606610971545,0.009246511355564209,6.060568295885822e-05,1061.500000000005,0.00034769022848532127,5.66284847614711e-05,19125.77155313198,0.48184294144348616,0.0
,0.018157058556513846,0.004208975321112371,0.45478943022295626,0.006495573190386674,4.850931739894506e-05,0.000713610701999724,0.0044913453599531835,6.556479506408305e-05,1042.9166666666729,0.00022844055651138014,4.8509317398945064e-05,23404.08492644529,0.4734074746557725,0.0
,0.07262823422605538,0.019965168513744098,0.49416778824585017,0.008922033592748423,0.00037135549044357434,0.0018060683084299596,0.09468338029788413,0.0003751287856642705,1146.1666666666677,0.0011274861391066921,0.0003713554904435745,11152.613646004243,0.5202753820547739,0.0
,0.055832955061280075,0.013990989070273145,0.48417582417582417,0.00860051508236912,0.0002723910329923754,0.0015466218100248055,0.047936561181721765,0.0002923261778552067,1118.5000000000018,0.0008423661219328073,0.00027239103299237443,12677.550741691373,0.5077167498865184,0.0
,0.017703132092601,0.004230922262912942,0.44210315071242223,0.0064478739925310094,2.4961842385450444e-05,0.0004837351039812371,0.0044800429044499724,3.175977884677788e-05,1019.0833333333428,0.00042184806892716097,2.4961842385450434e-05,15806.075130001653,0.4625888939325163,0.0
,0.009532455742169769,0.0017077695338412616,0.4246337702390131,0.0048859380580841575,2.881038668257938e-05,0.0004615061548480356,0.0007649915153991114,4.80845317789909e-05,980.0000000000111,0.00024533592210843817,2.8810386682579355e-05,26642.667586390493,0.4448479346345892,0.0
,0.05764866091693146,0.014274351668659027,0.4883617823099091,0.00864478214690797,0.0001982368154954364,0.0014001069279417147,0.04970241936454396,0.00020867304176873996,1126.7500000000018,0.0014737431754264373,0.0001982368154954363,10805.08648882933,0.5114616432137994,0.0
,0.10349523377212892,0.030741001706793093,0.5023945267958951,0.009262943833271503,0.0005666981117611655,0.0022441190923830788,0.2092452300603448,0.0005549371551428859,1181.0000000000007,0.0026325414748764745,0.0005666981117611643,7884.207344536776,0.5360871538810713,0.0
,0.07172038129822969,0.020069905806885245,0.49097392467127254,0.008908092997547114,0.00037006540025062354,0.0017425516258622533,0.09553483875043989,0.0003763912498222715,1140.6666666666679,0.0010623506071127207,0.00037006540025062305,11303.497886857382,0.5177787865032532,0.0
,0.12800726282342262,0.0381254512512152,0.5145993926652651,0.009425484007986821,0.0009489008121404091,0.002716409637281903,0.3031482792778928,0.000911906991199752,1216.3333333333342,0.0033704184395517765,0.0009489008121404113,7097.325396365202,0.5521258889393251,0.0
,0.008170676350431231,0.0014883565938506294,0.4201792866679382,0.004495458364448708,2.4230402154423186e-05,0.0004057638056343913,0.0005836131663541084,4.233486870508692e-05,969.8333333333447,0.00022838776085555028,2.4230402154423163e-05,28403.141829619657,0.4402330155848086,0.0
,0.03676804357694054,0.008840887777617733,0.4782891880156318,0.007960417884561775,0.00014344138847052564,0.0010234808668389713,0.019394224941469976,0.00016757044383430698,1095.3333333333358,0.0008267588024268229,0.00014344138847052553,12473.488395459804,0.49720078680587076,0.0
,0.007262823422605538,0.0012689688442522596,0.41534690799396684,0.004113872014019187,0.0004604175835738563,0.000849367938233593,0.0007616791251164698,0.0005079531537112163,958.9166666666795,0.00013048815340415388,0.00046041758357385744,27749.312332786358,0.4352776516870933,0.0
,0.05628688152519292,0.013730218319507867,0.4885783987580395,0.008613020757905024,0.00019312190092283737,0.0013680719670652508,0.04606817376989138,0.00020664837211998855,1125.9166666666683,0.0014036036029895032,0.00019312190092283794,10985.170987182784,0.5110833711605387,0.0
,0.05901044030867,0.014586479682048575,0.4887952074550699,0.008674490936936206,0.00021939552135749222,0.001442037390465908,0.05185888299633029,0.0002312231728108055,1128.250000000002,0.0014754841430551003,0.00021939552135749154,10731.992708285703,0.5121425329096686,0.0
,0.07308216068996823,0.020076850156369102,0.493614160878333,0.008929131713346663,0.00031819833223740285,0.0017393128896880156,0.0956319680417545,0.0003177377005403475,1145.6666666666677,0.0010814129504138931,0.0003181983322374021,11195.81672643014,0.5200484188228174,0.0
,0.100317748524739,0.028023886189310076,0.5092464170134073,0.009237333547592536,0.00048288333103038245,0.0020405728420117455,0.17771335076078562,0.0004860032077573426,1188.5,0.0025691491477820533,0.00048288333103038353,8052.590992143872,0.5394916023604176,0.0
,0.05447117566954154,0.014740471332389395,0.48567019400352734,0.008568797776761951,0.00022709005295491584,0.0013015159828678685,0.05289104388139403,0.00023837230095322283,1119.833333333335,0.0011451730148095503,0.00022709005295491562,11667.291311482853,0.5083219851717354,0.0
,0.047208352246935995,0.012439783059501412,0.4805846422338569,0.00836590235652575,0.00010514272261254526,0.001090815660331056,0.037941114456721776,0.00011249258857126426,1106.7500000000027,0.0013292923044907015,0.00010514272261254511,11758.515551538248,0.5023831139355425,0.0
,0.040399455288243305,0.007634191507623184,0.46683619410892135,0.008110814748372622,0.00021593165728503688,0.001535150870393052,0.014710186615527704,0.0002537649689421964,1079.3333333333383,0.0005000858134617317,0.00021593165728503685,14494.086729826742,0.48993796338326523,0.0
,0.03631411711302769,0.00888274549991284,0.458004158004158,0.007926558205796,0.0005763501753750176,0.0017913608872595441,0.01997158949652405,0.000686380747702383,1061.33333333334,0.0007424029846549125,0.0005763501753750172,12647.914017269668,0.481767287032834,0.0
,0.08034498411257376,0.022570707644240736,0.4983035512327528,0.00902849041180769,0.00038199352423046233,0.001848112582442835,0.11916646457891387,0.0003842798274759394,1158.0833333333337,0.002050168875279853,0.0003819935242304626,9173.884097084661,0.5256846724164018,0.0
,0.005901044030866999,0.0011897211412177885,0.41526861451460884,0.003708185329320985,5.8964857134471186e-06,0.0002445175371662842,0.00036485352349662474,1.2231507112699067e-05,958.5000000000123,0.00021211325538331602,5.896485713447115e-06,31651.629538133715,0.435088515660463,0.0
,0.0463004993191103,0.012131468125352348,0.4757071906715612,0.00833242295616342,0.0001437783763704869,0.0013205297828111306,0.03623661123614661,0.0001717853324356149,1098.0000000000036,0.0007278201379402071,0.0001437783763704866,13701.48394778003,0.49841125737630504,0.0
,0.035860190649114845,0.007973928534252477,0.4647679324894515,0.00791881399627173,8.92169356720072e-05,0.0009500289814657784,0.015862006631460642,9.766979776101633e-05,1072.333333333338,0.0010371518182795845,8.92169356720072e-05,11797.247718758932,0.4867604781358753,0.0
,0.009532455742169769,0.0017066019192614355,0.4245519367893621,0.004885372985944353,2.6665367036161978e-05,0.0004518980888647138,0.0007572807279163868,5.1079268741380044e-05,979.5000000000111,0.00024399106018670546,2.666536703616196e-05,26687.09226635254,0.4446209714026328,0.0
,0.024058102587380843,0.0036775887928156875,0.4398961661341853,0.007128467009751071,9.672074142789444e-05,0.0010258550484155244,0.003469377973468851,0.00011976013024380256,1019.2500000000098,0.00027304047970410413,9.672074142789442e-05,20384.130698124893,0.4626645483431684,0.0
,0.009078529278256923,0.0018577498252599779,0.4073594674556213,0.004782838204136427,2.6315738798910614e-06,0.00022926926124777302,0.0008699525997285038,3.0785390720824838e-06,943.5833333333461,0.00011685253187825429,2.6315738798910627e-06,29705.763425237295,0.4283174459070964,0.0
,0.008624602814344077,0.0015877155564178122,0.39729486023444543,0.004652330833941548,2.4880493083990015e-06,0.0002231889582230468,0.000636693188618001,2.845955436666631e-06,921.5000000000141,9.391079438549911e-05,2.4880493083990036e-06,30252.15169536951,0.4182932364956877,0.0
,0.021788470267816613,0.005714898767240193,0.4598204967647673,0.006924252898865696,4.085477287726838e-05,0.0005641441121560174,0.008148512250265794,4.952909772464395e-05,1053.6666666666722,0.0005851026684073864,4.085477287726835e-05,15750.392526318565,0.47828718414283555,0.0
,0.03767589650476623,0.006922226583245458,0.4611680971320913,0.007993997638276166,0.0002519246562683043,0.0014087672285986905,0.012097512300214055,0.00029882903560029823,1068.083333333339,0.000572104042030349,0.0002519246562683041,13018.770218313262,0.4848312906642457,0.0
,0.008624602814344077,0.0017199172102141296,0.40630763555883437,0.004652630651135088,2.3642249844761237e-06,0.0002204918448112464,0.0007464712748978509,2.781020676808555e-06,940.9166666666795,0.00011248624715693104,2.3642249844761254e-06,30226.298663131765,0.4271069753366621,0.0
,0.009532455742169769,0.0020086377835364395,0.4176303317535545,0.00490709339708101,3.3357609283555044e-06,0.00024380281036618311,0.0010161370708783937,4.040178746711779e-06,965.1666666666787,0.00012303172263085872,3.335760928355506e-06,29199.268885706617,0.43811469208654863,0.0
,0.03676804357694054,0.00922623143597563,0.4783930510314875,0.007958693163647295,0.00017610054291239974,0.0010758131839340016,0.021258006116083628,0.00017697725610931942,1095.5833333333367,0.0005062740520763806,0.00017610054291239906,16350.103266891092,0.49731426842184895,0.0
,0.047208352246935995,0.010987966444605821,0.48068950469125027,0.00836576054058434,0.00011388907326761167,0.0010859156238314383,0.02975005770214843,0.00012383876958610245,1106.8333333333358,0.0010334010696674651,0.00011388907326761145,11087.270440897417,0.5024209411408684,0.0
,0.026781661370857923,0.003970229206515329,0.4351175192573573,0.007347874388873802,8.719332563821696e-05,0.0011719964206789533,0.004105196515554845,0.0001042412532135467,1012.5833333333436,0.00017935569418789013,8.719332563821685e-05,19726.85052619962,0.4596383719170828,0.0
,0.015433499773036768,0.0018293061663264413,0.38710244245299597,0.006087484213947992,3.338226542231765e-05,0.0007548716246257219,0.000903343798329486,4.812578322635353e-05,901.8333333333487,8.730796911502993e-05,3.338226542231775e-05,23547.630945758905,0.409366016038735,0.0
,0.06218792555605992,0.0161774615185403,0.4924005364327224,0.008741126268433671,0.0002101901123560234,0.0014040984578843534,0.0632739753732902,0.00022149918106555182,1135.9166666666683,0.001079142702628271,0.00021019011235602327,11221.689146197637,0.5156226357996672,0.0
,0.026327734906945077,0.004508562807688711,0.4461320372620494,0.007320304220830403,0.00011908503152047387,0.0010521717414448454,0.005173345154847394,0.00014675702743458807,1032.6666666666754,0.00030194496551463277,0.00011908503152047388,19327.947819839766,0.4687547284006658,0.0
,0.035406264185202,0.00721930857503442,0.4639848357203033,0.007893364615272958,9.313298227694613e-05,0.0010151416000400287,0.013047290686017756,0.00010593390099819054,1071.0000000000052,0.0007314389369221608,9.313298227694608e-05,13804.452876079074,0.4861552428506582,0.0
,0.02814344076259646,0.0038469559393911564,0.4558245396234223,0.007437907487829465,0.00018976961164025215,0.0015178895285972581,0.0038773426351295186,0.0002487722088656521,1051.5833333333396,0.00030741277801542386,0.00018976961164025204,17284.019247531654,0.4773415040096837,0.0
,0.01997276441216523,0.0044482316627073035,0.4528263103802672,0.00672798916468276,4.298698600572101e-05,0.0006432857597807913,0.004973148684205589,5.4346890731354565e-05,1040.1666666666738,0.000312936630956825,4.298698600572101e-05,21664.18565741399,0.47215917688001213,0.0
,0.008624602814344077,0.0011361543776911708,0.4039237257059039,0.004559926565966851,0.00021737230827166537,0.0009964371179393063,0.0005066971033393133,0.00028712966671229915,935.416666666681,4.035353251662147e-05,0.00021737230827166524,36352.41876927329,0.42461037978514143,0.0
,0.07444394008170677,0.019944528860319603,0.4938354629006949,0.00894878508538053,0.00025573357998587434,0.001670202828902986,0.09443869091122857,0.0002688479533366608,1147.0833333333335,0.0012687319186122758,0.00025573357998587455,10450.756999208887,0.5206914813133605,0.0
,0.053563322741715845,0.01421304348008264,0.48620613551092473,0.008546428771675033,0.00020224569736822126,0.0012459667012602426,0.04925522908516106,0.00021048448425113595,1120.083333333335,0.0009610729468959643,0.0002022456973682212,11997.81973968996,0.5084354667877137,0.0
,0.0658193372673627,0.014318835412115144,0.4919606967396159,0.00880506904438808,0.0007140696404825189,0.0022986025697377204,0.05046477986395354,0.0007705491907992484,1137.9166666666683,0.001772949493453532,0.0007140696404825183,9279.305045874145,0.5165304887274929,0.0
,0.02224239673172946,0.0036574871552993347,0.45629660314830156,0.006958454656638262,0.00013438229158145262,0.0010573041714236572,0.0034531614471359864,0.00017034529586554622,1048.0833333333392,0.00023265675636903989,0.00013438229158145248,18887.926156564998,0.47575276138598876,0.0
,0.03313663186563777,0.006858839096705313,0.47376344086021505,0.007770769052395272,0.00027585276311516675,0.0014015324759517847,0.01189676318103695,0.0003344712696657227,1085.2500000000034,0.0003620639421733047,0.00027585276311516653,16521.51578261829,0.4926236949614162,0.0
,0.008170676350431231,0.0018477695868441527,0.41062441752096923,0.0044916718197464305,3.915431436463152e-05,0.0004581309782060301,0.0008873885457931577,7.569377247901258e-05,948.7500000000132,0.000119143048454141,3.915431436463151e-05,26834.005497136666,0.43066273263731275,0.0
,0.02315024965955515,0.004989560667178358,0.4580993969640258,0.007051880754055,9.438091403216338e-05,0.000925486927064748,0.00630279238110153,0.00011181671919589244,1051.5000000000061,0.0002632190208431514,9.438091403216364e-05,19709.8024494231,0.4773036768043577,0.0
,0.026781661370857923,0.005152061924389656,0.4641803624104509,0.007353412175364368,0.0001838981377754705,0.0012057378444152015,0.006780762210845335,0.00023389362300925222,1064.5833333333387,0.00031154335408524827,0.00018389813777547066,17157.208390166794,0.4832425480405507,0.0
,0.04312301407172038,0.0081538986379029,0.4733562526858616,0.008210881794699315,0.0007889034298675222,0.0020182403711029393,0.01728846377995464,0.0007529403366209012,1092.5000000000034,0.0005508253923999769,0.0007889034298675227,14130.270800909815,0.4959146618247844,0.0
,0.021334543803903767,0.0032829808971469097,0.4515269522443124,0.0068566292397472355,8.216009405067408e-05,0.0010281268638501124,0.0027965813170847983,0.00011175834098634705,1039.0833333333405,0.00027410959914924804,8.216009405067415e-05,19548.135149900754,0.47166742321077315,0.0
,0.04221516114389469,0.008456691447178017,0.47560449050086356,0.008177883126277728,0.0007979913009652264,0.00186531813633019,0.018503536828610927,0.0007857655608697142,1095.0833333333367,0.0005490972409290357,0.0007979913009652263,14408.940576534354,0.4970873051898925,0.0
,0.01861098502042669,0.003503960197399515,0.45338547026137066,0.006552884539865555,8.3628762488705e-05,0.0008718828571094258,0.0031563792297156735,0.00011661531722750688,1040.2500000000066,0.00022457227953434958,8.362876248870486e-05,20066.222560531874,0.47219700408533816,0.0
,0.033590558329550615,0.00686399710008301,0.46772823779193207,0.007795217513802885,0.00015060450210354514,0.001136536419695699,0.011820959063212002,0.00018699244878248958,1075.6666666666722,0.0006662112076119808,0.00015060450210354498,12659.199557684298,0.48827356634891816,0.0
,0.022696323195642305,0.004354825112935111,0.45069558101472995,0.006998988721030562,0.0004030804110213547,0.0010514104746111477,0.005100279706200717,0.00040969224082110884,1038.5000000000077,0.00044615812265062094,0.0004030804110213547,15146.600792955007,0.4714026327734907,0.0
,0.03222877893781208,0.004102283864556855,0.4558245396234223,0.007695270767929505,0.00020601858195719202,0.0018060966008621776,0.004436872296534761,0.00026394075464393696,1055.0000000000068,0.0003167201237407805,0.00020601858195719191,16789.79692773341,0.47889241942805266,0.0
,0.0040853381752156154,0.00040461848929339365,0.36692205196535643,0.0028592127519512837,1.2061577251029736e-05,0.0002564069405076587,5.5915845775185194e-05,3.413855175885509e-05,842.0833333333494,2.1341525355030296e-05,1.2061577251029714e-05,48952.74789962403,0.3822439098199425,0.0
,0.012256014525646846,0.001497607166016586,0.4033321127792018,0.0054536155800486335,0.0004630362389837741,0.001358555623339204,0.001060920454673059,0.0005459217630910178,937.1666666666811,7.4209460666e-05,0.0004630362389837745,26545.356572801866,0.42540475109698894,0.0
,0.027689514298683614,0.005583525736860592,0.4489504789076829,0.00739815947058116,0.00046676096626927036,0.0016141830984336986,0.008292753721688004,0.0005397215127353687,1039.3333333333414,0.0002746921243916997,0.0004667609662692713,17625.649003381724,0.4717809048267514,0.0
,0.09169314571039491,0.025462394880464683,0.5020510483135825,0.009157314698313932,0.0005125221111853535,0.001950511259745452,0.14922925008884996,0.0005080436425652923,1171.8333333333337,0.0031927888966250665,0.000512522111185353,7536.614023760944,0.5319261612952034,0.0
,0.04085338175215615,0.011222136172162932,0.4757071906715612,0.008138035538907826,0.0001226339140008379,0.0009924042608214266,0.031013867318357,0.00011916433944536807,1094.250000000003,0.00045178475673310136,0.0001226339140008379,16167.360917210099,0.49670903313663184,0.0
,0.024058102587380843,0.004483710046651949,0.45667495854063017,0.007126173504502483,0.0001746332504777016,0.0010805302412506966,0.005198463905599981,0.00020492131939536096,1050.0000000000064,0.000273880315862297,0.00017463325047770197,20699.323835171952,0.47662278710848843,0.0
,0.029051293690422152,0.005153509137477915,0.4612646566164154,0.007517052172268376,0.00020986755679925034,0.0011960593033730905,0.006826771834144621,0.00023675969106743834,1061.3333333333385,0.00028569027940300026,0.00020986755679925062,18779.645993729056,0.481767287032834,0.0
,0.009986382206082615,0.002778571491425001,0.43018941612966216,0.005030283711099065,2.071161409890481e-06,0.0002217274662266391,0.0019270229191612456,2.330070132703188e-06,990.5000000000102,0.00013495843914732844,2.07116140989048e-06,29365.780824353515,0.4496141625056741,0.0
,0.009532455742169769,0.0027610351825942455,0.4217882443040398,0.004906138978646699,7.966797849298174e-06,0.0002672078541172415,0.0019069917050015307,1.0329012142714835e-05,973.6666666666781,0.00013567370422636223,7.96679784929818e-06,30012.35499482047,0.4419730670298078,0.0
,0.06264185201997277,0.01579222032651945,0.4910833704859563,0.008747267059389344,0.0005276877170274453,0.0019871149371133135,0.060788777224096056,0.0005419383530263538,1134.2500000000002,0.0013310646729408505,0.0005276877170274441,10748.51904946439,0.5148660916931457,0.0
,0.05265546981389015,0.013049905808083857,0.4682252922422954,0.00852127725504645,0.00012556628151894268,0.0011611449044576835,0.041530188128738876,0.000138451128890278,1090.5833333333376,0.0006426045806896343,0.00012556628151894216,13073.84908673532,0.4950446361022847,0.0
,0.010894235133908307,0.0016602928368634811,0.39938361131254535,0.005207384035313635,7.285414465463197e-05,0.0007618404506755787,0.0007592135676818953,0.00011473703084971598,926.7500000000151,0.0001101882878253265,7.285414465463207e-05,23158.126817903973,0.42067635043123014,0.0
,0.011348161597821153,0.0006189454185580008,0.37370653095843936,0.005292476556515285,6.685471091468738e-05,0.0009067259181400752,0.00013237664060064083,0.00010443001760054968,864.5833333333495,3.7197611671205985e-05,6.685471091468742e-05,28878.285701283265,0.39245725525798153,0.0
,0.014979573309123922,0.001526839636998806,0.4125468164794007,0.006012210329344504,6.136762305920708e-05,0.0008430189333058911,0.0006323543613808579,0.00010031709800160895,957.8333333333472,8.462814260624898e-05,6.136762305920714e-05,25041.62211009798,0.43478589801785444,0.0
,0.003631411711302769,0.00021564425195976563,0.3484656754191712,0.00260589252347221,6.306788983106719e-06,0.00035302430661870787,1.481981403187245e-05,1.2303177406939757e-05,792.0833333333487,1.62089479850616e-05,6.306788983106722e-06,41592.56453067961,0.35954758662430014,0.0
,0.009986382206082615,0.0008225319223102314,0.38963565617262114,0.004966402966447802,4.776375502267406e-05,0.0007320571129065612,0.0002096503990939139,9.571279713645711e-05,902.666666666683,8.045289518786024e-05,4.776375502267401e-05,30692.27478601637,0.40974428809199576,0.0
,0.070812528370404,0.021609320332611183,0.4874972339013056,0.008894092466230366,9.131667468840502e-05,0.0012198165307571313,0.10923837326000088,9.437430085512491e-05,1135.0833333333355,0.001336918683937666,9.131667468840519e-05,10770.040909146797,0.5152443637464064,0.0
,0.02088061733999092,0.0036197256411612455,0.45264023012122456,0.0068231139289882965,3.606337358403914e-05,0.0006880389549258362,0.003337615024613432,4.3578490673770815e-05,1040.8333333333396,0.00021886806201233582,3.6063373584039155e-05,22139.849919296703,0.47246179452262066,0.0
,0.03903767589650477,0.008163452987439198,0.45991649269311063,0.008054769227074376,0.00031700070847156446,0.0016084056860379114,0.01672600233227213,0.00040186248007295075,1066.416666666673,0.0007683191177973192,0.0003170007084715636,12056.200622977325,0.48407474655772437,0.0
,0.08896958692691784,0.024289457045399875,0.5018223234624146,0.009129186283654932,0.00038926330086684564,0.001902724676355333,0.13637263745016817,0.00040560268846138433,1169.5000000000007,0.0015691837202443995,0.00038926330086684564,9698.438826457881,0.5308669995460735,0.0
,0.0040853381752156154,0.00048255099783348185,0.3717516031049612,0.002812978544551146,3.3847984535915484e-05,0.00045984634128459057,9.780749730696848e-05,6.214323631256277e-05,856.000000000016,2.1271577284142778e-05,3.3847984535915436e-05,40661.33154451209,0.38856105310939626,0.0
,0.008170676350431231,0.0013511685403537006,0.39164444444444446,0.004501919913644087,1.5868537169326274e-05,0.0004112207084153069,0.0004676634444885315,2.7654541863273286e-05,907.4166666666825,8.58303278471554e-05,1.586853716932626e-05,28810.371483151546,0.41190043879558175,0.0
,0.022696323195642305,0.0041834632479441905,0.441837144003209,0.00699385547281716,9.505960468012682e-05,0.0010914890051877154,0.004513167935822988,0.00012840969206311337,1021.8333333333422,0.00019787361006499328,9.505960468012677e-05,20889.452801692434,0.4638371917082766,0.0
,0.009078529278256923,0.0011134862401881633,0.35844451675886757,0.004717019641305147,2.9353250007548014e-05,0.0008273394920640149,0.00034990123122349793,4.8780827916173265e-05,824.7500000000156,4.47170613937436e-05,2.935325000754803e-05,31434.741614590006,0.37437585111211985,0.0
,0.009078529278256923,0.0011134862401881633,0.35844451675886757,0.004717019641305147,2.9353250007548014e-05,0.0008273394920639339,0.00034990123122350015,4.8780827916173265e-05,824.7500000000156,4.47170613937436e-05,2.935325000754803e-05,31434.741614590024,0.37437585111211985,0.0
,0.027689514298683614,0.0071578724701911916,0.4166036308623298,0.0074231233215029885,4.4748641382087787e-05,0.0006788463176983152,0.012682031531978728,6.254537183206967e-05,977.9166666666794,0.00032728968569004937,4.474864138208775e-05,17378.21262125407,0.44390225450143744,0.0
,0.026781661370857923,0.0070110179763437416,0.41519035054655107,0.007355432210652535,3.99066038774818e-05,0.0006512512156558451,0.0121699651313513,5.679043814804782e-05,974.4166666666797,0.0003154598040123583,3.9906603877481786e-05,17875.168892422844,0.4423135118777425,0.0
,0.011802088061733999,0.001247712868348227,0.3680868838763576,0.0053895242263719174,6.575921943079448e-05,0.0010269146833424153,0.000440489247157729,0.00010255038534757904,851.8333333333495,5.500066744998656e-05,6.575921943079441e-05,27716.605378779605,0.3866696928430927,0.0
,0.04312301407172038,0.007833451366824321,0.425453843182696,0.008207420674548691,0.000358010309572033,0.0017946814207480874,0.01545857761382542,0.00044741943289303094,1006.4166666666797,0.0006587009983639635,0.0003580103095720331,11855.217340400211,0.45683915872295355,0.0
,0.0027235587834770767,0.0008784872133677375,0.3769678302532512,0.0021415356630789893,2.521402206909046e-07,4.949405973633701e-05,0.00019179530863160422,3.0217487749930683e-07,869.416666666682,4.501693479402237e-05,2.5214022069090475e-07,49321.5806104509,0.3946512331668936,0.0
,0.025419881979119385,0.004321167188199338,0.4563911332090325,0.007253068747297891,7.855066935710975e-05,0.0008743383295518773,0.004744717887162105,9.084238277573802e-05,1050.500000000006,0.0002547936095147961,7.855066935710955e-05,20144.911564800943,0.47684975034044486,0.0
,0.06808896958692692,0.02029035276448355,0.4874972339013056,0.008849671696840375,9.844999645348372e-05,0.001206463123819563,0.09701381322101588,0.00010118437209676723,1132.750000000002,0.001276338908372391,9.844999645348364e-05,10976.026001639428,0.5141852019972765,0.0
,0.009986382206082615,0.002162215708615573,0.42537169337709985,0.005004550944373705,2.452192412680673e-05,0.0004458808921537173,0.0011899933508758,4.571359902758997e-05,981.4166666666778,0.00019980065645302692,2.4521924126806747e-05,27868.087915614058,0.4454909971251324,0.0
,0.012256014525646846,0.002056076412424808,0.42122370936902487,0.005534361574460782,3.6457679824972365e-05,0.000498436779407268,0.0010756006788162115,5.0231082307167064e-05,974.4166666666788,0.0001503119937887921,3.6457679824972385e-05,22516.364631401633,0.4423135118777425,0.0
,0.013617793917385384,0.0024510156771844222,0.42776699029126214,0.0057941299008575685,3.766411589720476e-05,0.0005480001293666859,0.001545219909772356,4.9555931145281745e-05,989.0833333333442,0.00013449188655195588,3.766411589720479e-05,25601.094058955234,0.4489711000151309,0.0
,0.017249205628688154,0.003199191734638463,0.441837144003209,0.006370193004174395,6.29343869329786e-05,0.000690718022105784,0.0026188620826332895,8.405171084305704e-05,1018.5000000000092,0.00018639586899417637,6.293438693297858e-05,22446.75993323606,0.4623241034952338,0.0
,0.017703132092601,0.002917065657160413,0.43468823993685873,0.006431510654991595,6.25116165101275e-05,0.0007202067206609636,0.002189163941714408,7.969239729357012e-05,1005.5833333333436,0.0001691542942769309,6.251161651012747e-05,22744.53190928036,0.45646088666969287,0.0
,0.04993191103041308,0.010208532704627663,0.4731529209621993,0.008444320177984297,0.00025649979461984116,0.0014696354999000438,0.02591182548172545,0.00028347385359547313,1096.7500000000039,0.0010373980465524485,0.0002564997946198409,10952.877058931757,0.49784384929641395,0.0
,0.0009078529278256923,9.528790150886266e-05,0.3347515575140556,0.0008265919046104687,0.0,3.152900404061501e-05,2.470803098522709e-06,0.0,758.8166666666793,5.870022551426061e-06,0.0,103542.7696298489,0.3444469662581328,0.0
,0.019518837948252384,0.003202735771047531,0.4136312429590687,0.0066233740170154876,0.0001313876057614775,0.0014371081637521517,0.00270921618666825,0.00018838704368623338,964.5000000000131,0.00018677640269918364,0.00013138760576147763,18353.222436808897,0.4378120744439401,0.0
,0.0040853381752156154,0.0005345733950569474,0.34546024776540696,0.0028693483376531666,3.2042776182469125e-06,0.0002533168271128463,7.662672630178596e-05,7.177948743171509e-06,787.8333333333486,2.2717244831290315e-05,3.2042776182469125e-06,42096.479934818744,0.3576183991526706,0.0
,0.026327734906945077,0.0040912571840339635,0.41425347875141033,0.007294640240782418,0.0001941130563553048,0.0015825006148473919,0.004352718423727979,0.00026403528353985417,971.5000000000138,0.0003175878838128898,0.00019411305635530485,14882.314752751257,0.44098955969133,0.0
,0.012709940989559692,0.0017801830838453773,0.4094795539033457,0.005597114271757915,5.6177813340206756e-05,0.0008511390187370892,0.0008418771655241003,9.218508340093336e-05,950.2500000000138,8.652021742732914e-05,5.617781334020692e-05,25706.489184994774,0.431343622333182,0.0
,0.015433499773036768,0.0023646787343870584,0.41433138988151214,0.006058455330110146,0.00012761163885267128,0.0013058960784426714,0.0014960140806335477,0.00020738573718436816,962.4166666666803,0.00022543979760533784,0.0001276116388526713,18457.35851218036,0.4368663943107883,0.0
,0.019064911484339538,0.0038545528745213423,0.4230030721966206,0.006590312924675328,0.0001004438816674193,0.0012027604624605742,0.0038343978264008503,0.00015259645768570966,983.7500000000123,0.00022847588367055035,0.00010044388166741922,19610.39489947106,0.44655015887426236,0.0
,0.005901044030866999,0.001005351121885248,0.3907413976587442,0.003690937815686234,6.346305802422128e-06,0.0003640368230329566,0.00026499468959504166,1.1581321768138641e-05,904.1666666666823,5.5822748661447034e-05,6.346305802422123e-06,34195.220705645756,0.410425177787865,0.0
,0.008624602814344077,0.0011409660502974788,0.3901877435352462,0.004610998359430149,3.210392982536547e-05,0.0006128779318816385,0.0003484278658120431,5.5764170865591895e-05,903.833333333348,4.550541067508359e-05,3.210392982536551e-05,32830.220957598816,0.4102738689665607,0.0
,0.020426690876078075,0.004333616364816981,0.4289330218068536,0.006753604554165748,0.00012061740067715514,0.0012179147414902532,0.004818612403226222,0.00017452557725346524,995.2500000000118,0.00025691414284518817,0.0001206174006771554,18890.99594451598,0.4517703132092601,0.0
,0.003631411711302769,0.00045211449393700056,0.3355162960706671,0.0026291441320854085,1.5396759007094726e-06,0.00023200417780294867,5.549757870446369e-05,2.7798054912267284e-06,762.6500000000138,2.047789904975021e-05,1.5396759007094717e-06,43642.39494798518,0.3461870177031321,0.0
,0.012256014525646846,0.0016188401038698746,0.40675775480059084,0.00550359042621481,5.2176036310633316e-05,0.0008394257357123989,0.0007008743003242384,8.570688416942135e-05,944.2500000000141,8.112802272768386e-05,5.2176036310633404e-05,26138.224822926735,0.42862006354970494,0.0
,0.008170676350431231,0.001132775838783175,0.38942902598550466,0.004476697505960714,2.0315349513451717e-05,0.0005402139236736043,0.00034132087034223734,3.934058925097458e-05,901.8333333333482,4.496584795909151e-05,2.0315349513451694e-05,33561.93910172866,0.409366016038735,0.0
,0.018157058556513846,0.0037863796292036014,0.4406881376275255,0.006493543752003164,0.00013476235816664995,0.0010287970005584178,0.0036685083103634754,0.0002070113823291462,1016.5833333333433,0.00028098363308770547,0.00013476235816664998,19289.95257224752,0.4614540777727342,0.0
,0.025419881979119385,0.004494971937992416,0.4483109483109483,0.007239555554441574,0.00010211341793733481,0.001089887212475307,0.005158564662623265,0.0001312283643072991,1036.4166666666745,0.00031420822594090185,0.00010211341793733485,17577.026457748958,0.470456952640339,0.0
,0.007262823422605538,0.0016930307691819621,0.40563432148775547,0.004226451187822081,1.8583162887552017e-07,0.00015425310211421287,0.0007242643891508847,1.9120183552370417e-07,938.6666666666792,6.235276136301387e-05,1.8583162887552014e-07,39388.791621209435,0.4260856407928582,0.0
,0.004539264639128461,0.0005688553791696498,0.3879204085226272,0.002945226084520288,2.9990459770460936e-05,0.0008465782864775606,0.0001122714701211101,9.258931359365406e-05,896.4166666666817,7.596332841149962e-05,2.9990459770460953e-05,46658.050093116224,0.40690724769254044,0.0
,0.04857013163867454,0.010133738659657943,0.4753992231333621,0.008392098157820944,0.0011602010700489868,0.0023808748668665684,0.02651321470134358,0.0011241558338603496,1099.3333333333364,0.0006327813092933608,0.0011602010700489855,12890.19888064266,0.49901649266152215,0.0
,0.03949160236041761,0.008208917597076839,0.48068950469125027,0.008079424896908594,0.00030866831138846716,0.0014760852473733393,0.017041610811919652,0.00033772825985641734,1101.0833333333358,0.0009736338977775522,0.0003086683113884676,11911.44598040974,0.4998108639733696,0.0
,0.04357694053563323,0.008240946830327427,0.4727467811158798,0.008235719284782315,0.00021754951032034177,0.0015190001559080156,0.01712370624107559,0.00023625867333614174,1091.416666666671,0.0005741588450159477,0.00021754951032034242,14252.294389920036,0.4954229081555455,0.0
,0.005901044030866999,0.0013723273561327227,0.39931121986586915,0.0036436808128036953,2.765516725900783e-05,0.0005750747568182315,0.0005088819861098889,6.181217715848699e-05,923.5833333333468,0.00011050045387242993,2.765516725900785e-05,39299.58635728241,0.41923891662883944,0.0
,0.029051293690422152,0.00524427299300423,0.4563911332090325,0.0075167956662691065,0.00010532056713790711,0.0010550718431097464,0.006974733364737852,0.00012472724746247875,1053.4166666666729,0.0003779329187293414,0.00010532056713790714,16389.362605597235,0.47817370252685737,0.0
,0.0027235587834770767,0.0009781124977747066,0.3934631184140025,0.0021412037541932182,2.6421952376438e-07,5.126681501110506e-05,0.00023843242895666574,3.030823558676267e-07,908.4166666666812,0.00010383384907828318,2.6421952376438004e-07,47809.14203125865,0.4123543652594946,0.0
,0.024058102587380843,0.004881273532795221,0.44352728004831893,0.007130217654994148,0.00011584373931622251,0.0009656209343421377,0.006024173377961094,0.0001504208894092979,1025.9166666666756,0.00047491889957369007,0.00011584373931622245,15166.571288752417,0.4656907247692541,0.0
,0.004993191103041307,0.0010817915062067542,0.40098289042591917,0.0032637356602699683,1.6294837527254984e-05,0.000494039999888946,0.0003128986851222068,3.647327219723306e-05,926.9166666666804,0.00010103657816280104,1.629483752725499e-05,42221.99449333181,0.42075200484188224,0.0
,0.04857013163867454,0.016177848882339592,0.4730513205926562,0.008409413797351885,8.014395340411498e-05,0.0009336365696353858,0.06293352026223206,8.128989626524746e-05,1095.5833333333364,0.0008658560946553214,8.014395340411496e-05,12503.561589741672,0.49731426842184895,0.0
,0.01044030866999546,0.0038213917053839777,0.4317068391142465,0.0051441041832525885,1.9990100980690457e-06,0.00018831815345251836,0.0036246048740871954,2.8632930562646474e-06,994.7500000000103,0.00044074302184624395,1.9990100980690445e-06,20255.939263387245,0.45154334997730367,0.0
,0.006354970494779846,0.00039855999647791666,0.3629922557258197,0.003844901791553207,1.8349838615058418e-05,0.0005911023081385595,5.297911445059475e-05,2.545378778882734e-05,834.6666666666822,2.371201080516295e-05,1.8349838615058408e-05,37486.18727478322,0.37887728854592223,0.0
,0.015433499773036768,0.001782324253054992,0.39473212685898584,0.005972512802933478,0.0007297317474596309,0.0022370677514170164,0.001628032612718577,0.0007979347177997375,920.5000000000156,8.872977243264998e-05,0.0007297317474596319,23100.644295585316,0.4178393100317749,0.0
,0.023604176123467997,0.0017174900473904875,0.40578375391416466,0.006967987830506068,0.0008044798781920095,0.0033000893883365404,0.0014879295721164764,0.001032633694455297,950.583333333348,8.643493935488582e-05,0.0008044798781920102,20850.021858910754,0.43149493115448634,0.0
,0.012256014525646846,0.0007185804500797531,0.3800897170462388,0.005419967250873327,0.00025818348291938134,0.0017501561263160784,0.0002873139319591023,0.00039493121712954086,880.8333333333493,4.461814732472814e-05,0.0002581834829193818,27673.30646797117,0.39983356029656525,0.0
,0.024512029051293693,0.002295697320571004,0.4246337702390131,0.007079907264597488,0.0008062897559550069,0.002815491225539275,0.0019975868012482335,0.0010670477989318937,990.5000000000125,0.00016386432263518967,0.000806289755955006,19788.78376132809,0.4496141625056741,0.0
,0.024512029051293693,0.0025612239977513603,0.43537549407114623,0.007081940177089275,0.0009160648093032002,0.002786384332219524,0.0023941616030057297,0.001209128783543835,1011.8333333333444,0.00016981721312964702,0.0009160648093031992,20165.664229894865,0.4592979270691481,0.0
,0.003631411711302769,0.0007530594791767261,0.38048359240069085,0.0026650809311638463,1.706507520875979e-07,8.18802168514743e-05,0.00014266919767966566,1.9911775144707695e-07,878.0833333333479,4.805576682600841e-05,1.7065075208759788e-07,46382.19074128068,0.39858526252080495,0.0
,0.04176123467998184,0.008537071743055716,0.47560449050086356,0.008165218557269142,0.0002669425707196522,0.0015849307312923704,0.01832457649545511,0.00032789133749562896,1094.7500000000032,0.0007093639272942789,0.0002669425707196515,12790.69704194265,0.49693599636858826,0.0
,0.04766227871084884,0.009891058479470012,0.4758099352051836,0.008357152874001093,0.0017406533094292708,0.0028168621904921236,0.025888753028705833,0.0016617531705692544,1099.250000000003,0.0006093388032737748,0.0017406533094292726,13102.000817669634,0.49897866545619607,0.0
,0.009078529278256923,0.0019496856084672116,0.4100130281034804,0.004780899442130848,8.861835696963285e-07,0.0002469590616166297,0.0009633499268217755,1.325540771278337e-06,948.4166666666797,6.767781322476869e-05,8.861835696963286e-07,35380.0302990537,0.43051142381600843,0.0
,0.011802088061733999,0.002557360299021643,0.42381685263562907,0.005431965377278791,6.125631784316029e-05,0.0005430932917048902,0.001696774093655942,8.282872804835304e-05,979.0833333333444,8.969714294319716e-05,6.125631784316036e-05,30827.148458124546,0.44443183537600245,0.0
,0.008624602814344077,0.0020798381164202286,0.41425347875141033,0.004656963073266644,3.890102426423606e-07,0.00018863281849626037,0.001089839496980826,4.1624483501178936e-07,957.5833333333453,7.289614772972933e-05,3.890102426423606e-07,36017.66759705681,0.43467241640187626,0.0
,0.006808896958692692,0.0012260492128730103,0.4025950292397661,0.004054664526070955,5.510794816353257e-06,0.0002801004826710092,0.00038413146953095867,8.008037463266972e-06,931.7500000000141,5.95880913953865e-05,5.510794816353255e-06,38437.55358642005,0.42294598275079437,0.0
,0.012709940989559692,0.0020435779402704656,0.4176303317535545,0.005628716567200659,1.9564987506884446e-05,0.00046347873407892717,0.0010670221234711486,2.4997238534681517e-05,967.1666666666802,7.88584663728458e-05,1.9564987506884446e-05,29554.604508064123,0.4390225450143743,0.0
,0.009532455742169769,0.0019034079655226696,0.41644612476370513,0.004885643857720874,4.250593672794755e-05,0.00042473980161926135,0.0009692475289193869,5.223454237892047e-05,962.166666666679,6.954767337250403e-05,4.250593672794762e-05,34459.866257493755,0.4367529126948101,0.0
,0.017249205628688154,0.003488519917231165,0.43597862655848013,0.006385617201736586,1.805289974001879e-05,0.0005249205382457896,0.0030684413440034805,1.9611516282641343e-05,1007.7500000000106,0.0002511056724232266,1.805289974001877e-05,24009.73246645673,0.45744439400817066,0.0
,0.014979573309123922,0.0025792283151571263,0.4343454258675079,0.006016797237771759,0.00026284453471873796,0.0008037119930835313,0.001930332156985532,0.00028631503016760457,1002.5833333333436,0.00012609606844810276,0.0002628445347187384,26797.18580674276,0.45509910727795433,0.0
,0.015887426236949616,0.0026808875248415156,0.4261946217837106,0.0061837529156667315,2.2641159005223e-05,0.0005550212874595222,0.0018307867742920249,2.7671026828072522e-05,987.4166666666786,0.00010758498291595711,2.2641159005223e-05,26150.80847235784,0.4482145559086095,0.0
,0.014979573309123922,0.002789279891921096,0.4280163201865164,0.006038370874815856,2.4033268317088256e-05,0.0005395883149762005,0.0019740133497686547,3.154120832992516e-05,989.8333333333451,0.00012051327599655252,2.403326831708826e-05,26799.069201488037,0.4493115448630655,0.0
,0.007716749886518384,0.0016113093955463004,0.40384967919340053,0.004370809840060901,1.0566659816392416e-05,0.00023046693151420995,0.0006643744959138375,1.4431274584857437e-05,934.7500000000133,5.9014367074767644e-05,1.0566659816392423e-05,38252.975716751986,0.4243077621425329,0.0
,0.013617793917385384,0.0025137018241577595,0.42275954711187874,0.005808496007530161,9.778802583153398e-06,0.00041856266074249005,0.0015973616986897264,1.0978269677620525e-05,978.5833333333459,0.00010360778094322668,9.778802583153396e-06,28054.331178163797,0.444204872144046,0.0
,0.06400363141171131,0.01385398575826696,0.488470066518847,0.0087688329990999,0.000885363420844388,0.0025780808939674525,0.04766057741781834,0.0009162306711075627,1131.416666666668,0.0008790382859472927,0.0008853634208443922,11401.68363344884,0.5135799667120593,0.0
,0.012256014525646846,0.003093583060733772,0.42324687800192123,0.005549407856455494,1.2672478397307575e-06,0.0002782833292365321,0.002403421034533253,1.3833565526209985e-06,978.2500000000109,0.00010060084855028095,1.2672478397307566e-06,30411.07776843826,0.4440535633227417,0.0
,0.03903767589650477,0.008847910922615155,0.46703413186347253,0.008045302098804228,0.0008846032957007834,0.0020096200224073674,0.020319531523449227,0.0009204684233140598,1078.583333333339,0.0005611518918403847,0.0008846032957007834,14028.83192537776,0.48959751853533057,0.0
,0.013163867453472538,0.0017811069630408536,0.4094034566065787,0.005688496111760263,0.00015576025207193165,0.0007774906918766788,0.0009812940953618581,0.00019101288947823595,950.5000000000136,6.730039095693288e-05,0.00015576025207193154,29261.32206025033,0.43145710394916026,0.0
,0.02814344076259646,0.005334480016489467,0.4531989302612631,0.007448127735611581,0.0006363115625751105,0.0012646799986248247,0.007692624233862547,0.0006075573593982117,1046.6666666666745,0.00029407226889750397,0.0006363115625751116,19283.842147827152,0.47510969889544563,0.0
,0.02814344076259646,0.005137683034283802,0.4519901518260156,0.007458413572687115,9.45407417664675e-05,0.000955852321550993,0.006688053276284709,0.00010705663605081778,1044.8333333333412,0.0003422078366786254,9.454074176646764e-05,18778.000343531494,0.47427750037827204,0.0
,0.0027235587834770767,0.00040915187517913653,0.3536115569823435,0.002129397853738303,7.67577626224842e-07,8.821353453830463e-05,4.2901886006056616e-05,1.3807381621396689e-06,806.5833333333502,1.8348046224060618e-05,7.67577626224842e-07,53487.70920040222,0.3661295203510364,0.0
,0.032682705401724924,0.005383789847947337,0.4617480612031021,0.0077476622007817105,0.0001283460736652533,0.0011207262905139573,0.007356005686332217,0.00013963529727201637,1065.0833333333385,0.00030027594616707017,0.00012834607366525344,17792.831279370155,0.48346951127250715,0.0
,0.0040853381752156154,0.0008117468934605828,0.3850725397657752,0.0028931034514293463,2.753869779717319e-06,0.00014149639328369106,0.000167085676457254,4.571520962744133e-06,888.0833333333488,3.702135122483837e-05,2.7538697797173164e-06,45129.70010249566,0.4031245271599334,0.0
,0.02587380844303223,0.00624632160717144,0.4661447312738045,0.007286461283892985,0.00010302458322122852,0.0008662518086503628,0.009806113296485572,0.00012190787350404378,1067.7500000000045,0.0004544518559825158,0.00010302458322122847,18046.143217143795,0.4846799818429414,0.0
,0.026781661370857923,0.004709983973258766,0.45254724732949875,0.007361421094710532,7.179616754869259e-05,0.0008645961601965134,0.00560690645264738,7.955570358346478e-05,1044.5000000000068,0.00026522865366323417,7.179616754869261e-05,19420.506487112438,0.4741261915569678,0.0
,0.012256014525646846,0.0016697324728757788,0.3726319350473613,0.0055369998415283825,2.20400647323454e-06,0.0002828374444315315,0.0007039134169521049,2.3404305051883844e-06,863.8333333333507,4.95612875586969e-05,2.204006473234537e-06,29592.935956628276,0.39211681041004687,0.0
,0.01044030866999546,0.0028915691173490507,0.43145319232275753,0.005142076927946023,2.488091306639789e-06,0.00023629667830353881,0.002087237363601074,2.952794043282461e-06,993.5000000000108,0.00014908993486015102,2.4880913066397885e-06,28857.85875272399,0.45097594189741264,0.0
,0.012256014525646846,0.0013842652794677874,0.39996368917937547,0.005473168200113785,4.5482893567582486e-05,0.000968850260064228,0.000545029911912398,8.468828369017153e-05,929.3333333333472,5.260752777442447e-05,4.5482893567582486e-05,30525.487308809013,0.4218489937963383,0.0
,0.006354970494779846,0.0006835898817402514,0.38608482299334035,0.0038833116433604417,4.763277296457417e-06,0.00030981897498974617,0.0001225668386886097,5.947539156456312e-06,892.8333333333493,3.1119221605227236e-05,4.763277296457414e-06,39939.6140682003,0.4052806778635194,0.0
,0.01997276441216523,0.004390870911338832,0.4460417088479449,0.006729216708251768,2.789626456606678e-05,0.0005389720027378552,0.004824405026201721,3.058982981317324e-05,1028.2500000000077,0.0005009361050364277,2.7896264566066776e-05,16097.731930244065,0.466749886518384,0.0
,0.02224239673172946,0.0027360327639153904,0.41834409418913787,0.006963265290786922,4.065627534475631e-05,0.0007650632695762517,0.00192346366973465,4.5072427135373774e-05,975.5833333333466,0.00011013397596122421,4.065627534475631e-05,22036.57764236033,0.4428430927523075,0.0
,0.02315024965955515,0.003447344333127493,0.45310571781160014,0.007050700920008902,6.256293198864953e-05,0.0007741134445938484,0.003045047430367973,7.378493140437306e-05,1043.4166666666729,0.00021750334615877872,6.256293198864955e-05,21115.55604224998,0.4736344378877289,0.0
,0.029051293690422152,0.0055762335341425886,0.4635942760942761,0.007516924824840978,0.00011161040975837434,0.0011039532717239552,0.007883554135621808,0.0001289833953833619,1065.8333333333383,0.00027922699468133576,0.00011161040975837417,19013.24232766939,0.4838099561204418,0.0
,0.019064911484339538,0.002051640880521134,0.3954406749237121,0.006609993456724625,2.9772718663399717e-05,0.0007245142877078175,0.0010974820329975855,3.5159129852626264e-05,923.8333333333492,7.482480416257731e-05,2.977271866339959e-05,24084.30274647474,0.4193523982448176,0.0
,0.02224239673172946,0.0027444811109343997,0.4219498180425206,0.006960390412411056,5.075273545926301e-05,0.0008259619650189302,0.0019454765383799615,5.889002835098185e-05,983.2500000000132,0.00011022859822276019,5.0752735459263014e-05,22280.21918108036,0.44632319564230594,0.0
,0.022696323195642305,0.002962228675221918,0.4201792866679382,0.007002982198606929,6.071182673529045e-05,0.0008913559683024578,0.0022702386213596507,7.394441932188061e-05,980.4166666666794,0.00011092581202756117,6.071182673529052e-05,22084.689611634567,0.44503707066121956,0.0
,0.017249205628688154,0.0016159728783101735,0.3776787244985428,0.00637805142300916,1.975647104311298e-05,0.0006126942096541802,0.0006824790784183768,2.021953131718697e-05,879.5000000000169,5.887642669319893e-05,1.9756471043112978e-05,25455.597297111195,0.39922832501134814,0.0
,0.01861098502042669,0.0020005983103845875,0.39729486023444543,0.006558433967789755,2.7233260727825087e-05,0.0006528509586845576,0.001037235031530909,2.8446880360217314e-05,927.500000000016,7.245433846805347e-05,2.7233260727825064e-05,24485.401946770544,0.4210167952791648,0.0
,0.023604176123467997,0.0029706857605940216,0.4303574916975972,0.00708899952554358,5.5030441940698175e-05,0.0008911515691662563,0.002279351259848458,6.573734135035418e-05,1001.0000000000118,0.00012139543757770463,5.503044194069831e-05,21581.51735986565,0.454380390376759,0.0
,0.02224239673172946,0.002654012981756647,0.41770951839211223,0.006961295827139845,3.866039961954368e-05,0.0007998259813532347,0.0018197612289257811,4.3972225140528554e-05,974.2500000000133,0.00010684420405181606,3.8660399619543646e-05,22241.27567283737,0.4422378574670903,0.0
,0.021334543803903767,0.002280012401082005,0.39786888206610077,0.006868965318920702,3.7936448043548176e-05,0.0007803508952730032,0.0013496459349158867,4.2301992680959e-05,930.5833333333493,8.928025481132636e-05,3.793644804354821e-05,22690.739155206727,0.42241640187622936,0.0
,0.03949160236041761,0.008391005067311908,0.4783930510314875,0.008078937642285148,0.00021666886064269607,0.0014096774447736628,0.01769079530512462,0.00024771476208222795,1097.5000000000032,0.0004213947226534021,0.00021666886064269607,16108.830232785882,0.4981842941443486,0.0
,0.02088061733999092,0.0024457373974552375,0.415112116073111,0.006820135193815744,3.379485865017574e-05,0.0007592591555579531,0.0015480258582942158,3.877418943935055e-05,968.083333333347,9.698199030300804e-05,3.379485865017575e-05,23021.393990707358,0.43943864427296114,0.0
,0.02224239673172946,0.0028388408106254917,0.41355359489393656,0.006958401468509658,4.859262737059304e-05,0.0008539097780296916,0.002083865037350037,5.910753780600698e-05,966.1666666666802,0.00010798510385832482,4.8592627370593015e-05,22252.538661697974,0.4385686185504615,0.0
,0.03676804357694054,0.00671758897726917,0.4702241195304162,0.00794167176290111,0.0006727430089620339,0.0021329171651140177,0.011730620599031743,0.0008018695775670049,1082.1666666666704,0.0005243610289666005,0.0006727430089620332,13698.925340000156,0.49122408836435166,0.0
,0.011802088061733999,0.002740018226907824,0.42985365853658536,0.005420817081943114,4.645806338859357e-05,0.0005820434784434674,0.001922634047500919,9.021689174558833e-05,991.3333333333443,0.00022021234609543523,4.645806338859355e-05,21080.73889518109,0.4499924345589348,0.0
,0.017249205628688154,0.003198551706935137,0.4481285598047193,0.006352554922893421,0.0002753233576760966,0.0010150128935437989,0.002831412685995844,0.00034614764145562434,1029.7500000000077,0.00022078700878569324,0.00027532335767609686,21190.709945923234,0.4674307762142533,0.0
,0.015433499773036768,0.002663231125156639,0.44272508038585207,0.0061140881436329165,4.00194290299944e-05,0.0005328395289708731,0.0018045220491915146,4.7210986238004136e-05,1018.7500000000092,0.00039168558955760354,4.0019429029994397e-05,18725.774634406185,0.46243758511121197,0.0
,0.02587380844303223,0.004877453943180095,0.45991649269311063,0.007279782808672025,0.00011468647679584882,0.0010820367673764232,0.006060333142391532,0.000138403549748392,1057.0833333333392,0.00025458165150022197,0.0001146864767958488,19866.83500148944,0.4798380995612044,0.0
,0.009078529278256923,0.0015483069697557938,0.4214654677635355,0.004745511500040033,2.4123659263134832e-05,0.0005566186074122383,0.0006227650088537735,4.1523629303390345e-05,972.2500000000124,0.00010248703139649488,2.4123659263134843e-05,31957.57271775672,0.44133000453926463,0.0
,0.029505220154335,0.004422439845495184,0.4511570755682982,0.00754678455163354,0.00010288754642929568,0.0011591387147260048,0.0050100442604202634,0.00013127578450861446,1044.1666666666738,0.0003130506083333845,0.00010288754642929562,18326.23919087856,0.4739748827356635,0.0
,0.024058102587380843,0.0032567594895612393,0.4370164649871057,0.007129742098171493,7.175239675909197e-05,0.0009614379070125877,0.0027333981649786333,8.675269990015911e-05,1013.9166666666772,0.0002527226517500024,7.175239675909202e-05,20328.219434146464,0.4602436072022999,0.0
,0.012256014525646846,0.002673688768111881,0.44201444622792935,0.005543402460105986,1.1290191699735691e-05,0.0003846268676843847,0.0018041680926275362,1.4762407814228752e-05,1015.0000000000089,0.00019118385222801327,1.129019169973568e-05,24137.683957566373,0.4607353608715388,0.0
,0.02315024965955515,0.0030485294798724026,0.4301054275673565,0.007032384289757011,0.0001430096859281621,0.0012323152654554483,0.0024633547238221585,0.00019876809350703202,999.8333333333449,0.00024223901979334613,0.0001430096859281622,20832.61815006714,0.453850809502194,0.0
,0.05265546981389015,0.013948991712783456,0.4880372175454143,0.008522934832923188,0.0001160496038638545,0.0011172916316883712,0.047464086708756896,0.00012742822784467977,1122.250000000002,0.0010111782815910607,0.00011604960386385456,12748.255728083555,0.5094189741261915,0.0
,0.016795279164775308,0.0038253953836533596,0.45217569786535305,0.00632102182567862,1.9828611355957924e-05,0.0005683860328856339,0.0036945267769908103,2.3730001957754486e-05,1036.8333333333405,0.00027136505474669825,1.9828611355957914e-05,24385.78941339705,0.4706460886669693,0.0
,0.0022696323195642307,0.0004197413715221519,0.378652457889309,0.0018357549103632299,4.5878121095511946e-07,8.175630398954825e-05,4.531888102999442e-05,7.791409514107273e-07,871.6666666666828,4.0034980615735724e-05,4.5878121095511936e-07,51082.11877636522,0.39567256771069753,0.0
,0.02587380844303223,0.006718762413085841,0.464082578470613,0.007289513043768984,8.28772226340366e-05,0.0008185441873791177,0.011287999750533788,0.00010250903213324023,1064.000000000005,0.0004328986244908571,8.287722263403657e-05,16689.646383689764,0.4829777576032683,0.0
,0.015433499773036768,0.003307222910767121,0.42668990896765446,0.006107604682843582,2.2140025201832054e-05,0.0005018108888454706,0.0027520178679163246,3.940597788078015e-05,988.1666666666779,0.0002614446867555192,2.2140025201832047e-05,18882.539612959758,0.4485550007565441,0.0
,0.014525646845211076,0.003914268519317977,0.4325544865501669,0.005967398342843221,1.47515345604058e-05,0.00039684515661698473,0.0038262425838333277,1.9137808947059292e-05,998.6666666666772,0.0001817224755460013,1.4751534560405811e-05,25311.75680262786,0.45332122862762897,0.0
,0.044938719927371765,0.01176389758459788,0.4794341675734494,0.008290673543947502,6.48242129246541e-05,0.0009658815435817375,0.03402086829915322,7.15241088212895e-05,1103.6666666666697,0.0008999303666730564,6.482421292465421e-05,13619.601943009855,0.5009835073384779,0.0
,0.01407172038129823,0.0030852758611618833,0.44794631964213094,0.005880667833883579,2.9835987280888073e-05,0.0005721302633524487,0.002434730451682921,3.956915552372776e-05,1027.6666666666747,0.0002279527671227659,2.9835987280888077e-05,26775.99691920752,0.46648509608110156,0.0
,0.026327734906945077,0.0063802900540926065,0.4604933110367893,0.007322717283151134,0.0001183855427747838,0.0008963646892592785,0.010207796582100187,0.00015127333935636574,1058.1666666666717,0.00042256371923174934,0.0001183855427747836,16330.323839694074,0.48032985323044336,0.0
,0.007262823422605538,0.0019540162967444257,0.41977896341463417,0.0042225340257513655,3.7974818394948633e-06,0.00020430985766822223,0.0009580980884111955,5.660662968810073e-06,968.0000000000119,0.00010581550365761807,3.7974818394948633e-06,33817.43991531695,0.43940081706763506,0.0
,0.026327734906945077,0.004698405654316879,0.45790895863645814,0.0073254014431464514,9.362295538492968e-05,0.0009007197808064895,0.005594638699327294,0.00010760649296829353,1053.7500000000057,0.00026247997055597026,9.362295538492968e-05,19772.172094824113,0.4783250113481616,0.0
,0.017703132092601,0.0030762428321964613,0.453852492789452,0.006436349619964978,7.782155883036359e-05,0.0007975253292634275,0.002443611026718534,0.0001032346751880213,1040.1666666666736,0.00023122522363692335,7.782155883036345e-05,24059.615310289606,0.47215917688001213,0.0
,0.022696323195642305,0.003968776495919812,0.4502350296341713,0.007011352509437593,5.703406364464182e-05,0.0007697327777934349,0.003998883941392846,6.561781249496223e-05,1037.6666666666736,0.00022952763339376283,5.7034063644641826e-05,21419.00284818352,0.47102436072023,0.0
,0.04584657285519746,0.011470871770147256,0.4771496642841672,0.008321239794789116,7.132081806458136e-05,0.0009913252250836873,0.03237129816396506,7.699989003394044e-05,1100.2500000000034,0.0008741800089277792,7.132081806458145e-05,13497.564433970607,0.4994325919201089,0.0
,0.049024058102587385,0.01260792847356213,0.48121450415028394,0.0084166018714837,0.00034931306842854063,0.0014222567676069667,0.03923509376397269,0.0003718657483601703,1109.0833333333362,0.0009324646945976506,0.00034931306842854015,13245.296415827086,0.5034422756846724,0.0
,0.017249205628688154,0.0032396388290563795,0.4491335372069317,0.006374020837961886,4.964515668526774e-05,0.0007298379833247031,0.002699855381499396,6.193573811344204e-05,1031.6666666666747,0.0002510357342303696,4.964515668526768e-05,24154.583979221115,0.46830080193675294,0.0
,0.010894235133908307,0.0025665401521048925,0.4240615976900866,0.005246685947121603,6.8647612927279135e-06,0.0002819217765767633,0.0016503431820314037,8.57506547424987e-06,979.1666666666782,0.00013449920089870335,6.864761292727919e-06,28336.757486640832,0.4444696625813285,0.0
,0.007716749886518384,0.002248184145139871,0.42033962984163326,0.004380094135259099,9.789093793090079e-07,0.00016708380875645056,0.0012628912907201974,1.0506375517447494e-06,969.5000000000117,0.00011907313495492833,9.789093793090087e-07,32793.023635882775,0.44008170676350433,0.0
,0.04584657285519746,0.011535918780330471,0.47880895457509237,0.008317103176399863,0.0002576953273076,0.0012817238898282129,0.03291764655035588,0.00028061958568724937,1102.9166666666697,0.0008395924584296655,0.00025769532730760035,13626.516483208796,0.5006430624905432,0.0
,0.03858374943259192,0.01007306600882314,0.47560449050086356,0.008045344121494425,4.017005528913309e-05,0.0008046467765231588,0.025068004083843347,4.425337380008988e-05,1092.7500000000039,0.000810599513966926,4.0170055289133145e-05,14527.721344252028,0.49602814344076257,0.0
,0.013617793917385384,0.001785499938335275,0.40215407082876964,0.005779172377978691,8.089148158749136e-05,0.0008010513867602379,0.0008435333296404439,0.00012207071220097577,934.6666666666821,6.906401775011612e-05,8.08914815874914e-05,26520.48106771711,0.4242699349372068,0.0
,0.006808896958692692,0.002127231908332693,0.4094034566065787,0.004070070806881476,1.3510748928389201e-06,0.00013594565366537302,0.0011245897039068506,1.7623663539674752e-06,946.6666666666802,0.0001052472811482753,1.3510748928389193e-06,33172.16774684826,0.429717052504161,0.0
,0.02587380844303223,0.006324866538388807,0.44586116170815626,0.007284105804613237,0.00016862023653499701,0.0010846370851146994,0.010132064941005964,0.0002004051411588147,1032.1666666666754,0.0002795885584970248,0.000168620236534997,18528.86171212769,0.46852776516870936,0.0
,0.01407172038129823,0.002688913347238694,0.41542523100132,0.005846662650746035,0.00036171555952709954,0.0010478776875290337,0.0021417008739879613,0.0004008559541286991,964.2500000000126,0.0001582930622567826,0.0003617155595270997,21231.414021562538,0.43769859282796186,0.0
,0.013163867453472538,0.0014295101622386409,0.39572480689779055,0.005645136902818119,5.936938908994838e-05,0.00113798465704724,0.000575160797593464,9.262459251106338e-05,921.0833333333483,9.705350890884876e-05,5.936938908994841e-05,22181.765617004847,0.4181041004690573,0.0
,0.042669087607807535,0.006766177005973502,0.46506227570192105,0.00820215754925775,0.0002654771570846067,0.0014735741655529995,0.011663354796121564,0.0002912563403974124,1078.083333333339,0.0003998342212645505,0.00026547715708460646,15150.469894210271,0.48937055530337414,0.0
,0.03313663186563777,0.006011918939904074,0.4614578969417679,0.007771756540766721,0.00011095269597142378,0.0010271059280320205,0.009138267548370696,0.00012323549864876596,1065.1666666666727,0.00038549687188085824,0.00011095269597142393,16490.840247211527,0.4835073384778333,0.0
,0.035406264185202,0.006147469078057515,0.4626207475850483,0.007891772561500901,0.00010137387972391496,0.0010566918693349465,0.009564841580361798,0.0001103154166880395,1068.5000000000066,0.0003792269852036487,0.0001013738797239149,16432.091209114027,0.4850204266908761,0.0
,0.02814344076259646,0.00255301026425126,0.429016553067186,0.0074431666844638825,0.00019880603132794105,0.0013045273835516175,0.0017373317860245128,0.00024210813162025465,1002.0000000000114,0.00019707236560590746,0.00019880603132794102,16831.599122699066,0.4548343168406718,0.0
,0.03177485247389923,0.00558847376970342,0.4641803624104509,0.00769421634692514,0.00010829201635027932,0.0010246643201990231,0.007916127406407819,0.0001225179759477625,1068.5833333333385,0.0003470866541234654,0.00010829201635027927,17296.797482922124,0.4850582538962021,0.0
,0.025419881979119385,0.004756066605537042,0.45867166354361855,0.007251581823282824,6.867582793441737e-05,0.0008393923873822802,0.005733395938622796,8.026235894076005e-05,1054.5833333333392,0.0003049896006240337,6.86758279344173e-05,19244.99983678354,0.47870328340142226,0.0
,0.044938719927371765,0.01036821082308438,0.48237354937595794,0.008281912017974341,0.0004915899946112256,0.001734964009459239,0.026901653173032215,0.0005620589425350992,1107.666666666669,0.0008914374223415626,0.0004915899946112256,11787.745001385378,0.5027992131941292,0.0
,0.029505220154335,0.006188069321003044,0.4636918543464534,0.007548718265675212,7.023760432647971e-05,0.0009450158952048788,0.009676074206601968,8.492695063728227e-05,1066.0833333333383,0.0003495369108955239,7.023760432647966e-05,17484.178852925543,0.48392343773642,0.0
,0.008170676350431231,0.0023974629025018245,0.42130426467775867,0.004523369354052831,1.7081352179370191e-06,0.00017853899565423102,0.0014315781073297581,1.9265469991671704e-06,971.2500000000113,0.00010787334893733999,1.7081352179370198e-06,31561.403458663426,0.4408760780753518,0.0
,0.029505220154335,0.0061238789966853655,0.46203859060402686,0.007548236244728547,7.318509321109142e-05,0.0009588912390185798,0.009483497776973347,8.859430589447557e-05,1063.250000000005,0.0003474685163618526,7.318509321109134e-05,17456.775660088537,0.4826373127553336,0.0
,0.029959146618247844,0.00633858861356558,0.4643760539629005,0.007579924400783821,6.843119876730398e-05,0.0009479607488339901,0.010128113178510638,8.419503685941686e-05,1067.583333333338,0.00035484954170223734,6.8431198767304e-05,17374.867872667262,0.48460432743228926,0.0
,0.0027235587834770767,0.0009945411896645296,0.3716261808367072,0.0021437759986536525,3.44919392463004e-08,3.7979568049289176e-05,0.0002448944701611361,3.4491939246300306e-08,856.2500000000153,4.1561382548997e-05,3.44919392463004e-08,54762.5029015341,0.3886745347253745,0.0
,0.028597367226509306,0.006278406915091544,0.46584901670543455,0.007488430145046132,7.597425679051403e-05,0.0009132890556598832,0.009930626397609782,9.465588970125724e-05,1068.9166666666713,0.0003481217255553796,7.5974256790514e-05,17721.435323860056,0.4852095627175065,0.0
,0.005447117566954153,0.0016595137995602106,0.39143567874911156,0.0035323926825791894,2.691044153610419e-06,0.0001366793927795309,0.0006852556441929874,4.491003916092942e-06,904.9166666666808,6.79535458236284e-05,2.6910441536104182e-06,39677.2773358568,0.41076562263579963,0.0
,0.030866999546073536,0.006668357025100928,0.46942254421478796,0.007634130255708451,9.988822831075538e-05,0.0010205634443430404,0.011233375755401693,0.00012458685923469155,1076.5833333333374,0.0003736959957117591,9.988822831075529e-05,17093.186995372598,0.4886896656075049,0.0
,0.005447117566954153,0.001725472709834845,0.396508279337653,0.0035359771068139306,1.7189630361629375e-06,0.0001248699065606229,0.000741196276710729,2.1702709731285972e-06,917.083333333349,0.00012749215549041066,1.7189630361629373e-06,30213.44949961881,0.41628839461340594,0.0
,0.007716749886518384,0.0023860053395594683,0.43963280782278985,0.004373386095397999,4.2644591841076636e-06,0.00020811939772421206,0.001426453569528962,6.558816614018372e-06,1007.3333333333424,0.0005195663635510288,4.264459184107665e-06,24234.187304578543,0.4572552579815403,0.0
,0.05038583749432592,0.011363102150134554,0.47995642701525054,0.00845689811616478,0.00021862258745138622,0.0015377970208586972,0.0319518267819631,0.0002491613314204759,1107.9166666666697,0.0008915657715942792,0.00021862258745138614,12307.184152930797,0.5029126948101075,0.0
,0.007716749886518384,0.002493623094174217,0.4157388186450274,0.004366736612682398,8.585103223659202e-06,0.0002329717599684841,0.001550202590838954,1.6176646915021432e-05,960.500000000011,0.00023439813391720347,8.585103223659206e-06,25703.404334572904,0.4359963685882887,0.0
,0.024512029051293693,0.006386959149407688,0.45867166354361855,0.007179470817686584,0.00010454141070700766,0.0006983934898328085,0.010178749433064366,0.00013798586306970539,1054.1666666666717,0.00048593582692229025,0.00010454141070700798,15867.165002024478,0.478514147374792,0.0
,0.03449841125737631,0.008059431632488848,0.45857618651124066,0.007844131888932179,7.81066343370456e-05,0.0010395052984319242,0.016194661293865324,9.572919359911813e-05,1060.6666666666727,0.0006884017997224474,7.810663433704552e-05,14508.813589220708,0.4814646693902255,0.0
,0.014525646845211076,0.003729269027886821,0.4555417700578991,0.005968874993857087,1.973588275956826e-05,0.0004335926754433485,0.003494638614496913,2.6105226648541665e-05,1040.7500000000073,0.00022591121490848616,1.9735882759568236e-05,25075.919229002906,0.4724239673172946,0.0
,0.0040853381752156154,0.0006140753251836047,0.3778082661636083,0.0028977358574644426,9.253814340619442e-07,0.00014326770503519004,9.679695571080094e-05,1.0425599244625804e-06,872.7500000000156,3.224651010895894e-05,9.253814340619438e-07,46930.45119225061,0.39616432137993646,0.0
,0.011348161597821153,0.0027359536384935048,0.4206606835974795,0.005347437539859349,1.1763106273707866e-05,0.00033911953420251635,0.0018715501396501027,1.530230578030123e-05,973.9166666666779,0.0002522494762379128,1.1763106273707862e-05,20977.38608412595,0.44208654864578606,0.0
,0.03404448479346346,0.007946934274582469,0.4685240323266695,0.00782433653198743,0.00010290384590726714,0.0009612116925100838,0.015747104210042894,0.0001188183531858051,1077.5000000000045,0.0006602303289990465,0.00010290384590726733,14296.726626711812,0.4891057648660917,0.0
,0.017703132092601,0.0020631301451684994,0.40645756457564575,0.00634459751932066,0.0009251200645250287,0.002237073872634383,0.0019720420419531586,0.0010340189483560407,946.666666666681,0.00011109505445422953,0.0009251200645250286,20971.928084399242,0.429717052504161,0.0
,0.021334543803903767,0.0036627141289102927,0.44130608974358976,0.006867463839862839,6.094743351544191e-05,0.0008689276371988193,0.0034237293115798864,7.880927269803426e-05,1020.0833333333427,0.00026186925470468613,6.094743351544195e-05,21566.395492331383,0.46304282039642913,0.0
,0.035860190649114845,0.008272907657636212,0.47234133790737565,0.007915478035257455,0.0001389714781113293,0.0011029499109877655,0.017081688882958385,0.00016159427273151563,1084.916666666671,0.0006911334785787806,0.0001389714781113293,13978.937685658071,0.492472386140112,0.0
,0.021334543803903767,0.004503305384377625,0.45450794305756137,0.006873419065920254,4.774658301115427e-05,0.0007715068896329733,0.0051103722226872456,5.612386323354858e-05,1043.9166666666736,0.00030389228563172026,4.7746583011154355e-05,18352.17951505096,0.47386140111968533,0.0
,0.007716749886518384,0.0024635763503573506,0.4091753343239227,0.004379362693934139,1.731803638683026e-06,0.00016928623523700928,0.0015102014652749636,2.0367215816253413e-06,946.7500000000128,0.00013160650269890126,1.731803638683025e-06,28746.096972360152,0.42975487970948706,0.0
,0.021788470267816613,0.00368483056256062,0.4200991609458429,0.006892242653306968,0.00012252273784695957,0.00126498606722606,0.003516728742262933,0.00018342295869763813,979.8333333333456,0.00021673054418586832,0.00012252273784695968,19111.112983948537,0.44477228022393706,0.0
,0.014525646845211076,0.003850642780605495,0.37761398697291737,0.0059684289757213765,1.2952045366970288e-07,0.00023401687123473123,0.0036662891341876116,1.4935106211002205e-07,880.0000000000153,0.00023283638506991675,1.2952045366970285e-07,20606.88650688117,0.39945528824330456,0.0
,0.007716749886518384,0.0008861655091477451,0.4031844802342606,0.004319886214184506,2.418213145268123e-05,0.0005717547863105009,0.0002226249330324692,4.447582424844339e-05,933.2500000000139,6.912647367784637e-05,2.4182131452681222e-05,37242.58097298387,0.42362687244666364,0.0
,0.02723558783477077,0.003433410678272005,0.44451170298627923,0.007379786396905491,0.00011073758257120918,0.0011980270605987551,0.00306720521943945,0.00012611810990164932,1030.5000000000089,0.0002087861857378624,0.00011073758257120943,18379.995245285547,0.46777122106218794,0.0
,0.024512029051293693,0.0035923550323069446,0.4464937170652615,0.007168890780059836,5.746395789690184e-05,0.000900938500415348,0.0033077353732599963,6.264276892517292e-05,1032.0000000000086,0.00023873364504356585,5.74639578969018e-05,18862.607962171183,0.4684521107580572,0.0
,0.03313663186563777,0.0039054190775322725,0.44885900570497145,0.007761309701944076,0.0001670491518657755,0.0014046174457483622,0.003964449890557451,0.00018334342188892037,1042.750000000008,0.00024739766903129586,0.00016704915186577563,16636.981573173372,0.47333182024512027,0.0
,0.035860190649114845,0.003926008378688711,0.4408645187112267,0.007899294559374026,0.00022850451963915482,0.0017564346903505964,0.004059845024365928,0.000262504045895931,1030.4166666666765,0.0003654787938567034,0.00022850451963915504,13498.452666844227,0.4677333938568619,0.0
,0.004539264639128461,0.0004274511154169531,0.3495715645826722,0.0030825278156132317,3.2411522557822016e-06,0.00027407079762439374,4.9835745530784995e-05,4.119689783244228e-06,797.7500000000141,3.123536710977621e-05,3.241152255782203e-06,39180.12100347832,0.362119836586473,0.0
,0.009532455742169769,0.001030979010984523,0.4014944414069619,0.004881131224431722,7.557965579636121e-06,0.0003804308926572922,0.00027978801639703385,1.2184300467963948e-05,931.7500000000131,6.633137089080591e-05,7.557965579636112e-06,30484.47704318433,0.42294598275079437,0.0
,0.03631411711302769,0.007646610437916462,0.46506227570192105,0.007931400661921096,0.00014731328907912947,0.0012203251000546193,0.014757570112446846,0.00017382099620551273,1073.2500000000048,0.0004191642024877913,0.00014731328907912958,15907.180801005958,0.4871765773944621,0.0
,0.016341352700862462,0.002346917380661955,0.41031849506425777,0.006239559030954914,2.2855618260401792e-05,0.0005888618919273472,0.0014210671203129974,2.8554034088024952e-05,955.8333333333464,0.00010138337006026021,2.285561826040177e-05,24415.205543840555,0.43387804509002875,0.0
,0.03222877893781208,0.006517580912077896,0.4608786610878661,0.007715700026545737,8.656652345961585e-05,0.001052999908169504,0.01075183589245451,0.00010269105046647957,1063.2500000000052,0.00036910320330314403,8.656652345961571e-05,16819.899630559845,0.4826373127553336,0.0
,0.016341352700862462,0.0024482759466075304,0.4130883180198762,0.0062416765586473895,1.4855733185882233e-05,0.0005474923702021255,0.0015413691952204523,1.94486570748886e-05,961.6666666666796,0.00010702985807516795,1.485573318588224e-05,24329.22384334754,0.43652594946285367,0.0
,0.016341352700862462,0.0023796708875967547,0.4116218236173393,0.006240038138234966,1.891246443182915e-05,0.0005789052107266363,0.0014601287139790686,2.3967966243080582e-05,958.5000000000133,0.00010388303941862838,1.8912464431829144e-05,24379.288731173954,0.435088515660463,0.0
,0.017249205628688154,0.0027255536388867394,0.41802656546489564,0.006372016401355836,2.2287456269562095e-05,0.0005869548927712555,0.0019056142638233977,2.7797535416832298e-05,972.6666666666787,0.0001309309207910777,2.2287456269562095e-05,23373.566602317445,0.441519140565895,0.0
,0.009532455742169769,0.0009513985061059323,0.39297181591152336,0.0048319508740576325,5.456568480523575e-05,0.0008359225500564304,0.000258467854933812,9.95797326465502e-05,911.8333333333487,0.00025021685335443615,5.456568480523577e-05,23555.381279889818,0.4139052806778635,0.0
,0.004539264639128461,0.0006350585505717986,0.38527457152850647,0.0030638961979849856,1.395392534251821e-05,0.0003935788623406009,0.00011413237295357483,3.5697222328259366e-05,890.1666666666815,0.00024382698373365025,1.3953925342518198e-05,26411.701976641216,0.4040702072930852,0.0
,0.028597367226509306,0.005626016122580927,0.4626207475850483,0.007488299722733283,6.568070999178514e-05,0.0009494960932929323,0.008005258763627612,7.389616868487264e-05,1063.4166666666727,0.0004199663655627161,6.568070999178522e-05,17526.633509267052,0.48271296716598583,0.0
,0.03404448479346346,0.006609406506122902,0.4698229899765408,0.007819201570488479,0.00012231657331002524,0.001160811942097985,0.011032367984726687,0.00013736071814785284,1079.5833333333378,0.0004793108264887895,0.00012231657331002524,16179.025454057393,0.4900514449992434,0.0
,0.04221516114389469,0.008072097420441226,0.4730513205926562,0.00818673341782837,0.0002153465919046514,0.0014374772317756871,0.016401983595152016,0.0002384615117347736,1090.7500000000043,0.0005678499814149808,0.0002153465919046513,14457.837349597587,0.4951202905129369,0.0
,0.02315024965955515,0.006186139390163262,0.4428140703517588,0.0070572739254864255,3.292851260293642e-05,0.0005973250266056556,0.009507877901592403,3.8912861522461365e-05,1024.5833333333421,0.0004924791941103514,3.292851260293647e-05,14957.8649953182,0.4650854894840369,0.0
,0.03404448479346346,0.006981873477633092,0.46872340425531916,0.007821390137962486,8.981295132678144e-05,0.0010685078901159285,0.01225150569275866,9.829515824132246e-05,1077.750000000005,0.0004829695210094352,8.98129513267819e-05,16268.921296152545,0.4892192464820699,0.0
,0.019518837948252384,0.004289247249680172,0.44505050505050503,0.006624424498547677,0.0009253691961251302,0.0014045160555100843,0.00551751588247645,0.0009270240661569577,1026.0833333333421,0.0003145601936895525,0.0009253691961251341,17619.354783248455,0.46576637917990615,0.0
,0.011348161597821153,0.002045475936957834,0.4287660568314519,0.005335298575257907,3.25314358167708e-05,0.0005182276396586327,0.0010782002242194176,5.075902759443297e-05,989.0833333333446,0.00011014938498385875,3.253143581677074e-05,27055.364524926747,0.4489711000151309,0.0
,0.028597367226509306,0.005150110877280279,0.4604933110367893,0.007487630716912639,6.04250982080112e-05,0.0009176613812280034,0.006716502553371689,7.126259432191872e-05,1059.9166666666727,0.00042738899526254106,6.042509820801123e-05,15882.171873255293,0.48112422454229087,0.0
,0.022696323195642305,0.0034626054639398537,0.451249487914789,0.007006722502535678,4.42789998867418e-05,0.0007786405667905625,0.0030739332126394395,5.185459797631715e-05,1039.8333333333405,0.00021662135249630736,4.427899988674181e-05,21307.972737740056,0.4720078680587078,0.0
,0.017703132092601,0.003689009158919833,0.45525935110560034,0.006436932084941579,6.228968159353094e-05,0.0006738628608931953,0.00345935590832757,7.979319668832771e-05,1042.9166666666733,0.00028226192013124617,6.228968159353095e-05,21354.59400324659,0.4734074746557725,0.0
,0.006808896958692692,0.0012957033963803945,0.40615781710914456,0.004063306035494483,3.194998345296355e-06,0.00020895017843013683,0.0004240616185370267,3.6400079976205007e-06,939.4166666666814,6.878976678770327e-05,3.1949983452963566e-06,34227.60281567591,0.4264260856407928,0.0
,0.0022696323195642307,0.0006939757245728276,0.37632388110693543,0.0018513531021236687,1.518659165578587e-08,3.602659541555425e-05,0.00012024547318224848,1.5611548677910973e-08,866.4166666666837,2.7057111969240563e-05,1.5186591655785866e-08,68923.9411415371,0.39328945377515506,0.0
,0.014979573309123922,0.0028457674563202844,0.4407763105242097,0.0060262453918817896,8.614950279984746e-05,0.0007618678086036918,0.002103089452546989,0.0001235090103551695,1014.5000000000097,0.00017912198080691092,8.61495027998475e-05,23815.770555586427,0.4605083976395824,0.0
,0.0013617793917385383,0.0003890071965710243,0.3503498727735369,0.0011755522174090643,7.502734037792787e-07,0.00015358267737147744,3.9681738525611646e-05,2.618668668410013e-06,797.4166666666824,1.4393053986488729e-05,7.502734037792789e-07,78007.08448143302,0.3619685277651687,0.0
,0.0009078529278256923,0.00010803819300021834,0.3384024577572965,0.0008065325516805655,6.540977135919679e-07,0.00010996840374181239,3.5280260097343375e-06,2.5652074239448313e-06,765.6666666666797,3.686080106392827e-06,6.540977135919678e-07,101291.32364127025,0.3475563625359358,0.0
,0.00045392646391284613,5.416512177238228e-06,0.28283476697907306,0.00040752224824240017,0.0,2.0248465533020626e-17,2.407226553877591e-08,0.0,638.8000000000011,4.873004486380164e-07,0.0,131940.91754394435,0.28996822514752607,0.0
,0.0018157058556513845,0.00045015774254447477,0.3725059181602976,0.0015160035679105614,1.5388722976136245e-06,0.0001874289382368302,5.308017086806422e-05,7.176998810134014e-06,855.4166666666831,2.5838865785831803e-05,1.5388722976136235e-06,64775.72358371323,0.38829626267211376,0.0
,0.0040853381752156154,0.0006798345112630027,0.35815314582994634,0.002902622134447095,4.4688567828845574e-07,0.00011034923828102368,0.00011799486088489084,4.6773542875176653e-07,824.000000000015,3.008242653514217e-05,4.4688567828845574e-07,47228.61473627767,0.3740354062641852,0.0
,0.014979573309123922,0.002954164047267737,0.43945741073209654,0.006023088316614619,4.361878211839906e-05,0.0007220340366753287,0.002227596240538557,7.36847890198323e-05,1012.6666666666756,0.00024321134390987398,4.3618782118398984e-05,23084.66995745964,0.4596761991224088,0.0
,0.05492510213345438,0.008625058133936216,0.47012377294067437,0.008571622740222376,0.0005078177372803775,0.002143874722527167,0.019030591287391128,0.0005364973682094285,1095.5000000000043,0.0007114045806489313,0.000507817737280378,12227.555822862278,0.4972764412165229,0.0
,0.03041307308216069,0.006829687152758146,0.4534787978592013,0.0076096669116512625,6.978587504352588e-05,0.0009662659270032687,0.011710419103755207,8.810600819010651e-05,1049.0000000000075,0.0004014472396818163,6.978587504352593e-05,16601.457558776285,0.4761688606445756,0.0
,0.014979573309123922,0.002221728723292281,0.42106269113149847,0.006026194883720017,4.298554687048938e-05,0.0006450209726536789,0.0012742801988713747,5.774426250939664e-05,977.1666666666785,0.00011141273712822295,4.2985546870489346e-05,24126.912428881395,0.4435618096535028,0.0
,0.0027235587834770767,0.0004343326270456982,0.3523108907724292,0.0021377088432901854,9.47271610416218e-08,7.379645179720694e-05,4.840917485609186e-05,1.0755202535554812e-07,808.2500000000143,1.998381764344339e-05,9.472716104162178e-08,58639.78197611642,0.3668860644575579,0.0
,0.01407172038129823,0.0039115672616381126,0.42935100370298185,0.00588474899610086,2.1909015550166586e-05,0.0004888800905887684,0.0038388227372080264,3.3176880916244805e-05,992.7500000000113,0.0001421081019702239,2.1909015550166575e-05,27659.45256308738,0.450635497049478,0.0
,0.008624602814344077,0.0017184573711960716,0.4230030721966206,0.004649411499392386,8.232662052313872e-06,0.00029637419633962703,0.0007501594187015963,9.767585311699556e-06,975.0000000000116,0.00010709284245363986,8.232662052313864e-06,32122.392416180166,0.442578302315025,0.0
,0.016341352700862462,0.004032021393161241,0.4262770897832817,0.006255469014166348,2.4267410586485407e-05,0.0005517918426113136,0.004081331828740524,2.838474935001168e-05,988.5000000000118,0.00014880255165735905,2.426741058648541e-05,25231.07689293318,0.4487063095778484,0.0
,0.013163867453472538,0.003718060835723027,0.4196190476190476,0.005728204048993635,7.022769867610419e-06,0.00035032797547571637,0.003452837032208861,7.348141617792276e-06,972.0833333333466,0.00013334418603247095,7.022769867610419e-06,28236.71862356513,0.4412543501286125,0.0
,0.019064911484339538,0.004844532671052478,0.4455906148867314,0.006617654819495453,3.85814643098983e-05,0.0006326305096882798,0.005885574013126333,5.336658079658893e-05,1026.1666666666752,0.00019221500720057502,3.858146430989822e-05,23688.020227154095,0.4658042063852323,0.0
,0.015433499773036768,0.003987081078720611,0.4283492125218744,0.0061174829429893425,1.6380619126276508e-05,0.00047908139430803486,0.003981415363920333,1.91779609385501e-05,991.583333333345,0.00014257784996263582,1.638061912627651e-05,26237.75892177203,0.450105916174913,0.0
,0.013617793917385384,0.0038487916880912782,0.4301054275673565,0.005810253612068609,1.0275071980861981e-05,0.00040914551995124073,0.003707311948610732,1.251772691339589e-05,993.7500000000116,0.00014786330261259615,1.027507198086199e-05,28034.641805985026,0.4510894235133908,0.0
,0.011802088061733999,0.0037461486079479354,0.4301054275673565,0.005454167703058753,4.418432041872514e-06,0.0003004215446185133,0.0035017075091847974,4.706784503372535e-06,992.5833333333445,0.00015096919846229823,4.4184320418725096e-06,29624.94364787096,0.45055984263882587,0.0
,0.013163867453472538,0.003570858899003411,0.42826594090202175,0.005727472589425848,7.907484968202728e-06,0.00036373711907119083,0.003188838004935781,8.730565805781955e-06,989.9166666666779,0.00012749999334865848,7.907484968202731e-06,28597.60954993816,0.4493493720683916,0.0
,0.017703132092601,0.0036494740210788637,0.4405118976204759,0.006441023734780396,3.901695928796946e-05,0.0005752687380101216,0.0033559271576237134,5.1590496577934065e-05,1016.0833333333425,0.00040537846152715625,3.9016959287969474e-05,17607.603630731926,0.46122711454077775,0.0
,0.013163867453472538,0.002367001815825397,0.4171558416966484,0.005716298213585901,1.2360436556482684e-05,0.0003975496539207979,0.001414512686082218,1.5070125314887043e-05,966.750000000013,0.0001412859565551072,1.236043655648268e-05,24309.059558885856,0.438833408987744,0.0
,0.021334543803903767,0.0041735112900703145,0.460589588124608,0.006872177350878716,6.815767488126835e-05,0.0007660689734424011,0.004426476124559398,7.976442919052451e-05,1054.6666666666715,0.0002297346476802361,6.815767488126823e-05,22271.549272397187,0.4787411106067484,0.0
,0.009078529278256923,0.002311104777561095,0.4309467918622848,0.004783693228156527,4.659229569391788e-06,0.0002600590406061797,0.0013464081996795642,5.7930986159698055e-06,991.7500000000101,0.0002828370520066252,4.6592295693917835e-06,26713.92120757302,0.4501815705855651,0.0
,0.028597367226509306,0.005752967659494244,0.4546955624355005,0.007489265586894618,8.804421106603111e-05,0.000880466995173512,0.008318156648288009,0.00010567100186199035,1049.7500000000075,0.0007978466763096129,8.804421106603099e-05,13494.207729450984,0.4765093054925102,0.0
,0.019064911484339538,0.004213785121984284,0.45790895863645814,0.006615238133124666,6.868400996139227e-05,0.0006836165000713858,0.0044902934673146455,9.074406462268014e-05,1048.3333333333396,0.0002444301629928254,6.868400996139223e-05,22223.167517600406,0.475866243001967,0.0
,0.022696323195642305,0.0048726709832247975,0.4583853516437786,0.007015248438669591,3.650151113410892e-05,0.0006590610669846901,0.0059725871581616284,4.116359946734472e-05,1051.833333333339,0.00028057032557797637,3.6501511134108896e-05,21125.04035210424,0.47745498562566197,0.0
,0.020426690876078075,0.0036744825270866505,0.44931674485009176,0.006778354358745046,3.730265516262485e-05,0.0006629824657252184,0.003421455618402336,4.252926195437237e-05,1034.2500000000075,0.00021894017327302658,3.730265516262486e-05,22520.35665602112,0.4694734453018611,0.0
,0.009078529278256923,0.0010119981132387615,0.39844456502079945,0.004759639139124289,9.655877023056829e-06,0.0003623062524031259,0.00026897436529248355,1.333181881208905e-05,924.5833333333467,6.404320023961997e-05,9.655877023056829e-06,31056.995456222758,0.4196928430927523,0.0
,0.009532455742169769,0.002656038012925638,0.44703733766233766,0.004895639496664138,2.3243340075906964e-05,0.0003695692077974415,0.0017980777509610997,3.441482115781176e-05,1022.0000000000084,0.000218299202399342,2.3243340075906913e-05,31671.849367295337,0.46391284611892875,0.0
,0.026327734906945077,0.004664835082387042,0.453852492789452,0.007323621524112722,5.095621985311766e-05,0.0007820414553419427,0.005504116021474628,6.166587745781528e-05,1046.5833333333403,0.00033770595256224793,5.095621985311764e-05,17636.106844972455,0.4750718716901195,0.0
,0.005447117566954153,0.0018081202325209455,0.4246337702390131,0.003539251652796049,7.621329272638661e-07,0.00012167107496088828,0.0008195386113762174,9.317693483715166e-07,975.9166666666775,9.24867686127566e-05,7.621329272638666e-07,43620.626084842974,0.44299440157361175,0.0
,0.02224239673172946,0.003643738243181865,0.45329218106995883,0.0069628972771097605,3.841441671181558e-05,0.0007426515131898881,0.0033946608136920025,4.584385043087007e-05,1042.6666666666733,0.0002511345742175476,3.8414416711815616e-05,21348.515165239947,0.47329399303979425,0.0
,0.029959146618247844,0.00591652137211746,0.4615545778336476,0.007582407062755364,6.934892227045728e-05,0.0008692653142716363,0.008814270615589316,8.155613062808924e-05,1062.7500000000057,0.0004177370010739197,6.934892227045724e-05,16548.687438402987,0.4824103495233772,0.0
,0.013163867453472538,0.0027063174021773246,0.4468559837728195,0.005708491180472915,2.962493136013597e-05,0.0005904149271474212,0.0018862047460145364,4.0955570697987684e-05,1024.5000000000086,0.00022697930214624328,2.9624931360135946e-05,27411.940325806023,0.46504766227871086,0.0
,0.007262823422605538,0.0022717663492769127,0.41495573554341686,0.004228612928933295,4.994430021207357e-07,0.00013192300216877063,0.001286813049244992,5.865519671965973e-07,957.7500000000124,0.00015716183259960182,4.994430021207353e-07,32390.77132284839,0.43474807081252836,0.0
,0.007716749886518384,0.0022443762557350752,0.41177570093457944,0.0043783211968775595,5.859425193285538e-07,0.0001418552315361431,0.001257306229651753,6.467985377460321e-07,951.083333333346,0.00015807477765344386,5.85942519328554e-07,31406.856811714606,0.43172189438644276,0.0
,0.020426690876078075,0.00475155701271231,0.4588627369298063,0.006735136543298195,0.00037881959684445246,0.0013401979539829439,0.006083384310619242,0.00040707541374659814,1051.0833333333399,0.0003804807067100532,0.0003788195968444524,19521.54956250043,0.4771145407777273,0.0
,0.033590558329550615,0.008826078613879363,0.4780815972222222,0.007800970452772614,0.00010882349854464042,0.0008703746445090694,0.019406612024179242,0.00010571861597738598,1092.6666666666702,0.00047913270905769733,0.00010882349854464008,17099.28199657282,0.49599031623543655,0.0
,0.017703132092601,0.003385278104649458,0.4522685280229932,0.0064416479476493696,2.080936230588577e-05,0.0005753266789865519,0.002921188944176476,2.6366969202111943e-05,1037.5833333333405,0.00025306825339897233,2.080936230588578e-05,23586.058335763235,0.4709865335149039,0.0
,0.009986382206082615,0.0022912010833163795,0.4273520853540252,0.005021958824106934,4.772466433418912e-06,0.00031432890434350834,0.001320774034441738,5.314979224708443e-06,984.750000000011,0.00015535947582166716,4.772466433418911e-06,27817.390689727417,0.4470040853381752,0.0
,0.01997276441216523,0.003670233511322539,0.45667495854063017,0.0067223933955558755,2.7424370254251158e-05,0.0006483073644456019,0.0034341602823836446,3.3963375754794535e-05,1046.9166666666729,0.0002659203014529521,2.742437025425114e-05,22362.14180175248,0.47522318051142387,0.0
,0.008170676350431231,0.0023632631688451327,0.4422806665328247,0.004507173786402494,1.692726772386741e-05,0.00030522627222997974,0.001423155415654213,2.4995441727506705e-05,1012.250000000009,0.00020791824786964476,1.692726772386737e-05,33895.92953346799,0.45948706309577847,0.0
,0.024058102587380843,0.005395997718581887,0.4633017875920084,0.007105064317153622,0.00046864923383956026,0.0014467429552302061,0.007778890067128447,0.0004837412234055572,1061.3333333333387,0.00041069063796526684,0.0004686492338395597,18405.630369475803,0.481767287032834,0.0
,0.010894235133908307,0.0023519522696772203,0.4357199367088608,0.005237302939069725,1.1660071947163925e-05,0.0004022016046564305,0.001396421841664486,1.6817203521113975e-05,1001.6666666666763,0.00019449251994460077,1.1660071947163925e-05,23247.859659430786,0.4546830080193675,0.0
,0.014979573309123922,0.0029767415345474412,0.4501430322844299,0.0060319977861085705,4.024744020899381e-05,0.0006467000085168419,0.002276783809645415,5.3904922536825656e-05,1031.7500000000075,0.00023655906160444492,4.024744020899384e-05,25849.05301918737,0.46833862914207897,0.0
,0.029051293690422152,0.007639120677354236,0.46922257720979765,0.007526544213262044,4.381803530486102e-05,0.0007050495558431887,0.014538512587180787,4.8981984185634734e-05,1075.0000000000043,0.00043242676269698567,4.381803530486091e-05,17392.77212224502,0.4879709487063096,0.0
,0.01997276441216523,0.004149786275870175,0.4540395713107997,0.006728163558978158,3.1524584459351676e-05,0.000619334404771895,0.004345246398894716,3.6220137517136244e-05,1042.2500000000068,0.0002567290913542647,3.152458445935168e-05,22584.575371567775,0.47310485701316385,0.0
,0.02496595551520654,0.0048122228311815556,0.4624265323257767,0.007176832905343471,0.0005093052775161712,0.0017050600031985855,0.006297353120533771,0.0005631106409078075,1060.500000000006,0.0003935739800424217,0.0005093052775161712,17891.303405589075,0.4813890149795733,0.0
,0.009986382206082615,0.0029107535199664673,0.4491335372069317,0.0050271479300010805,6.5959931624886495e-06,0.0002809652713211578,0.0021259340493200397,8.506893382425475e-06,1026.1666666666752,0.00022776135447080011,6.595993162488648e-06,30959.145310857628,0.4658042063852323,0.0
,0.010894235133908307,0.0032564731847707206,0.4343454258675079,0.0052510780685165815,2.089574280730436e-06,0.00021780153409662294,0.0026441147420538666,2.6031827536043054e-06,999.6666666666764,0.00024657101944076574,2.0895742807304356e-06,26621.642446974933,0.4537751550915418,0.0
,0.023604176123467997,0.004139899347057422,0.4603970741901776,0.007093293794120018,5.991810161198244e-05,0.0007790846590085637,0.004366179248146079,7.317663094425174e-05,1056.0000000000055,0.00027219369960850156,5.991810161198232e-05,20782.55321737808,0.4793463458919655,0.0
,0.04176123467998184,0.008140751260558025,0.47787418655097613,0.00815320053529614,0.0009729594644919201,0.0022958614402045717,0.017380102479625605,0.0010227546324112315,1098.5833333333367,0.0005676547214462585,0.0009729594644919204,14363.842107443788,0.4986760478135875,0.0
,0.019518837948252384,0.0034053195107874665,0.45171211810539263,0.006669586684898344,2.551775840741096e-05,0.0006353934608905389,0.0029603724281019213,3.134335212402446e-05,1037.8333333333405,0.00023896784736391838,2.5517758407410972e-05,22671.68870091923,0.4711000151308821,0.0
,0.03313663186563777,0.006208142948619788,0.4642781875658588,0.007772852756711968,8.369665058981515e-05,0.0009439325046761742,0.009702078618528728,9.923239179431325e-05,1069.8333333333385,0.0004252413381017753,8.369665058981515e-05,15867.709027212857,0.4856256619760932,0.0
,0.030866999546073536,0.008322853776124106,0.4727467811158798,0.007644283237717241,6.009795571337691e-05,0.0007569451796672071,0.017171612915597895,6.671688064421753e-05,1081.9166666666708,0.0004160621737103037,6.0097955713376965e-05,17679.06843003738,0.4911106067483735,0.0
,0.02088061733999092,0.0037078356671561515,0.441925777331996,0.006631325171870496,0.003764249834741241,0.004155850625434087,0.007200960840574931,0.0036938513835290164,1020.8333333333427,0.00028035967140389146,0.003764249834741244,18440.868033094877,0.46338326524436374,0.0
,0.024512029051293693,0.005350357189671252,0.4628151260504202,0.007175583614459492,5.07830020035117e-05,0.0008376685383039513,0.0072262263694847315,5.961288382129761e-05,1061.3333333333387,0.0002729680424837809,5.078300200351169e-05,20896.012851117146,0.481767287032834,0.0
,0.005447117566954153,0.0009894376681237739,0.39360371627657675,0.0035153530802778878,6.943223436711506e-06,0.00022494291142067675,0.00025493442628929673,2.0194113789278503e-05,910.6666666666811,5.8017102073428815e-05,6.943223436711502e-06,39366.3821192294,0.4133756998032985,0.0
,0.0040853381752156154,0.0011096825563561433,0.40630763555883437,0.0029043568480718743,1.5964645390909725e-06,0.000118445440317119,0.00031069655714514237,1.9766984791977764e-06,937.5000000000132,5.321882146404048e-05,1.5964645390909731e-06,48511.67702560453,0.42555605991829326,0.0
,0.0013617793917385383,0.0001750161252003219,0.3345482156416097,0.0011944331990906784,1.2777578719412528e-08,1.925782842976421e-05,7.82482704961096e-06,1.2543886701334709e-08,754.4000000000128,1.1641392788908601e-05,1.2777578719412528e-08,66553.35387479488,0.3424421243758511,0.0
,0.014525646845211076,0.0037757427288034975,0.4250434111518426,0.005971123404256735,1.556085881923869e-05,0.00042624613623891205,0.0035697955511892715,1.6690155953838803e-05,984.0000000000123,0.00014003214615079923,1.5560858819238707e-05,26768.128664425818,0.4466636404902406,0.0
,0.004993191103041307,0.0006978416786261992,0.3833304332695319,0.0033229735767356045,2.6849232799930713e-06,0.00020461308634682468,0.0001249806848856108,3.3031422321969136e-06,885.7500000000151,5.4258085928555336e-05,2.68492327999307e-06,36813.51935361008,0.40206536541080345,0.0
,0.008624602814344077,0.0017427867814991422,0.37793789672328015,0.004637007993910993,7.875109178963738e-06,0.0003475137413304952,0.0007673127507858657,1.2323438751195212e-05,875.0833333333492,7.112180376391595e-05,7.875109178963735e-06,31208.176629295285,0.3972234831290664,0.0
,0.007262823422605538,0.0011221554596110045,0.40841675936225436,0.004211048084949503,4.729515157559313e-06,0.00025985655537489065,0.000322781855174392,7.052562436685355e-06,945.4166666666791,6.304444372410523e-05,4.729515157559312e-06,34090.65136838764,0.4291496444242699,0.0
,0.009986382206082615,0.0031353957274865393,0.4339176679141225,0.005030401706043855,5.031566530432571e-06,0.00023962401077035837,0.0024492244902888515,6.557039912289108e-06,997.4166666666775,0.00017229850525369775,5.031566530432563e-06,27505.24112340697,0.45275382054773794,0.0
,0.0018157058556513845,0.00029925070775880304,0.3622163761920421,0.0015230459661091458,3.458609521072898e-07,6.937280892285093e-05,2.299670401970645e-05,6.641010377560255e-07,828.7500000000165,5.536982712370671e-05,3.4586095210728987e-07,41808.484204513,0.37619155696777123,0.0
,0.02814344076259646,0.007157312453476256,0.4595327492699207,0.007463727193064248,3.165468689422124e-05,0.000740326759321206,0.012772169359896866,3.624845267924423e-05,1058.000000000006,0.000407150079281202,3.1654686894221216e-05,17106.45356845911,0.4802541988197912,0.0
,0.014979573309123922,0.002964779080274661,0.43314982304364924,0.00604215523120609,2.0835063593738294e-05,0.0004476856778001812,0.002210580180734683,2.5796604968437753e-05,1000.4166666666777,0.00032812636596181764,2.0835063593738304e-05,17940.98564074151,0.4541155999394765,0.0
,0.0013617793917385383,3.859189772444604e-05,0.316796088582111,0.001172466629407106,7.90199460028785e-08,6.235823742310417e-05,5.347997547831673e-07,1.9742561240059429e-07,713.466666666676,1.2773486729972381e-06,7.901994600287846e-08,95417.63474710616,0.32386140111968525,0.0
,0.0027235587834770767,0.00043817527111922815,0.37031433854429313,0.002136075032465861,4.753579472574301e-07,7.786571153427943e-05,4.8507776990146215e-05,6.446691813252897e-07,850.3333333333499,5.7602856193759156e-05,4.753579472574301e-07,37236.408053139254,0.38598880314722345,0.0
,0.009986382206082615,0.0029438809568989653,0.4181059024482824,0.005026869237507393,6.0020475444818465e-06,0.00023045025298186933,0.002164522110078948,8.049285855910234e-06,966.5833333333459,0.000222155236118796,6.002047544481847e-06,23094.74758245949,0.4387577545770919,0.0
,0.014979573309123922,0.003422112050306065,0.45310571781160014,0.0060449692732264925,2.9203013794969922e-05,0.00047960944374836383,0.0029545037528364917,3.5332979677099996e-05,1036.8333333333405,0.0003447116398032199,2.920301379496997e-05,21719.618904427207,0.4706460886669693,0.0
,0.007716749886518384,0.00205548062902322,0.4239799846035412,0.004376718293579135,2.4053418656064593e-06,0.00018039379912126048,0.0010560644039244937,2.803791925839161e-06,976.3333333333446,0.00021856319549606453,2.4053418656064597e-06,26722.141492549443,0.4431835376002421,0.0
,0.017703132092601,0.004195303006235973,0.45610766045548656,0.006444408703169328,4.365493838143622e-05,0.0005727334941073723,0.004434489312069599,5.532956963115374e-05,1044.1666666666736,0.00043883622943316253,4.365493838143621e-05,18938.202893523896,0.4739748827356635,0.0
,0.0013617793917385383,0.00026687156742646775,0.3542370155973629,0.001195593911705141,3.1753042869860273e-08,2.557218623302787e-05,1.7976407766674493e-05,3.720387668603052e-08,806.916666666681,1.3075187486460889e-05,3.175304286986027e-08,72949.27371984649,0.3662808291723407,0.0
,0.016795279164775308,0.0027241114337610514,0.44370594159113796,0.006297058970573803,5.190134132932826e-05,0.0008679636098985207,0.0019116345506046302,8.291969377583143e-05,1021.6666666666748,0.00018266245059322302,5.190134132932818e-05,22661.82903414865,0.4637615372976244,0.0
,0.005447117566954153,0.0008658730507975782,0.401640838650866,0.003498706409120521,6.433023132967475e-06,0.00029380046033845685,0.00019503517560278893,1.3861039300330626e-05,929.4166666666796,4.778996119306091e-05,6.43302313296747e-06,40343.44770306308,0.42188682100166436,0.0
,0.010894235133908307,0.003052219253595706,0.3719398953233159,0.005247545931944832,6.211085128752099e-08,0.00017080292584211782,0.002304387654206576,7.419374692119236e-08,862.8333333333485,0.00017984475778456006,6.211085128752101e-08,23844.505928207265,0.391662883946134,0.0
,0.006808896958692692,0.0007746516005219166,0.39693693693693693,0.004010339603418276,1.846352699606588e-05,0.00050313437707486,0.00017150498047966125,3.651077292294309e-05,919.2500000000139,6.522716134912509e-05,1.8463526996065858e-05,39651.908348084165,0.4172719019518838,0.0
,0.00045392646391284613,6.182103553710148e-05,0.32929745889387146,0.0004324211288763734,0.0,0.0,1.0079270192293126e-06,0.0,743.2500000000116,7.421390063444135e-06,0.0,101750.75942353412,0.3373808443032229,0.0
,0.009532455742169769,0.0013594290756001393,0.4092513468326212,0.004815345627906252,6.561496674337665e-05,0.0010053745694430097,0.0005234662000154309,0.00014945160994601976,946.5000000000146,8.115082017845112e-05,6.561496674337668e-05,26139.883643497335,0.4296413980935089,0.0
,0.005447117566954153,0.0006848019387321574,0.39729486023444543,0.0034715698024200903,1.2914303143555299e-05,0.00041799154223357574,0.00013531733292120022,3.2046249599863575e-05,918.0833333333479,6.0488378332608834e-05,1.2914303143555316e-05,43919.1376637163,0.4167423210773188,0.0
,0.009532455742169769,0.0010157174303537337,0.39459072183413935,0.004816302812657683,3.928497485778841e-05,0.0008616581048188973,0.00030467153361403535,8.702340378049915e-05,915.2500000000147,3.6436381281450594e-05,3.928497485778842e-05,34864.13130090987,0.4154561960962324,0.0
,0.009532455742169769,0.0008453154964174547,0.3876473693471758,0.0048146017049446165,3.140194592711453e-05,0.0008803826334435117,0.000218767373413184,6.674616562231484e-05,898.6666666666825,3.425174740638697e-05,3.140194592711453e-05,34778.75649153784,0.4079285822363444,0.0
,0.011802088061733999,0.001081525024699342,0.39579590370104206,0.005372413019075464,4.6955436339278206e-05,0.0009907183735393514,0.00034575500986234076,8.698288895002464e-05,919.2500000000148,4.4160119078995326e-05,4.695543633927819e-05,30565.767899308143,0.4172719019518838,0.0
,0.010894235133908307,0.0011709394968590493,0.3966510622974433,0.00516805922707537,3.598395533583499e-05,0.0009063459064034369,0.00039725273617073614,7.550683875485715e-05,920.5833333333482,4.293598585875591e-05,3.598395533583498e-05,32657.13054668868,0.4178771372371009,0.0
,0.009532455742169769,0.0008730442124897385,0.3829306448809317,0.004814256480003538,2.2031831547639563e-05,0.000864852237694469,0.00023178711715433865,4.490931228911328e-05,887.1666666666819,3.272484665526971e-05,2.2031831547639567e-05,34705.60308409335,0.40270842790134664,0.0
,0.011348161597821153,0.002834402029538639,0.4463128038897893,0.005352482304629181,5.424512258918488e-06,0.0003460374614130135,0.0020286167955870607,6.637291403043999e-06,1022.9166666666746,0.00016944538157174436,5.424512258918484e-06,29986.813607830067,0.4643289453775155,0.0
,0.011348161597821153,0.0023698675810542246,0.43840796019900496,0.005342949606964173,1.3708538931214029e-05,0.0004328164918496703,0.0014255802309186517,1.761494950769525e-05,1007.750000000009,0.00010062110252478101,1.3708538931214022e-05,31260.445386829226,0.45744439400817066,0.0
,0.02496595551520654,0.004734141004741648,0.4457709429380817,0.007199511720705024,8.566572655944012e-05,0.00110967047713603,0.0056962586860483215,0.00011543861034249207,1032.0833333333421,0.0002854926093056196,8.566572655944001e-05,18511.333361879842,0.46848993796338323,0.0
,0.02224239673172946,0.004167728281133575,0.456864371630029,0.006951794582671876,5.879381874731124e-05,0.000989073194134337,0.004445615418567929,7.601913180573094e-05,1049.1666666666724,0.00022312461671638098,5.879381874731127e-05,21585.606719592128,0.47624451505522775,0.0
,0.010894235133908307,0.003273429750642909,0.4487675697698105,0.0052439881911601335,8.78205439808541e-06,0.0003027936521394153,0.002682081303583287,1.2606092064336483e-05,1026.5000000000082,0.00046816292245178986,8.782054398085398e-06,19967.123085887397,0.46595551520653655,0.0
,0.017249205628688154,0.0023552620229363706,0.42561823802163834,0.00637471134069989,6.282640288614519e-05,0.0007024271536663568,0.0014241712382020164,7.819619147353918e-05,987.4166666666783,0.0001562537078035288,6.282640288614511e-05,20033.60473219847,0.4482145559086095,0.0
,0.021788470267816613,0.004206679856126629,0.44532039619971703,0.006920145208605387,5.10823010588525e-05,0.0006536759791605357,0.004449115842911127,6.256896268277208e-05,1028.4166666666752,0.00040129745114565323,5.108230105885239e-05,17312.681317969673,0.4668255409290362,0.0
,0.015433499773036768,0.003554517802967383,0.4534787978592013,0.006112909753140248,2.9058258424494418e-05,0.0005264970171776471,0.0031967753255115893,3.670371136512307e-05,1037.9166666666733,0.00021143136170204038,2.9058258424494374e-05,25570.867735691754,0.47113784233620826,0.0
,0.004539264639128461,0.0010568944263726402,0.4032582829946916,0.003104743651301106,4.7871496867386385e-06,0.0001958783992118436,0.00028353744964238045,9.48678076952468e-06,932.0000000000141,0.00026789739259080076,4.787149686738642e-06,29262.75156571156,0.4230594643667726,0.0
,0.020426690876078075,0.0038753292670472123,0.4388446215139442,0.006760466143571721,5.5701813019531155e-05,0.0009175987679075528,0.003864406247118536,8.24680916431142e-05,1014.5000000000097,0.0001749954199728251,5.570181301953118e-05,21914.630594117694,0.4605083976395824,0.0
,0.018157058556513846,0.003288744469775617,0.4291837132281317,0.006485576722279056,4.814562693735986e-05,0.0008188175687070208,0.002791078483857314,6.975915090790792e-05,994.4166666666779,0.0001504324162847545,4.814562693735987e-05,23127.481304358796,0.4513920411559994,0.0
,0.02088061733999092,0.0032594212519113995,0.43451676528599603,0.006805901241465865,0.00010232665455126258,0.0010714550613501305,0.0027744557892195676,0.00014609905827148886,1006.4166666666772,0.00015897865509053696,0.00010232665455126254,21409.426115237893,0.45683915872295355,0.0
,0.015433499773036768,0.001978852112158333,0.4258650686255558,0.006072129938869774,0.0004734081141979297,0.0013323134760872158,0.001285202598959759,0.0005388043044860785,985.7500000000119,0.00017215288011634522,0.000473408114197931,20692.16747013064,0.44745801180208805,0.0
,0.007262823422605538,0.0008611956861793401,0.3976534296028881,0.004169859265900534,1.8313727534317143e-05,0.0005256707725192181,0.0002100071562149255,3.3537673519864095e-05,921.2500000000136,7.001906598155584e-05,1.8313727534317146e-05,37912.46196249722,0.4181797548797095,0.0
,0.006808896958692692,0.0007035171542769594,0.39473212685898584,0.004005176367521019,1.6443522141787806e-05,0.0005202195514449333,0.00014420779261295063,3.173203714549929e-05,914.1666666666807,6.424023817213872e-05,1.6443522141787813e-05,39318.03233783051,0.4149644424269935,0.0
,0.005901044030866999,0.0006091458550323033,0.39248173882059506,0.00365957555286022,1.5624193996235124e-05,0.00045893172287240277,0.00010944502588480606,3.236219543697695e-05,908.2500000000141,5.848288421799371e-05,1.5624193996235117e-05,42461.36510848408,0.4122787108488425,0.0
,0.006354970494779846,0.000786418323531297,0.3953697056712132,0.0038393847239388415,1.4335315818497958e-05,0.0004736297323451066,0.0001762960854940137,2.9645375560226498e-05,915.2500000000138,6.613785925404958e-05,1.4335315818497948e-05,40572.12646871306,0.4154561960962324,0.0
,0.008170676350431231,0.001361333015621192,0.4123151787385364,0.004467451779075378,2.6050435197505284e-05,0.0005651236245169882,0.0005019422638986084,4.733390159740855e-05,953.5000000000131,0.0001010704928282712,2.6050435197505284e-05,36149.7123703787,0.4328188833408988,0.0
,0.005901044030866999,0.0006371325169016196,0.39459072183413935,0.003660737665543992,1.6925660481078925e-05,0.00045733205314703416,0.00011882866898720196,3.511112459954561e-05,912.9166666666808,6.239152098065099e-05,1.6925660481078922e-05,40821.35337453041,0.4143970343471024,0.0
,0.004539264639128461,0.0003106572218932017,0.3326287181035784,0.003118712782451217,2.786930249095158e-07,0.00010217576374819086,2.6329591418366542e-05,3.007355665468836e-07,755.0166666666792,1.2903026235096914e-05,2.786930249095158e-07,49002.46194165263,0.34272204569526404,0.0
,0.005901044030866999,0.00040096523183923074,0.3497935852651635,0.0036993121016002596,7.065663648689221e-07,0.0003096510588999003,4.664325687825151e-05,8.760449756324444e-07,797.8333333333491,1.7948172220849525e-05,7.065663648689222e-07,41544.32955010421,0.36215766379179903,0.0
,0.04357694053563323,0.009777088780622832,0.4757071906715612,0.008225638476670195,0.0011036442298194271,0.0020849621778907855,0.02459773163084143,0.001209973085175793,1096.3333333333362,0.0005521308279675356,0.0011036442298194274,14025.989838701296,0.4976547132697836,0.0
,0.02814344076259646,0.0054075725667621,0.45217569786535305,0.007438703615101567,0.0004604362921634015,0.0015540607139688377,0.0077174584558885925,0.0005527068897653636,1044.8333333333412,0.0002737885976092399,0.0004604362921634016,17333.454912167326,0.47427750037827204,0.0
,0.01044030866999546,0.001917268849467866,0.427850067974364,0.0051318070975626484,1.0291338860090387e-05,0.00039913540818365165,0.0009384379193393848,1.2866519676767407e-05,987.5833333333442,8.507099395258855e-05,1.0291338860090394e-05,32358.67646238546,0.44829021031926164,0.0
,0.0013617793917385383,0.00023202501879569838,0.34486537257357547,0.0011947478695728787,2.436807884245857e-07,4.37596262537114e-05,1.3742665000721024e-05,2.51990482597086e-07,781.5000000000141,8.055036713104357e-06,2.4368078842458566e-07,90563.12679488015,0.35474353154788923,0.0
,0.011348161597821153,0.002734261864504529,0.42668990896765446,0.0053505566047348015,6.813853711066427e-06,0.00030645555758329325,0.0018711929531342111,8.792269431750566e-06,985.4166666666782,0.0001490161542890253,6.813853711066422e-06,25974.736023252037,0.4473067029807838,0.0
,0.02088061733999092,0.0032886145537421633,0.42332820906994617,0.006816712444538345,2.8451254830562856e-05,0.0007787264135426497,0.0027764143595285186,3.759014759676049e-05,985.0833333333449,0.0001413037065632012,2.845125483056289e-05,22381.292213444405,0.4471553941594795,0.0
,0.01861098502042669,0.0032446613336514257,0.4429921576513171,0.006552424337321183,3.672137817787936e-05,0.0007542017755392676,0.002710200344918821,5.3669531991618486e-05,1022.0000000000085,0.00016629241906103632,3.672137817787941e-05,23351.898948497997,0.46391284611892875,0.0
,0.02224239673172946,0.003267429779326602,0.42594740912606344,0.006952604892245158,4.805034921551282e-05,0.0009577314113271136,0.0027918350626265974,6.208224860504345e-05,991.5000000000113,0.00014628132448460447,4.8050349215512704e-05,21584.429054904427,0.45006808896958694,0.0
,0.018157058556513846,0.002840316506434029,0.4219498180425206,0.006493230449896115,3.0181211638380308e-05,0.0007255998504057246,0.002079932075499056,4.237913642016971e-05,980.000000000012,0.000121999718186712,3.0181211638380328e-05,23968.876821901602,0.4448479346345892,0.0
,0.01861098502042669,0.0033391703857111104,0.4441532258064516,0.0065551572870420505,3.819328150116988e-05,0.0007206117056755674,0.002858104927300536,5.418976304134849e-05,1024.166666666675,0.0001697197658810124,3.819328150116981e-05,23322.922689953357,0.4648963534574066,0.0
,0.024512029051293693,0.003570945345526724,0.43060985144644254,0.0071625762282153185,8.160735903942703e-05,0.0010829538584295707,0.00332976668876279,0.00010137390677020823,1002.5000000000114,0.00016034831961098415,8.160735903942712e-05,20613.743171857248,0.45506128007262825,0.0
,0.009078529278256923,0.0019355816520324942,0.41652486292304786,0.004778547601819178,8.139997766883082e-06,0.00029863742043038406,0.0009432980896711163,1.11680231677323e-05,963.1666666666789,0.0001193925066948148,8.139997766883082e-06,28618.342587275565,0.43720683915872294,0.0
,0.0018157058556513845,0.00034887712941493134,0.3637114082879313,0.0015340112056832947,1.423486945243617e-07,4.260933774809146e-05,3.068894265199248e-05,2.233706736106163e-07,832.4166666666817,3.390491599876523e-05,1.4234869452436162e-07,56523.051498823355,0.3778559540021183,0.0
,0.0040853381752156154,0.0005991091783032804,0.3772260273972603,0.0028967893194332896,5.774934031384999e-07,0.0001397898555909961,9.319066797370301e-05,6.614679045834202e-07,869.4166666666828,4.0134966402300556e-05,5.774934031385001e-07,45091.03367803257,0.3946512331668936,0.0
,0.021334543803903767,0.003469881837614922,0.431537708129285,0.006866464047805179,6.0478793612634084e-05,0.0008279652455720986,0.0031025364170039348,7.42152701661467e-05,1001.916666666677,0.00014988147459883688,6.0478793612634016e-05,22226.269756640442,0.45479648963534575,0.0
,0.0040853381752156154,0.0005991091783032804,0.3772260273972603,0.00289678931943329,5.774934031384999e-07,0.0001397898555909961,9.31906679737024e-05,6.614679045834202e-07,869.4166666666828,4.013496640245128e-05,5.774934031385001e-07,45091.033678032596,0.3946512331668936,0.0
,0.009078529278256923,0.0015878362822686481,0.4230843095832533,0.0047419984977121864,4.296161330302326e-05,0.0006322726583821884,0.0006627340325508965,8.278854453858288e-05,976.0000000000118,0.00014587033326714265,4.296161330302323e-05,24380.03535581125,0.44303222877893783,0.0
,0.004539264639128461,0.0005464172035627087,0.37716144495805515,0.0031186114340717454,1.819038570020662e-06,0.00017880679622628808,7.830976474900623e-05,2.086313393623488e-06,868.9166666666828,3.330631993593148e-05,1.8190385700206627e-06,45142.79290578647,0.3944242699349372,0.0
,0.015433499773036768,0.00279174520817477,0.4186621056632459,0.0061043588492675745,2.1981798389989047e-05,0.0006017421779378955,0.002002382204957584,2.9559403803907585e-05,971.5000000000122,0.00011258517604246468,2.198179838998904e-05,26120.157945234372,0.44098955969133,0.0
,0.004539264639128461,0.0005816124704964942,0.3776787244985428,0.0031166288699555436,2.660227673843904e-06,0.00017904503634907077,8.846900552288885e-05,2.9696422939762393e-06,870.1666666666827,3.33834440677714e-05,2.660227673843905e-06,45239.62147067931,0.39499167801482826,0.0
,0.0040853381752156154,0.0005991091783032804,0.3772260273972603,0.002896789319433292,5.774934031384999e-07,0.0001397898555909962,9.319066797370355e-05,6.614679045834202e-07,869.4166666666828,4.013496640214984e-05,5.774934031385001e-07,45091.03367803259,0.3946512331668936,0.0
,0.005447117566954153,0.0006204278403291244,0.3599085116810979,0.0035291225670849727,1.0593613410887914e-07,0.00014138315238327906,9.907714859343259e-05,1.0593613410887903e-07,825.5833333333511,5.201435450239096e-05,1.0593613410887912e-07,32491.26403561278,0.3747541231653805,0.0
,0.0013617793917385383,2.5244759591553767e-05,0.31844463717837523,0.0011597038579439175,2.76043363661225e-06,0.00016090288897435768,4.332355203336927e-07,3.7397698246187597e-06,717.2166666666764,1.6769806753887202e-06,2.76043363661225e-06,88096.73207599924,0.3255636253593584,0.0
,0.006808896958692692,0.001493477280279501,0.4219498180425206,0.004062028880536741,4.745476045874462e-06,0.00023121475589126976,0.0005666807115444483,5.708375605656898e-06,971.583333333345,0.00010519129997328588,4.74547604587446e-06,35306.157738917536,0.4410273868966561,0.0
,0.010894235133908307,0.002396580249860834,0.41834409418913787,0.005243221168117089,1.2949262289131611e-05,0.0003116441409754619,0.0014394582770402072,1.7560865695861782e-05,967.9166666666794,0.00010386309658769474,1.2949262289131611e-05,28430.11428222288,0.43936298986230893,0.0
,0.014525646845211076,0.0027386218458818464,0.44496061401737025,0.005959724568624417,2.3776215378796833e-05,0.0005827231464720719,0.0019208756181582122,2.921311725141909e-05,1022.666666666675,0.0001747793825190068,2.377621537879682e-05,26964.772742684043,0.4642154637615373,0.0
,0.015433499773036768,0.003099313856451457,0.4430812550281577,0.006116850825551411,1.8361718224364137e-05,0.0005224591682397562,0.002439374199625205,2.1072493255794937e-05,1020.0833333333421,0.00017405050119795464,1.8361718224364144e-05,25923.863378806906,0.46304282039642913,0.0
,0.011348161597821153,0.002542945048618732,0.43963280782278985,0.005348469169418336,8.371602660633373e-06,0.0003759952892398445,0.0016390939698085367,1.0271000381452188e-05,1010.6666666666756,0.00015534101956687387,8.371602660633376e-06,29870.706019849942,0.4587683461945831,0.0
,0.021334543803903767,0.004209894233974232,0.4540395713107997,0.006872559016803597,2.924381786494894e-05,0.0006608204360730391,0.0044905565910110905,3.521401902979428e-05,1043.5833333333394,0.0002466146931528645,2.9243817864948984e-05,21730.051119578187,0.47371009229838096,0.0
,0.003631411711302769,0.001153574537754267,0.4105478941483414,0.002669477932942381,1.631599808376089e-07,8.356249203950479e-05,0.0003350505292737659,1.713187393933507e-07,946.4166666666792,5.6272138964937227e-05,1.6315998083760888e-07,53826.00861047542,0.42960357088818274,0.0
,0.008170676350431231,0.0020550152712884803,0.4381463802704853,0.004514744700928345,4.5548540727138595e-06,0.0002811614478382091,0.0010684924493671584,6.1920858278758955e-06,1004.9166666666755,0.00012767063345296085,4.554854072713862e-06,35183.66019738971,0.4561582690270843,0.0
,0.007716749886518384,0.0016153229692107327,0.4326394344069128,0.004366045870351534,5.695538935465078e-06,0.00029882351665623763,0.0006660922200182998,7.739530162997853e-06,993.8333333333436,0.00011190866564197742,5.69553893546508e-06,36312.374420270484,0.4511272507187169,0.0
,0.003631411711302769,0.001153574537754267,0.4105478941483414,0.0026694779329423835,1.631599808376089e-07,8.356249203950479e-05,0.00033505052927376575,1.713187393933507e-07,946.4166666666794,5.6272138964635784e-05,1.6315998083760888e-07,53826.008610475496,0.42960357088818274,0.0
,0.021334543803903767,0.003335850777066401,0.45161951619516194,0.006870890646270714,3.285149524995997e-05,0.0007018326836232387,0.0028489168387568005,3.94327075859879e-05,1039.4166666666736,0.0002122297959911486,3.2851495249959994e-05,21883.124494624964,0.4718187320320775,0.0
,0.011348161597821153,0.001955163820109074,0.4352034768866061,0.005337048330726724,1.086203432181374e-05,0.00047241392168924617,0.0009818891502860235,1.4311952951294978e-05,1001.6666666666758,9.186756792229668e-05,1.0862034321813734e-05,31069.179940808077,0.4546830080193675,0.0
,0.011802088061733999,0.002957159074502311,0.4510647010647011,0.005449474970948738,1.0636176192196142e-05,0.00040017084110379413,0.0022077548526129795,1.3659056674626161e-05,1030.9166666666736,0.00016647847806479797,1.0636176192196124e-05,29606.610510523195,0.46796035708881834,0.0
,0.009986382206082615,0.0023989988261189153,0.43858252040613177,0.005023535414089,5.7192874295899835e-06,0.00033612234977241205,0.0014574231395210057,7.0687384642505536e-06,1007.3333333333422,0.00014470841397381387,5.7192874295899835e-06,32197.356689007484,0.4572552579815403,0.0
,0.021788470267816613,0.0035501353407348985,0.45525935110560034,0.006916921642406738,3.955437003780847e-05,0.0007460367081675304,0.003226735354233481,4.728120935928637e-05,1046.1666666666729,0.00023708682061419144,3.9554370037808474e-05,21633.90384418948,0.4748827356634892,0.0
,0.016795279164775308,0.0039403463314834795,0.4563911332090325,0.006323256420112765,1.6704695487459698e-05,0.0005413626776406453,0.003917180918667643,2.006335351920463e-05,1044.4166666666729,0.00020682226635055547,1.6704695487459715e-05,25186.352456735727,0.47408836435164176,0.0
,0.011348161597821153,0.0029857752437022268,0.4477642276422764,0.005349953748099743,7.536768107553873e-06,0.0003415712005582979,0.002243957647168982,1.0026840288915482e-05,1025.3333333333412,0.00016508853981499555,7.536768107553863e-06,30256.603409375817,0.46542593433197155,0.0
,0.008170676350431231,0.002089426699143878,0.427850067974364,0.004514461292648053,7.846740049052708e-06,0.0002452421738369184,0.0011026293163963468,1.1744822541046713e-05,985.1666666666775,9.449092431596125e-05,7.8467400490527e-06,36115.78188828897,0.44719322136480555,0.0
,0.008170676350431231,0.002206109250069127,0.4357199367088608,0.004521252105148231,3.8035801103958748e-06,0.00022361479859127516,0.0012273132113273593,4.741234737690965e-06,1000.416666666677,0.00010205529232576762,3.8035801103958824e-06,35999.618732878684,0.4541155999394765,0.0
,0.014525646845211076,0.0039066996635426674,0.41440933032355154,0.005968802109126395,1.0598369951496633e-05,0.00032893668890007213,0.0037872001609892906,1.7780373596275954e-05,962.0833333333474,0.0002170222685840314,1.0598369951496662e-05,21214.818867158527,0.43671508548948407,0.0
,0.008170676350431231,0.0019363107941482664,0.4350315955766193,0.0045118544580371265,1.1826471818738093e-05,0.00029611558565401363,0.0009544998750313916,1.550531846317334e-05,999.0833333333429,0.0001233540625831817,1.1826471818738103e-05,35152.37100841739,0.45351036465425937,0.0
,0.0013617793917385383,0.00023013577254944007,0.34671073339628583,0.001195798983490819,2.6670009812447817e-08,2.262626611765124e-05,1.338878815011189e-05,2.8461365752626314e-08,787.5833333333487,2.3208688924034426e-05,2.6670009812447814e-08,58368.86984544562,0.35750491753669233,0.0
,0.004539264639128461,0.0010027205995668878,0.41464332768680595,0.0031030866549011937,5.066501464052705e-06,0.00023423151477644196,0.00025713040686297327,1.2287960443929352e-05,956.6666666666782,0.00020731139415148452,5.0665014640526955e-06,37526.93618022168,0.43425631714328944,0.0
,0.006354970494779846,0.0005261141274886054,0.3682099281297008,0.0038324892957742928,1.2783348381218264e-05,0.000582343722377838,7.932013754115942e-05,2.2927088301512057e-05,848.5000000000164,1.9612124371185074e-05,1.2783348381218264e-05,42182.337827820156,0.3851566046300499,0.0
,0.003177485247389923,0.0009094073033222975,0.4096318333953142,0.0023424860997529546,5.919586006007149e-06,0.00035081418209277176,0.00021800752791784156,2.7365280161440244e-05,945.2500000000122,0.00020645002487254955,5.919586006007152e-06,42219.500520377616,0.4290739900136178,0.0
,0.005901044030866999,0.0010572297007943473,0.40796296296296297,0.003710353980516024,5.1257966280082105e-06,0.0002129654520676459,0.00028374369414664184,7.193622550410121e-06,942.3333333333466,0.00012576865635916069,5.1257966280082105e-06,28387.997745408233,0.42775003782720533,0.0
,0.009078529278256923,0.0020773616979439125,0.4291837132281317,0.0047824764822748,6.213104653167893e-06,0.0002764681415836844,0.0010879149366545286,7.851512171187543e-06,988.2500000000106,0.00018783815347029646,6.213104653167894e-06,29173.645457494047,0.44859282796187017,0.0
,0.013617793917385384,0.002256126778104964,0.3923419412288513,0.0058042477858307635,2.6274655486774466e-06,0.000301920632102409,0.0012773294560813413,2.7334038163180577e-06,912.4166666666833,7.630744842402269e-05,2.6274655486774457e-06,27819.310675619632,0.414170071115146,0.0
,0.013617793917385384,0.002278342656651057,0.3903951798688641,0.005804401056490752,2.7078723509635913e-06,0.0003017966975082973,0.0013028522968549978,3.067979010510486e-06,907.8333333333497,7.530971423771356e-05,2.7078723509635904e-06,27896.234329477946,0.4120895748222121,0.0
,0.016341352700862462,0.0026859439287762223,0.4003998545983279,0.00625035811805279,1.0915883643940808e-05,0.0004195474265350188,0.0018144547427608319,1.2156890176786803e-05,933.1666666666813,9.642230202133552e-05,1.091588364394081e-05,25158.507463629765,0.42358904524133756,0.0
,0.012709940989559692,0.001643248182846597,0.36765687583444595,0.005628902939629408,2.720347806979751e-06,0.0003008129521906371,0.0006825589502622373,2.8385802793131065e-06,850.6666666666827,5.2283597531991654e-05,2.720347806979749e-06,28704.825285937575,0.38614011196852777,0.0
,0.012256014525646846,0.0015283570046568803,0.3663119388094446,0.005536880796789503,4.253622309803648e-06,0.00029725982810063095,0.0005915813514438023,5.234775205765803e-06,846.7500000000169,4.40562810368849e-05,4.253622309803644e-06,29836.141966918593,0.38436223331820246,0.0
,0.009532455742169769,0.0025185575821195087,0.42001906577693043,0.004906167485780813,8.001016254657458e-06,0.0002767984144766626,0.0015875131867651617,9.502131226565635e-06,971.2500000000113,0.0001405034152898206,8.001016254657454e-06,28874.121164075495,0.4408760780753518,0.0
,0.013163867453472538,0.003578558496822149,0.4286826230784199,0.005721807178699872,1.7682863711647113e-05,0.00040780924969879064,0.0032012382651750468,2.05025402493945e-05,991.2500000000097,0.00017844953503065678,1.7682863711647113e-05,25626.871316318287,0.4499546073536087,0.0
,0.014525646845211076,0.003760450009488089,0.43060985144644254,0.0059622357384708355,3.324875265497148e-05,0.0005127869171014861,0.0035434650194680092,4.0141939300003474e-05,995.7500000000098,0.0001846104868344374,3.324875265497147e-05,24709.99279815056,0.4519972764412165,0.0
,0.007716749886518384,0.0025686123207619154,0.4170768648239303,0.004379490615445612,3.243788181172879e-06,0.00016656818943628214,0.0016410098798787399,3.26635448054984e-06,963.9166666666782,0.00013690847065981604,3.2437881811728802e-06,32401.94226192972,0.43754728400665754,0.0
,0.008170676350431231,0.002547796847021793,0.4157388186450274,0.004519281372461836,5.3050333498634135e-06,0.00020422462470835102,0.0016173895422283235,5.961187997804947e-06,961.2500000000117,0.00012810081186661468,5.305033349863409e-06,32190.877545750885,0.4363368134362233,0.0
,0.008170676350431231,0.002390320924797513,0.41425347875141033,0.00451692957446893,6.444998483346505e-06,0.000227620671596733,0.0014268987294487189,7.547507041610032e-06,958.0833333333453,0.00012405157765382006,6.444998483346509e-06,32024.811883076018,0.4348993796338327,0.0
,0.01861098502042669,0.0022405564503780073,0.41906030055164545,0.006546318053933735,6.075085501567702e-05,0.0007939790672100898,0.0013208075218486058,8.373409218426441e-05,975.000000000013,0.00011287877718065968,6.075085501567708e-05,22980.076881142402,0.442578302315025,0.0
,0.009532455742169769,0.002095794197583407,0.43537549407114623,0.0048960126548318016,1.193577743865238e-05,0.0003737664511642081,0.0011190463659533191,1.6173707836919174e-05,1000.2500000000093,0.00013339405792572038,1.1935777438652387e-05,33145.63978478555,0.4540399455288243,0.0
,0.005447117566954153,0.0015542335333430003,0.40593329648056015,0.003535735233319094,2.0202739445892223e-06,0.00014080459396329818,0.0006071902068469429,2.9168598732761404e-06,938.1666666666803,7.79226102760858e-05,2.02027394458922e-06,38888.883992628165,0.4258586775609018,0.0
,0.009986382206082615,0.0030871360556322205,0.43383221740842853,0.005028058728886255,7.115081642631956e-06,0.00026123530230126943,0.0023758296751723597,1.1390706408277293e-05,997.5000000000109,0.00015745158642073895,7.115081642631947e-06,27681.37202658996,0.452791647753064,0.0
,0.013163867453472538,0.00390955855687256,0.43425980682042187,0.005727932592765201,1.1989385884076837e-05,0.0003696618337749505,0.003815009797632673,1.5057597061887313e-05,1000.3333333333445,0.00021053303546411496,1.1989385884076825e-05,24154.027823469925,0.4540777727341504,0.0
,0.007262823422605538,0.0013540371584713309,0.3741508152173913,0.004203742495210431,6.4686403800816495e-06,0.0003199285640821994,0.00046592247030298884,1.0717299212042168e-05,864.4166666666829,5.904644944930835e-05,6.468640380081644e-06,33395.96780162407,0.39238160084732937,0.0
,0.012256014525646846,0.003361592689544092,0.4022274968048202,0.005543433523541376,4.394094683896387e-06,0.00025443440910286465,0.0028031343675629593,9.114775366648268e-06,934.2500000000157,0.00018614489948386859,4.3940946838963915e-06,22639.07580435389,0.4240807989105765,0.0
,0.006808896958692692,0.0014856013971905379,0.401128914785142,0.004056187662255663,3.1588960449394637e-06,0.00024608269553152724,0.0005583834863302023,5.467820200056652e-06,928.5833333333482,7.88426721254103e-05,3.1588960449394637e-06,37031.87295550048,0.42150854894840367,0.0
,0.003177485247389923,0.000858037509681291,0.39608054656598346,0.0024123690513744122,4.863931339161111e-07,7.582312553979691e-05,0.00018537329176421797,7.282634102700302e-07,915.0000000000147,4.8239326802756016e-05,4.863931339161111e-07,49633.05934235612,0.41534271448025417,0.0
,0.004539264639128461,0.0013962258321236422,0.4051121735932328,0.0031329792061292427,4.702796726921797e-07,9.47707302653747e-05,0.0004866033910681652,4.6726377176812954e-07,936.4166666666804,6.296378835861807e-05,4.702796726921799e-07,44532.32795048713,0.4250643062490543,0.0
,0.003177485247389923,0.000751365322589891,0.38915385974209504,0.0024147599019548245,1.4970093272459348e-07,6.895264415184989e-05,0.00014230417803326115,1.594992695095833e-07,898.0000000000163,4.545205199698794e-05,1.497009327245935e-07,50377.24418745689,0.4076259645937358,0.0
,0.005901044030866999,0.0007690878517803816,0.3889477401129944,0.0036797755841232968,1.0543505278701153e-05,0.00038294793624550914,0.00015747160350728973,1.659229385677796e-05,899.6666666666822,8.02332376015869e-05,1.0543505278701152e-05,29549.978148154758,0.4083825087002572,0.0
,0.003631411711302769,0.0008189311907260316,0.39192314534780287,0.0026660554743087508,1.0682353699351452e-06,9.87739704763449e-05,0.000169313284266566,1.2985611053260444e-06,905.0833333333487,4.4826939575148676e-05,1.0682353699351444e-06,48609.42121387102,0.4108412770464518,0.0
,0.004993191103041307,0.0009662671219256252,0.3981565154527381,0.003334696967169685,1.8419155055115144e-06,0.00014427341459610237,0.0002367335581752455,2.201431543138673e-06,920.750000000014,6.280434448904228e-05,1.841915505511514e-06,40362.796859456415,0.41795279164775306,0.0
,0.003177485247389923,0.0011083720241287667,0.3952987618876727,0.00241663542350131,4.769632342901847e-08,5.5023117867682335e-05,0.00030731910207218346,5.134190852994056e-08,913.2500000000147,5.71399632404013e-05,4.769632342901847e-08,49748.44074093993,0.4145483431684067,0.0
,0.003631411711302769,0.0010195935136032175,0.4019339536580916,0.0026698595924869403,1.578026632164456e-07,7.641984685595593e-05,0.0002609820409147108,1.6856067389315e-07,927.833333333348,5.5574060872183786e-05,1.5780266321644563e-07,47402.2676226921,0.42116810410046907,0.0
,0.0013617793917385383,0.00032657438222018665,0.3685795549606826,0.0011949581592375852,1.4945620054201103e-07,3.823023019353777e-05,2.700738240187539e-05,2.2920660873087548e-07,845.5000000000157,1.4252377516026254e-05,1.4945620054201106e-07,88378.00581418589,0.3837948252383114,0.0
,0.00045392646391284613,0.00013352010709968167,0.346329193523031,0.00043361102088108227,0.0,-5.8589309991379124e-21,4.5068462473445615e-06,0.0,786.5000000000152,6.05699029224261e-06,0.0,159640.4540910718,0.35701316386745346,0.0
,0.020426690876078075,0.005076111572182501,0.4528263103802672,0.006779844755716968,2.3018480575395934e-05,0.0005321114227164492,0.006434149353809898,2.8173987798742013e-05,1041.5000000000068,0.0002872720155298709,2.3018480575395954e-05,20109.098409981598,0.47276441216522924,0.0
,0.015887426236949616,0.0038255927269525104,0.43658343242172015,0.006191032415056278,7.976985452764673e-06,0.00036848036901438044,0.003654718172365115,9.462251115338298e-06,1008.3333333333435,0.00023290557256757492,7.976985452764656e-06,21804.838052880757,0.45770918444545317,0.0
,0.0040853381752156154,0.00042677885769795845,0.3628726733651787,0.0028869919847271204,1.2100407676346462e-06,0.00017926630022400817,4.807087752227391e-05,1.4281117337325633e-06,833.333333333349,1.574726009686191e-05,1.2100407676346465e-06,50017.275738572454,0.37827205326070507,0.0
,0.004539264639128461,0.0011801381823026147,0.40758556891766884,0.0031273369403997968,5.83221179441031e-07,0.00010532524816243883,0.00034969132888462945,7.065455193471331e-07,941.916666666679,7.617079706657572e-05,5.832211794410313e-07,42892.72496513527,0.42756090180057493,0.0
,0.018157058556513846,0.0026243057807454526,0.3985166425470333,0.006463281820794822,6.642901085228849e-05,0.0010376302914111722,0.0018184682909815843,0.00011144669684077053,931.0833333333477,0.00024398040721893731,6.642901085228852e-05,16917.886940246575,0.4226433651081858,0.0
,0.0022696323195642307,0.0002957335912096309,0.3375727857799571,0.0018401502965194514,1.8155683001143315e-08,6.18452586629443e-05,2.2361615624953123e-05,2.3739495800260027e-08,764.7333333333455,1.893543123549885e-05,1.8155683001143318e-08,51193.12844256912,0.34713269783628387,0.0
,0.003177485247389923,0.0002559682280216251,0.35670336787564766,0.0023961905486648855,1.6461691656138343e-06,0.00016899740677999865,1.7745167214257957e-05,2.3354680759822455e-06,814.6666666666828,1.8081307160263125e-05,1.6461691656138345e-06,46645.877721639336,0.3697987592676653,0.0
,0.0013617793917385383,4.776404562550685e-05,0.32910068718255153,0.0011772457282578613,2.0732433511960175e-06,0.00012948938100798427,1.047735970418084e-06,3.1096239828024005e-06,742.5333333333451,6.643807342927326e-06,2.073243351196018e-06,67077.2965305231,0.33705553033741864,0.0
,0.003177485247389923,0.0013037545622315591,0.4245519367893621,0.002416235570829821,2.5185296293052876e-07,5.92939823873359e-05,0.00042578039977188666,3.5067884374622385e-07,974.8333333333445,9.359745784626885e-05,2.518529629305288e-07,53525.620228423635,0.4425026479043728,0.0
,0.008170676350431231,0.0016691124572577713,0.4322150284481067,0.004508540213794096,4.956655129919874e-06,0.0003492530632223131,0.0007144889401297217,6.1726668409001286e-06,993.75000000001,0.00011664371987252639,4.956655129919875e-06,35296.07620665485,0.4510894235133908,0.0
,0.005901044030866999,0.0016078220304836576,0.4333202202989772,0.0037153575389598775,3.302825093020422e-06,0.00024157671574645786,0.0006559345390550294,4.551728296103417e-06,994.2500000000101,0.0001103034356949171,3.302825093020423e-06,41201.772706831514,0.45131638674534724,0.0
,0.010894235133908307,0.0027627817297647497,0.4463128038897893,0.005246495725580685,7.795078458444744e-06,0.0003403280419636383,0.0019259957838775343,9.589534890309871e-06,1021.666666666675,0.00016576532678737438,7.795078458444754e-06,30581.087581702923,0.4637615372976244,0.0
,0.004539264639128461,0.0011186784574307924,0.4188212927756654,0.0030798768522733964,1.0826933089140804e-05,0.0003877901980397497,0.0003273343124983607,3.3290430078969327e-05,964.0000000000114,0.00020649171813049618,1.082693308914079e-05,39282.318246042974,0.4375851112119837,0.0
,0.004993191103041307,0.0012873552622260395,0.41200673274733496,0.0033375513028917974,6.995642535776956e-07,0.00011719916875489783,0.00041633022448695666,8.852843272824368e-07,951.6666666666787,8.127090683675059e-05,6.995642535776957e-07,41171.46284419388,0.4319866848237252,0.0
,0.003177485247389923,0.0009185926020924131,0.4130108736407949,0.0023825921227352033,3.258671423512819e-06,0.00017364105652650192,0.00021646081014842079,9.121038600398575e-06,951.5833333333452,0.0001996664843677388,3.258671423512821e-06,43226.29718775294,0.4319488576183992,0.0
,0.01407172038129823,0.002929517841996083,0.45069558101472995,0.005874719092161248,3.89506956392495e-05,0.0006249879206544947,0.002196639701856323,5.3176602162538786e-05,1032.0833333333403,0.0001699164729142052,3.895069563924947e-05,26859.396549301197,0.46848993796338323,0.0
,0.007262823422605538,0.001635795393971437,0.4192197906755471,0.004210336679752759,1.2184204717708201e-05,0.00026956323359290875,0.0006867400440695863,2.9278483058815784e-05,967.5833333333449,0.00011056172449076153,1.2184204717708184e-05,32573.041608701595,0.4392116810410047,0.0
,0.007716749886518384,0.001880199332260171,0.43649692886863484,0.0043701400179695276,4.066979092057626e-06,0.00029386838609962864,0.0008991576304425272,5.276931072984362e-06,1002.0833333333424,0.00012724209965609765,4.066979092057628e-06,35730.032983496065,0.4548721440459979,0.0
,0.020426690876078075,0.004336165111242584,0.4559188741721854,0.006772228514339094,3.5761966840095586e-05,0.0007213062288335835,0.004759046127975878,4.287451872835788e-05,1046.250000000006,0.00022419809217311278,3.5761966840095694e-05,22457.43448408678,0.47492056286881523,0.0
,0.019518837948252384,0.003277982762889459,0.4496836088997755,0.006651350113855604,4.47509844020215e-05,0.0009522438444530938,0.00277546810035993,6.077082286636376e-05,1034.833333333341,0.00018877327862641135,4.475098440202146e-05,23068.755560668196,0.4697382357391436,0.0
,0.004539264639128461,0.0011933188334291318,0.407887428254027,0.003127447683468797,5.213574313817916e-07,0.00010528801825597286,0.0003575993213094583,6.404260775725478e-07,942.3333333333458,8.207578130632192e-05,5.213574313817916e-07,41267.18141729334,0.42775003782720533,0.0
,0.013163867453472538,0.002474895800314892,0.4405118976204759,0.005720126722732359,1.3833302148225152e-05,0.0004744549509321403,0.0015635454732707392,1.6432718102549427e-05,1013.6666666666754,0.00015216183208526866,1.3833302148225159e-05,28007.986182210225,0.46013012558632166,0.0
,0.007716749886518384,0.0016826966457350082,0.43136870961425494,0.004365332859044451,3.2146556337921027e-06,0.00030146326169205596,0.0007231202760815645,4.26362442212281e-06,992.0000000000101,0.00011714570334164155,3.214655633792101e-06,36215.34255627103,0.45029505220154337,0.0
,0.0027235587834770767,0.0010704878331829646,0.4125468164794007,0.002142928089740257,9.05198983664957e-08,4.5654558069672444e-05,0.00028628008748979663,1.1370946723715667e-07,951.0000000000118,0.0002087429219449626,9.051989836649569e-08,43762.69001092245,0.4316840671811167,0.0
,0.006808896958692692,0.0013708537130815391,0.4276009316770186,0.0040551714652374725,4.703766963865892e-06,0.00026677319951736117,0.0004808220680998495,6.22396353926635e-06,983.8333333333436,0.00010028557600554883,4.703766963865887e-06,38624.96168172938,0.44658798607958844,0.0
,0.01407172038129823,0.0028450541547182075,0.4446014127144299,0.005875001895835855,1.7390417366020638e-05,0.0005761409905900571,0.0020677727709819326,2.2955311630860927e-05,1021.5833333333418,0.00016700559997089346,1.739041736602064e-05,26830.84693758097,0.4637237100922984,0.0
,0.004993191103041307,0.0012308196679661635,0.41116088092571856,0.0033374161122559235,1.9340406667787917e-06,0.00014040659824806533,0.00038254760572878154,2.2090023338596697e-06,948.5833333333461,6.079070631110063e-05,1.934040666778791e-06,44334.579440148555,0.43058707822666065,0.0
,0.0013617793917385383,0.0001690814143413583,0.3299880167765129,0.001195023704780124,9.417360492610718e-09,1.4594192294115279e-05,7.320805830967958e-06,1.0079861659854184e-08,745.8666666666778,4.905274537621942e-06,9.417360492610718e-09,93413.50308434827,0.3385686185504615,0.0
,0.009078529278256923,0.001705325255227095,0.42809949475320636,0.0047459112253647445,2.1562647023573118e-05,0.0005392040123036256,0.0007508976468594578,3.924110320226149e-05,985.8333333333449,0.00011325379919696325,2.1562647023573128e-05,32064.247598580503,0.44749583900741413,0.0
,0.009986382206082615,0.003073519031286094,0.4411293552262715,0.005027277409897832,7.732686412714037e-06,0.0002446527137542657,0.0023665551598874442,1.0216504081587335e-05,1012.4166666666755,0.000584429679363571,7.732686412714027e-06,19478.58374691657,0.45956271750643063,0.0
,0.011348161597821153,0.0013361324968353464,0.3892913942392649,0.005341485502023573,8.61082518397084e-06,0.00038070864511900287,0.0004609268111408067,9.395815914864886e-06,903.5000000000153,8.711015579291435e-05,8.610825183970839e-06,25994.900785408634,0.41012256014525644,0.0
,0.010894235133908307,0.0015298389425055501,0.4063825862387013,0.005239361714286873,9.153943829984984e-06,0.0003785048890206518,0.0006000479251971556,1.1157121225435558e-05,942.0833333333483,0.00010197704215030042,9.153943829984988e-06,26583.33323959114,0.42763655621122715,0.0
,0.014525646845211076,0.0023707398611395674,0.41977896341463417,0.005950815649395938,1.820514369144998e-05,0.0005567528354310314,0.0014451897141944323,2.5874130592228397e-05,974.5000000000123,0.00018340238986305597,1.820514369144996e-05,25370.489979115067,0.44235133908306856,0.0
,0.014979573309123922,0.0024021060559190973,0.42033962984163326,0.006026890385517804,1.9761878649100807e-05,0.0005740419876086679,0.001484287678792031,2.7649673058105298e-05,976.000000000012,0.00018495055210121,1.97618786491008e-05,25047.149644145342,0.44303222877893783,0.0
,0.016795279164775308,0.0027799732659555534,0.43060985144644254,0.006306016392287481,2.9797861718539867e-05,0.0006449030284673033,0.0019819897017889767,4.266831865703576e-05,998.0000000000101,0.00020603472209199946,2.9797861718539833e-05,23353.654326617718,0.45301861098502044,0.0
,0.00045392646391284613,2.4940196361047473e-05,0.311070319118893,0.0004288680184511077,0.0,-5.8589309991379124e-21,1.8956186018697544e-07,0.0,701.6500000000083,1.3261389718725476e-06,0.0,158347.07846701078,0.3184975034044485,0.0
,0.00045392646391284613,2.4940196361047473e-05,0.311070319118893,0.0004288680184511076,0.0,-5.8589309991379124e-21,1.8956186018697951e-07,0.0,701.6500000000082,1.3261389718725476e-06,0.0,158347.07846701078,0.3184975034044485,0.0
,0.003631411711302769,0.0009305953258673707,0.3884676423911127,0.0026621662738465983,3.175769847136947e-06,0.0001346801875436913,0.00021774142675286967,4.500369183890107e-06,896.916666666682,5.729641914268539e-05,3.1757698471369467e-06,41498.63106076838,0.40713421092449686,0.0
,0.012709940989559692,0.002240232192018842,0.43425980682042187,0.0056069168260705965,5.332659871326523e-05,0.0007315346998847087,0.0012979243229492266,8.180070223723457e-05,1000.0833333333436,0.00013004241286540153,5.33265987132653e-05,27351.200971947834,0.4539642911181722,0.0
,0.005901044030866999,0.0016426785392646029,0.4023009495982469,0.003725378669911531,1.1992587310925244e-06,0.00013813310968254278,0.00067258073183313,1.4007441178315075e-06,929.250000000014,7.853319771915323e-05,1.1992587310925248e-06,36070.060968210324,0.42181116659101225,0.0
,0.005901044030866999,0.0004399451036916987,0.3619188434368326,0.0036760117630013425,2.3235946231026063e-06,0.0003519575095134226,5.357292306197186e-05,2.994068878446217e-06,831.8333333333491,3.0842372840318576e-05,2.3235946231026063e-06,39315.24162071709,0.3775911635648358,0.0
,0.0018157058556513845,0.0002464337028445425,0.3593800978792822,0.0015323738551621827,7.79652003857454e-07,7.012923851939131e-05,1.564886005917616e-05,8.669668732868641e-07,821.4166666666824,2.82451327631346e-05,7.796520038574537e-07,49077.754623626824,0.372862762899077,0.0
,0.007716749886518384,0.0016742223493441595,0.41794725858470877,0.00436831567177299,6.086025800376598e-06,0.00023725937752726862,0.0007064581545117021,7.851917668641783e-06,964.6666666666783,0.00015062412032497936,6.086025800376599e-06,25737.180867411837,0.4378877288545922,0.0
,0.004539264639128461,0.0012387220207895442,0.40978422619047616,0.0031136025788945586,5.480672354432908e-06,0.00017917985699113654,0.00039063791674387276,1.0018345332585901e-05,944.7500000000134,5.890546183497801e-05,5.480672354432907e-06,48408.60956649305,0.42884702678166137,0.0
,0.0022696323195642307,0.0007617293180498462,0.40215407082876964,0.0018425413575650189,4.89677313896469e-07,6.65732530931201e-05,0.00014613784148987037,1.1137815491617286e-06,927.0000000000142,3.482216767705711e-05,4.896773138964691e-07,68197.99117460879,0.4207898320472084,0.0
,0.0022696323195642307,0.00024116178501966474,0.3509638362274972,0.0018306566555599713,5.500016863476702e-07,0.00011559425007904026,1.561823669827137e-05,7.273738261140761e-07,800.4166666666815,1.0570806523986718e-05,5.500016863476704e-07,71463.38349496892,0.36333030715690723,0.0
,0.008624602814344077,0.0014053656441439404,0.4251254341952914,0.004647361433568453,6.557260153614318e-06,0.0003239636605689084,0.0005071474354567018,8.208585811483054e-06,980.5833333333442,7.174283180726977e-05,6.5572601536143145e-06,35379.49617438529,0.4451127250718717,0.0
,0.0022696323195642307,0.00031216508124349494,0.36643379906852963,0.0018310228008946786,3.913671229365872e-07,0.00011041081111766439,2.5785210273180376e-05,7.145892508094832e-07,842.0000000000161,2.4998348075186844e-05,3.91367122936587e-07,71292.94427038083,0.3822060826146164,0.0
,0.004539264639128461,0.0004985816909248478,0.37950043066322137,0.003109466180534518,2.814710405791872e-06,0.00024126770233601333,6.56990491819393e-05,4.012832030461257e-06,876.5000000000168,2.110724895284034e-05,2.814710405791873e-06,48086.62565643733,0.3978665456196096,0.0
,0.0040853381752156154,0.0003068085522379725,0.35984972231296963,0.002883379418942516,2.1269180715429464e-06,0.0002280212984237118,2.5858908560712605e-05,2.5119820217876764e-06,826.0000000000165,1.3090077935781362e-05,2.126918071542947e-06,51208.99952792595,0.3749432591920109,0.0
,0.011348161597821153,0.0017645886435722943,0.4297698010144362,0.005332499924379976,1.4244967229514358e-05,0.0004955176719929836,0.0008043078186464796,1.902075342368546e-05,991.333333333343,0.0001499657402196529,1.4244967229514353e-05,26025.044767089545,0.4499924345589348,0.0
,0.005901044030866999,0.0014035880192226232,0.40578375391416466,0.0037164637614332968,3.315569623189327e-06,0.00017614097724632822,0.0004958319228664978,4.9298335992454424e-06,937.9166666666805,0.00011151285626224585,3.315569623189329e-06,31674.963389779205,0.42574519594492355,0.0
,0.0040853381752156154,0.0007624163521250131,0.3950860832137733,0.002890663079963641,3.429979708511279e-06,0.00015041124040424039,0.00014915639303858243,8.362045353243637e-06,912.0000000000148,8.403067258719324e-05,3.4299797085112795e-06,45635.213107727635,0.41398093508851563,0.0
,0.0027235587834770767,0.0007444266254936177,0.39931121986586915,0.0021401557056716265,2.228078493473783e-07,6.339315145814481e-05,0.00013917509020565586,3.185176706582641e-07,921.0000000000144,9.102073349956119e-05,2.2280784934737832e-07,51805.239372287615,0.4180662732637313,0.0
,0.004993191103041307,0.00038699337065483476,0.36061548534948434,0.0032839830100613522,7.9349270323275e-06,0.00042696353675520017,4.355783183913502e-05,1.2282688992929667e-05,827.1666666666817,1.268163019473746e-05,7.934927032327498e-06,47871.550346402524,0.3754728400665759,0.0
,0.0027235587834770767,0.0002609765494871673,0.3568189180434078,0.002084333810797116,2.274685108706858e-06,0.0002761681295392424,1.9893972587043146e-05,5.791207285041489e-06,815.6666666666817,8.767590396587304e-06,2.2746851087068577e-06,64435.64053729803,0.37025268573157816,0.0
,0.0022696323195642307,0.00025551368452964593,0.3565301828774883,0.0018124942197523116,1.25651569200064e-06,0.0001949121673946595,1.8443059369048793e-05,3.597521866430203e-06,814.500000000015,8.551612207937487e-06,1.2565156920006396e-06,69889.86209897646,0.36972310485701315,0.0
,0.003631411711302769,0.0005714882997242901,0.3728211203249281,0.0026587915256043922,3.371625465896483e-07,0.00011465158290956629,8.314902048353796e-05,3.741256255381385e-07,858.3333333333495,2.7092488516000944e-05,3.3716254658964833e-07,53061.230655251,0.3896202148585262,0.0
,0.0013617793917385383,0.0003985500899365857,0.36741160773849235,0.0011980016740638618,2.6545999646392006e-08,2.025715153436349e-05,3.9701549931068245e-05,2.5782426937282447e-08,843.0833333333496,1.8082630756059715e-05,2.6545999646392013e-08,81242.43229151533,0.38269783628385534,0.0
,0.0018157058556513845,0.0003918296139685808,0.37976210998103777,0.0015310404346988253,4.815264759443162e-07,5.8597301284652786e-05,3.896790054760342e-05,6.741918215008062e-07,874.0000000000164,0.0001650266617254464,4.815264759443163e-07,52136.35425383898,0.3967317294598275,0.0
,0.0040853381752156154,0.0004257289594565554,0.38068083635735267,0.002825451983131335,5.0378711971868225e-05,0.0004474015752087718,6.576505664871707e-05,8.785268224004367e-05,877.4166666666828,5.657452126995907e-05,5.037871197186819e-05,44433.30900079662,0.39828264487819637,0.0
,0.013163867453472538,0.0037265892770886283,0.42951842464418016,0.0057253416730762225,9.869156521668602e-06,0.0004005375549074834,0.003477030475446586,1.2104544307016468e-05,992.2500000000117,0.00014428745134118667,9.869156521668608e-06,28471.267818218974,0.45040853381752155,0.0
,0.0013617793917385383,0.000615340112523433,0.3847362906042613,0.0011990748479059937,0.0,1.5458670252310416e-05,9.4486960030495e-05,0.0,884.9166666666831,0.00018526954849327096,0.0,49578.33670848226,0.4016870933575427,0.0
,0.0040853381752156154,0.0006065759682668105,0.38520720405665326,0.002768549250377721,3.9733394118144106e-05,0.0006656130763492665,0.00012289542172788168,0.0001184766613555684,889.0833333333488,4.3323779583377716e-05,3.973339411814412e-05,46763.03891231095,0.40357845362384626,0.0
,0.005901044030866999,0.0014127654184629148,0.41433138988151214,0.0037239305537800278,1.5962440359220138e-06,0.00014464046279447315,0.0005006028277084332,2.0825738911354842e-06,956.000000000012,9.229454106103141e-05,1.5962440359220153e-06,35167.64972080513,0.4339536995006809,0.0
,0.006808896958692692,0.0018735869026063768,0.4301054275673565,0.004069565471052339,1.446915794095688e-06,0.00015583356708587167,0.0008793932478511029,1.84896822603813e-06,988.333333333344,0.00014873238627974845,1.4469157940956878e-06,32690.834641513713,0.44863065516719625,0.0
,0.007716749886518384,0.0016805796315045995,0.4237353337180227,0.0043762943374699775,2.5689022689191225e-06,0.00019173249451014145,0.0007091287872849902,3.0239597628096946e-06,976.8333333333443,0.00010667987078142303,2.5689022689191212e-06,31681.659213002815,0.4434105008321985,0.0
,0.00045392646391284613,5.461414169053698e-05,0.32188778492109876,0.0004314157040604623,0.0,0.0,8.043881803993584e-07,0.0,725.9833333333434,2.1064429647649185e-06,0.0,158116.85218353744,0.32954304735966106,0.0
,0.0009078529278256923,3.614896311857305e-05,0.3243044310319447,0.0008191510849034586,5.14508140059308e-07,6.429559368487308e-05,5.361934726405398e-07,6.064681255029165e-07,729.3666666666778,2.0602899800551927e-06,5.145081400593079e-07,104029.22429224876,0.33107883189589954,0.0
,0.00045392646391284613,1.476031485558184e-05,0.3065256713510505,0.0004250256060259531,0.0,0.0,1.1408725183004908e-07,0.0,690.6166666666737,1.0670747856776787e-06,0.0,137849.8881285886,0.31348918141927673,0.0
,0.0009078529278256923,2.0722185520030693e-05,0.31221655328798187,0.000809407079934277,0.0,6.932753206203703e-05,2.597222342685355e-07,0.0,703.716666666675,1.454893204998882e-06,0.0,104520.91000479882,0.319435618096535,0.0
,0.00045392646391284613,1.476031485558184e-05,0.3065256713510505,0.00042502560602595304,0.0,0.0,1.1408725183002874e-07,0.0,690.6166666666737,1.0670747859791187e-06,0.0,137849.88812858838,0.31348918141927673,0.0
,0.0009078529278256923,3.614896311857305e-05,0.3243044310319447,0.0008191510849034585,5.14508140059308e-07,6.429559368487308e-05,5.361934726409269e-07,6.064681255029165e-07,729.3666666666778,2.0602899803566327e-06,5.145081400593079e-07,104029.22429224903,0.33107883189589954,0.0
,0.01861098502042669,0.004371041466578626,0.43753723932472693,0.006552754286747485,0.0003663283441265099,0.0008617620741381138,0.005116893856119534,0.0003314180771298288,1012.0000000000109,0.00016623051627739067,0.0003663283441265105,23761.58235786319,0.4593735814798003,0.0
,0.008170676350431231,0.0020779300185313357,0.40834105653382763,0.004511342956054069,5.941973816392746e-06,0.0002720356291669794,0.0010857147373648855,8.744175728469856e-06,944.5000000000132,0.00014612541678852013,5.941973816392746e-06,25188.75242695685,0.4287335451656832,0.0
,0.013617793917385384,0.0023499799242380666,0.404442812557371,0.005779776151786433,3.600948886388595e-05,0.0007141925473384626,0.0014233606040388595,6.199001687233111e-05,940.333333333348,0.00015220870119455745,3.600948886388596e-05,21148.438548298363,0.42684218489937964,0.0
,0.005447117566954153,0.0004839592136801,0.36673880472781756,0.003490538061755708,1.2771514511104073e-05,0.0003994990304542528,6.414501381728601e-05,2.1426402748271654e-05,843.8333333333496,3.82922053903903e-05,1.2771514511104076e-05,33126.581808610805,0.38303828113178995,0.0
,0.0040853381752156154,0.0012844026625660413,0.41636741636741637,0.0029049152084844837,9.448979063486406e-07,0.00010220146773157953,0.00041395760471000555,1.2836930912431475e-06,959.000000000012,5.888061478670892e-05,9.448979063486405e-07,49385.11799139271,0.43531547889241945,0.0
,0.007262823422605538,0.001112738306554557,0.40834105653382763,0.0042099880595693594,5.327960610086516e-06,0.0003075830935775758,0.0003213403824782499,6.769642849165489e-06,943.9166666666787,0.00010076569051640973,5.3279606100865106e-06,32563.75893671392,0.4284687547284006,0.0
,0.00045392646391284613,6.182103553710148e-05,0.32929745889387146,0.00043242112887637447,0.0,0.0,1.007927021019012e-06,0.0,743.2500000000116,7.421390063594855e-06,0.0,101750.75942353121,0.3373808443032229,0.0
,0.004539264639128461,0.0005124483376991934,0.36643379906852963,0.003111630421050378,1.5619429587349775e-06,0.00019504335736184107,6.876949296741117e-05,1.797569293520302e-06,843.5833333333494,1.9399178598778685e-05,1.5619429587349775e-06,46972.79244020892,0.38292479951581176,0.0
,0.004993191103041307,0.000527862203492206,0.3669831750791271,0.0033182164621448082,2.804356000275158e-06,0.00023109873755586987,7.335643395211695e-05,3.294878867736467e-06,845.3333333333495,2.019312846672583e-05,2.804356000275158e-06,44696.57594289939,0.3837191708276592,0.0
,0.0040853381752156154,0.001072678609552283,0.4070583887657058,0.0029030252175759248,1.8004869262485552e-06,0.00011231468777858727,0.000290350272090241,2.0658140270531936e-06,939.5000000000134,6.173604982198967e-05,1.8004869262485548e-06,46370.68426475539,0.42646391284611895,0.0
,0.004993191103041307,0.0008184273155550951,0.37485111451420794,0.0033205712282337,4.159126177007631e-06,0.0001901461231498084,0.00016976649324496862,5.113905437511097e-06,864.0000000000163,4.7760575398005e-05,4.15912617700763e-06,36923.66685055253,0.392192464820699,0.0
,0.0040853381752156154,0.0007818500032088904,0.38785211267605635,0.0029036230949252596,4.957513539662523e-07,0.00011594820658259384,0.0001549358316805832,5.858360880940076e-07,896.1666666666815,3.304961649155846e-05,4.957513539662522e-07,49091.20457348787,0.40679376607656226,0.0
,0.007716749886518384,0.0017314595452661912,0.41024208566108006,0.004373694125665434,2.281428063879225e-06,0.00019819909611556367,0.0007542984615428184,2.7241552544368477e-06,948.833333333346,0.00011346131723962952,2.281428063879225e-06,31458.970691548304,0.43070055984263883,0.0
,0.005447117566954153,0.00037944080000191854,0.3491837058170867,0.0035144498220451674,6.826193975197668e-07,0.00028600741598347435,4.17425586943092e-05,8.447708715914274e-07,795.833333333349,1.6730424854995308e-05,6.826193975197668e-07,43430.109682970135,0.36124981086397334,0.0
,0.013163867453472538,0.0022583814009643696,0.377290631957527,0.005687308285764756,2.818087239342316e-05,0.0006319497622496021,0.001310799422879783,4.3253620639967276e-05,877.0833333333495,0.00018094776720062547,2.8180872393423148e-05,19766.86224065825,0.3981313360568921,0.0
,0.0018157058556513845,3.526256675838643e-05,0.31137809187279153,0.0015008750679271607,7.458084168398264e-07,0.00017497654232320024,6.627416581844432e-07,9.967469952648876e-07,705.5166666666745,3.0171309924125195e-06,7.458084168398262e-07,71534.16402719938,0.32025268573157817,0.0
,0.004993191103041307,0.00025378537493528895,0.35214194373401536,0.003291871081103596,1.7222714194272324e-05,0.0004768114379168948,2.2798598669848613e-05,2.1750908214678055e-05,803.9166666666822,1.4541163334337097e-05,1.722271419427232e-05,42783.92405391074,0.3649190497806022,0.0
,0.005447117566954153,0.00017029629440926824,0.3409688902646649,0.003482395966229444,1.4359822473219421e-05,0.0005426792122376961,1.2341681098744874e-05,1.7256852033837153e-05,776.0000000000136,1.412605316656426e-05,1.4359822473219426e-05,40033.14071343718,0.3522469359963686,0.0
,0.004993191103041307,0.00025185978816072625,0.34427254258477885,0.003296393901860199,9.641899142318781e-06,0.00046561558859040217,2.2685557647409315e-05,1.1036478661652778e-05,783.4166666666808,1.4885026529673068e-05,9.641899142318786e-06,42442.57075895086,0.35561355727038885,0.0
,0.004993191103041307,0.000918324029900872,0.3776787244985428,0.0033000245263794864,8.541478752904533e-06,0.0003196952231444391,0.0002185973512593073,1.5449860112098112e-05,870.9166666666819,6.199332122726693e-05,8.541478752904528e-06,30727.43270766004,0.39533212286276287,0.0
,0.0022696323195642307,7.621893524939547e-05,0.3300869044051543,0.0018246675746564362,8.255758404397425e-07,0.00015007969894750443,2.295804738771902e-06,9.619694383404845e-07,745.6666666666783,5.205340550828714e-06,8.255758404397426e-07,63394.17069162596,0.3384778332576789,0.0
,0.0027235587834770767,0.00014627981324640533,0.34086337614111095,0.002117312753344223,1.1059384778548026e-06,0.00018101499584035585,7.112675285584843e-06,1.3505330187701204e-06,772.1666666666804,7.99706026699243e-06,1.1059384778548026e-06,57872.5373578964,0.3505068845513693,0.0
,0.007716749886518384,0.0004684957376397695,0.36245475485357026,0.004323704544367602,2.9209373107380333e-05,0.0006737709453661499,7.142172807208806e-05,4.092946885444303e-05,833.5000000000163,2.8625735611190116e-05,2.9209373107380316e-05,33736.82588611376,0.3783477076713572,0.0
,0.005901044030866999,0.0002553471096463034,0.3464926077382825,0.003669677379346337,1.5000955461215926e-05,0.0005774289389989251,2.478925759393917e-05,1.7328087114486043e-05,790.0000000000146,1.6703780087471608e-05,1.5000955461215931e-05,39087.14708864066,0.3586019064911484,0.0
,0.0027235587834770767,0.0005330195467213099,0.37982758620689655,0.0021217821955014653,3.0508852400689338e-06,0.00014543069805392686,7.366357129894327e-05,5.95639636139831e-06,875.000000000016,4.7435380825396245e-05,3.050885240068933e-06,45124.666809569455,0.39718565592374033,0.0
,0.0022696323195642307,0.00016034068045879006,0.34033678356249036,0.0018385636878094404,8.197086195779346e-07,0.00010278219911889265,7.0772505355796355e-06,1.0417484013549295e-06,770.3666666666807,6.682275571702505e-06,8.197086195779345e-07,70188.25751473673,0.3496898169163262,0.0
,0.0009078529278256923,1.4871001798839713e-05,0.30768156424581006,0.0008029267856900906,4.81133898578313e-07,6.838051717973902e-05,1.528379049391373e-07,8.098322474580402e-07,693.8666666666738,1.2948122314706025e-06,4.81133898578313e-07,111861.70327814812,0.3149644424269935,0.0
,0.0018157058556513845,8.592858385458194e-05,0.33282973258800425,0.001512424050760554,3.5118309770093987e-06,0.00016485881176460938,2.747260796171425e-06,4.908906269604988e-06,752.3166666666805,7.07290910054405e-06,3.5118309770093974e-06,62972.68333511781,0.3414964442426993,0.0
,0.004539264639128461,0.0004306595070573078,0.36150311782080735,0.003097040677002043,9.27151390343105e-06,0.0003554782427775938,5.479964114382991e-05,1.4762612470412611e-05,829.5833333333486,1.9447593548924158e-05,9.271513903431043e-06,46154.66730193608,0.37656982902103187,0.0
,0.011348161597821153,0.002134488905467458,0.4174720485124124,0.005331293510837142,2.5995643103376827e-05,0.0004801536668180501,0.0011548311452723775,4.478567362639511e-05,966.5833333333461,0.00013454631200851032,2.5995643103376824e-05,25065.99802994407,0.4387577545770919,0.0
,0.0018157058556513845,0.0005934845324887033,0.38493796959636556,0.0015361310563776496,1.1683468902081868e-07,3.355234468884663e-05,8.782001297543944e-05,1.6019306553383276e-07,886.9166666666816,2.498800625053295e-05,1.1683468902081868e-07,74212.3607007682,0.4025949462853684,0.0
,0.005447117566954153,0.00037944080000191854,0.3491837058170867,0.003514449822045171,6.826193975197668e-07,0.00028600741598344855,4.1742558691992824e-05,8.447708715914274e-07,795.833333333349,1.6730424854995308e-05,6.826193975197668e-07,43430.10968297013,0.36124981086397334,0.0
,0.0027235587834770767,0.0003031647371661134,0.35276220976781425,0.0021149894401427394,1.3192011250805981e-06,0.0001388711709709597,2.438456283113842e-05,1.7888752910265214e-06,803.5833333333494,2.3543667237971165e-05,1.3192011250805975e-06,43282.07021378744,0.36476774095929787,0.0
,0.005901044030866999,0.00040096523183923074,0.3497935852651635,0.0036993121016002596,7.065663648689221e-07,0.00030965105889991455,4.664325688007973e-05,8.760449756324444e-07,797.8333333333491,1.7948172220849525e-05,7.065663648689222e-07,41544.32955010413,0.36215766379179903,0.0
,0.005447117566954153,0.00037944080000191854,0.3491837058170867,0.0035144498220451696,6.826193975197668e-07,0.00028600741598340805,4.174255869199235e-05,8.447708715914274e-07,795.833333333349,1.6730424854995308e-05,6.826193975197668e-07,43430.10968297013,0.36124981086397334,0.0
,0.005901044030866999,0.00040096523183923074,0.3497935852651635,0.0036993121016002575,7.065663648689221e-07,0.000309651058899905,4.664325688008039e-05,8.760449756324444e-07,797.8333333333491,1.7948172220849525e-05,7.065663648689222e-07,41544.32955010413,0.36215766379179903,0.0
,0.005901044030866999,0.00040096523183923074,0.3497935852651635,0.0036993121016002566,7.065663648689221e-07,0.00030965105889991054,4.664325688008037e-05,8.760449756324444e-07,797.8333333333491,1.7948172220849525e-05,7.065663648689222e-07,41544.32955010413,0.36215766379179903,0.0
,0.005901044030866999,0.00040096523183923074,0.3497935852651635,0.003699312101600255,7.065663648689221e-07,0.00030965105889987085,4.664325688008037e-05,8.760449756324444e-07,797.8333333333491,1.7948172220849525e-05,7.065663648689222e-07,41544.32955010413,0.36215766379179903,0.0
,0.011802088061733999,0.0032833972620974726,0.4237353337180227,0.005452551131883881,5.9428561294393355e-06,0.0003237963416118777,0.002696598185595735,6.5358834856452075e-06,978.6666666666797,0.00011643443374303903,5.942856129439332e-06,29987.068889263828,0.44424269934937205,0.0
,0.0022696323195642307,0.0005077516105644775,0.37529812606473595,0.0018489461207167994,2.9883894419859956e-07,5.297946178525832e-05,6.463693587183348e-05,3.646351463689835e-07,862.8333333333494,6.60883627087764e-05,2.988389441985995e-07,41421.635237913506,0.391662883946134,0.0
,0.00045392646391284613,6.182103553710148e-05,0.32929745889387146,0.00043242112887637414,0.0,0.0,1.0079270162311808e-06,0.0,743.2500000000116,7.421390063745574e-06,0.0,101750.75942353108,0.3373808443032229,0.0
,0.006354970494779846,0.0016898414165211896,0.39894965592176745,0.003898439156990554,8.098622409979004e-07,0.0001368291039998732,0.0007138597818618689,1.3805290356224353e-06,923.7500000000146,0.00013643562110796174,8.098622409979004e-07,28635.249046527766,0.4193145710394916,0.0
,0.0040853381752156154,0.0006301528510231631,0.386423434485178,0.0028880425648923442,2.7236375323420745e-06,0.000180289258062427,0.00010246681119096961,4.782836956145997e-06,892.6666666666823,4.010507191165963e-05,2.723637532342072e-06,47046.16563536441,0.4052050234528673,0.0
,0.005901044030866999,0.0004039155577009468,0.35018280082657766,0.0036996439675109944,7.152909014736874e-07,0.0003116564891195203,4.7145742447728714e-05,8.948367110181147e-07,798.7500000000157,1.7843074787503036e-05,7.152909014736874e-07,41543.62320894057,0.36257376305038586,0.0
,0.0040853381752156154,0.0008620790297315446,0.38594954449894886,0.00287421237461551,1.0717442325877893e-05,0.0002710580818230236,0.00019278934734193092,2.370116326263185e-05,891.3333333333475,9.798492503385156e-05,1.071744232587789e-05,32363.41996984882,0.40459978816765013,0.0
,0.0013617793917385383,3.086441167030367e-05,0.3087163677130045,0.001172598524381658,2.475462475197666e-08,8.544391989948147e-05,4.193236805942227e-07,2.6001811047858443e-08,698.4833333333402,4.35549346715715e-06,2.475462475197666e-08,59495.41153056869,0.3170600696020578,0.0
,0.0009078529278256923,1.3263364638091192e-05,0.3075097710776103,0.0007992291444813854,8.021184448716188e-07,7.81386977996104e-05,1.1413650913213304e-07,1.0864792687650426e-06,693.6166666666736,3.048077445144747e-06,8.021184448716188e-07,69955.3533038781,0.31485096081101527,0.0
,0.005901044030866999,0.0015914508466016697,0.38393168351341933,0.0037216271247600768,5.969158171925802e-07,0.00012711140977953852,0.0006310261781518355,8.715723354612543e-07,887.0000000000157,0.00010139149930721926,5.969158171925806e-07,29688.640055247317,0.4026327734906945,0.0
,0.0040853381752156154,0.0011446712784466575,0.41440933032355154,0.002899529465768358,9.92818168406189e-07,0.00013708400276548385,0.0003311048470116474,1.4759779936795663e-06,955.0000000000125,4.977752256453381e-05,9.928181684061897e-07,52297.45089734377,0.43349977303676807,0.0
,0.0022696323195642307,0.0007607674097411669,0.40414602825169693,0.001844133487908749,2.456665563236649e-07,6.673854455102788e-05,0.00014633023574569853,4.08491913211928e-07,931.3333333333475,3.748245139727862e-05,2.456665563236649e-07,68748.02242360167,0.422756846724164,0.0
,0.0009078529278256923,0.0004882240593730734,0.3898425057511945,0.0008326310443267578,1.397578361467529e-09,8.287481033621727e-06,5.983723489009551e-05,1.397578361467507e-09,898.000000000015,2.635282087987328e-05,1.397578361467529e-09,101858.7849338402,0.4076259645937358,0.0
,0.00045392646391284613,0.00016519853337002545,0.3450274079874706,0.0004334963001643056,0.0,-2.9294654995689562e-21,6.771899956083142e-06,0.0,781.5000000000153,6.929723724886338e-06,0.0,135651.33635675188,0.35474353154788923,0.0
,0.0022696323195642307,0.0007217489497907156,0.3862201963534362,0.001850817692015135,6.913710530950493e-08,3.9349842500132646e-05,0.00012955287391150575,8.327501761497525e-08,891.4166666666813,5.357046325230505e-05,6.913710530950494e-08,47963.42264198438,0.4046376153729762,0.0
,0.004539264639128461,0.00021837266568819065,0.3394976113422715,0.0030861978908742127,9.718929611715067e-06,0.0004304360227856228,1.6692585196518385e-05,1.0623469583299757e-05,770.8333333333471,1.245687083880863e-05,9.718929611715079e-06,44889.940497532334,0.3499016492661522,0.0
,0.0018157058556513845,0.0002063210635680048,0.3538955823293173,0.001486883399514975,5.619412961740076e-06,0.0002530998203890728,1.3374820052796469e-05,1.2532164542773068e-05,807.0833333333486,2.1533683764008675e-05,5.619412961740079e-06,53978.55115274509,0.36635648358299283,0.0
,0.003631411711302769,0.00029784873792116745,0.35979095214764006,0.0025695256355901994,1.0025331656681398e-05,0.0004656047907265058,2.864736467584552e-05,2.228912105438455e-05,823.5000000000168,2.8300180507274045e-05,1.0025331656681403e-05,35070.11906953271,0.37380844303222877,0.0
,0.0022696323195642307,8.451655293514865e-05,0.32666073546856467,0.0018244804679180486,2.1265935949337055e-06,0.00013624361898520923,2.344501871467493e-06,2.4536190675978942e-06,738.0166666666776,4.701924832555412e-06,2.126593594933705e-06,62852.55967387976,0.33500529580874566,0.0
,0.003631411711302769,0.0003119254053748233,0.347970304849155,0.002649279630749569,1.0046469943109838e-06,0.00015732330743406848,2.601382375211511e-05,1.1187448925122504e-06,794.5333333333481,1.1172104103888662e-05,1.004646994310984e-06,53165.75517882319,0.36065970646088663,0.0
,0.0022696323195642307,0.00013439750727489643,0.33495514672343013,0.0018300497227352597,2.128957896665551e-07,9.472877170340248e-05,5.084869049803389e-06,2.659348739317174e-07,754.9500000000131,4.667501472103107e-06,2.1289578966655517e-07,70491.21732853311,0.34269178393100314,0.0
,0.0022696323195642307,0.00013439750727489643,0.33495514672343013,0.0018300497227352606,2.128957896665551e-07,9.472877170340252e-05,5.084869049803429e-06,2.659348739317174e-07,754.9500000000131,4.667501472103107e-06,2.1289578966655517e-07,70491.21732853311,0.34269178393100314,0.0
,0.0009078529278256923,4.8299046375375273e-05,0.32661230541141584,0.000818674766330231,6.108340096709975e-08,3.159765228624943e-05,6.623063765185045e-07,6.705780118310124e-08,732.8166666666787,1.8731148099431608e-06,6.108340096709974e-08,97689.26008544968,0.3326448781963988,0.0
,0.0022696323195642307,0.0007898403761929984,0.39115767045454547,0.001850240529631953,2.1771125974403836e-08,4.456286904150283e-05,0.00015721536006769166,2.1483517488263527e-08,901.583333333348,4.109692893841498e-05,2.1771125974403836e-08,67391.83132192492,0.40925253442275683,0.0
,0.004539264639128461,0.0004868888789615318,0.35879478827361566,0.0030983912595697665,1.539189062994769e-05,0.00034118251649860185,6.879569179719377e-05,2.3147651090371834e-05,822.5000000000152,2.4770526669526023e-05,1.5391890629947683e-05,41459.51843237335,0.3733545165683159,0.0
,0.0027235587834770767,0.0001482350642106175,0.33505703422053235,0.0021116415912742137,1.143633040130849e-06,0.00020386145346866733,7.936868384959069e-06,1.4415859912561902e-06,757.5833333333466,1.048394309977055e-05,1.1436330401308485e-06,54606.39086189734,0.34388712361930696,0.0
,0.0040853381752156154,0.0003758186844561156,0.3565301828774883,0.002876127909105121,1.14702540570781e-05,0.0003625140405690499,4.233929482725666e-05,1.531548155573922e-05,816.0833333333487,1.4750059299631452e-05,1.1470254057078098e-05,48404.37847910326,0.37044182175820844,0.0
,0.0018157058556513845,0.0001830355963891175,0.339864239432274,0.0015286524387813254,3.1041590776213227e-08,5.6579033025856574e-05,8.819548822714784e-06,2.7806097372354816e-08,768.666666666681,8.167922616656335e-06,3.1041590776213227e-08,74337.16355511497,0.34891814192767434,0.0
,0.00045392646391284613,5.461414169053698e-05,0.32188778492109876,0.00043141570406046286,0.0,0.0,8.043881839285166e-07,0.0,725.9833333333434,2.1064429649156387e-06,0.0,158116.85218353878,0.32954304735966106,0.0
,0.0009078529278256923,0.00012627359901442515,0.33577198597774727,0.0008282556997967038,6.48605814968839e-09,1.3265043493081138e-05,4.029519151714044e-06,7.827988930713053e-09,756.9166666666803,8.69790408167604e-06,6.486058149688389e-09,80553.64444336525,0.34358450597669843,0.0
,0.003177485247389923,0.0006099791993143364,0.37923911172318814,0.0024080306458980068,6.859002651409128e-07,0.0001060453094443667,9.449889671966936e-05,8.452060957842393e-07,874.8333333333497,3.493027283285194e-05,6.859002651409128e-07,53140.48379019654,0.3971100015130882,0.0
,0.0040853381752156154,0.000645400994959182,0.36323165704863974,0.0028935145228997615,1.4350002122960295e-06,0.00014821756405758473,0.0001074347828410747,1.9762244525273475e-06,835.2500000000165,2.7331377747870168e-05,1.4350002122960297e-06,49267.35591838679,0.37914207898320473,0.0
,0.00045392646391284613,5.461414169053698e-05,0.32188778492109876,0.000431415704060463,0.0,0.0,8.043881839283049e-07,0.0,725.9833333333434,2.1064429649156387e-06,0.0,158116.85218353898,0.32954304735966106,0.0
,0.00045392646391284613,5.461414169053698e-05,0.32188778492109876,0.00043141570406046313,0.0,0.0,8.043881839283519e-07,0.0,725.9833333333434,2.1064429649156387e-06,0.0,158116.85218353887,0.32954304735966106,0.0
,0.003631411711302769,0.0007803942577312099,0.3934631184140025,0.0026494035658983406,2.5085687554244968e-06,0.00014768823455992892,0.00015436681510805003,4.567842668071889e-06,907.9166666666822,5.311463276820105e-05,2.5085687554244963e-06,47053.49549142915,0.41212740202753817,0.0
,0.00045392646391284613,4.9285894214847887e-05,0.32507009001032905,0.00043069245946238284,0.0,-1.4647327497844781e-21,6.204432595547086e-07,0.0,729.4500000000119,4.078249598814169e-06,0.0,106987.5756555848,0.33111665910122556,0.0
,0.00045392646391284613,2.0422731686018443e-05,0.3093232238135355,0.0004262478951257405,0.0,0.0,1.2492013323499202e-07,0.0,696.6000000000076,1.0663240901773634e-06,0.0,160257.30755537626,0.31620517476168863,0.0
,0.00045392646391284613,8.00376869004716e-06,0.2964607724397793,0.00042414465891767503,0.0,0.0,3.1345901361657896e-08,0.0,670.316666666671,1.459264033557104e-06,0.0,108754.27967195709,0.30427447420184595,0.0
,0.0040853381752156154,0.0008632876427837084,0.37819742489270386,0.00290559795850195,2.538841209420271e-07,8.229428271632558e-05,0.00018719046360350734,2.780659926261733e-07,872.9166666666813,5.736417932982385e-05,2.5388412094202707e-07,37710.046886464064,0.39623997579058856,0.0
,0.00045392646391284613,0.00012361973047176993,0.34075792730085075,0.00043324582937827663,0.0,0.0,3.823578619157072e-06,0.0,770.1666666666816,4.975188036985332e-06,0.0,157890.91464830775,0.3495990316235436,0.0
,0.00045392646391284613,4.8872769778592115e-05,0.32473466981132076,0.00043135385903462137,0.0,0.0,6.105914375391763e-07,0.0,730.5333333333452,2.2673042668299194e-06,0.0,151556.72446208633,0.3316084127704645,0.0
,0.0013617793917385383,0.00019544978671527777,0.346329193523031,0.001193370495844823,6.157905666613666e-08,2.808283112198407e-05,9.690989604000817e-06,7.705886948167523e-08,785.7500000000152,9.278280951144067e-06,6.157905666613665e-08,88094.18689147846,0.35667271901951886,0.0
,0.0009078529278256923,5.979445887948431e-05,0.32969170906914097,0.0008222883127251273,4.4426852629554514e-07,4.0406870992267065e-05,1.0283821156499794e-06,5.916462119184233e-07,741.7833333333451,4.892878176677064e-06,4.4426852629554504e-07,80264.03538215248,0.33671508548948403,0.0
,0.0040853381752156154,0.0012336639150719332,0.396508279337653,0.002907466530006007,3.215079155673123e-07,7.763671989587451e-05,0.0003782693221269469,3.960346923145425e-07,916.3333333333478,0.00013544619396487073,3.215079155673123e-07,40937.509276554476,0.4159479497654713,0.0
,0.00045392646391284613,2.370210313075703e-05,0.3186288689615273,0.00042985300830339677,0.0,0.0,1.891760818268712e-07,0.0,716.8333333333426,1.7330211164509662e-06,0.0,150189.56778465986,0.3253896202148585,0.0
,0.00045392646391284613,2.370210313075703e-05,0.3186288689615273,0.00042985300830339666,0.0,0.0,1.8917608182690115e-07,0.0,716.8333333333425,1.7330211164509662e-06,0.0,150189.56778465988,0.3253896202148585,0.0
,0.00045392646391284613,2.370210313075703e-05,0.3186288689615273,0.00042985300830339666,0.0,0.0,1.8917608182690853e-07,0.0,716.8333333333425,1.7330211164509662e-06,0.0,150189.56778465986,0.3253896202148585,0.0
,0.0013617793917385383,0.00017573876982594866,0.35435097313816954,0.0011900229243245243,7.787001169684642e-07,5.0090432074381045e-05,8.06976748604715e-06,1.5110137112969207e-06,808.4166666666808,7.990778127481053e-06,7.787001169684645e-07,84235.35159437986,0.36696171886821,0.0
,0.0018157058556513845,0.00023617755242621047,0.35057288351368554,0.0015305266203010852,6.425157651301896e-08,5.392558533314666e-05,1.4520351391084063e-05,7.707644082694526e-08,802.7500000000143,1.394275988443135e-05,6.425157651301895e-08,69207.90830564294,0.36438946890603724,0.0
,0.0027235587834770767,0.0004127520105088275,0.36963087248322146,0.002136357875828369,4.827505753154069e-07,9.037581367296736e-05,4.380328832784409e-05,5.896194667783438e-07,851.1666666666824,2.2432933555507196e-05,4.827505753154069e-07,55530.819253690446,0.3863670752004842,0.0
,0.0013617793917385383,0.0002504916279284848,0.35601163542340014,0.0011970545487021823,2.1118745991041175e-08,2.8637439445328044e-05,1.6031237761737723e-05,2.2467932228787207e-08,815.2500000000144,1.2691152180390625e-05,2.111874599104117e-08,88587.0148693918,0.3700635497049478,0.0
,0.0013617793917385383,0.0002504916279284848,0.35601163542340014,0.0011970545487021826,2.1118745991041175e-08,2.8637439445328044e-05,1.6031237761737517e-05,2.2467932228787207e-08,815.2500000000143,1.2691152180390625e-05,2.111874599104117e-08,88587.0148693918,0.3700635497049478,0.0
,0.00045392646391284613,8.590403447605279e-05,0.3335352006056018,0.00043281612351137543,0.0,0.0,1.8568104452560818e-06,0.0,753.2833333333454,1.3113848328164067e-05,0.0,85093.85005916405,0.34193523982448176,0.0
,0.0018157058556513845,0.00016640431847561677,0.33078078078078077,0.001526803372960678,5.0238817336587655e-08,4.055753494258983e-05,7.245008101721978e-06,5.3738689952520544e-08,745.4000000000121,4.501582850540103e-06,5.023881733658766e-08,79216.47283921429,0.3383567862006355,0.0
,0.0013617793917385383,0.00011492867121910052,0.3261770802487415,0.0011904016568572132,2.4708746848762117e-08,2.7417914622602812e-05,3.552964628291308e-06,2.261323448038418e-08,734.4500000000113,8.84292174796177e-06,2.4708746848762114e-08,64154.851618800516,0.3333862914207898,0.0
,0.004539264639128461,0.0007711121783146294,0.38601717189416507,0.0031156864263968296,7.021714082316808e-06,0.00019401648022858916,0.00015280639817021334,8.685667926106387e-06,890.8333333333486,9.65158031781841e-05,7.021714082316807e-06,33081.35707514994,0.4043728249356937,0.0
,0.0013617793917385383,0.00011492867121910052,0.3261770802487415,0.0011904016568572125,2.4708746848762117e-08,2.7417914622602774e-05,3.5529646282913964e-06,2.261323448038418e-08,734.4500000000113,8.842921747660332e-06,2.4708746848762114e-08,64154.85161880053,0.3333862914207898,0.0
,0.0018157058556513845,0.00016640431847561677,0.33078078078078077,0.0015268033729606775,5.0238817336587655e-08,4.055753494258985e-05,7.245008101722211e-06,5.3738689952520544e-08,745.4000000000121,4.501582850238662e-06,5.023881733658766e-08,79216.47283921436,0.3383567862006355,0.0
,0.0013617793917385383,2.9169730792033622e-05,0.3176182237600923,0.0011768107639292735,1.5418896591747997e-06,0.00011782139095239736,4.0134372171119937e-07,2.868302845980048e-06,719.9333333333424,7.318011328574958e-06,1.5418896591747995e-06,52560.46365514378,0.3267967922529883,0.0
,0.00045392646391284613,2.7568510454364542e-05,0.31807681201270577,0.0004305929841510914,0.0,0.0,2.8196778945895956e-07,0.0,717.2333333333427,2.336644866349191e-06,0.0,138294.85453768703,0.3255711908004237,0.0
,0.00045392646391284613,2.7568510454364542e-05,0.31807681201270577,0.0004305929841510914,0.0,0.0,2.8196778945897725e-07,0.0,717.2333333333427,2.336644866349191e-06,0.0,138294.85453768703,0.3255711908004237,0.0
,0.00045392646391284613,2.7568510454364542e-05,0.31807681201270577,0.0004305929841510913,0.0,0.0,2.819677894589921e-07,0.0,717.2333333333427,6.49828098135801e-06,0.0,84015.91176847214,0.3255711908004237,0.0
,0.00045392646391284613,2.7568510454364542e-05,0.31807681201270577,0.0004305929841510913,0.0,0.0,2.819677894589873e-07,0.0,717.2333333333427,2.336644866349191e-06,0.0,138294.85453768692,0.3255711908004237,0.0
,0.00045392646391284613,2.7568510454364542e-05,0.31807681201270577,0.00043059298415109123,0.0,0.0,2.819677894589835e-07,0.0,717.2333333333426,1.7393230114204269e-06,0.0,159986.01781883073,0.3255711908004237,0.0
,0.0027235587834770767,0.00046338151829092403,0.35624191461837,0.0021333282820543294,9.63553892249833e-08,7.335026967416952e-05,5.435371813401621e-05,1.3848599113614912e-07,814.4166666666822,2.5768680653365997e-05,9.63553892249833e-08,48637.25087928518,0.36968527765168707,0.0
,0.00045392646391284613,8.828029544179705e-05,0.3352099817407182,0.00043259117219990464,0.0,0.0,1.9549982265302194e-06,0.0,754.0833333333468,1.304709565401445e-05,0.0,84565.6541020577,0.342298380995612,0.0
,0.00045392646391284613,3.583113356940614e-05,0.31849067514818563,0.0004289255728635658,0.0,0.0,3.328818794154179e-07,0.0,715.1833333333432,1.200412215296159e-06,0.0,146198.94298864683,0.3246406415494023,0.0
,0.0009078529278256923,1.4902467248907003e-05,0.2885774168194917,0.0008108556999400815,2.467387066294208e-08,3.4837785570355184e-05,1.416347709164662e-07,2.687940539812667e-08,654.2333333333352,1.3556334207421551e-06,2.467387066294208e-08,103998.96477058323,0.2969738235739144,0.0
,0.0009078529278256923,0.0001667880188477719,0.3345482156416097,0.0008292112626511318,2.966083572898713e-09,7.839450146921908e-06,6.960009857964098e-06,2.9660835728986945e-09,753.4166666666796,1.1991528246328347e-05,2.9660835728987127e-09,71678.90561198139,0.34199576335300347,0.0
,0.00045392646391284613,0.00017629414985866182,0.3450814536340852,0.00043352496153755907,0.0,0.0,7.713611604416132e-06,0.0,782.2500000000147,7.609686339147878e-06,0.0,152836.2541071657,0.3550839763958239,0.0
,0.00045392646391284613,1.7074517086628482e-05,0.3080257270693512,0.0004249972304827123,0.0,0.0,8.713268620068028e-08,0.0,693.450000000007,3.1960386294690053e-06,0.0,84242.59474638295,0.3147753064003631,0.0
