,Gene,Is_essential
0,Q0010,0.0
1,Q0017,0.0
2,Q0032,0.0
3,Q0045,0.0
4,Q0050,0.0
5,Q0055,0.0
6,Q0060,0.0
7,Q0065,0.0
8,Q0070,0.0
9,Q0075,0.0
10,Q0080,0.0
11,Q0085,0.0
12,Q0092,0.0
13,Q0105,0.0
14,Q0110,0.0
15,Q0115,0.0
16,Q0120,0.0
17,Q0130,0.0
18,Q0140,0.0
19,Q0142,0.0
20,Q0143,0.0
21,Q0144,0.0
22,Q0160,0.0
23,Q0182,0.0
24,Q0250,0.0
25,Q0255,0.0
26,Q0275,0.0
27,Q0297,0.0
28,YAL001C,1.0
29,YAL002W,0.0
30,YAL003W,1.0
31,YAL004W,0.0
32,YAL005C,0.0
33,YAL007C,0.0
34,YAL008W,0.0
35,YAL009W,0.0
36,YAL010C,0.0
37,YAL011W,0.0
38,YAL012W,1.0
39,YAL013W,0.0
40,YAL014C,0.0
41,YAL015C,0.0
42,YAL016C-A,0.0
43,YAL016C-B,0.0
44,YAL016W,0.0
45,YAL017W,0.0
46,YAL018C,0.0
47,YAL019W,0.0
48,YAL019W-A,0.0
49,YAL020C,0.0
50,YAL021C,0.0
51,YAL022C,0.0
52,YAL023C,0.0
53,YAL024C,0.0
54,YAL025C,1.0
55,YAL026C,0.0
56,YAL026C-A,0.0
57,YAL027W,0.0
58,YAL028W,0.0
59,YAL029C,0.0
60,YAL030W,0.0
61,YAL031C,0.0
62,YAL032C,1.0
63,YAL033W,1.0
64,YAL034C,0.0
65,YAL034C-B,1.0
66,YAL034W-A,1.0
67,YAL035W,1.0
68,YAL036C,0.0
69,YAL037C-A,0.0
70,YAL037C-B,0.0
71,YAL038W,1.0
72,YAL039C,0.0
73,YAL040C,0.0
74,YAL041W,1.0
75,YAL042C-A,0.0
76,YAL042W,0.0
77,YAL043C,1.0
78,YAL044C,0.0
79,YAL044W-A,0.0
80,YAL045C,0.0
81,YAL046C,0.0
82,YAL047C,1.0
83,YAL048C,0.0
84,YAL049C,0.0
85,YAL051W,0.0
86,YAL053W,0.0
87,YAL054C,0.0
88,YAL055W,0.0
89,YAL056C-A,0.0
90,YAL056W,0.0
91,YAL058W,0.0
92,YAL059C-A,0.0
93,YAL059W,0.0
94,YAL060W,0.0
95,YAL061W,0.0
96,YAL062W,0.0
97,YAL063C,0.0
98,YAL063C-A,0.0
99,YAL064C-A,0.0
100,YAL064W,0.0
101,YAL064W-B,0.0
102,YAL065C,0.0
103,YAL066W,0.0
104,YAL067C,0.0
105,YAL067W-A,0.0
106,YAL068C,0.0
107,YAL068W-A,0.0
108,YAL069W,0.0
109,YAR002C-A,0.0
110,YAR002W,0.0
111,YAR003W,0.0
112,YAR007C,1.0
113,YAR008W,1.0
114,YAR014C,0.0
115,YAR015W,0.0
116,YAR018C,0.0
117,YAR019C,1.0
118,YAR019W-A,0.0
119,YAR020C,0.0
120,YAR023C,0.0
121,YAR027W,0.0
122,YAR028W,0.0
123,YAR029W,0.0
124,YAR030C,0.0
125,YAR031W,0.0
126,YAR033W,0.0
127,YAR035C-A,0.0
128,YAR035W,0.0
129,YAR042W,0.0
130,YAR047C,0.0
131,YAR050W,0.0
132,YAR053W,0.0
133,YAR060C,0.0
134,YAR064W,0.0
135,YAR066W,0.0
136,YAR068W,0.0
137,YAR069C,0.0
138,YAR070C,0.0
139,YAR071W,0.0
140,YAR073W,0.0
141,YAR075W,0.0
142,YBL001C,0.0
143,YBL002W,0.0
144,YBL003C,1.0
145,YBL004W,1.0
146,YBL005W,0.0
147,YBL006C,0.0
148,YBL006W-A,0.0
149,YBL007C,1.0
150,YBL008W,0.0
151,YBL008W-A,0.0
152,YBL009W,0.0
153,YBL010C,0.0
154,YBL011W,0.0
155,YBL012C,0.0
156,YBL013W,0.0
157,YBL014C,1.0
158,YBL015W,0.0
159,YBL016W,0.0
160,YBL017C,0.0
161,YBL018C,1.0
162,YBL019W,0.0
163,YBL020W,1.0
164,YBL021C,0.0
165,YBL022C,0.0
166,YBL023C,1.0
167,YBL024W,0.0
168,YBL025W,0.0
169,YBL026W,1.0
170,YBL027W,0.0
171,YBL028C,0.0
172,YBL029C-A,0.0
173,YBL029W,0.0
174,YBL030C,1.0
175,YBL031W,0.0
176,YBL032W,0.0
177,YBL033C,0.0
178,YBL034C,1.0
179,YBL035C,1.0
180,YBL036C,0.0
181,YBL037W,0.0
182,YBL038W,0.0
183,YBL039C,0.0
184,YBL039C-A,0.0
185,YBL039W-B,0.0
186,YBL040C,1.0
187,YBL041W,1.0
188,YBL042C,0.0
189,YBL043W,0.0
190,YBL044W,0.0
191,YBL045C,0.0
192,YBL046W,0.0
193,YBL047C,0.0
194,YBL048W,0.0
195,YBL049W,0.0
196,YBL050W,1.0
197,YBL051C,0.0
198,YBL052C,0.0
199,YBL053W,0.0
200,YBL054W,0.0
201,YBL055C,0.0
202,YBL056W,0.0
203,YBL057C,0.0
204,YBL058W,1.0
205,YBL059C-A,0.0
206,YBL059W,0.0
207,YBL060W,0.0
208,YBL061C,0.0
209,YBL062W,0.0
210,YBL063W,0.0
211,YBL064C,0.0
212,YBL065W,0.0
213,YBL066C,0.0
214,YBL067C,0.0
215,YBL068W,0.0
216,YBL068W-A,0.0
217,YBL069W,0.0
218,YBL070C,0.0
219,YBL071C,0.0
220,YBL071C-B,0.0
221,YBL071W-A,0.0
222,YBL072C,0.0
223,YBL073W,1.0
224,YBL074C,1.0
225,YBL075C,0.0
226,YBL076C,1.0
227,YBL077W,1.0
228,YBL078C,1.0
229,YBL079W,0.0
230,YBL080C,0.0
231,YBL081W,0.0
232,YBL082C,0.0
233,YBL083C,0.0
234,YBL084C,1.0
235,YBL085W,0.0
236,YBL086C,0.0
237,YBL087C,0.0
238,YBL088C,0.0
239,YBL089W,0.0
240,YBL090W,0.0
241,YBL091C,0.0
242,YBL091C-A,0.0
243,YBL092W,1.0
244,YBL093C,0.0
245,YBL094C,0.0
246,YBL095W,0.0
247,YBL096C,0.0
248,YBL097W,1.0
249,YBL098W,0.0
250,YBL099W,0.0
251,YBL100C,0.0
252,YBL100W-C,0.0
253,YBL101C,0.0
254,YBL102W,1.0
255,YBL103C,0.0
256,YBL104C,0.0
257,YBL105C,1.0
258,YBL106C,0.0
259,YBL107C,0.0
260,YBL107W-A,0.0
261,YBL108C-A,0.0
262,YBL108W,0.0
263,YBL109W,0.0
264,YBL111C,0.0
265,YBL112C,0.0
266,YBL113C,0.0
267,YBL113W-A,0.0
268,YBR001C,0.0
269,YBR002C,1.0
270,YBR003W,0.0
271,YBR004C,1.0
272,YBR005W,0.0
273,YBR006W,0.0
274,YBR007C,0.0
275,YBR008C,0.0
276,YBR009C,1.0
277,YBR010W,0.0
278,YBR011C,1.0
279,YBR012C,0.0
280,YBR013C,0.0
281,YBR014C,0.0
282,YBR015C,0.0
283,YBR016W,0.0
284,YBR017C,0.0
285,YBR018C,0.0
286,YBR019C,0.0
287,YBR020W,0.0
288,YBR021W,0.0
289,YBR022W,0.0
290,YBR023C,0.0
291,YBR024W,1.0
292,YBR025C,0.0
293,YBR026C,0.0
294,YBR027C,0.0
295,YBR028C,0.0
296,YBR029C,1.0
297,YBR030W,0.0
298,YBR031W,0.0
299,YBR032W,0.0
300,YBR033W,0.0
301,YBR034C,0.0
302,YBR035C,0.0
303,YBR036C,0.0
304,YBR037C,0.0
305,YBR038W,1.0
306,YBR039W,0.0
307,YBR040W,0.0
308,YBR041W,0.0
309,YBR042C,0.0
310,YBR043C,0.0
311,YBR044C,0.0
312,YBR045C,0.0
313,YBR046C,0.0
314,YBR047W,0.0
315,YBR048W,0.0
316,YBR049C,1.0
317,YBR050C,0.0
318,YBR051W,0.0
319,YBR052C,0.0
320,YBR053C,0.0
321,YBR054W,0.0
322,YBR055C,1.0
323,YBR056C-B,0.0
324,YBR056W,0.0
325,YBR056W-A,0.0
326,YBR057C,0.0
327,YBR058C,0.0
328,YBR058C-A,0.0
329,YBR059C,1.0
330,YBR060C,1.0
331,YBR061C,0.0
332,YBR062C,0.0
333,YBR063C,0.0
334,YBR064W,0.0
335,YBR065C,0.0
336,YBR066C,0.0
337,YBR067C,0.0
338,YBR068C,0.0
339,YBR069C,0.0
340,YBR070C,1.0
341,YBR071W,0.0
342,YBR072C-A,0.0
343,YBR072W,0.0
344,YBR073W,0.0
345,YBR074W,0.0
346,YBR076C-A,0.0
347,YBR076W,0.0
348,YBR077C,0.0
349,YBR078W,0.0
350,YBR079C,1.0
351,YBR080C,1.0
352,YBR081C,0.0
353,YBR082C,0.0
354,YBR083W,0.0
355,YBR084C-A,0.0
356,YBR084W,0.0
357,YBR085C-A,0.0
358,YBR085W,0.0
359,YBR086C,0.0
360,YBR087W,1.0
361,YBR088C,1.0
362,YBR089C-A,1.0
363,YBR089W,1.0
364,YBR090C,0.0
365,YBR091C,1.0
366,YBR092C,0.0
367,YBR093C,0.0
368,YBR094W,0.0
369,YBR095C,0.0
370,YBR096W,0.0
371,YBR097W,0.0
372,YBR098W,0.0
373,YBR099C,0.0
374,YBR101C,0.0
375,YBR102C,1.0
376,YBR103C-A,0.0
377,YBR103W,0.0
378,YBR104W,0.0
379,YBR105C,0.0
380,YBR106W,1.0
381,YBR107C,0.0
382,YBR108W,0.0
383,YBR109C,1.0
384,YBR109W-A,0.0
385,YBR110W,1.0
386,YBR111C,0.0
387,YBR111W-A,0.0
388,YBR112C,1.0
389,YBR113W,0.0
390,YBR114W,0.0
391,YBR115C,0.0
392,YBR116C,0.0
393,YBR117C,0.0
394,YBR118W,0.0
395,YBR119W,0.0
396,YBR120C,0.0
397,YBR121C,1.0
398,YBR121C-A,0.0
399,YBR122C,0.0
400,YBR123C,1.0
401,YBR124W,1.0
402,YBR125C,0.0
403,YBR126C,0.0
404,YBR126W-A,0.0
405,YBR126W-B,0.0
406,YBR127C,0.0
407,YBR128C,1.0
408,YBR129C,0.0
409,YBR130C,0.0
410,YBR131C-A,0.0
411,YBR131W,0.0
412,YBR132C,0.0
413,YBR133C,0.0
414,YBR134W,0.0
415,YBR135W,1.0
416,YBR136W,1.0
417,YBR137W,0.0
418,YBR138C,0.0
419,YBR139W,0.0
420,YBR140C,1.0
421,YBR141C,0.0
422,YBR141W-A,0.0
423,YBR142W,1.0
424,YBR143C,1.0
425,YBR144C,0.0
426,YBR145W,0.0
427,YBR146W,0.0
428,YBR147W,0.0
429,YBR148W,0.0
430,YBR149W,0.0
431,YBR150C,0.0
432,YBR151W,0.0
433,YBR152W,1.0
434,YBR153W,1.0
435,YBR154C,1.0
436,YBR155W,1.0
437,YBR156C,0.0
438,YBR157C,0.0
439,YBR158W,1.0
440,YBR159W,0.0
441,YBR160W,1.0
442,YBR161W,0.0
443,YBR162C,0.0
444,YBR162W-A,0.0
445,YBR163W,0.0
446,YBR164C,0.0
447,YBR165W,0.0
448,YBR166C,0.0
449,YBR167C,1.0
450,YBR168W,1.0
451,YBR169C,0.0
452,YBR170C,1.0
453,YBR171W,0.0
454,YBR172C,0.0
455,YBR173C,0.0
456,YBR175W,0.0
457,YBR176W,0.0
458,YBR177C,0.0
459,YBR178W,0.0
460,YBR179C,0.0
461,YBR180W,0.0
462,YBR181C,0.0
463,YBR182C,0.0
464,YBR182C-A,0.0
465,YBR183W,0.0
466,YBR184W,0.0
467,YBR185C,0.0
468,YBR186W,0.0
469,YBR187W,0.0
470,YBR188C,0.0
471,YBR189W,0.0
472,YBR190W,1.0
473,YBR191W,0.0
474,YBR191W-A,0.0
475,YBR192W,1.0
476,YBR193C,1.0
477,YBR194W,0.0
478,YBR195C,0.0
479,YBR196C,1.0
480,YBR196C-A,0.0
481,YBR196C-B,0.0
482,YBR197C,0.0
483,YBR198C,1.0
484,YBR199W,0.0
485,YBR200W,1.0
486,YBR200W-A,0.0
487,YBR201C-A,0.0
488,YBR201W,0.0
489,YBR202W,1.0
490,YBR203W,0.0
491,YBR204C,0.0
492,YBR205W,0.0
493,YBR206W,0.0
494,YBR207W,0.0
495,YBR208C,0.0
496,YBR209W,0.0
497,YBR210W,0.0
498,YBR211C,1.0
499,YBR212W,0.0
500,YBR213W,0.0
501,YBR214W,0.0
502,YBR215W,0.0
503,YBR216C,0.0
504,YBR217W,1.0
505,YBR218C,0.0
506,YBR219C,0.0
507,YBR220C,0.0
508,YBR221C,0.0
509,YBR221W-A,0.0
510,YBR222C,0.0
511,YBR223C,0.0
512,YBR223W-A,0.0
513,YBR224W,0.0
514,YBR225W,0.0
515,YBR226C,0.0
516,YBR227C,0.0
517,YBR228W,0.0
518,YBR229C,0.0
519,YBR230C,0.0
520,YBR230W-A,0.0
521,YBR231C,0.0
522,YBR232C,0.0
523,YBR233W,0.0
524,YBR233W-A,1.0
525,YBR234C,1.0
526,YBR235W,0.0
527,YBR236C,1.0
528,YBR237W,1.0
529,YBR238C,0.0
530,YBR239C,0.0
531,YBR240C,0.0
532,YBR241C,0.0
533,YBR242W,0.0
534,YBR243C,1.0
535,YBR244W,0.0
536,YBR245C,0.0
537,YBR246W,0.0
538,YBR247C,1.0
539,YBR248C,0.0
540,YBR249C,0.0
541,YBR250W,0.0
542,YBR251W,0.0
543,YBR252W,1.0
544,YBR253W,1.0
545,YBR254C,1.0
546,YBR255C-A,0.0
547,YBR255W,0.0
548,YBR256C,1.0
549,YBR257W,1.0
550,YBR258C,0.0
551,YBR259W,0.0
552,YBR260C,0.0
553,YBR261C,0.0
554,YBR262C,0.0
555,YBR263W,0.0
556,YBR264C,0.0
557,YBR265W,1.0
558,YBR266C,0.0
559,YBR267W,0.0
560,YBR268W,0.0
561,YBR269C,0.0
562,YBR270C,0.0
563,YBR271W,0.0
564,YBR272C,0.0
565,YBR273C,0.0
566,YBR274W,0.0
567,YBR275C,0.0
568,YBR276C,0.0
569,YBR277C,0.0
570,YBR278W,0.0
571,YBR279W,0.0
572,YBR280C,0.0
573,YBR281C,0.0
574,YBR282W,0.0
575,YBR283C,0.0
576,YBR284W,0.0
577,YBR285W,0.0
578,YBR286W,0.0
579,YBR287W,0.0
580,YBR288C,0.0
581,YBR289W,0.0
582,YBR290W,0.0
583,YBR291C,0.0
584,YBR292C,0.0
585,YBR293W,0.0
586,YBR294W,0.0
587,YBR295W,0.0
588,YBR296C,0.0
589,YBR296C-A,0.0
590,YBR297W,0.0
591,YBR298C,0.0
592,YBR298C-A,0.0
593,YBR299W,0.0
594,YBR300C,0.0
595,YBR301W,0.0
596,YBR302C,0.0
597,YCL001W,0.0
598,YCL001W-A,0.0
599,YCL001W-B,0.0
600,YCL002C,0.0
601,YCL004W,1.0
602,YCL005W,0.0
603,YCL005W-A,0.0
604,YCL007C,0.0
605,YCL008C,0.0
606,YCL009C,0.0
607,YCL010C,0.0
608,YCL011C,0.0
609,YCL012C,0.0
610,YCL014W,0.0
611,YCL016C,1.0
612,YCL017C,1.0
613,YCL018W,0.0
614,YCL021W-A,0.0
615,YCL022C,0.0
616,YCL023C,0.0
617,YCL024W,0.0
618,YCL025C,0.0
619,YCL026C-A,0.0
620,YCL026C-B,0.0
621,YCL027W,0.0
622,YCL028W,1.0
623,YCL029C,1.0
624,YCL030C,0.0
625,YCL031C,1.0
626,YCL032W,0.0
627,YCL033C,0.0
628,YCL034W,0.0
629,YCL035C,0.0
630,YCL036W,0.0
631,YCL037C,0.0
632,YCL038C,0.0
633,YCL039W,0.0
634,YCL040W,0.0
635,YCL041C,1.0
636,YCL042W,0.0
637,YCL043C,1.0
638,YCL044C,0.0
639,YCL045C,0.0
640,YCL046W,0.0
641,YCL047C,0.0
642,YCL048W,0.0
643,YCL048W-A,0.0
644,YCL049C,0.0
645,YCL050C,0.0
646,YCL051W,0.0
647,YCL052C,1.0
648,YCL054W,1.0
649,YCL054W-A,0.0
650,YCL055W,0.0
651,YCL056C,0.0
652,YCL057C-A,0.0
653,YCL057W,0.0
654,YCL058C,0.0
655,YCL058W-A,0.0
656,YCL059C,1.0
657,YCL061C,0.0
658,YCL063W,0.0
659,YCL064C,0.0
660,YCL065W,0.0
661,YCL066W,0.0
662,YCL067C,1.0
663,YCL068C,0.0
664,YCL069W,0.0
665,YCL073C,0.0
666,YCL076W,0.0
667,YCR001W,0.0
668,YCR002C,1.0
669,YCR003W,0.0
670,YCR004C,0.0
671,YCR005C,0.0
672,YCR006C,0.0
673,YCR007C,0.0
674,YCR008W,0.0
675,YCR009C,0.0
676,YCR010C,0.0
677,YCR011C,0.0
678,YCR012W,1.0
679,YCR013C,1.0
680,YCR014C,0.0
681,YCR015C,0.0
682,YCR016W,0.0
683,YCR017C,0.0
684,YCR018C,0.0
685,YCR018C-A,0.0
686,YCR019W,0.0
687,YCR020C,0.0
688,YCR020C-A,0.0
689,YCR020W-B,0.0
690,YCR021C,0.0
691,YCR022C,0.0
692,YCR023C,0.0
693,YCR024C,0.0
694,YCR024C-A,0.0
695,YCR024C-B,0.0
696,YCR025C,0.0
697,YCR026C,0.0
698,YCR027C,0.0
699,YCR028C,0.0
700,YCR028C-A,0.0
701,YCR030C,0.0
702,YCR031C,0.0
703,YCR032W,0.0
704,YCR033W,0.0
705,YCR034W,0.0
706,YCR035C,1.0
707,YCR036W,0.0
708,YCR037C,0.0
709,YCR038C,0.0
710,YCR038W-A,0.0
711,YCR039C,1.0
712,YCR040W,0.0
713,YCR041W,0.0
714,YCR042C,0.0
715,YCR043C,0.0
716,YCR044C,0.0
717,YCR045C,0.0
718,YCR046C,0.0
719,YCR047C,0.0
720,YCR047W-A,0.0
721,YCR048W,0.0
722,YCR049C,0.0
723,YCR050C,0.0
724,YCR051W,0.0
725,YCR052W,1.0
726,YCR053W,0.0
727,YCR054C,1.0
728,YCR057C,1.0
729,YCR059C,0.0
730,YCR060W,0.0
731,YCR061W,0.0
732,YCR063W,0.0
733,YCR064C,0.0
734,YCR065W,0.0
735,YCR066W,0.0
736,YCR067C,0.0
737,YCR068W,1.0
738,YCR069W,0.0
739,YCR071C,0.0
740,YCR072C,1.0
741,YCR073C,0.0
742,YCR073W-A,0.0
743,YCR075C,0.0
744,YCR075W-A,0.0
745,YCR076C,0.0
746,YCR077C,0.0
747,YCR079W,0.0
748,YCR081C-A,0.0
749,YCR081W,0.0
750,YCR082W,0.0
751,YCR083W,0.0
752,YCR084C,0.0
753,YCR085W,0.0
754,YCR086W,0.0
755,YCR087C-A,0.0
756,YCR087W,0.0
757,YCR088W,1.0
758,YCR089W,0.0
759,YCR090C,0.0
760,YCR091W,0.0
761,YCR092C,0.0
762,YCR093W,1.0
763,YCR094W,0.0
764,YCR095C,0.0
765,YCR095W-A,0.0
766,YCR096C,1.0
767,YCR097W,0.0
768,YCR097W-A,0.0
769,YCR098C,0.0
770,YCR099C,0.0
771,YCR100C,0.0
772,YCR101C,0.0
773,YCR102C,0.0
774,YCR102W-A,0.0
775,YCR104W,0.0
776,YCR105W,0.0
777,YCR106W,0.0
778,YCR107W,0.0
779,YCR108C,0.0
780,YDL001W,0.0
781,YDL002C,0.0
782,YDL003W,1.0
783,YDL004W,1.0
784,YDL005C,0.0
785,YDL006W,0.0
786,YDL007C-A,0.0
787,YDL007W,1.0
788,YDL008W,1.0
789,YDL009C,0.0
790,YDL010W,0.0
791,YDL011C,0.0
792,YDL012C,0.0
793,YDL013W,1.0
794,YDL014W,1.0
795,YDL015C,1.0
796,YDL016C,1.0
797,YDL017W,1.0
798,YDL018C,0.0
799,YDL019C,0.0
800,YDL020C,0.0
801,YDL021W,0.0
802,YDL022C-A,0.0
803,YDL022W,0.0
804,YDL023C,0.0
805,YDL024C,0.0
806,YDL025C,0.0
807,YDL025W-A,0.0
808,YDL026W,0.0
809,YDL027C,0.0
810,YDL028C,1.0
811,YDL029W,1.0
812,YDL030W,1.0
813,YDL031W,1.0
814,YDL032W,0.0
815,YDL033C,0.0
816,YDL034W,0.0
817,YDL035C,0.0
818,YDL036C,0.0
819,YDL037C,0.0
820,YDL039C,0.0
821,YDL040C,0.0
822,YDL041W,0.0
823,YDL042C,0.0
824,YDL043C,1.0
825,YDL044C,0.0
826,YDL045C,1.0
827,YDL045W-A,0.0
828,YDL046W,0.0
829,YDL047W,0.0
830,YDL048C,0.0
831,YDL049C,0.0
832,YDL050C,0.0
833,YDL051W,0.0
834,YDL052C,0.0
835,YDL053C,0.0
836,YDL054C,0.0
837,YDL055C,1.0
838,YDL056W,0.0
839,YDL057W,0.0
840,YDL058W,1.0
841,YDL059C,1.0
842,YDL060W,1.0
843,YDL061C,0.0
844,YDL062W,0.0
845,YDL063C,0.0
846,YDL064W,1.0
847,YDL065C,0.0
848,YDL066W,0.0
849,YDL067C,1.0
850,YDL068W,0.0
851,YDL069C,0.0
852,YDL070W,0.0
853,YDL071C,0.0
854,YDL072C,0.0
855,YDL073W,0.0
856,YDL074C,0.0
857,YDL075W,0.0
858,YDL076C,0.0
859,YDL077C,0.0
860,YDL078C,0.0
861,YDL079C,0.0
862,YDL080C,0.0
863,YDL081C,0.0
864,YDL082W,0.0
865,YDL083C,0.0
866,YDL084W,1.0
867,YDL085C-A,0.0
868,YDL085W,0.0
869,YDL086W,0.0
870,YDL087C,1.0
871,YDL088C,0.0
872,YDL089W,1.0
873,YDL090C,0.0
874,YDL091C,0.0
875,YDL092W,1.0
876,YDL093W,0.0
877,YDL094C,0.0
878,YDL095W,0.0
879,YDL096C,0.0
880,YDL097C,1.0
881,YDL098C,1.0
882,YDL099W,0.0
883,YDL100C,0.0
884,YDL101C,0.0
885,YDL102W,1.0
886,YDL103C,1.0
887,YDL104C,0.0
888,YDL105W,1.0
889,YDL106C,0.0
890,YDL107W,0.0
891,YDL108W,1.0
892,YDL109C,0.0
893,YDL110C,0.0
894,YDL111C,1.0
895,YDL112W,0.0
896,YDL113C,0.0
897,YDL114W,0.0
898,YDL114W-A,0.0
899,YDL115C,0.0
900,YDL116W,0.0
901,YDL117W,0.0
902,YDL118W,0.0
903,YDL119C,0.0
904,YDL120W,1.0
905,YDL121C,0.0
906,YDL122W,0.0
907,YDL123W,0.0
908,YDL124W,0.0
909,YDL125C,0.0
910,YDL126C,1.0
911,YDL127W,0.0
912,YDL128W,0.0
913,YDL129W,0.0
914,YDL130W,0.0
915,YDL130W-A,0.0
916,YDL131W,0.0
917,YDL132W,1.0
918,YDL133C-A,0.0
919,YDL133W,0.0
920,YDL134C,0.0
921,YDL135C,0.0
922,YDL136W,0.0
923,YDL137W,0.0
924,YDL138W,0.0
925,YDL139C,1.0
926,YDL140C,1.0
927,YDL141W,1.0
928,YDL142C,0.0
929,YDL143W,1.0
930,YDL144C,0.0
931,YDL145C,1.0
932,YDL146W,0.0
933,YDL147W,1.0
934,YDL148C,1.0
935,YDL149W,1.0
936,YDL150W,1.0
937,YDL151C,0.0
938,YDL152W,1.0
939,YDL153C,1.0
940,YDL154W,0.0
941,YDL155W,1.0
942,YDL156W,0.0
943,YDL157C,0.0
944,YDL158C,0.0
945,YDL159C-B,0.0
946,YDL159W,0.0
947,YDL159W-A,0.0
948,YDL160C,0.0
949,YDL160C-A,0.0
950,YDL161W,0.0
951,YDL162C,0.0
952,YDL163W,1.0
953,YDL164C,1.0
954,YDL165W,1.0
955,YDL166C,1.0
956,YDL167C,0.0
957,YDL168W,0.0
958,YDL169C,0.0
959,YDL170W,0.0
960,YDL171C,0.0
961,YDL172C,0.0
962,YDL173W,0.0
963,YDL174C,0.0
964,YDL175C,0.0
965,YDL176W,0.0
966,YDL177C,0.0
967,YDL178W,0.0
968,YDL179W,0.0
969,YDL180W,0.0
970,YDL181W,0.0
971,YDL182W,0.0
972,YDL183C,0.0
973,YDL184C,0.0
974,YDL185C-A,0.0
975,YDL185W,0.0
976,YDL186W,0.0
977,YDL188C,0.0
978,YDL189W,0.0
979,YDL190C,0.0
980,YDL191W,0.0
981,YDL192W,0.0
982,YDL193W,1.0
983,YDL194W,0.0
984,YDL195W,1.0
985,YDL196W,1.0
986,YDL197C,0.0
987,YDL198C,0.0
988,YDL199C,0.0
989,YDL200C,0.0
990,YDL201W,0.0
991,YDL202W,0.0
992,YDL203C,0.0
993,YDL204W,0.0
994,YDL205C,1.0
995,YDL206W,0.0
996,YDL207W,1.0
997,YDL208W,1.0
998,YDL209C,1.0
999,YDL210W,0.0
1000,YDL211C,0.0
1001,YDL212W,1.0
1002,YDL213C,0.0
1003,YDL214C,0.0
1004,YDL215C,0.0
1005,YDL216C,0.0
1006,YDL217C,1.0
1007,YDL218W,0.0
1008,YDL219W,0.0
1009,YDL220C,1.0
1010,YDL221W,1.0
1011,YDL222C,0.0
1012,YDL223C,0.0
1013,YDL224C,0.0
1014,YDL225W,0.0
1015,YDL226C,0.0
1016,YDL227C,0.0
1017,YDL228C,0.0
1018,YDL229W,0.0
1019,YDL230W,0.0
1020,YDL231C,0.0
1021,YDL232W,1.0
1022,YDL233W,0.0
1023,YDL234C,0.0
1024,YDL235C,1.0
1025,YDL236W,0.0
1026,YDL237W,0.0
1027,YDL238C,0.0
1028,YDL239C,0.0
1029,YDL240C-A,0.0
1030,YDL240W,0.0
1031,YDL241W,0.0
1032,YDL242W,0.0
1033,YDL243C,0.0
1034,YDL244W,0.0
1035,YDL245C,0.0
1036,YDL246C,0.0
1037,YDL247W,0.0
1038,YDL247W-A,0.0
1039,YDL248W,0.0
1040,YDR001C,0.0
1041,YDR002W,1.0
1042,YDR003W,0.0
1043,YDR003W-A,0.0
1044,YDR004W,0.0
1045,YDR005C,0.0
1046,YDR006C,0.0
1047,YDR007W,0.0
1048,YDR008C,0.0
1049,YDR009W,0.0
1050,YDR010C,0.0
1051,YDR011W,0.0
1052,YDR012W,0.0
1053,YDR013W,1.0
1054,YDR014W,0.0
1055,YDR014W-A,0.0
1056,YDR015C,0.0
1057,YDR016C,1.0
1058,YDR017C,0.0
1059,YDR018C,0.0
1060,YDR019C,0.0
1061,YDR020C,0.0
1062,YDR021W,1.0
1063,YDR022C,0.0
1064,YDR023W,1.0
1065,YDR024W,0.0
1066,YDR025W,0.0
1067,YDR026C,0.0
1068,YDR027C,0.0
1069,YDR028C,0.0
1070,YDR029W,0.0
1071,YDR030C,0.0
1072,YDR031W,0.0
1073,YDR032C,0.0
1074,YDR033W,0.0
1075,YDR034C,0.0
1076,YDR034C-A,0.0
1077,YDR034W-B,0.0
1078,YDR035W,0.0
1079,YDR036C,0.0
1080,YDR037W,1.0
1081,YDR038C,0.0
1082,YDR039C,0.0
1083,YDR040C,0.0
1084,YDR041W,1.0
1085,YDR042C,0.0
1086,YDR043C,0.0
1087,YDR044W,1.0
1088,YDR045C,1.0
1089,YDR046C,0.0
1090,YDR047W,1.0
1091,YDR048C,0.0
1092,YDR049W,0.0
1093,YDR050C,1.0
1094,YDR051C,0.0
1095,YDR052C,1.0
1096,YDR053W,1.0
1097,YDR054C,1.0
1098,YDR055W,0.0
1099,YDR056C,0.0
1100,YDR057W,0.0
1101,YDR058C,0.0
1102,YDR059C,0.0
1103,YDR060W,1.0
1104,YDR061W,0.0
1105,YDR062W,1.0
1106,YDR063W,0.0
1107,YDR064W,1.0
1108,YDR065W,0.0
1109,YDR066C,0.0
1110,YDR067C,0.0
1111,YDR068W,0.0
1112,YDR069C,0.0
1113,YDR070C,0.0
1114,YDR071C,0.0
1115,YDR072C,0.0
1116,YDR073W,0.0
1117,YDR074W,0.0
1118,YDR075W,0.0
1119,YDR076W,0.0
1120,YDR077W,0.0
1121,YDR078C,0.0
1122,YDR079C-A,0.0
1123,YDR079W,0.0
1124,YDR080W,0.0
1125,YDR081C,1.0
1126,YDR082W,1.0
1127,YDR083W,0.0
1128,YDR084C,0.0
1129,YDR085C,0.0
1130,YDR086C,1.0
1131,YDR087C,1.0
1132,YDR088C,1.0
1133,YDR089W,0.0
1134,YDR090C,0.0
1135,YDR091C,1.0
1136,YDR092W,0.0
1137,YDR093W,0.0
1138,YDR094W,0.0
1139,YDR095C,0.0
1140,YDR096W,0.0
1141,YDR097C,0.0
1142,YDR098C,0.0
1143,YDR099W,0.0
1144,YDR100W,0.0
1145,YDR101C,0.0
1146,YDR102C,0.0
1147,YDR103W,0.0
1148,YDR104C,0.0
1149,YDR105C,0.0
1150,YDR106W,0.0
1151,YDR107C,0.0
1152,YDR108W,0.0
1153,YDR109C,0.0
1154,YDR110W,0.0
1155,YDR111C,0.0
1156,YDR112W,0.0
1157,YDR113C,1.0
1158,YDR114C,0.0
1159,YDR115W,0.0
1160,YDR116C,0.0
1161,YDR117C,0.0
1162,YDR118W,1.0
1163,YDR118W-A,0.0
1164,YDR119W,0.0
1165,YDR119W-A,0.0
1166,YDR120C,0.0
1167,YDR121W,0.0
1168,YDR122W,0.0
1169,YDR123C,1.0
1170,YDR124W,0.0
1171,YDR125C,0.0
1172,YDR126W,0.0
1173,YDR127W,0.0
1174,YDR128W,0.0
1175,YDR129C,0.0
1176,YDR130C,1.0
1177,YDR131C,0.0
1178,YDR132C,0.0
1179,YDR133C,0.0
1180,YDR135C,0.0
1181,YDR136C,0.0
1182,YDR137W,0.0
1183,YDR138W,0.0
1184,YDR139C,0.0
1185,YDR140W,0.0
1186,YDR141C,1.0
1187,YDR142C,0.0
1188,YDR143C,0.0
1189,YDR144C,0.0
1190,YDR145W,1.0
1191,YDR146C,0.0
1192,YDR147W,0.0
1193,YDR148C,0.0
1194,YDR149C,0.0
1195,YDR150W,0.0
1196,YDR151C,1.0
1197,YDR152W,0.0
1198,YDR153C,0.0
1199,YDR154C,0.0
1200,YDR155C,0.0
1201,YDR156W,0.0
1202,YDR157W,0.0
1203,YDR158W,0.0
1204,YDR159W,0.0
1205,YDR160W,1.0
1206,YDR161W,0.0
1207,YDR162C,0.0
1208,YDR163W,0.0
1209,YDR164C,1.0
1210,YDR165W,0.0
1211,YDR166C,1.0
1212,YDR167W,1.0
1213,YDR168W,1.0
1214,YDR169C,0.0
1215,YDR169C-A,0.0
1216,YDR170C,1.0
1217,YDR171W,0.0
1218,YDR172W,1.0
1219,YDR173C,0.0
1220,YDR174W,0.0
1221,YDR175C,0.0
1222,YDR176W,0.0
1223,YDR177W,1.0
1224,YDR178W,0.0
1225,YDR179C,0.0
1226,YDR179W-A,0.0
1227,YDR180W,1.0
1228,YDR181C,0.0
1229,YDR182W,1.0
1230,YDR182W-A,0.0
1231,YDR183C-A,0.0
1232,YDR183W,0.0
1233,YDR184C,0.0
1234,YDR185C,0.0
1235,YDR186C,0.0
1236,YDR187C,1.0
1237,YDR188W,1.0
1238,YDR189W,1.0
1239,YDR190C,1.0
1240,YDR191W,0.0
1241,YDR192C,0.0
1242,YDR193W,0.0
1243,YDR194C,0.0
1244,YDR194W-A,0.0
1245,YDR195W,0.0
1246,YDR196C,1.0
1247,YDR197W,0.0
1248,YDR198C,0.0
1249,YDR199W,0.0
1250,YDR200C,0.0
1251,YDR201W,1.0
1252,YDR202C,0.0
1253,YDR203W,0.0
1254,YDR204W,0.0
1255,YDR205W,0.0
1256,YDR206W,0.0
1257,YDR207C,0.0
1258,YDR208W,1.0
1259,YDR209C,0.0
1260,YDR210W,0.0
1261,YDR211W,1.0
1262,YDR212W,1.0
1263,YDR213W,0.0
1264,YDR214W,0.0
1265,YDR215C,0.0
1266,YDR216W,0.0
1267,YDR217C,0.0
1268,YDR218C,0.0
1269,YDR219C,0.0
1270,YDR220C,0.0
1271,YDR221W,0.0
1272,YDR222W,0.0
1273,YDR223W,0.0
1274,YDR224C,1.0
1275,YDR225W,0.0
1276,YDR226W,1.0
1277,YDR227W,0.0
1278,YDR228C,1.0
1279,YDR229W,0.0
1280,YDR230W,0.0
1281,YDR231C,1.0
1282,YDR232W,1.0
1283,YDR233C,1.0
1284,YDR234W,0.0
1285,YDR235W,1.0
1286,YDR236C,1.0
1287,YDR237W,0.0
1288,YDR238C,1.0
1289,YDR239C,0.0
1290,YDR240C,1.0
1291,YDR241W,1.0
1292,YDR242W,0.0
1293,YDR243C,1.0
1294,YDR244W,0.0
1295,YDR245W,0.0
1296,YDR246W,1.0
1297,YDR246W-A,0.0
1298,YDR247W,0.0
1299,YDR248C,0.0
1300,YDR249C,0.0
1301,YDR250C,0.0
1302,YDR251W,0.0
1303,YDR252W,0.0
1304,YDR253C,0.0
1305,YDR254W,0.0
1306,YDR255C,0.0
1307,YDR256C,0.0
1308,YDR257C,0.0
1309,YDR258C,0.0
1310,YDR259C,0.0
1311,YDR260C,0.0
1312,YDR261C,0.0
1313,YDR262W,0.0
1314,YDR263C,0.0
1315,YDR264C,0.0
1316,YDR265W,0.0
1317,YDR266C,0.0
1318,YDR267C,1.0
1319,YDR268W,0.0
1320,YDR269C,0.0
1321,YDR270W,0.0
1322,YDR271C,0.0
1323,YDR272W,0.0
1324,YDR273W,0.0
1325,YDR274C,0.0
1326,YDR275W,0.0
1327,YDR276C,0.0
1328,YDR277C,0.0
1329,YDR278C,0.0
1330,YDR279W,0.0
1331,YDR280W,1.0
1332,YDR281C,0.0
1333,YDR282C,0.0
1334,YDR283C,0.0
1335,YDR284C,0.0
1336,YDR285W,0.0
1337,YDR286C,0.0
1338,YDR287W,0.0
1339,YDR288W,1.0
1340,YDR289C,0.0
1341,YDR290W,0.0
1342,YDR291W,0.0
1343,YDR292C,1.0
1344,YDR293C,1.0
1345,YDR294C,0.0
1346,YDR295C,0.0
1347,YDR296W,0.0
1348,YDR297W,0.0
1349,YDR298C,0.0
1350,YDR299W,1.0
1351,YDR300C,0.0
1352,YDR301W,1.0
1353,YDR302W,1.0
1354,YDR303C,1.0
1355,YDR304C,0.0
1356,YDR305C,0.0
1357,YDR306C,0.0
1358,YDR307W,0.0
1359,YDR308C,1.0
1360,YDR309C,0.0
1361,YDR310C,0.0
1362,YDR311W,1.0
1363,YDR312W,0.0
1364,YDR313C,0.0
1365,YDR314C,0.0
1366,YDR315C,0.0
1367,YDR316W,0.0
1368,YDR317W,0.0
1369,YDR318W,0.0
1370,YDR319C,0.0
1371,YDR320C,0.0
1372,YDR320C-A,1.0
1373,YDR320W-B,0.0
1374,YDR321W,0.0
1375,YDR322C-A,0.0
1376,YDR322W,0.0
1377,YDR323C,1.0
1378,YDR324C,1.0
1379,YDR325W,1.0
1380,YDR326C,0.0
1381,YDR327W,1.0
1382,YDR328C,1.0
1383,YDR329C,0.0
1384,YDR330W,0.0
1385,YDR331W,1.0
1386,YDR332W,0.0
1387,YDR333C,0.0
1388,YDR334W,0.0
1389,YDR335W,0.0
1390,YDR336W,0.0
1391,YDR337W,0.0
1392,YDR338C,0.0
1393,YDR339C,1.0
1394,YDR340W,0.0
1395,YDR341C,1.0
1396,YDR342C,0.0
1397,YDR343C,0.0
1398,YDR344C,0.0
1399,YDR345C,0.0
1400,YDR346C,0.0
1401,YDR347W,0.0
1402,YDR348C,0.0
1403,YDR349C,0.0
1404,YDR350C,0.0
1405,YDR351W,0.0
1406,YDR352W,0.0
1407,YDR353W,1.0
1408,YDR354C-A,0.0
1409,YDR354W,0.0
1410,YDR355C,1.0
1411,YDR356W,1.0
1412,YDR357C,0.0
1413,YDR358W,0.0
1414,YDR359C,0.0
1415,YDR360W,0.0
1416,YDR361C,1.0
1417,YDR362C,1.0
1418,YDR363W,0.0
1419,YDR363W-A,0.0
1420,YDR364C,1.0
1421,YDR365C,1.0
1422,YDR366C,0.0
1423,YDR367W,1.0
1424,YDR368W,0.0
1425,YDR369C,0.0
1426,YDR370C,0.0
1427,YDR371C-A,0.0
1428,YDR371W,0.0
1429,YDR372C,0.0
1430,YDR373W,1.0
1431,YDR374C,0.0
1432,YDR374W-A,0.0
1433,YDR375C,0.0
1434,YDR376W,1.0
1435,YDR377W,0.0
1436,YDR378C,1.0
1437,YDR379C-A,0.0
1438,YDR379W,0.0
1439,YDR380W,0.0
1440,YDR381C-A,0.0
1441,YDR381W,1.0
1442,YDR382W,0.0
1443,YDR383C,0.0
1444,YDR384C,0.0
1445,YDR385W,0.0
1446,YDR386W,0.0
1447,YDR387C,0.0
1448,YDR388W,0.0
1449,YDR389W,1.0
1450,YDR390C,1.0
1451,YDR391C,0.0
1452,YDR392W,0.0
1453,YDR393W,0.0
1454,YDR394W,1.0
1455,YDR395W,1.0
1456,YDR396W,1.0
1457,YDR397C,1.0
1458,YDR398W,1.0
1459,YDR399W,0.0
1460,YDR400W,0.0
1461,YDR401W,0.0
1462,YDR402C,0.0
1463,YDR403W,0.0
1464,YDR404C,1.0
1465,YDR405W,0.0
1466,YDR406W,0.0
1467,YDR406W-A,0.0
1468,YDR407C,1.0
1469,YDR408C,0.0
1470,YDR409W,0.0
1471,YDR410C,0.0
1472,YDR411C,0.0
1473,YDR412W,1.0
1474,YDR413C,1.0
1475,YDR414C,0.0
1476,YDR415C,0.0
1477,YDR416W,1.0
1478,YDR417C,0.0
1479,YDR418W,0.0
1480,YDR419W,0.0
1481,YDR420W,1.0
1482,YDR421W,0.0
1483,YDR422C,0.0
1484,YDR423C,0.0
1485,YDR424C,0.0
1486,YDR425W,0.0
1487,YDR426C,0.0
1488,YDR427W,1.0
1489,YDR428C,0.0
1490,YDR429C,1.0
1491,YDR430C,0.0
1492,YDR431W,0.0
1493,YDR432W,1.0
1494,YDR433W,0.0
1495,YDR434W,1.0
1496,YDR435C,0.0
1497,YDR436W,0.0
1498,YDR437W,1.0
1499,YDR438W,0.0
1500,YDR439W,0.0
1501,YDR440W,0.0
1502,YDR441C,0.0
1503,YDR442W,0.0
1504,YDR443C,0.0
1505,YDR444W,0.0
1506,YDR445C,0.0
1507,YDR446W,0.0
1508,YDR447C,0.0
1509,YDR448W,0.0
1510,YDR449C,1.0
1511,YDR450W,0.0
1512,YDR451C,0.0
1513,YDR452W,0.0
1514,YDR453C,0.0
1515,YDR454C,1.0
1516,YDR455C,0.0
1517,YDR456W,0.0
1518,YDR457W,0.0
1519,YDR458C,0.0
1520,YDR459C,0.0
1521,YDR460W,1.0
1522,YDR461C-A,0.0
1523,YDR461W,0.0
1524,YDR462W,0.0
1525,YDR463W,0.0
1526,YDR464C-A,0.0
1527,YDR464W,1.0
1528,YDR465C,0.0
1529,YDR466W,0.0
1530,YDR467C,0.0
1531,YDR468C,1.0
1532,YDR469W,0.0
1533,YDR470C,1.0
1534,YDR471W,0.0
1535,YDR472W,1.0
1536,YDR473C,1.0
1537,YDR475C,0.0
1538,YDR476C,0.0
1539,YDR477W,0.0
1540,YDR478W,1.0
1541,YDR479C,0.0
1542,YDR480W,0.0
1543,YDR481C,0.0
1544,YDR482C,0.0
1545,YDR483W,0.0
1546,YDR484W,0.0
1547,YDR485C,0.0
1548,YDR486C,0.0
1549,YDR487C,1.0
1550,YDR488C,0.0
1551,YDR489W,1.0
1552,YDR490C,0.0
1553,YDR491C,0.0
1554,YDR492W,0.0
1555,YDR493W,0.0
1556,YDR494W,0.0
1557,YDR495C,0.0
1558,YDR496C,0.0
1559,YDR497C,0.0
1560,YDR498C,1.0
1561,YDR499W,1.0
1562,YDR500C,0.0
1563,YDR501W,0.0
1564,YDR502C,0.0
1565,YDR503C,0.0
1566,YDR504C,0.0
1567,YDR505C,1.0
1568,YDR506C,0.0
1569,YDR507C,0.0
1570,YDR508C,0.0
1571,YDR509W,0.0
1572,YDR510C-A,0.0
1573,YDR510W,1.0
1574,YDR511W,0.0
1575,YDR512C,0.0
1576,YDR513W,0.0
1577,YDR514C,0.0
1578,YDR515W,0.0
1579,YDR516C,0.0
1580,YDR517W,0.0
1581,YDR518W,0.0
1582,YDR519W,0.0
1583,YDR520C,0.0
1584,YDR521W,0.0
1585,YDR522C,0.0
1586,YDR523C,0.0
1587,YDR524C,0.0
1588,YDR524C-A,0.0
1589,YDR524C-B,0.0
1590,YDR524W-C,0.0
1591,YDR525W,0.0
1592,YDR525W-A,0.0
1593,YDR526C,1.0
1594,YDR527W,1.0
1595,YDR528W,0.0
1596,YDR529C,0.0
1597,YDR530C,0.0
1598,YDR531W,1.0
1599,YDR532C,1.0
1600,YDR533C,0.0
1601,YDR534C,0.0
1602,YDR535C,0.0
1603,YDR536W,0.0
1604,YDR537C,0.0
1605,YDR538W,0.0
1606,YDR539W,0.0
1607,YDR540C,0.0
1608,YDR541C,0.0
1609,YDR542W,0.0
1610,YDR543C,0.0
1611,YDR544C,0.0
1612,YDR545C-A,0.0
1613,YDR545W,0.0
1614,YEL001C,0.0
1615,YEL002C,1.0
1616,YEL003W,0.0
1617,YEL004W,0.0
1618,YEL005C,0.0
1619,YEL006W,0.0
1620,YEL007W,0.0
1621,YEL008C-A,0.0
1622,YEL008W,0.0
1623,YEL009C,0.0
1624,YEL010W,0.0
1625,YEL011W,0.0
1626,YEL012W,0.0
1627,YEL013W,0.0
1628,YEL014C,0.0
1629,YEL015W,0.0
1630,YEL016C,0.0
1631,YEL017C-A,0.0
1632,YEL017W,0.0
1633,YEL018W,0.0
1634,YEL019C,1.0
1635,YEL020C,0.0
1636,YEL020W-A,1.0
1637,YEL021W,0.0
1638,YEL022W,0.0
1639,YEL023C,0.0
1640,YEL024W,0.0
1641,YEL025C,0.0
1642,YEL026W,1.0
1643,YEL027W,0.0
1644,YEL029C,0.0
1645,YEL030C-A,0.0
1646,YEL030W,0.0
1647,YEL031W,0.0
1648,YEL032C-A,0.0
1649,YEL032W,1.0
1650,YEL033W,0.0
1651,YEL034C-A,0.0
1652,YEL034W,1.0
1653,YEL035C,1.0
1654,YEL036C,0.0
1655,YEL037C,0.0
1656,YEL038W,0.0
1657,YEL039C,0.0
1658,YEL040W,0.0
1659,YEL041W,0.0
1660,YEL042W,0.0
1661,YEL043W,0.0
1662,YEL044W,1.0
1663,YEL045C,0.0
1664,YEL046C,0.0
1665,YEL047C,0.0
1666,YEL048C,0.0
1667,YEL049W,0.0
1668,YEL050C,0.0
1669,YEL050W-A,0.0
1670,YEL051W,0.0
1671,YEL052W,0.0
1672,YEL053C,0.0
1673,YEL053W-A,0.0
1674,YEL054C,0.0
1675,YEL055C,1.0
1676,YEL056W,0.0
1677,YEL057C,0.0
1678,YEL058W,1.0
1679,YEL059C-A,0.0
1680,YEL059W,0.0
1681,YEL060C,0.0
1682,YEL061C,0.0
1683,YEL062W,0.0
1684,YEL063C,0.0
1685,YEL064C,0.0
1686,YEL065W,0.0
1687,YEL066W,0.0
1688,YEL067C,0.0
1689,YEL068C,0.0
1690,YEL069C,0.0
1691,YEL070W,0.0
1692,YEL071W,0.0
1693,YEL072W,0.0
1694,YEL073C,0.0
1695,YEL074W,0.0
1696,YEL075C,0.0
1697,YEL075W-A,0.0
1698,YEL076C,0.0
1699,YEL076C-A,0.0
1700,YEL077C,0.0
1701,YER001W,0.0
1702,YER002W,0.0
1703,YER003C,1.0
1704,YER004W,0.0
1705,YER005W,1.0
1706,YER006C-A,0.0
1707,YER006W,1.0
1708,YER007C-A,0.0
1709,YER007W,0.0
1710,YER008C,1.0
1711,YER009W,1.0
1712,YER010C,0.0
1713,YER011W,0.0
1714,YER012W,1.0
1715,YER013W,1.0
1716,YER014C-A,0.0
1717,YER014W,0.0
1718,YER015W,0.0
1719,YER016W,1.0
1720,YER017C,0.0
1721,YER018C,1.0
1722,YER019C-A,1.0
1723,YER019W,0.0
1724,YER020W,0.0
1725,YER021W,1.0
1726,YER022W,1.0
1727,YER023C-A,0.0
1728,YER023W,1.0
1729,YER024W,0.0
1730,YER025W,1.0
1731,YER026C,0.0
1732,YER027C,0.0
1733,YER028C,0.0
1734,YER029C,0.0
1735,YER030W,0.0
1736,YER031C,0.0
1737,YER032W,0.0
1738,YER033C,0.0
1739,YER034W,0.0
1740,YER035W,0.0
1741,YER036C,1.0
1742,YER037W,0.0
1743,YER038C,1.0
1744,YER038W-A,0.0
1745,YER039C,0.0
1746,YER039C-A,0.0
1747,YER040W,0.0
1748,YER041W,0.0
1749,YER042W,0.0
1750,YER043C,1.0
1751,YER044C,0.0
1752,YER044C-A,0.0
1753,YER045C,0.0
1754,YER046W,0.0
1755,YER046W-A,0.0
1756,YER047C,0.0
1757,YER048C,0.0
1758,YER048W-A,1.0
1759,YER049W,0.0
1760,YER050C,0.0
1761,YER051W,0.0
1762,YER052C,0.0
1763,YER053C,0.0
1764,YER053C-A,0.0
1765,YER054C,0.0
1766,YER055C,0.0
1767,YER056C,0.0
1768,YER056C-A,0.0
1769,YER057C,0.0
1770,YER058W,0.0
1771,YER059W,0.0
1772,YER060W,1.0
1773,YER060W-A,0.0
1774,YER061C,0.0
1775,YER062C,0.0
1776,YER063W,0.0
1777,YER064C,0.0
1778,YER065C,0.0
1779,YER066C-A,0.0
1780,YER066W,0.0
1781,YER067C-A,0.0
1782,YER067W,0.0
1783,YER068C-A,0.0
1784,YER068W,1.0
1785,YER069W,0.0
1786,YER070W,1.0
1787,YER071C,0.0
1788,YER072W,0.0
1789,YER073W,0.0
1790,YER074W,0.0
1791,YER074W-A,1.0
1792,YER075C,0.0
1793,YER076C,0.0
1794,YER077C,0.0
1795,YER078C,0.0
1796,YER078W-A,0.0
1797,YER079W,0.0
1798,YER080W,0.0
1799,YER081W,0.0
1800,YER082C,1.0
1801,YER083C,0.0
1802,YER084W,0.0
1803,YER084W-A,0.0
1804,YER085C,0.0
1805,YER086W,0.0
1806,YER087C-A,0.0
1807,YER087C-B,0.0
1808,YER087W,0.0
1809,YER088C,0.0
1810,YER088C-A,0.0
1811,YER088W-B,0.0
1812,YER089C,0.0
1813,YER090C-A,0.0
1814,YER090W,0.0
1815,YER091C,0.0
1816,YER091C-A,0.0
1817,YER092W,0.0
1818,YER093C,1.0
1819,YER093C-A,0.0
1820,YER094C,1.0
1821,YER095W,1.0
1822,YER096W,0.0
1823,YER097W,0.0
1824,YER098W,0.0
1825,YER099C,0.0
1826,YER100W,0.0
1827,YER101C,0.0
1828,YER102W,0.0
1829,YER103W,0.0
1830,YER104W,1.0
1831,YER105C,0.0
1832,YER106W,1.0
1833,YER107C,0.0
1834,YER110C,0.0
1835,YER111C,1.0
1836,YER112W,1.0
1837,YER113C,0.0
1838,YER114C,0.0
1839,YER115C,0.0
1840,YER116C,0.0
1841,YER117W,0.0
1842,YER118C,0.0
1843,YER119C,0.0
1844,YER119C-A,0.0
1845,YER120W,0.0
1846,YER121W,0.0
1847,YER122C,0.0
1848,YER123W,0.0
1849,YER124C,0.0
1850,YER125W,1.0
1851,YER126C,1.0
1852,YER127W,1.0
1853,YER128W,0.0
1854,YER129W,0.0
1855,YER130C,0.0
1856,YER131W,0.0
1857,YER132C,0.0
1858,YER133W,1.0
1859,YER134C,0.0
1860,YER135C,0.0
1861,YER136W,1.0
1862,YER137C,0.0
1863,YER138W-A,0.0
1864,YER139C,0.0
1865,YER140W,0.0
1866,YER141W,0.0
1867,YER142C,0.0
1868,YER143W,0.0
1869,YER144C,0.0
1870,YER145C,0.0
1871,YER146W,1.0
1872,YER147C,1.0
1873,YER148W,1.0
1874,YER149C,0.0
1875,YER150W,0.0
1876,YER151C,0.0
1877,YER152C,0.0
1878,YER152W-A,0.0
1879,YER153C,0.0
1880,YER154W,0.0
1881,YER155C,0.0
1882,YER156C,0.0
1883,YER157W,1.0
1884,YER158C,0.0
1885,YER159C,1.0
1886,YER161C,0.0
1887,YER162C,0.0
1888,YER163C,0.0
1889,YER164W,0.0
1890,YER165W,1.0
1891,YER166W,0.0
1892,YER167W,0.0
1893,YER168C,1.0
1894,YER169W,0.0
1895,YER170W,0.0
1896,YER171W,1.0
1897,YER172C,1.0
1898,YER172C-A,0.0
1899,YER173W,0.0
1900,YER174C,0.0
1901,YER175C,0.0
1902,YER175W-A,0.0
1903,YER176W,0.0
1904,YER177W,0.0
1905,YER178W,0.0
1906,YER179W,0.0
1907,YER180C,0.0
1908,YER180C-A,0.0
1909,YER181C,0.0
1910,YER182W,0.0
1911,YER183C,0.0
1912,YER184C,0.0
1913,YER185W,0.0
1914,YER186C,0.0
1915,YER187W,0.0
1916,YER188C-A,0.0
1917,YER188W,0.0
1918,YER189W,0.0
1919,YER190C-A,0.0
1920,YER190C-B,0.0
1921,YER190W,0.0
1922,YFL001W,0.0
1923,YFL002C,1.0
1924,YFL003C,0.0
1925,YFL004W,0.0
1926,YFL005W,1.0
1927,YFL007W,0.0
1928,YFL008W,1.0
1929,YFL009W,1.0
1930,YFL010C,0.0
1931,YFL010W-A,0.0
1932,YFL011W,0.0
1933,YFL012W,0.0
1934,YFL012W-A,0.0
1935,YFL013C,0.0
1936,YFL013W-A,0.0
1937,YFL014W,0.0
1938,YFL015C,0.0
1939,YFL015W-A,0.0
1940,YFL016C,0.0
1941,YFL017C,1.0
1942,YFL017W-A,1.0
1943,YFL018C,0.0
1944,YFL019C,0.0
1945,YFL020C,0.0
1946,YFL021W,0.0
1947,YFL022C,1.0
1948,YFL023W,1.0
1949,YFL024C,1.0
1950,YFL025C,0.0
1951,YFL026W,0.0
1952,YFL027C,0.0
1953,YFL028C,0.0
1954,YFL029C,1.0
1955,YFL030W,0.0
1956,YFL031C-A,0.0
1957,YFL031W,0.0
1958,YFL033C,0.0
1959,YFL034C-A,0.0
1960,YFL034C-B,1.0
1961,YFL034W,0.0
1962,YFL036W,0.0
1963,YFL037W,1.0
1964,YFL038C,1.0
1965,YFL039C,1.0
1966,YFL040W,0.0
1967,YFL041W,0.0
1968,YFL041W-A,0.0
1969,YFL042C,0.0
1970,YFL044C,0.0
1971,YFL045C,1.0
1972,YFL046W,0.0
1973,YFL047W,0.0
1974,YFL048C,0.0
1975,YFL049W,0.0
1976,YFL050C,0.0
1977,YFL051C,0.0
1978,YFL052W,0.0
1979,YFL053W,0.0
1980,YFL054C,0.0
1981,YFL055W,0.0
1982,YFL058W,0.0
1983,YFL059W,0.0
1984,YFL060C,0.0
1985,YFL061W,0.0
1986,YFL062W,0.0
1987,YFL063W,0.0
1988,YFL064C,0.0
1989,YFL065C,0.0
1990,YFL066C,0.0
1991,YFL067W,0.0
1992,YFL068W,0.0
1993,YFR001W,0.0
1994,YFR002W,1.0
1995,YFR003C,1.0
1996,YFR004W,1.0
1997,YFR005C,1.0
1998,YFR006W,0.0
1999,YFR007W,0.0
2000,YFR008W,0.0
2001,YFR009W,0.0
2002,YFR009W-A,0.0
2003,YFR010W,0.0
2004,YFR010W-A,0.0
2005,YFR011C,0.0
2006,YFR012W,0.0
2007,YFR012W-A,0.0
2008,YFR013W,0.0
2009,YFR014C,0.0
2010,YFR015C,0.0
2011,YFR016C,0.0
2012,YFR017C,0.0
2013,YFR018C,0.0
2014,YFR019W,0.0
2015,YFR020W,0.0
2016,YFR021W,1.0
2017,YFR022W,0.0
2018,YFR023W,0.0
2019,YFR024C-A,0.0
2020,YFR025C,0.0
2021,YFR026C,0.0
2022,YFR027W,1.0
2023,YFR028C,1.0
2024,YFR029W,1.0
2025,YFR030W,0.0
2026,YFR031C,1.0
2027,YFR031C-A,0.0
2028,YFR032C,0.0
2029,YFR032C-A,0.0
2030,YFR032C-B,0.0
2031,YFR033C,0.0
2032,YFR034C,0.0
2033,YFR035C,0.0
2034,YFR036W,0.0
2035,YFR037C,1.0
2036,YFR038W,0.0
2037,YFR039C,0.0
2038,YFR040W,0.0
2039,YFR041C,0.0
2040,YFR042W,1.0
2041,YFR043C,0.0
2042,YFR044C,0.0
2043,YFR045W,0.0
2044,YFR046C,0.0
2045,YFR047C,0.0
2046,YFR048W,0.0
2047,YFR049W,0.0
2048,YFR050C,1.0
2049,YFR051C,1.0
2050,YFR052C-A,0.0
2051,YFR052W,1.0
2052,YFR053C,0.0
2053,YFR054C,0.0
2054,YFR055W,0.0
2055,YFR056C,0.0
2056,YFR057W,0.0
2057,YGL001C,1.0
2058,YGL002W,0.0
2059,YGL003C,1.0
2060,YGL004C,0.0
2061,YGL005C,0.0
2062,YGL006W,0.0
2063,YGL006W-A,0.0
2064,YGL007C-A,0.0
2065,YGL007W,0.0
2066,YGL008C,1.0
2067,YGL009C,0.0
2068,YGL010W,0.0
2069,YGL011C,1.0
2070,YGL012W,0.0
2071,YGL013C,0.0
2072,YGL014C-A,0.0
2073,YGL014W,1.0
2074,YGL015C,0.0
2075,YGL016W,0.0
2076,YGL017W,0.0
2077,YGL018C,1.0
2078,YGL019W,0.0
2079,YGL020C,0.0
2080,YGL021W,0.0
2081,YGL022W,1.0
2082,YGL023C,0.0
2083,YGL024W,0.0
2084,YGL025C,0.0
2085,YGL026C,0.0
2086,YGL027C,0.0
2087,YGL028C,0.0
2088,YGL029W,1.0
2089,YGL030W,1.0
2090,YGL031C,0.0
2091,YGL032C,0.0
2092,YGL033W,0.0
2093,YGL034C,0.0
2094,YGL035C,0.0
2095,YGL036W,0.0
2096,YGL037C,0.0
2097,YGL038C,0.0
2098,YGL039W,0.0
2099,YGL040C,1.0
2100,YGL041C,0.0
2101,YGL041C-B,0.0
2102,YGL041W-A,0.0
2103,YGL042C,0.0
2104,YGL043W,0.0
2105,YGL044C,1.0
2106,YGL045W,0.0
2107,YGL047W,1.0
2108,YGL048C,1.0
2109,YGL049C,0.0
2110,YGL050W,0.0
2111,YGL051W,0.0
2112,YGL052W,0.0
2113,YGL053W,0.0
2114,YGL054C,0.0
2115,YGL055W,1.0
2116,YGL056C,0.0
2117,YGL057C,0.0
2118,YGL058W,0.0
2119,YGL059W,0.0
2120,YGL060W,0.0
2121,YGL061C,1.0
2122,YGL062W,0.0
2123,YGL063C-A,0.0
2124,YGL063W,0.0
2125,YGL064C,0.0
2126,YGL065C,1.0
2127,YGL066W,0.0
2128,YGL067W,0.0
2129,YGL068W,1.0
2130,YGL069C,1.0
2131,YGL070C,0.0
2132,YGL071W,0.0
2133,YGL072C,0.0
2134,YGL073W,1.0
2135,YGL074C,1.0
2136,YGL075C,1.0
2137,YGL076C,0.0
2138,YGL077C,0.0
2139,YGL078C,0.0
2140,YGL079W,0.0
2141,YGL080W,0.0
2142,YGL081W,0.0
2143,YGL082W,0.0
2144,YGL083W,0.0
2145,YGL084C,0.0
2146,YGL085W,0.0
2147,YGL086W,0.0
2148,YGL087C,0.0
2149,YGL088W,0.0
2150,YGL089C,0.0
2151,YGL090W,0.0
2152,YGL091C,1.0
2153,YGL092W,1.0
2154,YGL093W,1.0
2155,YGL094C,0.0
2156,YGL095C,0.0
2157,YGL096W,0.0
2158,YGL097W,1.0
2159,YGL098W,1.0
2160,YGL099W,1.0
2161,YGL100W,0.0
2162,YGL101W,0.0
2163,YGL102C,1.0
2164,YGL103W,1.0
2165,YGL104C,0.0
2166,YGL105W,0.0
2167,YGL106W,1.0
2168,YGL107C,0.0
2169,YGL108C,0.0
2170,YGL109W,0.0
2171,YGL110C,0.0
2172,YGL111W,1.0
2173,YGL112C,1.0
2174,YGL113W,1.0
2175,YGL114W,0.0
2176,YGL115W,0.0
2177,YGL116W,1.0
2178,YGL117W,0.0
2179,YGL118C,0.0
2180,YGL119W,0.0
2181,YGL120C,1.0
2182,YGL121C,0.0
2183,YGL122C,1.0
2184,YGL123W,1.0
2185,YGL124C,0.0
2186,YGL125W,0.0
2187,YGL126W,0.0
2188,YGL127C,0.0
2189,YGL128C,1.0
2190,YGL129C,0.0
2191,YGL130W,1.0
2192,YGL131C,0.0
2193,YGL132W,0.0
2194,YGL133W,0.0
2195,YGL134W,0.0
2196,YGL135W,0.0
2197,YGL136C,0.0
2198,YGL137W,1.0
2199,YGL138C,0.0
2200,YGL139W,0.0
2201,YGL140C,0.0
2202,YGL141W,0.0
2203,YGL142C,1.0
2204,YGL143C,0.0
2205,YGL144C,0.0
2206,YGL145W,1.0
2207,YGL146C,0.0
2208,YGL147C,0.0
2209,YGL148W,0.0
2210,YGL149W,0.0
2211,YGL150C,1.0
2212,YGL151W,0.0
2213,YGL152C,0.0
2214,YGL153W,0.0
2215,YGL154C,0.0
2216,YGL155W,1.0
2217,YGL156W,0.0
2218,YGL157W,0.0
2219,YGL158W,0.0
2220,YGL159W,0.0
2221,YGL160W,0.0
2222,YGL161C,0.0
2223,YGL162W,0.0
2224,YGL163C,1.0
2225,YGL164C,0.0
2226,YGL165C,0.0
2227,YGL166W,1.0
2228,YGL167C,0.0
2229,YGL168W,0.0
2230,YGL169W,1.0
2231,YGL170C,0.0
2232,YGL171W,1.0
2233,YGL172W,1.0
2234,YGL173C,0.0
2235,YGL174W,0.0
2236,YGL175C,0.0
2237,YGL176C,0.0
2238,YGL177W,0.0
2239,YGL178W,0.0
2240,YGL179C,0.0
2241,YGL180W,1.0
2242,YGL181W,0.0
2243,YGL182C,0.0
2244,YGL183C,0.0
2245,YGL184C,0.0
2246,YGL185C,0.0
2247,YGL186C,0.0
2248,YGL187C,0.0
2249,YGL188C,0.0
2250,YGL188C-A,0.0
2251,YGL189C,1.0
2252,YGL190C,0.0
2253,YGL191W,0.0
2254,YGL192W,0.0
2255,YGL193C,0.0
2256,YGL194C,0.0
2257,YGL194C-A,0.0
2258,YGL195W,0.0
2259,YGL196W,0.0
2260,YGL197W,0.0
2261,YGL198W,0.0
2262,YGL199C,0.0
2263,YGL200C,0.0
2264,YGL201C,1.0
2265,YGL202W,0.0
2266,YGL203C,0.0
2267,YGL204C,0.0
2268,YGL205W,0.0
2269,YGL206C,1.0
2270,YGL207W,1.0
2271,YGL208W,0.0
2272,YGL209W,0.0
2273,YGL210W,0.0
2274,YGL211W,0.0
2275,YGL212W,0.0
2276,YGL213C,1.0
2277,YGL214W,0.0
2278,YGL215W,0.0
2279,YGL216W,0.0
2280,YGL217C,0.0
2281,YGL218W,0.0
2282,YGL219C,0.0
2283,YGL220W,0.0
2284,YGL221C,0.0
2285,YGL222C,0.0
2286,YGL223C,0.0
2287,YGL224C,0.0
2288,YGL225W,1.0
2289,YGL226C-A,0.0
2290,YGL226W,0.0
2291,YGL227W,0.0
2292,YGL228W,0.0
2293,YGL229C,0.0
2294,YGL230C,0.0
2295,YGL231C,0.0
2296,YGL232W,0.0
2297,YGL233W,1.0
2298,YGL234W,0.0
2299,YGL235W,0.0
2300,YGL236C,1.0
2301,YGL237C,0.0
2302,YGL238W,1.0
2303,YGL239C,1.0
2304,YGL240W,0.0
2305,YGL241W,0.0
2306,YGL242C,0.0
2307,YGL243W,0.0
2308,YGL244W,0.0
2309,YGL245W,1.0
2310,YGL246C,0.0
2311,YGL247W,1.0
2312,YGL248W,0.0
2313,YGL249W,0.0
2314,YGL250W,0.0
2315,YGL251C,0.0
2316,YGL252C,0.0
2317,YGL253W,0.0
2318,YGL254W,0.0
2319,YGL255W,0.0
2320,YGL256W,0.0
2321,YGL257C,0.0
2322,YGL258W,0.0
2323,YGL258W-A,0.0
2324,YGL259W,0.0
2325,YGL260W,0.0
2326,YGL261C,0.0
2327,YGL262W,0.0
2328,YGL263W,0.0
2329,YGR001C,0.0
2330,YGR002C,1.0
2331,YGR003W,0.0
2332,YGR004W,0.0
2333,YGR005C,1.0
2334,YGR006W,0.0
2335,YGR007W,0.0
2336,YGR008C,0.0
2337,YGR009C,1.0
2338,YGR010W,0.0
2339,YGR012W,0.0
2340,YGR013W,1.0
2341,YGR014W,0.0
2342,YGR015C,0.0
2343,YGR016W,0.0
2344,YGR017W,0.0
2345,YGR018C,0.0
2346,YGR019W,0.0
2347,YGR020C,0.0
2348,YGR021W,0.0
2349,YGR022C,0.0
2350,YGR023W,0.0
2351,YGR024C,1.0
2352,YGR025W,0.0
2353,YGR026W,0.0
2354,YGR027C,0.0
2355,YGR028W,0.0
2356,YGR029W,1.0
2357,YGR030C,1.0
2358,YGR031C-A,0.0
2359,YGR031W,0.0
2360,YGR032W,0.0
2361,YGR033C,0.0
2362,YGR034W,0.0
2363,YGR035C,0.0
2364,YGR036C,0.0
2365,YGR037C,0.0
2366,YGR038W,0.0
2367,YGR039W,0.0
2368,YGR040W,0.0
2369,YGR041W,0.0
2370,YGR042W,0.0
2371,YGR043C,0.0
2372,YGR044C,0.0
2373,YGR045C,0.0
2374,YGR046W,1.0
2375,YGR047C,1.0
2376,YGR048W,1.0
2377,YGR049W,0.0
2378,YGR050C,0.0
2379,YGR051C,0.0
2380,YGR052W,0.0
2381,YGR053C,0.0
2382,YGR054W,0.0
2383,YGR055W,0.0
2384,YGR056W,0.0
2385,YGR057C,0.0
2386,YGR058W,0.0
2387,YGR059W,0.0
2388,YGR060W,1.0
2389,YGR061C,0.0
2390,YGR062C,0.0
2391,YGR063C,0.0
2392,YGR064W,0.0
2393,YGR065C,1.0
2394,YGR066C,0.0
2395,YGR067C,0.0
2396,YGR068C,0.0
2397,YGR068W-A,0.0
2398,YGR069W,0.0
2399,YGR070W,0.0
2400,YGR071C,0.0
2401,YGR072W,0.0
2402,YGR073C,1.0
2403,YGR074W,1.0
2404,YGR075C,1.0
2405,YGR076C,0.0
2406,YGR077C,0.0
2407,YGR078C,0.0
2408,YGR079W,0.0
2409,YGR080W,0.0
2410,YGR081C,0.0
2411,YGR082W,1.0
2412,YGR083C,1.0
2413,YGR084C,0.0
2414,YGR085C,0.0
2415,YGR086C,0.0
2416,YGR087C,0.0
2417,YGR088W,0.0
2418,YGR089W,0.0
2419,YGR090W,1.0
2420,YGR091W,1.0
2421,YGR092W,0.0
2422,YGR093W,0.0
2423,YGR094W,1.0
2424,YGR095C,1.0
2425,YGR096W,0.0
2426,YGR097W,0.0
2427,YGR098C,1.0
2428,YGR099W,1.0
2429,YGR100W,0.0
2430,YGR101W,0.0
2431,YGR102C,0.0
2432,YGR103W,1.0
2433,YGR104C,0.0
2434,YGR105W,0.0
2435,YGR106C,0.0
2436,YGR107W,0.0
2437,YGR108W,0.0
2438,YGR109C,0.0
2439,YGR110W,0.0
2440,YGR111W,0.0
2441,YGR112W,0.0
2442,YGR113W,1.0
2443,YGR114C,1.0
2444,YGR115C,1.0
2445,YGR116W,1.0
2446,YGR117C,0.0
2447,YGR118W,0.0
2448,YGR119C,1.0
2449,YGR120C,1.0
2450,YGR121C,0.0
2451,YGR121W-A,0.0
2452,YGR122C-A,0.0
2453,YGR122W,0.0
2454,YGR123C,0.0
2455,YGR124W,0.0
2456,YGR125W,0.0
2457,YGR126W,0.0
2458,YGR127W,0.0
2459,YGR128C,1.0
2460,YGR129W,0.0
2461,YGR130C,0.0
2462,YGR131W,0.0
2463,YGR132C,0.0
2464,YGR133W,0.0
2465,YGR134W,0.0
2466,YGR135W,0.0
2467,YGR136W,0.0
2468,YGR137W,0.0
2469,YGR138C,0.0
2470,YGR139W,0.0
2471,YGR140W,1.0
2472,YGR141W,0.0
2473,YGR142W,0.0
2474,YGR143W,0.0
2475,YGR144W,0.0
2476,YGR145W,1.0
2477,YGR146C,0.0
2478,YGR146C-A,0.0
2479,YGR147C,1.0
2480,YGR148C,0.0
2481,YGR149W,0.0
2482,YGR150C,0.0
2483,YGR151C,0.0
2484,YGR152C,0.0
2485,YGR153W,0.0
2486,YGR154C,0.0
2487,YGR155W,1.0
2488,YGR156W,1.0
2489,YGR157W,0.0
2490,YGR158C,1.0
2491,YGR159C,1.0
2492,YGR160W,0.0
2493,YGR161C,0.0
2494,YGR161W-C,0.0
2495,YGR162W,1.0
2496,YGR163W,0.0
2497,YGR164W,0.0
2498,YGR165W,0.0
2499,YGR166W,0.0
2500,YGR167W,0.0
2501,YGR168C,0.0
2502,YGR169C,0.0
2503,YGR169C-A,0.0
2504,YGR170W,0.0
2505,YGR171C,0.0
2506,YGR172C,1.0
2507,YGR173W,0.0
2508,YGR174C,0.0
2509,YGR174W-A,0.0
2510,YGR175C,1.0
2511,YGR176W,0.0
2512,YGR177C,0.0
2513,YGR178C,0.0
2514,YGR179C,1.0
2515,YGR180C,0.0
2516,YGR181W,0.0
2517,YGR182C,0.0
2518,YGR183C,0.0
2519,YGR184C,0.0
2520,YGR185C,1.0
2521,YGR186W,1.0
2522,YGR187C,0.0
2523,YGR188C,1.0
2524,YGR189C,0.0
2525,YGR190C,1.0
2526,YGR191W,1.0
2527,YGR192C,0.0
2528,YGR193C,0.0
2529,YGR194C,0.0
2530,YGR195W,1.0
2531,YGR196C,0.0
2532,YGR197C,0.0
2533,YGR198W,1.0
2534,YGR199W,0.0
2535,YGR200C,0.0
2536,YGR201C,0.0
2537,YGR202C,0.0
2538,YGR203W,0.0
2539,YGR204C-A,0.0
2540,YGR204W,0.0
2541,YGR205W,0.0
2542,YGR206W,0.0
2543,YGR207C,0.0
2544,YGR208W,0.0
2545,YGR209C,0.0
2546,YGR210C,0.0
2547,YGR211W,1.0
2548,YGR212W,0.0
2549,YGR213C,0.0
2550,YGR214W,0.0
2551,YGR215W,0.0
2552,YGR216C,1.0
2553,YGR217W,0.0
2554,YGR218W,1.0
2555,YGR219W,0.0
2556,YGR220C,0.0
2557,YGR221C,0.0
2558,YGR222W,0.0
2559,YGR223C,0.0
2560,YGR224W,0.0
2561,YGR225W,0.0
2562,YGR226C,0.0
2563,YGR227W,0.0
2564,YGR228W,0.0
2565,YGR229C,0.0
2566,YGR230W,0.0
2567,YGR231C,0.0
2568,YGR232W,0.0
2569,YGR233C,0.0
2570,YGR234W,0.0
2571,YGR235C,0.0
2572,YGR236C,0.0
2573,YGR237C,0.0
2574,YGR238C,0.0
2575,YGR239C,0.0
2576,YGR240C,0.0
2577,YGR240C-A,0.0
2578,YGR241C,0.0
2579,YGR242W,0.0
2580,YGR243W,0.0
2581,YGR244C,1.0
2582,YGR245C,1.0
2583,YGR246C,1.0
2584,YGR247W,0.0
2585,YGR248W,0.0
2586,YGR249W,0.0
2587,YGR250C,0.0
2588,YGR251W,1.0
2589,YGR252W,1.0
2590,YGR253C,1.0
2591,YGR254W,0.0
2592,YGR255C,0.0
2593,YGR256W,0.0
2594,YGR257C,0.0
2595,YGR258C,0.0
2596,YGR259C,0.0
2597,YGR260W,0.0
2598,YGR261C,0.0
2599,YGR262C,0.0
2600,YGR263C,0.0
2601,YGR264C,1.0
2602,YGR265W,1.0
2603,YGR266W,0.0
2604,YGR267C,1.0
2605,YGR268C,0.0
2606,YGR269W,0.0
2607,YGR270C-A,0.0
2608,YGR270W,0.0
2609,YGR271C-A,0.0
2610,YGR271W,0.0
2611,YGR273C,0.0
2612,YGR274C,1.0
2613,YGR275W,0.0
2614,YGR276C,0.0
2615,YGR277C,1.0
2616,YGR278W,1.0
2617,YGR279C,0.0
2618,YGR280C,1.0
2619,YGR281W,0.0
2620,YGR282C,1.0
2621,YGR283C,0.0
2622,YGR284C,0.0
2623,YGR285C,0.0
2624,YGR286C,0.0
2625,YGR287C,0.0
2626,YGR288W,0.0
2627,YGR289C,0.0
2628,YGR290W,0.0
2629,YGR291C,0.0
2630,YGR292W,0.0
2631,YGR293C,0.0
2632,YGR294W,1.0
2633,YGR295C,0.0
2634,YGR296C-A,0.0
2635,YGR296C-B,0.0
2636,YGR296W,0.0
2637,YHL001W,0.0
2638,YHL002W,0.0
2639,YHL003C,0.0
2640,YHL004W,0.0
2641,YHL005C,0.0
2642,YHL006C,0.0
2643,YHL007C,0.0
2644,YHL008C,0.0
2645,YHL009C,0.0
2646,YHL010C,0.0
2647,YHL011C,0.0
2648,YHL012W,0.0
2649,YHL013C,0.0
2650,YHL014C,0.0
2651,YHL015W,1.0
2652,YHL015W-A,0.0
2653,YHL016C,0.0
2654,YHL017W,0.0
2655,YHL018W,0.0
2656,YHL019C,0.0
2657,YHL020C,0.0
2658,YHL021C,0.0
2659,YHL022C,0.0
2660,YHL023C,0.0
2661,YHL024W,0.0
2662,YHL025W,0.0
2663,YHL026C,0.0
2664,YHL027W,0.0
2665,YHL028W,0.0
2666,YHL029C,0.0
2667,YHL030W,0.0
2668,YHL031C,0.0
2669,YHL032C,0.0
2670,YHL033C,0.0
2671,YHL034C,0.0
2672,YHL035C,0.0
2673,YHL036W,0.0
2674,YHL037C,0.0
2675,YHL038C,0.0
2676,YHL039W,0.0
2677,YHL040C,0.0
2678,YHL041W,0.0
2679,YHL042W,0.0
2680,YHL043W,0.0
2681,YHL044W,0.0
2682,YHL045W,0.0
2683,YHL046C,0.0
2684,YHL046W-A,0.0
2685,YHL047C,0.0
2686,YHL048C-A,0.0
2687,YHL048W,0.0
2688,YHL049C,0.0
2689,YHL050C,0.0
2690,YHL050W-A,0.0
2691,YHR001W,0.0
2692,YHR001W-A,0.0
2693,YHR002W,0.0
2694,YHR003C,0.0
2695,YHR004C,0.0
2696,YHR005C,1.0
2697,YHR005C-A,1.0
2698,YHR006W,0.0
2699,YHR007C,1.0
2700,YHR007C-A,0.0
2701,YHR008C,0.0
2702,YHR009C,1.0
2703,YHR010W,0.0
2704,YHR011W,0.0
2705,YHR012W,0.0
2706,YHR013C,0.0
2707,YHR014W,1.0
2708,YHR015W,0.0
2709,YHR016C,0.0
2710,YHR017W,0.0
2711,YHR018C,0.0
2712,YHR019C,1.0
2713,YHR020W,1.0
2714,YHR021C,0.0
2715,YHR021W-A,0.0
2716,YHR022C,0.0
2717,YHR022C-A,0.0
2718,YHR023W,1.0
2719,YHR024C,1.0
2720,YHR025W,0.0
2721,YHR026W,0.0
2722,YHR027C,1.0
2723,YHR028C,0.0
2724,YHR028W-A,0.0
2725,YHR029C,0.0
2726,YHR030C,0.0
2727,YHR031C,0.0
2728,YHR032C-A,0.0
2729,YHR032W,0.0
2730,YHR032W-A,0.0
2731,YHR033W,0.0
2732,YHR034C,0.0
2733,YHR035W,0.0
2734,YHR036W,1.0
2735,YHR037W,0.0
2736,YHR038W,0.0
2737,YHR039C,0.0
2738,YHR039C-A,0.0
2739,YHR040W,1.0
2740,YHR041C,0.0
2741,YHR042W,1.0
2742,YHR043C,0.0
2743,YHR044C,0.0
2744,YHR045W,0.0
2745,YHR046C,0.0
2746,YHR047C,0.0
2747,YHR048W,0.0
2748,YHR049C-A,0.0
2749,YHR049W,0.0
2750,YHR050W,0.0
2751,YHR050W-A,0.0
2752,YHR051W,0.0
2753,YHR052W,0.0
2754,YHR052W-A,0.0
2755,YHR053C,0.0
2756,YHR054C,0.0
2757,YHR054W-A,0.0
2758,YHR055C,0.0
2759,YHR056C,1.0
2760,YHR056W-A,0.0
2761,YHR057C,0.0
2762,YHR058C,1.0
2763,YHR059W,0.0
2764,YHR060W,0.0
2765,YHR061C,0.0
2766,YHR062C,1.0
2767,YHR063C,0.0
2768,YHR063W-A,0.0
2769,YHR064C,0.0
2770,YHR065C,1.0
2771,YHR066W,0.0
2772,YHR067W,0.0
2773,YHR068W,1.0
2774,YHR069C,1.0
2775,YHR069C-A,0.0
2776,YHR070W,1.0
2777,YHR071W,0.0
2778,YHR072W,1.0
2779,YHR072W-A,1.0
2780,YHR073C-B,0.0
2781,YHR073W,0.0
2782,YHR073W-A,0.0
2783,YHR074W,1.0
2784,YHR075C,0.0
2785,YHR076W,0.0
2786,YHR077C,0.0
2787,YHR078W,0.0
2788,YHR079C,0.0
2789,YHR079C-A,0.0
2790,YHR080C,0.0
2791,YHR081W,0.0
2792,YHR082C,1.0
2793,YHR083W,1.0
2794,YHR084W,1.0
2795,YHR085W,1.0
2796,YHR086W,1.0
2797,YHR086W-A,0.0
2798,YHR087W,0.0
2799,YHR088W,1.0
2800,YHR089C,0.0
2801,YHR090C,0.0
2802,YHR091C,0.0
2803,YHR092C,0.0
2804,YHR093W,0.0
2805,YHR094C,0.0
2806,YHR095W,0.0
2807,YHR096C,0.0
2808,YHR097C,0.0
2809,YHR098C,1.0
2810,YHR099W,1.0
2811,YHR100C,0.0
2812,YHR101C,1.0
2813,YHR102W,0.0
2814,YHR103W,0.0
2815,YHR104W,0.0
2816,YHR105W,0.0
2817,YHR106W,0.0
2818,YHR107C,1.0
2819,YHR108W,0.0
2820,YHR109W,0.0
2821,YHR110W,0.0
2822,YHR111W,0.0
2823,YHR112C,0.0
2824,YHR113W,0.0
2825,YHR114W,0.0
2826,YHR115C,0.0
2827,YHR116W,0.0
2828,YHR117W,0.0
2829,YHR118C,1.0
2830,YHR119W,0.0
2831,YHR120W,0.0
2832,YHR121W,0.0
2833,YHR122W,1.0
2834,YHR123W,0.0
2835,YHR124W,0.0
2836,YHR125W,0.0
2837,YHR126C,0.0
2838,YHR127W,0.0
2839,YHR128W,1.0
2840,YHR129C,1.0
2841,YHR130C,0.0
2842,YHR131C,0.0
2843,YHR132C,0.0
2844,YHR132W-A,0.0
2845,YHR133C,0.0
2846,YHR134W,0.0
2847,YHR135C,0.0
2848,YHR136C,0.0
2849,YHR137C-A,0.0
2850,YHR137W,0.0
2851,YHR138C,0.0
2852,YHR139C,0.0
2853,YHR139C-A,0.0
2854,YHR140W,0.0
2855,YHR141C,0.0
2856,YHR142W,0.0
2857,YHR143W,0.0
2858,YHR143W-A,1.0
2859,YHR144C,0.0
2860,YHR145C,0.0
2861,YHR146W,0.0
2862,YHR147C,0.0
2863,YHR148W,1.0
2864,YHR149C,0.0
2865,YHR150W,0.0
2866,YHR151C,0.0
2867,YHR152W,0.0
2868,YHR153C,0.0
2869,YHR154W,0.0
2870,YHR155W,0.0
2871,YHR156C,0.0
2872,YHR157W,0.0
2873,YHR158C,0.0
2874,YHR159W,0.0
2875,YHR160C,0.0
2876,YHR161C,0.0
2877,YHR162W,0.0
2878,YHR163W,0.0
2879,YHR164C,1.0
2880,YHR165C,1.0
2881,YHR166C,1.0
2882,YHR167W,0.0
2883,YHR168W,0.0
2884,YHR169W,1.0
2885,YHR170W,1.0
2886,YHR171W,1.0
2887,YHR172W,1.0
2888,YHR173C,0.0
2889,YHR174W,0.0
2890,YHR175W,0.0
2891,YHR175W-A,0.0
2892,YHR176W,0.0
2893,YHR177W,0.0
2894,YHR178W,0.0
2895,YHR179W,0.0
2896,YHR180C-B,0.0
2897,YHR180W,0.0
2898,YHR180W-A,0.0
2899,YHR181W,0.0
2900,YHR182W,0.0
2901,YHR183W,0.0
2902,YHR184W,0.0
2903,YHR185C,0.0
2904,YHR186C,1.0
2905,YHR187W,0.0
2906,YHR188C,1.0
2907,YHR189W,0.0
2908,YHR190W,1.0
2909,YHR191C,0.0
2910,YHR192W,0.0
2911,YHR193C,0.0
2912,YHR194W,0.0
2913,YHR195W,0.0
2914,YHR196W,1.0
2915,YHR197W,1.0
2916,YHR198C,0.0
2917,YHR199C,0.0
2918,YHR199C-A,1.0
2919,YHR200W,0.0
2920,YHR201C,0.0
2921,YHR202W,0.0
2922,YHR203C,0.0
2923,YHR204W,0.0
2924,YHR205W,0.0
2925,YHR206W,0.0
2926,YHR207C,0.0
2927,YHR208W,0.0
2928,YHR209W,0.0
2929,YHR210C,0.0
2930,YHR211W,0.0
2931,YHR212C,0.0
2932,YHR212W-A,0.0
2933,YHR213W,0.0
2934,YHR213W-A,0.0
2935,YHR213W-B,0.0
2936,YHR214C-D,0.0
2937,YHR214C-E,0.0
2938,YHR214W,0.0
2939,YHR214W-A,0.0
2940,YHR215W,0.0
2941,YHR216W,0.0
2942,YHR217C,0.0
2943,YHR218W,0.0
2944,YHR218W-A,0.0
2945,YHR219C-A,0.0
2946,YHR219W,0.0
2947,YIL001W,0.0
2948,YIL002C,0.0
2949,YIL002W-A,0.0
2950,YIL003W,1.0
2951,YIL004C,1.0
2952,YIL005W,0.0
2953,YIL006W,0.0
2954,YIL007C,0.0
2955,YIL008W,0.0
2956,YIL009C-A,0.0
2957,YIL009W,0.0
2958,YIL010W,0.0
2959,YIL011W,0.0
2960,YIL012W,0.0
2961,YIL013C,0.0
2962,YIL014C-A,0.0
2963,YIL014W,0.0
2964,YIL015W,0.0
2965,YIL016W,0.0
2966,YIL017C,0.0
2967,YIL018W,0.0
2968,YIL019W,1.0
2969,YIL020C,0.0
2970,YIL020C-A,0.0
2971,YIL021W,1.0
2972,YIL022W,1.0
2973,YIL023C,0.0
2974,YIL024C,0.0
2975,YIL025C,0.0
2976,YIL026C,1.0
2977,YIL027C,0.0
2978,YIL028W,0.0
2979,YIL029C,0.0
2980,YIL029W-A,0.0
2981,YIL030C,0.0
2982,YIL030W-A,0.0
2983,YIL031W,1.0
2984,YIL032C,0.0
2985,YIL033C,0.0
2986,YIL034C,0.0
2987,YIL035C,0.0
2988,YIL036W,0.0
2989,YIL037C,0.0
2990,YIL038C,0.0
2991,YIL039W,0.0
2992,YIL040W,0.0
2993,YIL041W,0.0
2994,YIL042C,0.0
2995,YIL043C,0.0
2996,YIL044C,0.0
2997,YIL045W,0.0
2998,YIL046W,1.0
2999,YIL046W-A,0.0
3000,YIL047C,0.0
3001,YIL048W,1.0
3002,YIL049W,0.0
3003,YIL050W,0.0
3004,YIL051C,1.0
3005,YIL052C,0.0
3006,YIL053W,0.0
3007,YIL054W,0.0
3008,YIL055C,0.0
3009,YIL056W,0.0
3010,YIL057C,0.0
3011,YIL058W,0.0
3012,YIL059C,0.0
3013,YIL060W,0.0
3014,YIL061C,1.0
3015,YIL062C,1.0
3016,YIL063C,1.0
3017,YIL064W,0.0
3018,YIL065C,0.0
3019,YIL066C,0.0
3020,YIL067C,0.0
3021,YIL068C,1.0
3022,YIL069C,0.0
3023,YIL070C,0.0
3024,YIL071C,0.0
3025,YIL071W-A,0.0
3026,YIL072W,0.0
3027,YIL073C,0.0
3028,YIL074C,0.0
3029,YIL075C,1.0
3030,YIL076W,0.0
3031,YIL077C,0.0
3032,YIL078W,1.0
3033,YIL079C,0.0
3034,YIL082W,0.0
3035,YIL083C,1.0
3036,YIL084C,0.0
3037,YIL085C,0.0
3038,YIL086C,0.0
3039,YIL087C,0.0
3040,YIL088C,0.0
3041,YIL089W,0.0
3042,YIL090W,0.0
3043,YIL091C,1.0
3044,YIL092W,0.0
3045,YIL093C,0.0
3046,YIL094C,0.0
3047,YIL095W,0.0
3048,YIL096C,0.0
3049,YIL097W,0.0
3050,YIL098C,0.0
3051,YIL099W,0.0
3052,YIL100W,0.0
3053,YIL101C,0.0
3054,YIL102C,0.0
3055,YIL102C-A,1.0
3056,YIL103W,0.0
3057,YIL104C,1.0
3058,YIL105C,0.0
3059,YIL105W-A,0.0
3060,YIL106W,1.0
3061,YIL107C,0.0
3062,YIL108W,0.0
3063,YIL109C,1.0
3064,YIL110W,0.0
3065,YIL111W,0.0
3066,YIL112W,0.0
3067,YIL113W,0.0
3068,YIL114C,0.0
3069,YIL115C,1.0
3070,YIL115W-A,0.0
3071,YIL116W,0.0
3072,YIL117C,0.0
3073,YIL118W,1.0
3074,YIL119C,0.0
3075,YIL120W,0.0
3076,YIL121W,0.0
3077,YIL122W,0.0
3078,YIL123W,0.0
3079,YIL124W,0.0
3080,YIL125W,0.0
3081,YIL126W,1.0
3082,YIL127C,0.0
3083,YIL128W,0.0
3084,YIL129C,1.0
3085,YIL130W,0.0
3086,YIL131C,0.0
3087,YIL132C,0.0
3088,YIL133C,0.0
3089,YIL134C-A,0.0
3090,YIL134W,0.0
3091,YIL135C,0.0
3092,YIL136W,0.0
3093,YIL137C,1.0
3094,YIL138C,0.0
3095,YIL139C,0.0
3096,YIL140W,0.0
3097,YIL141W,0.0
3098,YIL142C-A,0.0
3099,YIL142W,1.0
3100,YIL143C,1.0
3101,YIL144W,1.0
3102,YIL145C,0.0
3103,YIL146C,0.0
3104,YIL147C,1.0
3105,YIL148W,0.0
3106,YIL149C,0.0
3107,YIL150C,1.0
3108,YIL151C,0.0
3109,YIL152W,0.0
3110,YIL153W,0.0
3111,YIL154C,0.0
3112,YIL155C,0.0
3113,YIL156W,0.0
3114,YIL156W-B,0.0
3115,YIL157C,0.0
3116,YIL158W,0.0
3117,YIL159W,0.0
3118,YIL160C,0.0
3119,YIL161W,0.0
3120,YIL162W,0.0
3121,YIL163C,0.0
3122,YIL164C,0.0
3123,YIL165C,0.0
3124,YIL166C,0.0
3125,YIL169C,0.0
3126,YIL171W-A,0.0
3127,YIL172C,0.0
3128,YIL173W,0.0
3129,YIL176C,0.0
3130,YIL177C,0.0
3131,YIL177W-A,0.0
3132,YIR001C,0.0
3133,YIR002C,0.0
3134,YIR003W,0.0
3135,YIR004W,1.0
3136,YIR005W,0.0
3137,YIR006C,1.0
3138,YIR007W,0.0
3139,YIR008C,1.0
3140,YIR009W,0.0
3141,YIR010W,1.0
3142,YIR011C,1.0
3143,YIR012W,1.0
3144,YIR013C,0.0
3145,YIR014W,0.0
3146,YIR015W,1.0
3147,YIR016W,0.0
3148,YIR017C,0.0
3149,YIR018C-A,0.0
3150,YIR018W,0.0
3151,YIR019C,0.0
3152,YIR020C,0.0
3153,YIR020W-A,0.0
3154,YIR021W,0.0
3155,YIR021W-A,0.0
3156,YIR022W,1.0
3157,YIR023W,0.0
3158,YIR024C,0.0
3159,YIR025W,0.0
3160,YIR026C,0.0
3161,YIR027C,0.0
3162,YIR028W,0.0
3163,YIR029W,0.0
3164,YIR030C,0.0
3165,YIR031C,0.0
3166,YIR032C,0.0
3167,YIR033W,0.0
3168,YIR034C,0.0
3169,YIR035C,0.0
3170,YIR036C,0.0
3171,YIR036W-A,0.0
3172,YIR037W,0.0
3173,YIR038C,0.0
3174,YIR039C,0.0
3175,YIR040C,0.0
3176,YIR041W,0.0
3177,YIR042C,0.0
3178,YJL001W,1.0
3179,YJL002C,1.0
3180,YJL003W,0.0
3181,YJL004C,0.0
3182,YJL005W,1.0
3183,YJL006C,0.0
3184,YJL007C,0.0
3185,YJL008C,1.0
3186,YJL009W,1.0
3187,YJL010C,1.0
3188,YJL011C,1.0
3189,YJL012C,1.0
3190,YJL013C,0.0
3191,YJL014W,1.0
3192,YJL015C,1.0
3193,YJL016W,0.0
3194,YJL019W,1.0
3195,YJL020C,0.0
3196,YJL020W-A,0.0
3197,YJL022W,0.0
3198,YJL023C,0.0
3199,YJL024C,0.0
3200,YJL025W,1.0
3201,YJL026W,1.0
3202,YJL027C,0.0
3203,YJL028W,0.0
3204,YJL029C,0.0
3205,YJL030W,0.0
3206,YJL031C,1.0
3207,YJL032W,1.0
3208,YJL033W,1.0
3209,YJL034W,1.0
3210,YJL035C,1.0
3211,YJL036W,0.0
3212,YJL037W,0.0
3213,YJL038C,0.0
3214,YJL039C,1.0
3215,YJL041W,1.0
3216,YJL042W,0.0
3217,YJL043W,0.0
3218,YJL044C,0.0
3219,YJL045W,0.0
3220,YJL046W,0.0
3221,YJL047C,0.0
3222,YJL047C-A,0.0
3223,YJL048C,0.0
3224,YJL049W,0.0
3225,YJL050W,1.0
3226,YJL051W,0.0
3227,YJL052C-A,0.0
3228,YJL052W,0.0
3229,YJL053W,0.0
3230,YJL054W,1.0
3231,YJL055W,0.0
3232,YJL056C,0.0
3233,YJL057C,0.0
3234,YJL058C,0.0
3235,YJL059W,0.0
3236,YJL060W,0.0
3237,YJL061W,1.0
3238,YJL062W,0.0
3239,YJL062W-A,0.0
3240,YJL063C,0.0
3241,YJL064W,0.0
3242,YJL065C,0.0
3243,YJL066C,0.0
3244,YJL067W,0.0
3245,YJL068C,0.0
3246,YJL069C,1.0
3247,YJL070C,0.0
3248,YJL071W,0.0
3249,YJL072C,1.0
3250,YJL073W,0.0
3251,YJL074C,1.0
3252,YJL075C,0.0
3253,YJL076W,1.0
3254,YJL077C,0.0
3255,YJL077W-A,0.0
3256,YJL077W-B,0.0
3257,YJL078C,0.0
3258,YJL079C,0.0
3259,YJL080C,0.0
3260,YJL081C,1.0
3261,YJL082W,0.0
3262,YJL083W,0.0
3263,YJL084C,0.0
3264,YJL085W,1.0
3265,YJL086C,1.0
3266,YJL087C,1.0
3267,YJL088W,0.0
3268,YJL089W,0.0
3269,YJL090C,1.0
3270,YJL091C,1.0
3271,YJL092W,0.0
3272,YJL093C,0.0
3273,YJL094C,0.0
3274,YJL095W,0.0
3275,YJL096W,0.0
3276,YJL097W,1.0
3277,YJL098W,0.0
3278,YJL099W,0.0
3279,YJL100W,0.0
3280,YJL101C,0.0
3281,YJL102W,0.0
3282,YJL103C,0.0
3283,YJL104W,1.0
3284,YJL105W,0.0
3285,YJL106W,0.0
3286,YJL107C,0.0
3287,YJL108C,0.0
3288,YJL109C,1.0
3289,YJL110C,0.0
3290,YJL111W,1.0
3291,YJL112W,0.0
3292,YJL115W,0.0
3293,YJL116C,0.0
3294,YJL117W,0.0
3295,YJL118W,0.0
3296,YJL119C,0.0
3297,YJL120W,0.0
3298,YJL121C,0.0
3299,YJL122W,0.0
3300,YJL123C,1.0
3301,YJL124C,0.0
3302,YJL125C,1.0
3303,YJL126W,0.0
3304,YJL127C,1.0
3305,YJL127C-B,0.0
3306,YJL127W-A,0.0
3307,YJL128C,0.0
3308,YJL129C,0.0
3309,YJL130C,0.0
3310,YJL131C,0.0
3311,YJL132W,0.0
3312,YJL133C-A,0.0
3313,YJL133W,0.0
3314,YJL134W,0.0
3315,YJL135W,0.0
3316,YJL136C,0.0
3317,YJL136W-A,0.0
3318,YJL137C,0.0
3319,YJL138C,0.0
3320,YJL139C,0.0
3321,YJL140W,0.0
3322,YJL141C,0.0
3323,YJL142C,0.0
3324,YJL143W,1.0
3325,YJL144W,0.0
3326,YJL145W,0.0
3327,YJL146W,0.0
3328,YJL147C,0.0
3329,YJL148W,0.0
3330,YJL149W,0.0
3331,YJL150W,0.0
3332,YJL151C,0.0
3333,YJL152W,0.0
3334,YJL153C,0.0
3335,YJL154C,0.0
3336,YJL155C,0.0
3337,YJL156C,1.0
3338,YJL157C,1.0
3339,YJL158C,0.0
3340,YJL159W,0.0
3341,YJL160C,0.0
3342,YJL161W,0.0
3343,YJL162C,0.0
3344,YJL163C,0.0
3345,YJL164C,1.0
3346,YJL165C,0.0
3347,YJL166W,0.0
3348,YJL167W,1.0
3349,YJL168C,0.0
3350,YJL169W,0.0
3351,YJL170C,0.0
3352,YJL171C,0.0
3353,YJL172W,0.0
3354,YJL173C,1.0
3355,YJL174W,1.0
3356,YJL175W,0.0
3357,YJL176C,0.0
3358,YJL177W,0.0
3359,YJL178C,0.0
3360,YJL179W,0.0
3361,YJL180C,0.0
3362,YJL181W,0.0
3363,YJL182C,0.0
3364,YJL183W,0.0
3365,YJL184W,1.0
3366,YJL185C,0.0
3367,YJL186W,0.0
3368,YJL187C,0.0
3369,YJL188C,0.0
3370,YJL189W,0.0
3371,YJL190C,0.0
3372,YJL191W,0.0
3373,YJL192C,0.0
3374,YJL193W,0.0
3375,YJL194W,1.0
3376,YJL195C,1.0
3377,YJL196C,0.0
3378,YJL197C-A,0.0
3379,YJL197W,0.0
3380,YJL198W,1.0
3381,YJL199C,0.0
3382,YJL200C,0.0
3383,YJL201W,0.0
3384,YJL202C,1.0
3385,YJL203W,1.0
3386,YJL204C,0.0
3387,YJL205C,0.0
3388,YJL206C,0.0
3389,YJL207C,0.0
3390,YJL208C,0.0
3391,YJL209W,0.0
3392,YJL210W,0.0
3393,YJL211C,0.0
3394,YJL212C,0.0
3395,YJL213W,0.0
3396,YJL214W,0.0
3397,YJL215C,0.0
3398,YJL216C,0.0
3399,YJL217W,0.0
3400,YJL218W,0.0
3401,YJL219W,0.0
3402,YJL220W,0.0
3403,YJL221C,0.0
3404,YJL222W,0.0
3405,YJL222W-A,0.0
3406,YJL222W-B,0.0
3407,YJL223C,0.0
3408,YJL225C,0.0
3409,YJL225W-A,0.0
3410,YJR001W,0.0
3411,YJR002W,1.0
3412,YJR003C,1.0
3413,YJR004C,0.0
3414,YJR005C-A,0.0
3415,YJR005W,0.0
3416,YJR006W,1.0
3417,YJR007W,1.0
3418,YJR008W,0.0
3419,YJR009C,0.0
3420,YJR010C-A,0.0
3421,YJR010W,0.0
3422,YJR011C,0.0
3423,YJR012C,1.0
3424,YJR013W,1.0
3425,YJR014W,0.0
3426,YJR015W,0.0
3427,YJR016C,1.0
3428,YJR017C,1.0
3429,YJR018W,0.0
3430,YJR019C,0.0
3431,YJR020W,0.0
3432,YJR021C,0.0
3433,YJR022W,1.0
3434,YJR023C,1.0
3435,YJR024C,0.0
3436,YJR025C,0.0
3437,YJR030C,0.0
3438,YJR031C,0.0
3439,YJR032W,0.0
3440,YJR033C,0.0
3441,YJR034W,0.0
3442,YJR035W,0.0
3443,YJR036C,0.0
3444,YJR037W,0.0
3445,YJR038C,0.0
3446,YJR039W,0.0
3447,YJR040W,0.0
3448,YJR041C,1.0
3449,YJR042W,1.0
3450,YJR043C,0.0
3451,YJR044C,0.0
3452,YJR045C,1.0
3453,YJR046W,1.0
3454,YJR047C,0.0
3455,YJR048W,0.0
3456,YJR049C,1.0
3457,YJR050W,0.0
3458,YJR051W,0.0
3459,YJR052W,0.0
3460,YJR053W,0.0
3461,YJR054W,0.0
3462,YJR055W,0.0
3463,YJR056C,0.0
3464,YJR057W,1.0
3465,YJR058C,0.0
3466,YJR059W,0.0
3467,YJR060W,0.0
3468,YJR061W,0.0
3469,YJR062C,0.0
3470,YJR063W,0.0
3471,YJR064W,1.0
3472,YJR065C,1.0
3473,YJR066W,0.0
3474,YJR067C,1.0
3475,YJR068W,1.0
3476,YJR069C,0.0
3477,YJR070C,0.0
3478,YJR071W,0.0
3479,YJR072C,1.0
3480,YJR073C,0.0
3481,YJR074W,0.0
3482,YJR075W,0.0
3483,YJR076C,1.0
3484,YJR077C,0.0
3485,YJR078W,0.0
3486,YJR079W,0.0
3487,YJR080C,0.0
3488,YJR082C,0.0
3489,YJR083C,0.0
3490,YJR084W,0.0
3491,YJR085C,0.0
3492,YJR086W,0.0
3493,YJR087W,0.0
3494,YJR088C,0.0
3495,YJR089W,1.0
3496,YJR090C,0.0
3497,YJR091C,0.0
3498,YJR092W,0.0
3499,YJR093C,1.0
3500,YJR094C,0.0
3501,YJR094W-A,0.0
3502,YJR095W,1.0
3503,YJR096W,0.0
3504,YJR097W,0.0
3505,YJR098C,0.0
3506,YJR099W,0.0
3507,YJR100C,0.0
3508,YJR101W,0.0
3509,YJR102C,0.0
3510,YJR103W,0.0
3511,YJR104C,0.0
3512,YJR105W,0.0
3513,YJR106W,0.0
3514,YJR107W,0.0
3515,YJR108W,0.0
3516,YJR109C,0.0
3517,YJR110W,0.0
3518,YJR111C,0.0
3519,YJR112W,1.0
3520,YJR112W-A,0.0
3521,YJR113C,0.0
3522,YJR114W,0.0
3523,YJR115W,0.0
3524,YJR116W,0.0
3525,YJR117W,0.0
3526,YJR118C,0.0
3527,YJR119C,0.0
3528,YJR120W,1.0
3529,YJR121W,0.0
3530,YJR122W,0.0
3531,YJR123W,1.0
3532,YJR124C,0.0
3533,YJR125C,0.0
3534,YJR126C,0.0
3535,YJR127C,0.0
3536,YJR128W,0.0
3537,YJR129C,0.0
3538,YJR130C,0.0
3539,YJR131W,0.0
3540,YJR132W,0.0
3541,YJR133W,0.0
3542,YJR134C,0.0
3543,YJR135C,1.0
3544,YJR135W-A,0.0
3545,YJR136C,1.0
3546,YJR137C,0.0
3547,YJR138W,0.0
3548,YJR139C,0.0
3549,YJR140C,0.0
3550,YJR140W-A,0.0
3551,YJR141W,1.0
3552,YJR142W,0.0
3553,YJR143C,0.0
3554,YJR144W,0.0
3555,YJR145C,0.0
3556,YJR146W,0.0
3557,YJR147W,0.0
3558,YJR148W,0.0
3559,YJR149W,0.0
3560,YJR150C,0.0
3561,YJR151C,0.0
3562,YJR151W-A,0.0
3563,YJR152W,0.0
3564,YJR153W,0.0
3565,YJR154W,0.0
3566,YJR155W,0.0
3567,YJR156C,0.0
3568,YJR157W,0.0
3569,YJR158W,0.0
3570,YJR159W,0.0
3571,YJR160C,0.0
3572,YJR161C,0.0
3573,YJR162C,0.0
3574,YKL001C,0.0
3575,YKL002W,0.0
3576,YKL003C,0.0
3577,YKL004W,1.0
3578,YKL005C,0.0
3579,YKL006C-A,1.0
3580,YKL006W,0.0
3581,YKL007W,0.0
3582,YKL008C,0.0
3583,YKL009W,0.0
3584,YKL010C,0.0
3585,YKL011C,0.0
3586,YKL012W,1.0
3587,YKL013C,1.0
3588,YKL014C,1.0
3589,YKL015W,0.0
3590,YKL016C,0.0
3591,YKL017C,0.0
3592,YKL018C-A,0.0
3593,YKL018W,1.0
3594,YKL019W,1.0
3595,YKL020C,0.0
3596,YKL021C,1.0
3597,YKL022C,1.0
3598,YKL023C-A,0.0
3599,YKL023W,0.0
3600,YKL024C,1.0
3601,YKL025C,0.0
3602,YKL026C,0.0
3603,YKL027W,0.0
3604,YKL028W,1.0
3605,YKL029C,0.0
3606,YKL030W,0.0
3607,YKL031W,0.0
3608,YKL032C,0.0
3609,YKL033W,1.0
3610,YKL033W-A,0.0
3611,YKL034W,0.0
3612,YKL035W,1.0
3613,YKL036C,1.0
3614,YKL037W,1.0
3615,YKL038W,0.0
3616,YKL039W,0.0
3617,YKL040C,0.0
3618,YKL041W,0.0
3619,YKL042W,1.0
3620,YKL043W,0.0
3621,YKL044W,0.0
3622,YKL045W,1.0
3623,YKL046C,0.0
3624,YKL047W,0.0
3625,YKL048C,0.0
3626,YKL049C,1.0
3627,YKL050C,0.0
3628,YKL051W,0.0
3629,YKL052C,1.0
3630,YKL053C-A,0.0
3631,YKL053W,0.0
3632,YKL054C,0.0
3633,YKL055C,0.0
3634,YKL056C,0.0
3635,YKL057C,0.0
3636,YKL058W,1.0
3637,YKL059C,1.0
3638,YKL060C,1.0
3639,YKL061W,0.0
3640,YKL062W,0.0
3641,YKL063C,0.0
3642,YKL064W,0.0
3643,YKL065C,0.0
3644,YKL065W-A,0.0
3645,YKL066W,0.0
3646,YKL067W,0.0
3647,YKL068W,0.0
3648,YKL068W-A,0.0
3649,YKL069W,0.0
3650,YKL070W,0.0
3651,YKL071W,0.0
3652,YKL072W,0.0
3653,YKL073W,0.0
3654,YKL074C,0.0
3655,YKL075C,0.0
3656,YKL076C,0.0
3657,YKL077W,0.0
3658,YKL078W,1.0
3659,YKL079W,0.0
3660,YKL080W,0.0
3661,YKL081W,0.0
3662,YKL082C,1.0
3663,YKL083W,1.0
3664,YKL084W,0.0
3665,YKL085W,0.0
3666,YKL086W,0.0
3667,YKL087C,0.0
3668,YKL088W,1.0
3669,YKL089W,1.0
3670,YKL090W,0.0
3671,YKL091C,0.0
3672,YKL092C,0.0
3673,YKL093W,0.0
3674,YKL094W,0.0
3675,YKL095W,1.0
3676,YKL096C-B,0.0
3677,YKL096W,0.0
3678,YKL096W-A,0.0
3679,YKL097C,0.0
3680,YKL098W,0.0
3681,YKL099C,1.0
3682,YKL100C,0.0
3683,YKL100W-A,0.0
3684,YKL101W,1.0
3685,YKL102C,0.0
3686,YKL103C,0.0
3687,YKL104C,1.0
3688,YKL105C,0.0
3689,YKL106C-A,0.0
3690,YKL106W,0.0
3691,YKL107W,0.0
3692,YKL108W,1.0
3693,YKL109W,0.0
3694,YKL110C,0.0
3695,YKL111C,1.0
3696,YKL112W,1.0
3697,YKL113C,1.0
3698,YKL114C,0.0
3699,YKL116C,0.0
3700,YKL117W,0.0
3701,YKL118W,0.0
3702,YKL119C,0.0
3703,YKL120W,0.0
3704,YKL121W,0.0
3705,YKL122C,1.0
3706,YKL124W,0.0
3707,YKL125W,1.0
3708,YKL126W,0.0
3709,YKL127W,0.0
3710,YKL128C,0.0
3711,YKL129C,0.0
3712,YKL130C,0.0
3713,YKL131W,0.0
3714,YKL132C,0.0
3715,YKL133C,0.0
3716,YKL134C,0.0
3717,YKL135C,0.0
3718,YKL136W,0.0
3719,YKL137W,0.0
3720,YKL138C,0.0
3721,YKL138C-A,1.0
3722,YKL139W,1.0
3723,YKL140W,0.0
3724,YKL141W,1.0
3725,YKL142W,0.0
3726,YKL143W,0.0
3727,YKL144C,1.0
3728,YKL145W,1.0
3729,YKL145W-A,0.0
3730,YKL146W,0.0
3731,YKL147C,0.0
3732,YKL148C,0.0
3733,YKL149C,0.0
3734,YKL150W,0.0
3735,YKL151C,0.0
3736,YKL152C,1.0
3737,YKL153W,1.0
3738,YKL154W,1.0
3739,YKL155C,0.0
3740,YKL156C-A,0.0
3741,YKL156W,0.0
3742,YKL157W,0.0
3743,YKL159C,0.0
3744,YKL160W,0.0
3745,YKL161C,0.0
3746,YKL162C,0.0
3747,YKL162C-A,0.0
3748,YKL163W,0.0
3749,YKL164C,0.0
3750,YKL165C,1.0
3751,YKL165C-A,0.0
3752,YKL166C,1.0
3753,YKL167C,0.0
3754,YKL168C,0.0
3755,YKL169C,0.0
3756,YKL170W,0.0
3757,YKL171W,0.0
3758,YKL172W,1.0
3759,YKL173W,1.0
3760,YKL174C,0.0
3761,YKL175W,0.0
3762,YKL176C,0.0
3763,YKL177W,0.0
3764,YKL178C,0.0
3765,YKL179C,0.0
3766,YKL180W,1.0
3767,YKL181W,0.0
3768,YKL182W,1.0
3769,YKL183C-A,0.0
3770,YKL183W,0.0
3771,YKL184W,0.0
3772,YKL185W,0.0
3773,YKL186C,1.0
3774,YKL187C,0.0
3775,YKL188C,0.0
3776,YKL189W,1.0
3777,YKL190W,0.0
3778,YKL191W,0.0
3779,YKL192C,1.0
3780,YKL193C,1.0
3781,YKL194C,0.0
3782,YKL195W,1.0
3783,YKL196C,1.0
3784,YKL197C,0.0
3785,YKL198C,0.0
3786,YKL201C,0.0
3787,YKL202W,0.0
3788,YKL203C,1.0
3789,YKL204W,0.0
3790,YKL205W,1.0
3791,YKL206C,0.0
3792,YKL207W,0.0
3793,YKL208W,0.0
3794,YKL209C,0.0
3795,YKL210W,1.0
3796,YKL211C,0.0
3797,YKL212W,1.0
3798,YKL213C,0.0
3799,YKL214C,0.0
3800,YKL215C,0.0
3801,YKL216W,0.0
3802,YKL217W,0.0
3803,YKL218C,0.0
3804,YKL219W,0.0
3805,YKL220C,0.0
3806,YKL221W,0.0
3807,YKL222C,0.0
3808,YKL223W,0.0
3809,YKL224C,0.0
3810,YKL225W,0.0
3811,YKR001C,0.0
3812,YKR002W,1.0
3813,YKR003W,0.0
3814,YKR004C,1.0
3815,YKR005C,0.0
3816,YKR006C,0.0
3817,YKR007W,0.0
3818,YKR008W,1.0
3819,YKR009C,0.0
3820,YKR010C,1.0
3821,YKR011C,0.0
3822,YKR013W,0.0
3823,YKR014C,0.0
3824,YKR015C,0.0
3825,YKR016W,0.0
3826,YKR017C,0.0
3827,YKR018C,0.0
3828,YKR019C,0.0
3829,YKR020W,0.0
3830,YKR021W,0.0
3831,YKR022C,1.0
3832,YKR023W,0.0
3833,YKR024C,0.0
3834,YKR025W,1.0
3835,YKR026C,0.0
3836,YKR027W,0.0
3837,YKR028W,0.0
3838,YKR029C,0.0
3839,YKR030W,0.0
3840,YKR031C,0.0
3841,YKR032W,0.0
3842,YKR033C,0.0
3843,YKR034W,0.0
3844,YKR035C,0.0
3845,YKR035W-A,0.0
3846,YKR036C,0.0
3847,YKR037C,1.0
3848,YKR038C,1.0
3849,YKR039W,0.0
3850,YKR040C,0.0
3851,YKR041W,0.0
3852,YKR042W,0.0
3853,YKR043C,0.0
3854,YKR044W,0.0
3855,YKR045C,0.0
3856,YKR046C,0.0
3857,YKR047W,0.0
3858,YKR048C,0.0
3859,YKR049C,0.0
3860,YKR050W,0.0
3861,YKR051W,0.0
3862,YKR052C,0.0
3863,YKR053C,0.0
3864,YKR054C,0.0
3865,YKR055W,0.0
3866,YKR056W,0.0
3867,YKR057W,0.0
3868,YKR058W,0.0
3869,YKR059W,0.0
3870,YKR060W,0.0
3871,YKR061W,0.0
3872,YKR062W,1.0
3873,YKR063C,1.0
3874,YKR064W,0.0
3875,YKR065C,0.0
3876,YKR066C,0.0
3877,YKR067W,0.0
3878,YKR068C,1.0
3879,YKR069W,0.0
3880,YKR070W,0.0
3881,YKR071C,1.0
3882,YKR072C,0.0
3883,YKR073C,0.0
3884,YKR074W,0.0
3885,YKR075C,1.0
3886,YKR075W-A,0.0
3887,YKR076W,0.0
3888,YKR077W,0.0
3889,YKR078W,0.0
3890,YKR079C,1.0
3891,YKR080W,0.0
3892,YKR081C,1.0
3893,YKR082W,0.0
3894,YKR083C,1.0
3895,YKR084C,0.0
3896,YKR085C,0.0
3897,YKR086W,1.0
3898,YKR087C,0.0
3899,YKR088C,0.0
3900,YKR089C,0.0
3901,YKR090W,0.0
3902,YKR091W,0.0
3903,YKR092C,0.0
3904,YKR093W,0.0
3905,YKR094C,0.0
3906,YKR095W,0.0
3907,YKR095W-A,0.0
3908,YKR096W,0.0
3909,YKR097W,0.0
3910,YKR098C,0.0
3911,YKR099W,0.0
3912,YKR100C,0.0
3913,YKR101W,0.0
3914,YKR102W,0.0
3915,YKR103W,0.0
3916,YKR104W,0.0
3917,YKR105C,0.0
3918,YKR106W,0.0
3919,YLL001W,0.0
3920,YLL002W,0.0
3921,YLL003W,1.0
3922,YLL004W,1.0
3923,YLL005C,0.0
3924,YLL006W,0.0
3925,YLL006W-A,0.0
3926,YLL007C,0.0
3927,YLL008W,1.0
3928,YLL009C,0.0
3929,YLL010C,0.0
3930,YLL011W,1.0
3931,YLL012W,0.0
3932,YLL013C,0.0
3933,YLL014W,0.0
3934,YLL015W,0.0
3935,YLL018C,1.0
3936,YLL018C-A,0.0
3937,YLL019C,0.0
3938,YLL019W-A,0.0
3939,YLL020C,0.0
3940,YLL021W,0.0
3941,YLL022C,0.0
3942,YLL023C,0.0
3943,YLL024C,0.0
3944,YLL025W,0.0
3945,YLL026W,0.0
3946,YLL027W,0.0
3947,YLL028W,0.0
3948,YLL029W,0.0
3949,YLL030C,0.0
3950,YLL031C,1.0
3951,YLL032C,0.0
3952,YLL033W,0.0
3953,YLL034C,1.0
3954,YLL035W,1.0
3955,YLL036C,1.0
3956,YLL037W,1.0
3957,YLL038C,0.0
3958,YLL039C,0.0
3959,YLL040C,0.0
3960,YLL041C,0.0
3961,YLL042C,1.0
3962,YLL043W,0.0
3963,YLL044W,0.0
3964,YLL045C,0.0
3965,YLL046C,0.0
3966,YLL047W,0.0
3967,YLL048C,0.0
3968,YLL049W,0.0
3969,YLL050C,1.0
3970,YLL051C,0.0
3971,YLL052C,0.0
3972,YLL053C,0.0
3973,YLL054C,0.0
3974,YLL055W,0.0
3975,YLL056C,0.0
3976,YLL057C,0.0
3977,YLL058W,0.0
3978,YLL059C,0.0
3979,YLL060C,0.0
3980,YLL061W,0.0
3981,YLL062C,0.0
3982,YLL063C,0.0
3983,YLL064C,0.0
3984,YLL065W,0.0
3985,YLL066C,0.0
3986,YLL066W-A,0.0
3987,YLL066W-B,0.0
3988,YLL067C,0.0
3989,YLL067W-A,0.0
3990,YLR001C,0.0
3991,YLR002C,1.0
3992,YLR003C,0.0
3993,YLR004C,0.0
3994,YLR005W,1.0
3995,YLR006C,0.0
3996,YLR007W,1.0
3997,YLR008C,1.0
3998,YLR009W,1.0
3999,YLR010C,1.0
4000,YLR011W,0.0
4001,YLR012C,0.0
4002,YLR013W,1.0
4003,YLR014C,0.0
4004,YLR015W,0.0
4005,YLR016C,0.0
4006,YLR017W,0.0
4007,YLR018C,0.0
4008,YLR019W,0.0
4009,YLR020C,0.0
4010,YLR021W,0.0
4011,YLR022C,1.0
4012,YLR023C,0.0
4013,YLR024C,0.0
4014,YLR025W,0.0
4015,YLR026C,1.0
4016,YLR027C,1.0
4017,YLR028C,0.0
4018,YLR029C,1.0
4019,YLR030W,0.0
4020,YLR031W,0.0
4021,YLR032W,0.0
4022,YLR033W,1.0
4023,YLR034C,0.0
4024,YLR035C,0.0
4025,YLR036C,0.0
4026,YLR037C,0.0
4027,YLR038C,0.0
4028,YLR039C,0.0
4029,YLR040C,0.0
4030,YLR041W,0.0
4031,YLR042C,0.0
4032,YLR043C,0.0
4033,YLR044C,0.0
4034,YLR045C,1.0
4035,YLR046C,0.0
4036,YLR047C,0.0
4037,YLR048W,0.0
4038,YLR049C,0.0
4039,YLR050C,0.0
4040,YLR051C,1.0
4041,YLR052W,0.0
4042,YLR053C,0.0
4043,YLR054C,0.0
4044,YLR055C,0.0
4045,YLR056W,0.0
4046,YLR057W,0.0
4047,YLR058C,0.0
4048,YLR059C,1.0
4049,YLR060W,1.0
4050,YLR061W,0.0
4051,YLR062C,0.0
4052,YLR063W,0.0
4053,YLR064W,0.0
4054,YLR065C,0.0
4055,YLR066W,1.0
4056,YLR067C,0.0
4057,YLR068W,0.0
4058,YLR069C,0.0
4059,YLR070C,0.0
4060,YLR071C,1.0
4061,YLR072W,0.0
4062,YLR073C,0.0
4063,YLR074C,0.0
4064,YLR075W,1.0
4065,YLR076C,1.0
4066,YLR077W,0.0
4067,YLR078C,1.0
4068,YLR079W,1.0
4069,YLR080W,0.0
4070,YLR081W,0.0
4071,YLR082C,0.0
4072,YLR083C,0.0
4073,YLR084C,0.0
4074,YLR085C,0.0
4075,YLR086W,1.0
4076,YLR087C,0.0
4077,YLR088W,1.0
4078,YLR089C,0.0
4079,YLR090W,0.0
4080,YLR091W,0.0
4081,YLR092W,0.0
4082,YLR093C,0.0
4083,YLR094C,0.0
4084,YLR095C,0.0
4085,YLR096W,0.0
4086,YLR097C,1.0
4087,YLR098C,0.0
4088,YLR099C,0.0
4089,YLR099W-A,1.0
4090,YLR100W,1.0
4091,YLR101C,1.0
4092,YLR102C,0.0
4093,YLR103C,1.0
4094,YLR104W,0.0
4095,YLR105C,1.0
4096,YLR106C,1.0
4097,YLR107W,0.0
4098,YLR108C,0.0
4099,YLR109W,0.0
4100,YLR110C,0.0
4101,YLR111W,0.0
4102,YLR112W,0.0
4103,YLR113W,0.0
4104,YLR114C,0.0
4105,YLR115W,1.0
4106,YLR116W,1.0
4107,YLR117C,1.0
4108,YLR118C,0.0
4109,YLR119W,0.0
4110,YLR120C,0.0
4111,YLR120W-A,0.0
4112,YLR121C,0.0
4113,YLR122C,0.0
4114,YLR123C,0.0
4115,YLR124W,0.0
4116,YLR125W,0.0
4117,YLR126C,0.0
4118,YLR127C,1.0
4119,YLR128W,0.0
4120,YLR129W,1.0
4121,YLR130C,0.0
4122,YLR131C,0.0
4123,YLR132C,1.0
4124,YLR133W,0.0
4125,YLR134W,0.0
4126,YLR135W,0.0
4127,YLR136C,0.0
4128,YLR137W,0.0
4129,YLR138W,0.0
4130,YLR139C,0.0
4131,YLR140W,1.0
4132,YLR141W,1.0
4133,YLR142W,0.0
4134,YLR143W,0.0
4135,YLR144C,0.0
4136,YLR145W,1.0
4137,YLR146C,0.0
4138,YLR146W-A,0.0
4139,YLR147C,1.0
4140,YLR148W,0.0
4141,YLR149C,0.0
4142,YLR149C-A,0.0
4143,YLR150W,0.0
4144,YLR151C,0.0
4145,YLR152C,0.0
4146,YLR153C,1.0
4147,YLR154C,0.0
4148,YLR154C-G,0.0
4149,YLR154C-H,0.0
4150,YLR154W-A,0.0
4151,YLR154W-B,0.0
4152,YLR154W-C,0.0
4153,YLR154W-E,0.0
4154,YLR154W-F,0.0
4155,YLR155C,0.0
4156,YLR156C-A,0.0
4157,YLR156W,0.0
4158,YLR157C,0.0
4159,YLR157C-C,0.0
4160,YLR157W-D,0.0
4161,YLR157W-E,0.0
4162,YLR158C,0.0
4163,YLR159C-A,0.0
4164,YLR159W,0.0
4165,YLR160C,0.0
4166,YLR161W,0.0
4167,YLR162W,0.0
4168,YLR162W-A,0.0
4169,YLR163C,1.0
4170,YLR163W-A,0.0
4171,YLR164W,0.0
4172,YLR165C,0.0
4173,YLR166C,1.0
4174,YLR167W,1.0
4175,YLR168C,0.0
4176,YLR169W,0.0
4177,YLR170C,0.0
4178,YLR171W,0.0
4179,YLR172C,0.0
4180,YLR173W,0.0
4181,YLR174W,0.0
4182,YLR175W,1.0
4183,YLR176C,0.0
4184,YLR177W,0.0
4185,YLR178C,0.0
4186,YLR179C,0.0
4187,YLR180W,0.0
4188,YLR181C,0.0
4189,YLR182W,1.0
4190,YLR183C,0.0
4191,YLR184W,0.0
4192,YLR185W,0.0
4193,YLR186W,1.0
4194,YLR187W,0.0
4195,YLR188W,0.0
4196,YLR189C,0.0
4197,YLR190W,0.0
4198,YLR191W,0.0
4199,YLR192C,0.0
4200,YLR193C,0.0
4201,YLR194C,0.0
4202,YLR195C,1.0
4203,YLR196W,1.0
4204,YLR197W,1.0
4205,YLR198C,1.0
4206,YLR199C,0.0
4207,YLR200W,0.0
4208,YLR201C,0.0
4209,YLR202C,0.0
4210,YLR203C,0.0
4211,YLR204W,0.0
4212,YLR205C,0.0
4213,YLR206W,0.0
4214,YLR207W,0.0
4215,YLR208W,1.0
4216,YLR209C,0.0
4217,YLR210W,0.0
4218,YLR211C,0.0
4219,YLR212C,1.0
4220,YLR213C,0.0
4221,YLR214W,0.0
4222,YLR215C,1.0
4223,YLR216C,0.0
4224,YLR217W,0.0
4225,YLR218C,0.0
4226,YLR219W,0.0
4227,YLR220W,1.0
4228,YLR221C,0.0
4229,YLR222C,1.0
4230,YLR222C-A,0.0
4231,YLR223C,1.0
4232,YLR224W,0.0
4233,YLR225C,0.0
4234,YLR226W,0.0
4235,YLR227C,0.0
4236,YLR228C,0.0
4237,YLR229C,1.0
4238,YLR230W,1.0
4239,YLR231C,0.0
4240,YLR232W,0.0
4241,YLR233C,0.0
4242,YLR234W,1.0
4243,YLR235C,0.0
4244,YLR236C,0.0
4245,YLR237W,0.0
4246,YLR238W,0.0
4247,YLR239C,0.0
4248,YLR240W,1.0
4249,YLR241W,0.0
4250,YLR242C,0.0
4251,YLR243W,1.0
4252,YLR244C,0.0
4253,YLR245C,0.0
4254,YLR246W,0.0
4255,YLR247C,0.0
4256,YLR248W,0.0
4257,YLR249W,1.0
4258,YLR250W,0.0
4259,YLR251W,0.0
4260,YLR252W,0.0
4261,YLR253W,0.0
4262,YLR254C,0.0
4263,YLR255C,0.0
4264,YLR256W,0.0
4265,YLR257W,0.0
4266,YLR258W,0.0
4267,YLR259C,1.0
4268,YLR260W,0.0
4269,YLR261C,0.0
4270,YLR262C,0.0
4271,YLR262C-A,0.0
4272,YLR263W,0.0
4273,YLR264C-A,0.0
4274,YLR264W,0.0
4275,YLR265C,0.0
4276,YLR266C,0.0
4277,YLR267W,0.0
4278,YLR268W,0.0
4279,YLR269C,0.0
4280,YLR270W,0.0
4281,YLR271W,0.0
4282,YLR272C,1.0
4283,YLR273C,0.0
4284,YLR274W,1.0
4285,YLR275W,1.0
4286,YLR276C,1.0
4287,YLR277C,1.0
4288,YLR278C,0.0
4289,YLR279W,0.0
4290,YLR280C,0.0
4291,YLR281C,0.0
4292,YLR282C,0.0
4293,YLR283W,0.0
4294,YLR284C,0.0
4295,YLR285C-A,0.0
4296,YLR285W,0.0
4297,YLR286C,0.0
4298,YLR286W-A,0.0
4299,YLR287C,0.0
4300,YLR287C-A,0.0
4301,YLR288C,0.0
4302,YLR289W,0.0
4303,YLR290C,0.0
4304,YLR291C,1.0
4305,YLR292C,0.0
4306,YLR293C,1.0
4307,YLR294C,0.0
4308,YLR295C,0.0
4309,YLR296W,0.0
4310,YLR297W,0.0
4311,YLR298C,1.0
4312,YLR299C-A,0.0
4313,YLR299W,0.0
4314,YLR300W,0.0
4315,YLR301W,0.0
4316,YLR302C,0.0
4317,YLR303W,0.0
4318,YLR304C,0.0
4319,YLR305C,1.0
4320,YLR306W,0.0
4321,YLR307C-A,0.0
4322,YLR307W,0.0
4323,YLR308W,0.0
4324,YLR309C,0.0
4325,YLR310C,1.0
4326,YLR311C,1.0
4327,YLR312C,0.0
4328,YLR312W-A,0.0
4329,YLR313C,0.0
4330,YLR314C,1.0
4331,YLR315W,0.0
4332,YLR316C,1.0
4333,YLR317W,1.0
4334,YLR318W,0.0
4335,YLR319C,0.0
4336,YLR320W,0.0
4337,YLR321C,1.0
4338,YLR322W,0.0
4339,YLR323C,1.0
4340,YLR324W,0.0
4341,YLR325C,0.0
4342,YLR326W,0.0
4343,YLR327C,0.0
4344,YLR328W,0.0
4345,YLR329W,0.0
4346,YLR330W,0.0
4347,YLR331C,0.0
4348,YLR332W,0.0
4349,YLR333C,0.0
4350,YLR334C,0.0
4351,YLR335W,0.0
4352,YLR336C,1.0
4353,YLR337C,0.0
4354,YLR338W,0.0
4355,YLR339C,1.0
4356,YLR340W,1.0
4357,YLR341W,0.0
4358,YLR342W,0.0
4359,YLR342W-A,0.0
4360,YLR343W,0.0
4361,YLR344W,0.0
4362,YLR345W,0.0
4363,YLR346C,0.0
4364,YLR347C,1.0
4365,YLR347W-A,0.0
4366,YLR348C,0.0
4367,YLR349W,0.0
4368,YLR350W,0.0
4369,YLR351C,0.0
4370,YLR352W,0.0
4371,YLR353W,0.0
4372,YLR354C,0.0
4373,YLR355C,1.0
4374,YLR356W,0.0
4375,YLR357W,0.0
4376,YLR358C,0.0
4377,YLR359W,1.0
4378,YLR360W,0.0
4379,YLR361C,0.0
4380,YLR361C-A,0.0
4381,YLR362W,0.0
4382,YLR363C,0.0
4383,YLR363W-A,0.0
4384,YLR364C-A,0.0
4385,YLR364W,0.0
4386,YLR365W,0.0
4387,YLR366W,0.0
4388,YLR367W,0.0
4389,YLR368W,0.0
4390,YLR369W,0.0
4391,YLR370C,0.0
4392,YLR371W,1.0
4393,YLR372W,0.0
4394,YLR373C,0.0
4395,YLR374C,0.0
4396,YLR375W,1.0
4397,YLR376C,0.0
4398,YLR377C,0.0
4399,YLR378C,1.0
4400,YLR379W,1.0
4401,YLR380W,0.0
4402,YLR381W,0.0
4403,YLR382C,0.0
4404,YLR383W,0.0
4405,YLR384C,0.0
4406,YLR385C,0.0
4407,YLR386W,0.0
4408,YLR387C,0.0
4409,YLR388W,0.0
4410,YLR389C,0.0
4411,YLR390W,0.0
4412,YLR390W-A,0.0
4413,YLR392C,0.0
4414,YLR393W,0.0
4415,YLR394W,0.0
4416,YLR395C,0.0
4417,YLR396C,0.0
4418,YLR397C,1.0
4419,YLR398C,0.0
4420,YLR399C,0.0
4421,YLR399W-A,0.0
4422,YLR400W,0.0
4423,YLR401C,0.0
4424,YLR402W,0.0
4425,YLR403W,1.0
4426,YLR404W,0.0
4427,YLR405W,0.0
4428,YLR406C,0.0
4429,YLR406C-A,0.0
4430,YLR407W,0.0
4431,YLR408C,0.0
4432,YLR409C,1.0
4433,YLR410W,1.0
4434,YLR411W,0.0
4435,YLR412C-A,0.0
4436,YLR412W,0.0
4437,YLR413W,0.0
4438,YLR414C,0.0
4439,YLR415C,0.0
4440,YLR416C,0.0
4441,YLR417W,0.0
4442,YLR418C,0.0
4443,YLR419W,0.0
4444,YLR420W,0.0
4445,YLR421C,0.0
4446,YLR422W,0.0
4447,YLR423C,1.0
4448,YLR424W,1.0
4449,YLR425W,0.0
4450,YLR426W,0.0
4451,YLR427W,0.0
4452,YLR428C,0.0
4453,YLR429W,0.0
4454,YLR430W,1.0
4455,YLR431C,0.0
4456,YLR432W,0.0
4457,YLR433C,0.0
4458,YLR434C,0.0
4459,YLR435W,0.0
4460,YLR436C,0.0
4461,YLR437C,0.0
4462,YLR437C-A,0.0
4463,YLR438C-A,1.0
4464,YLR438W,0.0
4465,YLR439W,0.0
4466,YLR440C,1.0
4467,YLR441C,0.0
4468,YLR442C,0.0
4469,YLR443W,0.0
4470,YLR444C,0.0
4471,YLR445W,0.0
4472,YLR446W,0.0
4473,YLR447C,0.0
4474,YLR448W,0.0
4475,YLR449W,0.0
4476,YLR450W,0.0
4477,YLR451W,0.0
4478,YLR452C,0.0
4479,YLR453C,0.0
4480,YLR454W,1.0
4481,YLR455W,0.0
4482,YLR456W,0.0
4483,YLR457C,1.0
4484,YLR458W,1.0
4485,YLR459W,1.0
4486,YLR460C,0.0
4487,YLR461W,0.0
4488,YLR462W,0.0
4489,YLR463C,0.0
4490,YLR464W,0.0
4491,YLR465C,0.0
4492,YLR466C-A,0.0
4493,YLR466C-B,0.0
4494,YLR466W,0.0
4495,YLR467C-A,0.0
4496,YLR467W,0.0
4497,YML001W,0.0
4498,YML002W,0.0
4499,YML003W,0.0
4500,YML004C,0.0
4501,YML005W,0.0
4502,YML006C,0.0
4503,YML007C-A,0.0
4504,YML007W,0.0
4505,YML008C,0.0
4506,YML009C,0.0
4507,YML009C-A,0.0
4508,YML009W-B,0.0
4509,YML010W,1.0
4510,YML011C,0.0
4511,YML012C-A,0.0
4512,YML012W,0.0
4513,YML013W,0.0
4514,YML014W,0.0
4515,YML015C,1.0
4516,YML016C,0.0
4517,YML017W,0.0
4518,YML018C,0.0
4519,YML019W,0.0
4520,YML020W,0.0
4521,YML021C,0.0
4522,YML022W,0.0
4523,YML023C,1.0
4524,YML024W,0.0
4525,YML025C,1.0
4526,YML026C,0.0
4527,YML027W,0.0
4528,YML028W,0.0
4529,YML029W,0.0
4530,YML030W,0.0
4531,YML031C-A,0.0
4532,YML031W,1.0
4533,YML032C,1.0
4534,YML034C-A,0.0
4535,YML034W,0.0
4536,YML035C,0.0
4537,YML036W,0.0
4538,YML037C,0.0
4539,YML038C,0.0
4540,YML041C,0.0
4541,YML042W,0.0
4542,YML043C,1.0
4543,YML046W,1.0
4544,YML047C,0.0
4545,YML047W-A,0.0
4546,YML048W,0.0
4547,YML049C,1.0
4548,YML050W,0.0
4549,YML051W,0.0
4550,YML052W,0.0
4551,YML053C,0.0
4552,YML054C,0.0
4553,YML054C-A,0.0
4554,YML055W,0.0
4555,YML056C,0.0
4556,YML057C-A,0.0
4557,YML057W,0.0
4558,YML058W,0.0
4559,YML058W-A,0.0
4560,YML059C,0.0
4561,YML060W,0.0
4562,YML061C,0.0
4563,YML062C,0.0
4564,YML063W,0.0
4565,YML064C,1.0
4566,YML065W,1.0
4567,YML066C,0.0
4568,YML067C,0.0
4569,YML068W,1.0
4570,YML069W,1.0
4571,YML070W,0.0
4572,YML071C,0.0
4573,YML072C,0.0
4574,YML073C,0.0
4575,YML074C,0.0
4576,YML075C,0.0
4577,YML076C,0.0
4578,YML077W,1.0
4579,YML078W,0.0
4580,YML079W,0.0
4581,YML080W,0.0
4582,YML081C-A,0.0
4583,YML081W,0.0
4584,YML082W,0.0
4585,YML083C,0.0
4586,YML084W,0.0
4587,YML085C,1.0
4588,YML086C,0.0
4589,YML087C,0.0
4590,YML088W,0.0
4591,YML089C,0.0
4592,YML090W,0.0
4593,YML091C,1.0
4594,YML092C,1.0
4595,YML093W,1.0
4596,YML094C-A,0.0
4597,YML094W,0.0
4598,YML095C,0.0
4599,YML096W,0.0
4600,YML097C,0.0
4601,YML098W,1.0
4602,YML099C,0.0
4603,YML099W-A,0.0
4604,YML100W,0.0
4605,YML100W-A,0.0
4606,YML101C,0.0
4607,YML101C-A,0.0
4608,YML102W,0.0
4609,YML103C,0.0
4610,YML104C,1.0
4611,YML105C,1.0
4612,YML106W,0.0
4613,YML107C,0.0
4614,YML108W,0.0
4615,YML109W,0.0
4616,YML110C,0.0
4617,YML111W,0.0
4618,YML112W,0.0
4619,YML113W,0.0
4620,YML114C,1.0
4621,YML115C,0.0
4622,YML116W,0.0
4623,YML117W,0.0
4624,YML118W,0.0
4625,YML119W,0.0
4626,YML120C,0.0
4627,YML121W,0.0
4628,YML122C,0.0
4629,YML123C,0.0
4630,YML124C,0.0
4631,YML125C,1.0
4632,YML126C,1.0
4633,YML127W,1.0
4634,YML128C,1.0
4635,YML129C,0.0
4636,YML130C,1.0
4637,YML131W,0.0
4638,YML132W,0.0
4639,YML133C,0.0
4640,YML133W-A,0.0
4641,YML133W-B,0.0
4642,YMR001C,1.0
4643,YMR001C-A,0.0
4644,YMR002W,0.0
4645,YMR003W,0.0
4646,YMR004W,0.0
4647,YMR005W,1.0
4648,YMR006C,0.0
4649,YMR007W,0.0
4650,YMR008C,0.0
4651,YMR009W,0.0
4652,YMR010W,0.0
4653,YMR011W,0.0
4654,YMR012W,0.0
4655,YMR013C,1.0
4656,YMR013C-A,0.0
4657,YMR013W-A,0.0
4658,YMR014W,0.0
4659,YMR015C,0.0
4660,YMR016C,0.0
4661,YMR017W,0.0
4662,YMR018W,0.0
4663,YMR019W,0.0
4664,YMR020W,0.0
4665,YMR021C,0.0
4666,YMR022W,0.0
4667,YMR023C,0.0
4668,YMR024W,0.0
4669,YMR025W,0.0
4670,YMR026C,0.0
4671,YMR027W,0.0
4672,YMR028W,1.0
4673,YMR029C,0.0
4674,YMR030W,0.0
4675,YMR030W-A,0.0
4676,YMR031C,0.0
4677,YMR031W-A,0.0
4678,YMR032W,1.0
4679,YMR033W,1.0
4680,YMR034C,0.0
4681,YMR035W,0.0
4682,YMR036C,0.0
4683,YMR037C,0.0
4684,YMR038C,0.0
4685,YMR039C,0.0
4686,YMR040W,0.0
4687,YMR041C,0.0
4688,YMR042W,0.0
4689,YMR043W,1.0
4690,YMR044W,0.0
4691,YMR046W-A,0.0
4692,YMR047C,1.0
4693,YMR048W,0.0
4694,YMR049C,1.0
4695,YMR052C-A,0.0
4696,YMR052W,0.0
4697,YMR053C,0.0
4698,YMR054W,0.0
4699,YMR055C,0.0
4700,YMR056C,0.0
4701,YMR057C,0.0
4702,YMR058W,0.0
4703,YMR059W,1.0
4704,YMR060C,0.0
4705,YMR061W,1.0
4706,YMR062C,0.0
4707,YMR063W,0.0
4708,YMR064W,0.0
4709,YMR065W,0.0
4710,YMR066W,0.0
4711,YMR067C,0.0
4712,YMR068W,0.0
4713,YMR069W,0.0
4714,YMR070W,1.0
4715,YMR071C,1.0
4716,YMR072W,0.0
4717,YMR073C,0.0
4718,YMR074C,0.0
4719,YMR075C-A,0.0
4720,YMR075W,0.0
4721,YMR076C,1.0
4722,YMR077C,0.0
4723,YMR078C,1.0
4724,YMR079W,1.0
4725,YMR080C,0.0
4726,YMR081C,0.0
4727,YMR082C,0.0
4728,YMR083W,0.0
4729,YMR084W,0.0
4730,YMR085W,0.0
4731,YMR086C-A,0.0
4732,YMR086W,0.0
4733,YMR087W,0.0
4734,YMR088C,0.0
4735,YMR089C,0.0
4736,YMR090W,0.0
4737,YMR091C,1.0
4738,YMR092C,0.0
4739,YMR093W,1.0
4740,YMR094W,1.0
4741,YMR095C,0.0
4742,YMR096W,0.0
4743,YMR097C,0.0
4744,YMR098C,0.0
4745,YMR099C,0.0
4746,YMR100W,0.0
4747,YMR101C,0.0
4748,YMR102C,0.0
4749,YMR103C,0.0
4750,YMR104C,0.0
4751,YMR105C,0.0
4752,YMR105W-A,0.0
4753,YMR106C,0.0
4754,YMR107W,0.0
4755,YMR108W,0.0
4756,YMR109W,0.0
4757,YMR110C,0.0
4758,YMR111C,0.0
4759,YMR112C,1.0
4760,YMR113W,1.0
4761,YMR114C,0.0
4762,YMR115W,0.0
4763,YMR116C,0.0
4764,YMR117C,1.0
4765,YMR118C,0.0
4766,YMR119W,0.0
4767,YMR119W-A,0.0
4768,YMR120C,0.0
4769,YMR121C,0.0
4770,YMR122C,0.0
4771,YMR122W-A,0.0
4772,YMR123W,0.0
4773,YMR124W,0.0
4774,YMR125W,0.0
4775,YMR126C,0.0
4776,YMR127C,0.0
4777,YMR128W,1.0
4778,YMR129W,0.0
4779,YMR130W,0.0
4780,YMR131C,1.0
4781,YMR132C,0.0
4782,YMR133W,0.0
4783,YMR134W,1.0
4784,YMR135C,0.0
4785,YMR135W-A,0.0
4786,YMR136W,0.0
4787,YMR137C,0.0
4788,YMR138W,0.0
4789,YMR139W,0.0
4790,YMR140W,0.0
4791,YMR141C,0.0
4792,YMR142C,0.0
4793,YMR143W,0.0
4794,YMR144W,0.0
4795,YMR145C,0.0
4796,YMR146C,1.0
4797,YMR147W,0.0
4798,YMR148W,0.0
4799,YMR149W,1.0
4800,YMR150C,0.0
4801,YMR151W,0.0
4802,YMR152W,0.0
4803,YMR153W,0.0
4804,YMR154C,0.0
4805,YMR155W,0.0
4806,YMR156C,0.0
4807,YMR157C,0.0
4808,YMR158C-A,0.0
4809,YMR158W,0.0
4810,YMR158W-B,0.0
4811,YMR159C,1.0
4812,YMR160W,0.0
4813,YMR161W,0.0
4814,YMR162C,0.0
4815,YMR163C,0.0
4816,YMR164C,1.0
4817,YMR165C,1.0
4818,YMR166C,0.0
4819,YMR167W,0.0
4820,YMR168C,1.0
4821,YMR169C,0.0
4822,YMR170C,0.0
4823,YMR171C,0.0
4824,YMR172C-A,0.0
4825,YMR172W,0.0
4826,YMR173W,0.0
4827,YMR173W-A,0.0
4828,YMR174C,0.0
4829,YMR175W,0.0
4830,YMR175W-A,0.0
4831,YMR176W,0.0
4832,YMR177W,0.0
4833,YMR178W,0.0
4834,YMR179W,1.0
4835,YMR180C,0.0
4836,YMR181C,0.0
4837,YMR182C,0.0
4838,YMR182W-A,0.0
4839,YMR183C,0.0
4840,YMR184W,0.0
4841,YMR185W,1.0
4842,YMR186W,0.0
4843,YMR187C,0.0
4844,YMR188C,0.0
4845,YMR189W,0.0
4846,YMR190C,1.0
4847,YMR191W,0.0
4848,YMR192W,0.0
4849,YMR193W,0.0
4850,YMR194C-A,0.0
4851,YMR194C-B,0.0
4852,YMR194W,0.0
4853,YMR195W,0.0
4854,YMR196W,0.0
4855,YMR197C,1.0
4856,YMR198W,1.0
4857,YMR199W,0.0
4858,YMR200W,1.0
4859,YMR201C,0.0
4860,YMR202W,0.0
4861,YMR203W,1.0
4862,YMR204C,0.0
4863,YMR205C,0.0
4864,YMR206W,0.0
4865,YMR207C,0.0
4866,YMR208W,1.0
4867,YMR209C,0.0
4868,YMR210W,0.0
4869,YMR211W,1.0
4870,YMR212C,1.0
4871,YMR213W,1.0
4872,YMR214W,0.0
4873,YMR215W,0.0
4874,YMR216C,0.0
4875,YMR217W,0.0
4876,YMR218C,1.0
4877,YMR219W,0.0
4878,YMR220W,1.0
4879,YMR221C,0.0
4880,YMR222C,0.0
4881,YMR223W,1.0
4882,YMR224C,1.0
4883,YMR225C,0.0
4884,YMR226C,0.0
4885,YMR227C,1.0
4886,YMR228W,0.0
4887,YMR229C,1.0
4888,YMR230W,0.0
4889,YMR230W-A,0.0
4890,YMR231W,0.0
4891,YMR232W,0.0
4892,YMR233W,0.0
4893,YMR234W,0.0
4894,YMR235C,1.0
4895,YMR236W,1.0
4896,YMR237W,0.0
4897,YMR238W,0.0
4898,YMR239C,1.0
4899,YMR240C,1.0
4900,YMR241W,0.0
4901,YMR242C,0.0
4902,YMR242W-A,0.0
4903,YMR243C,0.0
4904,YMR244C-A,0.0
4905,YMR244W,0.0
4906,YMR245W,0.0
4907,YMR246W,0.0
4908,YMR247C,0.0
4909,YMR247W-A,0.0
4910,YMR250W,0.0
4911,YMR251W,0.0
4912,YMR251W-A,0.0
4913,YMR252C,0.0
4914,YMR253C,0.0
4915,YMR254C,0.0
4916,YMR255W,0.0
4917,YMR256C,0.0
4918,YMR257C,0.0
4919,YMR258C,0.0
4920,YMR259C,0.0
4921,YMR260C,1.0
4922,YMR261C,0.0
4923,YMR262W,0.0
4924,YMR263W,0.0
4925,YMR264W,0.0
4926,YMR265C,0.0
4927,YMR266W,0.0
4928,YMR267W,0.0
4929,YMR268C,1.0
4930,YMR269W,0.0
4931,YMR270C,1.0
4932,YMR271C,0.0
4933,YMR272C,0.0
4934,YMR272W-A,0.0
4935,YMR272W-B,0.0
4936,YMR273C,0.0
4937,YMR274C,0.0
4938,YMR275C,0.0
4939,YMR276W,1.0
4940,YMR277W,1.0
4941,YMR278W,0.0
4942,YMR279C,0.0
4943,YMR280C,0.0
4944,YMR281W,1.0
4945,YMR282C,0.0
4946,YMR283C,0.0
4947,YMR284W,0.0
4948,YMR285C,0.0
4949,YMR286W,0.0
4950,YMR287C,0.0
4951,YMR288W,1.0
4952,YMR289W,0.0
4953,YMR290C,1.0
4954,YMR290W-A,1.0
4955,YMR291W,0.0
4956,YMR292W,0.0
4957,YMR293C,0.0
4958,YMR294W,0.0
4959,YMR294W-A,0.0
4960,YMR295C,0.0
4961,YMR296C,1.0
4962,YMR297W,0.0
4963,YMR298W,1.0
4964,YMR299C,0.0
4965,YMR300C,0.0
4966,YMR301C,1.0
4967,YMR302C,0.0
4968,YMR303C,0.0
4969,YMR304C-A,0.0
4970,YMR304W,0.0
4971,YMR305C,0.0
4972,YMR306C-A,0.0
4973,YMR306W,0.0
4974,YMR307C-A,0.0
4975,YMR307W,0.0
4976,YMR308C,1.0
4977,YMR309C,1.0
4978,YMR310C,0.0
4979,YMR311C,0.0
4980,YMR312W,0.0
4981,YMR313C,0.0
4982,YMR314W,1.0
4983,YMR315W,0.0
4984,YMR315W-A,0.0
4985,YMR316C-A,0.0
4986,YMR316C-B,0.0
4987,YMR316W,0.0
4988,YMR317W,0.0
4989,YMR318C,0.0
4990,YMR319C,0.0
4991,YMR320W,0.0
4992,YMR321C,0.0
4993,YMR322C,0.0
4994,YMR323W,0.0
4995,YMR324C,0.0
4996,YMR325W,0.0
4997,YMR326C,0.0
4998,YNL001W,0.0
4999,YNL002C,1.0
5000,YNL003C,0.0
5001,YNL004W,0.0
5002,YNL005C,0.0
5003,YNL006W,1.0
5004,YNL007C,1.0
5005,YNL008C,0.0
5006,YNL009W,0.0
5007,YNL010W,0.0
5008,YNL011C,0.0
5009,YNL012W,0.0
5010,YNL013C,0.0
5011,YNL014W,0.0
5012,YNL015W,0.0
5013,YNL016W,0.0
5014,YNL017C,0.0
5015,YNL018C,0.0
5016,YNL019C,0.0
5017,YNL020C,1.0
5018,YNL021W,0.0
5019,YNL022C,1.0
5020,YNL023C,0.0
5021,YNL024C,0.0
5022,YNL024C-A,1.0
5023,YNL025C,0.0
5024,YNL026W,1.0
5025,YNL027W,0.0
5026,YNL028W,1.0
5027,YNL029C,0.0
5028,YNL030W,0.0
5029,YNL031C,1.0
5030,YNL032W,0.0
5031,YNL033W,0.0
5032,YNL034W,0.0
5033,YNL035C,0.0
5034,YNL036W,0.0
5035,YNL037C,0.0
5036,YNL038W,1.0
5037,YNL039W,1.0
5038,YNL040W,0.0
5039,YNL041C,0.0
5040,YNL042W,0.0
5041,YNL042W-B,0.0
5042,YNL043C,0.0
5043,YNL044W,1.0
5044,YNL045W,0.0
5045,YNL046W,0.0
5046,YNL047C,0.0
5047,YNL048W,0.0
5048,YNL049C,0.0
5049,YNL050C,0.0
5050,YNL051W,0.0
5051,YNL052W,0.0
5052,YNL053W,0.0
5053,YNL054W,0.0
5054,YNL055C,0.0
5055,YNL056W,0.0
5056,YNL058C,0.0
5057,YNL059C,1.0
5058,YNL061W,1.0
5059,YNL062C,1.0
5060,YNL063W,0.0
5061,YNL064C,0.0
5062,YNL065W,0.0
5063,YNL066W,0.0
5064,YNL067W,0.0
5065,YNL067W-A,0.0
5066,YNL067W-B,0.0
5067,YNL068C,0.0
5068,YNL069C,0.0
5069,YNL070W,0.0
5070,YNL071W,0.0
5071,YNL072W,0.0
5072,YNL073W,0.0
5073,YNL074C,0.0
5074,YNL075W,1.0
5075,YNL076W,0.0
5076,YNL077W,0.0
5077,YNL078W,0.0
5078,YNL079C,0.0
5079,YNL080C,0.0
5080,YNL081C,0.0
5081,YNL082W,0.0
5082,YNL083W,0.0
5083,YNL084C,0.0
5084,YNL085W,0.0
5085,YNL086W,0.0
5086,YNL087W,0.0
5087,YNL088W,1.0
5088,YNL089C,0.0
5089,YNL090W,0.0
5090,YNL091W,0.0
5091,YNL092W,0.0
5092,YNL093W,0.0
5093,YNL094W,0.0
5094,YNL095C,0.0
5095,YNL096C,0.0
5096,YNL097C,0.0
5097,YNL097C-B,0.0
5098,YNL097W-A,0.0
5099,YNL098C,0.0
5100,YNL099C,0.0
5101,YNL100W,0.0
5102,YNL101W,0.0
5103,YNL102W,1.0
5104,YNL103W,1.0
5105,YNL103W-A,0.0
5106,YNL104C,0.0
5107,YNL105W,0.0
5108,YNL106C,0.0
5109,YNL107W,0.0
5110,YNL108C,0.0
5111,YNL110C,1.0
5112,YNL111C,0.0
5113,YNL112W,1.0
5114,YNL113W,1.0
5115,YNL114C,1.0
5116,YNL115C,0.0
5117,YNL116W,0.0
5118,YNL117W,0.0
5119,YNL118C,1.0
5120,YNL119W,0.0
5121,YNL120C,0.0
5122,YNL121C,0.0
5123,YNL122C,0.0
5124,YNL123W,0.0
5125,YNL124W,1.0
5126,YNL125C,0.0
5127,YNL126W,1.0
5128,YNL127W,0.0
5129,YNL128W,0.0
5130,YNL129W,0.0
5131,YNL130C,0.0
5132,YNL130C-A,0.0
5133,YNL131W,1.0
5134,YNL132W,1.0
5135,YNL133C,0.0
5136,YNL134C,0.0
5137,YNL135C,0.0
5138,YNL136W,0.0
5139,YNL137C,1.0
5140,YNL138W,1.0
5141,YNL138W-A,1.0
5142,YNL139C,0.0
5143,YNL140C,0.0
5144,YNL141W,0.0
5145,YNL142W,0.0
5146,YNL143C,0.0
5147,YNL144C,0.0
5148,YNL144W-A,0.0
5149,YNL145W,0.0
5150,YNL146C-A,0.0
5151,YNL146W,0.0
5152,YNL147W,1.0
5153,YNL148C,0.0
5154,YNL149C,1.0
5155,YNL150W,1.0
5156,YNL151C,1.0
5157,YNL152W,1.0
5158,YNL153C,0.0
5159,YNL154C,0.0
5160,YNL155W,0.0
5161,YNL156C,0.0
5162,YNL157W,0.0
5163,YNL158W,1.0
5164,YNL159C,0.0
5165,YNL160W,0.0
5166,YNL161W,1.0
5167,YNL162W,1.0
5168,YNL162W-A,0.0
5169,YNL163C,1.0
5170,YNL164C,0.0
5171,YNL165W,0.0
5172,YNL166C,0.0
5173,YNL167C,0.0
5174,YNL168C,0.0
5175,YNL169C,0.0
5176,YNL170W,0.0
5177,YNL171C,0.0
5178,YNL172W,1.0
5179,YNL173C,0.0
5180,YNL174W,0.0
5181,YNL175C,0.0
5182,YNL176C,0.0
5183,YNL177C,0.0
5184,YNL178W,1.0
5185,YNL179C,0.0
5186,YNL180C,0.0
5187,YNL181W,1.0
5188,YNL182C,1.0
5189,YNL183C,0.0
5190,YNL184C,0.0
5191,YNL185C,0.0
5192,YNL186W,0.0
5193,YNL187W,0.0
5194,YNL188W,1.0
5195,YNL189W,1.0
5196,YNL190W,0.0
5197,YNL191W,0.0
5198,YNL192W,0.0
5199,YNL193W,0.0
5200,YNL194C,0.0
5201,YNL195C,0.0
5202,YNL196C,0.0
5203,YNL197C,1.0
5204,YNL198C,0.0
5205,YNL199C,0.0
5206,YNL200C,0.0
5207,YNL201C,0.0
5208,YNL202W,0.0
5209,YNL203C,0.0
5210,YNL204C,0.0
5211,YNL205C,0.0
5212,YNL206C,0.0
5213,YNL207W,1.0
5214,YNL208W,0.0
5215,YNL209W,0.0
5216,YNL210W,0.0
5217,YNL211C,0.0
5218,YNL212W,0.0
5219,YNL213C,0.0
5220,YNL214W,0.0
5221,YNL215W,0.0
5222,YNL216W,1.0
5223,YNL217W,0.0
5224,YNL218W,0.0
5225,YNL219C,0.0
5226,YNL220W,1.0
5227,YNL221C,1.0
5228,YNL222W,1.0
5229,YNL223W,1.0
5230,YNL224C,0.0
5231,YNL225C,1.0
5232,YNL226W,0.0
5233,YNL227C,0.0
5234,YNL228W,0.0
5235,YNL229C,0.0
5236,YNL230C,0.0
5237,YNL231C,0.0
5238,YNL232W,1.0
5239,YNL233W,0.0
5240,YNL234W,0.0
5241,YNL235C,0.0
5242,YNL236W,0.0
5243,YNL237W,0.0
5244,YNL238W,0.0
5245,YNL239W,0.0
5246,YNL240C,1.0
5247,YNL241C,1.0
5248,YNL242W,1.0
5249,YNL243W,1.0
5250,YNL244C,1.0
5251,YNL245C,1.0
5252,YNL246W,1.0
5253,YNL247W,1.0
5254,YNL248C,0.0
5255,YNL249C,0.0
5256,YNL250W,1.0
5257,YNL251C,1.0
5258,YNL252C,0.0
5259,YNL253W,0.0
5260,YNL254C,0.0
5261,YNL255C,0.0
5262,YNL256W,1.0
5263,YNL257C,0.0
5264,YNL258C,1.0
5265,YNL259C,0.0
5266,YNL260C,1.0
5267,YNL261W,1.0
5268,YNL262W,1.0
5269,YNL263C,1.0
5270,YNL264C,0.0
5271,YNL265C,0.0
5272,YNL266W,0.0
5273,YNL267W,1.0
5274,YNL268W,0.0
5275,YNL269W,0.0
5276,YNL270C,0.0
5277,YNL271C,1.0
5278,YNL272C,1.0
5279,YNL273W,0.0
5280,YNL274C,0.0
5281,YNL275W,0.0
5282,YNL276C,0.0
5283,YNL277W,0.0
5284,YNL277W-A,0.0
5285,YNL278W,0.0
5286,YNL279W,0.0
5287,YNL280C,1.0
5288,YNL281W,0.0
5289,YNL282W,1.0
5290,YNL283C,0.0
5291,YNL284C,0.0
5292,YNL285W,0.0
5293,YNL286W,0.0
5294,YNL287W,1.0
5295,YNL288W,0.0
5296,YNL289W,0.0
5297,YNL290W,1.0
5298,YNL291C,0.0
5299,YNL292W,0.0
5300,YNL293W,0.0
5301,YNL294C,0.0
5302,YNL295W,0.0
5303,YNL296W,0.0
5304,YNL297C,0.0
5305,YNL298W,0.0
5306,YNL299W,0.0
5307,YNL300W,0.0
5308,YNL301C,0.0
5309,YNL302C,0.0
5310,YNL303W,0.0
5311,YNL304W,0.0
5312,YNL305C,0.0
5313,YNL306W,1.0
5314,YNL307C,0.0
5315,YNL308C,1.0
5316,YNL309W,0.0
5317,YNL310C,1.0
5318,YNL311C,0.0
5319,YNL312W,1.0
5320,YNL313C,1.0
5321,YNL314W,0.0
5322,YNL315C,0.0
5323,YNL316C,0.0
5324,YNL317W,1.0
5325,YNL318C,0.0
5326,YNL319W,0.0
5327,YNL320W,0.0
5328,YNL321W,0.0
5329,YNL322C,0.0
5330,YNL323W,0.0
5331,YNL324W,0.0
5332,YNL325C,0.0
5333,YNL326C,0.0
5334,YNL327W,0.0
5335,YNL328C,0.0
5336,YNL329C,0.0
5337,YNL330C,0.0
5338,YNL331C,0.0
5339,YNL332W,0.0
5340,YNL333W,0.0
5341,YNL334C,0.0
5342,YNL335W,0.0
5343,YNL336W,0.0
5344,YNL337W,0.0
5345,YNL338W,0.0
5346,YNL339C,0.0
5347,YNL339W-A,0.0
5348,YNL339W-B,0.0
5349,YNR001C,0.0
5350,YNR001W-A,0.0
5351,YNR002C,0.0
5352,YNR003C,1.0
5353,YNR003W-A,0.0
5354,YNR004W,0.0
5355,YNR005C,0.0
5356,YNR006W,0.0
5357,YNR007C,1.0
5358,YNR008W,0.0
5359,YNR009W,0.0
5360,YNR010W,0.0
5361,YNR011C,1.0
5362,YNR012W,0.0
5363,YNR013C,0.0
5364,YNR014W,0.0
5365,YNR015W,0.0
5366,YNR016C,1.0
5367,YNR017W,1.0
5368,YNR018W,0.0
5369,YNR019W,0.0
5370,YNR020C,0.0
5371,YNR021W,0.0
5372,YNR022C,0.0
5373,YNR023W,0.0
5374,YNR024W,0.0
5375,YNR025C,0.0
5376,YNR026C,1.0
5377,YNR027W,0.0
5378,YNR028W,0.0
5379,YNR029C,0.0
5380,YNR030W,0.0
5381,YNR031C,0.0
5382,YNR032C-A,0.0
5383,YNR032W,0.0
5384,YNR033W,0.0
5385,YNR034W,0.0
5386,YNR034W-A,0.0
5387,YNR035C,1.0
5388,YNR036C,0.0
5389,YNR037C,0.0
5390,YNR038W,1.0
5391,YNR039C,0.0
5392,YNR040W,0.0
5393,YNR041C,0.0
5394,YNR042W,0.0
5395,YNR043W,1.0
5396,YNR044W,0.0
5397,YNR045W,0.0
5398,YNR046W,1.0
5399,YNR047W,0.0
5400,YNR048W,0.0
5401,YNR049C,0.0
5402,YNR050C,0.0
5403,YNR051C,0.0
5404,YNR052C,1.0
5405,YNR053C,1.0
5406,YNR054C,1.0
5407,YNR055C,0.0
5408,YNR056C,0.0
5409,YNR057C,0.0
5410,YNR058W,0.0
5411,YNR059W,0.0
5412,YNR060W,0.0
5413,YNR061C,0.0
5414,YNR062C,0.0
5415,YNR063W,0.0
5416,YNR064C,0.0
5417,YNR065C,0.0
5418,YNR066C,0.0
5419,YNR067C,0.0
5420,YNR068C,0.0
5421,YNR069C,0.0
5422,YNR070W,0.0
5423,YNR071C,0.0
5424,YNR072W,0.0
5425,YNR073C,0.0
5426,YNR074C,0.0
5427,YNR075C-A,0.0
5428,YNR075W,0.0
5429,YNR076W,0.0
5430,YNR077C,0.0
5431,YOL001W,0.0
5432,YOL002C,0.0
5433,YOL003C,0.0
5434,YOL004W,0.0
5435,YOL005C,1.0
5436,YOL006C,0.0
5437,YOL007C,0.0
5438,YOL008W,0.0
5439,YOL009C,0.0
5440,YOL010W,1.0
5441,YOL011W,0.0
5442,YOL012C,0.0
5443,YOL013C,0.0
5444,YOL013W-A,0.0
5445,YOL013W-B,0.0
5446,YOL014W,0.0
5447,YOL015W,0.0
5448,YOL016C,0.0
5449,YOL017W,0.0
5450,YOL018C,0.0
5451,YOL019W,0.0
5452,YOL019W-A,0.0
5453,YOL020W,0.0
5454,YOL021C,1.0
5455,YOL022C,1.0
5456,YOL023W,0.0
5457,YOL024W,0.0
5458,YOL025W,0.0
5459,YOL026C,1.0
5460,YOL027C,0.0
5461,YOL028C,0.0
5462,YOL029C,0.0
5463,YOL030W,0.0
5464,YOL031C,0.0
5465,YOL032W,0.0
5466,YOL033W,0.0
5467,YOL034W,1.0
5468,YOL035C,0.0
5469,YOL036W,0.0
5470,YOL038C-A,0.0
5471,YOL038W,1.0
5472,YOL039W,0.0
5473,YOL040C,1.0
5474,YOL041C,0.0
5475,YOL042W,0.0
5476,YOL043C,0.0
5477,YOL044W,0.0
5478,YOL045W,0.0
5479,YOL046C,0.0
5480,YOL047C,0.0
5481,YOL048C,0.0
5482,YOL049W,0.0
5483,YOL050C,0.0
5484,YOL051W,0.0
5485,YOL052C,0.0
5486,YOL052C-A,0.0
5487,YOL053W,0.0
5488,YOL054W,0.0
5489,YOL055C,0.0
5490,YOL056W,0.0
5491,YOL057W,0.0
5492,YOL058W,0.0
5493,YOL059W,0.0
5494,YOL060C,0.0
5495,YOL061W,0.0
5496,YOL062C,0.0
5497,YOL063C,0.0
5498,YOL064C,0.0
5499,YOL065C,0.0
5500,YOL066C,1.0
5501,YOL067C,0.0
5502,YOL068C,0.0
5503,YOL069W,1.0
5504,YOL070C,0.0
5505,YOL071W,0.0
5506,YOL072W,0.0
5507,YOL073C,0.0
5508,YOL075C,0.0
5509,YOL076W,0.0
5510,YOL077C,1.0
5511,YOL077W-A,0.0
5512,YOL078W,1.0
5513,YOL079W,0.0
5514,YOL080C,0.0
5515,YOL081W,0.0
5516,YOL082W,0.0
5517,YOL083C-A,0.0
5518,YOL083W,0.0
5519,YOL084W,0.0
5520,YOL085C,0.0
5521,YOL085W-A,0.0
5522,YOL086C,0.0
5523,YOL086W-A,0.0
5524,YOL087C,0.0
5525,YOL088C,0.0
5526,YOL089C,0.0
5527,YOL090W,0.0
5528,YOL091W,0.0
5529,YOL092W,0.0
5530,YOL093W,0.0
5531,YOL094C,1.0
5532,YOL095C,0.0
5533,YOL096C,0.0
5534,YOL097C,1.0
5535,YOL097W-A,0.0
5536,YOL098C,0.0
5537,YOL099C,0.0
5538,YOL100W,1.0
5539,YOL101C,0.0
5540,YOL102C,1.0
5541,YOL103W,0.0
5542,YOL104C,0.0
5543,YOL105C,0.0
5544,YOL106W,0.0
5545,YOL107W,0.0
5546,YOL108C,0.0
5547,YOL109W,0.0
5548,YOL110W,0.0
5549,YOL111C,0.0
5550,YOL112W,0.0
5551,YOL113W,0.0
5552,YOL114C,0.0
5553,YOL115W,0.0
5554,YOL116W,0.0
5555,YOL117W,0.0
5556,YOL118C,0.0
5557,YOL119C,0.0
5558,YOL120C,1.0
5559,YOL121C,0.0
5560,YOL122C,0.0
5561,YOL123W,1.0
5562,YOL124C,0.0
5563,YOL125W,0.0
5564,YOL126C,0.0
5565,YOL127W,1.0
5566,YOL128C,0.0
5567,YOL129W,0.0
5568,YOL130W,1.0
5569,YOL131W,0.0
5570,YOL132W,0.0
5571,YOL133W,1.0
5572,YOL134C,1.0
5573,YOL135C,1.0
5574,YOL136C,0.0
5575,YOL137W,0.0
5576,YOL138C,0.0
5577,YOL139C,1.0
5578,YOL140W,0.0
5579,YOL141W,0.0
5580,YOL142W,1.0
5581,YOL143C,0.0
5582,YOL144W,1.0
5583,YOL145C,0.0
5584,YOL146W,1.0
5585,YOL147C,0.0
5586,YOL148C,0.0
5587,YOL149W,1.0
5588,YOL150C,0.0
5589,YOL151W,0.0
5590,YOL152W,0.0
5591,YOL154W,0.0
5592,YOL155C,0.0
5593,YOL155W-A,0.0
5594,YOL156W,0.0
5595,YOL157C,0.0
5596,YOL158C,0.0
5597,YOL159C,0.0
5598,YOL159C-A,0.0
5599,YOL160W,0.0
5600,YOL161C,0.0
5601,YOL162W,0.0
5602,YOL163W,0.0
5603,YOL164W,0.0
5604,YOL164W-A,0.0
5605,YOL165C,0.0
5606,YOL166C,0.0
5607,YOL166W-A,0.0
5608,YOR001W,0.0
5609,YOR002W,0.0
5610,YOR003W,0.0
5611,YOR004W,1.0
5612,YOR005C,0.0
5613,YOR006C,0.0
5614,YOR007C,0.0
5615,YOR008C,0.0
5616,YOR008C-A,0.0
5617,YOR008W-B,0.0
5618,YOR009W,0.0
5619,YOR010C,0.0
5620,YOR011W,0.0
5621,YOR011W-A,0.0
5622,YOR012W,0.0
5623,YOR013W,0.0
5624,YOR014W,0.0
5625,YOR015W,0.0
5626,YOR016C,0.0
5627,YOR017W,0.0
5628,YOR018W,0.0
5629,YOR019W,0.0
5630,YOR020C,1.0
5631,YOR020W-A,0.0
5632,YOR021C,0.0
5633,YOR022C,0.0
5634,YOR023C,0.0
5635,YOR024W,0.0
5636,YOR025W,0.0
5637,YOR026W,1.0
5638,YOR027W,0.0
5639,YOR028C,0.0
5640,YOR029W,0.0
5641,YOR030W,0.0
5642,YOR032C,0.0
5643,YOR032W-A,0.0
5644,YOR033C,0.0
5645,YOR034C,0.0
5646,YOR034C-A,0.0
5647,YOR035C,0.0
5648,YOR036W,1.0
5649,YOR037W,0.0
5650,YOR038C,0.0
5651,YOR039W,0.0
5652,YOR040W,0.0
5653,YOR041C,0.0
5654,YOR042W,0.0
5655,YOR043W,0.0
5656,YOR044W,0.0
5657,YOR045W,0.0
5658,YOR046C,1.0
5659,YOR047C,0.0
5660,YOR048C,1.0
5661,YOR049C,0.0
5662,YOR050C,0.0
5663,YOR051C,0.0
5664,YOR052C,0.0
5665,YOR053W,0.0
5666,YOR054C,0.0
5667,YOR055W,0.0
5668,YOR056C,1.0
5669,YOR057W,1.0
5670,YOR058C,0.0
5671,YOR059C,0.0
5672,YOR060C,1.0
5673,YOR061W,0.0
5674,YOR062C,0.0
5675,YOR063W,1.0
5676,YOR064C,0.0
5677,YOR065W,0.0
5678,YOR066W,0.0
5679,YOR067C,0.0
5680,YOR068C,0.0
5681,YOR069W,0.0
5682,YOR070C,0.0
5683,YOR071C,0.0
5684,YOR072W,0.0
5685,YOR072W-A,0.0
5686,YOR072W-B,0.0
5687,YOR073W,1.0
5688,YOR073W-A,0.0
5689,YOR074C,1.0
5690,YOR075W,1.0
5691,YOR076C,1.0
5692,YOR077W,1.0
5693,YOR078W,0.0
5694,YOR079C,0.0
5695,YOR080W,0.0
5696,YOR081C,0.0
5697,YOR082C,0.0
5698,YOR083W,0.0
5699,YOR084W,0.0
5700,YOR085W,0.0
5701,YOR086C,0.0
5702,YOR087W,0.0
5703,YOR089C,0.0
5704,YOR090C,0.0
5705,YOR091W,0.0
5706,YOR092W,0.0
5707,YOR093C,0.0
5708,YOR094W,0.0
5709,YOR095C,1.0
5710,YOR096W,0.0
5711,YOR097C,0.0
5712,YOR098C,1.0
5713,YOR099W,0.0
5714,YOR100C,0.0
5715,YOR101W,0.0
5716,YOR102W,1.0
5717,YOR103C,1.0
5718,YOR104W,0.0
5719,YOR105W,0.0
5720,YOR106W,1.0
5721,YOR107W,0.0
5722,YOR108C-A,0.0
5723,YOR108W,0.0
5724,YOR109W,0.0
5725,YOR110W,1.0
5726,YOR111W,0.0
5727,YOR112W,0.0
5728,YOR113W,0.0
5729,YOR114W,0.0
5730,YOR115C,0.0
5731,YOR116C,1.0
5732,YOR117W,1.0
5733,YOR118W,0.0
5734,YOR119C,1.0
5735,YOR120W,0.0
5736,YOR121C,0.0
5737,YOR122C,1.0
5738,YOR123C,0.0
5739,YOR124C,0.0
5740,YOR125C,0.0
5741,YOR126C,0.0
5742,YOR127W,0.0
5743,YOR128C,0.0
5744,YOR129C,0.0
5745,YOR130C,0.0
5746,YOR131C,0.0
5747,YOR132W,0.0
5748,YOR133W,0.0
5749,YOR134W,0.0
5750,YOR135C,0.0
5751,YOR136W,0.0
5752,YOR137C,0.0
5753,YOR138C,0.0
5754,YOR139C,0.0
5755,YOR140W,0.0
5756,YOR141C,0.0
5757,YOR142W,0.0
5758,YOR143C,1.0
5759,YOR144C,0.0
5760,YOR145C,0.0
5761,YOR146W,1.0
5762,YOR147W,0.0
5763,YOR148C,1.0
5764,YOR149C,1.0
5765,YOR150W,0.0
5766,YOR151C,1.0
5767,YOR152C,0.0
5768,YOR153W,0.0
5769,YOR154W,0.0
5770,YOR155C,0.0
5771,YOR156C,0.0
5772,YOR157C,1.0
5773,YOR158W,0.0
5774,YOR159C,1.0
5775,YOR160W,1.0
5776,YOR161C,0.0
5777,YOR161C-C,0.0
5778,YOR161W-A,0.0
5779,YOR161W-B,0.0
5780,YOR162C,0.0
5781,YOR163W,0.0
5782,YOR164C,0.0
5783,YOR165W,0.0
5784,YOR166C,1.0
5785,YOR167C,1.0
5786,YOR168W,1.0
5787,YOR169C,1.0
5788,YOR170W,0.0
5789,YOR171C,0.0
5790,YOR172W,0.0
5791,YOR173W,0.0
5792,YOR174W,1.0
5793,YOR175C,0.0
5794,YOR176W,1.0
5795,YOR177C,0.0
5796,YOR178C,0.0
5797,YOR179C,0.0
5798,YOR180C,0.0
5799,YOR181W,1.0
5800,YOR182C,1.0
5801,YOR183W,0.0
5802,YOR184W,0.0
5803,YOR185C,0.0
5804,YOR186C-A,0.0
5805,YOR186W,0.0
5806,YOR187W,0.0
5807,YOR188W,0.0
5808,YOR189W,0.0
5809,YOR190W,0.0
5810,YOR191W,0.0
5811,YOR192C,0.0
5812,YOR192C-C,0.0
5813,YOR193W,0.0
5814,YOR194C,1.0
5815,YOR195W,0.0
5816,YOR196C,0.0
5817,YOR197W,0.0
5818,YOR198C,0.0
5819,YOR199W,0.0
5820,YOR200W,0.0
5821,YOR201C,0.0
5822,YOR202W,0.0
5823,YOR203W,1.0
5824,YOR204W,1.0
5825,YOR205C,0.0
5826,YOR206W,1.0
5827,YOR207C,1.0
5828,YOR208W,0.0
5829,YOR209C,0.0
5830,YOR210W,1.0
5831,YOR211C,0.0
5832,YOR212W,0.0
5833,YOR213C,0.0
5834,YOR214C,0.0
5835,YOR215C,0.0
5836,YOR216C,0.0
5837,YOR217W,1.0
5838,YOR218C,1.0
5839,YOR219C,0.0
5840,YOR220W,0.0
5841,YOR221C,0.0
5842,YOR222W,0.0
5843,YOR223W,0.0
5844,YOR224C,1.0
5845,YOR225W,0.0
5846,YOR226C,0.0
5847,YOR227W,0.0
5848,YOR228C,0.0
5849,YOR229W,1.0
5850,YOR230W,0.0
5851,YOR231C-A,0.0
5852,YOR231W,0.0
5853,YOR232W,1.0
5854,YOR233W,1.0
5855,YOR234C,0.0
5856,YOR235W,0.0
5857,YOR236W,1.0
5858,YOR237W,0.0
5859,YOR238W,0.0
5860,YOR239W,0.0
5861,YOR241W,0.0
5862,YOR242C,0.0
5863,YOR243C,0.0
5864,YOR244W,1.0
5865,YOR245C,0.0
5866,YOR246C,0.0
5867,YOR247W,0.0
5868,YOR248W,0.0
5869,YOR249C,1.0
5870,YOR250C,1.0
5871,YOR251C,0.0
5872,YOR252W,0.0
5873,YOR253W,0.0
5874,YOR254C,1.0
5875,YOR255W,0.0
5876,YOR256C,1.0
5877,YOR257W,1.0
5878,YOR258W,0.0
5879,YOR259C,1.0
5880,YOR260W,1.0
5881,YOR261C,1.0
5882,YOR262W,1.0
5883,YOR263C,0.0
5884,YOR264W,0.0
5885,YOR265W,0.0
5886,YOR266W,0.0
5887,YOR267C,0.0
5888,YOR268C,0.0
5889,YOR269W,0.0
5890,YOR270C,0.0
5891,YOR271C,1.0
5892,YOR272W,1.0
5893,YOR273C,0.0
5894,YOR274W,0.0
5895,YOR275C,0.0
5896,YOR276W,0.0
5897,YOR277C,0.0
5898,YOR278W,1.0
5899,YOR279C,0.0
5900,YOR280C,0.0
5901,YOR281C,1.0
5902,YOR282W,1.0
5903,YOR283W,0.0
5904,YOR284W,0.0
5905,YOR285W,0.0
5906,YOR286W,0.0
5907,YOR287C,1.0
5908,YOR288C,0.0
5909,YOR289W,0.0
5910,YOR290C,0.0
5911,YOR291W,0.0
5912,YOR292C,0.0
5913,YOR293C-A,0.0
5914,YOR293W,1.0
5915,YOR294W,1.0
5916,YOR295W,1.0
5917,YOR296W,0.0
5918,YOR297C,1.0
5919,YOR298C-A,0.0
5920,YOR298W,0.0
5921,YOR299W,0.0
5922,YOR300W,0.0
5923,YOR301W,0.0
5924,YOR302W,0.0
5925,YOR303W,0.0
5926,YOR304C-A,0.0
5927,YOR304W,0.0
5928,YOR305W,0.0
5929,YOR306C,0.0
5930,YOR307C,0.0
5931,YOR308C,0.0
5932,YOR309C,0.0
5933,YOR310C,1.0
5934,YOR311C,0.0
5935,YOR312C,0.0
5936,YOR313C,0.0
5937,YOR314W,0.0
5938,YOR314W-A,0.0
5939,YOR315W,0.0
5940,YOR316C,0.0
5941,YOR316C-A,0.0
5942,YOR317W,0.0
5943,YOR318C,0.0
5944,YOR319W,1.0
5945,YOR320C,0.0
5946,YOR321W,0.0
5947,YOR322C,0.0
5948,YOR323C,0.0
5949,YOR324C,0.0
5950,YOR325W,0.0
5951,YOR326W,1.0
5952,YOR327C,0.0
5953,YOR328W,0.0
5954,YOR329C,1.0
5955,YOR329W-A,0.0
5956,YOR330C,0.0
5957,YOR331C,0.0
5958,YOR332W,0.0
5959,YOR333C,0.0
5960,YOR334W,0.0
5961,YOR335C,1.0
5962,YOR335W-A,0.0
5963,YOR336W,1.0
5964,YOR337W,0.0
5965,YOR338W,0.0
5966,YOR339C,0.0
5967,YOR340C,1.0
5968,YOR341W,1.0
5969,YOR342C,0.0
5970,YOR343C,0.0
5971,YOR344C,0.0
5972,YOR345C,0.0
5973,YOR346W,0.0
5974,YOR347C,0.0
5975,YOR348C,0.0
5976,YOR349W,0.0
5977,YOR350C,0.0
5978,YOR351C,0.0
5979,YOR352W,0.0
5980,YOR353C,1.0
5981,YOR354C,0.0
5982,YOR355W,0.0
5983,YOR356W,0.0
5984,YOR357C,0.0
5985,YOR358W,0.0
5986,YOR359W,0.0
5987,YOR360C,0.0
5988,YOR361C,1.0
5989,YOR362C,1.0
5990,YOR363C,0.0
5991,YOR364W,0.0
5992,YOR365C,0.0
5993,YOR366W,0.0
5994,YOR367W,0.0
5995,YOR368W,0.0
5996,YOR369C,0.0
5997,YOR370C,1.0
5998,YOR371C,0.0
5999,YOR372C,1.0
6000,YOR373W,1.0
6001,YOR374W,0.0
6002,YOR375C,0.0
6003,YOR376W,0.0
6004,YOR376W-A,0.0
6005,YOR377W,0.0
6006,YOR378W,0.0
6007,YOR379C,0.0
6008,YOR380W,0.0
6009,YOR381W,0.0
6010,YOR381W-A,0.0
6011,YOR382W,0.0
6012,YOR383C,0.0
6013,YOR384W,0.0
6014,YOR385W,0.0
6015,YOR386W,0.0
6016,YOR387C,0.0
6017,YOR388C,0.0
6018,YOR389W,0.0
6019,YOR390W,0.0
6020,YOR391C,0.0
6021,YOR392W,0.0
6022,YOR393W,0.0
6023,YOR394C-A,0.0
6024,YOR394W,0.0
6025,YOR396C-A,0.0
6026,YOR396W,0.0
6027,YPL001W,0.0
6028,YPL002C,0.0
6029,YPL003W,0.0
6030,YPL004C,0.0
6031,YPL005W,0.0
6032,YPL006W,0.0
6033,YPL007C,1.0
6034,YPL008W,0.0
6035,YPL009C,0.0
6036,YPL010W,1.0
6037,YPL011C,1.0
6038,YPL012W,1.0
6039,YPL013C,0.0
6040,YPL014W,0.0
6041,YPL015C,0.0
6042,YPL016W,1.0
6043,YPL017C,0.0
6044,YPL018W,0.0
6045,YPL019C,0.0
6046,YPL020C,1.0
6047,YPL021W,0.0
6048,YPL022W,0.0
6049,YPL023C,0.0
6050,YPL024W,0.0
6051,YPL025C,0.0
6052,YPL026C,0.0
6053,YPL027W,0.0
6054,YPL028W,1.0
6055,YPL029W,0.0
6056,YPL030W,0.0
6057,YPL031C,0.0
6058,YPL032C,0.0
6059,YPL033C,0.0
6060,YPL034W,0.0
6061,YPL035C,0.0
6062,YPL036W,0.0
6063,YPL037C,0.0
6064,YPL038W,0.0
6065,YPL038W-A,0.0
6066,YPL039W,0.0
6067,YPL040C,0.0
6068,YPL041C,0.0
6069,YPL042C,0.0
6070,YPL043W,1.0
6071,YPL044C,1.0
6072,YPL045W,1.0
6073,YPL046C,0.0
6074,YPL047W,0.0
6075,YPL048W,0.0
6076,YPL049C,0.0
6077,YPL050C,0.0
6078,YPL051W,0.0
6079,YPL052W,0.0
6080,YPL053C,0.0
6081,YPL054W,0.0
6082,YPL055C,0.0
6083,YPL056C,0.0
6084,YPL057C,0.0
6085,YPL058C,0.0
6086,YPL059W,0.0
6087,YPL060W,0.0
6088,YPL061W,0.0
6089,YPL062W,0.0
6090,YPL063W,1.0
6091,YPL064C,0.0
6092,YPL065W,0.0
6093,YPL066W,0.0
6094,YPL067C,0.0
6095,YPL068C,0.0
6096,YPL069C,0.0
6097,YPL070W,0.0
6098,YPL071C,0.0
6099,YPL072W,0.0
6100,YPL073C,0.0
6101,YPL074W,0.0
6102,YPL075W,1.0
6103,YPL076W,1.0
6104,YPL077C,0.0
6105,YPL078C,0.0
6106,YPL079W,0.0
6107,YPL080C,0.0
6108,YPL081W,0.0
6109,YPL082C,1.0
6110,YPL083C,1.0
6111,YPL084W,0.0
6112,YPL085W,1.0
6113,YPL086C,1.0
6114,YPL087W,0.0
6115,YPL088W,0.0
6116,YPL089C,0.0
6117,YPL090C,0.0
6118,YPL091W,0.0
6119,YPL092W,0.0
6120,YPL093W,1.0
6121,YPL094C,1.0
6122,YPL095C,0.0
6123,YPL096C-A,0.0
6124,YPL096W,0.0
6125,YPL097W,0.0
6126,YPL098C,0.0
6127,YPL099C,0.0
6128,YPL100W,0.0
6129,YPL101W,0.0
6130,YPL102C,0.0
6131,YPL103C,0.0
6132,YPL104W,0.0
6133,YPL105C,1.0
6134,YPL106C,0.0
6135,YPL107W,0.0
6136,YPL108W,0.0
6137,YPL109C,0.0
6138,YPL110C,0.0
6139,YPL111W,0.0
6140,YPL112C,0.0
6141,YPL113C,0.0
6142,YPL114W,0.0
6143,YPL115C,1.0
6144,YPL116W,1.0
6145,YPL117C,1.0
6146,YPL118W,0.0
6147,YPL119C,0.0
6148,YPL119C-A,0.0
6149,YPL120W,1.0
6150,YPL121C,0.0
6151,YPL122C,1.0
6152,YPL123C,0.0
6153,YPL124W,1.0
6154,YPL125W,1.0
6155,YPL126W,1.0
6156,YPL127C,0.0
6157,YPL128C,1.0
6158,YPL129W,0.0
6159,YPL130W,0.0
6160,YPL131W,1.0
6161,YPL132W,0.0
6162,YPL133C,0.0
6163,YPL134C,0.0
6164,YPL135C-A,0.0
6165,YPL135W,0.0
6166,YPL136W,0.0
6167,YPL137C,1.0
6168,YPL138C,0.0
6169,YPL139C,0.0
6170,YPL140C,0.0
6171,YPL141C,0.0
6172,YPL142C,1.0
6173,YPL143W,1.0
6174,YPL144W,0.0
6175,YPL145C,0.0
6176,YPL146C,1.0
6177,YPL147W,0.0
6178,YPL148C,0.0
6179,YPL149W,1.0
6180,YPL150W,0.0
6181,YPL151C,1.0
6182,YPL152W,0.0
6183,YPL152W-A,0.0
6184,YPL153C,1.0
6185,YPL154C,0.0
6186,YPL155C,0.0
6187,YPL156C,0.0
6188,YPL157W,0.0
6189,YPL158C,0.0
6190,YPL159C,0.0
6191,YPL160W,1.0
6192,YPL161C,0.0
6193,YPL162C,0.0
6194,YPL163C,0.0
6195,YPL164C,0.0
6196,YPL165C,0.0
6197,YPL166W,0.0
6198,YPL167C,0.0
6199,YPL168W,0.0
6200,YPL169C,1.0
6201,YPL170W,0.0
6202,YPL171C,0.0
6203,YPL172C,0.0
6204,YPL173W,0.0
6205,YPL174C,0.0
6206,YPL175W,1.0
6207,YPL176C,0.0
6208,YPL177C,0.0
6209,YPL178W,0.0
6210,YPL179W,0.0
6211,YPL180W,0.0
6212,YPL181W,0.0
6213,YPL182C,0.0
6214,YPL183C,0.0
6215,YPL183W-A,0.0
6216,YPL184C,0.0
6217,YPL185W,0.0
6218,YPL186C,0.0
6219,YPL187W,0.0
6220,YPL188W,0.0
6221,YPL189C-A,0.0
6222,YPL189W,0.0
6223,YPL190C,1.0
6224,YPL191C,0.0
6225,YPL192C,0.0
6226,YPL193W,0.0
6227,YPL194W,0.0
6228,YPL195W,0.0
6229,YPL196W,0.0
6230,YPL197C,0.0
6231,YPL198W,0.0
6232,YPL199C,0.0
6233,YPL200W,0.0
6234,YPL201C,0.0
6235,YPL202C,0.0
6236,YPL203W,1.0
6237,YPL204W,1.0
6238,YPL205C,0.0
6239,YPL206C,0.0
6240,YPL207W,1.0
6241,YPL208W,0.0
6242,YPL209C,1.0
6243,YPL210C,1.0
6244,YPL211W,1.0
6245,YPL212C,0.0
6246,YPL213W,1.0
6247,YPL214C,0.0
6248,YPL215W,0.0
6249,YPL216W,0.0
6250,YPL217C,1.0
6251,YPL218W,1.0
6252,YPL219W,0.0
6253,YPL220W,0.0
6254,YPL221W,0.0
6255,YPL222C-A,0.0
6256,YPL222W,0.0
6257,YPL223C,0.0
6258,YPL224C,0.0
6259,YPL225W,0.0
6260,YPL226W,0.0
6261,YPL227C,0.0
6262,YPL228W,1.0
6263,YPL229W,0.0
6264,YPL230W,0.0
6265,YPL231W,1.0
6266,YPL232W,0.0
6267,YPL233W,1.0
6268,YPL234C,0.0
6269,YPL235W,1.0
6270,YPL236C,0.0
6271,YPL237W,1.0
6272,YPL238C,1.0
6273,YPL239W,0.0
6274,YPL240C,1.0
6275,YPL241C,0.0
6276,YPL242C,1.0
6277,YPL243W,1.0
6278,YPL244C,0.0
6279,YPL245W,0.0
6280,YPL246C,0.0
6281,YPL247C,0.0
6282,YPL248C,0.0
6283,YPL249C,0.0
6284,YPL249C-A,0.0
6285,YPL250C,0.0
6286,YPL250W-A,0.0
6287,YPL251W,1.0
6288,YPL252C,1.0
6289,YPL253C,1.0
6290,YPL254W,0.0
6291,YPL255W,1.0
6292,YPL256C,0.0
6293,YPL257W,0.0
6294,YPL258C,0.0
6295,YPL259C,0.0
6296,YPL260W,0.0
6297,YPL261C,0.0
6298,YPL262W,0.0
6299,YPL263C,0.0
6300,YPL264C,0.0
6301,YPL265W,0.0
6302,YPL266W,1.0
6303,YPL267W,0.0
6304,YPL268W,1.0
6305,YPL269W,0.0
6306,YPL270W,0.0
6307,YPL271W,0.0
6308,YPL272C,0.0
6309,YPL273W,0.0
6310,YPL274W,0.0
6311,YPL277C,0.0
6312,YPL278C,0.0
6313,YPL279C,0.0
6314,YPL280W,0.0
6315,YPL281C,0.0
6316,YPL282C,0.0
6317,YPL283C,0.0
6318,YPL283W-A,0.0
6319,YPL283W-B,0.0
6320,YPR001W,0.0
6321,YPR002C-A,0.0
6322,YPR002W,0.0
6323,YPR003C,0.0
6324,YPR004C,0.0
6325,YPR005C,0.0
6326,YPR006C,0.0
6327,YPR007C,0.0
6328,YPR008W,0.0
6329,YPR009W,0.0
6330,YPR010C,1.0
6331,YPR010C-A,0.0
6332,YPR011C,0.0
6333,YPR012W,0.0
6334,YPR013C,0.0
6335,YPR014C,0.0
6336,YPR015C,1.0
6337,YPR016C,1.0
6338,YPR016W-A,0.0
6339,YPR017C,0.0
6340,YPR018W,0.0
6341,YPR019W,1.0
6342,YPR020W,0.0
6343,YPR021C,0.0
6344,YPR022C,0.0
6345,YPR023C,0.0
6346,YPR024W,0.0
6347,YPR025C,1.0
6348,YPR026W,0.0
6349,YPR027C,0.0
6350,YPR028W,0.0
6351,YPR029C,0.0
6352,YPR030W,0.0
6353,YPR031W,0.0
6354,YPR032W,0.0
6355,YPR033C,1.0
6356,YPR034W,1.0
6357,YPR035W,1.0
6358,YPR036W,0.0
6359,YPR036W-A,0.0
6360,YPR037C,0.0
6361,YPR038W,0.0
6362,YPR039W,0.0
6363,YPR040W,1.0
6364,YPR041W,1.0
6365,YPR042C,0.0
6366,YPR043W,0.0
6367,YPR044C,0.0
6368,YPR045C,0.0
6369,YPR046W,0.0
6370,YPR047W,0.0
6371,YPR048W,1.0
6372,YPR049C,0.0
6373,YPR050C,0.0
6374,YPR051W,0.0
6375,YPR052C,0.0
6376,YPR053C,0.0
6377,YPR054W,0.0
6378,YPR055W,1.0
6379,YPR056W,1.0
6380,YPR057W,0.0
6381,YPR058W,0.0
6382,YPR059C,0.0
6383,YPR060C,0.0
6384,YPR061C,0.0
6385,YPR062W,0.0
6386,YPR063C,0.0
6387,YPR064W,0.0
6388,YPR065W,0.0
6389,YPR066W,0.0
6390,YPR067W,0.0
6391,YPR068C,0.0
6392,YPR069C,0.0
6393,YPR070W,0.0
6394,YPR071W,0.0
6395,YPR072W,0.0
6396,YPR073C,0.0
6397,YPR074C,0.0
6398,YPR074W-A,0.0
6399,YPR075C,0.0
6400,YPR076W,0.0
6401,YPR077C,0.0
6402,YPR078C,0.0
6403,YPR079W,0.0
6404,YPR080W,0.0
6405,YPR081C,0.0
6406,YPR082C,1.0
6407,YPR083W,0.0
6408,YPR084W,0.0
6409,YPR085C,1.0
6410,YPR086W,1.0
6411,YPR087W,0.0
6412,YPR088C,1.0
6413,YPR089W,0.0
6414,YPR091C,0.0
6415,YPR092W,0.0
6416,YPR093C,0.0
6417,YPR094W,1.0
6418,YPR095C,0.0
6419,YPR096C,0.0
6420,YPR097W,0.0
6421,YPR098C,0.0
6422,YPR099C,0.0
6423,YPR100W,0.0
6424,YPR101W,1.0
6425,YPR102C,0.0
6426,YPR103W,1.0
6427,YPR104C,1.0
6428,YPR105C,1.0
6429,YPR106W,1.0
6430,YPR107C,1.0
6431,YPR108W,1.0
6432,YPR108W-A,0.0
6433,YPR109W,0.0
6434,YPR110C,1.0
6435,YPR111W,1.0
6436,YPR112C,1.0
6437,YPR113W,1.0
6438,YPR114W,0.0
6439,YPR115W,0.0
6440,YPR116W,0.0
6441,YPR117W,0.0
6442,YPR118W,0.0
6443,YPR119W,0.0
6444,YPR120C,1.0
6445,YPR121W,0.0
6446,YPR122W,0.0
6447,YPR123C,0.0
6448,YPR124W,1.0
6449,YPR125W,1.0
6450,YPR126C,0.0
6451,YPR127W,0.0
6452,YPR128C,0.0
6453,YPR129W,0.0
6454,YPR130C,0.0
6455,YPR131C,0.0
6456,YPR132W,0.0
6457,YPR133C,1.0
6458,YPR133W-A,0.0
6459,YPR134W,0.0
6460,YPR135W,0.0
6461,YPR136C,1.0
6462,YPR137W,1.0
6463,YPR138C,0.0
6464,YPR139C,0.0
6465,YPR140W,0.0
6466,YPR141C,1.0
6467,YPR142C,1.0
6468,YPR143W,1.0
6469,YPR144C,1.0
6470,YPR145C-A,0.0
6471,YPR145W,0.0
6472,YPR146C,0.0
6473,YPR147C,0.0
6474,YPR148C,0.0
6475,YPR149W,0.0
6476,YPR150W,0.0
6477,YPR151C,0.0
6478,YPR152C,0.0
6479,YPR153W,0.0
6480,YPR154W,0.0
6481,YPR155C,0.0
6482,YPR156C,0.0
6483,YPR157W,0.0
6484,YPR158W,0.0
6485,YPR159C-A,0.0
6486,YPR159W,0.0
6487,YPR160C-A,0.0
6488,YPR160W,0.0
6489,YPR160W-A,0.0
6490,YPR161C,1.0
6491,YPR162C,1.0
6492,YPR163C,0.0
6493,YPR164W,0.0
6494,YPR165W,1.0
6495,YPR166C,0.0
6496,YPR167C,0.0
6497,YPR168W,1.0
6498,YPR169W,1.0
6499,YPR169W-A,0.0
6500,YPR170C,0.0
6501,YPR170W-A,0.0
6502,YPR170W-B,0.0
6503,YPR171W,0.0
6504,YPR172W,0.0
6505,YPR173C,0.0
6506,YPR174C,0.0
6507,YPR175W,1.0
6508,YPR176C,1.0
6509,YPR177C,1.0
6510,YPR178W,1.0
6511,YPR179C,0.0
6512,YPR180W,1.0
6513,YPR181C,1.0
6514,YPR182W,1.0
6515,YPR183W,1.0
6516,YPR184W,0.0
6517,YPR185W,1.0
6518,YPR186C,1.0
6519,YPR187W,1.0
6520,YPR188C,0.0
6521,YPR189W,0.0
6522,YPR190C,1.0
6523,YPR191W,0.0
6524,YPR192W,0.0
6525,YPR193C,0.0
6526,YPR194C,0.0
6527,YPR195C,0.0
6528,YPR196W,0.0
6529,YPR197C,0.0
6530,YPR198W,0.0
6531,YPR199C,0.0
6532,YPR200C,0.0
6533,YPR201W,0.0
6534,YPR202W,0.0
6535,YPR203W,0.0
6536,YPR204C-A,0.0
6537,YPR204W,0.0
