,node_1,node_2,id1,id2,automated_textmining
0,H1A-1,LINJ_33_2210,5671.A0A381MFJ0,5671.A4I980,0.105
2,LINJ_02_0680,LINJ_21_1330,5671.A0A381MP32,5671.E9AGX7,0.071
3,LINJ_02_0680,LINJ_32_3470,5671.A0A381MP32,5671.A4I8F2,0.071
4,LINJ_02_0680,LINJ_27_1150,5671.A0A381MP32,5671.A4I2S6,0.071
5,LINJ_02_0680,LINJ_36_2310,5671.A0A381MP32,5671.A4IDJ2,0.427
6,LINJ_02_0680,LINJ_36_2130,5671.A0A381MP32,5671.A4IDH4,0.122
7,LINJ_02_0680,LINJ_36_2140,5671.A0A381MP32,5671.A4IDH5,0.122
8,LINJ_02_0680,LINJ_32_1940,5671.A0A381MP32,5671.A4I800,0.122
9,LINJ_02_0680,LINJ_30_2830,5671.A0A381MP32,5671.A4I5W0,0.122
10,LINJ_02_0680,LPG3,5671.A0A381MP32,5671.A4I4C9,0.106
11,LINJ_02_0680,LINJ_33_2520,5671.A0A381MP32,5671.E9AHQ7,0.156
12,LINJ_02_0680,HSP83-2,5671.A0A381MP32,5671.E9AHM9,0.156
13,LINJ_02_0680,HSP83,5671.A0A381MP32,5671.E9AHM8,0.156
14,LINJ_02_0680,LINJ_26_0590,5671.A0A381MP32,5671.A4I1Z4,0.228
15,CYP51,LINJ_24_0130,5671.A2TEF2,5671.E9AH25,0.104
16,CYP51,LINJ_23_0880,5671.A2TEF2,5671.A4I0C2,0.12
17,CYP51,LINJ_23_0580,5671.A2TEF2,5671.A4I093,0.12
18,CYP51,LINJ_33_1690,5671.A2TEF2,5671.A4I931,0.22
19,CYP51,TRYR,5671.A2TEF2,5671.A4HSF7,0.452
20,CYP51,DHODH,5671.A2TEF2,5671.E9AGN2,0.431
21,CYP51,LINJ_19_0970,5671.A2TEF2,5671.A4HYB7,0.072
22,CYP51,LINJ_19_0960,5671.A2TEF2,5671.E9AGS6,0.072
23,CYP51,LINJ_28_1250,5671.A2TEF2,5671.A4I3J3,0.072
24,CYP51,LINJ_19_0950,5671.A2TEF2,5671.A4HYA8,0.072
25,CYP51,LINJ_19_0940,5671.A2TEF2,5671.E9AGS5,0.072
26,CYP51,LINJ_30_3610,5671.A2TEF2,5671.A4I646,0.38
27,CYP51,MPK3,5671.A2TEF2,5671.A4HUG1,0.405
28,CYP51,LINJ_34_3110,5671.A2TEF2,5671.A4IAA0,0.232
29,CYP51,LINJ_27_0090,5671.A2TEF2,5671.A4I2K5,0.232
30,CYP51,LINJ_24_1410,5671.A2TEF2,5671.A4I0X6,0.592
31,CYP51,LINJ_21_0740,5671.A2TEF2,5671.A4HZ67,0.592
32,CYP51,DHFR-TS,5671.A2TEF2,5671.Q8MQV3,0.664
33,CYP51,NMT,5671.A2TEF2,5671.A4I7H1,0.733
34,CYP51,LINJ_28_2190,5671.A2TEF2,5671.A4I3T3,0.201
35,CYP51,LINJ_29_2250,5671.A2TEF2,5671.A4I4S3,0.56
36,LINJ_01_0050,LINJ_10_0310,5671.A4HRC6,5671.A4HUD9,0.261
38,LINJ_01_0050,LINJ_34_0160,5671.A4HRC6,5671.A4I9I4,0.116
39,LINJ_01_0050,mMDH,5671.A4HRC6,5671.A4I9I5,0.116
40,LINJ_01_0050,LINJ_34_0150,5671.A4HRC6,5671.A4I9I3,0.116
41,LINJ_01_0050,LINJ_08_0540,5671.A4HRC6,5671.A4HTK1,0.58
42,LINJ_01_0050,LINJ_34_0030,5671.A4HRC6,5671.A4I9H1,0.58
43,LINJ_01_0050,LINJ_31_3080,5671.A4HRC6,5671.A4I7A2,0.218
44,LINJ_01_0050,LINJ_33_2860,5671.A4HRC6,5671.A4I9B2,0.397
45,LINJ_01_0050,LINJ_16_1430,5671.A4HRC6,5671.A4HX32,0.398
46,LINJ_01_0050,ALDH2,5671.A4HRC6,5671.A4I1F4,0.171
47,LINJ_01_0050,LINJ_23_0880,5671.A4HRC6,5671.A4I0C2,0.223
48,LINJ_01_0050,LINJ_23_0580,5671.A4HRC6,5671.A4I093,0.223
49,LINJ_01_0050,LINJ_11_0600,5671.A4HRC6,5671.A4HUX0,0.218
50,LINJ_01_0270,LINJ_31_2710,5671.A4HRE8,5671.A4I769,0.067
51,LINJ_01_0270,GCVL-2,5671.A4HRE8,5671.A4I8F6,0.067
52,LINJ_01_0270,GCVL-1,5671.A4HRE8,5671.A4I4P1,0.067
53,LINJ_01_0270,LINJ_31_2720,5671.A4HRE8,5671.E9AHL8,0.067
54,LINJ_01_0270,LINJ_26_0590,5671.A4HRE8,5671.A4I1Z4,0.122
55,LINJ_01_0270,LINJ_02_0360,5671.A4HRE8,5671.A4HRN6,0.041
56,LINJ_01_0270,LINJ_08_0540,5671.A4HRE8,5671.A4HTK1,0.059
57,LINJ_01_0270,LINJ_34_0030,5671.A4HRE8,5671.A4I9H1,0.059
58,LINJ_01_0270,TRYR,5671.A4HRE8,5671.A4HSF7,0.542
59,LINJ_01_0490,LINJ_28_1250,5671.A4HRH0,5671.A4I3J3,0.072
60,LINJ_01_0490,LINJ_19_0970,5671.A4HRH0,5671.A4HYB7,0.072
61,LINJ_01_0490,LINJ_19_0950,5671.A4HRH0,5671.A4HYA8,0.072
62,LINJ_01_0490,LINJ_19_0960,5671.A4HRH0,5671.E9AGS6,0.072
63,LINJ_01_0490,LINJ_19_0940,5671.A4HRH0,5671.E9AGS5,0.072
65,LINJ_01_0490,LINJ_02_0100,5671.A4HRH0,5671.A4HRL5,0.071
72,LINJ_01_0510,LINJ_28_1250,5671.A4HRH2,5671.A4I3J3,0.072
73,LINJ_01_0510,LINJ_19_0970,5671.A4HRH2,5671.A4HYB7,0.072
74,LINJ_01_0510,LINJ_19_0960,5671.A4HRH2,5671.E9AGS6,0.072
75,LINJ_01_0510,LINJ_19_0950,5671.A4HRH2,5671.A4HYA8,0.072
76,LINJ_01_0510,LINJ_19_0940,5671.A4HRH2,5671.E9AGS5,0.072
78,LINJ_01_0510,LINJ_02_0100,5671.A4HRH2,5671.A4HRL5,0.071
84,LINJ_01_0520,LINJ_19_0960,5671.A4HRH3,5671.E9AGS6,0.072
85,LINJ_01_0520,LINJ_19_0970,5671.A4HRH3,5671.A4HYB7,0.072
86,LINJ_01_0520,LINJ_19_0950,5671.A4HRH3,5671.A4HYA8,0.072
87,LINJ_01_0520,LINJ_19_0940,5671.A4HRH3,5671.E9AGS5,0.072
89,LINJ_01_0520,LINJ_02_0100,5671.A4HRH3,5671.A4HRL5,0.071
90,LINJ_01_0520,LINJ_28_1250,5671.A4HRH3,5671.A4I3J3,0.072
95,LINJ_01_0540,LINJ_28_1250,5671.A4HRH5,5671.A4I3J3,0.072
96,LINJ_01_0540,LINJ_19_0970,5671.A4HRH5,5671.A4HYB7,0.072
97,LINJ_01_0540,LINJ_19_0950,5671.A4HRH5,5671.A4HYA8,0.072
98,LINJ_01_0540,LINJ_19_0960,5671.A4HRH5,5671.E9AGS6,0.072
99,LINJ_01_0540,LINJ_19_0940,5671.A4HRH5,5671.E9AGS5,0.072
101,LINJ_01_0540,LINJ_02_0100,5671.A4HRH5,5671.A4HRL5,0.071
106,LINJ_01_0550,LINJ_02_0100,5671.A4HRH6,5671.A4HRL5,0.071
109,LINJ_02_0100,LINJ_36_0970,5671.A4HRL5,5671.A4ICP3,0.059
110,LINJ_02_0100,LINJ_10_0880,5671.A4HRL5,5671.A4HUJ5,0.051
111,LINJ_02_0100,LINJ_34_0990,5671.A4HRL5,5671.A4I9Q1,0.051
112,LINJ_02_0100,LINJ_34_3220,5671.A4HRL5,5671.Q9GPZ9,0.261
113,LINJ_02_0100,LINJ_04_0070,5671.A4HRL5,5671.A4HS02,0.261
114,LINJ_02_0100,LINJ_14_1140,5671.A4HRL5,5671.A4HW49,0.044
115,LINJ_02_0100,LINJ_17_0810,5671.A4HRL5,5671.A4HXE9,0.044
116,LINJ_02_0100,LINJ_33_1930,5671.A4HRL5,5671.A4I978,0.044
117,LINJ_02_0100,LINJ_35_1850,5671.A4HRL5,5671.A4IB86,0.044
118,LINJ_02_0100,LINJ_19_0360,5671.A4HRL5,5671.A4HY58,0.044
119,LINJ_02_0100,LINJ_14_0890,5671.A4HRL5,5671.A4HW27,0.044
120,LINJ_02_0100,LINJ_15_0180,5671.A4HRL5,5671.A4HWB5,0.044
121,LINJ_02_0100,LINJ_21_2010,5671.A4HRL5,5671.A4HZH0,0.044
122,LINJ_02_0100,LINJ_36_4460,5671.A4HRL5,5671.A4IE49,0.044
123,LINJ_02_0100,GSK3,5671.A4HRL5,5671.A4HXQ3,0.096
124,LINJ_02_0100,LINJ_22_0370,5671.A4HRL5,5671.A4HZS7,0.096
125,LINJ_02_0100,LINJ_34_1900,5671.A4HRL5,5671.A4IAM7,0.436
126,LINJ_02_0100,LINJ_03_0330,5671.A4HRL5,5671.A4HRU5,0.124
127,LINJ_02_0100,CRK3,5671.A4HRL5,5671.A4ICT0,0.124
128,LINJ_02_0100,LINJ_30_1780,5671.A4HRL5,5671.A4I5K5,0.124
129,LINJ_02_0100,LINJ.12.0016,5671.A4HRL5,5671.A4HV57,0.124
130,LINJ_02_0100,LINJ_05_0550,5671.A4HRL5,5671.A4HSH7,0.124
131,LINJ_02_0100,LINJ_11_0110,5671.A4HRL5,5671.A4HUS3,0.124
132,LINJ_02_0100,LINJ_29_2260,5671.A4HRL5,5671.A4I4S4,0.124
133,LINJ_02_0100,LINJ_27_2570,5671.A4HRL5,5671.E9AHC6,0.124
134,LINJ_02_0100,CRK,5671.A4HRL5,5671.A4HWZ4,0.124
135,LINJ_02_0100,LINJ_29_2830,5671.A4HRL5,5671.A4I4Y0,0.447
136,LINJ_02_0100,LINJ_25_2450,5671.A4HRL5,5671.A4I1T4,0.219
137,LINJ_02_0100,LINJ_28_1800,5671.A4HRL5,5671.A4I3P6,0.219
138,LINJ_02_0100,TOR1,5671.A4HRL5,5671.A4IE36,0.105
139,LINJ_02_0100,LINJ_20_1140,5671.A4HRL5,5671.A4HYV4,0.105
140,LINJ_02_0100,TOR2,5671.A4HRL5,5671.A4IAK5,0.105
141,LINJ_02_0100,TOR3,5671.A4HRL5,5671.A4IAG3,0.105
142,LINJ_02_0100,LINJ_13_0300,5671.A4HRL5,5671.A4HVG5,0.071
143,LINJ_02_0100,LINJ_03_0220,5671.A4HRL5,5671.A4HRT4,0.071
144,LINJ_02_0100,LINJ_02_0360,5671.A4HRL5,5671.A4HRN6,0.18
145,LINJ_02_0100,LINJ_28_2440,5671.A4HRL5,5671.A4I3V8,0.171
146,LINJ_02_0100,LINJ_13_0170,5671.A4HRL5,5671.A4HVF3,0.171
147,LINJ_02_0100,LINJ_36_7340,5671.A4HRL5,5671.A4ICE0,0.171
148,LINJ_02_0100,LINJ_14_0140,5671.A4HRL5,5671.A4HVV6,0.171
149,LINJ_02_0100,DMC1,5671.A4HRL5,5671.A4IC25,0.261
150,LINJ_02_0100,LINJ_33_2620,5671.A4HRL5,5671.E9AHR7,0.261
151,LINJ_02_0100,RAD51,5671.A4HRL5,5671.A4I3C9,0.381
152,LINJ_02_0100,LINJ_19_1510,5671.A4HRL5,5671.A4HYH7,0.398
153,LINJ_02_0100,LINJ_17_0070,5671.A4HRL5,5671.A4HX71,0.398
154,LINJ_02_0100,LINJ_32_1520,5671.A4HRL5,5671.A4I7W3,0.525
155,LINJ_02_0230,LINJ_21_0870,5671.A4HRM3,5671.A4HZ80,0.049
156,LINJ_02_0230,LINJ_10_1250,5671.A4HRM3,5671.A4HUM8,0.113
157,LINJ_02_0230,LINJ_30_1710,5671.A4HRM3,5671.A4I5J8,0.113
158,LINJ_02_0230,LINJ_09_0900,5671.A4HRM3,5671.A4HU06,0.106
159,LINJ_02_0230,LINJ_32_2160,5671.A4HRM3,5671.A4I825,0.106
160,LINJ_02_0230,LINJ_31_0890,5671.A4HRM3,5671.A4I6I0,0.141
161,LINJ_02_0230,Rab11,5671.A4HRM3,5671.A4HUK3,0.141
162,LINJ_02_0230,LINJ_32_1930,5671.A4HRM3,5671.A4I7Z9,0.141
163,LINJ_02_0230,LINJ_27_0940,5671.A4HRM3,5671.A4I2Q9,0.17
164,LINJ_02_0230,LINJ_20_0820,5671.A4HRM3,5671.A4HYS3,0.17
165,LINJ_02_0230,LINJ_07_0610,5671.A4HRM3,5671.A4HT72,0.093
166,LINJ_02_0230,LINJ_14_0820,5671.A4HRM3,5671.A4HW20,0.141
167,LINJ_02_0230,LINJ_27_0620,5671.A4HRM3,5671.E9AHE8,0.105
168,LINJ_02_0230,LINJ_33_1940,5671.A4HRM3,5671.A4I946,0.105
169,LINJ_02_0230,LINJ_10_1260,5671.A4HRM3,5671.A4HUM9,0.105
170,LINJ_02_0230,LINJ_13_0220,5671.A4HRM3,5671.A4HVF7,0.23
171,LINJ_02_0230,LINJ_18_1140,5671.A4HRM3,5671.A4HXY7,0.23
172,LINJ_02_0230,LINJ_32_0520,5671.A4HRM3,5671.A4I7N3,0.214
173,LINJ_02_0230,LINJ_36_0880,5671.A4HRM3,5671.A4ICQ2,0.22
174,LINJ_02_0230,RAB7,5671.A4HRM3,5671.E9AGQ4,0.09
175,LINJ_02_0260,LINJ_20_0970,5671.A4HRM6,5671.A4HYT8,0.051
180,LINJ_02_0270,LINJ_25_0540,5671.A4HRM7,5671.A4I194,0.321
181,LINJ_02_0330,LINJ_25_2450,5671.A4HRN3,5671.A4I1T4,0.046
182,LINJ_02_0330,LINJ_29_2600,5671.A4HRN3,5671.A4I4W3,0.046
183,LINJ_02_0330,LINJ_32_1010,5671.A4HRN3,5671.A4I7R2,0.3
184,LINJ_02_0330,LINJ_29_0860,5671.A4HRN3,5671.A4I4D6,0.106
186,LINJ_02_0330,DHFR-TS,5671.A4HRN3,5671.Q8MQV3,0.472
188,LINJ_02_0330,LINJ_08_0540,5671.A4HRN3,5671.A4HTK1,0.07
189,LINJ_02_0330,LINJ_24_0260,5671.A4HRN3,5671.E9AH38,0.103
190,LINJ_02_0330,LINJ_13_1630,5671.A4HRN3,5671.A4HVT6,0.103
191,LINJ_02_0330,LINJ_05_0100,5671.A4HRN3,5671.A4HSD9,0.103
192,LINJ_02_0330,LINJ_26_2100,5671.A4HRN3,5671.A4I2D8,0.103
193,LINJ_02_0330,LINJ_09_0520,5671.A4HRN3,5671.A4HTW1,0.103
194,LINJ_02_0330,LINJ_34_0030,5671.A4HRN3,5671.A4I9H1,0.07
196,LINJ_02_0330,LINJ_36_5320,5671.A4HRN3,5671.A4IDT1,0.398
197,LINJ_02_0360,LINJ_29_0770,5671.A4HRN6,5671.A4I4C7,0.095
198,LINJ_02_0360,LINJ_24_1780,5671.A4HRN6,5671.E9AH78,0.158
199,LINJ_02_0360,LMAIRK,5671.A4HRN6,5671.A4I3C6,0.068
200,LINJ_02_0360,LINJ_26_2460,5671.A4HRN6,5671.A4I2H1,0.068
201,LINJ_02_0360,LINJ_29_1420,5671.A4HRN6,5671.E9AHI7,0.068
202,LINJ_02_0360,LINJ_19_0360,5671.A4HRN6,5671.A4HY58,0.056
203,LINJ_02_0360,LINJ_36_4460,5671.A4HRN6,5671.A4IE49,0.056
204,LINJ_02_0360,LINJ_21_2010,5671.A4HRN6,5671.A4HZH0,0.056
205,LINJ_02_0360,LINJ_15_0180,5671.A4HRN6,5671.A4HWB5,0.056
206,LINJ_02_0360,LINJ_17_0810,5671.A4HRN6,5671.A4HXE9,0.056
207,LINJ_02_0360,LINJ_14_1140,5671.A4HRN6,5671.A4HW49,0.056
208,LINJ_02_0360,LINJ_35_1850,5671.A4HRN6,5671.A4IB86,0.056
209,LINJ_02_0360,LINJ_33_1930,5671.A4HRN6,5671.A4I978,0.056
210,LINJ_02_0360,LINJ_14_0890,5671.A4HRN6,5671.A4HW27,0.056
211,LINJ_02_0360,LINJ_35_1310,5671.A4HRN6,5671.A4IB24,0.12
212,LINJ_02_0360,LINJ_07_1000,5671.A4HRN6,5671.A4HTB1,0.12
213,LINJ_02_0360,LINJ_04_0680,5671.A4HRN6,5671.A4HS64,0.12
214,LINJ_02_0360,LINJ_17_0070,5671.A4HRN6,5671.A4HX71,0.071
215,LINJ_02_0360,LINJ_19_1510,5671.A4HRN6,5671.A4HYH7,0.071
216,LINJ_02_0360,LINJ_32_0730,5671.A4HRN6,5671.A4I7L2,0.103
217,LINJ_02_0360,LINJ_22_1260,5671.A4HRN6,5671.A4I000,0.046
218,LINJ_02_0360,LINJ_34_2160,5671.A4HRN6,5671.A4IA04,0.046
219,LINJ_02_0360,LINJ_07_0790,5671.A4HRN6,5671.A4HT95,0.046
220,LINJ_02_0360,LINJ_36_6370,5671.A4HRN6,5671.A4IE23,0.046
221,LINJ_02_0360,LINJ_32_0690,5671.A4HRN6,5671.A4I7L6,0.046
222,LINJ_02_0360,LINJ_08_1000,5671.A4HRN6,5671.A4HTP2,0.071
223,LINJ_02_0360,LINJ_08_1300,5671.A4HRN6,5671.A4HTR2,0.071
224,LINJ_02_0360,KATNAL2,5671.A4HRN6,5671.A4HVM4,0.121
229,LINJ_02_0360,LINJ_32_0050,5671.A4HRN6,5671.A4I7G8,0.05
230,LINJ_02_0360,LINJ_24_0130,5671.A4HRN6,5671.E9AH25,0.085
231,LINJ_02_0360,LINJ_21_0740,5671.A4HRN6,5671.A4HZ67,0.105
232,LINJ_02_0360,LINJ_24_1410,5671.A4HRN6,5671.A4I0X6,0.105
233,LINJ_02_0360,RAD51,5671.A4HRN6,5671.A4I3C9,0.242
234,LINJ_02_0360,TOP2,5671.A4HRN6,5671.A4HWL4,0.261
235,LINJ_02_0360,LINJ_28_2450,5671.A4HRN6,5671.A4I3V9,0.261
236,LINJ_02_0360,LINJ_34_3220,5671.A4HRN6,5671.Q9GPZ9,0.309
237,LINJ_02_0360,LINJ_04_0070,5671.A4HRN6,5671.A4HS02,0.309
238,LINJ_02_0360,LINJ_34_3790,5671.A4HRN6,5671.A4IAG7,0.219
239,LINJ_02_0360,LINJ_32_1150,5671.A4HRN6,5671.A4I7S6,0.219
240,LINJ_02_0360,LINJ_25_1460,5671.A4HRN6,5671.A4I1I6,0.049
241,LINJ_03_0150,LINJ_11_0060,5671.A4HRS7,5671.A4HUR8,0.471
242,LINJ_03_0150,DHFR-TS,5671.A4HRS7,5671.Q8MQV3,0.569
243,LINJ_03_0150,LINJ_21_0770,5671.A4HRS7,5671.A4HZ70,0.495
244,LINJ_03_0190,LINJ_23_1050,5671.A4HRT1,5671.A4I0D8,0.072
245,LINJ_03_0190,LINJ_29_1100,5671.A4HRT1,5671.A4I4G0,0.072
246,LINJ_03_0190,LINJ_13_0610,5671.A4HRT1,5671.A4HVK0,0.072
247,LINJ_03_0190,LINJ_28_2190,5671.A4HRT1,5671.A4I3T3,0.22
248,LINJ_03_0190,LINJ_27_2390,5671.A4HRT1,5671.A4I345,0.059
249,LINJ_03_0190,PTR1,5671.A4HRT1,5671.A4I067,0.059
250,LINJ_03_0190,LINJ_35_1230,5671.A4HRT1,5671.A4IB16,0.059
251,LINJ_03_0190,LINJ_36_3570,5671.A4HRT1,5671.A4ID56,0.059
252,LINJ_03_0190,LINJ_24_1890,5671.A4HRT1,5671.E9AH89,0.059
253,LINJ_03_0190,LINJ_35_1240,5671.A4HRT1,5671.A4IB17,0.059
254,LINJ_03_0190,LINJ_19_0960,5671.A4HRT1,5671.E9AGS6,0.089
255,LINJ_03_0190,LINJ_19_0950,5671.A4HRT1,5671.A4HYA8,0.089
256,LINJ_03_0190,LINJ_28_1250,5671.A4HRT1,5671.A4I3J3,0.089
257,LINJ_03_0190,LINJ_19_0970,5671.A4HRT1,5671.A4HYB7,0.089
258,LINJ_03_0190,LINJ_19_0940,5671.A4HRT1,5671.E9AGS5,0.089
259,LINJ_03_0190,LINJ_16_1430,5671.A4HRT1,5671.A4HX32,0.215
260,LINJ_03_0190,DHFR-TS,5671.A4HRT1,5671.Q8MQV3,0.574
261,LINJ_03_0190,LINJ_23_0580,5671.A4HRT1,5671.A4I093,0.171
262,LINJ_03_0190,LINJ_23_0880,5671.A4HRT1,5671.A4I0C2,0.171
263,LINJ_03_0190,LINJ_36_4380,5671.A4HRT1,5671.A4IE56,0.316
264,LINJ_03_0190,ALDH2,5671.A4HRT1,5671.A4I1F4,0.046
265,LINJ_03_0190,GCVL-1,5671.A4HRT1,5671.A4I4P1,0.1
266,LINJ_03_0190,LINJ_31_2720,5671.A4HRT1,5671.E9AHL8,0.1
267,LINJ_03_0190,GCVL-2,5671.A4HRT1,5671.A4I8F6,0.1
268,LINJ_03_0190,LINJ_31_2710,5671.A4HRT1,5671.A4I769,0.1
269,LINJ_03_0200,LINJ_05_0220,5671.A4HRT2,5671.A4HSF4,0.058
270,LINJ_03_0200,LINJ_28_0170,5671.A4HRT2,5671.A4I390,0.058
271,LINJ_03_0200,LINJ_26_2100,5671.A4HRT2,5671.A4I2D8,0.071
272,LINJ_03_0200,LINJ_05_0100,5671.A4HRT2,5671.A4HSD9,0.071
273,LINJ_03_0200,LINJ_09_0520,5671.A4HRT2,5671.A4HTW1,0.071
274,LINJ_03_0200,LINJ_24_0260,5671.A4HRT2,5671.E9AH38,0.071
275,LINJ_03_0200,LINJ_13_1630,5671.A4HRT2,5671.A4HVT6,0.071
276,LINJ_03_0200,LINJ_24_0220,5671.A4HRT2,5671.E9AH34,0.044
279,LINJ_03_0200,LINJ_36_2310,5671.A4HRT2,5671.A4IDJ2,0.078
280,LINJ_03_0200,LINJ_30_0850,5671.A4HRT2,5671.A4I5B1,0.1
281,LINJ_03_0200,LINJ_24_2410,5671.A4HRT2,5671.A4I140,0.071
282,LINJ_03_0200,MKK5,5671.A4HRT2,5671.A4ICP8,0.071
283,LINJ_03_0200,LINJ_34_1840,5671.A4HRT2,5671.A4I9Y5,0.071
284,LINJ_03_0200,LINJ_25_2070,5671.A4HRT2,5671.A4I1P7,0.054
285,LINJ_03_0200,MKK,5671.A4HRT2,5671.A4I4U6,0.071
287,LINJ_03_0200,LINJ_29_2600,5671.A4HRT2,5671.A4I4W3,0.069
288,LINJ_03_0200,LINJ_36_5610,5671.A4HRT2,5671.A4IDV1,0.108
289,LINJ_03_0200,LINJ_34_0030,5671.A4HRT2,5671.A4I9H1,0.059
290,LINJ_03_0200,LINJ_19_0130,5671.A4HRT2,5671.E9AGR6,0.046
291,LINJ_03_0200,LINJ_20_1370,5671.A4HRT2,5671.A4HYX6,0.068
292,LINJ_03_0220,LINJ_28_1250,5671.A4HRT4,5671.A4I3J3,0.072
293,LINJ_03_0220,LINJ_19_0970,5671.A4HRT4,5671.A4HYB7,0.072
294,LINJ_03_0220,LINJ_19_0960,5671.A4HRT4,5671.E9AGS6,0.072
295,LINJ_03_0220,LINJ_19_0950,5671.A4HRT4,5671.A4HYA8,0.072
296,LINJ_03_0220,LINJ_19_0940,5671.A4HRT4,5671.E9AGS5,0.072
299,LINJ_03_0330,TOP2,5671.A4HRU5,5671.A4HWL4,0.075
300,LINJ_03_0330,LINJ_28_2450,5671.A4HRU5,5671.A4I3V9,0.075
303,LINJ_03_0330,DHFR-TS,5671.A4HRU5,5671.Q8MQV3,0.282
308,LINJ_03_0330,LINJ_36_4020,5671.A4HRU5,5671.A4ID13,0.047
309,LINJ_03_0330,LINJ_22_0920,5671.A4HRU5,5671.E9AGZ4,0.047
310,LINJ_03_0330,LINJ_33_2910,5671.A4HRU5,5671.A4I9B7,0.049
311,LINJ_03_0330,LINJ_26_2460,5671.A4HRU5,5671.A4I2H1,0.072
312,LINJ_03_0330,LINJ_29_1420,5671.A4HRU5,5671.E9AHI7,0.072
313,LINJ_03_0330,LMAIRK,5671.A4HRU5,5671.A4I3C6,0.072
314,LINJ_03_0330,LINJ_18_0470,5671.A4HRU5,5671.A4HXS2,0.056
315,LINJ_03_0330,LINJ_20_0020,5671.A4HRU5,5671.A4HYJ4,0.056
316,LINJ_03_0330,LINJ_17_0280,5671.A4HRU5,5671.A4HX90,0.056
317,LINJ_03_0330,LINJ_26_2540,5671.A4HRU5,5671.A4I2I8,0.071
318,LINJ_03_0330,LINJ_36_5580,5671.A4HRU5,5671.A4IC77,0.071
319,LINJ_03_0330,LINJ_17_0770,5671.A4HRU5,5671.A4HXE5,0.071
320,LINJ_03_0330,LINJ_32_1520,5671.A4HRU5,5671.A4I7W3,0.17
321,LINJ_03_0330,LINJ_26_0050,5671.A4HRU5,5671.A4I1U3,0.074
322,LINJ_03_0330,LINJ_24_2220,5671.A4HRU5,5671.A4I122,0.107
323,LINJ_03_0330,LINJ_24_0130,5671.A4HRU5,5671.E9AH25,0.071
324,LINJ_03_0330,CYC3,5671.A4HRU5,5671.A4I503,0.077
325,LINJ_03_0330,CYCA,5671.A4HRU5,5671.A4I1J3,0.077
326,LINJ_03_0330,CYC8,5671.A4HRU5,5671.A4I1W9,0.077
327,LINJ_03_0330,CYC6,5671.A4HRU5,5671.A4I8F7,0.077
328,LINJ_03_0330,LINJ_30_0420,5671.A4HRU5,5671.A4I569,0.056
329,LINJ_03_0330,LINJ_24_1790,5671.A4HRU5,5671.E9AH79,0.097
330,LINJ_03_0330,LINJ_29_2830,5671.A4HRU5,5671.A4I4Y0,0.181
331,LINJ_03_0760,LINJ_22_0480,5671.A4HRW6,5671.A4HZT8,0.205
333,LINJ_03_0790,PGKB,5671.A4HRW8,5671.E9AGU0,0.105
334,LINJ_03_0790,LINJ_30_3430,5671.A4HRW8,5671.A4I628,0.105
335,LINJ_03_0790,PGKC,5671.A4HRW8,5671.E9AGT9,0.105
336,LINJ_03_0790,LINJ_04_1170,5671.A4HRW8,5671.A4HSB4,0.201
337,LINJ_03_0870,LINJ_26_0050,5671.A4HRX5,5671.A4I1U3,0.08
338,LINJ_03_0870,LINJ_09_0270,5671.A4HRX5,5671.A4HTU3,0.105
339,LINJ_04_0010,LINJ_33_2210,5671.A4HRZ6,5671.A4I980,0.105
340,LINJ_04_0010,LINJ_07_1210,5671.A4HRZ6,5671.A4HTD0,0.106
341,LINJ_04_0010,LINJ_17_0660,5671.A4HRZ6,5671.A4HXD4,0.101
342,LINJ_04_0010,LINJ_07_0700,5671.A4HRZ6,5671.A4HTF0,0.101
343,LINJ_04_0010,LINJ_07_0510,5671.A4HRZ6,5671.A4HT82,0.101
344,LINJ_04_0010,LINJ_33_1060,5671.A4HRZ6,5671.A4I8W5,0.101
345,LINJ_04_0030,PDEA,5671.A4HRZ8,5671.A4HXY3,0.101
346,LINJ_04_0030,LINJ_17_1060,5671.A4HRZ8,5671.A4HXH3,0.101
347,LINJ_04_0030,LINJ_35_4010,5671.A4HRZ8,5671.A4IBT4,0.125
348,LINJ_04_0030,LINJ_35_4060,5671.A4HRZ8,5671.A4IBT9,0.125
349,LINJ_04_0030,PKAC1,5671.A4HRZ8,5671.A4HXY2,0.125
350,LINJ_04_0070,DHFR-TS,5671.A4HS02,5671.Q8MQV3,0.567
351,LINJ_04_0070,LINJ_28_2450,5671.A4HS02,5671.A4I3V9,0.249
352,LINJ_04_0070,TOP2,5671.A4HS02,5671.A4HWL4,0.43
353,LINJ_04_0070,LINJ_34_3220,5671.A4HS02,5671.Q9GPZ9,0.213
354,LINJ_04_0430,LINJ_13_1500,5671.A4HS39,5671.A4HVS3,0.058
355,LINJ_04_0680,LINJ_32_0690,5671.A4HS64,5671.A4I7L6,0.046
356,LINJ_04_0680,91E11,5671.A4HS64,5671.Q9GNZ8,0.106
357,LINJ_04_0680,LINJ_36_6370,5671.A4HS64,5671.A4IE23,0.046
358,LINJ_04_0680,LINJ_07_0790,5671.A4HS64,5671.A4HT95,0.046
359,LINJ_04_0680,LINJ_34_2160,5671.A4HS64,5671.A4IA04,0.046
360,LINJ_04_0680,LINJ_22_1260,5671.A4HS64,5671.A4I000,0.046
361,LINJ_04_0680,LINJ_13_0990,5671.A4HS64,5671.A4HVN7,0.048
362,LINJ_04_0680,LINJ_28_0110,5671.A4HS64,5671.A4I384,0.05
363,LINJ_04_0680,LINJ_22_0440,5671.A4HS64,5671.A4HZT4,0.051
364,LINJ_04_0680,LINJ_22_0490,5671.A4HS64,5671.A4HZT9,0.072
365,LINJ_04_0680,LINJ_03_0520,5671.A4HS64,5671.E9AG43,0.071
366,LINJ_04_0680,LINJ_21_2200,5671.A4HS64,5671.A4HZI9,0.05
367,LINJ_04_0680,LINJ_34_3300,5671.A4HS64,5671.A4IAB8,0.201
368,LINJ_04_0680,LINJ_20_1580,5671.A4HS64,5671.A4HZ08,0.201
369,LINJ_04_0680,LINJ_36_1730,5671.A4HS64,5671.A4IDD6,0.058
370,LINJ_04_0680,LINJ_35_3880,5671.A4HS64,5671.A4IBS2,0.068
373,LINJ_04_0680,LINJ.12.0190,5671.A4HS64,5671.E9AGB0,0.065
376,LINJ_04_0680,LINJ_32_1520,5671.A4HS64,5671.A4I7W3,0.179
377,LINJ_04_0680,LINJ_26_2460,5671.A4HS64,5671.A4I2H1,0.068
378,LINJ_04_0680,LINJ_29_1420,5671.A4HS64,5671.E9AHI7,0.068
379,LINJ_04_0680,LMAIRK,5671.A4HS64,5671.A4I3C6,0.068
380,LINJ_04_0680,LINJ_30_0970,5671.A4HS64,5671.A4I5C2,0.22
382,LINJ_04_0680,LINJ_25_1460,5671.A4HS64,5671.A4I1I6,0.072
383,LINJ_04_0680,LINJ_24_1790,5671.A4HS64,5671.E9AH79,0.078
384,LINJ_04_0680,RPT6,5671.A4HS64,5671.A4IE38,0.127
385,LINJ_04_0680,LINJ_06_0140,5671.A4HS64,5671.A4HSQ5,0.2
386,LINJ_04_0680,KATNAL2,5671.A4HS64,5671.A4HVM4,0.121
387,LINJ_04_0680,LINJ_24_1780,5671.A4HS64,5671.E9AH78,0.063
388,LINJ_04_0680,LINJ_36_0970,5671.A4HS64,5671.A4ICP3,0.059
389,LINJ_04_0680,LINJ_16_0070,5671.A4HS64,5671.A4HWQ5,0.261
390,LINJ_04_0680,LINJ_32_3240,5671.A4HS64,5671.A4I8C9,0.075
391,LINJ_04_0680,LINJ_29_2600,5671.A4HS64,5671.A4I4W3,0.075
392,LINJ_04_0680,LINJ_31_1880,5671.A4HS64,5671.A4I6V8,0.075
394,LINJ_04_0680,LINJ_22_0480,5671.A4HS64,5671.A4HZT8,0.105
395,LINJ_04_0680,LINJ_32_1010,5671.A4HS64,5671.A4I7R2,0.161
396,LINJ_04_0680,LINJ_36_4020,5671.A4HS64,5671.A4ID13,0.212
397,LINJ_04_0680,LINJ_22_0920,5671.A4HS64,5671.E9AGZ4,0.212
398,LINJ_04_0680,LINJ_29_0770,5671.A4HS64,5671.A4I4C7,0.213
399,LINJ_04_0680,LINJ_24_2220,5671.A4HS64,5671.A4I122,0.059
400,LINJ_04_0680,LINJ_32_0730,5671.A4HS64,5671.A4I7L2,0.174
401,LINJ_04_0680,LINJ_24_0130,5671.A4HS64,5671.E9AH25,0.216
402,LINJ_04_0680,LINJ_32_1150,5671.A4HS64,5671.A4I7S6,0.401
403,LINJ_04_0680,LINJ_34_3790,5671.A4HS64,5671.A4IAG7,0.401
404,LINJ_04_1120,LINJ_33_2210,5671.A4HSA9,5671.A4I980,0.105
405,LINJ_04_1170,KATNAL2,5671.A4HSB4,5671.A4HVM4,0.281
406,LINJ_04_1170,LinJ_35_5440,5671.A4HSB4,5671.A4IAQ0,0.278
407,LINJ_04_1170,LinJ_35_5450,5671.A4HSB4,5671.A4IAQ1,0.318
408,LINJ_04_1170,LINJ_36_4380,5671.A4HSB4,5671.A4IE56,0.219
409,LINJ_04_1170,ALDH2,5671.A4HSB4,5671.A4I1F4,0.439
410,LINJ_04_1170,LINJ_36_3570,5671.A4HSB4,5671.A4ID56,0.325
411,LINJ_04_1170,LINJ_23_0880,5671.A4HSB4,5671.A4I0C2,0.396
412,LINJ_04_1170,LINJ_23_0580,5671.A4HSB4,5671.A4I093,0.396
413,LINJ_04_1170,LINJ_26_0300,5671.A4HSB4,5671.A4I1W7,0.201
414,LINJ_04_1170,PGKB,5671.A4HSB4,5671.E9AGU0,0.57
415,LINJ_04_1170,PGKC,5671.A4HSB4,5671.E9AGT9,0.592
416,LINJ_04_1170,LINJ_30_3430,5671.A4HSB4,5671.A4I628,0.594
417,LINJ_04_1170,mMDH,5671.A4HSB4,5671.A4I9I5,0.533
418,LINJ_04_1170,LINJ_35_0030,5671.A4HSB4,5671.A4IAQ4,0.57
419,LINJ_04_1170,LINJ_34_0160,5671.A4HSB4,5671.A4I9I4,0.547
420,LINJ_04_1170,LINJ_34_0150,5671.A4HSB4,5671.A4I9I3,0.547
421,LINJ_04_1170,LINJ_10_0310,5671.A4HSB4,5671.A4HUD9,0.501
422,LINJ_04_1230,LINJ_19_0130,5671.A4HSC0,5671.E9AGR6,0.049
423,LINJ_04_1230,LINJ_26_0050,5671.A4HSC0,5671.A4I1U3,0.078
424,LINJ_04_1230,LINJ_09_0270,5671.A4HSC0,5671.A4HTU3,0.051
426,LINJ_04_1230,LINJ_10_0200,5671.A4HSC0,5671.A4HUC8,0.045
427,LINJ_04_1230,MPK12,5671.A4HSC0,5671.A4I564,0.045
428,LINJ_04_1230,CRK,5671.A4HSC0,5671.A4HWZ4,0.067
430,LINJ_04_1230,LINJ_31_2960,5671.A4HSC0,5671.A4I790,0.338
431,LINJ_04_1230,LINJ_34_0030,5671.A4HSC0,5671.A4I9H1,0.192
432,LINJ_04_1230,LINJ_26_2540,5671.A4HSC0,5671.A4I2I8,0.096
433,LINJ_04_1230,LINJ_27_2570,5671.A4HSC0,5671.E9AHC6,0.067
434,LINJ_04_1230,LINJ_17_0770,5671.A4HSC0,5671.A4HXE5,0.272
435,LINJ_04_1230,LINJ_22_0370,5671.A4HSC0,5671.A4HZS7,0.128
436,LINJ_04_1230,LINJ_35_4060,5671.A4HSC0,5671.A4IBT9,0.5
437,LINJ_04_1230,CRK1,5671.A4HSC0,5671.E9AGX6,0.433
438,LINJ_04_1230,LINJ_35_4010,5671.A4HSC0,5671.A4IBT4,0.5
439,LINJ_04_1230,GSK3,5671.A4HSC0,5671.A4HXQ3,0.478
441,LINJ_05_0100,MPK11,5671.A4HSD9,5671.A4I910,0.071
442,LINJ_05_0100,LINJ_24_0680,5671.A4HSD9,5671.A4I0Q5,0.071
443,LINJ_05_0100,LINJ_13_1380,5671.A4HSD9,5671.A4HVU2,0.071
444,LINJ_05_0100,LINJ_10_0200,5671.A4HSD9,5671.A4HUC8,0.071
445,LINJ_05_0100,LINJ_33_2190,5671.A4HSD9,5671.A4I945,0.071
446,LINJ_05_0100,LINJ_36_0780,5671.A4HSD9,5671.A4ICR2,0.071
447,LINJ_05_0100,MPK3,5671.A4HSD9,5671.A4HUG1,0.071
448,LINJ_05_0100,LINJ_13_0670,5671.A4HSD9,5671.A4HVK6,0.071
449,LINJ_05_0100,LMPK,5671.A4HSD9,5671.A4ICA4,0.071
450,LINJ_05_0100,LINJ_30_2930,5671.A4HSD9,5671.A4I5X0,0.071
451,LINJ_05_0100,MPK4,5671.A4HSD9,5671.A4HYH4,0.071
452,LINJ_05_0100,MPK12,5671.A4HSD9,5671.A4I564,0.071
453,LINJ_05_0100,LINJ_17_0770,5671.A4HSD9,5671.A4HXE5,0.102
454,LINJ_05_0100,LINJ_26_2540,5671.A4HSD9,5671.A4I2I8,0.102
455,LINJ_05_0100,LINJ_36_5580,5671.A4HSD9,5671.A4IC77,0.102
456,LINJ_05_0100,LINJ_32_0520,5671.A4HSD9,5671.A4I7N3,0.059
457,LINJ_05_0100,LINJ_32_1930,5671.A4HSD9,5671.A4I7Z9,0.059
458,LINJ_05_0100,LINJ_31_0890,5671.A4HSD9,5671.A4I6I0,0.059
459,LINJ_05_0100,LINJ_14_0820,5671.A4HSD9,5671.A4HW20,0.059
460,LINJ_05_0100,Rab11,5671.A4HSD9,5671.A4HUK3,0.059
463,LINJ_05_0100,LINJ_07_0610,5671.A4HSD9,5671.A4HT72,0.059
464,LINJ_05_0100,LINJ_32_2160,5671.A4HSD9,5671.A4I825,0.059
465,LINJ_05_0100,LINJ_09_0900,5671.A4HSD9,5671.A4HU06,0.059
466,LINJ_05_0100,LINJ_35_1720,5671.A4HSD9,5671.A4IB73,0.103
467,LINJ_05_0100,LINJ_35_2710,5671.A4HSD9,5671.A4IBD4,0.048
468,LINJ_05_0100,LINJ_25_0960,5671.A4HSD9,5671.A4I1D4,0.048
469,LINJ_05_0100,LINJ_35_2030,5671.A4HSD9,5671.A4IBA2,0.048
470,LINJ_05_0100,LINJ_28_0720,5671.A4HSD9,5671.A4I3E2,0.048
471,LINJ_05_0100,LINJ_34_3340,5671.A4HSD9,5671.A4IAC2,0.048
472,LINJ_05_0100,LINJ_30_3310,5671.A4HSD9,5671.A4I610,0.048
473,LINJ_05_0100,LINJ_18_1110,5671.A4HSD9,5671.A4HXY4,0.048
474,LINJ_05_0100,LINJ_05_0640,5671.A4HSD9,5671.A4HSI6,0.048
475,LINJ_05_0100,LINJ_29_1190,5671.A4HSD9,5671.A4I4G8,0.048
476,LINJ_05_0100,LINJ_11_0700,5671.A4HSD9,5671.A4HUX9,0.048
477,LINJ_05_0100,LINJ_03_0460,5671.A4HSD9,5671.E9AG37,0.048
478,LINJ_05_0100,DHFR-TS,5671.A4HSD9,5671.Q8MQV3,0.431
479,LINJ_05_0100,KATNAL2,5671.A4HSD9,5671.A4HVM4,0.057
480,LINJ_05_0100,LINJ_24_0130,5671.A4HSD9,5671.E9AH25,0.095
481,LINJ_05_0130,LINJ_22_0370,5671.A4HSE2,5671.A4HZS7,0.055
482,LINJ_05_0130,LINJ_09_0270,5671.A4HSE2,5671.A4HTU3,0.042
483,LINJ_05_0130,MPK3,5671.A4HSE2,5671.A4HUG1,0.046
488,LINJ_05_0130,LINJ_20_1370,5671.A4HSE2,5671.A4HYX6,0.046
489,LINJ_05_0130,LMPK,5671.A4HSE2,5671.A4ICA4,0.046
490,LINJ_05_0130,LINJ_34_0030,5671.A4HSE2,5671.A4I9H1,0.106
491,LINJ_05_0220,LINJ_30_2930,5671.A4HSF4,5671.A4I5X0,0.058
492,LINJ_05_0220,MPK4,5671.A4HSF4,5671.A4HYH4,0.058
493,LINJ_05_0220,LINJ_13_0670,5671.A4HSF4,5671.A4HVK6,0.058
494,LINJ_05_0220,LMPK,5671.A4HSF4,5671.A4ICA4,0.058
495,LINJ_05_0220,MPK3,5671.A4HSF4,5671.A4HUG1,0.058
496,LINJ_05_0220,MPK12,5671.A4HSF4,5671.A4I564,0.058
497,LINJ_05_0220,LINJ_24_0680,5671.A4HSF4,5671.A4I0Q5,0.058
498,LINJ_05_0220,MPK11,5671.A4HSF4,5671.A4I910,0.058
499,LINJ_05_0220,LINJ_33_2190,5671.A4HSF4,5671.A4I945,0.058
500,LINJ_05_0220,LINJ_36_0780,5671.A4HSF4,5671.A4ICR2,0.058
501,LINJ_05_0220,LINJ_10_0200,5671.A4HSF4,5671.A4HUC8,0.058
502,LINJ_05_0220,LINJ_13_1380,5671.A4HSF4,5671.A4HVU2,0.058
503,LINJ_05_0220,LINJ_34_0030,5671.A4HSF4,5671.A4I9H1,0.063
504,LINJ_05_0220,LINJ_08_0540,5671.A4HSF4,5671.A4HTK1,0.063
505,TRYR,LINJ_30_1070,5671.A4HSF7,5671.A4I5D2,0.4
506,TRYR,LINJ_34_0150,5671.A4HSF7,5671.A4I9I3,0.089
507,TRYR,mMDH,5671.A4HSF7,5671.A4I9I5,0.089
508,TRYR,LINJ_34_0160,5671.A4HSF7,5671.A4I9I4,0.089
509,TRYR,DHODH,5671.A4HSF7,5671.E9AGN2,0.421
510,TRYR,LINJ_26_0290,5671.A4HSF7,5671.E9AHB1,0.101
511,TRYR,LINJ.12.0830,5671.A4HSF7,5671.E9AGI7,0.101
512,TRYR,LINJ_29_2350,5671.A4HSF7,5671.A4I4T3,0.101
513,TRYR,ALDH2,5671.A4HSF7,5671.A4I1F4,0.316
514,TRYR,SIR2RP1,5671.A4HSF7,5671.Q8I6E4,0.451
515,TRYR,LINJ_36_4380,5671.A4HSF7,5671.A4IE56,0.22
516,TRYR,LINJ_26_0630,5671.A4HSF7,5671.A4I1Z8,0.182
517,TRYR,PDI-2,5671.A4HSF7,5671.A4ICD5,0.201
518,TRYR,PDI-1,5671.A4HSF7,5671.A4HSZ7,0.207
519,TRYR,LinJ_35_5450,5671.A4HSF7,5671.A4IAQ1,0.125
520,TRYR,LinJ_35_5440,5671.A4HSF7,5671.A4IAQ0,0.125
521,TRYR,LINJ_35_0030,5671.A4HSF7,5671.A4IAQ4,0.125
522,TRYR,PTR1,5671.A4HSF7,5671.A4I067,0.439
523,TRYR,LINJ_10_0310,5671.A4HSF7,5671.A4HUD9,0.255
524,TRYR,DHFR-TS,5671.A4HSF7,5671.Q8MQV3,0.449
525,LINJ_05_0390,MKK,5671.A4HSG1,5671.A4I4U6,0.058
526,LINJ_05_0390,LINJ_34_0030,5671.A4HSG1,5671.A4I9H1,0.05
527,LINJ_05_0390,LINJ_34_1840,5671.A4HSG1,5671.A4I9Y5,0.058
528,LINJ_05_0390,MKK5,5671.A4HSG1,5671.A4ICP8,0.058
529,LINJ_05_0390,LINJ_24_2410,5671.A4HSG1,5671.A4I140,0.058
530,LINJ_05_0550,LINJ_17_0070,5671.A4HSH7,5671.A4HX71,0.06
531,LINJ_05_0550,LINJ_21_0210,5671.A4HSH7,5671.A4HZA2,0.044
532,LINJ_05_0550,TOP2,5671.A4HSH7,5671.A4HWL4,0.075
533,LINJ_05_0550,LINJ_28_2450,5671.A4HSH7,5671.A4I3V9,0.075
536,LINJ_05_0550,DHFR-TS,5671.A4HSH7,5671.Q8MQV3,0.282
541,LINJ_05_0550,LINJ_36_4020,5671.A4HSH7,5671.A4ID13,0.047
542,LINJ_05_0550,LINJ_22_0920,5671.A4HSH7,5671.E9AGZ4,0.047
543,LINJ_05_0550,MKK5,5671.A4HSH7,5671.A4ICP8,0.059
544,LINJ_05_0550,LINJ_33_2910,5671.A4HSH7,5671.A4I9B7,0.049
545,LINJ_05_0550,MKK,5671.A4HSH7,5671.A4I4U6,0.059
546,LINJ_05_0550,LINJ_34_1840,5671.A4HSH7,5671.A4I9Y5,0.059
547,LINJ_05_0550,LINJ_24_2410,5671.A4HSH7,5671.A4I140,0.059
548,LINJ_05_0550,LINJ_26_2460,5671.A4HSH7,5671.A4I2H1,0.072
550,LINJ_05_0550,LINJ_18_0470,5671.A4HSH7,5671.A4HXS2,0.056
551,LINJ_05_0550,LINJ_20_0020,5671.A4HSH7,5671.A4HYJ4,0.056
552,LINJ_05_0550,LINJ_17_0280,5671.A4HSH7,5671.A4HX90,0.056
553,LINJ_05_0550,LINJ_36_5580,5671.A4HSH7,5671.A4IC77,0.071
554,LINJ_05_0550,LINJ_34_0030,5671.A4HSH7,5671.A4I9H1,0.072
555,LINJ_05_0550,LMAIRK,5671.A4HSH7,5671.A4I3C6,0.072
556,LINJ_05_0550,LINJ_32_1520,5671.A4HSH7,5671.A4I7W3,0.17
557,LINJ_05_0550,LINJ_29_1420,5671.A4HSH7,5671.E9AHI7,0.072
558,LINJ_05_0550,LINJ_17_0770,5671.A4HSH7,5671.A4HXE5,0.071
559,LINJ_05_0550,LINJ_24_2220,5671.A4HSH7,5671.A4I122,0.107
560,LINJ_05_0550,LINJ_26_2540,5671.A4HSH7,5671.A4I2I8,0.071
561,LINJ_05_0550,LINJ_24_0130,5671.A4HSH7,5671.E9AH25,0.071
562,LINJ_05_0550,LINJ_26_0050,5671.A4HSH7,5671.A4I1U3,0.074
563,LINJ_05_0550,CYC3,5671.A4HSH7,5671.A4I503,0.077
564,LINJ_05_0550,CYC8,5671.A4HSH7,5671.A4I1W9,0.077
565,LINJ_05_0550,LINJ_30_0420,5671.A4HSH7,5671.A4I569,0.056
566,LINJ_05_0550,LINJ_24_1790,5671.A4HSH7,5671.E9AH79,0.097
567,LINJ_05_0550,CYC6,5671.A4HSH7,5671.A4I8F7,0.318
568,LINJ_05_0550,LINJ_29_2830,5671.A4HSH7,5671.A4I4Y0,0.181
569,LINJ_05_0550,CYCA,5671.A4HSH7,5671.A4I1J3,0.59
570,LINJ_05_0640,KATNAL2,5671.A4HSI6,5671.A4HVM4,0.059
571,LINJ_05_0640,LINJ_26_2100,5671.A4HSI6,5671.A4I2D8,0.048
572,LINJ_05_0640,LINJ_24_0260,5671.A4HSI6,5671.E9AH38,0.048
573,LINJ_05_0640,LINJ_09_0520,5671.A4HSI6,5671.A4HTW1,0.048
574,LINJ_05_0640,LINJ_13_1630,5671.A4HSI6,5671.A4HVT6,0.048
575,LINJ_05_0640,LINJ_08_0540,5671.A4HSI6,5671.A4HTK1,0.075
576,LINJ_05_0640,LINJ_34_0030,5671.A4HSI6,5671.A4I9H1,0.075
579,LINJ_06_0030,LINJ_24_0130,5671.A4HSP6,5671.E9AH25,0.053
580,LINJ_06_0030,LINJ_32_0050,5671.A4HSP6,5671.A4I7G8,0.048
583,LINJ_06_0140,LINJ_34_3300,5671.A4HSQ5,5671.A4IAB8,0.217
584,LINJ_06_0140,LINJ_20_1580,5671.A4HSQ5,5671.A4HZ08,0.217
585,LINJ_06_0140,LINJ_35_1310,5671.A4HSQ5,5671.A4IB24,0.2
586,LINJ_06_0140,LINJ_07_1000,5671.A4HSQ5,5671.A4HTB1,0.2
587,LINJ_06_0140,LINJ_09_1280,5671.A4HSQ5,5671.A4HU44,0.049
588,LINJ_06_0140,LINJ_30_2520,5671.A4HSQ5,5671.A4I5S8,0.049
589,LINJ_06_0140,LINJ_24_0170,5671.A4HSQ5,5671.E9AH29,0.049
590,LINJ_06_0140,LINJ_36_1420,5671.A4HSQ5,5671.A4ICJ9,0.049
591,LINJ_06_0140,LINJ_28_1580,5671.A4HSQ5,5671.A4I3M5,0.049
592,LINJ_06_0140,LINJ_27_0370,5671.A4HSQ5,5671.A4I2M3,0.049
593,LINJ_06_0140,LINJ_24_2220,5671.A4HSQ5,5671.A4I122,0.05
594,LINJ_06_0140,DHFR-TS,5671.A4HSQ5,5671.Q8MQV3,0.504
595,LINJ_06_0140,LINJ_29_0770,5671.A4HSQ5,5671.A4I4C7,0.56
596,LINJ_06_0140,LINJ_33_2910,5671.A4HSQ5,5671.A4I9B7,0.077
597,LINJ_06_0140,LINJ_16_0070,5671.A4HSQ5,5671.A4HWQ5,0.501
598,LINJ_06_0140,KATNAL2,5671.A4HSQ5,5671.A4HVM4,0.186
599,LINJ_06_0140,LINJ_22_0440,5671.A4HSQ5,5671.A4HZT4,0.448
600,LINJ_06_0140,LINJ_22_0490,5671.A4HSQ5,5671.A4HZT9,0.455
601,LINJ_06_0140,LINJ_36_1730,5671.A4HSQ5,5671.A4IDD6,0.515
602,LINJ_06_0140,91E11,5671.A4HSQ5,5671.Q9GNZ8,0.549
603,LINJ_06_0140,LINJ.12.0003,5671.A4HSQ5,5671.A4HV47,0.473
604,LINJ_06_0140,LINJ_21_2200,5671.A4HSQ5,5671.A4HZI9,0.56
605,LINJ_06_0140,RPT6,5671.A4HSQ5,5671.A4IE38,0.435
606,LINJ_06_0140,LINJ_28_0110,5671.A4HSQ5,5671.A4I384,0.437
607,LINJ_06_0140,LINJ_35_3880,5671.A4HSQ5,5671.A4IBS2,0.503
608,LINJ_06_0140,LINJ_13_0990,5671.A4HSQ5,5671.A4HVN7,0.444
609,LINJ_06_0140,LINJ_03_0520,5671.A4HSQ5,5671.E9AG43,0.437
610,LINJ_06_0140,LINJ.12.0190,5671.A4HSQ5,5671.E9AGB0,0.441
611,PDI-1,PDI-2,5671.A4HSZ7,5671.A4ICD5,0.107
612,PDI-1,LACK1,5671.A4HSZ7,5671.P62884,0.318
613,PDI-1,GCVL-2,5671.A4HSZ7,5671.A4I8F6,0.067
614,PDI-1,LINJ_31_2720,5671.A4HSZ7,5671.E9AHL8,0.067
615,PDI-1,GCVL-1,5671.A4HSZ7,5671.A4I4P1,0.067
616,PDI-1,LINJ_31_2710,5671.A4HSZ7,5671.A4I769,0.067
617,PDI-1,LINJ_29_0860,5671.A4HSZ7,5671.A4I4D6,0.098
618,PDI-1,LPG3,5671.A4HSZ7,5671.A4I4C9,0.09
619,PDI-1,LINJ_36_5410,5671.A4HSZ7,5671.A4IDU0,0.481
620,PDI-1,LINJ_08_0540,5671.A4HSZ7,5671.A4HTK1,0.217
621,PDI-1,LINJ_34_0030,5671.A4HSZ7,5671.A4I9H1,0.217
622,LINJ_07_0320,LINJ_20_0970,5671.A4HT34,5671.A4HYT8,0.051
623,LINJ_07_0320,LINJ_34_0030,5671.A4HT34,5671.A4I9H1,0.044
624,LINJ_07_0330,LINJ_20_0970,5671.A4HT35,5671.A4HYT8,0.051
625,LINJ_07_0410,LINJ_34_0030,5671.A4HT43,5671.A4I9H1,0.243
626,LINJ_07_0410,LINJ_08_0540,5671.A4HT43,5671.A4HTK1,0.243
628,LINJ_07_0440,LINJ_32_1150,5671.A4HT46,5671.A4I7S6,0.204
629,LINJ_07_0440,LINJ_34_3790,5671.A4HT46,5671.A4IAG7,0.204
630,LINJ_07_0610,LINJ_34_4140,5671.A4HT72,5671.A4IAK2,0.071
633,LINJ_07_0610,LINJ_26_2100,5671.A4HT72,5671.A4I2D8,0.059
634,LINJ_07_0610,LINJ_24_0260,5671.A4HT72,5671.E9AH38,0.059
635,LINJ_07_0610,LINJ_13_1630,5671.A4HT72,5671.A4HVT6,0.059
636,LINJ_07_0610,LINJ_09_0520,5671.A4HT72,5671.A4HTW1,0.059
637,LINJ_07_0610,LINJ_20_1370,5671.A4HT72,5671.A4HYX6,0.072
638,LINJ_07_0610,LINJ_08_1250,5671.A4HT72,5671.E9AG93,0.072
641,LINJ_07_0610,RAB7,5671.A4HT72,5671.E9AGQ4,0.058
642,LINJ_07_0610,LINJ_34_3370,5671.A4HT72,5671.A4IAC5,0.073
643,LINJ_07_0610,LINJ_10_1250,5671.A4HT72,5671.A4HUM8,0.104
644,LINJ_07_0610,LINJ_21_0870,5671.A4HT72,5671.A4HZ80,0.071
645,LINJ_07_0610,LINJ_24_0130,5671.A4HT72,5671.E9AH25,0.062
646,LINJ_07_0610,LINJ_30_1710,5671.A4HT72,5671.A4I5J8,0.104
647,LINJ_07_0610,LINJ_13_0220,5671.A4HT72,5671.A4HVF7,0.079
648,LINJ_07_0610,LINJ_18_1140,5671.A4HT72,5671.A4HXY7,0.079
649,LINJ_07_0610,LINJ_08_0540,5671.A4HT72,5671.A4HTK1,0.126
650,LINJ_07_0610,LINJ_34_0030,5671.A4HT72,5671.A4I9H1,0.126
652,LINJ_07_0610,KATNAL2,5671.A4HT72,5671.A4HVM4,0.072
653,LINJ_07_0510,LINJ_33_2210,5671.A4HT82,5671.A4I980,0.105
654,LINJ_07_0510,LINJ_35_2080,5671.A4HT82,5671.A4IBA6,0.101
655,LINJ_07_0790,LINJ_24_0220,5671.A4HT95,5671.E9AH34,0.05
656,LINJ_07_0790,LINJ_36_0960,5671.A4HT95,5671.A4ICP4,0.05
657,LINJ_07_0790,LINJ_29_2140,5671.A4HT95,5671.A4I4Q9,0.05
658,LINJ_07_0790,LINJ_35_0480,5671.A4HT95,5671.A4IAU7,0.05
659,LINJ_07_0790,LINJ_22_0630,5671.A4HT95,5671.A4HZV1,0.05
660,LINJ_07_0790,LINJ_18_0650,5671.A4HT95,5671.A4HXU0,0.05
661,LINJ_07_0790,LINJ_22_0990,5671.A4HT95,5671.A4HZY8,0.05
662,LINJ_07_0790,LINJ_07_1030,5671.A4HT95,5671.A4HTB4,0.05
663,LINJ_07_0790,LINJ_35_4110,5671.A4HT95,5671.A4IBU4,0.05
664,LINJ_07_0790,LINJ_33_1810,5671.A4HT95,5671.A4I967,0.05
665,LINJ_07_0790,LINJ_07_1000,5671.A4HT95,5671.A4HTB1,0.046
666,LINJ_07_0790,LINJ_35_1310,5671.A4HT95,5671.A4IB24,0.046
667,LINJ_07_0790,LINJ_17_0770,5671.A4HT95,5671.A4HXE5,0.199
668,LINJ_07_0790,LINJ_24_0130,5671.A4HT95,5671.E9AH25,0.057
669,LINJ_07_0790,LINJ_26_0050,5671.A4HT95,5671.A4I1U3,0.046
670,LINJ_07_1000,LINJ_36_6370,5671.A4HTB1,5671.A4IE23,0.046
671,LINJ_07_1000,LINJ_32_0690,5671.A4HTB1,5671.A4I7L6,0.046
672,LINJ_07_1000,91E11,5671.A4HTB1,5671.Q9GNZ8,0.106
673,LINJ_07_1000,LINJ_22_1260,5671.A4HTB1,5671.A4I000,0.046
674,LINJ_07_1000,LINJ_34_2160,5671.A4HTB1,5671.A4IA04,0.046
675,LINJ_07_1000,LINJ_13_0990,5671.A4HTB1,5671.A4HVN7,0.048
676,LINJ_07_1000,LINJ_28_0110,5671.A4HTB1,5671.A4I384,0.05
677,LINJ_07_1000,LINJ_22_0440,5671.A4HTB1,5671.A4HZT4,0.051
678,LINJ_07_1000,LINJ_22_0490,5671.A4HTB1,5671.A4HZT9,0.072
679,LINJ_07_1000,LINJ_03_0520,5671.A4HTB1,5671.E9AG43,0.071
680,LINJ_07_1000,LINJ_21_2200,5671.A4HTB1,5671.A4HZI9,0.05
681,LINJ_07_1000,LINJ_20_1580,5671.A4HTB1,5671.A4HZ08,0.201
682,LINJ_07_1000,LINJ_34_3300,5671.A4HTB1,5671.A4IAB8,0.201
683,LINJ_07_1000,LINJ_36_1730,5671.A4HTB1,5671.A4IDD6,0.058
684,LINJ_07_1000,LINJ_35_3880,5671.A4HTB1,5671.A4IBS2,0.068
689,LINJ_07_1000,LINJ.12.0190,5671.A4HTB1,5671.E9AGB0,0.065
690,LINJ_07_1000,LINJ_32_1520,5671.A4HTB1,5671.A4I7W3,0.179
691,LINJ_07_1000,LINJ_29_1420,5671.A4HTB1,5671.E9AHI7,0.068
692,LINJ_07_1000,LINJ_26_2460,5671.A4HTB1,5671.A4I2H1,0.068
693,LINJ_07_1000,LMAIRK,5671.A4HTB1,5671.A4I3C6,0.068
694,LINJ_07_1000,LINJ_30_0970,5671.A4HTB1,5671.A4I5C2,0.22
696,LINJ_07_1000,LINJ_25_1460,5671.A4HTB1,5671.A4I1I6,0.072
697,LINJ_07_1000,LINJ_24_1790,5671.A4HTB1,5671.E9AH79,0.078
698,LINJ_07_1000,RPT6,5671.A4HTB1,5671.A4IE38,0.127
699,LINJ_07_1000,LINJ_24_1780,5671.A4HTB1,5671.E9AH78,0.063
700,LINJ_07_1000,KATNAL2,5671.A4HTB1,5671.A4HVM4,0.121
701,LINJ_07_1000,LINJ_36_0970,5671.A4HTB1,5671.A4ICP3,0.059
702,LINJ_07_1000,LINJ_16_0070,5671.A4HTB1,5671.A4HWQ5,0.261
703,LINJ_07_1000,LINJ_32_3240,5671.A4HTB1,5671.A4I8C9,0.075
704,LINJ_07_1000,LINJ_31_1880,5671.A4HTB1,5671.A4I6V8,0.075
705,LINJ_07_1000,LINJ_29_2600,5671.A4HTB1,5671.A4I4W3,0.075
707,LINJ_07_1000,LINJ_32_1010,5671.A4HTB1,5671.A4I7R2,0.161
708,LINJ_07_1000,LINJ_22_0480,5671.A4HTB1,5671.A4HZT8,0.105
709,LINJ_07_1000,LINJ_36_4020,5671.A4HTB1,5671.A4ID13,0.212
710,LINJ_07_1000,LINJ_22_0920,5671.A4HTB1,5671.E9AGZ4,0.212
711,LINJ_07_1000,LINJ_29_0770,5671.A4HTB1,5671.A4I4C7,0.213
712,LINJ_07_1000,LINJ_24_2220,5671.A4HTB1,5671.A4I122,0.059
713,LINJ_07_1000,LINJ_32_0730,5671.A4HTB1,5671.A4I7L2,0.174
714,LINJ_07_1000,LINJ_24_0130,5671.A4HTB1,5671.E9AH25,0.216
715,LINJ_07_1000,LINJ_32_1150,5671.A4HTB1,5671.A4I7S6,0.401
716,LINJ_07_1000,LINJ_34_3790,5671.A4HTB1,5671.A4IAG7,0.401
717,LINJ_07_1030,LINJ_32_0690,5671.A4HTB4,5671.A4I7L6,0.05
718,LINJ_07_1030,LINJ_36_6370,5671.A4HTB4,5671.A4IE23,0.05
719,LINJ_07_1030,LINJ_22_1260,5671.A4HTB4,5671.A4I000,0.05
720,LINJ_07_1030,LINJ_34_2160,5671.A4HTB4,5671.A4IA04,0.05
721,LINJ_07_1030,LINJ_34_0030,5671.A4HTB4,5671.A4I9H1,0.187
722,LINJ_07_1030,LINJ_21_1990,5671.A4HTB4,5671.A4HZG8,0.1
723,LINJ_07_1030,LINJ_28_1800,5671.A4HTB4,5671.A4I3P6,0.049
724,LINJ_07_1030,LINJ_22_0370,5671.A4HTB4,5671.A4HZS7,0.071
725,LINJ_07_1030,LINJ_21_0910,5671.A4HTB4,5671.A4HZ84,0.077
726,LINJ_07_1030,LINJ_25_2450,5671.A4HTB4,5671.A4I1T4,0.049
729,LINJ_07_1210,LINJ_13_1590,5671.A4HTD0,5671.A4HVT2,0.097
730,LINJ_07_1210,LINJ_33_2210,5671.A4HTD0,5671.A4I980,0.105
731,LINJ_07_1210,LINJ_35_2080,5671.A4HTD0,5671.A4IBA6,0.106
732,LINJ_07_0700,LINJ_33_2210,5671.A4HTF0,5671.A4I980,0.105
734,LINJ_07_0700,LINJ_35_2080,5671.A4HTF0,5671.A4IBA6,0.101
735,LINJ_08_0100,LINJ_08_0540,5671.A4HTG0,5671.A4HTK1,0.067
736,LINJ_08_0100,LINJ_34_0030,5671.A4HTG0,5671.A4I9H1,0.067
737,LINJ_08_0540,LINJ_28_0110,5671.A4HTK1,5671.A4I384,0.05
738,LINJ_08_0540,LINJ_17_0280,5671.A4HTK1,5671.A4HX90,0.057
739,LINJ_08_0540,LINJ_30_0420,5671.A4HTK1,5671.A4I569,0.057
740,LINJ_08_0540,LINJ_18_0470,5671.A4HTK1,5671.A4HXS2,0.057
741,LINJ_08_0540,LINJ.12.0190,5671.A4HTK1,5671.E9AGB0,0.071
742,LINJ_08_0540,LINJ_20_0020,5671.A4HTK1,5671.A4HYJ4,0.071
743,LINJ_08_0540,LINJ_14_0020,5671.A4HTK1,5671.A4HVU4,0.318
744,LINJ_08_0540,LINJ_22_0920,5671.A4HTK1,5671.E9AGZ4,0.085
745,LINJ_08_0540,LINJ_36_4020,5671.A4HTK1,5671.A4ID13,0.085
746,LINJ_08_0540,LINJ_21_2200,5671.A4HTK1,5671.A4HZI9,0.05
747,LINJ_08_0540,LINJ.12.0610,5671.A4HTK1,5671.E9AGF3,0.42
748,LINJ_08_0540,LINJ_18_0150,5671.A4HTK1,5671.A4HXP1,0.42
749,LINJ_08_0540,LINJ_29_2830,5671.A4HTK1,5671.A4I4Y0,0.22
750,LINJ_08_0540,LINJ_24_1790,5671.A4HTK1,5671.E9AH79,0.091
751,LINJ_08_0540,LINJ_06_1220,5671.A4HTK1,5671.E9AG71,0.243
752,LINJ_08_0540,LINJ_28_0170,5671.A4HTK1,5671.A4I390,0.063
753,LINJ_08_0540,LINJ_27_1740,5671.A4HTK1,5671.A4I2Z0,0.067
754,LINJ_08_0540,LINJ_34_1950,5671.A4HTK1,5671.A4I9Z1,0.067
755,LINJ_08_0540,LINJ_28_0850,5671.A4HTK1,5671.A4I3F4,0.067
756,LINJ_08_0540,LINJ_27_2130,5671.A4HTK1,5671.A4I317,0.067
757,LINJ_08_0540,LINJ_21_0760,5671.A4HTK1,5671.A4HZ69,0.067
758,LINJ_08_0540,LINJ_08_0670,5671.A4HTK1,5671.A4HTL4,0.202
759,LINJ_08_0540,LINJ_31_1870,5671.A4HTK1,5671.A4I6V7,0.202
760,LINJ_08_0540,LINJ_10_0880,5671.A4HTK1,5671.A4HUJ5,0.202
761,LINJ_08_0540,LINJ_34_0990,5671.A4HTK1,5671.A4I9Q1,0.202
762,LINJ_08_0540,LINJ_11_0700,5671.A4HTK1,5671.A4HUX9,0.075
763,LINJ_08_0540,LINJ_28_1800,5671.A4HTK1,5671.A4I3P6,0.21
764,LINJ_08_0540,LINJ_25_2450,5671.A4HTK1,5671.A4I1T4,0.21
765,LINJ_08_0540,LINJ_18_1110,5671.A4HTK1,5671.A4HXY4,0.075
766,LINJ_08_0540,LINJ_16_1180,5671.A4HTK1,5671.A4HX11,0.261
767,LINJ_08_0540,LINJ_30_0850,5671.A4HTK1,5671.A4I5B1,0.431
768,LINJ_08_0540,LINJ_35_1720,5671.A4HTK1,5671.A4IB73,0.07
769,LINJ_08_0540,LINJ_22_0370,5671.A4HTK1,5671.A4HZS7,0.262
770,LINJ_08_0540,GSK3,5671.A4HTK1,5671.A4HXQ3,0.262
771,LINJ_08_0540,LINJ_03_0770,5671.A4HTK1,5671.E9AG57,0.317
772,LINJ_08_0540,PKAC1,5671.A4HTK1,5671.A4HXY2,0.503
773,LINJ_08_0540,LINJ_35_4060,5671.A4HTK1,5671.A4IBT9,0.503
774,LINJ_08_0540,LINJ_35_4010,5671.A4HTK1,5671.A4IBT4,0.503
775,LINJ_08_0540,LINJ_30_1460,5671.A4HTK1,5671.A4I5H1,0.444
776,LINJ_08_0540,LINJ_21_1470,5671.A4HTK1,5671.A4HZC0,0.444
777,LINJ_08_0540,LINJ_29_2410,5671.A4HTK1,5671.A4I4U4,0.054
778,LINJ_08_0540,LINJ_16_0730,5671.A4HTK1,5671.A4HWX0,0.05
779,LINJ_08_0540,LINJ_35_1730,5671.A4HTK1,5671.A4IB74,0.05
780,LINJ_08_0540,LINJ_36_5320,5671.A4HTK1,5671.A4IDT1,0.072
781,LINJ_08_0540,LINJ_03_0460,5671.A4HTK1,5671.E9AG37,0.214
782,LINJ_08_0540,LINJ_25_0960,5671.A4HTK1,5671.A4I1D4,0.214
783,LINJ_08_0540,LINJ_28_0720,5671.A4HTK1,5671.A4I3E2,0.214
784,LINJ_08_0540,PDI-2,5671.A4HTK1,5671.A4ICD5,0.059
785,LINJ_08_0540,LINJ_31_3260,5671.A4HTK1,5671.A4I7C0,0.58
786,LINJ_08_0540,LINJ_30_1710,5671.A4HTK1,5671.A4I5J8,0.561
787,LINJ_08_0540,LINJ_10_1250,5671.A4HTK1,5671.A4HUM8,0.561
788,LINJ_08_0540,LINJ_24_0130,5671.A4HTK1,5671.E9AH25,0.249
789,LINJ_08_0540,LINJ_34_1900,5671.A4HTK1,5671.A4IAM7,0.261
790,LINJ_08_0540,LINJ_29_0860,5671.A4HTK1,5671.A4I4D6,0.071
791,LINJ_08_0540,LINJ_36_0970,5671.A4HTK1,5671.A4ICP3,0.473
792,LINJ_08_0540,LINJ_32_0520,5671.A4HTK1,5671.A4I7N3,0.126
793,LINJ_08_0540,CRK1,5671.A4HTK1,5671.E9AGX6,0.59
794,LINJ_08_0540,LINJ_32_2160,5671.A4HTK1,5671.A4I825,0.158
795,LINJ_08_0540,LINJ_09_0900,5671.A4HTK1,5671.A4HU06,0.158
796,LINJ_08_0540,LINJ_35_2030,5671.A4HTK1,5671.A4IBA2,0.075
797,LINJ_08_0540,LINJ_34_3340,5671.A4HTK1,5671.A4IAC2,0.075
798,LINJ_08_0540,LINJ_35_2710,5671.A4HTK1,5671.A4IBD4,0.075
799,LINJ_08_0540,LINJ_29_1190,5671.A4HTK1,5671.A4I4G8,0.075
800,LINJ_08_0540,LINJ_30_3310,5671.A4HTK1,5671.A4I610,0.075
801,LINJ_08_0540,LINJ_31_1880,5671.A4HTK1,5671.A4I6V8,0.556
802,LINJ_08_0540,LINJ_29_2600,5671.A4HTK1,5671.A4I4W3,0.556
803,LINJ_08_0540,LINJ_32_3240,5671.A4HTK1,5671.A4I8C9,0.556
804,LINJ_08_0540,CYC6,5671.A4HTK1,5671.A4I8F7,0.562
805,LINJ_08_0540,CYCA,5671.A4HTK1,5671.A4I1J3,0.562
806,LINJ_08_0540,CYC8,5671.A4HTK1,5671.A4I1W9,0.562
807,LINJ_08_0540,CYC3,5671.A4HTK1,5671.A4I503,0.562
808,LINJ_08_0540,LINJ_31_0890,5671.A4HTK1,5671.A4I6I0,0.217
809,LINJ_08_0540,LINJ_14_0820,5671.A4HTK1,5671.A4HW20,0.217
810,LINJ_08_0540,LINJ_32_1930,5671.A4HTK1,5671.A4I7Z9,0.217
811,LINJ_08_0540,Rab11,5671.A4HTK1,5671.A4HUK3,0.217
812,LINJ_08_0540,LINJ_34_1530,5671.A4HTK1,5671.A4I9V5,0.078
813,LINJ_08_0540,LINJ_15_0810,5671.A4HTK1,5671.A4HWH3,0.265
814,LINJ_08_0540,LINJ_26_0630,5671.A4HTK1,5671.A4I1Z8,0.217
815,LINJ_08_0540,LINJ_18_1140,5671.A4HTK1,5671.A4HXY7,0.563
816,LINJ_08_0540,LINJ_13_0220,5671.A4HTK1,5671.A4HVF7,0.563
817,LINJ_08_0540,LINJ_34_0030,5671.A4HTK1,5671.A4I9H1,0.615
818,LINJ_08_0670,LINJ_24_0130,5671.A4HTL4,5671.E9AH25,0.063
820,LINJ_08_0670,LINJ_36_2310,5671.A4HTL4,5671.A4IDJ2,0.059
821,LINJ_08_0670,LINJ_36_5610,5671.A4HTL4,5671.A4IDV1,0.059
822,LINJ_08_0670,LINJ_34_0030,5671.A4HTL4,5671.A4I9H1,0.202
823,LINJ_08_0670,KATNAL2,5671.A4HTL4,5671.A4HVM4,0.071
824,LINJ_08_0670,LINJ_20_1370,5671.A4HTL4,5671.A4HYX6,0.059
825,LINJ_08_0670,LINJ_08_1250,5671.A4HTL4,5671.E9AG93,0.059
826,LINJ_08_0670,LINJ_33_2520,5671.A4HTL4,5671.E9AHQ7,0.058
827,LINJ_08_0670,HSP83,5671.A4HTL4,5671.E9AHM8,0.058
828,LINJ_08_0670,HSP83-2,5671.A4HTL4,5671.E9AHM9,0.058
829,LINJ_08_0950,LINJ_24_1510,5671.A4HTP0,5671.A4I5H8,0.455
830,LINJ_08_0950,LINJ_29_0860,5671.A4HTP0,5671.A4I4D6,0.383
832,LINJ_08_0950,MPK3,5671.A4HTP0,5671.A4HUG1,0.056
833,LINJ_08_0950,MPK4,5671.A4HTP0,5671.A4HYH4,0.056
834,LINJ_08_0950,LINJ_30_2930,5671.A4HTP0,5671.A4I5X0,0.056
835,LINJ_08_0950,MPK12,5671.A4HTP0,5671.A4I564,0.056
836,LINJ_08_0950,MPK11,5671.A4HTP0,5671.A4I910,0.056
837,LINJ_08_1000,LINJ_23_1450,5671.A4HTP2,5671.A4I0H7,0.252
838,LINJ_08_1000,LINJ_28_2440,5671.A4HTP2,5671.A4I3V8,0.106
839,LINJ_08_1000,LINJ_13_0170,5671.A4HTP2,5671.A4HVF3,0.106
840,LINJ_08_1000,LINJ_36_7340,5671.A4HTP2,5671.A4ICE0,0.106
841,LINJ_08_1000,LINJ_14_0140,5671.A4HTP2,5671.A4HVV6,0.106
842,LINJ_08_1000,SIR2RP1,5671.A4HTP2,5671.Q8I6E4,0.261
843,LINJ_08_1000,LINJ_27_0370,5671.A4HTP2,5671.A4I2M3,0.058
844,LINJ_08_1000,LINJ_28_1580,5671.A4HTP2,5671.A4I3M5,0.058
845,LINJ_08_1000,LINJ_36_1420,5671.A4HTP2,5671.A4ICJ9,0.058
846,LINJ_08_1000,LINJ_09_1280,5671.A4HTP2,5671.A4HU44,0.058
847,LINJ_08_1000,LINJ_24_0170,5671.A4HTP2,5671.E9AH29,0.058
848,LINJ_08_1000,LINJ_30_2520,5671.A4HTP2,5671.A4I5S8,0.058
849,LINJ_08_1000,LINJ_34_1900,5671.A4HTP2,5671.A4IAM7,0.273
850,LINJ_08_1000,LINJ_24_0130,5671.A4HTP2,5671.E9AH25,0.086
851,LINJ_08_1000,LINJ_33_2520,5671.A4HTP2,5671.E9AHQ7,0.099
852,LINJ_08_1000,HSP83,5671.A4HTP2,5671.E9AHM8,0.099
853,LINJ_08_1000,HSP83-2,5671.A4HTP2,5671.E9AHM9,0.099
854,LINJ_08_1000,LPG3,5671.A4HTP2,5671.A4I4C9,0.2
855,LINJ_08_1000,LINJ_21_0740,5671.A4HTP2,5671.A4HZ67,0.218
856,LINJ_08_1000,LINJ_24_1410,5671.A4HTP2,5671.A4I0X6,0.218
857,LINJ_08_1300,LINJ_23_1450,5671.A4HTR2,5671.A4I0H7,0.252
858,LINJ_08_1300,LINJ_36_7340,5671.A4HTR2,5671.A4ICE0,0.106
859,LINJ_08_1300,LINJ_14_0140,5671.A4HTR2,5671.A4HVV6,0.106
860,LINJ_08_1300,LINJ_28_2440,5671.A4HTR2,5671.A4I3V8,0.106
861,LINJ_08_1300,LINJ_13_0170,5671.A4HTR2,5671.A4HVF3,0.106
862,LINJ_08_1300,SIR2RP1,5671.A4HTR2,5671.Q8I6E4,0.261
863,LINJ_08_1300,LINJ_28_1580,5671.A4HTR2,5671.A4I3M5,0.058
864,LINJ_08_1300,LINJ_36_1420,5671.A4HTR2,5671.A4ICJ9,0.058
865,LINJ_08_1300,LINJ_30_2520,5671.A4HTR2,5671.A4I5S8,0.058
866,LINJ_08_1300,LINJ_24_0170,5671.A4HTR2,5671.E9AH29,0.058
867,LINJ_08_1300,LINJ_09_1280,5671.A4HTR2,5671.A4HU44,0.058
868,LINJ_08_1300,LINJ_27_0370,5671.A4HTR2,5671.A4I2M3,0.058
869,LINJ_08_1300,LINJ_34_1900,5671.A4HTR2,5671.A4IAM7,0.273
870,LINJ_08_1300,LINJ_24_0130,5671.A4HTR2,5671.E9AH25,0.086
871,LINJ_08_1300,HSP83-2,5671.A4HTR2,5671.E9AHM9,0.099
872,LINJ_08_1300,LINJ_33_2520,5671.A4HTR2,5671.E9AHQ7,0.099
873,LINJ_08_1300,HSP83,5671.A4HTR2,5671.E9AHM8,0.099
874,LINJ_08_1300,LPG3,5671.A4HTR2,5671.A4I4C9,0.2
875,LINJ_08_1300,LINJ_21_0740,5671.A4HTR2,5671.A4HZ67,0.218
876,LINJ_08_1300,LINJ_24_1410,5671.A4HTR2,5671.A4I0X6,0.218
882,LINJ_09_0100,LINJ_29_2940,5671.A4HTS6,5671.A4I4Y5,0.057
883,LINJ_09_0110,LINJ_29_2940,5671.A4HTS7,5671.A4I4Y5,0.057
892,LINJ_09_0270,LINJ_29_2830,5671.A4HTU3,5671.A4I4Y0,0.217
893,LINJ_09_0270,LINJ_29_2510,5671.A4HTU3,5671.A4I4V4,0.105
894,LINJ_09_0270,LINJ_34_3730,5671.A4HTU3,5671.A4IAG1,0.105
895,LINJ_09_0270,LINJ_24_0280,5671.A4HTU3,5671.E9AH40,0.105
896,LINJ_09_0270,LINJ_25_2110,5671.A4HTU3,5671.A4I1Q1,0.105
897,LINJ_09_0270,LINJ_26_0140,5671.A4HTU3,5671.A4I1V3,0.105
898,LINJ_09_0270,LINJ_35_2660,5671.A4HTU3,5671.A4IBC9,0.105
899,LINJ_09_0270,LINJ_35_3570,5671.A4HTU3,5671.A4IBP7,0.105
900,LINJ_09_0270,LINJ_35_0190,5671.A4HTU3,5671.A4IAS0,0.105
901,LINJ_09_0270,LINJ_36_7090,5671.A4HTU3,5671.A4ICB8,0.105
902,LINJ_09_0270,LINJ_34_1360,5671.A4HTU3,5671.A4I9T8,0.105
904,LINJ_09_0270,LINJ_35_1070,5671.A4HTU3,5671.A4IB02,0.042
905,LINJ_09_0270,LINJ_19_0130,5671.A4HTU3,5671.E9AGR6,0.042
909,LINJ_09_0270,LINJ_29_2600,5671.A4HTU3,5671.A4I4W3,0.049
910,LINJ_09_0270,MKK,5671.A4HTU3,5671.A4I4U6,0.042
911,LINJ_09_0270,LINJ_26_0050,5671.A4HTU3,5671.A4I1U3,0.293
912,LINJ_09_0520,LINJ_10_0200,5671.A4HTW1,5671.A4HUC8,0.071
913,LINJ_09_0520,LINJ_13_1380,5671.A4HTW1,5671.A4HVU2,0.071
914,LINJ_09_0520,LINJ_33_2190,5671.A4HTW1,5671.A4I945,0.071
915,LINJ_09_0520,LINJ_36_0780,5671.A4HTW1,5671.A4ICR2,0.071
916,LINJ_09_0520,MPK11,5671.A4HTW1,5671.A4I910,0.071
917,LINJ_09_0520,LINJ_24_0680,5671.A4HTW1,5671.A4I0Q5,0.071
918,LINJ_09_0520,MPK12,5671.A4HTW1,5671.A4I564,0.071
919,LINJ_09_0520,LMPK,5671.A4HTW1,5671.A4ICA4,0.071
920,LINJ_09_0520,LINJ_13_0670,5671.A4HTW1,5671.A4HVK6,0.071
921,LINJ_09_0520,MPK3,5671.A4HTW1,5671.A4HUG1,0.071
922,LINJ_09_0520,LINJ_30_2930,5671.A4HTW1,5671.A4I5X0,0.071
923,LINJ_09_0520,MPK4,5671.A4HTW1,5671.A4HYH4,0.071
924,LINJ_09_0520,LINJ_32_0520,5671.A4HTW1,5671.A4I7N3,0.059
925,LINJ_09_0520,LINJ_31_0890,5671.A4HTW1,5671.A4I6I0,0.059
926,LINJ_09_0520,LINJ_14_0820,5671.A4HTW1,5671.A4HW20,0.059
927,LINJ_09_0520,LINJ_32_1930,5671.A4HTW1,5671.A4I7Z9,0.059
928,LINJ_09_0520,Rab11,5671.A4HTW1,5671.A4HUK3,0.059
931,LINJ_09_0520,LINJ_17_0770,5671.A4HTW1,5671.A4HXE5,0.162
932,LINJ_09_0520,LINJ_36_5580,5671.A4HTW1,5671.A4IC77,0.162
933,LINJ_09_0520,LINJ_26_2540,5671.A4HTW1,5671.A4I2I8,0.162
934,LINJ_09_0520,LINJ_32_2160,5671.A4HTW1,5671.A4I825,0.059
935,LINJ_09_0520,LINJ_09_0900,5671.A4HTW1,5671.A4HU06,0.059
936,LINJ_09_0520,LINJ_35_1720,5671.A4HTW1,5671.A4IB73,0.103
937,LINJ_09_0520,LINJ_28_0720,5671.A4HTW1,5671.A4I3E2,0.048
938,LINJ_09_0520,LINJ_35_2030,5671.A4HTW1,5671.A4IBA2,0.048
939,LINJ_09_0520,LINJ_25_0960,5671.A4HTW1,5671.A4I1D4,0.048
940,LINJ_09_0520,LINJ_34_3340,5671.A4HTW1,5671.A4IAC2,0.048
941,LINJ_09_0520,LINJ_35_2710,5671.A4HTW1,5671.A4IBD4,0.048
942,LINJ_09_0520,LINJ_29_1190,5671.A4HTW1,5671.A4I4G8,0.048
943,LINJ_09_0520,LINJ_11_0700,5671.A4HTW1,5671.A4HUX9,0.048
944,LINJ_09_0520,LINJ_18_1110,5671.A4HTW1,5671.A4HXY4,0.048
945,LINJ_09_0520,LINJ_30_3310,5671.A4HTW1,5671.A4I610,0.048
946,LINJ_09_0520,LINJ_03_0460,5671.A4HTW1,5671.E9AG37,0.048
947,LINJ_09_0520,DHFR-TS,5671.A4HTW1,5671.Q8MQV3,0.431
948,LINJ_09_0520,KATNAL2,5671.A4HTW1,5671.A4HVM4,0.057
949,LINJ_09_0520,LINJ_24_0130,5671.A4HTW1,5671.E9AH25,0.095
950,LINJ_09_0900,LINJ_34_4140,5671.A4HU06,5671.A4IAK2,0.071
951,LINJ_09_0900,LINJ_36_0880,5671.A4HU06,5671.A4ICQ2,0.101
952,LINJ_09_0900,LINJ_33_3360,5671.A4HU06,5671.A4I9G2,0.059
953,LINJ_09_0900,LINJ_33_1940,5671.A4HU06,5671.A4I946,0.047
954,LINJ_09_0900,LINJ_27_0620,5671.A4HU06,5671.E9AHE8,0.047
955,LINJ_09_0900,LINJ_08_1250,5671.A4HU06,5671.E9AG93,0.072
956,LINJ_09_0900,LINJ_10_1260,5671.A4HU06,5671.A4HUM9,0.047
957,LINJ_09_0900,LINJ_20_1370,5671.A4HU06,5671.A4HYX6,0.072
958,LINJ_09_0900,LINJ_13_0220,5671.A4HU06,5671.A4HVF7,0.105
959,LINJ_09_0900,LINJ_18_1140,5671.A4HU06,5671.A4HXY7,0.105
960,LINJ_09_0900,LINJ_26_2100,5671.A4HU06,5671.A4I2D8,0.059
961,LINJ_09_0900,LINJ_13_1630,5671.A4HU06,5671.A4HVT6,0.059
962,LINJ_09_0900,LINJ_24_0260,5671.A4HU06,5671.E9AH38,0.059
963,LINJ_09_0900,RAB7,5671.A4HU06,5671.E9AGQ4,0.058
964,LINJ_09_0900,LINJ_34_3370,5671.A4HU06,5671.A4IAC5,0.073
965,LINJ_09_0900,LINJ_24_0130,5671.A4HU06,5671.E9AH25,0.062
966,LINJ_09_0900,LINJ_34_0030,5671.A4HU06,5671.A4I9H1,0.158
967,LINJ_09_0970,TOR3,5671.A4HU13,5671.A4IAG3,0.41
968,LINJ_09_0970,GSK3,5671.A4HU13,5671.A4HXQ3,0.337
969,LINJ_09_0970,LINJ_24_0130,5671.A4HU13,5671.E9AH25,0.081
970,LINJ_09_0970,LINJ_31_2960,5671.A4HU13,5671.A4I790,0.552
971,LINJ_09_0970,LINJ_17_0770,5671.A4HU13,5671.A4HXE5,0.493
972,LINJ_09_1280,LINJ_34_4140,5671.A4HU44,5671.A4IAK2,0.046
973,LINJ_09_1280,LINJ_19_0150,5671.A4HU44,5671.E9AGR8,0.071
974,LINJ_09_1280,LINJ.12.0003,5671.A4HU44,5671.A4HV47,0.046
975,LINJ_09_1280,LINJ_33_3360,5671.A4HU44,5671.A4I9G2,0.048
976,LINJ_09_1280,LINJ_24_0130,5671.A4HU44,5671.E9AH25,0.172
977,LINJ_09_1280,HSP83-2,5671.A4HU44,5671.E9AHM9,0.104
978,LINJ_09_1280,LINJ_33_2520,5671.A4HU44,5671.E9AHQ7,0.104
979,LINJ_09_1280,HSP83,5671.A4HU44,5671.E9AHM8,0.104
980,LINJ_09_1280,LINJ_21_2200,5671.A4HU44,5671.A4HZI9,0.072
982,LINJ_09_1280,LINJ_28_0110,5671.A4HU44,5671.A4I384,0.049
983,LINJ_09_1280,LINJ_36_1730,5671.A4HU44,5671.A4IDD6,0.049
984,LINJ_09_1280,LINJ_35_3880,5671.A4HU44,5671.A4IBS2,0.049
991,LINJ_09_1280,LINJ_24_1970,5671.A4HU44,5671.A4I0Z7,0.214
994,LINJ_10_0090,LINJ_34_2500,5671.A4HUB8,5671.A4IA43,0.413
1001,LINJ_10_0090,LINJ_25_1930,5671.A4HUB8,5671.A4I1N3,0.071
1005,LINJ_10_0090,LINJ_35_3920,5671.A4HUB8,5671.A4IBS6,0.219
1006,LINJ_10_0200,LINJ_28_0170,5671.A4HUC8,5671.A4I390,0.058
1008,LINJ_10_0200,LINJ_24_0260,5671.A4HUC8,5671.E9AH38,0.071
1009,LINJ_10_0200,LINJ_13_1630,5671.A4HUC8,5671.A4HVT6,0.071
1010,LINJ_10_0200,LINJ_26_2100,5671.A4HUC8,5671.A4I2D8,0.071
1011,LINJ_10_0200,LINJ_06_1220,5671.A4HUC8,5671.E9AG71,0.072
1012,LINJ_10_0200,LINJ_24_0220,5671.A4HUC8,5671.E9AH34,0.044
1017,LINJ_10_0200,LINJ_25_2070,5671.A4HUC8,5671.A4I1P7,0.054
1018,LINJ_10_0200,LINJ_30_0850,5671.A4HUC8,5671.A4I5B1,0.1
1019,LINJ_10_0200,LINJ_36_2310,5671.A4HUC8,5671.A4IDJ2,0.078
1020,LINJ_10_0200,LINJ_24_2410,5671.A4HUC8,5671.A4I140,0.071
1021,LINJ_10_0200,LINJ_34_1840,5671.A4HUC8,5671.A4I9Y5,0.071
1022,LINJ_10_0200,MKK,5671.A4HUC8,5671.A4I4U6,0.071
1023,LINJ_10_0200,MKK5,5671.A4HUC8,5671.A4ICP8,0.071
1024,LINJ_10_0200,LINJ_29_2600,5671.A4HUC8,5671.A4I4W3,0.069
1025,LINJ_10_0200,LINJ_36_5610,5671.A4HUC8,5671.A4IDV1,0.108
1026,LINJ_10_0200,LINJ_34_0030,5671.A4HUC8,5671.A4I9H1,0.059
1027,LINJ_10_0200,LINJ_20_1370,5671.A4HUC8,5671.A4HYX6,0.068
1028,LINJ_10_0310,TOP2,5671.A4HUD9,5671.A4HWL4,0.398
1029,LINJ_10_0310,LINJ_28_2450,5671.A4HUD9,5671.A4I3V9,0.398
1030,LINJ_10_0310,LINJ_11_0600,5671.A4HUD9,5671.A4HUX0,0.176
1031,LINJ_10_0310,SIR2RP1,5671.A4HUD9,5671.Q8I6E4,0.182
1032,LINJ_10_0310,ALDH2,5671.A4HUD9,5671.A4I1F4,0.446
1034,LINJ_10_0310,LINJ_31_3260,5671.A4HUD9,5671.A4I7C0,0.261
1035,LINJ_10_0310,LINJ_23_0880,5671.A4HUD9,5671.A4I0C2,0.398
1036,LINJ_10_0310,LINJ_23_0580,5671.A4HUD9,5671.A4I093,0.398
1037,LINJ_10_0310,LINJ_31_2710,5671.A4HUD9,5671.A4I769,0.232
1038,LINJ_10_0310,LINJ_31_2720,5671.A4HUD9,5671.E9AHL8,0.232
1039,LINJ_10_0310,GCVL-1,5671.A4HUD9,5671.A4I4P1,0.232
1040,LINJ_10_0310,GCVL-2,5671.A4HUD9,5671.A4I8F6,0.232
1041,LINJ_10_0310,mMDH,5671.A4HUD9,5671.A4I9I5,0.22
1042,LINJ_10_0310,LINJ_34_0160,5671.A4HUD9,5671.A4I9I4,0.22
1043,LINJ_10_0310,LINJ_34_0150,5671.A4HUD9,5671.A4I9I3,0.22
1044,LINJ_10_0310,LINJ_36_1840,5671.A4HUD9,5671.A4IDE7,0.43
1045,MPK3,LINJ_28_0170,5671.A4HUG1,5671.A4I390,0.058
1046,MPK3,LINJ_24_0260,5671.A4HUG1,5671.E9AH38,0.071
1047,MPK3,LINJ_13_1630,5671.A4HUG1,5671.A4HVT6,0.071
1048,MPK3,LINJ_26_2100,5671.A4HUG1,5671.A4I2D8,0.071
1050,MPK3,TOR2,5671.A4HUG1,5671.A4IAK5,0.329
1051,MPK3,NMT,5671.A4HUG1,5671.A4I7H1,0.412
1052,MPK3,TOR1,5671.A4HUG1,5671.A4IE36,0.333
1053,MPK3,TOR3,5671.A4HUG1,5671.A4IAG3,0.338
1054,MPK3,LINJ_34_0030,5671.A4HUG1,5671.A4I9H1,0.059
1056,MPK3,LINJ_20_1370,5671.A4HUG1,5671.A4HYX6,0.068
1057,MPK3,LINJ_30_0850,5671.A4HUG1,5671.A4I5B1,0.1
1058,MPK3,MKK5,5671.A4HUG1,5671.A4ICP8,0.071
1059,MPK3,LINJ_34_1840,5671.A4HUG1,5671.A4I9Y5,0.071
1060,MPK3,MKK,5671.A4HUG1,5671.A4I4U6,0.071
1061,MPK3,LINJ_24_2410,5671.A4HUG1,5671.A4I140,0.071
1062,MPK3,LINJ_36_2310,5671.A4HUG1,5671.A4IDJ2,0.078
1063,MPK3,LINJ_36_5610,5671.A4HUG1,5671.A4IDV1,0.108
1064,MPK3,cpb,5671.A4HUG1,5671.Q7K8Z6,0.056
1065,LINJ_10_0830,LINJ_20_0020,5671.A4HUJ0,5671.A4HYJ4,0.068
1066,LINJ_10_0880,LINJ_24_0130,5671.A4HUJ5,5671.E9AH25,0.063
1067,LINJ_10_0880,LINJ_36_2310,5671.A4HUJ5,5671.A4IDJ2,0.059
1068,LINJ_10_0880,LINJ_36_5610,5671.A4HUJ5,5671.A4IDV1,0.059
1069,LINJ_10_0880,LINJ_34_0030,5671.A4HUJ5,5671.A4I9H1,0.202
1070,LINJ_10_0880,KATNAL2,5671.A4HUJ5,5671.A4HVM4,0.071
1071,Rab11,LINJ_34_4140,5671.A4HUK3,5671.A4IAK2,0.071
1072,Rab11,LINJ_33_3360,5671.A4HUK3,5671.A4I9G2,0.059
1073,Rab11,LINJ_26_2540,5671.A4HUK3,5671.A4I2I8,0.06
1074,Rab11,LINJ_36_5580,5671.A4HUK3,5671.A4IC77,0.06
1075,Rab11,LINJ_17_0770,5671.A4HUK3,5671.A4HXE5,0.06
1076,Rab11,LINJ_13_1630,5671.A4HUK3,5671.A4HVT6,0.059
1077,Rab11,LINJ_24_0260,5671.A4HUK3,5671.E9AH38,0.059
1078,Rab11,LINJ_26_2100,5671.A4HUK3,5671.A4I2D8,0.059
1079,Rab11,LINJ_08_1250,5671.A4HUK3,5671.E9AG93,0.072
1080,Rab11,LINJ_20_1370,5671.A4HUK3,5671.A4HYX6,0.072
1081,Rab11,LINJ_18_1140,5671.A4HUK3,5671.A4HXY7,0.072
1082,Rab11,LINJ_13_0220,5671.A4HUK3,5671.A4HVF7,0.072
1083,Rab11,LINJ_10_1250,5671.A4HUK3,5671.A4HUM8,0.059
1084,Rab11,LINJ_27_0620,5671.A4HUK3,5671.E9AHE8,0.047
1085,Rab11,LINJ_33_1940,5671.A4HUK3,5671.A4I946,0.047
1086,Rab11,LINJ_10_1260,5671.A4HUK3,5671.A4HUM9,0.047
1087,Rab11,LINJ_30_1710,5671.A4HUK3,5671.A4I5J8,0.059
1088,Rab11,LINJ_21_0910,5671.A4HUK3,5671.A4HZ84,0.069
1089,Rab11,RAB7,5671.A4HUK3,5671.E9AGQ4,0.058
1090,Rab11,LINJ_24_0130,5671.A4HUK3,5671.E9AH25,0.062
1091,Rab11,LMPK,5671.A4HUK3,5671.A4ICA4,0.472
1092,Rab11,LINJ_34_0030,5671.A4HUK3,5671.A4I9H1,0.217
1093,Rab11,LINJ_34_3370,5671.A4HUK3,5671.A4IAC5,0.22
1094,LINJ_10_1250,LINJ_31_0890,5671.A4HUM8,5671.A4I6I0,0.059
1095,LINJ_10_1250,LINJ_27_0620,5671.A4HUM8,5671.E9AHE8,0.045
1096,LINJ_10_1250,LINJ_10_1260,5671.A4HUM8,5671.A4HUM9,0.045
1097,LINJ_10_1250,LINJ_33_1940,5671.A4HUM8,5671.A4I946,0.045
1098,LINJ_10_1250,LINJ_13_0220,5671.A4HUM8,5671.A4HVF7,0.095
1099,LINJ_10_1250,LINJ_18_1140,5671.A4HUM8,5671.A4HXY7,0.095
1100,LINJ_10_1250,LINJ_32_1930,5671.A4HUM8,5671.A4I7Z9,0.059
1101,LINJ_10_1250,LINJ_14_0820,5671.A4HUM8,5671.A4HW20,0.059
1102,LINJ_10_1250,RAB7,5671.A4HUM8,5671.E9AGQ4,0.101
1103,LINJ_10_1250,LINJ_32_0520,5671.A4HUM8,5671.A4I7N3,0.163
1104,LINJ_10_1250,LINJ_34_0030,5671.A4HUM8,5671.A4I9H1,0.561
1105,LINJ_10_1260,LINJ_20_0820,5671.A4HUM9,5671.A4HYS3,0.106
1106,LINJ_10_1260,LINJ_27_0940,5671.A4HUM9,5671.A4I2Q9,0.106
1107,LINJ_10_1260,LINJ_31_0890,5671.A4HUM9,5671.A4I6I0,0.047
1108,LINJ_10_1260,LINJ_32_0050,5671.A4HUM9,5671.A4I7G8,0.167
1109,LINJ_10_1260,LINJ_32_2160,5671.A4HUM9,5671.A4I825,0.047
1110,LINJ_10_1260,LINJ_30_1710,5671.A4HUM9,5671.A4I5J8,0.045
1111,LINJ_10_1260,LINJ_34_4140,5671.A4HUM9,5671.A4IAK2,0.047
1112,LINJ_10_1260,LINJ_32_1930,5671.A4HUM9,5671.A4I7Z9,0.047
1113,LINJ_10_1260,LINJ_33_3360,5671.A4HUM9,5671.A4I9G2,0.064
1114,LINJ_10_1260,LINJ_14_0820,5671.A4HUM9,5671.A4HW20,0.047
1115,LINJ_10_1260,RAB7,5671.A4HUM9,5671.E9AGQ4,0.05
1116,LINJ_11_0040,LINJ_31_3080,5671.A4HUR6,5671.A4I7A2,0.183
1117,LINJ_11_0040,KATNAL2,5671.A4HUR6,5671.A4HVM4,0.093
1118,LINJ_11_0060,LINJ_30_3430,5671.A4HUR8,5671.A4I628,0.214
1119,LINJ_11_0060,PGKC,5671.A4HUR8,5671.E9AGT9,0.214
1120,LINJ_11_0060,PGKB,5671.A4HUR8,5671.E9AGU0,0.214
1121,LINJ_11_0060,LINJ_30_1580,5671.A4HUR8,5671.A4I5I5,0.105
1122,LINJ_11_0060,LINJ_34_1910,5671.A4HUR8,5671.A4I9Y7,0.105
1123,LINJ_11_0060,LINJ_34_4020,5671.A4HUR8,5671.A4IAJ0,0.439
1124,LINJ_11_0060,LINJ_16_1430,5671.A4HUR8,5671.A4HX32,0.304
1125,LINJ_11_0060,DHFR-TS,5671.A4HUR8,5671.Q8MQV3,0.566
1126,LINJ_11_0110,LINJ_25_2450,5671.A4HUS3,5671.A4I1T4,0.048
1127,LINJ_11_0110,LINJ_29_2600,5671.A4HUS3,5671.A4I4W3,0.048
1128,LINJ_11_0110,TOP2,5671.A4HUS3,5671.A4HWL4,0.075
1129,LINJ_11_0110,LINJ_28_2450,5671.A4HUS3,5671.A4I3V9,0.075
1131,LINJ_11_0110,LINJ_34_0030,5671.A4HUS3,5671.A4I9H1,0.072
1133,LINJ_11_0110,DHFR-TS,5671.A4HUS3,5671.Q8MQV3,0.282
1138,LINJ_11_0110,LINJ_22_0920,5671.A4HUS3,5671.E9AGZ4,0.047
1139,LINJ_11_0110,LINJ_36_4020,5671.A4HUS3,5671.A4ID13,0.047
1140,LINJ_11_0110,LINJ_17_0070,5671.A4HUS3,5671.A4HX71,0.06
1141,LINJ_11_0110,LINJ_25_2070,5671.A4HUS3,5671.A4I1P7,0.046
1142,LINJ_11_0110,LINJ_33_2910,5671.A4HUS3,5671.A4I9B7,0.049
1143,LINJ_11_0110,MKK,5671.A4HUS3,5671.A4I4U6,0.059
1144,LINJ_11_0110,MKK5,5671.A4HUS3,5671.A4ICP8,0.059
1145,LINJ_11_0110,LINJ_34_1840,5671.A4HUS3,5671.A4I9Y5,0.059
1146,LINJ_11_0110,LINJ_24_2410,5671.A4HUS3,5671.A4I140,0.059
1147,LINJ_11_0110,LINJ_26_2460,5671.A4HUS3,5671.A4I2H1,0.072
1148,LINJ_11_0110,LINJ_20_0020,5671.A4HUS3,5671.A4HYJ4,0.056
1149,LINJ_11_0110,LINJ_17_0280,5671.A4HUS3,5671.A4HX90,0.056
1150,LINJ_11_0110,LINJ_18_0470,5671.A4HUS3,5671.A4HXS2,0.056
1151,LINJ_11_0110,LINJ_24_0220,5671.A4HUS3,5671.E9AH34,0.045
1152,LINJ_11_0110,LINJ_36_5580,5671.A4HUS3,5671.A4IC77,0.071
1154,LINJ_11_0110,LMAIRK,5671.A4HUS3,5671.A4I3C6,0.072
1155,LINJ_11_0110,LINJ_32_1520,5671.A4HUS3,5671.A4I7W3,0.17
1156,LINJ_11_0110,LINJ_29_1420,5671.A4HUS3,5671.E9AHI7,0.072
1157,LINJ_11_0110,LINJ_24_2220,5671.A4HUS3,5671.A4I122,0.107
1158,LINJ_11_0110,LINJ_17_0770,5671.A4HUS3,5671.A4HXE5,0.071
1159,LINJ_11_0110,LINJ_24_0130,5671.A4HUS3,5671.E9AH25,0.071
1160,LINJ_11_0110,CYC6,5671.A4HUS3,5671.A4I8F7,0.077
1161,LINJ_11_0110,CYCA,5671.A4HUS3,5671.A4I1J3,0.077
1162,LINJ_11_0110,CYC8,5671.A4HUS3,5671.A4I1W9,0.077
1163,LINJ_11_0110,CYC3,5671.A4HUS3,5671.A4I503,0.077
1164,LINJ_11_0110,LINJ_26_0050,5671.A4HUS3,5671.A4I1U3,0.074
1165,LINJ_11_0110,LINJ_30_0420,5671.A4HUS3,5671.A4I569,0.056
1166,LINJ_11_0110,LINJ_24_1790,5671.A4HUS3,5671.E9AH79,0.097
1167,LINJ_11_0110,LINJ_26_2540,5671.A4HUS3,5671.A4I2I8,0.071
1168,LINJ_11_0110,LINJ_29_2830,5671.A4HUS3,5671.A4I4Y0,0.181
1169,LINJ_11_0600,LINJ_36_2850,5671.A4HUX0,5671.A4ICH8,0.067
1170,LINJ_11_0600,LINJ_23_0580,5671.A4HUX0,5671.A4I093,0.212
1171,LINJ_11_0600,LINJ_23_0880,5671.A4HUX0,5671.A4I0C2,0.212
1172,LINJ_11_0600,GMPR,5671.A4HUX0,5671.A4HXF5,0.1
1173,LINJ_11_0600,LINJ_19_1590,5671.A4HUX0,5671.A4HYI5,0.1
1174,LINJ_11_0600,LINJ_16_1430,5671.A4HUX0,5671.A4HX32,0.127
1175,LINJ_11_0600,LINJ_34_0160,5671.A4HUX0,5671.A4I9I4,0.102
1176,LINJ_11_0600,mMDH,5671.A4HUX0,5671.A4I9I5,0.102
1177,LINJ_11_0600,LINJ_34_0150,5671.A4HUX0,5671.A4I9I3,0.102
1178,LINJ_11_0600,LINJ_31_3080,5671.A4HUX0,5671.A4I7A2,0.218
1179,LINJ_11_0600,LINJ_31_3260,5671.A4HUX0,5671.A4I7C0,0.218
1181,LINJ_11_0700,LINJ_34_0030,5671.A4HUX9,5671.A4I9H1,0.075
1184,LINJ_11_0700,KATNAL2,5671.A4HUX9,5671.A4HVM4,0.059
1185,LINJ_11_0700,LINJ_24_0260,5671.A4HUX9,5671.E9AH38,0.048
1186,LINJ_11_0700,LINJ_13_1630,5671.A4HUX9,5671.A4HVT6,0.048
1187,LINJ_11_0700,LINJ_26_2100,5671.A4HUX9,5671.A4I2D8,0.048
1190,LINJ_11_0910,LINJ_35_3880,5671.A4HV00,5671.A4IBS2,0.102
1196,LINJ_11_0910,TOP2,5671.A4HV00,5671.A4HWL4,0.098
1197,LINJ_11_0910,LINJ_28_2450,5671.A4HV00,5671.A4I3V9,0.098
1199,LINJ_11_0910,LINJ_24_0130,5671.A4HV00,5671.E9AH25,0.071
1200,LINJ_11_0910,LINJ.12.0190,5671.A4HV00,5671.E9AGB0,0.071
1201,LINJ_11_0910,LINJ_03_0520,5671.A4HV00,5671.E9AG43,0.071
1202,LINJ_11_0910,LINJ_22_0490,5671.A4HV00,5671.A4HZT9,0.071
1203,LINJ_11_0910,LINJ.12.0003,5671.A4HV00,5671.A4HV47,0.156
1204,LINJ_11_0910,91E11,5671.A4HV00,5671.Q9GNZ8,0.107
1205,LINJ_11_1260,LINJ_25_0540,5671.A4HV33,5671.A4I194,0.318
1206,LINJ_11_1260,LINJ_23_0230,5671.A4HV33,5671.A4I059,0.325
1207,LINJ.12.0003,LINJ_30_1070,5671.A4HV47,5671.A4I5D2,0.047
1208,LINJ.12.0003,GSK3,5671.A4HV47,5671.A4HXQ3,0.052
1209,LINJ.12.0003,LINJ_22_0370,5671.A4HV47,5671.A4HZS7,0.052
1210,LINJ.12.0003,LINJ_30_2520,5671.A4HV47,5671.A4I5S8,0.046
1211,LINJ.12.0003,LINJ_24_0170,5671.A4HV47,5671.E9AH29,0.046
1212,LINJ.12.0003,LINJ_27_0370,5671.A4HV47,5671.A4I2M3,0.046
1213,LINJ.12.0003,LINJ_28_1580,5671.A4HV47,5671.A4I3M5,0.046
1214,LINJ.12.0003,LINJ_36_1420,5671.A4HV47,5671.A4ICJ9,0.046
1215,LINJ.12.0003,LINJ_21_0960,5671.A4HV47,5671.A4HZM5,0.431
1217,LINJ.12.0003,LINJ_24_2220,5671.A4HV47,5671.A4I122,0.061
1218,LINJ.12.0003,LINJ_33_2910,5671.A4HV47,5671.A4I9B7,0.061
1219,LINJ.12.0003,KATNA1,5671.A4HV47,5671.A4I3C0,0.156
1220,LINJ.12.0003,KATNAL2,5671.A4HV47,5671.A4HVM4,0.21
1221,LINJ.12.0003,RPT6,5671.A4HV47,5671.A4IE38,0.466
1222,LINJ.12.0003,LINJ.12.0190,5671.A4HV47,5671.E9AGB0,0.261
1223,LINJ.12.0003,LINJ_22_0490,5671.A4HV47,5671.A4HZT9,0.445
1224,LINJ.12.0003,LINJ_36_1730,5671.A4HV47,5671.A4IDD6,0.448
1225,LINJ.12.0003,91E11,5671.A4HV47,5671.Q9GNZ8,0.538
1226,LINJ.12.0003,LINJ_21_2200,5671.A4HV47,5671.A4HZI9,0.545
1227,LINJ.12.0003,LINJ_22_0440,5671.A4HV47,5671.A4HZT4,0.442
1228,LINJ.12.0003,LINJ_28_0110,5671.A4HV47,5671.A4I384,0.503
1229,LINJ.12.0003,LINJ_03_0520,5671.A4HV47,5671.E9AG43,0.317
1230,LINJ.12.0003,LINJ_35_3880,5671.A4HV47,5671.A4IBS2,0.441
1231,LINJ.12.0003,LINJ_13_0990,5671.A4HV47,5671.A4HVN7,0.446
1232,LINJ.12.0006,LINJ_21_1990,5671.A4HV49,5671.A4HZG8,0.279
1233,LINJ.12.0016,TOP2,5671.A4HV57,5671.A4HWL4,0.075
1234,LINJ.12.0016,LINJ_28_2450,5671.A4HV57,5671.A4I3V9,0.075
1237,LINJ.12.0016,DHFR-TS,5671.A4HV57,5671.Q8MQV3,0.282
1242,LINJ.12.0016,LINJ_22_0920,5671.A4HV57,5671.E9AGZ4,0.047
1243,LINJ.12.0016,LINJ_36_4020,5671.A4HV57,5671.A4ID13,0.047
1244,LINJ.12.0016,LINJ_33_2910,5671.A4HV57,5671.A4I9B7,0.049
1245,LINJ.12.0016,LMAIRK,5671.A4HV57,5671.A4I3C6,0.072
1246,LINJ.12.0016,LINJ_26_2460,5671.A4HV57,5671.A4I2H1,0.072
1247,LINJ.12.0016,LINJ_29_1420,5671.A4HV57,5671.E9AHI7,0.072
1248,LINJ.12.0016,LINJ_20_0020,5671.A4HV57,5671.A4HYJ4,0.056
1249,LINJ.12.0016,LINJ_17_0280,5671.A4HV57,5671.A4HX90,0.056
1250,LINJ.12.0016,LINJ_18_0470,5671.A4HV57,5671.A4HXS2,0.056
1251,LINJ.12.0016,LINJ_17_0770,5671.A4HV57,5671.A4HXE5,0.071
1252,LINJ.12.0016,LINJ_36_5580,5671.A4HV57,5671.A4IC77,0.071
1253,LINJ.12.0016,LINJ_26_2540,5671.A4HV57,5671.A4I2I8,0.071
1254,LINJ.12.0016,LINJ_32_1520,5671.A4HV57,5671.A4I7W3,0.17
1255,LINJ.12.0016,LINJ_26_0050,5671.A4HV57,5671.A4I1U3,0.074
1256,LINJ.12.0016,LINJ_24_2220,5671.A4HV57,5671.A4I122,0.107
1257,LINJ.12.0016,LINJ_24_0130,5671.A4HV57,5671.E9AH25,0.071
1258,LINJ.12.0016,CYC6,5671.A4HV57,5671.A4I8F7,0.077
1259,LINJ.12.0016,CYCA,5671.A4HV57,5671.A4I1J3,0.077
1260,LINJ.12.0016,CYC8,5671.A4HV57,5671.A4I1W9,0.077
1261,LINJ.12.0016,CYC3,5671.A4HV57,5671.A4I503,0.077
1262,LINJ.12.0016,LINJ_30_0420,5671.A4HV57,5671.A4I569,0.056
1263,LINJ.12.0016,LINJ_24_1790,5671.A4HV57,5671.E9AH79,0.097
1264,LINJ.12.0016,LINJ_29_2830,5671.A4HV57,5671.A4I4Y0,0.181
1265,LINJ_13_0170,LINJ_34_1900,5671.A4HVF3,5671.A4IAM7,0.22
1266,LINJ_13_0170,LINJ_24_1410,5671.A4HVF3,5671.A4I0X6,0.163
1267,LINJ_13_0170,LINJ_21_0740,5671.A4HVF3,5671.A4HZ67,0.163
1268,LINJ_13_0220,LINJ_34_3130,5671.A4HVF7,5671.A4IAA1,0.182
1269,LINJ_13_0220,VPS4,5671.A4HVF7,5671.A4I4W4,0.182
1270,LINJ_13_0220,LINJ_31_0890,5671.A4HVF7,5671.A4I6I0,0.072
1271,LINJ_13_0220,LINJ_32_2160,5671.A4HVF7,5671.A4I825,0.105
1272,LINJ_13_0220,LINJ_32_1930,5671.A4HVF7,5671.A4I7Z9,0.072
1273,LINJ_13_0220,LINJ_14_0820,5671.A4HVF7,5671.A4HW20,0.072
1274,LINJ_13_0220,LINJ_30_1710,5671.A4HVF7,5671.A4I5J8,0.095
1275,LINJ_13_0220,LINJ_32_0520,5671.A4HVF7,5671.A4I7N3,0.097
1276,LINJ_13_0220,RAB7,5671.A4HVF7,5671.E9AGQ4,0.171
1277,LINJ_13_0220,LINJ_20_1140,5671.A4HVF7,5671.A4HYV4,0.041
1278,LINJ_13_0220,LINJ_24_2090,5671.A4HVF7,5671.A4I109,0.235
1279,LINJ_13_0220,LINJ_34_0030,5671.A4HVF7,5671.A4I9H1,0.563
1281,LINJ_13_0300,LINJ_28_1250,5671.A4HVG5,5671.A4I3J3,0.072
1282,LINJ_13_0300,LINJ_19_0970,5671.A4HVG5,5671.A4HYB7,0.072
1283,LINJ_13_0300,LINJ_19_0960,5671.A4HVG5,5671.E9AGS6,0.072
1284,LINJ_13_0300,LINJ_19_0950,5671.A4HVG5,5671.A4HYA8,0.072
1285,LINJ_13_0300,LINJ_19_0940,5671.A4HVG5,5671.E9AGS5,0.072
1286,LINJ_13_0610,LINJ_36_5410,5671.A4HVK0,5671.A4IDU0,0.072
1287,LINJ_13_0610,LINJ_30_2920,5671.A4HVK0,5671.A4I5W9,0.072
1288,LINJ_13_0610,ALDH2,5671.A4HVK0,5671.A4I1F4,0.099
1289,LINJ_13_0610,LINJ_23_0580,5671.A4HVK0,5671.A4I093,0.107
1290,LINJ_13_0610,LINJ_23_0880,5671.A4HVK0,5671.A4I0C2,0.107
1291,LINJ_13_0610,LINJ_36_1840,5671.A4HVK0,5671.A4IDE7,0.072
1292,LINJ_13_0610,LINJ_36_4380,5671.A4HVK0,5671.A4IE56,0.209
1293,LINJ_13_0650,CRK1,5671.A4HVK4,5671.E9AGX6,0.104
1294,LINJ_13_0670,LINJ_28_0170,5671.A4HVK6,5671.A4I390,0.058
1295,LINJ_13_0670,LINJ_13_1630,5671.A4HVK6,5671.A4HVT6,0.071
1296,LINJ_13_0670,LINJ_24_0260,5671.A4HVK6,5671.E9AH38,0.071
1297,LINJ_13_0670,LINJ_26_2100,5671.A4HVK6,5671.A4I2D8,0.071
1298,LINJ_13_0670,MKK,5671.A4HVK6,5671.A4I4U6,0.071
1299,LINJ_13_0670,LINJ_24_2410,5671.A4HVK6,5671.A4I140,0.071
1300,LINJ_13_0670,LINJ_34_1840,5671.A4HVK6,5671.A4I9Y5,0.071
1301,LINJ_13_0670,MKK5,5671.A4HVK6,5671.A4ICP8,0.071
1302,LINJ_13_0670,LINJ_36_2310,5671.A4HVK6,5671.A4IDJ2,0.078
1303,LINJ_13_0670,LINJ_36_5610,5671.A4HVK6,5671.A4IDV1,0.108
1305,KATNAL2,LINJ_27_0940,5671.A4HVM4,5671.A4I2Q9,0.047
1306,KATNAL2,LINJ_28_1910,5671.A4HVM4,5671.E9AHG7,0.05
1308,KATNAL2,PGKC,5671.A4HVM4,5671.E9AGT9,0.221
1309,KATNAL2,LINJ_30_3430,5671.A4HVM4,5671.A4I628,0.221
1310,KATNAL2,PGKB,5671.A4HVM4,5671.E9AGU0,0.221
1311,KATNAL2,DHFR-TS,5671.A4HVM4,5671.Q8MQV3,0.25
1312,KATNAL2,LINJ_33_2620,5671.A4HVM4,5671.E9AHR7,0.169
1313,KATNAL2,DMC1,5671.A4HVM4,5671.A4IC25,0.169
1314,KATNAL2,LINJ_35_1270,5671.A4HVM4,5671.A4IB20,0.16
1315,KATNAL2,LINJ_21_0960,5671.A4HVM4,5671.A4HZM5,0.22
1316,KATNAL2,LINJ_19_0150,5671.A4HVM4,5671.E9AGR8,0.22
1317,KATNAL2,LINJ_36_4380,5671.A4HVM4,5671.A4IE56,0.105
1318,KATNAL2,LINJ_28_2450,5671.A4HVM4,5671.A4I3V9,0.226
1319,KATNAL2,TOP2,5671.A4HVM4,5671.A4HWL4,0.226
1320,KATNAL2,RAD51,5671.A4HVM4,5671.A4I3C9,0.169
1321,KATNAL2,LMAIRK,5671.A4HVM4,5671.A4I3C6,0.3
1322,KATNAL2,LINJ_26_2460,5671.A4HVM4,5671.A4I2H1,0.3
1323,KATNAL2,LINJ_29_1420,5671.A4HVM4,5671.E9AHI7,0.3
1324,KATNAL2,LINJ_29_2600,5671.A4HVM4,5671.A4I4W3,0.071
1325,KATNAL2,LINJ_28_1800,5671.A4HVM4,5671.A4I3P6,0.071
1326,KATNAL2,LINJ_31_1880,5671.A4HVM4,5671.A4I6V8,0.071
1327,KATNAL2,LINJ_32_3240,5671.A4HVM4,5671.A4I8C9,0.071
1328,KATNAL2,GSK3,5671.A4HVM4,5671.A4HXQ3,0.071
1329,KATNAL2,LINJ_25_2450,5671.A4HVM4,5671.A4I1T4,0.071
1330,KATNAL2,LINJ_36_0970,5671.A4HVM4,5671.A4ICP3,0.071
1331,KATNAL2,LINJ_31_1870,5671.A4HVM4,5671.A4I6V7,0.071
1332,KATNAL2,LINJ_22_0370,5671.A4HVM4,5671.A4HZS7,0.071
1333,KATNAL2,HSP83-2,5671.A4HVM4,5671.E9AHM9,0.202
1334,KATNAL2,HSP83,5671.A4HVM4,5671.E9AHM8,0.202
1335,KATNAL2,LINJ_33_2520,5671.A4HVM4,5671.E9AHQ7,0.202
1336,KATNAL2,LINJ_34_0990,5671.A4HVM4,5671.A4I9Q1,0.071
1337,KATNAL2,LPG3,5671.A4HVM4,5671.A4I4C9,0.202
1338,KATNAL2,LINJ_34_4140,5671.A4HVM4,5671.A4IAK2,0.13
1339,KATNAL2,LINJ_35_2710,5671.A4HVM4,5671.A4IBD4,0.059
1340,KATNAL2,LINJ_28_0720,5671.A4HVM4,5671.A4I3E2,0.059
1341,KATNAL2,LINJ_25_0960,5671.A4HVM4,5671.A4I1D4,0.059
1342,KATNAL2,LINJ_34_3340,5671.A4HVM4,5671.A4IAC2,0.059
1343,KATNAL2,LINJ_18_1110,5671.A4HVM4,5671.A4HXY4,0.059
1344,KATNAL2,LINJ_29_1190,5671.A4HVM4,5671.A4I4G8,0.059
1345,KATNAL2,LINJ_35_2030,5671.A4HVM4,5671.A4IBA2,0.059
1346,KATNAL2,LINJ_30_3310,5671.A4HVM4,5671.A4I610,0.059
1347,KATNAL2,LINJ_24_1970,5671.A4HVM4,5671.A4I0Z7,0.239
1348,KATNAL2,LINJ_24_2220,5671.A4HVM4,5671.A4I122,0.121
1349,KATNAL2,LINJ_32_1010,5671.A4HVM4,5671.A4I7R2,0.121
1350,KATNAL2,LINJ_35_1310,5671.A4HVM4,5671.A4IB24,0.121
1351,KATNAL2,LINJ_22_0480,5671.A4HVM4,5671.A4HZT8,0.121
1352,KATNAL2,LINJ_33_2910,5671.A4HVM4,5671.A4I9B7,0.121
1353,KATNAL2,VPS4,5671.A4HVM4,5671.A4I4W4,0.046
1354,KATNAL2,LINJ_03_0460,5671.A4HVM4,5671.E9AG37,0.071
1355,KATNAL2,LINJ_23_0240,5671.A4HVM4,5671.A4I060,0.083
1356,KATNAL2,ABCC4,5671.A4HVM4,5671.A4I6Q3,0.083
1357,KATNAL2,PRP1,5671.A4HVM4,5671.A4I6S0,0.083
1358,KATNAL2,LINJ_23_0230,5671.A4HVM4,5671.A4I059,0.083
1359,KATNAL2,LINJ_31_1310,5671.A4HVM4,5671.A4I6Q5,0.083
1360,KATNAL2,LINJ_24_1510,5671.A4HVM4,5671.A4I5H8,0.083
1361,KATNAL2,MRPA,5671.A4HVM4,5671.A4I065,0.083
1362,KATNAL2,LINJ_34_0690,5671.A4HVM4,5671.A4I9N7,0.083
1363,KATNAL2,ABCC5,5671.A4HVM4,5671.A4I6Q4,0.083
1364,KATNAL2,LINJ_25_0540,5671.A4HVM4,5671.A4I194,0.083
1365,KATNAL2,LINJ_32_2190,5671.A4HVM4,5671.A4I828,0.083
1366,KATNAL2,ABCH2,5671.A4HVM4,5671.A4I4M8,0.093
1367,KATNAL2,MDR1,5671.A4HVM4,5671.A4I9R3,0.093
1368,KATNAL2,LINJ_26_2700,5671.A4HVM4,5671.A4I2J3,0.093
1369,KATNAL2,LINJ_33_3360,5671.A4HVM4,5671.A4I9G2,0.22
1370,KATNAL2,LINJ_34_3130,5671.A4HVM4,5671.A4IAA1,0.046
1371,KATNAL2,LINJ_19_0540,5671.A4HVM4,5671.A4HY76,0.403
1372,KATNAL2,LINJ_32_1150,5671.A4HVM4,5671.A4I7S6,0.41
1373,KATNAL2,LINJ_34_3790,5671.A4HVM4,5671.A4IAG7,0.41
1374,KATNAL2,LINJ_26_2100,5671.A4HVM4,5671.A4I2D8,0.057
1375,KATNAL2,LINJ_24_0260,5671.A4HVM4,5671.E9AH38,0.057
1376,KATNAL2,LINJ_13_1630,5671.A4HVM4,5671.A4HVT6,0.057
1377,KATNAL2,LINJ_35_4740,5671.A4HVM4,5671.A4IC06,0.574
1378,KATNAL2,LINJ_22_1070,5671.A4HVM4,5671.E9AGZ5,0.574
1379,KATNAL2,LINJ_35_3880,5671.A4HVM4,5671.A4IBS2,0.186
1380,KATNAL2,LINJ_36_1730,5671.A4HVM4,5671.A4IDD6,0.186
1381,KATNAL2,LINJ_28_0110,5671.A4HVM4,5671.A4I384,0.186
1382,KATNAL2,LINJ_21_2200,5671.A4HVM4,5671.A4HZI9,0.186
1383,KATNAL2,LINJ_03_0520,5671.A4HVM4,5671.E9AG43,0.082
1384,KATNAL2,LINJ.12.0190,5671.A4HVM4,5671.E9AGB0,0.082
1385,KATNAL2,LINJ_22_0490,5671.A4HVM4,5671.A4HZT9,0.082
1386,KATNAL2,LINJ_24_0130,5671.A4HVM4,5671.E9AH25,0.438
1387,KATNAL2,91E11,5671.A4HVM4,5671.Q9GNZ8,0.16
1393,LINJ_13_0990,LINJ_35_1310,5671.A4HVN7,5671.A4IB24,0.048
1394,LINJ_13_0990,LINJ_27_1150,5671.A4HVN7,5671.A4I2S6,0.051
1395,LINJ_13_0990,LINJ_29_2410,5671.A4HVN7,5671.A4I4U4,0.096
1397,LINJ_13_0990,LINJ_30_1070,5671.A4HVN7,5671.A4I5D2,0.072
1401,LINJ_13_0990,LINJ_22_0370,5671.A4HVN7,5671.A4HZS7,0.043
1402,LINJ_13_0990,GSK3,5671.A4HVN7,5671.A4HXQ3,0.043
1403,LINJ_13_0990,LINJ_24_1790,5671.A4HVN7,5671.E9AH79,0.043
1404,LINJ_13_0990,LINJ_24_0130,5671.A4HVN7,5671.E9AH25,0.071
1407,LINJ_13_0990,LINJ_24_2220,5671.A4HVN7,5671.A4I122,0.048
1410,LINJ_13_0990,LINJ_33_2910,5671.A4HVN7,5671.A4I9B7,0.048
1412,LINJ_13_0990,LINJ_36_1730,5671.A4HVN7,5671.A4IDD6,0.439
1413,LINJ_13_0990,LINJ_03_0520,5671.A4HVN7,5671.E9AG43,0.449
1414,LINJ_13_0990,LINJ.12.0190,5671.A4HVN7,5671.E9AGB0,0.435
1415,LINJ_13_0990,LINJ_35_3880,5671.A4HVN7,5671.A4IBS2,0.418
1416,LINJ_13_0990,LINJ_22_0490,5671.A4HVN7,5671.A4HZT9,0.447
1417,LINJ_13_0990,91E11,5671.A4HVN7,5671.Q9GNZ8,0.438
1418,LINJ_13_0990,LINJ_21_2200,5671.A4HVN7,5671.A4HZI9,0.432
1419,LINJ_13_0990,RPT6,5671.A4HVN7,5671.A4IE38,0.437
1420,LINJ_13_0990,LINJ_28_0110,5671.A4HVN7,5671.A4I384,0.412
1421,LINJ_13_0990,LINJ_22_0440,5671.A4HVN7,5671.A4HZT4,0.471
1423,LINJ_13_1060,LINJ_31_2960,5671.A4HVP4,5671.A4I790,0.429
1424,LINJ_13_1060,GSK3,5671.A4HVP4,5671.A4HXQ3,0.337
1425,LINJ_13_1060,LINJ_24_0130,5671.A4HVP4,5671.E9AH25,0.081
1427,LINJ_13_1060,LINJ_17_0770,5671.A4HVP4,5671.A4HXE5,0.434
1428,LINJ_13_1500,LINJ_27_0510,5671.A4HVS3,5671.A4I2N6,0.058
1429,LINJ_13_1500,LINJ_25_1540,5671.A4HVS3,5671.A4I1J4,0.058
1430,LINJ_13_1500,LINJ_31_0430,5671.A4HVS3,5671.A4I6K6,0.058
1431,LINJ_13_1500,LINJ_27_0500,5671.A4HVS3,5671.A4I2N5,0.058
1432,LINJ_13_1500,LINJ_31_0450,5671.A4HVS3,5671.A4I6E4,0.058
1433,LINJ_13_1500,LINJ_31_0440,5671.A4HVS3,5671.A4I6F0,0.058
1434,LINJ_13_1500,LINJ_31_0480,5671.A4HVS3,5671.A4I6E6,0.058
1435,LINJ_13_1500,LINJ_20_1210,5671.A4HVS3,5671.A4HYW1,0.058
1436,LINJ_13_1500,LINJ_20_1230,5671.A4HVS3,5671.A4HYW2,0.058
1437,LINJ_13_1500,LINJ_27_2520,5671.A4HVS3,5671.E9AHC1,0.058
1438,LINJ_13_1500,LINJ_20_1250,5671.A4HVS3,5671.A4HYW4,0.058
1439,LINJ_13_1500,LINJ_20_1240,5671.A4HVS3,5671.A4HYW3,0.058
1440,LINJ_13_1500,LINJ_31_0410,5671.A4HVS3,5671.A4I6K4,0.058
1441,LINJ_13_1500,LINJ_31_0420,5671.A4HVS3,5671.A4I6K5,0.058
1442,LINJ_13_1500,LINJ_20_1220,5671.A4HVS3,5671.A4HYN0,0.058
1443,LINJ_13_1500,LINJ_30_2040,5671.A4HVS3,5671.A4I5N1,0.058
1444,LINJ_13_1500,LINJ_36_0840,5671.A4HVS3,5671.A4ICQ6,0.058
1445,LINJ_13_1500,LINJ_33_2130,5671.A4HVS3,5671.A4I963,0.058
1447,LINJ_13_1580,LINJ_33_3360,5671.A4HVT1,5671.A4I9G2,0.048
1448,LINJ_13_1580,VPS4,5671.A4HVT1,5671.A4I4W4,0.046
1449,LINJ_13_1580,LINJ_34_3130,5671.A4HVT1,5671.A4IAA1,0.046
1450,LINJ_13_1590,LINJ_33_2210,5671.A4HVT2,5671.A4I980,0.105
1452,LINJ_13_1630,LINJ_13_1380,5671.A4HVT6,5671.A4HVU2,0.071
1453,LINJ_13_1630,LINJ_33_2190,5671.A4HVT6,5671.A4I945,0.071
1454,LINJ_13_1630,LINJ_36_0780,5671.A4HVT6,5671.A4ICR2,0.071
1455,LINJ_13_1630,MPK11,5671.A4HVT6,5671.A4I910,0.071
1456,LINJ_13_1630,LINJ_24_0680,5671.A4HVT6,5671.A4I0Q5,0.071
1457,LINJ_13_1630,MPK12,5671.A4HVT6,5671.A4I564,0.071
1458,LINJ_13_1630,LMPK,5671.A4HVT6,5671.A4ICA4,0.071
1459,LINJ_13_1630,LINJ_30_2930,5671.A4HVT6,5671.A4I5X0,0.071
1460,LINJ_13_1630,MPK4,5671.A4HVT6,5671.A4HYH4,0.071
1461,LINJ_13_1630,LINJ_32_0520,5671.A4HVT6,5671.A4I7N3,0.059
1462,LINJ_13_1630,LINJ_31_0890,5671.A4HVT6,5671.A4I6I0,0.059
1463,LINJ_13_1630,LINJ_14_0820,5671.A4HVT6,5671.A4HW20,0.059
1464,LINJ_13_1630,LINJ_32_1930,5671.A4HVT6,5671.A4I7Z9,0.059
1467,LINJ_13_1630,LINJ_32_2160,5671.A4HVT6,5671.A4I825,0.059
1468,LINJ_13_1630,LINJ_35_1720,5671.A4HVT6,5671.A4IB73,0.103
1469,LINJ_13_1630,LINJ_35_2030,5671.A4HVT6,5671.A4IBA2,0.048
1470,LINJ_13_1630,LINJ_28_0720,5671.A4HVT6,5671.A4I3E2,0.048
1471,LINJ_13_1630,LINJ_25_0960,5671.A4HVT6,5671.A4I1D4,0.048
1472,LINJ_13_1630,LINJ_34_3340,5671.A4HVT6,5671.A4IAC2,0.048
1473,LINJ_13_1630,LINJ_35_2710,5671.A4HVT6,5671.A4IBD4,0.048
1474,LINJ_13_1630,LINJ_29_1190,5671.A4HVT6,5671.A4I4G8,0.048
1475,LINJ_13_1630,LINJ_18_1110,5671.A4HVT6,5671.A4HXY4,0.048
1476,LINJ_13_1630,LINJ_30_3310,5671.A4HVT6,5671.A4I610,0.048
1477,LINJ_13_1630,LINJ_03_0460,5671.A4HVT6,5671.E9AG37,0.048
1478,LINJ_13_1630,DHFR-TS,5671.A4HVT6,5671.Q8MQV3,0.431
1479,LINJ_13_1630,LINJ_24_0130,5671.A4HVT6,5671.E9AH25,0.095
1480,LINJ_13_1630,LINJ_25_1360,5671.A4HVT6,5671.A4I1H6,0.046
1481,LINJ_13_1380,LINJ_28_0170,5671.A4HVU2,5671.A4I390,0.058
1482,LINJ_13_1380,LINJ_30_3530,5671.A4HVU2,5671.A4I638,0.045
1483,LINJ_13_1380,LINJ_26_2100,5671.A4HVU2,5671.A4I2D8,0.071
1484,LINJ_13_1380,LINJ_24_0260,5671.A4HVU2,5671.E9AH38,0.071
1485,LINJ_13_1380,LINJ_24_2410,5671.A4HVU2,5671.A4I140,0.071
1486,LINJ_13_1380,LINJ_29_2600,5671.A4HVU2,5671.A4I4W3,0.069
1487,LINJ_13_1380,LINJ_30_0850,5671.A4HVU2,5671.A4I5B1,0.1
1488,LINJ_13_1380,LINJ_36_2310,5671.A4HVU2,5671.A4IDJ2,0.078
1489,LINJ_13_1380,LINJ_20_1370,5671.A4HVU2,5671.A4HYX6,0.068
1490,LINJ_13_1380,LINJ_34_1840,5671.A4HVU2,5671.A4I9Y5,0.071
1491,LINJ_13_1380,MKK5,5671.A4HVU2,5671.A4ICP8,0.071
1492,LINJ_13_1380,MKK,5671.A4HVU2,5671.A4I4U6,0.071
1493,LINJ_13_1380,LINJ_36_5610,5671.A4HVU2,5671.A4IDV1,0.108
1494,LINJ_14_0020,LINJ_30_0850,5671.A4HVU4,5671.A4I5B1,0.395
1495,LINJ_14_0020,LINJ_34_0030,5671.A4HVU4,5671.A4I9H1,0.318
1496,LINJ_14_0020,LINJ_34_1900,5671.A4HVU4,5671.A4IAM7,0.432
1497,LINJ_14_0020,LINJ_36_5610,5671.A4HVU4,5671.A4IDV1,0.318
1498,LINJ_14_0020,LINJ_24_2090,5671.A4HVU4,5671.A4I109,0.22
1499,LINJ_14_0020,LINJ_34_1530,5671.A4HVU4,5671.A4I9V5,0.275
1500,LINJ_14_0020,LINJ_30_1060,5671.A4HVU4,5671.A4I5D1,0.253
1501,LINJ_14_0020,LINJ_15_1630,5671.A4HVU4,5671.A4HWP5,0.253
1502,LINJ_14_0020,LINJ_31_1560,5671.A4HVU4,5671.A4I6T1,0.253
1503,LINJ_14_0020,LINJ_28_1800,5671.A4HVU4,5671.A4I3P6,0.346
1504,LINJ_14_0020,LINJ_25_2450,5671.A4HVU4,5671.A4I1T4,0.346
1505,LINJ_14_0020,LINJ_22_1530,5671.A4HVU4,5671.A4I027,0.042
1506,LINJ_14_0020,LINJ_30_2970,5671.A4HVU4,5671.A4I5X4,0.042
1507,LINJ_14_0140,LINJ_34_1900,5671.A4HVV6,5671.A4IAM7,0.22
1508,LINJ_14_0140,LINJ_22_0480,5671.A4HVV6,5671.A4HZT8,0.049
1509,LINJ_14_0140,LINJ_24_1410,5671.A4HVV6,5671.A4I0X6,0.163
1510,LINJ_14_0140,LINJ_21_0740,5671.A4HVV6,5671.A4HZ67,0.163
1527,LINJ_14_0580,LINJ_35_3920,5671.A4HVZ9,5671.A4IBS6,0.124
1528,LINJ_14_0580,LINJ_25_0440,5671.A4HVZ9,5671.A4I186,0.314
1529,LINJ_14_0820,LINJ_34_4140,5671.A4HW20,5671.A4IAK2,0.071
1530,LINJ_14_0820,LINJ_33_3360,5671.A4HW20,5671.A4I9G2,0.059
1531,LINJ_14_0820,LINJ_17_0770,5671.A4HW20,5671.A4HXE5,0.06
1532,LINJ_14_0820,LINJ_36_5580,5671.A4HW20,5671.A4IC77,0.06
1533,LINJ_14_0820,LINJ_26_2540,5671.A4HW20,5671.A4I2I8,0.06
1534,LINJ_14_0820,LINJ_26_2100,5671.A4HW20,5671.A4I2D8,0.059
1535,LINJ_14_0820,LINJ_24_0260,5671.A4HW20,5671.E9AH38,0.059
1536,LINJ_14_0820,LINJ_08_1250,5671.A4HW20,5671.E9AG93,0.072
1537,LINJ_14_0820,LINJ_20_1370,5671.A4HW20,5671.A4HYX6,0.072
1538,LINJ_14_0820,LINJ_27_0620,5671.A4HW20,5671.E9AHE8,0.047
1539,LINJ_14_0820,LINJ_18_1140,5671.A4HW20,5671.A4HXY7,0.072
1540,LINJ_14_0820,LINJ_21_0910,5671.A4HW20,5671.A4HZ84,0.069
1541,LINJ_14_0820,LINJ_33_1940,5671.A4HW20,5671.A4I946,0.047
1542,LINJ_14_0820,LINJ_30_1710,5671.A4HW20,5671.A4I5J8,0.059
1543,LINJ_14_0820,RAB7,5671.A4HW20,5671.E9AGQ4,0.058
1544,LINJ_14_0820,LINJ_24_0130,5671.A4HW20,5671.E9AH25,0.062
1545,LINJ_14_0820,LINJ_34_0030,5671.A4HW20,5671.A4I9H1,0.217
1546,LINJ_14_0820,LINJ_34_3370,5671.A4HW20,5671.A4IAC5,0.22
1548,LINJ_14_1140,LINJ_06_1220,5671.A4HW49,5671.E9AG71,0.049
1550,LINJ_14_1380,LINJ_06_1220,5671.A4HW76,5671.E9AG71,0.047
1551,LINJ_14_1380,MKK,5671.A4HW76,5671.A4I4U6,0.058
1552,LINJ_14_1380,LINJ_24_2410,5671.A4HW76,5671.A4I140,0.058
1553,LINJ_14_1380,LINJ_34_1840,5671.A4HW76,5671.A4I9Y5,0.058
1554,LINJ_14_1380,MKK5,5671.A4HW76,5671.A4ICP8,0.058
1555,LINJ_14_1380,LINJ_34_0030,5671.A4HW76,5671.A4I9H1,0.05
1556,LINJ_14_1510,LINJ_20_0970,5671.A4HW88,5671.A4HYT8,0.051
1557,LINJ_15_0520,LINJ_33_3360,5671.A4HWE8,5671.A4I9G2,0.048
1558,LINJ_15_0520,VPS4,5671.A4HWE8,5671.A4I4W4,0.046
1559,LINJ_15_0520,LINJ_34_3130,5671.A4HWE8,5671.A4IAA1,0.046
1560,LINJ_15_0810,LINJ_34_0030,5671.A4HWH3,5671.A4I9H1,0.265
1561,LINJ_15_0990,LINJ_36_6370,5671.A4HWJ1,5671.A4IE23,0.051
1562,LINJ_15_0990,LINJ_22_1260,5671.A4HWJ1,5671.A4I000,0.051
1563,LINJ_15_0990,LINJ_24_0130,5671.A4HWJ1,5671.E9AH25,0.081
1567,TOP2,CRK3,5671.A4HWL4,5671.A4ICT0,0.075
1568,TOP2,CRK,5671.A4HWL4,5671.A4HWZ4,0.075
1569,TOP2,LINJ_27_2570,5671.A4HWL4,5671.E9AHC6,0.075
1570,TOP2,LINJ_30_1780,5671.A4HWL4,5671.A4I5K5,0.075
1571,TOP2,LINJ_29_2260,5671.A4HWL4,5671.A4I4S4,0.075
1572,TOP2,LINJ_22_0920,5671.A4HWL4,5671.E9AGZ4,0.071
1573,TOP2,LINJ_36_4020,5671.A4HWL4,5671.A4ID13,0.071
1574,TOP2,LINJ_26_0590,5671.A4HWL4,5671.A4I1Z4,0.396
1575,TOP2,LMAIRK,5671.A4HWL4,5671.A4I3C6,0.163
1576,TOP2,LINJ_29_1420,5671.A4HWL4,5671.E9AHI7,0.163
1577,TOP2,LINJ_24_1790,5671.A4HWL4,5671.E9AH79,0.103
1578,TOP2,LINJ_26_2460,5671.A4HWL4,5671.A4I2H1,0.163
1579,TOP2,LINJ_24_2220,5671.A4HWL4,5671.A4I122,0.194
1580,TOP2,DHFR-TS,5671.A4HWL4,5671.Q8MQV3,0.609
1581,TOP2,LINJ_34_3220,5671.A4HWL4,5671.Q9GPZ9,0.434
1582,LINJ_15_1540,LINJ_17_1060,5671.A4HWN6,5671.A4HXH3,0.101
1583,LINJ_15_1540,PDEA,5671.A4HWN6,5671.A4HXY3,0.101
1584,LINJ_15_1540,LINJ_35_4010,5671.A4HWN6,5671.A4IBT4,0.125
1585,LINJ_15_1540,PKAC1,5671.A4HWN6,5671.A4HXY2,0.125
1586,LINJ_15_1540,LINJ_35_4060,5671.A4HWN6,5671.A4IBT9,0.125
1589,LINJ_15_1550,LINJ_17_1060,5671.A4HWN7,5671.A4HXH3,0.101
1590,LINJ_15_1550,PDEA,5671.A4HWN7,5671.A4HXY3,0.101
1591,LINJ_15_1550,LINJ_35_4060,5671.A4HWN7,5671.A4IBT9,0.125
1592,LINJ_15_1550,PKAC1,5671.A4HWN7,5671.A4HXY2,0.125
1593,LINJ_15_1550,LINJ_35_4010,5671.A4HWN7,5671.A4IBT4,0.125
1595,LINJ_15_1630,GSK3,5671.A4HWP5,5671.A4HXQ3,0.046
1597,LINJ_15_1630,LINJ_22_0370,5671.A4HWP5,5671.A4HZS7,0.046
1598,LINJ_15_1630,LINJ_29_2600,5671.A4HWP5,5671.A4I4W3,0.043
1599,LINJ_15_1630,LINJ_28_1800,5671.A4HWP5,5671.A4I3P6,0.126
1600,LINJ_15_1630,LINJ_25_2450,5671.A4HWP5,5671.A4I1T4,0.126
1601,LINJ_15_1630,LINJ_30_0850,5671.A4HWP5,5671.A4I5B1,0.164
1602,LINJ_16_0070,LINJ_36_1730,5671.A4HWQ5,5671.A4IDD6,0.243
1603,LINJ_16_0070,LINJ_33_3360,5671.A4HWQ5,5671.A4I9G2,0.048
1604,LINJ_16_0070,LINJ_35_1310,5671.A4HWQ5,5671.A4IB24,0.261
1605,LINJ_16_0070,LINJ_29_0770,5671.A4HWQ5,5671.A4I4C7,0.56
1606,LINJ_16_0070,LINJ_20_1580,5671.A4HWQ5,5671.A4HZ08,0.331
1607,LINJ_16_0070,LINJ_34_3300,5671.A4HWQ5,5671.A4IAB8,0.331
1608,LINJ_16_0590,DHFR-TS,5671.A4HWV8,5671.Q8MQV3,0.267
1610,LINJ_16_0590,LINJ_31_3080,5671.A4HWV8,5671.A4I7A2,0.055
1611,LINJ_16_0590,LINJ_16_1430,5671.A4HWV8,5671.A4HX32,0.061
1612,LINJ_16_0590,DHODH,5671.A4HWV8,5671.E9AGN2,0.279
1613,LINJ_16_0640,LINJ_24_2220,5671.A4HWW3,5671.A4I122,0.045
1614,LINJ_16_0640,LINJ_25_0440,5671.A4HWW3,5671.A4I186,0.046
1615,LINJ_16_0640,LINJ_25_1460,5671.A4HWW3,5671.A4I1I6,0.061
1616,LINJ_16_0640,LINJ_34_3790,5671.A4HWW3,5671.A4IAG7,0.573
1617,LINJ_16_0640,LINJ_32_1150,5671.A4HWW3,5671.A4I7S6,0.573
1618,LINJ_16_0640,LINJ_25_1930,5671.A4HWW3,5671.A4I1N3,0.043
1619,LINJ_16_0730,LINJ_34_1530,5671.A4HWX0,5671.A4I9V5,0.045
1620,LINJ_16_0730,LINJ_29_2410,5671.A4HWX0,5671.A4I4U4,0.22
1621,LINJ_16_0730,LINJ_34_0030,5671.A4HWX0,5671.A4I9H1,0.05
1622,LINJ_16_0730,LINJ_34_3790,5671.A4HWX0,5671.A4IAG7,0.252
1623,LINJ_16_0730,LINJ_32_1150,5671.A4HWX0,5671.A4I7S6,0.252
1624,LINJ_16_0870,LINJ_20_0970,5671.A4HWY3,5671.A4HYT8,0.051
1625,CRK,LINJ_24_2410,5671.A4HWZ4,5671.A4I140,0.059
1627,CRK,LINJ_30_3530,5671.A4HWZ4,5671.A4I638,0.067
1628,CRK,LINJ_28_2450,5671.A4HWZ4,5671.A4I3V9,0.075
1630,CRK,MKK5,5671.A4HWZ4,5671.A4ICP8,0.059
1632,CRK,DHFR-TS,5671.A4HWZ4,5671.Q8MQV3,0.282
1636,CRK,LINJ_21_0210,5671.A4HWZ4,5671.A4HZA2,0.044
1637,CRK,LINJ_27_1680,5671.A4HWZ4,5671.A4I2Y4,0.067
1638,CRK,LINJ_36_4020,5671.A4HWZ4,5671.A4ID13,0.047
1639,CRK,LINJ_22_0920,5671.A4HWZ4,5671.E9AGZ4,0.047
1640,CRK,LINJ_33_2910,5671.A4HWZ4,5671.A4I9B7,0.049
1641,CRK,LINJ_34_1840,5671.A4HWZ4,5671.A4I9Y5,0.059
1642,CRK,MKK,5671.A4HWZ4,5671.A4I4U6,0.059
1643,CRK,LINJ_26_2460,5671.A4HWZ4,5671.A4I2H1,0.072
1644,CRK,LMAIRK,5671.A4HWZ4,5671.A4I3C6,0.072
1645,CRK,LINJ_29_1420,5671.A4HWZ4,5671.E9AHI7,0.072
1646,CRK,LINJ_18_0470,5671.A4HWZ4,5671.A4HXS2,0.056
1647,CRK,LINJ_17_0280,5671.A4HWZ4,5671.A4HX90,0.056
1648,CRK,LINJ_20_0020,5671.A4HWZ4,5671.A4HYJ4,0.056
1649,CRK,LINJ_36_5580,5671.A4HWZ4,5671.A4IC77,0.071
1650,CRK,LINJ_26_2540,5671.A4HWZ4,5671.A4I2I8,0.071
1651,CRK,LINJ_17_0770,5671.A4HWZ4,5671.A4HXE5,0.071
1652,CRK,LINJ_32_1520,5671.A4HWZ4,5671.A4I7W3,0.17
1653,CRK,LINJ_24_2220,5671.A4HWZ4,5671.A4I122,0.107
1654,CRK,LINJ_24_0130,5671.A4HWZ4,5671.E9AH25,0.071
1655,CRK,LINJ_26_0050,5671.A4HWZ4,5671.A4I1U3,0.074
1656,CRK,LINJ_30_0420,5671.A4HWZ4,5671.A4I569,0.056
1657,CRK,LINJ_24_1790,5671.A4HWZ4,5671.E9AH79,0.097
1658,CRK,CYC8,5671.A4HWZ4,5671.A4I1W9,0.318
1659,CRK,CYCA,5671.A4HWZ4,5671.A4I1J3,0.319
1660,CRK,CYC6,5671.A4HWZ4,5671.A4I8F7,0.441
1661,CRK,LINJ_29_2830,5671.A4HWZ4,5671.A4I4Y0,0.181
1662,CRK,CYC3,5671.A4HWZ4,5671.A4I503,0.509
1663,LINJ_16_1180,LINJ_34_0030,5671.A4HX11,5671.A4I9H1,0.261
1664,LINJ_16_1430,DHODH,5671.A4HX32,5671.E9AGN2,0.057
1665,LINJ_16_1430,LINJ_24_1890,5671.A4HX32,5671.E9AH89,0.091
1666,LINJ_16_1430,LINJ_35_1240,5671.A4HX32,5671.A4IB17,0.091
1667,LINJ_16_1430,LINJ_36_3570,5671.A4HX32,5671.A4ID56,0.091
1668,LINJ_16_1430,LINJ_35_1230,5671.A4HX32,5671.A4IB16,0.091
1669,LINJ_16_1430,PTR1,5671.A4HX32,5671.A4I067,0.091
1670,LINJ_16_1430,LINJ_27_2390,5671.A4HX32,5671.A4I345,0.091
1671,LINJ_16_1430,LINJ_36_4380,5671.A4HX32,5671.A4IE56,0.091
1672,LINJ_16_1430,LINJ_30_2920,5671.A4HX32,5671.A4I5W9,0.215
1673,LINJ_16_1430,LINJ_36_5410,5671.A4HX32,5671.A4IDU0,0.215
1674,LINJ_16_1430,ALDH2,5671.A4HX32,5671.A4I1F4,0.215
1675,LINJ_16_1430,LINJ_36_1840,5671.A4HX32,5671.A4IDE7,0.314
1676,LINJ_16_1430,LINJ_31_3080,5671.A4HX32,5671.A4I7A2,0.28
1677,LINJ_16_1430,LINJ_31_3260,5671.A4HX32,5671.A4I7C0,0.398
1678,LINJ_17_0070,LINJ_27_2570,5671.A4HX71,5671.E9AHC6,0.06
1679,LINJ_17_0070,LINJ_36_5580,5671.A4HX71,5671.A4IC77,0.176
1681,LINJ_17_0070,LINJ_17_0770,5671.A4HX71,5671.A4HXE5,0.176
1682,LINJ_17_0070,RAD51,5671.A4HX71,5671.A4I3C9,0.233
1683,LINJ_17_0070,LINJ_26_2540,5671.A4HX71,5671.A4I2I8,0.176
1684,LINJ_17_0070,LINJ_34_0030,5671.A4HX71,5671.A4I9H1,0.156
1685,LINJ_17_0070,LINJ_29_2830,5671.A4HX71,5671.A4I4Y0,0.202
1686,LINJ_17_0070,LINJ_32_1520,5671.A4HX71,5671.A4I7W3,0.398
1687,LINJ_17_0280,LINJ_34_0030,5671.A4HX90,5671.A4I9H1,0.057
1690,LINJ_17_0280,LINJ_24_2350,5671.A4HX90,5671.A4I135,0.059
1691,LINJ_17_0280,LINJ_25_0440,5671.A4HX90,5671.A4I186,0.053
1693,LINJ_17_0280,LINJ_30_1460,5671.A4HX90,5671.A4I5H1,0.046
1694,LINJ_17_0280,LINJ_26_2540,5671.A4HX90,5671.A4I2I8,0.072
1695,LINJ_17_0280,LINJ_36_5580,5671.A4HX90,5671.A4IC77,0.072
1696,LINJ_17_0280,LINJ_17_0770,5671.A4HX90,5671.A4HXE5,0.072
1697,LINJ_17_0280,LINJ_21_0460,5671.A4HX90,5671.A4HZ39,0.098
1698,LINJ_17_0280,LINJ_29_2260,5671.A4HX90,5671.A4I4S4,0.056
1699,LINJ_17_0280,LINJ_30_1780,5671.A4HX90,5671.A4I5K5,0.056
1700,LINJ_17_0280,LINJ_27_2570,5671.A4HX90,5671.E9AHC6,0.056
1701,LINJ_17_0280,CRK3,5671.A4HX90,5671.A4ICT0,0.056
1702,LINJ_17_0280,CYC3,5671.A4HX90,5671.A4I503,0.071
1703,LINJ_17_0280,CYCA,5671.A4HX90,5671.A4I1J3,0.071
1704,LINJ_17_0280,CYC8,5671.A4HX90,5671.A4I1W9,0.071
1705,LINJ_17_0280,CYC6,5671.A4HX90,5671.A4I8F7,0.071
1706,LINJ_17_0280,LINJ_24_0130,5671.A4HX90,5671.E9AH25,0.074
1707,LINJ_17_0280,LINJ_26_0050,5671.A4HX90,5671.A4I1U3,0.071
1708,LINJ_17_0550,LINJ_06_1220,5671.A4HXC3,5671.E9AG71,0.047
1709,LINJ_17_0550,LINJ_24_2410,5671.A4HXC3,5671.A4I140,0.058
1710,LINJ_17_0550,LINJ_34_1840,5671.A4HXC3,5671.A4I9Y5,0.058
1711,LINJ_17_0550,MKK,5671.A4HXC3,5671.A4I4U6,0.058
1712,LINJ_17_0550,MKK5,5671.A4HXC3,5671.A4ICP8,0.058
1714,LINJ_17_0550,LINJ_20_1370,5671.A4HXC3,5671.A4HYX6,0.058
1715,LINJ_17_0660,LINJ_33_2210,5671.A4HXD4,5671.A4I980,0.105
1716,LINJ_17_0660,LINJ_35_2080,5671.A4HXD4,5671.A4IBA6,0.101
1717,LINJ_17_0770,LINJ_06_1220,5671.A4HXE5,5671.E9AG71,0.056
1718,LINJ_17_0770,LINJ_32_1930,5671.A4HXE5,5671.A4I7Z9,0.06
1719,LINJ_17_0770,LINJ_31_0890,5671.A4HXE5,5671.A4I6I0,0.06
1720,LINJ_17_0770,LINJ_19_1510,5671.A4HXE5,5671.A4HYH7,0.176
1721,LINJ_17_0770,LINJ_36_6370,5671.A4HXE5,5671.A4IE23,0.213
1722,LINJ_17_0770,LINJ_32_0690,5671.A4HXE5,5671.A4I7L6,0.213
1723,LINJ_17_0770,LINJ_22_1260,5671.A4HXE5,5671.A4I000,0.213
1724,LINJ_17_0770,LINJ_25_1360,5671.A4HXE5,5671.A4I1H6,0.049
1725,LINJ_17_0770,LPG3,5671.A4HXE5,5671.A4I4C9,0.072
1726,LINJ_17_0770,LINJ_35_1030,5671.A4HXE5,5671.A4IAZ8,0.291
1727,LINJ_17_0770,LINJ_33_2520,5671.A4HXE5,5671.E9AHQ7,0.076
1728,LINJ_17_0770,HSP83,5671.A4HXE5,5671.E9AHM8,0.076
1729,LINJ_17_0770,HSP83-2,5671.A4HXE5,5671.E9AHM9,0.076
1730,LINJ_17_0770,LINJ_18_0470,5671.A4HXE5,5671.A4HXS2,0.072
1731,LINJ_17_0770,LINJ_20_0020,5671.A4HXE5,5671.A4HYJ4,0.072
1732,LINJ_17_0770,LINJ_34_2160,5671.A4HXE5,5671.A4IA04,0.318
1733,LINJ_17_0770,LINJ_29_2260,5671.A4HXE5,5671.A4I4S4,0.071
1734,LINJ_17_0770,LINJ_30_1780,5671.A4HXE5,5671.A4I5K5,0.071
1735,LINJ_17_0770,LINJ_28_0860,5671.A4HXE5,5671.A4I3F5,0.491
1736,LINJ_17_0770,LINJ_21_0280,5671.A4HXE5,5671.A4HZA9,0.491
1737,LINJ_17_0770,LINJ_35_3930,5671.A4HXE5,5671.A4IBS7,0.491
1738,LINJ_17_0770,LINJ_27_2570,5671.A4HXE5,5671.E9AHC6,0.071
1739,LINJ_17_0770,CRK3,5671.A4HXE5,5671.A4ICT0,0.071
1740,LINJ_17_0770,LINJ_33_2910,5671.A4HXE5,5671.A4I9B7,0.046
1741,LINJ_17_0770,LINJ_30_0420,5671.A4HXE5,5671.A4I569,0.318
1742,LINJ_17_0770,LINJ_24_2220,5671.A4HXE5,5671.A4I122,0.142
1743,LINJ_17_0770,LINJ_30_3530,5671.A4HXE5,5671.A4I638,0.513
1744,LINJ_17_0770,CYC3,5671.A4HXE5,5671.A4I503,0.156
1745,LINJ_17_0770,CYCA,5671.A4HXE5,5671.A4I1J3,0.156
1746,LINJ_17_0770,LINJ_35_1020,5671.A4HXE5,5671.A4IAZ7,0.546
1747,LINJ_17_0770,LINJ_24_0130,5671.A4HXE5,5671.E9AH25,0.099
1748,LINJ_17_0770,CYC8,5671.A4HXE5,5671.A4I1W9,0.212
1749,LINJ_17_0770,LINJ_26_2460,5671.A4HXE5,5671.A4I2H1,0.156
1750,LINJ_17_0770,LMAIRK,5671.A4HXE5,5671.A4I3C6,0.156
1751,LINJ_17_0770,CYC6,5671.A4HXE5,5671.A4I8F7,0.345
1752,LINJ_17_0770,LINJ_29_1420,5671.A4HXE5,5671.E9AHI7,0.156
1753,LINJ_17_0770,LINJ_24_1790,5671.A4HXE5,5671.E9AH79,0.173
1754,LINJ_17_0770,LINJ_29_2830,5671.A4HXE5,5671.A4I4Y0,0.22
1755,GMPR,LinJ_35_5450,5671.A4HXF5,5671.A4IAQ1,0.178
1756,GMPR,LinJ_35_5440,5671.A4HXF5,5671.A4IAQ0,0.178
1757,GMPR,LINJ_35_0030,5671.A4HXF5,5671.A4IAQ4,0.178
1758,GMPR,LINJ_32_3470,5671.A4HXF5,5671.A4I8F2,0.244
1759,GMPR,LINJ_19_0540,5671.A4HXF5,5671.A4HY76,0.125
1760,GMPR,LINJ_27_1150,5671.A4HXF5,5671.A4I2S6,0.104
1761,GMPR,LINJ_36_4380,5671.A4HXF5,5671.A4IE56,0.347
1762,GMPR,LINJ_19_0150,5671.A4HXF5,5671.E9AGR8,0.125
1763,GMPR,AAH,5671.A4HXF5,5671.E9AHV7,0.394
1764,GMPR,DHODH,5671.A4HXF5,5671.E9AGN2,0.398
1765,GMPR,DHFR-TS,5671.A4HXF5,5671.Q8MQV3,0.604
1766,GMPR,LINJ_21_0960,5671.A4HXF5,5671.A4HZM5,0.557
1767,GMPR,LINJ_19_1590,5671.A4HXF5,5671.A4HYI5,0.112
1768,LINJ_17_1000,LINJ_36_2310,5671.A4HXG8,5671.A4IDJ2,0.049
1769,LINJ_17_1060,LINJ_29_2550,5671.A4HXH3,5671.A4I4V8,0.101
1770,LINJ_17_1060,LINJ_29_2790,5671.A4HXH3,5671.A4I4X6,0.101
1771,LINJ_17_1560,LINJ_21_1990,5671.A4HXM2,5671.A4HZG8,0.235
1772,LINJ_17_1560,LINJ_24_0130,5671.A4HXM2,5671.E9AH25,0.099
1773,LINJ_18_0090,LPG3,5671.A4HXN5,5671.A4I4C9,0.22
1774,LINJ_18_0150,LINJ_36_0970,5671.A4HXP1,5671.A4ICP3,0.079
1775,LINJ_18_0150,LINJ_34_0030,5671.A4HXP1,5671.A4I9H1,0.42
1776,LINJ_18_0150,LPG3,5671.A4HXP1,5671.A4I4C9,0.196
1777,LINJ_18_0150,LINJ_33_2520,5671.A4HXP1,5671.E9AHQ7,0.217
1778,LINJ_18_0150,HSP83-2,5671.A4HXP1,5671.E9AHM9,0.217
1779,LINJ_18_0150,HSP83,5671.A4HXP1,5671.E9AHM8,0.217
1780,LINJ_18_0170,LINJ_29_2940,5671.A4HXP3,5671.A4I4Y5,0.046
1781,LINJ_18_0180,LINJ_29_2940,5671.A4HXP4,5671.A4I4Y5,0.046
1782,LINJ_18_0190,LINJ_29_2940,5671.A4HXP5,5671.A4I4Y5,0.046
1783,GSK3,LINJ_24_0130,5671.A4HXQ3,5671.E9AH25,0.063
1784,GSK3,LINJ_36_2310,5671.A4HXQ3,5671.A4IDJ2,0.059
1785,GSK3,LINJ_29_2600,5671.A4HXQ3,5671.A4I4W3,0.061
1786,GSK3,LINJ_36_5610,5671.A4HXQ3,5671.A4IDV1,0.067
1787,GSK3,LINJ_28_1800,5671.A4HXQ3,5671.A4I3P6,0.057
1788,GSK3,LINJ_36_5320,5671.A4HXQ3,5671.A4IDT1,0.317
1789,GSK3,MKK,5671.A4HXQ3,5671.A4I4U6,0.064
1790,GSK3,LINJ_34_1840,5671.A4HXQ3,5671.A4I9Y5,0.064
1791,GSK3,LINJ_24_2410,5671.A4HXQ3,5671.A4I140,0.064
1792,GSK3,LINJ_24_0220,5671.A4HXQ3,5671.E9AH34,0.071
1793,GSK3,PKAC1,5671.A4HXQ3,5671.A4HXY2,0.187
1794,GSK3,LINJ_33_2520,5671.A4HXQ3,5671.E9AHQ7,0.164
1795,GSK3,HSP83,5671.A4HXQ3,5671.E9AHM8,0.164
1796,GSK3,HSP83-2,5671.A4HXQ3,5671.E9AHM9,0.164
1797,GSK3,LINJ_35_3880,5671.A4HXQ3,5671.A4IBS2,0.049
1798,GSK3,LINJ_35_3930,5671.A4HXQ3,5671.A4IBS7,0.331
1799,GSK3,LINJ_28_0860,5671.A4HXQ3,5671.A4I3F5,0.331
1802,GSK3,RPT6,5671.A4HXQ3,5671.A4IE38,0.043
1803,GSK3,LINJ_25_2450,5671.A4HXQ3,5671.A4I1T4,0.057
1805,GSK3,LINJ_22_0440,5671.A4HXQ3,5671.A4HZT4,0.043
1809,GSK3,LINJ_22_0490,5671.A4HXQ3,5671.A4HZT9,0.049
1810,GSK3,CYC6,5671.A4HXQ3,5671.A4I8F7,0.426
1811,GSK3,LINJ_20_1370,5671.A4HXQ3,5671.A4HYX6,0.059
1812,GSK3,LINJ_25_1360,5671.A4HXQ3,5671.A4I1H6,0.049
1813,GSK3,MKK5,5671.A4HXQ3,5671.A4ICP8,0.212
1814,GSK3,LINJ_30_0850,5671.A4HXQ3,5671.A4I5B1,0.221
1815,GSK3,LINJ_35_4060,5671.A4HXQ3,5671.A4IBT9,0.326
1816,GSK3,LINJ_35_4010,5671.A4HXQ3,5671.A4IBT4,0.326
1817,GSK3,LINJ_34_0030,5671.A4HXQ3,5671.A4I9H1,0.262
1819,GSK3,LINJ_35_1020,5671.A4HXQ3,5671.A4IAZ7,0.767
1820,GSK3,LINJ_30_3530,5671.A4HXQ3,5671.A4I638,0.806
1821,GSK3,LINJ_35_1030,5671.A4HXQ3,5671.A4IAZ8,0.807
1823,LINJ_18_0470,LINJ_34_0030,5671.A4HXS2,5671.A4I9H1,0.057
1824,LINJ_18_0470,LINJ_25_0440,5671.A4HXS2,5671.A4I186,0.053
1825,LINJ_18_0470,LINJ_24_2350,5671.A4HXS2,5671.A4I135,0.059
1826,LINJ_18_0470,LINJ_30_1460,5671.A4HXS2,5671.A4I5H1,0.046
1828,LINJ_18_0470,LINJ_36_5580,5671.A4HXS2,5671.A4IC77,0.072
1829,LINJ_18_0470,LINJ_26_2540,5671.A4HXS2,5671.A4I2I8,0.072
1830,LINJ_18_0470,LINJ_21_0460,5671.A4HXS2,5671.A4HZ39,0.098
1831,LINJ_18_0470,CRK3,5671.A4HXS2,5671.A4ICT0,0.056
1832,LINJ_18_0470,LINJ_27_2570,5671.A4HXS2,5671.E9AHC6,0.056
1833,LINJ_18_0470,LINJ_30_1780,5671.A4HXS2,5671.A4I5K5,0.056
1834,LINJ_18_0470,LINJ_29_2260,5671.A4HXS2,5671.A4I4S4,0.056
1835,LINJ_18_0470,CYC6,5671.A4HXS2,5671.A4I8F7,0.071
1836,LINJ_18_0470,CYCA,5671.A4HXS2,5671.A4I1J3,0.071
1837,LINJ_18_0470,CYC8,5671.A4HXS2,5671.A4I1W9,0.071
1838,LINJ_18_0470,CYC3,5671.A4HXS2,5671.A4I503,0.071
1839,LINJ_18_0470,LINJ_24_0130,5671.A4HXS2,5671.E9AH25,0.074
1840,LINJ_18_0470,LINJ_26_0050,5671.A4HXS2,5671.A4I1U3,0.071
1841,LINJ_18_0650,LINJ_34_2160,5671.A4HXU0,5671.A4IA04,0.05
1842,LINJ_18_0650,LINJ_22_1260,5671.A4HXU0,5671.A4I000,0.05
1843,LINJ_18_0650,LINJ_36_6370,5671.A4HXU0,5671.A4IE23,0.05
1844,LINJ_18_0650,LINJ_32_0690,5671.A4HXU0,5671.A4I7L6,0.05
1845,LINJ_18_0650,LINJ_21_1990,5671.A4HXU0,5671.A4HZG8,0.1
1846,LINJ_18_0650,LINJ_28_1800,5671.A4HXU0,5671.A4I3P6,0.049
1847,LINJ_18_0650,LINJ_21_0910,5671.A4HXU0,5671.A4HZ84,0.077
1848,LINJ_18_0650,LINJ_25_2450,5671.A4HXU0,5671.A4I1T4,0.049
1849,LINJ_18_0650,LINJ_29_2600,5671.A4HXU0,5671.A4I4W3,0.057
1851,PKAC1,LINJ_22_0370,5671.A4HXY2,5671.A4HZS7,0.187
1852,PKAC1,TOR3,5671.A4HXY2,5671.A4IAG3,0.458
1853,PKAC1,TOR2,5671.A4HXY2,5671.A4IAK5,0.515
1854,PKAC1,TOR1,5671.A4HXY2,5671.A4IE36,0.515
1855,PKAC1,LINJ_29_2790,5671.A4HXY2,5671.A4I4X6,0.125
1856,PKAC1,LINJ_29_2550,5671.A4HXY2,5671.A4I4V8,0.125
1857,PKAC1,LINJ_34_0030,5671.A4HXY2,5671.A4I9H1,0.503
1858,PDEA,LINJ_29_2790,5671.A4HXY3,5671.A4I4X6,0.101
1859,PDEA,LINJ_29_2550,5671.A4HXY3,5671.A4I4V8,0.101
1860,LINJ_18_1110,LINJ_34_0030,5671.A4HXY4,5671.A4I9H1,0.075
1861,LINJ_18_1110,LINJ_26_2100,5671.A4HXY4,5671.A4I2D8,0.048
1862,LINJ_18_1110,LINJ_24_0260,5671.A4HXY4,5671.E9AH38,0.048
1869,LINJ_18_1140,LINJ_34_3130,5671.A4HXY7,5671.A4IAA1,0.182
1870,LINJ_18_1140,VPS4,5671.A4HXY7,5671.A4I4W4,0.182
1871,LINJ_18_1140,LINJ_31_0890,5671.A4HXY7,5671.A4I6I0,0.072
1872,LINJ_18_1140,LINJ_32_2160,5671.A4HXY7,5671.A4I825,0.105
1873,LINJ_18_1140,LINJ_24_2090,5671.A4HXY7,5671.A4I109,0.235
1874,LINJ_18_1140,LINJ_32_1930,5671.A4HXY7,5671.A4I7Z9,0.072
1875,LINJ_18_1140,LINJ_30_1710,5671.A4HXY7,5671.A4I5J8,0.095
1876,LINJ_18_1140,LINJ_32_0520,5671.A4HXY7,5671.A4I7N3,0.097
1877,LINJ_18_1140,RAB7,5671.A4HXY7,5671.E9AGQ4,0.171
1878,LINJ_18_1140,LINJ_34_0030,5671.A4HXY7,5671.A4I9H1,0.563
1879,H1A-1-2,LINJ_33_2210,5671.A4HY21,5671.A4I980,0.105
1880,H1A-2,LINJ_33_2210,5671.A4HY23,5671.A4I980,0.105
1882,LINJ_19_0540,LINJ_19_1590,5671.A4HY76,5671.A4HYI5,0.125
1883,LINJ_19_0540,LINJ_32_3470,5671.A4HY76,5671.A4I8F2,0.354
1885,LINJ_19_0540,NMT,5671.A4HY76,5671.A4I7H1,0.515
1886,LINJ_19_0540,DHFR-TS,5671.A4HY76,5671.Q8MQV3,0.409
1887,LINJ_19_0540,LINJ_21_0960,5671.A4HY76,5671.A4HZM5,0.56
1888,LINJ_19_0950,LINJ_33_1690,5671.A4HYA8,5671.A4I931,0.157
1889,LINJ_19_0950,LINJ_36_4380,5671.A4HYA8,5671.A4IE56,0.105
1890,LINJ_19_0950,LINJ_36_5410,5671.A4HYA8,5671.A4IDU0,0.089
1891,LINJ_19_0950,LINJ_30_2920,5671.A4HYA8,5671.A4I5W9,0.089
1892,LINJ_19_0950,LINJ_36_1840,5671.A4HYA8,5671.A4IDE7,0.089
1893,LINJ_19_0950,LINJ_30_3610,5671.A4HYA8,5671.A4I646,0.081
1894,LINJ_19_0950,LINJ_34_3110,5671.A4HYA8,5671.A4IAA0,0.081
1895,LINJ_19_0950,LINJ_27_0090,5671.A4HYA8,5671.A4I2K5,0.081
1896,LINJ_19_0950,ALDH2,5671.A4HYA8,5671.A4I1F4,0.206
1897,LINJ_19_0950,LINJ_23_0580,5671.A4HYA8,5671.A4I093,0.13
1898,LINJ_19_0950,LINJ_23_0880,5671.A4HYA8,5671.A4I0C2,0.13
1899,LINJ_19_0950,LINJ_28_2190,5671.A4HYA8,5671.A4I3T3,0.22
1900,LINJ_19_0970,LINJ_33_1690,5671.A4HYB7,5671.A4I931,0.157
1901,LINJ_19_0970,LINJ_36_4380,5671.A4HYB7,5671.A4IE56,0.105
1902,LINJ_19_0970,LINJ_36_5410,5671.A4HYB7,5671.A4IDU0,0.089
1903,LINJ_19_0970,LINJ_36_1840,5671.A4HYB7,5671.A4IDE7,0.089
1904,LINJ_19_0970,LINJ_30_2920,5671.A4HYB7,5671.A4I5W9,0.089
1905,LINJ_19_0970,LINJ_30_3610,5671.A4HYB7,5671.A4I646,0.081
1906,LINJ_19_0970,LINJ_27_0090,5671.A4HYB7,5671.A4I2K5,0.081
1907,LINJ_19_0970,LINJ_34_3110,5671.A4HYB7,5671.A4IAA0,0.081
1908,LINJ_19_0970,ALDH2,5671.A4HYB7,5671.A4I1F4,0.206
1909,LINJ_19_0970,LINJ_23_0580,5671.A4HYB7,5671.A4I093,0.13
1910,LINJ_19_0970,LINJ_23_0880,5671.A4HYB7,5671.A4I0C2,0.13
1911,LINJ_19_0970,LINJ_28_2190,5671.A4HYB7,5671.A4I3T3,0.22
1912,CPA,LINJ_34_3130,5671.A4HYH2,5671.A4IAA1,0.413
1913,CPA,VPS4,5671.A4HYH2,5671.A4I4W4,0.412
1914,CPA,LINJ_24_1510,5671.A4HYH2,5671.A4I5H8,0.456
1915,CPA,LINJ_29_0860,5671.A4HYH2,5671.A4I4D6,0.405
1916,MPK4,LINJ_28_0170,5671.A4HYH4,5671.A4I390,0.058
1917,MPK4,TOR2,5671.A4HYH4,5671.A4IAK5,0.319
1918,MPK4,TOR1,5671.A4HYH4,5671.A4IE36,0.321
1919,MPK4,TOR3,5671.A4HYH4,5671.A4IAG3,0.325
1920,MPK4,LINJ_26_2100,5671.A4HYH4,5671.A4I2D8,0.071
1921,MPK4,LINJ_24_0260,5671.A4HYH4,5671.E9AH38,0.071
1922,MPK4,LINJ_34_0030,5671.A4HYH4,5671.A4I9H1,0.059
1923,MPK4,LINJ_06_1220,5671.A4HYH4,5671.E9AG71,0.072
1924,MPK4,LINJ_30_0850,5671.A4HYH4,5671.A4I5B1,0.1
1925,MPK4,LINJ_36_2310,5671.A4HYH4,5671.A4IDJ2,0.078
1927,MPK4,MKK5,5671.A4HYH4,5671.A4ICP8,0.071
1928,MPK4,LINJ_24_2410,5671.A4HYH4,5671.A4I140,0.071
1929,MPK4,LINJ_34_1840,5671.A4HYH4,5671.A4I9Y5,0.071
1930,MPK4,MKK,5671.A4HYH4,5671.A4I4U6,0.071
1931,MPK4,LINJ_36_5610,5671.A4HYH4,5671.A4IDV1,0.108
1932,MPK4,ALDH2,5671.A4HYH4,5671.A4I1F4,0.567
1933,MPK4,LINJ_28_2450,5671.A4HYH4,5671.A4I3V9,0.572
1934,MPK4,LINJ_20_1370,5671.A4HYH4,5671.A4HYX6,0.068
1935,MPK4,cpb,5671.A4HYH4,5671.Q7K8Z6,0.056
1936,NOS,LPG3,5671.A4HYH5,5671.A4I4C9,0.05
1937,NOS,LINJ_28_1800,5671.A4HYH5,5671.A4I3P6,0.058
1938,NOS,LINJ_25_2450,5671.A4HYH5,5671.A4I1T4,0.058
1939,NOS,LINJ_33_2520,5671.A4HYH5,5671.E9AHQ7,0.05
1940,NOS,HSP83-2,5671.A4HYH5,5671.E9AHM9,0.05
1941,NOS,HSP83,5671.A4HYH5,5671.E9AHM8,0.05
1942,NOS,DHFR-TS,5671.A4HYH5,5671.Q8MQV3,0.461
1943,LINJ_19_1510,LINJ_36_5580,5671.A4HYH7,5671.A4IC77,0.176
1944,LINJ_19_1510,LINJ_26_2540,5671.A4HYH7,5671.A4I2I8,0.176
1946,LINJ_19_1510,RAD51,5671.A4HYH7,5671.A4I3C9,0.233
1947,LINJ_19_1510,LINJ_29_2830,5671.A4HYH7,5671.A4I4Y0,0.202
1948,LINJ_19_1510,LINJ_32_1520,5671.A4HYH7,5671.A4I7W3,0.398
1949,LINJ_19_1590,LINJ_35_0030,5671.A4HYI5,5671.A4IAQ4,0.178
1950,LINJ_19_1590,LinJ_35_5450,5671.A4HYI5,5671.A4IAQ1,0.178
1951,LINJ_19_1590,LinJ_35_5440,5671.A4HYI5,5671.A4IAQ0,0.178
1952,LINJ_19_1590,LINJ_27_1150,5671.A4HYI5,5671.A4I2S6,0.104
1953,LINJ_19_1590,LINJ_32_3470,5671.A4HYI5,5671.A4I8F2,0.318
1954,LINJ_19_1590,LINJ_36_4380,5671.A4HYI5,5671.A4IE56,0.347
1955,LINJ_19_1590,LINJ_19_0150,5671.A4HYI5,5671.E9AGR8,0.125
1956,LINJ_19_1590,AAH,5671.A4HYI5,5671.E9AHV7,0.319
1957,LINJ_19_1590,DHODH,5671.A4HYI5,5671.E9AGN2,0.398
1958,LINJ_19_1590,DHFR-TS,5671.A4HYI5,5671.Q8MQV3,0.604
1959,LINJ_19_1590,LINJ_21_0960,5671.A4HYI5,5671.A4HZM5,0.527
1960,LINJ_19_1640,LINJ_28_1800,5671.A4HYJ0,5671.A4I3P6,0.041
1961,LINJ_19_1640,LINJ_25_2450,5671.A4HYJ0,5671.A4I1T4,0.041
1963,LINJ_20_0020,LINJ_34_0030,5671.A4HYJ4,5671.A4I9H1,0.071
1967,LINJ_20_0020,LINJ_26_0050,5671.A4HYJ4,5671.A4I1U3,0.071
1969,LINJ_20_0020,LINJ_30_1460,5671.A4HYJ4,5671.A4I5H1,0.041
1970,LINJ_20_0020,LINJ_36_5580,5671.A4HYJ4,5671.A4IC77,0.072
1971,LINJ_20_0020,LINJ_26_2540,5671.A4HYJ4,5671.A4I2I8,0.072
1974,LINJ_20_0020,LINJ_21_0460,5671.A4HYJ4,5671.A4HZ39,0.098
1976,LINJ_20_0020,CRK3,5671.A4HYJ4,5671.A4ICT0,0.056
1977,LINJ_20_0020,LINJ_27_2570,5671.A4HYJ4,5671.E9AHC6,0.056
1978,LINJ_20_0020,LINJ_30_1780,5671.A4HYJ4,5671.A4I5K5,0.056
1979,LINJ_20_0020,LINJ_29_2260,5671.A4HYJ4,5671.A4I4S4,0.056
1980,LINJ_20_0020,LINJ_35_4740,5671.A4HYJ4,5671.A4IC06,0.047
1983,LINJ_20_0020,CYC6,5671.A4HYJ4,5671.A4I8F7,0.071
1984,LINJ_20_0020,CYCA,5671.A4HYJ4,5671.A4I1J3,0.071
1985,LINJ_20_0020,CYC8,5671.A4HYJ4,5671.A4I1W9,0.071
1986,LINJ_20_0020,CYC3,5671.A4HYJ4,5671.A4I503,0.071
1987,LINJ_20_0020,LINJ_27_0920,5671.A4HYJ4,5671.A4I2Q7,0.342
1989,LINJ_20_0020,LINJ_33_0060,5671.A4HYJ4,5671.A4I8M2,0.079
1990,LINJ_20_0020,LINJ_24_0130,5671.A4HYJ4,5671.E9AH25,0.074
1991,LINJ_20_0020,LINJ_35_3920,5671.A4HYJ4,5671.A4IBS6,0.123
1992,LINJ_20_0020,LINJ_25_0440,5671.A4HYJ4,5671.A4I186,0.22
1993,LINJ_20_0020,LINJ_24_2350,5671.A4HYJ4,5671.A4I135,0.315
1994,LINJ_20_0020,LINJ_19_0150,5671.A4HYJ4,5671.E9AGR8,0.247
1995,LINJ_20_0820,LINJ_27_0620,5671.A4HYS3,5671.E9AHE8,0.106
1996,LINJ_20_0820,LINJ_33_1940,5671.A4HYS3,5671.A4I946,0.106
1999,LINJ_20_0820,LINJ_24_1970,5671.A4HYS3,5671.A4I0Z7,0.104
2001,LINJ_20_0820,LINJ_24_0130,5671.A4HYS3,5671.E9AH25,0.261
2002,LINJ_20_0820,LINJ_29_0860,5671.A4HYS3,5671.A4I4D6,0.071
2003,LINJ_20_0820,RAB7,5671.A4HYS3,5671.E9AGQ4,0.319
2004,LINJ_20_0820,LINJ_34_4140,5671.A4HYS3,5671.A4IAK2,0.216
2005,LINJ_20_0820,LINJ_33_3360,5671.A4HYS3,5671.A4I9G2,0.105
2006,LINJ_20_0970,LINJ_36_2420,5671.A4HYT8,5671.A4IDK3,0.05
2007,LINJ_20_0970,LINJ_28_3240,5671.A4HYT8,5671.A4I435,0.051
2008,LINJ_20_0970,LINJ_21_1000,5671.A4HYT8,5671.A4HZ85,0.051
2009,LINJ_20_0970,LINJ_32_0270,5671.A4HYT8,5671.A4I7J0,0.051
2010,LINJ_20_0970,LINJ_21_1870,5671.A4HYT8,5671.A4HZM2,0.051
2011,LINJ_20_0970,LINJ_33_2100,5671.A4HYT8,5671.A4I960,0.051
2012,LINJ_20_0970,LINJ_31_3300,5671.A4HYT8,5671.A4I7C4,0.051
2013,LINJ_20_0970,LINJ_29_2680,5671.A4HYT8,5671.A4I4X0,0.051
2014,LINJ_20_0970,LINJ_36_1580,5671.A4HYT8,5671.A4IDC1,0.051
2015,LINJ_20_0970,LINJ_36_1590,5671.A4HYT8,5671.A4IDC2,0.051
2016,LINJ_20_0970,LINJ_29_2780,5671.A4HYT8,5671.A4I4X5,0.051
2017,LINJ_20_0970,BT1-2,5671.A4HYT8,5671.A4IC37,0.051
2018,LINJ_20_0970,LINJ_32_1900,5671.A4HYT8,5671.A4I7Z6,0.051
2019,LINJ_20_0970,LINJ_31_3070,5671.A4HYT8,5671.A4I7A1,0.051
2020,LINJ_20_0970,LINJ_26_2600,5671.A4HYT8,5671.A4I2H8,0.051
2021,LINJ_20_0970,LINJ_22_0770,5671.A4HYT8,5671.A4HZW8,0.051
2022,LINJ_20_0970,LINJ_36_6600,5671.A4HYT8,5671.A4IC88,0.049
2023,LINJ_20_0970,LINJ_35_5080,5671.A4HYT8,5671.A4IC65,0.049
2024,LINJ_20_1140,LPG3,5671.A4HYV4,5671.A4I4C9,0.105
2025,LINJ_20_1140,HSP83,5671.A4HYV4,5671.E9AHM8,0.123
2026,LINJ_20_1140,HSP83-2,5671.A4HYV4,5671.E9AHM9,0.123
2027,LINJ_20_1140,LINJ_33_2520,5671.A4HYV4,5671.E9AHQ7,0.123
2028,LINJ_20_1140,LINJ_25_2450,5671.A4HYV4,5671.A4I1T4,0.074
2029,LINJ_20_1140,LINJ_28_1800,5671.A4HYV4,5671.A4I3P6,0.074
2030,LINJ_20_1140,LINJ_21_0910,5671.A4HYV4,5671.A4HZ84,0.22
2031,LINJ_20_1140,LINJ_30_0850,5671.A4HYV4,5671.A4I5B1,0.22
2032,LINJ_20_1140,LINJ_34_3370,5671.A4HYV4,5671.A4IAC5,0.059
2033,LINJ_20_1140,LINJ_24_2090,5671.A4HYV4,5671.A4I109,0.046
2034,LINJ_20_1140,LINJ_22_1530,5671.A4HYV4,5671.A4I027,0.056
2035,LINJ_20_1140,LINJ_30_2970,5671.A4HYV4,5671.A4I5X4,0.056
2036,LINJ_20_1140,LINJ_29_1550,5671.A4HYV4,5671.A4I4K7,0.046
2037,LINJ_20_1370,LINJ_21_0210,5671.A4HYX6,5671.A4HZA2,0.046
2041,LINJ_20_1370,LINJ_32_1930,5671.A4HYX6,5671.A4I7Z9,0.072
2042,LINJ_20_1370,LINJ_31_0890,5671.A4HYX6,5671.A4I6I0,0.072
2043,LINJ_20_1370,LINJ_32_0520,5671.A4HYX6,5671.A4I7N3,0.072
2044,LINJ_20_1370,LINJ_32_2160,5671.A4HYX6,5671.A4I825,0.072
2045,LINJ_20_1370,LINJ_25_2070,5671.A4HYX6,5671.A4I1P7,0.046
2046,LINJ_20_1370,LINJ_26_2540,5671.A4HYX6,5671.A4I2I8,0.051
2047,LINJ_20_1370,LINJ_29_2600,5671.A4HYX6,5671.A4I4W3,0.059
2050,LINJ_20_1370,LINJ_25_2450,5671.A4HYX6,5671.A4I1T4,0.071
2052,LINJ_20_1370,LINJ_24_0220,5671.A4HYX6,5671.E9AH34,0.057
2056,LINJ_20_1370,MPK11,5671.A4HYX6,5671.A4I910,0.068
2057,LINJ_20_1370,LINJ_19_0130,5671.A4HYX6,5671.E9AGR6,0.046
2058,LINJ_20_1370,LINJ_30_2930,5671.A4HYX6,5671.A4I5X0,0.068
2059,LINJ_20_1370,LINJ_31_1870,5671.A4HYX6,5671.A4I6V7,0.059
2060,LINJ_20_1370,LINJ_33_1810,5671.A4HYX6,5671.A4I967,0.057
2061,LINJ_20_1370,LINJ_24_2410,5671.A4HYX6,5671.A4I140,0.074
2062,LINJ_20_1370,LINJ_34_0030,5671.A4HYX6,5671.A4I9H1,0.067
2063,LINJ_20_1370,LINJ_22_0370,5671.A4HYX6,5671.A4HZS7,0.059
2064,LINJ_20_1370,LINJ_30_0620,5671.A4HYX6,5671.A4I588,0.058
2065,LINJ_20_1370,LINJ_19_0140,5671.A4HYX6,5671.E9AGR7,0.058
2066,LINJ_20_1370,LMPK,5671.A4HYX6,5671.A4ICA4,0.068
2067,LINJ_20_1370,LINJ_36_0970,5671.A4HYX6,5671.A4ICP3,0.131
2068,LINJ_20_1370,MPK12,5671.A4HYX6,5671.A4I564,0.068
2069,LINJ_20_1450,LINJ_25_1460,5671.A4HYY3,5671.A4I1I6,0.274
2070,LINJ_20_1580,LINJ_33_3360,5671.A4HZ08,5671.A4I9G2,0.048
2071,LINJ_20_1580,LINJ_35_1310,5671.A4HZ08,5671.A4IB24,0.201
2072,LINJ_20_1580,LINJ_29_0770,5671.A4HZ08,5671.A4I4C7,0.345
2073,LINJ_21_0460,LINJ_32_1150,5671.A4HZ39,5671.A4I7S6,0.408
2074,LINJ_21_0460,LINJ_34_3790,5671.A4HZ39,5671.A4IAG7,0.408
2075,LINJ_21_0460,LINJ_24_1790,5671.A4HZ39,5671.E9AH79,0.098
2076,LINJ_21_0460,LINJ_30_0420,5671.A4HZ39,5671.A4I569,0.098
2077,LINJ_21_0740,NMT,5671.A4HZ67,5671.A4I7H1,0.396
2078,LINJ_21_0740,LINJ_23_1450,5671.A4HZ67,5671.A4I0H7,0.224
2079,LINJ_21_0740,HSP83-2,5671.A4HZ67,5671.E9AHM9,0.127
2080,LINJ_21_0740,HSP83,5671.A4HZ67,5671.E9AHM8,0.127
2081,LINJ_21_0740,LINJ_33_2520,5671.A4HZ67,5671.E9AHQ7,0.127
2082,LINJ_21_0740,SIR2RP1,5671.A4HZ67,5671.Q8I6E4,0.316
2083,LINJ_21_0740,LINJ_24_0130,5671.A4HZ67,5671.E9AH25,0.086
2084,LINJ_21_0740,LPG3,5671.A4HZ67,5671.A4I4C9,0.199
2085,LINJ_21_0740,LINJ_31_0820,5671.A4HZ67,5671.A4I6H3,0.11
2086,LINJ_21_0740,LINJ_34_1900,5671.A4HZ67,5671.A4IAM7,0.394
2087,LINJ_21_0740,LINJ_28_2440,5671.A4HZ67,5671.A4I3V8,0.163
2088,LINJ_21_0740,LINJ_36_7340,5671.A4HZ67,5671.A4ICE0,0.163
2089,LINJ_21_0760,LINJ_34_0030,5671.A4HZ69,5671.A4I9H1,0.067
2090,LINJ_21_0770,LINJ_36_0970,5671.A4HZ70,5671.A4ICP3,0.044
2092,LINJ_21_0770,LINJ_27_1150,5671.A4HZ70,5671.A4I2S6,0.049
2094,LINJ_21_0770,LINJ_19_0150,5671.A4HZ70,5671.E9AGR8,0.046
2095,LINJ_21_0770,LACK1,5671.A4HZ70,5671.P62884,0.107
2096,LINJ_21_0770,LINJ_21_0100,5671.A4HZ70,5671.A4HZL2,0.107
2097,LINJ_21_0870,RAB7,5671.A4HZ80,5671.E9AGQ4,0.064
2101,LINJ_21_0910,LINJ_22_0630,5671.A4HZ84,5671.A4HZV1,0.077
2102,LINJ_21_0910,LINJ_35_0480,5671.A4HZ84,5671.A4IAU7,0.077
2103,LINJ_21_0910,LINJ_29_2140,5671.A4HZ84,5671.A4I4Q9,0.077
2104,LINJ_21_0910,LINJ_35_4110,5671.A4HZ84,5671.A4IBU4,0.077
2105,LINJ_21_0910,LINJ_24_0220,5671.A4HZ84,5671.E9AH34,0.077
2106,LINJ_21_0910,LINJ_36_0960,5671.A4HZ84,5671.A4ICP4,0.077
2107,LINJ_21_0910,LINJ_22_0990,5671.A4HZ84,5671.A4HZY8,0.077
2108,LINJ_21_0910,LINJ_33_1810,5671.A4HZ84,5671.A4I967,0.077
2109,LINJ_21_0910,LINJ_32_1930,5671.A4HZ84,5671.A4I7Z9,0.069
2110,LINJ_21_0910,LINJ_31_0890,5671.A4HZ84,5671.A4I6I0,0.069
2111,LINJ_21_0910,TOR2,5671.A4HZ84,5671.A4IAK5,0.22
2112,LINJ_21_0910,TOR3,5671.A4HZ84,5671.A4IAG3,0.22
2113,LINJ_21_0910,TOR1,5671.A4HZ84,5671.A4IE36,0.22
2114,LINJ_21_0910,LINJ_33_1500,5671.A4HZ84,5671.A4I913,0.398
2115,LINJ_21_0910,LINJ_24_2090,5671.A4HZ84,5671.A4I109,0.398
2116,LINJ_21_1410,LINJ_36_2310,5671.A4HZ93,5671.A4IDJ2,0.049
2117,LINJ_21_0190,LINJ_36_2310,5671.A4HZA0,5671.A4IDJ2,0.049
2118,LINJ_21_0210,LINJ_29_2260,5671.A4HZA2,5671.A4I4S4,0.044
2120,LINJ_21_0210,LINJ_29_2830,5671.A4HZA2,5671.A4I4Y0,0.177
2121,LINJ_21_0280,TOR3,5671.A4HZA9,5671.A4IAG3,0.381
2122,LINJ_21_0280,LINJ_32_0690,5671.A4HZA9,5671.A4I7L6,0.051
2123,LINJ_21_0280,LINJ_36_6370,5671.A4HZA9,5671.A4IE23,0.051
2124,LINJ_21_0280,LINJ_24_0130,5671.A4HZA9,5671.E9AH25,0.081
2125,LINJ_21_0280,LINJ_22_1260,5671.A4HZA9,5671.A4I000,0.051
2127,LINJ_21_0280,LINJ_31_2960,5671.A4HZA9,5671.A4I790,0.552
2128,LINJ_21_1470,LINJ_34_3790,5671.A4HZC0,5671.A4IAG7,0.22
2129,LINJ_21_1470,LINJ_32_1150,5671.A4HZC0,5671.A4I7S6,0.22
2131,LINJ_21_1470,LINJ_32_1010,5671.A4HZC0,5671.A4I7R2,0.158
2132,LINJ_21_1470,LINJ_34_0030,5671.A4HZC0,5671.A4I9H1,0.444
2133,LINJ_21_1990,LINJ_33_1810,5671.A4HZG8,5671.A4I967,0.1
2134,LINJ_21_1990,LINJ_24_0220,5671.A4HZG8,5671.E9AH34,0.1
2135,LINJ_21_1990,LINJ_35_4110,5671.A4HZG8,5671.A4IBU4,0.1
2136,LINJ_21_1990,LINJ_22_0990,5671.A4HZG8,5671.A4HZY8,0.1
2137,LINJ_21_1990,LINJ_22_0630,5671.A4HZG8,5671.A4HZV1,0.1
2138,LINJ_21_1990,LINJ_29_2140,5671.A4HZG8,5671.A4I4Q9,0.1
2139,LINJ_21_1990,LINJ_35_0480,5671.A4HZG8,5671.A4IAU7,0.1
2140,LINJ_21_1990,LINJ_36_0960,5671.A4HZG8,5671.A4ICP4,0.1
2141,LINJ_21_1990,LINJ_34_0500,5671.A4HZG8,5671.A4I9L8,0.235
2142,LINJ_21_1990,LINJ_24_0130,5671.A4HZG8,5671.E9AH25,0.057
2143,LINJ_21_1990,LINJ_26_2560,5671.A4HZG8,5671.A4I2J0,0.279
2144,LINJ_21_1990,LINJ_36_2090,5671.A4HZG8,5671.A4IDH0,0.279
2145,LINJ_21_2010,LINJ_06_1220,5671.A4HZH0,5671.E9AG71,0.049
2146,LINJ_21_2200,LINJ_32_3470,5671.A4HZI9,5671.A4I8F2,0.058
2147,LINJ_21_2200,LINJ_34_0030,5671.A4HZI9,5671.A4I9H1,0.05
2148,LINJ_21_2200,LINJ_35_1310,5671.A4HZI9,5671.A4IB24,0.05
2150,LINJ_21_2200,LINJ_36_1420,5671.A4HZI9,5671.A4ICJ9,0.072
2151,LINJ_21_2200,LINJ_27_0370,5671.A4HZI9,5671.A4I2M3,0.072
2152,LINJ_21_2200,LINJ_28_1580,5671.A4HZI9,5671.A4I3M5,0.072
2153,LINJ_21_2200,LINJ_24_0170,5671.A4HZI9,5671.E9AH29,0.072
2154,LINJ_21_2200,LINJ_30_2520,5671.A4HZI9,5671.A4I5S8,0.072
2156,LINJ_21_2200,LINJ_21_1330,5671.A4HZI9,5671.E9AGX7,0.059
2161,LINJ_21_2200,LINJ_27_1150,5671.A4HZI9,5671.A4I2S6,0.057
2162,LINJ_21_2200,LINJ_24_2220,5671.A4HZI9,5671.A4I122,0.05
2163,LINJ_21_2200,LINJ_33_2910,5671.A4HZI9,5671.A4I9B7,0.05
2164,LINJ_21_2200,LINJ_35_3880,5671.A4HZI9,5671.A4IBS2,0.448
2165,LINJ_21_2200,LINJ.12.0190,5671.A4HZI9,5671.E9AGB0,0.449
2166,LINJ_21_2200,LINJ_03_0520,5671.A4HZI9,5671.E9AG43,0.441
2167,LINJ_21_2200,RPT6,5671.A4HZI9,5671.A4IE38,0.448
2168,LINJ_21_2200,LINJ_22_0440,5671.A4HZI9,5671.A4HZT4,0.456
2169,LINJ_21_2200,LINJ_28_0110,5671.A4HZI9,5671.A4I384,0.56
2170,LINJ_21_2200,LINJ_22_0490,5671.A4HZI9,5671.A4HZT9,0.482
2171,LINJ_21_2200,LINJ_36_1730,5671.A4HZI9,5671.A4IDD6,0.411
2172,LINJ_21_2200,91E11,5671.A4HZI9,5671.Q9GNZ8,0.22
2175,LINJ_21_0100,LINJ_19_0150,5671.A4HZL2,5671.E9AGR8,0.046
2177,LINJ_21_0100,LINJ_24_1790,5671.A4HZL2,5671.E9AH79,0.043
2183,LINJ_21_0960,NMT,5671.A4HZM5,5671.A4I7H1,0.45
2184,LINJ_21_0960,DHFR-TS,5671.A4HZM5,5671.Q8MQV3,0.432
2185,LINJ_22_0370,LINJ_24_0130,5671.A4HZS7,5671.E9AH25,0.063
2186,LINJ_22_0370,LINJ_36_2310,5671.A4HZS7,5671.A4IDJ2,0.059
2187,LINJ_22_0370,LINJ_27_2420,5671.A4HZS7,5671.A4I349,0.055
2188,LINJ_22_0370,LINJ_36_5610,5671.A4HZS7,5671.A4IDV1,0.067
2190,LINJ_22_0370,LINJ_28_1800,5671.A4HZS7,5671.A4I3P6,0.057
2191,LINJ_22_0370,LINJ_36_5320,5671.A4HZS7,5671.A4IDT1,0.317
2192,LINJ_22_0370,LINJ_30_3530,5671.A4HZS7,5671.A4I638,0.128
2193,LINJ_22_0370,LINJ_06_1220,5671.A4HZS7,5671.E9AG71,0.049
2194,LINJ_22_0370,LINJ_33_2520,5671.A4HZS7,5671.E9AHQ7,0.164
2195,LINJ_22_0370,HSP83,5671.A4HZS7,5671.E9AHM8,0.164
2196,LINJ_22_0370,HSP83-2,5671.A4HZS7,5671.E9AHM9,0.164
2197,LINJ_22_0370,LINJ_35_1030,5671.A4HZS7,5671.A4IAZ8,0.128
2198,LINJ_22_0370,LINJ_24_2410,5671.A4HZS7,5671.A4I140,0.064
2199,LINJ_22_0370,MKK,5671.A4HZS7,5671.A4I4U6,0.064
2200,LINJ_22_0370,LINJ_35_3880,5671.A4HZS7,5671.A4IBS2,0.049
2201,LINJ_22_0370,LINJ_35_4060,5671.A4HZS7,5671.A4IBT9,0.187
2202,LINJ_22_0370,LINJ_35_4010,5671.A4HZS7,5671.A4IBT4,0.187
2203,LINJ_22_0370,LINJ_34_1840,5671.A4HZS7,5671.A4I9Y5,0.064
2204,LINJ_22_0370,LINJ_29_1420,5671.A4HZS7,5671.E9AHI7,0.057
2205,LINJ_22_0370,MKK5,5671.A4HZS7,5671.A4ICP8,0.064
2206,LINJ_22_0370,LINJ_19_0130,5671.A4HZS7,5671.E9AGR6,0.055
2207,LINJ_22_0370,LINJ_30_0850,5671.A4HZS7,5671.A4I5B1,0.072
2210,LINJ_22_0370,LINJ_25_1640,5671.A4HZS7,5671.A4I1K4,0.128
2211,LINJ_22_0370,RPT6,5671.A4HZS7,5671.A4IE38,0.043
2213,LINJ_22_0370,LINJ_35_1020,5671.A4HZS7,5671.A4IAZ7,0.128
2214,LINJ_22_0370,LINJ_22_0440,5671.A4HZS7,5671.A4HZT4,0.043
2216,LINJ_22_0370,LINJ_35_1070,5671.A4HZS7,5671.A4IB02,0.055
2217,LINJ_22_0370,LINJ_29_2600,5671.A4HZS7,5671.A4I4W3,0.061
2219,LINJ_22_0370,LINJ_22_0490,5671.A4HZS7,5671.A4HZT9,0.049
2220,LINJ_22_0370,LINJ_25_2450,5671.A4HZS7,5671.A4I1T4,0.057
2221,LINJ_22_0370,LINJ_27_1680,5671.A4HZS7,5671.A4I2Y4,0.128
2222,LINJ_22_0370,LINJ_25_1360,5671.A4HZS7,5671.A4I1H6,0.049
2223,LINJ_22_0370,LINJ_24_0220,5671.A4HZS7,5671.E9AH34,0.071
2225,LINJ_22_0370,LINJ_34_0030,5671.A4HZS7,5671.A4I9H1,0.262
2226,LINJ_22_0440,LINJ_30_1070,5671.A4HZT4,5671.A4I5D2,0.044
2228,LINJ_22_0440,LINJ_32_3470,5671.A4HZT4,5671.A4I8F2,0.103
2229,LINJ_22_0440,LINJ_21_1330,5671.A4HZT4,5671.E9AGX7,0.051
2234,LINJ_22_0440,LINJ_35_1310,5671.A4HZT4,5671.A4IB24,0.051
2239,LINJ_22_0440,LINJ_24_0130,5671.A4HZT4,5671.E9AH25,0.071
2245,LINJ_22_0440,LINJ_24_2220,5671.A4HZT4,5671.A4I122,0.048
2246,LINJ_22_0440,LINJ_33_2910,5671.A4HZT4,5671.A4I9B7,0.048
2247,LINJ_22_0440,LINJ_36_1730,5671.A4HZT4,5671.A4IDD6,0.468
2248,LINJ_22_0440,LINJ_22_0490,5671.A4HZT4,5671.A4HZT9,0.429
2249,LINJ_22_0440,91E11,5671.A4HZT4,5671.Q9GNZ8,0.431
2250,LINJ_22_0440,RPT6,5671.A4HZT4,5671.A4IE38,0.56
2251,LINJ_22_0440,LINJ_28_0110,5671.A4HZT4,5671.A4I384,0.477
2252,LINJ_22_0440,LINJ_03_0520,5671.A4HZT4,5671.E9AG43,0.123
2253,LINJ_22_0440,LINJ.12.0190,5671.A4HZT4,5671.E9AGB0,0.295
2254,LINJ_22_0440,LINJ_35_3880,5671.A4HZT4,5671.A4IBS2,0.516
2256,LINJ_22_0480,LINJ_29_0770,5671.A4HZT8,5671.A4I4C7,0.095
2257,LINJ_22_0480,LINJ_28_2440,5671.A4HZT8,5671.A4I3V8,0.049
2262,LINJ_22_0480,LINJ_36_7340,5671.A4HZT8,5671.A4ICE0,0.049
2263,LINJ_22_0480,LINJ_25_1460,5671.A4HZT8,5671.A4I1I6,0.049
2264,LINJ_22_0480,LINJ_32_1520,5671.A4HZT8,5671.A4I7W3,0.368
2266,LINJ_22_0480,LINJ_35_1310,5671.A4HZT8,5671.A4IB24,0.105
2267,LINJ_22_0480,LINJ_24_0130,5671.A4HZT8,5671.E9AH25,0.085
2268,LINJ_22_0480,LINJ_24_1780,5671.A4HZT8,5671.E9AH78,0.063
2269,LINJ_22_0480,LINJ_32_0730,5671.A4HZT8,5671.A4I7L2,0.103
2270,LINJ_22_0480,LINJ_32_1010,5671.A4HZT8,5671.A4I7R2,0.151
2271,LINJ_22_0480,LINJ_32_1150,5671.A4HZT8,5671.A4I7S6,0.261
2272,LINJ_22_0480,LINJ_34_3790,5671.A4HZT8,5671.A4IAG7,0.261
2273,LINJ_22_0490,LINJ_21_1330,5671.A4HZT9,5671.E9AGX7,0.075
2278,LINJ_22_0490,LINJ_35_1310,5671.A4HZT9,5671.A4IB24,0.072
2286,LINJ_22_0490,PGKB,5671.A4HZT9,5671.E9AGU0,0.077
2287,LINJ_22_0490,PGKC,5671.A4HZT9,5671.E9AGT9,0.077
2288,LINJ_22_0490,LINJ_30_3430,5671.A4HZT9,5671.A4I628,0.077
2290,LINJ_22_0490,LINJ_24_0130,5671.A4HZT9,5671.E9AH25,0.047
2291,LINJ_22_0490,KATNA1,5671.A4HZT9,5671.A4I3C0,0.071
2293,LINJ_22_0490,LINJ_24_2220,5671.A4HZT9,5671.A4I122,0.065
2296,LINJ_22_0490,LINJ_33_2910,5671.A4HZT9,5671.A4I9B7,0.065
2299,LINJ_22_0490,LINJ_36_1730,5671.A4HZT9,5671.A4IDD6,0.479
2300,LINJ_22_0490,LINJ_28_0110,5671.A4HZT9,5671.A4I384,0.439
2301,LINJ_22_0490,RPT6,5671.A4HZT9,5671.A4IE38,0.343
2302,LINJ_22_0490,91E11,5671.A4HZT9,5671.Q9GNZ8,0.315
2303,LINJ_22_0490,LINJ_35_3880,5671.A4HZT9,5671.A4IBS2,0.443
2304,LINJ_22_0490,LINJ_03_0520,5671.A4HZT9,5671.E9AG43,0.56
2305,LINJ_22_0490,LINJ.12.0190,5671.A4HZT9,5671.E9AGB0,0.44
2306,LINJ_22_0630,LINJ_32_0690,5671.A4HZV1,5671.A4I7L6,0.05
2307,LINJ_22_0630,LINJ_36_6370,5671.A4HZV1,5671.A4IE23,0.05
2308,LINJ_22_0630,LINJ_34_2160,5671.A4HZV1,5671.A4IA04,0.05
2309,LINJ_22_0630,LINJ_22_1260,5671.A4HZV1,5671.A4I000,0.05
2310,LINJ_22_0630,LINJ_29_2600,5671.A4HZV1,5671.A4I4W3,0.057
2311,LINJ_22_0630,LINJ_34_0030,5671.A4HZV1,5671.A4I9H1,0.187
2312,LINJ_22_0630,LINJ_28_1800,5671.A4HZV1,5671.A4I3P6,0.049
2313,LINJ_22_0630,LINJ_25_2450,5671.A4HZV1,5671.A4I1T4,0.049
2314,LINJ_22_0990,LINJ_34_2160,5671.A4HZY8,5671.A4IA04,0.05
2315,LINJ_22_0990,LINJ_22_1260,5671.A4HZY8,5671.A4I000,0.05
2316,LINJ_22_0990,LINJ_36_6370,5671.A4HZY8,5671.A4IE23,0.05
2317,LINJ_22_0990,LINJ_32_0690,5671.A4HZY8,5671.A4I7L6,0.05
2318,LINJ_22_0990,LINJ_28_1800,5671.A4HZY8,5671.A4I3P6,0.049
2319,LINJ_22_0990,LINJ_25_2450,5671.A4HZY8,5671.A4I1T4,0.049
2320,LINJ_22_1260,LINJ_35_0480,5671.A4I000,5671.A4IAU7,0.05
2321,LINJ_22_1260,LINJ_29_2140,5671.A4I000,5671.A4I4Q9,0.05
2322,LINJ_22_1260,LINJ_36_0960,5671.A4I000,5671.A4ICP4,0.05
2323,LINJ_22_1260,LINJ_35_4110,5671.A4I000,5671.A4IBU4,0.05
2324,LINJ_22_1260,LINJ_24_0220,5671.A4I000,5671.E9AH34,0.05
2325,LINJ_22_1260,LINJ_33_1810,5671.A4I000,5671.A4I967,0.05
2326,LINJ_22_1260,LINJ_35_1310,5671.A4I000,5671.A4IB24,0.046
2327,LINJ_22_1260,LINJ_35_3930,5671.A4I000,5671.A4IBS7,0.051
2328,LINJ_22_1260,LINJ_24_0130,5671.A4I000,5671.E9AH25,0.057
2329,LINJ_22_1260,LINJ_26_0050,5671.A4I000,5671.A4I1U3,0.046
2330,LINJ_22_1530,LINJ_24_2090,5671.A4I027,5671.A4I109,0.05
2332,LINJ_22_1530,LINJ_29_1550,5671.A4I027,5671.A4I4K7,0.157
2333,LINJ_22_1530,LINJ_34_3370,5671.A4I027,5671.A4IAC5,0.173
2338,MRPA,PGKC,5671.A4I065,5671.E9AGT9,0.413
2339,MRPA,LINJ_30_3430,5671.A4I065,5671.A4I628,0.414
2340,MRPA,MDR1,5671.A4I065,5671.A4I9R3,0.232
2341,PTR1,CRK1,5671.A4I067,5671.E9AGX6,0.414
2342,PTR1,LINJ_36_5410,5671.A4I067,5671.A4IDU0,0.059
2343,PTR1,ALDH2,5671.A4I067,5671.A4I1F4,0.059
2344,PTR1,LINJ_30_2920,5671.A4I067,5671.A4I5W9,0.059
2345,PTR1,LINJ_36_1840,5671.A4I067,5671.A4IDE7,0.059
2346,PTR1,LINJ_23_0580,5671.A4I067,5671.A4I093,0.201
2347,PTR1,LINJ_23_0880,5671.A4I067,5671.A4I0C2,0.201
2348,PTR1,PRP1,5671.A4I067,5671.A4I6S0,0.415
2349,PTR1,LINJ_28_2190,5671.A4I067,5671.A4I3T3,0.108
2350,PTR1,LINJ_33_2860,5671.A4I067,5671.A4I9B2,0.317
2351,PTR1,DHFR-TS,5671.A4I067,5671.Q8MQV3,0.679
2352,LINJ_23_0580,LINJ_36_4380,5671.A4I093,5671.A4IE56,0.159
2353,LINJ_23_0580,LINJ_34_1900,5671.A4I093,5671.A4IAM7,0.218
2354,LINJ_23_0580,LINJ_23_1450,5671.A4I093,5671.A4I0H7,0.218
2355,LINJ_23_0580,LINJ_29_1100,5671.A4I093,5671.A4I4G0,0.107
2356,LINJ_23_0580,LINJ_23_1050,5671.A4I093,5671.A4I0D8,0.107
2357,LINJ_23_0580,LINJ_27_2390,5671.A4I093,5671.A4I345,0.201
2358,LINJ_23_0580,LINJ_33_2860,5671.A4I093,5671.A4I9B2,0.371
2359,LINJ_23_0580,LINJ_34_0160,5671.A4I093,5671.A4I9I4,0.157
2360,LINJ_23_0580,mMDH,5671.A4I093,5671.A4I9I5,0.157
2361,LINJ_23_0580,LINJ_34_0150,5671.A4I093,5671.A4I9I3,0.157
2362,LINJ_23_0580,SIR2RP1,5671.A4I093,5671.Q8I6E4,0.218
2363,LINJ_23_0580,LINJ_19_0940,5671.A4I093,5671.E9AGS5,0.13
2364,LINJ_23_0580,LINJ_19_0960,5671.A4I093,5671.E9AGS6,0.13
2365,LINJ_23_0580,LINJ_28_1250,5671.A4I093,5671.A4I3J3,0.13
2366,LINJ_23_0580,LINJ_30_2920,5671.A4I093,5671.A4I5W9,0.171
2367,LINJ_23_0580,LINJ_36_5410,5671.A4I093,5671.A4IDU0,0.171
2368,LINJ_23_0580,LINJ_36_1840,5671.A4I093,5671.A4IDE7,0.321
2370,LINJ_23_0580,LINJ_31_3080,5671.A4I093,5671.A4I7A2,0.318
2371,LINJ_23_0580,ALDH2,5671.A4I093,5671.A4I1F4,0.395
2372,LINJ_23_0880,LINJ_36_4380,5671.A4I0C2,5671.A4IE56,0.159
2373,LINJ_23_0880,LINJ_34_1900,5671.A4I0C2,5671.A4IAM7,0.218
2374,LINJ_23_0880,LINJ_23_1450,5671.A4I0C2,5671.A4I0H7,0.218
2375,LINJ_23_0880,LINJ_29_1100,5671.A4I0C2,5671.A4I4G0,0.107
2376,LINJ_23_0880,LINJ_23_1050,5671.A4I0C2,5671.A4I0D8,0.107
2377,LINJ_23_0880,LINJ_27_2390,5671.A4I0C2,5671.A4I345,0.201
2378,LINJ_23_0880,LINJ_33_2860,5671.A4I0C2,5671.A4I9B2,0.371
2379,LINJ_23_0880,mMDH,5671.A4I0C2,5671.A4I9I5,0.157
2380,LINJ_23_0880,LINJ_34_0160,5671.A4I0C2,5671.A4I9I4,0.157
2381,LINJ_23_0880,LINJ_34_0150,5671.A4I0C2,5671.A4I9I3,0.157
2382,LINJ_23_0880,SIR2RP1,5671.A4I0C2,5671.Q8I6E4,0.218
2383,LINJ_23_0880,LINJ_19_0940,5671.A4I0C2,5671.E9AGS5,0.13
2384,LINJ_23_0880,LINJ_19_0960,5671.A4I0C2,5671.E9AGS6,0.13
2385,LINJ_23_0880,LINJ_28_1250,5671.A4I0C2,5671.A4I3J3,0.13
2386,LINJ_23_0880,LINJ_30_2920,5671.A4I0C2,5671.A4I5W9,0.171
2387,LINJ_23_0880,LINJ_36_5410,5671.A4I0C2,5671.A4IDU0,0.171
2388,LINJ_23_0880,LINJ_36_1840,5671.A4I0C2,5671.A4IDE7,0.321
2389,LINJ_23_0880,LINJ_31_3080,5671.A4I0C2,5671.A4I7A2,0.318
2390,LINJ_23_0880,ALDH2,5671.A4I0C2,5671.A4I1F4,0.395
2391,LINJ_23_1050,LINJ_30_2920,5671.A4I0D8,5671.A4I5W9,0.072
2392,LINJ_23_1050,LINJ_36_5410,5671.A4I0D8,5671.A4IDU0,0.072
2393,LINJ_23_1050,ALDH2,5671.A4I0D8,5671.A4I1F4,0.099
2394,LINJ_23_1050,LINJ_36_1840,5671.A4I0D8,5671.A4IDE7,0.072
2395,LINJ_23_1050,LINJ_36_4380,5671.A4I0D8,5671.A4IE56,0.209
2396,LINJ_23_1450,LINJ_24_1410,5671.A4I0H7,5671.A4I0X6,0.224
2397,LINJ_23_1450,DHFR-TS,5671.A4I0H7,5671.Q8MQV3,0.566
2398,LINJ_23_1450,LINJ_34_1900,5671.A4I0H7,5671.A4IAM7,0.447
2399,LINJ_23_1450,SIR2RP1,5671.A4I0H7,5671.Q8I6E4,0.524
2400,LINJ_24_0680,LINJ_28_0170,5671.A4I0Q5,5671.A4I390,0.058
2401,LINJ_24_0680,LINJ_24_0260,5671.A4I0Q5,5671.E9AH38,0.071
2402,LINJ_24_0680,LINJ_26_2100,5671.A4I0Q5,5671.A4I2D8,0.071
2403,LINJ_24_0680,LINJ_24_2410,5671.A4I0Q5,5671.A4I140,0.071
2404,LINJ_24_0680,MKK,5671.A4I0Q5,5671.A4I4U6,0.071
2405,LINJ_24_0680,MKK5,5671.A4I0Q5,5671.A4ICP8,0.071
2406,LINJ_24_0680,LINJ_34_1840,5671.A4I0Q5,5671.A4I9Y5,0.071
2407,LINJ_24_0680,LINJ_36_2310,5671.A4I0Q5,5671.A4IDJ2,0.078
2408,LINJ_24_0680,LINJ_36_5610,5671.A4I0Q5,5671.A4IDV1,0.108
2409,LINJ_24_1410,NMT,5671.A4I0X6,5671.A4I7H1,0.396
2410,LINJ_24_1410,HSP83,5671.A4I0X6,5671.E9AHM8,0.127
2411,LINJ_24_1410,HSP83-2,5671.A4I0X6,5671.E9AHM9,0.127
2412,LINJ_24_1410,LINJ_33_2520,5671.A4I0X6,5671.E9AHQ7,0.127
2413,LINJ_24_1410,SIR2RP1,5671.A4I0X6,5671.Q8I6E4,0.316
2414,LINJ_24_1410,LINJ_24_0130,5671.A4I0X6,5671.E9AH25,0.086
2415,LINJ_24_1410,LPG3,5671.A4I0X6,5671.A4I4C9,0.199
2416,LINJ_24_1410,LINJ_31_0820,5671.A4I0X6,5671.A4I6H3,0.11
2417,LINJ_24_1410,LINJ_34_1900,5671.A4I0X6,5671.A4IAM7,0.394
2418,LINJ_24_1410,LINJ_36_7340,5671.A4I0X6,5671.A4ICE0,0.163
2419,LINJ_24_1410,LINJ_28_2440,5671.A4I0X6,5671.A4I3V8,0.163
2420,LINJ_24_1500,LINJ_06_1220,5671.A4I0Y4,5671.E9AG71,0.047
2421,LINJ_24_1500,MKK,5671.A4I0Y4,5671.A4I4U6,0.058
2422,LINJ_24_1500,LINJ_34_1840,5671.A4I0Y4,5671.A4I9Y5,0.058
2423,LINJ_24_1500,LINJ_24_2410,5671.A4I0Y4,5671.A4I140,0.058
2424,LINJ_24_1500,MKK5,5671.A4I0Y4,5671.A4ICP8,0.058
2425,LINJ_24_1500,LINJ_34_0030,5671.A4I0Y4,5671.A4I9H1,0.05
2427,LINJ_24_1970,LINJ_32_1310,5671.A4I0Z7,5671.A4I7U2,0.338
2428,LINJ_24_1970,LINJ_35_1270,5671.A4I0Z7,5671.A4IB20,0.202
2429,LINJ_24_1970,LINJ_27_0940,5671.A4I0Z7,5671.A4I2Q9,0.104
2430,LINJ_24_1970,LINJ_27_1140,5671.A4I0Z7,5671.A4I2S5,0.073
2431,LINJ_24_1970,LINJ_32_1150,5671.A4I0Z7,5671.A4I7S6,0.432
2432,LINJ_24_1970,LINJ_34_3790,5671.A4I0Z7,5671.A4IAG7,0.432
2439,LINJ_24_1970,LINJ_36_1420,5671.A4I0Z7,5671.A4ICJ9,0.214
2440,LINJ_24_1970,LINJ_28_1580,5671.A4I0Z7,5671.A4I3M5,0.214
2441,LINJ_24_1970,LINJ_27_0370,5671.A4I0Z7,5671.A4I2M3,0.214
2442,LINJ_24_1970,LINJ_30_2520,5671.A4I0Z7,5671.A4I5S8,0.214
2443,LINJ_24_1970,LINJ_24_0170,5671.A4I0Z7,5671.E9AH29,0.214
2444,LINJ_24_2090,LINJ_33_1500,5671.A4I109,5671.A4I913,0.249
2445,LINJ_24_2090,LINJ_30_2970,5671.A4I109,5671.A4I5X4,0.05
2446,LINJ_24_2090,LINJ_29_1550,5671.A4I109,5671.A4I4K7,0.131
2447,LINJ_24_2090,LINJ_34_3370,5671.A4I109,5671.A4IAC5,0.156
2448,LINJ_24_2220,LINJ_29_0770,5671.A4I122,5671.A4I4C7,0.095
2449,LINJ_24_2220,RAD51,5671.A4I122,5671.A4I3C9,0.058
2450,LINJ_24_2220,LINJ_29_1460,5671.A4I122,5671.A4I4J5,0.056
2451,LINJ_24_2220,LINJ_29_1480,5671.A4I122,5671.A4I4J7,0.056
2452,LINJ_24_2220,LINJ_29_1440,5671.A4I122,5671.A4I4J0,0.056
2453,LINJ_24_2220,LINJ_29_2940,5671.A4I122,5671.A4I4Y5,0.056
2454,LINJ_24_2220,LINJ_25_1460,5671.A4I122,5671.A4I1I6,0.049
2455,LINJ_24_2220,LINJ_28_1910,5671.A4I122,5671.E9AHG7,0.22
2456,LINJ_24_2220,LINJ_36_4020,5671.A4I122,5671.A4ID13,0.106
2457,LINJ_24_2220,LINJ_22_0920,5671.A4I122,5671.E9AGZ4,0.106
2458,LINJ_24_2220,LINJ_36_1730,5671.A4I122,5671.A4IDD6,0.05
2459,LINJ_24_2220,DHFR-TS,5671.A4I122,5671.Q8MQV3,0.173
2460,LINJ_24_2220,LINJ_29_2260,5671.A4I122,5671.A4I4S4,0.107
2461,LINJ_24_2220,LINJ_30_1780,5671.A4I122,5671.A4I5K5,0.107
2462,LINJ_24_2220,LINJ_27_2570,5671.A4I122,5671.E9AHC6,0.107
2463,LINJ_24_2220,CRK3,5671.A4I122,5671.A4ICT0,0.107
2464,LINJ_24_2220,LINJ_24_0130,5671.A4I122,5671.E9AH25,0.085
2465,LINJ_24_2220,LINJ_26_2540,5671.A4I122,5671.A4I2I8,0.142
2466,LINJ_24_2220,LINJ_36_5580,5671.A4I122,5671.A4IC77,0.142
2467,LINJ_24_2220,LINJ_35_3880,5671.A4I122,5671.A4IBS2,0.104
2468,LINJ_24_2220,LINJ_28_0110,5671.A4I122,5671.A4I384,0.05
2469,LINJ_24_2220,LINJ_35_1310,5671.A4I122,5671.A4IB24,0.059
2470,LINJ_24_2220,LINJ_03_0520,5671.A4I122,5671.E9AG43,0.065
2471,LINJ_24_2220,91E11,5671.A4I122,5671.Q9GNZ8,0.106
2472,LINJ_24_2220,RPT6,5671.A4I122,5671.A4IE38,0.048
2473,LINJ_24_2220,CYC3,5671.A4I122,5671.A4I503,0.104
2474,LINJ_24_2220,CYCA,5671.A4I122,5671.A4I1J3,0.104
2475,LINJ_24_2220,CYC8,5671.A4I122,5671.A4I1W9,0.104
2476,LINJ_24_2220,LINJ_24_1780,5671.A4I122,5671.E9AH78,0.065
2477,LINJ_24_2220,CYC6,5671.A4I122,5671.A4I8F7,0.104
2478,LINJ_24_2220,LINJ.12.0190,5671.A4I122,5671.E9AGB0,0.261
2479,LINJ_24_2220,LINJ_32_1010,5671.A4I122,5671.A4I7R2,0.156
2480,LINJ_24_2220,LINJ_28_2450,5671.A4I122,5671.A4I3V9,0.194
2481,LINJ_24_2220,LINJ_32_0730,5671.A4I122,5671.A4I7L2,0.158
2482,LINJ_24_2220,LINJ_26_2460,5671.A4I122,5671.A4I2H1,0.233
2483,LINJ_24_2220,LINJ_29_1420,5671.A4I122,5671.E9AHI7,0.233
2484,LINJ_24_2220,LMAIRK,5671.A4I122,5671.A4I3C6,0.233
2485,LINJ_24_2220,LINJ_32_1150,5671.A4I122,5671.A4I7S6,0.219
2486,LINJ_24_2220,LINJ_34_3790,5671.A4I122,5671.A4IAG7,0.219
2487,LINJ_24_2220,LINJ_24_1790,5671.A4I122,5671.E9AH79,0.261
2488,LINJ_24_2220,LINJ_33_2910,5671.A4I122,5671.A4I9B7,0.329
2489,LINJ_24_2350,LINJ_30_0420,5671.A4I135,5671.A4I569,0.059
2490,LINJ_24_2350,LINJ_24_1790,5671.A4I135,5671.E9AH79,0.059
2491,LINJ_24_2350,LINJ_33_0060,5671.A4I135,5671.A4I8M2,0.05
2492,LINJ_24_2350,LINJ_27_0920,5671.A4I135,5671.A4I2Q7,0.316
2497,LINJ_24_2350,LINJ_19_0150,5671.A4I135,5671.E9AGR8,0.205
2499,LINJ_24_2410,LINJ_36_5610,5671.A4I140,5671.A4IDV1,0.22
2500,LINJ_24_2410,LINJ_36_0970,5671.A4I140,5671.A4ICP3,0.125
2501,LINJ_24_2410,LINJ_33_2190,5671.A4I140,5671.A4I945,0.071
2502,LINJ_24_2410,LINJ_19_0140,5671.A4I140,5671.E9AGR7,0.058
2503,LINJ_24_2410,LINJ_30_0620,5671.A4I140,5671.A4I588,0.058
2504,LINJ_24_2410,CRK3,5671.A4I140,5671.A4ICT0,0.059
2505,LINJ_24_2410,LINJ_27_2570,5671.A4I140,5671.E9AHC6,0.059
2506,LINJ_24_2410,LINJ_30_2930,5671.A4I140,5671.A4I5X0,0.072
2507,LINJ_24_2410,LINJ_25_2070,5671.A4I140,5671.A4I1P7,0.105
2508,LINJ_24_2410,LINJ_36_0780,5671.A4I140,5671.A4ICR2,0.071
2509,LINJ_24_2410,LINJ_25_2450,5671.A4I140,5671.A4I1T4,0.058
2510,LINJ_24_2410,LINJ_29_2600,5671.A4I140,5671.A4I4W3,0.058
2511,LINJ_24_2410,LMPK,5671.A4I140,5671.A4ICA4,0.071
2512,LINJ_24_2410,MPK12,5671.A4I140,5671.A4I564,0.071
2513,LINJ_24_2410,MPK11,5671.A4I140,5671.A4I910,0.071
2516,LINJ_25_0440,LINJ_30_0420,5671.A4I186,5671.A4I569,0.053
2517,LINJ_25_0440,LINJ_24_1790,5671.A4I186,5671.E9AH79,0.053
2521,LINJ_25_0440,LINJ_19_0150,5671.A4I186,5671.E9AGR8,0.072
2525,LINJ_25_0540,LINJ_33_3410,5671.A4I194,5671.A4I9G7,0.077
2526,LINJ_25_0540,LINJ_32_3280,5671.A4I194,5671.A4I8D3,0.077
2527,LINJ_25_0960,LINJ_34_3340,5671.A4I1D4,5671.A4IAC2,0.047
2528,LINJ_25_0960,LINJ_30_3310,5671.A4I1D4,5671.A4I610,0.047
2529,LINJ_25_0960,LINJ_34_4020,5671.A4I1D4,5671.A4IAJ0,0.049
2530,LINJ_25_0960,LINJ_29_1190,5671.A4I1D4,5671.A4I4G8,0.047
2531,LINJ_25_0960,LINJ_26_2100,5671.A4I1D4,5671.A4I2D8,0.048
2532,LINJ_25_0960,LINJ_24_0260,5671.A4I1D4,5671.E9AH38,0.048
2533,LINJ_25_0960,LINJ_34_0030,5671.A4I1D4,5671.A4I9H1,0.214
2534,ALDH2,LINJ_29_1100,5671.A4I1F4,5671.A4I4G0,0.099
2535,ALDH2,LINJ_27_2390,5671.A4I1F4,5671.A4I345,0.059
2536,ALDH2,LINJ_31_2980,5671.A4I1F4,5671.A4I792,0.22
2537,ALDH2,PGFS,5671.A4I1F4,5671.A4I6Z4,0.22
2538,ALDH2,LINJ_32_0470,5671.A4I1F4,5671.A4I7L0,0.22
2539,ALDH2,LINJ_26_1190,5671.A4I1F4,5671.A4I250,0.22
2540,ALDH2,LINJ_35_1240,5671.A4I1F4,5671.A4IB17,0.099
2541,ALDH2,LINJ_24_1890,5671.A4I1F4,5671.E9AH89,0.099
2542,ALDH2,LINJ_35_1230,5671.A4I1F4,5671.A4IB16,0.099
2543,ALDH2,LINJ_28_2190,5671.A4I1F4,5671.A4I3T3,0.315
2544,ALDH2,LINJ_36_3570,5671.A4I1F4,5671.A4ID56,0.183
2545,ALDH2,LINJ_19_0940,5671.A4I1F4,5671.E9AGS5,0.206
2546,ALDH2,LINJ_19_0960,5671.A4I1F4,5671.E9AGS6,0.206
2547,ALDH2,LINJ_28_1250,5671.A4I1F4,5671.A4I3J3,0.206
2548,ALDH2,DHFR-TS,5671.A4I1F4,5671.Q8MQV3,0.574
2549,ALDH2,LINJ_36_4380,5671.A4I1F4,5671.A4IE56,0.575
2550,ALDH2,AKR,5671.A4I1F4,5671.A4I342,0.22
2551,LINJ_25_1360,LINJ.12.0190,5671.A4I1H6,5671.E9AGB0,0.049
2556,LINJ_25_1360,LINJ_03_0520,5671.A4I1H6,5671.E9AG43,0.049
2559,LINJ_25_1360,91E11,5671.A4I1H6,5671.Q9GNZ8,0.043
2561,LINJ_25_1360,LINJ_26_2540,5671.A4I1H6,5671.A4I2I8,0.049
2562,LINJ_25_1360,LINJ_36_5580,5671.A4I1H6,5671.A4IC77,0.049
2563,LINJ_25_1360,LINJ_25_2450,5671.A4I1H6,5671.A4I1T4,0.047
2564,LINJ_25_1360,LINJ_28_1800,5671.A4I1H6,5671.A4I3P6,0.047
2566,LINJ_25_1460,LINJ_27_1150,5671.A4I1I6,5671.A4I2S6,0.161
2567,LINJ_25_1460,LINJ_33_2910,5671.A4I1I6,5671.A4I9B7,0.049
2568,LINJ_25_1460,LINJ_32_1010,5671.A4I1I6,5671.A4I7R2,0.049
2569,LINJ_25_1460,LINJ_35_1310,5671.A4I1I6,5671.A4IB24,0.072
2570,LINJ_25_1460,LINJ_32_0050,5671.A4I1I6,5671.A4I7G8,0.059
2571,LINJ_25_1460,LINJ_32_3470,5671.A4I1I6,5671.A4I8F2,0.56
2572,LINJ_25_1460,LINJ_36_6600,5671.A4I1I6,5671.A4IC88,0.13
2573,LINJ_25_1460,LINJ_35_5080,5671.A4I1I6,5671.A4IC65,0.13
2574,LINJ_25_1460,LINJ_30_1180,5671.A4I1I6,5671.A4I5E3,0.274
2575,CYCA,LINJ_29_1420,5671.A4I1J3,5671.E9AHI7,0.105
2576,CYCA,LINJ_26_2460,5671.A4I1J3,5671.A4I2H1,0.105
2577,CYCA,LMAIRK,5671.A4I1J3,5671.A4I3C6,0.105
2578,CYCA,LINJ_36_4020,5671.A4I1J3,5671.A4ID13,0.104
2579,CYCA,LINJ_22_0920,5671.A4I1J3,5671.E9AGZ4,0.104
2580,CYCA,LINJ_32_1520,5671.A4I1J3,5671.A4I7W3,0.22
2581,CYCA,LINJ_33_2910,5671.A4I1J3,5671.A4I9B7,0.052
2582,CYCA,DMC1,5671.A4I1J3,5671.A4IC25,0.445
2583,CYCA,LINJ_30_0420,5671.A4I1J3,5671.A4I569,0.071
2584,CYCA,LINJ_26_0050,5671.A4I1J3,5671.A4I1U3,0.216
2585,CYCA,LINJ_24_0130,5671.A4I1J3,5671.E9AH25,0.071
2586,CYCA,LINJ_30_1780,5671.A4I1J3,5671.A4I5K5,0.077
2587,CYCA,LINJ_29_2260,5671.A4I1J3,5671.A4I4S4,0.077
2588,CYCA,LINJ_27_2570,5671.A4I1J3,5671.E9AHC6,0.077
2589,CYCA,CRK1,5671.A4I1J3,5671.E9AGX6,0.558
2590,CYCA,LINJ_36_5580,5671.A4I1J3,5671.A4IC77,0.156
2591,CYCA,LINJ_26_2540,5671.A4I1J3,5671.A4I2I8,0.156
2592,CYCA,LINJ_34_0030,5671.A4I1J3,5671.A4I9H1,0.562
2593,CYCA,LINJ_24_1790,5671.A4I1J3,5671.E9AH79,0.157
2594,CYCA,CRK3,5671.A4I1J3,5671.A4ICT0,0.652
2595,CYCA,LINJ_29_2830,5671.A4I1J3,5671.A4I4Y0,0.248
2596,LINJ_25_1580,MPK11,5671.A4I1J8,5671.A4I910,0.046
2597,LINJ_25_1580,LMPK,5671.A4I1J8,5671.A4ICA4,0.046
2608,LINJ_25_1930,LINJ_36_5050,5671.A4I1N3,5671.A4IDR0,0.1
2613,LINJ_25_2070,LINJ_34_1840,5671.A4I1P7,5671.A4I9Y5,0.105
2614,LINJ_25_2070,MKK,5671.A4I1P7,5671.A4I4U6,0.105
2615,LINJ_25_2070,MKK5,5671.A4I1P7,5671.A4ICP8,0.105
2616,LINJ_25_2070,MPK11,5671.A4I1P7,5671.A4I910,0.054
2617,LINJ_25_2070,MPK12,5671.A4I1P7,5671.A4I564,0.054
2618,LINJ_25_2110,LINJ_26_0050,5671.A4I1Q1,5671.A4I1U3,0.08
2619,LINJ_25_2450,CRK1,5671.A4I1T4,5671.E9AGX6,0.057
2620,LINJ_25_2450,LINJ_24_0130,5671.A4I1T4,5671.E9AH25,0.079
2621,LINJ_25_2450,LINJ_36_5610,5671.A4I1T4,5671.A4IDV1,0.059
2622,LINJ_25_2450,LINJ_35_4110,5671.A4I1T4,5671.A4IBU4,0.049
2623,LINJ_25_2450,LINJ_35_0480,5671.A4I1T4,5671.A4IAU7,0.049
2624,LINJ_25_2450,LINJ_36_4950,5671.A4I1T4,5671.A4IDQ0,0.058
2625,LINJ_25_2450,LINJ_35_2600,5671.A4I1T4,5671.A4IBG5,0.058
2626,LINJ_25_2450,LINJ_28_1350,5671.A4I1T4,5671.A4I3K3,0.058
2628,LINJ_25_2450,LINJ_26_2130,5671.A4I1T4,5671.E9AHB6,0.041
2629,LINJ_25_2450,LINJ_34_1530,5671.A4I1T4,5671.A4I9V5,0.209
2630,LINJ_25_2450,LINJ_34_1840,5671.A4I1T4,5671.A4I9Y5,0.058
2631,LINJ_25_2450,MKK5,5671.A4I1T4,5671.A4ICP8,0.058
2632,LINJ_25_2450,MKK,5671.A4I1T4,5671.A4I4U6,0.058
2634,LINJ_25_2450,LINJ_29_2140,5671.A4I1T4,5671.A4I4Q9,0.049
2635,LINJ_25_2450,LINJ_36_0960,5671.A4I1T4,5671.A4ICP4,0.049
2636,LINJ_25_2450,TOR1,5671.A4I1T4,5671.A4IE36,0.074
2637,LINJ_25_2450,TOR2,5671.A4I1T4,5671.A4IAK5,0.074
2638,LINJ_25_2450,TOR3,5671.A4I1T4,5671.A4IAG3,0.074
2639,LINJ_25_2450,LINJ_24_0220,5671.A4I1T4,5671.E9AH34,0.049
2640,LINJ_25_2450,LINJ_33_1810,5671.A4I1T4,5671.A4I967,0.049
2641,LINJ_25_2450,LINJ_36_2310,5671.A4I1T4,5671.A4IDJ2,0.261
2642,LINJ_25_2450,LPG3,5671.A4I1T4,5671.A4I4C9,0.312
2643,LINJ_25_2450,LINJ_34_0030,5671.A4I1T4,5671.A4I9H1,0.21
2644,LINJ_25_2450,HSP83-2,5671.A4I1T4,5671.E9AHM9,0.156
2645,LINJ_25_2450,HSP83,5671.A4I1T4,5671.E9AHM8,0.156
2646,LINJ_25_2450,LINJ_33_2520,5671.A4I1T4,5671.E9AHQ7,0.156
2647,LINJ_25_2450,LINJ_30_1060,5671.A4I1T4,5671.A4I5D1,0.126
2648,LINJ_25_2450,LINJ_31_1560,5671.A4I1T4,5671.A4I6T1,0.126
2649,LINJ_25_2450,LINJ_30_0850,5671.A4I1T4,5671.A4I5B1,0.106
2651,LINJ_26_0050,LINJ_35_2660,5671.A4I1U3,5671.A4IBC9,0.08
2652,LINJ_26_0050,LINJ_34_1360,5671.A4I1U3,5671.A4I9T8,0.08
2653,LINJ_26_0050,LINJ_35_3570,5671.A4I1U3,5671.A4IBP7,0.08
2654,LINJ_26_0050,LINJ_24_0280,5671.A4I1U3,5671.E9AH40,0.08
2655,LINJ_26_0050,LINJ_26_0140,5671.A4I1U3,5671.A4I1V3,0.08
2656,LINJ_26_0050,LINJ_36_7090,5671.A4I1U3,5671.A4ICB8,0.08
2657,LINJ_26_0050,LINJ_34_3730,5671.A4I1U3,5671.A4IAG1,0.08
2658,LINJ_26_0050,LINJ_35_0190,5671.A4I1U3,5671.A4IAS0,0.08
2659,LINJ_26_0050,LINJ_29_2510,5671.A4I1U3,5671.A4I4V4,0.08
2661,LINJ_26_0050,LINJ_30_0420,5671.A4I1U3,5671.A4I569,0.071
2662,LINJ_26_0050,LINJ_24_1790,5671.A4I1U3,5671.E9AH79,0.087
2663,LINJ_26_0050,LINJ_32_0690,5671.A4I1U3,5671.A4I7L6,0.046
2664,LINJ_26_0050,LINJ_34_2160,5671.A4I1U3,5671.A4IA04,0.046
2665,LINJ_26_0050,LINJ_36_6370,5671.A4I1U3,5671.A4IE23,0.046
2666,LINJ_26_0050,LINJ_30_1780,5671.A4I1U3,5671.A4I5K5,0.074
2667,LINJ_26_0050,CYC3,5671.A4I1U3,5671.A4I503,0.216
2668,LINJ_26_0050,CYC6,5671.A4I1U3,5671.A4I8F7,0.216
2669,LINJ_26_0050,CYC8,5671.A4I1U3,5671.A4I1W9,0.216
2670,LINJ_26_0050,CRK3,5671.A4I1U3,5671.A4ICT0,0.074
2671,LINJ_26_0050,LINJ_29_2260,5671.A4I1U3,5671.A4I4S4,0.074
2672,LINJ_26_0050,LINJ_27_2570,5671.A4I1U3,5671.E9AHC6,0.074
2673,LINJ_26_0300,LINJ_30_3430,5671.A4I1W7,5671.A4I628,0.105
2674,LINJ_26_0300,PGKC,5671.A4I1W7,5671.E9AGT9,0.105
2675,LINJ_26_0300,PGKB,5671.A4I1W7,5671.E9AGU0,0.105
2676,CYC8,LINJ_06_1220,5671.A4I1W9,5671.E9AG71,0.207
2677,CYC8,LINJ_26_2460,5671.A4I1W9,5671.A4I2H1,0.105
2678,CYC8,LINJ_29_1420,5671.A4I1W9,5671.E9AHI7,0.105
2679,CYC8,LMAIRK,5671.A4I1W9,5671.A4I3C6,0.105
2680,CYC8,LINJ_36_4020,5671.A4I1W9,5671.A4ID13,0.104
2681,CYC8,LINJ_32_1520,5671.A4I1W9,5671.A4I7W3,0.22
2682,CYC8,LINJ_22_0920,5671.A4I1W9,5671.E9AGZ4,0.104
2683,CYC8,LINJ_33_2910,5671.A4I1W9,5671.A4I9B7,0.052
2684,CYC8,LINJ_30_0420,5671.A4I1W9,5671.A4I569,0.071
2685,CYC8,CYC6,5671.A4I1W9,5671.A4I8F7,0.598
2686,CYC8,LINJ_24_0130,5671.A4I1W9,5671.E9AH25,0.071
2687,CYC8,LINJ_30_1780,5671.A4I1W9,5671.A4I5K5,0.077
2688,CYC8,LINJ_29_2260,5671.A4I1W9,5671.A4I4S4,0.077
2689,CYC8,CRK3,5671.A4I1W9,5671.A4ICT0,0.077
2690,CYC8,LINJ_27_2570,5671.A4I1W9,5671.E9AHC6,0.077
2691,CYC8,CYC3,5671.A4I1W9,5671.A4I503,0.642
2692,CYC8,LINJ_36_5580,5671.A4I1W9,5671.A4IC77,0.156
2693,CYC8,LINJ_26_2540,5671.A4I1W9,5671.A4I2I8,0.156
2694,CYC8,LINJ_34_0030,5671.A4I1W9,5671.A4I9H1,0.562
2695,CYC8,LINJ_24_1790,5671.A4I1W9,5671.E9AH79,0.157
2696,CYC8,LINJ_29_2830,5671.A4I1W9,5671.A4I4Y0,0.248
2697,LINJ_26_0590,LINJ_28_2450,5671.A4I1Z4,5671.A4I3V9,0.396
2698,LINJ_26_0590,LINJ_30_1700,5671.A4I1Z4,5671.A4I5J7,0.228
2699,LINJ_26_0590,LINJ_29_1360,5671.A4I1Z4,5671.A4I4I4,0.228
2700,LINJ_26_0590,DHFR-TS,5671.A4I1Z4,5671.Q8MQV3,0.657
2701,LINJ_26_0590,HSP83-2,5671.A4I1Z4,5671.E9AHM9,0.261
2702,LINJ_26_0590,HSP83,5671.A4I1Z4,5671.E9AHM8,0.261
2703,LINJ_26_0590,LINJ_33_2520,5671.A4I1Z4,5671.E9AHQ7,0.261
2704,LINJ_26_0590,LPG3,5671.A4I1Z4,5671.A4I4C9,0.292
2705,LINJ_26_0590,LINJ_27_1150,5671.A4I1Z4,5671.A4I2S6,0.161
2706,LINJ_26_0590,LINJ_21_1330,5671.A4I1Z4,5671.E9AGX7,0.17
2707,LINJ_26_0590,LINJ_32_3470,5671.A4I1Z4,5671.A4I8F2,0.201
2708,LINJ_26_0590,LINJ_30_2830,5671.A4I1Z4,5671.A4I5W0,0.249
2709,LINJ_26_0590,LINJ_32_1940,5671.A4I1Z4,5671.A4I800,0.249
2710,LINJ_26_0590,LINJ_36_2140,5671.A4I1Z4,5671.A4IDH5,0.249
2711,LINJ_26_0590,LINJ_36_2130,5671.A4I1Z4,5671.A4IDH4,0.249
2712,LINJ_26_0630,GCVL-2,5671.A4I1Z8,5671.A4I8F6,0.067
2713,LINJ_26_0630,LINJ_31_2720,5671.A4I1Z8,5671.E9AHL8,0.067
2714,LINJ_26_0630,GCVL-1,5671.A4I1Z8,5671.A4I4P1,0.067
2715,LINJ_26_0630,LINJ_31_2710,5671.A4I1Z8,5671.A4I769,0.067
2716,LINJ_26_0630,LINJ_29_0860,5671.A4I1Z8,5671.A4I4D6,0.098
2717,LINJ_26_0630,LPG3,5671.A4I1Z8,5671.A4I4C9,0.09
2718,LINJ_26_0630,LINJ_34_0030,5671.A4I1Z8,5671.A4I9H1,0.217
2719,LINJ_26_0630,PDI-2,5671.A4I1Z8,5671.A4ICD5,0.107
2720,LINJ_26_1190,LINJ_33_2860,5671.A4I250,5671.A4I9B2,0.05
2721,LINJ_26_1190,LINJ_36_4380,5671.A4I250,5671.A4IE56,0.315
2722,LINJ_26_2100,LMPK,5671.A4I2D8,5671.A4ICA4,0.071
2723,LINJ_26_2100,LINJ_30_2930,5671.A4I2D8,5671.A4I5X0,0.071
2724,LINJ_26_2100,MPK12,5671.A4I2D8,5671.A4I564,0.071
2725,LINJ_26_2100,MPK11,5671.A4I2D8,5671.A4I910,0.071
2726,LINJ_26_2100,LINJ_36_0780,5671.A4I2D8,5671.A4ICR2,0.071
2727,LINJ_26_2100,LINJ_33_2190,5671.A4I2D8,5671.A4I945,0.071
2728,LINJ_26_2100,LINJ_32_0520,5671.A4I2D8,5671.A4I7N3,0.059
2729,LINJ_26_2100,LINJ_32_1930,5671.A4I2D8,5671.A4I7Z9,0.059
2730,LINJ_26_2100,LINJ_31_0890,5671.A4I2D8,5671.A4I6I0,0.059
2732,LINJ_26_2100,LINJ_32_2160,5671.A4I2D8,5671.A4I825,0.059
2733,LINJ_26_2100,LINJ_35_1720,5671.A4I2D8,5671.A4IB73,0.103
2734,LINJ_26_2100,LINJ_30_3310,5671.A4I2D8,5671.A4I610,0.048
2735,LINJ_26_2100,LINJ_29_1190,5671.A4I2D8,5671.A4I4G8,0.048
2736,LINJ_26_2100,LINJ_35_2710,5671.A4I2D8,5671.A4IBD4,0.048
2737,LINJ_26_2100,LINJ_28_0720,5671.A4I2D8,5671.A4I3E2,0.048
2738,LINJ_26_2100,LINJ_35_2030,5671.A4I2D8,5671.A4IBA2,0.048
2739,LINJ_26_2100,LINJ_34_3340,5671.A4I2D8,5671.A4IAC2,0.048
2740,LINJ_26_2100,LINJ_03_0460,5671.A4I2D8,5671.E9AG37,0.048
2741,LINJ_26_2100,DHFR-TS,5671.A4I2D8,5671.Q8MQV3,0.431
2742,LINJ_26_2100,LINJ_24_0130,5671.A4I2D8,5671.E9AH25,0.095
2743,LINJ_26_2460,LINJ_28_1910,5671.A4I2H1,5671.E9AHG7,0.059
2744,LINJ_26_2460,LINJ_35_1310,5671.A4I2H1,5671.A4IB24,0.068
2746,LINJ_26_2460,DHFR-TS,5671.A4I2H1,5671.Q8MQV3,0.111
2747,LINJ_26_2460,91E11,5671.A4I2H1,5671.Q9GNZ8,0.041
2748,LINJ_26_2460,CYC6,5671.A4I2H1,5671.A4I8F7,0.105
2749,LINJ_26_2460,CYC3,5671.A4I2H1,5671.A4I503,0.105
2750,LINJ_26_2460,LINJ_36_1730,5671.A4I2H1,5671.A4IDD6,0.047
2751,LINJ_26_2460,CRK3,5671.A4I2H1,5671.A4ICT0,0.072
2752,LINJ_26_2460,LINJ_27_2570,5671.A4I2H1,5671.E9AHC6,0.072
2753,LINJ_26_2460,LINJ_30_1780,5671.A4I2H1,5671.A4I5K5,0.072
2754,LINJ_26_2460,LINJ_29_2260,5671.A4I2H1,5671.A4I4S4,0.072
2759,LINJ_26_2460,LINJ_28_2450,5671.A4I2H1,5671.A4I3V9,0.163
2760,LINJ_26_2460,LINJ_24_0130,5671.A4I2H1,5671.E9AH25,0.057
2761,LINJ_26_2460,LINJ_33_2910,5671.A4I2H1,5671.A4I9B7,0.068
2762,LINJ_26_2460,LINJ_24_1790,5671.A4I2H1,5671.E9AH79,0.162
2763,LINJ_26_2460,LINJ_36_5580,5671.A4I2H1,5671.A4IC77,0.156
2764,LINJ_26_2460,LINJ_26_2540,5671.A4I2H1,5671.A4I2I8,0.156
2765,LINJ_26_2460,LINJ_22_0920,5671.A4I2H1,5671.E9AGZ4,0.215
2766,LINJ_26_2460,LINJ_36_4020,5671.A4I2H1,5671.A4ID13,0.215
2769,LINJ_26_2600,LINJ_34_0030,5671.A4I2H8,5671.A4I9H1,0.044
2779,LINJ_26_2540,LINJ_32_1930,5671.A4I2I8,5671.A4I7Z9,0.06
2780,LINJ_26_2540,LINJ_31_0890,5671.A4I2I8,5671.A4I6I0,0.06
2781,LINJ_26_2540,LINJ_06_1220,5671.A4I2I8,5671.E9AG71,0.056
2782,LINJ_26_2540,LPG3,5671.A4I2I8,5671.A4I4C9,0.072
2784,LINJ_26_2540,HSP83-2,5671.A4I2I8,5671.E9AHM9,0.076
2785,LINJ_26_2540,HSP83,5671.A4I2I8,5671.E9AHM8,0.076
2786,LINJ_26_2540,LINJ_33_2520,5671.A4I2I8,5671.E9AHQ7,0.076
2788,LINJ_26_2540,LINJ_30_0420,5671.A4I2I8,5671.A4I569,0.103
2789,LINJ_26_2540,LINJ_34_0030,5671.A4I2I8,5671.A4I9H1,0.071
2790,LINJ_26_2540,LINJ_29_2260,5671.A4I2I8,5671.A4I4S4,0.071
2791,LINJ_26_2540,LINJ_30_1780,5671.A4I2I8,5671.A4I5K5,0.071
2792,LINJ_26_2540,LINJ_33_2910,5671.A4I2I8,5671.A4I9B7,0.046
2793,LINJ_26_2540,CRK3,5671.A4I2I8,5671.A4ICT0,0.071
2794,LINJ_26_2540,CYC6,5671.A4I2I8,5671.A4I8F7,0.156
2795,LINJ_26_2540,CYC3,5671.A4I2I8,5671.A4I503,0.156
2796,LINJ_26_2540,LINJ_27_2570,5671.A4I2I8,5671.E9AHC6,0.071
2797,LINJ_26_2540,LINJ_24_0130,5671.A4I2I8,5671.E9AH25,0.099
2798,LINJ_26_2540,LINJ_24_1790,5671.A4I2I8,5671.E9AH79,0.173
2799,LINJ_26_2540,LMAIRK,5671.A4I2I8,5671.A4I3C6,0.156
2800,LINJ_26_2540,LINJ_29_1420,5671.A4I2I8,5671.E9AHI7,0.156
2801,LINJ_26_2540,LINJ_29_2830,5671.A4I2I8,5671.A4I4Y0,0.22
2802,LINJ_26_2700,LINJ_31_1310,5671.A4I2J3,5671.A4I6Q5,0.104
2803,LINJ_26_2700,LINJ_31_3080,5671.A4I2J3,5671.A4I7A2,0.183
2805,LINJ_27_0090,LINJ_24_0130,5671.A4I2K5,5671.E9AH25,0.104
2806,LINJ_27_0090,LINJ_36_4380,5671.A4I2K5,5671.A4IE56,0.191
2807,LINJ_27_0090,LINJ_33_1690,5671.A4I2K5,5671.A4I931,0.177
2808,LINJ_27_0090,LINJ_28_1250,5671.A4I2K5,5671.A4I3J3,0.081
2809,LINJ_27_0090,LINJ_19_0960,5671.A4I2K5,5671.E9AGS6,0.081
2810,LINJ_27_0090,LINJ_19_0940,5671.A4I2K5,5671.E9AGS5,0.081
2811,LINJ_27_0090,LINJ_28_2190,5671.A4I2K5,5671.A4I3T3,0.201
2812,LINJ_27_0090,LINJ_29_2250,5671.A4I2K5,5671.A4I4S3,0.767
2813,LINJ_27_0370,LINJ_34_4140,5671.A4I2M3,5671.A4IAK2,0.046
2814,LINJ_27_0370,LINJ_19_0150,5671.A4I2M3,5671.E9AGR8,0.071
2815,LINJ_27_0370,LINJ_33_3360,5671.A4I2M3,5671.A4I9G2,0.048
2816,LINJ_27_0370,LINJ_24_0130,5671.A4I2M3,5671.E9AH25,0.172
2817,LINJ_27_0370,LINJ_33_2520,5671.A4I2M3,5671.E9AHQ7,0.104
2818,LINJ_27_0370,HSP83,5671.A4I2M3,5671.E9AHM8,0.104
2819,LINJ_27_0370,HSP83-2,5671.A4I2M3,5671.E9AHM9,0.104
2820,LINJ_27_0370,LINJ_28_0110,5671.A4I2M3,5671.A4I384,0.049
2821,LINJ_27_0370,LINJ_36_1730,5671.A4I2M3,5671.A4IDD6,0.049
2822,LINJ_27_0370,LINJ_35_3880,5671.A4I2M3,5671.A4IBS2,0.049
2827,LINJ_27_0920,LINJ_33_3360,5671.A4I2Q7,5671.A4I9G2,0.048
2829,LINJ_27_0920,LINJ_19_0150,5671.A4I2Q7,5671.E9AGR8,0.22
2831,LINJ_27_0940,LINJ_33_1940,5671.A4I2Q9,5671.A4I946,0.106
2832,LINJ_27_0940,LINJ_27_0620,5671.A4I2Q9,5671.E9AHE8,0.106
2835,LINJ_27_0940,LINJ_24_0130,5671.A4I2Q9,5671.E9AH25,0.261
2836,LINJ_27_0940,LINJ_29_0860,5671.A4I2Q9,5671.A4I4D6,0.071
2837,LINJ_27_0940,RAB7,5671.A4I2Q9,5671.E9AGQ4,0.319
2838,LINJ_27_0940,LINJ_34_4140,5671.A4I2Q9,5671.A4IAK2,0.216
2839,LINJ_27_0940,LINJ_33_3360,5671.A4I2Q9,5671.A4I9G2,0.105
2842,LINJ_27_1150,LINJ_36_2130,5671.A4I2S6,5671.A4IDH4,0.049
2843,LINJ_27_1150,LINJ_30_2830,5671.A4I2S6,5671.A4I5W0,0.049
2844,LINJ_27_1150,LINJ_32_1940,5671.A4I2S6,5671.A4I800,0.049
2845,LINJ_27_1150,LINJ_36_2140,5671.A4I2S6,5671.A4IDH5,0.049
2846,LINJ_27_1150,LINJ_29_1360,5671.A4I2S6,5671.A4I4I4,0.071
2847,LINJ_27_1150,LINJ_30_1700,5671.A4I2S6,5671.A4I5J7,0.071
2848,LINJ_27_1150,LINJ.12.0190,5671.A4I2S6,5671.E9AGB0,0.075
2849,LINJ_27_1150,LINJ_03_0520,5671.A4I2S6,5671.E9AG43,0.075
2852,LINJ_27_1150,LPG3,5671.A4I2S6,5671.A4I4C9,0.072
2853,LINJ_27_1150,DHFR-TS,5671.A4I2S6,5671.Q8MQV3,0.458
2854,LINJ_27_1150,91E11,5671.A4I2S6,5671.Q9GNZ8,0.05
2856,LINJ_27_1150,HSP83-2,5671.A4I2S6,5671.E9AHM9,0.158
2857,LINJ_27_1150,HSP83,5671.A4I2S6,5671.E9AHM8,0.158
2858,LINJ_27_1150,LINJ_33_2520,5671.A4I2S6,5671.E9AHQ7,0.158
2859,LINJ_27_1150,LINJ_24_1790,5671.A4I2S6,5671.E9AH79,0.199
2860,LINJ_27_1150,LINJ_19_0150,5671.A4I2S6,5671.E9AGR8,0.072
2861,LINJ_27_1150,LINJ_21_1330,5671.A4I2S6,5671.E9AGX7,0.559
2862,LINJ_27_1150,LINJ_32_3470,5671.A4I2S6,5671.A4I8F2,0.441
2864,LINJ_27_1170,RPT6,5671.A4I2S8,5671.A4IE38,0.047
2866,LINJ_27_1680,LINJ_27_2570,5671.A4I2Y4,5671.E9AHC6,0.067
2867,LINJ_27_1680,LINJ_34_0030,5671.A4I2Y4,5671.A4I9H1,0.192
2868,LINJ_27_1740,LINJ_34_0030,5671.A4I2Z0,5671.A4I9H1,0.067
2874,LINJ_27_2130,LINJ_34_0030,5671.A4I317,5671.A4I9H1,0.067
2875,AKR,LINJ_33_2860,5671.A4I342,5671.A4I9B2,0.05
2876,AKR,LINJ_36_4380,5671.A4I342,5671.A4IE56,0.315
2877,LINJ_27_2390,LINJ_36_5410,5671.A4I345,5671.A4IDU0,0.059
2878,LINJ_27_2390,LINJ_36_1840,5671.A4I345,5671.A4IDE7,0.059
2879,LINJ_27_2390,LINJ_30_2920,5671.A4I345,5671.A4I5W9,0.059
2880,LINJ_27_2390,LINJ_28_2190,5671.A4I345,5671.A4I3T3,0.108
2881,LINJ_27_2390,DHFR-TS,5671.A4I345,5671.Q8MQV3,0.42
2882,LINJ_27_2390,LINJ_33_2860,5671.A4I345,5671.A4I9B2,0.317
2883,LINJ_28_0110,LINJ_34_0030,5671.A4I384,5671.A4I9H1,0.05
2884,LINJ_28_0110,LINJ_35_1310,5671.A4I384,5671.A4IB24,0.05
2885,LINJ_28_0110,LINJ_30_2520,5671.A4I384,5671.A4I5S8,0.049
2886,LINJ_28_0110,LINJ_24_0170,5671.A4I384,5671.E9AH29,0.049
2887,LINJ_28_0110,LINJ_36_1420,5671.A4I384,5671.A4ICJ9,0.049
2888,LINJ_28_0110,LINJ_28_1580,5671.A4I384,5671.A4I3M5,0.049
2892,LINJ_28_0110,LINJ_33_2910,5671.A4I384,5671.A4I9B7,0.05
2893,LINJ_28_0110,RPT6,5671.A4I384,5671.A4IE38,0.422
2894,LINJ_28_0110,91E11,5671.A4I384,5671.Q9GNZ8,0.539
2895,LINJ_28_0110,LINJ_36_1730,5671.A4I384,5671.A4IDD6,0.318
2896,LINJ_28_0110,LINJ_35_3880,5671.A4I384,5671.A4IBS2,0.56
2897,LINJ_28_0110,LINJ_03_0520,5671.A4I384,5671.E9AG43,0.435
2898,LINJ_28_0110,LINJ.12.0190,5671.A4I384,5671.E9AGB0,0.42
2899,LINJ_28_0170,LINJ_30_2930,5671.A4I390,5671.A4I5X0,0.058
2900,LINJ_28_0170,LMPK,5671.A4I390,5671.A4ICA4,0.058
2901,LINJ_28_0170,MPK12,5671.A4I390,5671.A4I564,0.058
2902,LINJ_28_0170,MPK11,5671.A4I390,5671.A4I910,0.058
2903,LINJ_28_0170,LINJ_33_2190,5671.A4I390,5671.A4I945,0.058
2904,LINJ_28_0170,LINJ_36_0780,5671.A4I390,5671.A4ICR2,0.058
2905,LINJ_28_0170,LINJ_34_0030,5671.A4I390,5671.A4I9H1,0.063
2907,KATNA1,LINJ_24_0130,5671.A4I3C0,5671.E9AH25,0.071
2908,KATNA1,LINJ.12.0190,5671.A4I3C0,5671.E9AGB0,0.071
2909,KATNA1,LINJ_03_0520,5671.A4I3C0,5671.E9AG43,0.071
2910,KATNA1,91E11,5671.A4I3C0,5671.Q9GNZ8,0.107
2911,KATNA1,LINJ_35_4740,5671.A4I3C0,5671.A4IC06,0.247
2912,KATNA1,LINJ_22_1070,5671.A4I3C0,5671.E9AGZ5,0.247
2913,LMAIRK,LINJ_28_1910,5671.A4I3C6,5671.E9AHG7,0.059
2914,LMAIRK,LINJ_35_1310,5671.A4I3C6,5671.A4IB24,0.068
2916,LMAIRK,DHFR-TS,5671.A4I3C6,5671.Q8MQV3,0.111
2917,LMAIRK,91E11,5671.A4I3C6,5671.Q9GNZ8,0.041
2918,LMAIRK,CYC3,5671.A4I3C6,5671.A4I503,0.105
2919,LMAIRK,LINJ_36_1730,5671.A4I3C6,5671.A4IDD6,0.047
2920,LMAIRK,LINJ_29_2260,5671.A4I3C6,5671.A4I4S4,0.072
2921,LMAIRK,LINJ_30_1780,5671.A4I3C6,5671.A4I5K5,0.072
2925,LMAIRK,LINJ_28_2450,5671.A4I3C6,5671.A4I3V9,0.163
2926,LMAIRK,LINJ_24_0130,5671.A4I3C6,5671.E9AH25,0.057
2927,LMAIRK,CRK3,5671.A4I3C6,5671.A4ICT0,0.072
2928,LMAIRK,LINJ_27_2570,5671.A4I3C6,5671.E9AHC6,0.072
2929,LMAIRK,LINJ_33_2910,5671.A4I3C6,5671.A4I9B7,0.068
2930,LMAIRK,LINJ_24_1790,5671.A4I3C6,5671.E9AH79,0.162
2931,LMAIRK,CYC6,5671.A4I3C6,5671.A4I8F7,0.487
2932,LMAIRK,LINJ_36_5580,5671.A4I3C6,5671.A4IC77,0.156
2933,LMAIRK,LINJ_22_0920,5671.A4I3C6,5671.E9AGZ4,0.215
2934,LMAIRK,LINJ_36_4020,5671.A4I3C6,5671.A4ID13,0.215
2935,RAD51,LINJ_28_1910,5671.A4I3C9,5671.E9AHG7,0.056
2936,RAD51,LINJ_32_1520,5671.A4I3C9,5671.A4I7W3,0.397
2937,RAD51,LINJ_31_0560,5671.A4I3C9,5671.A4I6L1,0.046
2938,RAD51,DHFR-TS,5671.A4I3C9,5671.Q8MQV3,0.741
2939,RAD51,DMC1,5671.A4I3C9,5671.A4IC25,0.218
2940,RAD51,LINJ_33_2620,5671.A4I3C9,5671.E9AHR7,0.36
2942,LINJ_28_0720,LINJ_34_4020,5671.A4I3E2,5671.A4IAJ0,0.049
2943,LINJ_28_0720,LINJ_24_0260,5671.A4I3E2,5671.E9AH38,0.048
2944,LINJ_28_0720,LINJ_35_2710,5671.A4I3E2,5671.A4IBD4,0.047
2945,LINJ_28_0720,LINJ_24_0130,5671.A4I3E2,5671.E9AH25,0.041
2946,LINJ_28_0720,LINJ_30_3310,5671.A4I3E2,5671.A4I610,0.047
2947,LINJ_28_0720,LINJ_29_1190,5671.A4I3E2,5671.A4I4G8,0.047
2948,LINJ_28_0720,LINJ_34_3340,5671.A4I3E2,5671.A4IAC2,0.047
2949,LINJ_28_0720,LINJ_34_0030,5671.A4I3E2,5671.A4I9H1,0.214
2951,LINJ_28_0850,LINJ_34_0030,5671.A4I3F4,5671.A4I9H1,0.067
2952,LINJ_28_0860,TOR3,5671.A4I3F5,5671.A4IAG3,0.381
2953,LINJ_28_0860,LINJ_36_6370,5671.A4I3F5,5671.A4IE23,0.051
2954,LINJ_28_0860,LINJ_24_0130,5671.A4I3F5,5671.E9AH25,0.081
2957,LINJ_28_0860,LINJ_31_2960,5671.A4I3F5,5671.A4I790,0.552
2958,LINJ_28_1210,LINJ_24_0130,5671.A4I3I7,5671.E9AH25,0.053
2960,LINJ_28_1250,LINJ_33_1690,5671.A4I3J3,5671.A4I931,0.157
2961,LINJ_28_1250,LINJ_36_4380,5671.A4I3J3,5671.A4IE56,0.105
2962,LINJ_28_1250,LINJ_30_2920,5671.A4I3J3,5671.A4I5W9,0.089
2963,LINJ_28_1250,LINJ_36_1840,5671.A4I3J3,5671.A4IDE7,0.089
2964,LINJ_28_1250,LINJ_36_5410,5671.A4I3J3,5671.A4IDU0,0.089
2965,LINJ_28_1250,LINJ_34_3110,5671.A4I3J3,5671.A4IAA0,0.081
2966,LINJ_28_1250,LINJ_30_3610,5671.A4I3J3,5671.A4I646,0.081
2967,LINJ_28_1250,LINJ_28_2190,5671.A4I3J3,5671.A4I3T3,0.22
2968,LINJ_28_1350,LPG3,5671.A4I3K3,5671.A4I4C9,0.05
2969,LINJ_28_1350,LINJ_28_1800,5671.A4I3K3,5671.A4I3P6,0.058
2970,LINJ_28_1350,HSP83,5671.A4I3K3,5671.E9AHM8,0.05
2971,LINJ_28_1350,HSP83-2,5671.A4I3K3,5671.E9AHM9,0.05
2972,LINJ_28_1350,LINJ_33_2520,5671.A4I3K3,5671.E9AHQ7,0.05
2973,LINJ_28_1350,DHFR-TS,5671.A4I3K3,5671.Q8MQV3,0.461
2974,LINJ_28_1580,LINJ_34_4140,5671.A4I3M5,5671.A4IAK2,0.046
2976,LINJ_28_1580,LINJ_19_0150,5671.A4I3M5,5671.E9AGR8,0.071
2977,LINJ_28_1580,LINJ_33_3360,5671.A4I3M5,5671.A4I9G2,0.048
2978,LINJ_28_1580,LINJ_24_0130,5671.A4I3M5,5671.E9AH25,0.172
2979,LINJ_28_1580,HSP83-2,5671.A4I3M5,5671.E9AHM9,0.104
2980,LINJ_28_1580,HSP83,5671.A4I3M5,5671.E9AHM8,0.104
2981,LINJ_28_1580,LINJ_33_2520,5671.A4I3M5,5671.E9AHQ7,0.104
2982,LINJ_28_1580,LINJ_36_1730,5671.A4I3M5,5671.A4IDD6,0.049
2983,LINJ_28_1580,LINJ_35_3880,5671.A4I3M5,5671.A4IBS2,0.049
2988,LINJ_28_1800,LINJ_24_0130,5671.A4I3P6,5671.E9AH25,0.079
2989,LINJ_28_1800,LINJ_36_5610,5671.A4I3P6,5671.A4IDV1,0.059
2990,LINJ_28_1800,LINJ_35_4110,5671.A4I3P6,5671.A4IBU4,0.049
2991,LINJ_28_1800,LINJ_24_0220,5671.A4I3P6,5671.E9AH34,0.049
2992,LINJ_28_1800,LINJ_33_1810,5671.A4I3P6,5671.A4I967,0.049
2993,LINJ_28_1800,LINJ_35_0480,5671.A4I3P6,5671.A4IAU7,0.049
2994,LINJ_28_1800,LINJ_29_2140,5671.A4I3P6,5671.A4I4Q9,0.049
2995,LINJ_28_1800,LINJ_36_0960,5671.A4I3P6,5671.A4ICP4,0.049
2996,LINJ_28_1800,LINJ_36_4950,5671.A4I3P6,5671.A4IDQ0,0.058
2997,LINJ_28_1800,LINJ_35_2600,5671.A4I3P6,5671.A4IBG5,0.058
2998,LINJ_28_1800,LINJ_26_2130,5671.A4I3P6,5671.E9AHB6,0.041
2999,LINJ_28_1800,LINJ_34_1530,5671.A4I3P6,5671.A4I9V5,0.209
3000,LINJ_28_1800,LINJ_34_0030,5671.A4I3P6,5671.A4I9H1,0.21
3001,LINJ_28_1800,TOR1,5671.A4I3P6,5671.A4IE36,0.074
3002,LINJ_28_1800,TOR2,5671.A4I3P6,5671.A4IAK5,0.074
3003,LINJ_28_1800,TOR3,5671.A4I3P6,5671.A4IAG3,0.074
3004,LINJ_28_1800,LINJ_36_2310,5671.A4I3P6,5671.A4IDJ2,0.261
3005,LINJ_28_1800,LPG3,5671.A4I3P6,5671.A4I4C9,0.312
3006,LINJ_28_1800,LINJ_33_2520,5671.A4I3P6,5671.E9AHQ7,0.156
3007,LINJ_28_1800,HSP83,5671.A4I3P6,5671.E9AHM8,0.156
3008,LINJ_28_1800,HSP83-2,5671.A4I3P6,5671.E9AHM9,0.156
3009,LINJ_28_1800,LINJ_30_1060,5671.A4I3P6,5671.A4I5D1,0.126
3010,LINJ_28_1800,LINJ_31_1560,5671.A4I3P6,5671.A4I6T1,0.126
3011,LINJ_28_1800,LINJ_30_0850,5671.A4I3P6,5671.A4I5B1,0.106
3012,LDK,LINJ_29_2830,5671.A4I3S8,5671.A4I4Y0,0.177
3013,LINJ_28_2190,LINJ_36_5410,5671.A4I3T3,5671.A4IDU0,0.22
3014,LINJ_28_2190,LINJ_30_2920,5671.A4I3T3,5671.A4I5W9,0.22
3015,LINJ_28_2190,LINJ_36_1840,5671.A4I3T3,5671.A4IDE7,0.22
3016,LINJ_28_2190,LINJ_33_2860,5671.A4I3T3,5671.A4I9B2,0.45
3017,LINJ_28_2190,LINJ_36_3570,5671.A4I3T3,5671.A4ID56,0.108
3018,LINJ_28_2190,LINJ_35_1230,5671.A4I3T3,5671.A4IB16,0.108
3019,LINJ_28_2190,LINJ_24_1890,5671.A4I3T3,5671.E9AH89,0.108
3020,LINJ_28_2190,LINJ_35_1240,5671.A4I3T3,5671.A4IB17,0.108
3021,LINJ_28_2190,LINJ_33_1690,5671.A4I3T3,5671.A4I931,0.319
3022,LINJ_28_2190,DHFR-TS,5671.A4I3T3,5671.Q8MQV3,0.568
3023,LINJ_28_2190,LINJ_36_4380,5671.A4I3T3,5671.A4IE56,0.419
3024,LINJ_28_2190,LINJ_19_0960,5671.A4I3T3,5671.E9AGS6,0.22
3025,LINJ_28_2190,LINJ_19_0940,5671.A4I3T3,5671.E9AGS5,0.22
3026,LINJ_28_2190,LINJ_30_3610,5671.A4I3T3,5671.A4I646,0.201
3027,LINJ_28_2190,LINJ_34_3110,5671.A4I3T3,5671.A4IAA0,0.201
3028,LINJ_28_2440,LINJ_34_1900,5671.A4I3V8,5671.A4IAM7,0.22
3029,LINJ_28_2450,LINJ_30_1780,5671.A4I3V9,5671.A4I5K5,0.075
3030,LINJ_28_2450,LINJ_29_2260,5671.A4I3V9,5671.A4I4S4,0.075
3031,LINJ_28_2450,CRK3,5671.A4I3V9,5671.A4ICT0,0.075
3032,LINJ_28_2450,LINJ_27_2570,5671.A4I3V9,5671.E9AHC6,0.075
3033,LINJ_28_2450,LINJ_36_4020,5671.A4I3V9,5671.A4ID13,0.071
3034,LINJ_28_2450,LINJ_22_0920,5671.A4I3V9,5671.E9AGZ4,0.071
3035,LINJ_28_2450,LINJ_29_1420,5671.A4I3V9,5671.E9AHI7,0.163
3036,LINJ_28_2450,LINJ_24_1790,5671.A4I3V9,5671.E9AH79,0.103
3037,LINJ_28_2450,DHFR-TS,5671.A4I3V9,5671.Q8MQV3,0.609
3038,LINJ_28_2450,LINJ_34_3220,5671.A4I3V9,5671.Q9GPZ9,0.571
3040,LINJ_29_0770,LINJ_33_2910,5671.A4I4C7,5671.A4I9B7,0.095
3041,LINJ_29_0770,LINJ_32_1010,5671.A4I4C7,5671.A4I7R2,0.095
3042,LINJ_29_0770,LINJ_36_1730,5671.A4I4C7,5671.A4IDD6,0.431
3045,LINJ_29_0770,LINJ_35_1310,5671.A4I4C7,5671.A4IB24,0.213
3046,LINJ_29_0770,LINJ_34_3300,5671.A4I4C7,5671.A4IAB8,0.345
3047,LPG3,LINJ_29_2830,5671.A4I4C9,5671.A4I4Y0,0.156
3048,LPG3,TOR1,5671.A4I4C9,5671.A4IE36,0.105
3049,LPG3,TOR3,5671.A4I4C9,5671.A4IAG3,0.105
3050,LPG3,TOR2,5671.A4I4C9,5671.A4IAK5,0.105
3051,LPG3,LINJ_35_2600,5671.A4I4C9,5671.A4IBG5,0.05
3052,LPG3,LINJ_36_4950,5671.A4I4C9,5671.A4IDQ0,0.05
3053,LPG3,LINJ_34_2500,5671.A4I4C9,5671.A4IA43,0.05
3054,LPG3,LINJ_36_5580,5671.A4I4C9,5671.A4IC77,0.072
3055,LPG3,LINJ_30_1700,5671.A4I4C9,5671.A4I5J7,0.106
3056,LPG3,LINJ_29_1360,5671.A4I4C9,5671.A4I4I4,0.106
3057,LPG3,LINJ_32_3470,5671.A4I4C9,5671.A4I8F2,0.093
3058,LPG3,LINJ_21_1330,5671.A4I4C9,5671.E9AGX7,0.098
3059,LPG3,LINJ_30_0850,5671.A4I4C9,5671.A4I5B1,0.147
3060,LPG3,LINJ_32_1940,5671.A4I4C9,5671.A4I800,0.19
3061,LPG3,LINJ_30_2830,5671.A4I4C9,5671.A4I5W0,0.19
3062,LPG3,LINJ_36_2140,5671.A4I4C9,5671.A4IDH5,0.19
3063,LPG3,LINJ_36_2130,5671.A4I4C9,5671.A4IDH4,0.19
3064,LPG3,PDI-2,5671.A4I4C9,5671.A4ICD5,0.255
3065,LPG3,LINJ_24_0130,5671.A4I4C9,5671.E9AH25,0.22
3066,LPG3,LINJ.12.0610,5671.A4I4C9,5671.E9AGF3,0.196
3067,LINJ_29_0860,LINJ_35_1720,5671.A4I4D6,5671.A4IB73,0.106
3068,LINJ_29_0860,LINJ_24_1510,5671.A4I4D6,5671.A4I5H8,0.486
3069,LINJ_29_0860,DHFR-TS,5671.A4I4D6,5671.Q8MQV3,0.557
3071,LINJ_29_0860,LINJ_34_0030,5671.A4I4D6,5671.A4I9H1,0.071
3072,LINJ_29_0860,cpb,5671.A4I4D6,5671.Q7K8Z6,0.38
3073,LINJ_29_1100,LINJ_36_5410,5671.A4I4G0,5671.A4IDU0,0.072
3074,LINJ_29_1100,LINJ_30_2920,5671.A4I4G0,5671.A4I5W9,0.072
3075,LINJ_29_1100,LINJ_36_1840,5671.A4I4G0,5671.A4IDE7,0.072
3076,LINJ_29_1100,LINJ_36_4380,5671.A4I4G0,5671.A4IE56,0.209
3080,LINJ_29_1190,LINJ_24_0260,5671.A4I4G8,5671.E9AH38,0.048
3081,LINJ_29_1190,LINJ_24_0130,5671.A4I4G8,5671.E9AH25,0.051
3082,LINJ_29_1190,LINJ_34_0030,5671.A4I4G8,5671.A4I9H1,0.075
3083,LINJ_29_1360,LINJ_21_1330,5671.A4I4I4,5671.E9AGX7,0.071
3084,LINJ_29_1360,LINJ_32_3470,5671.A4I4I4,5671.A4I8F2,0.071
3085,LINJ_29_1360,LINJ_36_2130,5671.A4I4I4,5671.A4IDH4,0.122
3086,LINJ_29_1360,LINJ_36_2140,5671.A4I4I4,5671.A4IDH5,0.122
3087,LINJ_29_1360,LINJ_30_2830,5671.A4I4I4,5671.A4I5W0,0.122
3088,LINJ_29_1360,LINJ_32_1940,5671.A4I4I4,5671.A4I800,0.122
3089,LINJ_29_1360,HSP83,5671.A4I4I4,5671.E9AHM8,0.156
3090,LINJ_29_1360,HSP83-2,5671.A4I4I4,5671.E9AHM9,0.156
3091,LINJ_29_1360,LINJ_33_2520,5671.A4I4I4,5671.E9AHQ7,0.156
3093,LINJ_29_1440,LINJ_32_1010,5671.A4I4J0,5671.A4I7R2,0.046
3094,LINJ_29_1440,LINJ_30_0850,5671.A4I4J0,5671.A4I5B1,0.075
3097,LINJ_29_1460,LINJ_32_1010,5671.A4I4J5,5671.A4I7R2,0.046
3098,LINJ_29_1460,LINJ_30_0850,5671.A4I4J5,5671.A4I5B1,0.075
3101,LINJ_29_1480,LINJ_32_1010,5671.A4I4J7,5671.A4I7R2,0.046
3102,LINJ_29_1480,LINJ_30_0850,5671.A4I4J7,5671.A4I5B1,0.075
3104,LINJ_29_1550,LINJ_30_2970,5671.A4I4K7,5671.A4I5X4,0.157
3105,LINJ_29_1550,LINJ_34_3370,5671.A4I4K7,5671.A4IAC5,0.447
3106,ABCH2,LINJ_31_3080,5671.A4I4M8,5671.A4I7A2,0.183
3107,GCVL-1,LINJ.12.0830,5671.A4I4P1,5671.E9AGI7,0.101
3108,GCVL-1,LINJ_29_2350,5671.A4I4P1,5671.A4I4T3,0.101
3109,GCVL-1,LINJ_26_0290,5671.A4I4P1,5671.E9AHB1,0.101
3110,GCVL-1,LINJ_32_0050,5671.A4I4P1,5671.A4I7G8,0.434
3111,GCVL-1,LINJ_36_4380,5671.A4I4P1,5671.A4IE56,0.22
3112,GCVL-1,LINJ_32_3470,5671.A4I4P1,5671.A4I8F2,0.071
3113,GCVL-1,LINJ_34_0160,5671.A4I4P1,5671.A4I9I4,0.1
3114,GCVL-1,mMDH,5671.A4I4P1,5671.A4I9I5,0.1
3115,GCVL-1,LINJ_34_0150,5671.A4I4P1,5671.A4I9I3,0.1
3116,GCVL-1,LINJ_35_0030,5671.A4I4P1,5671.A4IAQ4,0.125
3117,GCVL-1,LinJ_35_5450,5671.A4I4P1,5671.A4IAQ1,0.125
3118,GCVL-1,LinJ_35_5440,5671.A4I4P1,5671.A4IAQ0,0.125
3119,GCVL-1,PDI-2,5671.A4I4P1,5671.A4ICD5,0.067
3121,GCVL-1,DHFR-TS,5671.A4I4P1,5671.Q8MQV3,0.449
3124,LINJ_29_2140,LINJ_36_6370,5671.A4I4Q9,5671.A4IE23,0.05
3125,LINJ_29_2140,LINJ_32_0690,5671.A4I4Q9,5671.A4I7L6,0.05
3126,LINJ_29_2140,LINJ_34_2160,5671.A4I4Q9,5671.A4IA04,0.05
3127,LINJ_29_2140,LINJ_34_0030,5671.A4I4Q9,5671.A4I9H1,0.187
3128,LINJ_29_2250,LINJ.12.0610,5671.A4I4S3,5671.E9AGF3,0.48
3129,LINJ_29_2250,LINJ_30_3610,5671.A4I4S3,5671.A4I646,0.676
3130,LINJ_29_2250,LINJ_34_3110,5671.A4I4S3,5671.A4IAA0,0.767
3132,LINJ_29_2260,DHFR-TS,5671.A4I4S4,5671.Q8MQV3,0.282
3135,LINJ_29_2260,LINJ_36_4020,5671.A4I4S4,5671.A4ID13,0.047
3136,LINJ_29_2260,LINJ_22_0920,5671.A4I4S4,5671.E9AGZ4,0.047
3137,LINJ_29_2260,LINJ_33_2910,5671.A4I4S4,5671.A4I9B7,0.049
3138,LINJ_29_2260,LINJ_29_1420,5671.A4I4S4,5671.E9AHI7,0.072
3139,LINJ_29_2260,LINJ_36_5580,5671.A4I4S4,5671.A4IC77,0.071
3140,LINJ_29_2260,LINJ_32_1520,5671.A4I4S4,5671.A4I7W3,0.17
3141,LINJ_29_2260,LINJ_24_0130,5671.A4I4S4,5671.E9AH25,0.071
3142,LINJ_29_2260,CYC3,5671.A4I4S4,5671.A4I503,0.077
3143,LINJ_29_2260,CYC6,5671.A4I4S4,5671.A4I8F7,0.077
3144,LINJ_29_2260,LINJ_30_0420,5671.A4I4S4,5671.A4I569,0.056
3145,LINJ_29_2260,LINJ_24_1790,5671.A4I4S4,5671.E9AH79,0.097
3146,LINJ_29_2260,LINJ_29_2830,5671.A4I4S4,5671.A4I4Y0,0.181
3147,LINJ_29_2350,LINJ_31_2710,5671.A4I4T3,5671.A4I769,0.101
3148,LINJ_29_2350,LINJ_31_2720,5671.A4I4T3,5671.E9AHL8,0.101
3149,LINJ_29_2350,GCVL-2,5671.A4I4T3,5671.A4I8F6,0.101
3150,LINJ_29_2410,LINJ_35_1730,5671.A4I4U4,5671.A4IB74,0.22
3151,LINJ_29_2410,LINJ_34_0030,5671.A4I4U4,5671.A4I9H1,0.054
3152,LINJ_29_2410,LINJ_34_1530,5671.A4I4U4,5671.A4I9V5,0.054
3153,LINJ_29_2410,LINJ_32_1310,5671.A4I4U4,5671.A4I7U2,0.489
3154,MKK,LINJ_36_5610,5671.A4I4U6,5671.A4IDV1,0.22
3155,MKK,LINJ_36_0970,5671.A4I4U6,5671.A4ICP3,0.125
3156,MKK,LINJ_30_2930,5671.A4I4U6,5671.A4I5X0,0.071
3157,MKK,LINJ_33_2190,5671.A4I4U6,5671.A4I945,0.071
3158,MKK,LINJ_19_0140,5671.A4I4U6,5671.E9AGR7,0.058
3159,MKK,LINJ_30_0620,5671.A4I4U6,5671.A4I588,0.058
3160,MKK,CRK3,5671.A4I4U6,5671.A4ICT0,0.059
3161,MKK,LINJ_27_2570,5671.A4I4U6,5671.E9AHC6,0.059
3162,MKK,LINJ_36_0780,5671.A4I4U6,5671.A4ICR2,0.071
3163,MKK,LMPK,5671.A4I4U6,5671.A4ICA4,0.071
3164,MKK,MPK11,5671.A4I4U6,5671.A4I910,0.071
3165,MKK,MPK12,5671.A4I4U6,5671.A4I564,0.071
3166,MKK,LINJ_24_0220,5671.A4I4U6,5671.E9AH34,0.056
3167,MKK,LINJ_34_0030,5671.A4I4U6,5671.A4I9H1,0.126
3168,MKK,LINJ_29_2600,5671.A4I4U6,5671.A4I4W3,0.058
3169,LINJ_29_2550,LINJ_35_4060,5671.A4I4V8,5671.A4IBT9,0.125
3170,LINJ_29_2550,LINJ_35_4010,5671.A4I4V8,5671.A4IBT4,0.125
3171,LINJ_29_2600,LINJ_36_0960,5671.A4I4W3,5671.A4ICP4,0.057
3172,LINJ_29_2600,LINJ_36_5610,5671.A4I4W3,5671.A4IDV1,0.064
3173,LINJ_29_2600,LINJ_33_1810,5671.A4I4W3,5671.A4I967,0.057
3174,LINJ_29_2600,LINJ_36_2310,5671.A4I4W3,5671.A4IDJ2,0.059
3175,LINJ_29_2600,LINJ_30_2930,5671.A4I4W3,5671.A4I5X0,0.069
3176,LINJ_29_2600,LINJ_24_0130,5671.A4I4W3,5671.E9AH25,0.125
3177,LINJ_29_2600,LINJ_36_0970,5671.A4I4W3,5671.A4ICP3,0.132
3178,LINJ_29_2600,LINJ_06_1220,5671.A4I4W3,5671.E9AG71,0.042
3180,LINJ_29_2600,LINJ_35_4010,5671.A4I4W3,5671.A4IBT4,0.059
3181,LINJ_29_2600,MKK5,5671.A4I4W3,5671.A4ICP8,0.058
3182,LINJ_29_2600,LINJ_30_0850,5671.A4I4W3,5671.A4I5B1,0.06
3183,LINJ_29_2600,LINJ_19_0130,5671.A4I4W3,5671.E9AGR6,0.05
3185,LINJ_29_2600,LINJ_22_0920,5671.A4I4W3,5671.E9AGZ4,0.098
3186,LINJ_29_2600,LINJ_36_4020,5671.A4I4W3,5671.A4ID13,0.098
3187,LINJ_29_2600,LMPK,5671.A4I4W3,5671.A4ICA4,0.069
3188,LINJ_29_2600,LINJ_35_1310,5671.A4I4W3,5671.A4IB24,0.075
3189,LINJ_29_2600,MPK11,5671.A4I4W3,5671.A4I910,0.069
3190,LINJ_29_2600,MPK12,5671.A4I4W3,5671.A4I564,0.069
3191,LINJ_29_2600,LINJ_34_1840,5671.A4I4W3,5671.A4I9Y5,0.058
3192,LINJ_29_2600,LINJ_34_0030,5671.A4I4W3,5671.A4I9H1,0.556
3193,VPS4,MCA5,5671.A4I4W4,5671.A4IB59,0.469
3194,VPS4,DHFR-TS,5671.A4I4W4,5671.Q8MQV3,0.588
3196,LINJ_29_2790,LINJ_35_4060,5671.A4I4X6,5671.A4IBT9,0.125
3197,LINJ_29_2790,LINJ_35_4010,5671.A4I4X6,5671.A4IBT4,0.125
3198,LINJ_29_2830,LINJ_34_0030,5671.A4I4Y0,5671.A4I9H1,0.22
3199,LINJ_29_2830,LINJ_33_2520,5671.A4I4Y0,5671.E9AHQ7,0.178
3200,LINJ_29_2830,HSP83-2,5671.A4I4Y0,5671.E9AHM9,0.178
3201,LINJ_29_2830,HSP83,5671.A4I4Y0,5671.E9AHM8,0.178
3202,LINJ_29_2830,LINJ_24_1790,5671.A4I4Y0,5671.E9AH79,0.277
3203,LINJ_29_2830,LINJ_32_1520,5671.A4I4Y0,5671.A4I7W3,0.541
3204,LINJ_29_2830,CRK3,5671.A4I4Y0,5671.A4ICT0,0.181
3205,LINJ_29_2830,LINJ_30_1780,5671.A4I4Y0,5671.A4I5K5,0.181
3206,LINJ_29_2830,LINJ_27_2570,5671.A4I4Y0,5671.E9AHC6,0.181
3207,LINJ_29_2830,CYC3,5671.A4I4Y0,5671.A4I503,0.248
3208,LINJ_29_2830,CYC6,5671.A4I4Y0,5671.A4I8F7,0.248
3209,LINJ_29_2830,LINJ_36_5580,5671.A4I4Y0,5671.A4IC77,0.22
3210,LINJ_29_2940,PABP1,5671.A4I4Y5,5671.A4IC57,0.057
3212,LINJ_29_2940,LINJ_32_1010,5671.A4I4Y5,5671.A4I7R2,0.046
3213,LINJ_29_2940,LINJ_30_0850,5671.A4I4Y5,5671.A4I5B1,0.075
3215,LINJ_29_2940,PABP2,5671.A4I4Y5,5671.A4IBV3,0.057
3216,CYC3,CRK1,5671.A4I503,5671.E9AGX6,0.318
3217,CYC3,CYC6,5671.A4I503,5671.A4I8F7,0.479
3218,CYC3,LINJ_29_1420,5671.A4I503,5671.E9AHI7,0.105
3219,CYC3,LINJ_36_4020,5671.A4I503,5671.A4ID13,0.104
3220,CYC3,LINJ_22_0920,5671.A4I503,5671.E9AGZ4,0.104
3221,CYC3,LINJ_32_1520,5671.A4I503,5671.A4I7W3,0.22
3222,CYC3,LINJ_33_2910,5671.A4I503,5671.A4I9B7,0.052
3223,CYC3,LINJ_30_0420,5671.A4I503,5671.A4I569,0.071
3224,CYC3,LINJ_24_0130,5671.A4I503,5671.E9AH25,0.071
3225,CYC3,LINJ_30_1780,5671.A4I503,5671.A4I5K5,0.077
3226,CYC3,LINJ_27_2570,5671.A4I503,5671.E9AHC6,0.077
3227,CYC3,LINJ_36_5580,5671.A4I503,5671.A4IC77,0.156
3228,CYC3,LINJ_34_0030,5671.A4I503,5671.A4I9H1,0.562
3229,CYC3,LINJ_24_1790,5671.A4I503,5671.E9AH79,0.157
3230,CYC3,CRK3,5671.A4I503,5671.A4ICT0,0.49
3231,MPK12,LINJ_24_0260,5671.A4I564,5671.E9AH38,0.071
3232,MPK12,LINJ_34_0030,5671.A4I564,5671.A4I9H1,0.059
3233,MPK12,LINJ_36_2310,5671.A4I564,5671.A4IDJ2,0.078
3234,MPK12,LINJ_30_0850,5671.A4I564,5671.A4I5B1,0.1
3235,MPK12,MKK5,5671.A4I564,5671.A4ICP8,0.071
3236,MPK12,LINJ_34_1840,5671.A4I564,5671.A4I9Y5,0.071
3237,MPK12,LINJ_36_5610,5671.A4I564,5671.A4IDV1,0.108
3238,MPK12,TOR2,5671.A4I564,5671.A4IAK5,0.572
3239,MPK12,TOR1,5671.A4I564,5671.A4IE36,0.577
3240,MPK12,TOR3,5671.A4I564,5671.A4IAG3,0.583
3241,MPK12,cpb,5671.A4I564,5671.Q7K8Z6,0.056
3242,LINJ_30_0420,LINJ_34_0030,5671.A4I569,5671.A4I9H1,0.057
3243,LINJ_30_0420,LINJ_33_1500,5671.A4I569,5671.A4I913,0.046
3244,LINJ_30_0420,LINJ_35_4740,5671.A4I569,5671.A4IC06,0.047
3245,LINJ_30_0420,LINJ_36_5580,5671.A4I569,5671.A4IC77,0.103
3246,LINJ_30_0420,CYC6,5671.A4I569,5671.A4I8F7,0.071
3247,LINJ_30_0420,LINJ_31_0820,5671.A4I569,5671.A4I6H3,0.16
3249,LINJ_30_0420,LINJ_27_2570,5671.A4I569,5671.E9AHC6,0.056
3250,LINJ_30_0420,CRK3,5671.A4I569,5671.A4ICT0,0.056
3251,LINJ_30_0420,LINJ_30_1780,5671.A4I569,5671.A4I5K5,0.056
3252,LINJ_30_0420,LINJ_24_0130,5671.A4I569,5671.E9AH25,0.074
3253,LINJ_30_0420,LACK1,5671.A4I569,5671.P62884,0.356
3254,LINJ_30_0620,LINJ_06_1220,5671.A4I588,5671.E9AG71,0.047
3255,LINJ_30_0620,LINJ_34_1840,5671.A4I588,5671.A4I9Y5,0.058
3256,LINJ_30_0620,MKK5,5671.A4I588,5671.A4ICP8,0.058
3257,LINJ_30_0620,LINJ_34_0030,5671.A4I588,5671.A4I9H1,0.05
3258,LINJ_30_0850,LINJ_30_2930,5671.A4I5B1,5671.A4I5X0,0.1
3259,LINJ_30_0850,LINJ_06_1220,5671.A4I5B1,5671.E9AG71,0.095
3260,LINJ_30_0850,LINJ_36_0780,5671.A4I5B1,5671.A4ICR2,0.1
3261,LINJ_30_0850,LMPK,5671.A4I5B1,5671.A4ICA4,0.1
3262,LINJ_30_0850,LINJ_34_1900,5671.A4I5B1,5671.A4IAM7,0.432
3263,LINJ_30_0850,MPK11,5671.A4I5B1,5671.A4I910,0.1
3264,LINJ_30_0850,HSP83,5671.A4I5B1,5671.E9AHM8,0.18
3265,LINJ_30_0850,HSP83-2,5671.A4I5B1,5671.E9AHM9,0.18
3266,LINJ_30_0850,LINJ_33_2520,5671.A4I5B1,5671.E9AHQ7,0.18
3267,LINJ_30_0850,LINJ_34_0030,5671.A4I5B1,5671.A4I9H1,0.431
3268,LINJ_30_0850,TOR1,5671.A4I5B1,5671.A4IE36,0.22
3269,LINJ_30_0850,TOR3,5671.A4I5B1,5671.A4IAG3,0.22
3270,LINJ_30_0850,TOR2,5671.A4I5B1,5671.A4IAK5,0.22
3271,LINJ_30_0850,LINJ_30_1060,5671.A4I5B1,5671.A4I5D1,0.164
3272,LINJ_30_0850,LINJ_31_1560,5671.A4I5B1,5671.A4I6T1,0.164
3273,LINJ_30_0970,LINJ_35_1310,5671.A4I5C2,5671.A4IB24,0.22
3274,LINJ_30_0970,LINJ_32_1150,5671.A4I5C2,5671.A4I7S6,0.577
3275,LINJ_30_0970,LINJ_34_3790,5671.A4I5C2,5671.A4IAG7,0.577
3279,LINJ_30_1460,LINJ_32_1150,5671.A4I5H1,5671.A4I7S6,0.22
3280,LINJ_30_1460,LINJ_34_3790,5671.A4I5H1,5671.A4IAG7,0.22
3282,LINJ_30_1460,LINJ_32_1010,5671.A4I5H1,5671.A4I7R2,0.158
3284,LINJ_30_1460,LINJ_24_1790,5671.A4I5H1,5671.E9AH79,0.043
3285,LINJ_30_1460,LINJ_33_1500,5671.A4I5H1,5671.A4I913,0.045
3286,LINJ_30_1460,LINJ_34_0030,5671.A4I5H1,5671.A4I9H1,0.444
3288,LINJ_24_1510,cpb,5671.A4I5H8,5671.Q7K8Z6,0.416
3290,LINJ_30_1630,LINJ_34_1900,5671.A4I5J0,5671.A4IAM7,0.431
3291,LINJ_30_1630,LINJ_33_2210,5671.A4I5J0,5671.A4I980,0.418
3292,LINJ_30_1700,LINJ_32_3470,5671.A4I5J7,5671.A4I8F2,0.071
3293,LINJ_30_1700,LINJ_21_1330,5671.A4I5J7,5671.E9AGX7,0.071
3294,LINJ_30_1700,LINJ_36_2140,5671.A4I5J7,5671.A4IDH5,0.122
3295,LINJ_30_1700,LINJ_30_2830,5671.A4I5J7,5671.A4I5W0,0.122
3296,LINJ_30_1700,LINJ_32_1940,5671.A4I5J7,5671.A4I800,0.122
3297,LINJ_30_1700,LINJ_36_2130,5671.A4I5J7,5671.A4IDH4,0.122
3298,LINJ_30_1700,HSP83,5671.A4I5J7,5671.E9AHM8,0.156
3299,LINJ_30_1700,HSP83-2,5671.A4I5J7,5671.E9AHM9,0.156
3300,LINJ_30_1700,LINJ_33_2520,5671.A4I5J7,5671.E9AHQ7,0.156
3301,LINJ_30_1710,LINJ_31_0890,5671.A4I5J8,5671.A4I6I0,0.059
3302,LINJ_30_1710,LINJ_27_0620,5671.A4I5J8,5671.E9AHE8,0.045
3303,LINJ_30_1710,LINJ_33_1940,5671.A4I5J8,5671.A4I946,0.045
3304,LINJ_30_1710,LINJ_32_1930,5671.A4I5J8,5671.A4I7Z9,0.059
3305,LINJ_30_1710,LINJ_34_0030,5671.A4I5J8,5671.A4I9H1,0.561
3306,LINJ_30_1710,RAB7,5671.A4I5J8,5671.E9AGQ4,0.101
3307,LINJ_30_1710,LINJ_32_0520,5671.A4I5J8,5671.A4I7N3,0.163
3309,LINJ_30_1780,DHFR-TS,5671.A4I5K5,5671.Q8MQV3,0.282
3312,LINJ_30_1780,LINJ_36_4020,5671.A4I5K5,5671.A4ID13,0.047
3313,LINJ_30_1780,LINJ_22_0920,5671.A4I5K5,5671.E9AGZ4,0.047
3314,LINJ_30_1780,LINJ_33_2910,5671.A4I5K5,5671.A4I9B7,0.049
3315,LINJ_30_1780,LINJ_29_1420,5671.A4I5K5,5671.E9AHI7,0.072
3316,LINJ_30_1780,LINJ_36_5580,5671.A4I5K5,5671.A4IC77,0.071
3317,LINJ_30_1780,LINJ_32_1520,5671.A4I5K5,5671.A4I7W3,0.17
3318,LINJ_30_1780,LINJ_24_0130,5671.A4I5K5,5671.E9AH25,0.071
3319,LINJ_30_1780,CYC6,5671.A4I5K5,5671.A4I8F7,0.077
3320,LINJ_30_1780,LINJ_24_1790,5671.A4I5K5,5671.E9AH79,0.097
3322,LINJ_30_2520,LINJ_34_4140,5671.A4I5S8,5671.A4IAK2,0.046
3323,LINJ_30_2520,LINJ_19_0150,5671.A4I5S8,5671.E9AGR8,0.071
3324,LINJ_30_2520,LINJ_33_3360,5671.A4I5S8,5671.A4I9G2,0.048
3325,LINJ_30_2520,LINJ_24_0130,5671.A4I5S8,5671.E9AH25,0.172
3326,LINJ_30_2520,LINJ_33_2520,5671.A4I5S8,5671.E9AHQ7,0.104
3327,LINJ_30_2520,HSP83,5671.A4I5S8,5671.E9AHM8,0.104
3328,LINJ_30_2520,HSP83-2,5671.A4I5S8,5671.E9AHM9,0.104
3329,LINJ_30_2520,LINJ_36_1730,5671.A4I5S8,5671.A4IDD6,0.049
3330,LINJ_30_2520,LINJ_35_3880,5671.A4I5S8,5671.A4IBS2,0.049
3335,LINJ_30_2830,LINJ_32_3470,5671.A4I5W0,5671.A4I8F2,0.232
3336,LINJ_30_2830,DHFR-TS,5671.A4I5W0,5671.Q8MQV3,0.458
3337,LINJ_30_2830,LINJ_33_2520,5671.A4I5W0,5671.E9AHQ7,0.157
3338,LINJ_30_2830,HSP83-2,5671.A4I5W0,5671.E9AHM9,0.157
3339,LINJ_30_2830,HSP83,5671.A4I5W0,5671.E9AHM8,0.157
3340,LINJ_30_2920,LINJ_24_1890,5671.A4I5W9,5671.E9AH89,0.059
3341,LINJ_30_2920,LINJ_35_1240,5671.A4I5W9,5671.A4IB17,0.059
3342,LINJ_30_2920,LINJ_35_1230,5671.A4I5W9,5671.A4IB16,0.059
3343,LINJ_30_2920,LINJ_36_3570,5671.A4I5W9,5671.A4ID56,0.059
3344,LINJ_30_2920,LINJ_19_0960,5671.A4I5W9,5671.E9AGS6,0.089
3345,LINJ_30_2920,LINJ_19_0940,5671.A4I5W9,5671.E9AGS5,0.089
3346,LINJ_30_2920,DHFR-TS,5671.A4I5W9,5671.Q8MQV3,0.574
3347,LINJ_30_2920,LINJ_36_4380,5671.A4I5W9,5671.A4IE56,0.316
3348,LINJ_30_2930,LINJ_24_0260,5671.A4I5X0,5671.E9AH38,0.071
3349,LINJ_30_2930,LINJ_34_1840,5671.A4I5X0,5671.A4I9Y5,0.071
3350,LINJ_30_2930,MKK5,5671.A4I5X0,5671.A4ICP8,0.071
3351,LINJ_30_2930,LINJ_36_2310,5671.A4I5X0,5671.A4IDJ2,0.078
3352,LINJ_30_2930,LINJ_36_5610,5671.A4I5X0,5671.A4IDV1,0.108
3353,LINJ_30_2930,TOR2,5671.A4I5X0,5671.A4IAK5,0.572
3354,LINJ_30_2930,TOR1,5671.A4I5X0,5671.A4IE36,0.577
3355,LINJ_30_2930,TOR3,5671.A4I5X0,5671.A4IAG3,0.583
3356,LINJ_30_2930,cpb,5671.A4I5X0,5671.Q7K8Z6,0.056
3357,LINJ_30_2970,LINJ_34_3370,5671.A4I5X4,5671.A4IAC5,0.173
3358,LINJ_30_3310,LINJ_24_0260,5671.A4I610,5671.E9AH38,0.048
3359,LINJ_30_3310,LINJ_24_0130,5671.A4I610,5671.E9AH25,0.051
3360,LINJ_30_3310,LINJ_34_0030,5671.A4I610,5671.A4I9H1,0.075
3361,LINJ_30_3410,LINJ_24_0130,5671.A4I620,5671.E9AH25,0.081
3362,LINJ_30_3430,LINJ.12.0190,5671.A4I628,5671.E9AGB0,0.077
3363,LINJ_30_3430,LINJ_03_0520,5671.A4I628,5671.E9AG43,0.131
3364,LINJ_30_3430,DHFR-TS,5671.A4I628,5671.Q8MQV3,0.592
3365,LINJ_30_3430,mMDH,5671.A4I628,5671.A4I9I5,0.467
3366,LINJ_30_3430,LINJ_34_0160,5671.A4I628,5671.A4I9I4,0.469
3367,LINJ_30_3430,LINJ_34_0150,5671.A4I628,5671.A4I9I3,0.469
3368,LINJ_30_3430,LinJ_35_5440,5671.A4I628,5671.A4IAQ0,0.182
3369,LINJ_30_3430,LinJ_35_5450,5671.A4I628,5671.A4IAQ1,0.182
3370,LINJ_30_3430,LINJ_35_0030,5671.A4I628,5671.A4IAQ4,0.505
3373,LINJ_30_3530,CRK1,5671.A4I638,5671.E9AGX6,0.433
3374,LINJ_30_3530,LINJ_35_4060,5671.A4I638,5671.A4IBT9,0.5
3375,LINJ_30_3530,LINJ_35_4010,5671.A4I638,5671.A4IBT4,0.5
3376,LINJ_30_3610,LINJ_24_0130,5671.A4I646,5671.E9AH25,0.104
3377,LINJ_30_3610,LINJ_36_4380,5671.A4I646,5671.A4IE56,0.191
3378,LINJ_30_3610,LINJ_33_1690,5671.A4I646,5671.A4I931,0.177
3379,LINJ_30_3610,LINJ_19_0940,5671.A4I646,5671.E9AGS5,0.081
3380,LINJ_30_3610,LINJ_19_0960,5671.A4I646,5671.E9AGS6,0.081
3381,LINJ_31_0890,LINJ_34_4140,5671.A4I6I0,5671.A4IAK2,0.071
3382,LINJ_31_0890,LINJ_33_3360,5671.A4I6I0,5671.A4I9G2,0.059
3383,LINJ_31_0890,LINJ_36_5580,5671.A4I6I0,5671.A4IC77,0.06
3384,LINJ_31_0890,LINJ_24_0260,5671.A4I6I0,5671.E9AH38,0.059
3385,LINJ_31_0890,LINJ_33_1940,5671.A4I6I0,5671.A4I946,0.047
3386,LINJ_31_0890,LINJ_27_0620,5671.A4I6I0,5671.E9AHE8,0.047
3387,LINJ_31_0890,LINJ_08_1250,5671.A4I6I0,5671.E9AG93,0.072
3388,LINJ_31_0890,RAB7,5671.A4I6I0,5671.E9AGQ4,0.058
3389,LINJ_31_0890,LINJ_24_0130,5671.A4I6I0,5671.E9AH25,0.062
3390,LINJ_31_0890,LINJ_34_0030,5671.A4I6I0,5671.A4I9H1,0.217
3391,LINJ_31_0890,LINJ_34_3370,5671.A4I6I0,5671.A4IAC5,0.22
3392,LINJ_31_0560,LINJ_35_1270,5671.A4I6L1,5671.A4IB20,0.076
3395,ABCC5,MDR1,5671.A4I6Q4,5671.A4I9R3,0.235
3398,PRP1,MDR1,5671.A4I6S0,5671.A4I9R3,0.233
3399,LINJ_31_1870,LINJ_24_0130,5671.A4I6V7,5671.E9AH25,0.063
3401,LINJ_31_1870,LINJ_36_2310,5671.A4I6V7,5671.A4IDJ2,0.059
3402,LINJ_31_1870,LINJ_36_5610,5671.A4I6V7,5671.A4IDV1,0.059
3403,LINJ_31_1870,LINJ_34_0030,5671.A4I6V7,5671.A4I9H1,0.202
3404,LINJ_31_1870,LINJ_08_1250,5671.A4I6V7,5671.E9AG93,0.059
3405,LINJ_31_1870,LINJ_33_2520,5671.A4I6V7,5671.E9AHQ7,0.058
3406,LINJ_31_1870,HSP83,5671.A4I6V7,5671.E9AHM8,0.058
3407,LINJ_31_1870,HSP83-2,5671.A4I6V7,5671.E9AHM9,0.058
3408,LINJ_31_1880,LINJ_36_5610,5671.A4I6V8,5671.A4IDV1,0.064
3409,LINJ_31_1880,LINJ_36_2310,5671.A4I6V8,5671.A4IDJ2,0.059
3410,LINJ_31_1880,LINJ_24_0130,5671.A4I6V8,5671.E9AH25,0.125
3411,LINJ_31_1880,LINJ_36_0970,5671.A4I6V8,5671.A4ICP3,0.132
3412,LINJ_31_1880,LINJ_36_4020,5671.A4I6V8,5671.A4ID13,0.098
3413,LINJ_31_1880,LINJ_22_0920,5671.A4I6V8,5671.E9AGZ4,0.098
3414,LINJ_31_1880,LINJ_35_1310,5671.A4I6V8,5671.A4IB24,0.075
3415,LINJ_31_1880,LINJ_34_0030,5671.A4I6V8,5671.A4I9H1,0.556
3416,PGFS,LINJ_36_5410,5671.A4I6Z4,5671.A4IDU0,0.2
3417,PGFS,LINJ_33_2860,5671.A4I6Z4,5671.A4I9B2,0.05
3418,PGFS,LINJ_36_4380,5671.A4I6Z4,5671.A4IE56,0.315
3420,LINJ_31_2710,LINJ_26_0290,5671.A4I769,5671.E9AHB1,0.101
3421,LINJ_31_2710,LINJ.12.0830,5671.A4I769,5671.E9AGI7,0.101
3422,LINJ_31_2710,LINJ_32_0050,5671.A4I769,5671.A4I7G8,0.434
3423,LINJ_31_2710,LINJ_36_4380,5671.A4I769,5671.A4IE56,0.22
3424,LINJ_31_2710,LINJ_32_3470,5671.A4I769,5671.A4I8F2,0.071
3425,LINJ_31_2710,LINJ_34_0150,5671.A4I769,5671.A4I9I3,0.1
3426,LINJ_31_2710,LINJ_34_0160,5671.A4I769,5671.A4I9I4,0.1
3427,LINJ_31_2710,mMDH,5671.A4I769,5671.A4I9I5,0.1
3428,LINJ_31_2710,LinJ_35_5450,5671.A4I769,5671.A4IAQ1,0.125
3429,LINJ_31_2710,LinJ_35_5440,5671.A4I769,5671.A4IAQ0,0.125
3430,LINJ_31_2710,LINJ_35_0030,5671.A4I769,5671.A4IAQ4,0.125
3431,LINJ_31_2710,PDI-2,5671.A4I769,5671.A4ICD5,0.067
3433,LINJ_31_2710,DHFR-TS,5671.A4I769,5671.Q8MQV3,0.449
3435,LINJ_31_2960,LINJ_35_3930,5671.A4I790,5671.A4IBS7,0.552
3436,LINJ_31_2980,LINJ_33_2860,5671.A4I792,5671.A4I9B2,0.05
3437,LINJ_31_2980,LINJ_36_4380,5671.A4I792,5671.A4IE56,0.315
3438,LINJ_31_3080,LINJ_36_4380,5671.A4I7A2,5671.A4IE56,0.212
3439,LINJ_31_3080,MDR1,5671.A4I7A2,5671.A4I9R3,0.183
3440,LINJ_31_3080,mMDH,5671.A4I7A2,5671.A4I9I5,0.105
3441,LINJ_31_3080,LINJ_34_0160,5671.A4I7A2,5671.A4I9I4,0.105
3442,LINJ_31_3080,LINJ_34_0150,5671.A4I7A2,5671.A4I9I3,0.105
3443,LINJ_31_3080,LINJ_31_3260,5671.A4I7A2,5671.A4I7C0,0.218
3444,LINJ_31_3080,LINJ_33_2860,5671.A4I7A2,5671.A4I9B2,0.446
3445,LINJ_31_3260,LINJ_34_0150,5671.A4I7C0,5671.A4I9I3,0.116
3446,LINJ_31_3260,mMDH,5671.A4I7C0,5671.A4I9I5,0.116
3447,LINJ_31_3260,LINJ_34_0160,5671.A4I7C0,5671.A4I9I4,0.116
3448,LINJ_31_3260,LINJ_34_0030,5671.A4I7C0,5671.A4I9H1,0.58
3449,LINJ_31_3260,LINJ_33_2860,5671.A4I7C0,5671.A4I9B2,0.397
3450,LINJ_32_0050,LINJ_27_0620,5671.A4I7G8,5671.E9AHE8,0.167
3451,LINJ_32_0050,LINJ_33_1940,5671.A4I7G8,5671.A4I946,0.167
3452,LINJ_32_0050,LINJ_31_2720,5671.A4I7G8,5671.E9AHL8,0.434
3453,LINJ_32_0050,LINJ_34_4140,5671.A4I7G8,5671.A4IAK2,0.339
3454,LINJ_32_0050,LINJ_34_0490,5671.A4I7G8,5671.A4I9L7,0.048
3456,LINJ_32_0050,GCVL-2,5671.A4I7G8,5671.A4I8F6,0.424
3457,LINJ_32_0050,LACK1,5671.A4I7G8,5671.P62884,0.473
3458,LINJ_32_0050,LINJ_33_3360,5671.A4I7G8,5671.A4I9G2,0.319
3459,NMT,CRK1,5671.A4I7H1,5671.E9AGX6,0.414
3460,NMT,DHFR-TS,5671.A4I7H1,5671.Q8MQV3,0.434
3461,NMT,LINJ_34_3220,5671.A4I7H1,5671.Q9GPZ9,0.49
3462,LINJ_32_0470,LINJ_33_2860,5671.A4I7L0,5671.A4I9B2,0.05
3463,LINJ_32_0470,LINJ_36_4380,5671.A4I7L0,5671.A4IE56,0.315
3464,LINJ_32_0730,LINJ_32_1150,5671.A4I7L2,5671.A4I7S6,0.535
3465,LINJ_32_0730,LINJ_34_3790,5671.A4I7L2,5671.A4IAG7,0.535
3466,LINJ_32_0730,LINJ_35_1310,5671.A4I7L2,5671.A4IB24,0.174
3467,LINJ_32_0730,LINJ_33_2910,5671.A4I7L2,5671.A4I9B7,0.103
3468,LINJ_32_0730,LINJ_24_1780,5671.A4I7L2,5671.E9AH78,0.261
3469,LINJ_32_0730,LINJ_32_1010,5671.A4I7L2,5671.A4I7R2,0.195
3470,LINJ_32_0690,LINJ_35_0480,5671.A4I7L6,5671.A4IAU7,0.05
3471,LINJ_32_0690,LINJ_36_0960,5671.A4I7L6,5671.A4ICP4,0.05
3472,LINJ_32_0690,LINJ_33_1810,5671.A4I7L6,5671.A4I967,0.05
3473,LINJ_32_0690,LINJ_35_4110,5671.A4I7L6,5671.A4IBU4,0.05
3474,LINJ_32_0690,LINJ_24_0220,5671.A4I7L6,5671.E9AH34,0.05
3475,LINJ_32_0690,LINJ_35_1310,5671.A4I7L6,5671.A4IB24,0.046
3476,LINJ_32_0690,LINJ_24_0130,5671.A4I7L6,5671.E9AH25,0.057
3478,LINJ_32_0520,LINJ_34_4140,5671.A4I7N3,5671.A4IAK2,0.071
3479,LINJ_32_0520,LINJ_24_0260,5671.A4I7N3,5671.E9AH38,0.059
3480,LINJ_32_0520,LINJ_08_1250,5671.A4I7N3,5671.E9AG93,0.072
3481,LINJ_32_0520,LINJ_34_3370,5671.A4I7N3,5671.A4IAC5,0.073
3482,LINJ_32_0520,RAB7,5671.A4I7N3,5671.E9AGQ4,0.072
3483,LINJ_32_0520,LINJ_24_0130,5671.A4I7N3,5671.E9AH25,0.062
3484,LINJ_32_0520,LINJ_34_0030,5671.A4I7N3,5671.A4I9H1,0.126
3485,LINJ_32_1010,91E11,5671.A4I7R2,5671.Q9GNZ8,0.106
3486,LINJ_32_1010,LINJ_35_1720,5671.A4I7R2,5671.A4IB73,0.3
3487,LINJ_32_1010,LINJ_36_4380,5671.A4I7R2,5671.A4IE56,0.427
3488,LINJ_32_1010,LINJ_35_1310,5671.A4I7R2,5671.A4IB24,0.161
3489,LINJ_32_1010,LINJ_24_0130,5671.A4I7R2,5671.E9AH25,0.085
3490,LINJ_32_1010,LINJ_33_2910,5671.A4I7R2,5671.A4I9B7,0.046
3491,LINJ_32_1010,LINJ_24_1780,5671.A4I7R2,5671.E9AH78,0.233
3492,LINJ_32_1010,LINJ_32_1150,5671.A4I7R2,5671.A4I7S6,0.219
3493,LINJ_32_1010,LINJ_34_3790,5671.A4I7R2,5671.A4IAG7,0.219
3494,LINJ_32_1150,LINJ_03_0460,5671.A4I7S6,5671.E9AG37,0.05
3495,LINJ_32_1150,LINJ_35_1730,5671.A4I7S6,5671.A4IB74,0.252
3496,LINJ_32_1150,LINJ_32_4080,5671.A4I7S6,5671.A4I8L1,0.204
3497,LINJ_32_1150,RPT6,5671.A4I7S6,5671.A4IE38,0.25
3498,LINJ_32_1150,LINJ_33_2910,5671.A4I7S6,5671.A4I9B7,0.583
3499,LINJ_32_1150,LINJ_35_1310,5671.A4I7S6,5671.A4IB24,0.401
3501,LINJ_32_1310,LINJ_32_3060,5671.A4I7U2,5671.A4I8B2,0.187
3502,LINJ_32_1520,LINJ_35_1310,5671.A4I7W3,5671.A4IB24,0.179
3503,LINJ_32_1520,DMC1,5671.A4I7W3,5671.A4IC25,0.224
3504,LINJ_32_1520,LINJ_33_2620,5671.A4I7W3,5671.E9AHR7,0.224
3505,LINJ_32_1520,CYC6,5671.A4I7W3,5671.A4I8F7,0.22
3506,LINJ_32_1520,CRK3,5671.A4I7W3,5671.A4ICT0,0.17
3507,LINJ_32_1520,LINJ_27_2570,5671.A4I7W3,5671.E9AHC6,0.17
3509,LINJ_32_1930,LINJ_34_4140,5671.A4I7Z9,5671.A4IAK2,0.071
3510,LINJ_32_1930,LINJ_33_3360,5671.A4I7Z9,5671.A4I9G2,0.059
3511,LINJ_32_1930,LINJ_36_5580,5671.A4I7Z9,5671.A4IC77,0.06
3512,LINJ_32_1930,LINJ_24_0260,5671.A4I7Z9,5671.E9AH38,0.059
3513,LINJ_32_1930,LINJ_08_1250,5671.A4I7Z9,5671.E9AG93,0.072
3514,LINJ_32_1930,LINJ_27_0620,5671.A4I7Z9,5671.E9AHE8,0.047
3515,LINJ_32_1930,LINJ_33_1940,5671.A4I7Z9,5671.A4I946,0.047
3516,LINJ_32_1930,RAB7,5671.A4I7Z9,5671.E9AGQ4,0.058
3517,LINJ_32_1930,LINJ_24_0130,5671.A4I7Z9,5671.E9AH25,0.062
3518,LINJ_32_1930,LINJ_34_0030,5671.A4I7Z9,5671.A4I9H1,0.217
3519,LINJ_32_1930,LINJ_34_3370,5671.A4I7Z9,5671.A4IAC5,0.22
3520,LINJ_32_1940,LINJ_32_3470,5671.A4I800,5671.A4I8F2,0.232
3521,LINJ_32_1940,DHFR-TS,5671.A4I800,5671.Q8MQV3,0.458
3522,LINJ_32_1940,LINJ_33_2520,5671.A4I800,5671.E9AHQ7,0.157
3523,LINJ_32_1940,HSP83-2,5671.A4I800,5671.E9AHM9,0.157
3524,LINJ_32_1940,HSP83,5671.A4I800,5671.E9AHM8,0.157
3527,LINJ_32_2160,LINJ_34_4140,5671.A4I825,5671.A4IAK2,0.071
3528,LINJ_32_2160,LINJ_36_0880,5671.A4I825,5671.A4ICQ2,0.101
3529,LINJ_32_2160,LINJ_33_3360,5671.A4I825,5671.A4I9G2,0.059
3530,LINJ_32_2160,LINJ_27_0620,5671.A4I825,5671.E9AHE8,0.047
3531,LINJ_32_2160,LINJ_08_1250,5671.A4I825,5671.E9AG93,0.072
3532,LINJ_32_2160,LINJ_33_1940,5671.A4I825,5671.A4I946,0.047
3533,LINJ_32_2160,LINJ_24_0260,5671.A4I825,5671.E9AH38,0.059
3534,LINJ_32_2160,RAB7,5671.A4I825,5671.E9AGQ4,0.058
3535,LINJ_32_2160,LINJ_34_3370,5671.A4I825,5671.A4IAC5,0.073
3536,LINJ_32_2160,LINJ_24_0130,5671.A4I825,5671.E9AH25,0.062
3537,LINJ_32_2160,LINJ_34_0030,5671.A4I825,5671.A4I9H1,0.158
3538,LINJ_32_2190,LINJ_33_3410,5671.A4I828,5671.A4I9G7,0.077
3539,LINJ_32_2190,LINJ_32_3280,5671.A4I828,5671.A4I8D3,0.077
3540,LINJ_32_3060,LINJ_22_0920,5671.A4I8B2,5671.E9AGZ4,0.045
3541,LINJ_32_3060,LINJ_36_4020,5671.A4I8B2,5671.A4ID13,0.045
3542,LINJ_32_3240,LINJ_36_5610,5671.A4I8C9,5671.A4IDV1,0.064
3543,LINJ_32_3240,LINJ_36_2310,5671.A4I8C9,5671.A4IDJ2,0.059
3544,LINJ_32_3240,LINJ_24_0130,5671.A4I8C9,5671.E9AH25,0.125
3545,LINJ_32_3240,LINJ_36_0970,5671.A4I8C9,5671.A4ICP3,0.132
3546,LINJ_32_3240,LINJ_36_4020,5671.A4I8C9,5671.A4ID13,0.098
3547,LINJ_32_3240,LINJ_22_0920,5671.A4I8C9,5671.E9AGZ4,0.098
3548,LINJ_32_3240,LINJ_35_1310,5671.A4I8C9,5671.A4IB24,0.075
3549,LINJ_32_3240,LINJ_34_0030,5671.A4I8C9,5671.A4I9H1,0.556
3550,LINJ_32_3470,LINJ_24_1790,5671.A4I8F2,5671.E9AH79,0.06
3554,LINJ_32_3470,LINJ_36_2130,5671.A4I8F2,5671.A4IDH4,0.232
3555,LINJ_32_3470,LINJ_36_2140,5671.A4I8F2,5671.A4IDH5,0.232
3556,LINJ_32_3470,DHFR-TS,5671.A4I8F2,5671.Q8MQV3,0.458
3557,LINJ_32_3470,LINJ_31_2720,5671.A4I8F2,5671.E9AHL8,0.071
3558,LINJ_32_3470,GCVL-2,5671.A4I8F2,5671.A4I8F6,0.071
3559,LINJ_32_3470,PDI-2,5671.A4I8F2,5671.A4ICD5,0.05
3560,LINJ_32_3470,HSP83,5671.A4I8F2,5671.E9AHM8,0.245
3561,LINJ_32_3470,HSP83-2,5671.A4I8F2,5671.E9AHM9,0.245
3562,LINJ_32_3470,LINJ_33_2520,5671.A4I8F2,5671.E9AHQ7,0.245
3563,LINJ_32_3470,LINJ_21_1330,5671.A4I8F2,5671.E9AGX7,0.442
3564,GCVL-2,LINJ.12.0830,5671.A4I8F6,5671.E9AGI7,0.101
3565,GCVL-2,LINJ_26_0290,5671.A4I8F6,5671.E9AHB1,0.101
3566,GCVL-2,LINJ_36_4380,5671.A4I8F6,5671.A4IE56,0.22
3567,GCVL-2,LINJ_34_0160,5671.A4I8F6,5671.A4I9I4,0.1
3568,GCVL-2,mMDH,5671.A4I8F6,5671.A4I9I5,0.1
3569,GCVL-2,LINJ_34_0150,5671.A4I8F6,5671.A4I9I3,0.1
3570,GCVL-2,LINJ_35_0030,5671.A4I8F6,5671.A4IAQ4,0.125
3571,GCVL-2,LinJ_35_5450,5671.A4I8F6,5671.A4IAQ1,0.125
3572,GCVL-2,LinJ_35_5440,5671.A4I8F6,5671.A4IAQ0,0.125
3573,GCVL-2,PDI-2,5671.A4I8F6,5671.A4ICD5,0.067
3575,GCVL-2,DHFR-TS,5671.A4I8F6,5671.Q8MQV3,0.449
3576,CYC6,LINJ_29_1420,5671.A4I8F7,5671.E9AHI7,0.105
3577,CYC6,LINJ_22_0920,5671.A4I8F7,5671.E9AGZ4,0.104
3578,CYC6,LINJ_36_4020,5671.A4I8F7,5671.A4ID13,0.104
3579,CYC6,LINJ_33_2910,5671.A4I8F7,5671.A4I9B7,0.052
3580,CYC6,LINJ_24_0130,5671.A4I8F7,5671.E9AH25,0.071
3581,CYC6,LINJ_27_2570,5671.A4I8F7,5671.E9AHC6,0.077
3582,CYC6,LINJ_36_5580,5671.A4I8F7,5671.A4IC77,0.156
3583,CYC6,LINJ_34_0030,5671.A4I8F7,5671.A4I9H1,0.562
3584,CYC6,LINJ_24_1790,5671.A4I8F7,5671.E9AH79,0.157
3585,CYC6,CRK1,5671.A4I8F7,5671.E9AGX6,0.743
3586,CYC6,CRK3,5671.A4I8F7,5671.A4ICT0,0.772
3587,LINJ_32_4080,LINJ_34_3790,5671.A4I8L1,5671.A4IAG7,0.204
3589,LINJ_33_0060,LINJ_33_1500,5671.A4I8M2,5671.A4I913,0.044
3592,LINJ_33_0060,LINJ_24_1790,5671.A4I8M2,5671.E9AH79,0.079
3593,LINJ_33_1060,LINJ_33_2210,5671.A4I8W5,5671.A4I980,0.105
3594,LINJ_33_1060,LINJ_35_2080,5671.A4I8W5,5671.A4IBA6,0.101
3595,MPK11,LINJ_24_0260,5671.A4I910,5671.E9AH38,0.071
3596,MPK11,LINJ_34_0030,5671.A4I910,5671.A4I9H1,0.059
3597,MPK11,LINJ_24_0220,5671.A4I910,5671.E9AH34,0.044
3598,MPK11,LINJ_36_2310,5671.A4I910,5671.A4IDJ2,0.078
3599,MPK11,MKK5,5671.A4I910,5671.A4ICP8,0.071
3600,MPK11,LINJ_34_1840,5671.A4I910,5671.A4I9Y5,0.071
3601,MPK11,LINJ_36_5610,5671.A4I910,5671.A4IDV1,0.108
3602,MPK11,TOR2,5671.A4I910,5671.A4IAK5,0.572
3603,MPK11,TOR1,5671.A4I910,5671.A4IE36,0.577
3604,MPK11,TOR3,5671.A4I910,5671.A4IAG3,0.583
3605,MPK11,cpb,5671.A4I910,5671.Q7K8Z6,0.056
3608,LINJ_33_1500,LINJ_34_0490,5671.A4I913,5671.A4I9L7,0.049
3610,LINJ_33_1690,LINJ_36_1840,5671.A4I931,5671.A4IDE7,0.252
3611,LINJ_33_1690,LINJ_19_0960,5671.A4I931,5671.E9AGS6,0.157
3612,LINJ_33_1690,LINJ_19_0940,5671.A4I931,5671.E9AGS5,0.157
3613,LINJ_33_1690,LINJ_34_3110,5671.A4I931,5671.A4IAA0,0.177
3614,LINJ_33_1690,LINJ_36_3570,5671.A4I931,5671.A4ID56,0.105
3615,LINJ_33_1690,LINJ_36_4380,5671.A4I931,5671.A4IE56,0.472
3616,LINJ_33_2190,LINJ_24_0260,5671.A4I945,5671.E9AH38,0.071
3617,LINJ_33_2190,LINJ_34_1840,5671.A4I945,5671.A4I9Y5,0.071
3618,LINJ_33_2190,MKK5,5671.A4I945,5671.A4ICP8,0.071
3619,LINJ_33_2190,LINJ_36_2310,5671.A4I945,5671.A4IDJ2,0.078
3620,LINJ_33_2190,LINJ_36_5610,5671.A4I945,5671.A4IDV1,0.108
3621,LINJ_33_1940,LINJ_34_4140,5671.A4I946,5671.A4IAK2,0.047
3622,LINJ_33_1940,LINJ_33_3360,5671.A4I946,5671.A4I9G2,0.064
3623,LINJ_33_1940,RAB7,5671.A4I946,5671.E9AGQ4,0.05
3624,LINJ_33_1810,LINJ_34_2160,5671.A4I967,5671.A4IA04,0.05
3625,LINJ_33_1810,LINJ_36_6370,5671.A4I967,5671.A4IE23,0.05
3626,LINJ_33_1810,LINJ_34_0030,5671.A4I967,5671.A4I9H1,0.187
3627,LINJ_33_2210,LINJ_35_2080,5671.A4I980,5671.A4IBA6,0.105
3628,LINJ_33_2210,DHFR-TS,5671.A4I980,5671.Q8MQV3,0.438
3629,LINJ_33_2860,LinJ_35_5450,5671.A4I9B2,5671.A4IAQ1,0.17
3630,LINJ_33_2860,LinJ_35_5440,5671.A4I9B2,5671.A4IAQ0,0.17
3631,LINJ_33_2860,LINJ_35_0030,5671.A4I9B2,5671.A4IAQ4,0.17
3632,LINJ_33_2860,DHFR-TS,5671.A4I9B2,5671.Q8MQV3,0.589
3633,LINJ_33_2860,LINJ_24_1890,5671.A4I9B2,5671.E9AH89,0.108
3634,LINJ_33_2860,LINJ_35_1240,5671.A4I9B2,5671.A4IB17,0.108
3635,LINJ_33_2860,LINJ_35_1230,5671.A4I9B2,5671.A4IB16,0.108
3636,LINJ_33_2860,LINJ_36_3570,5671.A4I9B2,5671.A4ID56,0.108
3637,LINJ_33_2860,LINJ_36_4380,5671.A4I9B2,5671.A4IE56,0.248
3639,LINJ_33_2910,LINJ_27_2570,5671.A4I9B7,5671.E9AHC6,0.049
3640,LINJ_33_2910,CRK3,5671.A4I9B7,5671.A4ICT0,0.049
3642,LINJ_33_2910,LINJ_36_5580,5671.A4I9B7,5671.A4IC77,0.046
3643,LINJ_33_2910,LINJ_24_0130,5671.A4I9B7,5671.E9AH25,0.085
3644,LINJ_33_2910,LINJ_29_1420,5671.A4I9B7,5671.E9AHI7,0.068
3645,LINJ_33_2910,LINJ_36_1730,5671.A4I9B7,5671.A4IDD6,0.06
3646,LINJ_33_2910,LINJ_35_3880,5671.A4I9B7,5671.A4IBS2,0.064
3647,LINJ_33_2910,LINJ_03_0520,5671.A4I9B7,5671.E9AG43,0.065
3648,LINJ_33_2910,LINJ.12.0190,5671.A4I9B7,5671.E9AGB0,0.104
3649,LINJ_33_2910,91E11,5671.A4I9B7,5671.Q9GNZ8,0.106
3650,LINJ_33_2910,RPT6,5671.A4I9B7,5671.A4IE38,0.048
3651,LINJ_33_2910,LINJ_24_1780,5671.A4I9B7,5671.E9AH78,0.063
3652,LINJ_33_2910,LINJ_24_1790,5671.A4I9B7,5671.E9AH79,0.121
3653,LINJ_33_2910,LINJ_34_3790,5671.A4I9B7,5671.A4IAG7,0.583
3654,LINJ_33_3360,LINJ_34_3300,5671.A4I9G2,5671.A4IAB8,0.048
3655,LINJ_33_3360,LINJ_35_1270,5671.A4I9G2,5671.A4IB20,0.048
3656,LINJ_33_3360,LINJ_28_1910,5671.A4I9G2,5671.E9AHG7,0.048
3657,LINJ_33_3360,LINJ_24_0170,5671.A4I9G2,5671.E9AH29,0.048
3658,LINJ_33_3360,LINJ_36_1420,5671.A4I9G2,5671.A4ICJ9,0.048
3659,LINJ_33_3360,LINJ_27_0620,5671.A4I9G2,5671.E9AHE8,0.064
3660,LINJ_33_3360,LINJ_34_4140,5671.A4I9G2,5671.A4IAK2,0.56
3661,LINJ_34_0030,LINJ_36_0780,5671.A4I9H1,5671.A4ICR2,0.059
3662,LINJ_34_0030,LINJ_36_0960,5671.A4I9H1,5671.A4ICP4,0.187
3663,LINJ_34_0030,LINJ.12.0190,5671.A4I9H1,5671.E9AGB0,0.071
3664,LINJ_34_0030,LINJ_22_0920,5671.A4I9H1,5671.E9AGZ4,0.085
3665,LINJ_34_0030,LINJ_36_4020,5671.A4I9H1,5671.A4ID13,0.085
3666,LINJ_34_0030,LINJ_35_1020,5671.A4I9H1,5671.A4IAZ7,0.192
3667,LINJ_34_0030,LINJ.12.0610,5671.A4I9H1,5671.E9AGF3,0.42
3668,LINJ_34_0030,LINJ_24_1790,5671.A4I9H1,5671.E9AH79,0.091
3669,LINJ_34_0030,LMPK,5671.A4I9H1,5671.A4ICA4,0.059
3670,LINJ_34_0030,LINJ_34_1950,5671.A4I9H1,5671.A4I9Z1,0.067
3671,LINJ_34_0030,LINJ_34_0990,5671.A4I9H1,5671.A4I9Q1,0.202
3672,LINJ_34_0030,LINJ_19_0130,5671.A4I9H1,5671.E9AGR6,0.106
3673,LINJ_34_0030,LINJ_35_1070,5671.A4I9H1,5671.A4IB02,0.106
3674,LINJ_34_0030,LINJ_03_0770,5671.A4I9H1,5671.E9AG57,0.317
3675,LINJ_34_0030,LINJ_35_1730,5671.A4I9H1,5671.A4IB74,0.05
3676,LINJ_34_0030,LINJ_35_1720,5671.A4I9H1,5671.A4IB73,0.07
3677,LINJ_34_0030,LINJ_36_5320,5671.A4I9H1,5671.A4IDT1,0.072
3678,LINJ_34_0030,LINJ_03_0460,5671.A4I9H1,5671.E9AG37,0.214
3679,LINJ_34_0030,PDI-2,5671.A4I9H1,5671.A4ICD5,0.059
3680,LINJ_34_0030,MKK5,5671.A4I9H1,5671.A4ICP8,0.126
3681,LINJ_34_0030,LINJ_35_4060,5671.A4I9H1,5671.A4IBT9,0.503
3682,LINJ_34_0030,LINJ_24_0130,5671.A4I9H1,5671.E9AH25,0.249
3683,LINJ_34_0030,LINJ_34_1900,5671.A4I9H1,5671.A4IAM7,0.261
3684,LINJ_34_0030,LINJ_24_0220,5671.A4I9H1,5671.E9AH34,0.187
3685,LINJ_34_0030,LINJ_36_0970,5671.A4I9H1,5671.A4ICP3,0.473
3686,LINJ_34_0030,LINJ_06_1220,5671.A4I9H1,5671.E9AG71,0.243
3687,LINJ_34_0030,LINJ_35_4010,5671.A4I9H1,5671.A4IBT4,0.503
3688,LINJ_34_0030,LINJ_34_3340,5671.A4I9H1,5671.A4IAC2,0.075
3689,LINJ_34_0030,LINJ_35_2030,5671.A4I9H1,5671.A4IBA2,0.075
3690,LINJ_34_0030,LINJ_35_2710,5671.A4I9H1,5671.A4IBD4,0.075
3691,LINJ_34_0030,CRK1,5671.A4I9H1,5671.E9AGX6,0.59
3692,LINJ_34_0030,LINJ_34_1530,5671.A4I9H1,5671.A4I9V5,0.078
3693,LINJ_34_0150,DHFR-TS,5671.A4I9I3,5671.Q8MQV3,0.464
3694,LINJ_34_0150,LINJ_31_2720,5671.A4I9I3,5671.E9AHL8,0.1
3697,LINJ_34_0150,PGKB,5671.A4I9I3,5671.E9AGU0,0.466
3698,LINJ_34_0150,PGKC,5671.A4I9I3,5671.E9AGT9,0.469
3699,LINJ_34_0150,LinJ_35_5440,5671.A4I9I3,5671.A4IAQ0,0.125
3700,LINJ_34_0150,LINJ_35_0030,5671.A4I9I3,5671.A4IAQ4,0.498
3701,LINJ_34_0150,LinJ_35_5450,5671.A4I9I3,5671.A4IAQ1,0.571
3702,LINJ_34_0150,LINJ_36_1840,5671.A4I9I3,5671.A4IDE7,0.126
3703,LINJ_34_0160,DHFR-TS,5671.A4I9I4,5671.Q8MQV3,0.464
3704,LINJ_34_0160,LINJ_31_2720,5671.A4I9I4,5671.E9AHL8,0.1
3706,LINJ_34_0160,PGKB,5671.A4I9I4,5671.E9AGU0,0.466
3707,LINJ_34_0160,PGKC,5671.A4I9I4,5671.E9AGT9,0.469
3708,LINJ_34_0160,LinJ_35_5440,5671.A4I9I4,5671.A4IAQ0,0.125
3709,LINJ_34_0160,LINJ_35_0030,5671.A4I9I4,5671.A4IAQ4,0.498
3710,LINJ_34_0160,LinJ_35_5450,5671.A4I9I4,5671.A4IAQ1,0.571
3711,LINJ_34_0160,LINJ_36_1840,5671.A4I9I4,5671.A4IDE7,0.126
3712,mMDH,DHFR-TS,5671.A4I9I5,5671.Q8MQV3,0.464
3713,mMDH,LINJ_31_2720,5671.A4I9I5,5671.E9AHL8,0.1
3714,mMDH,LINJ_36_5410,5671.A4I9I5,5671.A4IDU0,0.458
3715,mMDH,PGKB,5671.A4I9I5,5671.E9AGU0,0.464
3716,mMDH,PGKC,5671.A4I9I5,5671.E9AGT9,0.467
3717,mMDH,LinJ_35_5440,5671.A4I9I5,5671.A4IAQ0,0.125
3718,mMDH,LINJ_35_0030,5671.A4I9I5,5671.A4IAQ4,0.491
3719,mMDH,LinJ_35_5450,5671.A4I9I5,5671.A4IAQ1,0.57
3720,mMDH,LINJ_36_1840,5671.A4I9I5,5671.A4IDE7,0.126
3721,LINJ_34_0490,LINJ_24_0130,5671.A4I9L7,5671.E9AH25,0.053
3722,LINJ_34_0500,LINJ_24_0130,5671.A4I9L8,5671.E9AH25,0.099
3723,LINJ_34_0990,LINJ_24_0130,5671.A4I9Q1,5671.E9AH25,0.063
3724,LINJ_34_0990,LINJ_36_2310,5671.A4I9Q1,5671.A4IDJ2,0.059
3725,LINJ_34_0990,LINJ_36_5610,5671.A4I9Q1,5671.A4IDV1,0.059
3726,LINJ_34_1530,LINJ_35_1730,5671.A4I9V5,5671.A4IB74,0.045
3727,LINJ_34_1530,LINJ_34_1900,5671.A4I9V5,5671.A4IAM7,0.209
3729,LINJ_34_1840,LINJ_36_5610,5671.A4I9Y5,5671.A4IDV1,0.22
3730,LINJ_34_1840,LINJ_36_0970,5671.A4I9Y5,5671.A4ICP3,0.125
3731,LINJ_34_1840,LINJ_19_0140,5671.A4I9Y5,5671.E9AGR7,0.058
3732,LINJ_34_1840,LINJ_27_2570,5671.A4I9Y5,5671.E9AHC6,0.059
3733,LINJ_34_1840,CRK3,5671.A4I9Y5,5671.A4ICT0,0.059
3734,LINJ_34_1840,LINJ_36_0780,5671.A4I9Y5,5671.A4ICR2,0.071
3735,LINJ_34_1840,LMPK,5671.A4I9Y5,5671.A4ICA4,0.071
3736,LINJ_34_1840,LINJ_24_0220,5671.A4I9Y5,5671.E9AH34,0.056
3737,LINJ_34_2160,LINJ_35_0480,5671.A4IA04,5671.A4IAU7,0.05
3738,LINJ_34_2160,LINJ_36_0960,5671.A4IA04,5671.A4ICP4,0.05
3739,LINJ_34_2160,LINJ_24_0220,5671.A4IA04,5671.E9AH34,0.05
3740,LINJ_34_2160,LINJ_35_4110,5671.A4IA04,5671.A4IBU4,0.05
3741,LINJ_34_2160,LINJ_35_1310,5671.A4IA04,5671.A4IB24,0.046
3742,LINJ_34_2160,LINJ_24_0130,5671.A4IA04,5671.E9AH25,0.057
3743,LINJ_34_2500,LINJ_33_2520,5671.A4IA43,5671.E9AHQ7,0.05
3744,LINJ_34_2500,HSP83,5671.A4IA43,5671.E9AHM8,0.05
3745,LINJ_34_2500,HSP83-2,5671.A4IA43,5671.E9AHM9,0.05
3746,LINJ_34_2500,DHFR-TS,5671.A4IA43,5671.Q8MQV3,0.461
3747,LINJ_34_3110,LINJ_24_0130,5671.A4IAA0,5671.E9AH25,0.104
3748,LINJ_34_3110,LINJ_36_4380,5671.A4IAA0,5671.A4IE56,0.191
3749,LINJ_34_3110,LINJ_19_0960,5671.A4IAA0,5671.E9AGS6,0.081
3750,LINJ_34_3110,LINJ_19_0940,5671.A4IAA0,5671.E9AGS5,0.081
3752,LINJ_34_3130,MCA5,5671.A4IAA1,5671.A4IB59,0.469
3753,LINJ_34_3130,DHFR-TS,5671.A4IAA1,5671.Q8MQV3,0.588
3754,LINJ_34_3300,LINJ_35_1310,5671.A4IAB8,5671.A4IB24,0.201
3755,LINJ_34_3340,LINJ_24_0130,5671.A4IAC2,5671.E9AH25,0.051
3756,LINJ_34_3340,LINJ_24_0260,5671.A4IAC2,5671.E9AH38,0.048
3758,TOR3,LINJ_35_3930,5671.A4IAG3,5671.A4IBS7,0.381
3759,TOR3,LINJ_34_1900,5671.A4IAG3,5671.A4IAM7,0.343
3760,TOR3,HSP83,5671.A4IAG3,5671.E9AHM8,0.123
3761,TOR3,HSP83-2,5671.A4IAG3,5671.E9AHM9,0.123
3762,TOR3,LINJ_33_2520,5671.A4IAG3,5671.E9AHQ7,0.123
3763,TOR3,TOR1,5671.A4IAG3,5671.A4IE36,0.231
3764,TOR3,TOR2,5671.A4IAG3,5671.A4IAK5,0.232
3765,LINJ_34_3790,LINJ_03_0460,5671.A4IAG7,5671.E9AG37,0.05
3766,LINJ_34_3790,LINJ_35_1730,5671.A4IAG7,5671.A4IB74,0.252
3767,LINJ_34_3790,RPT6,5671.A4IAG7,5671.A4IE38,0.25
3768,LINJ_34_3790,LINJ_35_1310,5671.A4IAG7,5671.A4IB24,0.401
3769,LINJ_34_4020,LINJ_03_0460,5671.A4IAJ0,5671.E9AG37,0.049
3770,LINJ_34_4020,LINJ_24_0130,5671.A4IAJ0,5671.E9AH25,0.049
3771,LINJ_34_4140,LINJ_36_1420,5671.A4IAK2,5671.A4ICJ9,0.046
3772,LINJ_34_4140,LINJ_24_0170,5671.A4IAK2,5671.E9AH29,0.046
3773,LINJ_34_4140,LINJ_27_0620,5671.A4IAK2,5671.E9AHE8,0.047
3774,TOR2,LINJ_33_2520,5671.A4IAK5,5671.E9AHQ7,0.123
3775,TOR2,HSP83-2,5671.A4IAK5,5671.E9AHM9,0.123
3776,TOR2,HSP83,5671.A4IAK5,5671.E9AHM8,0.123
3777,TOR2,TOR1,5671.A4IAK5,5671.A4IE36,0.223
3778,LINJ_34_1900,HSP83,5671.A4IAM7,5671.E9AHM8,0.382
3779,LINJ_34_1900,LINJ_36_7340,5671.A4IAM7,5671.A4ICE0,0.22
3780,LINJ_34_1900,TOR1,5671.A4IAM7,5671.A4IE36,0.394
3781,LINJ_34_1900,DHFR-TS,5671.A4IAM7,5671.Q8MQV3,0.566
3782,LINJ_34_1900,SIR2RP1,5671.A4IAM7,5671.Q8I6E4,0.447
3785,LinJ_35_5440,LINJ_31_2720,5671.A4IAQ0,5671.E9AHL8,0.125
3786,LinJ_35_5440,DHFR-TS,5671.A4IAQ0,5671.Q8MQV3,0.564
3787,LinJ_35_5440,PGKC,5671.A4IAQ0,5671.E9AGT9,0.182
3788,LinJ_35_5440,PGKB,5671.A4IAQ0,5671.E9AGU0,0.182
3791,LinJ_35_5450,LINJ_31_2720,5671.A4IAQ1,5671.E9AHL8,0.125
3792,LinJ_35_5450,DHFR-TS,5671.A4IAQ1,5671.Q8MQV3,0.564
3793,LinJ_35_5450,PGKC,5671.A4IAQ1,5671.E9AGT9,0.182
3794,LinJ_35_5450,PGKB,5671.A4IAQ1,5671.E9AGU0,0.182
3797,LINJ_35_0030,LINJ_31_2720,5671.A4IAQ4,5671.E9AHL8,0.125
3798,LINJ_35_0030,DHFR-TS,5671.A4IAQ4,5671.Q8MQV3,0.564
3799,LINJ_35_0030,PGKB,5671.A4IAQ4,5671.E9AGU0,0.502
3800,LINJ_35_0030,PGKC,5671.A4IAQ4,5671.E9AGT9,0.505
3801,LINJ_35_0480,LINJ_36_6370,5671.A4IAU7,5671.A4IE23,0.05
3803,LINJ_35_1020,LINJ_27_2570,5671.A4IAZ7,5671.E9AHC6,0.067
3804,LINJ_35_1020,LINJ_35_4060,5671.A4IAZ7,5671.A4IBT9,0.5
3805,LINJ_35_1020,LINJ_35_4010,5671.A4IAZ7,5671.A4IBT4,0.5
3806,LINJ_35_1020,CRK1,5671.A4IAZ7,5671.E9AGX6,0.433
3807,LINJ_35_1020,MKK5,5671.A4IAZ7,5671.A4ICP8,0.591
3809,LINJ_35_1030,LINJ_27_2570,5671.A4IAZ8,5671.E9AHC6,0.067
3810,LINJ_35_1030,HSP83-2,5671.A4IAZ8,5671.E9AHM9,0.426
3811,LINJ_35_1030,MKK5,5671.A4IAZ8,5671.A4ICP8,0.477
3812,LINJ_35_1030,LINJ_35_4010,5671.A4IAZ8,5671.A4IBT4,0.5
3813,LINJ_35_1030,CRK1,5671.A4IAZ8,5671.E9AGX6,0.421
3814,LINJ_35_1230,LINJ_36_1840,5671.A4IB16,5671.A4IDE7,0.059
3815,LINJ_35_1230,LINJ_36_5410,5671.A4IB16,5671.A4IDU0,0.059
3816,LINJ_35_1230,DHFR-TS,5671.A4IB16,5671.Q8MQV3,0.42
3817,LINJ_35_1240,LINJ_36_1840,5671.A4IB17,5671.A4IDE7,0.059
3818,LINJ_35_1240,LINJ_36_5410,5671.A4IB17,5671.A4IDU0,0.059
3819,LINJ_35_1240,DHFR-TS,5671.A4IB17,5671.Q8MQV3,0.42
3822,LINJ_35_1310,91E11,5671.A4IB24,5671.Q9GNZ8,0.106
3823,LINJ_35_1310,LINJ_36_6370,5671.A4IB24,5671.A4IE23,0.046
3824,LINJ_35_1310,LINJ_03_0520,5671.A4IB24,5671.E9AG43,0.071
3825,LINJ_35_1310,LINJ_36_1730,5671.A4IB24,5671.A4IDD6,0.058
3826,LINJ_35_1310,LINJ_35_3880,5671.A4IB24,5671.A4IBS2,0.068
3827,LINJ_35_1310,LINJ.12.0190,5671.A4IB24,5671.E9AGB0,0.065
3828,LINJ_35_1310,LINJ_29_1420,5671.A4IB24,5671.E9AHI7,0.068
3829,LINJ_35_1310,LINJ_24_1790,5671.A4IB24,5671.E9AH79,0.078
3830,LINJ_35_1310,RPT6,5671.A4IB24,5671.A4IE38,0.127
3831,LINJ_35_1310,LINJ_24_1780,5671.A4IB24,5671.E9AH78,0.063
3832,LINJ_35_1310,LINJ_36_0970,5671.A4IB24,5671.A4ICP3,0.059
3833,LINJ_35_1310,LINJ_22_0920,5671.A4IB24,5671.E9AGZ4,0.212
3834,LINJ_35_1310,LINJ_36_4020,5671.A4IB24,5671.A4ID13,0.212
3835,LINJ_35_1310,LINJ_24_0130,5671.A4IB24,5671.E9AH25,0.216
3836,MCA5,DHFR-TS,5671.A4IB59,5671.Q8MQV3,0.413
3837,LINJ_35_1720,DHFR-TS,5671.A4IB73,5671.Q8MQV3,0.472
3838,LINJ_35_1720,LINJ_24_0260,5671.A4IB73,5671.E9AH38,0.103
3839,LINJ_35_1720,LINJ_36_5320,5671.A4IB73,5671.A4IDT1,0.398
3840,LINJ_35_2030,LINJ_24_0260,5671.A4IBA2,5671.E9AH38,0.048
3841,LINJ_35_2710,LINJ_24_0260,5671.A4IBD4,5671.E9AH38,0.048
3842,LINJ_35_2600,HSP83-2,5671.A4IBG5,5671.E9AHM9,0.05
3843,LINJ_35_2600,HSP83,5671.A4IBG5,5671.E9AHM8,0.05
3844,LINJ_35_2600,LINJ_33_2520,5671.A4IBG5,5671.E9AHQ7,0.05
3845,LINJ_35_2600,DHFR-TS,5671.A4IBG5,5671.Q8MQV3,0.461
3848,LINJ_35_3880,LINJ_36_1420,5671.A4IBS2,5671.A4ICJ9,0.049
3849,LINJ_35_3880,LINJ_24_0170,5671.A4IBS2,5671.E9AH29,0.049
3850,LINJ_35_3880,LINJ.12.0190,5671.A4IBS2,5671.E9AGB0,0.434
3851,LINJ_35_3880,LINJ_03_0520,5671.A4IBS2,5671.E9AG43,0.249
3852,LINJ_35_3880,LINJ_36_1730,5671.A4IBS2,5671.A4IDD6,0.444
3853,LINJ_35_3880,91E11,5671.A4IBS2,5671.Q9GNZ8,0.326
3854,LINJ_35_3880,RPT6,5671.A4IBS2,5671.A4IE38,0.415
3856,LINJ_35_3920,LINJ_36_5050,5671.A4IBS6,5671.A4IDR0,0.098
3859,LINJ_35_3930,LINJ_24_0130,5671.A4IBS7,5671.E9AH25,0.081
3860,LINJ_35_4110,LINJ_36_6370,5671.A4IBU4,5671.A4IE23,0.05
3861,PABP2,LINJ_36_2140,5671.A4IBV3,5671.A4IDH5,0.585
3862,PABP2,LINJ_36_2130,5671.A4IBV3,5671.A4IDH4,0.585
3863,LINJ_35_4740,LINJ_24_1790,5671.A4IC06,5671.E9AH79,0.07
3864,DMC1,LINJ_28_1910,5671.A4IC25,5671.E9AHG7,0.241
3865,DMC1,DHFR-TS,5671.A4IC25,5671.Q8MQV3,0.575
3866,PABP1,LINJ_36_2140,5671.A4IC57,5671.A4IDH5,0.566
3867,PABP1,LINJ_36_2130,5671.A4IC57,5671.A4IDH4,0.566
3868,LINJ_36_5580,HSP83-2,5671.A4IC77,5671.E9AHM9,0.076
3869,LINJ_36_5580,HSP83,5671.A4IC77,5671.E9AHM8,0.076
3870,LINJ_36_5580,LINJ_33_2520,5671.A4IC77,5671.E9AHQ7,0.076
3871,LINJ_36_5580,CRK3,5671.A4IC77,5671.A4ICT0,0.071
3872,LINJ_36_5580,LINJ_27_2570,5671.A4IC77,5671.E9AHC6,0.071
3873,LINJ_36_5580,LINJ_24_0130,5671.A4IC77,5671.E9AH25,0.099
3874,LINJ_36_5580,LINJ_29_1420,5671.A4IC77,5671.E9AHI7,0.156
3875,LINJ_36_5580,LINJ_24_1790,5671.A4IC77,5671.E9AH79,0.173
3876,LMPK,LINJ_24_0260,5671.A4ICA4,5671.E9AH38,0.071
3877,LMPK,LINJ_36_2310,5671.A4ICA4,5671.A4IDJ2,0.078
3878,LMPK,MKK5,5671.A4ICA4,5671.A4ICP8,0.071
3879,LMPK,LINJ_36_5610,5671.A4ICA4,5671.A4IDV1,0.108
3880,PDI-2,LACK1,5671.A4ICD5,5671.P62884,0.318
3881,PDI-2,LINJ_36_5410,5671.A4ICD5,5671.A4IDU0,0.481
3882,PDI-2,LINJ_31_2720,5671.A4ICD5,5671.E9AHL8,0.067
3883,LINJ_36_2850,DHFR-TS,5671.A4ICH8,5671.Q8MQV3,0.564
3884,LINJ_36_1420,LINJ_19_0150,5671.A4ICJ9,5671.E9AGR8,0.071
3885,LINJ_36_1420,LINJ_24_0130,5671.A4ICJ9,5671.E9AH25,0.172
3886,LINJ_36_1420,LINJ_33_2520,5671.A4ICJ9,5671.E9AHQ7,0.104
3887,LINJ_36_1420,HSP83,5671.A4ICJ9,5671.E9AHM8,0.104
3888,LINJ_36_1420,HSP83-2,5671.A4ICJ9,5671.E9AHM9,0.104
3889,LINJ_36_1420,LINJ_36_1730,5671.A4ICJ9,5671.A4IDD6,0.049
3894,LINJ_36_0970,LINJ_36_5610,5671.A4ICP3,5671.A4IDV1,0.059
3895,LINJ_36_0970,LINJ_36_2310,5671.A4ICP3,5671.A4IDJ2,0.059
3896,LINJ_36_0970,MKK5,5671.A4ICP3,5671.A4ICP8,0.125
3897,LINJ_36_0970,LINJ.12.0610,5671.A4ICP3,5671.E9AGF3,0.079
3898,LINJ_36_0970,LINJ_24_0130,5671.A4ICP3,5671.E9AH25,0.107
3899,LINJ_36_0970,LINJ_33_2520,5671.A4ICP3,5671.E9AHQ7,0.074
3900,LINJ_36_0970,HSP83,5671.A4ICP3,5671.E9AHM8,0.074
3901,LINJ_36_0970,HSP83-2,5671.A4ICP3,5671.E9AHM9,0.074
3902,LINJ_36_0970,LINJ_08_1250,5671.A4ICP3,5671.E9AG93,0.131
3903,LINJ_36_0960,LINJ_36_6370,5671.A4ICP4,5671.A4IE23,0.05
3904,MKK5,LINJ_36_5610,5671.A4ICP8,5671.A4IDV1,0.22
3905,MKK5,LINJ_19_0140,5671.A4ICP8,5671.E9AGR7,0.058
3906,MKK5,LINJ_27_2570,5671.A4ICP8,5671.E9AHC6,0.059
3907,MKK5,CRK3,5671.A4ICP8,5671.A4ICT0,0.059
3908,MKK5,LINJ_36_0780,5671.A4ICP8,5671.A4ICR2,0.071
3909,MKK5,LINJ_24_0220,5671.A4ICP8,5671.E9AH34,0.056
3910,LINJ_36_0880,LINJ_24_0130,5671.A4ICQ2,5671.E9AH25,0.071
3911,LINJ_36_0780,LINJ_24_0260,5671.A4ICR2,5671.E9AH38,0.071
3912,LINJ_36_0780,LINJ_36_2310,5671.A4ICR2,5671.A4IDJ2,0.078
3913,LINJ_36_0780,LINJ_36_5610,5671.A4ICR2,5671.A4IDV1,0.108
3915,CRK3,DHFR-TS,5671.A4ICT0,5671.Q8MQV3,0.282
3918,CRK3,LINJ_22_0920,5671.A4ICT0,5671.E9AGZ4,0.047
3919,CRK3,LINJ_36_4020,5671.A4ICT0,5671.A4ID13,0.047
3920,CRK3,LINJ_06_1220,5671.A4ICT0,5671.E9AG71,0.075
3921,CRK3,LINJ_29_1420,5671.A4ICT0,5671.E9AHI7,0.072
3922,CRK3,LINJ_24_0130,5671.A4ICT0,5671.E9AH25,0.071
3923,CRK3,LINJ_24_1790,5671.A4ICT0,5671.E9AH79,0.097
3924,LINJ_36_4020,LINJ_36_4380,5671.A4ID13,5671.A4IE56,0.316
3925,LINJ_36_4020,LINJ_27_2570,5671.A4ID13,5671.E9AHC6,0.047
3926,LINJ_36_4020,LINJ_24_1790,5671.A4ID13,5671.E9AH79,0.103
3927,LINJ_36_4020,LINJ_29_1420,5671.A4ID13,5671.E9AHI7,0.215
3928,LINJ_36_3860,LINJ_24_0130,5671.A4ID29,5671.E9AH25,0.081
3929,LINJ_36_3570,LINJ_36_5410,5671.A4ID56,5671.A4IDU0,0.059
3930,LINJ_36_3570,LINJ_36_1840,5671.A4ID56,5671.A4IDE7,0.072
3931,LINJ_36_3570,DHFR-TS,5671.A4ID56,5671.Q8MQV3,0.42
3933,LINJ_36_1730,LINJ_29_1420,5671.A4IDD6,5671.E9AHI7,0.047
3934,LINJ_36_1730,LINJ_24_0170,5671.A4IDD6,5671.E9AH29,0.049
3935,LINJ_36_1730,LINJ_03_0520,5671.A4IDD6,5671.E9AG43,0.43
3936,LINJ_36_1730,LINJ.12.0190,5671.A4IDD6,5671.E9AGB0,0.401
3937,LINJ_36_1730,91E11,5671.A4IDD6,5671.Q9GNZ8,0.439
3938,LINJ_36_1730,RPT6,5671.A4IDD6,5671.A4IE38,0.443
3939,LINJ_36_1840,LINJ_24_1890,5671.A4IDE7,5671.E9AH89,0.059
3940,LINJ_36_1840,LINJ_19_0960,5671.A4IDE7,5671.E9AGS6,0.089
3941,LINJ_36_1840,LINJ_19_0940,5671.A4IDE7,5671.E9AGS5,0.089
3942,LINJ_36_1840,DHFR-TS,5671.A4IDE7,5671.Q8MQV3,0.574
3943,LINJ_36_1840,LINJ_36_4380,5671.A4IDE7,5671.A4IE56,0.316
3944,LINJ_36_2130,DHFR-TS,5671.A4IDH4,5671.Q8MQV3,0.458
3945,LINJ_36_2130,LINJ_33_2520,5671.A4IDH4,5671.E9AHQ7,0.157
3946,LINJ_36_2130,HSP83,5671.A4IDH4,5671.E9AHM8,0.157
3947,LINJ_36_2130,HSP83-2,5671.A4IDH4,5671.E9AHM9,0.157
3949,LINJ_36_2140,DHFR-TS,5671.A4IDH5,5671.Q8MQV3,0.458
3950,LINJ_36_2140,HSP83-2,5671.A4IDH5,5671.E9AHM9,0.157
3951,LINJ_36_2140,HSP83,5671.A4IDH5,5671.E9AHM8,0.157
3952,LINJ_36_2140,LINJ_33_2520,5671.A4IDH5,5671.E9AHQ7,0.157
3953,LINJ_36_2310,LINJ.12.0671,5671.A4IDJ2,5671.E9AGG9,0.049
3954,LINJ_36_2310,LINJ_36_5610,5671.A4IDJ2,5671.A4IDV1,0.072
3955,LINJ_36_4950,LINJ_33_2520,5671.A4IDQ0,5671.E9AHQ7,0.05
3956,LINJ_36_4950,HSP83-2,5671.A4IDQ0,5671.E9AHM9,0.05
3957,LINJ_36_4950,HSP83,5671.A4IDQ0,5671.E9AHM8,0.05
3958,LINJ_36_4950,DHFR-TS,5671.A4IDQ0,5671.Q8MQV3,0.461
3960,LINJ_36_5410,LINJ_24_1890,5671.A4IDU0,5671.E9AH89,0.059
3961,LINJ_36_5410,LINJ_19_0960,5671.A4IDU0,5671.E9AGS6,0.089
3962,LINJ_36_5410,LINJ_19_0940,5671.A4IDU0,5671.E9AGS5,0.089
3963,LINJ_36_5410,DHFR-TS,5671.A4IDU0,5671.Q8MQV3,0.574
3964,LINJ_36_5410,LINJ_36_4380,5671.A4IDU0,5671.A4IE56,0.316
3965,LINJ_36_5500,DHFR-TS,5671.A4IDU8,5671.Q8MQV3,0.319
3966,LINJ_36_6370,LINJ_24_0220,5671.A4IE23,5671.E9AH34,0.05
3967,LINJ_36_6370,LINJ_24_0130,5671.A4IE23,5671.E9AH25,0.057
3968,TOR1,LINJ_33_2520,5671.A4IE36,5671.E9AHQ7,0.123
3969,TOR1,HSP83,5671.A4IE36,5671.E9AHM8,0.123
3970,TOR1,HSP83-2,5671.A4IE36,5671.E9AHM9,0.123
3974,RPT6,LINJ_24_0130,5671.A4IE38,5671.E9AH25,0.071
3976,RPT6,LINJ_03_0520,5671.A4IE38,5671.E9AG43,0.22
3977,RPT6,LINJ.12.0190,5671.A4IE38,5671.E9AGB0,0.409
3978,RPT6,91E11,5671.A4IE38,5671.Q9GNZ8,0.42
3979,LINJ_36_4380,LINJ_22_0920,5671.A4IE56,5671.E9AGZ4,0.316
3980,LINJ_36_4380,LINJ_24_0130,5671.A4IE56,5671.E9AH25,0.158
3981,LINJ_36_4380,LINJ_19_0960,5671.A4IE56,5671.E9AGS6,0.105
3982,LINJ_36_4380,LINJ_19_0940,5671.A4IE56,5671.E9AGS5,0.105
3983,LINJ_36_4380,LINJ_03_0770,5671.A4IE56,5671.E9AG57,0.434
3984,LINJ_36_4380,LINJ_31_2720,5671.A4IE56,5671.E9AHL8,0.22
3985,LINJ_36_4380,DHFR-TS,5671.A4IE56,5671.Q8MQV3,0.598
3986,LINJ_03_0460,LINJ_03_0520,5671.E9AG37,5671.E9AG43,0.044
3987,LINJ_03_0460,LINJ_24_0260,5671.E9AG37,5671.E9AH38,0.048
3989,LINJ_03_0520,LINJ_21_1330,5671.E9AG43,5671.E9AGX7,0.242
3992,LINJ_03_0520,LINJ_24_0130,5671.E9AG43,5671.E9AH25,0.047
3993,LINJ_03_0520,PGKC,5671.E9AG43,5671.E9AGT9,0.131
3994,LINJ_03_0520,PGKB,5671.E9AG43,5671.E9AGU0,0.131
3996,LINJ_03_0520,91E11,5671.E9AG43,5671.Q9GNZ8,0.315
3997,LINJ_03_0520,LINJ.12.0190,5671.E9AG43,5671.E9AGB0,0.307
3998,LINJ_06_1220,LINJ_19_0140,5671.E9AG71,5671.E9AGR7,0.047
4005,LINJ.12.0190,PGKC,5671.E9AGB0,5671.E9AGT9,0.077
4006,LINJ.12.0190,PGKB,5671.E9AGB0,5671.E9AGU0,0.077
4007,LINJ.12.0190,LINJ_24_0130,5671.E9AGB0,5671.E9AH25,0.047
4009,LINJ.12.0190,91E11,5671.E9AGB0,5671.Q9GNZ8,0.445
4010,LINJ.12.0610,AAH,5671.E9AGF3,5671.E9AHV7,0.427
4011,LINJ.12.0610,HSP83,5671.E9AGF3,5671.E9AHM8,0.217
4012,LINJ.12.0610,HSP83-2,5671.E9AGF3,5671.E9AHM9,0.217
4013,LINJ.12.0610,LINJ_33_2520,5671.E9AGF3,5671.E9AHQ7,0.217
4014,LINJ.12.0671,DHFR-TS,5671.E9AGG9,5671.Q8MQV3,0.463
4015,LINJ.12.0830,LINJ_31_2720,5671.E9AGI7,5671.E9AHL8,0.101
4016,DHODH,DHFR-TS,5671.E9AGN2,5671.Q8MQV3,0.828
4017,LINJ_16_0680,DHFR-TS,5671.E9AGN4,5671.Q8MQV3,0.319
4018,RAB7,LINJ_27_0620,5671.E9AGQ4,5671.E9AHE8,0.05
4019,LINJ_19_0150,LINJ_21_1330,5671.E9AGR8,5671.E9AGX7,0.072
4020,LINJ_19_0150,LINJ_24_0170,5671.E9AGR8,5671.E9AH29,0.071
4021,LINJ_19_0150,LACK1,5671.E9AGR8,5671.P62884,0.046
4022,LINJ_19_0150,DHFR-TS,5671.E9AGR8,5671.Q8MQV3,0.409
4023,PGKC,DHFR-TS,5671.E9AGT9,5671.Q8MQV3,0.592
4025,PGKB,DHFR-TS,5671.E9AGU0,5671.Q8MQV3,0.592
4026,LINJ_21_1330,DHFR-TS,5671.E9AGX7,5671.Q8MQV3,0.458
4027,LINJ_21_1330,LINJ_33_2520,5671.E9AGX7,5671.E9AHQ7,0.201
4028,LINJ_21_1330,HSP83,5671.E9AGX7,5671.E9AHM8,0.201
4029,LINJ_21_1330,HSP83-2,5671.E9AGX7,5671.E9AHM9,0.201
4030,LINJ_21_1330,91E11,5671.E9AGX7,5671.Q9GNZ8,0.252
4031,LINJ_22_0920,LINJ_27_2570,5671.E9AGZ4,5671.E9AHC6,0.047
4032,LINJ_22_0920,LINJ_24_1790,5671.E9AGZ4,5671.E9AH79,0.103
4033,LINJ_22_0920,LINJ_29_1420,5671.E9AGZ4,5671.E9AHI7,0.215
4034,LINJ_24_0130,LINJ_24_0170,5671.E9AH25,5671.E9AH29,0.172
4035,LINJ_24_0130,LINJ_29_1420,5671.E9AH25,5671.E9AHI7,0.057
4036,LINJ_24_0130,LINJ_24_0260,5671.E9AH25,5671.E9AH38,0.095
4037,LINJ_24_0130,LINJ_27_2570,5671.E9AH25,5671.E9AHC6,0.071
4038,LINJ_24_0130,DHFR-TS,5671.E9AH25,5671.Q8MQV3,0.408
4040,LINJ_24_0130,LINJ_24_1790,5671.E9AH25,5671.E9AH79,0.074
4041,LINJ_24_0130,LINJ_33_2520,5671.E9AH25,5671.E9AHQ7,0.261
4042,LINJ_24_0130,HSP83,5671.E9AH25,5671.E9AHM8,0.261
4043,LINJ_24_0130,HSP83-2,5671.E9AH25,5671.E9AHM9,0.261
4044,LINJ_24_0170,HSP83-2,5671.E9AH29,5671.E9AHM9,0.104
4045,LINJ_24_0170,HSP83,5671.E9AH29,5671.E9AHM8,0.104
4046,LINJ_24_0170,LINJ_33_2520,5671.E9AH29,5671.E9AHQ7,0.104
4048,LINJ_24_0260,DHFR-TS,5671.E9AH38,5671.Q8MQV3,0.431
4049,LINJ_24_1790,LACK1,5671.E9AH79,5671.P62884,0.043
4051,LINJ_24_1790,LINJ_28_1910,5671.E9AH79,5671.E9AHG7,0.072
4052,LINJ_24_1790,LINJ_27_2570,5671.E9AH79,5671.E9AHC6,0.097
4053,LINJ_24_1790,LINJ_29_1420,5671.E9AH79,5671.E9AHI7,0.162
4054,LINJ_24_1890,DHFR-TS,5671.E9AH89,5671.Q8MQV3,0.42
4055,LINJ_26_0290,LINJ_31_2720,5671.E9AHB1,5671.E9AHL8,0.101
4056,LINJ_27_2570,DHFR-TS,5671.E9AHC6,5671.Q8MQV3,0.282
4057,LINJ_27_2570,LINJ_29_1420,5671.E9AHC6,5671.E9AHI7,0.072
4058,LINJ_28_1910,LINJ_29_1420,5671.E9AHG7,5671.E9AHI7,0.059
4059,LINJ_28_1910,LINJ_33_2620,5671.E9AHG7,5671.E9AHR7,0.241
4060,LINJ_28_1910,DHFR-TS,5671.E9AHG7,5671.Q8MQV3,0.124
4061,LINJ_29_1420,DHFR-TS,5671.E9AHI7,5671.Q8MQV3,0.111
4062,LINJ_29_1420,91E11,5671.E9AHI7,5671.Q9GNZ8,0.041
4063,LINJ_31_2720,DHFR-TS,5671.E9AHL8,5671.Q8MQV3,0.449
4065,LINJ_33_2620,DHFR-TS,5671.E9AHR7,5671.Q8MQV3,0.575
4066,AAH,DHFR-TS,5671.E9AHV7,5671.Q8MQV3,0.568
4067,cpb,DHFR-TS,5671.Q7K8Z6,5671.Q8MQV3,0.505
4068,SIR2RP1,DHFR-TS,5671.Q8I6E4,5671.Q8MQV3,0.566
4069,DHFR-TS,LINJ_34_3220,5671.Q8MQV3,5671.Q9GPZ9,0.567
