Node_names,degree,eigenvector,closeness,current_flow_closeness,betweeness,cf_betweenness,comm_betweenness,load_centrality,harmonic_centrality,laplacian_centrality,percolation_centrality,second_order_centrality,local_reaching_centrality,participation_coeff
,0.0006464124111182935,8.272578340319567e-34,0.0,0.0,0.0,0.0,0.0,0.0,0.0,0.0,0.0,0.0,0.0006464124111182935,0.0
,0.0003232062055591467,5.84959624233692e-34,0.0,0.0,0.0,0.0,0.0,0.0,0.0,0.0,0.0,0.0,0.0004848093083387201,0.0
,0.0003232062055591467,5.84959624233692e-34,0.0,0.0,0.0,0.0,0.0,0.0,0.0,0.0,0.0,0.0,0.0004848093083387201,0.0
,0.0009696186166774402,2.2519052155909138e-05,0.0,0.0,0.0,0.0,0.0,0.0,0.0,0.0,0.0,0.0,0.18249479278891045,0.0
,0.0019392372333548805,0.0004780905508904061,0.0,0.0,0.0,0.0,0.0,0.0,0.0,0.0,0.0,0.0,0.21386182678199483,0.0
,0.001292824822236587,1.5350372162069746e-06,0.0,0.0,0.0,0.0,0.0,0.0,0.0,0.0,0.0,0.0,0.1532581097707148,0.0
,0.0019392372333548805,0.0001246360373020758,0.0,0.0,0.0,0.0,0.0,0.0,0.0,0.0,0.0,0.0,0.20510640153497298,0.0
,0.0006464124111182935,9.252998474759457e-06,0.0,0.0,0.0,0.0,0.0,0.0,0.0,0.0,0.0,0.0,0.1679070462683908,0.0
,0.001292824822236587,0.00012361785395959118,0.0,0.0,0.0,0.0,0.0,0.0,0.0,0.0,0.0,0.0,0.20362285940017033,0.0
,0.0003232062055591467,4.607525341113919e-06,0.0,0.0,0.0,0.0,0.0,0.0,0.0,0.0,0.0,0.0,0.16675863818720962,0.0
,0.0006464124111182935,4.702687474787084e-06,0.0,0.0,0.0,0.0,0.0,0.0,0.0,0.0,0.0,0.0,0.1679070462683908,0.0
,0.0009696186166774402,9.2594798312197e-06,0.0,0.0,0.0,0.0,0.0,0.0,0.0,0.0,0.0,0.0,0.16804171552070712,0.0
,0.0009696186166774402,0.0001234463630087708,0.0,0.0,0.0,0.0,0.0,0.0,0.0,0.0,0.0,0.0,0.20348819014785402,0.0
,0.0009696186166774402,0.0001234463630087708,0.0,0.0,0.0,0.0,0.0,0.0,0.0,0.0,0.0,0.0,0.20348819014785402,0.0
,0.0006464124111182935,4.702687474787084e-06,0.0,0.0,0.0,0.0,0.0,0.0,0.0,0.0,0.0,0.0,0.1679070462683908,0.0
,0.003878474466709761,0.0011064232537711018,0.0,0.0,0.0,0.0,0.0,0.0,0.0,0.0,0.0,0.0,0.23143731851715046,0.0
,0.005494505494505494,0.002196584891039559,0.0,0.0,0.0,0.0,0.0,0.0,0.0,0.0,0.0,0.0,0.2488338925313715,0.0
,0.0003232062055591467,2.418379811269855e-36,0.0,0.0,0.0,0.0,0.0,0.0,0.0,0.0,0.0,0.0,0.0003232062055591467,0.0
,0.0003232062055591467,2.418379811269855e-36,0.0,0.0,0.0,0.0,0.0,0.0,0.0,0.0,0.0,0.0,0.0003232062055591467,0.0
,0.004848093083387201,0.0029301098622238095,0.0,0.0,0.0,0.0,0.0,0.0,0.0,0.0,0.0,0.0,0.25470572844522427,0.0
,0.0009696186166774402,0.0001508640078830505,0.0,0.0,0.0,0.0,0.0,0.0,0.0,0.0,0.0,0.0,0.204295564379598,0.0
,0.0074337427278603745,0.023090933810808015,0.0,0.0,0.0,0.0,0.0,0.0,0.0,0.0,0.0,0.0,0.2766941391941392,0.0
,0.003232062055591467,0.008794722325859686,0.0,0.0,0.0,0.0,0.0,0.0,0.0,0.0,0.0,0.0,0.24935089420383538,0.0
,0.001292824822236587,0.0002029125718375447,0.0,0.0,0.0,0.0,0.0,0.0,0.0,0.0,0.0,0.0,0.20958114014836704,0.0
,0.003555268261150614,0.008054136656518614,0.0,0.0,0.0,0.0,0.0,0.0,0.0,0.0,0.0,0.0,0.2666989872872226,0.0
,0.0006464124111182935,0.00015065443381634256,0.0,0.0,0.0,0.0,0.0,0.0,0.0,0.0,0.0,0.0,0.20408009357589188,0.0
,0.0009696186166774402,0.004637906877917685,0.0,0.0,0.0,0.0,0.0,0.0,0.0,0.0,0.0,0.0,0.2436628497552867,0.0
,0.002262443438914027,0.0014632307436529596,0.0,0.0,0.0,0.0,0.0,0.0,0.0,0.0,0.0,0.0,0.23421791793640534,0.0
,0.004524886877828054,0.002534257480024773,0.0,0.0,0.0,0.0,0.0,0.0,0.0,0.0,0.0,0.0,0.25580001231261734,0.0
,0.005494505494505494,0.008822475489443309,0.0,0.0,0.0,0.0,0.0,0.0,0.0,0.0,0.0,0.0,0.26179317880998554,0.0
,0.001292824822236587,0.001628140639827817,0.0,0.0,0.0,0.0,0.0,0.0,0.0,0.0,0.0,0.0,0.24230307507618432,0.0
,0.003878474466709761,0.00473188075234117,0.0,0.0,0.0,0.0,0.0,0.0,0.0,0.0,0.0,0.0,0.26647851448271614,0.0
,0.0019392372333548805,0.0005501538460820956,0.0,0.0,0.0,0.0,0.0,0.0,0.0,0.0,0.0,0.0,0.2278407516852895,0.0
,0.006787330316742082,0.008758323718658353,0.0,0.0,0.0,0.0,0.0,0.0,0.0,0.0,0.0,0.0,0.2555072028811525,0.0
,0.003555268261150614,0.005045463252094187,0.0,0.0,0.0,0.0,0.0,0.0,0.0,0.0,0.0,0.0,0.23646843352725705,0.0
,0.0006464124111182935,2.8836592646310163e-05,0.0,0.0,0.0,0.0,0.0,0.0,0.0,0.0,0.0,0.0,0.18199228409312443,0.0
,0.0006464124111182935,2.8836592646310163e-05,0.0,0.0,0.0,0.0,0.0,0.0,0.0,0.0,0.0,0.0,0.18199228409312443,0.0
,0.0029088558500323207,0.0007448737611316201,0.0,0.0,0.0,0.0,0.0,0.0,0.0,0.0,0.0,0.0,0.22716330121792308,0.0
,0.009049773755656108,0.016425951855376993,0.0,0.0,0.0,0.0,0.0,0.0,0.0,0.0,0.0,0.0,0.28792940253024285,0.0
,0.002585649644473174,0.0020825194353868578,0.0,0.0,0.0,0.0,0.0,0.0,0.0,0.0,0.0,0.0,0.24517229968910642,0.0
,0.004524886877828054,0.017187139996669692,0.0,0.0,0.0,0.0,0.0,0.0,0.0,0.0,0.0,0.0,0.2633480315203004,0.0
,0.0016160310277957336,0.001486669256780118,0.0,0.0,0.0,0.0,0.0,0.0,0.0,0.0,0.0,0.0,0.23004624926893835,0.0
,0.009049773755656108,0.012154562820283191,0.0,0.0,0.0,0.0,0.0,0.0,0.0,0.0,0.0,0.0,0.28516445039554283,0.0
,0.009696186166774402,0.02084683194043025,0.0,0.0,0.0,0.0,0.0,0.0,0.0,0.0,0.0,0.0,0.28619101486748544,0.0
,0.003878474466709761,0.005503191302351169,0.0,0.0,0.0,0.0,0.0,0.0,0.0,0.0,0.0,0.0,0.241283821220796,0.0
,0.008726567550096962,0.02231254114402008,0.0,0.0,0.0,0.0,0.0,0.0,0.0,0.0,0.0,0.0,0.2935054791147228,0.0
,0.014544279250161603,0.03593069940234029,0.0,0.0,0.0,0.0,0.0,0.0,0.0,0.0,0.0,0.0,0.310852417890233,0.0
,0.018099547511312215,0.051656130985210554,0.0,0.0,0.0,0.0,0.0,0.0,0.0,0.0,0.0,0.0,0.32498999599839934,0.0
,0.010342598577892695,0.027395441765628307,0.0,0.0,0.0,0.0,0.0,0.0,0.0,0.0,0.0,0.0,0.30125165450795705,0.0
,0.011958629605688428,0.014253914556329867,0.0,0.0,0.0,0.0,0.0,0.0,0.0,0.0,0.0,0.0,0.286609643857543,0.0
,0.007756948933419522,0.014656001083750628,0.0,0.0,0.0,0.0,0.0,0.0,0.0,0.0,0.0,0.0,0.27871033028596054,0.0
,0.011312217194570135,0.0248963896456579,0.0,0.0,0.0,0.0,0.0,0.0,0.0,0.0,0.0,0.0,0.2933542647828362,0.0
,0.0074337427278603745,0.018870529679408145,0.0,0.0,0.0,0.0,0.0,0.0,0.0,0.0,0.0,0.0,0.2866273432449903,0.0
,0.004848093083387201,0.009677164080525096,0.0,0.0,0.0,0.0,0.0,0.0,0.0,0.0,0.0,0.0,0.2549804537199495,0.0
,0.005171299288946348,0.012180903208232433,0.0,0.0,0.0,0.0,0.0,0.0,0.0,0.0,0.0,0.0,0.2643280389078708,0.0
,0.005494505494505494,0.008958018352090601,0.0,0.0,0.0,0.0,0.0,0.0,0.0,0.0,0.0,0.0,0.25075337827438665,0.0
,0.005817711700064641,0.009033501564842786,0.0,0.0,0.0,0.0,0.0,0.0,0.0,0.0,0.0,0.0,0.25225320897589804,0.0
,0.007756948933419522,0.0143974627631431,0.0,0.0,0.0,0.0,0.0,0.0,0.0,0.0,0.0,0.0,0.2682234432234432,0.0
,0.009372979961215255,0.02193922651691801,0.0,0.0,0.0,0.0,0.0,0.0,0.0,0.0,0.0,0.0,0.29543394280789237,0.0
,0.0006464124111182935,0.0013227296768481746,0.0,0.0,0.0,0.0,0.0,0.0,0.0,0.0,0.0,0.0,0.22222440258154544,0.0
,0.010989010989010988,0.012357115860868108,0.0,0.0,0.0,0.0,0.0,0.0,0.0,0.0,0.0,0.0,0.27993582048203897,0.0
,0.004848093083387201,0.005744912972739953,0.0,0.0,0.0,0.0,0.0,0.0,0.0,0.0,0.0,0.0,0.25167797888386123,0.0
,0.007110536522301228,0.008233704871274282,0.0,0.0,0.0,0.0,0.0,0.0,0.0,0.0,0.0,0.0,0.25884584603072,0.0
,0.012281835811247576,0.04503663472835907,0.0,0.0,0.0,0.0,0.0,0.0,0.0,0.0,0.0,0.0,0.30393926801489823,0.0
,0.0003232062055591467,1.292335007464621e-07,0.0,0.0,0.0,0.0,0.0,0.0,0.0,0.0,0.0,0.0,0.1321684384709595,0.0
,0.0006464124111182935,3.4667090953748466e-06,0.0,0.0,0.0,0.0,0.0,0.0,0.0,0.0,0.0,0.0,0.15378665452194865,0.0
,0.0006464124111182935,0.00023734934100199444,0.0,0.0,0.0,0.0,0.0,0.0,0.0,0.0,0.0,0.0,0.2077973497091144,0.0
,0.0009696186166774402,0.0012610864726950036,0.0,0.0,0.0,0.0,0.0,0.0,0.0,0.0,0.0,0.0,0.22858810190742962,0.0
,0.007110536522301228,0.005107538211529478,0.0,0.0,0.0,0.0,0.0,0.0,0.0,0.0,0.0,0.0,0.2691468895250408,0.0
,0.003555268261150614,0.01914575503160493,0.0,0.0,0.0,0.0,0.0,0.0,0.0,0.0,0.0,0.0,0.26959206759626925,0.0
,0.003878474466709761,0.004214578445889707,0.0,0.0,0.0,0.0,0.0,0.0,0.0,0.0,0.0,0.0,0.2558173269307723,0.0
,0.017453135100193924,0.12070576348819241,0.0,0.0,0.0,0.0,0.0,0.0,0.0,0.0,0.0,0.0,0.3223639455782313,0.0
,0.023270846800258566,0.17089759186929543,0.0,0.0,0.0,0.0,0.0,0.0,0.0,0.0,0.0,0.0,0.3320855265182996,0.0
,0.002585649644473174,0.0017643231536689642,0.0,0.0,0.0,0.0,0.0,0.0,0.0,0.0,0.0,0.0,0.22817370537958773,0.0
,0.014221073044602456,0.08556540539341877,0.0,0.0,0.0,0.0,0.0,0.0,0.0,0.0,0.0,0.0,0.30405931603410596,0.0
,0.003232062055591467,0.002245767500416385,0.0,0.0,0.0,0.0,0.0,0.0,0.0,0.0,0.0,0.0,0.25182496075353217,0.0
,0.0009696186166774402,0.0008303512250286642,0.0,0.0,0.0,0.0,0.0,0.0,0.0,0.0,0.0,0.0,0.22355839771806157,0.0
,0.005817711700064641,0.004226692273926463,0.0,0.0,0.0,0.0,0.0,0.0,0.0,0.0,0.0,0.0,0.26207572772698823,0.0
,0.005817711700064641,0.00821809207009618,0.0,0.0,0.0,0.0,0.0,0.0,0.0,0.0,0.0,0.0,0.2552810867936918,0.0
,0.018422753716871364,0.11125429149391079,0.0,0.0,0.0,0.0,0.0,0.0,0.0,0.0,0.0,0.0,0.31999646012251054,0.0
,0.002585649644473174,0.0037341409328068226,0.0,0.0,0.0,0.0,0.0,0.0,0.0,0.0,0.0,0.0,0.25986202173176964,0.0
,0.0029088558500323207,0.006142352743418575,0.0,0.0,0.0,0.0,0.0,0.0,0.0,0.0,0.0,0.0,0.25112237202573334,0.0
,0.009049773755656108,0.011694538867577807,0.0,0.0,0.0,0.0,0.0,0.0,0.0,0.0,0.0,0.0,0.2827546403176655,0.0
,0.0006464124111182935,0.0011517968892861222,0.0,0.0,0.0,0.0,0.0,0.0,0.0,0.0,0.0,0.0,0.21862963133971536,0.0
,0.004201680672268907,0.012042080035875237,0.0,0.0,0.0,0.0,0.0,0.0,0.0,0.0,0.0,0.0,0.27928325176224333,0.0
,0.0074337427278603745,0.0788637317656963,0.0,0.0,0.0,0.0,0.0,0.0,0.0,0.0,0.0,0.0,0.2829820389694339,0.0
,0.004201680672268907,0.013731013850494743,0.0,0.0,0.0,0.0,0.0,0.0,0.0,0.0,0.0,0.0,0.26722111921691755,0.0
,0.0019392372333548805,0.008353348478034334,0.0,0.0,0.0,0.0,0.0,0.0,0.0,0.0,0.0,0.0,0.2586015175300889,0.0
,0.0019392372333548805,0.0003583386356539181,0.0,0.0,0.0,0.0,0.0,0.0,0.0,0.0,0.0,0.0,0.2045025702588728,0.0
,0.0009696186166774402,0.0004015359860247239,0.0,0.0,0.0,0.0,0.0,0.0,0.0,0.0,0.0,0.0,0.20933847898133615,0.0
,0.008080155138978667,0.03823442964556015,0.0,0.0,0.0,0.0,0.0,0.0,0.0,0.0,0.0,0.0,0.28944000677193954,0.0
,0.001292824822236587,0.000985849443038365,0.0,0.0,0.0,0.0,0.0,0.0,0.0,0.0,0.0,0.0,0.22390122715752966,0.0
,0.005171299288946348,0.015495639224275274,0.0,0.0,0.0,0.0,0.0,0.0,0.0,0.0,0.0,0.0,0.2828681472589036,0.0
,0.002262443438914027,0.0041830345214847854,0.0,0.0,0.0,0.0,0.0,0.0,0.0,0.0,0.0,0.0,0.2543359651552929,0.0
,0.003555268261150614,0.0065559679166554774,0.0,0.0,0.0,0.0,0.0,0.0,0.0,0.0,0.0,0.0,0.2622572105765383,0.0
,0.0006464124111182935,0.00021633912751933417,0.0,0.0,0.0,0.0,0.0,0.0,0.0,0.0,0.0,0.0,0.2002434307056156,0.0
,0.003555268261150614,0.005333215969895764,0.0,0.0,0.0,0.0,0.0,0.0,0.0,0.0,0.0,0.0,0.26915496968017977,0.0
,0.006140917905623788,0.016491506059361512,0.0,0.0,0.0,0.0,0.0,0.0,0.0,0.0,0.0,0.0,0.2705151291285745,0.0
,0.019069166127989656,0.04782992784758946,0.0,0.0,0.0,0.0,0.0,0.0,0.0,0.0,0.0,0.0,0.33212785114045623,0.0
,0.005817711700064641,0.02220095722740959,0.0,0.0,0.0,0.0,0.0,0.0,0.0,0.0,0.0,0.0,0.27396150767999505,0.0
,0.003878474466709761,0.009417451006690317,0.0,0.0,0.0,0.0,0.0,0.0,0.0,0.0,0.0,0.0,0.264027149321267,0.0
,0.004201680672268907,0.019418707572451215,0.0,0.0,0.0,0.0,0.0,0.0,0.0,0.0,0.0,0.0,0.2769465478499092,0.0
,0.002585649644473174,0.0022696671439411,0.0,0.0,0.0,0.0,0.0,0.0,0.0,0.0,0.0,0.0,0.24418498168498168,0.0
,0.0019392372333548805,0.0005578395683655354,0.0,0.0,0.0,0.0,0.0,0.0,0.0,0.0,0.0,0.0,0.22344796893116223,0.0
,0.003555268261150614,0.006425563109416548,0.0,0.0,0.0,0.0,0.0,0.0,0.0,0.0,0.0,0.0,0.25643911410718134,0.0
,0.003232062055591467,0.006164606930411465,0.0,0.0,0.0,0.0,0.0,0.0,0.0,0.0,0.0,0.0,0.24334503031982022,0.0
,0.002585649644473174,0.0006194299906230972,0.0,0.0,0.0,0.0,0.0,0.0,0.0,0.0,0.0,0.0,0.225030525030525,0.0
,0.0003232062055591467,2.4676334887616243e-06,0.0,0.0,0.0,0.0,0.0,0.0,0.0,0.0,0.0,0.0,0.1521476539333682,0.0
,0.0006464124111182935,6.620610243645919e-05,0.0,0.0,0.0,0.0,0.0,0.0,0.0,0.0,0.0,0.0,0.18177822411015687,0.0
,0.005817711700064641,0.024764851067249224,0.0,0.0,0.0,0.0,0.0,0.0,0.0,0.0,0.0,0.0,0.27642595499738354,0.0
,0.0003232062055591467,5.84959624233692e-34,0.0,0.0,0.0,0.0,0.0,0.0,0.0,0.0,0.0,0.0,0.0004848093083387201,0.0
,0.0006464124111182935,8.272578340319567e-34,0.0,0.0,0.0,0.0,0.0,0.0,0.0,0.0,0.0,0.0,0.0006464124111182935,0.0
,0.0006464124111182935,0.0002569410678884252,0.0,0.0,0.0,0.0,0.0,0.0,0.0,0.0,0.0,0.0,0.20267735299247905,0.0
,0.0009696186166774402,4.616105218651722e-05,0.0,0.0,0.0,0.0,0.0,0.0,0.0,0.0,0.0,0.0,0.1735589107437847,0.0
,0.0029088558500323207,0.006847368981956725,0.0,0.0,0.0,0.0,0.0,0.0,0.0,0.0,0.0,0.0,0.26037530396774095,0.0
,0.0009696186166774402,7.185687352500337e-05,0.0,0.0,0.0,0.0,0.0,0.0,0.0,0.0,0.0,0.0,0.187543222417172,0.0
,0.0009696186166774402,0.0006204087022105526,0.0,0.0,0.0,0.0,0.0,0.0,0.0,0.0,0.0,0.0,0.21519620668780334,0.0
,0.0006464124111182935,0.0006034603852298462,0.0,0.0,0.0,0.0,0.0,0.0,0.0,0.0,0.0,0.0,0.21798796441653584,0.0
,0.0016160310277957336,0.0007042071319470789,0.0,0.0,0.0,0.0,0.0,0.0,0.0,0.0,0.0,0.0,0.22133866367059643,0.0
,0.002585649644473174,0.0008878311527083431,0.0,0.0,0.0,0.0,0.0,0.0,0.0,0.0,0.0,0.0,0.23465322026246396,0.0
,0.004848093083387201,0.010767337477141278,0.0,0.0,0.0,0.0,0.0,0.0,0.0,0.0,0.0,0.0,0.2764871333148644,0.0
,0.003232062055591467,0.003798926054492236,0.0,0.0,0.0,0.0,0.0,0.0,0.0,0.0,0.0,0.0,0.24219546793076205,0.0
,0.005171299288946348,0.0035652100292613976,0.0,0.0,0.0,0.0,0.0,0.0,0.0,0.0,0.0,0.0,0.24733816603564504,0.0
,0.0016160310277957336,0.0035217063446751668,0.0,0.0,0.0,0.0,0.0,0.0,0.0,0.0,0.0,0.0,0.24255663803983132,0.0
,0.0006464124111182935,9.253734397791062e-05,0.0,0.0,0.0,0.0,0.0,0.0,0.0,0.0,0.0,0.0,0.20086624393347086,0.0
,0.002262443438914027,0.0015839031874892984,0.0,0.0,0.0,0.0,0.0,0.0,0.0,0.0,0.0,0.0,0.23676701449810691,0.0
,0.0016160310277957336,0.0002693408646930499,0.0,0.0,0.0,0.0,0.0,0.0,0.0,0.0,0.0,0.0,0.2097501821241317,0.0
,0.001292824822236587,0.00022264043973919896,0.0,0.0,0.0,0.0,0.0,0.0,0.0,0.0,0.0,0.0,0.21359902935533187,0.0
,0.005494505494505494,0.014430308334575174,0.0,0.0,0.0,0.0,0.0,0.0,0.0,0.0,0.0,0.0,0.28140294579370206,0.0
,0.003232062055591467,0.0034740022112677267,0.0,0.0,0.0,0.0,0.0,0.0,0.0,0.0,0.0,0.0,0.25079339428078923,0.0
,0.020361990950226245,0.08508337568739589,0.0,0.0,0.0,0.0,0.0,0.0,0.0,0.0,0.0,0.0,0.33727414042540094,0.0
,0.0016160310277957336,0.0014802001927347731,0.0,0.0,0.0,0.0,0.0,0.0,0.0,0.0,0.0,0.0,0.2280108197125004,0.0
,0.019069166127989656,0.07733155481010555,0.0,0.0,0.0,0.0,0.0,0.0,0.0,0.0,0.0,0.0,0.3357258287930557,0.0
,0.0029088558500323207,0.0037205332454406503,0.0,0.0,0.0,0.0,0.0,0.0,0.0,0.0,0.0,0.0,0.24679756517991813,0.0
,0.003232062055591467,0.02302956803259147,0.0,0.0,0.0,0.0,0.0,0.0,0.0,0.0,0.0,0.0,0.27051320528211287,0.0
,0.005494505494505494,0.010055820969123198,0.0,0.0,0.0,0.0,0.0,0.0,0.0,0.0,0.0,0.0,0.26871710222550554,0.0
,0.002262443438914027,0.0011243824975447694,0.0,0.0,0.0,0.0,0.0,0.0,0.0,0.0,0.0,0.0,0.2286503062763567,0.0
,0.009372979961215255,0.042988161876036164,0.0,0.0,0.0,0.0,0.0,0.0,0.0,0.0,0.0,0.0,0.29949325884199834,0.0
,0.01971557853910795,0.07049836903147903,0.0,0.0,0.0,0.0,0.0,0.0,0.0,0.0,0.0,0.0,0.3308346415489273,0.0
,0.0019392372333548805,0.0017641187783024176,0.0,0.0,0.0,0.0,0.0,0.0,0.0,0.0,0.0,0.0,0.23213439221842586,0.0
,0.005817711700064641,0.013164605746672449,0.0,0.0,0.0,0.0,0.0,0.0,0.0,0.0,0.0,0.0,0.2729107027426355,0.0
,0.004848093083387201,0.008898903945656325,0.0,0.0,0.0,0.0,0.0,0.0,0.0,0.0,0.0,0.0,0.268066842121464,0.0
,0.004201680672268907,0.011539004245857323,0.0,0.0,0.0,0.0,0.0,0.0,0.0,0.0,0.0,0.0,0.2573075383999754,0.0
,0.006464124111182934,0.013688240532561262,0.0,0.0,0.0,0.0,0.0,0.0,0.0,0.0,0.0,0.0,0.2721165389232616,0.0
,0.0006464124111182935,2.3352254815834007e-05,0.0,0.0,0.0,0.0,0.0,0.0,0.0,0.0,0.0,0.0,0.17938111141892657,0.0
,0.002262443438914027,0.00011553733534764245,0.0,0.0,0.0,0.0,0.0,0.0,0.0,0.0,0.0,0.0,0.21009070294784582,0.0
,0.0009696186166774402,0.0005110140841786824,0.0,0.0,0.0,0.0,0.0,0.0,0.0,0.0,0.0,0.0,0.20638255302120848,0.0
,0.0006464124111182935,9.276316209365616e-05,0.0,0.0,0.0,0.0,0.0,0.0,0.0,0.0,0.0,0.0,0.18367872790141698,0.0
,0.0009696186166774402,9.288775170954088e-05,0.0,0.0,0.0,0.0,0.0,0.0,0.0,0.0,0.0,0.0,0.18389419870512308,0.0
,0.0019392372333548805,0.0023958109559138467,0.0,0.0,0.0,0.0,0.0,0.0,0.0,0.0,0.0,0.0,0.22930107940612143,0.0
,0.002262443438914027,0.00032448605889441335,0.0,0.0,0.0,0.0,0.0,0.0,0.0,0.0,0.0,0.0,0.22026926155077417,0.0
,0.0019392372333548805,0.0002609916666340599,0.0,0.0,0.0,0.0,0.0,0.0,0.0,0.0,0.0,0.0,0.22246206174777602,0.0
,0.001292824822236587,0.00018513516579719236,0.0,0.0,0.0,0.0,0.0,0.0,0.0,0.0,0.0,0.0,0.20619517037584265,0.0
,0.0016160310277957336,0.003971524139895205,0.0,0.0,0.0,0.0,0.0,0.0,0.0,0.0,0.0,0.0,0.2511523840305353,0.0
,0.0016160310277957336,0.00020606312384271875,0.0,0.0,0.0,0.0,0.0,0.0,0.0,0.0,0.0,0.0,0.20675231631113986,0.0
,0.002585649644473174,0.0004043059403511386,0.0,0.0,0.0,0.0,0.0,0.0,0.0,0.0,0.0,0.0,0.2297468987595038,0.0
,0.003232062055591467,0.0019137156357232285,0.0,0.0,0.0,0.0,0.0,0.0,0.0,0.0,0.0,0.0,0.24365284575368606,0.0
,0.001292824822236587,0.000951668954190615,0.0,0.0,0.0,0.0,0.0,0.0,0.0,0.0,0.0,0.0,0.22066454787043022,0.0
,0.0016160310277957336,0.0004662734644296225,0.0,0.0,0.0,0.0,0.0,0.0,0.0,0.0,0.0,0.0,0.218980797447184,0.0
,0.004201680672268907,0.009671442176661046,0.0,0.0,0.0,0.0,0.0,0.0,0.0,0.0,0.0,0.0,0.2611306060885893,0.0
,0.003555268261150614,0.0016652516747267699,0.0,0.0,0.0,0.0,0.0,0.0,0.0,0.0,0.0,0.0,0.24522001108135563,0.0
,0.003555268261150614,0.01373130183563813,0.0,0.0,0.0,0.0,0.0,0.0,0.0,0.0,0.0,0.0,0.26856781174008065,0.0
,0.008403361344537815,0.006057415931653555,0.0,0.0,0.0,0.0,0.0,0.0,0.0,0.0,0.0,0.0,0.27220542062979036,0.0
,0.008726567550096962,0.009305321097425304,0.0,0.0,0.0,0.0,0.0,0.0,0.0,0.0,0.0,0.0,0.2788072921476283,0.0
,0.006464124111182934,0.009889952304521537,0.0,0.0,0.0,0.0,0.0,0.0,0.0,0.0,0.0,0.0,0.28142295379690335,0.0
,0.004848093083387201,0.0048780483186400495,0.0,0.0,0.0,0.0,0.0,0.0,0.0,0.0,0.0,0.0,0.265532366792871,0.0
,0.008403361344537815,0.01132858789898147,0.0,0.0,0.0,0.0,0.0,0.0,0.0,0.0,0.0,0.0,0.28795941453504476,0.0
,0.001292824822236587,0.0008419655428974605,0.0,0.0,0.0,0.0,0.0,0.0,0.0,0.0,0.0,0.0,0.22968648998060762,0.0
,0.001292824822236587,0.0013380969205021023,0.0,0.0,0.0,0.0,0.0,0.0,0.0,0.0,0.0,0.0,0.23431334072090376,0.0
,0.001292824822236587,0.0008419655428974605,0.0,0.0,0.0,0.0,0.0,0.0,0.0,0.0,0.0,0.0,0.22968648998060762,0.0
,0.009049773755656108,0.018125802527865366,0.0,0.0,0.0,0.0,0.0,0.0,0.0,0.0,0.0,0.0,0.29346161541539695,0.0
,0.007756948933419522,0.01865347173647226,0.0,0.0,0.0,0.0,0.0,0.0,0.0,0.0,0.0,0.0,0.2947605965463108,0.0
,0.0019392372333548805,0.0009638471454681742,0.0,0.0,0.0,0.0,0.0,0.0,0.0,0.0,0.0,0.0,0.2363061891423236,0.0
,0.0074337427278603745,0.008619514306791847,0.0,0.0,0.0,0.0,0.0,0.0,0.0,0.0,0.0,0.0,0.27240242250746455,0.0
,0.001292824822236587,0.0005019781406883783,0.0,0.0,0.0,0.0,0.0,0.0,0.0,0.0,0.0,0.0,0.21323696145124718,0.0
,0.0029088558500323207,0.0007535868326200689,0.0,0.0,0.0,0.0,0.0,0.0,0.0,0.0,0.0,0.0,0.22756076789690233,0.0
,0.0016160310277957336,0.0007774797486580428,0.0,0.0,0.0,0.0,0.0,0.0,0.0,0.0,0.0,0.0,0.22267111972994327,0.0
,0.002262443438914027,0.016053249621911153,0.0,0.0,0.0,0.0,0.0,0.0,0.0,0.0,0.0,0.0,0.2755309816234186,0.0
,0.004524886877828054,0.001358966408602445,0.0,0.0,0.0,0.0,0.0,0.0,0.0,0.0,0.0,0.0,0.24420088548239807,0.0
,0.0009696186166774402,0.0013144023073045567,0.0,0.0,0.0,0.0,0.0,0.0,0.0,0.0,0.0,0.0,0.23300743374272784,0.0
,0.0029088558500323207,0.0014380000323985372,0.0,0.0,0.0,0.0,0.0,0.0,0.0,0.0,0.0,0.0,0.24217263828608365,0.0
,0.002585649644473174,0.0025735934102369576,0.0,0.0,0.0,0.0,0.0,0.0,0.0,0.0,0.0,0.0,0.2329444598352161,0.0
,0.006464124111182934,0.008668241426227238,0.0,0.0,0.0,0.0,0.0,0.0,0.0,0.0,0.0,0.0,0.2681707298303937,0.0
,0.012281835811247576,0.01773134131556658,0.0,0.0,0.0,0.0,0.0,0.0,0.0,0.0,0.0,0.0,0.2971115369224613,0.0
,0.004524886877828054,0.007082880445476514,0.0,0.0,0.0,0.0,0.0,0.0,0.0,0.0,0.0,0.0,0.2671785380818994,0.0
,0.005171299288946348,0.0036214641136880555,0.0,0.0,0.0,0.0,0.0,0.0,0.0,0.0,0.0,0.0,0.26548273155416013,0.0
,0.001292824822236587,0.003128908511463207,0.0,0.0,0.0,0.0,0.0,0.0,0.0,0.0,0.0,0.0,0.24971116651788922,0.0
,0.0009696186166774402,0.0005012808483946901,0.0,0.0,0.0,0.0,0.0,0.0,0.0,0.0,0.0,0.0,0.21302149064754106,0.0
,0.006464124111182934,0.012240839791311938,0.0,0.0,0.0,0.0,0.0,0.0,0.0,0.0,0.0,0.0,0.27825668729030073,0.0
,0.002262443438914027,0.006818392973339677,0.0,0.0,0.0,0.0,0.0,0.0,0.0,0.0,0.0,0.0,0.25802359405300584,0.0
,0.005171299288946348,0.007557481182236491,0.0,0.0,0.0,0.0,0.0,0.0,0.0,0.0,0.0,0.0,0.27063864007141314,0.0
,0.003232062055591467,0.000986879839482864,0.0,0.0,0.0,0.0,0.0,0.0,0.0,0.0,0.0,0.0,0.23285814325730292,0.0
,0.003555268261150614,0.0005769156375092325,0.0,0.0,0.0,0.0,0.0,0.0,0.0,0.0,0.0,0.0,0.23974128112783574,0.0
,0.002585649644473174,0.001228254031151026,0.0,0.0,0.0,0.0,0.0,0.0,0.0,0.0,0.0,0.0,0.2449876104287869,0.0
,0.0006464124111182935,5.611418139824757e-05,0.0,0.0,0.0,0.0,0.0,0.0,0.0,0.0,0.0,0.0,0.1946361878084567,0.0
,0.0016160310277957336,0.00030819514326409464,0.0,0.0,0.0,0.0,0.0,0.0,0.0,0.0,0.0,0.0,0.2200149290485425,0.0
,0.0019392372333548805,0.00119731959916767,0.0,0.0,0.0,0.0,0.0,0.0,0.0,0.0,0.0,0.0,0.2389136423800289,0.0
,0.0016160310277957336,0.0006171171852304351,0.0,0.0,0.0,0.0,0.0,0.0,0.0,0.0,0.0,0.0,0.22500346292363102,0.0
,0.0006464124111182935,6.343577102753783e-05,0.0,0.0,0.0,0.0,0.0,0.0,0.0,0.0,0.0,0.0,0.18536914765906362,0.0
,0.005171299288946348,0.012620892996630512,0.0,0.0,0.0,0.0,0.0,0.0,0.0,0.0,0.0,0.0,0.26499946132299074,0.0
,0.0006464124111182935,4.397727442224882e-05,0.0,0.0,0.0,0.0,0.0,0.0,0.0,0.0,0.0,0.0,0.18813679317881,0.0
,0.004848093083387201,0.0027107225597230123,0.0,0.0,0.0,0.0,0.0,0.0,0.0,0.0,0.0,0.0,0.2527145473574045,0.0
,0.003878474466709761,0.0011206767879609484,0.0,0.0,0.0,0.0,0.0,0.0,0.0,0.0,0.0,0.0,0.2449306645735217,0.0
,0.002262443438914027,0.004990481629993732,0.0,0.0,0.0,0.0,0.0,0.0,0.0,0.0,0.0,0.0,0.247856835041709,0.0
,0.003878474466709761,0.00127214931989871,0.0,0.0,0.0,0.0,0.0,0.0,0.0,0.0,0.0,0.0,0.24082491971147432,0.0
,0.004524886877828054,0.011784924546364615,0.0,0.0,0.0,0.0,0.0,0.0,0.0,0.0,0.0,0.0,0.27390763997906853,0.0
,0.004524886877828054,0.012136215158062685,0.0,0.0,0.0,0.0,0.0,0.0,0.0,0.0,0.0,0.0,0.2732773878782282,0.0
,0.002585649644473174,0.004319656092234155,0.0,0.0,0.0,0.0,0.0,0.0,0.0,0.0,0.0,0.0,0.255292501616031,0.0
,0.0003232062055591467,0.00016098736827875555,0.0,0.0,0.0,0.0,0.0,0.0,0.0,0.0,0.0,0.0,0.1994633750936272,0.0
,0.002585649644473174,0.0022325660922214705,0.0,0.0,0.0,0.0,0.0,0.0,0.0,0.0,0.0,0.0,0.24640779388678546,0.0
,0.0029088558500323207,0.0015186203454848938,0.0,0.0,0.0,0.0,0.0,0.0,0.0,0.0,0.0,0.0,0.23822913780896973,0.0
,0.004524886877828054,0.0026745896921123035,0.0,0.0,0.0,0.0,0.0,0.0,0.0,0.0,0.0,0.0,0.24412162300817764,0.0
,0.0019392372333548805,0.0014498835744645444,0.0,0.0,0.0,0.0,0.0,0.0,0.0,0.0,0.0,0.0,0.22698823118991188,0.0
,0.004524886877828054,0.020274520003924015,0.0,0.0,0.0,0.0,0.0,0.0,0.0,0.0,0.0,0.0,0.28367847138855545,0.0
,0.0029088558500323207,0.0035100030264966545,0.0,0.0,0.0,0.0,0.0,0.0,0.0,0.0,0.0,0.0,0.2536172161172161,0.0
,0.0029088558500323207,0.002428058629323881,0.0,0.0,0.0,0.0,0.0,0.0,0.0,0.0,0.0,0.0,0.25145211930926215,0.0
,0.002262443438914027,0.0011418869226407743,0.0,0.0,0.0,0.0,0.0,0.0,0.0,0.0,0.0,0.0,0.23395627481761935,0.0
,0.010989010989010988,0.0630360077525227,0.0,0.0,0.0,0.0,0.0,0.0,0.0,0.0,0.0,0.0,0.317292301535999,0.0
,0.002585649644473174,0.007871359658125408,0.0,0.0,0.0,0.0,0.0,0.0,0.0,0.0,0.0,0.0,0.2595411241419645,0.0
,0.0009696186166774402,0.001668089013552426,0.0,0.0,0.0,0.0,0.0,0.0,0.0,0.0,0.0,0.0,0.22659191881880958,0.0
,0.001292824822236587,0.001904468743154173,0.0,0.0,0.0,0.0,0.0,0.0,0.0,0.0,0.0,0.0,0.23096982382696668,0.0
,0.0019392372333548805,0.0007287216610609284,0.0,0.0,0.0,0.0,0.0,0.0,0.0,0.0,0.0,0.0,0.22014459630005848,0.0
,0.003555268261150614,0.0027913260817855503,0.0,0.0,0.0,0.0,0.0,0.0,0.0,0.0,0.0,0.0,0.24669098408594206,0.0
,0.003232062055591467,0.0010623773242853594,0.0,0.0,0.0,0.0,0.0,0.0,0.0,0.0,0.0,0.0,0.2466271123834149,0.0
,0.0029088558500323207,0.0014818844681680498,0.0,0.0,0.0,0.0,0.0,0.0,0.0,0.0,0.0,0.0,0.24188059839320342,0.0
,0.0016160310277957336,0.0012766493334291694,0.0,0.0,0.0,0.0,0.0,0.0,0.0,0.0,0.0,0.0,0.24061547696001476,0.0
,0.0019392372333548805,0.000521887145695256,0.0,0.0,0.0,0.0,0.0,0.0,0.0,0.0,0.0,0.0,0.22702888847846833,0.0
,0.0016160310277957336,0.00026300180726513783,0.0,0.0,0.0,0.0,0.0,0.0,0.0,0.0,0.0,0.0,0.22015011132658194,0.0
,0.0006464124111182935,0.00010731707172510465,0.0,0.0,0.0,0.0,0.0,0.0,0.0,0.0,0.0,0.0,0.20188472825027448,0.0
,0.0029088558500323207,0.0011277101224388788,0.0,0.0,0.0,0.0,0.0,0.0,0.0,0.0,0.0,0.0,0.23773432449903037,0.0
,0.003878474466709761,0.0016756692343447054,0.0,0.0,0.0,0.0,0.0,0.0,0.0,0.0,0.0,0.0,0.24797893516380912,0.0
,0.0074337427278603745,0.010393686044905105,0.0,0.0,0.0,0.0,0.0,0.0,0.0,0.0,0.0,0.0,0.2866334995536676,0.0
,0.003232062055591467,0.0016888223432350942,0.0,0.0,0.0,0.0,0.0,0.0,0.0,0.0,0.0,0.0,0.25213893249607533,0.0
,0.003232062055591467,0.009968344050184888,0.0,0.0,0.0,0.0,0.0,0.0,0.0,0.0,0.0,0.0,0.27110267183796594,0.0
,0.003555268261150614,0.002246009011656889,0.0,0.0,0.0,0.0,0.0,0.0,0.0,0.0,0.0,0.0,0.2461058782487354,0.0
,0.001292824822236587,0.005940163885681992,0.0,0.0,0.0,0.0,0.0,0.0,0.0,0.0,0.0,0.0,0.22655074850453,0.0
,0.007110536522301228,0.007102903817391772,0.0,0.0,0.0,0.0,0.0,0.0,0.0,0.0,0.0,0.0,0.27882576107366025,0.0
,0.0016160310277957336,0.000966992223475955,0.0,0.0,0.0,0.0,0.0,0.0,0.0,0.0,0.0,0.0,0.23368847539015605,0.0
,0.004201680672268907,0.0028443884807477096,0.0,0.0,0.0,0.0,0.0,0.0,0.0,0.0,0.0,0.0,0.2601213562348016,0.0
,0.002262443438914027,0.0004661846652951928,0.0,0.0,0.0,0.0,0.0,0.0,0.0,0.0,0.0,0.0,0.21794807666656404,0.0
,0.005494505494505494,0.029651183420334896,0.0,0.0,0.0,0.0,0.0,0.0,0.0,0.0,0.0,0.0,0.27867724012681994,0.0
,0.004524886877828054,0.0030772301140445583,0.0,0.0,0.0,0.0,0.0,0.0,0.0,0.0,0.0,0.0,0.244118544853839,0.0
,0.0029088558500323207,0.004453911267787535,0.0,0.0,0.0,0.0,0.0,0.0,0.0,0.0,0.0,0.0,0.2332642031171443,0.0
,0.004848093083387201,0.009273851303633118,0.0,0.0,0.0,0.0,0.0,0.0,0.0,0.0,0.0,0.0,0.2730857727706467,0.0
,0.0074337427278603745,0.027144182051516932,0.0,0.0,0.0,0.0,0.0,0.0,0.0,0.0,0.0,0.0,0.2808781204789608,0.0
,0.003878474466709761,0.005551770867603964,0.0,0.0,0.0,0.0,0.0,0.0,0.0,0.0,0.0,0.0,0.24656131683442606,0.0
,0.008080155138978667,0.02809093262651867,0.0,0.0,0.0,0.0,0.0,0.0,0.0,0.0,0.0,0.0,0.2842471604026226,0.0
,0.0029088558500323207,0.0029016424807836024,0.0,0.0,0.0,0.0,0.0,0.0,0.0,0.0,0.0,0.0,0.24102063902484072,0.0
,0.011958629605688428,0.03162606216592648,0.0,0.0,0.0,0.0,0.0,0.0,0.0,0.0,0.0,0.0,0.29888493859082094,0.0
,0.004201680672268907,0.005721713722649354,0.0,0.0,0.0,0.0,0.0,0.0,0.0,0.0,0.0,0.0,0.2542120694431619,0.0
,0.005494505494505494,0.0033928392187267615,0.0,0.0,0.0,0.0,0.0,0.0,0.0,0.0,0.0,0.0,0.2620371225413242,0.0
,0.005171299288946348,0.007582347457912808,0.0,0.0,0.0,0.0,0.0,0.0,0.0,0.0,0.0,0.0,0.2603495244251547,0.0
,0.008403361344537815,0.027549201289580025,0.0,0.0,0.0,0.0,0.0,0.0,0.0,0.0,0.0,0.0,0.28089081786560777,0.0
,0.02068519715578539,0.04263320433687187,0.0,0.0,0.0,0.0,0.0,0.0,0.0,0.0,0.0,0.0,0.3290039092560101,0.0
,0.0016160310277957336,0.0007319843417197899,0.0,0.0,0.0,0.0,0.0,0.0,0.0,0.0,0.0,0.0,0.23405593006433345,0.0
,0.007110536522301228,0.00460942509536686,0.0,0.0,0.0,0.0,0.0,0.0,0.0,0.0,0.0,0.0,0.2579539508110937,0.0
,0.004524886877828054,0.007828954293861936,0.0,0.0,0.0,0.0,0.0,0.0,0.0,0.0,0.0,0.0,0.25773116939083324,0.0
,0.003878474466709761,0.005634771941040479,0.0,0.0,0.0,0.0,0.0,0.0,0.0,0.0,0.0,0.0,0.24755440637793577,0.0
,0.003232062055591467,0.00635691972718323,0.0,0.0,0.0,0.0,0.0,0.0,0.0,0.0,0.0,0.0,0.256938929417921,0.0
,0.0006464124111182935,0.0002372254582699003,0.0,0.0,0.0,0.0,0.0,0.0,0.0,0.0,0.0,0.0,0.20061152666194684,0.0
,0.012605042016806723,0.030260291734765698,0.0,0.0,0.0,0.0,0.0,0.0,0.0,0.0,0.0,0.0,0.32029080863114473,0.0
,0.0029088558500323207,0.001272181081175783,0.0,0.0,0.0,0.0,0.0,0.0,0.0,0.0,0.0,0.0,0.22327251413385868,0.0
,0.005171299288946348,0.0022637563776744746,0.0,0.0,0.0,0.0,0.0,0.0,0.0,0.0,0.0,0.0,0.2474139655862345,0.0
,0.0029088558500323207,0.005399201690306376,0.0,0.0,0.0,0.0,0.0,0.0,0.0,0.0,0.0,0.0,0.23399936897836057,0.0
,0.0029088558500323207,0.005190335462727363,0.0,0.0,0.0,0.0,0.0,0.0,0.0,0.0,0.0,0.0,0.23618870625173144,0.0
,0.003878474466709761,0.006393834913650051,0.0,0.0,0.0,0.0,0.0,0.0,0.0,0.0,0.0,0.0,0.25106465663188354,0.0
,0.002585649644473174,0.0010372220838494152,0.0,0.0,0.0,0.0,0.0,0.0,0.0,0.0,0.0,0.0,0.23010717107355763,0.0
,0.004201680672268907,0.006603001516507579,0.0,0.0,0.0,0.0,0.0,0.0,0.0,0.0,0.0,0.0,0.2514505802320928,0.0
,0.0016160310277957336,0.0002228731387029589,0.0,0.0,0.0,0.0,0.0,0.0,0.0,0.0,0.0,0.0,0.20761394301310268,0.0
,0.004524886877828054,0.0065497112620778175,0.0,0.0,0.0,0.0,0.0,0.0,0.0,0.0,0.0,0.0,0.25349947671376244,0.0
,0.0003232062055591467,5.6229351767221605e-06,0.0,0.0,0.0,0.0,0.0,0.0,0.0,0.0,0.0,0.0,0.16733513918387868,0.0
,0.0016160310277957336,0.0007672954973940891,0.0,0.0,0.0,0.0,0.0,0.0,0.0,0.0,0.0,0.0,0.22735645540267388,0.0
,0.002585649644473174,0.0018464614419012207,0.0,0.0,0.0,0.0,0.0,0.0,0.0,0.0,0.0,0.0,0.23468387354941975,0.0
,0.0029088558500323207,0.0004233104763899382,0.0,0.0,0.0,0.0,0.0,0.0,0.0,0.0,0.0,0.0,0.21896078944398273,0.0
,0.0009696186166774402,0.0001445190512717643,0.0,0.0,0.0,0.0,0.0,0.0,0.0,0.0,0.0,0.0,0.20144506520556943,0.0
,0.0009696186166774402,4.655775138799138e-05,0.0,0.0,0.0,0.0,0.0,0.0,0.0,0.0,0.0,0.0,0.19128689937513468,0.0
,0.005171299288946348,0.0064073148717643195,0.0,0.0,0.0,0.0,0.0,0.0,0.0,0.0,0.0,0.0,0.26234801612952874,0.0
,0.006464124111182934,0.008716960151605349,0.0,0.0,0.0,0.0,0.0,0.0,0.0,0.0,0.0,0.0,0.2693839074091175,0.0
,0.004524886877828054,0.024541430235395373,0.0,0.0,0.0,0.0,0.0,0.0,0.0,0.0,0.0,0.0,0.26551197402037735,0.0
,0.004524886877828054,0.001474664042574887,0.0,0.0,0.0,0.0,0.0,0.0,0.0,0.0,0.0,0.0,0.25829139348046914,0.0
,0.0003232062055591467,5.9035826134871504e-05,0.0,0.0,0.0,0.0,0.0,0.0,0.0,0.0,0.0,0.0,0.1880689455269287,0.0
,0.001292824822236587,0.0004198457428300934,0.0,0.0,0.0,0.0,0.0,0.0,0.0,0.0,0.0,0.0,0.21631845045710593,0.0
,0.004848093083387201,0.04038080240988526,0.0,0.0,0.0,0.0,0.0,0.0,0.0,0.0,0.0,0.0,0.2841863668544341,0.0
,0.003878474466709761,0.003542123629912135,0.0,0.0,0.0,0.0,0.0,0.0,0.0,0.0,0.0,0.0,0.2472650598701019,0.0
,0.020038784744667096,0.1494861343635301,0.0,0.0,0.0,0.0,0.0,0.0,0.0,0.0,0.0,0.0,0.33078885400313973,0.0
,0.003555268261150614,0.004635339379694898,0.0,0.0,0.0,0.0,0.0,0.0,0.0,0.0,0.0,0.0,0.25238762171535284,0.0
,0.019392372333548805,0.13698124315100166,0.0,0.0,0.0,0.0,0.0,0.0,0.0,0.0,0.0,0.0,0.3287180256718072,0.0
,0.009696186166774402,0.07433349372822594,0.0,0.0,0.0,0.0,0.0,0.0,0.0,0.0,0.0,0.0,0.29212415735524977,0.0
,0.0029088558500323207,0.006264051244114323,0.0,0.0,0.0,0.0,0.0,0.0,0.0,0.0,0.0,0.0,0.2628663003663004,0.0
,0.002585649644473174,0.001977518852723144,0.0,0.0,0.0,0.0,0.0,0.0,0.0,0.0,0.0,0.0,0.24065485168426345,0.0
,0.025856496444731737,0.10778135710790925,0.0,0.0,0.0,0.0,0.0,0.0,0.0,0.0,0.0,0.0,0.3458067842521624,0.0
,0.02165481577246283,0.15896569823370021,0.0,0.0,0.0,0.0,0.0,0.0,0.0,0.0,0.0,0.0,0.3270827561793948,0.0
,0.002262443438914027,0.0018993990000687761,0.0,0.0,0.0,0.0,0.0,0.0,0.0,0.0,0.0,0.0,0.2312703286442782,0.0
,0.006464124111182934,0.04961542142412889,0.0,0.0,0.0,0.0,0.0,0.0,0.0,0.0,0.0,0.0,0.27846754086249886,0.0
,0.0029088558500323207,0.006264051244114323,0.0,0.0,0.0,0.0,0.0,0.0,0.0,0.0,0.0,0.0,0.2628663003663004,0.0
,0.02068519715578539,0.16127721528764066,0.0,0.0,0.0,0.0,0.0,0.0,0.0,0.0,0.0,0.0,0.3308696555545295,0.0
,0.005494505494505494,0.049469254392943446,0.0,0.0,0.0,0.0,0.0,0.0,0.0,0.0,0.0,0.0,0.27931518761350693,0.0
,0.0019392372333548805,0.0007223143910360999,0.0,0.0,0.0,0.0,0.0,0.0,0.0,0.0,0.0,0.0,0.2410588594412124,0.0
,0.003555268261150614,0.0005856219306949809,0.0,0.0,0.0,0.0,0.0,0.0,0.0,0.0,0.0,0.0,0.230601984383497,0.0
,0.002585649644473174,0.0015855784435171725,0.0,0.0,0.0,0.0,0.0,0.0,0.0,0.0,0.0,0.0,0.2444031458737341,0.0
,0.003878474466709761,0.0011881995306803682,0.0,0.0,0.0,0.0,0.0,0.0,0.0,0.0,0.0,0.0,0.24780771282872124,0.0
,0.0009696186166774402,0.0011858219129156212,0.0,0.0,0.0,0.0,0.0,0.0,0.0,0.0,0.0,0.0,0.22844265911492803,0.0
,0.002585649644473174,0.0021527794382648464,0.0,0.0,0.0,0.0,0.0,0.0,0.0,0.0,0.0,0.0,0.23554306337919784,0.0
,0.004201680672268907,0.014850698575737904,0.0,0.0,0.0,0.0,0.0,0.0,0.0,0.0,0.0,0.0,0.28339682026656815,0.0
,0.004201680672268907,0.014814774910906017,0.0,0.0,0.0,0.0,0.0,0.0,0.0,0.0,0.0,0.0,0.2837315695508973,0.0
,0.0009696186166774402,0.001353495633942618,0.0,0.0,0.0,0.0,0.0,0.0,0.0,0.0,0.0,0.0,0.22486366341408356,0.0
,0.008403361344537815,0.022729013445516644,0.0,0.0,0.0,0.0,0.0,0.0,0.0,0.0,0.0,0.0,0.2824268168805984,0.0
,0.0029088558500323207,0.0012285204563173189,0.0,0.0,0.0,0.0,0.0,0.0,0.0,0.0,0.0,0.0,0.2329067524445676,0.0
,0.002585649644473174,0.0056495872043253546,0.0,0.0,0.0,0.0,0.0,0.0,0.0,0.0,0.0,0.0,0.2580489888262998,0.0
,0.0016160310277957336,0.00030215868417744757,0.0,0.0,0.0,0.0,0.0,0.0,0.0,0.0,0.0,0.0,0.20740501328736624,0.0
,0.005171299288946348,0.006681880940840419,0.0,0.0,0.0,0.0,0.0,0.0,0.0,0.0,0.0,0.0,0.2645358143257303,0.0
,0.0009696186166774402,0.0002637811902543968,0.0,0.0,0.0,0.0,0.0,0.0,0.0,0.0,0.0,0.0,0.20226334123392947,0.0
,0.0009696186166774402,0.0003312561062754623,0.0,0.0,0.0,0.0,0.0,0.0,0.0,0.0,0.0,0.0,0.20654543868829583,0.0
,0.004848093083387201,0.006377630546829995,0.0,0.0,0.0,0.0,0.0,0.0,0.0,0.0,0.0,0.0,0.26177240126819956,0.0
,0.0003232062055591467,0.00021055210356101122,0.0,0.0,0.0,0.0,0.0,0.0,0.0,0.0,0.0,0.0,0.20104362257723604,0.0
,0.001292824822236587,0.0010281582281095078,0.0,0.0,0.0,0.0,0.0,0.0,0.0,0.0,0.0,0.0,0.22746957757461958,0.0
,0.008080155138978667,0.02213051809278152,0.0,0.0,0.0,0.0,0.0,0.0,0.0,0.0,0.0,0.0,0.2946343922184258,0.0
,0.0019392372333548805,0.0010956947982916042,0.0,0.0,0.0,0.0,0.0,0.0,0.0,0.0,0.0,0.0,0.20429466658458253,0.0
,0.003232062055591467,0.0034561964997534547,0.0,0.0,0.0,0.0,0.0,0.0,0.0,0.0,0.0,0.0,0.24708190968695168,0.0
,0.0009696186166774402,0.0009039857119548418,0.0,0.0,0.0,0.0,0.0,0.0,0.0,0.0,0.0,0.0,0.22323519151250243,0.0
,0.003878474466709761,0.016863906060100742,0.0,0.0,0.0,0.0,0.0,0.0,0.0,0.0,0.0,0.0,0.2629801920768307,0.0
,0.004848093083387201,0.02180092249391169,0.0,0.0,0.0,0.0,0.0,0.0,0.0,0.0,0.0,0.0,0.2767145319666328,0.0
,0.007756948933419522,0.03051818047284727,0.0,0.0,0.0,0.0,0.0,0.0,0.0,0.0,0.0,0.0,0.28279888878628373,0.0
,0.010665804783451843,0.07765148250658054,0.0,0.0,0.0,0.0,0.0,0.0,0.0,0.0,0.0,0.0,0.3136727768030289,0.0
,0.011958629605688428,0.08716059467435405,0.0,0.0,0.0,0.0,0.0,0.0,0.0,0.0,0.0,0.0,0.31670014159509957,0.0
,0.005171299288946348,0.019649935692479085,0.0,0.0,0.0,0.0,0.0,0.0,0.0,0.0,0.0,0.0,0.278655308277157,0.0
,0.005494505494505494,0.006296276883354276,0.0,0.0,0.0,0.0,0.0,0.0,0.0,0.0,0.0,0.0,0.2542420814479638,0.0
,0.0074337427278603745,0.012881142474996755,0.0,0.0,0.0,0.0,0.0,0.0,0.0,0.0,0.0,0.0,0.27273255456028567,0.0
,0.0074337427278603745,0.05961082118224908,0.0,0.0,0.0,0.0,0.0,0.0,0.0,0.0,0.0,0.0,0.2898801828423677,0.0
,0.004524886877828054,0.01876108343910865,0.0,0.0,0.0,0.0,0.0,0.0,0.0,0.0,0.0,0.0,0.27753793825222395,0.0
,0.010019392372333548,0.08599794152017164,0.0,0.0,0.0,0.0,0.0,0.0,0.0,0.0,0.0,0.0,0.29763867085295653,0.0
,0.004848093083387201,0.014852467297952903,0.0,0.0,0.0,0.0,0.0,0.0,0.0,0.0,0.0,0.0,0.25687274909963986,0.0
,0.006464124111182934,0.017386251474321924,0.0,0.0,0.0,0.0,0.0,0.0,0.0,0.0,0.0,0.0,0.2692934866254194,0.0
,0.012928248222365869,0.06077645935338146,0.0,0.0,0.0,0.0,0.0,0.0,0.0,0.0,0.0,0.0,0.3134469172284298,0.0
,0.002585649644473174,0.004488226542684674,0.0,0.0,0.0,0.0,0.0,0.0,0.0,0.0,0.0,0.0,0.2525606396404716,0.0
,0.0006464124111182935,0.0015116599396024783,0.0,0.0,0.0,0.0,0.0,0.0,0.0,0.0,0.0,0.0,0.21490788623141563,0.0
,0.011312217194570135,0.038150305536905,0.0,0.0,0.0,0.0,0.0,0.0,0.0,0.0,0.0,0.0,0.297585957459907,0.0
,0.01777634130575307,0.09302199987941655,0.0,0.0,0.0,0.0,0.0,0.0,0.0,0.0,0.0,0.0,0.32810624249699877,0.0
,0.01874595992243051,0.08903712716400422,0.0,0.0,0.0,0.0,0.0,0.0,0.0,0.0,0.0,0.0,0.33000738757041276,0.0
,0.002262443438914027,0.002462804981371068,0.0,0.0,0.0,0.0,0.0,0.0,0.0,0.0,0.0,0.0,0.22652214732046666,0.0
,0.004524886877828054,0.017797323418005252,0.0,0.0,0.0,0.0,0.0,0.0,0.0,0.0,0.0,0.0,0.2643592052205498,0.0
,0.0006464124111182935,7.099385975698414e-05,0.0,0.0,0.0,0.0,0.0,0.0,0.0,0.0,0.0,0.0,0.18483380531699858,0.0
,0.002585649644473174,0.0024586173448783257,0.0,0.0,0.0,0.0,0.0,0.0,0.0,0.0,0.0,0.0,0.2303965175813915,0.0
,0.0006464124111182935,0.00010009975256187732,0.0,0.0,0.0,0.0,0.0,0.0,0.0,0.0,0.0,0.0,0.19561029540021138,0.0
,0.005817711700064641,0.004118633831079868,0.0,0.0,0.0,0.0,0.0,0.0,0.0,0.0,0.0,0.0,0.26252193184966294,0.0
,0.005817711700064641,0.0037772079470676113,0.0,0.0,0.0,0.0,0.0,0.0,0.0,0.0,0.0,0.0,0.2575434019761751,0.0
,0.0006464124111182935,7.099385975698414e-05,0.0,0.0,0.0,0.0,0.0,0.0,0.0,0.0,0.0,0.0,0.18483380531699858,0.0
,0.0016160310277957336,0.0001227164600566308,0.0,0.0,0.0,0.0,0.0,0.0,0.0,0.0,0.0,0.0,0.1901360544217687,0.34544466008231045
,0.0006464124111182935,4.57952806393065e-06,0.0,0.0,0.0,0.0,0.0,0.0,0.0,0.0,0.0,0.0,0.15790278815488898,0.0
,0.003232062055591467,0.0032582373921265675,0.0,0.0,0.0,0.0,0.0,0.0,0.0,0.0,0.0,0.0,0.23883335385436227,0.06770335971444563
,0.0006464124111182935,2.089932464898138e-05,0.0,0.0,0.0,0.0,0.0,0.0,0.0,0.0,0.0,0.0,0.172063312504489,0.032119950020824684
,0.0003232062055591467,4.573167879842532e-06,0.0,0.0,0.0,0.0,0.0,0.0,0.0,0.0,0.0,0.0,0.15768731735118288,0.0
,0.0003232062055591467,4.573167879842532e-06,0.0,0.0,0.0,0.0,0.0,0.0,0.0,0.0,0.0,0.0,0.15768731735118288,0.0
,0.001292824822236587,0.00043400401707329887,0.0,0.0,0.0,0.0,0.0,0.0,0.0,0.0,0.0,0.0,0.213417418249351,0.0
,0.005171299288946348,0.008539538760616179,0.0,0.0,0.0,0.0,0.0,0.0,0.0,0.0,0.0,0.0,0.2607723858774279,0.0
,0.0016160310277957336,0.0018568787051565668,0.0,0.0,0.0,0.0,0.0,0.0,0.0,0.0,0.0,0.0,0.22800081571089975,0.0
,0.0019392372333548805,0.0007225701157234158,0.0,0.0,0.0,0.0,0.0,0.0,0.0,0.0,0.0,0.0,0.220582848524025,0.0
,0.002262443438914027,0.0005250407782243417,0.0,0.0,0.0,0.0,0.0,0.0,0.0,0.0,0.0,0.0,0.23130983162495766,0.0
,0.0009696186166774402,0.00025612417955120283,0.0,0.0,0.0,0.0,0.0,0.0,0.0,0.0,0.0,0.0,0.21462123310862807,0.0
,0.004848093083387201,0.0013912383445208413,0.0,0.0,0.0,0.0,0.0,0.0,0.0,0.0,0.0,0.0,0.2495117277680303,0.0
,0.0029088558500323207,0.001927693335542891,0.0,0.0,0.0,0.0,0.0,0.0,0.0,0.0,0.0,0.0,0.23404554129344046,0.0
,0.004201680672268907,0.0035534014026636193,0.0,0.0,0.0,0.0,0.0,0.0,0.0,0.0,0.0,0.0,0.25058985132514544,0.0
,0.0003232062055591467,7.388221672542432e-05,0.0,0.0,0.0,0.0,0.0,0.0,0.0,0.0,0.0,0.0,0.1923611752393265,0.0
,0.002262443438914027,0.001982647180960294,0.0,0.0,0.0,0.0,0.0,0.0,0.0,0.0,0.0,0.0,0.24368401206636503,0.0
,0.002585649644473174,0.0010468626498295556,0.0,0.0,0.0,0.0,0.0,0.0,0.0,0.0,0.0,0.0,0.23819951057346017,0.0
,0.002585649644473174,0.0018133764728665085,0.0,0.0,0.0,0.0,0.0,0.0,0.0,0.0,0.0,0.0,0.24189521962631205,0.0
,0.0019392372333548805,0.0009517200101915324,0.0,0.0,0.0,0.0,0.0,0.0,0.0,0.0,0.0,0.0,0.23502490739885695,0.0
,0.0019392372333548805,0.0023236920451525996,0.0,0.0,0.0,0.0,0.0,0.0,0.0,0.0,0.0,0.0,0.24775410164065628,0.0
,0.001292824822236587,0.002650931118410511,0.0,0.0,0.0,0.0,0.0,0.0,0.0,0.0,0.0,0.0,0.24265988446660716,0.0
,0.001292824822236587,0.0030808322882478587,0.0,0.0,0.0,0.0,0.0,0.0,0.0,0.0,0.0,0.0,0.25293245503329537,0.0
,0.0006464124111182935,5.0725475116376675e-05,0.0,0.0,0.0,0.0,0.0,0.0,0.0,0.0,0.0,0.0,0.19233026543950915,0.0
,0.004524886877828054,0.008983544576923835,0.0,0.0,0.0,0.0,0.0,0.0,0.0,0.0,0.0,0.0,0.2627031581863515,0.0
,0.013251454427925016,0.08000814577497377,0.0,0.0,0.0,0.0,0.0,0.0,0.0,0.0,0.0,0.0,0.3204412534244467,0.0
,0.003555268261150614,0.01750851328880356,0.0,0.0,0.0,0.0,0.0,0.0,0.0,0.0,0.0,0.0,0.27358982054360204,0.0
,0.009372979961215255,0.04635252474176329,0.0,0.0,0.0,0.0,0.0,0.0,0.0,0.0,0.0,0.0,0.2970426632191338,0.0
,0.007756948933419522,0.04634975484980348,0.0,0.0,0.0,0.0,0.0,0.0,0.0,0.0,0.0,0.0,0.2896308523409364,0.0
,0.015513897866839044,0.06562882344360031,0.0,0.0,0.0,0.0,0.0,0.0,0.0,0.0,0.0,0.0,0.31287361098285466,0.0
,0.009696186166774402,0.039652294716652374,0.0,0.0,0.0,0.0,0.0,0.0,0.0,0.0,0.0,0.0,0.2997849139655862,0.0
,0.015513897866839044,0.08916240096536948,0.0,0.0,0.0,0.0,0.0,0.0,0.0,0.0,0.0,0.0,0.3231781174008065,0.0
,0.026826115061409177,0.14587160774719535,0.0,0.0,0.0,0.0,0.0,0.0,0.0,0.0,0.0,0.0,0.3387154861944778,0.0
,0.005494505494505494,0.02441447853702801,0.0,0.0,0.0,0.0,0.0,0.0,0.0,0.0,0.0,0.0,0.2729926586019023,0.0
,0.004848093083387201,0.026736679103978277,0.0,0.0,0.0,0.0,0.0,0.0,0.0,0.0,0.0,0.0,0.2799712192569335,0.0
,0.005817711700064641,0.02349476560744968,0.0,0.0,0.0,0.0,0.0,0.0,0.0,0.0,0.0,0.0,0.2741219564748976,0.0
,0.019069166127989656,0.06505806388333285,0.0,0.0,0.0,0.0,0.0,0.0,0.0,0.0,0.0,0.0,0.32661487671991873,0.0
,0.009696186166774402,0.04276322423691362,0.0,0.0,0.0,0.0,0.0,0.0,0.0,0.0,0.0,0.0,0.2962292609351433,0.0
,0.01583710407239819,0.08837871809871332,0.0,0.0,0.0,0.0,0.0,0.0,0.0,0.0,0.0,0.0,0.3245348139255702,0.0
,0.019392372333548805,0.12481378061553304,0.0,0.0,0.0,0.0,0.0,0.0,0.0,0.0,0.0,0.0,0.3279581063194509,0.0
,0.002262443438914027,0.006681433343072841,0.0,0.0,0.0,0.0,0.0,0.0,0.0,0.0,0.0,0.0,0.24614384215224552,0.0
,0.017129928894634775,0.0732182742495251,0.0,0.0,0.0,0.0,0.0,0.0,0.0,0.0,0.0,0.0,0.3145677501769939,0.0
,0.019069166127989656,0.09352408434979709,0.0,0.0,0.0,0.0,0.0,0.0,0.0,0.0,0.0,0.0,0.3291274201988488,0.0
,0.015190691661279896,0.08725430696136945,0.0,0.0,0.0,0.0,0.0,0.0,0.0,0.0,0.0,0.0,0.322213116015637,0.0
,0.004524886877828054,0.02297445807295997,0.0,0.0,0.0,0.0,0.0,0.0,0.0,0.0,0.0,0.0,0.274872641364238,0.0
,0.007756948933419522,0.026953124483499256,0.0,0.0,0.0,0.0,0.0,0.0,0.0,0.0,0.0,0.0,0.29151314371902604,0.0
,0.009049773755656108,0.0401198939454492,0.0,0.0,0.0,0.0,0.0,0.0,0.0,0.0,0.0,0.0,0.2995579000831102,0.0
,0.013574660633484163,0.07852991625547717,0.0,0.0,0.0,0.0,0.0,0.0,0.0,0.0,0.0,0.0,0.3132156708837381,0.0
,0.003555268261150614,0.018163826169922008,0.0,0.0,0.0,0.0,0.0,0.0,0.0,0.0,0.0,0.0,0.26838235294117646,0.0
,0.006140917905623788,0.0376469896419451,0.0,0.0,0.0,0.0,0.0,0.0,0.0,0.0,0.0,0.0,0.2799077323236987,0.0
,0.0029088558500323207,0.010124579032206095,0.0,0.0,0.0,0.0,0.0,0.0,0.0,0.0,0.0,0.0,0.25591544310031705,0.0
,0.006464124111182934,0.05199162887964381,0.0,0.0,0.0,0.0,0.0,0.0,0.0,0.0,0.0,0.0,0.30226398251608333,0.0
,0.002262443438914027,0.010554756816370863,0.0,0.0,0.0,0.0,0.0,0.0,0.0,0.0,0.0,0.0,0.2634018992212269,0.0
,0.003232062055591467,0.021760289286287884,0.0,0.0,0.0,0.0,0.0,0.0,0.0,0.0,0.0,0.0,0.268931803490627,0.0
,0.0029088558500323207,0.014674491603048243,0.0,0.0,0.0,0.0,0.0,0.0,0.0,0.0,0.0,0.0,0.26795910671961093,0.0
,0.0006464124111182935,0.004372479801603052,0.0,0.0,0.0,0.0,0.0,0.0,0.0,0.0,0.0,0.0,0.24209914735124818,0.0
,0.005817711700064641,0.020479392818945678,0.0,0.0,0.0,0.0,0.0,0.0,0.0,0.0,0.0,0.0,0.28000392464678175,0.0
,0.0029088558500323207,0.014002777838557919,0.0,0.0,0.0,0.0,0.0,0.0,0.0,0.0,0.0,0.0,0.2574091174931511,0.0
,0.0009696186166774402,0.006062909074563444,0.0,0.0,0.0,0.0,0.0,0.0,0.0,0.0,0.0,0.0,0.24315187613506942,0.0
,0.0016160310277957336,0.0004785460728332851,0.0,0.0,0.0,0.0,0.0,0.0,0.0,0.0,0.0,0.0,0.21316103364422695,0.0
,0.0016160310277957336,0.0009050612141083239,0.0,0.0,0.0,0.0,0.0,0.0,0.0,0.0,0.0,0.0,0.2160173043576405,0.0
,0.001292824822236587,0.00012897703471516548,0.0,0.0,0.0,0.0,0.0,0.0,0.0,0.0,0.0,0.0,0.20359194960035296,0.0
,0.0019392372333548805,0.0008800757478150266,0.0,0.0,0.0,0.0,0.0,0.0,0.0,0.0,0.0,0.0,0.21849752721601462,0.0
,0.0009696186166774402,0.00010116188161692726,0.0,0.0,0.0,0.0,0.0,0.0,0.0,0.0,0.0,0.0,0.19835062230020212,0.0
,0.002262443438914027,0.00046229068454922906,0.0,0.0,0.0,0.0,0.0,0.0,0.0,0.0,0.0,0.0,0.22044894881029337,0.0
,0.0009696186166774402,0.0020173925627208988,0.0,0.0,0.0,0.0,0.0,0.0,0.0,0.0,0.0,0.0,0.23451008608571633,0.0
,0.0019392372333548805,0.007445477405737487,0.0,0.0,0.0,0.0,0.0,0.0,0.0,0.0,0.0,0.0,0.24530619940283804,0.0
,0.0003232062055591467,0.00027751417539827785,0.0,0.0,0.0,0.0,0.0,0.0,0.0,0.0,0.0,0.0,0.1934078759709012,0.0
,0.006464124111182934,0.02491569231833179,0.0,0.0,0.0,0.0,0.0,0.0,0.0,0.0,0.0,0.0,0.2887170252716471,0.0
,0.001292824822236587,0.0005792664133340879,0.0,0.0,0.0,0.0,0.0,0.0,0.0,0.0,0.0,0.0,0.2182832107201855,0.0
,0.010665804783451843,0.0877429101777674,0.0,0.0,0.0,0.0,0.0,0.0,0.0,0.0,0.0,0.0,0.295826022716779,0.0
,0.0009696186166774402,0.0003131788888393077,0.0,0.0,0.0,0.0,0.0,0.0,0.0,0.0,0.0,0.0,0.2027704671612235,0.0
,0.0019392372333548805,0.0006246496496438398,0.0,0.0,0.0,0.0,0.0,0.0,0.0,0.0,0.0,0.0,0.22233021413693682,0.0
,0.002262443438914027,0.006858062338449537,0.0,0.0,0.0,0.0,0.0,0.0,0.0,0.0,0.0,0.0,0.258587665835565,0.0
,0.0006464124111182935,0.00033014403619167004,0.0,0.0,0.0,0.0,0.0,0.0,0.0,0.0,0.0,0.0,0.20589389601994645,0.0
,0.0019392372333548805,0.005877131733407303,0.0,0.0,0.0,0.0,0.0,0.0,0.0,0.0,0.0,0.0,0.22788589794892317,0.0
,0.0019392372333548805,0.00018009791340308903,0.0,0.0,0.0,0.0,0.0,0.0,0.0,0.0,0.0,0.0,0.19885928730466548,0.0
,0.0019392372333548805,0.0034767731517889176,0.0,0.0,0.0,0.0,0.0,0.0,0.0,0.0,0.0,0.0,0.2607820051097362,0.0
,0.0006464124111182935,3.686202154402616e-05,0.0,0.0,0.0,0.0,0.0,0.0,0.0,0.0,0.0,0.0,0.18363960969002985,0.0
,0.006787330316742082,0.02096260627293516,0.0,0.0,0.0,0.0,0.0,0.0,0.0,0.0,0.0,0.0,0.28472388955582234,0.0
,0.004524886877828054,0.006693424681564347,0.0,0.0,0.0,0.0,0.0,0.0,0.0,0.0,0.0,0.0,0.25726059654631084,0.0
,0.002262443438914027,0.0041956786326920875,0.0,0.0,0.0,0.0,0.0,0.0,0.0,0.0,0.0,0.0,0.24256317911780098,0.0
,0.006140917905623788,0.014864603283662917,0.0,0.0,0.0,0.0,0.0,0.0,0.0,0.0,0.0,0.0,0.27222427432511465,0.0
,0.004848093083387201,0.011770404175189961,0.0,0.0,0.0,0.0,0.0,0.0,0.0,0.0,0.0,0.0,0.26867977960414935,0.0
,0.0019392372333548805,0.0032678040005494177,0.0,0.0,0.0,0.0,0.0,0.0,0.0,0.0,0.0,0.0,0.22810893588204512,0.0
,0.0016160310277957336,0.0024588796910829645,0.0,0.0,0.0,0.0,0.0,0.0,0.0,0.0,0.0,0.0,0.233698864161049,0.0
,0.010665804783451843,0.09833825111489009,0.0,0.0,0.0,0.0,0.0,0.0,0.0,0.0,0.0,0.0,0.2902056976636809,0.0
,0.002262443438914027,0.003290454191712148,0.0,0.0,0.0,0.0,0.0,0.0,0.0,0.0,0.0,0.0,0.2312232585341829,0.0
,0.0019392372333548805,0.002905327802120185,0.0,0.0,0.0,0.0,0.0,0.0,0.0,0.0,0.0,0.0,0.24243889863637763,0.0
,0.003232062055591467,0.006665849155238499,0.0,0.0,0.0,0.0,0.0,0.0,0.0,0.0,0.0,0.0,0.2611509988610829,0.0
,0.004201680672268907,0.00817073263919139,0.0,0.0,0.0,0.0,0.0,0.0,0.0,0.0,0.0,0.0,0.2576888447686767,0.0
,0.0019392372333548805,0.0032678040005494177,0.0,0.0,0.0,0.0,0.0,0.0,0.0,0.0,0.0,0.0,0.22810893588204512,0.0
,0.0019392372333548805,0.0032678040005494177,0.0,0.0,0.0,0.0,0.0,0.0,0.0,0.0,0.0,0.0,0.22810893588204512,0.0
,0.003232062055591467,0.008264375541711468,0.0,0.0,0.0,0.0,0.0,0.0,0.0,0.0,0.0,0.0,0.26438536953242836,0.0
,0.011312217194570135,0.09168887093250552,0.0,0.0,0.0,0.0,0.0,0.0,0.0,0.0,0.0,0.0,0.30091151845353525,0.0
,0.012928248222365869,0.09775162269034249,0.0,0.0,0.0,0.0,0.0,0.0,0.0,0.0,0.0,0.0,0.309858943577431,0.0
,0.01971557853910795,0.16062050972181913,0.0,0.0,0.0,0.0,0.0,0.0,0.0,0.0,0.0,0.0,0.3277965032166713,0.0
,0.008080155138978667,0.0712094900172181,0.0,0.0,0.0,0.0,0.0,0.0,0.0,0.0,0.0,0.0,0.29003332102071594,0.0
,0.0006464124111182935,0.0034208292930723145,0.0,0.0,0.0,0.0,0.0,0.0,0.0,0.0,0.0,0.0,0.2251471101261017,0.0
,0.003555268261150614,0.008186827952980065,0.0,0.0,0.0,0.0,0.0,0.0,0.0,0.0,0.0,0.0,0.26398367039123344,0.0
,0.004201680672268907,0.004278246553899348,0.0,0.0,0.0,0.0,0.0,0.0,0.0,0.0,0.0,0.0,0.24342326674259446,0.0
,0.005494505494505494,0.010834208143846344,0.0,0.0,0.0,0.0,0.0,0.0,0.0,0.0,0.0,0.0,0.27468872164250313,0.0
,0.002585649644473174,0.03967228334609459,0.0,0.0,0.0,0.0,0.0,0.0,0.0,0.0,0.0,0.0,0.26644003755348294,0.0
,0.02068519715578539,0.16331417586860233,0.0,0.0,0.0,0.0,0.0,0.0,0.0,0.0,0.0,0.0,0.33683011666204943,0.0
,0.003878474466709761,0.01890599587089749,0.0,0.0,0.0,0.0,0.0,0.0,0.0,0.0,0.0,0.0,0.27964531966632805,0.0
,0.0003232062055591467,0.0034160791905833584,0.0,0.0,0.0,0.0,0.0,0.0,0.0,0.0,0.0,0.0,0.22493163932239563,0.0
,0.006140917905623788,0.04899779975224962,0.0,0.0,0.0,0.0,0.0,0.0,0.0,0.0,0.0,0.0,0.2734618206256862,0.0
,0.0019392372333548805,0.0038657349244121285,0.0,0.0,0.0,0.0,0.0,0.0,0.0,0.0,0.0,0.0,0.239816054626979,0.0
,0.0019392372333548805,0.0040559229029943095,0.0,0.0,0.0,0.0,0.0,0.0,0.0,0.0,0.0,0.0,0.23630003283364626,0.0
,0.012281835811247576,0.09769512514589104,0.0,0.0,0.0,0.0,0.0,0.0,0.0,0.0,0.0,0.0,0.3019727121617878,0.0
,0.0019392372333548805,0.0038657349244121285,0.0,0.0,0.0,0.0,0.0,0.0,0.0,0.0,0.0,0.0,0.239816054626979,0.0
,0.01777634130575307,0.13640194101467473,0.0,0.0,0.0,0.0,0.0,0.0,0.0,0.0,0.0,0.0,0.3253247452827285,0.0
,0.004524886877828054,0.008216674837368498,0.0,0.0,0.0,0.0,0.0,0.0,0.0,0.0,0.0,0.0,0.2632810816634346,0.0
,0.0019392372333548805,0.005370390161783399,0.0,0.0,0.0,0.0,0.0,0.0,0.0,0.0,0.0,0.0,0.2400007438872985,0.0
,0.0003232062055591467,0.0034160791905833584,0.0,0.0,0.0,0.0,0.0,0.0,0.0,0.0,0.0,0.0,0.22493163932239563,0.0
,0.009049773755656108,0.05994827219929129,0.0,0.0,0.0,0.0,0.0,0.0,0.0,0.0,0.0,0.0,0.2885754301720688,0.0
,0.014867485455720749,0.12186709871269923,0.0,0.0,0.0,0.0,0.0,0.0,0.0,0.0,0.0,0.0,0.3170041093360421,0.0
,0.0074337427278603745,0.07660766979170776,0.0,0.0,0.0,0.0,0.0,0.0,0.0,0.0,0.0,0.0,0.28202896543232675,0.0
,0.0009696186166774402,0.002868544952105396,0.0,0.0,0.0,0.0,0.0,0.0,0.0,0.0,0.0,0.0,0.21609361693395307,0.0
,0.0029088558500323207,0.004704733563363258,0.0,0.0,0.0,0.0,0.0,0.0,0.0,0.0,0.0,0.0,0.25001577554098564,0.0
,0.0016160310277957336,0.005571657264468412,0.0,0.0,0.0,0.0,0.0,0.0,0.0,0.0,0.0,0.0,0.2270994295153959,0.0
,0.006787330316742082,0.07163220403409444,0.0,0.0,0.0,0.0,0.0,0.0,0.0,0.0,0.0,0.0,0.27977460214855177,0.0
,0.003232062055591467,0.004291971820253671,0.0,0.0,0.0,0.0,0.0,0.0,0.0,0.0,0.0,0.0,0.24799201731974843,0.0
,0.0006464124111182935,0.0028808740991446754,0.0,0.0,0.0,0.0,0.0,0.0,0.0,0.0,0.0,0.0,0.218607956002914,0.0
,0.005817711700064641,0.004909604244284137,0.0,0.0,0.0,0.0,0.0,0.0,0.0,0.0,0.0,0.0,0.2667351556007018,0.0
,0.001292824822236587,0.006211113234712293,0.0,0.0,0.0,0.0,0.0,0.0,0.0,0.0,0.0,0.0,0.2444135346446271,0.0
,0.004848093083387201,0.008485958141355518,0.0,0.0,0.0,0.0,0.0,0.0,0.0,0.0,0.0,0.0,0.2759099793763659,0.0
,0.003878474466709761,0.005533769418088345,0.0,0.0,0.0,0.0,0.0,0.0,0.0,0.0,0.0,0.0,0.25693546649429005,0.0
,0.0019392372333548805,0.0030702276190922827,0.0,0.0,0.0,0.0,0.0,0.0,0.0,0.0,0.0,0.0,0.23979591836734696,0.0
,0.001292824822236587,0.0005761496261828835,0.0,0.0,0.0,0.0,0.0,0.0,0.0,0.0,0.0,0.0,0.217926786099055,0.0
,0.002585649644473174,0.0014156833317358112,0.0,0.0,0.0,0.0,0.0,0.0,0.0,0.0,0.0,0.0,0.24319535506510295,0.0
,0.004524886877828054,0.0014185356936802598,0.0,0.0,0.0,0.0,0.0,0.0,0.0,0.0,0.0,0.0,0.2406198376786612,0.0
,0.0019392372333548805,0.0003066086410462938,0.0,0.0,0.0,0.0,0.0,0.0,0.0,0.0,0.0,0.0,0.21922820410215366,0.0
,0.004524886877828054,0.0014185356936802598,0.0,0.0,0.0,0.0,0.0,0.0,0.0,0.0,0.0,0.0,0.2406198376786612,0.0
,0.010019392372333548,0.023793546918372203,0.0,0.0,0.0,0.0,0.0,0.0,0.0,0.0,0.0,0.0,0.29393141872133466,0.0
,0.005817711700064641,0.0077562264634499145,0.0,0.0,0.0,0.0,0.0,0.0,0.0,0.0,0.0,0.0,0.26794063779357896,0.0
,0.0019392372333548805,0.0002865336533062007,0.0,0.0,0.0,0.0,0.0,0.0,0.0,0.0,0.0,0.0,0.2109775961666718,0.0
,0.003232062055591467,0.007881009966854414,0.0,0.0,0.0,0.0,0.0,0.0,0.0,0.0,0.0,0.0,0.2607639209529966,0.0
,0.027149321266968326,0.16485025180123322,0.0,0.0,0.0,0.0,0.0,0.0,0.0,0.0,0.0,0.0,0.34594145350447875,0.0
,0.003555268261150614,0.004205223832881492,0.0,0.0,0.0,0.0,0.0,0.0,0.0,0.0,0.0,0.0,0.24854326345922984,0.0
,0.004201680672268907,0.021598242159814436,0.0,0.0,0.0,0.0,0.0,0.0,0.0,0.0,0.0,0.0,0.27350978853079694,0.0
,0.005171299288946348,0.0030304213374588726,0.0,0.0,0.0,0.0,0.0,0.0,0.0,0.0,0.0,0.0,0.24361244497799117,0.0
,0.005171299288946348,0.003096269923355467,0.0,0.0,0.0,0.0,0.0,0.0,0.0,0.0,0.0,0.0,0.24520231169390833,0.0
,0.0019392372333548805,0.0005345082990641053,0.0,0.0,0.0,0.0,0.0,0.0,0.0,0.0,0.0,0.0,0.21917472117051948,0.0
,0.002262443438914027,0.009506621099632469,0.0,0.0,0.0,0.0,0.0,0.0,0.0,0.0,0.0,0.0,0.255675731831194,0.0
,0.0006464124111182935,0.0025169335457034927,0.0,0.0,0.0,0.0,0.0,0.0,0.0,0.0,0.0,0.0,0.23619883850976287,0.0
,0.0019392372333548805,0.001323668250038283,0.0,0.0,0.0,0.0,0.0,0.0,0.0,0.0,0.0,0.0,0.2354181416156206,0.0
,0.0016160310277957336,0.0008305268084340611,0.0,0.0,0.0,0.0,0.0,0.0,0.0,0.0,0.0,0.0,0.2261455864397041,0.0
,0.0019392372333548805,0.005038875993048194,0.0,0.0,0.0,0.0,0.0,0.0,0.0,0.0,0.0,0.0,0.24394142272293534,0.0
,0.009696186166774402,0.03244616894651335,0.0,0.0,0.0,0.0,0.0,0.0,0.0,0.0,0.0,0.0,0.2926416720534367,0.0
,0.011958629605688428,0.03187278023292349,0.0,0.0,0.0,0.0,0.0,0.0,0.0,0.0,0.0,0.0,0.2956713454612614,0.0
,0.005817711700064641,0.02278327817428508,0.0,0.0,0.0,0.0,0.0,0.0,0.0,0.0,0.0,0.0,0.2697325083879706,0.0
,0.0019392372333548805,0.00028433416446495545,0.0,0.0,0.0,0.0,0.0,0.0,0.0,0.0,0.0,0.0,0.22129082402191644,0.0
,0.0016160310277957336,0.0005350320873862699,0.0,0.0,0.0,0.0,0.0,0.0,0.0,0.0,0.0,0.0,0.231436420722135,0.0
,0.002585649644473174,0.0002767676976020743,0.0,0.0,0.0,0.0,0.0,0.0,0.0,0.0,0.0,0.0,0.2163970716491725,0.0
,0.0016160310277957336,0.0034892361697485483,0.0,0.0,0.0,0.0,0.0,0.0,0.0,0.0,0.0,0.0,0.23772945075466081,0.0
,0.0003232062055591467,1.0594927141484363e-05,0.0,0.0,0.0,0.0,0.0,0.0,0.0,0.0,0.0,0.0,0.1783528796133838,0.0
,0.0009696186166774402,0.0006346718318775832,0.0,0.0,0.0,0.0,0.0,0.0,0.0,0.0,0.0,0.0,0.2162650957819025,0.0
,0.002585649644473174,0.005213765320800746,0.0,0.0,0.0,0.0,0.0,0.0,0.0,0.0,0.0,0.0,0.2568977591036415,0.0
,0.003555268261150614,0.0028223163429176115,0.0,0.0,0.0,0.0,0.0,0.0,0.0,0.0,0.0,0.0,0.2409013605442177,0.0
,0.003555268261150614,0.0028223163429176115,0.0,0.0,0.0,0.0,0.0,0.0,0.0,0.0,0.0,0.0,0.2409013605442177,0.0
,0.007756948933419522,0.012877175754507263,0.0,0.0,0.0,0.0,0.0,0.0,0.0,0.0,0.0,0.0,0.2751515991011789,0.0
,0.005817711700064641,0.01610702284231356,0.0,0.0,0.0,0.0,0.0,0.0,0.0,0.0,0.0,0.0,0.2844949518268846,0.0
,0.003878474466709761,0.0029379768406393846,0.0,0.0,0.0,0.0,0.0,0.0,0.0,0.0,0.0,0.0,0.243176886139071,0.0
,0.0016160310277957336,0.003178535298528241,0.0,0.0,0.0,0.0,0.0,0.0,0.0,0.0,0.0,0.0,0.24996434471224388,0.0
,0.0016160310277957336,0.003178535298528241,0.0,0.0,0.0,0.0,0.0,0.0,0.0,0.0,0.0,0.0,0.24996434471224388,0.0
,0.003555268261150614,0.0028223163429176115,0.0,0.0,0.0,0.0,0.0,0.0,0.0,0.0,0.0,0.0,0.2409013605442177,0.0
,0.004524886877828054,0.0036016693525999545,0.0,0.0,0.0,0.0,0.0,0.0,0.0,0.0,0.0,0.0,0.2484098767712213,0.0
,0.0016160310277957336,0.003178535298528241,0.0,0.0,0.0,0.0,0.0,0.0,0.0,0.0,0.0,0.0,0.24996434471224388,0.0
,0.003555268261150614,0.0028223163429176115,0.0,0.0,0.0,0.0,0.0,0.0,0.0,0.0,0.0,0.0,0.2409013605442177,0.0
,0.001292824822236587,0.001442911648624692,0.0,0.0,0.0,0.0,0.0,0.0,0.0,0.0,0.0,0.0,0.22180154112927225,0.0
,0.002262443438914027,0.0006387414183261735,0.0,0.0,0.0,0.0,0.0,0.0,0.0,0.0,0.0,0.0,0.23262728168190352,0.0
,0.0006464124111182935,6.0104023086442615e-05,0.0,0.0,0.0,0.0,0.0,0.0,0.0,0.0,0.0,0.0,0.1852647469244108,0.0
,0.004848093083387201,0.03775460512716901,0.0,0.0,0.0,0.0,0.0,0.0,0.0,0.0,0.0,0.0,0.28328600671037646,0.0
,0.0006464124111182935,0.00026038582693508456,0.0,0.0,0.0,0.0,0.0,0.0,0.0,0.0,0.0,0.0,0.2125551502652343,0.0
,0.0006464124111182935,0.0002271808971680632,0.0,0.0,0.0,0.0,0.0,0.0,0.0,0.0,0.0,0.0,0.2051995157037174,0.0
,0.002585649644473174,0.0018034631832495166,0.0,0.0,0.0,0.0,0.0,0.0,0.0,0.0,0.0,0.0,0.24085711207559946,0.0
,0.0009696186166774402,0.00023540594922933446,0.0,0.0,0.0,0.0,0.0,0.0,0.0,0.0,0.0,0.0,0.2068213182708981,0.0
,0.002585649644473174,0.0014132430536200665,0.0,0.0,0.0,0.0,0.0,0.0,0.0,0.0,0.0,0.0,0.22605901334892933,0.0
,0.0009696186166774402,0.000267340458118675,0.0,0.0,0.0,0.0,0.0,0.0,0.0,0.0,0.0,0.0,0.21978688911462022,0.0
,0.0009696186166774402,0.006458394496970759,0.0,0.0,0.0,0.0,0.0,0.0,0.0,0.0,0.0,0.0,0.2426864335477781,0.0
,0.0003232062055591467,1.247871578746831e-05,0.0,0.0,0.0,0.0,0.0,0.0,0.0,0.0,0.0,0.0,0.1758759914222099,0.0
,0.002262443438914027,0.0003348407477968078,0.0,0.0,0.0,0.0,0.0,0.0,0.0,0.0,0.0,0.0,0.2176367983090672,0.0
,0.0006464124111182935,0.0002731334352185214,0.0,0.0,0.0,0.0,0.0,0.0,0.0,0.0,0.0,0.0,0.21429353792799172,0.0
,0.002262443438914027,0.0017846198529432274,0.0,0.0,0.0,0.0,0.0,0.0,0.0,0.0,0.0,0.0,0.2362134597428715,0.0
,0.005171299288946348,0.005544110252138452,0.0,0.0,0.0,0.0,0.0,0.0,0.0,0.0,0.0,0.0,0.2746971865669345,0.0
,0.001292824822236587,0.0021612028122818825,0.0,0.0,0.0,0.0,0.0,0.0,0.0,0.0,0.0,0.0,0.23921735360810992,0.0
,0.003878474466709761,0.0028210565855061693,0.0,0.0,0.0,0.0,0.0,0.0,0.0,0.0,0.0,0.0,0.2513039831317142,0.0
,0.008403361344537815,0.014530372503237823,0.0,0.0,0.0,0.0,0.0,0.0,0.0,0.0,0.0,0.0,0.28875280881583404,0.0
,0.0003232062055591467,1.7423872924176237e-05,0.0,0.0,0.0,0.0,0.0,0.0,0.0,0.0,0.0,0.0,0.17621009942438515,0.0
,0.0009696186166774402,0.00046754395737627706,0.0,0.0,0.0,0.0,0.0,0.0,0.0,0.0,0.0,0.0,0.2176887421635321,0.0
,0.003878474466709761,0.0185847680825041,0.0,0.0,0.0,0.0,0.0,0.0,0.0,0.0,0.0,0.0,0.2728772278142026,0.0
,0.005494505494505494,0.023401720582101583,0.0,0.0,0.0,0.0,0.0,0.0,0.0,0.0,0.0,0.0,0.26639925200849573,0.0
,0.01971557853910795,0.10305471886389472,0.0,0.0,0.0,0.0,0.0,0.0,0.0,0.0,0.0,0.0,0.3283297934558439,0.0
,0.003878474466709761,0.009248633933265448,0.0,0.0,0.0,0.0,0.0,0.0,0.0,0.0,0.0,0.0,0.249111952473297,0.0
,0.010019392372333548,0.02826308154712796,0.0,0.0,0.0,0.0,0.0,0.0,0.0,0.0,0.0,0.0,0.2873322405885431,0.0
,0.0016160310277957336,0.003049707321048798,0.0,0.0,0.0,0.0,0.0,0.0,0.0,0.0,0.0,0.0,0.23328677624896113,0.0
,0.0019392372333548805,0.0032483232006259525,0.0,0.0,0.0,0.0,0.0,0.0,0.0,0.0,0.0,0.0,0.2312113306861206,0.0
,0.013251454427925016,0.03339390983393202,0.0,0.0,0.0,0.0,0.0,0.0,0.0,0.0,0.0,0.0,0.30553683011666205,0.0
,0.0019392372333548805,0.0032483232006259525,0.0,0.0,0.0,0.0,0.0,0.0,0.0,0.0,0.0,0.0,0.2312113306861206,0.0
,0.0006464124111182935,0.00030676287312882085,0.0,0.0,0.0,0.0,0.0,0.0,0.0,0.0,0.0,0.0,0.19362026862026863,0.0
,0.0009696186166774402,0.0005643216912051028,0.0,0.0,0.0,0.0,0.0,0.0,0.0,0.0,0.0,0.0,0.21653020182431948,0.0
,0.001292824822236587,0.007667815518740595,0.0,0.0,0.0,0.0,0.0,0.0,0.0,0.0,0.0,0.0,0.2400202388647767,0.0
,0.0009696186166774402,0.00027273754821136536,0.0,0.0,0.0,0.0,0.0,0.0,0.0,0.0,0.0,0.0,0.21620045454079068,0.0
,0.002585649644473174,0.001287617620013691,0.0,0.0,0.0,0.0,0.0,0.0,0.0,0.0,0.0,0.0,0.24297385620915032,0.0
,0.005171299288946348,0.003018687218980588,0.0,0.0,0.0,0.0,0.0,0.0,0.0,0.0,0.0,0.0,0.25317819435466493,0.0
,0.003878474466709761,0.0030117851868702865,0.0,0.0,0.0,0.0,0.0,0.0,0.0,0.0,0.0,0.0,0.2632810816634346,0.0
,0.0006464124111182935,0.0033807523507363335,0.0,0.0,0.0,0.0,0.0,0.0,0.0,0.0,0.0,0.0,0.24565403084310647,0.0
,0.004524886877828054,0.005628727697891266,0.0,0.0,0.0,0.0,0.0,0.0,0.0,0.0,0.0,0.0,0.2561847816049497,0.0
,0.001292824822236587,0.00148814927248566,0.0,0.0,0.0,0.0,0.0,0.0,0.0,0.0,0.0,0.0,0.23976872800402213,0.0
,0.004848093083387201,0.0034499241849010073,0.0,0.0,0.0,0.0,0.0,0.0,0.0,0.0,0.0,0.0,0.25943146489364977,0.0
,0.003555268261150614,0.0028775250308298683,0.0,0.0,0.0,0.0,0.0,0.0,0.0,0.0,0.0,0.0,0.24129882722319698,0.0
,0.007110536522301228,0.03212699806268353,0.0,0.0,0.0,0.0,0.0,0.0,0.0,0.0,0.0,0.0,0.294943746729461,0.0
,0.003555268261150614,0.0018663444594295483,0.0,0.0,0.0,0.0,0.0,0.0,0.0,0.0,0.0,0.0,0.24060662726629115,0.0
,0.004848093083387201,0.008247337227138253,0.0,0.0,0.0,0.0,0.0,0.0,0.0,0.0,0.0,0.0,0.2715636254501801,0.0
,0.0016160310277957336,0.0009302476550550413,0.0,0.0,0.0,0.0,0.0,0.0,0.0,0.0,0.0,0.0,0.2234606663178092,0.0
,0.001292824822236587,0.0007014790019380962,0.0,0.0,0.0,0.0,0.0,0.0,0.0,0.0,0.0,0.0,0.22618560244610666,0.0
,0.004201680672268907,0.0042473419633357445,0.0,0.0,0.0,0.0,0.0,0.0,0.0,0.0,0.0,0.0,0.2645219626312063,0.0
,0.005817711700064641,0.00891080304528444,0.0,0.0,0.0,0.0,0.0,0.0,0.0,0.0,0.0,0.0,0.2763840151445193,0.0
,0.0003232062055591467,6.955635579816104e-05,0.0,0.0,0.0,0.0,0.0,0.0,0.0,0.0,0.0,0.0,0.19018235499327935,0.0
,0.002262443438914027,0.0018458321127479938,0.0,0.0,0.0,0.0,0.0,0.0,0.0,0.0,0.0,0.0,0.24700431454633137,0.0
,0.006787330316742082,0.011650202614883651,0.0,0.0,0.0,0.0,0.0,0.0,0.0,0.0,0.0,0.0,0.27817242281527993,0.0
,0.005171299288946348,0.0016189107469339636,0.0,0.0,0.0,0.0,0.0,0.0,0.0,0.0,0.0,0.0,0.2389655862344938,0.0
,0.0006464124111182935,0.00010396133103859662,0.0,0.0,0.0,0.0,0.0,0.0,0.0,0.0,0.0,0.0,0.19758223802341449,0.0
,0.001292824822236587,0.0010643961716105192,0.0,0.0,0.0,0.0,0.0,0.0,0.0,0.0,0.0,0.0,0.20501174828905921,0.0
,0.002585649644473174,0.0017250611105060155,0.0,0.0,0.0,0.0,0.0,0.0,0.0,0.0,0.0,0.0,0.24847515929448702,0.0
,0.003232062055591467,0.005478113405514922,0.0,0.0,0.0,0.0,0.0,0.0,0.0,0.0,0.0,0.0,0.2618204974297411,0.0
,0.002585649644473174,0.002348960515898279,0.0,0.0,0.0,0.0,0.0,0.0,0.0,0.0,0.0,0.0,0.2414669714039462,0.0
,0.003232062055591467,0.005876034406475564,0.0,0.0,0.0,0.0,0.0,0.0,0.0,0.0,0.0,0.0,0.26003362883614983,0.0
,0.010019392372333548,0.05966108646353889,0.0,0.0,0.0,0.0,0.0,0.0,0.0,0.0,0.0,0.0,0.311752008495706,0.0
,0.002585649644473174,0.002348960515898279,0.0,0.0,0.0,0.0,0.0,0.0,0.0,0.0,0.0,0.0,0.2414669714039462,0.0
,0.002585649644473174,0.005555884444128762,0.0,0.0,0.0,0.0,0.0,0.0,0.0,0.0,0.0,0.0,0.2591286514605842,0.0
,0.003232062055591467,0.005891666304321833,0.0,0.0,0.0,0.0,0.0,0.0,0.0,0.0,0.0,0.0,0.24279493848821582,0.0
,0.005817711700064641,0.006607124402347072,0.0,0.0,0.0,0.0,0.0,0.0,0.0,0.0,0.0,0.0,0.268416597408194,0.0
,0.0006464124111182935,0.00021752640731194145,0.0,0.0,0.0,0.0,0.0,0.0,0.0,0.0,0.0,0.0,0.205597367151989,0.0
,0.016160310277957335,0.033727639675718846,0.0,0.0,0.0,0.0,0.0,0.0,0.0,0.0,0.0,0.0,0.3177513313017515,0.0
,0.002262443438914027,0.0019529826910109772,0.0,0.0,0.0,0.0,0.0,0.0,0.0,0.0,0.0,0.0,0.23403823067688614,0.0
,0.002262443438914027,0.0018034539706863863,0.0,0.0,0.0,0.0,0.0,0.0,0.0,0.0,0.0,0.0,0.23342952565641642,0.0
,0.0019392372333548805,0.0012992100584602025,0.0,0.0,0.0,0.0,0.0,0.0,0.0,0.0,0.0,0.0,0.23811486132914703,0.0
,0.002262443438914027,0.0046736244131210785,0.0,0.0,0.0,0.0,0.0,0.0,0.0,0.0,0.0,0.0,0.25143249607535323,0.0
,0.002262443438914027,0.0046736244131210785,0.0,0.0,0.0,0.0,0.0,0.0,0.0,0.0,0.0,0.0,0.25143249607535323,0.0
,0.002585649644473174,0.001143123333398267,0.0,0.0,0.0,0.0,0.0,0.0,0.0,0.0,0.0,0.0,0.2245317357712316,0.0
,0.0074337427278603745,0.03782505174360781,0.0,0.0,0.0,0.0,0.0,0.0,0.0,0.0,0.0,0.0,0.2820682119001447,0.0
,0.009696186166774402,0.021886595675174123,0.0,0.0,0.0,0.0,0.0,0.0,0.0,0.0,0.0,0.0,0.2934242927940407,0.0
,0.013897866839043309,0.019703672318034444,0.0,0.0,0.0,0.0,0.0,0.0,0.0,0.0,0.0,0.0,0.2992777880382922,0.0
,0.016160310277957335,0.0345227979091729,0.0,0.0,0.0,0.0,0.0,0.0,0.0,0.0,0.0,0.0,0.3127027734170591,0.0
,0.014867485455720749,0.029728306259921806,0.0,0.0,0.0,0.0,0.0,0.0,0.0,0.0,0.0,0.0,0.30747876073506325,0.0
,0.011958629605688428,0.02277656962915671,0.0,0.0,0.0,0.0,0.0,0.0,0.0,0.0,0.0,0.0,0.2934462246437036,0.0
,0.015190691661279896,0.02697995874138607,0.0,0.0,0.0,0.0,0.0,0.0,0.0,0.0,0.0,0.0,0.30485001692984887,0.0
,0.013897866839043309,0.029880826775955303,0.0,0.0,0.0,0.0,0.0,0.0,0.0,0.0,0.0,0.0,0.30671845661341457,0.0
,0.004524886877828054,0.002668808272942864,0.0,0.0,0.0,0.0,0.0,0.0,0.0,0.0,0.0,0.0,0.2540935605011235,0.0
,0.010989010989010988,0.029779795581777395,0.0,0.0,0.0,0.0,0.0,0.0,0.0,0.0,0.0,0.0,0.2988283775048481,0.0
,0.001292824822236587,0.0004112340745732751,0.0,0.0,0.0,0.0,0.0,0.0,0.0,0.0,0.0,0.0,0.22111703655821302,0.0
,0.006787330316742082,0.01452610690956536,0.0,0.0,0.0,0.0,0.0,0.0,0.0,0.0,0.0,0.0,0.2773894173053837,0.0
,0.0074337427278603745,0.0027669812396636513,0.0,0.0,0.0,0.0,0.0,0.0,0.0,0.0,0.0,0.0,0.23889863637762798,0.0
,0.002262443438914027,0.0005401116913339394,0.0,0.0,0.0,0.0,0.0,0.0,0.0,0.0,0.0,0.0,0.2270359425821611,0.0
,0.0074337427278603745,0.0026360779376126335,0.0,0.0,0.0,0.0,0.0,0.0,0.0,0.0,0.0,0.0,0.23792517006802721,0.0
,0.007110536522301228,0.002556958454566442,0.0,0.0,0.0,0.0,0.0,0.0,0.0,0.0,0.0,0.0,0.23843537414965987,0.0
,0.002585649644473174,0.001885063285594782,0.0,0.0,0.0,0.0,0.0,0.0,0.0,0.0,0.0,0.0,0.24714809000523288,0.0
,0.0006464124111182935,0.00028317755271708956,0.0,0.0,0.0,0.0,0.0,0.0,0.0,0.0,0.0,0.0,0.21460135336185757,0.0
,0.004201680672268907,0.0006147019078302944,0.0,0.0,0.0,0.0,0.0,0.0,0.0,0.0,0.0,0.0,0.2386967607555843,0.0
,0.007756948933419522,0.002902712449713459,0.0,0.0,0.0,0.0,0.0,0.0,0.0,0.0,0.0,0.0,0.24022378182042045,0.0
,0.006787330316742082,0.0024415638478868,0.0,0.0,0.0,0.0,0.0,0.0,0.0,0.0,0.0,0.0,0.23785975928833072,0.0
,0.002262443438914027,0.0020312101668513026,0.0,0.0,0.0,0.0,0.0,0.0,0.0,0.0,0.0,0.0,0.2394384676947702,0.0
,0.002262443438914027,0.004624432899964767,0.0,0.0,0.0,0.0,0.0,0.0,0.0,0.0,0.0,0.0,0.2423334718502786,0.0
,0.0016160310277957336,0.004543263086175433,0.0,0.0,0.0,0.0,0.0,0.0,0.0,0.0,0.0,0.0,0.23869817157632284,0.0
,0.0019392372333548805,0.0019045630663765667,0.0,0.0,0.0,0.0,0.0,0.0,0.0,0.0,0.0,0.0,0.23014744359282174,0.0
,0.0016160310277957336,0.0015989204731093095,0.0,0.0,0.0,0.0,0.0,0.0,0.0,0.0,0.0,0.0,0.22664334964755134,0.0
,0.0016160310277957336,0.0009210181822049306,0.0,0.0,0.0,0.0,0.0,0.0,0.0,0.0,0.0,0.0,0.22756564164127188,0.0
,0.0003232062055591467,0.0040164086591869905,0.0,0.0,0.0,0.0,0.0,0.0,0.0,0.0,0.0,0.0,0.24803421368547418,0.0
,0.002262443438914027,0.00023825670262631106,0.0,0.0,0.0,0.0,0.0,0.0,0.0,0.0,0.0,0.0,0.22245295554119085,0.0
,0.003232062055591467,0.0007400489138661661,0.0,0.0,0.0,0.0,0.0,0.0,0.0,0.0,0.0,0.0,0.23704109849067834,0.0
,0.0009696186166774402,0.0002851033084307189,0.0,0.0,0.0,0.0,0.0,0.0,0.0,0.0,0.0,0.0,0.21138545161654404,0.0
,0.003555268261150614,0.00315270833421917,0.0,0.0,0.0,0.0,0.0,0.0,0.0,0.0,0.0,0.0,0.2540231477206267,0.0
,0.0029088558500323207,0.000731610800346474,0.0,0.0,0.0,0.0,0.0,0.0,0.0,0.0,0.0,0.0,0.23514341634089533,0.0
,0.0019392372333548805,0.0003246577002380136,0.0,0.0,0.0,0.0,0.0,0.0,0.0,0.0,0.0,0.0,0.2213001867413632,0.0
,0.002262443438914027,0.0005443345268394494,0.0,0.0,0.0,0.0,0.0,0.0,0.0,0.0,0.0,0.0,0.22886577708006278,0.0
,0.0009696186166774402,0.00025100230675603795,0.0,0.0,0.0,0.0,0.0,0.0,0.0,0.0,0.0,0.0,0.2147056258400796,0.0
,0.003878474466709761,0.0015953478992632056,0.0,0.0,0.0,0.0,0.0,0.0,0.0,0.0,0.0,0.0,0.23841549440288937,0.0
,0.003232062055591467,0.0046770788197391736,0.0,0.0,0.0,0.0,0.0,0.0,0.0,0.0,0.0,0.0,0.25960384153661464,0.0
,0.0016160310277957336,0.005795977728201325,0.0,0.0,0.0,0.0,0.0,0.0,0.0,0.0,0.0,0.0,0.24304644934897035,0.0
,0.011635423400129283,0.06245556590107214,0.0,0.0,0.0,0.0,0.0,0.0,0.0,0.0,0.0,0.0,0.3039561978637609,0.0
,0.012281835811247576,0.05784147152261678,0.0,0.0,0.0,0.0,0.0,0.0,0.0,0.0,0.0,0.0,0.31091282666912917,0.0
,0.002262443438914027,0.0029971358327745786,0.0,0.0,0.0,0.0,0.0,0.0,0.0,0.0,0.0,0.0,0.24450318588974052,0.0
,0.0019392372333548805,0.004431867108922505,0.0,0.0,0.0,0.0,0.0,0.0,0.0,0.0,0.0,0.0,0.24108271513733698,0.0
,0.003555268261150614,0.015627072340418456,0.0,0.0,0.0,0.0,0.0,0.0,0.0,0.0,0.0,0.0,0.259217533167113,0.0
,0.0029088558500323207,0.01626881386455741,0.0,0.0,0.0,0.0,0.0,0.0,0.0,0.0,0.0,0.0,0.2690256871979561,0.0
,0.004848093083387201,0.02396692643932177,0.0,0.0,0.0,0.0,0.0,0.0,0.0,0.0,0.0,0.0,0.2739722812201804,0.0
,0.007756948933419522,0.026743736521714877,0.0,0.0,0.0,0.0,0.0,0.0,0.0,0.0,0.0,0.0,0.29143695939914427,0.0
,0.007110536522301228,0.0191488627821171,0.0,0.0,0.0,0.0,0.0,0.0,0.0,0.0,0.0,0.0,0.2798057684612306,0.0
,0.004848093083387201,0.017159412833215704,0.0,0.0,0.0,0.0,0.0,0.0,0.0,0.0,0.0,0.0,0.27291378089697416,0.0
,0.0009696186166774402,0.00029368356158259774,0.0,0.0,0.0,0.0,0.0,0.0,0.0,0.0,0.0,0.0,0.20187049178645816,0.0
,0.002262443438914027,0.0003351860308725761,0.0,0.0,0.0,0.0,0.0,0.0,0.0,0.0,0.0,0.0,0.22388314300079007,0.0
,0.0006464124111182935,1.0956346593563467e-05,0.0,0.0,0.0,0.0,0.0,0.0,0.0,0.0,0.0,0.0,0.16586725599330643,0.0
,0.004848093083387201,0.007532962252441849,0.0,0.0,0.0,0.0,0.0,0.0,0.0,0.0,0.0,0.0,0.24637329290690635,0.0
,0.006464124111182934,0.07783390894962992,0.0,0.0,0.0,0.0,0.0,0.0,0.0,0.0,0.0,0.0,0.278150490965617,0.0
,0.0019392372333548805,0.003641174627072635,0.0,0.0,0.0,0.0,0.0,0.0,0.0,0.0,0.0,0.0,0.23570517950770054,0.0
,0.006787330316742082,0.005543768242120208,0.0,0.0,0.0,0.0,0.0,0.0,0.0,0.0,0.0,0.0,0.26085857419891034,0.0
,0.001292824822236587,0.00041329268451044984,0.0,0.0,0.0,0.0,0.0,0.0,0.0,0.0,0.0,0.0,0.21218808036034925,0.0
,0.0016160310277957336,0.0003740955250990918,0.0,0.0,0.0,0.0,0.0,0.0,0.0,0.0,0.0,0.0,0.2072073701275382,0.0
,0.0006464124111182935,0.0001041813357936195,0.0,0.0,0.0,0.0,0.0,0.0,0.0,0.0,0.0,0.0,0.19407788756528252,0.0
,0.0029088558500323207,0.0015012467525521705,0.0,0.0,0.0,0.0,0.0,0.0,0.0,0.0,0.0,0.0,0.24065895589004835,0.0
,0.004524886877828054,0.008861888103927655,0.0,0.0,0.0,0.0,0.0,0.0,0.0,0.0,0.0,0.0,0.26684135192538555,0.0
,0.0003232062055591467,0.00034073133551638154,0.0,0.0,0.0,0.0,0.0,0.0,0.0,0.0,0.0,0.0,0.19353420855521697,0.0
,0.002262443438914027,0.009141607266404445,0.0,0.0,0.0,0.0,0.0,0.0,0.0,0.0,0.0,0.0,0.24556130144365437,0.0
,0.0016160310277957336,0.00015184863857901868,0.0,0.0,0.0,0.0,0.0,0.0,0.0,0.0,0.0,0.0,0.21484298847744226,0.0
,0.0006464124111182935,0.00016346426391159645,0.0,0.0,0.0,0.0,0.0,0.0,0.0,0.0,0.0,0.0,0.20329093175731833,0.0
,0.0006464124111182935,1.2301062482263658e-05,0.0,0.0,0.0,0.0,0.0,0.0,0.0,0.0,0.0,0.0,0.17949307928299524,0.0
,0.0019392372333548805,0.0010307607787076818,0.0,0.0,0.0,0.0,0.0,0.0,0.0,0.0,0.0,0.0,0.237287350837771,0.0
,0.002585649644473174,0.000824491839305931,0.0,0.0,0.0,0.0,0.0,0.0,0.0,0.0,0.0,0.0,0.22761655944429052,0.0
,0.002262443438914027,0.0018093092133798967,0.0,0.0,0.0,0.0,0.0,0.0,0.0,0.0,0.0,0.0,0.2389734098767712,0.0
,0.004201680672268907,0.008773966845454173,0.0,0.0,0.0,0.0,0.0,0.0,0.0,0.0,0.0,0.0,0.2696413180656878,0.0
,0.002585649644473174,0.008750310231670529,0.0,0.0,0.0,0.0,0.0,0.0,0.0,0.0,0.0,0.0,0.26765667805583776,0.0
,0.003878474466709761,0.003660600821077718,0.0,0.0,0.0,0.0,0.0,0.0,0.0,0.0,0.0,0.0,0.26091680261848327,0.0
,0.0019392372333548805,0.0022523806909406662,0.0,0.0,0.0,0.0,0.0,0.0,0.0,0.0,0.0,0.0,0.24026046315962282,0.0
,0.0019392372333548805,0.002388190656998344,0.0,0.0,0.0,0.0,0.0,0.0,0.0,0.0,0.0,0.0,0.22837788961738542,0.0
,0.0019392372333548805,0.0019236795449404484,0.0,0.0,0.0,0.0,0.0,0.0,0.0,0.0,0.0,0.0,0.24014426283333848,0.0
,0.0029088558500323207,0.006455705011579715,0.0,0.0,0.0,0.0,0.0,0.0,0.0,0.0,0.0,0.0,0.2618343491242651,0.0
,0.0003232062055591467,9.925814194064537e-05,0.0,0.0,0.0,0.0,0.0,0.0,0.0,0.0,0.0,0.0,0.19658158135048892,0.0
,0.0029088558500323207,0.002663264200529962,0.0,0.0,0.0,0.0,0.0,0.0,0.0,0.0,0.0,0.0,0.25060254871179244,0.0
,0.002585649644473174,0.010961445501476434,0.0,0.0,0.0,0.0,0.0,0.0,0.0,0.0,0.0,0.0,0.2624284329116262,0.0
,0.011635423400129283,0.028416681003600536,0.0,0.0,0.0,0.0,0.0,0.0,0.0,0.0,0.0,0.0,0.3060316434266014,0.0
,0.004201680672268907,0.00783053876680042,0.0,0.0,0.0,0.0,0.0,0.0,0.0,0.0,0.0,0.0,0.266267660910518,0.0
,0.002262443438914027,0.006165348589498928,0.0,0.0,0.0,0.0,0.0,0.0,0.0,0.0,0.0,0.0,0.24349316649736819,0.0
,0.010342598577892695,0.03888650571151162,0.0,0.0,0.0,0.0,0.0,0.0,0.0,0.0,0.0,0.0,0.29478637608889713,0.0
,0.0009696186166774402,0.00026304952492855853,0.0,0.0,0.0,0.0,0.0,0.0,0.0,0.0,0.0,0.0,0.20097513364320088,0.0
,0.0016160310277957336,0.003938919910443325,0.0,0.0,0.0,0.0,0.0,0.0,0.0,0.0,0.0,0.0,0.251631421799489,0.0
,0.005494505494505494,0.023114098822820422,0.0,0.0,0.0,0.0,0.0,0.0,0.0,0.0,0.0,0.0,0.2735249227896287,0.0
,0.006464124111182934,0.03044061902614384,0.0,0.0,0.0,0.0,0.0,0.0,0.0,0.0,0.0,0.0,0.2814379597993043,0.0
,0.0003232062055591467,9.932789522367386e-06,0.0,0.0,0.0,0.0,0.0,0.0,0.0,0.0,0.0,0.0,0.1717481864540688,0.0
,0.0009696186166774402,0.00026650134528687135,0.0,0.0,0.0,0.0,0.0,0.0,0.0,0.0,0.0,0.0,0.21096579657504028,0.0
,0.0009696186166774402,6.7199154025894395e-18,0.0,0.0,0.0,0.0,0.0,0.0,0.0,0.0,0.0,0.0,0.0038246067657832367,0.0
,0.003878474466709761,2.3326858185299227e-17,0.0,0.0,0.0,0.0,0.0,0.0,0.0,0.0,0.0,0.0,0.005709976298211593,0.0
,0.003878474466709761,2.2899935594456756e-17,0.0,0.0,0.0,0.0,0.0,0.0,0.0,0.0,0.0,0.0,0.005709976298211593,0.0
,0.0006464124111182935,4.018519600118127e-18,0.0,0.0,0.0,0.0,0.0,0.0,0.0,0.0,0.0,0.0,0.0035014005602240898,0.0
,0.003878474466709761,2.1581162116325328e-17,0.0,0.0,0.0,0.0,0.0,0.0,0.0,0.0,0.0,0.0,0.005709976298211593,0.0
,0.002262443438914027,1.6392758122181402e-17,0.0,0.0,0.0,0.0,0.0,0.0,0.0,0.0,0.0,0.0,0.004848093083387201,0.0
,0.002585649644473174,1.5970048195914698e-17,0.0,0.0,0.0,0.0,0.0,0.0,0.0,0.0,0.0,0.0,0.004901960784313725,0.0
,0.0009696186166774402,6.712139977328881e-18,0.0,0.0,0.0,0.0,0.0,0.0,0.0,0.0,0.0,0.0,0.0038246067657832367,0.0
,0.002585649644473174,1.9094107188844943e-17,0.0,0.0,0.0,0.0,0.0,0.0,0.0,0.0,0.0,0.0,0.004901960784313725,0.0
,0.003232062055591467,2.17803911692016e-17,0.0,0.0,0.0,0.0,0.0,0.0,0.0,0.0,0.0,0.0,0.005494505494505495,0.0
,0.001292824822236587,9.284081419005107e-18,0.0,0.0,0.0,0.0,0.0,0.0,0.0,0.0,0.0,0.0,0.004093945270415859,0.0
,0.001292824822236587,1.0900617614352396e-17,0.0,0.0,0.0,0.0,0.0,0.0,0.0,0.0,0.0,0.0,0.00398620986856281,0.0
,0.002585649644473174,1.9062998433097738e-17,0.0,0.0,0.0,0.0,0.0,0.0,0.0,0.0,0.0,0.0,0.0049558284852402506,0.0
,0.0009696186166774402,0.0006397724592559303,0.0,0.0,0.0,0.0,0.0,0.0,0.0,0.0,0.0,0.0,0.20873156955089728,0.0
,0.0016160310277957336,0.005032021627832593,0.0,0.0,0.0,0.0,0.0,0.0,0.0,0.0,0.0,0.0,0.25335711207559947,0.0
,0.002585649644473174,0.005796545854506727,0.0,0.0,0.0,0.0,0.0,0.0,0.0,0.0,0.0,0.0,0.2432980884661557,0.0
,0.003232062055591467,0.0063392842496372,0.0,0.0,0.0,0.0,0.0,0.0,0.0,0.0,0.0,0.0,0.2475043863699326,0.0
,0.001292824822236587,0.00020121383641986203,0.0,0.0,0.0,0.0,0.0,0.0,0.0,0.0,0.0,0.0,0.20941209817260237,0.0
,0.001292824822236587,0.00162317209963619,0.0,0.0,0.0,0.0,0.0,0.0,0.0,0.0,0.0,0.0,0.23290790675244458,0.0
,0.001292824822236587,0.000787363258463949,0.0,0.0,0.0,0.0,0.0,0.0,0.0,0.0,0.0,0.0,0.23299050389386525,0.0
,0.003232062055591467,0.0003954189900111393,0.0,0.0,0.0,0.0,0.0,0.0,0.0,0.0,0.0,0.0,0.22395278624270223,0.0
,0.004201680672268907,0.0010049991454115852,0.0,0.0,0.0,0.0,0.0,0.0,0.0,0.0,0.0,0.0,0.23759362719446755,0.0
,0.004524886877828054,0.015679308590950545,0.0,0.0,0.0,0.0,0.0,0.0,0.0,0.0,0.0,0.0,0.2780362144857943,0.0
,0.002585649644473174,0.0011305157887733686,0.0,0.0,0.0,0.0,0.0,0.0,0.0,0.0,0.0,0.0,0.23380236710068641,0.0
,0.0006464124111182935,5.902454195682316e-05,0.0,0.0,0.0,0.0,0.0,0.0,0.0,0.0,0.0,0.0,0.1957186720842183,0.0
,0.003232062055591467,0.0017863627468509065,0.0,0.0,0.0,0.0,0.0,0.0,0.0,0.0,0.0,0.0,0.23423330870809864,0.0
,0.003555268261150614,0.0009766174569730687,0.0,0.0,0.0,0.0,0.0,0.0,0.0,0.0,0.0,0.0,0.23341695652620023,0.0
,0.0016160310277957336,0.0001910062606351294,0.0,0.0,0.0,0.0,0.0,0.0,0.0,0.0,0.0,0.0,0.214220175249587,0.0
,0.002262443438914027,0.005034817280002243,0.0,0.0,0.0,0.0,0.0,0.0,0.0,0.0,0.0,0.0,0.26046687905931604,0.0
,0.0016160310277957336,0.0001226113966930641,0.0,0.0,0.0,0.0,0.0,0.0,0.0,0.0,0.0,0.0,0.20427773673571994,0.0
,0.0029088558500323207,0.0014827794654014672,0.0,0.0,0.0,0.0,0.0,0.0,0.0,0.0,0.0,0.0,0.23974641138506683,0.0
,0.0019392372333548805,0.0007879408301991153,0.0,0.0,0.0,0.0,0.0,0.0,0.0,0.0,0.0,0.0,0.2268317583443634,0.0
,0.002262443438914027,0.0005113209844095834,0.0,0.0,0.0,0.0,0.0,0.0,0.0,0.0,0.0,0.0,0.22045985060690942,0.0
,0.0009696186166774402,0.0004114466646077812,0.0,0.0,0.0,0.0,0.0,0.0,0.0,0.0,0.0,0.0,0.214559028739701,0.0
,0.0006464124111182935,9.635287104213851e-05,0.0,0.0,0.0,0.0,0.0,0.0,0.0,0.0,0.0,0.0,0.1874504930177199,0.0
,0.006140917905623788,0.010324621917293908,0.0,0.0,0.0,0.0,0.0,0.0,0.0,0.0,0.0,0.0,0.27751793024902266,0.0
,0.004524886877828054,0.00879323054978548,0.0,0.0,0.0,0.0,0.0,0.0,0.0,0.0,0.0,0.0,0.26341767476221256,0.0
,0.003555268261150614,0.004535101269151131,0.0,0.0,0.0,0.0,0.0,0.0,0.0,0.0,0.0,0.0,0.25472855808990263,0.0
,0.005817711700064641,0.004931673843511282,0.0,0.0,0.0,0.0,0.0,0.0,0.0,0.0,0.0,0.0,0.2648305476036568,0.0
,0.009372979961215255,0.01906136338122678,0.0,0.0,0.0,0.0,0.0,0.0,0.0,0.0,0.0,0.0,0.29414034844707115,0.0
,0.006787330316742082,0.008198403658406647,0.0,0.0,0.0,0.0,0.0,0.0,0.0,0.0,0.0,0.0,0.27900621787176405,0.0
,0.006464124111182934,0.01752411215093618,0.0,0.0,0.0,0.0,0.0,0.0,0.0,0.0,0.0,0.0,0.28610521131529537,0.0
,0.006140917905623788,0.011223644406913333,0.0,0.0,0.0,0.0,0.0,0.0,0.0,0.0,0.0,0.0,0.28052913473081537,0.0
,0.0016160310277957336,0.003903606486490134,0.0,0.0,0.0,0.0,0.0,0.0,0.0,0.0,0.0,0.0,0.24084415817609095,0.0
,0.0029088558500323207,0.007399709960512875,0.0,0.0,0.0,0.0,0.0,0.0,0.0,0.0,0.0,0.0,0.25890009850093887,0.0
,0.0009696186166774402,0.001315111097966458,0.0,0.0,0.0,0.0,0.0,0.0,0.0,0.0,0.0,0.0,0.23853477288351235,0.0
,0.006140917905623788,0.008162617192857564,0.0,0.0,0.0,0.0,0.0,0.0,0.0,0.0,0.0,0.0,0.26843121864130265,0.0
,0.005494505494505494,0.0096628342475039,0.0,0.0,0.0,0.0,0.0,0.0,0.0,0.0,0.0,0.0,0.2745228860775079,0.0
,0.005494505494505494,0.008116019615304781,0.0,0.0,0.0,0.0,0.0,0.0,0.0,0.0,0.0,0.0,0.267061824729892,0.0
,0.0029088558500323207,0.006762709234072612,0.0,0.0,0.0,0.0,0.0,0.0,0.0,0.0,0.0,0.0,0.24777564872102686,0.0
,0.003878474466709761,0.002670687034888534,0.0,0.0,0.0,0.0,0.0,0.0,0.0,0.0,0.0,0.0,0.25803795877325286,0.0
,0.003232062055591467,0.007062933345656993,0.0,0.0,0.0,0.0,0.0,0.0,0.0,0.0,0.0,0.0,0.24689183365653955,0.0
,0.0019392372333548805,0.00609597994449778,0.0,0.0,0.0,0.0,0.0,0.0,0.0,0.0,0.0,0.0,0.24074245082648446,0.0
,0.008403361344537815,0.012196712948891946,0.0,0.0,0.0,0.0,0.0,0.0,0.0,0.0,0.0,0.0,0.2954208606519531,0.0
,0.0016160310277957336,0.001566836920115678,0.0,0.0,0.0,0.0,0.0,0.0,0.0,0.0,0.0,0.0,0.24316739516319347,0.0
,0.003555268261150614,0.006631540061506945,0.0,0.0,0.0,0.0,0.0,0.0,0.0,0.0,0.0,0.0,0.25493928340566996,0.0
,0.005817711700064641,0.013402527734119093,0.0,0.0,0.0,0.0,0.0,0.0,0.0,0.0,0.0,0.0,0.27988464616615877,0.0
,0.003232062055591467,0.00935166277061337,0.0,0.0,0.0,0.0,0.0,0.0,0.0,0.0,0.0,0.0,0.2667855603779974,0.0
,0.0029088558500323207,0.006970887476509337,0.0,0.0,0.0,0.0,0.0,0.0,0.0,0.0,0.0,0.0,0.25395196540154524,0.0
,0.003555268261150614,0.007368269957524316,0.0,0.0,0.0,0.0,0.0,0.0,0.0,0.0,0.0,0.0,0.25670614399605995,0.0
,0.004524886877828054,0.0032895613784214017,0.0,0.0,0.0,0.0,0.0,0.0,0.0,0.0,0.0,0.0,0.25935463929161406,0.0
,0.0019392372333548805,0.00609597994449778,0.0,0.0,0.0,0.0,0.0,0.0,0.0,0.0,0.0,0.0,0.24074245082648446,0.0
,0.008403361344537815,0.017738343664407557,0.0,0.0,0.0,0.0,0.0,0.0,0.0,0.0,0.0,0.0,0.2897370486656201,0.0
,0.006140917905623788,0.008747998435093508,0.0,0.0,0.0,0.0,0.0,0.0,0.0,0.0,0.0,0.0,0.26891525841105673,0.0
,0.0009696186166774402,0.00017819035873252822,0.0,0.0,0.0,0.0,0.0,0.0,0.0,0.0,0.0,0.0,0.2093015411292722,0.0
,0.0006464124111182935,9.924668428624651e-05,0.0,0.0,0.0,0.0,0.0,0.0,0.0,0.0,0.0,0.0,0.2000234709268323,0.0
,0.0006464124111182935,7.843970466129153e-05,0.0,0.0,0.0,0.0,0.0,0.0,0.0,0.0,0.0,0.0,0.19626273586357618,0.0
,0.003232062055591467,0.005434718943354701,0.0,0.0,0.0,0.0,0.0,0.0,0.0,0.0,0.0,0.0,0.2572756025487118,0.0
,0.004201680672268907,0.0049287415504142024,0.0,0.0,0.0,0.0,0.0,0.0,0.0,0.0,0.0,0.0,0.2549590348960097,0.0
,0.0009696186166774402,0.00017819035873252822,0.0,0.0,0.0,0.0,0.0,0.0,0.0,0.0,0.0,0.0,0.2093015411292722,0.0
,0.003232062055591467,0.009517176118081982,0.0,0.0,0.0,0.0,0.0,0.0,0.0,0.0,0.0,0.0,0.2519400067719395,0.0
,0.003232062055591467,0.001219632750822485,0.0,0.0,0.0,0.0,0.0,0.0,0.0,0.0,0.0,0.0,0.24211351207149528,0.0
,0.0016160310277957336,0.0007779980574282065,0.0,0.0,0.0,0.0,0.0,0.0,0.0,0.0,0.0,0.0,0.22749869178440607,0.0
,0.0029088558500323207,0.009496498592680303,0.0,0.0,0.0,0.0,0.0,0.0,0.0,0.0,0.0,0.0,0.25150906516452737,0.0
,0.001292824822236587,0.00038451157068199936,0.0,0.0,0.0,0.0,0.0,0.0,0.0,0.0,0.0,0.0,0.21672207344476252,0.0
,0.002262443438914027,0.0008755604162606347,0.0,0.0,0.0,0.0,0.0,0.0,0.0,0.0,0.0,0.0,0.23271577861913997,0.0
,0.0029088558500323207,0.006342195483724396,0.0,0.0,0.0,0.0,0.0,0.0,0.0,0.0,0.0,0.0,0.2385124562645571,0.0
,0.004524886877828054,0.00472574378190864,0.0,0.0,0.0,0.0,0.0,0.0,0.0,0.0,0.0,0.0,0.26256618031828116,0.0
,0.0006464124111182935,0.0006687670162019768,0.0,0.0,0.0,0.0,0.0,0.0,0.0,0.0,0.0,0.0,0.21150113891710529,0.0
,0.0019392372333548805,0.0011234604366848213,0.0,0.0,0.0,0.0,0.0,0.0,0.0,0.0,0.0,0.0,0.23901252808815834,0.0
,0.0006464124111182935,0.0012014747062548997,0.0,0.0,0.0,0.0,0.0,0.0,0.0,0.0,0.0,0.0,0.20758316146971612,0.0
,0.006140917905623788,0.04333632029509733,0.0,0.0,0.0,0.0,0.0,0.0,0.0,0.0,0.0,0.0,0.298337411887832,0.0
,0.0006464124111182935,0.0012014747062548997,0.0,0.0,0.0,0.0,0.0,0.0,0.0,0.0,0.0,0.0,0.20758316146971612,0.0
,0.001292824822236587,0.0006962189112673847,0.0,0.0,0.0,0.0,0.0,0.0,0.0,0.0,0.0,0.0,0.2131810416474282,0.0
,0.002262443438914027,0.0018766428850238955,0.0,0.0,0.0,0.0,0.0,0.0,0.0,0.0,0.0,0.0,0.23635146366238804,0.0
,0.004201680672268907,0.02297031495996424,0.0,0.0,0.0,0.0,0.0,0.0,0.0,0.0,0.0,0.0,0.28124057315233786,0.0
,0.006464124111182934,0.01114512471431908,0.0,0.0,0.0,0.0,0.0,0.0,0.0,0.0,0.0,0.0,0.2728572198110013,0.0
,0.0016160310277957336,0.006211344659398733,0.0,0.0,0.0,0.0,0.0,0.0,0.0,0.0,0.0,0.0,0.23810075312176154,0.0
,0.003555268261150614,0.030225933125593483,0.0,0.0,0.0,0.0,0.0,0.0,0.0,0.0,0.0,0.0,0.26837196417028353,0.0
,0.024240465416936006,0.15024906368246463,0.0,0.0,0.0,0.0,0.0,0.0,0.0,0.0,0.0,0.0,0.3406408717333087,0.0
,0.0029088558500323207,0.020582281771234955,0.0,0.0,0.0,0.0,0.0,0.0,0.0,0.0,0.0,0.0,0.2755906208637301,0.0
,0.002262443438914027,0.003642028921486446,0.0,0.0,0.0,0.0,0.0,0.0,0.0,0.0,0.0,0.0,0.24342403628117915,0.0
,0.013897866839043309,0.08965227794691404,0.0,0.0,0.0,0.0,0.0,0.0,0.0,0.0,0.0,0.0,0.31690445408932805,0.0
,0.0019392372333548805,0.006888036461473364,0.0,0.0,0.0,0.0,0.0,0.0,0.0,0.0,0.0,0.0,0.25202119309262166,0.0
,0.004848093083387201,0.009933185397943517,0.0,0.0,0.0,0.0,0.0,0.0,0.0,0.0,0.0,0.0,0.2639536583864315,0.0
,0.004848093083387201,0.008123418776539472,0.0,0.0,0.0,0.0,0.0,0.0,0.0,0.0,0.0,0.0,0.2677874996152307,0.0
,0.0029088558500323207,0.020761185056933338,0.0,0.0,0.0,0.0,0.0,0.0,0.0,0.0,0.0,0.0,0.2649940745528981,0.0
,0.003555268261150614,0.028791193740408783,0.0,0.0,0.0,0.0,0.0,0.0,0.0,0.0,0.0,0.0,0.26782366792870993,0.0
,0.002585649644473174,0.0030831829727110426,0.0,0.0,0.0,0.0,0.0,0.0,0.0,0.0,0.0,0.0,0.2490766819548332,0.0
,0.002262443438914027,0.0017178427703043071,0.0,0.0,0.0,0.0,0.0,0.0,0.0,0.0,0.0,0.0,0.23914001498035112,0.0
,0.0006464124111182935,0.0017698819380788124,0.0,0.0,0.0,0.0,0.0,0.0,0.0,0.0,0.0,0.0,0.20694521398302912,0.0
,0.0003232062055591467,2.418379811269855e-36,0.0,0.0,0.0,0.0,0.0,0.0,0.0,0.0,0.0,0.0,0.0003232062055591467,0.0
,0.0003232062055591467,2.418379811269855e-36,0.0,0.0,0.0,0.0,0.0,0.0,0.0,0.0,0.0,0.0,0.0003232062055591467,0.0
,0.0006464124111182935,3.0890325052239435e-05,0.0,0.0,0.0,0.0,0.0,0.0,0.0,0.0,0.0,0.0,0.1730244661967351,0.0
,0.0019392372333548805,0.0004145028930686806,0.0,0.0,0.0,0.0,0.0,0.0,0.0,0.0,0.0,0.0,0.21283410800217523,0.0
,0.0019392372333548805,0.0004145028930686806,0.0,0.0,0.0,0.0,0.0,0.0,0.0,0.0,0.0,0.0,0.21283410800217523,0.0
,0.0029088558500323207,7.01111643537406e-05,0.0,0.0,0.0,0.0,0.0,0.0,0.0,0.0,0.0,0.0,0.1819309775192128,0.0
,0.0003232062055591467,2.613159962171723e-06,0.0,0.0,0.0,0.0,0.0,0.0,0.0,0.0,0.0,0.0,0.15179239527979022,0.0
,0.0006464124111182935,5.222689379323013e-06,0.0,0.0,0.0,0.0,0.0,0.0,0.0,0.0,0.0,0.0,0.15200786608349634,0.0
,0.0006464124111182935,5.222689379323013e-06,0.0,0.0,0.0,0.0,0.0,0.0,0.0,0.0,0.0,0.0,0.15200786608349634,0.0
,0.0006464124111182935,5.222689379323013e-06,0.0,0.0,0.0,0.0,0.0,0.0,0.0,0.0,0.0,0.0,0.15200786608349634,0.0
,0.0009696186166774402,0.00044384518733291627,0.0,0.0,0.0,0.0,0.0,0.0,0.0,0.0,0.0,0.0,0.21588186556673952,0.0
,0.001292824822236587,0.00044508170269905883,0.0,0.0,0.0,0.0,0.0,0.0,0.0,0.0,0.0,0.0,0.21609733637044565,0.0
,0.0009696186166774402,0.00044384518733291627,0.0,0.0,0.0,0.0,0.0,0.0,0.0,0.0,0.0,0.0,0.21588186556673952,0.0
,0.0009696186166774402,8.506387642990922e-05,0.0,0.0,0.0,0.0,0.0,0.0,0.0,0.0,0.0,0.0,0.19539674844296692,0.0
,0.001292824822236587,0.00044508170269905883,0.0,0.0,0.0,0.0,0.0,0.0,0.0,0.0,0.0,0.0,0.21609733637044565,0.0
,0.0019392372333548805,0.0048334855232867275,0.0,0.0,0.0,0.0,0.0,0.0,0.0,0.0,0.0,0.0,0.25305583771970325,0.0
,0.013574660633484163,0.029318985512273184,0.0,0.0,0.0,0.0,0.0,0.0,0.0,0.0,0.0,0.0,0.30957190568535103,0.0
,0.006787330316742082,0.02430236851579387,0.0,0.0,0.0,0.0,0.0,0.0,0.0,0.0,0.0,0.0,0.2929810385692739,0.0
,0.0009696186166774402,0.0003180487050178545,0.0,0.0,0.0,0.0,0.0,0.0,0.0,0.0,0.0,0.0,0.2204766521993413,0.0
,0.0009696186166774402,0.0003180487050178545,0.0,0.0,0.0,0.0,0.0,0.0,0.0,0.0,0.0,0.0,0.2204766521993413,0.0
,0.014544279250161603,0.032799880387688114,0.0,0.0,0.0,0.0,0.0,0.0,0.0,0.0,0.0,0.0,0.3148340105272878,0.0
,0.0019392372333548805,0.00033557218062359016,0.0,0.0,0.0,0.0,0.0,0.0,0.0,0.0,0.0,0.0,0.21116113111911433,0.0
,0.0003232062055591467,1.2505999912596727e-05,0.0,0.0,0.0,0.0,0.0,0.0,0.0,0.0,0.0,0.0,0.1716749520320949,0.0
,0.0003232062055591467,1.2505999912596727e-05,0.0,0.0,0.0,0.0,0.0,0.0,0.0,0.0,0.0,0.0,0.1716749520320949,0.0
,0.0009696186166774402,0.00013556478079963214,0.0,0.0,0.0,0.0,0.0,0.0,0.0,0.0,0.0,0.0,0.19719362103815885,0.0
,0.0003232062055591467,1.2505999912596727e-05,0.0,0.0,0.0,0.0,0.0,0.0,0.0,0.0,0.0,0.0,0.1716749520320949,0.0
,0.002262443438914027,0.002534799436566324,0.0,0.0,0.0,0.0,0.0,0.0,0.0,0.0,0.0,0.0,0.24351176367983088,0.0
,0.002262443438914027,0.005567580115867629,0.0,0.0,0.0,0.0,0.0,0.0,0.0,0.0,0.0,0.0,0.260964770523594,0.0
,0.0016160310277957336,0.002108824820643987,0.0,0.0,0.0,0.0,0.0,0.0,0.0,0.0,0.0,0.0,0.23629336349924587,0.0
,0.004524886877828054,0.03262631032729848,0.0,0.0,0.0,0.0,0.0,0.0,0.0,0.0,0.0,0.0,0.28325522516698987,0.0
,0.002262443438914027,0.0011183569744252734,0.0,0.0,0.0,0.0,0.0,0.0,0.0,0.0,0.0,0.0,0.2299742974112722,0.0
,0.0003232062055591467,0.00015829880806808805,0.0,0.0,0.0,0.0,0.0,0.0,0.0,0.0,0.0,0.0,0.20466596895168324,0.0
,0.002585649644473174,0.0048195870481990265,0.0,0.0,0.0,0.0,0.0,0.0,0.0,0.0,0.0,0.0,0.2493308862006341,0.0
,0.0016160310277957336,0.0011242182785245495,0.0,0.0,0.0,0.0,0.0,0.0,0.0,0.0,0.0,0.0,0.22500384769292334,0.0
,0.0009696186166774402,0.002177470062567408,0.0,0.0,0.0,0.0,0.0,0.0,0.0,0.0,0.0,0.0,0.2331875057715394,0.0
,0.001292824822236587,0.00032471612975863863,0.0,0.0,0.0,0.0,0.0,0.0,0.0,0.0,0.0,0.0,0.21445193462000187,0.0
,0.005494505494505494,0.00843973898431191,0.0,0.0,0.0,0.0,0.0,0.0,0.0,0.0,0.0,0.0,0.27653061224489794,0.0
,0.0029088558500323207,0.009283390217318176,0.0,0.0,0.0,0.0,0.0,0.0,0.0,0.0,0.0,0.0,0.2560458798904177,0.0
,0.0016160310277957336,0.0005112455188731825,0.0,0.0,0.0,0.0,0.0,0.0,0.0,0.0,0.0,0.0,0.2225999374108618,0.0
,0.004524886877828054,0.005527023275961371,0.0,0.0,0.0,0.0,0.0,0.0,0.0,0.0,0.0,0.0,0.26968825991935236,0.0
,0.002262443438914027,0.0004890572768314992,0.0,0.0,0.0,0.0,0.0,0.0,0.0,0.0,0.0,0.0,0.2245814992663732,0.0
,0.002585649644473174,0.0008771015558915012,0.0,0.0,0.0,0.0,0.0,0.0,0.0,0.0,0.0,0.0,0.22701965401545232,0.0
,0.003232062055591467,0.008109301384778216,0.0,0.0,0.0,0.0,0.0,0.0,0.0,0.0,0.0,0.0,0.26391210330285964,0.0
,0.002262443438914027,0.004895033839372806,0.0,0.0,0.0,0.0,0.0,0.0,0.0,0.0,0.0,0.0,0.25956344076091975,0.0
,0.009049773755656108,0.0793873890640698,0.0,0.0,0.0,0.0,0.0,0.0,0.0,0.0,0.0,0.0,0.2903719179979684,0.0
,0.0009696186166774402,0.0007090743752215129,0.0,0.0,0.0,0.0,0.0,0.0,0.0,0.0,0.0,0.0,0.22055488862211553,0.0
,0.003878474466709761,0.002462857685619839,0.0,0.0,0.0,0.0,0.0,0.0,0.0,0.0,0.0,0.0,0.25040631637270294,0.0
,0.0009696186166774402,0.0006828721262723219,0.0,0.0,0.0,0.0,0.0,0.0,0.0,0.0,0.0,0.0,0.2122025733370271,0.0
,0.0016160310277957336,0.0012593435085066643,0.0,0.0,0.0,0.0,0.0,0.0,0.0,0.0,0.0,0.0,0.22862657883666285,0.0
,0.0019392372333548805,0.0005388832843037021,0.0,0.0,0.0,0.0,0.0,0.0,0.0,0.0,0.0,0.0,0.21716699500312944,0.0
,0.002262443438914027,0.009673455789583466,0.0,0.0,0.0,0.0,0.0,0.0,0.0,0.0,0.0,0.0,0.2599166589712808,0.0
,0.003555268261150614,0.003094264811673901,0.0,0.0,0.0,0.0,0.0,0.0,0.0,0.0,0.0,0.0,0.25375727213962507,0.0
,0.0009696186166774402,0.0008757744956274567,0.0,0.0,0.0,0.0,0.0,0.0,0.0,0.0,0.0,0.0,0.21423582253414186,0.0
,0.003232062055591467,0.009448052296234497,0.0,0.0,0.0,0.0,0.0,0.0,0.0,0.0,0.0,0.0,0.2585295656724228,0.0
,0.003232062055591467,0.012962016053945036,0.0,0.0,0.0,0.0,0.0,0.0,0.0,0.0,0.0,0.0,0.2722115769384677,0.0
,0.0016160310277957336,0.0010592342232078643,0.0,0.0,0.0,0.0,0.0,0.0,0.0,0.0,0.0,0.0,0.2154885030935451,0.0
,0.003878474466709761,0.007677989328510901,0.0,0.0,0.0,0.0,0.0,0.0,0.0,0.0,0.0,0.0,0.25668613599285867,0.0
,0.0074337427278603745,0.029989623105700913,0.0,0.0,0.0,0.0,0.0,0.0,0.0,0.0,0.0,0.0,0.3049781451041955,0.0
,0.001292824822236587,0.002090132167369749,0.0,0.0,0.0,0.0,0.0,0.0,0.0,0.0,0.0,0.0,0.23024209683873548,0.0
,0.0019392372333548805,0.003686594159199361,0.0,0.0,0.0,0.0,0.0,0.0,0.0,0.0,0.0,0.0,0.24592259980915443,0.0
,0.001292824822236587,0.011985395132017969,0.0,0.0,0.0,0.0,0.0,0.0,0.0,0.0,0.0,0.0,0.2591190322282759,0.0
,0.002262443438914027,0.0018445232931235962,0.0,0.0,0.0,0.0,0.0,0.0,0.0,0.0,0.0,0.0,0.24614345738295318,0.0
,0.0016160310277957336,0.001335587275357629,0.0,0.0,0.0,0.0,0.0,0.0,0.0,0.0,0.0,0.0,0.22414081017022194,0.0
,0.008403361344537815,0.006057415931653555,0.0,0.0,0.0,0.0,0.0,0.0,0.0,0.0,0.0,0.0,0.27220542062979036,0.0
,0.005171299288946348,0.014522515975503868,0.0,0.0,0.0,0.0,0.0,0.0,0.0,0.0,0.0,0.0,0.2753301320528211,0.0
,0.003555268261150614,0.009893940893570756,0.0,0.0,0.0,0.0,0.0,0.0,0.0,0.0,0.0,0.0,0.2618832148243913,0.0
,0.002585649644473174,0.0015152734069152165,0.0,0.0,0.0,0.0,0.0,0.0,0.0,0.0,0.0,0.0,0.2370576435702486,0.0
,0.0003232062055591467,0.0005411904123843582,0.0,0.0,0.0,0.0,0.0,0.0,0.0,0.0,0.0,0.0,0.21104659812643006,0.0
,0.0009696186166774402,0.0005760246721486506,0.0,0.0,0.0,0.0,0.0,0.0,0.0,0.0,0.0,0.0,0.21470998655872606,0.0
,0.003878474466709761,0.013677164597475179,0.0,0.0,0.0,0.0,0.0,0.0,0.0,0.0,0.0,0.0,0.2618274232770031,0.0
,0.001292824822236587,0.00227100044168495,0.0,0.0,0.0,0.0,0.0,0.0,0.0,0.0,0.0,0.0,0.23796749469018377,0.0
,0.0016160310277957336,0.0021436950588662094,0.0,0.0,0.0,0.0,0.0,0.0,0.0,0.0,0.0,0.0,0.23151414411918614,0.0
,0.002262443438914027,0.01809468108199714,0.0,0.0,0.0,0.0,0.0,0.0,0.0,0.0,0.0,0.0,0.25775233170191153,0.0
,0.006140917905623788,0.017737552514276354,0.0,0.0,0.0,0.0,0.0,0.0,0.0,0.0,0.0,0.0,0.28069612460368765,0.0
,0.004848093083387201,0.008405118606488808,0.0,0.0,0.0,0.0,0.0,0.0,0.0,0.0,0.0,0.0,0.26619263089851325,0.0
,0.002262443438914027,0.00158295062118672,0.0,0.0,0.0,0.0,0.0,0.0,0.0,0.0,0.0,0.0,0.23670134720554886,0.0
,0.010665804783451843,0.03927339197911214,0.0,0.0,0.0,0.0,0.0,0.0,0.0,0.0,0.0,0.0,0.3009869332348324,0.0
,0.002585649644473174,0.0017889025343886034,0.0,0.0,0.0,0.0,0.0,0.0,0.0,0.0,0.0,0.0,0.23946976226387992,0.0
,0.0009696186166774402,6.890583429901315e-05,0.0,0.0,0.0,0.0,0.0,0.0,0.0,0.0,0.0,0.0,0.19315867372590062,0.0
,0.0016160310277957336,0.00016313239760083127,0.0,0.0,0.0,0.0,0.0,0.0,0.0,0.0,0.0,0.0,0.2052368383250736,0.0
,0.0019392372333548805,0.0005569251204975451,0.0,0.0,0.0,0.0,0.0,0.0,0.0,0.0,0.0,0.0,0.22469885390053457,0.0
,0.001292824822236587,0.001225647654045432,0.0,0.0,0.0,0.0,0.0,0.0,0.0,0.0,0.0,0.0,0.22182770544115082,0.0
,0.003232062055591467,0.00963739901017161,0.0,0.0,0.0,0.0,0.0,0.0,0.0,0.0,0.0,0.0,0.2633084002831902,0.0
,0.003878474466709761,0.006034130432103499,0.0,0.0,0.0,0.0,0.0,0.0,0.0,0.0,0.0,0.0,0.2504991740285858,0.0
,0.006787330316742082,0.047213700868158716,0.0,0.0,0.0,0.0,0.0,0.0,0.0,0.0,0.0,0.0,0.30312009419152275,0.0
,0.010665804783451843,0.05734392974453766,0.0,0.0,0.0,0.0,0.0,0.0,0.0,0.0,0.0,0.0,0.3175697201957706,0.0
,0.0016160310277957336,0.0016107734377154843,0.0,0.0,0.0,0.0,0.0,0.0,0.0,0.0,0.0,0.0,0.23399603431116037,0.0
,0.003232062055591467,0.0031983538317898,0.0,0.0,0.0,0.0,0.0,0.0,0.0,0.0,0.0,0.0,0.23209219585270005,0.0
,0.0009696186166774402,0.00019366494529206155,0.0,0.0,0.0,0.0,0.0,0.0,0.0,0.0,0.0,0.0,0.19740998963688042,0.0
,0.0016160310277957336,0.0038961230191751958,0.0,0.0,0.0,0.0,0.0,0.0,0.0,0.0,0.0,0.0,0.22265739629185005,0.0
,0.001292824822236587,1.0143620425677133e-05,0.0,0.0,0.0,0.0,0.0,0.0,0.0,0.0,0.0,0.0,0.17286542822257106,0.0
,0.002262443438914027,0.0012898393351680139,0.0,0.0,0.0,0.0,0.0,0.0,0.0,0.0,0.0,0.0,0.2387274140425401,0.0
,0.0016160310277957336,0.0006077826088164846,0.0,0.0,0.0,0.0,0.0,0.0,0.0,0.0,0.0,0.0,0.22312476272560308,0.0
,0.0029088558500323207,0.0010660883577443062,0.0,0.0,0.0,0.0,0.0,0.0,0.0,0.0,0.0,0.0,0.23779742666297288,0.0
,0.0019392372333548805,0.0002749558470873387,0.0,0.0,0.0,0.0,0.0,0.0,0.0,0.0,0.0,0.0,0.2180877479196807,0.0
,0.0029088558500323207,0.009919315603261095,0.0,0.0,0.0,0.0,0.0,0.0,0.0,0.0,0.0,0.0,0.2617304614153354,0.0
,0.002585649644473174,0.0011507829356313453,0.0,0.0,0.0,0.0,0.0,0.0,0.0,0.0,0.0,0.0,0.23618139563517712,0.0
,0.0006464124111182935,0.000432099970021016,0.0,0.0,0.0,0.0,0.0,0.0,0.0,0.0,0.0,0.0,0.2021683032187234,0.0
,0.002262443438914027,0.005428897201218507,0.0,0.0,0.0,0.0,0.0,0.0,0.0,0.0,0.0,0.0,0.23785257692820716,0.0
,0.0006464124111182935,0.00024269523973299975,0.0,0.0,0.0,0.0,0.0,0.0,0.0,0.0,0.0,0.0,0.20580001231261735,0.0
,0.001292824822236587,0.00010387970424456067,0.0,0.0,0.0,0.0,0.0,0.0,0.0,0.0,0.0,0.0,0.2001114548383456,0.0
,0.001292824822236587,0.0004510752492655488,0.0,0.0,0.0,0.0,0.0,0.0,0.0,0.0,0.0,0.0,0.2262847446670976,0.0
,0.0009696186166774402,1.6858184575465257e-05,0.0,0.0,0.0,0.0,0.0,0.0,0.0,0.0,0.0,0.0,0.1820566688213747,0.0
,0.002585649644473174,0.00112574477216771,0.0,0.0,0.0,0.0,0.0,0.0,0.0,0.0,0.0,0.0,0.23855388309169823,0.0
,0.0029088558500323207,0.0005668272886152701,0.0,0.0,0.0,0.0,0.0,0.0,0.0,0.0,0.0,0.0,0.22020513333538544,0.0
,0.003232062055591467,0.017333858939103157,0.0,0.0,0.0,0.0,0.0,0.0,0.0,0.0,0.0,0.0,0.2520473574045003,0.0
,0.006140917905623788,0.02978033513091725,0.0,0.0,0.0,0.0,0.0,0.0,0.0,0.0,0.0,0.0,0.28011050574075785,0.0
,0.0016160310277957336,0.0021519791415316116,0.0,0.0,0.0,0.0,0.0,0.0,0.0,0.0,0.0,0.0,0.24096792563179117,0.0
,0.0019392372333548805,0.003438389456961436,0.0,0.0,0.0,0.0,0.0,0.0,0.0,0.0,0.0,0.0,0.2530108197125004,0.0
,0.004848093083387201,0.0274852880456093,0.0,0.0,0.0,0.0,0.0,0.0,0.0,0.0,0.0,0.0,0.28700518669006064,0.0
,0.007110536522301228,0.04067514829923781,0.0,0.0,0.0,0.0,0.0,0.0,0.0,0.0,0.0,0.0,0.2932392187644288,0.0
,0.0009696186166774402,0.0003303919303294448,0.0,0.0,0.0,0.0,0.0,0.0,0.0,0.0,0.0,0.0,0.21095604908630117,0.0
,0.003555268261150614,0.001044664740168826,0.0,0.0,0.0,0.0,0.0,0.0,0.0,0.0,0.0,0.0,0.23868136998389097,0.0
,0.006464124111182934,0.006645986170337048,0.0,0.0,0.0,0.0,0.0,0.0,0.0,0.0,0.0,0.0,0.2643295779850402,0.0
,0.0029088558500323207,0.0011771034717760185,0.0,0.0,0.0,0.0,0.0,0.0,0.0,0.0,0.0,0.0,0.2329593375811863,0.0
,0.0009696186166774402,0.006062215214568572,0.0,0.0,0.0,0.0,0.0,0.0,0.0,0.0,0.0,0.0,0.2462315695508973,0.0
,0.0006464124111182935,8.41375674484855e-05,0.0,0.0,0.0,0.0,0.0,0.0,0.0,0.0,0.0,0.0,0.1975930115635998,0.0
,0.004201680672268907,0.0029230428513336414,0.0,0.0,0.0,0.0,0.0,0.0,0.0,0.0,0.0,0.0,0.25637755102040816,0.0
,0.0006464124111182935,8.41375674484855e-05,0.0,0.0,0.0,0.0,0.0,0.0,0.0,0.0,0.0,0.0,0.1975930115635998,0.0
,0.0006464124111182935,9.296789260340324e-05,0.0,0.0,0.0,0.0,0.0,0.0,0.0,0.0,0.0,0.0,0.19365605216445553,0.0
,0.0003232062055591467,5.5019431665042296e-05,0.0,0.0,0.0,0.0,0.0,0.0,0.0,0.0,0.0,0.0,0.18977116487620688,0.0
,0.003555268261150614,0.0014764657221516418,0.0,0.0,0.0,0.0,0.0,0.0,0.0,0.0,0.0,0.0,0.23986248345492042,0.0
,0.002585649644473174,0.0008382058886832634,0.0,0.0,0.0,0.0,0.0,0.0,0.0,0.0,0.0,0.0,0.23142423636121115,0.0
,0.0006464124111182935,0.00011108081174907355,0.0,0.0,0.0,0.0,0.0,0.0,0.0,0.0,0.0,0.0,0.20335339263910696,0.0
,0.0006464124111182935,3.1422831890388124e-05,0.0,0.0,0.0,0.0,0.0,0.0,0.0,0.0,0.0,0.0,0.18558115553913873,0.0
,0.003232062055591467,0.008223507791905666,0.0,0.0,0.0,0.0,0.0,0.0,0.0,0.0,0.0,0.0,0.26706875057715396,0.0
,0.003232062055591467,0.0078055883237720105,0.0,0.0,0.0,0.0,0.0,0.0,0.0,0.0,0.0,0.0,0.2514171053036599,0.0
,0.002585649644473174,0.0013946851606262238,0.0,0.0,0.0,0.0,0.0,0.0,0.0,0.0,0.0,0.0,0.2225151599101179,0.0
,0.008726567550096962,0.003380108729411145,0.0,0.0,0.0,0.0,0.0,0.0,0.0,0.0,0.0,0.0,0.24214839782066674,0.0
,0.006787330316742082,0.01715273236070376,0.0,0.0,0.0,0.0,0.0,0.0,0.0,0.0,0.0,0.0,0.2812255671499369,0.0
,0.009049773755656108,0.0035870379761815873,0.0,0.0,0.0,0.0,0.0,0.0,0.0,0.0,0.0,0.0,0.24236386862437284,0.0
,0.002585649644473174,0.0008597774849238525,0.0,0.0,0.0,0.0,0.0,0.0,0.0,0.0,0.0,0.0,0.20564135910774567,0.0
,0.004524886877828054,0.0028001998710146542,0.0,0.0,0.0,0.0,0.0,0.0,0.0,0.0,0.0,0.0,0.24133037830516824,0.0
,0.01583710407239819,0.11821054635736007,0.0,0.0,0.0,0.0,0.0,0.0,0.0,0.0,0.0,0.0,0.31160079416381936,0.0
,0.0019392372333548805,0.010369857057901272,0.0,0.0,0.0,0.0,0.0,0.0,0.0,0.0,0.0,0.0,0.2526906916612799,0.0
,0.010342598577892695,0.03543639877321109,0.0,0.0,0.0,0.0,0.0,0.0,0.0,0.0,0.0,0.0,0.2999796072275064,0.0
,0.0009696186166774402,0.005586644887117508,0.0,0.0,0.0,0.0,0.0,0.0,0.0,0.0,0.0,0.0,0.23594937975190078,0.0
,0.003232062055591467,0.031177936964740395,0.0,0.0,0.0,0.0,0.0,0.0,0.0,0.0,0.0,0.0,0.28157686151383626,0.0
,0.0019392372333548805,0.011219162114881132,0.0,0.0,0.0,0.0,0.0,0.0,0.0,0.0,0.0,0.0,0.24815272262751253,0.0
,0.003555268261150614,0.018963215531654715,0.0,0.0,0.0,0.0,0.0,0.0,0.0,0.0,0.0,0.0,0.26801220488195276,0.0
,0.004848093083387201,0.0219028836989045,0.0,0.0,0.0,0.0,0.0,0.0,0.0,0.0,0.0,0.0,0.2758430295195001,0.0
,0.004848093083387201,0.05141527062291635,0.0,0.0,0.0,0.0,0.0,0.0,0.0,0.0,0.0,0.0,0.28067419275402467,0.0
,0.0016160310277957336,0.02196620030771332,0.0,0.0,0.0,0.0,0.0,0.0,0.0,0.0,0.0,0.0,0.2652926555237479,0.0
,0.004201680672268907,0.01968076277577493,0.0,0.0,0.0,0.0,0.0,0.0,0.0,0.0,0.0,0.0,0.262123695632099,0.0
,0.003878474466709761,0.02821356695172528,0.0,0.0,0.0,0.0,0.0,0.0,0.0,0.0,0.0,0.0,0.28365346138455383,0.0
,0.006140917905623788,0.0211157852872971,0.0,0.0,0.0,0.0,0.0,0.0,0.0,0.0,0.0,0.0,0.28654423307784654,0.0
,0.004201680672268907,0.03074415540852225,0.0,0.0,0.0,0.0,0.0,0.0,0.0,0.0,0.0,0.0,0.27608774278942344,0.0
,0.007756948933419522,0.024205492879899267,0.0,0.0,0.0,0.0,0.0,0.0,0.0,0.0,0.0,0.0,0.2858062455751531,0.0
,0.005494505494505494,0.047658855154838975,0.0,0.0,0.0,0.0,0.0,0.0,0.0,0.0,0.0,0.0,0.2964008680395235,0.0
,0.010989010989010988,0.04240511368112474,0.0,0.0,0.0,0.0,0.0,0.0,0.0,0.0,0.0,0.0,0.30635985163296087,0.0
,0.0006464124111182935,0.00034193804329903105,0.0,0.0,0.0,0.0,0.0,0.0,0.0,0.0,0.0,0.0,0.20983495962487558,0.0
,0.0006464124111182935,0.0007692447409097182,0.0,0.0,0.0,0.0,0.0,0.0,0.0,0.0,0.0,0.0,0.22002198315223526,0.0
,0.001292824822236587,0.00043267001154685805,0.0,0.0,0.0,0.0,0.0,0.0,0.0,0.0,0.0,0.0,0.20916687187695593,0.0
,0.0009696186166774402,0.002004181345242798,0.0,0.0,0.0,0.0,0.0,0.0,0.0,0.0,0.0,0.0,0.23284634366567142,0.0
,0.0019392372333548805,0.0038446145049022776,0.0,0.0,0.0,0.0,0.0,0.0,0.0,0.0,0.0,0.0,0.24240349986148307,0.0
,0.0019392372333548805,0.004974696663634978,0.0,0.0,0.0,0.0,0.0,0.0,0.0,0.0,0.0,0.0,0.2588593129559516,0.0
,0.002585649644473174,0.0007863030660756606,0.0,0.0,0.0,0.0,0.0,0.0,0.0,0.0,0.0,0.0,0.22488585177660808,0.0
,0.001292824822236587,0.00334798159620812,0.0,0.0,0.0,0.0,0.0,0.0,0.0,0.0,0.0,0.0,0.24158701942315386,0.0
,0.0006464124111182935,0.00012652775449100817,0.0,0.0,0.0,0.0,0.0,0.0,0.0,0.0,0.0,0.0,0.19221586070325566,0.0
,0.0006464124111182935,0.00014400261244008273,0.0,0.0,0.0,0.0,0.0,0.0,0.0,0.0,0.0,0.0,0.1944202039790275,0.0
,0.001292824822236587,0.0005163528068207817,0.0,0.0,0.0,0.0,0.0,0.0,0.0,0.0,0.0,0.0,0.21298403976975408,0.0
,0.0009696186166774402,0.00010331146971648968,0.0,0.0,0.0,0.0,0.0,0.0,0.0,0.0,0.0,0.0,0.20077005161038775,0.0
,0.003232062055591467,0.004266934226725602,0.0,0.0,0.0,0.0,0.0,0.0,0.0,0.0,0.0,0.0,0.25446447809893186,0.0
,0.0019392372333548805,0.0023588394305253603,0.0,0.0,0.0,0.0,0.0,0.0,0.0,0.0,0.0,0.0,0.23390971773324715,0.0
,0.0006464124111182935,0.002901227077217253,0.0,0.0,0.0,0.0,0.0,0.0,0.0,0.0,0.0,0.0,0.22967699900473007,0.0
,0.013897866839043309,0.05312513503821213,0.0,0.0,0.0,0.0,0.0,0.0,0.0,0.0,0.0,0.0,0.3142491612029427,0.0
,0.004848093083387201,0.009058739712521469,0.0,0.0,0.0,0.0,0.0,0.0,0.0,0.0,0.0,0.0,0.2550452232174921,0.0
,0.003555268261150614,0.009107344851698796,0.0,0.0,0.0,0.0,0.0,0.0,0.0,0.0,0.0,0.0,0.2652595653646074,0.0
,0.0019392372333548805,0.0057921872087205555,0.0,0.0,0.0,0.0,0.0,0.0,0.0,0.0,0.0,0.0,0.2407391161592842,0.0
,0.015190691661279896,0.09713289405717115,0.0,0.0,0.0,0.0,0.0,0.0,0.0,0.0,0.0,0.0,0.3189518114938283,0.0
,0.018099547511312215,0.1188789785165293,0.0,0.0,0.0,0.0,0.0,0.0,0.0,0.0,0.0,0.0,0.3191314987533475,0.0
,0.004524886877828054,0.015221365997829443,0.0,0.0,0.0,0.0,0.0,0.0,0.0,0.0,0.0,0.0,0.2749118878320559,0.0
,0.006140917905623788,0.010014772459814516,0.0,0.0,0.0,0.0,0.0,0.0,0.0,0.0,0.0,0.0,0.2642487764336504,0.0
,0.007110536522301228,0.013865779255539197,0.0,0.0,0.0,0.0,0.0,0.0,0.0,0.0,0.0,0.0,0.2940283805830024,0.0
,0.006464124111182934,0.015034136627389746,0.0,0.0,0.0,0.0,0.0,0.0,0.0,0.0,0.0,0.0,0.27492804814233385,0.0
,0.0029088558500323207,0.004022826911290905,0.0,0.0,0.0,0.0,0.0,0.0,0.0,0.0,0.0,0.0,0.24065318435066332,0.0
,0.01680672268907563,0.03015053232644365,0.0,0.0,0.0,0.0,0.0,0.0,0.0,0.0,0.0,0.0,0.317541247268138,0.0
,0.004848093083387201,0.016872266253810324,0.0,0.0,0.0,0.0,0.0,0.0,0.0,0.0,0.0,0.0,0.2721280820020316,0.0
,0.0019392372333548805,0.0030231945084945116,0.0,0.0,0.0,0.0,0.0,0.0,0.0,0.0,0.0,0.0,0.23612637362637365,0.0
,0.005494505494505494,0.00922148355897904,0.0,0.0,0.0,0.0,0.0,0.0,0.0,0.0,0.0,0.0,0.259779424590349,0.0
,0.004524886877828054,0.004203109057301344,0.0,0.0,0.0,0.0,0.0,0.0,0.0,0.0,0.0,0.0,0.2602390956382553,0.0
,0.005171299288946348,0.003290410185921803,0.0,0.0,0.0,0.0,0.0,0.0,0.0,0.0,0.0,0.0,0.25895409445829615,0.0
,0.003232062055591467,0.004681755912765068,0.0,0.0,0.0,0.0,0.0,0.0,0.0,0.0,0.0,0.0,0.25041221616851866,0.0
,0.002262443438914027,0.0006632633965462852,0.0,0.0,0.0,0.0,0.0,0.0,0.0,0.0,0.0,0.0,0.22186464329321473,0.0
,0.0016160310277957336,0.00134997802056608,0.0,0.0,0.0,0.0,0.0,0.0,0.0,0.0,0.0,0.0,0.2314791301135839,0.0
,0.004524886877828054,0.006514828901246021,0.0,0.0,0.0,0.0,0.0,0.0,0.0,0.0,0.0,0.0,0.26425878043525103,0.0
,0.001292824822236587,0.00040551377260246256,0.0,0.0,0.0,0.0,0.0,0.0,0.0,0.0,0.0,0.0,0.21564010219472404,0.0
,0.0019392372333548805,0.0016419357903969336,0.0,0.0,0.0,0.0,0.0,0.0,0.0,0.0,0.0,0.0,0.2302368383250736,0.0
,0.0006464124111182935,0.0006946047409952811,0.0,0.0,0.0,0.0,0.0,0.0,0.0,0.0,0.0,0.0,0.2229200654620823,0.0
,0.0019392372333548805,0.0015973580952270928,0.0,0.0,0.0,0.0,0.0,0.0,0.0,0.0,0.0,0.0,0.2268816500959358,0.0
,0.0009696186166774402,0.0007588745407557634,0.0,0.0,0.0,0.0,0.0,0.0,0.0,0.0,0.0,0.0,0.21421619930023295,0.0
,0.003232062055591467,0.001817308901138658,0.0,0.0,0.0,0.0,0.0,0.0,0.0,0.0,0.0,0.0,0.2562467294610152,0.0
,0.0019392372333548805,0.0009151384800944132,0.0,0.0,0.0,0.0,0.0,0.0,0.0,0.0,0.0,0.0,0.21705464236976843,0.0
,0.001292824822236587,0.006150196834973198,0.0,0.0,0.0,0.0,0.0,0.0,0.0,0.0,0.0,0.0,0.2275923189788736,0.0
,0.0019392372333548805,0.0007242200950143483,0.0,0.0,0.0,0.0,0.0,0.0,0.0,0.0,0.0,0.0,0.21828077384800074,0.0
,0.003232062055591467,0.010595438139486608,0.0,0.0,0.0,0.0,0.0,0.0,0.0,0.0,0.0,0.0,0.26421991873672546,0.0
,0.0016160310277957336,0.006164334433564201,0.0,0.0,0.0,0.0,0.0,0.0,0.0,0.0,0.0,0.0,0.22855116405536574,0.0
,0.0009696186166774402,0.00040741226665222386,0.0,0.0,0.0,0.0,0.0,0.0,0.0,0.0,0.0,0.0,0.21280281343306554,0.0
,0.0006464124111182935,0.00017344547448265053,0.0,0.0,0.0,0.0,0.0,0.0,0.0,0.0,0.0,0.0,0.20397761668770073,0.0
,0.003232062055591467,0.0026983508490615892,0.0,0.0,0.0,0.0,0.0,0.0,0.0,0.0,0.0,0.0,0.24563825530212086,0.0
,0.003232062055591467,0.001955154762250754,0.0,0.0,0.0,0.0,0.0,0.0,0.0,0.0,0.0,0.0,0.23725798011512297,0.0
,0.0009696186166774402,0.0007256088986271182,0.0,0.0,0.0,0.0,0.0,0.0,0.0,0.0,0.0,0.0,0.22537835647079343,0.0
,0.002262443438914027,0.0016498255897364094,0.0,0.0,0.0,0.0,0.0,0.0,0.0,0.0,0.0,0.0,0.22142292814561723,0.0
,0.0006464124111182935,9.010307585543451e-05,0.0,0.0,0.0,0.0,0.0,0.0,0.0,0.0,0.0,0.0,0.1930269543714922,0.0
,0.0009696186166774402,0.0014999992275379977,0.0,0.0,0.0,0.0,0.0,0.0,0.0,0.0,0.0,0.0,0.2211610285139697,0.0
,0.006140917905623788,0.038413964927272934,0.0,0.0,0.0,0.0,0.0,0.0,0.0,0.0,0.0,0.0,0.2831955859266783,0.0
,0.0003232062055591467,5.5910621392482444e-05,0.0,0.0,0.0,0.0,0.0,0.0,0.0,0.0,0.0,0.0,0.17845227834723634,0.0
,0.0009696186166774402,0.0005463358827582812,0.0,0.0,0.0,0.0,0.0,0.0,0.0,0.0,0.0,0.0,0.2140338186556674,0.0
,0.002262443438914027,0.0004934428919187596,0.0,0.0,0.0,0.0,0.0,0.0,0.0,0.0,0.0,0.0,0.217966545592596,0.0
,0.003878474466709761,0.014143950752388626,0.0,0.0,0.0,0.0,0.0,0.0,0.0,0.0,0.0,0.0,0.2734674639086404,0.0
,0.0006464124111182935,2.150957694076849e-05,0.0,0.0,0.0,0.0,0.0,0.0,0.0,0.0,0.0,0.0,0.17742186618237038,0.0
,0.002585649644473174,0.0051791984560276404,0.0,0.0,0.0,0.0,0.0,0.0,0.0,0.0,0.0,0.0,0.2610894357743097,0.0
,0.003232062055591467,0.018367801920055,0.0,0.0,0.0,0.0,0.0,0.0,0.0,0.0,0.0,0.0,0.2760242558561886,0.0
,0.008403361344537815,0.038063970472407276,0.0,0.0,0.0,0.0,0.0,0.0,0.0,0.0,0.0,0.0,0.30102579493335796,0.0
,0.003232062055591467,0.004362624632407161,0.0,0.0,0.0,0.0,0.0,0.0,0.0,0.0,0.0,0.0,0.2503309015914058,0.0
,0.004848093083387201,0.010068143346244375,0.0,0.0,0.0,0.0,0.0,0.0,0.0,0.0,0.0,0.0,0.2660352602579493,0.0
,0.0016160310277957336,0.0002711669680136877,0.0,0.0,0.0,0.0,0.0,0.0,0.0,0.0,0.0,0.0,0.20383717589599942,0.0
,0.0006464124111182935,5.7397183688550576e-05,0.0,0.0,0.0,0.0,0.0,0.0,0.0,0.0,0.0,0.0,0.18505081519787403,0.0
,0.0009696186166774402,7.226297142815433e-05,0.0,0.0,0.0,0.0,0.0,0.0,0.0,0.0,0.0,0.0,0.19678486779327115,0.0
,0.0019392372333548805,0.0031082376991319123,0.0,0.0,0.0,0.0,0.0,0.0,0.0,0.0,0.0,0.0,0.22061837555535035,0.0
,0.0003232062055591467,5.738283602667741e-06,0.0,0.0,0.0,0.0,0.0,0.0,0.0,0.0,0.0,0.0,0.1683651665794523,0.0
,0.002585649644473174,0.00015395871778559942,0.0,0.0,0.0,0.0,0.0,0.0,0.0,0.0,0.0,0.0,0.20628507813381766,0.0
,0.0003232062055591467,0.00011856440104398521,0.0,0.0,0.0,0.0,0.0,0.0,0.0,0.0,0.0,0.0,0.19129254265808887,0.0
,0.0019392372333548805,0.0031813994767019753,0.0,0.0,0.0,0.0,0.0,0.0,0.0,0.0,0.0,0.0,0.24182980884661556,0.0
,0.0029088558500323207,0.016063216085894096,0.0,0.0,0.0,0.0,0.0,0.0,0.0,0.0,0.0,0.0,0.28022016498907254,0.0
,0.0006464124111182935,0.0014394117539554207,0.0,0.0,0.0,0.0,0.0,0.0,0.0,0.0,0.0,0.0,0.22598847231200173,0.0
,0.004201680672268907,0.005158882430687705,0.0,0.0,0.0,0.0,0.0,0.0,0.0,0.0,0.0,0.0,0.25450680272108844,0.0
,0.006140917905623788,0.01011934265088938,0.0,0.0,0.0,0.0,0.0,0.0,0.0,0.0,0.0,0.0,0.2713958660387232,0.0
,0.004524886877828054,0.006433879587169182,0.0,0.0,0.0,0.0,0.0,0.0,0.0,0.0,0.0,0.0,0.26170121894911813,0.0
,0.005817711700064641,0.012462716913240272,0.0,0.0,0.0,0.0,0.0,0.0,0.0,0.0,0.0,0.0,0.27695655185150986,0.0
,0.004848093083387201,0.007892770520267028,0.0,0.0,0.0,0.0,0.0,0.0,0.0,0.0,0.0,0.0,0.2642672453596823,0.0
,0.004201680672268907,0.005831834847405058,0.0,0.0,0.0,0.0,0.0,0.0,0.0,0.0,0.0,0.0,0.26394250007695386,0.0
,0.0009696186166774402,0.0007601741888454567,0.0,0.0,0.0,0.0,0.0,0.0,0.0,0.0,0.0,0.0,0.22636528970562583,0.0
,0.0006464124111182935,6.464760354573922e-05,0.0,0.0,0.0,0.0,0.0,0.0,0.0,0.0,0.0,0.0,0.1956903274130165,0.0
,0.0006464124111182935,6.464760354573922e-05,0.0,0.0,0.0,0.0,0.0,0.0,0.0,0.0,0.0,0.0,0.1956903274130165,0.0
,0.0009696186166774402,6.846492859311241e-05,0.0,0.0,0.0,0.0,0.0,0.0,0.0,0.0,0.0,0.0,0.1995060844850761,0.0
,0.0009696186166774402,0.0004258094274345216,0.0,0.0,0.0,0.0,0.0,0.0,0.0,0.0,0.0,0.0,0.2190223525307559,0.0
,0.004848093083387201,0.001311466556204684,0.0,0.0,0.0,0.0,0.0,0.0,0.0,0.0,0.0,0.0,0.24245518720308637,0.0
,0.0006464124111182935,1.953348841073912e-05,0.0,0.0,0.0,0.0,0.0,0.0,0.0,0.0,0.0,0.0,0.17618278080462954,0.0
,0.0016160310277957336,0.0005234419204883894,0.0,0.0,0.0,0.0,0.0,0.0,0.0,0.0,0.0,0.0,0.21774184032587396,0.0
,0.0003232062055591467,7.280280276176568e-07,0.0,0.0,0.0,0.0,0.0,0.0,0.0,0.0,0.0,0.0,0.14821660598971523,0.0
,0.002585649644473174,0.0004992708842394526,0.0,0.0,0.0,0.0,0.0,0.0,0.0,0.0,0.0,0.0,0.22222017011932976,0.0
,0.0029088558500323207,0.000574143674650384,0.0,0.0,0.0,0.0,0.0,0.0,0.0,0.0,0.0,0.0,0.22696437549378726,0.0
,0.001292824822236587,0.0014441725798257964,0.0,0.0,0.0,0.0,0.0,0.0,0.0,0.0,0.0,0.0,0.23449854300694636,0.0
,0.0016160310277957336,0.001997668502580402,0.0,0.0,0.0,0.0,0.0,0.0,0.0,0.0,0.0,0.0,0.2386694421358287,0.0
,0.0006464124111182935,0.00030740184235722874,0.0,0.0,0.0,0.0,0.0,0.0,0.0,0.0,0.0,0.0,0.2037685587055335,0.0
,0.001292824822236587,0.0010073987939073512,0.0,0.0,0.0,0.0,0.0,0.0,0.0,0.0,0.0,0.0,0.22291801335918984,0.0
,0.005494505494505494,0.0021697942893165113,0.0,0.0,0.0,0.0,0.0,0.0,0.0,0.0,0.0,0.0,0.2491823652537938,0.0
,0.0003232062055591467,6.294240453443508e-05,0.0,0.0,0.0,0.0,0.0,0.0,0.0,0.0,0.0,0.0,0.19738869906937134,0.0
,0.001292824822236587,0.00020392710960280552,0.0,0.0,0.0,0.0,0.0,0.0,0.0,0.0,0.0,0.0,0.21596074327166762,0.0
,0.0029088558500323207,0.0016379080697686156,0.0,0.0,0.0,0.0,0.0,0.0,0.0,0.0,0.0,0.0,0.2396352130595828,0.0
,0.006140917905623788,0.014042180800876254,0.0,0.0,0.0,0.0,0.0,0.0,0.0,0.0,0.0,0.0,0.2800223935728137,0.0
,0.0019392372333548805,0.0011667183658505055,0.0,0.0,0.0,0.0,0.0,0.0,0.0,0.0,0.0,0.0,0.23623154389961112,0.0
,0.0019392372333548805,0.0011667183658505055,0.0,0.0,0.0,0.0,0.0,0.0,0.0,0.0,0.0,0.0,0.23623154389961112,0.0
,0.004201680672268907,0.0041762458528709035,0.0,0.0,0.0,0.0,0.0,0.0,0.0,0.0,0.0,0.0,0.25686312986733156,0.0
,0.005817711700064641,0.004859900435692072,0.0,0.0,0.0,0.0,0.0,0.0,0.0,0.0,0.0,0.0,0.26644965678579124,0.0
,0.010989010989010988,0.05702377439814288,0.0,0.0,0.0,0.0,0.0,0.0,0.0,0.0,0.0,0.0,0.3158709637701234,0.0
,0.005817711700064641,0.012502841953697318,0.0,0.0,0.0,0.0,0.0,0.0,0.0,0.0,0.0,0.0,0.27840097577492534,0.0
,0.0019392372333548805,0.004348606801449205,0.0,0.0,0.0,0.0,0.0,0.0,0.0,0.0,0.0,0.0,0.24342121463970204,0.0
,0.0006464124111182935,0.0019279656995276173,0.0,0.0,0.0,0.0,0.0,0.0,0.0,0.0,0.0,0.0,0.2378143565118355,0.0
,0.0074337427278603745,0.016060140669832457,0.0,0.0,0.0,0.0,0.0,0.0,0.0,0.0,0.0,0.0,0.2900948841074892,0.0
,0.007756948933419522,0.017604090233440946,0.0,0.0,0.0,0.0,0.0,0.0,0.0,0.0,0.0,0.0,0.292166097208114,0.0
,0.008403361344537815,0.01612098549903998,0.0,0.0,0.0,0.0,0.0,0.0,0.0,0.0,0.0,0.0,0.28703635300273955,0.0
,0.002585649644473174,0.006298664407077354,0.0,0.0,0.0,0.0,0.0,0.0,0.0,0.0,0.0,0.0,0.257963570043402,0.0
,0.0009696186166774402,0.0024574370399769764,0.0,0.0,0.0,0.0,0.0,0.0,0.0,0.0,0.0,0.0,0.24659633084002833,0.0
,0.010019392372333548,0.020623239505152133,0.0,0.0,0.0,0.0,0.0,0.0,0.0,0.0,0.0,0.0,0.29628697632899315,0.0
,0.0019392372333548805,0.0044207869816504895,0.0,0.0,0.0,0.0,0.0,0.0,0.0,0.0,0.0,0.0,0.24481100132360636,0.0
,0.004848093083387201,0.009021538692587155,0.0,0.0,0.0,0.0,0.0,0.0,0.0,0.0,0.0,0.0,0.2727033120940684,0.0
,0.003878474466709761,0.012016921597809649,0.0,0.0,0.0,0.0,0.0,0.0,0.0,0.0,0.0,0.0,0.2713089081786561,0.0
,0.006464124111182934,0.014542766036459494,0.0,0.0,0.0,0.0,0.0,0.0,0.0,0.0,0.0,0.0,0.2804502570258873,0.0
,0.011312217194570135,0.06847338477891328,0.0,0.0,0.0,0.0,0.0,0.0,0.0,0.0,0.0,0.0,0.31073698710253334,0.0
,0.0016160310277957336,0.00898554415196636,0.0,0.0,0.0,0.0,0.0,0.0,0.0,0.0,0.0,0.0,0.26921422415119894,0.0
,0.008403361344537815,0.01612108615034638,0.0,0.0,0.0,0.0,0.0,0.0,0.0,0.0,0.0,0.0,0.2867927940406932,0.0
,0.0006464124111182935,0.0032644535683029247,0.0,0.0,0.0,0.0,0.0,0.0,0.0,0.0,0.0,0.0,0.2378143565118355,0.0
,0.004524886877828054,0.008576339101780578,0.0,0.0,0.0,0.0,0.0,0.0,0.0,0.0,0.0,0.0,0.2691372702927325,0.0
,0.002262443438914027,0.0052764814335918755,0.0,0.0,0.0,0.0,0.0,0.0,0.0,0.0,0.0,0.0,0.2488379967371564,0.0
,0.003232062055591467,0.004928400096128303,0.0,0.0,0.0,0.0,0.0,0.0,0.0,0.0,0.0,0.0,0.2593806753470619,0.0
,0.0006464124111182935,0.0032644535683029247,0.0,0.0,0.0,0.0,0.0,0.0,0.0,0.0,0.0,0.0,0.2378143565118355,0.0
,0.003878474466709761,0.009679242608662689,0.0,0.0,0.0,0.0,0.0,0.0,0.0,0.0,0.0,0.0,0.26709760827407886,0.0
,0.006140917905623788,0.009280578810872773,0.0,0.0,0.0,0.0,0.0,0.0,0.0,0.0,0.0,0.0,0.2783801982331394,0.0
,0.0016160310277957336,0.0006906459519975517,0.0,0.0,0.0,0.0,0.0,0.0,0.0,0.0,0.0,0.0,0.2200303198202358,0.0
,0.001292824822236587,0.0007004835376876548,0.0,0.0,0.0,0.0,0.0,0.0,0.0,0.0,0.0,0.0,0.19999666533279978,0.0
,0.001292824822236587,0.0006356958586773637,0.0,0.0,0.0,0.0,0.0,0.0,0.0,0.0,0.0,0.0,0.22020769846400098,0.0
,0.007110536522301228,0.004158150493951619,0.0,0.0,0.0,0.0,0.0,0.0,0.0,0.0,0.0,0.0,0.26904069320035706,0.0
,0.003555268261150614,0.0009256227557832273,0.0,0.0,0.0,0.0,0.0,0.0,0.0,0.0,0.0,0.0,0.24109951672976881,0.0
,0.009696186166774402,0.023152376980397064,0.0,0.0,0.0,0.0,0.0,0.0,0.0,0.0,0.0,0.0,0.2956174777603349,0.0
,0.0009696186166774402,0.0005858251526483999,0.0,0.0,0.0,0.0,0.0,0.0,0.0,0.0,0.0,0.0,0.2199922276602949,0.0
,0.0016160310277957336,0.0011720015019266508,0.0,0.0,0.0,0.0,0.0,0.0,0.0,0.0,0.0,0.0,0.2305183611906301,0.0
,0.0003232062055591467,0.0004561494675964639,0.0,0.0,0.0,0.0,0.0,0.0,0.0,0.0,0.0,0.0,0.21252501000400162,0.0
,0.0074337427278603745,0.004275292262274112,0.0,0.0,0.0,0.0,0.0,0.0,0.0,0.0,0.0,0.0,0.27880305968541264,0.0
,0.0006464124111182935,0.0005290214186818038,0.0,0.0,0.0,0.0,0.0,0.0,0.0,0.0,0.0,0.0,0.21967209960907438,0.0
,0.003555268261150614,0.0009256227557832273,0.0,0.0,0.0,0.0,0.0,0.0,0.0,0.0,0.0,0.0,0.24109951672976881,0.0
,0.004201680672268907,0.008334048621257972,0.0,0.0,0.0,0.0,0.0,0.0,0.0,0.0,0.0,0.0,0.26610272314053823,0.0
,0.0019392372333548805,0.0023109436081480803,0.0,0.0,0.0,0.0,0.0,0.0,0.0,0.0,0.0,0.0,0.24599070397389725,0.0
,0.002585649644473174,0.0019244262389565257,0.0,0.0,0.0,0.0,0.0,0.0,0.0,0.0,0.0,0.0,0.24806845815249176,0.0
,0.0006464124111182935,0.0008597988094310575,0.0,0.0,0.0,0.0,0.0,0.0,0.0,0.0,0.0,0.0,0.21868106216845715,0.0
,0.003555268261150614,0.008089709223441344,0.0,0.0,0.0,0.0,0.0,0.0,0.0,0.0,0.0,0.0,0.2629249135551657,0.0
,0.0009696186166774402,0.005085978830100941,0.0,0.0,0.0,0.0,0.0,0.0,0.0,0.0,0.0,0.0,0.24391756702681072,0.0
,0.002585649644473174,0.0059813895552197245,0.0,0.0,0.0,0.0,0.0,0.0,0.0,0.0,0.0,0.0,0.2594023506838633,0.0
,0.0006464124111182935,3.63074431601822e-05,0.0,0.0,0.0,0.0,0.0,0.0,0.0,0.0,0.0,0.0,0.1838605955202594,0.0
,0.0006464124111182935,2.0370323027941543e-05,0.0,0.0,0.0,0.0,0.0,0.0,0.0,0.0,0.0,0.0,0.17440771180266978,0.0
,0.0029088558500323207,0.0009537737505093715,0.0,0.0,0.0,0.0,0.0,0.0,0.0,0.0,0.0,0.0,0.22865428222571077,0.0
,0.0009696186166774402,0.0005103808015932806,0.0,0.0,0.0,0.0,0.0,0.0,0.0,0.0,0.0,0.0,0.21140122715752968,0.0
,0.002585649644473174,0.003913218617470127,0.0,0.0,0.0,0.0,0.0,0.0,0.0,0.0,0.0,0.0,0.259977067750177,0.0
,0.0074337427278603745,0.0036588336490338794,0.0,0.0,0.0,0.0,0.0,0.0,0.0,0.0,0.0,0.0,0.27221465509280635,0.0
,0.006787330316742082,0.022586841779168136,0.0,0.0,0.0,0.0,0.0,0.0,0.0,0.0,0.0,0.0,0.28198240834795457,0.0
,0.0016160310277957336,0.0009521805158653877,0.0,0.0,0.0,0.0,0.0,0.0,0.0,0.0,0.0,0.0,0.22503898995495636,0.0
,0.004524886877828054,0.012719956071615008,0.0,0.0,0.0,0.0,0.0,0.0,0.0,0.0,0.0,0.0,0.28209168282697694,0.0
,0.011312217194570135,0.013767386027724916,0.0,0.0,0.0,0.0,0.0,0.0,0.0,0.0,0.0,0.0,0.2771747160402623,0.0
,0.001292824822236587,0.012115653792774772,0.0,0.0,0.0,0.0,0.0,0.0,0.0,0.0,0.0,0.0,0.23076435702486123,0.0
,0.009372979961215255,0.08937342962244783,0.0,0.0,0.0,0.0,0.0,0.0,0.0,0.0,0.0,0.0,0.2907089758980515,0.0
,0.006787330316742082,0.054879801515586704,0.0,0.0,0.0,0.0,0.0,0.0,0.0,0.0,0.0,0.0,0.27226621417797886,0.0
,0.008403361344537815,0.08260566218754022,0.0,0.0,0.0,0.0,0.0,0.0,0.0,0.0,0.0,0.0,0.2845553606057808,0.0
,0.007756948933419522,0.07918566965253468,0.0,0.0,0.0,0.0,0.0,0.0,0.0,0.0,0.0,0.0,0.2800323975744144,0.0
,0.0029088558500323207,0.008381352820360089,0.0,0.0,0.0,0.0,0.0,0.0,0.0,0.0,0.0,0.0,0.2538015206082433,0.0
,0.0016160310277957336,0.003327192586152656,0.0,0.0,0.0,0.0,0.0,0.0,0.0,0.0,0.0,0.0,0.2279828598105909,0.0
,0.002262443438914027,0.004165695372969312,0.0,0.0,0.0,0.0,0.0,0.0,0.0,0.0,0.0,0.0,0.2507154143708765,0.0
,0.001292824822236587,0.006250232252946724,0.0,0.0,0.0,0.0,0.0,0.0,0.0,0.0,0.0,0.0,0.2288457690768615,0.0
,0.0019392372333548805,0.004010281077675424,0.0,0.0,0.0,0.0,0.0,0.0,0.0,0.0,0.0,0.0,0.24841834169565263,0.0
,0.004848093083387201,0.006923963490838929,0.0,0.0,0.0,0.0,0.0,0.0,0.0,0.0,0.0,0.0,0.2530954689568135,0.0
,0.009372979961215255,0.02029853625174429,0.0,0.0,0.0,0.0,0.0,0.0,0.0,0.0,0.0,0.0,0.28944770215778615,0.0
,0.005171299288946348,0.005117998124095267,0.0,0.0,0.0,0.0,0.0,0.0,0.0,0.0,0.0,0.0,0.25726021177701847,0.0
,0.006464124111182934,0.005619363167069924,0.0,0.0,0.0,0.0,0.0,0.0,0.0,0.0,0.0,0.0,0.26145881429494877,0.0
,0.005494505494505494,0.013406737820506413,0.0,0.0,0.0,0.0,0.0,0.0,0.0,0.0,0.0,0.0,0.26840851725305503,0.0
,0.002262443438914027,0.004297304229822449,0.0,0.0,0.0,0.0,0.0,0.0,0.0,0.0,0.0,0.0,0.23109320651337456,0.0
,0.0009696186166774402,0.002150918635710169,0.0,0.0,0.0,0.0,0.0,0.0,0.0,0.0,0.0,0.0,0.22395471008916387,0.0
,0.003232062055591467,0.02190576904410529,0.0,0.0,0.0,0.0,0.0,0.0,0.0,0.0,0.0,0.0,0.2693542801736079,0.0
,0.0019392372333548805,0.00021779393993153712,0.0,0.0,0.0,0.0,0.0,0.0,0.0,0.0,0.0,0.0,0.22198507608171472,0.0
,0.0009696186166774402,1.8648297035737846e-05,0.0,0.0,0.0,0.0,0.0,0.0,0.0,0.0,0.0,0.0,0.18480494762007368,0.0
,0.001292824822236587,2.176120131622092e-05,0.0,0.0,0.0,0.0,0.0,0.0,0.0,0.0,0.0,0.0,0.18831635218189838,0.0
,0.001292824822236587,0.0008794348436207583,0.0,0.0,0.0,0.0,0.0,0.0,0.0,0.0,0.0,0.0,0.22158260740193514,0.0
,0.002585649644473174,0.0009884305180272864,0.0,0.0,0.0,0.0,0.0,0.0,0.0,0.0,0.0,0.0,0.2385467007315747,0.0
,0.003555268261150614,0.004112881402580825,0.0,0.0,0.0,0.0,0.0,0.0,0.0,0.0,0.0,0.0,0.25130321359312957,0.0
,0.003878474466709761,0.0036969972076991617,0.0,0.0,0.0,0.0,0.0,0.0,0.0,0.0,0.0,0.0,0.2546076122756795,0.0
,0.0009696186166774402,4.7393486047559377e-05,0.0,0.0,0.0,0.0,0.0,0.0,0.0,0.0,0.0,0.0,0.18318763402797017,0.0
,0.001292824822236587,0.0011433718594226273,0.0,0.0,0.0,0.0,0.0,0.0,0.0,0.0,0.0,0.0,0.22527677737761773,0.0
,0.0006464124111182935,1.7688906120435216e-06,0.0,0.0,0.0,0.0,0.0,0.0,0.0,0.0,0.0,0.0,0.15332940868655154,0.0
,0.0006464124111182935,0.002087174644487808,0.0,0.0,0.0,0.0,0.0,0.0,0.0,0.0,0.0,0.0,0.2128267973856209,0.0
,0.0009696186166774402,0.0024582050564078335,0.0,0.0,0.0,0.0,0.0,0.0,0.0,0.0,0.0,0.0,0.21959104154482306,0.0
,0.0009696186166774402,0.0021853900688405922,0.0,0.0,0.0,0.0,0.0,0.0,0.0,0.0,0.0,0.0,0.22437603246426777,0.0
,0.004201680672268907,0.01805717995166894,0.0,0.0,0.0,0.0,0.0,0.0,0.0,0.0,0.0,0.0,0.25132719754568494,0.0
,0.0019392372333548805,0.0060634966914911,0.0,0.0,0.0,0.0,0.0,0.0,0.0,0.0,0.0,0.0,0.23920799088866315,0.0
,0.002262443438914027,0.002821789539154521,0.0,0.0,0.0,0.0,0.0,0.0,0.0,0.0,0.0,0.0,0.23571351617570105,0.0
,0.002262443438914027,0.002821789539154521,0.0,0.0,0.0,0.0,0.0,0.0,0.0,0.0,0.0,0.0,0.23571351617570105,0.0
,0.003878474466709761,0.017755199719299203,0.0,0.0,0.0,0.0,0.0,0.0,0.0,0.0,0.0,0.0,0.27323467848677935,0.0
,0.0016160310277957336,0.0004436019801468034,0.0,0.0,0.0,0.0,0.0,0.0,0.0,0.0,0.0,0.0,0.2118121607617406,0.0
,0.0003232062055591467,0.00012800319049577498,0.0,0.0,0.0,0.0,0.0,0.0,0.0,0.0,0.0,0.0,0.1954116261889371,0.0
,0.003232062055591467,0.003434932889184384,0.0,0.0,0.0,0.0,0.0,0.0,0.0,0.0,0.0,0.0,0.24867113512071495,0.0
,0.0009696186166774402,0.0015413379236548952,0.0,0.0,0.0,0.0,0.0,0.0,0.0,0.0,0.0,0.0,0.22756384605124103,0.0
,0.004201680672268907,0.01949928854967374,0.0,0.0,0.0,0.0,0.0,0.0,0.0,0.0,0.0,0.0,0.27414696647889925,0.0
,0.003555268261150614,0.012301527110490084,0.0,0.0,0.0,0.0,0.0,0.0,0.0,0.0,0.0,0.0,0.26187667374642165,0.0
,0.003555268261150614,0.010674093491350478,0.0,0.0,0.0,0.0,0.0,0.0,0.0,0.0,0.0,0.0,0.2637797426662973,0.0
,0.006787330316742082,0.029924621245834126,0.0,0.0,0.0,0.0,0.0,0.0,0.0,0.0,0.0,0.0,0.2902634130575307,0.0
,0.002585649644473174,0.012561835186703566,0.0,0.0,0.0,0.0,0.0,0.0,0.0,0.0,0.0,0.0,0.26178355957767724,0.0
,0.0009696186166774402,0.0074226952626532785,0.0,0.0,0.0,0.0,0.0,0.0,0.0,0.0,0.0,0.0,0.2543267306922769,0.0
,0.006464124111182934,0.025391697331392814,0.0,0.0,0.0,0.0,0.0,0.0,0.0,0.0,0.0,0.0,0.28806330224397453,0.0
,0.005817711700064641,0.027631235870064247,0.0,0.0,0.0,0.0,0.0,0.0,0.0,0.0,0.0,0.0,0.28693285006310215,0.0
,0.0074337427278603745,0.02581099586436961,0.0,0.0,0.0,0.0,0.0,0.0,0.0,0.0,0.0,0.0,0.2938887093298858,0.0
,0.005171299288946348,0.03498354539339898,0.0,0.0,0.0,0.0,0.0,0.0,0.0,0.0,0.0,0.0,0.2918286545387386,0.0
,0.0016160310277957336,0.013015319312639972,0.0,0.0,0.0,0.0,0.0,0.0,0.0,0.0,0.0,0.0,0.2622883768892172,0.0
,0.0016160310277957336,0.00661906615214304,0.0,0.0,0.0,0.0,0.0,0.0,0.0,0.0,0.0,0.0,0.2567707852371718,0.0
,0.001292824822236587,0.011886512285925223,0.0,0.0,0.0,0.0,0.0,0.0,0.0,0.0,0.0,0.0,0.2590794009911657,0.0
,0.003878474466709761,0.01526320678168533,0.0,0.0,0.0,0.0,0.0,0.0,0.0,0.0,0.0,0.0,0.27919744821005327,0.0
,0.003555268261150614,0.018137273429075645,0.0,0.0,0.0,0.0,0.0,0.0,0.0,0.0,0.0,0.0,0.27331278665312275,0.0
,0.0009696186166774402,0.011816601034995355,0.0,0.0,0.0,0.0,0.0,0.0,0.0,0.0,0.0,0.0,0.2621475513282236,0.0
,0.0003232062055591467,0.00011585985967084488,0.0,0.0,0.0,0.0,0.0,0.0,0.0,0.0,0.0,0.0,0.17782228275925754,0.0
,0.0003232062055591467,1.0952007038879807e-05,0.0,0.0,0.0,0.0,0.0,0.0,0.0,0.0,0.0,0.0,0.16816675388103958,0.0
,0.0016160310277957336,0.0002938148264773033,0.0,0.0,0.0,0.0,0.0,0.0,0.0,0.0,0.0,0.0,0.2056358440812222,0.0
,0.0029088558500323207,0.009530743388587868,0.0,0.0,0.0,0.0,0.0,0.0,0.0,0.0,0.0,0.0,0.2522679584654374,0.0
,0.002262443438914027,0.00529842150864192,0.0,0.0,0.0,0.0,0.0,0.0,0.0,0.0,0.0,0.0,0.25502059798278287,0.0
,0.0019392372333548805,0.004431867108922505,0.0,0.0,0.0,0.0,0.0,0.0,0.0,0.0,0.0,0.0,0.24108271513733698,0.0
,0.001292824822236587,0.0026315758118918148,0.0,0.0,0.0,0.0,0.0,0.0,0.0,0.0,0.0,0.0,0.23417674762212576,0.0
,0.002262443438914027,0.002304193029735401,0.0,0.0,0.0,0.0,0.0,0.0,0.0,0.0,0.0,0.0,0.22969610921291594,0.0
,0.0006464124111182935,0.0001656794150763468,0.0,0.0,0.0,0.0,0.0,0.0,0.0,0.0,0.0,0.0,0.20032615610346705,0.0
,0.0016160310277957336,0.0037494393779786287,0.0,0.0,0.0,0.0,0.0,0.0,0.0,0.0,0.0,0.0,0.2503359035922061,0.0
,0.0009696186166774402,0.0013265026670730253,0.0,0.0,0.0,0.0,0.0,0.0,0.0,0.0,0.0,0.0,0.2184112106381014,0.0
,0.003232062055591467,0.006763226826821944,0.0,0.0,0.0,0.0,0.0,0.0,0.0,0.0,0.0,0.0,0.2542847908394127,0.0
,0.0009696186166774402,0.00019485474598285313,0.0,0.0,0.0,0.0,0.0,0.0,0.0,0.0,0.0,0.0,0.2008493140846082,0.0
,0.0003232062055591467,7.261400059185068e-06,0.0,0.0,0.0,0.0,0.0,0.0,0.0,0.0,0.0,0.0,0.16516247524650884,0.0
,0.0003232062055591467,7.261400059185068e-06,0.0,0.0,0.0,0.0,0.0,0.0,0.0,0.0,0.0,0.0,0.16516247524650884,0.0
,0.007110536522301228,0.01913644740987687,0.0,0.0,0.0,0.0,0.0,0.0,0.0,0.0,0.0,0.0,0.2938987133314864,0.0
,0.005494505494505494,0.01423530009590206,0.0,0.0,0.0,0.0,0.0,0.0,0.0,0.0,0.0,0.0,0.2864345738295318,0.0
,0.005494505494505494,0.01110663769627507,0.0,0.0,0.0,0.0,0.0,0.0,0.0,0.0,0.0,0.0,0.2822448210053252,0.0
,0.003878474466709761,0.008126349598468889,0.0,0.0,0.0,0.0,0.0,0.0,0.0,0.0,0.0,0.0,0.2690864807461446,0.0
,0.006464124111182934,0.011768925703405025,0.0,0.0,0.0,0.0,0.0,0.0,0.0,0.0,0.0,0.0,0.2821778711484594,0.0
,0.007110536522301228,0.014346387115396406,0.0,0.0,0.0,0.0,0.0,0.0,0.0,0.0,0.0,0.0,0.278141256502601,0.0
,0.006787330316742082,0.02224566009931929,0.0,0.0,0.0,0.0,0.0,0.0,0.0,0.0,0.0,0.0,0.2884484563055992,0.0
,0.002585649644473174,0.005414219259530212,0.0,0.0,0.0,0.0,0.0,0.0,0.0,0.0,0.0,0.0,0.2549823775664112,0.0
,0.0016160310277957336,0.0011515925395154437,0.0,0.0,0.0,0.0,0.0,0.0,0.0,0.0,0.0,0.0,0.23053965175813915,0.0
,0.0006464124111182935,0.0012216299798738593,0.0,0.0,0.0,0.0,0.0,0.0,0.0,0.0,0.0,0.0,0.2263297626743005,0.0
,0.003555268261150614,0.0013618829125460195,0.0,0.0,0.0,0.0,0.0,0.0,0.0,0.0,0.0,0.0,0.24433581124757597,0.0
,0.003878474466709761,0.002184923218517653,0.0,0.0,0.0,0.0,0.0,0.0,0.0,0.0,0.0,0.0,0.24665635484963216,0.0
,0.0019392372333548805,0.0013687534273022052,0.0,0.0,0.0,0.0,0.0,0.0,0.0,0.0,0.0,0.0,0.23118260124562648,0.0
,0.0003232062055591467,0.00018178084801842025,0.0,0.0,0.0,0.0,0.0,0.0,0.0,0.0,0.0,0.0,0.20522786037491922,0.0
,0.0003232062055591467,2.826263816276077e-07,0.0,0.0,0.0,0.0,0.0,0.0,0.0,0.0,0.0,0.0,0.1368318189746761,0.0
,0.0006464124111182935,7.582209416069101e-06,0.0,0.0,0.0,0.0,0.0,0.0,0.0,0.0,0.0,0.0,0.16018267446838874,0.0
,0.0009696186166774402,0.00043251782185681204,0.0,0.0,0.0,0.0,0.0,0.0,0.0,0.0,0.0,0.0,0.22314271862591192,0.0
,0.001292824822236587,8.979505981062784e-05,0.0,0.0,0.0,0.0,0.0,0.0,0.0,0.0,0.0,0.0,0.2007293943218313,0.0
,0.002585649644473174,0.0060498500069534455,0.0,0.0,0.0,0.0,0.0,0.0,0.0,0.0,0.0,0.0,0.2603295164219534,0.0
,0.003232062055591467,0.009327569570261327,0.0,0.0,0.0,0.0,0.0,0.0,0.0,0.0,0.0,0.0,0.2674627543325022,0.0
,0.002262443438914027,0.004382458531153091,0.0,0.0,0.0,0.0,0.0,0.0,0.0,0.0,0.0,0.0,0.257339474251239,0.0
,0.0003232062055591467,1.710836643674977e-05,0.0,0.0,0.0,0.0,0.0,0.0,0.0,0.0,0.0,0.0,0.16684866254193984,0.0
,0.0006464124111182935,0.00045914283337609925,0.0,0.0,0.0,0.0,0.0,0.0,0.0,0.0,0.0,0.0,0.20337109202655423,0.0
,0.009372979961215255,0.043670137213179465,0.0,0.0,0.0,0.0,0.0,0.0,0.0,0.0,0.0,0.0,0.2940907132083603,0.0
,0.009049773755656108,0.04398719328908509,0.0,0.0,0.0,0.0,0.0,0.0,0.0,0.0,0.0,0.0,0.30487117924092716,0.0
,0.0009696186166774402,0.0002314557486089703,0.0,0.0,0.0,0.0,0.0,0.0,0.0,0.0,0.0,0.0,0.20953394178184093,0.0
,0.002262443438914027,0.0025844482626222447,0.0,0.0,0.0,0.0,0.0,0.0,0.0,0.0,0.0,0.0,0.2284071320836027,0.0
,0.0019392372333548805,0.0009626881465088521,0.0,0.0,0.0,0.0,0.0,0.0,0.0,0.0,0.0,0.0,0.22968623346774608,0.0
,0.003878474466709761,0.009064111080897455,0.0,0.0,0.0,0.0,0.0,0.0,0.0,0.0,0.0,0.0,0.2653411364545818,0.0
,0.0029088558500323207,0.005273387755791411,0.0,0.0,0.0,0.0,0.0,0.0,0.0,0.0,0.0,0.0,0.2627858835842029,0.0
,0.004848093083387201,0.01591583637757039,0.0,0.0,0.0,0.0,0.0,0.0,0.0,0.0,0.0,0.0,0.2804687259519192,0.0
,0.001292824822236587,0.0010934839262414305,0.0,0.0,0.0,0.0,0.0,0.0,0.0,0.0,0.0,0.0,0.2270328644278224,0.0
,0.0006464124111182935,0.000659608267081383,0.0,0.0,0.0,0.0,0.0,0.0,0.0,0.0,0.0,0.0,0.20559390422835802,0.0
,0.001292824822236587,0.0010934839262414305,0.0,0.0,0.0,0.0,0.0,0.0,0.0,0.0,0.0,0.0,0.2270328644278224,0.0
,0.003878474466709761,0.0086326586769634,0.0,0.0,0.0,0.0,0.0,0.0,0.0,0.0,0.0,0.0,0.2638651614491951,0.0
,0.0009696186166774402,0.00024313415627280326,0.0,0.0,0.0,0.0,0.0,0.0,0.0,0.0,0.0,0.0,0.20924690388976105,0.0
,0.0016160310277957336,0.002202466784361678,0.0,0.0,0.0,0.0,0.0,0.0,0.0,0.0,0.0,0.0,0.2315403084310647,0.0
,0.0006464124111182935,0.0007749584141622139,0.0,0.0,0.0,0.0,0.0,0.0,0.0,0.0,0.0,0.0,0.2116732590472086,0.0
,0.0029088558500323207,0.007797813459911555,0.0,0.0,0.0,0.0,0.0,0.0,0.0,0.0,0.0,0.0,0.253145873734109,0.0
,0.004524886877828054,0.012997390952584929,0.0,0.0,0.0,0.0,0.0,0.0,0.0,0.0,0.0,0.0,0.2737491150306276,0.0
,0.0003232062055591467,9.333526401970708e-08,0.0,0.0,0.0,0.0,0.0,0.0,0.0,0.0,0.0,0.0,0.13542138300541662,0.0
,0.0006464124111182935,2.5047969823104117e-06,0.0,0.0,0.0,0.0,0.0,0.0,0.0,0.0,0.0,0.0,0.15830320473177614,0.0
,0.002585649644473174,0.0014661190901615999,0.0,0.0,0.0,0.0,0.0,0.0,0.0,0.0,0.0,0.0,0.23418264741794154,0.0
,0.004201680672268907,0.005337278890846159,0.0,0.0,0.0,0.0,0.0,0.0,0.0,0.0,0.0,0.0,0.2576669129190137,0.0
,0.003232062055591467,0.007974763227714007,0.0,0.0,0.0,0.0,0.0,0.0,0.0,0.0,0.0,0.0,0.2679744974913042,0.0
,0.0006464124111182935,0.002757822706261369,0.0,0.0,0.0,0.0,0.0,0.0,0.0,0.0,0.0,0.0,0.23131175547141936,0.0
,0.0016160310277957336,0.0040070651495438545,0.0,0.0,0.0,0.0,0.0,0.0,0.0,0.0,0.0,0.0,0.25580232092837135,0.0
,0.001292824822236587,0.0006422728654702177,0.0,0.0,0.0,0.0,0.0,0.0,0.0,0.0,0.0,0.0,0.2258561116754394,0.0
,0.002585649644473174,0.006474065197578104,0.0,0.0,0.0,0.0,0.0,0.0,0.0,0.0,0.0,0.0,0.25763343799058086,0.0
,0.006140917905623788,0.010680908683304017,0.0,0.0,0.0,0.0,0.0,0.0,0.0,0.0,0.0,0.0,0.2798407824668329,0.0
,0.0006464124111182935,0.0005445013898664294,0.0,0.0,0.0,0.0,0.0,0.0,0.0,0.0,0.0,0.0,0.21861860128666852,0.0
,0.0006464124111182935,0.0006023952414259198,0.0,0.0,0.0,0.0,0.0,0.0,0.0,0.0,0.0,0.0,0.22148859543817528,0.0
,0.007756948933419522,0.03732575209260817,0.0,0.0,0.0,0.0,0.0,0.0,0.0,0.0,0.0,0.0,0.30227783421060733,0.0
,0.0003232062055591467,0.0004386224979535933,0.0,0.0,0.0,0.0,0.0,0.0,0.0,0.0,0.0,0.0,0.21477065185048377,0.0
,0.0006464124111182935,6.169815440272108e-05,0.0,0.0,0.0,0.0,0.0,0.0,0.0,0.0,0.0,0.0,0.18701814058956914,0.0
,0.0009696186166774402,0.0006366709186957574,0.0,0.0,0.0,0.0,0.0,0.0,0.0,0.0,0.0,0.0,0.2200519951570372,0.0
,0.0009696186166774402,0.0010189524751342788,0.0,0.0,0.0,0.0,0.0,0.0,0.0,0.0,0.0,0.0,0.21801913072921478,0.0
,0.006140917905623788,0.014713555963332528,0.0,0.0,0.0,0.0,0.0,0.0,0.0,0.0,0.0,0.0,0.2735964898780025,0.0
,0.005817711700064641,0.0037551901958730134,0.0,0.0,0.0,0.0,0.0,0.0,0.0,0.0,0.0,0.0,0.25761997106534923,0.0
,0.004201680672268907,0.004349757298060507,0.0,0.0,0.0,0.0,0.0,0.0,0.0,0.0,0.0,0.0,0.25236863976359775,0.0
,0.002585649644473174,0.002702642115738384,0.0,0.0,0.0,0.0,0.0,0.0,0.0,0.0,0.0,0.0,0.24318958352571798,0.0
,0.003878474466709761,0.003663499690384277,0.0,0.0,0.0,0.0,0.0,0.0,0.0,0.0,0.0,0.0,0.25488695478191276,0.0
,0.002585649644473174,7.001376672324535e-05,0.0,0.0,0.0,0.0,0.0,0.0,0.0,0.0,0.0,0.0,0.1817155067155067,0.0
,0.0019392372333548805,0.003492954676462268,0.0,0.0,0.0,0.0,0.0,0.0,0.0,0.0,0.0,0.0,0.2433207898544033,0.0
,0.002585649644473174,0.0014860010350629287,0.0,0.0,0.0,0.0,0.0,0.0,0.0,0.0,0.0,0.0,0.24256984845220136,0.0
,0.002585649644473174,0.011467005199572807,0.0,0.0,0.0,0.0,0.0,0.0,0.0,0.0,0.0,0.0,0.2585426478283621,0.0
,0.002262443438914027,0.002108403590976331,0.0,0.0,0.0,0.0,0.0,0.0,0.0,0.0,0.0,0.0,0.2444031458737341,0.0
,0.0009696186166774402,0.00025896846559455346,0.0,0.0,0.0,0.0,0.0,0.0,0.0,0.0,0.0,0.0,0.21000566893424036,0.0
,0.0016160310277957336,0.000553046051277447,0.0,0.0,0.0,0.0,0.0,0.0,0.0,0.0,0.0,0.0,0.22683855593519459,0.0
,0.0029088558500323207,0.000981391037160581,0.0,0.0,0.0,0.0,0.0,0.0,0.0,0.0,0.0,0.0,0.23317416710273853,0.0
,0.0016160310277957336,0.00019637252784555388,0.0,0.0,0.0,0.0,0.0,0.0,0.0,0.0,0.0,0.0,0.20901373369860765,0.0
,0.004524886877828054,0.003060650796763116,0.0,0.0,0.0,0.0,0.0,0.0,0.0,0.0,0.0,0.0,0.24408801982331396,0.0
,0.0019392372333548805,0.000196645722746964,0.0,0.0,0.0,0.0,0.0,0.0,0.0,0.0,0.0,0.0,0.20922920450231378,0.0
,0.0019392372333548805,0.00031419686366145804,0.0,0.0,0.0,0.0,0.0,0.0,0.0,0.0,0.0,0.0,0.19819915145545397,0.0
,0.002262443438914027,0.0026776997480477474,0.0,0.0,0.0,0.0,0.0,0.0,0.0,0.0,0.0,0.0,0.23621833348724106,0.0
,0.0016160310277957336,0.002723361578956299,0.0,0.0,0.0,0.0,0.0,0.0,0.0,0.0,0.0,0.0,0.24128536029796535,0.0
,0.002262443438914027,0.002650265495606088,0.0,0.0,0.0,0.0,0.0,0.0,0.0,0.0,0.0,0.0,0.23401822267368486,0.0
,0.0006464124111182935,0.0003162203896069042,0.0,0.0,0.0,0.0,0.0,0.0,0.0,0.0,0.0,0.0,0.20294707626640401,0.0
,0.0003232062055591467,1.1708194195929611e-05,0.0,0.0,0.0,0.0,0.0,0.0,0.0,0.0,0.0,0.0,0.16311806773991647,0.0
,0.007110536522301228,0.013184557889120178,0.0,0.0,0.0,0.0,0.0,0.0,0.0,0.0,0.0,0.0,0.28385007849293564,0.0
,0.0019392372333548805,0.0011248795149655254,0.0,0.0,0.0,0.0,0.0,0.0,0.0,0.0,0.0,0.0,0.23679638522075497,0.0
,0.0016160310277957336,0.0020688768987072734,0.0,0.0,0.0,0.0,0.0,0.0,0.0,0.0,0.0,0.0,0.23476121217717857,0.0
,0.005494505494505494,0.011808501544170465,0.0,0.0,0.0,0.0,0.0,0.0,0.0,0.0,0.0,0.0,0.27854410995167295,0.0
,0.004848093083387201,0.004520035407764385,0.0,0.0,0.0,0.0,0.0,0.0,0.0,0.0,0.0,0.0,0.263438195791137,0.0
,0.0009696186166774402,0.0005303357470372037,0.0,0.0,0.0,0.0,0.0,0.0,0.0,0.0,0.0,0.0,0.2188999958957942,0.0
,0.007756948933419522,0.011546507728347402,0.0,0.0,0.0,0.0,0.0,0.0,0.0,0.0,0.0,0.0,0.2756048573275464,0.0
,0.0016160310277957336,0.0020688768987072734,0.0,0.0,0.0,0.0,0.0,0.0,0.0,0.0,0.0,0.0,0.23476121217717857,0.0
,0.0016160310277957336,0.0009304990838276251,0.0,0.0,0.0,0.0,0.0,0.0,0.0,0.0,0.0,0.0,0.23211169083017824,0.0
,0.002585649644473174,0.0007470677659243326,0.0,0.0,0.0,0.0,0.0,0.0,0.0,0.0,0.0,0.0,0.23049078605801296,0.0
,0.003878474466709761,0.009905175855095174,0.0,0.0,0.0,0.0,0.0,0.0,0.0,0.0,0.0,0.0,0.26925898564554024,0.0
,0.0003232062055591467,0.000491419093662713,0.0,0.0,0.0,0.0,0.0,0.0,0.0,0.0,0.0,0.0,0.21562099198653822,0.0
,0.0019392372333548805,0.0033913337319991825,0.0,0.0,0.0,0.0,0.0,0.0,0.0,0.0,0.0,0.0,0.2534129036229877,0.0
,0.003555268261150614,0.007159774471345148,0.0,0.0,0.0,0.0,0.0,0.0,0.0,0.0,0.0,0.0,0.2610332594576292,0.0
,0.0019392372333548805,0.0010623030018617745,0.0,0.0,0.0,0.0,0.0,0.0,0.0,0.0,0.0,0.0,0.23582214937256954,0.0
,0.004201680672268907,0.003826304584914607,0.0,0.0,0.0,0.0,0.0,0.0,0.0,0.0,0.0,0.0,0.2551914355485784,0.0
,0.0003232062055591467,0.0007565016036395607,0.0,0.0,0.0,0.0,0.0,0.0,0.0,0.0,0.0,0.0,0.21855254922481815,0.0
,0.003555268261150614,0.011965541002506299,0.0,0.0,0.0,0.0,0.0,0.0,0.0,0.0,0.0,0.0,0.2743058761966325,0.0
,0.002262443438914027,0.0013612547661817124,0.0,0.0,0.0,0.0,0.0,0.0,0.0,0.0,0.0,0.0,0.24441096951601154,0.0
,0.001292824822236587,0.0012339901208014484,0.0,0.0,0.0,0.0,0.0,0.0,0.0,0.0,0.0,0.0,0.23319173823375502,0.0
,0.0029088558500323207,0.03458700239293315,0.0,0.0,0.0,0.0,0.0,0.0,0.0,0.0,0.0,0.0,0.2690014467325392,0.0
,0.004201680672268907,0.01471402783113869,0.0,0.0,0.0,0.0,0.0,0.0,0.0,0.0,0.0,0.0,0.2584727480735884,0.0
,0.0003232062055591467,2.418379811269855e-36,0.0,0.0,0.0,0.0,0.0,0.0,0.0,0.0,0.0,0.0,0.0003232062055591467,0.0
,0.0003232062055591467,2.418379811269855e-36,0.0,0.0,0.0,0.0,0.0,0.0,0.0,0.0,0.0,0.0,0.0003232062055591467,0.0
,0.0003232062055591467,0.00039807198330520403,0.0,0.0,0.0,0.0,0.0,0.0,0.0,0.0,0.0,0.0,0.21330775900103632,0.0
,0.002585649644473174,0.0021044010803385202,0.0,0.0,0.0,0.0,0.0,0.0,0.0,0.0,0.0,0.0,0.24082325237787425,0.0
,0.004201680672268907,0.006694344046357614,0.0,0.0,0.0,0.0,0.0,0.0,0.0,0.0,0.0,0.0,0.2587019423153877,0.0
,0.0006464124111182935,7.853974416891806e-05,0.0,0.0,0.0,0.0,0.0,0.0,0.0,0.0,0.0,0.0,0.1907296251834067,0.0
,0.001292824822236587,0.00040594672806520694,0.0,0.0,0.0,0.0,0.0,0.0,0.0,0.0,0.0,0.0,0.2194577831132453,0.0
,0.005171299288946348,0.011931711984778026,0.0,0.0,0.0,0.0,0.0,0.0,0.0,0.0,0.0,0.0,0.26612875919598605,0.0
,0.0019392372333548805,0.007884064041308127,0.0,0.0,0.0,0.0,0.0,0.0,0.0,0.0,0.0,0.0,0.24578498065893026,0.0
,0.003555268261150614,0.030848427839643894,0.0,0.0,0.0,0.0,0.0,0.0,0.0,0.0,0.0,0.0,0.26610144057623053,0.0
,0.0019392372333548805,0.021556080063084296,0.0,0.0,0.0,0.0,0.0,0.0,0.0,0.0,0.0,0.0,0.2514610972594166,0.0
,0.009049773755656108,0.0778102935826094,0.0,0.0,0.0,0.0,0.0,0.0,0.0,0.0,0.0,0.0,0.28949502878074307,0.0
,0.007110536522301228,0.08016812832688096,0.0,0.0,0.0,0.0,0.0,0.0,0.0,0.0,0.0,0.0,0.2898740265336904,0.0
,0.009372979961215255,0.07792091848354106,0.0,0.0,0.0,0.0,0.0,0.0,0.0,0.0,0.0,0.0,0.28983439529658017,0.0
,0.006140917905623788,0.06595374921967069,0.0,0.0,0.0,0.0,0.0,0.0,0.0,0.0,0.0,0.0,0.2793351956167082,0.0
,0.005494505494505494,0.07095259824192478,0.0,0.0,0.0,0.0,0.0,0.0,0.0,0.0,0.0,0.0,0.27631860436482286,0.0
,0.010665804783451843,0.07771691938650914,0.0,0.0,0.0,0.0,0.0,0.0,0.0,0.0,0.0,0.0,0.2871702527164712,0.0
,0.006787330316742082,0.07615171966769396,0.0,0.0,0.0,0.0,0.0,0.0,0.0,0.0,0.0,0.0,0.2793194200757226,0.0
,0.0003232062055591467,0.0002556028697154525,0.0,0.0,0.0,0.0,0.0,0.0,0.0,0.0,0.0,0.0,0.2014483998727696,0.0
,0.002262443438914027,0.0014248977130579153,0.0,0.0,0.0,0.0,0.0,0.0,0.0,0.0,0.0,0.0,0.2326712736376602,0.0
,0.016483516483516484,0.09420962107841994,0.0,0.0,0.0,0.0,0.0,0.0,0.0,0.0,0.0,0.0,0.3315587773570967,0.0
,0.001292824822236587,0.0017537798419133665,0.0,0.0,0.0,0.0,0.0,0.0,0.0,0.0,0.0,0.0,0.22618714152327596,0.0
,0.0006464124111182935,7.755908424681901e-05,0.0,0.0,0.0,0.0,0.0,0.0,0.0,0.0,0.0,0.0,0.2004496670463057,0.0
,0.002262443438914027,0.0004054721450387541,0.0,0.0,0.0,0.0,0.0,0.0,0.0,0.0,0.0,0.0,0.22091400662829233,0.0
,0.0016160310277957336,0.0008126895423447895,0.0,0.0,0.0,0.0,0.0,0.0,0.0,0.0,0.0,0.0,0.2241712069443162,0.0
,0.0029088558500323207,0.0013650820631259594,0.0,0.0,0.0,0.0,0.0,0.0,0.0,0.0,0.0,0.0,0.23685717876894347,0.0
,0.0006464124111182935,0.00013923322742288684,0.0,0.0,0.0,0.0,0.0,0.0,0.0,0.0,0.0,0.0,0.20635921035080698,0.0
,0.004848093083387201,0.006980085470316488,0.0,0.0,0.0,0.0,0.0,0.0,0.0,0.0,0.0,0.0,0.2628189737433435,0.0
,0.0019392372333548805,0.0022153852247666877,0.0,0.0,0.0,0.0,0.0,0.0,0.0,0.0,0.0,0.0,0.2327597705748966,0.0
,0.0016160310277957336,0.0008671012586052827,0.0,0.0,0.0,0.0,0.0,0.0,0.0,0.0,0.0,0.0,0.2294660171761012,0.0
,0.002585649644473174,0.00364073299967517,0.0,0.0,0.0,0.0,0.0,0.0,0.0,0.0,0.0,0.0,0.22851807389622514,0.0
,0.002262443438914027,0.0032098972412676193,0.0,0.0,0.0,0.0,0.0,0.0,0.0,0.0,0.0,0.0,0.2547303536799335,0.0
,0.003878474466709761,0.007393062621944735,0.0,0.0,0.0,0.0,0.0,0.0,0.0,0.0,0.0,0.0,0.2695089574291255,0.0
,0.0009696186166774402,0.0013273568336514905,0.0,0.0,0.0,0.0,0.0,0.0,0.0,0.0,0.0,0.0,0.2264571213100625,0.0
,0.0029088558500323207,0.006842180101669136,0.0,0.0,0.0,0.0,0.0,0.0,0.0,0.0,0.0,0.0,0.26318873703327483,0.0
,0.0019392372333548805,0.0028524932521480657,0.0,0.0,0.0,0.0,0.0,0.0,0.0,0.0,0.0,0.0,0.24978145104195523,0.0
,0.005171299288946348,0.011944430008655563,0.0,0.0,0.0,0.0,0.0,0.0,0.0,0.0,0.0,0.0,0.2701553698402438,0.0
,0.005494505494505494,0.004122355703748169,0.0,0.0,0.0,0.0,0.0,0.0,0.0,0.0,0.0,0.0,0.26463162187952105,0.0
,0.003232062055591467,0.01112022831372139,0.0,0.0,0.0,0.0,0.0,0.0,0.0,0.0,0.0,0.0,0.2702253978514483,0.0
,0.002262443438914027,0.0015150883719677478,0.0,0.0,0.0,0.0,0.0,0.0,0.0,0.0,0.0,0.0,0.23989211069043,0.0
,0.0019392372333548805,0.004520098337898005,0.0,0.0,0.0,0.0,0.0,0.0,0.0,0.0,0.0,0.0,0.24627312463446918,0.0
,0.002262443438914027,0.005976549170909011,0.0,0.0,0.0,0.0,0.0,0.0,0.0,0.0,0.0,0.0,0.2599070397389725,0.0
,0.0029088558500323207,0.010585890833266578,0.0,0.0,0.0,0.0,0.0,0.0,0.0,0.0,0.0,0.0,0.25668305783852,0.0
,0.0006464124111182935,0.0012891003987451379,0.0,0.0,0.0,0.0,0.0,0.0,0.0,0.0,0.0,0.0,0.22795464339581986,0.0
,0.0009696186166774402,0.0024956354019589656,0.0,0.0,0.0,0.0,0.0,0.0,0.0,0.0,0.0,0.0,0.22925477883461076,0.0
,0.001292824822236587,4.2859780161731086e-05,0.0,0.0,0.0,0.0,0.0,0.0,0.0,0.0,0.0,0.0,0.18594489077682355,0.0
,0.0009696186166774402,4.270310784960325e-05,0.0,0.0,0.0,0.0,0.0,0.0,0.0,0.0,0.0,0.0,0.18727016447604683,0.0
,0.0009696186166774402,0.00028379661813146393,0.0,0.0,0.0,0.0,0.0,0.0,0.0,0.0,0.0,0.0,0.19637560152266034,0.0
,0.002585649644473174,0.0005400031432352409,0.0,0.0,0.0,0.0,0.0,0.0,0.0,0.0,0.0,0.0,0.22271036619776113,0.0
,0.0009696186166774402,0.00028379661813146393,0.0,0.0,0.0,0.0,0.0,0.0,0.0,0.0,0.0,0.0,0.19637560152266034,0.0
,0.0019392372333548805,0.0010650173730758908,0.0,0.0,0.0,0.0,0.0,0.0,0.0,0.0,0.0,0.0,0.22832953694298233,0.0
,0.0029088558500323207,0.006104012627646337,0.0,0.0,0.0,0.0,0.0,0.0,0.0,0.0,0.0,0.0,0.2579935820482039,0.0
,0.003555268261150614,0.01768828159572478,0.0,0.0,0.0,0.0,0.0,0.0,0.0,0.0,0.0,0.0,0.25883237910548834,0.0
,0.002585649644473174,0.0025297524752691427,0.0,0.0,0.0,0.0,0.0,0.0,0.0,0.0,0.0,0.0,0.23970819096869517,0.0
,0.002585649644473174,0.0011324248438553152,0.0,0.0,0.0,0.0,0.0,0.0,0.0,0.0,0.0,0.0,0.2362134597428715,0.0
,0.0016160310277957336,0.00020216594270883108,0.0,0.0,0.0,0.0,0.0,0.0,0.0,0.0,0.0,0.0,0.21019612973394486,0.0
,0.0029088558500323207,0.0006357208498761938,0.0,0.0,0.0,0.0,0.0,0.0,0.0,0.0,0.0,0.0,0.2265776823549933,0.0
,0.001292824822236587,0.00013973973714275637,0.0,0.0,0.0,0.0,0.0,0.0,0.0,0.0,0.0,0.0,0.2024184032587394,0.0
,0.002585649644473174,0.0025297524752691427,0.0,0.0,0.0,0.0,0.0,0.0,0.0,0.0,0.0,0.0,0.23970819096869517,0.0
,0.001292824822236587,0.00017126516468424658,0.0,0.0,0.0,0.0,0.0,0.0,0.0,0.0,0.0,0.0,0.21021036619776115,0.0
,0.0009696186166774402,4.9646926485198977e-05,0.0,0.0,0.0,0.0,0.0,0.0,0.0,0.0,0.0,0.0,0.18742522650085675,0.0
,0.0009696186166774402,5.088741053468195e-05,0.0,0.0,0.0,0.0,0.0,0.0,0.0,0.0,0.0,0.0,0.1945851417490073,0.0
,0.001292824822236587,0.0009020210251359437,0.0,0.0,0.0,0.0,0.0,0.0,0.0,0.0,0.0,0.0,0.21723881860436484,0.0
,0.001292824822236587,0.00037945251051343877,0.0,0.0,0.0,0.0,0.0,0.0,0.0,0.0,0.0,0.0,0.20898692810457517,0.0
,0.0006464124111182935,0.0016022148340507174,0.0,0.0,0.0,0.0,0.0,0.0,0.0,0.0,0.0,0.0,0.22399228922338166,0.0
,0.0009696186166774402,0.00022492523780570002,0.0,0.0,0.0,0.0,0.0,0.0,0.0,0.0,0.0,0.0,0.20219767394137142,0.0
,0.001292824822236587,0.0005083020864658342,0.0,0.0,0.0,0.0,0.0,0.0,0.0,0.0,0.0,0.0,0.21670899128882323,0.0
,0.002585649644473174,0.0048965040714089685,0.0,0.0,0.0,0.0,0.0,0.0,0.0,0.0,0.0,0.0,0.25158717333087083,0.0
,0.002585649644473174,0.00020512141957480305,0.0,0.0,0.0,0.0,0.0,0.0,0.0,0.0,0.0,0.0,0.21611529227075446,0.0
,0.0003232062055591467,1.9917839444901343e-05,0.0,0.0,0.0,0.0,0.0,0.0,0.0,0.0,0.0,0.0,0.1769276941545849,0.0
,0.008080155138978667,0.012762522227954464,0.0,0.0,0.0,0.0,0.0,0.0,0.0,0.0,0.0,0.0,0.2866919844861021,0.0
,0.0016160310277957336,0.0021724904323755,0.0,0.0,0.0,0.0,0.0,0.0,0.0,0.0,0.0,0.0,0.2414692800197002,0.0
,0.005817711700064641,0.05478969342710629,0.0,0.0,0.0,0.0,0.0,0.0,0.0,0.0,0.0,0.0,0.27672607504540275,0.0
,0.0019392372333548805,0.003074407311688793,0.0,0.0,0.0,0.0,0.0,0.0,0.0,0.0,0.0,0.0,0.2412753562963647,0.0
,0.005171299288946348,0.004965934618498147,0.0,0.0,0.0,0.0,0.0,0.0,0.0,0.0,0.0,0.0,0.25588773971126916,0.0
,0.001292824822236587,0.0009416817086927899,0.0,0.0,0.0,0.0,0.0,0.0,0.0,0.0,0.0,0.0,0.21944790736807543,0.0
,0.002262443438914027,0.008138970032032606,0.0,0.0,0.0,0.0,0.0,0.0,0.0,0.0,0.0,0.0,0.25699177106740134,0.0
,0.005494505494505494,0.02172739855080501,0.0,0.0,0.0,0.0,0.0,0.0,0.0,0.0,0.0,0.0,0.26880213623911103,0.0
,0.0003232062055591467,0.0001922742573500387,0.0,0.0,0.0,0.0,0.0,0.0,0.0,0.0,0.0,0.0,0.19864792070674425,0.0
,0.002262443438914027,0.0009514060771061024,0.0,0.0,0.0,0.0,0.0,0.0,0.0,0.0,0.0,0.0,0.23299794276685035,0.0
,0.002585649644473174,0.0012972816324693577,0.0,0.0,0.0,0.0,0.0,0.0,0.0,0.0,0.0,0.0,0.24196075866243932,0.0
,0.0003232062055591467,2.5044301329336198e-05,0.0,0.0,0.0,0.0,0.0,0.0,0.0,0.0,0.0,0.0,0.17876188937113305,0.0
,0.001292824822236587,0.0006720913998576062,0.0,0.0,0.0,0.0,0.0,0.0,0.0,0.0,0.0,0.0,0.22181885574742716,0.0
,0.004848093083387201,0.014767415304819799,0.0,0.0,0.0,0.0,0.0,0.0,0.0,0.0,0.0,0.0,0.2741427340166836,0.0
,0.001292824822236587,0.002193421130834685,0.0,0.0,0.0,0.0,0.0,0.0,0.0,0.0,0.0,0.0,0.24142195339674333,0.0
,0.005171299288946348,0.015119708278965565,0.0,0.0,0.0,0.0,0.0,0.0,0.0,0.0,0.0,0.0,0.27600578693015665,0.0
,0.002585649644473174,0.006776717759555987,0.0,0.0,0.0,0.0,0.0,0.0,0.0,0.0,0.0,0.0,0.2626700680272109,0.0
,0.003555268261150614,0.007474929866489692,0.0,0.0,0.0,0.0,0.0,0.0,0.0,0.0,0.0,0.0,0.2656320220395851,0.0
,0.0029088558500323207,0.003099736365189521,0.0,0.0,0.0,0.0,0.0,0.0,0.0,0.0,0.0,0.0,0.2533074768368886,0.0
,0.002262443438914027,0.0008798657193463586,0.0,0.0,0.0,0.0,0.0,0.0,0.0,0.0,0.0,0.0,0.2264699469531402,0.0
,0.005817711700064641,0.031120315303218335,0.0,0.0,0.0,0.0,0.0,0.0,0.0,0.0,0.0,0.0,0.27951257426047343,0.0
,0.002262443438914027,0.0004380823447083875,0.0,0.0,0.0,0.0,0.0,0.0,0.0,0.0,0.0,0.0,0.21090846595048277,0.1283335387192862
,0.0006464124111182935,6.643348744458084e-05,0.0,0.0,0.0,0.0,0.0,0.0,0.0,0.0,0.0,0.0,0.19327333497501564,0.0
,0.002585649644473174,0.0006641470161467658,0.0,0.0,0.0,0.0,0.0,0.0,0.0,0.0,0.0,0.0,0.21992425175198285,0.0
,0.0019392372333548805,0.006961158039726695,0.0,0.0,0.0,0.0,0.0,0.0,0.0,0.0,0.0,0.0,0.23637339551205097,0.0
,0.005494505494505494,0.006444582851218555,0.0,0.0,0.0,0.0,0.0,0.0,0.0,0.0,0.0,0.0,0.2614299565980238,0.0
,0.0003232062055591467,0.0002594654380562449,0.0,0.0,0.0,0.0,0.0,0.0,0.0,0.0,0.0,0.0,0.18788823221596332,0.0
,0.0006464124111182935,0.00041157850261484775,0.0,0.0,0.0,0.0,0.0,0.0,0.0,0.0,0.0,0.0,0.2035496249781964,0.0
,0.0003232062055591467,6.42728113097348e-05,0.0,0.0,0.0,0.0,0.0,0.0,0.0,0.0,0.0,0.0,0.18694093021824115,0.0
,0.001292824822236587,0.0017244307736998543,0.0,0.0,0.0,0.0,0.0,0.0,0.0,0.0,0.0,0.0,0.23458498784129037,0.0
,0.003878474466709761,0.007421946243029252,0.0,0.0,0.0,0.0,0.0,0.0,0.0,0.0,0.0,0.0,0.25965617016037185,0.0
,0.0029088558500323207,0.0013782467903483543,0.0,0.0,0.0,0.0,0.0,0.0,0.0,0.0,0.0,0.0,0.2377182924451832,0.0
,0.010665804783451843,0.019795883423098265,0.0,0.0,0.0,0.0,0.0,0.0,0.0,0.0,0.0,0.0,0.2854172438206051,0.0
,0.003878474466709761,0.024432715540010936,0.0,0.0,0.0,0.0,0.0,0.0,0.0,0.0,0.0,0.0,0.25452681072428973,0.0
,0.004201680672268907,0.010031633535092769,0.0,0.0,0.0,0.0,0.0,0.0,0.0,0.0,0.0,0.0,0.2603295164219534,0.0
,0.0009696186166774402,0.0003630676056125312,0.0,0.0,0.0,0.0,0.0,0.0,0.0,0.0,0.0,0.0,0.21195119073270335,0.0
,0.002585649644473174,0.002932550127378928,0.0,0.0,0.0,0.0,0.0,0.0,0.0,0.0,0.0,0.0,0.23945821918510993,0.0
,0.0006464124111182935,0.0003267832981080477,0.0,0.0,0.0,0.0,0.0,0.0,0.0,0.0,0.0,0.0,0.20901963349442343,0.0
,0.003232062055591467,0.0014471473690051257,0.0,0.0,0.0,0.0,0.0,0.0,0.0,0.0,0.0,0.0,0.2226880495788059,0.0
,0.002585649644473174,0.0007769947661397237,0.0,0.0,0.0,0.0,0.0,0.0,0.0,0.0,0.0,0.0,0.22291390915340495,0.0
,0.0016160310277957336,0.0005628865668291686,0.0,0.0,0.0,0.0,0.0,0.0,0.0,0.0,0.0,0.0,0.21373228778690964,0.0
,0.0019392372333548805,0.009262100811192345,0.0,0.0,0.0,0.0,0.0,0.0,0.0,0.0,0.0,0.0,0.2449041154923508,0.0
,0.0009696186166774402,0.0027008540265804903,0.0,0.0,0.0,0.0,0.0,0.0,0.0,0.0,0.0,0.0,0.2434169821774864,0.0
,0.0016160310277957336,0.0010851785135794966,0.0,0.0,0.0,0.0,0.0,0.0,0.0,0.0,0.0,0.0,0.2028437015831974,0.0
,0.002585649644473174,0.0008781073256441075,0.0,0.0,0.0,0.0,0.0,0.0,0.0,0.0,0.0,0.0,0.22769492412349554,0.0
,0.001292824822236587,0.00027477134856635237,0.0,0.0,0.0,0.0,0.0,0.0,0.0,0.0,0.0,0.0,0.21379320959152892,0.0
,0.0016160310277957336,0.0005967162959662849,0.0,0.0,0.0,0.0,0.0,0.0,0.0,0.0,0.0,0.0,0.21863476159694645,0.0
,0.0016160310277957336,0.0005967162959662849,0.0,0.0,0.0,0.0,0.0,0.0,0.0,0.0,0.0,0.0,0.21863476159694645,0.0
,0.006464124111182934,0.018185426390456307,0.0,0.0,0.0,0.0,0.0,0.0,0.0,0.0,0.0,0.0,0.27417697848370115,0.0
,0.002585649644473174,0.0006077295663244067,0.0,0.0,0.0,0.0,0.0,0.0,0.0,0.0,0.0,0.0,0.22701157386031337,0.0
,0.002585649644473174,0.001070691692738242,0.0,0.0,0.0,0.0,0.0,0.0,0.0,0.0,0.0,0.0,0.23532412965186075,0.0
,0.0003232062055591467,0.0005312390789127463,0.0,0.0,0.0,0.0,0.0,0.0,0.0,0.0,0.0,0.0,0.21666371676875879,0.0
,0.0019392372333548805,0.0002960813786903903,0.0,0.0,0.0,0.0,0.0,0.0,0.0,0.0,0.0,0.0,0.19796675080288526,0.0
,0.0019392372333548805,0.0008167248415010669,0.0,0.0,0.0,0.0,0.0,0.0,0.0,0.0,0.0,0.0,0.22634797508747087,0.0
,0.0016160310277957336,0.0004959153304018942,0.0,0.0,0.0,0.0,0.0,0.0,0.0,0.0,0.0,0.0,0.21967030401904353,0.0
,0.0016160310277957336,0.000651063124509603,0.0,0.0,0.0,0.0,0.0,0.0,0.0,0.0,0.0,0.0,0.2245168580252614,0.0
,0.0019392372333548805,0.0006526585516573546,0.0,0.0,0.0,0.0,0.0,0.0,0.0,0.0,0.0,0.0,0.2247323288289675,0.0
,0.0006464124111182935,4.280441057864902e-05,0.0,0.0,0.0,0.0,0.0,0.0,0.0,0.0,0.0,0.0,0.18069894624516475,0.0
,0.0016160310277957336,0.00010720036955071273,0.0,0.0,0.0,0.0,0.0,0.0,0.0,0.0,0.0,0.0,0.18971011481515682,0.0
,0.001292824822236587,9.75015341187857e-05,0.0,0.0,0.0,0.0,0.0,0.0,0.0,0.0,0.0,0.0,0.18223712561947858,0.0
,0.003232062055591467,0.0008910177988139046,0.0,0.0,0.0,0.0,0.0,0.0,0.0,0.0,0.0,0.0,0.20728316967812768,0.0
,0.005494505494505494,0.003641811164765713,0.0,0.0,0.0,0.0,0.0,0.0,0.0,0.0,0.0,0.0,0.2509746206174778,0.0
,0.003555268261150614,0.0011951782824892105,0.0,0.0,0.0,0.0,0.0,0.0,0.0,0.0,0.0,0.0,0.22074227126748136,0.0
,0.003232062055591467,0.0015755490129955732,0.0,0.0,0.0,0.0,0.0,0.0,0.0,0.0,0.0,0.0,0.22981346384707732,0.0
,0.005494505494505494,0.005688760066823354,0.0,0.0,0.0,0.0,0.0,0.0,0.0,0.0,0.0,0.0,0.25117662449595224,0.0
,0.004524886877828054,0.006248115861321298,0.0,0.0,0.0,0.0,0.0,0.0,0.0,0.0,0.0,0.0,0.2492951026564472,0.0
,0.005494505494505494,0.007030389188309068,0.0,0.0,0.0,0.0,0.0,0.0,0.0,0.0,0.0,0.0,0.25507164404223226,0.0
,0.004524886877828054,0.0025498124318391537,0.0,0.0,0.0,0.0,0.0,0.0,0.0,0.0,0.0,0.0,0.2459154174490309,0.0
,0.003878474466709761,0.002314057358194425,0.0,0.0,0.0,0.0,0.0,0.0,0.0,0.0,0.0,0.0,0.24407108997445132,0.0
,0.004524886877828054,0.002977206008928366,0.0,0.0,0.0,0.0,0.0,0.0,0.0,0.0,0.0,0.0,0.25124973066149536,0.0
,0.003555268261150614,0.0030290571973149286,0.0,0.0,0.0,0.0,0.0,0.0,0.0,0.0,0.0,0.0,0.2395709565877633,0.0
,0.004201680672268907,0.0025666147393364268,0.0,0.0,0.0,0.0,0.0,0.0,0.0,0.0,0.0,0.0,0.24627273986517684,0.0
,0.005817711700064641,0.009063715816057994,0.0,0.0,0.0,0.0,0.0,0.0,0.0,0.0,0.0,0.0,0.2544552436359159,0.0
,0.003232062055591467,0.0009924054741527522,0.0,0.0,0.0,0.0,0.0,0.0,0.0,0.0,0.0,0.0,0.21505281599819415,0.0
,0.003232062055591467,0.0015273131498551235,0.0,0.0,0.0,0.0,0.0,0.0,0.0,0.0,0.0,0.0,0.228041601255887,0.0
,0.003232062055591467,0.0019212674939021821,0.0,0.0,0.0,0.0,0.0,0.0,0.0,0.0,0.0,0.0,0.23619268220108558,0.0
,0.003232062055591467,0.0009924054741527522,0.0,0.0,0.0,0.0,0.0,0.0,0.0,0.0,0.0,0.0,0.21505281599819415,0.0
,0.004848093083387201,0.005533294153501869,0.0,0.0,0.0,0.0,0.0,0.0,0.0,0.0,0.0,0.0,0.2501689137193339,0.0
,0.0029088558500323207,0.0009362799616927551,0.0,0.0,0.0,0.0,0.0,0.0,0.0,0.0,0.0,0.0,0.21287348272642392,0.0
,0.001292824822236587,0.0004385226497226544,0.0,0.0,0.0,0.0,0.0,0.0,0.0,0.0,0.0,0.0,0.2064158996932106,0.0
,0.0006464124111182935,0.0001381251143611565,0.0,0.0,0.0,0.0,0.0,0.0,0.0,0.0,0.0,0.0,0.18614727942459033,0.0
,0.0029088558500323207,0.00828787520515443,0.0,0.0,0.0,0.0,0.0,0.0,0.0,0.0,0.0,0.0,0.2565733985902053,0.0
,0.0009696186166774402,7.212008133122461e-05,0.0,0.0,0.0,0.0,0.0,0.0,0.0,0.0,0.0,0.0,0.19093265511332735,0.0
,0.002262443438914027,0.0032673651240474793,0.0,0.0,0.0,0.0,0.0,0.0,0.0,0.0,0.0,0.0,0.22760104041616647,0.0
,0.0016160310277957336,0.0023646655360185223,0.0,0.0,0.0,0.0,0.0,0.0,0.0,0.0,0.0,0.0,0.2199127086732129,0.0
,0.0029088558500323207,0.001272181081175783,0.0,0.0,0.0,0.0,0.0,0.0,0.0,0.0,0.0,0.0,0.22327251413385868,0.0
,0.0003232062055591467,2.2784651073464556e-06,0.0,0.0,0.0,0.0,0.0,0.0,0.0,0.0,0.0,0.0,0.16722432562768696,0.0
,0.001292824822236587,6.113907931418221e-05,0.0,0.0,0.0,0.0,0.0,0.0,0.0,0.0,0.0,0.0,0.2041629472301741,0.0
,0.001292824822236587,0.009321944811427223,0.0,0.0,0.0,0.0,0.0,0.0,0.0,0.0,0.0,0.0,0.2470018776741466,0.0
,0.0009696186166774402,0.0006129646576888035,0.0,0.0,0.0,0.0,0.0,0.0,0.0,0.0,0.0,0.0,0.21989577882435027,0.0
,0.0006464124111182935,0.0006121132774601595,0.0,0.0,0.0,0.0,0.0,0.0,0.0,0.0,0.0,0.0,0.21968030802064414,0.0
,0.0006464124111182935,0.0003809448905290301,0.0,0.0,0.0,0.0,0.0,0.0,0.0,0.0,0.0,0.0,0.1977074162998533,0.0
,0.003555268261150614,0.007864846409832904,0.0,0.0,0.0,0.0,0.0,0.0,0.0,0.0,0.0,0.0,0.24089174131190938,0.0
,0.0019392372333548805,0.0023569946906139877,0.0,0.0,0.0,0.0,0.0,0.0,0.0,0.0,0.0,0.0,0.23307810303608623,0.0
,0.003555268261150614,0.01221570037582749,0.0,0.0,0.0,0.0,0.0,0.0,0.0,0.0,0.0,0.0,0.2648951888447687,0.0
,0.0019392372333548805,0.0010911308521546366,0.0,0.0,0.0,0.0,0.0,0.0,0.0,0.0,0.0,0.0,0.23606647787320056,0.0
,0.002262443438914027,0.002373488802789061,0.0,0.0,0.0,0.0,0.0,0.0,0.0,0.0,0.0,0.0,0.24797431793230112,0.0
,0.002585649644473174,0.002472694747521619,0.0,0.0,0.0,0.0,0.0,0.0,0.0,0.0,0.0,0.0,0.24249238156801184,0.0
,0.002585649644473174,0.002472694747521619,0.0,0.0,0.0,0.0,0.0,0.0,0.0,0.0,0.0,0.0,0.24249238156801184,0.0
,0.004524886877828054,0.0043169568607123385,0.0,0.0,0.0,0.0,0.0,0.0,0.0,0.0,0.0,0.0,0.25003616831347925,0.0
,0.004524886877828054,0.005648414927119319,0.0,0.0,0.0,0.0,0.0,0.0,0.0,0.0,0.0,0.0,0.2544513959429926,0.0
,0.0003232062055591467,0.0005635052176775374,0.0,0.0,0.0,0.0,0.0,0.0,0.0,0.0,0.0,0.0,0.2113152953489088,0.0
,0.004201680672268907,0.0015061494164246947,0.0,0.0,0.0,0.0,0.0,0.0,0.0,0.0,0.0,0.0,0.2250415550835719,0.0
,0.0003232062055591467,0.0004303201791881174,0.0,0.0,0.0,0.0,0.0,0.0,0.0,0.0,0.0,0.0,0.21071454222714728,0.0
,0.003232062055591467,0.002938735817358346,0.0,0.0,0.0,0.0,0.0,0.0,0.0,0.0,0.0,0.0,0.2532359097485148,0.0
,0.0003232062055591467,2.418379811269855e-36,0.0,0.0,0.0,0.0,0.0,0.0,0.0,0.0,0.0,0.0,0.0003232062055591467,0.0
,0.0003232062055591467,2.418379811269855e-36,0.0,0.0,0.0,0.0,0.0,0.0,0.0,0.0,0.0,0.0,0.0003232062055591467,0.0
,0.002262443438914027,0.015720938909872525,0.0,0.0,0.0,0.0,0.0,0.0,0.0,0.0,0.0,0.0,0.2593837535014005,0.0
,0.0009696186166774402,0.00011249169916263564,0.0,0.0,0.0,0.0,0.0,0.0,0.0,0.0,0.0,0.0,0.1993848821579914,0.0
,0.0003232062055591467,3.279504485214179e-05,0.0,0.0,0.0,0.0,0.0,0.0,0.0,0.0,0.0,0.0,0.18159763905562223,0.0
,0.004201680672268907,0.0028421227590939274,0.0,0.0,0.0,0.0,0.0,0.0,0.0,0.0,0.0,0.0,0.25943608212515773,0.0
,0.001292824822236587,0.00017563523113133688,0.0,0.0,0.0,0.0,0.0,0.0,0.0,0.0,0.0,0.0,0.19764392936661843,0.0
,0.0016160310277957336,0.0011630584786795951,0.0,0.0,0.0,0.0,0.0,0.0,0.0,0.0,0.0,0.0,0.2291574322036507,0.0
,0.0003232062055591467,6.54566249433318e-06,0.0,0.0,0.0,0.0,0.0,0.0,0.0,0.0,0.0,0.0,0.16286501780199258,0.0
,0.002585649644473174,0.0022519055796238253,0.0,0.0,0.0,0.0,0.0,0.0,0.0,0.0,0.0,0.0,0.23111667744020686,0.0
,0.002262443438914027,0.001290684313333598,0.0,0.0,0.0,0.0,0.0,0.0,0.0,0.0,0.0,0.0,0.2285706590328439,0.0
,0.0016160310277957336,0.0010308672285893948,0.0,0.0,0.0,0.0,0.0,0.0,0.0,0.0,0.0,0.0,0.2305733831994336,0.0
,0.006464124111182934,0.016820870118559168,0.0,0.0,0.0,0.0,0.0,0.0,0.0,0.0,0.0,0.0,0.2697536706990488,0.0
,0.002262443438914027,0.002963793084920532,0.0,0.0,0.0,0.0,0.0,0.0,0.0,0.0,0.0,0.0,0.2527118539723582,0.0
,0.0016160310277957336,0.00027258006372389527,0.0,0.0,0.0,0.0,0.0,0.0,0.0,0.0,0.0,0.0,0.2102954002113666,0.0
,0.0003232062055591467,0.0003303119438274505,0.0,0.0,0.0,0.0,0.0,0.0,0.0,0.0,0.0,0.0,0.20604613640327926,0.0
,0.0003232062055591467,4.1958817702530145e-05,0.0,0.0,0.0,0.0,0.0,0.0,0.0,0.0,0.0,0.0,0.18914796687905933,0.0
,0.0003232062055591467,5.84959624233692e-34,0.0,0.0,0.0,0.0,0.0,0.0,0.0,0.0,0.0,0.0,0.0004848093083387201,0.0
,0.0006464124111182935,8.272578340319567e-34,0.0,0.0,0.0,0.0,0.0,0.0,0.0,0.0,0.0,0.0,0.0006464124111182935,0.0
,0.0016160310277957336,0.0004421371272033609,0.0,0.0,0.0,0.0,0.0,0.0,0.0,0.0,0.0,0.0,0.21933209181108343,0.0
,0.002262443438914027,0.0035384781595299594,0.0,0.0,0.0,0.0,0.0,0.0,0.0,0.0,0.0,0.0,0.23169703778947476,0.0
,0.0006464124111182935,0.00016792968878507196,0.0,0.0,0.0,0.0,0.0,0.0,0.0,0.0,0.0,0.0,0.19711564112824617,0.0
,0.001292824822236587,0.0008250406000862366,0.0,0.0,0.0,0.0,0.0,0.0,0.0,0.0,0.0,0.0,0.22243628220518977,0.0
,0.0009696186166774402,0.0009888514232344998,0.0,0.0,0.0,0.0,0.0,0.0,0.0,0.0,0.0,0.0,0.22090977416607668,0.0
,0.0006464124111182935,3.3338593275996396e-05,0.0,0.0,0.0,0.0,0.0,0.0,0.0,0.0,0.0,0.0,0.17552213192969493,0.0
,0.0003232062055591467,1.2425545547252204e-06,0.0,0.0,0.0,0.0,0.0,0.0,0.0,0.0,0.0,0.0,0.14776528326948496,0.0
,0.0016160310277957336,0.0008934517712765108,0.0,0.0,0.0,0.0,0.0,0.0,0.0,0.0,0.0,0.0,0.21665614963934293,0.0
,0.0009696186166774402,0.00010047626092525615,0.0,0.0,0.0,0.0,0.0,0.0,0.0,0.0,0.0,0.0,0.2064609177004135,0.0
,0.0029088558500323207,0.00044515121127861366,0.0,0.0,0.0,0.0,0.0,0.0,0.0,0.0,0.0,0.0,0.2293888068047732,0.0
,0.0006464124111182935,4.915315379851119e-06,0.0,0.0,0.0,0.0,0.0,0.0,0.0,0.0,0.0,0.0,0.17274525194693263,0.0
,0.0019392372333548805,0.0032317641437150805,0.0,0.0,0.0,0.0,0.0,0.0,0.0,0.0,0.0,0.0,0.22460984393757505,0.0
,0.002585649644473174,0.0013828057395323758,0.0,0.0,0.0,0.0,0.0,0.0,0.0,0.0,0.0,0.0,0.24325858548547624,0.0
,0.009696186166774402,0.03841481015751566,0.0,0.0,0.0,0.0,0.0,0.0,0.0,0.0,0.0,0.0,0.29546357004340196,0.0
,0.002262443438914027,0.0013481164776211157,0.0,0.0,0.0,0.0,0.0,0.0,0.0,0.0,0.0,0.0,0.23531451041955243,0.0
,0.0009696186166774402,0.00020411209472955298,0.0,0.0,0.0,0.0,0.0,0.0,0.0,0.0,0.0,0.0,0.20759739793353238,0.0
,0.002585649644473174,0.0009690304837155264,0.0,0.0,0.0,0.0,0.0,0.0,0.0,0.0,0.0,0.0,0.2394185879479997,0.0
,0.001292824822236587,0.0004728138749595497,0.0,0.0,0.0,0.0,0.0,0.0,0.0,0.0,0.0,0.0,0.21770143955017907,0.0
,0.002585649644473174,0.0002603085311930251,0.0,0.0,0.0,0.0,0.0,0.0,0.0,0.0,0.0,0.0,0.20884135705564277,0.0
,0.002262443438914027,0.0005558639665253165,0.0,0.0,0.0,0.0,0.0,0.0,0.0,0.0,0.0,0.0,0.22381388452817022,0.0
,0.002585649644473174,0.0004386180117121808,0.0,0.0,0.0,0.0,0.0,0.0,0.0,0.0,0.0,0.0,0.2189927252952463,0.0
,0.002262443438914027,0.0010431088453309485,0.0,0.0,0.0,0.0,0.0,0.0,0.0,0.0,0.0,0.0,0.22516904197576465,0.0
,0.004201680672268907,0.017057264661368664,0.0,0.0,0.0,0.0,0.0,0.0,0.0,0.0,0.0,0.0,0.2783074768368886,0.0
,0.004201680672268907,0.02383371928007598,0.0,0.0,0.0,0.0,0.0,0.0,0.0,0.0,0.0,0.0,0.2623326253578354,0.0
,0.006464124111182934,0.05268390938330067,0.0,0.0,0.0,0.0,0.0,0.0,0.0,0.0,0.0,0.0,0.29401414411918614,0.0
,0.0003232062055591467,0.001727574288532821,0.0,0.0,0.0,0.0,0.0,0.0,0.0,0.0,0.0,0.0,0.2189165409753645,0.0
,0.002262443438914027,0.0021044062763959244,0.0,0.0,0.0,0.0,0.0,0.0,0.0,0.0,0.0,0.0,0.23503760478550392,0.0
,0.006140917905623788,0.039583945650832446,0.0,0.0,0.0,0.0,0.0,0.0,0.0,0.0,0.0,0.0,0.2972273524794533,0.0
,0.011312217194570135,0.0839144973671871,0.0,0.0,0.0,0.0,0.0,0.0,0.0,0.0,0.0,0.0,0.3196624803767661,0.0
,0.0019392372333548805,0.013546214880752036,0.0,0.0,0.0,0.0,0.0,0.0,0.0,0.0,0.0,0.0,0.26067657832363716,0.0
,0.0009696186166774402,0.002880517378323989,0.0,0.0,0.0,0.0,0.0,0.0,0.0,0.0,0.0,0.0,0.24587347759616668,0.0
,0.0009696186166774402,0.00014209553128917911,0.0,0.0,0.0,0.0,0.0,0.0,0.0,0.0,0.0,0.0,0.19785055047660088,0.0
,0.0019392372333548805,0.0005193073364976972,0.0,0.0,0.0,0.0,0.0,0.0,0.0,0.0,0.0,0.0,0.21885151496496033,0.0
,0.004524886877828054,0.010406542274846758,0.0,0.0,0.0,0.0,0.0,0.0,0.0,0.0,0.0,0.0,0.26578900791085663,0.0
,0.001292824822236587,0.00012857648528001686,0.0,0.0,0.0,0.0,0.0,0.0,0.0,0.0,0.0,0.0,0.1942701439550179,0.0
,0.0003232062055591467,1.9355403312365838e-05,0.0,0.0,0.0,0.0,0.0,0.0,0.0,0.0,0.0,0.0,0.17676147382029733,0.0
,0.002262443438914027,0.0002311443009051849,0.0,0.0,0.0,0.0,0.0,0.0,0.0,0.0,0.0,0.0,0.20455579667764542,0.0
,0.0016160310277957336,0.001165785819983421,0.0,0.0,0.0,0.0,0.0,0.0,0.0,0.0,0.0,0.0,0.22662962620945815,0.0
,0.001292824822236587,0.00012625200424361228,0.0,0.0,0.0,0.0,0.0,0.0,0.0,0.0,0.0,0.0,0.20275071567088374,0.0
,0.0006464124111182935,8.90841606091458e-05,0.0,0.0,0.0,0.0,0.0,0.0,0.0,0.0,0.0,0.0,0.19516806722689076,0.0
,0.0006464124111182935,0.0001225035123826307,0.0,0.0,0.0,0.0,0.0,0.0,0.0,0.0,0.0,0.0,0.20522311488698045,0.0
,0.008080155138978667,0.017109367972687306,0.0,0.0,0.0,0.0,0.0,0.0,0.0,0.0,0.0,0.0,0.2796287745867578,0.0
,0.002262443438914027,0.0005766755711213433,0.0,0.0,0.0,0.0,0.0,0.0,0.0,0.0,0.0,0.0,0.22269677101609875,0.0
,0.007756948933419522,0.013600295079311491,0.0,0.0,0.0,0.0,0.0,0.0,0.0,0.0,0.0,0.0,0.27816895989164897,0.0
,0.0074337427278603745,0.010348073391491642,0.0,0.0,0.0,0.0,0.0,0.0,0.0,0.0,0.0,0.0,0.27642364638162953,0.0
,0.001292824822236587,9.935564747020056e-05,0.0,0.0,0.0,0.0,0.0,0.0,0.0,0.0,0.0,0.0,0.2003269256420517,0.0
,0.0003232062055591467,6.394402766973991e-06,0.0,0.0,0.0,0.0,0.0,0.0,0.0,0.0,0.0,0.0,0.16460226281654852,0.0
,0.0016160310277957336,0.00017162080138246366,0.0,0.0,0.0,0.0,0.0,0.0,0.0,0.0,0.0,0.0,0.20029293768789566,0.0
,0.0006464124111182935,7.6411559672425e-05,0.0,0.0,0.0,0.0,0.0,0.0,0.0,0.0,0.0,0.0,0.18777318619755592,0.0
,0.0016160310277957336,0.0020046726978152833,0.0,0.0,0.0,0.0,0.0,0.0,0.0,0.0,0.0,0.0,0.23308015513897867,0.0
,0.0009696186166774402,4.566259784270188e-05,0.0,0.0,0.0,0.0,0.0,0.0,0.0,0.0,0.0,0.0,0.18948669211274255,0.0
,0.0016160310277957336,0.00039155734822958244,0.0,0.0,0.0,0.0,0.0,0.0,0.0,0.0,0.0,0.0,0.21331276100183663,0.0
,0.002262443438914027,0.0011026998403017875,0.0,0.0,0.0,0.0,0.0,0.0,0.0,0.0,0.0,0.0,0.22379733944859995,0.0
,0.0003232062055591467,2.71538628004514e-05,0.0,0.0,0.0,0.0,0.0,0.0,0.0,0.0,0.0,0.0,0.17759142118385815,0.0
,0.0006464124111182935,2.8648471625983836e-05,0.0,0.0,0.0,0.0,0.0,0.0,0.0,0.0,0.0,0.0,0.18828723797211194,0.0
,0.0006464124111182935,2.8648471625983836e-05,0.0,0.0,0.0,0.0,0.0,0.0,0.0,0.0,0.0,0.0,0.18828723797211194,0.0
,0.0019392372333548805,0.0021884687049453363,0.0,0.0,0.0,0.0,0.0,0.0,0.0,0.0,0.0,0.0,0.2378570659032844,0.0
,0.002585649644473174,0.0007681631906183392,0.0,0.0,0.0,0.0,0.0,0.0,0.0,0.0,0.0,0.0,0.23115592390802475,0.0
,0.003232062055591467,0.002174918540352484,0.0,0.0,0.0,0.0,0.0,0.0,0.0,0.0,0.0,0.0,0.24973489395758303,0.0
,0.0003232062055591467,5.84959624233692e-34,0.0,0.0,0.0,0.0,0.0,0.0,0.0,0.0,0.0,0.0,0.0004848093083387201,0.0
,0.0006464124111182935,8.272578340319567e-34,0.0,0.0,0.0,0.0,0.0,0.0,0.0,0.0,0.0,0.0,0.0006464124111182935,0.0
,0.003232062055591467,0.008417042500530547,0.0,0.0,0.0,0.0,0.0,0.0,0.0,0.0,0.0,0.0,0.26213485394157665,0.0
,0.0009696186166774402,0.001122490187155315,0.0,0.0,0.0,0.0,0.0,0.0,0.0,0.0,0.0,0.0,0.22147897620586698,0.0
,0.0019392372333548805,0.002141214967927736,0.0,0.0,0.0,0.0,0.0,0.0,0.0,0.0,0.0,0.0,0.23842113768584355,0.0
,0.001292824822236587,0.0017829446712105234,0.0,0.0,0.0,0.0,0.0,0.0,0.0,0.0,0.0,0.0,0.22533551882291378,0.0
,0.004524886877828054,0.01971332781259484,0.0,0.0,0.0,0.0,0.0,0.0,0.0,0.0,0.0,0.0,0.2796268507402961,0.0
,0.008726567550096962,0.04211562399724871,0.0,0.0,0.0,0.0,0.0,0.0,0.0,0.0,0.0,0.0,0.3004070859112876,0.0
,0.0009696186166774402,0.0006058616287392279,0.0,0.0,0.0,0.0,0.0,0.0,0.0,0.0,0.0,0.0,0.21965978699171976,0.0
,0.001292824822236587,0.0016494248100446338,0.0,0.0,0.0,0.0,0.0,0.0,0.0,0.0,0.0,0.0,0.21996503729697006,0.0
,0.0019392372333548805,0.002934817492660374,0.0,0.0,0.0,0.0,0.0,0.0,0.0,0.0,0.0,0.0,0.2369001446732539,0.0
,0.006140917905623788,0.025497694592586786,0.0,0.0,0.0,0.0,0.0,0.0,0.0,0.0,0.0,0.0,0.26034683104010836,0.0
,0.0019392372333548805,0.0036898458403999486,0.0,0.0,0.0,0.0,0.0,0.0,0.0,0.0,0.0,0.0,0.24750631021639424,0.0
,0.0029088558500323207,0.007600402668234897,0.0,0.0,0.0,0.0,0.0,0.0,0.0,0.0,0.0,0.0,0.2531847354326346,0.0
,0.0003232062055591467,2.418379811269855e-36,0.0,0.0,0.0,0.0,0.0,0.0,0.0,0.0,0.0,0.0,0.0003232062055591467,0.0
,0.0003232062055591467,2.418379811269855e-36,0.0,0.0,0.0,0.0,0.0,0.0,0.0,0.0,0.0,0.0,0.0003232062055591467,0.0
,0.0009696186166774402,0.0002912064429631528,0.0,0.0,0.0,0.0,0.0,0.0,0.0,0.0,0.0,0.0,0.2152691845969157,0.0
,0.002585649644473174,0.0008928511164827748,0.0,0.0,0.0,0.0,0.0,0.0,0.0,0.0,0.0,0.0,0.2288720616451709,0.0
,0.0016160310277957336,0.000314038211511714,0.0,0.0,0.0,0.0,0.0,0.0,0.0,0.0,0.0,0.0,0.21540090395132414,0.0
,0.0009696186166774402,0.0001429460735996025,0.0,0.0,0.0,0.0,0.0,0.0,0.0,0.0,0.0,0.0,0.1919370312227455,0.0
,0.0016160310277957336,0.0021219887292457163,0.0,0.0,0.0,0.0,0.0,0.0,0.0,0.0,0.0,0.0,0.2349220457413735,0.0
,0.001292824822236587,0.001587322133164948,0.0,0.0,0.0,0.0,0.0,0.0,0.0,0.0,0.0,0.0,0.22841764911092644,0.0
,0.0029088558500323207,0.0026943867457211107,0.0,0.0,0.0,0.0,0.0,0.0,0.0,0.0,0.0,0.0,0.24053275156216333,0.0
,0.004524886877828054,0.007309380874648084,0.0,0.0,0.0,0.0,0.0,0.0,0.0,0.0,0.0,0.0,0.2597508234062856,0.0
,0.002262443438914027,0.0007239194145735788,0.0,0.0,0.0,0.0,0.0,0.0,0.0,0.0,0.0,0.0,0.23227598731800414,0.0
,0.0019392372333548805,0.0007519564583400337,0.0,0.0,0.0,0.0,0.0,0.0,0.0,0.0,0.0,0.0,0.22641030771282872,0.0
,0.004201680672268907,0.005751672814470863,0.0,0.0,0.0,0.0,0.0,0.0,0.0,0.0,0.0,0.0,0.25783852002339397,0.0
,0.004201680672268907,0.002838275741287693,0.0,0.0,0.0,0.0,0.0,0.0,0.0,0.0,0.0,0.0,0.25498776433650383,0.0
,0.003232062055591467,0.0030100947186557344,0.0,0.0,0.0,0.0,0.0,0.0,0.0,0.0,0.0,0.0,0.24357050512512698,0.0
,0.0029088558500323207,0.01104050482084039,0.0,0.0,0.0,0.0,0.0,0.0,0.0,0.0,0.0,0.0,0.254667251515991,0.0
,0.0003232062055591467,0.00011218804952410212,0.0,0.0,0.0,0.0,0.0,0.0,0.0,0.0,0.0,0.0,0.19221368034393246,0.0
,0.001292824822236587,0.0006715959354188493,0.0,0.0,0.0,0.0,0.0,0.0,0.0,0.0,0.0,0.0,0.22643223956249164,0.0
,0.003555268261150614,0.013761695173545462,0.0,0.0,0.0,0.0,0.0,0.0,0.0,0.0,0.0,0.0,0.25396043032597654,0.0
,0.0003232062055591467,0.00011218804952410212,0.0,0.0,0.0,0.0,0.0,0.0,0.0,0.0,0.0,0.0,0.19221368034393246,0.0
,0.002262443438914027,0.001788099596222667,0.0,0.0,0.0,0.0,0.0,0.0,0.0,0.0,0.0,0.0,0.2407795169349791,0.0
,0.0003232062055591467,4.28918247234192e-05,0.0,0.0,0.0,0.0,0.0,0.0,0.0,0.0,0.0,0.0,0.18757477349914325,0.0
,0.0009696186166774402,8.501456829669654e-05,0.0,0.0,0.0,0.0,0.0,0.0,0.0,0.0,0.0,0.0,0.19718990160166633,0.0
,0.0009696186166774402,0.002223507450439804,0.0,0.0,0.0,0.0,0.0,0.0,0.0,0.0,0.0,0.0,0.24149659863945577,0.0
,0.0006464124111182935,0.006993546454764476,0.0,0.0,0.0,0.0,0.0,0.0,0.0,0.0,0.0,0.0,0.22537335446999313,0.0
,0.0009696186166774402,0.0034809680820668478,0.0,0.0,0.0,0.0,0.0,0.0,0.0,0.0,0.0,0.0,0.22566731820933503,0.0
,0.003232062055591467,0.014735917282150112,0.0,0.0,0.0,0.0,0.0,0.0,0.0,0.0,0.0,0.0,0.2668355803860005,0.0
,0.001292824822236587,0.00034738940326249217,0.0,0.0,0.0,0.0,0.0,0.0,0.0,0.0,0.0,0.0,0.2185471624547255,0.0
,0.001292824822236587,4.4039845886114635e-05,0.0,0.0,0.0,0.0,0.0,0.0,0.0,0.0,0.0,0.0,0.19274414894162795,0.0
,0.003232062055591467,0.002455800196273442,0.0,0.0,0.0,0.0,0.0,0.0,0.0,0.0,0.0,0.0,0.2568246529380983,0.0
,0.001292824822236587,0.003757837159545979,0.0,0.0,0.0,0.0,0.0,0.0,0.0,0.0,0.0,0.0,0.22323673058967178,0.0
,0.0003232062055591467,0.0001400684302169431,0.0,0.0,0.0,0.0,0.0,0.0,0.0,0.0,0.0,0.0,0.17959234976041696,0.0
,0.0009696186166774402,0.001626668361977032,0.0,0.0,0.0,0.0,0.0,0.0,0.0,0.0,0.0,0.0,0.21626932824411818,0.0
,0.0019392372333548805,0.0007548248063617071,0.0,0.0,0.0,0.0,0.0,0.0,0.0,0.0,0.0,0.0,0.21867067339756416,0.0
,0.0019392372333548805,0.008432821530375736,0.0,0.0,0.0,0.0,0.0,0.0,0.0,0.0,0.0,0.0,0.2464354972758334,0.0
,0.002585649644473174,0.002229021432789447,0.0,0.0,0.0,0.0,0.0,0.0,0.0,0.0,0.0,0.0,0.2399672689588656,0.0
,0.0029088558500323207,0.004837939901270641,0.0,0.0,0.0,0.0,0.0,0.0,0.0,0.0,0.0,0.0,0.2511800874195832,0.0
,0.0003232062055591467,0.000862894489134058,0.0,0.0,0.0,0.0,0.0,0.0,0.0,0.0,0.0,0.0,0.22213808600363222,0.0
,0.0019392372333548805,0.0013995017357812608,0.0,0.0,0.0,0.0,0.0,0.0,0.0,0.0,0.0,0.0,0.23078385200233942,0.0
,0.0016160310277957336,0.00507523105793033,0.0,0.0,0.0,0.0,0.0,0.0,0.0,0.0,0.0,0.0,0.2546064579678025,0.0
,0.002585649644473174,0.0038759630026857558,0.0,0.0,0.0,0.0,0.0,0.0,0.0,0.0,0.0,0.0,0.24990650106196324,0.0
,0.001292824822236587,0.0014039820283578174,0.0,0.0,0.0,0.0,0.0,0.0,0.0,0.0,0.0,0.0,0.2304171668667467,0.0
,0.0016160310277957336,0.0020655532668554808,0.0,0.0,0.0,0.0,0.0,0.0,0.0,0.0,0.0,0.0,0.24577369409302183,0.0
,0.0029088558500323207,0.009710294913818623,0.0,0.0,0.0,0.0,0.0,0.0,0.0,0.0,0.0,0.0,0.26496175393234217,0.0
,0.0006464124111182935,0.0008963502455600211,0.0,0.0,0.0,0.0,0.0,0.0,0.0,0.0,0.0,0.0,0.22249861483054761,0.0
,0.0006464124111182935,0.0008498937923357734,0.0,0.0,0.0,0.0,0.0,0.0,0.0,0.0,0.0,0.0,0.2210541909071321,0.0
,0.0006464124111182935,0.000527855495687877,0.0,0.0,0.0,0.0,0.0,0.0,0.0,0.0,0.0,0.0,0.20886867567539838,0.0
,0.0029088558500323207,0.002217758850874512,0.0,0.0,0.0,0.0,0.0,0.0,0.0,0.0,0.0,0.0,0.24875873426293593,0.0
,0.0016160310277957336,0.0025259700036733028,0.0,0.0,0.0,0.0,0.0,0.0,0.0,0.0,0.0,0.0,0.2398917259211377,0.0
,0.004201680672268907,0.010552332160265823,0.0,0.0,0.0,0.0,0.0,0.0,0.0,0.0,0.0,0.0,0.26361506140917906,0.0
,0.005494505494505494,0.02063922638575009,0.0,0.0,0.0,0.0,0.0,0.0,0.0,0.0,0.0,0.0,0.2736179087019423,0.0
,0.007110536522301228,0.021564282631921013,0.0,0.0,0.0,0.0,0.0,0.0,0.0,0.0,0.0,0.0,0.27837134853941575,0.0
,0.001292824822236587,0.00045721503244766724,0.0,0.0,0.0,0.0,0.0,0.0,0.0,0.0,0.0,0.0,0.2092049640368968,0.0
,0.002585649644473174,0.0017143904327451811,0.0,0.0,0.0,0.0,0.0,0.0,0.0,0.0,0.0,0.0,0.24326692215347676,0.0
,0.0009696186166774402,0.007369354243437855,0.0,0.0,0.0,0.0,0.0,0.0,0.0,0.0,0.0,0.0,0.2540797088065996,0.0
,0.002585649644473174,0.005082832547324906,0.0,0.0,0.0,0.0,0.0,0.0,0.0,0.0,0.0,0.0,0.2589013810652466,0.0
,0.0006464124111182935,0.000594459973250903,0.0,0.0,0.0,0.0,0.0,0.0,0.0,0.0,0.0,0.0,0.21368714152327598,0.0
,0.0003232062055591467,4.3063198079817156e-06,0.0,0.0,0.0,0.0,0.0,0.0,0.0,0.0,0.0,0.0,0.1709369645294015,0.0
,0.003878474466709761,0.001452692581310087,0.0,0.0,0.0,0.0,0.0,0.0,0.0,0.0,0.0,0.0,0.22999340761945805,0.0
,0.0016160310277957336,0.00030168689397445296,0.0,0.0,0.0,0.0,0.0,0.0,0.0,0.0,0.0,0.0,0.219825622556715,0.0
,0.0016160310277957336,0.000790426038624716,0.0,0.0,0.0,0.0,0.0,0.0,0.0,0.0,0.0,0.0,0.22841021023794134,0.0
,0.0006464124111182935,3.017482160642916e-32,0.0,0.0,0.0,0.0,0.0,0.0,0.0,0.0,0.0,0.0,0.0009157509157509158,0.0
,0.0006464124111182935,3.484288275444086e-32,0.0,0.0,0.0,0.0,0.0,0.0,0.0,0.0,0.0,0.0,0.0009696186166774402,0.0
,0.0003232062055591467,1.7421441377221556e-32,0.0,0.0,0.0,0.0,0.0,0.0,0.0,0.0,0.0,0.0,0.0006733462615815558,0.0
,0.0006464124111182935,0.0003603076575412809,0.0,0.0,0.0,0.0,0.0,0.0,0.0,0.0,0.0,0.0,0.20747722165789395,0.0
,0.0029088558500323207,0.005439892675075843,0.0,0.0,0.0,0.0,0.0,0.0,0.0,0.0,0.0,0.0,0.24274479022378184,0.0
,0.002262443438914027,0.003292489808164977,0.0,0.0,0.0,0.0,0.0,0.0,0.0,0.0,0.0,0.0,0.24474289715886355,0.0
,0.003878474466709761,0.003187912696425848,0.0,0.0,0.0,0.0,0.0,0.0,0.0,0.0,0.0,0.0,0.2577554098562502,0.0
,0.004524886877828054,0.01041910618240709,0.0,0.0,0.0,0.0,0.0,0.0,0.0,0.0,0.0,0.0,0.261376858435682,0.0
,0.006464124111182934,0.022242441410020693,0.0,0.0,0.0,0.0,0.0,0.0,0.0,0.0,0.0,0.0,0.2934850863422292,0.0
,0.004201680672268907,0.009441619945626636,0.0,0.0,0.0,0.0,0.0,0.0,0.0,0.0,0.0,0.0,0.26133992058361805,0.0
,0.0006464124111182935,0.00044012822017483564,0.0,0.0,0.0,0.0,0.0,0.0,0.0,0.0,0.0,0.0,0.21669796123577634,0.0
,0.003878474466709761,0.008414851477881975,0.0,0.0,0.0,0.0,0.0,0.0,0.0,0.0,0.0,0.0,0.2604618770585157,0.0
,0.004201680672268907,0.009461800537913073,0.0,0.0,0.0,0.0,0.0,0.0,0.0,0.0,0.0,0.0,0.2615223012281836,0.0
,0.001292824822236587,0.0005222011227732551,0.0,0.0,0.0,0.0,0.0,0.0,0.0,0.0,0.0,0.0,0.2046912354685464,0.0
,0.0006464124111182935,7.593284381384924e-05,0.0,0.0,0.0,0.0,0.0,0.0,0.0,0.0,0.0,0.0,0.19117595756251218,0.0
,0.004524886877828054,0.003200149142036143,0.0,0.0,0.0,0.0,0.0,0.0,0.0,0.0,0.0,0.0,0.2537934404531043,0.0
,0.003232062055591467,0.003247765210313872,0.0,0.0,0.0,0.0,0.0,0.0,0.0,0.0,0.0,0.0,0.2556818881398713,0.0
,0.0006464124111182935,0.0017858996284544231,0.0,0.0,0.0,0.0,0.0,0.0,0.0,0.0,0.0,0.0,0.22537284144427003,0.0
,0.0016160310277957336,0.001727849987756537,0.0,0.0,0.0,0.0,0.0,0.0,0.0,0.0,0.0,0.0,0.22960222550558684,0.0
,0.003878474466709761,0.006056511321980005,0.0,0.0,0.0,0.0,0.0,0.0,0.0,0.0,0.0,0.0,0.2734520731369471,0.0
,0.0074337427278603745,0.017605702423280606,0.0,0.0,0.0,0.0,0.0,0.0,0.0,0.0,0.0,0.0,0.2881964324191215,0.0
,0.001292824822236587,0.002937933418771933,0.0,0.0,0.0,0.0,0.0,0.0,0.0,0.0,0.0,0.0,0.24624696032259058,0.0
,0.001292824822236587,0.005587860241027351,0.0,0.0,0.0,0.0,0.0,0.0,0.0,0.0,0.0,0.0,0.25258488010588853,0.0
,0.0019392372333548805,0.004202852699816038,0.0,0.0,0.0,0.0,0.0,0.0,0.0,0.0,0.0,0.0,0.25564648936497675,0.0
,0.0029088558500323207,0.009240326907988665,0.0,0.0,0.0,0.0,0.0,0.0,0.0,0.0,0.0,0.0,0.2628155108197125,0.0
,0.003555268261150614,0.019008374923368893,0.0,0.0,0.0,0.0,0.0,0.0,0.0,0.0,0.0,0.0,0.2739403453689168,0.0
,0.004848093083387201,0.010381544376746326,0.0,0.0,0.0,0.0,0.0,0.0,0.0,0.0,0.0,0.0,0.27868570505125123,0.0
,0.005494505494505494,0.00828653824922513,0.0,0.0,0.0,0.0,0.0,0.0,0.0,0.0,0.0,0.0,0.28242989503493704,0.0
,0.006140917905623788,0.010182220512138969,0.0,0.0,0.0,0.0,0.0,0.0,0.0,0.0,0.0,0.0,0.2866654354049312,0.0
,0.002585649644473174,0.009300827443400377,0.0,0.0,0.0,0.0,0.0,0.0,0.0,0.0,0.0,0.0,0.2641929848862622,0.0
,0.001292824822236587,0.005587860241027351,0.0,0.0,0.0,0.0,0.0,0.0,0.0,0.0,0.0,0.0,0.25258488010588853,0.0
,0.002585649644473174,0.008049841752081462,0.0,0.0,0.0,0.0,0.0,0.0,0.0,0.0,0.0,0.0,0.26526610644257703,0.0
,0.0006464124111182935,2.694188707333722e-05,0.0,0.0,0.0,0.0,0.0,0.0,0.0,0.0,0.0,0.0,0.1854341736694678,0.0
,0.001292824822236587,0.0001829472674931293,0.0,0.0,0.0,0.0,0.0,0.0,0.0,0.0,0.0,0.0,0.2113386380193103,0.0
,0.001292824822236587,0.0008818301858225372,0.0,0.0,0.0,0.0,0.0,0.0,0.0,0.0,0.0,0.0,0.22397625716953448,0.0
,0.001292824822236587,0.0008818301858225372,0.0,0.0,0.0,0.0,0.0,0.0,0.0,0.0,0.0,0.0,0.22397625716953448,0.0
,0.0009696186166774402,0.00048088436627914205,0.0,0.0,0.0,0.0,0.0,0.0,0.0,0.0,0.0,0.0,0.20906721663024183,0.0
,0.004524886877828054,0.007555032216463689,0.0,0.0,0.0,0.0,0.0,0.0,0.0,0.0,0.0,0.0,0.2762239511189091,0.0
,0.001292824822236587,0.0005010073947569634,0.0,0.0,0.0,0.0,0.0,0.0,0.0,0.0,0.0,0.0,0.21314153866674876,0.0
,0.005171299288946348,0.007042456027107461,0.0,0.0,0.0,0.0,0.0,0.0,0.0,0.0,0.0,0.0,0.27315041401175855,0.0
,0.0003232062055591467,4.90407805872152e-06,0.0,0.0,0.0,0.0,0.0,0.0,0.0,0.0,0.0,0.0,0.16910675692188298,0.0
,0.0016160310277957336,0.0001315763008464111,0.0,0.0,0.0,0.0,0.0,0.0,0.0,0.0,0.0,0.0,0.2070390976903582,0.0
,0.0009696186166774402,0.0006644643557149294,0.0,0.0,0.0,0.0,0.0,0.0,0.0,0.0,0.0,0.0,0.21417695283241503,0.0
,0.0019392372333548805,0.004768967151390244,0.0,0.0,0.0,0.0,0.0,0.0,0.0,0.0,0.0,0.0,0.2552301689906732,0.0
,0.0009696186166774402,0.0011262632360543097,0.0,0.0,0.0,0.0,0.0,0.0,0.0,0.0,0.0,0.0,0.21415232759770575,0.0
,0.0009696186166774402,0.0003269357745670168,0.0,0.0,0.0,0.0,0.0,0.0,0.0,0.0,0.0,0.0,0.21773683832507362,0.0
,0.003878474466709761,0.0025568216828252884,0.0,0.0,0.0,0.0,0.0,0.0,0.0,0.0,0.0,0.0,0.2571051497522086,0.0
,0.003878474466709761,0.0025568216828252884,0.0,0.0,0.0,0.0,0.0,0.0,0.0,0.0,0.0,0.0,0.2571051497522086,0.0
,0.0009696186166774402,0.003221469538843742,0.0,0.0,0.0,0.0,0.0,0.0,0.0,0.0,0.0,0.0,0.24856596484747745,0.0
,0.0019392372333548805,0.00027988800148587664,0.0,0.0,0.0,0.0,0.0,0.0,0.0,0.0,0.0,0.0,0.2197865043453279,0.0
,0.002262443438914027,0.003848643756555184,0.0,0.0,0.0,0.0,0.0,0.0,0.0,0.0,0.0,0.0,0.24239234155200542,0.0
,0.002585649644473174,0.013819450064842217,0.0,0.0,0.0,0.0,0.0,0.0,0.0,0.0,0.0,0.0,0.26003940037553486,0.0
,0.0003232062055591467,0.0011153204217844638,0.0,0.0,0.0,0.0,0.0,0.0,0.0,0.0,0.0,0.0,0.21943559475072083,0.0
,0.001292824822236587,0.017268230134835277,0.0,0.0,0.0,0.0,0.0,0.0,0.0,0.0,0.0,0.0,0.24632853141256503,0.0
,0.003555268261150614,0.013594668286350968,0.0,0.0,0.0,0.0,0.0,0.0,0.0,0.0,0.0,0.0,0.27911433804290947,0.0
,0.001292824822236587,0.009744448416679851,0.0,0.0,0.0,0.0,0.0,0.0,0.0,0.0,0.0,0.0,0.25045325822636744,0.0
,0.0009696186166774402,0.00464689580867884,0.0,0.0,0.0,0.0,0.0,0.0,0.0,0.0,0.0,0.0,0.24721657893926802,0.0
,0.005817711700064641,0.05361099928420907,0.0,0.0,0.0,0.0,0.0,0.0,0.0,0.0,0.0,0.0,0.2826538307630745,0.0
,0.003878474466709761,0.013807826900882848,0.0,0.0,0.0,0.0,0.0,0.0,0.0,0.0,0.0,0.0,0.25601933080924677,0.0
,0.0019392372333548805,0.017444835872399925,0.0,0.0,0.0,0.0,0.0,0.0,0.0,0.0,0.0,0.0,0.25005771539384986,0.0
,0.0016160310277957336,0.017405963038788393,0.0,0.0,0.0,0.0,0.0,0.0,0.0,0.0,0.0,0.0,0.2480869270785237,0.0
,0.004848093083387201,0.01804662379108607,0.0,0.0,0.0,0.0,0.0,0.0,0.0,0.0,0.0,0.0,0.27178409825468647,0.0
,0.002262443438914027,0.004628402059522215,0.0,0.0,0.0,0.0,0.0,0.0,0.0,0.0,0.0,0.0,0.2467510080955459,0.0
,0.0016160310277957336,0.017340476802636007,0.0,0.0,0.0,0.0,0.0,0.0,0.0,0.0,0.0,0.0,0.24654400221627112,0.0
,0.005171299288946348,0.02426531361649828,0.0,0.0,0.0,0.0,0.0,0.0,0.0,0.0,0.0,0.0,0.28769315418475083,0.0
,0.0016160310277957336,0.017340476802636007,0.0,0.0,0.0,0.0,0.0,0.0,0.0,0.0,0.0,0.0,0.24654400221627112,0.0
,0.0019392372333548805,0.016939749006272167,0.0,0.0,0.0,0.0,0.0,0.0,0.0,0.0,0.0,0.0,0.2668278850001539,0.0
,0.0016160310277957336,0.017575098917008262,0.0,0.0,0.0,0.0,0.0,0.0,0.0,0.0,0.0,0.0,0.2520993012589651,0.0
,0.0016160310277957336,0.017340476802636007,0.0,0.0,0.0,0.0,0.0,0.0,0.0,0.0,0.0,0.0,0.24654400221627112,0.0
,0.0003232062055591467,0.00016210081198653005,0.0,0.0,0.0,0.0,0.0,0.0,0.0,0.0,0.0,0.0,0.19733457485558326,0.0
,0.0006464124111182935,0.002574191239117348,0.0,0.0,0.0,0.0,0.0,0.0,0.0,0.0,0.0,0.0,0.23907922143216262,0.0
,0.0006464124111182935,0.0013530201903414975,0.0,0.0,0.0,0.0,0.0,0.0,0.0,0.0,0.0,0.0,0.21433778639660994,0.0
,0.0029088558500323207,0.0036965744028392496,0.0,0.0,0.0,0.0,0.0,0.0,0.0,0.0,0.0,0.0,0.23410877171381375,0.0
,0.0009696186166774402,0.0033342094197916484,0.0,0.0,0.0,0.0,0.0,0.0,0.0,0.0,0.0,0.0,0.2295787545787546,0.0
,0.002585649644473174,0.009278885548699246,0.0,0.0,0.0,0.0,0.0,0.0,0.0,0.0,0.0,0.0,0.2590020623634069,0.0
,0.002585649644473174,0.0005571752440593284,0.0,0.0,0.0,0.0,0.0,0.0,0.0,0.0,0.0,0.0,0.2183782487353916,0.0
,0.0006464124111182935,0.0002993972189569983,0.0,0.0,0.0,0.0,0.0,0.0,0.0,0.0,0.0,0.0,0.20612257723602262,0.0
,0.001292824822236587,0.0006043500834974345,0.0,0.0,0.0,0.0,0.0,0.0,0.0,0.0,0.0,0.0,0.2087609402735453,0.0
,0.0009696186166774402,0.001470767508141725,0.0,0.0,0.0,0.0,0.0,0.0,0.0,0.0,0.0,0.0,0.23402181385374662,0.0
,0.003555268261150614,0.0011834091040595768,0.0,0.0,0.0,0.0,0.0,0.0,0.0,0.0,0.0,0.0,0.24217186874749902,0.0
,0.005171299288946348,0.01726097363067313,0.0,0.0,0.0,0.0,0.0,0.0,0.0,0.0,0.0,0.0,0.26327684920121897,0.0
,0.010342598577892695,0.04172265457584773,0.0,0.0,0.0,0.0,0.0,0.0,0.0,0.0,0.0,0.0,0.2940984085942069,0.0
,0.004848093083387201,0.03161915142964144,0.0,0.0,0.0,0.0,0.0,0.0,0.0,0.0,0.0,0.0,0.27091413488472316,0.0
,0.004201680672268907,0.020829679649802785,0.0,0.0,0.0,0.0,0.0,0.0,0.0,0.0,0.0,0.0,0.2658805830024317,0.0
,0.003555268261150614,0.0323304424302162,0.0,0.0,0.0,0.0,0.0,0.0,0.0,0.0,0.0,0.0,0.274878412903623,0.0
,0.004524886877828054,0.03625024464856026,0.0,0.0,0.0,0.0,0.0,0.0,0.0,0.0,0.0,0.0,0.2793321174623695,0.0
,0.008080155138978667,0.04683843472418447,0.0,0.0,0.0,0.0,0.0,0.0,0.0,0.0,0.0,0.0,0.294575522516699,0.0
,0.007756948933419522,0.03193730398281945,0.0,0.0,0.0,0.0,0.0,0.0,0.0,0.0,0.0,0.0,0.2902145473574045,0.0
,0.0029088558500323207,0.0028000924690888616,0.0,0.0,0.0,0.0,0.0,0.0,0.0,0.0,0.0,0.0,0.253337232328829,0.0
,0.003555268261150614,0.015440244064276125,0.0,0.0,0.0,0.0,0.0,0.0,0.0,0.0,0.0,0.0,0.2744740203773817,0.0
,0.0003232062055591467,0.0005483110645379143,0.0,0.0,0.0,0.0,0.0,0.0,0.0,0.0,0.0,0.0,0.20114827982475042,0.0
,0.001292824822236587,0.0004588737741352212,0.0,0.0,0.0,0.0,0.0,0.0,0.0,0.0,0.0,0.0,0.21845712644031973,0.0
,0.0009696186166774402,6.020385032793658e-05,0.0,0.0,0.0,0.0,0.0,0.0,0.0,0.0,0.0,0.0,0.19355408830198748,0.0
,0.0006464124111182935,4.8052586557713506e-05,0.0,0.0,0.0,0.0,0.0,0.0,0.0,0.0,0.0,0.0,0.1901844070961718,0.0
,0.0003232062055591467,7.790487385833638e-05,0.0,0.0,0.0,0.0,0.0,0.0,0.0,0.0,0.0,0.0,0.18420534880618913,0.0
,0.002262443438914027,0.005312959642260463,0.0,0.0,0.0,0.0,0.0,0.0,0.0,0.0,0.0,0.0,0.24073321636346845,0.0
,0.0003232062055591467,5.84959624233692e-34,0.0,0.0,0.0,0.0,0.0,0.0,0.0,0.0,0.0,0.0,0.0004848093083387201,0.0
,0.0006464124111182935,8.272578340319567e-34,0.0,0.0,0.0,0.0,0.0,0.0,0.0,0.0,0.0,0.0,0.0006464124111182935,0.0
,0.0003232062055591467,5.84959624233692e-34,0.0,0.0,0.0,0.0,0.0,0.0,0.0,0.0,0.0,0.0,0.0004848093083387201,0.0
,0.0019392372333548805,0.0005149749463135799,0.0,0.0,0.0,0.0,0.0,0.0,0.0,0.0,0.0,0.0,0.2265626763525923,0.0
,0.0029088558500323207,0.0027201449727456604,0.0,0.0,0.0,0.0,0.0,0.0,0.0,0.0,0.0,0.0,0.24918351956167084,0.0
,0.003555268261150614,0.0016114270131898718,0.0,0.0,0.0,0.0,0.0,0.0,0.0,0.0,0.0,0.0,0.25300350909594604,0.0
,0.0016160310277957336,0.0007414379122999391,0.0,0.0,0.0,0.0,0.0,0.0,0.0,0.0,0.0,0.0,0.22343488677522289,0.0
,0.0019392372333548805,0.0027088196153655713,0.0,0.0,0.0,0.0,0.0,0.0,0.0,0.0,0.0,0.0,0.24023417059131344,0.0
,0.0009696186166774402,0.0004489059327071586,0.0,0.0,0.0,0.0,0.0,0.0,0.0,0.0,0.0,0.0,0.2114231590071926,0.0
,0.0006464124111182935,0.00033000027369479485,0.0,0.0,0.0,0.0,0.0,0.0,0.0,0.0,0.0,0.0,0.2076302315798114,0.0
,0.0029088558500323207,0.001820979427174891,0.0,0.0,0.0,0.0,0.0,0.0,0.0,0.0,0.0,0.0,0.23508877910138415,0.0
,0.001292824822236587,0.0004056249041445951,0.0,0.0,0.0,0.0,0.0,0.0,0.0,0.0,0.0,0.0,0.21329737023014336,0.0
,0.003232062055591467,0.0021386314651626183,0.0,0.0,0.0,0.0,0.0,0.0,0.0,0.0,0.0,0.0,0.24775794933357959,0.0
,0.0003232062055591467,0.00040017296159776383,0.0,0.0,0.0,0.0,0.0,0.0,0.0,0.0,0.0,0.0,0.20470855008670133,0.0
,0.004201680672268907,0.010740057967769182,0.0,0.0,0.0,0.0,0.0,0.0,0.0,0.0,0.0,0.0,0.2644584756979715,0.0
,0.002262443438914027,0.0034923292628982108,0.0,0.0,0.0,0.0,0.0,0.0,0.0,0.0,0.0,0.0,0.2414850555606858,0.0
,0.0019392372333548805,0.005615051152086173,0.0,0.0,0.0,0.0,0.0,0.0,0.0,0.0,0.0,0.0,0.24997806815033705,0.0
,0.0003232062055591467,0.002895410495792429,0.0,0.0,0.0,0.0,0.0,0.0,0.0,0.0,0.0,0.0,0.2170085983111193,0.0
,0.001292824822236587,0.0022160509036003697,0.0,0.0,0.0,0.0,0.0,0.0,0.0,0.0,0.0,0.0,0.2165948430654313,0.0
,0.006140917905623788,0.03873715866425909,0.0,0.0,0.0,0.0,0.0,0.0,0.0,0.0,0.0,0.0,0.28568889094099176,0.0
,0.0029088558500323207,0.02978844493381849,0.0,0.0,0.0,0.0,0.0,0.0,0.0,0.0,0.0,0.0,0.2637497306614954,0.0
,0.005817711700064641,0.074642971257608,0.0,0.0,0.0,0.0,0.0,0.0,0.0,0.0,0.0,0.0,0.2742016037184104,0.0
,0.004201680672268907,0.03753940785422562,0.0,0.0,0.0,0.0,0.0,0.0,0.0,0.0,0.0,0.0,0.2803756117831748,0.0
,0.009696186166774402,0.0928160035060773,0.0,0.0,0.0,0.0,0.0,0.0,0.0,0.0,0.0,0.0,0.2916408871240804,0.0
,0.006787330316742082,0.06825990778419369,0.0,0.0,0.0,0.0,0.0,0.0,0.0,0.0,0.0,0.0,0.27865684735432633,0.0
,0.005817711700064641,0.06107471162623431,0.0,0.0,0.0,0.0,0.0,0.0,0.0,0.0,0.0,0.0,0.2747160402622587,0.0
,0.0016160310277957336,0.017885385078379924,0.0,0.0,0.0,0.0,0.0,0.0,0.0,0.0,0.0,0.0,0.25547885820995064,0.0
,0.009372979961215255,0.09188739181583262,0.0,0.0,0.0,0.0,0.0,0.0,0.0,0.0,0.0,0.0,0.2907574568288854,0.0
,0.002262443438914027,0.02058477337388227,0.0,0.0,0.0,0.0,0.0,0.0,0.0,0.0,0.0,0.0,0.2592065031140661,0.0
,0.003232062055591467,0.014106048618152477,0.0,0.0,0.0,0.0,0.0,0.0,0.0,0.0,0.0,0.0,0.2530119740203774,0.0
,0.002585649644473174,0.029687285119145413,0.0,0.0,0.0,0.0,0.0,0.0,0.0,0.0,0.0,0.0,0.2622726013482316,0.0
,0.0006464124111182935,0.008579464068135981,0.0,0.0,0.0,0.0,0.0,0.0,0.0,0.0,0.0,0.0,0.24025122869660684,0.0
,0.002585649644473174,0.02529110626086558,0.0,0.0,0.0,0.0,0.0,0.0,0.0,0.0,0.0,0.0,0.2642549327423277,0.0
,0.0029088558500323207,0.009952469925804397,0.0,0.0,0.0,0.0,0.0,0.0,0.0,0.0,0.0,0.0,0.26266006402561026,0.0
,0.003555268261150614,0.03652639827149823,0.0,0.0,0.0,0.0,0.0,0.0,0.0,0.0,0.0,0.0,0.2646635577307846,0.0
,0.002585649644473174,0.045535770804656185,0.0,0.0,0.0,0.0,0.0,0.0,0.0,0.0,0.0,0.0,0.2639809770061871,0.0
,0.002585649644473174,0.01871384283815081,0.0,0.0,0.0,0.0,0.0,0.0,0.0,0.0,0.0,0.0,0.25991165697048046,0.0
,0.0016160310277957336,0.02958250583330291,0.0,0.0,0.0,0.0,0.0,0.0,0.0,0.0,0.0,0.0,0.2565079878105088,0.0
,0.0016160310277957336,0.008946877369561736,0.0,0.0,0.0,0.0,0.0,0.0,0.0,0.0,0.0,0.0,0.26081009326807647,0.0
,0.0074337427278603745,0.07780522867111625,0.0,0.0,0.0,0.0,0.0,0.0,0.0,0.0,0.0,0.0,0.2778218979899652,0.0
,0.005171299288946348,0.008957582858056479,0.0,0.0,0.0,0.0,0.0,0.0,0.0,0.0,0.0,0.0,0.27347939175670266,0.0
,0.0009696186166774402,0.00019048582280450373,0.0,0.0,0.0,0.0,0.0,0.0,0.0,0.0,0.0,0.0,0.19705959306799642,0.0
,0.0019392372333548805,0.002775258527703148,0.0,0.0,0.0,0.0,0.0,0.0,0.0,0.0,0.0,0.0,0.23584292691435546,0.0
,0.002585649644473174,0.011090394401832291,0.0,0.0,0.0,0.0,0.0,0.0,0.0,0.0,0.0,0.0,0.2491619724813002,0.0
,0.0003232062055591467,1.6348008063772408e-05,0.0,0.0,0.0,0.0,0.0,0.0,0.0,0.0,0.0,0.0,0.1767059387857707,0.0
,0.0003232062055591467,0.0003933527217852911,0.0,0.0,0.0,0.0,0.0,0.0,0.0,0.0,0.0,0.0,0.2043991955756662,0.0
,0.0009696186166774402,0.0007256778926461209,0.0,0.0,0.0,0.0,0.0,0.0,0.0,0.0,0.0,0.0,0.22143985799447982,0.0
,0.0006464124111182935,0.00028053814334401227,0.0,0.0,0.0,0.0,0.0,0.0,0.0,0.0,0.0,0.0,0.20790405905952125,0.0
,0.003555268261150614,0.006008327352923556,0.0,0.0,0.0,0.0,0.0,0.0,0.0,0.0,0.0,0.0,0.25469610921291597,0.0
,0.0006464124111182935,7.292100172243424e-05,0.0,0.0,0.0,0.0,0.0,0.0,0.0,0.0,0.0,0.0,0.19374377956310732,0.0
,0.002585649644473174,0.003183022741482746,0.0,0.0,0.0,0.0,0.0,0.0,0.0,0.0,0.0,0.0,0.24208375657955492,0.0
,0.0009696186166774402,0.001307196781598316,0.0,0.0,0.0,0.0,0.0,0.0,0.0,0.0,0.0,0.0,0.22519905398056658,0.0
,0.002262443438914027,0.006484356713516632,0.0,0.0,0.0,0.0,0.0,0.0,0.0,0.0,0.0,0.0,0.25616323452457906,0.0
,0.0019392372333548805,0.005786171889560096,0.0,0.0,0.0,0.0,0.0,0.0,0.0,0.0,0.0,0.0,0.26650929602610274,0.0
,0.004524886877828054,0.015117491227151423,0.0,0.0,0.0,0.0,0.0,0.0,0.0,0.0,0.0,0.0,0.28400629482562256,0.0
,0.002262443438914027,0.0003502008061549447,0.0,0.0,0.0,0.0,0.0,0.0,0.0,0.0,0.0,0.0,0.22208780948276746,0.0
,0.001292824822236587,0.000945753729234024,0.0,0.0,0.0,0.0,0.0,0.0,0.0,0.0,0.0,0.0,0.22665412318773662,0.0
,0.0016160310277957336,4.38009719498263e-05,0.0,0.0,0.0,0.0,0.0,0.0,0.0,0.0,0.0,0.0,0.1977140856342537,0.0
,0.001292824822236587,0.0014542940347270145,0.0,0.0,0.0,0.0,0.0,0.0,0.0,0.0,0.0,0.0,0.22280348036650557,0.0
,0.001292824822236587,0.000203478496493588,0.0,0.0,0.0,0.0,0.0,0.0,0.0,0.0,0.0,0.0,0.21757908291521735,0.0
,0.0006464124111182935,1.491619918821197e-05,0.0,0.0,0.0,0.0,0.0,0.0,0.0,0.0,0.0,0.0,0.1725544063779358,0.0
,0.0006464124111182935,1.491619918821197e-05,0.0,0.0,0.0,0.0,0.0,0.0,0.0,0.0,0.0,0.0,0.1725544063779358,0.0
,0.0029088558500323207,0.00038541919510979753,0.0,0.0,0.0,0.0,0.0,0.0,0.0,0.0,0.0,0.0,0.21274060906413847,0.0
,0.0003232062055591467,2.418379811269855e-36,0.0,0.0,0.0,0.0,0.0,0.0,0.0,0.0,0.0,0.0,0.0003232062055591467,0.0
,0.0003232062055591467,2.418379811269855e-36,0.0,0.0,0.0,0.0,0.0,0.0,0.0,0.0,0.0,0.0,0.0003232062055591467,0.0
,0.001292824822236587,0.0015965855537792254,0.0,0.0,0.0,0.0,0.0,0.0,0.0,0.0,0.0,0.0,0.23892480068950658,0.0
,0.001292824822236587,0.0010744937950494895,0.0,0.0,0.0,0.0,0.0,0.0,0.0,0.0,0.0,0.0,0.22635336185756352,0.0
,0.0009696186166774402,0.0001037954854676997,0.0,0.0,0.0,0.0,0.0,0.0,0.0,0.0,0.0,0.0,0.19371338278901304,0.0
,0.0019392372333548805,0.001692207978157511,0.0,0.0,0.0,0.0,0.0,0.0,0.0,0.0,0.0,0.0,0.22804467941022563,0.0
,0.0003232062055591467,8.201917984731422e-05,0.0,0.0,0.0,0.0,0.0,0.0,0.0,0.0,0.0,0.0,0.1880406008557269,0.0
,0.0016160310277957336,0.002200464054092363,0.0,0.0,0.0,0.0,0.0,0.0,0.0,0.0,0.0,0.0,0.23646804875796473,0.0
,0.0006464124111182935,7.911828859279702e-05,0.0,0.0,0.0,0.0,0.0,0.0,0.0,0.0,0.0,0.0,0.19520821148972411,0.0
,0.0009696186166774402,0.0017821633981743377,0.0,0.0,0.0,0.0,0.0,0.0,0.0,0.0,0.0,0.0,0.23518599747591343,0.0
,0.002262443438914027,0.0003406942284720575,0.0,0.0,0.0,0.0,0.0,0.0,0.0,0.0,0.0,0.0,0.21679004935307458,0.0
,0.0003232062055591467,0.00022573011841290394,0.0,0.0,0.0,0.0,0.0,0.0,0.0,0.0,0.0,0.0,0.21006415386667487,0.0
,0.0003232062055591467,2.418379811269855e-36,0.0,0.0,0.0,0.0,0.0,0.0,0.0,0.0,0.0,0.0,0.0003232062055591467,0.0
,0.0003232062055591467,2.418379811269855e-36,0.0,0.0,0.0,0.0,0.0,0.0,0.0,0.0,0.0,0.0,0.0003232062055591467,0.0
,0.0003232062055591467,5.4037248278980245e-05,0.0,0.0,0.0,0.0,0.0,0.0,0.0,0.0,0.0,0.0,0.181906095771642,0.0
,0.0029088558500323207,0.0012952661352961263,0.0,0.0,0.0,0.0,0.0,0.0,0.0,0.0,0.0,0.0,0.24619847939175668,0.0
,0.0029088558500323207,0.0012816745890052777,0.0,0.0,0.0,0.0,0.0,0.0,0.0,0.0,0.0,0.0,0.24763366885215626,0.0
,0.006787330316742082,0.020558141363081227,0.0,0.0,0.0,0.0,0.0,0.0,0.0,0.0,0.0,0.0,0.290286883984363,0.0
,0.004524886877828054,0.009003811725040122,0.0,0.0,0.0,0.0,0.0,0.0,0.0,0.0,0.0,0.0,0.26848701018869087,0.0
,0.0019392372333548805,0.0029874836928022517,0.0,0.0,0.0,0.0,0.0,0.0,0.0,0.0,0.0,0.0,0.24928509865484655,0.0
,0.0009696186166774402,0.000523301643252546,0.0,0.0,0.0,0.0,0.0,0.0,0.0,0.0,0.0,0.0,0.22073213900944993,0.0
,0.001292824822236587,0.0007557281948785189,0.0,0.0,0.0,0.0,0.0,0.0,0.0,0.0,0.0,0.0,0.22939675870348136,0.0
,0.002585649644473174,0.0010445882119557899,0.0,0.0,0.0,0.0,0.0,0.0,0.0,0.0,0.0,0.0,0.24114722812201803,0.0
,0.0009696186166774402,0.000523301643252546,0.0,0.0,0.0,0.0,0.0,0.0,0.0,0.0,0.0,0.0,0.22073213900944993,0.0
,0.0016160310277957336,0.00029472287462155674,0.0,0.0,0.0,0.0,0.0,0.0,0.0,0.0,0.0,0.0,0.21286091359620773,0.0
,0.002262443438914027,0.0002591348842013796,0.0,0.0,0.0,0.0,0.0,0.0,0.0,0.0,0.0,0.0,0.21046739208503915,0.0
,0.0009696186166774402,0.0001590914032341486,0.0,0.0,0.0,0.0,0.0,0.0,0.0,0.0,0.0,0.0,0.2054473071279794,0.0
,0.0029088558500323207,0.014860737618433803,0.0,0.0,0.0,0.0,0.0,0.0,0.0,0.0,0.0,0.0,0.2632406808877397,0.0
,0.0019392372333548805,0.0036925295958984733,0.0,0.0,0.0,0.0,0.0,0.0,0.0,0.0,0.0,0.0,0.24799419767907163,0.0
,0.005817711700064641,0.01871133475812052,0.0,0.0,0.0,0.0,0.0,0.0,0.0,0.0,0.0,0.0,0.26447694462400345,0.0
,0.0006464124111182935,3.162980948934487e-05,0.0,0.0,0.0,0.0,0.0,0.0,0.0,0.0,0.0,0.0,0.18526359261653377,0.0
,0.0019392372333548805,0.0004633548699913749,0.0,0.0,0.0,0.0,0.0,0.0,0.0,0.0,0.0,0.0,0.210983239449626,0.0
,0.0016160310277957336,0.00038537183763588586,0.0,0.0,0.0,0.0,0.0,0.0,0.0,0.0,0.0,0.0,0.2172874277916295,0.0
,0.006787330316742082,0.004445459324156473,0.0,0.0,0.0,0.0,0.0,0.0,0.0,0.0,0.0,0.0,0.24674421050471473,0.0
,0.0019392372333548805,0.0021362621927443503,0.0,0.0,0.0,0.0,0.0,0.0,0.0,0.0,0.0,0.0,0.22537925426580888,0.0
,0.0019392372333548805,0.005771463222671317,0.0,0.0,0.0,0.0,0.0,0.0,0.0,0.0,0.0,0.0,0.26353964662788193,0.0
,0.001292824822236587,0.0021110107694495527,0.0,0.0,0.0,0.0,0.0,0.0,0.0,0.0,0.0,0.0,0.23247683688860157,0.0
,0.0009696186166774402,0.0010770553745367575,0.0,0.0,0.0,0.0,0.0,0.0,0.0,0.0,0.0,0.0,0.2259492258441838,0.0
,0.001292824822236587,0.0013305376777521176,0.0,0.0,0.0,0.0,0.0,0.0,0.0,0.0,0.0,0.0,0.2234736202173177,0.0
,0.003555268261150614,0.004246667301744754,0.0,0.0,0.0,0.0,0.0,0.0,0.0,0.0,0.0,0.0,0.25401506756548775,0.0
,0.005171299288946348,0.013776729070843268,0.0,0.0,0.0,0.0,0.0,0.0,0.0,0.0,0.0,0.0,0.27982385261797027,0.0
,0.0009696186166774402,0.0005856335378973033,0.0,0.0,0.0,0.0,0.0,0.0,0.0,0.0,0.0,0.0,0.2165527749561363,0.0
,0.0019392372333548805,0.0013347751775458286,0.0,0.0,0.0,0.0,0.0,0.0,0.0,0.0,0.0,0.0,0.23621153589640984,0.0
,0.001292824822236587,0.007043114509489747,0.0,0.0,0.0,0.0,0.0,0.0,0.0,0.0,0.0,0.0,0.23765159910117895,0.0
,0.004524886877828054,0.015277016404566414,0.0,0.0,0.0,0.0,0.0,0.0,0.0,0.0,0.0,0.0,0.26217756333302555,0.0
,0.003555268261150614,0.01547254348329472,0.0,0.0,0.0,0.0,0.0,0.0,0.0,0.0,0.0,0.0,0.2498345492042971,0.0
,0.0029088558500323207,0.01255754402368213,0.0,0.0,0.0,0.0,0.0,0.0,0.0,0.0,0.0,0.0,0.24488795518207282,0.0
,0.0029088558500323207,0.00966828132744731,0.0,0.0,0.0,0.0,0.0,0.0,0.0,0.0,0.0,0.0,0.2483831994336196,0.0
,0.003232062055591467,0.011623231983792335,0.0,0.0,0.0,0.0,0.0,0.0,0.0,0.0,0.0,0.0,0.2647955335980546,0.0
,0.004524886877828054,0.015277016404566414,0.0,0.0,0.0,0.0,0.0,0.0,0.0,0.0,0.0,0.0,0.26217756333302555,0.0
,0.0006464124111182935,0.0031821964183752207,0.0,0.0,0.0,0.0,0.0,0.0,0.0,0.0,0.0,0.0,0.22555637639671255,0.0
,0.001292824822236587,0.0006129154095142749,0.0,0.0,0.0,0.0,0.0,0.0,0.0,0.0,0.0,0.0,0.20564879798073077,0.0
,0.0029088558500323207,0.03246465823792185,0.0,0.0,0.0,0.0,0.0,0.0,0.0,0.0,0.0,0.0,0.2612914396527842,0.0
,0.001292824822236587,0.0006098472897812105,0.0,0.0,0.0,0.0,0.0,0.0,0.0,0.0,0.0,0.0,0.21942058874831985,0.0
,0.0019392372333548805,0.0007181058752299071,0.0,0.0,0.0,0.0,0.0,0.0,0.0,0.0,0.0,0.0,0.22655036373523768,0.0
,0.002262443438914027,0.00982862906308465,0.0,0.0,0.0,0.0,0.0,0.0,0.0,0.0,0.0,0.0,0.2428586819343122,0.0
,0.005494505494505494,0.01160790969688765,0.0,0.0,0.0,0.0,0.0,0.0,0.0,0.0,0.0,0.0,0.273094237695078,0.0
,0.0009696186166774402,8.433042871451146e-05,0.0,0.0,0.0,0.0,0.0,0.0,0.0,0.0,0.0,0.0,0.19684463529001345,0.0
,0.0009696186166774402,0.0017483889645782697,0.0,0.0,0.0,0.0,0.0,0.0,0.0,0.0,0.0,0.0,0.22401242548301373,0.0
,0.0019392372333548805,0.0021506191428113113,0.0,0.0,0.0,0.0,0.0,0.0,0.0,0.0,0.0,0.0,0.23468118016437342,0.0
,0.002585649644473174,0.008322997722456423,0.0,0.0,0.0,0.0,0.0,0.0,0.0,0.0,0.0,0.0,0.2565872502847293,0.0
,0.002262443438914027,0.009404577478475357,0.0,0.0,0.0,0.0,0.0,0.0,0.0,0.0,0.0,0.0,0.25911018253455226,0.0
,0.0019392372333548805,0.008954879984635978,0.0,0.0,0.0,0.0,0.0,0.0,0.0,0.0,0.0,0.0,0.2547088065995629,0.0
,0.003232062055591467,0.028386925996848226,0.0,0.0,0.0,0.0,0.0,0.0,0.0,0.0,0.0,0.0,0.26091975251639116,0.0
,0.004524886877828054,0.00843294166349655,0.0,0.0,0.0,0.0,0.0,0.0,0.0,0.0,0.0,0.0,0.26547811432265217,0.0
,0.004524886877828054,0.04821975481940295,0.0,0.0,0.0,0.0,0.0,0.0,0.0,0.0,0.0,0.0,0.2690876350540216,0.0
,0.004524886877828054,0.046982609787803005,0.0,0.0,0.0,0.0,0.0,0.0,0.0,0.0,0.0,0.0,0.2731869670945301,0.0
,0.002262443438914027,0.028490806442452006,0.0,0.0,0.0,0.0,0.0,0.0,0.0,0.0,0.0,0.0,0.26283167112999045,0.0
,0.0009696186166774402,0.011154568214822348,0.0,0.0,0.0,0.0,0.0,0.0,0.0,0.0,0.0,0.0,0.2512974420537446,0.0
,0.0016160310277957336,0.001076102853320912,0.0,0.0,0.0,0.0,0.0,0.0,0.0,0.0,0.0,0.0,0.2291329352253722,0.0
,0.0009696186166774402,0.0011741605197276024,0.0,0.0,0.0,0.0,0.0,0.0,0.0,0.0,0.0,0.0,0.23013141153897454,0.0
,0.004201680672268907,0.0015221353199643876,0.0,0.0,0.0,0.0,0.0,0.0,0.0,0.0,0.0,0.0,0.24608317686048778,0.0
,0.0006464124111182935,0.000245829181644541,0.0,0.0,0.0,0.0,0.0,0.0,0.0,0.0,0.0,0.0,0.1936858076563959,0.0
,0.0003232062055591467,7.500444243328076e-06,0.0,0.0,0.0,0.0,0.0,0.0,0.0,0.0,0.0,0.0,0.16706900709001551,0.0
,0.0019392372333548805,0.00020123744755363852,0.0,0.0,0.0,0.0,0.0,0.0,0.0,0.0,0.0,0.0,0.20429966858538287,0.0
,0.0009696186166774402,0.00018796215313326842,0.0,0.0,0.0,0.0,0.0,0.0,0.0,0.0,0.0,0.0,0.20750595109838807,0.0
,0.0019392372333548805,0.001317698022416671,0.0,0.0,0.0,0.0,0.0,0.0,0.0,0.0,0.0,0.0,0.21823421676362853,0.0
,0.0003232062055591467,0.00043589201947635993,0.0,0.0,0.0,0.0,0.0,0.0,0.0,0.0,0.0,0.0,0.21460994654271964,0.0
,0.005494505494505494,0.003237135429170672,0.0,0.0,0.0,0.0,0.0,0.0,0.0,0.0,0.0,0.0,0.2647101148151568,0.0
,0.003232062055591467,0.0013409986319616188,0.0,0.0,0.0,0.0,0.0,0.0,0.0,0.0,0.0,0.0,0.24422038045987626,0.0
,0.0016160310277957336,0.0004861702339647487,0.0,0.0,0.0,0.0,0.0,0.0,0.0,0.0,0.0,0.0,0.2195619273350366,0.0
,0.003232062055591467,0.0006691602530008657,0.0,0.0,0.0,0.0,0.0,0.0,0.0,0.0,0.0,0.0,0.23419688388175783,0.0
,0.0019392372333548805,0.002203683608785541,0.0,0.0,0.0,0.0,0.0,0.0,0.0,0.0,0.0,0.0,0.2378332102071598,0.0
,0.0029088558500323207,0.006967185259563447,0.0,0.0,0.0,0.0,0.0,0.0,0.0,0.0,0.0,0.0,0.24868178040446948,0.0
,0.0003232062055591467,0.00043589201947635993,0.0,0.0,0.0,0.0,0.0,0.0,0.0,0.0,0.0,0.0,0.21460994654271964,0.0
,0.005171299288946348,0.014173352539287129,0.0,0.0,0.0,0.0,0.0,0.0,0.0,0.0,0.0,0.0,0.2701161233724259,0.0
,0.0019392372333548805,0.0008600662555673825,0.0,0.0,0.0,0.0,0.0,0.0,0.0,0.0,0.0,0.0,0.23757156708837382,0.0
,0.003878474466709761,0.005074367096388449,0.0,0.0,0.0,0.0,0.0,0.0,0.0,0.0,0.0,0.0,0.26631691137993657,0.0
,0.0029088558500323207,0.004136352898599751,0.0,0.0,0.0,0.0,0.0,0.0,0.0,0.0,0.0,0.0,0.2446833861749828,0.0
,0.001292824822236587,0.000563132552508528,0.0,0.0,0.0,0.0,0.0,0.0,0.0,0.0,0.0,0.0,0.2228750474548794,0.0
,0.0016160310277957336,0.0008800869328935457,0.0,0.0,0.0,0.0,0.0,0.0,0.0,0.0,0.0,0.0,0.23374849939975992,0.0
,0.001292824822236587,0.001024677386819711,0.0,0.0,0.0,0.0,0.0,0.0,0.0,0.0,0.0,0.0,0.23297357404500263,0.0
,0.002262443438914027,0.0006023465543189304,0.0,0.0,0.0,0.0,0.0,0.0,0.0,0.0,0.0,0.0,0.2271802310667857,0.0
,0.002585649644473174,0.0023786519910899123,0.0,0.0,0.0,0.0,0.0,0.0,0.0,0.0,0.0,0.0,0.24808384892418506,0.0
,0.002585649644473174,0.0013937118108791617,0.0,0.0,0.0,0.0,0.0,0.0,0.0,0.0,0.0,0.0,0.24445137029170644,0.0
,0.0009696186166774402,0.00022601125689210918,0.0,0.0,0.0,0.0,0.0,0.0,0.0,0.0,0.0,0.0,0.2262778188198356,0.0
,0.0006464124111182935,4.4280975623075325e-05,0.0,0.0,0.0,0.0,0.0,0.0,0.0,0.0,0.0,0.0,0.17451544720452283,0.0
,0.001292824822236587,0.0005940713583386305,0.0,0.0,0.0,0.0,0.0,0.0,0.0,0.0,0.0,0.0,0.21475102861657483,0.0
,0.001292824822236587,0.0005940713583386305,0.0,0.0,0.0,0.0,0.0,0.0,0.0,0.0,0.0,0.0,0.21475102861657483,0.0
,0.001292824822236587,0.00013947549744201544,0.0,0.0,0.0,0.0,0.0,0.0,0.0,0.0,0.0,0.0,0.20262617867659888,0.0
,0.0009696186166774402,0.0001955809008102387,0.0,0.0,0.0,0.0,0.0,0.0,0.0,0.0,0.0,0.0,0.21295954279147558,0.0
,0.0003232062055591467,0.0002346577969594877,0.0,0.0,0.0,0.0,0.0,0.0,0.0,0.0,0.0,0.0,0.1982575081314577,0.0
,0.0009696186166774402,0.0002493052943968343,0.0,0.0,0.0,0.0,0.0,0.0,0.0,0.0,0.0,0.0,0.20167156606232234,0.0
,0.0006464124111182935,0.0006072667551298186,0.0,0.0,0.0,0.0,0.0,0.0,0.0,0.0,0.0,0.0,0.21657252644647604,0.0
,0.0006464124111182935,0.00047858252261650315,0.0,0.0,0.0,0.0,0.0,0.0,0.0,0.0,0.0,0.0,0.20249997434871386,0.0
,0.003232062055591467,0.00028274728710159794,0.0,0.0,0.0,0.0,0.0,0.0,0.0,0.0,0.0,0.0,0.22891964478098933,0.0
,0.0006464124111182935,3.162980948934487e-05,0.0,0.0,0.0,0.0,0.0,0.0,0.0,0.0,0.0,0.0,0.18526359261653377,0.0
,0.004201680672268907,0.010426502621431915,0.0,0.0,0.0,0.0,0.0,0.0,0.0,0.0,0.0,0.0,0.26319335426478285,0.0
,0.0009696186166774402,0.0008757408874222343,0.0,0.0,0.0,0.0,0.0,0.0,0.0,0.0,0.0,0.0,0.22237997763207848,0.0
,0.004201680672268907,0.010426502621431915,0.0,0.0,0.0,0.0,0.0,0.0,0.0,0.0,0.0,0.0,0.26319335426478285,0.0
,0.002585649644473174,0.005653516708857182,0.0,0.0,0.0,0.0,0.0,0.0,0.0,0.0,0.0,0.0,0.2574010373380121,0.0
,0.0019392372333548805,0.00019260556899215677,0.0,0.0,0.0,0.0,0.0,0.0,0.0,0.0,0.0,0.0,0.20551592431844534,0.0
,0.0003232062055591467,1.3501999408974697e-06,0.0,0.0,0.0,0.0,0.0,0.0,0.0,0.0,0.0,0.0,0.15616183536351602,0.0
,0.0009696186166774402,3.622327212539232e-05,0.0,0.0,0.0,0.0,0.0,0.0,0.0,0.0,0.0,0.0,0.1876727614122572,0.0
,0.0019392372333548805,0.0005421983842356061,0.0,0.0,0.0,0.0,0.0,0.0,0.0,0.0,0.0,0.0,0.21852792399010887,0.0
,0.0006464124111182935,5.2410308517821724e-05,0.0,0.0,0.0,0.0,0.0,0.0,0.0,0.0,0.0,0.0,0.1964020223474005,0.0
,0.0016160310277957336,0.00022292292583091006,0.0,0.0,0.0,0.0,0.0,0.0,0.0,0.0,0.0,0.0,0.2115824534942182,0.0
,0.002262443438914027,0.0012886955087009666,0.0,0.0,0.0,0.0,0.0,0.0,0.0,0.0,0.0,0.0,0.21759986045700333,0.0
,0.004848093083387201,0.0056202958843917655,0.0,0.0,0.0,0.0,0.0,0.0,0.0,0.0,0.0,0.0,0.2524125034629236,0.0
,0.004524886877828054,0.005921434837119471,0.0,0.0,0.0,0.0,0.0,0.0,0.0,0.0,0.0,0.0,0.2576245882968572,0.0
,0.0029088558500323207,0.005129935913336213,0.0,0.0,0.0,0.0,0.0,0.0,0.0,0.0,0.0,0.0,0.25004347893003354,0.0
,0.0003232062055591467,5.738283602667741e-06,0.0,0.0,0.0,0.0,0.0,0.0,0.0,0.0,0.0,0.0,0.1683651665794523,0.0
,0.0009696186166774402,1.3998429637495647e-05,0.0,0.0,0.0,0.0,0.0,0.0,0.0,0.0,0.0,0.0,0.18479122418198046,0.0
,0.0003232062055591467,5.738283602667741e-06,0.0,0.0,0.0,0.0,0.0,0.0,0.0,0.0,0.0,0.0,0.1683651665794523,0.0
,0.0003232062055591467,8.30627597628381e-06,0.0,0.0,0.0,0.0,0.0,0.0,0.0,0.0,0.0,0.0,0.16928296959809563,0.0
,0.0009696186166774402,0.0007276398683914849,0.0,0.0,0.0,0.0,0.0,0.0,0.0,0.0,0.0,0.0,0.21832399626517274,0.0
,0.0009696186166774402,8.941713869452323e-05,0.0,0.0,0.0,0.0,0.0,0.0,0.0,0.0,0.0,0.0,0.20474792481095003,0.0
,0.0009696186166774402,5.274273170641243e-05,0.0,0.0,0.0,0.0,0.0,0.0,0.0,0.0,0.0,0.0,0.193217799940489,0.0
,0.0009696186166774402,0.00013671908907138651,0.0,0.0,0.0,0.0,0.0,0.0,0.0,0.0,0.0,0.0,0.20453912334164434,0.0
,0.0003232062055591467,1.7538347207071627e-05,0.0,0.0,0.0,0.0,0.0,0.0,0.0,0.0,0.0,0.0,0.1765531853767148,0.0
,0.0009696186166774402,0.0004705458670202888,0.0,0.0,0.0,0.0,0.0,0.0,0.0,0.0,0.0,0.0,0.21827282194929254,0.0
,0.0003232062055591467,5.296167264664287e-06,0.0,0.0,0.0,0.0,0.0,0.0,0.0,0.0,0.0,0.0,0.16316475308071948,0.0
,0.0009696186166774402,0.000926716794862968,0.0,0.0,0.0,0.0,0.0,0.0,0.0,0.0,0.0,0.0,0.20896602230635844,0.0
,0.0006464124111182935,3.0826008496527456e-05,0.0,0.0,0.0,0.0,0.0,0.0,0.0,0.0,0.0,0.0,0.19597749356152716,0.0
,0.003555268261150614,0.005387331855727928,0.0,0.0,0.0,0.0,0.0,0.0,0.0,0.0,0.0,0.0,0.2503597592883307,0.0
,0.0009696186166774402,0.0007043384135575426,0.0,0.0,0.0,0.0,0.0,0.0,0.0,0.0,0.0,0.0,0.22435397235817403,0.0
,0.0006464124111182935,0.00011092841189612126,0.0,0.0,0.0,0.0,0.0,0.0,0.0,0.0,0.0,0.0,0.19366515837104073,0.0
,0.001292824822236587,0.0005803290938224957,0.0,0.0,0.0,0.0,0.0,0.0,0.0,0.0,0.0,0.0,0.22430946737669427,0.0
,0.0029088558500323207,0.0008181523197218922,0.0,0.0,0.0,0.0,0.0,0.0,0.0,0.0,0.0,0.0,0.23223391920870912,0.0
,0.0006464124111182935,0.0008971145967377009,0.0,0.0,0.0,0.0,0.0,0.0,0.0,0.0,0.0,0.0,0.21373369860764818,0.0
,0.0009696186166774402,0.0005032454068979245,0.0,0.0,0.0,0.0,0.0,0.0,0.0,0.0,0.0,0.0,0.2149217379259396,0.0
,0.0029088558500323207,0.0004947310735586642,0.0,0.0,0.0,0.0,0.0,0.0,0.0,0.0,0.0,0.0,0.2246594791762859,0.0
,0.001292824822236587,0.006378241276613655,0.0,0.0,0.0,0.0,0.0,0.0,0.0,0.0,0.0,0.0,0.24260550373995754,0.0
,0.0006464124111182935,0.0007257653568563099,0.0,0.0,0.0,0.0,0.0,0.0,0.0,0.0,0.0,0.0,0.22211435856393838,0.0
,0.002585649644473174,0.006278767998714665,0.0,0.0,0.0,0.0,0.0,0.0,0.0,0.0,0.0,0.0,0.24573021516298826,0.0
,0.003878474466709761,0.008276115328209203,0.0,0.0,0.0,0.0,0.0,0.0,0.0,0.0,0.0,0.0,0.2713223751038877,0.0
,0.0003232062055591467,7.133173261820041e-05,0.0,0.0,0.0,0.0,0.0,0.0,0.0,0.0,0.0,0.0,0.19215429761648248,0.0
,0.0003232062055591467,7.133173261820041e-05,0.0,0.0,0.0,0.0,0.0,0.0,0.0,0.0,0.0,0.0,0.19215429761648248,0.0
,0.0019392372333548805,0.00035371022329277536,0.0,0.0,0.0,0.0,0.0,0.0,0.0,0.0,0.0,0.0,0.20706102954002115,0.0
,0.001292824822236587,0.0005957139479240076,0.0,0.0,0.0,0.0,0.0,0.0,0.0,0.0,0.0,0.0,0.23026800463775254,0.0
,0.001292824822236587,0.00020988279424640464,0.0,0.0,0.0,0.0,0.0,0.0,0.0,0.0,0.0,0.0,0.21313422805019444,0.0
,0.0029088558500323207,0.005633072476919389,0.0,0.0,0.0,0.0,0.0,0.0,0.0,0.0,0.0,0.0,0.26981908147874534,0.0
,0.002262443438914027,0.0009758960882639912,0.0,0.0,0.0,0.0,0.0,0.0,0.0,0.0,0.0,0.0,0.23123903407516852,0.0
,0.001292824822236587,4.137498081199812e-05,0.0,0.0,0.0,0.0,0.0,0.0,0.0,0.0,0.0,0.0,0.18851514964960342,0.0
,0.002262443438914027,0.001363764740807341,0.0,0.0,0.0,0.0,0.0,0.0,0.0,0.0,0.0,0.0,0.24131537230276728,0.0
,0.003555268261150614,0.002237228304012703,0.0,0.0,0.0,0.0,0.0,0.0,0.0,0.0,0.0,0.0,0.24014888006484647,0.0
,0.004201680672268907,0.004380372237549928,0.0,0.0,0.0,0.0,0.0,0.0,0.0,0.0,0.0,0.0,0.24569096869517035,0.0
,0.0003232062055591467,5.0829719608976646e-05,0.0,0.0,0.0,0.0,0.0,0.0,0.0,0.0,0.0,0.0,0.1908102984783657,0.0
,0.0003232062055591467,3.883063614556885e-06,0.0,0.0,0.0,0.0,0.0,0.0,0.0,0.0,0.0,0.0,0.1605345984547665,0.0
,0.0006464124111182935,0.0022256610077700874,0.0,0.0,0.0,0.0,0.0,0.0,0.0,0.0,0.0,0.0,0.22585688121402409,0.0
,0.0003232062055591467,0.0005635052176775374,0.0,0.0,0.0,0.0,0.0,0.0,0.0,0.0,0.0,0.0,0.2113152953489088,0.0
,0.005171299288946348,0.002746667515548623,0.0,0.0,0.0,0.0,0.0,0.0,0.0,0.0,0.0,0.0,0.2299078605801295,0.0
,0.0019392372333548805,0.004444609327611639,0.0,0.0,0.0,0.0,0.0,0.0,0.0,0.0,0.0,0.0,0.23300358604980453,0.0
,0.0016160310277957336,0.005683789755533781,0.0,0.0,0.0,0.0,0.0,0.0,0.0,0.0,0.0,0.0,0.23808831224797614,0.0
,0.003555268261150614,0.004997573600936483,0.0,0.0,0.0,0.0,0.0,0.0,0.0,0.0,0.0,0.0,0.2452457906239419,0.0
,0.0009696186166774402,0.001327522016927554,0.0,0.0,0.0,0.0,0.0,0.0,0.0,0.0,0.0,0.0,0.23289944182801328,0.0
,0.0019392372333548805,0.0016004206080668852,0.0,0.0,0.0,0.0,0.0,0.0,0.0,0.0,0.0,0.0,0.22631013944039155,0.0
,0.0003232062055591467,0.00018627765713376875,0.0,0.0,0.0,0.0,0.0,0.0,0.0,0.0,0.0,0.0,0.1931462328521152,0.0
,0.0006464124111182935,1.3676318667945402e-05,0.0,0.0,0.0,0.0,0.0,0.0,0.0,0.0,0.0,0.0,0.17471950318588972,0.0
,0.001292824822236587,0.00031971266879779773,0.0,0.0,0.0,0.0,0.0,0.0,0.0,0.0,0.0,0.0,0.21157270600547914,0.0
,0.0016160310277957336,4.728823592631001e-05,0.0,0.0,0.0,0.0,0.0,0.0,0.0,0.0,0.0,0.0,0.18893724156329197,0.0
,0.0003232062055591467,0.00012236121791862474,0.0,0.0,0.0,0.0,0.0,0.0,0.0,0.0,0.0,0.0,0.18775458901509323,0.0
,0.0016160310277957336,0.0032826609547638333,0.0,0.0,0.0,0.0,0.0,0.0,0.0,0.0,0.0,0.0,0.23618293471234647,0.0
,0.0006464124111182935,0.00012339382581744426,0.0,0.0,0.0,0.0,0.0,0.0,0.0,0.0,0.0,0.0,0.20049276120704693,0.0
,0.002262443438914027,0.0002924249891023216,0.0,0.0,0.0,0.0,0.0,0.0,0.0,0.0,0.0,0.0,0.21862873354469994,0.0
,0.0003232062055591467,1.8708827949276814e-05,0.0,0.0,0.0,0.0,0.0,0.0,0.0,0.0,0.0,0.0,0.1731284821620956,0.0
,0.0006464124111182935,0.00047579027358422783,0.0,0.0,0.0,0.0,0.0,0.0,0.0,0.0,0.0,0.0,0.2067754024686798,0.0
,0.0003232062055591467,7.5623318151734456e-06,0.0,0.0,0.0,0.0,0.0,0.0,0.0,0.0,0.0,0.0,0.17076946163080617,0.0
,0.0006464124111182935,0.000432099970021016,0.0,0.0,0.0,0.0,0.0,0.0,0.0,0.0,0.0,0.0,0.2021683032187234,0.0
,0.0006464124111182935,0.0001285152915979035,0.0,0.0,0.0,0.0,0.0,0.0,0.0,0.0,0.0,0.0,0.19589566595869118,0.0
,0.002262443438914027,0.013341258123842573,0.0,0.0,0.0,0.0,0.0,0.0,0.0,0.0,0.0,0.0,0.2599308954350971,0.0
,0.002262443438914027,0.027596069208224595,0.0,0.0,0.0,0.0,0.0,0.0,0.0,0.0,0.0,0.0,0.2560447255825407,0.0
,0.002585649644473174,0.0012270541667196266,0.0,0.0,0.0,0.0,0.0,0.0,0.0,0.0,0.0,0.0,0.23966240342290762,0.0
,0.002585649644473174,0.01357183395633135,0.0,0.0,0.0,0.0,0.0,0.0,0.0,0.0,0.0,0.0,0.2503990057561486,0.0
,0.0006464124111182935,0.0002865343898010099,0.0,0.0,0.0,0.0,0.0,0.0,0.0,0.0,0.0,0.0,0.20900231887626847,0.0
,0.0016160310277957336,7.779626390320899e-05,0.0,0.0,0.0,0.0,0.0,0.0,0.0,0.0,0.0,0.0,0.1964179261448169,0.0
,0.0006464124111182935,0.0003997324460288929,0.0,0.0,0.0,0.0,0.0,0.0,0.0,0.0,0.0,0.0,0.20816608694759953,0.0
,0.001292824822236587,0.004168939575918702,0.0,0.0,0.0,0.0,0.0,0.0,0.0,0.0,0.0,0.0,0.22461766757985246,0.0
,0.0019392372333548805,0.000826297322198418,0.0,0.0,0.0,0.0,0.0,0.0,0.0,0.0,0.0,0.0,0.2223054606457968,0.0
,0.0009696186166774402,0.0006544187147595516,0.0,0.0,0.0,0.0,0.0,0.0,0.0,0.0,0.0,0.0,0.21522006238392793,0.0
,0.004524886877828054,0.005250756606237467,0.0,0.0,0.0,0.0,0.0,0.0,0.0,0.0,0.0,0.0,0.2636708529565672,0.0
,0.003232062055591467,0.002187316514808275,0.0,0.0,0.0,0.0,0.0,0.0,0.0,0.0,0.0,0.0,0.24728814602764182,0.0
,0.003878474466709761,0.007117863801353109,0.0,0.0,0.0,0.0,0.0,0.0,0.0,0.0,0.0,0.0,0.25800358604980456,0.0
,0.0016160310277957336,0.00020015850703473988,0.0,0.0,0.0,0.0,0.0,0.0,0.0,0.0,0.0,0.0,0.20658635248971385,0.0
,0.0009696186166774402,0.0004133957475173828,0.0,0.0,0.0,0.0,0.0,0.0,0.0,0.0,0.0,0.0,0.2123850822380234,0.0
,0.0006464124111182935,0.00013546188926761709,0.0,0.0,0.0,0.0,0.0,0.0,0.0,0.0,0.0,0.0,0.19872025733370272,0.0
,0.001292824822236587,0.0003642596181659742,0.0,0.0,0.0,0.0,0.0,0.0,0.0,0.0,0.0,0.0,0.22169496003529615,0.0
,0.004524886877828054,0.0020526694797439373,0.0,0.0,0.0,0.0,0.0,0.0,0.0,0.0,0.0,0.0,0.23974897651368238,0.0
,0.0003232062055591467,2.711508483856669e-05,0.0,0.0,0.0,0.0,0.0,0.0,0.0,0.0,0.0,0.0,0.17646943392741712,0.0
,0.0009696186166774402,0.002818372183478792,0.0,0.0,0.0,0.0,0.0,0.0,0.0,0.0,0.0,0.0,0.24450510973620218,0.0
,0.0006464124111182935,0.00037423745456980376,0.0,0.0,0.0,0.0,0.0,0.0,0.0,0.0,0.0,0.0,0.21502844727634643,0.0
,0.0009696186166774402,0.000429256886234846,0.0,0.0,0.0,0.0,0.0,0.0,0.0,0.0,0.0,0.0,0.22171265942274346,0.0
,0.0009696186166774402,0.0064066367626973075,0.0,0.0,0.0,0.0,0.0,0.0,0.0,0.0,0.0,0.0,0.2539358050912673,0.0
,0.0006464124111182935,0.00021796337827538543,0.0,0.0,0.0,0.0,0.0,0.0,0.0,0.0,0.0,0.0,0.19180402930402932,0.0
,0.001292824822236587,0.0006178375041105892,0.0,0.0,0.0,0.0,0.0,0.0,0.0,0.0,0.0,0.0,0.22980705102553842,0.0
,0.003555268261150614,0.008406467992885747,0.0,0.0,0.0,0.0,0.0,0.0,0.0,0.0,0.0,0.0,0.2579121392146602,0.0
,0.002585649644473174,0.0035212495202590482,0.0,0.0,0.0,0.0,0.0,0.0,0.0,0.0,0.0,0.0,0.2497271985717364,0.0
,0.0019392372333548805,0.002287139608993068,0.0,0.0,0.0,0.0,0.0,0.0,0.0,0.0,0.0,0.0,0.24391910610398007,0.0
,0.0016160310277957336,0.0002483766293914908,0.0,0.0,0.0,0.0,0.0,0.0,0.0,0.0,0.0,0.0,0.2084523553010948,0.0
,0.0019392372333548805,0.0008302359057360009,0.0,0.0,0.0,0.0,0.0,0.0,0.0,0.0,0.0,0.0,0.22901442628333385,0.0
,0.004524886877828054,0.009997563356479278,0.0,0.0,0.0,0.0,0.0,0.0,0.0,0.0,0.0,0.0,0.2636920152676455,0.0
,0.002262443438914027,0.0013660848431380223,0.0,0.0,0.0,0.0,0.0,0.0,0.0,0.0,0.0,0.0,0.24359936282205188,0.0
,0.001292824822236587,0.00033880113459588415,0.0,0.0,0.0,0.0,0.0,0.0,0.0,0.0,0.0,0.0,0.2165608551112753,0.0
,0.0003232062055591467,0.00020768003536156892,0.0,0.0,0.0,0.0,0.0,0.0,0.0,0.0,0.0,0.0,0.18209783913565428,0.0
,0.0006464124111182935,0.0001854083180626084,0.0,0.0,0.0,0.0,0.0,0.0,0.0,0.0,0.0,0.0,0.20640987164096408,0.0
,0.004201680672268907,0.003611882514684917,0.0,0.0,0.0,0.0,0.0,0.0,0.0,0.0,0.0,0.0,0.2547088065995629,0.0
,0.0006464124111182935,0.0001854083180626084,0.0,0.0,0.0,0.0,0.0,0.0,0.0,0.0,0.0,0.0,0.20640987164096408,0.0
,0.001292824822236587,0.004454324533853939,0.0,0.0,0.0,0.0,0.0,0.0,0.0,0.0,0.0,0.0,0.24510727367870225,0.0
,0.0009696186166774402,0.006463019478634456,0.0,0.0,0.0,0.0,0.0,0.0,0.0,0.0,0.0,0.0,0.24172720370199363,0.0
,0.0006464124111182935,5.223029267528511e-05,0.0,0.0,0.0,0.0,0.0,0.0,0.0,0.0,0.0,0.0,0.18457126440319718,0.0
,0.0003232062055591467,1.946762903286137e-06,0.0,0.0,0.0,0.0,0.0,0.0,0.0,0.0,0.0,0.0,0.1541084382470937,0.0
,0.0016160310277957336,9.718530513254877e-05,0.0,0.0,0.0,0.0,0.0,0.0,0.0,0.0,0.0,0.0,0.2015867885615785,0.0
,0.0003232062055591467,6.312868676454929e-07,0.0,0.0,0.0,0.0,0.0,0.0,0.0,0.0,0.0,0.0,0.14895640074211502,0.0
,0.0006464124111182935,1.6936127530211575e-05,0.0,0.0,0.0,0.0,0.0,0.0,0.0,0.0,0.0,0.0,0.17724128112783574,0.0
,0.0009696186166774402,0.0018079046108657544,0.0,0.0,0.0,0.0,0.0,0.0,0.0,0.0,0.0,0.0,0.21474564184648218,0.0
,0.0003232062055591467,0.0014637739310661398,0.0,0.0,0.0,0.0,0.0,0.0,0.0,0.0,0.0,0.0,0.2249932024091688,0.0
,0.0009696186166774402,0.002346124003098042,0.0,0.0,0.0,0.0,0.0,0.0,0.0,0.0,0.0,0.0,0.23535683504170898,0.0
,0.001292824822236587,0.000590986105288422,0.0,0.0,0.0,0.0,0.0,0.0,0.0,0.0,0.0,0.0,0.22274461066477874,0.0
,0.0006464124111182935,6.21277648287915e-05,0.0,0.0,0.0,0.0,0.0,0.0,0.0,0.0,0.0,0.0,0.1836724433363089,0.0
,0.0003232062055591467,0.00011862041587188019,0.0,0.0,0.0,0.0,0.0,0.0,0.0,0.0,0.0,0.0,0.1912674043976565,0.0
,0.0009696186166774402,0.0006868538059686228,0.0,0.0,0.0,0.0,0.0,0.0,0.0,0.0,0.0,0.0,0.21699154020582592,0.0
,0.0019392372333548805,0.0002213726689788047,0.0,0.0,0.0,0.0,0.0,0.0,0.0,0.0,0.0,0.0,0.21015739629185007,0.0
,0.0006464124111182935,0.0004867229627510663,0.0,0.0,0.0,0.0,0.0,0.0,0.0,0.0,0.0,0.0,0.2047894798945219,0.0
,0.0029088558500323207,0.0062610280424199435,0.0,0.0,0.0,0.0,0.0,0.0,0.0,0.0,0.0,0.0,0.25075684119801767,0.0
,0.002585649644473174,0.0010229668179836057,0.0,0.0,0.0,0.0,0.0,0.0,0.0,0.0,0.0,0.0,0.23787322621356233,0.0
,0.0009696186166774402,0.0005452724770290996,0.0,0.0,0.0,0.0,0.0,0.0,0.0,0.0,0.0,0.0,0.2082091811083408,0.0
,0.002262443438914027,0.003670513706313266,0.0,0.0,0.0,0.0,0.0,0.0,0.0,0.0,0.0,0.0,0.24123585331568526,0.0
,0.0003232062055591467,6.394402766973991e-06,0.0,0.0,0.0,0.0,0.0,0.0,0.0,0.0,0.0,0.0,0.16460226281654852,0.0
,0.0019392372333548805,0.000790010945047037,0.0,0.0,0.0,0.0,0.0,0.0,0.0,0.0,0.0,0.0,0.22845150880865167,0.0
,0.0016160310277957336,0.00013119250240512602,0.0,0.0,0.0,0.0,0.0,0.0,0.0,0.0,0.0,0.0,0.2093409158535209,0.0
,0.002585649644473174,0.001273590396295588,0.0,0.0,0.0,0.0,0.0,0.0,0.0,0.0,0.0,0.0,0.24324588809882927,0.0
,0.0006464124111182935,2.9480383404909125e-05,0.0,0.0,0.0,0.0,0.0,0.0,0.0,0.0,0.0,0.0,0.18315313304809105,0.0
,0.002262443438914027,0.003006327378492962,0.0,0.0,0.0,0.0,0.0,0.0,0.0,0.0,0.0,0.0,0.23960699664481178,0.0
,0.0016160310277957336,0.0004917763774283611,0.0,0.0,0.0,0.0,0.0,0.0,0.0,0.0,0.0,0.0,0.20951354900934732,0.0
,0.001292824822236587,0.0017368013128757998,0.0,0.0,0.0,0.0,0.0,0.0,0.0,0.0,0.0,0.0,0.22771121269020428,0.0
,0.0003232062055591467,2.418379811269855e-36,0.0,0.0,0.0,0.0,0.0,0.0,0.0,0.0,0.0,0.0,0.0003232062055591467,0.0
,0.0003232062055591467,2.418379811269855e-36,0.0,0.0,0.0,0.0,0.0,0.0,0.0,0.0,0.0,0.0,0.0003232062055591467,0.0
,0.002262443438914027,0.006482430566373835,0.0,0.0,0.0,0.0,0.0,0.0,0.0,0.0,0.0,0.0,0.23842857655882865,0.0
,0.0016160310277957336,0.0009918518800024938,0.0,0.0,0.0,0.0,0.0,0.0,0.0,0.0,0.0,0.0,0.22831722432562768,0.0
,0.002585649644473174,0.013154523969845995,0.0,0.0,0.0,0.0,0.0,0.0,0.0,0.0,0.0,0.0,0.26232954720349677,0.0
,0.0009696186166774402,0.0005334781337624638,0.0,0.0,0.0,0.0,0.0,0.0,0.0,0.0,0.0,0.0,0.21240149906116293,0.0
,0.002585649644473174,0.014671735440713199,0.0,0.0,0.0,0.0,0.0,0.0,0.0,0.0,0.0,0.0,0.2598308554190907,0.0
,0.0003232062055591467,0.00013776394653712914,0.0,0.0,0.0,0.0,0.0,0.0,0.0,0.0,0.0,0.0,0.1988050348344466,0.0
,0.0029088558500323207,0.014985059907667854,0.0,0.0,0.0,0.0,0.0,0.0,0.0,0.0,0.0,0.0,0.26234878566811337,0.0
,0.0003232062055591467,3.0653861495133494e-07,0.0,0.0,0.0,0.0,0.0,0.0,0.0,0.0,0.0,0.0,0.14373569940796832,0.0
,0.0009696186166774402,8.22611033558243e-06,0.0,0.0,0.0,0.0,0.0,0.0,0.0,0.0,0.0,0.0,0.16988013153979542,0.0022701446280991577
,0.0009696186166774402,0.00022008190083436515,0.0,0.0,0.0,0.0,0.0,0.0,0.0,0.0,0.0,0.0,0.2072998430141287,0.04996712689020377
,0.0006464124111182935,3.0696502597427896e-07,0.0,0.0,0.0,0.0,0.0,0.0,0.0,0.0,0.0,0.0,0.1439511702116744,0.0
,0.001292824822236587,0.0005155871642534012,0.0,0.0,0.0,0.0,0.0,0.0,0.0,0.0,0.0,0.0,0.2238908383866367,0.0
,0.0009696186166774402,0.0011590336874207504,0.0,0.0,0.0,0.0,0.0,0.0,0.0,0.0,0.0,0.0,0.22391738746780762,0.0
,0.002585649644473174,0.0033850774900506062,0.0,0.0,0.0,0.0,0.0,0.0,0.0,0.0,0.0,0.0,0.2410842542145063,0.0
,0.003232062055591467,0.007188098375188606,0.0,0.0,0.0,0.0,0.0,0.0,0.0,0.0,0.0,0.0,0.27027387878228215,0.0
,0.0006464124111182935,5.1943386089435664e-05,0.0,0.0,0.0,0.0,0.0,0.0,0.0,0.0,0.0,0.0,0.19504519756620597,0.0
,0.0006464124111182935,5.1943386089435664e-05,0.0,0.0,0.0,0.0,0.0,0.0,0.0,0.0,0.0,0.0,0.19504519756620597,0.0
,0.0003232062055591467,5.696589360407338e-06,0.0,0.0,0.0,0.0,0.0,0.0,0.0,0.0,0.0,0.0,0.17412157170560533,0.0
,0.0019392372333548805,0.0001528625282815199,0.0,0.0,0.0,0.0,0.0,0.0,0.0,0.0,0.0,0.0,0.2151223309836755,0.0
,0.0003232062055591467,2.418379811269855e-36,0.0,0.0,0.0,0.0,0.0,0.0,0.0,0.0,0.0,0.0,0.0003232062055591467,0.0
,0.0003232062055591467,2.418379811269855e-36,0.0,0.0,0.0,0.0,0.0,0.0,0.0,0.0,0.0,0.0,0.0003232062055591467,0.0
,0.0003232062055591467,0.0003062484462913906,0.0,0.0,0.0,0.0,0.0,0.0,0.0,0.0,0.0,0.0,0.20390245841926516,0.0
,0.001292824822236587,0.0009064541126372112,0.0,0.0,0.0,0.0,0.0,0.0,0.0,0.0,0.0,0.0,0.2278578097905829,0.0
,0.002262443438914027,0.007983261841707346,0.0,0.0,0.0,0.0,0.0,0.0,0.0,0.0,0.0,0.0,0.26105095884507645,0.0
,0.0016160310277957336,0.0034329302258585674,0.0,0.0,0.0,0.0,0.0,0.0,0.0,0.0,0.0,0.0,0.23173897764233897,0.0
,0.0016160310277957336,0.0001498572394566268,0.0,0.0,0.0,0.0,0.0,0.0,0.0,0.0,0.0,0.0,0.20929538482059493,0.0
,0.0003232062055591467,0.0006063794981374418,0.0,0.0,0.0,0.0,0.0,0.0,0.0,0.0,0.0,0.0,0.20750774668841898,0.0
,0.001292824822236587,0.0001700291169894772,0.0,0.0,0.0,0.0,0.0,0.0,0.0,0.0,0.0,0.0,0.20510755584284995,0.0
,0.0003232062055591467,9.061323654152676e-06,0.0,0.0,0.0,0.0,0.0,0.0,0.0,0.0,0.0,0.0,0.17069520115738604,0.0
,0.001292824822236587,9.137918331342185e-05,0.0,0.0,0.0,0.0,0.0,0.0,0.0,0.0,0.0,0.0,0.20131873262125363,0.0
,0.001292824822236587,0.0003937627938138414,0.0,0.0,0.0,0.0,0.0,0.0,0.0,0.0,0.0,0.0,0.22485878966971404,0.0
,0.0003232062055591467,3.4060390827366533e-06,0.0,0.0,0.0,0.0,0.0,0.0,0.0,0.0,0.0,0.0,0.16533523665876607,0.0
,0.0003232062055591467,6.283298663632086e-07,0.0,0.0,0.0,0.0,0.0,0.0,0.0,0.0,0.0,0.0,0.15232246744851788,0.0
,0.0003232062055591467,6.283298663632086e-07,0.0,0.0,0.0,0.0,0.0,0.0,0.0,0.0,0.0,0.0,0.15232246744851788,0.0
,0.0019392372333548805,0.0028226365113577837,0.0,0.0,0.0,0.0,0.0,0.0,0.0,0.0,0.0,0.0,0.23436990180687658,0.0
,0.0003232062055591467,5.84959624233692e-34,0.0,0.0,0.0,0.0,0.0,0.0,0.0,0.0,0.0,0.0,0.0004848093083387201,0.0
,0.0006464124111182935,8.272578340319567e-34,0.0,0.0,0.0,0.0,0.0,0.0,0.0,0.0,0.0,0.0,0.0006464124111182935,0.0
,0.0019392372333548805,0.000474474084247658,0.0,0.0,0.0,0.0,0.0,0.0,0.0,0.0,0.0,0.0,0.22322775263951733,0.0
,0.003878474466709761,0.0015491751438478038,0.0,0.0,0.0,0.0,0.0,0.0,0.0,0.0,0.0,0.0,0.24528016334739025,0.0
,0.004201680672268907,0.0018829458461545618,0.0,0.0,0.0,0.0,0.0,0.0,0.0,0.0,0.0,0.0,0.2520032371923128,0.0
,0.0006464124111182935,0.0002503676660032724,0.0,0.0,0.0,0.0,0.0,0.0,0.0,0.0,0.0,0.0,0.20856355362657883,0.0
,0.0006464124111182935,0.0033847165139153945,0.0,0.0,0.0,0.0,0.0,0.0,0.0,0.0,0.0,0.0,0.23178502170098808,0.0
,0.0006464124111182935,3.5841039015935845e-05,0.0,0.0,0.0,0.0,0.0,0.0,0.0,0.0,0.0,0.0,0.1882855706385118,0.0
,0.004201680672268907,0.004663892162184545,0.0,0.0,0.0,0.0,0.0,0.0,0.0,0.0,0.0,0.0,0.2606785021700988,0.0
,0.002585649644473174,0.010626873392044702,0.0,0.0,0.0,0.0,0.0,0.0,0.0,0.0,0.0,0.0,0.2575681554673151,0.0
,0.0009696186166774402,0.004831625974891058,0.0,0.0,0.0,0.0,0.0,0.0,0.0,0.0,0.0,0.0,0.25302928863853236,0.0
,0.002585649644473174,0.011582181274777077,0.0,0.0,0.0,0.0,0.0,0.0,0.0,0.0,0.0,0.0,0.2578698145925037,0.0
,0.0016160310277957336,0.005135864929251436,0.0,0.0,0.0,0.0,0.0,0.0,0.0,0.0,0.0,0.0,0.25281279178338,0.0
,0.0009696186166774402,0.0007529645583746526,0.0,0.0,0.0,0.0,0.0,0.0,0.0,0.0,0.0,0.0,0.22520328644278226,0.0
,0.0009696186166774402,0.001483089124963558,0.0,0.0,0.0,0.0,0.0,0.0,0.0,0.0,0.0,0.0,0.22494164332399627,0.0
,0.001292824822236587,0.0015778043394695442,0.0,0.0,0.0,0.0,0.0,0.0,0.0,0.0,0.0,0.0,0.23017642954617742,0.0
,0.0009696186166774402,0.0017557591739621105,0.0,0.0,0.0,0.0,0.0,0.0,0.0,0.0,0.0,0.0,0.22292275884712862,0.0
,0.002585649644473174,0.008926516567270988,0.0,0.0,0.0,0.0,0.0,0.0,0.0,0.0,0.0,0.0,0.2514013297626743,0.0
,0.001292824822236587,0.002313975870990181,0.0,0.0,0.0,0.0,0.0,0.0,0.0,0.0,0.0,0.0,0.22062235150470447,0.0
,0.0009696186166774402,0.0001008683804288648,0.0,0.0,0.0,0.0,0.0,0.0,0.0,0.0,0.0,0.0,0.1998635351576528,0.0
,0.0006464124111182935,0.00044834430726318716,0.0,0.0,0.0,0.0,0.0,0.0,0.0,0.0,0.0,0.0,0.2164178491909584,0.0
,0.0006464124111182935,0.0003210172821082261,0.0,0.0,0.0,0.0,0.0,0.0,0.0,0.0,0.0,0.0,0.2131957911369676,0.0
,0.0009696186166774402,0.0028946382241628473,0.0,0.0,0.0,0.0,0.0,0.0,0.0,0.0,0.0,0.0,0.23980938529257856,0.0
,0.002262443438914027,0.0031032384562971935,0.0,0.0,0.0,0.0,0.0,0.0,0.0,0.0,0.0,0.0,0.2498083848924185,0.0
,0.001292824822236587,0.0025994630519773428,0.0,0.0,0.0,0.0,0.0,0.0,0.0,0.0,0.0,0.0,0.2386527687998276,0.0
,0.0006464124111182935,0.0037102956393524978,0.0,0.0,0.0,0.0,0.0,0.0,0.0,0.0,0.0,0.0,0.23256494905654568,0.0
,0.0003232062055591467,1.811771215052059e-05,0.0,0.0,0.0,0.0,0.0,0.0,0.0,0.0,0.0,0.0,0.17714342147115256,0.0
,0.0003232062055591467,1.811771215052059e-05,0.0,0.0,0.0,0.0,0.0,0.0,0.0,0.0,0.0,0.0,0.17714342147115256,0.0
,0.0016160310277957336,0.001234406172086509,0.0,0.0,0.0,0.0,0.0,0.0,0.0,0.0,0.0,0.0,0.22782805429864253,0.0
,0.0009696186166774402,8.257105077454194e-05,0.0,0.0,0.0,0.0,0.0,0.0,0.0,0.0,0.0,0.0,0.20356475923702813,0.0
,0.003878474466709761,0.0022528723416882705,0.0,0.0,0.0,0.0,0.0,0.0,0.0,0.0,0.0,0.0,0.25409971680980087,0.0
,0.0009696186166774402,0.0022828968467865775,0.0,0.0,0.0,0.0,0.0,0.0,0.0,0.0,0.0,0.0,0.24896048162854884,0.0
,0.0016160310277957336,0.0012113654653118418,0.0,0.0,0.0,0.0,0.0,0.0,0.0,0.0,0.0,0.0,0.2374288176809185,0.0
,0.0006464124111182935,0.00019368559168172719,0.0,0.0,0.0,0.0,0.0,0.0,0.0,0.0,0.0,0.0,0.2040652158299217,0.0
,0.002585649644473174,0.0228096704298809,0.0,0.0,0.0,0.0,0.0,0.0,0.0,0.0,0.0,0.0,0.26286514605842337,0.0
,0.0009696186166774402,0.003916478705546963,0.0,0.0,0.0,0.0,0.0,0.0,0.0,0.0,0.0,0.0,0.23316416310113788,0.0
,0.0006464124111182935,0.00016423430576431835,0.0,0.0,0.0,0.0,0.0,0.0,0.0,0.0,0.0,0.0,0.19853659412482944,0.0
,0.0003232062055591467,2.418379811269855e-36,0.0,0.0,0.0,0.0,0.0,0.0,0.0,0.0,0.0,0.0,0.0003232062055591467,0.0
,0.0003232062055591467,2.418379811269855e-36,0.0,0.0,0.0,0.0,0.0,0.0,0.0,0.0,0.0,0.0,0.0003232062055591467,0.0
,0.0003232062055591467,0.0005255239036682575,0.0,0.0,0.0,0.0,0.0,0.0,0.0,0.0,0.0,0.0,0.19793096725869835,0.0
,0.0003232062055591467,0.0005255239036682575,0.0,0.0,0.0,0.0,0.0,0.0,0.0,0.0,0.0,0.0,0.19793096725869835,0.0
,0.0006464124111182935,0.0005386617143864251,0.0,0.0,0.0,0.0,0.0,0.0,0.0,0.0,0.0,0.0,0.20602189593786233,0.0
,0.0016160310277957336,0.0016401286419724793,0.0,0.0,0.0,0.0,0.0,0.0,0.0,0.0,0.0,0.0,0.22040739372672144,0.0
,0.0006464124111182935,0.001475673824647061,0.0,0.0,0.0,0.0,0.0,0.0,0.0,0.0,0.0,0.0,0.21404382265726804,0.0
,0.0009696186166774402,0.00019484682487888426,0.0,0.0,0.0,0.0,0.0,0.0,0.0,0.0,0.0,0.0,0.21049573675624095,0.0
,0.003555268261150614,0.0021424000918458938,0.0,0.0,0.0,0.0,0.0,0.0,0.0,0.0,0.0,0.0,0.2466344229999692,0.0
,0.001292824822236587,0.0006094325513960182,0.0,0.0,0.0,0.0,0.0,0.0,0.0,0.0,0.0,0.0,0.2170633638070613,0.0
,0.0006464124111182935,0.0019010092154725037,0.0,0.0,0.0,0.0,0.0,0.0,0.0,0.0,0.0,0.0,0.22104623900842388,0.0
,0.0006464124111182935,1.6694016291995147e-05,0.0,0.0,0.0,0.0,0.0,0.0,0.0,0.0,0.0,0.0,0.18195432018961433,0.0
,0.001292824822236587,6.179016289364709e-05,0.0,0.0,0.0,0.0,0.0,0.0,0.0,0.0,0.0,0.0,0.18617716317296149,0.0
,0.002262443438914027,0.0017574374322117429,0.0,0.0,0.0,0.0,0.0,0.0,0.0,0.0,0.0,0.0,0.24474559054390987,0.0
,0.0003232062055591467,2.418379811269855e-36,0.0,0.0,0.0,0.0,0.0,0.0,0.0,0.0,0.0,0.0,0.0003232062055591467,0.0
,0.0003232062055591467,2.418379811269855e-36,0.0,0.0,0.0,0.0,0.0,0.0,0.0,0.0,0.0,0.0,0.0003232062055591467,0.0
,0.0006464124111182935,0.0008366944812587974,0.0,0.0,0.0,0.0,0.0,0.0,0.0,0.0,0.0,0.0,0.22474541098490677,0.0
,0.003878474466709761,0.003647634255363054,0.0,0.0,0.0,0.0,0.0,0.0,0.0,0.0,0.0,0.0,0.2519827161633884,0.0
,0.0019392372333548805,0.0008118724722122177,0.0,0.0,0.0,0.0,0.0,0.0,0.0,0.0,0.0,0.0,0.2322915063461282,0.0
,0.0006464124111182935,0.0004059370487455407,0.0,0.0,0.0,0.0,0.0,0.0,0.0,0.0,0.0,0.0,0.2115112711751367,0.0
,0.0006464124111182935,0.0004059370487455407,0.0,0.0,0.0,0.0,0.0,0.0,0.0,0.0,0.0,0.0,0.2115112711751367,0.0
,0.0006464124111182935,0.0004059370487455407,0.0,0.0,0.0,0.0,0.0,0.0,0.0,0.0,0.0,0.0,0.2115112711751367,0.0
,0.0006464124111182935,2.1521019674711e-05,0.0,0.0,0.0,0.0,0.0,0.0,0.0,0.0,0.0,0.0,0.179373929058803,0.0
,0.001292824822236587,0.0015712377137830638,0.0,0.0,0.0,0.0,0.0,0.0,0.0,0.0,0.0,0.0,0.2274172489508624,0.0
,0.0016160310277957336,0.00022073467652198447,0.0,0.0,0.0,0.0,0.0,0.0,0.0,0.0,0.0,0.0,0.20708180708180707,0.0
,0.0003232062055591467,8.226194699210549e-06,0.0,0.0,0.0,0.0,0.0,0.0,0.0,0.0,0.0,0.0,0.16912495767537786,0.0
,0.0009696186166774402,4.005800133942958e-05,0.0,0.0,0.0,0.0,0.0,0.0,0.0,0.0,0.0,0.0,0.18768738264536583,0.0
,0.0019392372333548805,0.0011166515786017166,0.0,0.0,0.0,0.0,0.0,0.0,0.0,0.0,0.0,0.0,0.2216078739187983,0.0
,0.0019392372333548805,0.0006843520437240413,0.0,0.0,0.0,0.0,0.0,0.0,0.0,0.0,0.0,0.0,0.2172508747088579,0.0
,0.002585649644473174,0.0011106306617316678,0.0,0.0,0.0,0.0,0.0,0.0,0.0,0.0,0.0,0.0,0.2357309590502868,0.0
,0.0016160310277957336,0.0005251615313677627,0.0,0.0,0.0,0.0,0.0,0.0,0.0,0.0,0.0,0.0,0.21548709227280657,0.0
,0.0006464124111182935,1.8504178544708648e-05,0.0,0.0,0.0,0.0,0.0,0.0,0.0,0.0,0.0,0.0,0.18203486522814255,0.0
,0.0003232062055591467,1.318377459721309e-05,0.0,0.0,0.0,0.0,0.0,0.0,0.0,0.0,0.0,0.0,0.16901375934989382,0.0
,0.001292824822236587,0.00985079665488572,0.0,0.0,0.0,0.0,0.0,0.0,0.0,0.0,0.0,0.0,0.25282625870861164,0.0
,0.0003232062055591467,0.00016476511979305242,0.0,0.0,0.0,0.0,0.0,0.0,0.0,0.0,0.0,0.0,0.19315521080226963,0.0
,0.0009696186166774402,0.00016676102113654336,0.0,0.0,0.0,0.0,0.0,0.0,0.0,0.0,0.0,0.0,0.1950690532623306,0.0
,0.0006464124111182935,0.000195676868715301,0.0,0.0,0.0,0.0,0.0,0.0,0.0,0.0,0.0,0.0,0.2057953950811094,0.0
,0.0029088558500323207,0.0011633794695546766,0.0,0.0,0.0,0.0,0.0,0.0,0.0,0.0,0.0,0.0,0.2349178132791578,0.0
,0.0003232062055591467,9.658420405325535e-06,0.0,0.0,0.0,0.0,0.0,0.0,0.0,0.0,0.0,0.0,0.17112075599470555,0.0
,0.0003232062055591467,9.658420405325535e-06,0.0,0.0,0.0,0.0,0.0,0.0,0.0,0.0,0.0,0.0,0.17112075599470555,0.0
,0.0019392372333548805,0.0006040609616300073,0.0,0.0,0.0,0.0,0.0,0.0,0.0,0.0,0.0,0.0,0.2230324180954433,0.0
,0.0006464124111182935,5.054158887163088e-05,0.0,0.0,0.0,0.0,0.0,0.0,0.0,0.0,0.0,0.0,0.1857337806917639,0.0
,0.0016160310277957336,0.001843245055251239,0.0,0.0,0.0,0.0,0.0,0.0,0.0,0.0,0.0,0.0,0.22554444854865024,0.0
,0.0003232062055591467,6.869794568942405e-05,0.0,0.0,0.0,0.0,0.0,0.0,0.0,0.0,0.0,0.0,0.18122864530427554,0.0
,0.0006464124111182935,0.00045564240756903627,0.0,0.0,0.0,0.0,0.0,0.0,0.0,0.0,0.0,0.0,0.21579644678384174,0.0
,0.0009696186166774402,0.0001901870622488022,0.0,0.0,0.0,0.0,0.0,0.0,0.0,0.0,0.0,0.0,0.20117277680302892,0.0
,0.0016160310277957336,0.0042073783131729384,0.0,0.0,0.0,0.0,0.0,0.0,0.0,0.0,0.0,0.0,0.2559204451011174,0.0
,0.0009696186166774402,0.0004374879736319181,0.0,0.0,0.0,0.0,0.0,0.0,0.0,0.0,0.0,0.0,0.20788520536419694,0.0
,0.001292824822236587,0.00014688994306483243,0.0,0.0,0.0,0.0,0.0,0.0,0.0,0.0,0.0,0.0,0.2086643631811699,0.0
,0.0029088558500323207,0.0014212129968919581,0.0,0.0,0.0,0.0,0.0,0.0,0.0,0.0,0.0,0.0,0.24127304768061072,0.0
,0.0003232062055591467,2.418379811269855e-36,0.0,0.0,0.0,0.0,0.0,0.0,0.0,0.0,0.0,0.0,0.0003232062055591467,0.0
,0.0003232062055591467,2.418379811269855e-36,0.0,0.0,0.0,0.0,0.0,0.0,0.0,0.0,0.0,0.0,0.0003232062055591467,0.0
,0.0003232062055591467,4.7186322188928537e-05,0.0,0.0,0.0,0.0,0.0,0.0,0.0,0.0,0.0,0.0,0.1820839874411303,0.0
,0.001292824822236587,0.0012662264754387314,0.0,0.0,0.0,0.0,0.0,0.0,0.0,0.0,0.0,0.0,0.22696424723735648,0.0
,0.0006464124111182935,9.252872700753611e-05,0.0,0.0,0.0,0.0,0.0,0.0,0.0,0.0,0.0,0.0,0.1994411867311027,0.0
,0.001292824822236587,0.00040551377260246256,0.0,0.0,0.0,0.0,0.0,0.0,0.0,0.0,0.0,0.0,0.21564010219472404,0.0
,0.0003232062055591467,1.0678775961199506e-05,0.0,0.0,0.0,0.0,0.0,0.0,0.0,0.0,0.0,0.0,0.17168521254655708,0.0
,0.0006464124111182935,0.00015448928586275524,0.0,0.0,0.0,0.0,0.0,0.0,0.0,0.0,0.0,0.0,0.20068783923825942,0.0
,0.0003232062055591467,2.418379811269855e-36,0.0,0.0,0.0,0.0,0.0,0.0,0.0,0.0,0.0,0.0,0.0003232062055591467,0.0
,0.0003232062055591467,2.418379811269855e-36,0.0,0.0,0.0,0.0,0.0,0.0,0.0,0.0,0.0,0.0,0.0003232062055591467,0.0
,0.0009696186166774402,0.000192518443650407,0.0,0.0,0.0,0.0,0.0,0.0,0.0,0.0,0.0,0.0,0.18300281651121988,0.0
,0.001292824822236587,0.00019886596743410128,0.0,0.0,0.0,0.0,0.0,0.0,0.0,0.0,0.0,0.0,0.20674205579667768,0.0
,0.001292824822236587,0.0024829954850333173,0.0,0.0,0.0,0.0,0.0,0.0,0.0,0.0,0.0,0.0,0.21533818655667397,0.0
,0.001292824822236587,0.0024829954850333173,0.0,0.0,0.0,0.0,0.0,0.0,0.0,0.0,0.0,0.0,0.21533818655667397,0.0
,0.001292824822236587,0.0006066660777675192,0.0,0.0,0.0,0.0,0.0,0.0,0.0,0.0,0.0,0.0,0.21914894162793322,0.0
,0.004201680672268907,0.00204240764947265,0.0,0.0,0.0,0.0,0.0,0.0,0.0,0.0,0.0,0.0,0.24123777716214692,0.0
,0.0019392372333548805,0.0010947230431777998,0.0,0.0,0.0,0.0,0.0,0.0,0.0,0.0,0.0,0.0,0.22174703214619182,0.0
,0.0016160310277957336,0.0005585368593984402,0.0,0.0,0.0,0.0,0.0,0.0,0.0,0.0,0.0,0.0,0.22476836888601592,0.0
,0.0003232062055591467,2.418379811269855e-36,0.0,0.0,0.0,0.0,0.0,0.0,0.0,0.0,0.0,0.0,0.0003232062055591467,0.0
,0.0003232062055591467,2.418379811269855e-36,0.0,0.0,0.0,0.0,0.0,0.0,0.0,0.0,0.0,0.0,0.0003232062055591467,0.0
,0.0006464124111182935,0.00031554989891498215,0.0,0.0,0.0,0.0,0.0,0.0,0.0,0.0,0.0,0.0,0.20556119883850976,0.0
,0.0009696186166774402,3.597160304498223e-05,0.0,0.0,0.0,0.0,0.0,0.0,0.0,0.0,0.0,0.0,0.17447466165953562,0.0
,0.002262443438914027,0.00035249781785238023,0.0,0.0,0.0,0.0,0.0,0.0,0.0,0.0,0.0,0.0,0.22786588994572188,0.0
,0.0006464124111182935,1.4679776415995365e-05,0.0,0.0,0.0,0.0,0.0,0.0,0.0,0.0,0.0,0.0,0.1848565067052462,0.0
,0.0009696186166774402,0.0010421774333951724,0.0,0.0,0.0,0.0,0.0,0.0,0.0,0.0,0.0,0.0,0.2314892623716153,0.0
,0.0003232062055591467,0.0007046608723342329,0.0,0.0,0.0,0.0,0.0,0.0,0.0,0.0,0.0,0.0,0.21375601522660345,0.0
,0.0016160310277957336,0.0011740295847125388,0.0,0.0,0.0,0.0,0.0,0.0,0.0,0.0,0.0,0.0,0.2268862673274438,0.0
,0.003878474466709761,0.022330780581944865,0.0,0.0,0.0,0.0,0.0,0.0,0.0,0.0,0.0,0.0,0.26685943608212515,0.0
,0.004201680672268907,0.005450833818045312,0.0,0.0,0.0,0.0,0.0,0.0,0.0,0.0,0.0,0.0,0.2572875303967741,0.0
,0.0009696186166774402,7.857872628680208e-05,0.0,0.0,0.0,0.0,0.0,0.0,0.0,0.0,0.0,0.0,0.20083969485229988,0.0
,0.0016160310277957336,0.0003673918940801951,0.0,0.0,0.0,0.0,0.0,0.0,0.0,0.0,0.0,0.0,0.2286395327361714,0.0
,0.0006464124111182935,2.7701193048017677e-05,0.0,0.0,0.0,0.0,0.0,0.0,0.0,0.0,0.0,0.0,0.18619832548403978,0.0
,0.0016160310277957336,0.00033388566030236706,0.0,0.0,0.0,0.0,0.0,0.0,0.0,0.0,0.0,0.0,0.22241640245841926,0.0
,0.001292824822236587,0.00040942149838104654,0.0,0.0,0.0,0.0,0.0,0.0,0.0,0.0,0.0,0.0,0.210011055704333,0.0
,0.001292824822236587,0.00014021996084108678,0.0,0.0,0.0,0.0,0.0,0.0,0.0,0.0,0.0,0.0,0.20635779953006841,0.0
,0.001292824822236587,0.0005153293143790361,0.0,0.0,0.0,0.0,0.0,0.0,0.0,0.0,0.0,0.0,0.21801310267696822,0.0
,0.0016160310277957336,0.0008256026111592451,0.0,0.0,0.0,0.0,0.0,0.0,0.0,0.0,0.0,0.0,0.21832322672658808,0.0
,0.0006464124111182935,0.00013394883674259695,0.0,0.0,0.0,0.0,0.0,0.0,0.0,0.0,0.0,0.0,0.19946927488944294,0.0
,0.0029088558500323207,0.0023659312325588397,0.0,0.0,0.0,0.0,0.0,0.0,0.0,0.0,0.0,0.0,0.24019453935420323,0.0
,0.002262443438914027,0.001978200369317699,0.0,0.0,0.0,0.0,0.0,0.0,0.0,0.0,0.0,0.0,0.23845999938436915,0.0
,0.0006464124111182935,0.0018061611669990137,0.0,0.0,0.0,0.0,0.0,0.0,0.0,0.0,0.0,0.0,0.2109269348765147,0.0
,0.002262443438914027,0.0017225769749853888,0.0,0.0,0.0,0.0,0.0,0.0,0.0,0.0,0.0,0.0,0.2392418505863884,0.0
,0.002262443438914027,0.004467832605195588,0.0,0.0,0.0,0.0,0.0,0.0,0.0,0.0,0.0,0.0,0.25592467756333304,0.0
,0.0006464124111182935,0.00018561214887551433,0.0,0.0,0.0,0.0,0.0,0.0,0.0,0.0,0.0,0.0,0.2059105693559475,0.0
,0.0006464124111182935,0.00024937639157327326,0.0,0.0,0.0,0.0,0.0,0.0,0.0,0.0,0.0,0.0,0.19747257877509977,0.0
,0.0006464124111182935,4.7490507069054837e-05,0.0,0.0,0.0,0.0,0.0,0.0,0.0,0.0,0.0,0.0,0.1876972583905357,0.0
,0.0003232062055591467,1.7701566422792755e-06,0.0,0.0,0.0,0.0,0.0,0.0,0.0,0.0,0.0,0.0,0.15625417999367577,0.0
,0.002262443438914027,0.001272662853138706,0.0,0.0,0.0,0.0,0.0,0.0,0.0,0.0,0.0,0.0,0.2358490832230328,0.0
,0.001292824822236587,0.0007268711431338486,0.0,0.0,0.0,0.0,0.0,0.0,0.0,0.0,0.0,0.0,0.22929299925098243,0.0
,0.0029088558500323207,0.002884147702515782,0.0,0.0,0.0,0.0,0.0,0.0,0.0,0.0,0.0,0.0,0.2433050143134177,0.0
,0.0016160310277957336,0.00044588789951969827,0.0,0.0,0.0,0.0,0.0,0.0,0.0,0.0,0.0,0.0,0.20909940899436696,0.0
,0.0006464124111182935,1.945833642454238e-05,0.0,0.0,0.0,0.0,0.0,0.0,0.0,0.0,0.0,0.0,0.17645494095073927,0.0
,0.0019392372333548805,0.0002990393293207385,0.0,0.0,0.0,0.0,0.0,0.0,0.0,0.0,0.0,0.0,0.21498791824422075,0.0
,0.0009696186166774402,0.00043401877169960503,0.0,0.0,0.0,0.0,0.0,0.0,0.0,0.0,0.0,0.0,0.22112704055981366,0.0
,0.001292824822236587,0.003590456308149613,0.0,0.0,0.0,0.0,0.0,0.0,0.0,0.0,0.0,0.0,0.24377109818286288,0.0
,0.001292824822236587,0.0017788978478403925,0.0,0.0,0.0,0.0,0.0,0.0,0.0,0.0,0.0,0.0,0.22462805635074543,0.0
,0.001292824822236587,0.0003301605967702615,0.0,0.0,0.0,0.0,0.0,0.0,0.0,0.0,0.0,0.0,0.20957241871107415,0.0
,0.0016160310277957336,0.0012255807764169062,0.0,0.0,0.0,0.0,0.0,0.0,0.0,0.0,0.0,0.0,0.22811393788284542,0.0
,0.001292824822236587,0.0007649980377531936,0.0,0.0,0.0,0.0,0.0,0.0,0.0,0.0,0.0,0.0,0.21695716748237756,0.0
,0.0003232062055591467,3.3467527565259685e-06,0.0,0.0,0.0,0.0,0.0,0.0,0.0,0.0,0.0,0.0,0.16495880403443428,0.0
,0.0006464124111182935,8.923581503882908e-05,0.0,0.0,0.0,0.0,0.0,0.0,0.0,0.0,0.0,0.0,0.1840424631391018,0.0
,0.0016160310277957336,0.000485717552605519,0.0,0.0,0.0,0.0,0.0,0.0,0.0,0.0,0.0,0.0,0.21299763495141646,0.0
,0.0006464124111182935,0.000508394856273825,0.0,0.0,0.0,0.0,0.0,0.0,0.0,0.0,0.0,0.0,0.22261225002821644,0.0
,0.0016160310277957336,0.007282040864286819,0.0,0.0,0.0,0.0,0.0,0.0,0.0,0.0,0.0,0.0,0.24669675562532706,0.0
,0.0029088558500323207,0.0022396374979088063,0.0,0.0,0.0,0.0,0.0,0.0,0.0,0.0,0.0,0.0,0.24191907532243667,0.0
,0.0009696186166774402,0.0037746490749922252,0.0,0.0,0.0,0.0,0.0,0.0,0.0,0.0,0.0,0.0,0.24181339202347607,0.0
,0.0016160310277957336,0.0057675495622813155,0.0,0.0,0.0,0.0,0.0,0.0,0.0,0.0,0.0,0.0,0.2477192158914848,0.0
,0.0019392372333548805,0.000617830287323968,0.0,0.0,0.0,0.0,0.0,0.0,0.0,0.0,0.0,0.0,0.2201484439929818,0.0
,0.0003232062055591467,2.3027512117068612e-05,0.0,0.0,0.0,0.0,0.0,0.0,0.0,0.0,0.0,0.0,0.17765170170632355,0.0
,0.0016160310277957336,0.001216289009049084,0.0,0.0,0.0,0.0,0.0,0.0,0.0,0.0,0.0,0.0,0.2351082740788623,0.0
,0.003555268261150614,0.0032412621017465027,0.0,0.0,0.0,0.0,0.0,0.0,0.0,0.0,0.0,0.0,0.2489130267491612,0.0
,0.0003232062055591467,8.201917984731422e-05,0.0,0.0,0.0,0.0,0.0,0.0,0.0,0.0,0.0,0.0,0.1880406008557269,0.0
,0.0003232062055591467,3.702948766465341e-06,0.0,0.0,0.0,0.0,0.0,0.0,0.0,0.0,0.0,0.0,0.16453530130000718,0.0
,0.001292824822236587,0.00023502964597140851,0.0,0.0,0.0,0.0,0.0,0.0,0.0,0.0,0.0,0.0,0.20600983983336926,0.0
,0.0009696186166774402,0.0010907746652773355,0.0,0.0,0.0,0.0,0.0,0.0,0.0,0.0,0.0,0.0,0.21848316249576752,0.0
,0.0009696186166774402,0.01023815357785936,0.0,0.0,0.0,0.0,0.0,0.0,0.0,0.0,0.0,0.0,0.24623926493674395,0.0
,0.0006464124111182935,0.00011390885543405322,0.0,0.0,0.0,0.0,0.0,0.0,0.0,0.0,0.0,0.0,0.2052404295051354,0.0
,0.0003232062055591467,5.84959624233692e-34,0.0,0.0,0.0,0.0,0.0,0.0,0.0,0.0,0.0,0.0,0.0004848093083387201,0.0
,0.0006464124111182935,8.272578340319567e-34,0.0,0.0,0.0,0.0,0.0,0.0,0.0,0.0,0.0,0.0,0.0006464124111182935,0.0
,0.0006464124111182935,3.317568044412931e-05,0.0,0.0,0.0,0.0,0.0,0.0,0.0,0.0,0.0,0.0,0.17528793568709536,0.0
,0.0009696186166774402,7.631944397447128e-05,0.0,0.0,0.0,0.0,0.0,0.0,0.0,0.0,0.0,0.0,0.19499607535321822,0.0
,0.0009696186166774402,0.0006893223265498742,0.0,0.0,0.0,0.0,0.0,0.0,0.0,0.0,0.0,0.0,0.2183514431413591,0.0
,0.0009696186166774402,9.501418943071426e-05,0.0,0.0,0.0,0.0,0.0,0.0,0.0,0.0,0.0,0.0,0.1951290772719344,0.0
,0.0016160310277957336,0.006954928266226851,0.0,0.0,0.0,0.0,0.0,0.0,0.0,0.0,0.0,0.0,0.22258993340926114,0.0
,0.0016160310277957336,0.0005492682519659095,0.0,0.0,0.0,0.0,0.0,0.0,0.0,0.0,0.0,0.0,0.19474584705677145,0.0
,0.0016160310277957336,0.0005492682519659095,0.0,0.0,0.0,0.0,0.0,0.0,0.0,0.0,0.0,0.0,0.19474584705677145,0.0
,0.0016160310277957336,0.0008763949886766515,0.0,0.0,0.0,0.0,0.0,0.0,0.0,0.0,0.0,0.0,0.21329660069155867,0.0
,0.0006464124111182935,0.0002696785293109481,0.0,0.0,0.0,0.0,0.0,0.0,0.0,0.0,0.0,0.0,0.2138876063245811,0.0
,0.003878474466709761,0.011759628806621998,0.0,0.0,0.0,0.0,0.0,0.0,0.0,0.0,0.0,0.0,0.25842080421912356,0.0
,0.002262443438914027,0.001551141741105393,0.0,0.0,0.0,0.0,0.0,0.0,0.0,0.0,0.0,0.0,0.2331573655103067,0.0
,0.0016160310277957336,0.002860969063415716,0.0,0.0,0.0,0.0,0.0,0.0,0.0,0.0,0.0,0.0,0.2393534336811648,0.0
,0.002262443438914027,0.0034718714924352276,0.0,0.0,0.0,0.0,0.0,0.0,0.0,0.0,0.0,0.0,0.2571432419121495,0.0
,0.0009696186166774402,0.0038575327459498252,0.0,0.0,0.0,0.0,0.0,0.0,0.0,0.0,0.0,0.0,0.21627561280922625,0.0
,0.001292824822236587,0.00042257352509802917,0.0,0.0,0.0,0.0,0.0,0.0,0.0,0.0,0.0,0.0,0.2160137131775787,0.0
,0.002262443438914027,0.00020123361940181008,0.0,0.0,0.0,0.0,0.0,0.0,0.0,0.0,0.0,0.0,0.21353554242209705,0.0
,0.003232062055591467,0.01160683857409399,0.0,0.0,0.0,0.0,0.0,0.0,0.0,0.0,0.0,0.0,0.2602390956382553,0.0
,0.0006464124111182935,0.0016163467014426011,0.0,0.0,0.0,0.0,0.0,0.0,0.0,0.0,0.0,0.0,0.22428394434696958,0.0
,0.001292824822236587,0.0017982864221292442,0.0,0.0,0.0,0.0,0.0,0.0,0.0,0.0,0.0,0.0,0.2307492227660295,0.0
,0.0009696186166774402,0.0017743498739073006,0.0,0.0,0.0,0.0,0.0,0.0,0.0,0.0,0.0,0.0,0.22878459075938068,0.0
,0.0003232062055591467,0.0001063188194387962,0.0,0.0,0.0,0.0,0.0,0.0,0.0,0.0,0.0,0.0,0.19611408666030516,0.0
,0.0006464124111182935,5.2900859056513586e-06,0.0,0.0,0.0,0.0,0.0,0.0,0.0,0.0,0.0,0.0,0.15449257791694765,0.0
,0.0003232062055591467,2.0763257833387986e-05,0.0,0.0,0.0,0.0,0.0,0.0,0.0,0.0,0.0,0.0,0.17631142200469932,0.0
,0.0006464124111182935,4.836916374742187e-05,0.0,0.0,0.0,0.0,0.0,0.0,0.0,0.0,0.0,0.0,0.18776010404161664,0.0
,0.0009696186166774402,6.926276432171127e-05,0.0,0.0,0.0,0.0,0.0,0.0,0.0,0.0,0.0,0.0,0.19146684314751541,0.0
,0.0003232062055591467,0.0003145478469384577,0.0,0.0,0.0,0.0,0.0,0.0,0.0,0.0,0.0,0.0,0.21161810878197435,0.0
,0.0006464124111182935,0.00296779625221476,0.0,0.0,0.0,0.0,0.0,0.0,0.0,0.0,0.0,0.0,0.22251528816654867,0.0
,0.0016160310277957336,0.008247755054945304,0.0,0.0,0.0,0.0,0.0,0.0,0.0,0.0,0.0,0.0,0.24799188906331765,0.0
,0.0003232062055591467,0.0016782805374049078,0.0,0.0,0.0,0.0,0.0,0.0,0.0,0.0,0.0,0.0,0.22658986671591713,0.0
,0.0006464124111182935,0.0036864015169981745,0.0,0.0,0.0,0.0,0.0,0.0,0.0,0.0,0.0,0.0,0.24903538338412287,0.0
,0.0006464124111182935,0.0016573598873686787,0.0,0.0,0.0,0.0,0.0,0.0,0.0,0.0,0.0,0.0,0.23479122418198048,0.0
,0.002262443438914027,0.005569642816816636,0.0,0.0,0.0,0.0,0.0,0.0,0.0,0.0,0.0,0.0,0.2609159048234678,0.0
,0.0016160310277957336,0.0020143027733003317,0.0,0.0,0.0,0.0,0.0,0.0,0.0,0.0,0.0,0.0,0.24277018499707576,0.0
,0.003555268261150614,0.0023780019070153554,0.0,0.0,0.0,0.0,0.0,0.0,0.0,0.0,0.0,0.0,0.2540597008033983,0.0
,0.0009696186166774402,8.72549125088668e-05,0.0,0.0,0.0,0.0,0.0,0.0,0.0,0.0,0.0,0.0,0.20002860118406338,0.0
,0.002262443438914027,0.0007645952143554886,0.0,0.0,0.0,0.0,0.0,0.0,0.0,0.0,0.0,0.0,0.22527446876186372,0.0
,0.003232062055591467,0.00034803755203656586,0.0,0.0,0.0,0.0,0.0,0.0,0.0,0.0,0.0,0.0,0.22087809482767468,0.0
,0.0003232062055591467,0.0024248398834159583,0.0,0.0,0.0,0.0,0.0,0.0,0.0,0.0,0.0,0.0,0.23843819579113695,0.0
,0.0009696186166774402,0.001198085059533567,0.0,0.0,0.0,0.0,0.0,0.0,0.0,0.0,0.0,0.0,0.22242396958783514,0.0
,0.003555268261150614,0.0011812369351316542,0.0,0.0,0.0,0.0,0.0,0.0,0.0,0.0,0.0,0.0,0.2503378274386678,0.0
,0.003555268261150614,0.0011812369351316542,0.0,0.0,0.0,0.0,0.0,0.0,0.0,0.0,0.0,0.0,0.2503378274386678,0.0
,0.002262443438914027,0.0014981919034549325,0.0,0.0,0.0,0.0,0.0,0.0,0.0,0.0,0.0,0.0,0.2402299381290978,0.0
,0.0003232062055591467,0.0005635052176775374,0.0,0.0,0.0,0.0,0.0,0.0,0.0,0.0,0.0,0.0,0.2113152953489088,0.0
,0.0009696186166774402,0.00033219021886474626,0.0,0.0,0.0,0.0,0.0,0.0,0.0,0.0,0.0,0.0,0.20791265224038333,0.0
,0.0009696186166774402,0.0004148504882581659,0.0,0.0,0.0,0.0,0.0,0.0,0.0,0.0,0.0,0.0,0.2177926298724618,0.0
,0.0003232062055591467,0.0001854035527306589,0.0,0.0,0.0,0.0,0.0,0.0,0.0,0.0,0.0,0.0,0.201675798524538,0.0
,0.0006464124111182935,0.0002848050279379141,0.0,0.0,0.0,0.0,0.0,0.0,0.0,0.0,0.0,0.0,0.2169052236279127,0.0
,0.0003232062055591467,5.84959624233692e-34,0.0,0.0,0.0,0.0,0.0,0.0,0.0,0.0,0.0,0.0,0.0004848093083387201,0.0
,0.0016160310277957336,0.0004833797413907604,0.0,0.0,0.0,0.0,0.0,0.0,0.0,0.0,0.0,0.0,0.21797603656847356,0.0
,0.002585649644473174,0.001572587503629048,0.0,0.0,0.0,0.0,0.0,0.0,0.0,0.0,0.0,0.0,0.23577815741681288,0.0
,0.0003232062055591467,0.0002579762152243478,0.0,0.0,0.0,0.0,0.0,0.0,0.0,0.0,0.0,0.0,0.19475456849406428,0.0
,0.004524886877828054,0.006922752184269,0.0,0.0,0.0,0.0,0.0,0.0,0.0,0.0,0.0,0.0,0.2481415643180349,0.0
,0.0016160310277957336,0.0004400533059787384,0.0,0.0,0.0,0.0,0.0,0.0,0.0,0.0,0.0,0.0,0.22437141523275977,0.0
,0.001292824822236587,0.0017007053389707667,0.0,0.0,0.0,0.0,0.0,0.0,0.0,0.0,0.0,0.0,0.23097123464770525,0.0
,0.0003232062055591467,0.00012571440647146415,0.0,0.0,0.0,0.0,0.0,0.0,0.0,0.0,0.0,0.0,0.18128084567160196,0.0
,0.0009696186166774402,0.0033726977596150224,0.0,0.0,0.0,0.0,0.0,0.0,0.0,0.0,0.0,0.0,0.22567719395450486,0.0
,0.005171299288946348,0.013789436388671238,0.0,0.0,0.0,0.0,0.0,0.0,0.0,0.0,0.0,0.0,0.2625893947322519,0.0
,0.0006464124111182935,0.00032146201743385526,0.0,0.0,0.0,0.0,0.0,0.0,0.0,0.0,0.0,0.0,0.20690943043884222,0.0
,0.0019392372333548805,0.005465617136978367,0.0,0.0,0.0,0.0,0.0,0.0,0.0,0.0,0.0,0.0,0.24851145586439702,0.0
,0.0003232062055591467,1.6326156769138848e-05,0.0,0.0,0.0,0.0,0.0,0.0,0.0,0.0,0.0,0.0,0.1715623428858723,0.0
,0.0016160310277957336,0.0012691383766480545,0.0,0.0,0.0,0.0,0.0,0.0,0.0,0.0,0.0,0.0,0.2273352930915956,0.0
,0.0029088558500323207,0.005893311251465762,0.0,0.0,0.0,0.0,0.0,0.0,0.0,0.0,0.0,0.0,0.2545818327330932,0.0
,0.0003232062055591467,0.00011531673580509828,0.0,0.0,0.0,0.0,0.0,0.0,0.0,0.0,0.0,0.0,0.1983871753829737,0.0
,0.0006464124111182935,0.0003382272101765363,0.0,0.0,0.0,0.0,0.0,0.0,0.0,0.0,0.0,0.0,0.2134170334800587,0.0
,0.001292824822236587,0.00021635974903792772,0.0,0.0,0.0,0.0,0.0,0.0,0.0,0.0,0.0,0.0,0.21163798852874482,0.0
,0.0003232062055591467,2.1825977278790135e-05,0.0,0.0,0.0,0.0,0.0,0.0,0.0,0.0,0.0,0.0,0.17549814797713958,0.0
,0.0003232062055591467,5.84959624233692e-34,0.0,0.0,0.0,0.0,0.0,0.0,0.0,0.0,0.0,0.0,0.0004848093083387201,0.0
,0.0003232062055591467,0.0003601606101674939,0.0,0.0,0.0,0.0,0.0,0.0,0.0,0.0,0.0,0.0,0.21043840613168344,0.0
,0.0009696186166774402,0.0015809226576225396,0.0,0.0,0.0,0.0,0.0,0.0,0.0,0.0,0.0,0.0,0.2287497050102092,0.0
,0.0016160310277957336,0.006115461983403255,0.0,0.0,0.0,0.0,0.0,0.0,0.0,0.0,0.0,0.0,0.24768638224520578,0.0
,0.002262443438914027,0.00813471910017432,0.0,0.0,0.0,0.0,0.0,0.0,0.0,0.0,0.0,0.0,0.2512808969741743,0.0
,0.0006464124111182935,0.001549091588196719,0.0,0.0,0.0,0.0,0.0,0.0,0.0,0.0,0.0,0.0,0.22155374970501018,0.0
,0.0003232062055591467,1.5821401189205907e-06,0.0,0.0,0.0,0.0,0.0,0.0,0.0,0.0,0.0,0.0,0.16058449020633894,0.0
,0.0009696186166774402,4.244931229396792e-05,0.0,0.0,0.0,0.0,0.0,0.0,0.0,0.0,0.0,0.0,0.19425308584972448,0.0
,0.0003232062055591467,5.266519750404094e-05,0.0,0.0,0.0,0.0,0.0,0.0,0.0,0.0,0.0,0.0,0.18123441684366057,0.0
,0.0003232062055591467,8.586586456309735e-05,0.0,0.0,0.0,0.0,0.0,0.0,0.0,0.0,0.0,0.0,0.18360754558233547,0.0
,0.0029088558500323207,0.002900505896353573,0.0,0.0,0.0,0.0,0.0,0.0,0.0,0.0,0.0,0.0,0.24343699018068768,0.0
,0.0009696186166774402,0.0012153921889440859,0.0,0.0,0.0,0.0,0.0,0.0,0.0,0.0,0.0,0.0,0.2307503770739065,0.0
,0.0003232062055591467,0.00013242873827571576,0.0,0.0,0.0,0.0,0.0,0.0,0.0,0.0,0.0,0.0,0.1963525153651204,0.0
,0.0029088558500323207,0.0003926917235789081,0.0,0.0,0.0,0.0,0.0,0.0,0.0,0.0,0.0,0.0,0.22284003344927716,0.0
,0.0003232062055591467,1.8055613747041677e-06,0.0,0.0,0.0,0.0,0.0,0.0,0.0,0.0,0.0,0.0,0.1551995273633929,0.0
,0.0009696186166774402,4.843970856928996e-05,0.0,0.0,0.0,0.0,0.0,0.0,0.0,0.0,0.0,0.0,0.18627117513672134,0.0
,0.002585649644473174,0.006298778397922638,0.0,0.0,0.0,0.0,0.0,0.0,0.0,0.0,0.0,0.0,0.24510034783144027,0.0
,0.002585649644473174,0.006843115792096486,0.0,0.0,0.0,0.0,0.0,0.0,0.0,0.0,0.0,0.0,0.2437555791547388,0.0
,0.0006464124111182935,0.000127911045389437,0.0,0.0,0.0,0.0,0.0,0.0,0.0,0.0,0.0,0.0,0.19732905982905985,0.0
,0.003555268261150614,0.0020089890781746678,0.0,0.0,0.0,0.0,0.0,0.0,0.0,0.0,0.0,0.0,0.23745305814633547,0.0
,0.0009696186166774402,0.00031217322115396613,0.0,0.0,0.0,0.0,0.0,0.0,0.0,0.0,0.0,0.0,0.20122497717035534,0.0
,0.0019392372333548805,0.001048286324051726,0.0,0.0,0.0,0.0,0.0,0.0,0.0,0.0,0.0,0.0,0.22284003344927716,0.0
,0.0019392372333548805,0.006374951331597509,0.0,0.0,0.0,0.0,0.0,0.0,0.0,0.0,0.0,0.0,0.23334923713074973,0.0
,0.0009696186166774402,0.0004473574118255533,0.0,0.0,0.0,0.0,0.0,0.0,0.0,0.0,0.0,0.0,0.22136213459742873,0.0
,0.0003232062055591467,0.00012103800009736487,0.0,0.0,0.0,0.0,0.0,0.0,0.0,0.0,0.0,0.0,0.19955110249227898,0.0
,0.0003232062055591467,0.00012103800009736487,0.0,0.0,0.0,0.0,0.0,0.0,0.0,0.0,0.0,0.0,0.19955110249227898,0.0
,0.003555268261150614,0.0032412621017465027,0.0,0.0,0.0,0.0,0.0,0.0,0.0,0.0,0.0,0.0,0.2489130267491612,0.0
,0.0009696186166774402,6.711523124640267e-05,0.0,0.0,0.0,0.0,0.0,0.0,0.0,0.0,0.0,0.0,0.1906716532766953,0.0
,0.001292824822236587,0.0002032396786354835,0.0,0.0,0.0,0.0,0.0,0.0,0.0,0.0,0.0,0.0,0.1933230984701573,0.0
,0.001292824822236587,0.00030820515640605313,0.0,0.0,0.0,0.0,0.0,0.0,0.0,0.0,0.0,0.0,0.21428314915709873,0.0
,0.001292824822236587,0.0005615057876978394,0.0,0.0,0.0,0.0,0.0,0.0,0.0,0.0,0.0,0.0,0.21934209581268407,0.0
,0.002262443438914027,0.001865381133283787,0.0,0.0,0.0,0.0,0.0,0.0,0.0,0.0,0.0,0.0,0.24355319050697202,0.0
,0.001292824822236587,0.0002547432673223788,0.0,0.0,0.0,0.0,0.0,0.0,0.0,0.0,0.0,0.0,0.21730551194836908,0.0
,0.002585649644473174,0.005071618014145838,0.0,0.0,0.0,0.0,0.0,0.0,0.0,0.0,0.0,0.0,0.24686720842183027,0.0
,0.0003232062055591467,2.418379811269855e-36,0.0,0.0,0.0,0.0,0.0,0.0,0.0,0.0,0.0,0.0,0.0003232062055591467,0.0
,0.0003232062055591467,2.418379811269855e-36,0.0,0.0,0.0,0.0,0.0,0.0,0.0,0.0,0.0,0.0,0.0003232062055591467,0.0
,0.003878474466709761,0.00415847225134581,0.0,0.0,0.0,0.0,0.0,0.0,0.0,0.0,0.0,0.0,0.23888401514451935,0.0
,0.0006464124111182935,5.0221789773372114e-18,0.0,0.0,0.0,0.0,0.0,0.0,0.0,0.0,0.0,0.0,0.0036091359620771383,0.0
,0.0016160310277957336,1.1494095095143776e-17,0.0,0.0,0.0,0.0,0.0,0.0,0.0,0.0,0.0,0.0,0.004255548373195432,0.0
,0.0006464124111182935,4.127983517016791e-18,0.0,0.0,0.0,0.0,0.0,0.0,0.0,0.0,0.0,0.0,0.003555268261150614,0.0
,0.0006464124111182935,4.423555460846401e-18,0.0,0.0,0.0,0.0,0.0,0.0,0.0,0.0,0.0,0.0,0.003555268261150614,0.0
,0.002585649644473174,1.888518666273118e-17,0.0,0.0,0.0,0.0,0.0,0.0,0.0,0.0,0.0,0.0,0.005009696186166775,0.0
,0.0006464124111182935,5.0221789773372114e-18,0.0,0.0,0.0,0.0,0.0,0.0,0.0,0.0,0.0,0.0,0.0036091359620771383,0.0
,0.001292824822236587,8.925853704141793e-18,0.0,0.0,0.0,0.0,0.0,0.0,0.0,0.0,0.0,0.0,0.004147812971342383,0.0
,0.0003232062055591467,3.16814234276878e-07,0.0,0.0,0.0,0.0,0.0,0.0,0.0,0.0,0.0,0.0,0.1397146271095851,0.0
,0.0006464124111182935,8.49917573079149e-06,0.0,0.0,0.0,0.0,0.0,0.0,0.0,0.0,0.0,0.0,0.1641914574687684,0.0
,0.0006464124111182935,0.0006554575298223382,0.0,0.0,0.0,0.0,0.0,0.0,0.0,0.0,0.0,0.0,0.22440245328900793,0.0
,0.001292824822236587,0.001773779534262171,0.0,0.0,0.0,0.0,0.0,0.0,0.0,0.0,0.0,0.0,0.22638363037522702,0.0
,0.003555268261150614,0.0017026586668506193,0.0,0.0,0.0,0.0,0.0,0.0,0.0,0.0,0.0,0.0,0.24024340505432942,0.0
,0.0003232062055591467,3.26821417460894e-05,0.0,0.0,0.0,0.0,0.0,0.0,0.0,0.0,0.0,0.0,0.18173679728301578,0.0
,0.0019392372333548805,0.001115490964602789,0.0,0.0,0.0,0.0,0.0,0.0,0.0,0.0,0.0,0.0,0.22984976041698732,0.0
,0.0003232062055591467,4.5147103501801984e-05,0.0,0.0,0.0,0.0,0.0,0.0,0.0,0.0,0.0,0.0,0.1885978750474549,0.0
,0.0006464124111182935,0.00016728061390149153,0.0,0.0,0.0,0.0,0.0,0.0,0.0,0.0,0.0,0.0,0.18755656108597282,0.0
,0.0003232062055591467,0.00016601054341185663,0.0,0.0,0.0,0.0,0.0,0.0,0.0,0.0,0.0,0.0,0.18573313940960998,0.0
,0.001292824822236587,0.0003572426250605896,0.0,0.0,0.0,0.0,0.0,0.0,0.0,0.0,0.0,0.0,0.21596997773468363,0.0
,0.0006464124111182935,7.115342021445223e-05,0.0,0.0,0.0,0.0,0.0,0.0,0.0,0.0,0.0,0.0,0.18008139153097136,0.0
,0.0006464124111182935,0.0011288642284239183,0.0,0.0,0.0,0.0,0.0,0.0,0.0,0.0,0.0,0.0,0.22155990601368752,0.0
,0.001292824822236587,0.0003554596728467509,0.0,0.0,0.0,0.0,0.0,0.0,0.0,0.0,0.0,0.0,0.21196529894008886,0.0
,0.0019392372333548805,0.0008201833293040511,0.0,0.0,0.0,0.0,0.0,0.0,0.0,0.0,0.0,0.0,0.22587240024214816,0.0
,0.0019392372333548805,0.006530807189183639,0.0,0.0,0.0,0.0,0.0,0.0,0.0,0.0,0.0,0.0,0.24009065164527352,0.0
,0.001292824822236587,0.0013954527802109008,0.0,0.0,0.0,0.0,0.0,0.0,0.0,0.0,0.0,0.0,0.21345474087070726,0.0
,0.0019392372333548805,0.0021795706471672382,0.0,0.0,0.0,0.0,0.0,0.0,0.0,0.0,0.0,0.0,0.23592052205497582,0.0
,0.003878474466709761,0.002861118242354578,0.0,0.0,0.0,0.0,0.0,0.0,0.0,0.0,0.0,0.0,0.2613152953489088,0.0
,0.0016160310277957336,0.0007920160241870578,0.0,0.0,0.0,0.0,0.0,0.0,0.0,0.0,0.0,0.0,0.2312875150060024,0.0
,0.001292824822236587,0.0009300036328152793,0.0,0.0,0.0,0.0,0.0,0.0,0.0,0.0,0.0,0.0,0.23537761258349493,0.0
,0.0006464124111182935,0.0013077076480823833,0.0,0.0,0.0,0.0,0.0,0.0,0.0,0.0,0.0,0.0,0.22152617457239304,0.0
,0.0003232062055591467,3.7806082938088745e-07,0.0,0.0,0.0,0.0,0.0,0.0,0.0,0.0,0.0,0.0,0.1457085514858624,0.0
,0.0003232062055591467,3.7806082938088745e-07,0.0,0.0,0.0,0.0,0.0,0.0,0.0,0.0,0.0,0.0,0.1457085514858624,0.0
,0.0009696186166774402,0.001270378172210134,0.0,0.0,0.0,0.0,0.0,0.0,0.0,0.0,0.0,0.0,0.22881857871353667,0.0
,0.0003232062055591467,0.00037260895817033086,0.0,0.0,0.0,0.0,0.0,0.0,0.0,0.0,0.0,0.0,0.20418680292629873,0.0
,0.002585649644473174,0.006743312431407046,0.0,0.0,0.0,0.0,0.0,0.0,0.0,0.0,0.0,0.0,0.24582371410102502,0.0
,0.003878474466709761,0.013696312703502649,0.0,0.0,0.0,0.0,0.0,0.0,0.0,0.0,0.0,0.0,0.27279988918644377,0.0
,0.003555268261150614,0.014464017281143394,0.0,0.0,0.0,0.0,0.0,0.0,0.0,0.0,0.0,0.0,0.2702669529350201,0.0
,0.004201680672268907,0.012196311528715776,0.0,0.0,0.0,0.0,0.0,0.0,0.0,0.0,0.0,0.0,0.2654431003170499,0.0
,0.003232062055591467,0.011007600915134787,0.0,0.0,0.0,0.0,0.0,0.0,0.0,0.0,0.0,0.0,0.2607912395727522,0.0
,0.0006464124111182935,0.00470883853364168,0.0,0.0,0.0,0.0,0.0,0.0,0.0,0.0,0.0,0.0,0.24422204779347637,0.0
,0.0029088558500323207,0.01181901918337308,0.0,0.0,0.0,0.0,0.0,0.0,0.0,0.0,0.0,0.0,0.2523617139163358,0.0
,0.0029088558500323207,0.013173914030872012,0.0,0.0,0.0,0.0,0.0,0.0,0.0,0.0,0.0,0.0,0.259781733206103,0.0
,0.0003232062055591467,7.328840097478354e-06,0.0,0.0,0.0,0.0,0.0,0.0,0.0,0.0,0.0,0.0,0.17043253198715386,0.0
,0.003232062055591467,0.0014249231446452004,0.0,0.0,0.0,0.0,0.0,0.0,0.0,0.0,0.0,0.0,0.24296757164404223,0.0
,0.0019392372333548805,0.0003562686082680163,0.0,0.0,0.0,0.0,0.0,0.0,0.0,0.0,0.0,0.0,0.21448553780486554,0.0
,0.0006464124111182935,0.004338172257267798,0.0,0.0,0.0,0.0,0.0,0.0,0.0,0.0,0.0,0.0,0.2513786283744267,0.0
,0.0006464124111182935,0.00016019052664051548,0.0,0.0,0.0,0.0,0.0,0.0,0.0,0.0,0.0,0.0,0.19497093709278585,0.0
,0.0003232062055591467,5.9686640810850995e-06,0.0,0.0,0.0,0.0,0.0,0.0,0.0,0.0,0.0,0.0,0.1611675556003287,0.0
,0.0003232062055591467,0.0002579762152243478,0.0,0.0,0.0,0.0,0.0,0.0,0.0,0.0,0.0,0.0,0.19475456849406428,0.0
,0.0003232062055591467,0.0002579762152243478,0.0,0.0,0.0,0.0,0.0,0.0,0.0,0.0,0.0,0.0,0.19475456849406428,0.0
,0.002262443438914027,0.002598833190491692,0.0,0.0,0.0,0.0,0.0,0.0,0.0,0.0,0.0,0.0,0.23124672946101518,0.0
,0.0003232062055591467,0.0002579762152243478,0.0,0.0,0.0,0.0,0.0,0.0,0.0,0.0,0.0,0.0,0.19475456849406428,0.0
,0.0003232062055591467,0.0002579762152243478,0.0,0.0,0.0,0.0,0.0,0.0,0.0,0.0,0.0,0.0,0.19475456849406428,0.0
,0.0003232062055591467,1.473516908064942e-05,0.0,0.0,0.0,0.0,0.0,0.0,0.0,0.0,0.0,0.0,0.1796581453094058,0.0
,0.0029088558500323207,0.0021675381213155554,0.0,0.0,0.0,0.0,0.0,0.0,0.0,0.0,0.0,0.0,0.2361288104985584,0.0
,0.001292824822236587,0.00016610147393156726,0.0,0.0,0.0,0.0,0.0,0.0,0.0,0.0,0.0,0.0,0.2006618031828116,0.0
,0.0016160310277957336,0.0006433486608842445,0.0,0.0,0.0,0.0,0.0,0.0,0.0,0.0,0.0,0.0,0.21833707842111205,0.0
,0.002262443438914027,0.00271558228159002,0.0,0.0,0.0,0.0,0.0,0.0,0.0,0.0,0.0,0.0,0.24743179323011255,0.0
,0.002262443438914027,0.007102688835200816,0.0,0.0,0.0,0.0,0.0,0.0,0.0,0.0,0.0,0.0,0.2320294784580499,0.0
,0.0016160310277957336,0.00034586266821976804,0.0,0.0,0.0,0.0,0.0,0.0,0.0,0.0,0.0,0.0,0.21363442813022646,0.0
,0.001292824822236587,0.00016610147393156726,0.0,0.0,0.0,0.0,0.0,0.0,0.0,0.0,0.0,0.0,0.2006618031828116,0.0
,0.0003232062055591467,3.27966636286278e-05,0.0,0.0,0.0,0.0,0.0,0.0,0.0,0.0,0.0,0.0,0.17650355013800392,0.0
,0.003232062055591467,0.0008399564010864354,0.0,0.0,0.0,0.0,0.0,0.0,0.0,0.0,0.0,0.0,0.23895417141215458,0.0
,0.0006464124111182935,0.00038790836026745954,0.0,0.0,0.0,0.0,0.0,0.0,0.0,0.0,0.0,0.0,0.2174855839771806,0.0
,0.0003232062055591467,0.0003873695145221395,0.0,0.0,0.0,0.0,0.0,0.0,0.0,0.0,0.0,0.0,0.21727011317347453,0.0
,0.002262443438914027,0.0017387185688077895,0.0,0.0,0.0,0.0,0.0,0.0,0.0,0.0,0.0,0.0,0.23538812961081867,0.0
,0.001292824822236587,0.003390105248089896,0.0,0.0,0.0,0.0,0.0,0.0,0.0,0.0,0.0,0.0,0.23147733452355299,0.0
,0.0006464124111182935,0.000934024147866292,0.0,0.0,0.0,0.0,0.0,0.0,0.0,0.0,0.0,0.0,0.21483914078451893,0.0
,0.0009696186166774402,3.49399001317366e-05,0.0,0.0,0.0,0.0,0.0,0.0,0.0,0.0,0.0,0.0,0.1915459773653051,0.0
,0.001292824822236587,0.00015374633689739723,0.0,0.0,0.0,0.0,0.0,0.0,0.0,0.0,0.0,0.0,0.21194490616759523,0.0
,0.001292824822236587,0.00016849652586455757,0.0,0.0,0.0,0.0,0.0,0.0,0.0,0.0,0.0,0.0,0.21133376427494074,0.0
,0.005817711700064641,0.0033043235693095913,0.0,0.0,0.0,0.0,0.0,0.0,0.0,0.0,0.0,0.0,0.2644099947671376,0.0
,0.0009696186166774402,0.00010702356392858452,0.0,0.0,0.0,0.0,0.0,0.0,0.0,0.0,0.0,0.0,0.19676511630293142,0.0
,0.001292824822236587,0.0005941942722048395,0.0,0.0,0.0,0.0,0.0,0.0,0.0,0.0,0.0,0.0,0.21575399390525443,0.0
,0.0009696186166774402,0.000539053567072797,0.0,0.0,0.0,0.0,0.0,0.0,0.0,0.0,0.0,0.0,0.21355503739957524,0.0
,0.0029088558500323207,0.017804255931599865,0.0,0.0,0.0,0.0,0.0,0.0,0.0,0.0,0.0,0.0,0.2742212269523194,0.0
,0.0029088558500323207,0.01774900514723398,0.0,0.0,0.0,0.0,0.0,0.0,0.0,0.0,0.0,0.0,0.2735886662357251,0.0
,0.0006464124111182935,0.0007771407938563146,0.0,0.0,0.0,0.0,0.0,0.0,0.0,0.0,0.0,0.0,0.20406175290629072,0.0
,0.0003232062055591467,0.0017825269711577443,0.0,0.0,0.0,0.0,0.0,0.0,0.0,0.0,0.0,0.0,0.24140592134289612,0.0
,0.0006464124111182935,0.00019057395019543062,0.0,0.0,0.0,0.0,0.0,0.0,0.0,0.0,0.0,0.0,0.20066436831142714,0.0
,0.005494505494505494,0.0497705369725633,0.0,0.0,0.0,0.0,0.0,0.0,0.0,0.0,0.0,0.0,0.2819912580416782,0.0
,0.0003232062055591467,7.984118705058621e-05,0.0,0.0,0.0,0.0,0.0,0.0,0.0,0.0,0.0,0.0,0.19387537066108496,0.0
,0.0006464124111182935,0.0003235189298359437,0.0,0.0,0.0,0.0,0.0,0.0,0.0,0.0,0.0,0.0,0.20670280932885976,0.0
,0.0003232062055591467,1.205742696381297e-05,0.0,0.0,0.0,0.0,0.0,0.0,0.0,0.0,0.0,0.0,0.16898669724299975,0.0
,0.002585649644473174,0.017120470754007414,0.0,0.0,0.0,0.0,0.0,0.0,0.0,0.0,0.0,0.0,0.25335518822913783,0.0
,0.001292824822236587,0.0019959603280654574,0.0,0.0,0.0,0.0,0.0,0.0,0.0,0.0,0.0,0.0,0.23098367552149066,0.0
,0.002262443438914027,0.010606836205402608,0.0,0.0,0.0,0.0,0.0,0.0,0.0,0.0,0.0,0.0,0.2558369501646813,0.0
,0.0003232062055591467,0.0012156162086118254,0.0,0.0,0.0,0.0,0.0,0.0,0.0,0.0,0.0,0.0,0.21566562522444876,0.0
,0.0003232062055591467,3.967581363481871e-05,0.0,0.0,0.0,0.0,0.0,0.0,0.0,0.0,0.0,0.0,0.16786355567868172,0.0
,0.0003232062055591467,3.6783911353494234e-05,0.0,0.0,0.0,0.0,0.0,0.0,0.0,0.0,0.0,0.0,0.18542301535999015,0.0
,0.001292824822236587,0.0007649980377531936,0.0,0.0,0.0,0.0,0.0,0.0,0.0,0.0,0.0,0.0,0.21695716748237756,0.0
,0.0003232062055591467,0.0040164086591869905,0.0,0.0,0.0,0.0,0.0,0.0,0.0,0.0,0.0,0.0,0.24803421368547418,0.0
,0.0003232062055591467,1.3692908523612575e-05,0.0,0.0,0.0,0.0,0.0,0.0,0.0,0.0,0.0,0.0,0.1830543755963924,0.0
,0.001292824822236587,0.000776492981915682,0.0,0.0,0.0,0.0,0.0,0.0,0.0,0.0,0.0,0.0,0.22804673151311808,0.0
,0.0006464124111182935,0.0027847368466274005,0.0,0.0,0.0,0.0,0.0,0.0,0.0,0.0,0.0,0.0,0.21043545623377555,0.0
,0.0003232062055591467,1.0987314087102456e-06,0.0,0.0,0.0,0.0,0.0,0.0,0.0,0.0,0.0,0.0,0.15314460282947676,0.0
,0.0003232062055591467,2.418379811269855e-36,0.0,0.0,0.0,0.0,0.0,0.0,0.0,0.0,0.0,0.0,0.0003232062055591467,0.0
,0.0003232062055591467,2.418379811269855e-36,0.0,0.0,0.0,0.0,0.0,0.0,0.0,0.0,0.0,0.0,0.0003232062055591467,0.0
,0.0003232062055591467,4.084008006563802e-07,0.0,0.0,0.0,0.0,0.0,0.0,0.0,0.0,0.0,0.0,0.14090034615244698,0.0
,0.0003232062055591467,1.4457114111627158e-05,0.0,0.0,0.0,0.0,0.0,0.0,0.0,0.0,0.0,0.0,0.17613853233601132,0.0
,0.0006464124111182935,3.665896049823682e-06,0.0,0.0,0.0,0.0,0.0,0.0,0.0,0.0,0.0,0.0,0.1525383230215163,0.0
,0.0009696186166774402,4.918703591492976e-05,0.0,0.0,0.0,0.0,0.0,0.0,0.0,0.0,0.0,0.0,0.18201883317429535,0.0
,0.0009696186166774402,4.918703591492976e-05,0.0,0.0,0.0,0.0,0.0,0.0,0.0,0.0,0.0,0.0,0.18201883317429535,0.0
,0.0016160310277957336,0.0007176817406011948,0.0,0.0,0.0,0.0,0.0,0.0,0.0,0.0,0.0,0.0,0.23398359343737496,0.0
,0.0003232062055591467,0.00013995057684987867,0.0,0.0,0.0,0.0,0.0,0.0,0.0,0.0,0.0,0.0,0.20036617210986957,0.0
,0.0003232062055591467,0.00013995057684987867,0.0,0.0,0.0,0.0,0.0,0.0,0.0,0.0,0.0,0.0,0.20036617210986957,0.0
,0.001292824822236587,0.0012826879189402189,0.0,0.0,0.0,0.0,0.0,0.0,0.0,0.0,0.0,0.0,0.22502821641477103,0.0
,0.0019392372333548805,0.004476563760156957,0.0,0.0,0.0,0.0,0.0,0.0,0.0,0.0,0.0,0.0,0.2433400283190199,0.0
,0.001292824822236587,0.0041801397807395444,0.0,0.0,0.0,0.0,0.0,0.0,0.0,0.0,0.0,0.0,0.24496375473266227,0.0
,0.0016160310277957336,0.00030341020532654857,0.0,0.0,0.0,0.0,0.0,0.0,0.0,0.0,0.0,0.0,0.2150785955407804,0.0
,0.0019392372333548805,0.00027207189826337604,0.0,0.0,0.0,0.0,0.0,0.0,0.0,0.0,0.0,0.0,0.21534203424959728,0.0
,0.0006464124111182935,2.2204299012169428e-05,0.0,0.0,0.0,0.0,0.0,0.0,0.0,0.0,0.0,0.0,0.18693554344814847,0.0
,0.0019392372333548805,0.002274664478494644,0.0,0.0,0.0,0.0,0.0,0.0,0.0,0.0,0.0,0.0,0.2428829223997291,0.0
,0.0006464124111182935,0.0004375999154090279,0.0,0.0,0.0,0.0,0.0,0.0,0.0,0.0,0.0,0.0,0.21786612080729728,0.0
,0.0016160310277957336,0.0011317336026222845,0.0,0.0,0.0,0.0,0.0,0.0,0.0,0.0,0.0,0.0,0.22999289459373495,0.0
,0.0003232062055591467,0.00013201184132398153,0.0,0.0,0.0,0.0,0.0,0.0,0.0,0.0,0.0,0.0,0.1944110977724423,0.0
,0.0009696186166774402,0.005806397741036788,0.0,0.0,0.0,0.0,0.0,0.0,0.0,0.0,0.0,0.0,0.24676062732785423,0.0
,0.0003232062055591467,0.00021640800315202445,0.0,0.0,0.0,0.0,0.0,0.0,0.0,0.0,0.0,0.0,0.1945002359918326,0.0
,0.001292824822236587,0.0011122504332794494,0.0,0.0,0.0,0.0,0.0,0.0,0.0,0.0,0.0,0.0,0.2243512789731277,0.0
,0.0006464124111182935,0.0001053584417652494,0.0,0.0,0.0,0.0,0.0,0.0,0.0,0.0,0.0,0.0,0.18694734303978,0.0
,0.0003232062055591467,0.00010521212911912037,0.0,0.0,0.0,0.0,0.0,0.0,0.0,0.0,0.0,0.0,0.18673187223607393,0.0
,0.0003232062055591467,1.7421441377221556e-32,0.0,0.0,0.0,0.0,0.0,0.0,0.0,0.0,0.0,0.0,0.0006733462615815558,0.0
,0.0006464124111182935,3.017482160642916e-32,0.0,0.0,0.0,0.0,0.0,0.0,0.0,0.0,0.0,0.0,0.0009157509157509158,0.0
,0.0019392372333548805,0.00045384378104023026,0.0,0.0,0.0,0.0,0.0,0.0,0.0,0.0,0.0,0.0,0.21940686531022666,0.0
,0.0003232062055591467,5.891133948906146e-05,0.0,0.0,0.0,0.0,0.0,0.0,0.0,0.0,0.0,0.0,0.1832840828639148,0.0
,0.003232062055591467,0.0022546347315180264,0.0,0.0,0.0,0.0,0.0,0.0,0.0,0.0,0.0,0.0,0.23516483516483516,0.0
,0.002585649644473174,0.0013143132010936147,0.0,0.0,0.0,0.0,0.0,0.0,0.0,0.0,0.0,0.0,0.23676444936949137,0.0
,0.0006464124111182935,0.0014922773478439606,0.0,0.0,0.0,0.0,0.0,0.0,0.0,0.0,0.0,0.0,0.22211692369255392,0.0
,0.0009696186166774402,0.0017432283861558283,0.0,0.0,0.0,0.0,0.0,0.0,0.0,0.0,0.0,0.0,0.22496652507156709,0.0
,0.0006464124111182935,6.554582539651086e-05,0.0,0.0,0.0,0.0,0.0,0.0,0.0,0.0,0.0,0.0,0.18108756323042036,0.0
,0.0003232062055591467,0.00019802570843477032,0.0,0.0,0.0,0.0,0.0,0.0,0.0,0.0,0.0,0.0,0.19057456315859678,0.0
,0.0003232062055591467,0.0004303201791881174,0.0,0.0,0.0,0.0,0.0,0.0,0.0,0.0,0.0,0.0,0.21071454222714728,0.0
,0.0006464124111182935,0.0004331644957970589,0.0,0.0,0.0,0.0,0.0,0.0,0.0,0.0,0.0,0.0,0.2125999117595756,0.0
,0.0006464124111182935,0.00044359792063291664,0.0,0.0,0.0,0.0,0.0,0.0,0.0,0.0,0.0,0.0,0.21292888950451977,0.0
,0.0006464124111182935,0.00044359792063291664,0.0,0.0,0.0,0.0,0.0,0.0,0.0,0.0,0.0,0.0,0.21292888950451977,0.0
,0.0003232062055591467,1.6912601848371792e-05,0.0,0.0,0.0,0.0,0.0,0.0,0.0,0.0,0.0,0.0,0.17702581032412965,0.0
,0.0016160310277957336,0.004712513831667415,0.0,0.0,0.0,0.0,0.0,0.0,0.0,0.0,0.0,0.0,0.24851786868593592,0.0
,0.0003232062055591467,5.023801889015693e-05,0.0,0.0,0.0,0.0,0.0,0.0,0.0,0.0,0.0,0.0,0.18724643703635302,0.0
,0.0016160310277957336,0.021462070717214343,0.0,0.0,0.0,0.0,0.0,0.0,0.0,0.0,0.0,0.0,0.2530658417213039,0.0
,0.0016160310277957336,0.0012020478626283764,0.0,0.0,0.0,0.0,0.0,0.0,0.0,0.0,0.0,0.0,0.23298473235448025,0.0
,0.003232062055591467,0.0033212617590640306,0.0,0.0,0.0,0.0,0.0,0.0,0.0,0.0,0.0,0.0,0.23953504478714566,0.0
,0.0006464124111182935,0.0008481962246125099,0.0,0.0,0.0,0.0,0.0,0.0,0.0,0.0,0.0,0.0,0.2187017114538123,0.0
,0.0006464124111182935,0.0003667323427455788,0.0,0.0,0.0,0.0,0.0,0.0,0.0,0.0,0.0,0.0,0.21277587958260227,0.0
,0.0016160310277957336,0.0008844895027069833,0.0,0.0,0.0,0.0,0.0,0.0,0.0,0.0,0.0,0.0,0.21929771908763507,0.0
,0.0009696186166774402,0.0012198217366139329,0.0,0.0,0.0,0.0,0.0,0.0,0.0,0.0,0.0,0.0,0.22870738038805263,0.0
,0.002585649644473174,0.002580338830295139,0.0,0.0,0.0,0.0,0.0,0.0,0.0,0.0,0.0,0.0,0.2419399811206534,0.0
,0.0006464124111182935,0.00037070738576557363,0.0,0.0,0.0,0.0,0.0,0.0,0.0,0.0,0.0,0.0,0.21296108186864487,0.0
,0.0009696186166774402,0.0008064093461990936,0.0,0.0,0.0,0.0,0.0,0.0,0.0,0.0,0.0,0.0,0.2240176839966756,0.0
,0.0009696186166774402,0.0003043693906351074,0.0,0.0,0.0,0.0,0.0,0.0,0.0,0.0,0.0,0.0,0.20003783564707933,0.0
,0.0009696186166774402,2.2544209695122208e-05,0.0,0.0,0.0,0.0,0.0,0.0,0.0,0.0,0.0,0.0,0.18408760940273547,0.0
,0.0003232062055591467,5.887529352799537e-06,0.0,0.0,0.0,0.0,0.0,0.0,0.0,0.0,0.0,0.0,0.16702579633251904,0.0
,0.0009696186166774402,0.00015799055624211655,0.0,0.0,0.0,0.0,0.0,0.0,0.0,0.0,0.0,0.0,0.20384320394824595,0.0
,0.0016160310277957336,0.0004865035772376209,0.0,0.0,0.0,0.0,0.0,0.0,0.0,0.0,0.0,0.0,0.2071963400744913,0.0
,0.0009696186166774402,0.0014249154945254368,0.0,0.0,0.0,0.0,0.0,0.0,0.0,0.0,0.0,0.0,0.22422905059459683,0.0
,0.0016160310277957336,0.0020254744158627047,0.0,0.0,0.0,0.0,0.0,0.0,0.0,0.0,0.0,0.0,0.22783382583802753,0.0
,0.0006464124111182935,0.00010485171016327953,0.0,0.0,0.0,0.0,0.0,0.0,0.0,0.0,0.0,0.0,0.19434478919773038,0.0
,0.0009696186166774402,0.005022280293259721,0.0,0.0,0.0,0.0,0.0,0.0,0.0,0.0,0.0,0.0,0.24597300458644997,0.0
,0.002262443438914027,0.011585035002976347,0.0,0.0,0.0,0.0,0.0,0.0,0.0,0.0,0.0,0.0,0.2694543201896143,0.0
,0.0006464124111182935,0.004489709783421527,0.0,0.0,0.0,0.0,0.0,0.0,0.0,0.0,0.0,0.0,0.24149518781871723,0.0
,0.0019392372333548805,0.005804874903358587,0.0,0.0,0.0,0.0,0.0,0.0,0.0,0.0,0.0,0.0,0.24651706836580786,0.0
,0.0006464124111182935,0.007711215984781583,0.0,0.0,0.0,0.0,0.0,0.0,0.0,0.0,0.0,0.0,0.24638470772924553,0.0
,0.002262443438914027,0.008430029988228664,0.0,0.0,0.0,0.0,0.0,0.0,0.0,0.0,0.0,0.0,0.26222912241819807,0.0
,0.0009696186166774402,0.008820060713653313,0.0,0.0,0.0,0.0,0.0,0.0,0.0,0.0,0.0,0.0,0.24646627881921998,0.0
,0.0009696186166774402,0.000534892326048092,0.0,0.0,0.0,0.0,0.0,0.0,0.0,0.0,0.0,0.0,0.212792168149311,0.0
,0.0006464124111182935,0.0003331735227171955,0.0,0.0,0.0,0.0,0.0,0.0,0.0,0.0,0.0,0.0,0.22295148828762273,0.0
,0.0003232062055591467,3.812474038025946e-05,0.0,0.0,0.0,0.0,0.0,0.0,0.0,0.0,0.0,0.0,0.18870625173146183,0.0
,0.0009696186166774402,0.0007522874831553038,0.0,0.0,0.0,0.0,0.0,0.0,0.0,0.0,0.0,0.0,0.22396612491150308,0.0
,0.0003232062055591467,0.0005635052176775374,0.0,0.0,0.0,0.0,0.0,0.0,0.0,0.0,0.0,0.0,0.2113152953489088,0.0
,0.0019392372333548805,0.0015494181304318542,0.0,0.0,0.0,0.0,0.0,0.0,0.0,0.0,0.0,0.0,0.2143003355188229,0.0
,0.0009696186166774402,0.0001732591943632823,0.0,0.0,0.0,0.0,0.0,0.0,0.0,0.0,0.0,0.0,0.17421173597644185,0.0
,0.0009696186166774402,0.0001732591943632823,0.0,0.0,0.0,0.0,0.0,0.0,0.0,0.0,0.0,0.0,0.17421173597644185,0.0
,0.0009696186166774402,0.0001732591943632823,0.0,0.0,0.0,0.0,0.0,0.0,0.0,0.0,0.0,0.0,0.17421173597644185,0.0
,0.0019392372333548805,0.0015494181304318542,0.0,0.0,0.0,0.0,0.0,0.0,0.0,0.0,0.0,0.0,0.2143003355188229,0.0
,0.0019392372333548805,0.0015494181304318542,0.0,0.0,0.0,0.0,0.0,0.0,0.0,0.0,0.0,0.0,0.2143003355188229,0.0
,0.001292824822236587,9.916702151688231e-18,0.0,0.0,0.0,0.0,0.0,0.0,0.0,0.0,0.0,0.0,0.004040077569489335,0.0
,0.0003232062055591467,1.8329127691261766e-05,0.0,0.0,0.0,0.0,0.0,0.0,0.0,0.0,0.0,0.0,0.17079139348046912,0.0
,0.0003232062055591467,1.8329127691261766e-05,0.0,0.0,0.0,0.0,0.0,0.0,0.0,0.0,0.0,0.0,0.17079139348046912,0.0
,0.0006464124111182935,0.00030896695375937577,0.0,0.0,0.0,0.0,0.0,0.0,0.0,0.0,0.0,0.0,0.20708411569756108,0.0
,0.0009696186166774402,0.0035331831613523213,0.0,0.0,0.0,0.0,0.0,0.0,0.0,0.0,0.0,0.0,0.23867085295656723,0.0
,0.001292824822236587,0.00016849652586455757,0.0,0.0,0.0,0.0,0.0,0.0,0.0,0.0,0.0,0.0,0.21133376427494074,0.0
,0.0006464124111182935,0.0030010318238880207,0.0,0.0,0.0,0.0,0.0,0.0,0.0,0.0,0.0,0.0,0.2245953509608972,0.0
,0.0006464124111182935,0.004117297118226179,0.0,0.0,0.0,0.0,0.0,0.0,0.0,0.0,0.0,0.0,0.22761886806004453,0.0
,0.0009696186166774402,0.0003959835374838288,0.0,0.0,0.0,0.0,0.0,0.0,0.0,0.0,0.0,0.0,0.22323544802536396,0.0
,0.002262443438914027,0.0010017164654023399,0.0,0.0,0.0,0.0,0.0,0.0,0.0,0.0,0.0,0.0,0.23027826515221475,0.0
,0.0006464124111182935,0.0003339847215085797,0.0,0.0,0.0,0.0,0.0,0.0,0.0,0.0,0.0,0.0,0.19781322785524466,0.0
,0.0003232062055591467,5.84959624233692e-34,0.0,0.0,0.0,0.0,0.0,0.0,0.0,0.0,0.0,0.0,0.0004848093083387201,0.0
,0.0006464124111182935,8.272578340319567e-34,0.0,0.0,0.0,0.0,0.0,0.0,0.0,0.0,0.0,0.0,0.0006464124111182935,0.0
,0.0009696186166774402,5.4543806927497785e-05,0.0,0.0,0.0,0.0,0.0,0.0,0.0,0.0,0.0,0.0,0.19364194395707,0.0
,0.0016160310277957336,0.00013447113262385222,0.0,0.0,0.0,0.0,0.0,0.0,0.0,0.0,0.0,0.0,0.20907337293891917,0.0
,0.001292824822236587,0.0003840577484044117,0.0,0.0,0.0,0.0,0.0,0.0,0.0,0.0,0.0,0.0,0.21574283559577678,0.0
,0.0006464124111182935,1.6590807667708723e-05,0.0,0.0,0.0,0.0,0.0,0.0,0.0,0.0,0.0,0.0,0.1818973743343491,0.0
,0.0003232062055591467,0.00010513993808678181,0.0,0.0,0.0,0.0,0.0,0.0,0.0,0.0,0.0,0.0,0.19682077959388883,0.0
,0.0006464124111182935,0.00011986083564277364,0.0,0.0,0.0,0.0,0.0,0.0,0.0,0.0,0.0,0.0,0.20224140938426652,0.0
,0.002262443438914027,0.0011292072163813546,0.0,0.0,0.0,0.0,0.0,0.0,0.0,0.0,0.0,0.0,0.23781704989688182,0.0
,0.001292824822236587,0.00014960258062514465,0.0,0.0,0.0,0.0,0.0,0.0,0.0,0.0,0.0,0.0,0.21092757615866858,0.0
,0.0006464124111182935,0.00017344547448265053,0.0,0.0,0.0,0.0,0.0,0.0,0.0,0.0,0.0,0.0,0.20397761668770073,0.0
,0.0003232062055591467,0.00010930776199073923,0.0,0.0,0.0,0.0,0.0,0.0,0.0,0.0,0.0,0.0,0.18958083233293316,0.0
,0.0003232062055591467,8.021815616398448e-07,0.0,0.0,0.0,0.0,0.0,0.0,0.0,0.0,0.0,0.0,0.1504764726403382,0.0
,0.001292824822236587,0.004850126650160413,0.0,0.0,0.0,0.0,0.0,0.0,0.0,0.0,0.0,0.0,0.25169760211777015,0.0
,0.002585649644473174,0.002440189849104876,0.0,0.0,0.0,0.0,0.0,0.0,0.0,0.0,0.0,0.0,0.25643026441345773,0.0
,0.0029088558500323207,0.012470113686232747,0.0,0.0,0.0,0.0,0.0,0.0,0.0,0.0,0.0,0.0,0.2558261766244959,0.0
,0.0019392372333548805,0.0011037250707376781,0.0,0.0,0.0,0.0,0.0,0.0,0.0,0.0,0.0,0.0,0.22632027169842295,0.0
,0.002262443438914027,0.001101820761470061,0.0,0.0,0.0,0.0,0.0,0.0,0.0,0.0,0.0,0.0,0.2288846307753871,0.0
,0.0006464124111182935,0.0006278416383844057,0.0,0.0,0.0,0.0,0.0,0.0,0.0,0.0,0.0,0.0,0.21099183263048812,0.0
,0.0019392372333548805,0.0042341243863372345,0.0,0.0,0.0,0.0,0.0,0.0,0.0,0.0,0.0,0.0,0.254420614399606,0.0
,0.0006464124111182935,0.0002668877936950519,0.0,0.0,0.0,0.0,0.0,0.0,0.0,0.0,0.0,0.0,0.20580899026277177,0.0
,0.0009696186166774402,9.627341745417068e-05,0.0,0.0,0.0,0.0,0.0,0.0,0.0,0.0,0.0,0.0,0.18743818040036528,0.0
,0.0006464124111182935,0.0014644431186004259,0.0,0.0,0.0,0.0,0.0,0.0,0.0,0.0,0.0,0.0,0.22215116815957153,0.0
,0.002262443438914027,0.0014981919034549325,0.0,0.0,0.0,0.0,0.0,0.0,0.0,0.0,0.0,0.0,0.2402299381290978,0.0
,0.0016160310277957336,0.0010389871954823052,0.0,0.0,0.0,0.0,0.0,0.0,0.0,0.0,0.0,0.0,0.232455289808231,0.0
,0.0019392372333548805,0.0024400165020443537,0.0,0.0,0.0,0.0,0.0,0.0,0.0,0.0,0.0,0.0,0.2462269523193893,0.0
,0.0009696186166774402,0.0006196241137950771,0.0,0.0,0.0,0.0,0.0,0.0,0.0,0.0,0.0,0.0,0.22665181457198263,0.0
,0.0003232062055591467,0.0011262885910077523,0.0,0.0,0.0,0.0,0.0,0.0,0.0,0.0,0.0,0.0,0.20715234811873467,0.0
,0.0003232062055591467,0.002668753242256493,0.0,0.0,0.0,0.0,0.0,0.0,0.0,0.0,0.0,0.0,0.2133647048563015,0.0
,0.0003232062055591467,9.766390276480144e-06,0.0,0.0,0.0,0.0,0.0,0.0,0.0,0.0,0.0,0.0,0.17610441612542452,0.0
,0.0016160310277957336,0.0002620386984626919,0.0,0.0,0.0,0.0,0.0,0.0,0.0,0.0,0.0,0.0,0.2178618883450816,0.0
,0.0003232062055591467,3.7582290383740417e-06,0.0,0.0,0.0,0.0,0.0,0.0,0.0,0.0,0.0,0.0,0.16445360195360195,0.0
,0.0009696186166774402,0.0005095056589562641,0.0,0.0,0.0,0.0,0.0,0.0,0.0,0.0,0.0,0.0,0.21874916633319996,0.0
,0.0009696186166774402,0.00022775191091426713,0.0,0.0,0.0,0.0,0.0,0.0,0.0,0.0,0.0,0.0,0.19926881008813782,0.0
,0.001292824822236587,0.0011370590977534236,0.0,0.0,0.0,0.0,0.0,0.0,0.0,0.0,0.0,0.0,0.22982962415735525,0.0
,0.0003232062055591467,0.0002484162222559746,0.0,0.0,0.0,0.0,0.0,0.0,0.0,0.0,0.0,0.0,0.20283433886375063,0.0
,0.0003232062055591467,2.4749292076798914e-05,0.0,0.0,0.0,0.0,0.0,0.0,0.0,0.0,0.0,0.0,0.17726244343891404,0.0
,0.0006464124111182935,0.0018851383593334189,0.0,0.0,0.0,0.0,0.0,0.0,0.0,0.0,0.0,0.0,0.2337257980115123,0.0
,0.0019392372333548805,0.0030704761737542726,0.0,0.0,0.0,0.0,0.0,0.0,0.0,0.0,0.0,0.0,0.2399041667949231,0.0
,0.0009696186166774402,0.00046068274920147345,0.0,0.0,0.0,0.0,0.0,0.0,0.0,0.0,0.0,0.0,0.21490570587209246,0.0
,0.0003232062055591467,6.601779509061085e-06,0.0,0.0,0.0,0.0,0.0,0.0,0.0,0.0,0.0,0.0,0.1606206585198182,0.0
,0.0009696186166774402,0.00017713160125360275,0.0,0.0,0.0,0.0,0.0,0.0,0.0,0.0,0.0,0.0,0.19417241255476553,0.0
,0.002262443438914027,0.003550161107650428,0.0,0.0,0.0,0.0,0.0,0.0,0.0,0.0,0.0,0.0,0.25563763967125314,0.0
,0.0003232062055591467,1.2381004764201724e-05,0.0,0.0,0.0,0.0,0.0,0.0,0.0,0.0,0.0,0.0,0.1697505925447102,0.0
,0.001292824822236587,0.00010358784956013269,0.0,0.0,0.0,0.0,0.0,0.0,0.0,0.0,0.0,0.0,0.1952262956464637,0.0
,0.0009696186166774402,0.00042285703050421776,0.0,0.0,0.0,0.0,0.0,0.0,0.0,0.0,0.0,0.0,0.2091003067893824,0.0
,0.0019392372333548805,0.0012377840413203408,0.0,0.0,0.0,0.0,0.0,0.0,0.0,0.0,0.0,0.0,0.23742509824442598,0.0
,0.0003232062055591467,3.86110772868237e-06,0.0,0.0,0.0,0.0,0.0,0.0,0.0,0.0,0.0,0.0,0.16124348340734895,0.0
,0.0003232062055591467,0.0007870452145839836,0.0,0.0,0.0,0.0,0.0,0.0,0.0,0.0,0.0,0.0,0.21738592873046655,0.0
,0.0006464124111182935,5.955146182272845e-06,0.0,0.0,0.0,0.0,0.0,0.0,0.0,0.0,0.0,0.0,0.16923436041083098,0.0
,0.001292824822236587,7.476882566011898e-05,0.0,0.0,0.0,0.0,0.0,0.0,0.0,0.0,0.0,0.0,0.19118121607617405,0.0
,0.0006464124111182935,0.0009270708100891144,0.0,0.0,0.0,0.0,0.0,0.0,0.0,0.0,0.0,0.0,0.21276997978678652,0.0
,0.0016160310277957336,0.0006738585900898374,0.0,0.0,0.0,0.0,0.0,0.0,0.0,0.0,0.0,0.0,0.22155939298796443,0.0
,0.0006464124111182935,6.726533904510723e-05,0.0,0.0,0.0,0.0,0.0,0.0,0.0,0.0,0.0,0.0,0.19722081140148368,0.0
,0.001292824822236587,0.0018513202013888297,0.0,0.0,0.0,0.0,0.0,0.0,0.0,0.0,0.0,0.0,0.23153684550743375,0.0
,0.0006464124111182935,7.205495934877315e-05,0.0,0.0,0.0,0.0,0.0,0.0,0.0,0.0,0.0,0.0,0.19669213839381905,0.0
,0.002585649644473174,0.0008149882420270571,0.0,0.0,0.0,0.0,0.0,0.0,0.0,0.0,0.0,0.0,0.23235024779142427,0.0
,0.0019392372333548805,0.00047361589126945303,0.0,0.0,0.0,0.0,0.0,0.0,0.0,0.0,0.0,0.0,0.2239357281374088,0.0
,0.0019392372333548805,0.00047361589126945303,0.0,0.0,0.0,0.0,0.0,0.0,0.0,0.0,0.0,0.0,0.2239357281374088,0.0
,0.002262443438914027,0.000880704071088159,0.0,0.0,0.0,0.0,0.0,0.0,0.0,0.0,0.0,0.0,0.23369578600671037,0.0
,0.0016160310277957336,0.00021541631466879963,0.0,0.0,0.0,0.0,0.0,0.0,0.0,0.0,0.0,0.0,0.20732087706877625,0.0
,0.0003232062055591467,4.335363407355702e-05,0.0,0.0,0.0,0.0,0.0,0.0,0.0,0.0,0.0,0.0,0.1867734273196458,0.0
,0.0009696186166774402,0.00034568808322048316,0.0,0.0,0.0,0.0,0.0,0.0,0.0,0.0,0.0,0.0,0.21097182462728684,0.0
,0.0029088558500323207,0.007022400703404462,0.0,0.0,0.0,0.0,0.0,0.0,0.0,0.0,0.0,0.0,0.26041378089697415,0.0
,0.0006464124111182935,1.2900091799973129e-05,0.0,0.0,0.0,0.0,0.0,0.0,0.0,0.0,0.0,0.0,0.17209152891926002,0.0
,0.001292824822236587,0.000557603280360066,0.0,0.0,0.0,0.0,0.0,0.0,0.0,0.0,0.0,0.0,0.21644465478499092,0.0
,0.001292824822236587,0.0008505487288706292,0.0,0.0,0.0,0.0,0.0,0.0,0.0,0.0,0.0,0.0,0.23064995228860777,0.0
,0.0029088558500323207,0.005119607031548383,0.0,0.0,0.0,0.0,0.0,0.0,0.0,0.0,0.0,0.0,0.2470826792255364,0.0
,0.0016160310277957336,0.0008570289718356021,0.0,0.0,0.0,0.0,0.0,0.0,0.0,0.0,0.0,0.0,0.23345261181395635,0.0
,0.002262443438914027,0.0009741784108299009,0.0,0.0,0.0,0.0,0.0,0.0,0.0,0.0,0.0,0.0,0.2305923651511887,0.0
,0.0016160310277957336,0.00032989241868918817,0.0,0.0,0.0,0.0,0.0,0.0,0.0,0.0,0.0,0.0,0.22266996542206624,0.0
,0.0003232062055591467,6.002813761941893e-05,0.0,0.0,0.0,0.0,0.0,0.0,0.0,0.0,0.0,0.0,0.18654897856578528,0.0
,0.0003232062055591467,2.111858717451587e-05,0.0,0.0,0.0,0.0,0.0,0.0,0.0,0.0,0.0,0.0,0.1772789885184843,0.0
,0.0003232062055591467,1.318377459721309e-05,0.0,0.0,0.0,0.0,0.0,0.0,0.0,0.0,0.0,0.0,0.16901375934989382,0.0
,0.0006464124111182935,1.5626880710079154e-05,0.0,0.0,0.0,0.0,0.0,0.0,0.0,0.0,0.0,0.0,0.1692292301535999,0.0
,0.0003232062055591467,6.550148096706623e-05,0.0,0.0,0.0,0.0,0.0,0.0,0.0,0.0,0.0,0.0,0.19302438924287665,0.0
,0.0006464124111182935,0.00021540427662413792,0.0,0.0,0.0,0.0,0.0,0.0,0.0,0.0,0.0,0.0,0.199196088691887,0.0
,0.001292824822236587,0.00031550820560144796,0.0,0.0,0.0,0.0,0.0,0.0,0.0,0.0,0.0,0.0,0.19771010968489963,0.0
,0.0006464124111182935,0.00018607672647609906,0.0,0.0,0.0,0.0,0.0,0.0,0.0,0.0,0.0,0.0,0.20683593950400675,0.0
,0.003232062055591467,0.00230638055792413,0.0,0.0,0.0,0.0,0.0,0.0,0.0,0.0,0.0,0.0,0.24196909533043984,0.0
,0.001292824822236587,0.00013658770659253093,0.0,0.0,0.0,0.0,0.0,0.0,0.0,0.0,0.0,0.0,0.20690789136167287,0.0
,0.0009696186166774402,0.002351892360324139,0.0,0.0,0.0,0.0,0.0,0.0,0.0,0.0,0.0,0.0,0.23765583156339457,0.0
,0.0019392372333548805,0.006059152171420282,0.0,0.0,0.0,0.0,0.0,0.0,0.0,0.0,0.0,0.0,0.249154020582592,0.0
,0.0006464124111182935,3.190515272016592e-05,0.0,0.0,0.0,0.0,0.0,0.0,0.0,0.0,0.0,0.0,0.18746588378941323,0.0
,0.0003232062055591467,9.44639593323933e-05,0.0,0.0,0.0,0.0,0.0,0.0,0.0,0.0,0.0,0.0,0.1922706261991976,0.0
,0.001292824822236587,0.0010406968542570438,0.0,0.0,0.0,0.0,0.0,0.0,0.0,0.0,0.0,0.0,0.22350709514575062,0.0
,0.0003232062055591467,0.0004181822718079577,0.0,0.0,0.0,0.0,0.0,0.0,0.0,0.0,0.0,0.0,0.19516165440535188,0.0
,0.001292824822236587,0.0011014212348802066,0.0,0.0,0.0,0.0,0.0,0.0,0.0,0.0,0.0,0.0,0.22921450631534665,0.0
,0.0019392372333548805,0.0011298017625125337,0.0,0.0,0.0,0.0,0.0,0.0,0.0,0.0,0.0,0.0,0.21948830814377032,0.0
,0.0003232062055591467,0.00025963372754337006,0.0,0.0,0.0,0.0,0.0,0.0,0.0,0.0,0.0,0.0,0.1953998265973056,0.0
,0.0003232062055591467,4.954948340794431e-05,0.0,0.0,0.0,0.0,0.0,0.0,0.0,0.0,0.0,0.0,0.18416174161972482,0.0
,0.0016160310277957336,0.0013295368393066776,0.0,0.0,0.0,0.0,0.0,0.0,0.0,0.0,0.0,0.0,0.23044410071720994,0.0
,0.0003232062055591467,0.0003752176269319053,0.0,0.0,0.0,0.0,0.0,0.0,0.0,0.0,0.0,0.0,0.20549540328952096,0.0
,0.0003232062055591467,7.50539649715457e-05,0.0,0.0,0.0,0.0,0.0,0.0,0.0,0.0,0.0,0.0,0.19194010937708414,0.0
,0.002262443438914027,0.0020140106075381796,0.0,0.0,0.0,0.0,0.0,0.0,0.0,0.0,0.0,0.0,0.24307030504509497,0.0
,0.0003232062055591467,0.0006777587665589047,0.0,0.0,0.0,0.0,0.0,0.0,0.0,0.0,0.0,0.0,0.2099683463128841,0.0
,0.0019392372333548805,0.002926555146447593,0.0,0.0,0.0,0.0,0.0,0.0,0.0,0.0,0.0,0.0,0.23045038528231807,0.0
,0.0009696186166774402,0.0007225995904204923,0.0,0.0,0.0,0.0,0.0,0.0,0.0,0.0,0.0,0.0,0.21094732764900834,0.0
,0.0009696186166774402,4.734343087761207e-05,0.0,0.0,0.0,0.0,0.0,0.0,0.0,0.0,0.0,0.0,0.18654128317993862,0.0
,0.0003232062055591467,1.7066903116818558e-07,0.0,0.0,0.0,0.0,0.0,0.0,0.0,0.0,0.0,0.0,0.13513857757555237,0.0
,0.0019392372333548805,0.004199240526139951,0.0,0.0,0.0,0.0,0.0,0.0,0.0,0.0,0.0,0.0,0.2393408645509486,0.0
,0.0006464124111182935,0.0019010092154725037,0.0,0.0,0.0,0.0,0.0,0.0,0.0,0.0,0.0,0.0,0.22104623900842388,0.0
,0.0003232062055591467,5.1948725104677614e-05,0.0,0.0,0.0,0.0,0.0,0.0,0.0,0.0,0.0,0.0,0.1927558202768287,0.0
,0.0003232062055591467,0.00034440582517507757,0.0,0.0,0.0,0.0,0.0,0.0,0.0,0.0,0.0,0.0,0.20386475102861656,0.0
,0.0006464124111182935,0.0016465928146722785,0.0,0.0,0.0,0.0,0.0,0.0,0.0,0.0,0.0,0.0,0.22370063409979377,0.0
,0.0006464124111182935,0.0008572922343323258,0.0,0.0,0.0,0.0,0.0,0.0,0.0,0.0,0.0,0.0,0.2147891207765157,0.0
,0.0003232062055591467,0.0005312390789127463,0.0,0.0,0.0,0.0,0.0,0.0,0.0,0.0,0.0,0.0,0.21666371676875879,0.0
,0.0003232062055591467,5.251448858071747e-06,0.0,0.0,0.0,0.0,0.0,0.0,0.0,0.0,0.0,0.0,0.1656897374334349,0.0
,0.0009696186166774402,0.0001408997116109239,0.0,0.0,0.0,0.0,0.0,0.0,0.0,0.0,0.0,0.0,0.2016674618565375,0.0
,0.001292824822236587,0.002099209372227607,0.0,0.0,0.0,0.0,0.0,0.0,0.0,0.0,0.0,0.0,0.23635761997106533,0.0
,0.0003232062055591467,0.000136421157408072,0.0,0.0,0.0,0.0,0.0,0.0,0.0,0.0,0.0,0.0,0.20264964960343113,0.0
,0.0003232062055591467,2.427777638205264e-05,0.0,0.0,0.0,0.0,0.0,0.0,0.0,0.0,0.0,0.0,0.16981574681154513,0.0
,0.0009696186166774402,0.0006514731222138092,0.0,0.0,0.0,0.0,0.0,0.0,0.0,0.0,0.0,0.0,0.20788097290198132,0.0
,0.0003232062055591467,1.3988248755933482e-05,0.0,0.0,0.0,0.0,0.0,0.0,0.0,0.0,0.0,0.0,0.16929502570258873,0.0
,0.0006464124111182935,0.0003752947602342784,0.0,0.0,0.0,0.0,0.0,0.0,0.0,0.0,0.0,0.0,0.20712990324334862,0.0
,0.0003232062055591467,7.185359882326446e-05,0.0,0.0,0.0,0.0,0.0,0.0,0.0,0.0,0.0,0.0,0.18901586275535853,0.0
,0.0003232062055591467,2.418379811269855e-36,0.0,0.0,0.0,0.0,0.0,0.0,0.0,0.0,0.0,0.0,0.0003232062055591467,0.0
,0.0003232062055591467,2.418379811269855e-36,0.0,0.0,0.0,0.0,0.0,0.0,0.0,0.0,0.0,0.0,0.0003232062055591467,0.0
,0.0006464124111182935,0.00024210844454471147,0.0,0.0,0.0,0.0,0.0,0.0,0.0,0.0,0.0,0.0,0.18490562891823398,0.0
,0.0006464124111182935,0.000747610643473765,0.0,0.0,0.0,0.0,0.0,0.0,0.0,0.0,0.0,0.0,0.2201753778434451,0.0
,0.0006464124111182935,0.0008813237007357281,0.0,0.0,0.0,0.0,0.0,0.0,0.0,0.0,0.0,0.0,0.21265903797416402,0.0
,0.0003232062055591467,2.1503125956473767e-05,0.0,0.0,0.0,0.0,0.0,0.0,0.0,0.0,0.0,0.0,0.18981682416556367,0.0
,0.0009696186166774402,0.000146240191899862,0.0,0.0,0.0,0.0,0.0,0.0,0.0,0.0,0.0,0.0,0.20278739701008608,0.0
,0.001292824822236587,0.0006775688361386802,0.0,0.0,0.0,0.0,0.0,0.0,0.0,0.0,0.0,0.0,0.21177214475533804,0.0
,0.0006464124111182935,9.40754983106028e-05,0.0,0.0,0.0,0.0,0.0,0.0,0.0,0.0,0.0,0.0,0.20110403135613222,0.0
,0.0003232062055591467,4.806927561509094e-05,0.0,0.0,0.0,0.0,0.0,0.0,0.0,0.0,0.0,0.0,0.18932457598423985,0.0
,0.0006464124111182935,7.300642243490807e-05,0.0,0.0,0.0,0.0,0.0,0.0,0.0,0.0,0.0,0.0,0.20212315695508973,0.0
,0.0003232062055591467,8.816085088236246e-05,0.0,0.0,0.0,0.0,0.0,0.0,0.0,0.0,0.0,0.0,0.19023865956639066,0.0
,0.0003232062055591467,0.0011277553988112527,0.0,0.0,0.0,0.0,0.0,0.0,0.0,0.0,0.0,0.0,0.23569863842973085,0.0
,0.0006464124111182935,0.0011563834107285568,0.0,0.0,0.0,0.0,0.0,0.0,0.0,0.0,0.0,0.0,0.23881142200469932,0.0
,0.0009696186166774402,0.00064375230735402,0.0,0.0,0.0,0.0,0.0,0.0,0.0,0.0,0.0,0.0,0.21818394024276377,0.0
,0.0006464124111182935,4.8926313928015255e-05,0.0,0.0,0.0,0.0,0.0,0.0,0.0,0.0,0.0,0.0,0.1937210781748597,0.0
,0.0003232062055591467,0.00044010308462614844,0.0,0.0,0.0,0.0,0.0,0.0,0.0,0.0,0.0,0.0,0.21279139861072632,0.0
,0.0003232062055591467,7.841746852375331e-05,0.0,0.0,0.0,0.0,0.0,0.0,0.0,0.0,0.0,0.0,0.18697863760888972,0.0
,0.0016160310277957336,0.0015104137923932113,0.0,0.0,0.0,0.0,0.0,0.0,0.0,0.0,0.0,0.0,0.23430641487364176,0.0
,0.001292824822236587,0.0001079136290544138,0.0,0.0,0.0,0.0,0.0,0.0,0.0,0.0,0.0,0.0,0.19862085859985018,0.0
,0.0006464124111182935,2.37860229424686e-05,0.0,0.0,0.0,0.0,0.0,0.0,0.0,0.0,0.0,0.0,0.1813436913226829,0.0
,0.0009696186166774402,0.0010204722943331862,0.0,0.0,0.0,0.0,0.0,0.0,0.0,0.0,0.0,0.0,0.22366420927345296,0.0
,0.0006464124111182935,0.0004557635327871964,0.0,0.0,0.0,0.0,0.0,0.0,0.0,0.0,0.0,0.0,0.20821328531412564,0.0
,0.0009696186166774402,0.000733065315129804,0.0,0.0,0.0,0.0,0.0,0.0,0.0,0.0,0.0,0.0,0.22106740131950217,0.0
,0.0003232062055591467,2.2650191162730324e-05,0.0,0.0,0.0,0.0,0.0,0.0,0.0,0.0,0.0,0.0,0.18181413591077455,0.0
,0.0003232062055591467,2.3087887267674545e-05,0.0,0.0,0.0,0.0,0.0,0.0,0.0,0.0,0.0,0.0,0.18067880998553268,0.0
,0.0003232062055591467,0.00032781774999054595,0.0,0.0,0.0,0.0,0.0,0.0,0.0,0.0,0.0,0.0,0.19564223125147495,0.0
,0.0006464124111182935,0.0003283578567051358,0.0,0.0,0.0,0.0,0.0,0.0,0.0,0.0,0.0,0.0,0.1969716091564831,0.0
,0.0003232062055591467,6.127490852933579e-07,0.0,0.0,0.0,0.0,0.0,0.0,0.0,0.0,0.0,0.0,0.14006617798634605,0.0
,0.0009696186166774402,1.6439241844772686e-05,0.0,0.0,0.0,0.0,0.0,0.0,0.0,0.0,0.0,0.0,0.16467240742450825,0.0
,0.0006464124111182935,0.000920621339691039,0.0,0.0,0.0,0.0,0.0,0.0,0.0,0.0,0.0,0.0,0.20984470711361466,0.0
,0.0003232062055591467,1.5426805948579187e-05,0.0,0.0,0.0,0.0,0.0,0.0,0.0,0.0,0.0,0.0,0.17398395255538113,0.0
,0.0009696186166774402,0.0004139647656044114,0.0,0.0,0.0,0.0,0.0,0.0,0.0,0.0,0.0,0.0,0.21424890469008115,0.0
,0.0003232062055591467,6.2155709397437694e-06,0.0,0.0,0.0,0.0,0.0,0.0,0.0,0.0,0.0,0.0,0.16125206492853553,0.0
,0.0003232062055591467,1.1683812287829064e-06,0.0,0.0,0.0,0.0,0.0,0.0,0.0,0.0,0.0,0.0,0.15745068423639852,0.0
,0.0006464124111182935,3.134635512602485e-05,0.0,0.0,0.0,0.0,0.0,0.0,0.0,0.0,0.0,0.0,0.18948425524055776,0.0
,0.0006464124111182935,4.386530098818605e-06,0.0,0.0,0.0,0.0,0.0,0.0,0.0,0.0,0.0,0.0,0.169657350119535,0.0
,0.0006464124111182935,3.989088599644383e-05,0.0,0.0,0.0,0.0,0.0,0.0,0.0,0.0,0.0,0.0,0.1897909163665466,0.0
,0.0009696186166774402,8.707655520536678e-05,0.0,0.0,0.0,0.0,0.0,0.0,0.0,0.0,0.0,0.0,0.18822593139820032,0.0
,0.001292824822236587,0.0002573092171293959,0.0,0.0,0.0,0.0,0.0,0.0,0.0,0.0,0.0,0.0,0.2146229004422282,0.0
,0.0006464124111182935,4.026544906593755e-05,0.0,0.0,0.0,0.0,0.0,0.0,0.0,0.0,0.0,0.0,0.1855376766091052,0.0
,0.0003232062055591467,2.0807191828869867e-07,0.0,0.0,0.0,0.0,0.0,0.0,0.0,0.0,0.0,0.0,0.14515435544847308,0.0
,0.0006464124111182935,5.582779420107588e-06,0.0,0.0,0.0,0.0,0.0,0.0,0.0,0.0,0.0,0.0,0.17182231867105816,0.0
,0.0016160310277957336,0.0014427183463235418,0.0,0.0,0.0,0.0,0.0,0.0,0.0,0.0,0.0,0.0,0.22162557330624558,0.0
,0.0006464124111182935,0.0006395089984194725,0.0,0.0,0.0,0.0,0.0,0.0,0.0,0.0,0.0,0.0,0.2122361765218908,0.0
,0.0009696186166774402,1.44902157712707e-05,0.0,0.0,0.0,0.0,0.0,0.0,0.0,0.0,0.0,0.0,0.17275217779419458,0.0
,0.0029088558500323207,0.0035224373283695176,0.0,0.0,0.0,0.0,0.0,0.0,0.0,0.0,0.0,0.0,0.25456567242281525,0.0
,0.0006464124111182935,0.0006615115421644921,0.0,0.0,0.0,0.0,0.0,0.0,0.0,0.0,0.0,0.0,0.20913147310206134,0.0
,0.0003232062055591467,0.0003062895439964659,0.0,0.0,0.0,0.0,0.0,0.0,0.0,0.0,0.0,0.0,0.1988317121720483,0.0
,0.001292824822236587,0.02273022448994531,0.0,0.0,0.0,0.0,0.0,0.0,0.0,0.0,0.0,0.0,0.25410548834918584,0.0
,0.0003232062055591467,2.5506298950953127e-05,0.0,0.0,0.0,0.0,0.0,0.0,0.0,0.0,0.0,0.0,0.17565910979776528,0.0
,0.0003232062055591467,1.6348008063772408e-05,0.0,0.0,0.0,0.0,0.0,0.0,0.0,0.0,0.0,0.0,0.1767059387857707,0.0
,0.0009696186166774402,0.0006918694680180986,0.0,0.0,0.0,0.0,0.0,0.0,0.0,0.0,0.0,0.0,0.2236890910210238,0.0
,0.0009696186166774402,0.00015215241090345535,0.0,0.0,0.0,0.0,0.0,0.0,0.0,0.0,0.0,0.0,0.20712990324334862,0.0
,0.0006464124111182935,0.0001790379751612963,0.0,0.0,0.0,0.0,0.0,0.0,0.0,0.0,0.0,0.0,0.20945506407691283,0.0
,0.002585649644473174,3.8007086389643e-05,0.0,0.0,0.0,0.0,0.0,0.0,0.0,0.0,0.0,0.0,0.18478699171976484,0.0
,0.0003232062055591467,1.9503150074506845e-07,0.0,0.0,0.0,0.0,0.0,0.0,0.0,0.0,0.0,0.0,0.1431543363266052,0.0
,0.0006464124111182935,5.2322986442052975e-06,0.0,0.0,0.0,0.0,0.0,0.0,0.0,0.0,0.0,0.0,0.16894232051795077,0.0
,0.0003232062055591467,0.00010828234474163382,0.0,0.0,0.0,0.0,0.0,0.0,0.0,0.0,0.0,0.0,0.19169821774863793,0.0
,0.0003232062055591467,2.418379811269855e-36,0.0,0.0,0.0,0.0,0.0,0.0,0.0,0.0,0.0,0.0,0.0003232062055591467,0.0
,0.0003232062055591467,2.418379811269855e-36,0.0,0.0,0.0,0.0,0.0,0.0,0.0,0.0,0.0,0.0,0.0003232062055591467,0.0
,0.0003232062055591467,3.321211125791275e-05,0.0,0.0,0.0,0.0,0.0,0.0,0.0,0.0,0.0,0.0,0.1687233867906137,0.0
,0.0003232062055591467,0.0005312390789127463,0.0,0.0,0.0,0.0,0.0,0.0,0.0,0.0,0.0,0.0,0.21666371676875879,0.0
,0.0009696186166774402,0.0003646265775337139,0.0,0.0,0.0,0.0,0.0,0.0,0.0,0.0,0.0,0.0,0.20450205723314965,0.0
,0.0006464124111182935,0.00036325258897504034,0.0,0.0,0.0,0.0,0.0,0.0,0.0,0.0,0.0,0.0,0.20375406572885563,0.0
,0.001292824822236587,1.2098234105063509e-05,0.0,0.0,0.0,0.0,0.0,0.0,0.0,0.0,0.0,0.0,0.18193290136567447,0.0
,0.0016160310277957336,0.00010241906864590497,0.0,0.0,0.0,0.0,0.0,0.0,0.0,0.0,0.0,0.0,0.20865461569243082,0.0
,0.0003232062055591467,4.508943140209361e-07,0.0,0.0,0.0,0.0,0.0,0.0,0.0,0.0,0.0,0.0,0.15205248766173135,0.0
,0.0006464124111182935,6.338423666820473e-06,0.0,0.0,0.0,0.0,0.0,0.0,0.0,0.0,0.0,0.0,0.17148231087306715,0.0
,0.001292824822236587,0.002576817746448022,0.0,0.0,0.0,0.0,0.0,0.0,0.0,0.0,0.0,0.0,0.23176193554344815,0.0
,0.0003232062055591467,1.8435164733760767e-05,0.0,0.0,0.0,0.0,0.0,0.0,0.0,0.0,0.0,0.0,0.18014923918285264,0.0
,0.002262443438914027,0.0004749915429852129,0.0,0.0,0.0,0.0,0.0,0.0,0.0,0.0,0.0,0.0,0.22126414668431477,0.0
,0.0016160310277957336,0.0003950968855076628,0.0,0.0,0.0,0.0,0.0,0.0,0.0,0.0,0.0,0.0,0.21821241317039636,0.0
,0.0006464124111182935,0.0003485969720448317,0.0,0.0,0.0,0.0,0.0,0.0,0.0,0.0,0.0,0.0,0.20922150911646709,0.0
,0.0003232062055591467,4.209825308123782e-05,0.0,0.0,0.0,0.0,0.0,0.0,0.0,0.0,0.0,0.0,0.17715034731841453,0.0
,0.0003232062055591467,0.00015825610796243412,0.0,0.0,0.0,0.0,0.0,0.0,0.0,0.0,0.0,0.0,0.19834485076081715,0.0
,0.0006464124111182935,0.0022768363385907023,0.0,0.0,0.0,0.0,0.0,0.0,0.0,0.0,0.0,0.0,0.22113845538215288,0.0
,0.0003232062055591467,3.58791471870935e-06,0.0,0.0,0.0,0.0,0.0,0.0,0.0,0.0,0.0,0.0,0.1560606293799571,0.0
,0.001292824822236587,0.0007060973911383512,0.0,0.0,0.0,0.0,0.0,0.0,0.0,0.0,0.0,0.0,0.21490557761566167,0.0
,0.0009696186166774402,0.0006100453941872654,0.0,0.0,0.0,0.0,0.0,0.0,0.0,0.0,0.0,0.0,0.20822418711074173,0.0
,0.0016160310277957336,0.0005302357307757424,0.0,0.0,0.0,0.0,0.0,0.0,0.0,0.0,0.0,0.0,0.1925554837319543,0.0
,0.0016160310277957336,0.0003961444868986333,0.0,0.0,0.0,0.0,0.0,0.0,0.0,0.0,0.0,0.0,0.22712213090364353,0.0
,0.0003232062055591467,0.0001536538839001115,0.0,0.0,0.0,0.0,0.0,0.0,0.0,0.0,0.0,0.0,0.20462159222663426,0.0
,0.0003232062055591467,0.0001536538839001115,0.0,0.0,0.0,0.0,0.0,0.0,0.0,0.0,0.0,0.0,0.20462159222663426,0.0
,0.0006464124111182935,5.4269310546912856e-05,0.0,0.0,0.0,0.0,0.0,0.0,0.0,0.0,0.0,0.0,0.19321703040190435,0.0
,0.001292824822236587,0.0014776582137966672,0.0,0.0,0.0,0.0,0.0,0.0,0.0,0.0,0.0,0.0,0.23496013790131437,0.0
,0.0016160310277957336,0.001718962676597539,0.0,0.0,0.0,0.0,0.0,0.0,0.0,0.0,0.0,0.0,0.2353004022121669,0.0
,0.0006464124111182935,2.5266896412795204e-05,0.0,0.0,0.0,0.0,0.0,0.0,0.0,0.0,0.0,0.0,0.19025520464596093,0.0
,0.0003232062055591467,0.0005987194434888873,0.0,0.0,0.0,0.0,0.0,0.0,0.0,0.0,0.0,0.0,0.21429007500436073,0.0
,0.0006464124111182935,2.004572704429029e-05,0.0,0.0,0.0,0.0,0.0,0.0,0.0,0.0,0.0,0.0,0.18014000471983665,0.0
,0.0019392372333548805,0.0015847330732328187,0.0,0.0,0.0,0.0,0.0,0.0,0.0,0.0,0.0,0.0,0.2285895127281682,0.0
,0.0003232062055591467,4.4281603282608356e-05,0.0,0.0,0.0,0.0,0.0,0.0,0.0,0.0,0.0,0.0,0.19477290916366546,0.0
,0.0016160310277957336,0.00878420558275452,0.0,0.0,0.0,0.0,0.0,0.0,0.0,0.0,0.0,0.0,0.2502751100440176,0.0
,0.0003232062055591467,0.00015902822956748077,0.0,0.0,0.0,0.0,0.0,0.0,0.0,0.0,0.0,0.0,0.19876155590441305,0.0
,0.0006464124111182935,0.0004494850335782862,0.0,0.0,0.0,0.0,0.0,0.0,0.0,0.0,0.0,0.0,0.22217707595858854,0.0
,0.0003232062055591467,8.110311683263706e-07,0.0,0.0,0.0,0.0,0.0,0.0,0.0,0.0,0.0,0.0,0.15644156263904163,0.0
,0.001292824822236587,0.000749832507460514,0.0,0.0,0.0,0.0,0.0,0.0,0.0,0.0,0.0,0.0,0.22389353177168303,0.0
,0.0009696186166774402,0.0005168443026217418,0.0,0.0,0.0,0.0,0.0,0.0,0.0,0.0,0.0,0.0,0.21646825396825395,0.0
,0.0006464124111182935,5.530688662899199e-05,0.0,0.0,0.0,0.0,0.0,0.0,0.0,0.0,0.0,0.0,0.1913543622577236,0.0
,0.0009696186166774402,0.00017824113017545038,0.0,0.0,0.0,0.0,0.0,0.0,0.0,0.0,0.0,0.0,0.1986749828136383,0.0
,0.0003232062055591467,0.0006531899400920734,0.0,0.0,0.0,0.0,0.0,0.0,0.0,0.0,0.0,0.0,0.21705374457475296,0.0
,0.001292824822236587,0.0017059905129501688,0.0,0.0,0.0,0.0,0.0,0.0,0.0,0.0,0.0,0.0,0.23294484460450848,0.0
,0.002262443438914027,0.001977973464809085,0.0,0.0,0.0,0.0,0.0,0.0,0.0,0.0,0.0,0.0,0.23968446352900136,0.0
,0.0003232062055591467,2.418379811269855e-36,0.0,0.0,0.0,0.0,0.0,0.0,0.0,0.0,0.0,0.0,0.0003232062055591467,0.0
,0.0003232062055591467,2.418379811269855e-36,0.0,0.0,0.0,0.0,0.0,0.0,0.0,0.0,0.0,0.0,0.0003232062055591467,0.0
,0.002585649644473174,0.00506750630690169,0.0,0.0,0.0,0.0,0.0,0.0,0.0,0.0,0.0,0.0,0.2444327731092437,0.0
,0.001292824822236587,0.0003462170325927451,0.0,0.0,0.0,0.0,0.0,0.0,0.0,0.0,0.0,0.0,0.21613978924903293,0.0
,0.0016160310277957336,0.0003609390296256598,0.0,0.0,0.0,0.0,0.0,0.0,0.0,0.0,0.0,0.0,0.21635526005273906,0.0
,0.002262443438914027,0.0004940734743471328,0.0,0.0,0.0,0.0,0.0,0.0,0.0,0.0,0.0,0.0,0.22011753419316446,0.0
,0.0009696186166774402,0.00022359139735664282,0.0,0.0,0.0,0.0,0.0,0.0,0.0,0.0,0.0,0.0,0.20126845610038888,0.0
,0.001292824822236587,0.0003314728361326639,0.0,0.0,0.0,0.0,0.0,0.0,0.0,0.0,0.0,0.0,0.20874067575748248,0.0
,0.0003232062055591467,2.4749292076798914e-05,0.0,0.0,0.0,0.0,0.0,0.0,0.0,0.0,0.0,0.0,0.17726244343891404,0.0
,0.0003232062055591467,2.4749292076798914e-05,0.0,0.0,0.0,0.0,0.0,0.0,0.0,0.0,0.0,0.0,0.17726244343891404,0.0
,0.002262443438914027,0.00495936564916083,0.0,0.0,0.0,0.0,0.0,0.0,0.0,0.0,0.0,0.0,0.2417209191368855,0.0
,0.0003232062055591467,0.001727601505445749,0.0,0.0,0.0,0.0,0.0,0.0,0.0,0.0,0.0,0.0,0.22300420168067228,0.0
,0.001292824822236587,0.000110012400871931,0.0,0.0,0.0,0.0,0.0,0.0,0.0,0.0,0.0,0.0,0.1971319296949549,0.0
,0.0009696186166774402,6.70115988108713e-05,0.0,0.0,0.0,0.0,0.0,0.0,0.0,0.0,0.0,0.0,0.2025026677337602,0.0
,0.0006464124111182935,6.648987509143136e-05,0.0,0.0,0.0,0.0,0.0,0.0,0.0,0.0,0.0,0.0,0.20103669672997404,0.0
,0.0019392372333548805,0.000466620436686175,0.0,0.0,0.0,0.0,0.0,0.0,0.0,0.0,0.0,0.0,0.21398687680200287,0.0
,0.0016160310277957336,0.0008351304816813725,0.0,0.0,0.0,0.0,0.0,0.0,0.0,0.0,0.0,0.0,0.21830706641631012,0.0
,0.0016160310277957336,0.0008148304812284812,0.0,0.0,0.0,0.0,0.0,0.0,0.0,0.0,0.0,0.0,0.2261124962805635,0.0
,0.0016160310277957336,4.7940538381485984e-05,0.0,0.0,0.0,0.0,0.0,0.0,0.0,0.0,0.0,0.0,0.1809173669467787,0.0
,0.0006464124111182935,0.00016860115968519984,0.0,0.0,0.0,0.0,0.0,0.0,0.0,0.0,0.0,0.0,0.19257408091441708,0.0
,0.0006464124111182935,0.00016860115968519984,0.0,0.0,0.0,0.0,0.0,0.0,0.0,0.0,0.0,0.0,0.19257408091441708,0.0
,0.0003232062055591467,1.786590686301664e-06,0.0,0.0,0.0,0.0,0.0,0.0,0.0,0.0,0.0,0.0,0.1513733698607648,0.0
,0.0006464124111182935,0.0010465247148668897,0.0,0.0,0.0,0.0,0.0,0.0,0.0,0.0,0.0,0.0,0.22503321841557133,0.0
,0.0006464124111182935,0.00015092900066990993,0.0,0.0,0.0,0.0,0.0,0.0,0.0,0.0,0.0,0.0,0.20094127394547562,0.0
,0.0003232062055591467,2.776193986481189e-05,0.0,0.0,0.0,0.0,0.0,0.0,0.0,0.0,0.0,0.0,0.18183068099034486,0.0
,0.0006464124111182935,6.373528295051751e-06,0.0,0.0,0.0,0.0,0.0,0.0,0.0,0.0,0.0,0.0,0.16731756805286216,0.0
,0.0003232062055591467,0.0005312390789127463,0.0,0.0,0.0,0.0,0.0,0.0,0.0,0.0,0.0,0.0,0.21666371676875879,0.0
,0.0006464124111182935,0.0002202638652437361,0.0,0.0,0.0,0.0,0.0,0.0,0.0,0.0,0.0,0.0,0.19936115471829757,0.0
,0.0003232062055591467,2.0077910345470984e-05,0.0,0.0,0.0,0.0,0.0,0.0,0.0,0.0,0.0,0.0,0.17559254471019176,0.0
,0.0003232062055591467,2.0077910345470984e-05,0.0,0.0,0.0,0.0,0.0,0.0,0.0,0.0,0.0,0.0,0.17559254471019176,0.0
,0.0003232062055591467,2.418379811269855e-36,0.0,0.0,0.0,0.0,0.0,0.0,0.0,0.0,0.0,0.0,0.0003232062055591467,0.0
,0.0003232062055591467,2.418379811269855e-36,0.0,0.0,0.0,0.0,0.0,0.0,0.0,0.0,0.0,0.0,0.0003232062055591467,0.0
,0.0006464124111182935,5.5801672284387356e-05,0.0,0.0,0.0,0.0,0.0,0.0,0.0,0.0,0.0,0.0,0.18551907942664247,0.0
,0.0019392372333548805,0.0007687255025331712,0.0,0.0,0.0,0.0,0.0,0.0,0.0,0.0,0.0,0.0,0.22050474035768153,0.0
,0.002262443438914027,0.00044817470990861325,0.0,0.0,0.0,0.0,0.0,0.0,0.0,0.0,0.0,0.0,0.21439203886682878,0.0
,0.0009696186166774402,0.00037442578285233575,0.0,0.0,0.0,0.0,0.0,0.0,0.0,0.0,0.0,0.0,0.20959627440719877,0.0
,0.0009696186166774402,0.0007091152386209563,0.0,0.0,0.0,0.0,0.0,0.0,0.0,0.0,0.0,0.0,0.2214909040539293,0.0
,0.0009696186166774402,0.00014091050107971917,0.0,0.0,0.0,0.0,0.0,0.0,0.0,0.0,0.0,0.0,0.2066831860949508,0.0
,0.0006464124111182935,0.00022166677645584417,0.0,0.0,0.0,0.0,0.0,0.0,0.0,0.0,0.0,0.0,0.20022868121607618,0.0
,0.0003232062055591467,1.9026192727391396e-05,0.0,0.0,0.0,0.0,0.0,0.0,0.0,0.0,0.0,0.0,0.1719129959676178,0.0
,0.0009696186166774402,0.0005105130137695026,0.0,0.0,0.0,0.0,0.0,0.0,0.0,0.0,0.0,0.0,0.21094796893116222,0.0
,0.0009696186166774402,0.0005390039674843783,0.0,0.0,0.0,0.0,0.0,0.0,0.0,0.0,0.0,0.0,0.20998566093103907,0.0
,0.0003232062055591467,3.245493133897771e-06,0.0,0.0,0.0,0.0,0.0,0.0,0.0,0.0,0.0,0.0,0.1565708451212653,0.0
,0.0009696186166774402,0.0012827404495183532,0.0,0.0,0.0,0.0,0.0,0.0,0.0,0.0,0.0,0.0,0.2318492781728076,0.0
,0.0009696186166774402,0.0003252928387281462,0.0,0.0,0.0,0.0,0.0,0.0,0.0,0.0,0.0,0.0,0.20565238916079254,0.0
,0.001292824822236587,0.0008459846632537565,0.0,0.0,0.0,0.0,0.0,0.0,0.0,0.0,0.0,0.0,0.21566639476303343,0.0
,0.0006464124111182935,0.00031554989891498215,0.0,0.0,0.0,0.0,0.0,0.0,0.0,0.0,0.0,0.0,0.20556119883850976,0.0
,0.0006464124111182935,0.00029016310146617603,0.0,0.0,0.0,0.0,0.0,0.0,0.0,0.0,0.0,0.0,0.20719967474169157,0.0
,0.0006464124111182935,0.00026613114071652845,0.0,0.0,0.0,0.0,0.0,0.0,0.0,0.0,0.0,0.0,0.21075032577133418,0.0
,0.0006464124111182935,7.121308548632283e-06,0.0,0.0,0.0,0.0,0.0,0.0,0.0,0.0,0.0,0.0,0.16871864130267492,0.0
,0.001292824822236587,3.086820039747308e-05,0.0,0.0,0.0,0.0,0.0,0.0,0.0,0.0,0.0,0.0,0.18719693005407292,0.0
,0.0009696186166774402,0.0019387627301680724,0.0,0.0,0.0,0.0,0.0,0.0,0.0,0.0,0.0,0.0,0.194520757020757,0.0
,0.001292824822236587,0.0006898322051339979,0.0,0.0,0.0,0.0,0.0,0.0,0.0,0.0,0.0,0.0,0.22542452878587332,0.0
,0.002585649644473174,0.001577811465866587,0.0,0.0,0.0,0.0,0.0,0.0,0.0,0.0,0.0,0.0,0.23559423769507803,0.0
,0.0009696186166774402,3.5353566182105186e-05,0.0,0.0,0.0,0.0,0.0,0.0,0.0,0.0,0.0,0.0,0.18061032105149752,0.0
,0.0006464124111182935,1.319378423562607e-06,0.0,0.0,0.0,0.0,0.0,0.0,0.0,0.0,0.0,0.0,0.1515780671242856,0.0
,0.0003232062055591467,1.2443954153726616e-05,0.0,0.0,0.0,0.0,0.0,0.0,0.0,0.0,0.0,0.0,0.1791289592760181,0.0
,0.0003232062055591467,9.631910238298006e-05,0.0,0.0,0.0,0.0,0.0,0.0,0.0,0.0,0.0,0.0,0.18275951406203508,0.0
,0.0003232062055591467,1.641091936471215e-06,0.0,0.0,0.0,0.0,0.0,0.0,0.0,0.0,0.0,0.0,0.15952215384988494,0.0
,0.0016160310277957336,0.006533063375995959,0.0,0.0,0.0,0.0,0.0,0.0,0.0,0.0,0.0,0.0,0.21853266947804764,0.0
,0.0003232062055591467,0.0003978509373973095,0.0,0.0,0.0,0.0,0.0,0.0,0.0,0.0,0.0,0.0,0.204343404028278,0.0
,0.0016160310277957336,0.00634651437990397,0.0,0.0,0.0,0.0,0.0,0.0,0.0,0.0,0.0,0.0,0.25472381260196386,0.0
,0.0003232062055591467,0.0021369417342033195,0.0,0.0,0.0,0.0,0.0,0.0,0.0,0.0,0.0,0.0,0.23430808220724186,0.0
,0.001292824822236587,0.00978902106807939,0.0,0.0,0.0,0.0,0.0,0.0,0.0,0.0,0.0,0.0,0.2492927940406932,0.0
,0.0009696186166774402,0.00034446160267788856,0.0,0.0,0.0,0.0,0.0,0.0,0.0,0.0,0.0,0.0,0.2096296210792009,0.0
,0.0006464124111182935,0.0010968150537433124,0.0,0.0,0.0,0.0,0.0,0.0,0.0,0.0,0.0,0.0,0.21518299627543325,0.0
,0.001292824822236587,0.0002523364951919634,0.0,0.0,0.0,0.0,0.0,0.0,0.0,0.0,0.0,0.0,0.19425719005550937,0.0
,0.0003232062055591467,9.405152090728992e-06,0.0,0.0,0.0,0.0,0.0,0.0,0.0,0.0,0.0,0.0,0.16060885892818666,0.0
,0.0003232062055591467,9.405152090728992e-06,0.0,0.0,0.0,0.0,0.0,0.0,0.0,0.0,0.0,0.0,0.16060885892818666,0.0
,0.0003232062055591467,9.405152090728992e-06,0.0,0.0,0.0,0.0,0.0,0.0,0.0,0.0,0.0,0.0,0.16060885892818666,0.0
,0.0006464124111182935,6.883689958808159e-05,0.0,0.0,0.0,0.0,0.0,0.0,0.0,0.0,0.0,0.0,0.19050799807102328,0.0
,0.0009696186166774402,0.00042230085681434,0.0,0.0,0.0,0.0,0.0,0.0,0.0,0.0,0.0,0.0,0.21377486892192776,0.0
,0.0009696186166774402,0.00021326402100275797,0.0,0.0,0.0,0.0,0.0,0.0,0.0,0.0,0.0,0.0,0.21129156790921497,0.0
,0.0003232062055591467,4.808309303418398e-07,0.0,0.0,0.0,0.0,0.0,0.0,0.0,0.0,0.0,0.0,0.14543203062110624,0.0
,0.0006464124111182935,0.0008808842529503652,0.0,0.0,0.0,0.0,0.0,0.0,0.0,0.0,0.0,0.0,0.2205772052410708,0.0
,0.0009696186166774402,0.00023233181203112315,0.0,0.0,0.0,0.0,0.0,0.0,0.0,0.0,0.0,0.0,0.21333700146725357,0.0
,0.0003232062055591467,4.876662977184215e-05,0.0,0.0,0.0,0.0,0.0,0.0,0.0,0.0,0.0,0.0,0.18316890858907667,0.0
,0.001292824822236587,0.0013085727076698537,0.0,0.0,0.0,0.0,0.0,0.0,0.0,0.0,0.0,0.0,0.22870006977149837,0.0
,0.0006464124111182935,3.9603821600747224e-18,0.0,0.0,0.0,0.0,0.0,0.0,0.0,0.0,0.0,0.0,0.0035014005602240898,0.0
,0.0006464124111182935,8.76853142539884e-05,0.0,0.0,0.0,0.0,0.0,0.0,0.0,0.0,0.0,0.0,0.1905091523789003,0.0
,0.0003232062055591467,0.00032739127978273264,0.0,0.0,0.0,0.0,0.0,0.0,0.0,0.0,0.0,0.0,0.1965622146294415,0.0
,0.0006464124111182935,0.0002202638652437361,0.0,0.0,0.0,0.0,0.0,0.0,0.0,0.0,0.0,0.0,0.19936115471829757,0.0
,0.0006464124111182935,0.0008914768257779849,0.0,0.0,0.0,0.0,0.0,0.0,0.0,0.0,0.0,0.0,0.2230711515375381,0.0
,0.0006464124111182935,0.00011459455002200297,0.0,0.0,0.0,0.0,0.0,0.0,0.0,0.0,0.0,0.0,0.19039410636049292,0.0
,0.0003232062055591467,0.00011443539688687568,0.0,0.0,0.0,0.0,0.0,0.0,0.0,0.0,0.0,0.0,0.19017863555678682,0.0
,0.0003232062055591467,2.418379811269855e-36,0.0,0.0,0.0,0.0,0.0,0.0,0.0,0.0,0.0,0.0,0.0003232062055591467,0.0
,0.0003232062055591467,2.418379811269855e-36,0.0,0.0,0.0,0.0,0.0,0.0,0.0,0.0,0.0,0.0,0.0003232062055591467,0.0
,0.0019392372333548805,0.0018131778977536772,0.0,0.0,0.0,0.0,0.0,0.0,0.0,0.0,0.0,0.0,0.2269784837011728,0.0
,0.0003232062055591467,3.27966636286278e-05,0.0,0.0,0.0,0.0,0.0,0.0,0.0,0.0,0.0,0.0,0.17650355013800392,0.0
,0.0003232062055591467,5.84959624233692e-34,0.0,0.0,0.0,0.0,0.0,0.0,0.0,0.0,0.0,0.0,0.0004848093083387201,0.0
,0.0003232062055591467,2.125116269866435e-05,0.0,0.0,0.0,0.0,0.0,0.0,0.0,0.0,0.0,0.0,0.17683265613937882,0.0
,0.0016160310277957336,0.0005702515796565953,0.0,0.0,0.0,0.0,0.0,0.0,0.0,0.0,0.0,0.0,0.21889409609997845,0.0
,0.0006464124111182935,1.841572234226947e-05,0.0,0.0,0.0,0.0,0.0,0.0,0.0,0.0,0.0,0.0,0.1762802556920204,0.0
,0.0003232062055591467,1.839014634905008e-05,0.0,0.0,0.0,0.0,0.0,0.0,0.0,0.0,0.0,0.0,0.17606478488831429,0.0
,0.0003232062055591467,6.862382449755466e-07,0.0,0.0,0.0,0.0,0.0,0.0,0.0,0.0,0.0,0.0,0.14828342759015029,0.0
,0.0009696186166774402,0.0015194346693695466,0.0,0.0,0.0,0.0,0.0,0.0,0.0,0.0,0.0,0.0,0.22758641918305786,0.0
,0.0006464124111182935,9.270611258418137e-05,0.0,0.0,0.0,0.0,0.0,0.0,0.0,0.0,0.0,0.0,0.20120868860364657,0.0
,0.0016160310277957336,0.000234624939703171,0.0,0.0,0.0,0.0,0.0,0.0,0.0,0.0,0.0,0.0,0.209253829737023,0.0
,0.0003232062055591467,0.00024902862530877296,0.0,0.0,0.0,0.0,0.0,0.0,0.0,0.0,0.0,0.0,0.19397053693272182,0.0
,0.0016160310277957336,0.00012117442138320879,0.0,0.0,0.0,0.0,0.0,0.0,0.0,0.0,0.0,0.0,0.1967549840449,0.0
,0.0003232062055591467,4.516525035593214e-06,0.0,0.0,0.0,0.0,0.0,0.0,0.0,0.0,0.0,0.0,0.16212100224705267,0.0
,0.0003232062055591467,4.516525035593214e-06,0.0,0.0,0.0,0.0,0.0,0.0,0.0,0.0,0.0,0.0,0.16212100224705267,0.0
,0.0003232062055591467,4.516525035593214e-06,0.0,0.0,0.0,0.0,0.0,0.0,0.0,0.0,0.0,0.0,0.16212100224705267,0.0
,0.0003232062055591467,2.418379811269855e-36,0.0,0.0,0.0,0.0,0.0,0.0,0.0,0.0,0.0,0.0,0.0003232062055591467,0.0
,0.0003232062055591467,2.418379811269855e-36,0.0,0.0,0.0,0.0,0.0,0.0,0.0,0.0,0.0,0.0,0.0003232062055591467,0.0
,0.0009696186166774402,0.0007293875361528108,0.0,0.0,0.0,0.0,0.0,0.0,0.0,0.0,0.0,0.0,0.22993479443059275,0.0
,0.0009696186166774402,0.0007293875361528108,0.0,0.0,0.0,0.0,0.0,0.0,0.0,0.0,0.0,0.0,0.22993479443059275,0.0
,0.0029088558500323207,0.003733786219261465,0.0,0.0,0.0,0.0,0.0,0.0,0.0,0.0,0.0,0.0,0.2357031274048081,0.0
,0.0003232062055591467,4.270199579708937e-06,0.0,0.0,0.0,0.0,0.0,0.0,0.0,0.0,0.0,0.0,0.15816571383798272,0.0
,0.0003232062055591467,5.6888684870649736e-05,0.0,0.0,0.0,0.0,0.0,0.0,0.0,0.0,0.0,0.0,0.18071844122264288,0.0
,0.002262443438914027,0.0015263508527949242,0.0,0.0,0.0,0.0,0.0,0.0,0.0,0.0,0.0,0.0,0.22530127435589622,0.0
,0.0003232062055591467,0.0014491198544950617,0.0,0.0,0.0,0.0,0.0,0.0,0.0,0.0,0.0,0.0,0.22162672761412255,0.0
,0.0003232062055591467,5.100358137203092e-05,0.0,0.0,0.0,0.0,0.0,0.0,0.0,0.0,0.0,0.0,0.18463924031150922,0.0
,0.0006464124111182935,3.6325158756400584e-06,0.0,0.0,0.0,0.0,0.0,0.0,0.0,0.0,0.0,0.0,0.16020010568329895,0.0
,0.0003232062055591467,1.3539602403212776e-07,0.0,0.0,0.0,0.0,0.0,0.0,0.0,0.0,0.0,0.0,0.1368047685274576,0.0
,0.001292824822236587,9.73398384409562e-05,0.0,0.0,0.0,0.0,0.0,0.0,0.0,0.0,0.0,0.0,0.19348252121361365,0.0
,0.002585649644473174,0.001955467572423744,0.0,0.0,0.0,0.0,0.0,0.0,0.0,0.0,0.0,0.0,0.2346488595438175,0.0
,0.0003232062055591467,8.612537941586023e-05,0.0,0.0,0.0,0.0,0.0,0.0,0.0,0.0,0.0,0.0,0.19389820030576332,0.0
,0.0016160310277957336,0.001018656047884936,0.0,0.0,0.0,0.0,0.0,0.0,0.0,0.0,0.0,0.0,0.2341156975610757,0.0
,0.001292824822236587,0.000817081602271222,0.0,0.0,0.0,0.0,0.0,0.0,0.0,0.0,0.0,0.0,0.23215619581165797,0.0
,0.0003232062055591467,1.7642228618299866e-06,0.0,0.0,0.0,0.0,0.0,0.0,0.0,0.0,0.0,0.0,0.15537702260391334,0.0
,0.0003232062055591467,2.628163427636785e-07,0.0,0.0,0.0,0.0,0.0,0.0,0.0,0.0,0.0,0.0,0.14586797422931877,0.0
,0.001292824822236587,7.051996458213843e-06,0.0,0.0,0.0,0.0,0.0,0.0,0.0,0.0,0.0,0.0,0.1729904782425791,0.0
,0.0003232062055591467,0.0012885735522489316,0.0,0.0,0.0,0.0,0.0,0.0,0.0,0.0,0.0,0.0,0.20757482480171555,0.0
,0.0006464124111182935,0.0005444985996017913,0.0,0.0,0.0,0.0,0.0,0.0,0.0,0.0,0.0,0.0,0.20915058331024716,0.0
,0.001292824822236587,0.0006597393219858593,0.0,0.0,0.0,0.0,0.0,0.0,0.0,0.0,0.0,0.0,0.21970749838396897,0.0
,0.0003232062055591467,2.418379811269855e-36,0.0,0.0,0.0,0.0,0.0,0.0,0.0,0.0,0.0,0.0,0.0003232062055591467,0.0
,0.0003232062055591467,2.418379811269855e-36,0.0,0.0,0.0,0.0,0.0,0.0,0.0,0.0,0.0,0.0,0.0003232062055591467,0.0
,0.002262443438914027,0.0008579676946112571,0.0,0.0,0.0,0.0,0.0,0.0,0.0,0.0,0.0,0.0,0.22386313499758878,0.0
,0.0006464124111182935,0.0003292069593705068,0.0,0.0,0.0,0.0,0.0,0.0,0.0,0.0,0.0,0.0,0.21060436995310944,0.0
,0.0003232062055591467,3.197319836476777e-05,0.0,0.0,0.0,0.0,0.0,0.0,0.0,0.0,0.0,0.0,0.17999289459373494,0.0
,0.0003232062055591467,9.309039920791762e-06,0.0,0.0,0.0,0.0,0.0,0.0,0.0,0.0,0.0,0.0,0.16481951755060997,0.0
,0.0006464124111182935,0.00024983434142265696,0.0,0.0,0.0,0.0,0.0,0.0,0.0,0.0,0.0,0.0,0.20041927027221143,0.0
,0.001292824822236587,0.00015460740554435528,0.0,0.0,0.0,0.0,0.0,0.0,0.0,0.0,0.0,0.0,0.20787263623398075,0.0
,0.0016160310277957336,0.0006926227367743977,0.0,0.0,0.0,0.0,0.0,0.0,0.0,0.0,0.0,0.0,0.22979781656252243,0.0
,0.0006464124111182935,0.00016811000555862083,0.0,0.0,0.0,0.0,0.0,0.0,0.0,0.0,0.0,0.0,0.20406470280419858,0.0
,0.0003232062055591467,0.00031420959245820313,0.0,0.0,0.0,0.0,0.0,0.0,0.0,0.0,0.0,0.0,0.20522183232267263,0.0
,0.0006464124111182935,9.927261596696692e-05,0.0,0.0,0.0,0.0,0.0,0.0,0.0,0.0,0.0,0.0,0.199830573254943,0.0
,0.0003232062055591467,2.418379811269855e-36,0.0,0.0,0.0,0.0,0.0,0.0,0.0,0.0,0.0,0.0,0.0003232062055591467,0.0
,0.0003232062055591467,2.418379811269855e-36,0.0,0.0,0.0,0.0,0.0,0.0,0.0,0.0,0.0,0.0,0.0003232062055591467,0.0
,0.0003232062055591467,3.205271649016228e-05,0.0,0.0,0.0,0.0,0.0,0.0,0.0,0.0,0.0,0.0,0.1886104441776711,0.0
,0.0029088558500323207,0.004927775542584853,0.0,0.0,0.0,0.0,0.0,0.0,0.0,0.0,0.0,0.0,0.2460461107519931,0.0
,0.0019392372333548805,0.001808974848745795,0.0,0.0,0.0,0.0,0.0,0.0,0.0,0.0,0.0,0.0,0.23937549378725848,0.0
,0.001292824822236587,0.0022725820921213995,0.0,0.0,0.0,0.0,0.0,0.0,0.0,0.0,0.0,0.0,0.22601117370024934,0.0
,0.0003232062055591467,5.84959624233692e-34,0.0,0.0,0.0,0.0,0.0,0.0,0.0,0.0,0.0,0.0,0.0004848093083387201,0.0
,0.0006464124111182935,0.000611384306956107,0.0,0.0,0.0,0.0,0.0,0.0,0.0,0.0,0.0,0.0,0.2053226418772637,0.0
,0.0003232062055591467,0.00013570132477129992,0.0,0.0,0.0,0.0,0.0,0.0,0.0,0.0,0.0,0.0,0.18282838776536256,0.0
,0.0016160310277957336,0.004337839510845308,0.0,0.0,0.0,0.0,0.0,0.0,0.0,0.0,0.0,0.0,0.2530716132606889,0.0
,0.0003232062055591467,9.178383417098042e-05,0.0,0.0,0.0,0.0,0.0,0.0,0.0,0.0,0.0,0.0,0.18158070920675964,0.0
,0.001292824822236587,0.0004056249041445951,0.0,0.0,0.0,0.0,0.0,0.0,0.0,0.0,0.0,0.0,0.21329737023014336,0.0
,0.0029088558500323207,0.00208621981518537,0.0,0.0,0.0,0.0,0.0,0.0,0.0,0.0,0.0,0.0,0.22998430141287285,0.0
,0.002262443438914027,0.0011639805653088956,0.0,0.0,0.0,0.0,0.0,0.0,0.0,0.0,0.0,0.0,0.2259084402991966,0.0
,0.0003232062055591467,0.00033480968842208473,0.0,0.0,0.0,0.0,0.0,0.0,0.0,0.0,0.0,0.0,0.203455356501575,0.0
,0.0009696186166774402,8.176951643279355e-05,0.0,0.0,0.0,0.0,0.0,0.0,0.0,0.0,0.0,0.0,0.19675639486563856,0.0
,0.0006464124111182935,0.0007991183005128408,0.0,0.0,0.0,0.0,0.0,0.0,0.0,0.0,0.0,0.0,0.2220088035214086,0.0
,0.0003232062055591467,0.0007046608723342329,0.0,0.0,0.0,0.0,0.0,0.0,0.0,0.0,0.0,0.0,0.21375601522660345,0.0
,0.0003232062055591467,0.0007046608723342329,0.0,0.0,0.0,0.0,0.0,0.0,0.0,0.0,0.0,0.0,0.21375601522660345,0.0
,0.0006464124111182935,0.0005158334593195371,0.0,0.0,0.0,0.0,0.0,0.0,0.0,0.0,0.0,0.0,0.21276254091380142,0.0
,0.0003232062055591467,5.296607543078156e-05,0.0,0.0,0.0,0.0,0.0,0.0,0.0,0.0,0.0,0.0,0.19084749284329117,0.0
,0.0016160310277957336,0.012715811085888897,0.0,0.0,0.0,0.0,0.0,0.0,0.0,0.0,0.0,0.0,0.2666562778957737,0.0
,0.0009696186166774402,9.555185593744655e-05,0.0,0.0,0.0,0.0,0.0,0.0,0.0,0.0,0.0,0.0,0.20026446476026308,0.0
,0.0006464124111182935,0.0002348953054295967,0.0,0.0,0.0,0.0,0.0,0.0,0.0,0.0,0.0,0.0,0.20127179076758908,0.0
,0.0009696186166774402,0.001198085059533567,0.0,0.0,0.0,0.0,0.0,0.0,0.0,0.0,0.0,0.0,0.22242396958783514,0.0
,0.0009696186166774402,0.0004653525757097548,0.0,0.0,0.0,0.0,0.0,0.0,0.0,0.0,0.0,0.0,0.2081936620802167,0.0
,0.001292824822236587,0.001919185798885419,0.0,0.0,0.0,0.0,0.0,0.0,0.0,0.0,0.0,0.0,0.21088781666512757,0.0
,0.0006464124111182935,0.00013270686242781085,0.0,0.0,0.0,0.0,0.0,0.0,0.0,0.0,0.0,0.0,0.19562466012045845,0.0
,0.0016160310277957336,0.0018052472418310516,0.0,0.0,0.0,0.0,0.0,0.0,0.0,0.0,0.0,0.0,0.23297665219934127,0.0
,0.0003232062055591467,0.00021050774959068154,0.0,0.0,0.0,0.0,0.0,0.0,0.0,0.0,0.0,0.0,0.19856365623172348,0.0
,0.0003232062055591467,0.0004332187211088961,0.0,0.0,0.0,0.0,0.0,0.0,0.0,0.0,0.0,0.0,0.2049040128872062,0.0
,0.0003232062055591467,3.045335032339137e-05,0.0,0.0,0.0,0.0,0.0,0.0,0.0,0.0,0.0,0.0,0.18521908763505404,0.0
,0.0006464124111182935,0.00038402276657552146,0.0,0.0,0.0,0.0,0.0,0.0,0.0,0.0,0.0,0.0,0.2036971198735905,0.0
,0.0009696186166774402,0.00041010034846984304,0.0,0.0,0.0,0.0,0.0,0.0,0.0,0.0,0.0,0.0,0.2078811011584121,0.0
,0.0003232062055591467,9.59264133202951e-05,0.0,0.0,0.0,0.0,0.0,0.0,0.0,0.0,0.0,0.0,0.18557717958978465,0.0
,0.0003232062055591467,0.0002746441481678155,0.0,0.0,0.0,0.0,0.0,0.0,0.0,0.0,0.0,0.0,0.20009054904012885,0.0
,0.0003232062055591467,1.463563164327238e-05,0.0,0.0,0.0,0.0,0.0,0.0,0.0,0.0,0.0,0.0,0.17912562460881787,0.0
,0.0003232062055591467,7.960898935483318e-05,0.0,0.0,0.0,0.0,0.0,0.0,0.0,0.0,0.0,0.0,0.18084785196129735,0.0
,0.0003232062055591467,0.0012091047084604606,0.0,0.0,0.0,0.0,0.0,0.0,0.0,0.0,0.0,0.0,0.22045472034967833,0.0
,0.0003232062055591467,0.0008036748488324888,0.0,0.0,0.0,0.0,0.0,0.0,0.0,0.0,0.0,0.0,0.21238418444300797,0.0
,0.002262443438914027,0.0020300453972316368,0.0,0.0,0.0,0.0,0.0,0.0,0.0,0.0,0.0,0.0,0.23147181949702958,0.0
,0.0009696186166774402,0.0006659226381655251,0.0,0.0,0.0,0.0,0.0,0.0,0.0,0.0,0.0,0.0,0.20862011471255168,0.0
,0.0009696186166774402,0.0005256942856989847,0.0,0.0,0.0,0.0,0.0,0.0,0.0,0.0,0.0,0.0,0.2115192230738449,0.0
,0.0006464124111182935,0.0004622421374158478,0.0,0.0,0.0,0.0,0.0,0.0,0.0,0.0,0.0,0.0,0.20479704702393778,0.0
,0.001292824822236587,0.00010591064015735275,0.0,0.0,0.0,0.0,0.0,0.0,0.0,0.0,0.0,0.0,0.200039759493541,0.0
,0.0006464124111182935,0.0001851075510372063,0.0,0.0,0.0,0.0,0.0,0.0,0.0,0.0,0.0,0.0,0.17481659330398827,0.0
,0.0009696186166774402,0.0008713173809726523,0.0,0.0,0.0,0.0,0.0,0.0,0.0,0.0,0.0,0.0,0.2178211028000944,0.0
,0.0003232062055591467,2.9272007548181573e-06,0.0,0.0,0.0,0.0,0.0,0.0,0.0,0.0,0.0,0.0,0.15832307281887115,0.0
,0.0006464124111182935,0.00024750586282709354,0.0,0.0,0.0,0.0,0.0,0.0,0.0,0.0,0.0,0.0,0.21833541108751192,0.0
,0.0009696186166774402,0.0013938556610747581,0.0,0.0,0.0,0.0,0.0,0.0,0.0,0.0,0.0,0.0,0.2315876350540216,0.0
,0.0006464124111182935,9.215862507464998e-05,0.0,0.0,0.0,0.0,0.0,0.0,0.0,0.0,0.0,0.0,0.19031881983562654,0.0
,0.0003232062055591467,0.00025128506499180823,0.0,0.0,0.0,0.0,0.0,0.0,0.0,0.0,0.0,0.0,0.19361077764439108,0.0
,0.0003232062055591467,8.142874100332986e-05,0.0,0.0,0.0,0.0,0.0,0.0,0.0,0.0,0.0,0.0,0.19397246077918345,0.0
,0.0003232062055591467,0.0005635052176775374,0.0,0.0,0.0,0.0,0.0,0.0,0.0,0.0,0.0,0.0,0.2113152953489088,0.0
,0.0006464124111182935,0.00043776281125751355,0.0,0.0,0.0,0.0,0.0,0.0,0.0,0.0,0.0,0.0,0.21373793106986383,0.0
,0.0006464124111182935,3.407406784055937e-05,0.0,0.0,0.0,0.0,0.0,0.0,0.0,0.0,0.0,0.0,0.18595309918839328,0.0
,0.0016160310277957336,0.001738660985278705,0.0,0.0,0.0,0.0,0.0,0.0,0.0,0.0,0.0,0.0,0.23559423769507803,0.0
,0.0003232062055591467,6.479189204794362e-05,0.0,0.0,0.0,0.0,0.0,0.0,0.0,0.0,0.0,0.0,0.18741355516565603,0.0
,0.0003232062055591467,0.0005101258789466297,0.0,0.0,0.0,0.0,0.0,0.0,0.0,0.0,0.0,0.0,0.20876273586357622,0.0
,0.0006464124111182935,0.00041758119419842084,0.0,0.0,0.0,0.0,0.0,0.0,0.0,0.0,0.0,0.0,0.2022171689188496,0.0
,0.0003232062055591467,6.07992309371796e-06,0.0,0.0,0.0,0.0,0.0,0.0,0.0,0.0,0.0,0.0,0.16790741937800763,0.0
,0.0006464124111182935,8.074388012845802e-05,0.0,0.0,0.0,0.0,0.0,0.0,0.0,0.0,0.0,0.0,0.18016232133879193,0.0
,0.0009696186166774402,0.0002804151456689292,0.0,0.0,0.0,0.0,0.0,0.0,0.0,0.0,0.0,0.0,0.19521372651624752,0.0
,0.0006464124111182935,0.0015565402130823833,0.0,0.0,0.0,0.0,0.0,0.0,0.0,0.0,0.0,0.0,0.23040998450662317,0.0
,0.0003232062055591467,7.571681456723433e-06,0.0,0.0,0.0,0.0,0.0,0.0,0.0,0.0,0.0,0.0,0.15996720366468264,0.0
,0.0003232062055591467,0.0005145990311199892,0.0,0.0,0.0,0.0,0.0,0.0,0.0,0.0,0.0,0.0,0.19954545920932473,0.0
,0.0006464124111182935,0.00044920197173836315,0.0,0.0,0.0,0.0,0.0,0.0,0.0,0.0,0.0,0.0,0.21298198766686163,0.0
,0.001292824822236587,0.0015820029745347765,0.0,0.0,0.0,0.0,0.0,0.0,0.0,0.0,0.0,0.0,0.23295856804260165,0.0
,0.0003232062055591467,2.418379811269855e-36,0.0,0.0,0.0,0.0,0.0,0.0,0.0,0.0,0.0,0.0,0.0003232062055591467,0.0
,0.0003232062055591467,2.418379811269855e-36,0.0,0.0,0.0,0.0,0.0,0.0,0.0,0.0,0.0,0.0,0.0003232062055591467,0.0
,0.0003232062055591467,5.5272435512393085e-05,0.0,0.0,0.0,0.0,0.0,0.0,0.0,0.0,0.0,0.0,0.1809065934065934,0.0
,0.0003232062055591467,1.1442702454234977e-08,0.0,0.0,0.0,0.0,0.0,0.0,0.0,0.0,0.0,0.0,0.12486292885452549,0.0
,0.0016160310277957336,0.00039503091698561173,0.0,0.0,0.0,0.0,0.0,0.0,0.0,0.0,0.0,0.0,0.20957421430110507,0.0
,0.0006464124111182935,0.0008436269811850307,0.0,0.0,0.0,0.0,0.0,0.0,0.0,0.0,0.0,0.0,0.22433319481638808,0.0
,0.0003232062055591467,1.463563164327238e-05,0.0,0.0,0.0,0.0,0.0,0.0,0.0,0.0,0.0,0.0,0.17912562460881787,0.0
,0.0016160310277957336,0.00173619780355306,0.0,0.0,0.0,0.0,0.0,0.0,0.0,0.0,0.0,0.0,0.23815564687413426,0.0
,0.0003232062055591467,2.284448075394566e-05,0.0,0.0,0.0,0.0,0.0,0.0,0.0,0.0,0.0,0.0,0.17761797026502907,0.0
,0.0006464124111182935,8.854162574877685e-06,0.0,0.0,0.0,0.0,0.0,0.0,0.0,0.0,0.0,0.0,0.16523968561783686,0.0
,0.0003232062055591467,3.2996420521403197e-07,0.0,0.0,0.0,0.0,0.0,0.0,0.0,0.0,0.0,0.0,0.14052279419926478,0.0
,0.0006464124111182935,0.00015924946226386727,0.0,0.0,0.0,0.0,0.0,0.0,0.0,0.0,0.0,0.0,0.19897702670811915,0.0
,0.0003232062055591467,5.935503356644848e-06,0.0,0.0,0.0,0.0,0.0,0.0,0.0,0.0,0.0,0.0,0.16390979468710562,0.0
,0.0006464124111182935,0.0006483157310873946,0.0,0.0,0.0,0.0,0.0,0.0,0.0,0.0,0.0,0.0,0.20662200777746997,0.0
,0.0006464124111182935,4.88736950417606e-05,0.0,0.0,0.0,0.0,0.0,0.0,0.0,0.0,0.0,0.0,0.19731405382665887,0.0
,0.0003232062055591467,0.00013636182437158618,0.0,0.0,0.0,0.0,0.0,0.0,0.0,0.0,0.0,0.0,0.20873631503883605,0.0
,0.0003232062055591467,1.0241268413690224e-05,0.0,0.0,0.0,0.0,0.0,0.0,0.0,0.0,0.0,0.0,0.1735054278121505,0.0
,0.0003232062055591467,0.00026528717718650674,0.0,0.0,0.0,0.0,0.0,0.0,0.0,0.0,0.0,0.0,0.2008066046931593,0.0
,0.0006464124111182935,2.9924571968239824e-05,0.0,0.0,0.0,0.0,0.0,0.0,0.0,0.0,0.0,0.0,0.18866456839145915,0.0
,0.001292824822236587,0.0001154582460146552,0.0,0.0,0.0,0.0,0.0,0.0,0.0,0.0,0.0,0.0,0.1927470988395358,0.0
,0.0006464124111182935,2.324851518794642e-05,0.0,0.0,0.0,0.0,0.0,0.0,0.0,0.0,0.0,0.0,0.1799215840182227,0.0
,0.0003232062055591467,3.967581363481871e-05,0.0,0.0,0.0,0.0,0.0,0.0,0.0,0.0,0.0,0.0,0.16786355567868172,0.0
,0.0006464124111182935,0.00018473753770127075,0.0,0.0,0.0,0.0,0.0,0.0,0.0,0.0,0.0,0.0,0.20729689311622085,0.0
,0.001292824822236587,0.0006358337575120454,0.0,0.0,0.0,0.0,0.0,0.0,0.0,0.0,0.0,0.0,0.2161042622177076,0.0
,0.0003232062055591467,0.00015011026001784312,0.0,0.0,0.0,0.0,0.0,0.0,0.0,0.0,0.0,0.0,0.1955071772298663,0.0
,0.0009696186166774402,0.004027596097004503,0.0,0.0,0.0,0.0,0.0,0.0,0.0,0.0,0.0,0.0,0.24846515529288637,0.0
,0.0003232062055591467,2.418379811269855e-36,0.0,0.0,0.0,0.0,0.0,0.0,0.0,0.0,0.0,0.0,0.0003232062055591467,0.0
,0.0003232062055591467,2.418379811269855e-36,0.0,0.0,0.0,0.0,0.0,0.0,0.0,0.0,0.0,0.0,0.0003232062055591467,0.0
,0.0009696186166774402,0.0017083296693727638,0.0,0.0,0.0,0.0,0.0,0.0,0.0,0.0,0.0,0.0,0.21930554272991248,0.0
,0.0006464124111182935,0.0013671736955218233,0.0,0.0,0.0,0.0,0.0,0.0,0.0,0.0,0.0,0.0,0.2340951765321513,0.0
,0.0003232062055591467,0.00021634077460135504,0.0,0.0,0.0,0.0,0.0,0.0,0.0,0.0,0.0,0.0,0.19404749079118827,0.0
,0.0003232062055591467,0.00027858332894980267,0.0,0.0,0.0,0.0,0.0,0.0,0.0,0.0,0.0,0.0,0.2055138722155529,0.0
,0.0003232062055591467,2.0131808873499702e-05,0.0,0.0,0.0,0.0,0.0,0.0,0.0,0.0,0.0,0.0,0.18178591949600353,0.0
,0.0006464124111182935,4.924668096690277e-08,0.0,0.0,0.0,0.0,0.0,0.0,0.0,0.0,0.0,0.0,0.13073608231171255,0.0
,0.0003232062055591467,1.8354077945068543e-09,0.0,0.0,0.0,0.0,0.0,0.0,0.0,0.0,0.0,0.0,0.11482490432070265,0.0
,0.0003232062055591467,0.0001227055984489346,0.0,0.0,0.0,0.0,0.0,0.0,0.0,0.0,0.0,0.0,0.1930310585772771,0.0
,0.0003232062055591467,1.5461549504492425e-05,0.0,0.0,0.0,0.0,0.0,0.0,0.0,0.0,0.0,0.0,0.17625434789300334,0.0
,0.0006464124111182935,0.0011147870135697958,0.0,0.0,0.0,0.0,0.0,0.0,0.0,0.0,0.0,0.0,0.20635305404212967,0.0
,0.0003232062055591467,4.7424543613040344e-05,0.0,0.0,0.0,0.0,0.0,0.0,0.0,0.0,0.0,0.0,0.18748178758682962,0.0
,0.0003232062055591467,2.5600032188459982e-05,0.0,0.0,0.0,0.0,0.0,0.0,0.0,0.0,0.0,0.0,0.17573773098983184,0.0
,0.0003232062055591467,2.8647809483935955e-05,0.0,0.0,0.0,0.0,0.0,0.0,0.0,0.0,0.0,0.0,0.17782536091359621,0.0
,0.0003232062055591467,9.600596595500292e-05,0.0,0.0,0.0,0.0,0.0,0.0,0.0,0.0,0.0,0.0,0.1851208432090785,0.0
,0.0006464124111182935,0.0007475799097155361,0.0,0.0,0.0,0.0,0.0,0.0,0.0,0.0,0.0,0.0,0.22122079601071198,0.0
,0.0003232062055591467,0.0002861655660821095,0.0,0.0,0.0,0.0,0.0,0.0,0.0,0.0,0.0,0.0,0.20009170334800588,0.0
,0.0006464124111182935,0.001046270483006505,0.0,0.0,0.0,0.0,0.0,0.0,0.0,0.0,0.0,0.0,0.226645273494013,0.0
,0.0003232062055591467,2.418379811269855e-36,0.0,0.0,0.0,0.0,0.0,0.0,0.0,0.0,0.0,0.0,0.0003232062055591467,0.0
,0.0003232062055591467,2.418379811269855e-36,0.0,0.0,0.0,0.0,0.0,0.0,0.0,0.0,0.0,0.0,0.0003232062055591467,0.0
,0.0003232062055591467,0.00010102929155134601,0.0,0.0,0.0,0.0,0.0,0.0,0.0,0.0,0.0,0.0,0.19750451462636337,0.0
,0.0016160310277957336,0.0013201921064853717,0.0,0.0,0.0,0.0,0.0,0.0,0.0,0.0,0.0,0.0,0.23015629328654538,0.0
,0.0006464124111182935,0.0002078628240234152,0.0,0.0,0.0,0.0,0.0,0.0,0.0,0.0,0.0,0.0,0.20313625450180073,0.0
,0.0003232062055591467,7.747282623091287e-06,0.0,0.0,0.0,0.0,0.0,0.0,0.0,0.0,0.0,0.0,0.16679376878956712,0.0
,0.0006464124111182935,0.00038366961790514855,0.0,0.0,0.0,0.0,0.0,0.0,0.0,0.0,0.0,0.0,0.20118726977970677,0.0
,0.0009696186166774402,0.004081324913337299,0.0,0.0,0.0,0.0,0.0,0.0,0.0,0.0,0.0,0.0,0.24968410441099517,0.0
,0.0003232062055591467,0.00010692331128512062,0.0,0.0,0.0,0.0,0.0,0.0,0.0,0.0,0.0,0.0,0.17512363919926946,0.0
,0.0003232062055591467,7.841746852375331e-05,0.0,0.0,0.0,0.0,0.0,0.0,0.0,0.0,0.0,0.0,0.18697863760888972,0.0
,0.0003232062055591467,0.00033377070230675805,0.0,0.0,0.0,0.0,0.0,0.0,0.0,0.0,0.0,0.0,0.20990037040457207,0.0
,0.0003232062055591467,0.00033377070230675805,0.0,0.0,0.0,0.0,0.0,0.0,0.0,0.0,0.0,0.0,0.20990037040457207,0.0
,0.0003232062055591467,0.00033377070230675805,0.0,0.0,0.0,0.0,0.0,0.0,0.0,0.0,0.0,0.0,0.20990037040457207,0.0
,0.0003232062055591467,0.00033377070230675805,0.0,0.0,0.0,0.0,0.0,0.0,0.0,0.0,0.0,0.0,0.20990037040457207,0.0
,0.0003232062055591467,5.84959624233692e-34,0.0,0.0,0.0,0.0,0.0,0.0,0.0,0.0,0.0,0.0,0.0004848093083387201,0.0
,0.0003232062055591467,3.0728862550497255e-05,0.0,0.0,0.0,0.0,0.0,0.0,0.0,0.0,0.0,0.0,0.18218236012353659,0.0
,0.0003232062055591467,0.0003878497730922652,0.0,0.0,0.0,0.0,0.0,0.0,0.0,0.0,0.0,0.0,0.20550502252182926,0.0
,0.0003232062055591467,6.34521482831369e-05,0.0,0.0,0.0,0.0,0.0,0.0,0.0,0.0,0.0,0.0,0.18997573388329692,0.0
,0.0009696186166774402,0.00010026473878824883,0.0,0.0,0.0,0.0,0.0,0.0,0.0,0.0,0.0,0.0,0.1920377125209058,0.0
,0.0016160310277957336,0.0040834189223410795,0.0,0.0,0.0,0.0,0.0,0.0,0.0,0.0,0.0,0.0,0.2377613866059244,0.0
,0.0003232062055591467,0.0010045023619732509,0.0,0.0,0.0,0.0,0.0,0.0,0.0,0.0,0.0,0.0,0.21999889699469533,0.0
,0.0003232062055591467,0.0009228787289933145,0.0,0.0,0.0,0.0,0.0,0.0,0.0,0.0,0.0,0.0,0.21145945557710263,0.0
,0.0006464124111182935,1.3406269372838952e-05,0.0,0.0,0.0,0.0,0.0,0.0,0.0,0.0,0.0,0.0,0.16745723930597878,0.0
,0.0003232062055591467,6.0054430465015356e-05,0.0,0.0,0.0,0.0,0.0,0.0,0.0,0.0,0.0,0.0,0.19781822985604497,0.0
,0.0003232062055591467,8.758917226120075e-06,0.0,0.0,0.0,0.0,0.0,0.0,0.0,0.0,0.0,0.0,0.16852306190541486,0.0
,0.0016160310277957336,0.005953076193566893,0.0,0.0,0.0,0.0,0.0,0.0,0.0,0.0,0.0,0.0,0.25614091790562377,0.0
,0.0006464124111182935,0.0005168033178178725,0.0,0.0,0.0,0.0,0.0,0.0,0.0,0.0,0.0,0.0,0.21483452355301094,0.0
,0.0003232062055591467,0.0007376853415273142,0.0,0.0,0.0,0.0,0.0,0.0,0.0,0.0,0.0,0.0,0.21601140456182472,0.0
,0.0006464124111182935,0.0005279692763319136,0.0,0.0,0.0,0.0,0.0,0.0,0.0,0.0,0.0,0.0,0.21738836560265132,0.0
,0.0003232062055591467,1.737720025520601e-05,0.0,0.0,0.0,0.0,0.0,0.0,0.0,0.0,0.0,0.0,0.17689550179045976,0.0
,0.0003232062055591467,8.306135487565128e-05,0.0,0.0,0.0,0.0,0.0,0.0,0.0,0.0,0.0,0.0,0.19005550938324048,0.0
,0.0003232062055591467,0.00028910551179591734,0.0,0.0,0.0,0.0,0.0,0.0,0.0,0.0,0.0,0.0,0.20634305004052902,0.0
,0.0003232062055591467,0.0005312390789127463,0.0,0.0,0.0,0.0,0.0,0.0,0.0,0.0,0.0,0.0,0.21666371676875879,0.0
,0.0006464124111182935,0.00015127938657574498,0.0,0.0,0.0,0.0,0.0,0.0,0.0,0.0,0.0,0.0,0.186032233406183,0.0
,0.0003232062055591467,2.3087887267674545e-05,0.0,0.0,0.0,0.0,0.0,0.0,0.0,0.0,0.0,0.0,0.18067880998553268,0.0
,0.0003232062055591467,1.1505288783048872e-06,0.0,0.0,0.0,0.0,0.0,0.0,0.0,0.0,0.0,0.0,0.15578873740638446,0.0
,0.0009696186166774402,0.00026478833725370946,0.0,0.0,0.0,0.0,0.0,0.0,0.0,0.0,0.0,0.0,0.2114312391623316,0.0
,0.0009696186166774402,0.00014029578112746167,0.0,0.0,0.0,0.0,0.0,0.0,0.0,0.0,0.0,0.0,0.1941871620443049,0.0
,0.0006464124111182935,0.001093380992269203,0.0,0.0,0.0,0.0,0.0,0.0,0.0,0.0,0.0,0.0,0.21653546033798135,0.0
,0.0003232062055591467,3.925086463719192e-06,0.0,0.0,0.0,0.0,0.0,0.0,0.0,0.0,0.0,0.0,0.1557997557997558,0.0
,0.0006464124111182935,0.00019758109668620896,0.0,0.0,0.0,0.0,0.0,0.0,0.0,0.0,0.0,0.0,0.2030079980710233,0.0
,0.001292824822236587,4.2836196611506626e-18,0.0,0.0,0.0,0.0,0.0,0.0,0.0,0.0,0.0,0.0,0.003878474466709761,0.0
,0.0006464124111182935,9.189980746120122e-05,0.0,0.0,0.0,0.0,0.0,0.0,0.0,0.0,0.0,0.0,0.1964765393336822,0.0
,0.0003232062055591467,3.4253917117318216e-06,0.0,0.0,0.0,0.0,0.0,0.0,0.0,0.0,0.0,0.0,0.1622247616995516,0.0
,0.0006464124111182935,0.002523632303028451,0.0,0.0,0.0,0.0,0.0,0.0,0.0,0.0,0.0,0.0,0.23910307712828718,0.0
,0.0019392372333548805,0.012162445383137687,0.0,0.0,0.0,0.0,0.0,0.0,0.0,0.0,0.0,0.0,0.25083033213285316,0.0
,0.0003232062055591467,0.0002807823648738634,0.0,0.0,0.0,0.0,0.0,0.0,0.0,0.0,0.0,0.0,0.19359602815485166,0.0
,0.0003232062055591467,2.251341086800516e-05,0.0,0.0,0.0,0.0,0.0,0.0,0.0,0.0,0.0,0.0,0.1794923097444106,0.0
,0.0006464124111182935,0.0010727938491888367,0.0,0.0,0.0,0.0,0.0,0.0,0.0,0.0,0.0,0.0,0.2321533741701809,0.0
,0.0003232062055591467,2.3031981485825883e-06,0.0,0.0,0.0,0.0,0.0,0.0,0.0,0.0,0.0,0.0,0.15507972419737126,0.0
,0.0003232062055591467,2.3031981485825883e-06,0.0,0.0,0.0,0.0,0.0,0.0,0.0,0.0,0.0,0.0,0.15507972419737126,0.0
,0.0003232062055591467,0.00018077611305491542,0.0,0.0,0.0,0.0,0.0,0.0,0.0,0.0,0.0,0.0,0.19744731225823664,0.0
,0.0003232062055591467,2.0613549191463075e-06,0.0,0.0,0.0,0.0,0.0,0.0,0.0,0.0,0.0,0.0,0.15874516473255967,0.0
,0.0006464124111182935,0.00012855613326622777,0.0,0.0,0.0,0.0,0.0,0.0,0.0,0.0,0.0,0.0,0.18671186423287264,0.0
,0.0003232062055591467,3.0219461480482927e-06,0.0,0.0,0.0,0.0,0.0,0.0,0.0,0.0,0.0,0.0,0.16047624177876277,0.0
,0.0009696186166774402,8.107752020988096e-05,0.0,0.0,0.0,0.0,0.0,0.0,0.0,0.0,0.0,0.0,0.19410212803069948,0.0
,0.0003232062055591467,0.00015902822956748077,0.0,0.0,0.0,0.0,0.0,0.0,0.0,0.0,0.0,0.0,0.19876155590441305,0.0
,0.0006464124111182935,0.0002876911751955346,0.0,0.0,0.0,0.0,0.0,0.0,0.0,0.0,0.0,0.0,0.21421299288946347,0.0
,0.0006464124111182935,6.930490382141212e-06,0.0,0.0,0.0,0.0,0.0,0.0,0.0,0.0,0.0,0.0,0.16775299863535156,0.0
,0.0003232062055591467,0.00017248726722537012,0.0,0.0,0.0,0.0,0.0,0.0,0.0,0.0,0.0,0.0,0.19418485342855088,0.0
,0.0003232062055591467,1.4167366302198288e-06,0.0,0.0,0.0,0.0,0.0,0.0,0.0,0.0,0.0,0.0,0.15376780082662436,0.0
,0.0003232062055591467,1.4167366302198288e-06,0.0,0.0,0.0,0.0,0.0,0.0,0.0,0.0,0.0,0.0,0.15376780082662436,0.0
,0.0003232062055591467,2.1029912802110056e-05,0.0,0.0,0.0,0.0,0.0,0.0,0.0,0.0,0.0,0.0,0.1755098193123403,0.0
,0.0003232062055591467,1.1737605075676142e-05,0.0,0.0,0.0,0.0,0.0,0.0,0.0,0.0,0.0,0.0,0.16805093832404755,0.0
,0.001292824822236587,0.000314978282489129,0.0,0.0,0.0,0.0,0.0,0.0,0.0,0.0,0.0,0.0,0.20534008475184945,0.0
,0.0003232062055591467,0.00016651324886898547,0.0,0.0,0.0,0.0,0.0,0.0,0.0,0.0,0.0,0.0,0.19982326263838868,0.0
,0.0003232062055591467,0.0003145478469384577,0.0,0.0,0.0,0.0,0.0,0.0,0.0,0.0,0.0,0.0,0.21161810878197435,0.0
,0.0003232062055591467,0.0024248398834159583,0.0,0.0,0.0,0.0,0.0,0.0,0.0,0.0,0.0,0.0,0.23843819579113695,0.0
,0.0003232062055591467,0.00043263870691836754,0.0,0.0,0.0,0.0,0.0,0.0,0.0,0.0,0.0,0.0,0.20964744872307897,0.0
,0.0003232062055591467,0.0035106467198231803,0.0,0.0,0.0,0.0,0.0,0.0,0.0,0.0,0.0,0.0,0.2413315326130452,0.0
,0.0009696186166774402,0.00013335550094531655,0.0,0.0,0.0,0.0,0.0,0.0,0.0,0.0,0.0,0.0,0.19414945465365632,0.0
,0.0003232062055591467,5.662860308999393e-05,0.0,0.0,0.0,0.0,0.0,0.0,0.0,0.0,0.0,0.0,0.1825596905428838,0.0
,0.0003232062055591467,4.0664621147123905e-05,0.0,0.0,0.0,0.0,0.0,0.0,0.0,0.0,0.0,0.0,0.1877017473656129,0.0
,0.001292824822236587,0.002215711588845372,0.0,0.0,0.0,0.0,0.0,0.0,0.0,0.0,0.0,0.0,0.23560962846677133,0.0
,0.0003232062055591467,3.194597147460349e-05,0.0,0.0,0.0,0.0,0.0,0.0,0.0,0.0,0.0,0.0,0.17446029693928855,0.0
,0.0003232062055591467,1.6699722449145596e-05,0.0,0.0,0.0,0.0,0.0,0.0,0.0,0.0,0.0,0.0,0.17377220118816755,0.0
,0.0003232062055591467,1.6699722449145596e-05,0.0,0.0,0.0,0.0,0.0,0.0,0.0,0.0,0.0,0.0,0.17377220118816755,0.0
,0.0019392372333548805,0.0007646198821905297,0.0,0.0,0.0,0.0,0.0,0.0,0.0,0.0,0.0,0.0,0.23244002729296848,0.0
,0.0009696186166774402,0.00018507711594022483,0.0,0.0,0.0,0.0,0.0,0.0,0.0,0.0,0.0,0.0,0.2087070725726188,0.0
,0.0009696186166774402,0.0004819496275789273,0.0,0.0,0.0,0.0,0.0,0.0,0.0,0.0,0.0,0.0,0.22401896656098338,0.0
,0.0009696186166774402,0.0006518535387139992,0.0,0.0,0.0,0.0,0.0,0.0,0.0,0.0,0.0,0.0,0.21928284134166487,0.0
,0.0003232062055591467,2.6987707621138332e-05,0.0,0.0,0.0,0.0,0.0,0.0,0.0,0.0,0.0,0.0,0.17629692902802147,0.0
,0.0003232062055591467,8.321672111195029e-05,0.0,0.0,0.0,0.0,0.0,0.0,0.0,0.0,0.0,0.0,0.19406711402509721,0.0
,0.0003232062055591467,2.8084614122080067e-05,0.0,0.0,0.0,0.0,0.0,0.0,0.0,0.0,0.0,0.0,0.18195803962610685,0.0
,0.0003232062055591467,0.0010575662221635953,0.0,0.0,0.0,0.0,0.0,0.0,0.0,0.0,0.0,0.0,0.20269325678989544,0.0
,0.0003232062055591467,2.418379811269855e-36,0.0,0.0,0.0,0.0,0.0,0.0,0.0,0.0,0.0,0.0,0.0003232062055591467,0.0
,0.0003232062055591467,2.418379811269855e-36,0.0,0.0,0.0,0.0,0.0,0.0,0.0,0.0,0.0,0.0,0.0003232062055591467,0.0
,0.0003232062055591467,2.291117313891775e-05,0.0,0.0,0.0,0.0,0.0,0.0,0.0,0.0,0.0,0.0,0.18877499717835852,0.0
,0.0006464124111182935,5.768987426997767e-05,0.0,0.0,0.0,0.0,0.0,0.0,0.0,0.0,0.0,0.0,0.1926618083130688,0.0
,0.0003232062055591467,8.614217476657325e-06,0.0,0.0,0.0,0.0,0.0,0.0,0.0,0.0,0.0,0.0,0.1672417685022727,0.0
,0.0003232062055591467,0.0002861655660821095,0.0,0.0,0.0,0.0,0.0,0.0,0.0,0.0,0.0,0.0,0.20009170334800588,0.0
,0.0003232062055591467,0.0002861655660821095,0.0,0.0,0.0,0.0,0.0,0.0,0.0,0.0,0.0,0.0,0.20009170334800588,0.0
,0.0003232062055591467,0.00029087390649503656,0.0,0.0,0.0,0.0,0.0,0.0,0.0,0.0,0.0,0.0,0.19691273945475626,0.0
,0.0006464124111182935,7.960364864699227e-05,0.0,0.0,0.0,0.0,0.0,0.0,0.0,0.0,0.0,0.0,0.1820338391766963,0.0
,0.0003232062055591467,2.418379811269855e-36,0.0,0.0,0.0,0.0,0.0,0.0,0.0,0.0,0.0,0.0,0.0003232062055591467,0.0
,0.0003232062055591467,2.418379811269855e-36,0.0,0.0,0.0,0.0,0.0,0.0,0.0,0.0,0.0,0.0,0.0003232062055591467,0.0
,0.0003232062055591467,0.00013636182437158618,0.0,0.0,0.0,0.0,0.0,0.0,0.0,0.0,0.0,0.0,0.20873631503883605,0.0
,0.0003232062055591467,0.00015753484920482254,0.0,0.0,0.0,0.0,0.0,0.0,0.0,0.0,0.0,0.0,0.20296823857748228,0.0
,0.0003232062055591467,0.00024719111637135305,0.0,0.0,0.0,0.0,0.0,0.0,0.0,0.0,0.0,0.0,0.19894278224110157,0.0
,0.0003232062055591467,0.001615168573947427,0.0,0.0,0.0,0.0,0.0,0.0,0.0,0.0,0.0,0.0,0.2241274715014211,0.0
,0.0003232062055591467,0.0005635052176775374,0.0,0.0,0.0,0.0,0.0,0.0,0.0,0.0,0.0,0.0,0.2113152953489088,0.0
,0.0003232062055591467,0.0005635052176775374,0.0,0.0,0.0,0.0,0.0,0.0,0.0,0.0,0.0,0.0,0.2113152953489088,0.0
,0.0003232062055591467,6.592824027173613e-08,0.0,0.0,0.0,0.0,0.0,0.0,0.0,0.0,0.0,0.0,0.13184855527292502,0.0
,0.0006464124111182935,8.447913998639115e-05,0.0,0.0,0.0,0.0,0.0,0.0,0.0,0.0,0.0,0.0,0.18963444352099812,0.0
,0.0003232062055591467,0.0006432872648475306,0.0,0.0,0.0,0.0,0.0,0.0,0.0,0.0,0.0,0.0,0.2038288392279989,0.0
,0.0003232062055591467,0.0004332187211088961,0.0,0.0,0.0,0.0,0.0,0.0,0.0,0.0,0.0,0.0,0.2049040128872062,0.0
,0.0003232062055591467,0.0003882722130589832,0.0,0.0,0.0,0.0,0.0,0.0,0.0,0.0,0.0,0.0,0.2027123669980813,0.0
,0.0006464124111182935,0.0011264380018120017,0.0,0.0,0.0,0.0,0.0,0.0,0.0,0.0,0.0,0.0,0.2214286996850022,0.0
,0.0003232062055591467,1.7374740284528488e-05,0.0,0.0,0.0,0.0,0.0,0.0,0.0,0.0,0.0,0.0,0.17600027190363327,0.0
,0.0003232062055591467,0.0006730602852029724,0.0,0.0,0.0,0.0,0.0,0.0,0.0,0.0,0.0,0.0,0.19664776166877007,0.0
,0.0003232062055591467,0.0006432872648475306,0.0,0.0,0.0,0.0,0.0,0.0,0.0,0.0,0.0,0.0,0.2038288392279989,0.0
,0.0009696186166774402,0.0004594472437227376,0.0,0.0,0.0,0.0,0.0,0.0,0.0,0.0,0.0,0.0,0.2086923230830794,0.0
,0.0003232062055591467,2.4884560906242207e-06,0.0,0.0,0.0,0.0,0.0,0.0,0.0,0.0,0.0,0.0,0.15771181432946138,0.0
,0.0006464124111182935,6.676758794621898e-05,0.0,0.0,0.0,0.0,0.0,0.0,0.0,0.0,0.0,0.0,0.18985440329978143,0.0
,0.0003232062055591467,0.00010120086931133566,0.0,0.0,0.0,0.0,0.0,0.0,0.0,0.0,0.0,0.0,0.1947033941781841,0.0
,0.0003232062055591467,5.84959624233692e-34,0.0,0.0,0.0,0.0,0.0,0.0,0.0,0.0,0.0,0.0,0.0004848093083387201,0.0
,0.001292824822236587,0.0010497524962029049,0.0,0.0,0.0,0.0,0.0,0.0,0.0,0.0,0.0,0.0,0.22032569438031624,0.0
,0.0003232062055591467,2.418379811269855e-36,0.0,0.0,0.0,0.0,0.0,0.0,0.0,0.0,0.0,0.0,0.0003232062055591467,0.0
,0.0003232062055591467,2.418379811269855e-36,0.0,0.0,0.0,0.0,0.0,0.0,0.0,0.0,0.0,0.0,0.0003232062055591467,0.0
,0.0003232062055591467,0.00033377070230675805,0.0,0.0,0.0,0.0,0.0,0.0,0.0,0.0,0.0,0.0,0.20990037040457207,0.0
,0.0006464124111182935,0.0018061611669990137,0.0,0.0,0.0,0.0,0.0,0.0,0.0,0.0,0.0,0.0,0.2109269348765147,0.0
,0.0003232062055591467,8.211816879082403e-05,0.0,0.0,0.0,0.0,0.0,0.0,0.0,0.0,0.0,0.0,0.18881193503042243,0.0
,0.0003232062055591467,0.00015011026001784312,0.0,0.0,0.0,0.0,0.0,0.0,0.0,0.0,0.0,0.0,0.1955071772298663,0.0
,0.0003232062055591467,0.00012750655232575154,0.0,0.0,0.0,0.0,0.0,0.0,0.0,0.0,0.0,0.0,0.18102587188721642,0.0
,0.0003232062055591467,0.00029087390649503656,0.0,0.0,0.0,0.0,0.0,0.0,0.0,0.0,0.0,0.0,0.19691273945475626,0.0
,0.0003232062055591467,2.693444251866719e-06,0.0,0.0,0.0,0.0,0.0,0.0,0.0,0.0,0.0,0.0,0.16233236884497387,0.0
,0.0003232062055591467,2.628163427636785e-07,0.0,0.0,0.0,0.0,0.0,0.0,0.0,0.0,0.0,0.0,0.14586797422931877,0.0
,0.0003232062055591467,0.00020277280833645839,0.0,0.0,0.0,0.0,0.0,0.0,0.0,0.0,0.0,0.0,0.19155649439262887,0.0
,0.0003232062055591467,2.418379811269855e-36,0.0,0.0,0.0,0.0,0.0,0.0,0.0,0.0,0.0,0.0,0.0003232062055591467,0.0
,0.0003232062055591467,2.418379811269855e-36,0.0,0.0,0.0,0.0,0.0,0.0,0.0,0.0,0.0,0.0,0.0003232062055591467,0.0
,0.0006464124111182935,0.00015677461441779026,0.0,0.0,0.0,0.0,0.0,0.0,0.0,0.0,0.0,0.0,0.2036896810006054,0.0
,0.0003232062055591467,2.418379811269855e-36,0.0,0.0,0.0,0.0,0.0,0.0,0.0,0.0,0.0,0.0,0.0003232062055591467,0.0
,0.0003232062055591467,2.418379811269855e-36,0.0,0.0,0.0,0.0,0.0,0.0,0.0,0.0,0.0,0.0,0.0003232062055591467,0.0
,0.0003232062055591467,0.0011901661935077535,0.0,0.0,0.0,0.0,0.0,0.0,0.0,0.0,0.0,0.0,0.2193531258657309,0.0
,0.0003232062055591467,0.0005672792712524855,0.0,0.0,0.0,0.0,0.0,0.0,0.0,0.0,0.0,0.0,0.21079367644493693,0.0
,0.0003232062055591467,1.6699722449145596e-05,0.0,0.0,0.0,0.0,0.0,0.0,0.0,0.0,0.0,0.0,0.17377220118816755,0.0
,0.0003232062055591467,0.0003539400337580575,0.0,0.0,0.0,0.0,0.0,0.0,0.0,0.0,0.0,0.0,0.19700944480356244,0.0
,0.0003232062055591467,0.00010380163139771776,0.0,0.0,0.0,0.0,0.0,0.0,0.0,0.0,0.0,0.0,0.1715237377002083,0.0
,0.0003232062055591467,2.418379811269855e-36,0.0,0.0,0.0,0.0,0.0,0.0,0.0,0.0,0.0,0.0,0.0003232062055591467,0.0
,0.0003232062055591467,2.418379811269855e-36,0.0,0.0,0.0,0.0,0.0,0.0,0.0,0.0,0.0,0.0,0.0003232062055591467,0.0
,0.0003232062055591467,0.0001922742573500387,0.0,0.0,0.0,0.0,0.0,0.0,0.0,0.0,0.0,0.0,0.19864792070674425,0.0
,0.0006464124111182935,6.613509141726595e-19,0.0,0.0,0.0,0.0,0.0,0.0,0.0,0.0,0.0,0.0,0.0028011204481792717,0.0
,0.0006464124111182935,6.613509141726595e-19,0.0,0.0,0.0,0.0,0.0,0.0,0.0,0.0,0.0,0.0,0.0028011204481792717,0.0
