Node_names,degree,eigenvector,closeness,current_flow_closeness,betweeness,cf_betweenness,comm_betweenness,load_centrality,harmonic_centrality,laplacian_centrality,percolation_centrality,second_order_centrality,local_reaching_centrality,participation_coeff
4932.Q0010,0.0006464124111182935,8.272578340319567e-34,0.0006464124111182935,0.0,2.089920501514043e-07,0.0,,2.089920501514043e-07,2.0,4.989630412410329e-05,2.089920501514043e-07,0.0,0.0006464124111182935,0.0
4932.YGL185C,0.0003232062055591467,5.84959624233692e-34,0.00043094160741219563,0.0,0.0,0.0,,0.0,1.5,9.87591788677511e-06,0.0,0.0,0.0004848093083387201,0.0
4932.YAL013W,0.0003232062055591467,5.84959624233692e-34,0.00043094160741219563,0.0,0.0,0.0,,0.0,1.5,4.6145955559588995e-05,0.0,0.0,0.0004848093083387201,0.0
4932.Q0045,0.0009696186166774402,2.2519052155909138e-05,0.17556065647362598,0.0,0.0004951927468147109,0.0,,0.0005010569213327839,564.6388888888897,0.0005460639466639369,0.0004951927468147194,0.0,0.18249479278891045,0.0
4932.YCL004W,0.0019392372333548805,0.0004780905508904061,0.20343397163108823,0.0,0.0011084536457477703,0.0,,0.0011172992078865894,661.6884920634965,0.0003159504298477063,0.0011084536457477805,0.0,0.21386182678199483,0.0
4932.Q0250,0.001292824822236587,1.5350372162069746e-06,0.14853237916242606,0.0,4.1684356302513145e-05,0.0,,5.935262913939651e-05,474.1805916306069,0.0008455309000618302,4.1684356302513036e-05,0.0,0.1532581097707148,0.0
4932.Q0120,0.0019392372333548805,0.0001246360373020758,0.1956776075953215,0.0,0.0019484934386708695,0.0,,0.0019782259052777314,634.5992063492087,0.0005419938924598892,0.0019484934386708676,0.0,0.20510640153497298,0.0
4932.Q0050,0.0006464124111182935,9.252998474759457e-06,0.16262681586984024,0.0,1.134861506719586e-06,0.0,,1.3050392465009908e-06,519.5044011544101,1.0262527890688453e-06,1.1348615067195865e-06,0.0,0.1679070462683908,0.0
4932.Q0105,0.001292824822236587,0.00012361785395959118,0.19469142337124917,0.0,0.0009308561589502292,0.0,,0.0009316402354997889,630.0091269841289,0.0018185062839447843,0.0009308561589502302,0.0,0.20362285940017033,0.0
4932.Q0055,0.0003232062055591467,4.607525341113919e-06,0.1619083693565956,0.0,0.0,0.0,,0.0,515.9512265512361,3.074359813118275e-07,0.0,0.0,0.16675863818720962,0.0
4932.Q0060,0.0006464124111182935,4.702687474787084e-06,0.16262681586984024,0.0,5.889433494381172e-05,0.0,,6.34485334744865e-05,519.5044011544101,1.82239159875658e-06,5.8894334943811946e-05,0.0,0.1679070462683908,0.0
4932.Q0065,0.0009696186166774402,9.2594798312197e-06,0.16262681586984024,0.0,0.00011873472172665715,0.0,,0.0001338646232164388,519.9210678210766,0.00024277487877309142,0.00011873472172665756,0.0,0.16804171552070712,0.0
4932.Q0110,0.0009696186166774402,0.0001234463630087708,0.19469142337124917,0.0,0.00036825650486725517,0.0,,0.00037362274874005617,629.5924603174623,0.00035161323515704506,0.0003682565048672601,0.0,0.20348819014785402,0.0
4932.Q0115,0.0009696186166774402,0.0001234463630087708,0.19469142337124917,0.0,0.00036825650486725517,0.0,,0.00037362274874005617,629.5924603174622,0.0012421115090163952,0.0003682565048672601,0.0,0.20348819014785402,0.0
4932.Q0070,0.0006464124111182935,4.702687474787084e-06,0.16262681586984024,0.0,5.889433494381172e-05,0.0,,6.34485334744865e-05,519.5044011544101,0.0003584319244547476,5.8894334943811946e-05,0.0,0.1679070462683908,0.0
4932.YOR065W,0.003878474466709761,0.0011064232537711018,0.21816791340609415,0.0,0.0027249596497400694,0.0,,0.0029655454182604605,716.0670634920722,0.006413879451464377,0.0027249596497400724,0.0,0.23143731851715046,0.0
4932.YBL099W,0.005494505494505494,0.002196584891039559,0.23305512549812912,0.0,0.00523137812303059,0.0,,0.0052905106034637495,769.8920634920746,0.0032280467800540878,0.005231378123030583,0.0,0.2488338925313715,0.0
4932.YAL002W,0.0003232062055591467,2.418379811269855e-36,0.0003232062055591467,0.0,0.0,0.0,,0.0,1.0,1.666821584228579e-08,0.0,0.0,0.0003232062055591467,0.0
4932.YGL084C,0.0003232062055591467,2.418379811269855e-36,0.0003232062055591467,0.0,0.0,0.0,,0.0,1.0,1.666821584228579e-08,0.0,0.0,0.0003232062055591467,0.0
4932.YAL003W,0.004848093083387201,0.0029301098622238095,0.2382608909284924,0.0,0.003633414351152109,0.0,,0.0039171652760644805,788.0595238095342,0.0047999528296893135,0.003633414351152128,0.0,0.25470572844522427,0.0
4932.YFL061W,0.0009696186166774402,0.0001508640078830505,0.19570439990142066,0.0,0.0006367362351046835,0.0,,0.0006424734174351115,632.090476190479,0.0003961261685696441,0.0006367362351046822,0.0,0.204295564379598,0.0
4932.YOR335C,0.0074337427278603745,0.023090933810808015,0.2564735483007403,0.0,0.003247966833289501,0.0,,0.003385113185592098,856.0916666666812,0.0030997728209920332,0.0032479668332894905,0.0,0.2766941391941392,0.0
4932.YGR078C,0.003232062055591467,0.008794722325859686,0.23443120955880364,0.0,0.0022488406528712816,0.0,,0.002282190421698632,771.4916666666774,0.003099328103733462,0.002248840652871287,0.0,0.24935089420383538,0.0
4932.YDR013W,0.001292824822236587,0.0002029125718375447,0.20028404465494654,0.0,0.0007121955233831868,0.0,,0.0007477196024655712,648.4440476190512,0.001518504095616176,0.0007121955233831854,0.0,0.20958114014836704,0.0
4932.YOR362C,0.003555268261150614,0.008054136656518614,0.2504296249986905,0.0,0.002513764225698115,0.0,,0.0025662315850595056,825.1666666666803,0.0006268114977911266,0.0025137642256981246,0.0,0.2666989872872226,0.0
4932.YNL335W,0.0006464124111182935,0.00015065443381634256,0.1956776075953215,0.0,1.5402870004558202e-05,0.0,,2.114005233498771e-05,631.4238095238123,0.00039589373955984335,1.5402870004558168e-05,0.0,0.20408009357589188,0.0
4932.YGR001C,0.0009696186166774402,0.004637906877917685,0.23077857183822167,0.0,0.00018357020088691187,0.0,,0.00021177950133278238,753.892857142867,0.0016245658050444021,0.00018357020088691168,0.0,0.2436628497552867,0.0
4932.YLR060W,0.002262443438914027,0.0014632307436529596,0.2217558117570438,0.0,0.0006055361760350054,0.0,,0.0008007669830488695,724.6702380952452,0.002632936608274446,0.0006055361760350053,0.0,0.23421791793640534,0.0
4932.YKL184W,0.004524886877828054,0.002534257480024773,0.24026341984871843,0.0,0.0026583784109535757,0.0,,0.0029952699067868024,791.4452380952496,0.0034226831569654434,0.002658378410953585,0.0,0.25580001231261734,0.0
4932.YKL067W,0.005494505494505494,0.008822475489443309,0.2446221264213633,0.0,0.002520674523555935,0.0,,0.0024592118622707606,809.9880952381079,0.0006236142098881584,0.002520674523555937,0.0,0.26179317880998554,0.0
4932.YER023W,0.001292824822236587,0.001628140639827817,0.2297399477103634,0.0,0.0005097439520240808,0.0,,0.0005609703411566826,749.685714285722,0.0006362813594201853,0.0005097439520240802,0.0,0.24230307507618432,0.0
4932.YPR033C,0.003878474466709761,0.00473188075234117,0.24935922621772955,0.0,0.0041848953164231135,0.0,,0.004499400040088047,824.4845238095376,0.002225606389119593,0.004184895316423108,0.0,0.26647851448271614,0.0
4932.YGR285C,0.0019392372333548805,0.0005501538460820956,0.21630252492131144,0.0,0.0004148342822860675,0.0,,0.0005242504950251485,704.9392857142924,0.0005891938811680634,0.0004148342822860685,0.0,0.2278407516852895,0.0
4932.YDR037W,0.006787330316742082,0.008758323718658353,0.23806247246502762,0.0,0.0018120726260723288,0.0,,0.0016803924012290961,790.5392857142982,0.0016637340287467936,0.001812072626072327,0.0,0.2555072028811525,0.0
4932.YNL073W,0.003555268261150614,0.005045463252094187,0.22286225690808856,0.0,0.0003550213703446965,0.0,,0.00030356630635519974,731.6333333333408,1.9046446138783042e-05,0.0003550213703446958,0.0,0.23646843352725705,0.0
4932.YAL004W,0.0006464124111182935,2.8836592646310163e-05,0.17575494431970806,0.0,0.0,0.0,,0.0,563.0841269841293,0.0007919326314999757,0.0,0.0,0.18199228409312443,0.0
4932.YDL228C,0.0006464124111182935,2.8836592646310163e-05,0.17575494431970806,0.0,0.0,0.0,,0.0,563.0841269841293,0.000776484667958923,0.0,0.0,0.18199228409312443,0.0
4932.YNL207W,0.0029088558500323207,0.0007448737611316201,0.21504958770481092,0.0,0.0025041457305735692,0.0,,0.002562125659971357,702.8432539682611,0.003948985544730585,0.002504145730573573,0.0,0.22716330121792308,0.0
4932.YAL005C,0.009049773755656108,0.016425951855376993,0.2657482726931349,0.0,0.0021652746749051695,0.0,,0.0018260580747724482,890.8535714285888,0.00026002949170838717,0.002165274674905169,0.0,0.28792940253024285,0.0
4932.YDL078C,0.002585649644473174,0.0020825194353868578,0.23122657683087047,0.0,0.00029259249500450456,0.0,,0.0003281466539734541,758.563095238105,2.3703591945717253e-05,0.00029259249500450477,0.0,0.24517229968910642,0.0
4932.YGL040C,0.004524886877828054,0.017187139996669692,0.24673348604868392,0.0,0.0004649969436588859,0.0,,0.00043025222571521594,814.7988095238213,0.0011598797921704696,0.0004649969436588865,0.0,0.2633480315203004,0.0
4932.YNL132W,0.0016160310277957336,0.001486669256780118,0.21823453464845038,0.0,0.0003618044565114158,0.0,,0.00036759897551713616,711.7630952381015,0.0002494588333254065,0.0003618044565114163,0.0,0.23004624926893835,0.0
4932.YGL234W,0.009049773755656108,0.012154562820283191,0.26354329947082616,0.0,0.007249927717822524,0.0,,0.007212885435978401,882.2988095238261,0.008479501758395963,0.0072499277178225355,0.0,0.28516445039554283,0.0
4932.YOR187W,0.009696186166774402,0.02084683194043025,0.2634461496046495,0.0,0.005258545121413957,0.0,,0.0050924453219594,885.4750000000178,0.0032680176246505472,0.005258545121413971,0.0,0.28619101486748544,0.0
4932.YOL126C,0.003878474466709761,0.005503191302351169,0.22711163655835795,0.0,0.0003710155795887075,0.0,,0.0002921887229803544,746.5321428571519,8.509633494126233e-05,0.0003710155795887079,0.0,0.241283821220796,0.0
4932.YHR057C,0.008726567550096962,0.02231254114402008,0.271013857542667,0.0,0.0032814951783593604,0.0,,0.002983070602066095,908.1059523809695,0.006444087814642436,0.0032814951783593743,0.0,0.2935054791147228,0.0
4932.YPR080W,0.014544279250161603,0.03593069940234029,0.28387826905263674,0.0,0.00783495249664428,0.0,,0.006736116857449794,961.7773809524018,0.0034872171641380455,0.007834952496644263,0.0,0.310852417890233,0.0
4932.YBR118W,0.018099547511312215,0.051656130985210554,0.29522401831664274,0.0,0.017095782352132608,0.0,,0.015052310590286649,1005.5190476190703,0.003635033448760191,0.017095782352132598,0.0,0.32498999599839934,0.0
4932.YDR155C,0.010342598577892695,0.027395441765628307,0.27713564414542435,0.0,0.006172104119431479,0.0,,0.0058778814060415465,932.0726190476375,0.007385330619609312,0.006172104119431465,0.0,0.30125165450795705,0.0
4932.YML054C,0.011958629605688428,0.014253914556329867,0.2637378143149785,0.0,0.010215697967506397,0.0,,0.010068040511102898,886.770238095254,0.0017674429732085022,0.010215697967506397,0.0,0.286609643857543,0.0
4932.YLR216C,0.007756948933419522,0.014656001083750628,0.25839773744554384,0.0,0.0024766953190921725,0.0,,0.0025376982326890925,862.3297619047768,0.00653039166921972,0.002476695319092171,0.0,0.27871033028596054,0.0
4932.YNL064C,0.011312217194570135,0.0248963896456579,0.26960805143450456,0.0,0.010513280768487718,0.0,,0.010051537960154202,907.6380952381116,0.0021200356975490586,0.010513280768487742,0.0,0.2933542647828362,0.0
4932.YDR304C,0.0074337427278603745,0.018870529679408145,0.26550145531346264,0.0,0.0018225986497805572,0.0,,0.0017732989715223742,886.8250000000155,0.006476873963700993,0.0018225986497805602,0.0,0.2866273432449903,0.0
4932.YJR032W,0.004848093083387201,0.009677164080525096,0.23861887891152353,0.0,0.0003585607961498878,0.0,,0.000357972212245639,788.9095238095355,0.0013221485774428659,0.0003585607961498868,0.0,0.2549804537199495,0.0
4932.YDR172W,0.005171299288946348,0.012180903208232433,0.24711740744813723,0.0,0.000540116915295821,0.0,,0.0005595859559754853,817.830952380964,0.0028230582137220785,0.0005401169152958226,0.0,0.2643280389078708,0.0
4932.YPL240C,0.005494505494505494,0.008958018352090601,0.23499006735388836,0.0,0.0005080413212893503,0.0,,0.00042562067747994853,775.8309523809623,0.000959791982666695,0.0005080413212893505,0.0,0.25075337827438665,0.0
4932.YMR186W,0.005817711700064641,0.009033501564842786,0.2361548260520489,0.0,0.000821122857221376,0.0,,0.0007297316199341269,780.471428571439,0.0009639055594345517,0.0008211228572213747,0.0,0.25225320897589804,0.0
4932.YNL007C,0.007756948933419522,0.0143974627631431,0.24918533554393754,0.0,0.0018860140128622814,0.0,,0.00186849541637443,829.8833333333451,0.0007095462706517339,0.001886014012862286,0.0,0.2682234432234432,0.0
4932.YML078W,0.009372979961215255,0.02193922651691801,0.27269428306401333,0.0,0.004091541490448476,0.0,,0.0038305664171079646,914.072619047637,0.007072414268051118,0.004091541490448476,0.0,0.29543394280789237,0.0
4932.YIL038C,0.0006464124111182935,0.0013227296768481746,0.21197198349103158,0.0,5.749276221015955e-08,0.0,,6.1842125609362e-08,687.5623015873069,3.4540247273181114e-07,5.749276221015954e-08,0.0,0.22222440258154544,0.0
4932.YOR142W,0.010989010989010988,0.012357115860868108,0.2574436391714744,0.0,0.006016187925069871,0.0,,0.005815694333624722,866.1214285714437,0.005771704025720403,0.006016187925069863,0.0,0.27993582048203897,0.0
4932.YKL085W,0.004848093083387201,0.005744912972739953,0.23572640961161473,0.0,0.0010990478997845903,0.0,,0.0010213136294141304,778.6916666666771,0.00010589618478501315,0.0010990478997845883,0.0,0.25167797888386123,0.0
4932.YFL016C,0.007110536522301228,0.008233704871274282,0.24101291369699449,0.0,0.0033082034180724152,0.0,,0.0031319029956412493,800.8690476190593,0.0009650674729805576,0.003308203418072407,0.0,0.25884584603072,0.0
4932.YFR038W,0.012281835811247576,0.04503663472835907,0.2791654462265675,0.0,0.007621238463586109,0.0,,0.007156608613662282,940.3880952381144,0.00022039525247184686,0.007621238463586163,0.0,0.30393926801489823,0.0
4932.YAL007C,0.0003232062055591467,1.292335007464621e-07,0.12967358445724889,0.0,0.0,0.0,,0.0,408.92914862915734,1.5877633104545484e-05,0.0,0.0,0.1321684384709595,0.0
4932.YGR165W,0.0006464124111182935,3.4667090953748466e-06,0.14988748790688192,0.0,0.000621333365100125,0.0,,0.000621333365100125,475.81590909092427,9.238891087526017e-05,0.0006213333651001239,0.0,0.15378665452194865,0.0
4932.YAL011W,0.0006464124111182935,0.00023734934100199444,0.19891824990328102,0.0,1.559876314004406e-05,0.0,,2.1773323296811803e-05,642.9250000000042,1.44156916758069e-06,1.5598763140044022e-05,0.0,0.2077973497091144,0.0
4932.YHR102W,0.0009696186166774402,0.0012610864726950036,0.21798491454629035,0.0,9.356958373220968e-05,0.0,,0.0001323966711759364,707.2515873015932,3.905455575254469e-07,9.356958373220946e-05,0.0,0.22858810190742962,0.0
4932.YDR523C,0.007110536522301228,0.005107538211529478,0.24994790324036478,0.0,0.0054550485338413866,0.0,,0.0057457730025762665,832.7404761904895,0.003255987339865715,0.005455048533841403,0.0,0.2691468895250408,0.0
4932.YAL012W,0.003555268261150614,0.01914575503160493,0.25266520853456353,0.0,0.0016923238760549431,0.0,,0.0016617771013613444,834.1178571428717,0.001075260584908134,0.0016923238760549486,0.0,0.26959206759626925,0.0
4932.YJR139C,0.003878474466709761,0.004214578445889707,0.2405464632581666,0.0,0.0015531384881547238,0.0,,0.00177877058941932,791.4988095238219,0.0036577466708821622,0.001553138488154722,0.0,0.2558173269307723,0.0
4932.YNL112W,0.017453135100193924,0.12070576348819241,0.29250528694976485,0.0,0.010261412508903195,0.0,,0.010136513318703567,997.3940476190694,0.0016658927942013674,0.010261412508903231,0.0,0.3223639455782313,0.0
4932.YDL160C,0.023270846800258566,0.17089759186929543,0.30018420344009783,0.0,0.015575641030412138,0.0,,0.014639381324044123,1027.472619047642,0.00034617106268453876,0.015575641030412108,0.0,0.3320855265182996,0.0
4932.YGR012W,0.002585649644473174,0.0017643231536689642,0.21649910401090972,0.0,0.00034247270226741547,0.0,,0.0003894345722504475,705.9694444444522,0.0008124718089684137,0.00034247270226741547,0.0,0.22817370537958773,0.0
4932.YPL119C,0.014221073044602456,0.08556540539341877,0.27756618791727855,0.0,0.005635158121476341,0.0,,0.005064692109173227,940.7595238095423,0.0008437696252544954,0.005635158121476356,0.0,0.30405931603410596,0.0
4932.YMR208W,0.003232062055591467,0.002245767500416385,0.23693776787070467,0.0,0.0023431105882661648,0.0,,0.002480331082317715,779.14642857144,0.002445066369480069,0.0023431105882661786,0.0,0.25182496075353217,0.0
4932.YKR076W,0.0009696186166774402,0.0008303512250286642,0.2131256370208046,0.0,0.00010370657533283235,0.0,,0.00012289379273282264,691.6896825396893,0.0014713948560829224,0.00010370657533283245,0.0,0.22355839771806157,0.0
4932.YNL277W,0.005817711700064641,0.004226692273926463,0.24435030082571602,0.0,0.005208113901983127,0.0,,0.005241668351131032,810.8623015873142,0.00264454162205186,0.005208113901983138,0.0,0.26207572772698823,0.0
4932.YGR155W,0.005817711700064641,0.00821809207009618,0.23824103419952095,0.0,0.003420587644078791,0.0,,0.0035376164293553208,789.8396825396951,0.0010206129132569882,0.003420587644078782,0.0,0.2552810867936918,0.0
4932.YOR204W,0.018422753716871364,0.11125429149391079,0.29086835260073785,0.0,0.010299777307249193,0.0,,0.009600843649467618,990.0690476190697,0.0009539463004690067,0.010299777307249222,0.0,0.31999646012251054,0.0
4932.YKL144C,0.002585649644473174,0.0037341409328068226,0.24422504650662555,0.0,0.0013669768789463113,0.0,,0.0016670114158327599,804.0130952381061,0.0035551348191264105,0.0013669768789463129,0.0,0.25986202173176964,0.0
4932.YAL015C,0.0029088558500323207,0.006142352743418575,0.23642826642627177,0.0,0.0011588022831817758,0.0,,0.0011957400768005221,776.9726190476295,0.0012569742329785437,0.0011588022831817834,0.0,0.25112237202573334,0.0
4932.YDL168W,0.009049773755656108,0.011694538867577807,0.26039844865731937,0.0,0.010703199699240093,0.0,,0.01065329219446617,874.8428571428732,0.007774113513088658,0.01070319969924013,0.0,0.2827546403176655,0.0
4932.YAL021C,0.0006464124111182935,0.0011517968892861222,0.20878280524102044,0.0,1.85943751964923e-05,0.0,,2.6001750272522495e-05,676.4400793650859,0.0001353144282318793,1.859437519649228e-05,0.0,0.21862963133971536,0.0
4932.YOR048C,0.004201680672268907,0.012042080035875237,0.26009045303976447,0.0,0.0017621887673049223,0.0,,0.001843995105249922,864.1023809523969,0.0014705901516618742,0.0017621887673049206,0.0,0.27928325176224333,0.0
4932.YMR080C,0.0074337427278603745,0.0788637317656963,0.2622137377875666,0.0,0.0030164860240481386,0.0,,0.0028421252565790935,875.5464285714451,0.0031737259906365113,0.003016486024048152,0.0,0.2829820389694339,0.0
4932.YGL173C,0.004201680672268907,0.013731013850494743,0.24962051775760144,0.0,0.0025220567565697083,0.0,,0.002491420986235772,826.7821428571553,0.001751232670296546,0.0025220567565697,0.0,0.26722111921691755,0.0
4932.YGR163W,0.0019392372333548805,0.008353348478034334,0.24326901279551116,0.0,0.0004961281382984143,0.0,,0.0006142000650128321,800.1130952381077,0.001225552099582859,0.0004961281382984152,0.0,0.2586015175300889,0.0
4932.YKL017C,0.0019392372333548805,0.0003583386356539181,0.19545016883358757,0.0,0.00036408959182788423,0.0,,0.00044139976639342825,632.7309523809552,0.0005178576214106036,0.0003640895918278848,0.0,0.2045025702588728,0.0
4932.YOR059C,0.0009696186166774402,0.0004015359860247239,0.20076228452560235,0.0,4.056314604599911e-05,0.0,,4.808261291563869e-05,647.6932539682582,0.00022553299850223364,4.056314604599912e-05,0.0,0.20933847898133615,0.0
4932.YEL021W,0.008080155138978667,0.03823442964556015,0.2678648959295401,0.0,0.0052618349949422084,0.0,,0.004858512156211692,895.5273809523975,0.001511015436642592,0.005261834994942194,0.0,0.28944000677193954,0.0
4932.YAL016W,0.001292824822236587,0.000985849443038365,0.21369919782911354,0.0,0.00018128272908779158,0.0,,0.00020827894018735665,692.7503968254044,0.000604905989629175,0.00018128272908779071,0.0,0.22390122715752966,0.0
4932.YKL104C,0.005171299288946348,0.015495639224275274,0.263373334195693,0.0,0.0025317113119701345,0.0,,0.0023724549443682524,875.1940476190625,0.0015475669819611838,0.002531711311970142,0.0,0.2828681472589036,0.0
4932.YER156C,0.002262443438914027,0.0041830345214847854,0.23923794203364732,0.0,0.0015237341443679361,0.0,,0.0017836639393149934,786.9154761904878,0.0010291509753189805,0.001523734144367944,0.0,0.2543359651552929,0.0
4932.YMR084W,0.003555268261150614,0.0065559679166554774,0.24599037684881264,0.0,0.0009542014272243055,0.0,,0.0009366175002915047,811.4238095238217,0.0024117998517003943,0.0009542014272243085,0.0,0.2622572105765383,0.0
4932.YIL064W,0.0006464124111182935,0.00021633912751933417,0.19278757548961772,0.0,9.989151623317102e-06,0.0,,1.5075670443311398e-05,619.5531746031769,0.0008277956869030819,9.98915162331709e-06,0.0,0.2002434307056156,0.0
4932.YAL019W,0.003555268261150614,0.005333215969895764,0.25184161477931916,0.0,0.0020645814723179025,0.0,,0.002435885843416888,832.7654761904901,3.2440283580050915e-05,0.002064581472317898,0.0,0.26915496968017977,0.0
4932.YOR341W,0.006140917905623788,0.016491506059361512,0.25148712671417717,0.0,0.0028354611560159546,0.0,,0.00280165324609062,836.9738095238225,0.0017543943067371893,0.0028354611560159554,0.0,0.2705151291285745,0.0
4932.YGL048C,0.019069166127989656,0.04782992784758946,0.30113285256083977,0.0,0.01760713572958911,0.0,,0.016447803792981865,1027.6035714285943,0.0017536201607120726,0.017607135729589145,0.0,0.33212785114045623,0.0
4932.YNL178W,0.005817711700064641,0.02220095722740959,0.2553053647727116,0.0,0.0016195619871004075,0.0,,0.001710792220407527,847.6369047619178,0.0031169656226271345,0.0016195619871004114,0.0,0.27396150767999505,0.0
4932.YPL106C,0.003878474466709761,0.009417451006690317,0.24745967532548924,0.0,0.0006471180815235076,0.0,,0.0006188498053472242,816.9000000000121,7.790862986483065e-05,0.0006471180815235073,0.0,0.264027149321267,0.0
4932.YMR167W,0.004201680672268907,0.019418707572451215,0.25881884738434147,0.0,0.002804274518137651,0.0,,0.0028616415386568403,856.8726190476342,0.0005770142769503065,0.0028042745181376537,0.0,0.2769465478499092,0.0
4932.YNL022C,0.002585649644473174,0.0022696671439411,0.23031374229455784,0.0,0.0014433699398731722,0.0,,0.001602577852992816,755.5083333333451,0.0005670142734573678,0.0014433699398731716,0.0,0.24418498168498168,0.0
4932.YLL057C,0.0019392372333548805,0.0005578395683655354,0.21249194747342987,0.0,0.0003899116737646681,0.0,,0.0005078361615131221,691.3480158730238,1.9800219899650853e-05,0.00038991167376466884,0.0,0.22344796893116223,0.0
4932.YOR310C,0.003555268261150614,0.006425563109416548,0.24125699800489928,0.0,0.000626049880838903,0.0,,0.0006243906695430261,793.4226190476303,0.00029232323389104546,0.0006260498808389022,0.0,0.25643911410718134,0.0
4932.YOL145C,0.003232062055591467,0.006164606930411465,0.22961077665542584,0.0,0.0007504417342133881,0.0,,0.0007749040096225589,752.9095238095337,0.0004046552020153842,0.0007504417342133888,0.0,0.24334503031982022,0.0
4932.YNL061W,0.002585649644473174,0.0006194299906230972,0.21413139845393647,0.0,0.0020295362062016944,0.0,,0.0020748984857709594,696.2444444444524,0.0005121413493889116,0.0020295362062016987,0.0,0.225030525030525,0.0
4932.YAL020C,0.0003232062055591467,2.4676334887616243e-06,0.148509230056629,0.0,0.0,0.0,,0.0,470.74484126985715,1.826327149697264e-05,0.0,0.0,0.1521476539333682,0.0
4932.YOL032W,0.0006464124111182935,6.620610243645919e-05,0.17563616179405578,0.0,0.000621333365100125,0.0,,0.000621333365100125,562.4218253968268,3.52204030807455e-05,0.0006213333651001239,0.0,0.18177822411015687,0.0
4932.YLR234W,0.005817711700064641,0.024764851067249224,0.25668080895753365,0.0,0.004159884746605011,0.0,,0.004145113917847704,855.2619047619198,0.001538411732906369,0.0041598847466049966,0.0,0.27642595499738354,0.0
4932.YAL022C,0.0003232062055591467,5.84959624233692e-34,0.00043094160741219563,0.0,0.0,0.0,,0.0,1.5,9.846748508830331e-06,0.0,0.0,0.0004848093083387201,0.0
4932.YJL093C,0.0006464124111182935,8.272578340319567e-34,0.0006464124111182935,0.0,2.089920501514043e-07,0.0,,2.089920501514043e-07,2.0,1.0209745209174888e-05,2.089920501514043e-07,0.0,0.0006464124111182935,0.0
4932.YAL023C,0.0006464124111182935,0.0002569410678884252,0.1949968737626229,0.0,0.00011766808938479712,0.0,,0.00013628992248397625,627.0837301587328,0.0005311792299169965,0.00011766808938479415,0.0,0.20267735299247905,0.0
4932.YDR044W,0.0009696186166774402,4.616105218651722e-05,0.16805727039153742,0.0,6.96637205492333e-06,0.0,,9.877618461699905e-06,536.9912698412749,0.00011244332106628511,6.966372054923322e-06,0.0,0.1735589107437847,0.0
4932.YDL014W,0.0029088558500323207,0.006847368981956725,0.24455934377278224,0.0,0.0026448196752068224,0.0,,0.002784533560682274,805.6011904762017,0.0024734604436639634,0.0026448196752068345,0.0,0.26037530396774095,0.0
4932.YAL025C,0.0009696186166774402,7.185687352500337e-05,0.18080160453861566,0.0,1.1116329761615444e-05,0.0,,1.802144859254857e-05,580.2587301587313,8.707337054233489e-05,1.1116329761615412e-05,0.0,0.187543222417172,0.0
4932.YLR387C,0.0009696186166774402,0.0006204087022105526,0.20585109594297196,0.0,0.00015363096766054022,0.0,,0.00015706558226269825,665.817063492069,0.00010258152486215561,0.0001536309676605407,0.0,0.21519620668780334,0.0
4932.YLR166C,0.0006464124111182935,0.0006034603852298462,0.20832634961084767,0.0,0.0002654512712565342,0.0,,0.0002814173829232532,674.4547619047678,0.00011804083205032161,0.00026545127125653177,0.0,0.21798796441653584,0.0
4932.YBR267W,0.0016160310277957336,0.0007042071319470789,0.21083075222066905,0.0,0.00030461438752411266,0.0,,0.0003070506500573495,684.8218253968321,0.00034559114767502587,0.0003046143875241112,0.0,0.22133866367059643,0.0
4932.YAL026C,0.002585649644473174,0.0008878311527083431,0.22244604850673502,0.0,0.0009180009089821129,0.0,,0.0010508010743155581,726.0170634920732,0.00033145395410779163,0.0009180009089821148,0.0,0.23465322026246396,0.0
4932.YDL230W,0.004848093083387201,0.010767337477141278,0.258047857858824,0.0,0.002536215172843071,0.0,,0.002584372286768491,855.4511904762055,0.00011407981575780064,0.0025362151728430746,0.0,0.2764871333148644,0.0
4932.YJR036C,0.003232062055591467,0.003798926054492236,0.22803559104658996,0.0,0.0013969895534897596,0.0,,0.0015852270177935336,749.3527777777862,0.000787474346767939,0.0013969895534897566,0.0,0.24219546793076205,0.0
4932.YHR039C,0.005171299288946348,0.0035652100292613976,0.2318642363014074,0.0,0.0016793518511704205,0.0,,0.0016478831768475834,765.2642857142948,0.0005423529536088294,0.0016793518511704203,0.0,0.24733816603564504,0.0
4932.YDR280W,0.0016160310277957336,0.0035217063446751668,0.2299987263142692,0.0,0.000572321972431775,0.0,,0.0006495433451276884,750.4702380952468,0.0008275778425814808,0.0005723219724317754,0.0,0.24255663803983132,0.0
4932.YLR430W,0.0006464124111182935,9.253734397791062e-05,0.19300885621227815,0.0,2.5674087201468084e-05,0.0,,2.85577121656076e-05,621.4801587301596,2.390499955381154e-06,2.5674087201468094e-05,0.0,0.20086624393347086,0.0
4932.YAR003W,0.002262443438914027,0.0015839031874892984,0.22431372954802667,0.0,0.0011357405619944793,0.0,,0.0012483713545385414,732.5571428571518,0.0011715864357637014,0.0011357405619944825,0.0,0.23676701449810691,0.0
4932.YGR083C,0.0016160310277957336,0.0002693408646930499,0.2002419563855458,0.0,0.0002531740961172829,0.0,,0.00031602366768041797,648.9670634920675,0.0006542871995831522,0.00025317409611728297,0.0,0.2097501821241317,0.0
4932.YHL030W,0.001292824822236587,0.00022264043973919896,0.2044232100514911,0.0,0.00013844986502460377,0.0,,0.00018702729968085255,660.8753968254003,0.0003368160265428351,0.00013844986502460426,0.0,0.21359902935533187,0.0
4932.YAL029C,0.005494505494505494,0.014430308334575174,0.26142242060905824,0.0,0.002390571677218688,0.0,,0.0022184514464750594,870.6607142857308,0.0023619824900992063,0.002390571677218689,0.0,0.28140294579370206,0.0
4932.YMR062C,0.003232062055591467,0.0034740022112677267,0.23590148286516355,0.0,0.0009380663373353824,0.0,,0.0010816037144435488,775.9547619047725,0.0038564987080876925,0.0009380663373353813,0.0,0.25079339428078923,0.0
4932.YJL164C,0.020361990950226245,0.08508337568739589,0.30502071802817454,0.0,0.018453834923721577,0.0,,0.016382786647844493,1043.5261904762108,0.0033891061936663688,0.01845383492372161,0.0,0.33727414042540094,0.0
4932.YDL166C,0.0016160310277957336,0.0014802001927347731,0.21651550173142858,0.0,0.00029756361247777735,0.0,,0.00031954658395930635,705.4654761904821,0.002228132086825474,0.0002975636124777772,0.0,0.2280108197125004,0.0
4932.YPL203W,0.019069166127989656,0.07733155481010555,0.3044035959280217,0.0,0.017022963998245697,0.0,,0.01550361727971298,1038.7357142857352,0.0037833655220618975,0.017022963998245686,0.0,0.3357258287930557,0.0
4932.YKL002W,0.0029088558500323207,0.0037205332454406503,0.23231647048842355,0.0,0.0009894806538196389,0.0,,0.0010621178985968603,763.5916666666755,0.002172738744018384,0.000989480653819641,0.0,0.24679756517991813,0.0
4932.YKR048C,0.003232062055591467,0.02302956803259147,0.25313505440184647,0.0,0.001501310360123349,0.0,,0.001571189459518558,836.9678571428715,0.0026913381010348525,0.0015013103601233529,0.0,0.27051320528211287,0.0
4932.YOR212W,0.005494505494505494,0.010055820969123198,0.2501009771968549,0.0,0.002244892311496061,0.0,,0.0022931527230050596,831.4107142857279,0.0005265706997393815,0.002244892311496059,0.0,0.26871710222550554,0.0
4932.YGL238W,0.002262443438914027,0.0011243824975447694,0.21690979356248968,0.0,0.0013747779328684743,0.0,,0.0013851985736485423,707.4440476190539,0.0008035466738940838,0.0013747779328684747,0.0,0.2286503062763567,0.0
4932.YOL016C,0.009372979961215255,0.042988161876036164,0.27558605700954897,0.0,0.0030478693497956646,0.0,,0.0029761661502776026,926.6321428571622,0.002394854526769951,0.0030478693497956767,0.0,0.29949325884199834,0.0
4932.YKL166C,0.01971557853910795,0.07049836903147903,0.2990536844188777,0.0,0.017866249758435187,0.0,,0.016673240957012177,1023.6023809524031,0.003866107934520991,0.017866249758435142,0.0,0.3308346415489273,0.0
4932.YBR023C,0.0019392372333548805,0.0017641187783024176,0.21991339098084867,0.0,0.00037585045590913423,0.0,,0.00039814733848849706,718.2238095238175,0.0006812028956234766,0.0003758504559091343,0.0,0.23213439221842586,0.0
4932.YDL159W,0.005817711700064641,0.013164605746672449,0.25356166128792373,0.0,0.0009128599687530663,0.0,,0.0009732596117312918,844.3857142857286,0.00018914836684550405,0.0009128599687530668,0.0,0.2729107027426355,0.0
4932.YOR231W,0.004848093083387201,0.008898903945656325,0.24977319085714741,0.0,0.001087938655428764,0.0,,0.0011657587430739967,829.398809523824,0.0005380111148853533,0.0010879386554287673,0.0,0.268066842121464,0.0
4932.YDL060W,0.004201680672268907,0.011539004245857323,0.2411552361532016,0.0,0.0014507821772716148,0.0,,0.0013803894487837598,796.1095238095336,0.0018232247780454755,0.0014507821772716187,0.0,0.2573075383999754,0.0
4932.YMR001C,0.006464124111182934,0.013688240532561262,0.25237522462788486,0.0,0.0033717583169079295,0.0,,0.003458824982532634,841.9285714285853,0.0011218216253421334,0.003371758316907936,0.0,0.2721165389232616,0.0
4932.YAL030W,0.0006464124111182935,2.3352254815834007e-05,0.1736411449529279,0.0,9.655023888571263e-06,0.0,,1.6238156832573183e-05,555.0051587301601,0.00039455542072994805,9.65502388857124e-06,0.0,0.17938111141892657,0.0
4932.YER069W,0.002262443438914027,0.00011553733534764245,0.20038231945605298,0.0,0.0014642201676133375,0.0,,0.0016001513126375978,650.0206349206396,0.002313472888931982,0.001464220167613338,0.0,0.21009070294784582,0.0
4932.YDR122W,0.0009696186166774402,0.0005110140841786824,0.1981186616785676,0.0,0.000360202783531752,0.0,,0.00035195318856414234,638.5476190476215,2.1390876999807883e-06,0.0003602027835317521,0.0,0.20638255302120848,0.0
4932.YAL032C,0.0006464124111182935,9.276316209365616e-05,0.17752308075265802,0.0,0.0,0.0,,0.0,568.3019841269861,0.0006261936162899729,0.0,0.0,0.18367872790141698,0.0
4932.YDL018C,0.0009696186166774402,9.288775170954088e-05,0.1775451319396343,0.0,0.001242248746099947,0.0,,0.001242248746099947,568.9686507936527,0.0008294777876845036,0.001242248746099945,0.0,0.18389419870512308,0.0
4932.YMR304W,0.0019392372333548805,0.0023958109559138467,0.2176695476555282,0.0,0.00287608260110901,0.0,,0.0028288737347815316,709.4575396825477,0.00062406540923111,0.0028760826011090313,0.0,0.22930107940612143,0.0
4932.YAL035W,0.002262443438914027,0.00032448605889441335,0.20931787137439056,0.0,0.00046208145196930224,0.0,,0.0005464010930542691,681.5130952381015,0.001260842416568943,0.0004620814519693022,0.0,0.22026926155077417,0.0
4932.YJL130C,0.0019392372333548805,0.0002609916666340599,0.2111733891822451,0.0,0.0005382505724855865,0.0,,0.0006208588220806157,688.2976190476261,0.0007701384762804121,0.0005382505724855878,0.0,0.22246206174777602,0.0
4932.YGR143W,0.001292824822236587,0.00018513516579719236,0.19725739507038723,0.0,5.0505188536330663e-05,0.0,,5.5900493067084364e-05,637.9678571428589,0.00021083857721905107,5.050518853633068e-05,0.0,0.20619517037584265,0.0
4932.YPR094W,0.0016160310277957336,0.003971524139895205,0.23674154611677448,0.0,0.000561823160084507,0.0,,0.0005826211433900065,777.0654761904871,0.0005792158704601375,0.0005618231600845064,0.0,0.2511523840305353,0.0
4932.YPR159W,0.0016160310277957336,0.00020606312384271875,0.19755730265100566,0.0,7.630552959124745e-05,0.0,,8.800332292618834e-05,639.6916666666685,0.0002316787085848623,7.630552959124741e-05,0.0,0.20675231631113986,0.0
4932.YJR109C,0.002585649644473174,0.0004043059403511386,0.21790183469472152,0.0,0.0006723090940488981,0.0,,0.0008091930394388598,710.8369047619118,0.003963746870380134,0.0006723090940488962,0.0,0.2297468987595038,0.0
4932.YDL236W,0.003232062055591467,0.0019137156357232285,0.2295738973144918,0.0,0.0029806479420466875,0.0,,0.003271456602034021,753.8619047619148,0.002546717946799582,0.002980647942046695,0.0,0.24365284575368606,0.0
4932.YAL036C,0.001292824822236587,0.000951668954190615,0.21008702648343144,0.0,0.0001571338151095049,0.0,,0.0001800925503456362,682.7361111111175,0.00047585487500347403,0.00015713381510950504,0.0,0.22066454787043022,0.0
4932.YMR308C,0.0016160310277957336,0.0004662734644296225,0.20876755782955173,0.0,0.0007563056522159116,0.0,,0.0007993210411306865,677.5265873015924,0.0014495655124072502,0.0007563056522159118,0.0,0.218980797447184,0.0
4932.YPL259C,0.004201680672268907,0.009671442176661046,0.24424591330827508,0.0,0.0027924883588713897,0.0,,0.002826564722939843,807.9380952381081,0.0013589587116100109,0.0027924883588713867,0.0,0.2611306060885893,0.0
4932.YNL220W,0.003555268261150614,0.0016652516747267699,0.2311704811062633,0.0,0.0021741875314358027,0.0,,0.002346704522440828,758.7107142857242,0.001384665962001328,0.002174187531435802,0.0,0.24522001108135563,0.0
4932.YGL115W,0.003555268261150614,0.01373130183563813,0.2508691680000045,0.0,0.0014130732604427053,0.0,,0.0014212427172992407,830.9488095238235,0.0015776940875869012,0.0014130732604427081,0.0,0.26856781174008065,0.0
4932.YAL038W,0.008403361344537815,0.006057415931653555,0.2523306707882471,0.0,0.00411231994540604,0.0,,0.003809688643625826,842.2035714285853,0.004733190143157241,0.004112319945406049,0.0,0.27220542062979036,0.0
4932.YLL048C,0.008726567550096962,0.009305321097425304,0.2580245662388349,0.0,0.003040402889163333,0.0,,0.002895325148413963,862.6297619047765,4.6487422481137264e-05,0.0030404028891633413,0.0,0.2788072921476283,0.0
4932.YLL015W,0.006464124111182934,0.009889952304521537,0.2619254324134187,0.0,0.0022794025482123833,0.0,,0.0021893580477841596,870.7226190476352,7.659137780729445e-05,0.0022794025482123868,0.0,0.28142295379690335,0.0
4932.YDR074W,0.004848093083387201,0.0048780483186400495,0.24812552463849075,0.0,0.003781871630567017,0.0,,0.0038521727807614378,821.5571428571556,0.000384627414668445,0.0037818716305670253,0.0,0.265532366792871,0.0
4932.YGR281W,0.008403361344537815,0.01132858789898147,0.2667152611830614,0.0,0.004874408011477924,0.0,,0.004870690028967022,890.946428571446,0.00010362259384330503,0.004874408011477926,0.0,0.28795941453504476,0.0
4932.YML070W,0.001292824822236587,0.0008419655428974605,0.2188192107593426,0.0,0.00010193889717218187,0.0,,9.733231122045396e-05,710.6500000000062,0.0005556641444805417,0.00010193889717218198,0.0,0.22968648998060762,0.0
4932.YML100W,0.001292824822236587,0.0013380969205021023,0.22227308680196345,0.0,0.00015578631761475745,0.0,,0.00016183717099045104,724.965476190483,0.00022533413742689448,0.00015578631761475802,0.0,0.23431334072090376,0.0
4932.YFL053W,0.001292824822236587,0.0008419655428974605,0.2188192107593426,0.0,0.00010193889717218187,0.0,,9.733231122045396e-05,710.6500000000061,0.0004328115226205283,0.00010193889717218198,0.0,0.22968648998060762,0.0
4932.YDR148C,0.009049773755656108,0.018125802527865366,0.27011756301238327,0.0,0.007829623007674983,0.0,,0.007677709266060154,907.9702380952561,0.0020931829703241386,0.007829623007674999,0.0,0.29346161541539695,0.0
4932.YDR135C,0.007756948933419522,0.01865347173647226,0.2732677726183015,0.0,0.005537345682874381,0.0,,0.005194915079437777,911.9892857143055,0.0001877662939483604,0.005537345682874403,0.0,0.2947605965463108,0.0
4932.YKL152C,0.0019392372333548805,0.0009638471454681742,0.22357689420929547,0.0,0.00035147049962370064,0.0,,0.0003648629364813103,731.1313492063567,0.0014373308104760148,0.00035147049962370097,0.0,0.2363061891423236,0.0
4932.YHL035C,0.0074337427278603745,0.008619514306791847,0.25309023190438706,0.0,0.0016069319262343278,0.0,,0.0014329624787789417,842.8130952381085,3.838111350983894e-05,0.0016069319262343275,0.0,0.27240242250746455,0.0
4932.YDR012W,0.001292824822236587,0.0005019781406883783,0.203405021300701,0.0,0.0006568529313842028,0.0,,0.0006568577152411038,659.7551587301626,6.222823731419809e-05,0.0006568529313842026,0.0,0.21323696145124718,0.0
4932.YNL163C,0.0029088558500323207,0.0007535868326200689,0.21479105637989718,0.0,0.0013592513213364866,0.0,,0.0013936764982114163,704.0730158730225,0.0006800060251248014,0.001359251321336484,0.0,0.22756076789690233,0.0
4932.YKL173W,0.0016160310277957336,0.0007774797486580428,0.21125141659474223,0.0,0.00010660580800595744,0.0,,0.00010519202990745896,688.9444444444508,0.000741342975897212,0.00010660580800595731,0.0,0.22267111972994327,0.0
4932.YNL320W,0.002262443438914027,0.016053249621911153,0.25742045649347606,0.0,0.0006983677648854078,0.0,,0.0007326161306112056,852.4928571428719,0.00019995099123162758,0.000698367764885406,0.0,0.2755309816234186,0.0
4932.YOR133W,0.004524886877828054,0.001358966408602445,0.22898543490548315,0.0,0.0012706193520208933,0.0,,0.0013542532712183836,755.5575396825494,0.0010066514304648705,0.0012706193520208957,0.0,0.24420088548239807,0.0
4932.YMR261C,0.0009696186166774402,0.0013144023073045567,0.22120669885940197,0.0,5.841600541459758e-05,0.0,,4.841215909812072e-05,720.9250000000063,0.0002789199048268674,5.841600541459762e-05,0.0,0.23300743374272784,0.0
4932.YCL030C,0.0029088558500323207,0.0014380000323985372,0.2287838470876392,0.0,0.0012943642822755748,0.0,,0.0014939347316228525,749.2821428571506,0.0047068770494204356,0.001294364282275579,0.0,0.24217263828608365,0.0
4932.YJR010W,0.002585649644473174,0.0025735934102369576,0.22043909387415575,0.0,0.0009598974513363451,0.0,,0.0009761342259177697,720.7301587301658,0.006635509077919772,0.0009598974513363443,0.0,0.2329444598352161,0.0
4932.YKL001C,0.006464124111182934,0.008668241426227238,0.2492287854716697,0.0,0.005073126929215715,0.0,,0.005049817524589297,829.7202380952506,0.02272082467953617,0.005073126929215746,0.0,0.2681707298303937,0.0
4932.YKR104W,0.012281835811247576,0.01773134131556658,0.2727463189924675,0.0,0.009330850845246048,0.0,,0.009285688561913167,919.2630952381145,0.0005387584065620618,0.00933085084524606,0.0,0.2971115369224613,0.0
4932.YKR103W,0.004524886877828054,0.007082880445476514,0.24933747661230282,0.0,0.0007084900592727366,0.0,,0.0006492936207939839,826.6503968254095,0.0003554476193097642,0.000708490059272735,0.0,0.2671785380818994,0.0
4932.YDR385W,0.005171299288946348,0.0036214641136880555,0.24778141365693437,0.0,0.0030965205841396405,0.0,,0.003255252393537201,821.403571428584,0.0010182464896133791,0.003096520584139652,0.0,0.26548273155416013,0.0
4932.YHR075C,0.001292824822236587,0.003128908511463207,0.2357458493617064,0.0,0.00020639216580911013,0.0,,0.000246629771854987,772.6063492063586,0.00099735542758805,0.00020639216580911003,0.0,0.24971116651788922,0.0
4932.YBR031W,0.0009696186166774402,0.0005012808483946901,0.20337607920888245,0.0,3.5519566284078863e-05,0.0,,3.552435014098064e-05,659.0884920634959,6.143186700151255e-05,3.5519566284078816e-05,0.0,0.21302149064754106,0.0
4932.YBR126C,0.006464124111182934,0.012240839791311938,0.2586081209842638,0.0,0.006681826202830476,0.0,,0.006491412377953107,860.9261904762067,0.0012129375012324389,0.0066818262028304955,0.0,0.27825668729030073,0.0
4932.YAL039C,0.002262443438914027,0.006818392973339677,0.24314486428170892,0.0,0.0014478670203676134,0.0,,0.0016674250207007555,798.3250000000131,0.003139831173721002,0.0014478670203676167,0.0,0.25802359405300584,0.0
4932.YER141W,0.005171299288946348,0.007557481182236491,0.2525982300397678,0.0,0.0033185359304133454,0.0,,0.0035137664802159527,837.355952380965,0.004593697780324556,0.0033185359304133506,0.0,0.27063864007141314,0.0
4932.YER100W,0.003232062055591467,0.000986879839482864,0.22016744988909825,0.0,0.001561983623617955,0.0,,0.0017683925079055118,720.4630952381023,0.002322957798255457,0.0015619836236179555,0.0,0.23285814325730292,0.0
4932.YGR172C,0.003555268261150614,0.0005769156375092325,0.2266255089075671,0.0,0.0026300581829168564,0.0,,0.0029299787438123916,741.759523809533,0.004042875752545977,0.0026300581829168594,0.0,0.23974128112783574,0.0
4932.YOL058W,0.002585649644473174,0.001228254031151026,0.23087176299144338,0.0,0.0014108703244191923,0.0,,0.0016811923423274602,757.9916666666763,0.003833281966946369,0.0014108703244191966,0.0,0.2449876104287869,0.0
4932.YAL041W,0.0006464124111182935,5.611418139824757e-05,0.1876126645245161,0.0,0.0,0.0,,0.0,602.2043650793668,0.0003888715591275078,0.0,0.0,0.1946361878084567,0.0
4932.YNL256W,0.0016160310277957336,0.00030819514326409464,0.21030340391084026,0.0,0.00025784494506450286,0.0,,0.00030608440660647964,680.726190476197,0.0004433601882187171,0.00025784494506450237,0.0,0.2200149290485425,0.0
4932.YOR356W,0.0019392372333548805,0.00119731959916767,0.22583774445884436,0.0,0.0013357038696913473,0.0,,0.001395220890084243,739.1988095238172,0.0012837482491844295,0.0013357038696913497,0.0,0.2389136423800289,0.0
4932.YAL042W,0.0016160310277957336,0.0006171171852304351,0.2138910714074113,0.0,0.0010182512161594117,0.0,,0.0011175515943796115,696.1607142857223,0.0011830300919512013,0.0010182512161594154,0.0,0.22500346292363102,0.0
4932.YBR294W,0.0006464124111182935,6.343577102753783e-05,0.17886711108497383,0.0,2.2005586207111153e-05,0.0,,3.205464059352535e-05,573.5321428571455,8.900688358026083e-05,2.2005586207111156e-05,0.0,0.18536914765906362,0.0
4932.YGL095C,0.005171299288946348,0.012620892996630512,0.24754539048840077,0.0,0.001963938452799688,0.0,,0.001986868553701607,819.9083333333472,0.0038199698500637693,0.0019639384527996915,0.0,0.26499946132299074,0.0
4932.YLR092W,0.0006464124111182935,4.397727442224882e-05,0.18135216452198513,0.0,1.7990117861113365e-05,0.0,,2.4551779318914112e-05,582.0952380952394,7.590057286183082e-05,1.799011786111335e-05,0.0,0.18813679317881,0.0
4932.YNL247W,0.004848093083387201,0.0027107225597230123,0.23709497962677714,0.0,0.003697905166251417,0.0,,0.003974231560017769,781.8988095238207,0.00397001550855482,0.003697905166251419,0.0,0.2527145473574045,0.0
4932.YOR246C,0.003878474466709761,0.0011206767879609484,0.2301098099782703,0.0,0.0033689679534907725,0.0,,0.0036491961760719968,757.8154761904871,0.0005395279225270013,0.0033689679534907764,0.0,0.2449306645735217,0.0
4932.YAL044C,0.002262443438914027,0.004990481629993732,0.2334929485714328,0.0,0.0007208103241975994,0.0,,0.000673774135129475,766.869047619059,0.0012138104990369579,0.0007208103241976032,0.0,0.247856835041709,0.0
4932.YPL132W,0.003878474466709761,0.00127214931989871,0.22703948609006844,0.0,0.0013000815728506979,0.0,,0.0014899101721821963,745.1123015873106,0.0067336369481101775,0.0013000815728506985,0.0,0.24082491971147432,0.0
4932.YBR263W,0.004524886877828054,0.011784924546364615,0.2556707064985289,0.0,0.0012894700117331978,0.0,,0.0011748092688775857,847.4702380952506,0.002086057308052003,0.0012894700117332036,0.0,0.27390763997906853,0.0
4932.YLR058C,0.004524886877828054,0.012136215158062685,0.2550092925388092,0.0,0.001342977261356213,0.0,,0.0011853163840178423,845.5202380952503,0.002267826053835891,0.0013429772613562142,0.0,0.2732773878782282,0.0
4932.YAL048C,0.002585649644473174,0.004319656092234155,0.24052622375768212,0.0,0.0017207008688623208,0.0,,0.0018343586702539007,789.875000000011,0.001705475871276054,0.0017207008688623294,0.0,0.255292501616031,0.0
4932.YML079W,0.0003232062055591467,0.00016098736827875555,0.1923983153425799,0.0,0.0,0.0,,0.0,617.139682539685,0.00024061264077332968,0.0,0.0,0.1994633750936272,0.0
4932.YPL160W,0.002585649644473174,0.0022325660922214705,0.23284631175043186,0.0,0.0010263751221901447,0.0,,0.0010995502758845276,762.3857142857253,0.0012079796330311293,0.0010263751221901449,0.0,0.24640779388678546,0.0
4932.YJL143W,0.0029088558500323207,0.0015186203454848938,0.22512633244290847,0.0,0.0018897844257342413,0.0,,0.0019867544949629667,737.0809523809605,0.0014915636287546445,0.001889784425734238,0.0,0.23822913780896973,0.0
4932.YDR268W,0.004524886877828054,0.0026745896921123035,0.2290955417022,0.0,0.0024344823517084137,0.0,,0.0028206292119563542,755.3123015873115,0.005057303137204934,0.0024344823517084115,0.0,0.24412162300817764,0.0
4932.YNL016W,0.0019392372333548805,0.0014498835744645444,0.21538985603978691,0.0,0.0007429026820640978,0.0,,0.0007598452892079408,702.3015873015935,0.0003176797572413435,0.0007429026820640972,0.0,0.22698823118991188,0.0
4932.YPR141C,0.004524886877828054,0.020274520003924015,0.26410330463415116,0.0,0.00404914553405916,0.0,,0.004202975294519491,877.7011904762061,0.0002899880631521408,0.004049145534059153,0.0,0.28367847138855545,0.0
4932.YAL049C,0.0029088558500323207,0.0035100030264966545,0.23907787650414417,0.0,0.001196122084307902,0.0,,0.0015029321679545563,784.6916666666776,0.0011276582789231278,0.001196122084307901,0.0,0.2536172161172161,0.0
4932.YPL109C,0.0029088558500323207,0.002428058629323881,0.23713431516881392,0.0,0.001680401992773737,0.0,,0.001937897211388107,777.9928571428677,0.001305735709407164,0.001680401992773737,0.0,0.25145211930926215,0.0
4932.YJL172W,0.002262443438914027,0.0011418869226407743,0.22179022184498812,0.0,0.0011422331554708383,0.0,,0.0012943142698957693,723.8607142857226,0.00045800159531562203,0.0011422331554708368,0.0,0.23395627481761935,0.0
4932.YNL307C,0.010989010989010988,0.0630360077525227,0.29086835260073785,0.0,0.005121592200144734,0.0,,0.0048935187054031685,981.7023809524025,3.932194169271607e-05,0.0051215922001447405,0.0,0.317292301535999,0.0
4932.YNR019W,0.002585649644473174,0.007871359658125408,0.24387085560143762,0.0,0.0017874922664509081,0.0,,0.0017678063024789779,803.0202380952506,0.0006530817634735579,0.0017874922664509085,0.0,0.2595411241419645,0.0
4932.YCR048W,0.0009696186166774402,0.001668089013552426,0.21586152453069937,0.0,4.6312688536626335e-05,0.0,,5.607394699776313e-05,701.0753968254021,0.00033169957878868833,4.6312688536626294e-05,0.0,0.22659191881880958,0.0
4932.YER140W,0.001292824822236587,0.001904468743154173,0.21939018951343453,0.0,0.00010874463179381177,0.0,,0.00014529961631012294,714.6206349206427,0.0004910296650068905,0.00010874463179381158,0.0,0.23096982382696668,0.0
4932.YOL119C,0.0019392372333548805,0.0007287216610609284,0.20970174364437,0.0,0.0010267341271772957,0.0,,0.0010929448762215831,681.127380952387,0.00011327650035518081,0.0010267341271772985,0.0,0.22014459630005848,0.0
4932.YBL092W,0.003555268261150614,0.0027913260817855503,0.23146997322753457,0.0,0.0024859135582399466,0.0,,0.0026519461115356814,763.2619047619161,0.00557768252077134,0.002485913558239948,0.0,0.24669098408594206,0.0
4932.YAL054C,0.003232062055591467,0.0010623773242853594,0.2327515200586266,0.0,0.0009978171305297353,0.0,,0.0011105707456474077,763.0642857142957,0.0007398937671307036,0.0009978171305297366,0.0,0.2466271123834149,0.0
4932.YHL016C,0.0029088558500323207,0.0014818844681680498,0.22812657963131847,0.0,0.0020162037567519,0.0,,0.002052303181253912,748.3785714285809,0.0010102390324219248,0.002016203756751904,0.0,0.24188059839320342,0.0
4932.YLR231C,0.0016160310277957336,0.0012766493334291694,0.22778120871394836,0.0,0.0005596456915877243,0.0,,0.0005853347756051679,744.4642857142939,0.001368579976198754,0.0005596456915877238,0.0,0.24061547696001476,0.0
4932.YJR006W,0.0019392372333548805,0.000521887145695256,0.21597568520399302,0.0,0.0004316308114153099,0.0,,0.0005075485578922508,702.4273809523888,0.0007678137231761881,0.00043163081141530996,0.0,0.22702888847846833,0.0
4932.YPR002W,0.0016160310277957336,0.00026300180726513783,0.20993274358229064,0.0,0.0002926129461924647,0.0,,0.0003700456370914667,681.1444444444496,0.0016849887819816816,0.00029261294619246513,0.0,0.22015011132658194,0.0
4932.YLR220W,0.0006464124111182935,0.00010731707172510465,0.1943208598572532,0.0,5.676887034729745e-07,0.0,,6.839044150767128e-07,624.6313492063508,0.00017368581861558946,5.676887034729751e-07,0.0,0.20188472825027448,0.0
4932.YHR024C,0.0029088558500323207,0.0011277101224388788,0.22478997950460422,0.0,0.0007908168127867912,0.0,,0.000941362220217184,735.5500000000079,0.0006324029896974408,0.0007908168127867916,0.0,0.23773432449903037,0.0
4932.YDR226W,0.003878474466709761,0.0016756692343447054,0.23353109789723484,0.0,0.0019152476794558632,0.0,,0.0020149957941489713,767.2468253968356,0.000447822176999381,0.0019152476794558647,0.0,0.24797893516380912,0.0
4932.YER061C,0.0074337427278603745,0.010393686044905105,0.26550145531346264,0.0,0.010008151708610757,0.0,,0.010063372647511795,886.8440476190635,0.004131926158689826,0.010008151708610807,0.0,0.2866334995536676,0.0
4932.YBR115C,0.003232062055591467,0.0016888223432350942,0.23709497962677714,0.0,0.0022719848345718373,0.0,,0.0024793288103901164,780.1178571428682,0.0029135744968478367,0.002271984834571848,0.0,0.25213893249607533,0.0
4932.YBR087W,0.003232062055591467,0.009968344050184888,0.2535841541169211,0.0,0.002185843374359217,0.0,,0.0022748580513915462,838.7916666666802,0.0028056936368623816,0.00218584337435924,0.0,0.27110267183796594,0.0
4932.YAL058W,0.003555268261150614,0.002246009011656889,0.23120787523132091,0.0,0.00135140343391107,0.0,,0.0015910385414916071,761.4515873015976,0.001998676038522802,0.001351403433911071,0.0,0.2461058782487354,0.0
4932.YJR105W,0.001292824822236587,0.005940163885681992,0.21574748448000391,0.0,0.00012722240202980254,0.0,,0.000139120427984538,700.9480158730223,0.00035985682540626523,0.00012722240202980278,0.0,0.22655074850453,0.0
4932.YFL018C,0.007110536522301228,0.007102903817391772,0.25865491941368546,0.0,0.005375170155025076,0.0,,0.0055851121947949394,862.6869047619194,0.003095496034610942,0.005375170155025079,0.0,0.27882576107366025,0.0
4932.YNL238W,0.0016160310277957336,0.000966992223475955,0.22179022184498812,0.0,0.0008095023199044195,0.0,,0.0009508455574292895,723.032142857151,0.0014239913762396736,0.0008095023199044217,0.0,0.23368847539015605,0.0
4932.YPL017C,0.004201680672268907,0.0028443884807477096,0.24318623303786063,0.0,0.0012389959535040382,0.0,,0.0013031474537130371,804.815476190488,0.0013849539517303824,0.0012389959535040386,0.0,0.2601213562348016,0.0
4932.YNR015W,0.002262443438914027,0.0004661846652951928,0.2069538962832152,0.0,0.0007593461977039,0.0,,0.000792168215362314,674.3313492063561,0.0005826562365097017,0.0007593461977039009,0.0,0.21794807666656404,0.0
4932.YEL037C,0.005494505494505494,0.029651183420334896,0.2595473188087935,0.0,0.0025599110361392424,0.0,,0.0025511904117343173,862.2273809523961,0.0005380442198140401,0.0025599110361392407,0.0,0.27867724012681994,0.0
4932.YPL218W,0.004524886877828054,0.0030772301140445583,0.2291873782859017,0.0,0.00210318947570779,0.0,,0.002300564386766989,755.3027777777863,0.0038933998229329766,0.0021031894757077914,0.0,0.244118544853839,0.0
4932.YER009W,0.0029088558500323207,0.004453911267787535,0.22055814901319742,0.0,0.0016311265035356727,0.0,,0.001645511555651691,721.7194444444528,0.002999978592222842,0.0016311265035356768,0.0,0.2332642031171443,0.0
4932.YAL060W,0.004848093083387201,0.009273851303633118,0.2548047213976336,0.0,0.0015375705568432627,0.0,,0.0015549966690559,844.9273809523955,4.089801410224487e-05,0.0015375705568432647,0.0,0.2730857727706467,0.0
4932.YBR145W,0.0074337427278603745,0.027144182051516932,0.2594530921546607,0.0,0.0020369756355162103,0.0,,0.0016295000940263428,869.0369047619189,0.0007969023063537319,0.0020369756355162194,0.0,0.2808781204789608,0.0
4932.YNR072W,0.003878474466709761,0.005551770867603964,0.2305738158864375,0.0,0.0002662942641436429,0.0,,0.00023674473842748043,762.8607142857242,8.285029285607277e-06,0.00026629426414364303,0.0,0.24656131683442606,0.0
4932.YMR303C,0.008080155138978667,0.02809093262651867,0.26216564282465626,0.0,0.0027457739576586516,0.0,,0.0024316357596993123,879.4607142857299,0.0007674845259128614,0.0027457739576586607,0.0,0.2842471604026226,0.0
4932.YJL214W,0.0029088558500323207,0.0029016424807836024,0.226751342060764,0.0,0.00019871596751499566,0.0,,0.0002035931252155078,745.717857142867,4.82799501953842e-06,0.0001987159675149959,0.0,0.24102063902484072,0.0
4932.YOL086C,0.011958629605688428,0.03162606216592648,0.2739749060149561,0.0,0.009635726914341003,0.0,,0.009314942491830187,924.7500000000173,0.0009779033881971045,0.009635726914340963,0.0,0.29888493859082094,0.0
4932.YFL011W,0.004201680672268907,0.005721713722649354,0.23719334296050876,0.0,0.0008606910562763184,0.0,,0.0008575837187063966,786.5321428571541,5.752849495566694e-06,0.0008606910562763201,0.0,0.2542120694431619,0.0
4932.YDR232W,0.005494505494505494,0.0033928392187267615,0.2440999205328368,0.0,0.0030985820866391662,0.0,,0.003193136748929614,810.7428571428707,0.0018209467885472507,0.00309858208663917,0.0,0.2620371225413242,0.0
4932.YCR105W,0.005171299288946348,0.007582347457912808,0.24372531071362025,0.0,0.0009729472924328826,0.0,,0.001023401273820598,805.5214285714396,0.0005450856149954147,0.0009729472924328849,0.0,0.2603495244251547,0.0
4932.YMR083W,0.008403361344537815,0.027549201289580025,0.25917082224479165,0.0,0.002433194804966242,0.0,,0.0019329834643834589,869.0761904762049,0.0008348671774735093,0.002433194804966248,0.0,0.28089081786560777,0.0
4932.YKL145W,0.02068519715578539,0.04263320433687187,0.29765245411912244,0.0,0.0161849699194529,0.0,,0.015357795353591082,1017.9380952381177,0.0019873127138753215,0.016184969919452875,0.0,0.3290039092560101,0.0
4932.YLL055W,0.0016160310277957336,0.0007319843417197899,0.22177301546625694,0.0,0.00025012027499748827,0.0,,0.00033035291476629197,724.1690476190557,1.3986716618437286e-05,0.00025012027499748827,0.0,0.23405593006433345,0.0
4932.YDR536W,0.007110536522301228,0.00460942509536686,0.23998104175285861,0.0,0.0026088678331895915,0.0,,0.0027012788519277294,798.1095238095362,0.00015099111673454692,0.002608867833189595,0.0,0.2579539508110937,0.0
4932.YLR126C,0.004524886877828054,0.007828954293861936,0.24068823519070912,0.0,0.0008641176225937139,0.0,,0.0007775500784203813,797.4202380952507,0.0001228797077105363,0.0008641176225937163,0.0,0.25773116939083324,0.0
4932.YDL245C,0.003878474466709761,0.005634771941040479,0.23150746431487298,0.0,0.00034314740819340624,0.0,,0.0003468213972055886,765.9333333333435,8.27738968690034e-06,0.0003431474081934065,0.0,0.24755440637793577,0.0
4932.YAL061W,0.003232062055591467,0.00635691972718323,0.24127736068197603,0.0,0.0021352863042835945,0.0,,0.002168333730085167,794.9690476190613,0.0001451551576627666,0.002135286304283595,0.0,0.256938929417921,0.0
4932.YKL163W,0.0006464124111182935,0.0002372254582699003,0.19293069915367833,0.0,0.001242248746099947,0.0,,0.001242248746099947,620.6920634920655,2.106214273850279e-06,0.0012422487460999451,0.0,0.20061152666194684,0.0
4932.YGR028W,0.012605042016806723,0.030260291734765698,0.29352645747613226,0.0,0.015483277230332704,0.0,,0.015820257655855076,990.9797619047838,0.0019111241512839948,0.015483277230332793,0.0,0.32029080863114473,0.0
4932.YAL062W,0.0029088558500323207,0.001272181081175783,0.21159542334271295,0.0,0.0005356264137701456,0.0,,0.0005144115152908752,690.8051587301649,0.00039131044320943114,0.0005356264137701454,0.0,0.22327251413385868,0.0
4932.YCR012W,0.005171299288946348,0.0022637563776744746,0.23156372372296896,0.0,0.005442221977028686,0.0,,0.005562795555977555,765.4988095238205,0.005323333881125979,0.005442221977028694,0.0,0.2474139655862345,0.0
4932.YDL080C,0.0029088558500323207,0.005399201690306376,0.22120669885940197,0.0,0.00015574871852987862,0.0,,0.00011740478178762264,723.9940476190561,0.00018319457274783868,0.00015574871852987878,0.0,0.23399936897836057,0.0
4932.YDR380W,0.0029088558500323207,0.005190335462727363,0.22326258742268446,0.0,0.00017456353614942464,0.0,,0.00014414376973671055,730.767857142866,0.0001279213799961698,0.00017456353614942583,0.0,0.23618870625173144,0.0
4932.YLR134W,0.003878474466709761,0.006393834913650051,0.23564868266095557,0.0,0.0005002481621918583,0.0,,0.00045211207877318303,776.7940476190586,0.0005014544765012512,0.0005002481621918605,0.0,0.25106465663188354,0.0
4932.YDR373W,0.002585649644473174,0.0010372220838494152,0.2185181294419853,0.0,0.0010804389220151038,0.0,,0.0011945966003095658,711.9515873015943,0.0019110428937319844,0.0010804389220151036,0.0,0.23010717107355763,0.0
4932.YGR087C,0.004201680672268907,0.006603001516507579,0.2363305364880995,0.0,0.0006749386159312556,0.0,,0.0006623424617795087,777.9880952381063,0.0004457953682524547,0.0006749386159312574,0.0,0.2514505802320928,0.0
4932.YER051W,0.0016160310277957336,0.0002228731387029589,0.19778967476372047,0.0,0.0007837710722844606,0.0,,0.0008146700748776264,642.3575396825438,0.0008634543251582392,0.0007837710722844598,0.0,0.20761394301310268,0.0
4932.YLR044C,0.004524886877828054,0.0065497112620778175,0.2374100298447016,0.0,0.0011282692453143863,0.0,,0.0011249870027894378,784.3273809523919,0.0007032716133988838,0.001128269245314387,0.0,0.25349947671376244,0.0
4932.YAL067C,0.0003232062055591467,5.6229351767221605e-06,0.1626083145256002,0.0,0.0,0.0,,0.0,517.7349206349306,2.3242901002154146e-07,0.0,0.0,0.16733513918387868,0.0
4932.YAR002C-A,0.0016160310277957336,0.0007672954973940891,0.21589412954913162,0.0,0.0008098548367307276,0.0,,0.0008355498025525001,703.4408730158782,0.0006557845609732049,0.0008098548367307277,0.0,0.22735645540267388,0.0
4932.YPR047W,0.002585649644473174,0.0018464614419012207,0.22265395820235626,0.0,0.0006685374422349434,0.0,,0.0008662257362503411,726.1119047619131,0.002785463515896461,0.0006685374422349429,0.0,0.23468387354941975,0.0
4932.YBR110W,0.0029088558500323207,0.0004233104763899382,0.20776612903263697,0.0,0.0008772854049557225,0.0,,0.0009693491186486852,677.4646825396889,0.0011654999904482913,0.0008772854049557213,0.0,0.21896078944398273,0.0
4932.YHR115C,0.0009696186166774402,0.0001445190512717643,0.19353152591971104,0.0,0.0004588721250468044,0.0,,0.00044412898324262183,623.2710317460346,0.00019210882718149225,0.0004588721250468028,0.0,0.20144506520556943,0.0
4932.YOR119C,0.0009696186166774402,4.655775138799138e-05,0.18395457975289908,0.0,0.00018997530460435877,0.0,,0.00022260168944281383,591.8416666666691,0.0005386614068064211,0.00018997530460435806,0.0,0.19128689937513468,0.0
4932.YDL140C,0.005171299288946348,0.0064073148717643195,0.24573662592281026,0.0,0.0029650596088690567,0.0,,0.00315196167396107,811.7047619047737,0.0013665758547462754,0.002965059608869056,0.0,0.26234801612952874,0.0
4932.YOR116C,0.006464124111182934,0.008716960151605349,0.2512881653797514,0.0,0.0033293889724372297,0.0,,0.0034617237140983407,833.4738095238231,0.0032050941838339267,0.003329388972437237,0.0,0.2693839074091175,0.0
4932.YGL211W,0.004524886877828054,0.024541430235395373,0.24883828075905742,0.0,0.0019678077345539114,0.0,,0.0019472315833447844,821.4940476190612,0.0022561904816627656,0.0019678077345539084,0.0,0.26551197402037735,0.0
4932.YDL174C,0.004524886877828054,0.001474664042574887,0.24162405285775096,0.0,0.003191077284236675,0.0,,0.0036454097695485473,799.1535714285824,0.002987611239074303,0.0031910772842366755,0.0,0.25829139348046914,0.0
4932.YJL194W,0.0003232062055591467,5.9035826134871504e-05,0.1818829400878063,0.0,0.0,0.0,,0.0,581.8853174603183,2.362719596085568e-06,0.0,0.0,0.1880689455269287,0.0
4932.YKL150W,0.001292824822236587,0.0004198457428300934,0.20588074680302856,0.0,0.00013494599298592025,0.0,,0.00015518697113672301,669.2892857142906,0.00011591007845848275,0.00013494599298592014,0.0,0.21631845045710593,0.0
4932.YAR007C,0.004848093083387201,0.04038080240988526,0.2642253599556384,0.0,0.003986748209279876,0.0,,0.0038375995144020137,879.2726190476367,0.0015208816314036797,0.00398674820927988,0.0,0.2841863668544341,0.0
4932.YLR389C,0.003878474466709761,0.003542123629912135,0.23311213971785466,0.0,0.002250955113781018,0.0,,0.0023761860719630984,765.038095238104,0.0014374250321961231,0.0022509551137810213,0.0,0.2472650598701019,0.0
4932.YHR065C,0.020038784744667096,0.1494861343635301,0.2999951904040352,0.0,0.00937568620680337,0.0,,0.00863362628155448,1023.4607142857373,0.0003005253851036577,0.009375686206803346,0.0,0.33078885400313973,0.0
4932.YHR200W,0.003555268261150614,0.004635339379694898,0.23762711299751052,0.0,0.0014335595312214469,0.0,,0.001507718952611717,780.8873015873136,0.0019017760602324462,0.0014335595312214516,0.0,0.25238762171535284,0.0
4932.YMR290C,0.019392372333548805,0.13698124315100166,0.2988036133960543,0.0,0.013507308662769101,0.0,,0.012817829875367562,1017.053571428595,0.00045208947175712086,0.013507308662769096,0.0,0.3287180256718072,0.0
4932.YFL002C,0.009696186166774402,0.07433349372822594,0.26899916903736254,0.0,0.0023699605191800114,0.0,,0.002440920028344042,903.8321428571596,6.774148120725272e-05,0.00236996051918002,0.0,0.29212415735524977,0.0
4932.YBR084C-A,0.0029088558500323207,0.006264051244114323,0.24726703307326806,0.0,0.0005297394105773033,0.0,,0.0005434830021584416,813.3083333333454,0.0017562044286768411,0.0005297394105773063,0.0,0.2628663003663004,0.0
4932.YBR058C,0.002585649644473174,0.001977518852723144,0.22750928526542394,0.0,0.001949210686249672,0.0,,0.0020075036648697117,744.5861111111187,0.0012696684683602105,0.0019492106862496817,0.0,0.24065485168426345,0.0
4932.YPL209C,0.025856496444731737,0.10778135710790925,0.31048703913979053,0.0,0.04370898565554874,0.0,,0.0439709677210635,1069.9261904762077,0.0024187264213952966,0.04370898565554875,0.0,0.3458067842521624,0.0
4932.YDL084W,0.02165481577246283,0.15896569823370021,0.29577384059597017,0.0,0.011826759316725898,0.0,,0.01075088654832453,1011.9940476190693,0.000631891599574838,0.011826759316725917,0.0,0.3270827561793948,0.0
4932.YBL004W,0.002262443438914027,0.0018993990000687761,0.21913792022691084,0.0,0.0023951371973708036,0.0,,0.00243332001606607,715.5503968254035,5.340496355890446e-05,0.0023951371973708227,0.0,0.2312703286442782,0.0
4932.YDR194C,0.006464124111182934,0.04961542142412889,0.25818769593208557,0.0,0.0016502566893650094,0.0,,0.001800984627715848,861.5785714285854,6.665966769870958e-05,0.0016502566893650114,0.0,0.27846754086249886,0.0
4932.YBL027W,0.0029088558500323207,0.006264051244114323,0.24726703307326806,0.0,0.0005297394105773033,0.0,,0.0005434830021584416,813.3083333333454,0.0017562044286763996,0.0005297394105773063,0.0,0.2628663003663004,0.0
4932.YDR021W,0.02068519715578539,0.16127721528764066,0.2993982163133695,0.0,0.008766148709719717,0.0,,0.007513916963672482,1023.7107142857376,0.0004251492363994702,0.008766148709719741,0.0,0.3308696555545295,0.0
4932.YJL033W,0.005494505494505494,0.049469254392943446,0.25938246705018164,0.0,0.0009539007455969486,0.0,,0.0010059605187273703,864.201190476205,0.00022624973178323113,0.0009539007455969537,0.0,0.27931518761350693,0.0
4932.YAR015W,0.0019392372333548805,0.0007223143910360999,0.2280719777692717,0.0,0.0007662428107346649,0.0,,0.0009460200994539387,745.8361111111212,0.004443883624830872,0.0007662428107346665,0.0,0.2410588594412124,0.0
4932.YGR185C,0.003555268261150614,0.0005856219306949809,0.21753703442356379,0.0,0.0009036928724452605,0.0,,0.0011015479818934368,713.4825396825474,0.004868730518314983,0.0009036928724452608,0.0,0.230601984383497,0.0
4932.YBR192W,0.002585649644473174,0.0015855784435171725,0.23070407306593915,0.0,0.0012022250564152018,0.0,,0.0014016827478165194,756.1833333333436,0.00100935908952703,0.0012022250564152008,0.0,0.2444031458737341,0.0
4932.YPR110C,0.003878474466709761,0.0011881995306803682,0.23366471876410427,0.0,0.0019673593330932723,0.0,,0.002174370231381843,766.7170634920724,0.004690925798362586,0.0019673593330932697,0.0,0.24780771282872124,0.0
4932.YAR019C,0.0009696186166774402,0.0011858219129156212,0.21765297467337077,0.0,5.369938685974553e-05,0.0,,6.834193708870625e-05,706.8015873015933,1.2443286132261964e-06,5.369938685974561e-05,0.0,0.22844265911492803,0.0
4932.YCR092C,0.002585649644473174,0.0021527794382648464,0.2226192796012812,0.0,0.0007713931692779493,0.0,,0.0008421777925663883,728.7702380952456,0.0008440446508156723,0.0007713931692779515,0.0,0.23554306337919784,0.0
4932.YOR039W,0.004201680672268907,0.014850698575737904,0.2638595319697297,0.0,0.002677172405411817,0.0,,0.002764899660463102,876.829761904779,0.00041752144412442334,0.0026771724054118176,0.0,0.28339682026656815,0.0
4932.YML032C,0.004201680672268907,0.014814774910906017,0.2638838889836658,0.0,0.0048925092090310734,0.0,,0.005179904849846697,877.8654761904932,0.0009034624417366835,0.004892509209031076,0.0,0.2837315695508973,0.0
4932.YAR035W,0.0009696186166774402,0.001353495633942618,0.21318921391304735,0.0,0.00013623127986122128,0.0,,0.00015944389421326132,695.728174603182,0.0009481737732184054,0.00013623127986122103,0.0,0.22486366341408356,0.0
4932.YGR244C,0.008403361344537815,0.022729013445516644,0.2609451546654543,0.0,0.006060002604107061,0.0,,0.00588391647589173,873.8285714285857,0.0034049597504593626,0.006060002604107066,0.0,0.2824268168805984,0.0
4932.YHR008C,0.0029088558500323207,0.0012285204563173189,0.22054113326338926,0.0,0.001345762273733695,0.0,,0.001406410594106052,720.6134920635008,0.000787994534004017,0.0013457622737336947,0.0,0.2329067524445676,0.0
4932.YAR042W,0.002585649644473174,0.0056495872043253546,0.2422588279118688,0.0,0.0021827135218027154,0.0,,0.002178181089573976,798.4035714285834,0.000985427235625914,0.0021827135218027227,0.0,0.2580489888262998,0.0
4932.YJL180C,0.0016160310277957336,0.00030215868417744757,0.19861419921906842,0.0,7.993812731569665e-05,0.0,,0.00010983992338703635,641.7111111111138,0.0006722117821943295,7.993812731569665e-05,0.0,0.20740501328736624,0.0
4932.YER177W,0.005171299288946348,0.006681880940840419,0.24694662831375708,0.0,0.001781514015125548,0.0,,0.0017400915035326904,818.4738095238231,0.0009558562002004937,0.0017815140151255383,0.0,0.2645358143257303,0.0
4932.YLR203C,0.0009696186166774402,0.0002637811902543968,0.19424163683903323,0.0,5.49566070707238e-06,0.0,,1.3960503580074647e-05,625.8027777777811,0.0012920851351413253,5.495660707072367e-06,0.0,0.20226334123392947,0.0
4932.YPR108W,0.0009696186166774402,0.0003312561062754623,0.19806375454583605,0.0,1.6775640800070932e-05,0.0,,2.0938474838663938e-05,639.0515873015898,0.0003208663960061916,1.6775640800070922e-05,0.0,0.20654543868829583,0.0
4932.YDR099W,0.004848093083387201,0.006377630546829995,0.24489455747109154,0.0,0.0013867562220911038,0.0,,0.0013398712493128014,809.9238095238227,0.0009274514768784791,0.0013867562220911055,0.0,0.26177240126819956,0.0
4932.YPR169W,0.0003232062055591467,0.00021055210356101122,0.19350532521221497,0.0,0.0,0.0,,0.0,622.028968253971,8.209837111962899e-05,0.0,0.0,0.20104362257723604,0.0
4932.YAR073W,0.001292824822236587,0.0010281582281095078,0.2166303553622349,0.0,8.505005841034696e-05,0.0,,0.00011267425952205361,703.7908730158814,0.0004860183196133078,8.505005841034677e-05,0.0,0.22746957757461958,0.0
4932.YPL235W,0.008080155138978667,0.02213051809278152,0.2722268516674652,0.0,0.005180164405640412,0.0,,0.0050236581742580475,911.5988095238272,0.000735777180824317,0.005180164405640413,0.0,0.2946343922184258,0.0
4932.YOL041C,0.0019392372333548805,0.0010956947982916042,0.19566421419302202,0.0,0.000508433224938453,0.0,,0.00047161971548298633,632.087698412701,0.000222387104265,0.0005084332249384505,0.0,0.20429466658458253,0.0
4932.YMR217W,0.003232062055591467,0.0034561964997534547,0.23277047222213598,0.0,0.0008067634114234417,0.0,,0.0009871659451713092,764.4714285714361,0.002812458154458597,0.0008067634114234418,0.0,0.24708190968695168,0.0
4932.YAR075W,0.0009696186166774402,0.0009039857119548418,0.2131415276886409,0.0,4.7057898422988504e-05,0.0,,6.378638680882542e-05,690.6896825396894,0.00048305461823512945,4.705789842298847e-05,0.0,0.22323519151250243,0.0
4932.YBL002W,0.003878474466709761,0.016863906060100742,0.24696796279568484,0.0,0.0005104749036335819,0.0,,0.0004966259580386895,813.660714285727,0.008261731286913833,0.0005104749036335822,0.0,0.2629801920768307,0.0
4932.YBL003C,0.004848093083387201,0.02180092249391169,0.25830434348604425,0.0,0.0015538061805857736,0.0,,0.0014478007893942728,856.1547619047765,0.0036793824780507823,0.001553806180585769,0.0,0.2767145319666328,0.0
4932.YPR165W,0.007756948933419522,0.03051818047284727,0.2618054922025874,0.0,0.0024758891316350655,0.0,,0.0022854419234594955,874.9797619047782,0.0002698547104388628,0.0024758891316350702,0.0,0.28279888878628373,0.0
4932.YNL031C,0.010665804783451843,0.07765148250658054,0.2879965917146939,0.0,0.006826525899932762,0.0,,0.005907634963734091,970.5035714285934,0.006631144088896625,0.006826525899932758,0.0,0.3136727768030289,0.0
4932.YBR010W,0.011958629605688428,0.08716059467435405,0.2902481642156617,0.0,0.007570206953591294,0.0,,0.006495631054865752,979.8702380952603,0.0065739357625864865,0.0075702069535913295,0.0,0.31670014159509957,0.0
4932.YOL012C,0.005171299288946348,0.019649935692479085,0.26009045303976447,0.0,0.001887359816274759,0.0,,0.0018654816650097248,862.1595238095396,0.0015275597983814913,0.001887359816274757,0.0,0.278655308277157,0.0
4932.YDL185W,0.005494505494505494,0.006296276883354276,0.2377654636413584,0.0,0.00519872521121848,0.0,,0.005192097240019788,786.6250000000102,0.004064811124594646,0.005198725211218488,0.0,0.2542420814479638,0.0
4932.YLR229C,0.0074337427278603745,0.012881142474996755,0.2532920582456186,0.0,0.002262871095549956,0.0,,0.0022875098954096844,843.8345238095375,0.0004994660972530653,0.0022628710955499643,0.0,0.27273255456028567,0.0
4932.YKL049C,0.0074337427278603745,0.05961082118224908,0.26816643239775345,0.0,0.002153480667075743,0.0,,0.0019577131378684088,896.8892857143027,0.002611629998368269,0.002153480667075747,0.0,0.2898801828423677,0.0
4932.YDR225W,0.004524886877828054,0.01876108343910865,0.25940600447913353,0.0,0.0014333423327871336,0.0,,0.0014050895246032228,858.7023809523959,0.003726709098898979,0.0014333423327871386,0.0,0.27753793825222395,0.0
4932.YER036C,0.010019392372333548,0.08599794152017164,0.2738436794099101,0.0,0.006211091995007008,0.0,,0.005716520442877415,920.8940476190664,0.002086277235899701,0.006211091995007034,0.0,0.29763867085295653,0.0
4932.YNL030W,0.004848093083387201,0.014852467297952903,0.24166490568603025,0.0,0.0008278736904376489,0.0,,0.0007958493248353371,794.7642857142963,0.005942148339360442,0.0008278736904376503,0.0,0.25687274909963986,0.0
4932.YBR009C,0.006464124111182934,0.017386251474321924,0.25148712671417717,0.0,0.0030757758561405723,0.0,,0.003093911058904589,833.1940476190605,0.006158824033166152,0.003075775856140581,0.0,0.2692934866254194,0.0
4932.YGL120C,0.012928248222365869,0.06077645935338146,0.28686946004616676,0.0,0.00934870914959239,0.0,,0.009127236291218348,969.8047619047833,0.0008225697382300882,0.009348709149592349,0.0,0.3134469172284298,0.0
4932.YPR187W,0.002585649644473174,0.004488226542684674,0.23794357993674478,0.0,0.001992178797677008,0.0,,0.0020161639825047486,781.4226190476304,0.000795936938853087,0.0019921787976770115,0.0,0.2525606396404716,0.0
4932.YPL230W,0.0006464124111182935,0.0015116599396024783,0.20628187107519497,0.0,1.517410924833501e-07,0.0,,2.3623422539345394e-07,664.9250000000062,1.3440601047046174e-05,1.5174109248335014e-07,0.0,0.21490788623141563,0.0
4932.YBR109C,0.011312217194570135,0.038150305536905,0.27381744917241874,0.0,0.00818893083584135,0.0,,0.00761984534995636,920.7309523809695,0.0023051732749575127,0.00818893083584138,0.0,0.297585957459907,0.0
4932.YDR075W,0.01777634130575307,0.09302199987941655,0.2986163344155491,0.0,0.009734601972941705,0.0,,0.008225136764200423,1015.160714285738,0.0005638718517646597,0.009734601972941688,0.0,0.32810624249699877,0.0
4932.YER133W,0.01874595992243051,0.08903712716400422,0.30021572877127195,0.0,0.018497650540231593,0.0,,0.016507849860679855,1021.0428571428813,0.0010172672319326448,0.01849765054023155,0.0,0.33000738757041276,0.0
4932.YJL115W,0.002262443438914027,0.002462804981371068,0.21501723725912386,0.0,0.0013022768457132147,0.0,,0.0012814750679352458,700.859523809532,0.0010348318273822284,0.001302276845713218,0.0,0.22652214732046666,0.0
4932.YDR224C,0.004524886877828054,0.017797323418005252,0.2478888457648328,0.0,0.0007476782705840192,0.0,,0.0007256799955211689,817.9273809523937,0.008340618942956178,0.0007476782705840201,0.0,0.2643592052205498,0.0
4932.YDR458C,0.0006464124111182935,7.099385975698414e-05,0.17848739818681642,0.0,0.0003105621865249868,0.0,,0.00031056218652498677,571.8757936507947,6.732107171885415e-07,0.0003105621865249863,0.0,0.18483380531699858,0.0
4932.YGL112C,0.002585649644473174,0.0024586173448783257,0.2178354163956452,0.0,0.0010840006234959373,0.0,,0.0011459159629890123,712.8468253968329,0.0005707576769312855,0.001084000623495936,0.0,0.2303965175813915,0.0
4932.YGL122C,0.0006464124111182935,0.00010009975256187732,0.18805698107756408,0.0,5.3241438081662845e-05,0.0,,7.010858527263025e-05,605.2182539682548,0.0002555927367555884,5.3241438081662784e-05,0.0,0.19561029540021138,0.0
4932.YJR103W,0.005817711700064641,0.004118633831079868,0.24485260551263827,0.0,0.0028164243071357523,0.0,,0.002947737225218161,812.2428571428674,0.0004586623048713704,0.0028164243071357523,0.0,0.26252193184966294,0.0
4932.YBL039C,0.005817711700064641,0.0037772079470676113,0.2404048582423725,0.0,0.0022088260659126947,0.0,,0.002253481715205322,796.8392857142959,0.00040461260546378723,0.0022088260659126977,0.0,0.2575434019761751,0.0
4932.YML034W,0.0006464124111182935,7.099385975698414e-05,0.17848739818681642,0.0,0.0003105621865249868,0.0,,0.00031056218652498677,571.8757936507947,1.1945554686971485e-07,0.0003105621865249863,0.0,0.18483380531699858,0.0
4932.YBL007C,0.0016160310277957336,0.0001227164600566308,0.18275502936709193,0.0,0.0025777938837106325,0.0,,0.0026054162175794377,588.2809523809541,0.00017923425096409037,0.0025777938837106317,0.0,0.1901360544217687,0.34544466008231045
4932.YGL192W,0.0006464124111182935,4.57952806393065e-06,0.15358374089937418,0.0,0.000621333365100125,0.0,,0.000621333365100125,488.55122655124165,0.00016442685621863908,0.0006213333651001239,0.0,0.15790278815488898,0.0
4932.YML035C,0.003232062055591467,0.0032582373921265675,0.22546369345847872,0.0,0.004246943546350135,0.0,,0.004353799461541415,738.950396825405,0.0035089124675775443,0.004246943546350149,0.0,0.23883335385436227,0.06770335971444563
4932.YBR284W,0.0006464124111182935,2.089932464898138e-05,0.16671453719951315,0.0,2.1744898024508245e-05,0.0,,4.3259499810810185e-05,532.3638888888959,0.00020926620885792878,2.1744898024508214e-05,0.0,0.172063312504489,0.032119950020824684
4932.YJL070C,0.0003232062055591467,4.573167879842532e-06,0.1535672398259496,0.0,0.0,0.0,,0.0,487.88455988457497,2.449301716824773e-07,0.0,0.0,0.15768731735118288,0.0
4932.YPL113C,0.0003232062055591467,4.573167879842532e-06,0.1535672398259496,0.0,0.0,0.0,,0.0,487.88455988457497,2.5839901609945104e-05,0.0,0.0,0.15768731735118288,0.0
4932.YBL008W,0.001292824822236587,0.00043400401707329887,0.20391284466510107,0.0,0.00014477308854325685,0.0,,0.00018107930617387546,660.3134920634965,0.0005444033756606492,0.00014477308854325723,0.0,0.213417418249351,0.0
4932.YBR025C,0.005171299288946348,0.008539538760616179,0.24414161494235645,0.0,0.0035963718350274666,0.0,,0.0035000636001967047,806.8297619047747,0.003718872490920129,0.003596371835027478,0.0,0.2607723858774279,0.0
4932.YGL116W,0.0016160310277957336,0.0018568787051565668,0.21743775533277948,0.0,0.0009637474523179337,0.0,,0.0009508460105740609,705.4345238095311,7.685552272757434e-05,0.0009637474523179349,0.0,0.22800081571089975,0.0
4932.YGL003C,0.0019392372333548805,0.0007225701157234158,0.2100715879894218,0.0,0.0006631339352622475,0.0,,0.0007509806989825248,682.4833333333395,0.0005931252650768648,0.0006631339352622467,0.0,0.220582848524025,0.0
4932.YGL202W,0.002262443438914027,0.0005250407782243417,0.21883596182806797,0.0,0.0009715671483135734,0.0,,0.001119586803428722,715.6726190476268,0.0005763623645084749,0.0009715671483135776,0.0,0.23130983162495766,0.0
4932.YBL011W,0.0009696186166774402,0.00025612417955120283,0.2049508294637261,0.0,7.736367919430773e-05,0.0,,8.606498299854927e-05,664.0380952381004,0.0003259094573102535,7.73636791943078e-05,0.0,0.21462123310862807,0.0
4932.YBR002C,0.004848093083387201,0.0013912383445208413,0.23389413920471705,0.0,0.003615786312551849,0.0,,0.004033886217279316,771.9892857142953,0.0031405164225942975,0.0036157863125518444,0.0,0.2495117277680303,0.0
4932.YHL010C,0.0029088558500323207,0.001927693335542891,0.22139514942379582,0.0,0.0005722571525761592,0.0,,0.0006037574890741535,724.136904761913,0.0027042763405762103,0.0005722571525761608,0.0,0.23404554129344046,0.0
4932.YEL031W,0.004201680672268907,0.0035534014026636193,0.2355515960250537,0.0,0.002207717770646899,0.0,,0.002276212836754653,775.325000000011,0.002823732118948923,0.002207717770646912,0.0,0.25058985132514544,0.0
4932.YBL013W,0.0003232062055591467,7.388221672542432e-05,0.1856630622432975,0.0,0.0,0.0,,0.0,595.1654761904771,8.848692784695986e-05,0.0,0.0,0.1923611752393265,0.0
4932.YOR021C,0.002262443438914027,0.001982647180960294,0.23009128858339117,0.0,0.0015179000309360246,0.0,,0.0016839962542175566,753.9583333333427,0.0013412480377681473,0.0015179000309360252,0.0,0.24368401206636503,0.0
4932.YBL015W,0.002585649644473174,0.0010468626498295556,0.22535704922034305,0.0,0.000948674117219583,0.0,,0.0010815481985196522,736.989285714296,0.0013816064183822775,0.0009486741172195814,0.0,0.23819951057346017,0.0
4932.YBR208C,0.002585649644473174,0.0018133764728665085,0.22860089319152754,0.0,0.0005956591828283158,0.0,,0.00069252839794306,748.4238095238188,0.0005845089550013921,0.0005956591828283168,0.0,0.24189521962631205,0.0
4932.YGL062W,0.0019392372333548805,0.0009517200101915324,0.22225580542373286,0.0,0.000580163056384689,0.0,,0.000630656600931885,727.1670634920722,0.00013930090985349699,0.0005801630563846896,0.0,0.23502490739885695,0.0
4932.YBR218C,0.0019392372333548805,0.0023236920451525996,0.233359524029392,0.0,0.000960070866514773,0.0,,0.0009488235827120736,766.5511904762019,0.00013775308081080486,0.0009600708665147754,0.0,0.24775410164065628,0.0
4932.YML012W,0.001292824822236587,0.002650931118410511,0.2299247301021517,0.0,0.00018294958906275846,0.0,,0.0002439673859060332,750.7896825396914,0.0022030575341269497,0.0001829495890627587,0.0,0.24265988446660716,0.0
4932.YDR372C,0.001292824822236587,0.0030808322882478587,0.2390978729809344,0.0,0.0004641736488016368,0.0,,0.0005362468658226156,782.5730158730267,0.0005373506368326027,0.00046417364880163683,0.0,0.25293245503329537,0.0
4932.YLR291C,0.0006464124111182935,5.0725475116376675e-05,0.18531402627771631,0.0,7.077885616216263e-05,0.0,,0.00010273924911933987,595.0698412698416,0.0005753157394551572,7.077885616216255e-05,0.0,0.19233026543950915,0.0
4932.YJL128C,0.004524886877828054,0.008983544576923835,0.24495751237018437,0.0,0.002024736642733999,0.0,,0.0021277162079430885,812.8035714285841,0.0003209365414143071,0.002024736642733999,0.0,0.2627031581863515,0.0
4932.YBL016W,0.013251454427925016,0.08000814577497377,0.29271494668851644,0.0,0.006297466380983433,0.0,,0.00541152622375045,991.445238095261,0.00041070576436613395,0.006297466380983431,0.0,0.3204412534244467,0.0
4932.YNL192W,0.003555268261150614,0.01750851328880356,0.25555642493832037,0.0,0.0009014825774115693,0.0,,0.0008617112933376209,846.486904761919,0.0017061238481667022,0.0009014825774115653,0.0,0.27358982054360204,0.0
4932.YHR007C,0.009372979961215255,0.04635252474176329,0.2738961549640751,0.0,0.00649295553757291,0.0,,0.006298769174424208,919.050000000019,0.004050542668827875,0.0064929555375729,0.0,0.2970426632191338,0.0
4932.YCR008W,0.007756948933419522,0.04634975484980348,0.2678648959295401,0.0,0.005577746944511843,0.0,,0.005233415586677775,896.1178571428735,0.0015066101660977161,0.005577746944511856,0.0,0.2896308523409364,0.0
4932.YGL210W,0.015513897866839044,0.06562882344360031,0.28523789357015084,0.0,0.00893444473509978,0.0,,0.0077411514156393545,968.0309523809718,0.0003375748933696547,0.008934444735099746,0.0,0.31287361098285466,0.0
4932.YML124C,0.009696186166774402,0.039652294716652374,0.275426743362564,0.0,0.0039654810741018565,0.0,,0.0038672766583692972,927.5345238095424,0.0007200977142850134,0.00396548107410186,0.0,0.2997849139655862,0.0
4932.YDL047W,0.015513897866839044,0.08916240096536948,0.2948281940346588,0.0,0.007199751077449978,0.0,,0.006258134460065786,999.9130952381182,0.0002768440174455094,0.007199751077449976,0.0,0.3231781174008065,0.0
4932.YFL039C,0.026826115061409177,0.14587160774719535,0.30359538757009896,0.0,0.021291582993356383,0.0,,0.01873317724206002,1047.9857142857343,0.001391165871671047,0.02129158299335637,0.0,0.3387154861944778,0.0
4932.YOL097C,0.005494505494505494,0.02441447853702801,0.254170371597764,0.0,0.0028006171034149095,0.0,,0.002944733482282644,844.639285714299,0.004193509197148908,0.00280061710341491,0.0,0.2729926586019023,0.0
4932.YNL189W,0.004848093083387201,0.026736679103978277,0.26065963065196057,0.0,0.003649691999734463,0.0,,0.0035549433463427527,866.2309523809682,0.0007940650056130199,0.00364969199973448,0.0,0.2799712192569335,0.0
4932.YOL139C,0.005817711700064641,0.02349476560744968,0.25491833149278154,0.0,0.003526634132538502,0.0,,0.003284571943982498,848.1333333333483,0.001371475615694914,0.003526634132538506,0.0,0.2741219564748976,0.0
4932.YMR116C,0.019069166127989656,0.06505806388333285,0.2965716536321249,0.0,0.022754060678807524,0.0,,0.021534878333106706,1010.5464285714514,0.00909112735404022,0.02275406067880753,0.0,0.32661487671991873,0.0
4932.YDR454C,0.009696186166774402,0.04276322423691362,0.2730067968064227,0.0,0.007381125416496161,0.0,,0.0072715443777088195,916.5333333333516,0.003075090434371798,0.007381125416496199,0.0,0.2962292609351433,0.0
4932.YDL134C,0.01583710407239819,0.08837871809871332,0.29644863313907,0.0,0.007940862122994507,0.0,,0.006715335788910733,1004.1107142857376,0.0007643965074253009,0.007940862122994498,0.0,0.3245348139255702,0.0
4932.YHR129C,0.019392372333548805,0.12481378061553304,0.29700303058286254,0.0,0.009997727031053316,0.0,,0.008066543288965574,1014.7023809524044,0.0007077326761666733,0.00999772703105328,0.0,0.3279581063194509,0.0
4932.YIL109C,0.002262443438914027,0.006681433343072841,0.2326757422562308,0.0,0.0009550841111212358,0.0,,0.0009609039393284252,761.5690476190576,0.0005526858584132806,0.0009550841111212351,0.0,0.24614384215224552,0.0
4932.YER031C,0.017129928894634775,0.0732182742495251,0.28592260145629644,0.0,0.010307466059900598,0.0,,0.008991122600599543,973.2726190476388,0.0005480983950089078,0.010307466059900605,0.0,0.3145677501769939,0.0
4932.YFL037W,0.019069166127989656,0.09352408434979709,0.29858514407353787,0.0,0.020984690650747838,0.0,,0.019529379258394243,1018.3202380952627,0.0019347765810671961,0.020984690650747855,0.0,0.3291274201988488,0.0
4932.YDL188C,0.015190691661279896,0.08725430696136945,0.2943727905838793,0.0,0.005939725670102409,0.0,,0.004850012008672682,996.9273809524035,0.0007113964426100068,0.005939725670102401,0.0,0.322213116015637,0.0
4932.YBR038W,0.004524886877828054,0.02297445807295997,0.2563815398529194,0.0,0.00151642873798753,0.0,,0.0013927615955770319,850.4559523809663,0.0011877863210409771,0.0015164287379875296,0.0,0.274872641364238,0.0
4932.YLR212C,0.007756948933419522,0.026953124483499256,0.2694555725666935,0.0,0.005926250112440663,0.0,,0.006017139988012887,901.9416666666846,0.000277057463209269,0.005926250112440671,0.0,0.29151314371902604,0.0
4932.YML085C,0.009049773755656108,0.0401198939454492,0.2759318696293487,0.0,0.003276353685742817,0.0,,0.0029210150485319887,926.8321428571621,0.0004963577065014768,0.0032763536857428094,0.0,0.2995579000831102,0.0
4932.YNR032W,0.013574660633484163,0.07852991625547717,0.28666808758123263,0.0,0.0037335163315483136,0.0,,0.0028469200986188823,969.0892857143066,0.0004109622696874861,0.0037335163315483223,0.0,0.3132156708837381,0.0
4932.YDL042C,0.003555268261150614,0.018163826169922008,0.25056132608993353,0.0,0.0009089953227180928,0.0,,0.0008575004858957281,830.3750000000139,0.0009058034000503127,0.0009089953227180965,0.0,0.26838235294117646,0.0
4932.YNL021W,0.006140917905623788,0.0376469896419451,0.260469628187704,0.0,0.0013627384462517988,0.0,,0.0012486177696922939,866.0345238095389,0.0009009168347723285,0.001362738446251797,0.0,0.2799077323236987,0.0
4932.YNL049C,0.0029088558500323207,0.010124579032206095,0.24036443028336435,0.0,0.000830634720390756,0.0,,0.000870474271544633,791.8023809523928,0.0005729937643871276,0.0008306347203907575,0.0,0.25591544310031705,0.0
4932.YOR267C,0.006464124111182934,0.05199162887964381,0.27993088223267254,0.0,0.0016715640983085984,0.0,,0.0016008906126657096,935.2047619047825,0.001964141347321568,0.0016715640983085995,0.0,0.30226398251608333,0.0
4932.YDL090C,0.002262443438914027,0.010554756816370863,0.24782437532380164,0.0,0.0010002978816122602,0.0,,0.001022104045838451,814.9654761904891,1.608436528181017e-05,0.0010002978816122607,0.0,0.2634018992212269,0.0
4932.YKL081W,0.003232062055591467,0.021760289286287884,0.25164209237324403,0.0,0.0006675074338995277,0.0,,0.0006099172325140315,832.075000000013,0.0008478943141662469,0.0006675074338995294,0.0,0.268931803490627,0.0
4932.YJR104C,0.0029088558500323207,0.014674491603048243,0.25106746613034003,0.0,0.0008892196776126905,0.0,,0.0008285909573001061,829.065476190492,0.0001725827068310271,0.0008892196776126901,0.0,0.26795910671961093,0.0
4932.YMR125W,0.0006464124111182935,0.004372479801603052,0.22994322469112385,0.0,1.1933979817820772e-06,0.0,,1.365406740923905e-06,749.0547619047712,2.5951486010292046e-07,1.1933979817820772e-06,0.0,0.24209914735124818,0.0
4932.YOR291W,0.005817711700064641,0.020479392818945678,0.2599958316834972,0.0,0.002985067316001615,0.0,,0.0029542177048460048,866.332142857158,0.0019662570532185497,0.002985067316001615,0.0,0.28000392464678175,0.0
4932.YPR201W,0.0029088558500323207,0.014002777838557919,0.2425671760169751,0.0,0.0009297158704791674,0.0,,0.0008436299086886475,796.4238095238215,0.0010614171686448993,0.0009297158704791637,0.0,0.2574091174931511,0.0
4932.YBL019W,0.0009696186166774402,0.006062909074563444,0.23029518805768565,0.0,0.00037614746336511566,0.0,,0.0004155309133659919,752.3119047619155,8.137237771805676e-05,0.0003761474633651158,0.0,0.24315187613506942,0.0
4932.YPL167C,0.0016160310277957336,0.0004785460728332851,0.20386921761232718,0.0,0.00012410594159508644,0.0,,0.000174615833102726,659.5202380952426,0.001635507562733313,0.0001241059415950865,0.0,0.21316103364422695,0.0
4932.YDL102W,0.0016160310277957336,0.0009050612141083239,0.2062223466570518,0.0,0.00013229660204805064,0.0,,0.00017535219025106193,668.357539682545,0.001117383481371127,0.00013229660204805088,0.0,0.2160173043576405,0.0
4932.YBL020W,0.001292824822236587,0.00012897703471516548,0.19509002725449068,0.0,0.000159436606983334,0.0,,0.00024191595231689075,629.9134920634954,0.0003684573932774453,0.0001594366069833338,0.0,0.20359194960035296,0.0
4932.YJL001W,0.0019392372333548805,0.0008800757478150266,0.20822013033433256,0.0,0.0015168826276990342,0.0,,0.0015326470168018928,676.0313492063545,0.0011376017956850426,0.0015168826276990342,0.0,0.21849752721601462,0.0
4932.YGL252C,0.0009696186166774402,0.00010116188161692726,0.18964138048030066,0.0,8.771224348004367e-05,0.0,,0.00011002952743600477,613.6968253968278,0.0002231427300496295,8.771224348004375e-05,0.0,0.19835062230020212,0.0
4932.YKL191W,0.002262443438914027,0.00046229068454922906,0.20913411144634222,0.0,0.0009773097700833833,0.0,,0.0010939900685181217,682.0690476190528,0.0009405172745716302,0.0009773097700833844,0.0,0.22044894881029337,0.0
4932.YNL325C,0.0009696186166774402,0.0020173925627208988,0.2225846118009851,0.0,0.0004155518623135557,0.0,,0.0004624571982857469,725.5742063492152,0.0002768502680268918,0.0004155518623135557,0.0,0.23451008608571633,0.0
4932.YBL021C,0.0019392372333548805,0.007445477405737487,0.23158248293584346,0.0,0.001336762576410484,0.0,,0.001357208636767697,758.9773809523907,0.000981354866391226,0.001336762576410481,0.0,0.24530619940283804,0.0
4932.YKL125W,0.0003232062055591467,0.00027751417539827785,0.18663277204152587,0.0,0.0,0.0,,0.0,598.4039682539687,6.442913631437326e-05,0.0,0.0,0.1934078759709012,0.0
4932.YLR262C,0.006464124111182934,0.02491569231833179,0.26676504006719404,0.0,0.0020859472883514576,0.0,,0.0024125563282414533,893.2904761904923,0.00020768758991586563,0.002085947288351456,0.0,0.2887170252716471,0.0
4932.YDL195W,0.001292824822236587,0.0005792664133340879,0.20796261962462184,0.0,0.00014510582528468564,0.0,,0.0001779803806592523,675.3682539682593,0.00013479262047459586,0.0001451058252846856,0.0,0.2182832107201855,0.0
4932.YKL193C,0.010665804783451843,0.0877429101777674,0.27248633775236414,0.0,0.005139193451030017,0.0,,0.00468961951830302,915.2857142857338,0.0017781812397616764,0.005139193451029996,0.0,0.295826022716779,0.0
4932.YJL087C,0.0009696186166774402,0.0003131788888393077,0.19481083340330188,0.0,0.00017354736611442702,0.0,,0.00021483726982934935,627.371825396827,0.00044532402814957683,0.00017354736611442716,0.0,0.2027704671612235,0.0
4932.YBL022C,0.0019392372333548805,0.0006246496496438398,0.2119562667279641,0.0,0.0007964953046920373,0.0,,0.000917195633688338,687.8896825396894,0.0004290933529724887,0.000796495304692037,0.0,0.22233021413693682,0.0
4932.YMR190C,0.002262443438914027,0.006858062338449537,0.2430001844066688,0.0,0.0016945458628510783,0.0,,0.0017435726889794328,800.0702380952512,2.289217393839487e-05,0.0016945458628510825,0.0,0.258587665835565,0.0
4932.YPL084W,0.0006464124111182935,0.00033014403619167004,0.19716216079454113,0.0,6.981822714747134e-05,0.0,,8.005166514349559e-05,637.0357142857172,0.0002495889380103962,6.981822714747126e-05,0.0,0.20589389601994645,0.0
4932.YLR026C,0.0019392372333548805,0.005877131733407303,0.2162043691846961,0.0,0.0006725891161338719,0.0,,0.0006548654745938354,705.0789682539748,0.0007441476347161159,0.0006725891161338707,0.0,0.22788589794892317,0.0
4932.YJL126W,0.0019392372333548805,0.00018009791340308903,0.19036120192848452,0.0,0.00014417340821794614,0.0,,0.00016769873424520734,615.270634920637,0.0015050500673950361,0.00014417340821794612,0.0,0.19885928730466548,0.0
4932.YBR227C,0.0019392372333548805,0.0034767731517889176,0.2457788813825167,0.0,0.0013606123730848885,0.0,,0.001539773146535234,806.8595238095362,0.0013544108352176011,0.0013606123730848933,0.0,0.2607820051097362,0.0
4932.YKR009C,0.0006464124111182935,3.686202154402616e-05,0.177445944715087,0.0,1.7911114075713463e-05,0.0,,2.6742495894511753e-05,568.1809523809534,9.395317663123836e-05,1.7911114075713453e-05,0.0,0.18363960969002985,0.0
4932.YBL023C,0.006787330316742082,0.02096260627293516,0.2639813620241991,0.0,0.0034191748554374232,0.0,,0.0036012480470637713,880.9357142857303,0.0009014516066972684,0.003419174855437435,0.0,0.28472388955582234,0.0
4932.YPL008W,0.004524886877828054,0.006693424681564347,0.2404048582423725,0.0,0.002877010758189822,0.0,,0.0031037860230505687,795.9642857142974,0.0023917725273605544,0.0028770107581898093,0.0,0.25726059654631084,0.0
4932.YPR120C,0.002262443438914027,0.0041956786326920875,0.22893042118683846,0.0,0.00025141378874498217,0.0,,0.0002565007993260685,750.490476190486,3.77516568592364e-05,0.0002514137887449818,0.0,0.24256317911780098,0.0
4932.YGR132C,0.006140917905623788,0.014864603283662917,0.25311264116876675,0.0,0.0021374745362026347,0.0,,0.0020821054637437746,842.2619047619185,0.0005263854973409131,0.0021374745362026334,0.0,0.27222427432511465,0.0
4932.YGR231C,0.004848093083387201,0.011770404175189961,0.25082514428007824,0.0,0.0011478489159094888,0.0,,0.0011107458267196515,831.2952380952518,0.0002564307776076589,0.0011478489159094825,0.0,0.26867977960414935,0.0
4932.YGR109C,0.0019392372333548805,0.0032678040005494177,0.21644992574847066,0.0,1.925714094053018e-05,0.0,,1.5999258471336186e-05,705.7690476190562,4.6549465284770996e-05,1.9257140940530197e-05,0.0,0.22810893588204512,0.0
4932.YEL022W,0.0016160310277957336,0.0024588796910829645,0.22184185700450504,0.0,0.0006068990217676798,0.0,,0.0007305153583015384,723.0642857142931,0.00037165745921638715,0.0006068990217676808,0.0,0.233698864161049,0.0
4932.YPL266W,0.010665804783451843,0.09833825111489009,0.2669394125838129,0.0,0.0031656464229583713,0.0,,0.0029523595430991853,897.8964285714451,0.0006009706701696317,0.0031656464229583613,0.0,0.2902056976636809,0.0
4932.YLR210W,0.002262443438914027,0.003290454191712148,0.2189868369358091,0.0,0.00031505802955144365,0.0,,0.00030339062289448014,715.4047619047706,3.8169288266622446e-05,0.0003150580295514434,0.0,0.2312232585341829,0.0
4932.YJL012C,0.0019392372333548805,0.002905327802120185,0.22944491286299476,0.0,0.0008368934995386745,0.0,,0.0008783905147163427,750.1059523809625,0.0013264695808972015,0.0008368934995386742,0.0,0.24243889863637763,0.0
4932.YGL030W,0.003232062055591467,0.006665849155238499,0.2451045330841166,0.0,0.001575481589108221,0.0,,0.0017702891584324544,808.0011904762013,0.004119913236630934,0.0015754815891082226,0.0,0.2611509988610829,0.0
4932.YDR263C,0.004201680672268907,0.00817073263919139,0.24127736068197603,0.0,0.0015960257532730286,0.0,,0.0016483509386575625,797.2892857142976,0.0012767029184518714,0.0015960257532730367,0.0,0.2576888447686767,0.0
4932.YDL155W,0.0019392372333548805,0.0032678040005494177,0.21644992574847066,0.0,1.925714094053018e-05,0.0,,1.5999258471336186e-05,705.7690476190562,4.050330149097963e-05,1.9257140940530197e-05,0.0,0.22810893588204512,0.0
4932.YGR108W,0.0019392372333548805,0.0032678040005494177,0.21644992574847066,0.0,1.925714094053018e-05,0.0,,1.5999258471336186e-05,705.7690476190562,3.663696992434198e-05,1.9257140940530197e-05,0.0,0.22810893588204512,0.0
4932.YPR119W,0.003232062055591467,0.008264375541711468,0.24793184469731588,0.0,0.000596386619792031,0.0,,0.0006126623974142211,818.0083333333455,4.094454620436303e-05,0.000596386619792031,0.0,0.26438536953242836,0.0
4932.YBL024W,0.011312217194570135,0.09168887093250552,0.2763319641720688,0.0,0.010837476803773552,0.0,,0.010672393550128325,931.0202380952575,0.006717202318793013,0.010837476803773526,0.0,0.30091151845353525,0.0
4932.YOR046C,0.012928248222365869,0.09775162269034249,0.28356851198889516,0.0,0.0040324525134575444,0.0,,0.00391521106516743,958.70357142859,0.0003723795170663343,0.004032452513457557,0.0,0.309858943577431,0.0
4932.YKR059W,0.01971557853910795,0.16062050972181913,0.29712651173059473,0.0,0.006675970518637036,0.0,,0.005404455304603309,1014.2023809524032,0.0005247686804050945,0.0066759705186370324,0.0,0.3277965032166713,0.0
4932.YDR243C,0.008080155138978667,0.0712094900172181,0.2680407097384015,0.0,0.0007639313145430291,0.0,,0.0007330762421430121,897.3630952381129,0.00012046258491018627,0.0007639313145430314,0.0,0.29003332102071594,0.0
4932.YOL066C,0.0006464124111182935,0.0034208292930723145,0.21467814428958032,0.0,0.000621333365100125,0.0,,0.0006213333651001249,696.6051587301649,1.4103162626556255e-06,0.0006213333651001239,0.0,0.2251471101261017,0.0
4932.YJL102W,0.003555268261150614,0.008186827952980065,0.24720288562435588,0.0,0.002714431358384162,0.0,,0.002612203012564124,816.7654761904887,0.0007184058903774628,0.0027144313583841654,0.0,0.26398367039123344,0.0
4932.YHR168W,0.004201680672268907,0.004278246553899348,0.2285095259280617,0.0,0.0022557075505732715,0.0,,0.002423855409961813,753.1515873015961,0.0014040075744623183,0.0022557075505732654,0.0,0.24342326674259446,0.0
4932.YOR244W,0.005494505494505494,0.010834208143846344,0.25599123930868195,0.0,0.0036626115968571003,0.0,,0.004154986760949238,849.8869047619189,0.0017185791724548503,0.0036626115968571037,0.0,0.27468872164250313,0.0
4932.YML106W,0.002585649644473174,0.03967228334609459,0.24986051650730287,0.0,6.153416653775686e-06,0.0,,5.237546143405943e-06,824.3654761904901,0.0013539006026104291,6.15341665377569e-06,0.0,0.26644003755348294,0.0
4932.YJL138C,0.02068519715578539,0.16331417586860233,0.3048905897355004,0.0,0.010822391064099504,0.0,,0.010183185195494457,1042.1523809524022,0.0004891475456344784,0.010822391064099548,0.0,0.33683011666204943,0.0
4932.YJL154C,0.003878474466709761,0.01890599587089749,0.26111199939350127,0.0,0.0033514802615349825,0.0,,0.003337073226415512,865.2226190476358,0.0006699043918153827,0.003351480261534996,0.0,0.27964531966632805,0.0
4932.YMR271C,0.0003232062055591467,0.0034160791905833584,0.21464590549332122,0.0,0.0,0.0,,0.0,695.9384920634983,0.001288144028106616,0.0,0.0,0.22493163932239563,0.0
4932.YGL171W,0.006140917905623788,0.04899779975224962,0.25444184863017816,0.0,0.0005241844094597502,0.0,,0.0005085459326467131,846.090873015888,0.0005481305739256033,0.0005241844094597504,0.0,0.2734618206256862,0.0
4932.YHR141C,0.0019392372333548805,0.0038657349244121285,0.22714772899166086,0.0,0.0003819889305016737,0.0,,0.00041960569485274195,741.9908730158812,0.001121715828472355,0.0003819889305016738,0.0,0.239816054626979,0.0
4932.YDR429C,0.0019392372333548805,0.0040559229029943095,0.22326258742268446,0.0,0.0003352182230340585,0.0,,0.00044943647919496853,731.1123015873093,0.0005580787207474742,0.0003352182230340589,0.0,0.23630003283364626,0.0
4932.YLL008W,0.012281835811247576,0.09769512514589104,0.2772162693328212,0.0,0.0027363603999162683,0.0,,0.0024729806549244797,934.3035714285901,0.0001131966318211573,0.0027363603999162743,0.0,0.3019727121617878,0.0
4932.YNL162W,0.0019392372333548805,0.0038657349244121285,0.22714772899166086,0.0,0.0003819889305016737,0.0,,0.00041960569485274195,741.9908730158812,0.001121715828472355,0.0003819889305016738,0.0,0.239816054626979,0.0
4932.YHR169W,0.01777634130575307,0.13640194101467473,0.2958963015588502,0.0,0.0073677307656407325,0.0,,0.006784325814451394,1006.5547619047849,0.0003188858878599311,0.0073677307656407455,0.0,0.3253247452827285,0.0
4932.YLR069C,0.004524886877828054,0.008216674837368498,0.24615983547404216,0.0,0.00376059780053324,0.0,,0.0035233815890683123,814.5916666666786,0.004019615720344284,0.0037605978005332656,0.0,0.2632810816634346,0.0
4932.YLR409C,0.0019392372333548805,0.005370390161783399,0.22714772899166086,0.0,0.003068923508847236,0.0,,0.0030690955630126044,742.5623015873106,0.0016702874156087856,0.0030689235088472455,0.0,0.2400007438872985,0.0
4932.YGR157W,0.0003232062055591467,0.0034160791905833584,0.21464590549332122,0.0,0.0,0.0,,0.0,695.9384920634983,0.000655280347443755,0.0,0.0,0.22493163932239563,0.0
4932.YLR276C,0.009049773755656108,0.05994827219929129,0.2663425108879206,0.0,0.003462830897389907,0.0,,0.0034155893536050295,892.8523809523984,0.0004865387383526044,0.003462830897389905,0.0,0.2885754301720688,0.0
4932.YGL078C,0.014867485455720749,0.12186709871269923,0.28886966141471826,0.0,0.0050163031461155924,0.0,,0.004628828946584185,980.8107142857359,0.0005894140405189802,0.0050163031461156,0.0,0.3170041093360421,0.0
4932.YBL026W,0.0074337427278603745,0.07660766979170776,0.2612551790678168,0.0,0.004521123417108027,0.0,,0.0042599313049541485,872.5976190476356,0.004188382100256642,0.004521123417108016,0.0,0.28202896543232675,0.0
4932.YLR129W,0.0009696186166774402,0.002868544952105396,0.20641592673550813,0.0,0.0008074179111147769,0.0,,0.0008291198150904134,668.593650793655,0.0008816305515282563,0.0008074179111147755,0.0,0.21609361693395307,0.0
4932.YOL006C,0.0029088558500323207,0.004704733563363258,0.23595989842014461,0.0,0.0007177126331689703,0.0,,0.0008241472000293182,773.5488095238198,0.0026859713985391905,0.0007177126331689717,0.0,0.25001577554098564,0.0
4932.YDR064W,0.0016160310277957336,0.005571657264468412,0.21605730249868127,0.0,0.000970754539414193,0.0,,0.0009608166418710113,702.6456349206412,0.0023016111383302174,0.0009707545394141913,0.0,0.2270994295153959,0.0
4932.YMR093W,0.006787330316742082,0.07163220403409444,0.2596887871875047,0.0,0.0020856308745590283,0.0,,0.0019757700659476145,865.6226190476349,0.0007882181658996802,0.002085630874559039,0.0,0.27977460214855177,0.0
4932.YJL121C,0.003232062055591467,0.004291971820253671,0.23282734723571036,0.0,0.0033641956029089207,0.0,,0.003509304909106006,767.2873015873122,0.0023725552320087257,0.0033641956029089202,0.0,0.24799201731974843,0.0
4932.YMR137C,0.0006464124111182935,0.0028808740991446754,0.20873706968675076,0.0,6.352198616100646e-05,0.0,,7.531164717045577e-05,676.3730158730209,0.0005487153504978494,6.352198616100648e-05,0.0,0.218607956002914,0.0
4932.YGL253W,0.005817711700064641,0.004909604244284137,0.24866511563674773,0.0,0.0018104985290151201,0.0,,0.0017691595987171212,825.2785714285842,0.0005757713373548464,0.0018104985290151169,0.0,0.2667351556007018,0.0
4932.YKL043W,0.001292824822236587,0.006211113234712293,0.23167632460977808,0.0,5.587859570766e-05,0.0,,6.0674417604737786e-05,756.2154761904862,0.0002040071552566898,5.5878595707659995e-05,0.0,0.2444135346446271,0.0
4932.YMR242C,0.004848093083387201,0.008485958141355518,0.25695767814472376,0.0,0.0030209295951034556,0.0,,0.0031661901658969673,853.6654761904912,0.0024730569339387813,0.0030209295951034608,0.0,0.2759099793763659,0.0
4932.YOR312C,0.003878474466709761,0.005533769418088345,0.2409925956297464,0.0,0.0011271776802714935,0.0,,0.0011088514848391201,794.9583333333452,0.0024557587984396765,0.001127177680271495,0.0,0.25693546649429005,0.0
4932.YOR128C,0.0019392372333548805,0.0030702276190922827,0.22702145563532813,0.0,0.0002717033808423296,0.0,,0.0003046054106342454,741.9285714285807,0.0031477356120784314,0.0002717033808423297,0.0,0.23979591836734696,0.0
4932.YGL195W,0.001292824822236587,0.0005761496261828835,0.20832634961084767,0.0,7.990228520847805e-05,0.0,,9.594600753675573e-05,674.2654761904819,0.0015128806562959432,7.990228520847811e-05,0.0,0.217926786099055,0.0
4932.YBL030C,0.002585649644473174,0.0014156833317358112,0.22944491286299476,0.0,0.0011227855928539433,0.0,,0.0012606977352236583,752.4464285714378,0.0007537744553770272,0.0011227855928539452,0.0,0.24319535506510295,0.0
4932.YNL301C,0.004524886877828054,0.0014185356936802598,0.2265357135557534,0.0,0.0012570080840420173,0.0,,0.0012936246895648435,744.477777777787,0.0059672583120181834,0.0012570080840420168,0.0,0.2406198376786612,0.0
4932.YHR164C,0.0019392372333548805,0.0003066086410462938,0.20809886943001032,0.0,0.0003740253175287804,0.0,,0.0004696170115731125,678.2920634920685,0.00030404631419712197,0.0003740253175287808,0.0,0.21922820410215366,0.0
4932.YOL120C,0.004524886877828054,0.0014185356936802598,0.2265357135557534,0.0,0.0012570080840420173,0.0,,0.0012936246895648435,744.477777777787,0.005967258312017742,0.0012570080840420168,0.0,0.2406198376786612,0.0
4932.YIL033C,0.010019392372333548,0.023793546918372203,0.2713225293621917,0.0,0.006139195676578436,0.0,,0.006085739589160804,909.4238095238284,0.013830808146747487,0.006139195676578446,0.0,0.29393141872133466,0.0
4932.YML004C,0.005817711700064641,0.0077562264634499145,0.24875166806126447,0.0,0.0038172271663486617,0.0,,0.0036661738948445925,829.0083333333465,0.0005980662335591134,0.003817227166348668,0.0,0.26794063779357896,0.0
4932.YDR332W,0.0019392372333548805,0.0002865336533062007,0.201882356593224,0.0,0.0007470888986228419,0.0,,0.0007914188240833062,652.7646825396864,0.000895302887075889,0.0007470888986228425,0.0,0.2109775961666718,0.0
4932.YBL033C,0.003232062055591467,0.007881009966854414,0.24393328520863997,0.0,0.0017521919402140147,0.0,,0.0018807866510502542,806.803571428584,0.003366352690023441,0.001752191940214016,0.0,0.2607639209529966,0.0
4932.YBR160W,0.027149321266968326,0.16485025180123322,0.31031851599653193,0.0,0.029674048349161573,0.0,,0.026954546939523774,1070.3428571428756,0.0009260360675500926,0.02967404834916145,0.0,0.34594145350447875,0.0
4932.YNL318C,0.003555268261150614,0.004205223832881492,0.23303612695525,0.0,0.0010338545004334176,0.0,,0.001189897243320374,768.9928571428668,2.0983431721234556e-05,0.0010338545004334166,0.0,0.24854326345922984,0.0
4932.YGL104C,0.004201680672268907,0.021598242159814436,0.254328662754453,0.0,0.0011528521538768236,0.0,,0.0011548113091701558,846.2392857142986,0.0005590931668840964,0.001152852153876824,0.0,0.27350978853079694,0.0
4932.YJL219W,0.005171299288946348,0.0030304213374588726,0.22758173468354842,0.0,0.0006636204894581479,0.0,,0.0006342078304416628,753.7369047619144,1.2474770540184836e-05,0.0006636204894581482,0.0,0.24361244497799117,0.0
4932.YOL156W,0.005171299288946348,0.003096269923355467,0.22920575443874694,0.0,0.0008557543511649885,0.0,,0.0008190539558761208,758.6559523809628,1.4754612062613037e-05,0.0008557543511649877,0.0,0.24520231169390833,0.0
4932.YBR256C,0.0019392372333548805,0.0005345082990641053,0.20852390176964417,0.0,0.000913203299748242,0.0,,0.0009977969682051916,678.1265873015928,0.004189486369556414,0.0009132032997482394,0.0,0.21917472117051948,0.0
4932.YBR241C,0.002262443438914027,0.009506621099632469,0.2406477118747413,0.0,0.0003945679844828544,0.0,,0.00040205400709041717,791.0607142857258,0.001306069999736001,0.00039456798448285463,0.0,0.255675731831194,0.0
4932.YMR292W,0.0006464124111182935,0.0025169335457034927,0.22478997950460422,0.0,7.088769995537802e-06,0.0,,8.397922196936561e-06,730.7992063492153,0.00013150851894744916,7.0887699955378e-06,0.0,0.23619883850976287,0.0
4932.YBR080C,0.0019392372333548805,0.001323668250038283,0.22286225690808856,0.0,0.0004960505502852776,0.0,,0.0005382917979103084,728.3837301587391,0.0018670422764533172,0.0004960505502852768,0.0,0.2354181416156206,0.0
4932.YDR487C,0.0016160310277957336,0.0008305268084340611,0.21469426731956828,0.0,0.000607707575757981,0.0,,0.000660548678454626,699.6944444444504,0.0032132312827034925,0.0006077075757579817,0.0,0.2261455864397041,0.0
4932.YBL035C,0.0019392372333548805,0.005038875993048194,0.2305738158864375,0.0,0.0008132827399871195,0.0,,0.000801676631066434,754.7547619047722,0.00032289644579354176,0.000813282739987121,0.0,0.24394142272293534,0.0
4932.YOR304W,0.009696186166774402,0.03244616894651335,0.2700410135424194,0.0,0.005216159984757186,0.0,,0.00491532773808456,905.4333333333518,0.0005379643512802374,0.0052161599847572035,0.0,0.2926416720534367,0.0
4932.YBR245C,0.011958629605688428,0.03187278023292349,0.27181270032899607,0.0,0.009906926940938693,0.0,,0.009605008530636996,914.807142857161,0.0005413933736837921,0.00990692694093868,0.0,0.2956713454612614,0.0
4932.YER164W,0.005817711700064641,0.02278327817428508,0.25166424591601827,0.0,0.0016036164106599125,0.0,,0.0015636729475929784,834.5523809523943,0.0001600732108413916,0.001603616410659909,0.0,0.2697325083879706,0.0
4932.YBL036C,0.0019392372333548805,0.00028433416446495545,0.21087740995574297,0.0,0.0009828407447701399,0.0,,0.0010754963915734685,684.6738095238145,0.0024051253887707683,0.0009828407447701414,0.0,0.22129082402191644,0.0
4932.YDR204W,0.0016160310277957336,0.0005350320873862699,0.21994723161960852,0.0,0.0010628988927323224,0.0,,0.0012320739539815819,716.0642857142933,0.0017094269329396693,0.0010628988927323243,0.0,0.231436420722135,0.0
4932.YPL023C,0.002585649644473174,0.0002767676976020743,0.20589557543647735,0.0,0.0009738595574880539,0.0,,0.0011118100856837626,669.5325396825448,0.000642121485545043,0.0009738595574880575,0.0,0.2163970716491725,0.0
4932.YJL153C,0.0016160310277957336,0.0034892361697485483,0.22484302102879122,0.0,0.0006431156262715066,0.0,,0.0007160180714902641,735.5349206349282,0.0023619970747878476,0.0006431156262715064,0.0,0.23772945075466081,0.0
4932.YDL051W,0.0003232062055591467,1.0594927141484363e-05,0.1729477989811877,0.0,0.0,0.0,,0.0,551.8238095238129,0.000278025840249327,0.0,0.0,0.1783528796133838,0.0
4932.YBL038W,0.0009696186166774402,0.0006346718318775832,0.20702883613557735,0.0,6.51690809496574e-05,0.0,,8.744726203769819e-05,669.1242063492107,0.0008001831668384677,6.516908094965738e-05,0.0,0.2162650957819025,0.0
4932.YJR068W,0.002585649644473174,0.005213765320800746,0.24162405285775096,0.0,0.002482784273998356,0.0,,0.0025261848448338816,794.8416666666786,0.0007239723799600137,0.0024827842739983726,0.0,0.2568977591036415,0.0
4932.YHR174W,0.003555268261150614,0.0028223163429176115,0.22655366693295703,0.0,0.0003376043876575303,0.0,,0.0003070608794027397,745.3488095238181,0.0002813238319563423,0.000337604387657532,0.0,0.2409013605442177,0.0
4932.YPL281C,0.003555268261150614,0.0028223163429176115,0.22655366693295703,0.0,0.0003376043876575303,0.0,,0.0003070608794027397,745.3488095238181,0.0002489719825207923,0.000337604387657532,0.0,0.2409013605442177,0.0
4932.YPR019W,0.007756948933419522,0.012877175754507263,0.255510740915271,0.0,0.005877222115608517,0.0,,0.005792681059318159,851.3190476190628,0.0021624600109158617,0.005877222115608533,0.0,0.2751515991011789,0.0
4932.YHR023W,0.005817711700064641,0.01610702284231356,0.2640057415367614,0.0,0.002230738912756251,0.0,,0.0024380517205447086,880.2273809523971,0.0001750644189675452,0.002230738912756244,0.0,0.2844949518268846,0.0
4932.YMR323W,0.003878474466709761,0.0029379768406393846,0.22834524877067272,0.0,0.000510802204609338,0.0,,0.0005136927318539407,752.3892857142948,0.00024915486988950333,0.000510802204609345,0.0,0.243176886139071,0.0
4932.YLR174W,0.0016160310277957336,0.003178535298528241,0.23611581476501625,0.0,0.00015585039262131143,0.0,,0.00013372929636482875,773.389682539692,0.0006135855000232706,0.00015585039262131165,0.0,0.24996434471224388,0.0
4932.YNL009W,0.0016160310277957336,0.003178535298528241,0.23611581476501625,0.0,0.00015585039262131143,0.0,,0.00013372929636482875,773.389682539692,0.0005612593404343793,0.00015585039262131165,0.0,0.24996434471224388,0.0
4932.YGR254W,0.003555268261150614,0.0028223163429176115,0.22655366693295703,0.0,0.0003376043876575303,0.0,,0.0003070608794027397,745.3488095238181,0.00021807397191236919,0.000337604387657532,0.0,0.2409013605442177,0.0
4932.YEL032W,0.004524886877828054,0.0036016693525999545,0.23316918184013474,0.0,0.0006151568953062007,0.0,,0.0006606756745333276,768.5801587301685,0.00015093208347010547,0.0006151568953062001,0.0,0.2484098767712213,0.0
4932.YDL066W,0.0016160310277957336,0.003178535298528241,0.23611581476501625,0.0,0.00015585039262131143,0.0,,0.00013372929636482875,773.389682539692,0.0006194837334014616,0.00015585039262131165,0.0,0.24996434471224388,0.0
4932.YOR393W,0.003555268261150614,0.0028223163429176115,0.22655366693295703,0.0,0.0003376043876575303,0.0,,0.0003070608794027397,745.3488095238181,0.000248971982521013,0.000337604387657532,0.0,0.2409013605442177,0.0
4932.YBL040C,0.001292824822236587,0.001442911648624692,0.21168943789692327,0.0,0.0005807520238981808,0.0,,0.000595222956664774,686.2539682539744,0.0003759726750957775,0.0005807520238981819,0.0,0.22180154112927225,0.0
4932.YLR378C,0.002262443438914027,0.0006387414183261735,0.22049010176321263,0.0,0.000768794064710536,0.0,,0.00092592901467048,719.7488095238173,0.0019935065765817155,0.0007687940647105345,0.0,0.23262728168190352,0.0
4932.YDR167W,0.0006464124111182935,6.0104023086442615e-05,0.17895669020658894,0.0,1.9520964624393596e-05,0.0,,2.7023032549046935e-05,573.209126984128,0.0002533480836886065,1.9520964624393573e-05,0.0,0.1852647469244108,0.0
4932.YJL074C,0.004848093083387201,0.03775460512716901,0.26296147266673275,0.0,0.002301835178256402,0.0,,0.002170885054332216,876.4869047619196,0.0014187901983874454,0.0023018351782564056,0.0,0.28328600671037646,0.0
4932.YBR283C,0.0006464124111182935,0.00026038582693508456,0.20352087208885458,0.0,3.234133764211557e-05,0.0,,4.603980899666815e-05,657.6456349206383,5.1060301196868806e-05,3.234133764211551e-05,0.0,0.2125551502652343,0.0
4932.YBL041W,0.0006464124111182935,0.0002271808971680632,0.19672797256624128,0.0,3.5952996826177724e-05,0.0,,4.676097054512583e-05,634.887301587306,0.000510698159700567,3.5952996826177724e-05,0.0,0.2051995157037174,0.0
4932.YKR038C,0.002585649644473174,0.0018034631832495166,0.22798103272669684,0.0,0.0009458576286247289,0.0,,0.001052570168606763,745.2119047619134,0.0014848537458663539,0.0009458576286247311,0.0,0.24085711207559946,0.0
4932.YBL045C,0.0009696186166774402,0.00023540594922933446,0.19846252217162258,0.0,5.1072448331702406e-05,0.0,,6.546103006463453e-05,639.9051587301618,0.0004097336832778902,5.107244833170242e-05,0.0,0.2068213182708981,0.0
4932.YEL024W,0.002585649644473174,0.0014132430536200665,0.2145492471750264,0.0,0.0010764186982420347,0.0,,0.001129584963140627,699.4265873015947,0.0019093251414875755,0.0010764186982420356,0.0,0.22605901334892933,0.0
4932.YDL215C,0.0009696186166774402,0.000267340458118675,0.21017970512168604,0.0,0.0001336638950968868,0.0,,0.00017657429024279224,680.0206349206405,0.0005742568447433973,0.00013366389509688698,0.0,0.21978688911462022,0.0
4932.YBL047C,0.0009696186166774402,0.006458394496970759,0.2299247301021517,0.0,1.5497153049538629e-06,0.0,,1.3133849039293114e-06,750.8718253968343,4.196454841072479e-06,1.5497153049538612e-06,0.0,0.2426864335477781,0.0
4932.YBL050W,0.0003232062055591467,1.247871578746831e-05,0.17043189467358563,0.0,0.0,0.0,,0.0,544.1603174603225,0.00034698595323726984,0.0,0.0,0.1758759914222099,0.0
4932.YNL191W,0.002262443438914027,0.0003348407477968078,0.20714885285217766,0.0,0.0017068635030671215,0.0,,0.0018344554321734665,673.3682539682599,0.002663570473962368,0.0017068635030671258,0.0,0.2176367983090672,0.0
4932.YBL051C,0.0006464124111182935,0.0002731334352185214,0.20502432542207932,0.0,0.0,0.0,,0.0,663.0242063492094,0.0002991018731696854,0.0,0.0,0.21429353792799172,0.0
4932.YIL091C,0.002262443438914027,0.0017846198529432274,0.22340217015942887,0.0,0.0005842606530316957,0.0,,0.0006920306085146488,730.8444444444522,0.0013970131743899405,0.0005842606530316964,0.0,0.2362134597428715,0.0
4932.YIL125W,0.005171299288946348,0.005544110252138452,0.25576220536459265,0.0,0.0036025405097013623,0.0,,0.0038621433999477804,849.9130952381095,0.001988778359354012,0.003602540509701374,0.0,0.2746971865669345,0.0
4932.YBL052C,0.001292824822236587,0.0021612028122818825,0.2265895822257492,0.0,0.00017447025193431028,0.0,,0.00020337123333987413,740.1384920634999,0.00017213937859022183,0.00017447025193431063,0.0,0.23921735360810992,0.0
4932.YFR031C,0.003878474466709761,0.0028210565855061693,0.2362328873117967,0.0,0.0023375999161015957,0.0,,0.00245007865966316,777.5345238095348,0.0036113449045093314,0.002337599916101593,0.0,0.2513039831317142,0.0
4932.YOR326W,0.008403361344537815,0.014530372503237823,0.26666550087313917,0.0,0.005633454990327707,0.0,,0.005585963715143614,893.4011904762071,0.0033484660739039043,0.005633454990327701,0.0,0.28875280881583404,0.0
4932.YBL055C,0.0003232062055591467,1.7423872924176237e-05,0.17114615155122143,0.0,0.0,0.0,,0.0,545.1940476190509,6.187311171577907e-05,0.0,0.0,0.17621009942438515,0.0
4932.YNL032W,0.0009696186166774402,0.00046754395737627706,0.2082049649934488,0.0,0.0006600948589892428,0.0,,0.0006689574024385381,673.5289682539734,0.0006023180176166624,0.0006600948589892422,0.0,0.2176887421635321,0.0
4932.YBL056W,0.003878474466709761,0.0185847680825041,0.25369667814696945,0.0,0.0010617068136548808,0.0,,0.0010406340702551543,844.2821428571566,0.000322372323006501,0.0010617068136548808,0.0,0.2728772278142026,0.0
4932.YCR027C,0.005494505494505494,0.023401720582101583,0.24819015188053933,0.0,0.0018014114132774484,0.0,,0.0017328178113080728,824.2392857142981,0.001942784732767644,0.0018014114132774536,0.0,0.26639925200849573,0.0
4932.YDL029W,0.01971557853910795,0.10305471886389472,0.29712651173059473,0.0,0.011156116303584958,0.0,,0.009944596125110056,1015.8523809524041,0.0017841537856023851,0.011156116303584977,0.0,0.3283297934558439,0.0
4932.YJR069C,0.003878474466709761,0.009248633933265448,0.23410483738924345,0.0,0.0012277816899612225,0.0,,0.0013253889991353617,770.7523809523914,0.002420037654374669,0.0012277816899612275,0.0,0.249111952473297,0.0
4932.YDL101C,0.010019392372333548,0.02826308154712796,0.2636162089044681,0.0,0.003929715422936468,0.0,,0.004124004301363828,889.0059523809675,0.0010527499279099086,0.003929715422936478,0.0,0.2873322405885431,0.0
4932.YIL140W,0.0016160310277957336,0.003049707321048798,0.22153240618103315,0.0,0.00017105416416100428,0.0,,0.0001811577296909821,721.7892857142934,6.41818911105049e-06,0.00017105416416100415,0.0,0.23328677624896113,0.0
4932.YKR072C,0.0019392372333548805,0.0032483232006259525,0.21954183007142708,0.0,0.00042124109033904233,0.0,,0.0004293965265477839,715.3678571428645,0.00011526835214855474,0.00042124109033904336,0.0,0.2312113306861206,0.0
4932.YNL006W,0.013251454427925016,0.03339390983393202,0.27973912998924083,0.0,0.009578526021966785,0.0,,0.009706981638648877,945.3309523809729,0.008493552369842236,0.009578526021966773,0.0,0.30553683011666205,0.0
4932.YKL088W,0.0019392372333548805,0.0032483232006259525,0.21954183007142708,0.0,0.00042124109033904233,0.0,,0.0004293965265477839,715.3678571428645,0.00029826568434181816,0.00042124109033904336,0.0,0.2312113306861206,0.0
4932.YBL057C,0.0006464124111182935,0.00030676287312882085,0.18703573471342919,0.0,1.3236873784809539e-05,0.0,,3.3192034614444134e-05,599.0611111111126,0.0001837541154933235,1.3236873784809519e-05,0.0,0.19362026862026863,0.0
4932.YMR049C,0.0009696186166774402,0.0005643216912051028,0.20719389500326532,0.0,0.000710775062146676,0.0,,0.00077852387428679,669.9444444444483,0.0002915041762843538,0.0007107750621466769,0.0,0.21653020182431948,0.0
4932.YPR023C,0.001292824822236587,0.007667815518740595,0.22801740203876938,0.0,0.00054677597553041,0.0,,0.0004995427329909795,742.622619047627,4.104154596088678e-05,0.0005467759755304047,0.0,0.2400202388647767,0.0
4932.YBL058W,0.0009696186166774402,0.00027273754821136536,0.20649047741693527,0.0,5.084909055230072e-05,0.0,,5.9614970706799415e-05,668.9242063492121,0.0021247606737347926,5.0849090552300725e-05,0.0,0.21620045454079068,0.0
4932.YIL003W,0.002585649644473174,0.001287617620013691,0.22904047507091194,0.0,0.00042308528990184913,0.0,,0.0004621892651931745,751.7611111111204,0.003322656730690112,0.00042308528990185,0.0,0.24297385620915032,0.0
4932.YER090W,0.005171299288946348,0.003018687218980588,0.23662396898932636,0.0,0.003525412133117503,0.0,,0.003762333520693073,783.3333333333442,0.008895225350239507,0.00352541213311751,0.0,0.25317819435466493,0.0
4932.YGL091C,0.003878474466709761,0.0030117851868702865,0.24635075571872214,0.0,0.0014012092775839524,0.0,,0.0015333636965917043,814.5916666666787,0.0032928104382002957,0.0014012092775839578,0.0,0.2632810816634346,0.0
4932.YBL061C,0.0006464124111182935,0.0033807523507363335,0.2327136249886073,0.0,6.005255180966987e-06,0.0,,8.623048553701838e-06,760.0535714285822,2.926660898087235e-06,6.005255180966991e-06,0.0,0.24565403084310647,0.0
4932.YKL126W,0.004524886877828054,0.005628727697891266,0.23967922942567718,0.0,0.0007868713805188422,0.0,,0.0009099276194772813,792.6357142857256,0.002486745937702698,0.0007868713805188444,0.0,0.2561847816049497,0.0
4932.YBL063W,0.001292824822236587,0.00148814927248566,0.22740069758651277,0.0,0.00016412913022801308,0.0,,0.00018914456126600048,741.8444444444547,0.00041704061239819377,0.0001641291302280133,0.0,0.23976872800402213,0.0
4932.YPL040C,0.004848093083387201,0.0034499241849010073,0.24240262607988228,0.0,0.003242123253204472,0.0,,0.0033615097549738256,802.6809523809653,0.0011698619699321354,0.003242123253204477,0.0,0.25943146489364977,0.0
4932.YBR114W,0.003555268261150614,0.0028775250308298683,0.22794467501475577,0.0,0.001046584856779014,0.0,,0.0011845474663359204,746.5785714285803,0.0009589125027777958,0.0010465848567790192,0.0,0.24129882722319698,0.0
4932.YOR339C,0.007110536522301228,0.03212699806268353,0.27287649573883654,0.0,0.0028106651218726742,0.0,,0.0026375229162353317,912.5559523809685,0.000144881752621912,0.0028106651218726855,0.0,0.294943746729461,0.0
4932.YBL064C,0.003555268261150614,0.0018663444594295483,0.2265357135557534,0.0,0.0015919122602523358,0.0,,0.0017236470747970325,744.4369047619149,0.001437528745539142,0.0015919122602523325,0.0,0.24060662726629115,0.0
4932.YOL038W,0.004848093083387201,0.008247337227138253,0.253809302082931,0.0,0.0021925985833233896,0.0,,0.0020008963658728457,840.2178571428711,0.0005298591998237073,0.00219259858332339,0.0,0.2715636254501801,0.0
4932.YNL222W,0.0016160310277957336,0.0009302476550550413,0.2128400096314535,0.0,0.00044772788536999426,0.0,,0.00043871618604767474,691.3873015873075,0.0008361179881704534,0.0004477278853699935,0.0,0.2234606663178092,0.0
4932.YOR243C,0.001292824822236587,0.0007014790019380962,0.21490408730717575,0.0,0.000568839768871165,0.0,,0.0005969554504166045,699.8182539682614,0.0007063573168562454,0.0005688397688711639,0.0,0.22618560244610666,0.0
4932.YBR019C,0.004201680672268907,0.0042473419633357445,0.24726703307326806,0.0,0.0030497012862675797,0.0,,0.0034830583045104154,818.430952380965,0.0014382852973357626,0.003049701286267596,0.0,0.2645219626312063,0.0
4932.YGR135W,0.005817711700064641,0.00891080304528444,0.257861642554578,0.0,0.002771346441115653,0.0,,0.002559522127478536,855.1321428571579,0.000462980761791847,0.0027713464411156558,0.0,0.2763840151445193,0.0
4932.YBL066C,0.0003232062055591467,6.955635579816104e-05,0.18334108320677603,0.0,0.0,0.0,,0.0,588.4242063492073,0.00013566492377034214,0.0,0.0,0.19018235499327935,0.0
4932.YGR253C,0.002262443438914027,0.0018458321127479938,0.23377937269872848,0.0,0.0002748251400851136,0.0,,0.0003225992173559476,764.2313492063607,0.0001499146277947326,0.00027482514008511357,0.0,0.24700431454633137,0.0
4932.YML092C,0.006787330316742082,0.011650202614883651,0.2590768687112608,0.0,0.004155837643681187,0.0,,0.0038305287519744156,860.6654761904912,0.0013060820378921077,0.004155837643681177,0.0,0.27817242281527993,0.0
4932.YBR008C,0.005171299288946348,0.0016189107469339636,0.22410271004704074,0.0,0.0025688283306175503,0.0,,0.002779202283699242,739.3595238095329,0.00017272137712715655,0.0025688283306175585,0.0,0.2389655862344938,0.0
4932.YBL067C,0.0006464124111182935,0.00010396133103859662,0.19038655806593752,0.0,0.00010425684232345792,0.0,,0.00016905771160891767,611.3194444444464,0.00027428243677496774,0.0001042568423234578,0.0,0.19758223802341449,0.0
4932.YNL237W,0.001292824822236587,0.0010643961716105192,0.19676859645925465,0.0,0.0013404793576297324,0.0,,0.0013467654003316884,634.3063492063517,0.00014470349531381943,0.00134047935762973,0.0,0.20501174828905921,0.0
4932.YER042W,0.002585649644473174,0.0017250611105060155,0.23473921574643225,0.0,0.0021198364216007915,0.0,,0.002358929008387435,768.782142857154,0.004187455856762627,0.002119836421600799,0.0,0.24847515929448702,0.0
4932.YBL068W,0.003232062055591467,0.005478113405514922,0.2460538964847695,0.0,0.0009727272980830871,0.0,,0.000995772710420634,810.0726190476321,0.0007318321382386449,0.000972727298083085,0.0,0.2618204974297411,0.0
4932.YBR181C,0.002585649644473174,0.002348960515898279,0.22810837610597284,0.0,0.0002527361386087875,0.0,,0.00026920310400559106,747.0988095238191,0.0011519059029139183,0.00025273613860878763,0.0,0.2414669714039462,0.0
4932.YDR300C,0.003232062055591467,0.005876034406475564,0.24418332359785183,0.0,0.0009675207404976504,0.0,,0.0009582171270322867,804.5440476190598,0.002333301352197145,0.0009675207404976541,0.0,0.26003362883614983,0.0
4932.YHR030C,0.010019392372333548,0.05966108646353889,0.2864382935230513,0.0,0.004775281639081582,0.0,,0.004430228252083387,964.5607142857348,0.00029915234082387017,0.0047752816390815925,0.0,0.311752008495706,0.0
4932.YPL090C,0.002585649644473174,0.002348960515898279,0.22810837610597284,0.0,0.0002527361386087875,0.0,,0.00026920310400559106,747.0988095238191,0.0011519059029136975,0.00025273613860878763,0.0,0.2414669714039462,0.0
4932.YHR033W,0.002585649644473174,0.005555884444128762,0.2436837583633153,0.0,0.0008329528314315089,0.0,,0.0008234062852552751,801.7440476190595,0.0021168569298859155,0.0008329528314315132,0.0,0.2591286514605842,0.0
4932.YER082C,0.003232062055591467,0.005891666304321833,0.2292976794224795,0.0,0.00036994820335864404,0.0,,0.000418531088399561,751.2075396825493,0.0005702821697740055,0.0003699482033586435,0.0,0.24279493848821582,0.0
4932.YDL128W,0.005817711700064641,0.006607124402347072,0.24994790324036478,0.0,0.004125253346450173,0.0,,0.004270131806964694,830.4809523809679,0.0019234489078813783,0.004125253346450189,0.0,0.268416597408194,0.0
4932.YIL096C,0.0006464124111182935,0.00021752640731194145,0.19766658618172117,0.0,5.511425775271569e-05,0.0,,8.87770225679671e-05,636.1182539682566,5.76539695804797e-05,5.5114257752715616e-05,0.0,0.205597367151989,0.0
4932.YOR117W,0.016160310277957335,0.033727639675718846,0.2889864708208706,0.0,0.010640387037851586,0.0,,0.010344648050845895,983.1226190476394,0.0011085537255316738,0.010640387037851577,0.0,0.3177513313017515,0.0
4932.YBL072C,0.002262443438914027,0.0019529826910109772,0.22196243259259663,0.0,0.0003095440758537618,0.0,,0.00034691959070817536,724.1142857142935,0.0020703053810746056,0.00030954407585376194,0.0,0.23403823067688614,0.0
4932.YOL124C,0.002262443438914027,0.0018034539706863863,0.22149807603905564,0.0,0.0005215832884123273,0.0,,0.0006160685469779353,722.2309523809602,0.0035252257893246294,0.0005215832884123276,0.0,0.23342952565641642,0.0
4932.YOL123W,0.0019392372333548805,0.0012992100584602025,0.22542813416607932,0.0,0.0003631341709389101,0.0,,0.0004497608426089838,736.7273809523903,0.0001044247517311566,0.00036313417093890977,0.0,0.23811486132914703,0.0
4932.YPR102C,0.002262443438914027,0.0046736244131210785,0.23739031467862912,0.0,0.00036530548213473016,0.0,,0.0003687769258088609,777.932142857153,0.0007451958802899767,0.0003653054821347299,0.0,0.25143249607535323,0.0
4932.YGR085C,0.002262443438914027,0.0046736244131210785,0.23739031467862912,0.0,0.00036530548213473016,0.0,,0.0003687769258088609,777.9321428571532,0.0007451958802899767,0.0003653054821347299,0.0,0.25143249607535323,0.0
4932.YBL078C,0.002585649644473174,0.001143123333398267,0.21341203205375528,0.0,0.0002195464488175966,0.0,,0.0002703741550555923,694.7011904761981,0.001041686862650587,0.00021954644881759752,0.0,0.2245317357712316,0.0
4932.YNL135C,0.0074337427278603745,0.03782505174360781,0.2616617088659086,0.0,0.002590823894346838,0.0,,0.0023392623904896115,872.7190476190641,0.009334402279288247,0.0025908238943468426,0.0,0.2820682119001447,0.0
4932.YBL075C,0.009696186166774402,0.021886595675174123,0.27019415589414475,0.0,0.002237160736690919,0.0,,0.0015623124247804683,907.85476190478,0.0002530063852642812,0.0022371607366909103,0.0,0.2934242927940407,0.0
4932.YBR006W,0.013897866839043309,0.019703672318034444,0.27379122395939587,0.0,0.007065968882032704,0.0,,0.00670810807229431,925.9654761904957,0.00026292628872019854,0.007065968882032701,0.0,0.2992777880382922,0.0
4932.YER073W,0.016160310277957335,0.0345227979091729,0.2849251638951512,0.0,0.01044337893549184,0.0,,0.009839804829988084,967.5023809524016,0.0006667922970158293,0.010443378935491833,0.0,0.3127027734170591,0.0
4932.YOR374W,0.014867485455720749,0.029728306259921806,0.2805903189399344,0.0,0.007330621597229575,0.0,,0.006425971274791336,951.3392857143062,0.0006577805798200979,0.007330621597229581,0.0,0.30747876073506325,0.0
4932.YMR170C,0.011958629605688428,0.02277656962915671,0.2693793977911847,0.0,0.0029869156152828483,0.0,,0.0025426536722843508,907.9226190476379,0.0004410034877014577,0.0029869156152828435,0.0,0.2934462246437036,0.0
4932.YMR169C,0.015190691661279896,0.02697995874138607,0.27807919935409064,0.0,0.008779196785972977,0.0,,0.007654716496956142,943.2059523809725,0.0005161637139758521,0.008779196785972977,0.0,0.30485001692984887,0.0
4932.YPL061W,0.013897866839043309,0.029880826775955303,0.28067296704566047,0.0,0.00651979270158459,0.0,,0.006027753711467821,948.9869047619259,0.00047783167910154877,0.006519792701584603,0.0,0.30671845661341457,0.0
4932.YBL076C,0.004524886877828054,0.002668808272942864,0.23727209241036287,0.0,0.002782800371816743,0.0,,0.0030181648752224113,786.1654761904873,0.0013452356769054164,0.0027828003718167434,0.0,0.2540935605011235,0.0
4932.YJR121W,0.010989010989010988,0.029779795581777395,0.27492346310444815,0.0,0.008730450147882702,0.0,,0.008707482704453137,924.5750000000161,0.004243341374942618,0.008730450147882743,0.0,0.2988283775048481,0.0
4932.YDR331W,0.001292824822236587,0.0004112340745732751,0.21086185508298677,0.0,0.00032988551748996145,0.0,,0.0004041884893642786,684.1361111111187,0.0010227751512569708,0.0003298855174899613,0.0,0.22111703655821302,0.0
4932.YMR214W,0.006787330316742082,0.01452610690956536,0.2580245662388349,0.0,0.0053191060580680925,0.0,,0.0052662865703814385,858.2428571428716,0.0006932861945943656,0.00531910605806809,0.0,0.2773894173053837,0.0
4932.YIL172C,0.0074337427278603745,0.0027669812396636513,0.22296655248108974,0.0,0.0005191466847677187,0.0,,0.00047736889298949804,739.1523809523902,0.00017195325017954144,0.0005191466847677182,0.0,0.23889863637762798,0.0
4932.YKR069W,0.002262443438914027,0.0005401116913339394,0.21490408730717575,0.0,0.001389817365885426,0.0,,0.001555003068123174,702.449206349214,0.001990754700446312,0.0013898173658854298,0.0,0.2270359425821611,0.0
4932.YJL221C,0.0074337427278603745,0.0026360779376126335,0.22201414797763683,0.0,0.0005100373905142468,0.0,,0.0004848217318565052,736.1404761904854,0.00017195139815600051,0.0005100373905142457,0.0,0.23792517006802721,0.0
4932.YOL157C,0.007110536522301228,0.002556958454566442,0.22277541843516613,0.0,0.00047764295520788953,0.0,,0.0004481519931846806,737.7190476190568,0.00017224355493923612,0.0004776429552078884,0.0,0.23843537414965987,0.0
4932.YOR241W,0.002585649644473174,0.001885063285594782,0.2328652793548429,0.0,0.0010933838640265676,0.0,,0.0012797579290163641,764.6761904762014,0.0006276344909483393,0.0010933838640265682,0.0,0.24714809000523288,0.0
4932.YJR033C,0.0006464124111182935,0.00028317755271708956,0.2049949207142382,0.0,6.169611350547345e-05,0.0,,8.350082732313873e-05,663.9765873015914,0.0011439697486457891,6.169611350547347e-05,0.0,0.21460135336185757,0.0
4932.YMR293C,0.004201680672268907,0.0006147019078302944,0.2240851430085484,0.0,0.0029121570440429323,0.0,,0.0032215937370457023,738.5277777777869,0.0050399327727700715,0.002912157044042946,0.0,0.2386967607555843,0.0
4932.YJL216C,0.007756948933419522,0.002902712449713459,0.22375189177833843,0.0,0.0005801155702012874,0.0,,0.0005378116536782283,743.2523809523902,0.00012978081207479667,0.0005801155702012893,0.0,0.24022378182042045,0.0
4932.YGR287C,0.006787330316742082,0.0024415638478868,0.22237683153325957,0.0,0.00042672868193669285,0.0,,0.0004175666451142803,735.9380952381042,0.00018958544450492685,0.000426728681936691,0.0,0.23785975928833072,0.0
4932.YMR113W,0.002262443438914027,0.0020312101668513026,0.22648187049279447,0.0,0.0008658520467172517,0.0,,0.0009624964940167134,740.8226190476265,0.000990930524890063,0.0008658520467172561,0.0,0.2394384676947702,0.0
4932.YLR019W,0.002262443438914027,0.004624432899964767,0.22843648468595587,0.0,0.0005571417756403365,0.0,,0.0006233005343159949,749.7797619047712,0.00028313927846516457,0.000557141775640338,0.0,0.2423334718502786,0.0
4932.YLL010C,0.0016160310277957336,0.004543263086175433,0.22589128165626643,0.0,0.00010139475037688583,0.0,,0.00010128450057854369,738.5321428571516,0.00021516907229607605,0.0001013947503768858,0.0,0.23869817157632284,0.0
4932.YER102W,0.0019392372333548805,0.0019045630663765667,0.2186183977791413,0.0,0.00020643813132589298,0.0,,0.00021840069568265102,712.0761904761983,0.0020320203413092992,0.00020643813132589255,0.0,0.23014744359282174,0.0
4932.YHR004C,0.0016160310277957336,0.0015989204731093095,0.215471031081635,0.0,7.548814244851278e-05,0.0,,7.724028655839093e-05,701.2345238095307,0.0003118431036601282,7.548814244851293e-05,0.0,0.22664334964755134,0.0
4932.YDR244W,0.0016160310277957336,0.0009210181822049306,0.21612264076208149,0.0,0.00026993936265082145,0.0,,0.0003177323155260755,704.0880952381017,0.0017508145758818397,0.0002699393626508215,0.0,0.22756564164127188,0.0
4932.YBL079W,0.0003232062055591467,0.0040164086591869905,0.23470067071921608,0.0,0.0,0.0,,0.0,767.417857142868,8.764703497068612e-07,0.0,0.0,0.24803421368547418,0.0
4932.YBL080C,0.002262443438914027,0.00023825670262631106,0.21092408834649537,0.0,0.0005264451054043515,0.0,,0.0006387512416464471,688.2694444444504,0.004863822654761862,0.0005264451054043533,0.0,0.22245295554119085,0.0
4932.YCR024C,0.003232062055591467,0.0007400489138661661,0.22424334557264292,0.0,0.002081846702420331,0.0,,0.002181961055713004,733.4051587301684,0.004889782011918235,0.0020818467024203285,0.0,0.23704109849067834,0.0
4932.YHR144C,0.0009696186166774402,0.0002851033084307189,0.2027270526459153,0.0,8.235571246862504e-05,0.0,,0.00010614127491900932,654.0265873015907,0.001032548513314833,8.235571246862516e-05,0.0,0.21138545161654404,0.0
4932.YPL104W,0.003555268261150614,0.00315270833421917,0.2380822994386651,0.0,0.0023691584700187766,0.0,,0.002582593777312975,785.947619047631,0.003094801062610855,0.002369158470018776,0.0,0.2540231477206267,0.0
4932.YHR019C,0.0029088558500323207,0.000731610800346474,0.22199690683855336,0.0,0.0011341331641446836,0.0,,0.0013083132758921875,727.5337301587374,0.0034357232578262793,0.0011341331641446847,0.0,0.23514341634089533,0.0
4932.YLL018C,0.0019392372333548805,0.0003246577002380136,0.21075303519316219,0.0,0.0005489273061493308,0.0,,0.0006553983967049596,684.7027777777846,0.004506254004985946,0.000548927306149332,0.0,0.2213001867413632,0.0
4932.YIR027C,0.002262443438914027,0.0005443345268394494,0.21745429555454523,0.0,0.0008416864530076429,0.0,,0.0009778190242986228,708.1107142857202,0.002064602999232782,0.0008416864530076442,0.0,0.22886577708006278,0.0
4932.YBL082C,0.0009696186166774402,0.00025100230675603795,0.20528934788941125,0.0,0.00020480264401714817,0.0,,0.00026386902509056685,664.2992063492118,0.00036317912492738814,0.0002048026440171483,0.0,0.2147056258400796,0.0
4932.YIL048W,0.003878474466709761,0.0015953478992632056,0.2242961294123226,0.0,0.004103487568191449,0.0,,0.004337326370107203,737.6575396825489,0.0023442845489226637,0.004103487568191474,0.0,0.23841549440288937,0.0
4932.YHR020W,0.003232062055591467,0.0046770788197391736,0.24399574678730382,0.0,0.0011063697685325814,0.0,,0.0011849342686161687,803.2142857142982,0.0028242851796106898,0.0011063697685325857,0.0,0.25960384153661464,0.0
4932.YBL084C,0.0016160310277957336,0.005795977728201325,0.22998022279646435,0.0,0.00018248651055618144,0.0,,0.00021468662133060753,751.9857142857229,0.00029144606903256596,0.00018248651055618136,0.0,0.24304644934897035,0.0
4932.YJL111W,0.011635423400129283,0.06245556590107214,0.27965703085111054,0.0,0.006673988672140913,0.0,,0.005975959239455725,940.440476190496,0.002573750088848246,0.006673988672140912,0.0,0.3039561978637609,0.0
4932.YDR212W,0.012281835811247576,0.05784147152261678,0.28546576486519387,0.0,0.008802641617736095,0.0,,0.008223284142231974,961.9642857143072,0.00203995626407421,0.008802641617736051,0.0,0.31091282666912917,0.0
4932.YDL052C,0.002262443438914027,0.0029971358327745786,0.230629622376769,0.0,0.0004114870842289006,0.0,,0.0005102117355897865,756.4928571428669,0.0015985858441210032,0.0004114870842289012,0.0,0.24450318588974052,0.0
4932.YBL087C,0.0019392372333548805,0.004431867108922505,0.2281812076436823,0.0,7.254954043151726e-05,0.0,,8.8639964999448e-05,745.90992063493,0.00011054407047203499,7.25495404315171e-05,0.0,0.24108271513733698,0.0
4932.YOR094W,0.003555268261150614,0.015627072340418456,0.24252601759226702,0.0,0.0006846181765626118,0.0,,0.0006354081580511444,802.0190476190595,0.0003869142012808075,0.0006846181765626115,0.0,0.259217533167113,0.0
4932.YJR125C,0.0029088558500323207,0.01626881386455741,0.2513544508361955,0.0,0.002653728537183527,0.0,,0.0026823926277975193,832.3654761904907,0.0001438832801925803,0.0026537285371835305,0.0,0.2690256871979561,0.0
4932.YBR164C,0.004848093083387201,0.02396692643932177,0.2548728752995767,0.0,0.001762075022857877,0.0,,0.0016313511693361517,847.6702380952521,0.0005776064616191449,0.0017620750228578728,0.0,0.2739722812201804,0.0
4932.YNL330C,0.007756948933419522,0.026743736521714877,0.269176475457632,0.0,0.005181188340846476,0.0,,0.005095378847434848,901.7059523809694,0.0003698434017257725,0.005181188340846481,0.0,0.29143695939914427,0.0
4932.YDL192W,0.007110536522301228,0.0191488627821171,0.2588657221189941,0.0,0.004146389534880952,0.0,,0.004191390201381429,865.7190476190625,0.0005501759029110297,0.004146389534880962,0.0,0.2798057684612306,0.0
4932.YDL137W,0.004848093083387201,0.017159412833215704,0.253967143688704,0.0,0.001959173961439123,0.0,,0.001941515517969333,844.3952380952519,0.00045043445682622213,0.0019591739614391165,0.0,0.27291378089697416,0.0
4932.YBL089W,0.0009696186166774402,0.00029368356158259774,0.19319146917348462,0.0,0.0013202938176781686,0.0,,0.0013370195655313213,624.587301587304,0.00010878372167691214,0.0013202938176781658,0.0,0.20187049178645816,0.0
4932.YLR027C,0.002262443438914027,0.0003351860308725761,0.21178353603200858,0.0,0.0010445709071534766,0.0,,0.001270379625893792,692.6944444444501,0.0010948876405654235,0.0010445709071534772,0.0,0.22388314300079007,0.0
4932.YNL305C,0.0006464124111182935,1.0956346593563467e-05,0.16088778530842254,0.0,0.000621333365100125,0.0,,0.000621333365100125,513.1932900433018,1.8277624682836832e-05,0.0006213333651001239,0.0,0.16586725599330643,0.0
4932.YNL088W,0.004848093083387201,0.007532962252441849,0.23120787523132091,0.0,0.005386886224985728,0.0,,0.005189113942136647,762.2789682539786,0.0018534264276373706,0.005386886224985737,0.0,0.24637329290690635,0.0
4932.YBL091C,0.006464124111182934,0.07783390894962992,0.2580944537161477,0.0,0.0012947608991669298,0.0,,0.0011982847991210035,860.5976190476348,0.00018834875549062838,0.0012947608991669304,0.0,0.278150490965617,0.0
4932.YGR124W,0.0019392372333548805,0.003641174627072635,0.22354192753832122,0.0,0.00028902562389045866,0.0,,0.00033406187863378056,729.271825396833,0.0009826147057055263,0.0002890256238904581,0.0,0.23570517950770054,0.0
4932.YGL105W,0.006787330316742082,0.005543768242120208,0.2424437426308245,0.0,0.004965448539571071,0.0,,0.005551904807689377,807.0964285714415,0.010714884982119158,0.00496544853957107,0.0,0.26085857419891034,0.0
4932.YNL077W,0.001292824822236587,0.00041329268451044984,0.2022680371725785,0.0,7.487094488879418e-05,0.0,,0.00010203667646836464,656.5099206349248,0.0004324274591476038,7.48709448887943e-05,0.0,0.21218808036034925,0.0
4932.YLR090W,0.0016160310277957336,0.0003740955250990918,0.1975846122034871,0.0,0.00016541075093953037,0.0,,0.00021658876473134344,641.099603174605,0.0010198244140466697,0.0001654107509395301,0.0,0.2072073701275382,0.0
4932.YMR315W,0.0006464124111182935,0.0001041813357936195,0.1865840460387737,0.0,0.000621333365100125,0.0,,0.000621333365100125,600.4769841269851,0.0011612357052279776,0.0006213333651001239,0.0,0.19407788756528252,0.0
4932.YJR008W,0.0029088558500323207,0.0015012467525521705,0.22694936244522482,0.0,0.0021967202777903572,0.0,,0.002342179802657687,744.5988095238187,0.004230959900110551,0.002196720277790363,0.0,0.24065895589004835,0.0
4932.YDR519W,0.004524886877828054,0.008861888103927655,0.24935922621772955,0.0,0.004156945566790909,0.0,,0.004078066644195722,825.6071428571558,0.009449034692701488,0.0041569455667909054,0.0,0.26684135192538555,0.0
4932.YBL097W,0.0003232062055591467,0.00034073133551638154,0.1869134411769355,0.0,0.0,0.0,,0.0,598.7948412698424,6.833968495116396e-06,0.0,0.0,0.19353420855521697,0.0
4932.YBR186W,0.002262443438914027,0.009141607266404445,0.23201478527392677,0.0,0.0011325176967079778,0.0,,0.0011235143367430262,759.766666666675,0.0005926854093812475,0.0011325176967079795,0.0,0.24556130144365437,0.0
4932.YBL098W,0.0016160310277957336,0.00015184863857901868,0.2049067571758334,0.0,0.0006279134881975548,0.0,,0.0006929500166553096,664.7242063492107,0.0008535209945280074,0.0006279134881975579,0.0,0.21484298847744226,0.0
4932.YMR158W,0.0006464124111182935,0.00016346426391159645,0.19550363625769743,0.0,4.853334753963579e-05,0.0,,6.26173888897734e-05,628.982142857145,0.00021624232019414177,4.853334753963575e-05,0.0,0.20329093175731833,0.0
4932.YJR078W,0.0006464124111182935,1.2301062482263658e-05,0.17355680707668336,0.0,1.3887208121746231e-05,0.0,,2.1607481397942286e-05,555.3515873015903,1.1928191961914992e-05,1.3887208121746219e-05,0.0,0.17949307928299524,0.0
4932.YKL060C,0.0019392372333548805,0.0010307607787076818,0.22441938839378645,0.0,0.0005314480528649622,0.0,,0.0006456653279658392,734.1670634920733,0.001159098701056081,0.0005314480528649639,0.0,0.237287350837771,0.0
4932.YOR323C,0.002585649644473174,0.000824491839305931,0.21569864705048306,0.0,0.0011034090285611917,0.0,,0.0011384121562025419,704.245634920642,0.0047400282787069805,0.0011034090285611908,0.0,0.22761655944429052,0.0
4932.YDR406W,0.002262443438914027,0.0018093092133798967,0.2256238491996884,0.0,0.0010856149979822187,0.0,,0.0010237105912904918,739.3837301587374,4.140361664901932e-05,0.0010856149979822187,0.0,0.2389734098767712,0.0
4932.YOR153W,0.004201680672268907,0.008773966845454173,0.2517528991070059,0.0,0.0025404550370904935,0.0,,0.0025560164039516776,834.2702380952519,5.168327576419502e-05,0.0025404550370905017,0.0,0.2696413180656878,0.0
4932.YDL097C,0.002585649644473174,0.008750310231670529,0.25093523256320677,0.0,0.0009094448989023577,0.0,,0.0008712581563938168,828.1297619047742,0.0006287297316307555,0.0009094448989023573,0.0,0.26765667805583776,0.0
4932.YGL236C,0.003878474466709761,0.003660600821077718,0.24476874470074939,0.0,0.0024672206400167753,0.0,,0.0027759882710507475,807.2765873016,0.004113677703384714,0.0024672206400167787,0.0,0.26091680261848327,0.0
4932.YNR070W,0.0019392372333548805,0.0022523806909406662,0.22703948609006844,0.0,0.00022037124166513264,0.0,,0.00017914498116614841,743.3658730158802,2.314798475097439e-06,0.00022037124166513278,0.0,0.24026046315962282,0.0
4932.YDR404C,0.0019392372333548805,0.002388190656998344,0.21653190193607422,0.0,0.0010662854325797612,0.0,,0.001107766471823449,706.6011904761967,0.003273079206194213,0.001066285432579764,0.0,0.22837788961738542,0.0
4932.YOR328W,0.0019392372333548805,0.0019236795449404484,0.22694936244522482,0.0,0.0003141987665120356,0.0,,0.0002945141913009165,743.0063492063565,4.101515461913649e-05,0.0003141987665120354,0.0,0.24014426283333848,0.0
4932.YMR085W,0.0029088558500323207,0.006455705011579715,0.2458634359129657,0.0,0.000644154626653876,0.0,,0.0005533913287103599,810.115476190488,0.002346855852718672,0.0006441546266538778,0.0,0.2618343491242651,0.0
4932.YBL102W,0.0003232062055591467,9.925814194064537e-05,0.18969171661314213,0.0,0.0,0.0,,0.0,608.2234126984147,0.000275429765631891,0.0,0.0,0.19658158135048892,0.0
4932.YDL125C,0.0029088558500323207,0.002663264200529962,0.23631100019509396,0.0,0.0014481473860855636,0.0,,0.0015337314626583552,775.3642857142967,0.0013766399845702695,0.001448147386085566,0.0,0.25060254871179244,0.0
4932.YBL104C,0.002585649644473174,0.010961445501476434,0.24635075571872214,0.0,0.00022876222770615984,0.0,,0.00022879122204398614,811.9535714285852,0.000504569580839997,0.0002287622277061599,0.0,0.2624284329116262,0.0
4932.YDR477W,0.011635423400129283,0.028416681003600536,0.28056278038669663,0.0,0.01113766872003089,0.0,,0.011907546574163425,946.8619047619256,0.000815097978975565,0.011137668720030948,0.0,0.3060316434266014,0.0
4932.YHR205W,0.004201680672268907,0.00783053876680042,0.24857862342261322,0.0,0.0012083547402655052,0.0,,0.0013479161706700653,823.8321428571555,0.0012968448367760685,0.0012083547402655058,0.0,0.266267660910518,0.0
4932.YBL105C,0.002262443438914027,0.006165348589498928,0.22996172225565537,0.0,0.0006421819601837459,0.0,,0.0006328776125410799,753.3678571428659,0.00020650646162104143,0.0006421819601837462,0.0,0.24349316649736819,0.0
4932.YIL142W,0.010342598577892695,0.03888650571151162,0.27186440031954845,0.0,0.004092352762704607,0.0,,0.003969506693817392,912.0690476190656,0.0009568058254972875,0.004092352762704607,0.0,0.29478637608889713,0.0
4932.YJR073C,0.0009696186166774402,0.00026304952492855853,0.19263168257143207,0.0,9.699546560342584e-05,0.0,,0.00012320745339734903,621.8170634920655,0.0003959685150281358,9.699546560342593e-05,0.0,0.20097513364320088,0.0
4932.YPL059W,0.0016160310277957336,0.003938919910443325,0.2368003785089506,0.0,0.001324786551557958,0.0,,0.0014320941546140118,778.5476190476309,0.001069215578629111,0.0013247865515579554,0.0,0.251631421799489,0.0
4932.YKR054C,0.005494505494505494,0.023114098822820422,0.25419297255557993,0.0,0.002827955125206668,0.0,,0.0028626056638496973,846.2861111111258,0.000823920558222086,0.002827955125206667,0.0,0.2735249227896287,0.0
4932.YJL008C,0.006464124111182934,0.03044061902614384,0.26178151734066407,0.0,0.0011420803099822367,0.0,,0.0009588370230350893,870.7690476190636,0.001927254122655932,0.0011420803099822395,0.0,0.2814379597993043,0.0
4932.YBL106C,0.0003232062055591467,9.932789522367386e-06,0.16676316470423821,0.0,0.0,0.0,,0.0,531.3888888888947,1.1579779950211657e-05,0.0,0.0,0.1717481864540688,0.0
4932.YDR358W,0.0009696186166774402,0.00026650134528687135,0.20175412304044404,0.0,0.0006529000050696074,0.0,,0.0006577909780723115,652.7281746031789,0.00042282911335498154,0.0006529000050696069,0.0,0.21096579657504028,0.0
4932.YBL111C,0.0009696186166774402,6.7199154025894395e-18,0.0033244066857512234,0.0,2.525320605996135e-07,0.0,,3.122440749285862e-07,11.833333333333334,3.611446787906435e-08,2.5253206059961357e-07,0.0,0.0038246067657832367,0.0
4932.YBL112C,0.003878474466709761,2.3326858185299227e-17,0.004899125642159698,0.0,1.1198288863454763e-05,0.0,,1.1100878130522187e-05,17.666666666666668,3.1345505925487515e-07,1.1198288863454758e-05,0.0,0.005709976298211593,0.0
4932.YHR219W,0.003878474466709761,2.2899935594456756e-17,0.004899125642159698,0.0,1.1347626314675585e-05,0.0,,1.1343852122161504e-05,17.666666666666668,4.3846667829279706e-07,1.1347626314675582e-05,0.0,0.005709976298211593,0.0
4932.YBL113C,0.0006464124111182935,4.018519600118127e-18,0.003102779573367809,0.0,0.0,0.0,,0.0,10.833333333333334,7.454396551544548e-08,0.0,0.0,0.0035014005602240898,0.0
4932.YEL075C,0.003878474466709761,2.1581162116325328e-17,0.004899125642159698,0.0,1.438601788015597e-05,0.0,,1.4130599390891672e-05,17.666666666666668,1.0718588820658849e-07,1.4386017880155966e-05,0.0,0.005709976298211593,0.0
4932.YHL050C,0.002262443438914027,1.6392758122181402e-17,0.004231063054592466,0.0,1.6839628973373022e-06,0.0,,1.67792833598244e-06,15.000000000000002,7.269194153296927e-08,1.6839628973373022e-06,0.0,0.004848093083387201,0.0
4932.YFL064C,0.002585649644473174,1.5970048195914698e-17,0.004137039431157078,0.0,3.648499767830885e-06,0.0,,3.7826939077254924e-06,15.166666666666668,6.736737236257175e-08,3.648499767830885e-06,0.0,0.004901960784313725,0.0
4932.YHR218W,0.0009696186166774402,6.712139977328881e-18,0.0033244066857512234,0.0,2.388480573158906e-07,0.0,,3.06521673555393e-07,11.833333333333334,3.287342613050946e-08,2.3884805731589066e-07,0.0,0.0038246067657832367,0.0
4932.YLR462W,0.002585649644473174,1.9094107188844943e-17,0.004137039431157078,0.0,1.8497901669673694e-06,0.0,,1.84080944173536e-06,15.166666666666668,6.088528886546197e-08,1.8497901669673696e-06,0.0,0.004901960784313725,0.0
4932.YLR464W,0.003232062055591467,2.17803911692016e-17,0.004899125642159698,0.0,1.301123632321276e-05,0.0,,1.2861967886460714e-05,17.0,6.435783361182638e-08,1.3011236323212758e-05,0.0,0.005494505494505495,0.0
4932.YER189W,0.001292824822236587,9.284081419005107e-18,0.0035125806490956327,0.0,9.568247144557981e-07,0.0,,1.018525244413466e-06,12.666666666666668,4.9773144970604775e-08,9.568247144557981e-07,0.0,0.004093945270415859,0.0
4932.YHL049C,0.001292824822236587,1.0900617614352396e-17,0.003384850443673973,0.0,1.5550003731503298e-07,0.0,,1.4803603552391138e-07,12.333333333333334,2.8474868951350024e-08,1.5550003731503298e-07,0.0,0.00398620986856281,0.0
4932.YEL076C,0.002585649644473174,1.9062998433097738e-17,0.004137039431157078,0.0,1.7951011300675272e-06,0.0,,1.793889897142837e-06,15.333333333333334,8.056304345849313e-08,1.7951011300675274e-06,0.0,0.0049558284852402506,0.0
4932.YBR001C,0.0009696186166774402,0.0006397724592559303,0.20007378005039558,0.0,4.2727780610050194e-06,0.0,,8.40113266631475e-06,645.8154761904788,7.663929892762024e-05,4.272778061005023e-06,0.0,0.20873156955089728,0.0
4932.YPL206C,0.0016160310277957336,0.005032021627832593,0.23899792403311193,0.0,0.0005872554532882703,0.0,,0.0006901184884327072,783.8869047619163,0.00034284204957625857,0.0005872554532882724,0.0,0.25335711207559947,0.0
4932.YIR037W,0.002585649644473174,0.005796545854506727,0.22942649834350334,0.0,0.0005823187538077155,0.0,,0.0005499903678919497,752.7642857142952,0.00046588450389337187,0.000582318753807715,0.0,0.2432980884661557,0.0
4932.YBR244W,0.003232062055591467,0.0063392842496372,0.23277047222213598,0.0,0.0008405689924589323,0.0,,0.0008208033544522064,765.7785714285818,0.0004998404376005233,0.0008405689924589316,0.0,0.2475043863699326,0.0
4932.YDL193W,0.001292824822236587,0.00020121383641986203,0.19959881087557965,0.0,0.0003812807115664041,0.0,,0.00046147314411139643,647.921031746036,0.0010499431855649074,0.00038128071156640466,0.0,0.20941209817260237,0.0
4932.YPL217C,0.001292824822236587,0.00162317209963619,0.22129231842081218,0.0,0.00029182141072004293,0.0,,0.0003261468322410719,720.6170634920721,0.0005135551381967551,0.000291821410720044,0.0,0.23290790675244458,0.0
4932.YKR067W,0.001292824822236587,0.000787363258463949,0.2207454957034789,0.0,0.0003264391224308717,0.0,,0.0003811641244576826,720.872619047628,0.0004034036968090051,0.0003264391224308728,0.0,0.23299050389386525,0.0
4932.YER055C,0.003232062055591467,0.0003954189900111393,0.21172079464968538,0.0,0.0015447985216842618,0.0,,0.0017351482040380618,692.9099206349265,0.0019636301887026256,0.0015447985216842655,0.0,0.22395278624270223,0.0
4932.YBR249C,0.004201680672268907,0.0010049991454115852,0.22350697180297513,0.0,0.001816121408692099,0.0,,0.002006123397286906,735.1146825396905,0.0023538111287853027,0.0018161214086920977,0.0,0.23759362719446755,0.0
4932.YMR297W,0.004524886877828054,0.015679308590950545,0.25898298327233665,0.0,0.005092874167588039,0.0,,0.005305222229794273,860.2440476190627,0.0004812373197025455,0.0050928741675880344,0.0,0.2780362144857943,0.0
4932.YMR054W,0.002585649644473174,0.0011305157887733686,0.22117246958298273,0.0,0.000903140911308964,0.0,,0.0008561822316285774,723.3845238095325,0.0008019951408023228,0.0009031409113089666,0.0,0.23380236710068641,0.0
4932.YKL119C,0.0006464124111182935,5.902454195682316e-05,0.18815600403870544,0.0,8.242155061243764e-06,0.0,,1.2761568621725057e-05,605.5535714285732,0.00012917612624473897,8.242155061243754e-06,0.0,0.1957186720842183,0.0
4932.YOR270C,0.003232062055591467,0.0017863627468509065,0.22124093873230027,0.0,0.0012268719739321663,0.0,,0.001031562013128407,724.7178571428658,0.0015044699208825254,0.0012268719739321691,0.0,0.23423330870809864,0.0
4932.YDR035W,0.003555268261150614,0.0009766174569730687,0.22013354145695763,0.0,0.0019531812882156207,0.0,,0.002052691257365549,722.1920634920712,0.002370431192004265,0.0019531812882156185,0.0,0.23341695652620023,0.0
4932.YNR050C,0.0016160310277957336,0.0001910062606351294,0.20408753975584007,0.0,0.00046746599118255316,0.0,,0.0005564315378699232,662.7972222222265,0.003757163086757383,0.00046746599118255343,0.0,0.214220175249587,0.0
4932.YFR010W,0.002262443438914027,0.005034817280002243,0.24470588677966548,0.0,0.0012244311638629365,0.0,,0.0014267209991281524,805.8845238095369,0.00037813884864583967,0.0012244311638629347,0.0,0.26046687905931604,0.0
4932.YBR003W,0.0016160310277957336,0.0001226113966930641,0.19515661997269604,0.0,0.0002641768978670238,0.0,,0.000351268257120964,632.0353174603208,0.0010695732507607267,0.00026417689786702517,0.0,0.20427773673571994,0.0
4932.YOR207C,0.0029088558500323207,0.0014827794654014672,0.22633841404275945,0.0,0.0009400450827652218,0.0,,0.0009708543199772017,741.7753968254062,6.920133911143958e-05,0.0009400450827652215,0.0,0.23974641138506683,0.0
4932.YPR010C,0.0019392372333548805,0.0007879408301991153,0.21522768930583133,0.0,0.0006245952397660284,0.0,,0.0007143005170097109,701.8174603174674,0.0001429945401842103,0.0006245952397660301,0.0,0.2268317583443634,0.0
4932.YNL200C,0.002262443438914027,0.0005113209844095834,0.20948660188773646,0.0,0.0006035389957620328,0.0,,0.0007612730019189056,682.1027777777844,0.0028003741609789355,0.0006035389957620353,0.0,0.22045985060690942,0.0
4932.YER021W,0.0009696186166774402,0.0004114466646077812,0.20528934788941125,0.0,0.0002602581848647175,0.0,,0.0003227970224763384,663.8456349206399,0.0006692786392120828,0.0002602581848647168,0.0,0.214559028739701,0.0
4932.YOR289W,0.0006464124111182935,9.635287104213851e-05,0.18064165367204119,0.0,3.174576341704192e-05,0.0,,3.884623740317024e-05,579.9718253968266,0.0002564909683870894,3.174576341704186e-05,0.0,0.1874504930177199,0.0
4932.YMR108W,0.006140917905623788,0.010324621917293908,0.25783838453684965,0.0,0.0031694547240469885,0.0,,0.0029809934773108357,858.6404761904911,0.001189049864403463,0.0031694547240469933,0.0,0.27751793024902266,0.0
4932.YGL256W,0.004524886877828054,0.00879323054978548,0.24592689000000445,0.0,0.0025768811984434666,0.0,,0.002347880931347772,815.0142857142991,0.002054988216727978,0.0025768811984434674,0.0,0.26341767476221256,0.0
4932.YNL055C,0.003555268261150614,0.004535101269151131,0.23828075096774626,0.0,0.002289221749168493,0.0,,0.0020923378535072064,788.13015873017,0.0005616454874345048,0.002289221749168496,0.0,0.25472855808990263,0.0
4932.YOR120W,0.005817711700064641,0.004931673843511282,0.24560994667583572,0.0,0.0011473575933590467,0.0,,0.001057604791160565,819.3857142857282,0.00011843878570267307,0.001147357593359047,0.0,0.2648305476036568,0.0
4932.YDL229W,0.009372979961215255,0.01906136338122678,0.27088545146972914,0.0,0.002831057071377919,0.0,,0.002432749685038128,910.0702380952562,0.0002526394530129739,0.0028310570713779228,0.0,0.29414034844707115,0.0
4932.YNL037C,0.006787330316742082,0.008198403658406647,0.2588891658540166,0.0,0.00282024164199941,0.0,,0.0027807065445446307,863.2452380952528,0.0004049797692176508,0.002820241641999416,0.0,0.27900621787176405,0.0
4932.YHL032C,0.006464124111182934,0.01752411215093618,0.26530433126311387,0.0,0.0031773574085409424,0.0,,0.0030001916246202615,885.2095238095401,0.0009290578761805003,0.003177357408540948,0.0,0.28610521131529537,0.0
4932.YLR438W,0.006140917905623788,0.011223644406913333,0.2608737150355952,0.0,0.00394139434507031,0.0,,0.0037444585043189967,867.9571428571594,0.0017466030733452474,0.0039413943450703065,0.0,0.28052913473081537,0.0
4932.YPL123C,0.0016160310277957336,0.003903606486490134,0.22778120871394836,0.0,0.0001076471489358153,0.0,,0.00010747941099871746,745.1718253968357,5.3659848359492745e-05,0.00010764714893581528,0.0,0.24084415817609095,0.0
4932.YML131W,0.0029088558500323207,0.007399709960512875,0.24308283753061666,0.0,0.0003542661079918652,0.0,,0.0003435047389118804,801.0369047619173,5.2574099299324516e-05,0.00035426610799186496,0.0,0.25890009850093887,0.0
4932.YDR175C,0.0009696186166774402,0.001315111097966458,0.22614145790365095,0.0,0.0002758126631177362,0.0,,0.0003417461778134137,738.0265873015967,0.0002025676696160894,0.0002758126631177363,0.0,0.23853477288351235,0.0
4932.YDR368W,0.006140917905623788,0.008162617192857564,0.24866511563674773,0.0,0.0019103899489330241,0.0,,0.0017398589634019367,830.5261904762043,0.0001253926727515379,0.001910389948933025,0.0,0.26843121864130265,0.0
4932.YEL020C,0.005494505494505494,0.0096628342475039,0.25548790502815727,0.0,0.002807620424447633,0.0,,0.00257503090635746,849.3738095238243,0.0016402235103010285,0.00280762042444765,0.0,0.2745228860775079,0.0
4932.YBR149W,0.005494505494505494,0.008116019615304781,0.24847059273012184,0.0,0.0014517409487881689,0.0,,0.0013285123961712807,826.2892857142992,2.9098306303672613e-05,0.0014517409487881786,0.0,0.267061824729892,0.0
4932.YNR064C,0.0029088558500323207,0.006762709234072612,0.2326946820805903,0.0,0.00034257736546187934,0.0,,0.00034549481926432317,766.6178571428686,0.000379776269349788,0.0003425773654618799,0.0,0.24777564872102686,0.0
4932.YJR096W,0.003878474466709761,0.002670687034888534,0.24170577233111115,0.0,0.0011391060577443488,0.0,,0.001221993055531623,798.3694444444573,0.0001902246242823205,0.0011391060577443468,0.0,0.25803795877325286,0.0
4932.YJR130C,0.003232062055591467,0.007062933345656993,0.23205245306924685,0.0,0.0006226966412422044,0.0,,0.0005807225857603959,763.8833333333445,6.929139377758748e-05,0.0006226966412422048,0.0,0.24689183365653955,0.0
4932.YLL058W,0.0019392372333548805,0.00609597994449778,0.22714772899166086,0.0,7.6196163097196405e-06,0.0,,4.707692180290152e-06,744.8571428571532,1.5019914497881975e-05,7.619616309719639e-06,0.0,0.24074245082648446,0.0
4932.YOR136W,0.008403361344537815,0.012196712948891946,0.2729807266386604,0.0,0.00558803221095485,0.0,,0.0056747019160543685,914.032142857162,0.0008882524632771584,0.005588032210954843,0.0,0.2954208606519531,0.0
4932.YIL114C,0.0016160310277957336,0.001566836920115678,0.22953702981853638,0.0,0.0005764339868638365,0.0,,0.0007382180149472472,752.3599206349297,0.0002996986878982591,0.0005764339868638362,0.0,0.24316739516319347,0.0
4932.YNL202W,0.003555268261150614,0.006631540061506945,0.2388980586127404,0.0,0.0015945032168942087,0.0,,0.0015615378460866421,788.7821428571542,0.0003004239867903963,0.00159450321689421,0.0,0.25493928340566996,0.0
4932.YIL094C,0.005817711700064641,0.013402527734119093,0.26023251427947675,0.0,0.001925899579223909,0.0,,0.00174791883334109,865.9630952381112,0.00028284457514806994,0.001925899579223913,0.0,0.27988464616615877,0.0
4932.YGL006W,0.003232062055591467,0.00935166277061337,0.2498168460508653,0.0,0.0017808338797085782,0.0,,0.0016530971787140324,825.4345238095381,0.00023913588315096506,0.0017808338797085806,0.0,0.2667855603779974,0.0
4932.YBR261C,0.0029088558500323207,0.006970887476509337,0.2383999807655785,0.0,0.0005907545620446581,0.0,,0.0005785598475679871,785.7273809523924,0.0013759630698048954,0.0005907545620446602,0.0,0.25395196540154524,0.0
4932.YJR025C,0.003555268261150614,0.007368269957524316,0.24076932277941984,0.0,0.0011840203453842824,0.0,,0.001179004127385109,794.2488095238206,0.0009406816417007372,0.001184020345384283,0.0,0.25670614399605995,0.0
4932.YHR104W,0.004524886877828054,0.0032895613784214017,0.24182845523729396,0.0,0.0007961325685279497,0.0,,0.0008437105156428943,802.4432539682666,0.0001496416857600944,0.0007961325685279483,0.0,0.25935463929161406,0.0
4932.YLR284C,0.0019392372333548805,0.00609597994449778,0.22714772899166086,0.0,7.6196163097196405e-06,0.0,,4.707692180290152e-06,744.8571428571532,2.007593997224978e-06,7.619616309719639e-06,0.0,0.24074245082648446,0.0
4932.YER103W,0.008403361344537815,0.017738343664407557,0.2674639005763521,0.0,0.001587303032525578,0.0,,0.0011736234057826713,896.4464285714463,0.00019477365818905691,0.0015873030325255781,0.0,0.2897370486656201,0.0
4932.YOL140W,0.006140917905623788,0.008747998435093508,0.2501228602117466,0.0,0.0025804849399036103,0.0,,0.0023843148386346524,832.023809523824,0.002538016906626911,0.0025804849399036077,0.0,0.26891525841105673,0.0
4932.YGR154C,0.0009696186166774402,0.00017819035873252822,0.1997243184070462,0.0,6.020138990722866e-05,0.0,,7.032543566040074e-05,647.5789682539722,0.0014478736884990374,6.0201389907228685e-05,0.0,0.2093015411292722,0.0
4932.YOR384W,0.0006464124111182935,9.924668428624651e-05,0.19127829838474752,0.0,1.5128792838051906e-05,0.0,,1.705617777787425e-05,618.8726190476226,1.4862492481449345e-07,1.51287928380519e-05,0.0,0.2000234709268323,0.0
4932.YMR008C,0.0006464124111182935,7.843970466129153e-05,0.18823033972213418,0.0,6.1695028520505e-05,0.0,,8.747556918073416e-05,607.2369047619072,5.597140579262085e-05,6.169502852050501e-05,0.0,0.19626273586357618,0.0
4932.YOL103W,0.003232062055591467,0.005434718943354701,0.24093166197724838,0.0,0.0011684775381099698,0.0,,0.0012086951221387252,796.0107142857261,0.0006010880421893004,0.0011684775381099665,0.0,0.2572756025487118,0.0
4932.YGL114W,0.004201680672268907,0.0049287415504142024,0.23869857793587607,0.0,0.002744423597367424,0.0,,0.0030701665430966653,788.8432539682643,0.0023332844524787465,0.0027444235973674348,0.0,0.2549590348960097,0.0
4932.YMR251W,0.0009696186166774402,0.00017819035873252822,0.1997243184070462,0.0,6.020138990722866e-05,0.0,,7.032543566040074e-05,647.5789682539722,0.0014642346998634509,6.0201389907228685e-05,0.0,0.2093015411292722,0.0
4932.YMR279C,0.003232062055591467,0.009517176118081982,0.23658480256228187,0.0,0.0016172689609214978,0.0,,0.0014216991141525364,779.5023809523922,9.390456100147759e-06,0.0016172689609214967,0.0,0.2519400067719395,0.0
4932.YDR211W,0.003232062055591467,0.001219632750822485,0.2287838470876392,0.0,0.001010337754469882,0.0,,0.0011818277169499062,749.0992063492162,0.003899420058390793,0.0010103377544698853,0.0,0.24211351207149528,0.0
4932.YDR256C,0.0016160310277957336,0.0007779980574282065,0.21635163621887926,0.0,0.000885520653561562,0.0,,0.0009034660363853053,703.8809523809587,0.0002858054984907161,0.0008855206535615639,0.0,0.22749869178440607,0.0
4932.YOR378W,0.0029088558500323207,0.009496498592680303,0.2363500760115793,0.0,0.0013767652105855877,0.0,,0.0012685513211637294,778.1690476190588,0.00014413191441222772,0.001376765210585588,0.0,0.25150906516452737,0.0
4932.YLR056W,0.001292824822236587,0.00038451157068199936,0.20589557543647735,0.0,0.00018311249250799555,0.0,,0.00020955882182029358,670.5380952381003,2.6498064632496806e-05,0.0001831124925079957,0.0,0.21672207344476252,0.0
4932.YGR088W,0.002262443438914027,0.0008755604162606347,0.22067733282075436,0.0,0.0013346071472943167,0.0,,0.0013911296443268972,720.0226190476259,0.00019792881254620292,0.0013346071472943163,0.0,0.23271577861913997,0.0
4932.YDR387C,0.0029088558500323207,0.006342195483724396,0.22427853203829057,0.0,0.000902716272406198,0.0,,0.0008532895155105844,737.9575396825478,0.00013175437513112287,0.0009027162724061948,0.0,0.2385124562645571,0.0
4932.YCL040W,0.004524886877828054,0.00472574378190864,0.24546231919629502,0.0,0.000882633989689322,0.0,,0.000897696327823372,812.3797619047745,0.0001880042790301086,0.0008826339896893233,0.0,0.26256618031828116,0.0
4932.YDR346C,0.0006464124111182935,0.0006687670162019768,0.202813350078755,0.0,3.3123982524023615e-05,0.0,,4.5069202223384554e-05,654.3845238095279,8.736784235532783e-05,3.312398252402358e-05,0.0,0.21150113891710529,0.0
4932.YEL061C,0.0019392372333548805,0.0011234604366848213,0.22614145790365095,0.0,0.0006067863894299035,0.0,,0.0007293107540317809,739.5047619047713,0.00036654980857549484,0.0006067863894299037,0.0,0.23901252808815834,0.0
4932.YKR034W,0.0006464124111182935,0.0012014747062548997,0.19937607541916946,0.0,1.4523451432876012e-07,0.0,,1.5616350414091044e-07,642.2623015873052,0.0001467710485870355,1.4523451432876006e-07,0.0,0.20758316146971612,0.0
4932.YPL155C,0.006140917905623788,0.04333632029509733,0.2762518524700475,0.0,0.0033263744136176917,0.0,,0.0030683595751238666,923.0559523809717,9.935066902472588e-05,0.003326374413617698,0.0,0.298337411887832,0.0
4932.YJL110C,0.0006464124111182935,0.0012014747062548997,0.19937607541916946,0.0,1.4523451432876012e-07,0.0,,1.5616350414091044e-07,642.2623015873052,3.759608684426684e-06,1.4523451432876006e-07,0.0,0.20758316146971612,0.0
4932.YMR309C,0.001292824822236587,0.0006962189112673847,0.2038256092235331,0.0,0.00044193326833860057,0.0,,0.0005112544719272036,659.5821428571468,0.0009710849304026206,0.00044193326833860094,0.0,0.2131810416474282,0.0
4932.YLR032W,0.002262443438914027,0.0018766428850238955,0.2242609374252806,0.0,0.0004701660125083037,0.0,,0.0005778302743380283,731.2714285714367,0.0001919828895504631,0.0004701660125083033,0.0,0.23635146366238804,0.0
4932.YGL216W,0.004201680672268907,0.02297031495996424,0.26211756550156357,0.0,0.0035036436793259022,0.0,,0.0035934071949670853,870.158333333349,0.0015188527391306564,0.003503643679325909,0.0,0.28124057315233786,0.0
4932.YCL018W,0.006464124111182934,0.01114512471431908,0.25403485020528316,0.0,0.0038261608223616227,0.0,,0.0036764964272302824,844.2202380952517,0.00177630282443745,0.003826160822361629,0.0,0.2728572198110013,0.0
4932.YOR175C,0.0016160310277957336,0.006211344659398733,0.22605204565554735,0.0,0.0004044280627745441,0.0,,0.00034595246396165025,736.6837301587375,0.0014560982955022165,0.0004044280627745437,0.0,0.23810075312176154,0.0
4932.YGL012W,0.003555268261150614,0.030225933125593483,0.2513986605716342,0.0,0.0010703443889927226,0.0,,0.0010369034341503258,830.3428571428708,0.0013263005837085796,0.0010703443889927226,0.0,0.26837196417028353,0.0
4932.YPL031C,0.024240465416936006,0.15024906368246463,0.3060329910459321,0.0,0.026514100653049284,0.0,,0.02402852016387105,1053.9428571428768,0.0002889993138482755,0.026514100653049353,0.0,0.3406408717333087,0.0
4932.YNL280C,0.0029088558500323207,0.020582281771234955,0.2579081711800841,0.0,0.0005938334994975118,0.0,,0.0006459289346489669,852.6773809523967,0.0010986680845194322,0.0005938334994975104,0.0,0.2755906208637301,0.0
4932.YHR170W,0.002262443438914027,0.003642028921486446,0.23023954327964335,0.0,0.001309981786217394,0.0,,0.0014178136290488794,753.1539682539769,0.0008898711322378426,0.0013099817862173928,0.0,0.24342403628117915,0.0
4932.YJR065C,0.013897866839043309,0.08965227794691404,0.28904491095652696,0.0,0.0055411906637595175,0.0,,0.004973750964835689,980.5023809524023,0.00048769185478447286,0.005541190663759504,0.0,0.31690445408932805,0.0
4932.YKL196C,0.0019392372333548805,0.006888036461473364,0.2376468675168386,0.0,0.0006424050305682086,0.0,,0.0006966750010883803,779.7535714285834,0.002090691535061933,0.0006424050305682108,0.0,0.25202119309262166,0.0
4932.YOR063W,0.004848093083387201,0.009933185397943517,0.2470319883650235,0.0,0.003781567070057737,0.0,,0.0037378588212220597,816.6726190476303,0.004562360608529067,0.003781567070057723,0.0,0.2639536583864315,0.0
4932.YGR204W,0.004848093083387201,0.008123418776539472,0.2505393662892245,0.0,0.001700519649697095,0.0,,0.0016190179977807625,828.5345238095379,0.0031234604392306807,0.0017005196496970914,0.0,0.2677874996152307,0.0
4932.YJL168C,0.0029088558500323207,0.020761185056933338,0.24870838431877954,0.0,0.0006945854816216781,0.0,,0.0006792236060423403,819.8916666666781,0.0005699168580436828,0.00069458548162168,0.0,0.2649940745528981,0.0
4932.YBR011C,0.003555268261150614,0.028791193740408783,0.25038575539634333,0.0,0.0019862401564295354,0.0,,0.001871211926206261,828.6464285714427,0.00351504891754004,0.001986240156429537,0.0,0.26782366792870993,0.0
4932.YDR375C,0.002585649644473174,0.0030831829727110426,0.23512536349399998,0.0,0.002604269752226054,0.0,,0.002767680564664676,770.6432539682654,0.0020171064551839724,0.0026042697522260603,0.0,0.2490766819548332,0.0
4932.YGR086C,0.002262443438914027,0.0017178427703043071,0.2262130386452522,0.0,0.00043173036365538,0.0,,0.0005158423181319729,739.8992063492146,0.002593894553705419,0.00043173036365538143,0.0,0.23914001498035112,0.0
4932.YLR377C,0.0006464124111182935,0.0017698819380788124,0.1986832200000036,0.0,2.3554455815605213e-07,0.0,,6.540025006644196e-07,640.2884920634955,2.448954462350137e-05,2.355445581560523e-07,0.0,0.20694521398302912,0.0
4932.YBR012C,0.0003232062055591467,2.418379811269855e-36,0.0003232062055591467,0.0,0.0,0.0,,0.0,1.0,5.3838800176578726e-05,0.0,0.0,0.0003232062055591467,0.0
4932.YBR013C,0.0003232062055591467,2.418379811269855e-36,0.0003232062055591467,0.0,0.0,0.0,,0.0,1.0,5.3838800176578726e-05,0.0,0.0,0.0003232062055591467,0.0
4932.YBR014C,0.0006464124111182935,3.0890325052239435e-05,0.1676138475145149,0.0,3.483200835856738e-08,0.0,,3.4832008358567396e-08,535.3376984127048,0.0005562702193285862,3.483200835856738e-08,0.0,0.1730244661967351,0.0
4932.YNL067W,0.0019392372333548805,0.0004145028930686806,0.20297175300767195,0.0,0.0004353422725319685,0.0,,0.00046944303433600653,658.5087301587342,0.0011471258290144848,0.000435342272531968,0.0,0.21283410800217523,0.0
4932.YGL147C,0.0019392372333548805,0.0004145028930686806,0.20297175300767195,0.0,0.0004353422725319685,0.0,,0.00046944303433600653,658.5087301587342,0.0011439368752201,0.000435342272531968,0.0,0.21283410800217523,0.0
4932.YBR015C,0.0029088558500323207,7.01111643537406e-05,0.1746596303146607,0.0,0.0015834365595252307,0.0,,0.0015893733572871157,562.8944444444454,7.184695536996527e-05,0.001583436559525231,0.0,0.1819309775192128,0.0
4932.YNL029C,0.0003232062055591467,2.613159962171723e-06,0.14781045343123328,0.0,0.0,0.0,,0.0,469.6456709956874,4.5721842067381164e-07,0.0,0.0,0.15179239527979022,0.0
4932.YDR483W,0.0006464124111182935,5.222689379323013e-06,0.14782574047781838,0.0,5.2248012537851075e-08,0.0,,5.2248012537851075e-08,470.3123376623541,9.753221293299713e-07,5.2248012537851075e-08,0.0,0.15200786608349634,0.0
4932.YDR386W,0.0006464124111182935,5.222689379323013e-06,0.14782574047781838,0.0,5.2248012537851075e-08,0.0,,5.2248012537851075e-08,470.3123376623541,8.839617867203931e-05,5.2248012537851075e-08,0.0,0.15200786608349634,0.0
4932.YPL053C,0.0006464124111182935,5.222689379323013e-06,0.14782574047781838,0.0,5.2248012537851075e-08,0.0,,5.2248012537851075e-08,470.3123376623541,2.879897294958274e-07,5.2248012537851075e-08,0.0,0.15200786608349634,0.0
4932.YBR205W,0.0009696186166774402,0.00044384518733291627,0.2062967575492568,0.0,0.0007566416645756401,0.0,,0.0007219210316341636,667.9384920634978,1.0109967417118982e-05,0.0007566416645756461,0.0,0.21588186556673952,0.0
4932.YKR061W,0.001292824822236587,0.00044508170269905883,0.20632653694406725,0.0,0.0010672038511006338,0.0,,0.001032483218159173,668.6051587301645,1.0026857841126142e-05,0.001067203851100632,0.0,0.21609733637044565,0.0
4932.YOR099W,0.0009696186166774402,0.00044384518733291627,0.2062967575492568,0.0,0.0007566416645756401,0.0,,0.0007219210316341636,667.9384920634978,8.2165043978141e-06,0.0007566416645756461,0.0,0.21588186556673952,0.0
4932.YIL085C,0.0009696186166774402,8.506387642990922e-05,0.18730534460490447,0.0,0.00075049085848438,0.0,,0.0009011875104479655,604.5575396825407,7.1346908894917475e-06,0.0007504908584843798,0.0,0.19539674844296692,0.0
4932.YJL139C,0.001292824822236587,0.00044508170269905883,0.20632653694406725,0.0,0.0010672038511006338,0.0,,0.001032483218159173,668.6051587301645,1.208422498265939e-05,0.001067203851100632,0.0,0.21609733637044565,0.0
4932.YBR017C,0.0019392372333548805,0.0048334855232867275,0.23849943011513866,0.0,0.0006002001900485017,0.0,,0.0005603255820900262,782.9547619047736,7.947822018997923e-05,0.0006002001900485009,0.0,0.25305583771970325,0.0
4932.YDR394W,0.013574660633484163,0.029318985512273184,0.28272714561962736,0.0,0.006670925420360618,0.0,,0.006379100231901138,957.815476190495,0.0014528012298078547,0.006670925420360633,0.0,0.30957190568535103,0.0
4932.YLR397C,0.006787330316742082,0.02430236851579387,0.2708341231037472,0.0,0.0030304952149836782,0.0,,0.0029369375711401015,906.4833333333511,9.107721488900908e-05,0.0030304952149836765,0.0,0.2929810385692739,0.0
4932.YOR167C,0.0009696186166774402,0.0003180487050178545,0.21053573201944703,0.0,0.00013212482400367398,0.0,,0.00013483576654429384,682.1547619047681,0.0005881845280973931,0.00013212482400367403,0.0,0.2204766521993413,0.0
4932.YLR264W,0.0009696186166774402,0.0003180487050178545,0.21053573201944703,0.0,0.00013212482400367398,0.0,,0.00013483576654429384,682.1547619047681,0.0005950814654083552,0.00013212482400367403,0.0,0.2204766521993413,0.0
4932.YOR259C,0.014544279250161603,0.032799880387688114,0.28759096271227885,0.0,0.009465554386612663,0.0,,0.008848831670132735,974.0964285714499,0.001171867017396826,0.009465554386612632,0.0,0.3148340105272878,0.0
4932.YBR018C,0.0019392372333548805,0.00033557218062359016,0.20138458396337103,0.0,0.002008216163972896,0.0,,0.0020553035281229096,653.332539682545,0.0010382550622110587,0.0020082161639728992,0.0,0.21116113111911433,0.0
4932.YNR071C,0.0003232062055591467,1.2505999912596727e-05,0.1665106109832276,0.0,0.0,0.0,,0.0,531.1623015873083,1.3272066864199283e-05,0.0,0.0,0.1716749520320949,0.0
4932.YHR210C,0.0003232062055591467,1.2505999912596727e-05,0.1665106109832276,0.0,0.0,0.0,,0.0,531.1623015873083,1.0146776393991475e-05,0.0,0.0,0.1716749520320949,0.0
4932.YBR020W,0.0009696186166774402,0.00013556478079963214,0.18956592635013605,0.0,7.249685155715895e-05,0.0,,0.00012722000064102704,610.1170634920646,0.0001083890090656469,7.249685155715894e-05,0.0,0.19719362103815885,0.0
4932.YDR009W,0.0003232062055591467,1.2505999912596727e-05,0.1665106109832276,0.0,0.0,0.0,,0.0,531.1623015873083,6.588945722477652e-05,0.0,0.0,0.1716749520320949,0.0
4932.YGL137W,0.002262443438914027,0.002534799436566324,0.2301098099782703,0.0,0.002706479589323646,0.0,,0.0028210523819978714,753.4253968254056,0.001056987590284812,0.0027064795893236493,0.0,0.24351176367983088,0.0
4932.YER179W,0.002262443438914027,0.005567580115867629,0.245293819234602,0.0,0.0005797911988134795,0.0,,0.0006651303707170954,807.4250000000131,0.0003141748018542865,0.0005797911988134778,0.0,0.260964770523594,0.0
4932.YHR190W,0.0016160310277957336,0.002108824820643987,0.2234894980345596,0.0,0.000273072820234634,0.0,,0.00033987851438941,731.0916666666747,0.0006471610743048002,0.0002730728202346342,0.0,0.23629336349924587,0.0
4932.YER095W,0.004524886877828054,0.03262631032729848,0.2634704303557651,0.0,0.0022894293784955174,0.0,,0.0021911793426089275,876.3916666666843,8.788571456142774e-05,0.0022894293784955153,0.0,0.28325522516698987,0.0
4932.YJR017C,0.002262443438914027,0.0011183569744252734,0.21805142405492386,0.0,0.0014544831285346362,0.0,,0.0015826973329919258,711.5404761904845,0.001948763529188852,0.0014544831285346438,0.0,0.2299742974112722,0.0
4932.YDR246W,0.0003232062055591467,0.00015829880806808805,0.19668736544379053,0.0,0.0,0.0,,0.0,633.2365079365112,0.00012783595539019886,0.0,0.0,0.20466596895168324,0.0
4932.YPR016C,0.002585649644473174,0.0048195870481990265,0.2351833952579228,0.0,0.000996797254853092,0.0,,0.0010746210743330857,771.4297619047726,0.0021243492929074645,0.0009967972548530935,0.0,0.2493308862006341,0.0
4932.YPL212C,0.0016160310277957336,0.0011242182785245495,0.2140672584514042,0.0,0.0006886066102989981,0.0,,0.0007177156109941051,696.1619047619131,0.00014499866163624736,0.0006886066102990009,0.0,0.22500384769292334,0.0
4932.YHR166C,0.0009696186166774402,0.002177470062567408,0.22192796905209627,0.0,0.0006910812504439864,0.0,,0.0007568585842244833,721.4821428571511,0.00019642358005444538,0.0006910812504439894,0.0,0.2331875057715394,0.0
4932.YGL054C,0.001292824822236587,0.00032471612975863863,0.2049361365947417,0.0,6.767289932717473e-05,0.0,,9.307493448671941e-05,663.5142857142899,0.0009871461453848705,6.767289932717471e-05,0.0,0.21445193462000187,0.0
4932.YMR109W,0.005494505494505494,0.00843973898431191,0.2572582945788383,0.0,0.00318009778904926,0.0,,0.003324233430055289,855.5857142857295,0.0015552857549139282,0.003180097789049264,0.0,0.27653061224489794,0.0
4932.YJR024C,0.0029088558500323207,0.009283390217318176,0.24068823519070912,0.0,0.001227929317353507,0.0,,0.0011674032697375127,792.2059523809644,0.003010725424387818,0.0012279293173535085,0.0,0.2560458798904177,0.0
4932.YBR024W,0.0016160310277957336,0.0005112455188731825,0.21200342401068317,0.0,0.000180155276487301,0.0,,0.0002011012339200661,688.7242063492129,0.000730272502542402,0.00018015527648730051,0.0,0.2225999374108618,0.0
4932.YLL041C,0.004524886877828054,0.005527023275961371,0.25131025664703754,0.0,0.002482180597046852,0.0,,0.0026853649329072007,834.4154761904891,0.0007249287188437441,0.002482180597046855,0.0,0.26968825991935236,0.0
4932.YKR070W,0.002262443438914027,0.0004890572768314992,0.21349172287976487,0.0,0.0004388781892845605,0.0,,0.0005786867631240122,694.8551587301661,0.002285326291452525,0.00043887818928456065,0.0,0.2245814992663732,0.0
4932.YER007C-A,0.002585649644473174,0.0008771015558915012,0.21475878366464216,0.0,0.0013210130906184446,0.0,,0.0014371909428320799,702.3988095238155,0.004542012189530161,0.001321013090618444,0.0,0.22701965401545232,0.0
4932.YEL046C,0.003232062055591467,0.008109301384778216,0.24743825580888532,0.0,0.0011580228026690277,0.0,,0.0013607346250497385,816.5440476190614,0.0017383636501504293,0.0011580228026690288,0.0,0.26391210330285964,0.0
4932.YNL072W,0.002262443438914027,0.004895033839372806,0.24393328520863997,0.0,0.0010590097460295809,0.0,,0.0012335091674917477,803.0892857142978,0.0015135547930257855,0.0010590097460295854,0.0,0.25956344076091975,0.0
4932.YFR009W,0.009049773755656108,0.0793873890640698,0.2681412784316717,0.0,0.005044730610458524,0.0,,0.004340911142475029,898.4107142857325,0.0019709806403858552,0.005044730610458506,0.0,0.2903719179979684,0.0
4932.YMR314W,0.0009696186166774402,0.0007090743752215129,0.21047372768075776,0.0,6.779231865864933e-05,0.0,,8.862989731329609e-05,682.3968253968311,0.0002775160706479297,6.779231865864936e-05,0.0,0.22055488862211553,0.0
4932.YOR007C,0.003878474466709761,0.002462857685619839,0.2355515960250537,0.0,0.004739867596664728,0.0,,0.00512280627801535,774.7571428571543,0.0030643257764762116,0.004739867596664736,0.0,0.25040631637270294,0.0
4932.YPL170W,0.0009696186166774402,0.0006828721262723219,0.20343397163108823,0.0,2.214114147252328e-05,0.0,,2.755467987035859e-05,656.554761904767,0.0006358790072095508,2.214114147252324e-05,0.0,0.2122025733370271,0.0
4932.YJL050W,0.0016160310277957336,0.0012593435085066643,0.21738814976122067,0.0,0.0002001806113532669,0.0,,0.00025266384067607273,707.3706349206414,0.0006198807610429258,0.00020018061135326657,0.0,0.22862657883666285,0.0
4932.YHR048W,0.0019392372333548805,0.0005388832843037021,0.20668456144603078,0.0,0.0013782253932332683,0.0,,0.0014064265738377118,671.9146825396865,1.2901199061929203e-05,0.0013782253932332687,0.0,0.21716699500312944,0.0
4932.YBR026C,0.002262443438914027,0.009673455789583466,0.24426678367598492,0.0,0.0010511382729993318,0.0,,0.0010020512801555503,804.1821428571561,0.0005786961462296135,0.0010511382729993368,0.0,0.2599166589712808,0.0
4932.YEL011W,0.003555268261150614,0.003094264811673901,0.23863879867769028,0.0,0.001877622489161021,0.0,,0.0020517595841865696,785.1250000000102,0.0029252156250926887,0.0018776224891610203,0.0,0.25375727213962507,0.0
4932.YBR235W,0.0009696186166774402,0.0008757744956274567,0.2053188371299326,0.0,2.7201910193382987e-05,0.0,,4.3787061678987655e-05,662.8456349206391,0.00014314825817453503,2.7201910193382926e-05,0.0,0.21423582253414186,0.0
4932.YBR028C,0.003232062055591467,0.009448052296234497,0.24223829924244145,0.0,0.0008193747954061388,0.0,,0.0008075955491320254,799.8904761904888,0.001875248131713232,0.000819374795406139,0.0,0.2585295656724228,0.0
4932.YGL059W,0.003232062055591467,0.012962016053945036,0.2545551352947509,0.0,0.0010663457426839185,0.0,,0.0010370024256530763,842.2226190476333,0.00021920671608087198,0.0010663457426839198,0.0,0.2722115769384677,0.0
4932.YML074C,0.0016160310277957336,0.0010592342232078643,0.2050684483041644,0.0,0.00021136551422258021,0.0,,0.00024316979851207138,666.7214285714324,8.975371225296059e-06,0.00021136551422257994,0.0,0.2154885030935451,0.0
4932.YNL020C,0.003878474466709761,0.007677989328510901,0.24085046502317398,0.0,0.0029115391468064063,0.0,,0.0028946828981052607,794.1869047619159,0.000678649880563854,0.0029115391468064076,0.0,0.25668613599285867,0.0
4932.YPR035W,0.0074337427278603745,0.029989623105700913,0.28200198967742446,0.0,0.003678501803981367,0.0,,0.0036316324592811323,943.6023809524004,0.00020145969626879378,0.0036785018039813674,0.0,0.3049781451041955,0.0
4932.YLR384C,0.001292824822236587,0.002090132167369749,0.21913792022691084,0.0,0.000649465582713166,0.0,,0.0006610176865307606,712.3690476190544,0.00017199330019838325,0.0006494655827131652,0.0,0.23024209683873548,0.0
4932.YLR449W,0.0019392372333548805,0.003686594159199361,0.2318078307946847,0.0,0.0010647775859391124,0.0,,0.0010471043663401885,760.8845238095353,1.5358834886675118e-05,0.0010647775859391057,0.0,0.24592259980915443,0.0
4932.YBR029C,0.001292824822236587,0.011985395132017969,0.24397492270718202,0.0,0.00028519319194346616,0.0,,0.0003258669178121246,801.714285714298,0.0004478400027293292,0.0002851931919434668,0.0,0.2591190322282759,0.0
4932.YGL077C,0.002262443438914027,0.0018445232931235962,0.2325432497649111,0.0,0.0017908084484028622,0.0,,0.001962062585620854,761.5678571428671,0.0001716835491875349,0.001790808448402867,0.0,0.24614345738295318,0.0
4932.YNL244C,0.0016160310277957336,0.001335587275357629,0.21260257097724614,0.0,0.00044625531363949535,0.0,,0.0005227129251206492,693.4916666666738,0.00042138083060112673,0.00044625531363949513,0.0,0.22414081017022194,0.0
4932.YOR347C,0.008403361344537815,0.006057415931653555,0.2523306707882471,0.0,0.00411231994540604,0.0,,0.003809688643625826,842.2035714285853,0.00482343603078222,0.004112319945406049,0.0,0.27220542062979036,0.0
4932.YBR034C,0.005171299288946348,0.014522515975503868,0.25693458290131693,0.0,0.003899869565879828,0.0,,0.004199316392987909,851.871428571443,0.0014457813644046143,0.0038998695658798324,0.0,0.2753301320528211,0.0
4932.YJR007W,0.003555268261150614,0.009893940893570756,0.24523069137514386,0.0,0.002236717999428256,0.0,,0.0022485602767677495,810.2666666666782,0.0012295267745522508,0.0022367179994282594,0.0,0.2618832148243913,0.0
4932.YLR340W,0.002585649644473174,0.0015152734069152165,0.22427853203829057,0.0,0.0010161002969848424,0.0,,0.0011675036418838955,733.456349206358,0.001994449951297568,0.0010161002969848493,0.0,0.2370576435702486,0.0
4932.YMR132C,0.0003232062055591467,0.0005411904123843582,0.20275581029576933,0.0,0.0,0.0,,0.0,652.9781746031782,8.063967072976883e-05,0.0,0.0,0.21104659812643006,0.0
4932.YDL237W,0.0009696186166774402,0.0005760246721486506,0.20540735570597485,0.0,0.00044330242146214255,0.0,,0.0005009358632045826,664.3126984127028,8.746322159042536e-05,0.0004433024214621438,0.0,0.21470998655872606,0.0
4932.YGR123C,0.003878474466709761,0.013677164597475179,0.24449659334246082,0.0,0.0006078619334759307,0.0,,0.0007635713341230369,810.0940476190602,0.0006088697839581114,0.0006078619334759306,0.0,0.2618274232770031,0.0
4932.YDR496C,0.001292824822236587,0.00227100044168495,0.22574857216773686,0.0,0.000713998302012381,0.0,,0.0007463168838104062,736.2714285714385,0.00029244616198332386,0.0007139983020123821,0.0,0.23796749469018377,0.0
4932.YER126C,0.0016160310277957336,0.0021436950588662094,0.22004881605419535,0.0,8.89147809626863e-05,0.0,,0.00010090987154194664,716.3047619047707,0.0016651161016434956,8.891478096268648e-05,0.0,0.23151414411918614,0.0
4932.YEL040W,0.002262443438914027,0.01809468108199714,0.24223829924244145,0.0,0.00015682165344147166,0.0,,0.000192928726097423,797.485714285727,0.0009306061682298504,0.0001568216534414721,0.0,0.25775233170191153,0.0
4932.YML001W,0.006140917905623788,0.017737552514276354,0.26063586518600035,0.0,0.003013381700982513,0.0,,0.0031258489460628184,868.4738095238242,0.00073754702124235,0.003013381700982528,0.0,0.28069612460368765,0.0
4932.YLR116W,0.004848093083387201,0.008405118606488808,0.24838423575984464,0.0,0.003955136742874111,0.0,,0.0041641172132771,823.6000000000133,0.0025110268981247312,0.003955136742874121,0.0,0.26619263089851325,0.0
4932.YBR035C,0.002262443438914027,0.00158295062118672,0.22382196753523736,0.0,0.0016544636765367176,0.0,,0.0017489806480445026,732.3539682539777,0.0017719526516058318,0.001654463676536723,0.0,0.23670134720554886,0.0
4932.YDR092W,0.010665804783451843,0.03927339197911214,0.27649232704904264,0.0,0.006710927157625083,0.0,,0.006119465340830922,931.2535714285897,0.00034692252141564926,0.006710927157625092,0.0,0.3009869332348324,0.0
4932.YOR303W,0.002585649644473174,0.0017889025343886034,0.22603417168973286,0.0,0.002178773449432116,0.0,,0.002362396708732263,740.9194444444531,0.001829729086271932,0.002178773449432116,0.0,0.23946976226387992,0.0
4932.YJR099W,0.0009696186166774402,6.890583429901315e-05,0.18575957952823782,0.0,7.748585492975792e-05,0.0,,9.416991814775815e-05,597.6329365079373,0.00028256237299440244,7.748585492975787e-05,0.0,0.19315867372590062,0.0
4932.YKL013C,0.0016160310277957336,0.00016313239760083127,0.19661972414609338,0.0,0.0008474812486822456,0.0,,0.00095245331217078,635.0027777777794,0.0008340629360593398,0.0008474812486822446,0.0,0.2052368383250736,0.0
4932.YBR037C,0.0019392372333548805,0.0005569251204975451,0.2136512832107662,0.0,0.0003085486946698342,0.0,,0.0003717635028531367,695.2182539682608,0.0009196398712233923,0.00030854869466983507,0.0,0.22469885390053457,0.0
4932.YBR281C,0.001292824822236587,0.001225647654045432,0.21153279335208316,0.0,0.0002628396727117929,0.0,,0.0003073546384889795,686.3349206349267,0.0008947688096599425,0.00026283967271179307,0.0,0.22182770544115082,0.0
4932.YLR306W,0.003232062055591467,0.00963739901017161,0.2468613272331651,0.0,0.0013074586586431863,0.0,,0.0011522343428396313,814.6761904762027,0.0020392955545180196,0.0013074586586431845,0.0,0.2633084002831902,0.0
4932.YDL219W,0.003878474466709761,0.006034130432103499,0.23566810959274953,0.0,0.0008282124596072607,0.0,,0.0008124633012606217,775.0444444444562,0.005850297209949535,0.0008282124596072645,0.0,0.2504991740285858,0.0
4932.YKL161C,0.006787330316742082,0.047213700868158716,0.28004057301724644,0.0,0.001167477940914922,0.0,,0.0010327875614334554,937.8535714285906,0.00022187316760964208,0.0011674779409149207,0.0,0.30312009419152275,0.0
4932.YLR113W,0.010665804783451843,0.05734392974453766,0.2911349597066964,0.0,0.007699833998359458,0.0,,0.007855192033898969,982.5607142857368,0.0001243314630091375,0.007699833998359505,0.0,0.3175697201957706,0.0
4932.YGL097W,0.0016160310277957336,0.0016107734377154843,0.2226192796012812,0.0,0.0006916706492100794,0.0,,0.0007158668997651648,723.9837301587389,0.00030441486696963473,0.0006916706492100786,0.0,0.23399603431116037,0.0
4932.YDR371W,0.003232062055591467,0.0031983538317898,0.21897006276216407,0.0,0.00018402035807320476,0.0,,0.00020321562293405135,718.0932539682609,2.6455005075125013e-05,0.0001840203580732053,0.0,0.23209219585270005,0.0
4932.YBR039W,0.0009696186166774402,0.00019366494529206155,0.1897294862520775,0.0,0.0010438984788420026,0.0,,0.001041363917388017,610.7865079365097,0.0009736066925582013,0.001043898478842003,0.0,0.19740998963688042,0.0
4932.YPL178W,0.0016160310277957336,0.0038961230191751958,0.21168943789692327,0.0,0.0012615404645340874,0.0,,0.0010856676733762664,688.9019841269899,0.00102056638115487,0.0012615404645340885,0.0,0.22265739629185005,0.0
4932.YER025W,0.001292824822236587,1.0143620425677133e-05,0.16694820822052514,0.0,0.0012766919665060646,0.0,,0.0012852797337850601,534.8456349206415,0.0006143455243650792,0.0012766919665060626,0.0,0.17286542822257106,0.0
4932.YGR024C,0.002262443438914027,0.0012898393351680139,0.22606992244840268,0.0,0.0022683240969886744,0.0,,0.0024398712311226086,738.6226190476277,0.001338554037382417,0.002268324096988681,0.0,0.2387274140425401,0.0
4932.YBR041W,0.0016160310277957336,0.0006077826088164846,0.2126816583111414,0.0,0.0003782726421626605,0.0,,0.0004748316793477024,690.3480158730217,0.0006860227880378709,0.0003782726421626612,0.0,0.22312476272560308,0.0
4932.YKL215C,0.0029088558500323207,0.0010660883577443062,0.22450751349721604,0.0,0.0015727288023684356,0.0,,0.001692549483739787,735.7452380952465,0.0012799002063548395,0.0015727288023684375,0.0,0.23779742666297288,0.0
4932.YNL263C,0.0019392372333548805,0.0002749558470873387,0.20781144005234456,0.0,0.00028646241474416763,0.0,,0.0003589638619783864,674.7634920635004,0.0006016577710671304,0.0002864624147441676,0.0,0.2180877479196807,0.0
4932.YNL117W,0.0029088558500323207,0.009919315603261095,0.24571550364105652,0.0,0.002126276167572521,0.0,,0.001866002053648212,809.7940476190613,0.0013139788366501677,0.002126276167572523,0.0,0.2617304614153354,0.0
4932.YCR053W,0.002585649644473174,0.0011507829356313453,0.22300133936812946,0.0,0.0016150912917680448,0.0,,0.0017614166921168736,730.7452380952467,0.0016587495377009566,0.0016150912917680515,0.0,0.23618139563517712,0.0
4932.YBR042C,0.0006464124111182935,0.000432099970021016,0.19421524351926434,0.0,2.94060973877958e-06,0.0,,5.655226255838762e-06,625.5087301587332,0.00030991190565306346,2.940609738779577e-06,0.0,0.2021683032187234,0.0
4932.YPR025C,0.002262443438914027,0.005428897201218507,0.22461335502161167,0.0,0.0006581073529253585,0.0,,0.0006479292915069991,735.9158730158816,0.0008951818110084762,0.0006581073529253604,0.0,0.23785257692820716,0.0
4932.YBR043C,0.0006464124111182935,0.00024269523973299975,0.19757095648352008,0.0,8.768885090284126e-05,0.0,,0.00010810084125763533,636.7452380952418,2.7234012662312508e-06,8.76888509028409e-05,0.0,0.20580001231261735,0.0
4932.YCR098C,0.001292824822236587,0.00010387970424456067,0.19150895487104255,0.0,0.00012181427877094422,0.0,,0.00014669164065658278,619.144841269844,8.606610099820332e-05,0.00012181427877094426,0.0,0.2001114548383456,0.0
4932.YBR046C,0.001292824822236587,0.0004510752492655488,0.21538985603978691,0.0,0.0021681069248648353,0.0,,0.002221273095904209,700.1250000000064,0.0008231100662269756,0.0021681069248648314,0.0,0.2262847446670976,0.0
4932.YDR173C,0.0009696186166774402,1.6858184575465257e-05,0.17601466469798976,0.0,0.0012424577381500985,0.0,,0.0012424577381500985,563.283333333336,0.0003459504403282886,0.0012424577381500966,0.0,0.1820566688213747,0.0
4932.YGL065C,0.002585649644473174,0.00112574477216771,0.22578423263249756,0.0,0.001704173812082724,0.0,,0.0019485776783881319,738.0857142857241,0.001111727631632084,0.0017041738120827255,0.0,0.23855388309169823,0.0
4932.YMR278W,0.0029088558500323207,0.0005668272886152701,0.20844787584658392,0.0,0.0014663694878196988,0.0,,0.0016740197403089334,681.314682539688,0.00262831650294694,0.0014663694878196967,0.0,0.22020513333538544,0.0
4932.YBR048W,0.003232062055591467,0.017333858939103157,0.2376863864105805,0.0,0.00019582431058258646,0.0,,0.0001618820246566187,779.8345238095335,0.0006856153427615054,0.00019582431058258693,0.0,0.2520473574045003,0.0
4932.YML016C,0.006140917905623788,0.02978033513091725,0.2604458973542321,0.0,0.0018959845786439273,0.0,,0.001895880850105552,866.6619047619195,0.000152285681498077,0.0018959845786439315,0.0,0.28011050574075785,0.0
4932.YNL069C,0.0016160310277957336,0.0021519791415316116,0.22774491470363703,0.0,0.00016813191563101423,0.0,,0.00018080179400962437,745.5547619047709,0.001108141418692796,0.00016813191563101452,0.0,0.24096792563179117,0.0
4932.YIL133C,0.0019392372333548805,0.003438389456961436,0.23772591844990038,0.0,0.00022781883590017424,0.0,,0.00025685602763762973,782.8154761904881,0.0011618561332627695,0.00022781883590017462,0.0,0.2530108197125004,0.0
4932.YDR436W,0.004848093083387201,0.0274852880456093,0.2673638392592641,0.0,0.00044809268082956555,0.0,,0.0004164453688821232,887.9940476190643,0.00018130736030947466,0.0004480926808295653,0.0,0.28700518669006064,0.0
4932.YPL179W,0.007110536522301228,0.04067514829923781,0.27124529550811766,0.0,0.0014627731514161582,0.0,,0.0014238282174483933,907.2821428571594,0.000198806208907901,0.0014627731514161597,0.0,0.2932392187644288,0.0
4932.YBR054W,0.0009696186166774402,0.0003303919303294448,0.20144134799239322,0.0,9.137272688099105e-06,0.0,,1.2348874058402874e-05,652.6980158730195,2.3705906975695347e-07,9.137272688099112e-06,0.0,0.21095604908630117,0.0
4932.YGR138C,0.003555268261150614,0.001044664740168826,0.22410271004704074,0.0,0.0013068044457231415,0.0,,0.0014672034297090472,738.4801587301669,4.628485735805393e-05,0.0013068044457231484,0.0,0.23868136998389097,0.0
4932.YLL028W,0.006464124111182934,0.006645986170337048,0.24592689000000445,0.0,0.003693903667663268,0.0,,0.003924722137115907,817.8357142857278,0.00011156198915362425,0.0036939036676632707,0.0,0.2643295779850402,0.0
4932.YPR156C,0.0029088558500323207,0.0011771034717760185,0.2194238693091842,0.0,0.0005248245833824285,0.0,,0.0005883351842953137,720.7761904761987,1.7249519869564732e-05,0.0005248245833824294,0.0,0.2329593375811863,0.0
4932.YBR055C,0.0009696186166774402,0.006062215214568572,0.2321843867251504,0.0,4.0191305323968055e-05,0.0,,7.196983097919759e-05,761.8404761904853,4.7782218750093725e-06,4.019130532396807e-05,0.0,0.2462315695508973,0.0
4932.YOR226C,0.0006464124111182935,8.41375674484855e-05,0.19028517402383358,0.0,1.9209214259192662e-05,0.0,,2.423931119922292e-05,611.3527777777796,0.00019564711899957147,1.9209214259192638e-05,0.0,0.1975930115635998,0.0
4932.YDR050C,0.004201680672268907,0.0029230428513336414,0.24060720220183923,0.0,0.0028891303252412963,0.0,,0.003199680126389896,793.2321428571561,0.008522708088889367,0.0028891303252412946,0.0,0.25637755102040816,0.0
4932.YPL135W,0.0006464124111182935,8.41375674484855e-05,0.19028517402383358,0.0,1.9209214259192662e-05,0.0,,2.423931119922292e-05,611.3527777777796,0.00015432452839978547,1.9209214259192638e-05,0.0,0.1975930115635998,0.0
4932.YNL138W,0.0006464124111182935,9.296789260340324e-05,0.18664495751893784,0.0,2.5841622630844732e-05,0.0,,3.697790187707836e-05,599.1718253968272,0.0001958568607155869,2.5841622630844684e-05,0.0,0.19365605216445553,0.0
4932.YBR060C,0.0003232062055591467,5.5019431665042296e-05,0.18310621120676734,0.0,0.0,0.0,,0.0,587.1519841269853,0.00011743822974680265,0.0,0.0,0.18977116487620688,0.0
4932.YOR274W,0.003555268261150614,0.0014764657221516418,0.22617724261097016,0.0,0.0033622707675024163,0.0,,0.003547434932896255,742.1345238095342,0.0023923471178006763,0.0033622707675024202,0.0,0.23986248345492042,0.0
4932.YBR061C,0.002585649644473174,0.0008382058886832634,0.2194238693091842,0.0,0.0013064555509529764,0.0,,0.0014299328727698669,716.0265873015961,0.0005906356818386419,0.0013064555509529757,0.0,0.23142423636121115,0.0
4932.YKL116C,0.0006464124111182935,0.00011108081174907355,0.19494368312602645,0.0,8.803519800981218e-05,0.0,,0.00010723617567580852,629.175396825398,0.0008241147892374689,8.803519800981211e-05,0.0,0.20335339263910696,0.0
4932.YDR440W,0.0006464124111182935,3.1422831890388124e-05,0.17930465843066246,0.0,0.00015658768821408603,0.0,,0.00017439214979304423,574.1880952380965,7.324430746518511e-05,0.00015658768821408595,0.0,0.18558115553913873,0.0
4932.YOR261C,0.003232062055591467,0.008223507791905666,0.2496423167723388,0.0,0.0016596942159140865,0.0,,0.0018214454108238737,826.3107142857281,0.001323327159204714,0.00165969421591409,0.0,0.26706875057715396,0.0
4932.YOL077C,0.003232062055591467,0.0078055883237720105,0.2363891647531673,0.0,0.002052333742007059,0.0,,0.0020882485258630254,777.8845238095355,0.0014285242049367841,0.0020523337420070573,0.0,0.2514171053036599,0.0
4932.YBR068C,0.002585649644473174,0.0013946851606262238,0.21084630250479805,0.0,7.878692812226679e-05,0.0,,6.268706137878208e-05,688.461904761912,8.047044203859085e-07,7.878692812226688e-05,0.0,0.2225151599101179,0.0
4932.YGR292W,0.008726567550096962,0.003380108729411145,0.22500229589610796,0.0,0.0008951570797269983,0.0,,0.0008223187584397144,749.207142857152,4.3213275582896375e-05,0.0008951570797270002,0.0,0.24214839782066674,0.0
4932.YIR007W,0.006787330316742082,0.01715273236070376,0.2609689765711203,0.0,0.003301852494294273,0.0,,0.0030754791163980708,870.1119047619203,0.00031689912913228824,0.003301852494294259,0.0,0.2812255671499369,0.0
4932.YBR299W,0.009049773755656108,0.0035870379761815873,0.22503772096040714,0.0,0.00093207504063903,0.0,,0.0008476291866650012,749.8738095238187,4.3254251613508664e-05,0.000932075040639032,0.0,0.24236386862437284,0.0
4932.YBR069C,0.002585649644473174,0.0008597774849238525,0.19542344608696005,0.0,1.0501956152559363e-05,0.0,,9.54802779088533e-06,636.2543650793677,1.4732850780598164e-06,1.0501956152559367e-05,0.0,0.20564135910774567,0.0
4932.YFL050C,0.004524886877828054,0.0028001998710146542,0.22673335734137468,0.0,0.0014325092926668057,0.0,,0.0015729591946337196,746.6761904762014,0.0004944408616796139,0.0014325092926668083,0.0,0.24133037830516824,0.0
4932.YBR073W,0.01583710407239819,0.11821054635736007,0.28407573977542,0.0,0.0060872907737970754,0.0,,0.005316499926758863,964.0928571428782,0.000865359131824216,0.006087290773797052,0.0,0.31160079416381936,0.0
4932.YLR386W,0.0019392372333548805,0.010369857057901272,0.2382608909284924,0.0,0.0014000999367249703,0.0,,0.001263874217404404,781.825000000011,0.002322579753859813,0.0014000999367249707,0.0,0.2526906916612799,0.0
4932.YDR059C,0.010342598577892695,0.03543639877321109,0.2756657829662538,0.0,0.004468249779685946,0.0,,0.0040557527765966135,928.1369047619226,0.0005661141898014428,0.004468249779685941,0.0,0.2999796072275064,0.0
4932.YJL109C,0.0009696186166774402,0.005586644887117508,0.22364686037866152,0.0,0.00021770243118743348,0.0,,0.00022987837549189635,730.0273809523904,0.0004995992114770265,0.00021770243118743386,0.0,0.23594937975190078,0.0
4932.YDL214C,0.003232062055591467,0.031177936964740395,0.26259913369098403,0.0,0.00035993355452383554,0.0,,0.00032494201324147806,871.1988095238255,0.001451593478667841,0.00035993355452383635,0.0,0.28157686151383626,0.0
4932.YPL122C,0.0019392372333548805,0.011219162114881132,0.23431591552131573,0.0,0.0007520310277402442,0.0,,0.000778434768757073,767.7845238095341,0.0013260088899311189,0.0007520310277402413,0.0,0.24815272262751253,0.0
4932.YML057W,0.003555268261150614,0.018963215531654715,0.25089118565561275,0.0,0.0005228666487398131,0.0,,0.0005030075022442611,829.2297619047753,0.00018327420977886437,0.0005228666487398131,0.0,0.26801220488195276,0.0
4932.YLR433C,0.004848093083387201,0.0219028836989045,0.257304605702975,0.0,0.0010844540521133318,0.0,,0.0010188631309282603,853.4583333333475,0.00021294594900833196,0.0010844540521133337,0.0,0.2758430295195001,0.0
4932.YLL026W,0.004848093083387201,0.05141527062291635,0.2612551790678168,0.0,0.001601241905787003,0.0,,0.0013547151879256202,868.4059523809694,0.000323463165132621,0.0016012419057870053,0.0,0.28067419275402467,0.0
4932.YKL168C,0.0016160310277957336,0.02196620030771332,0.24903338002962383,0.0,2.139664521722999e-05,0.0,,1.5342961694978565e-05,820.8154761904892,9.336747404876726e-06,2.139664521723002e-05,0.0,0.2652926555237479,0.0
4932.YKR024C,0.004201680672268907,0.01968076277577493,0.24516759600000443,0.0,0.0010113374456826266,0.0,,0.0010359571007546708,811.0107142857266,0.00042756844272613816,0.001011337445682627,0.0,0.262123695632099,0.0
4932.YNL183C,0.003878474466709761,0.02821356695172528,0.2643964270588283,0.0,0.0005504215408748149,0.0,,0.0005255787271818862,877.6238095238265,0.0024202462385759164,0.0005504215408748154,0.0,0.28365346138455383,0.0
4932.YGL058W,0.006140917905623788,0.0211157852872971,0.2660945889751514,0.0,0.0019374924839557944,0.0,,0.0018839185709483089,886.5678571428732,5.8821902204207974e-05,0.0019374924839557944,0.0,0.28654423307784654,0.0
4932.YDR258C,0.004201680672268907,0.03074415540852225,0.25760603490673617,0.0,0.0012498411718278892,0.0,,0.001210081903641555,854.215476190492,0.0003245209023291712,0.0012498411718278898,0.0,0.27608774278942344,0.0
4932.YDR177W,0.007756948933419522,0.024205492879899267,0.264347528145002,0.0,0.002827931656112168,0.0,,0.002562500976008582,884.2845238095383,0.0007767346911965573,0.0028279316561121656,0.0,0.2858062455751531,0.0
4932.YDL025C,0.005494505494505494,0.047658855154838975,0.27476491439446865,0.0,0.001209606428058593,0.0,,0.0011244455279197237,917.0642857143049,0.0022850174664532266,0.0012096064280585977,0.0,0.2964008680395235,0.0
4932.YBR082C,0.010989010989010988,0.04240511368112474,0.2810593028571479,0.0,0.004868097902146529,0.0,,0.004322070220824802,947.8773809523998,0.0004784963242082599,0.004868097902146522,0.0,0.30635985163296087,0.0
4932.YBR074W,0.0006464124111182935,0.00034193804329903105,0.20114369331269713,0.0,3.0329579747420142e-05,0.0,,4.818327581195127e-05,649.2293650793679,0.0004355265897788384,3.0329579747420146e-05,0.0,0.20983495962487558,0.0
4932.YJR090C,0.0006464124111182935,0.0007692447409097182,0.20991732775444646,0.0,9.481488677298498e-05,0.0,,0.0001253527822219781,680.748015873022,0.00010992364243812624,9.481488677298503e-05,0.0,0.22002198315223526,0.0
4932.YBR078W,0.001292824822236587,0.00043267001154685805,0.2000877839546477,0.0,6.029483283253107e-05,0.0,,9.070778545590657e-05,647.1623015873038,1.358922597141911e-06,6.029483283253098e-05,0.0,0.20916687187695593,0.0
4932.YDR261C,0.0009696186166774402,0.002004181345242798,0.22122381747098374,0.0,0.00027397960100202396,0.0,,0.0003005363572938813,720.4265873015958,2.4263829204831875e-06,0.0002739796010020236,0.0,0.23284634366567142,0.0
4932.YLR300W,0.0019392372333548805,0.0038446145049022776,0.2288387903746439,0.0,0.0006373481375677011,0.0,,0.0006133557436074981,749.9964285714382,1.92744765918462e-05,0.0006373481375677016,0.0,0.24240349986148307,0.0
4932.YOR190W,0.0019392372333548805,0.004974696663634978,0.24347620895665203,0.0,0.0010919129716935178,0.0,,0.00112856412991537,800.9107142857267,1.3910552132157952e-05,0.001091912971693518,0.0,0.2588593129559516,0.0
4932.YGL119W,0.002585649644473174,0.0007863030660756606,0.21290341620317657,0.0,0.0009312655725545602,0.0,,0.001088987854698415,695.7968253968305,0.0016357379082161335,0.0009312655725545637,0.0,0.22488585177660808,0.0
4932.YBR079C,0.001292824822236587,0.00334798159620812,0.22927928852743437,0.0,0.001503396406129772,0.0,,0.0016266278758262913,747.4702380952469,0.00029800269693630653,0.001503396406129777,0.0,0.24158701942315386,0.0
4932.YCR036W,0.0006464124111182935,0.00012652775449100817,0.18563894859147034,0.0,0.0001914359674414019,0.0,,0.0003094980809934134,594.7158730158742,0.0002359950819790209,0.00019143596744140235,0.0,0.19221586070325566,0.0
4932.YOR281C,0.0006464124111182935,0.00014400261244008273,0.18782221874901786,0.0,0.0,0.0,,0.0,601.536111111113,0.0002887979062406228,0.0,0.0,0.1944202039790275,0.0
4932.YOR357C,0.001292824822236587,0.0005163528068207817,0.2038256092235331,0.0,0.0001935115102964698,0.0,,0.000300923480963778,658.9726190476246,0.0007951542272174929,0.0001935115102964695,0.0,0.21298403976975408,0.0
4932.YLR103C,0.0009696186166774402,0.00010331146971648968,0.19259274872734972,0.0,6.472919076423496e-05,0.0,,8.404336557699562e-05,621.1825396825421,0.0009124919846630255,6.472919076423508e-05,0.0,0.20077005161038775,0.0
4932.YOR245C,0.003232062055591467,0.004266934226725602,0.238818226345869,0.0,0.0027228517702480005,0.0,,0.002787945960504983,787.3130952381058,0.001202103392437951,0.0027228517702479974,0.0,0.25446447809893186,0.0
4932.YHR099W,0.0019392372333548805,0.0023588394305253603,0.2213780042871565,0.0,0.0002653668221606033,0.0,,0.00032066218473389093,723.7166666666757,0.0011056886444310039,0.0002653668221606033,0.0,0.23390971773324715,0.0
4932.YBR081C,0.0006464124111182935,0.002901227077217253,0.21873549386793573,0.0,1.0910703236980534e-07,0.0,,1.1153641359175012e-07,710.6206349206421,3.243032895136588e-05,1.0910703236980528e-07,0.0,0.22967699900473007,0.0
4932.YFL038C,0.013897866839043309,0.05312513503821213,0.2866968377655252,0.0,0.009567403876457076,0.0,,0.00916114418600414,972.2869047619251,0.0009539125010308849,0.00956740387645711,0.0,0.3142491612029427,0.0
4932.YKR055W,0.004848093083387201,0.009058739712521469,0.2388980586127404,0.0,0.0003742188827338704,0.0,,0.00031630571362921715,789.1099206349322,9.973311197710721e-05,0.00037421888273387016,0.0,0.2550452232174921,0.0
4932.YCR093W,0.003555268261150614,0.009107344851698796,0.24864348694094562,0.0,0.0007886637524475715,0.0,,0.0008282026711802434,820.7130952381083,0.0007514288670034419,0.000788663752447574,0.0,0.2652595653646074,0.0
4932.YKR051W,0.0019392372333548805,0.0057921872087205555,0.22747307785152002,0.0,0.0012731612256501913,0.0,,0.0010779272136058865,744.8468253968341,0.00026461811262796977,0.0012731612256501887,0.0,0.2407391161592842,0.0
4932.YOR101W,0.015190691661279896,0.09713289405717115,0.29045459960984066,0.0,0.010255782446369781,0.0,,0.00930660016848875,986.8369047619269,0.0006707299315055715,0.01025578244636979,0.0,0.3189518114938283,0.0
4932.YGL163C,0.018099547511312215,0.1188789785165293,0.28986556168728983,0.0,0.00972412283126453,0.0,,0.008676539160971714,987.3928571428795,0.004029463857871321,0.009724122831264531,0.0,0.3191314987533475,0.0
4932.YOR272W,0.004524886877828054,0.015221365997829443,0.2563815398529194,0.0,0.0021142155597702727,0.0,,0.0020430981173811423,850.5773809523936,0.000588285463404438,0.0021142155597702714,0.0,0.2749118878320559,0.0
4932.YNL090W,0.006140917905623788,0.010014772459814516,0.24673348604868392,0.0,0.0015968904296268737,0.0,,0.001612266328223287,817.5857142857271,0.00032012257687400884,0.001596890429626874,0.0,0.2642487764336504,0.0
4932.YPR024W,0.007110536522301228,0.013865779255539197,0.2727463189924675,0.0,0.0054358939191110995,0.0,,0.005714313662633006,909.723809523827,0.000154896340804375,0.005435893919111086,0.0,0.2940283805830024,0.0
4932.YIL118W,0.006464124111182934,0.015034136627389746,0.2557393245088613,0.0,0.0018953817344705035,0.0,,0.002039046737802165,850.6273809523966,0.0001622805919257262,0.0018953817344704964,0.0,0.27492804814233385,0.0
4932.YIR022W,0.0029088558500323207,0.004022826911290905,0.22711163655835795,0.0,0.001349821930384205,0.0,,0.0013923581843246283,744.5809523809613,0.002887869098480281,0.0013498219303842076,0.0,0.24065318435066332,0.0
4932.YDL007W,0.01680672268907563,0.03015053232644365,0.28834518553157673,0.0,0.011692558739365803,0.0,,0.01100915101058564,982.4726190476405,0.0014094330787189824,0.011692558739365831,0.0,0.317541247268138,0.0
4932.YHR171W,0.004848093083387201,0.016872266253810324,0.2539897085171081,0.0,0.0012352183994086034,0.0,,0.0012603739320179669,841.964285714301,0.0019058472719517038,0.0012352183994086088,0.0,0.2721280820020316,0.0
4932.YLR029C,0.0019392372333548805,0.0030231945084945116,0.2235594095065341,0.0,4.953178384936026e-05,0.0,,5.770305733859788e-05,730.5750000000093,4.944765131412766e-05,4.953178384936033e-05,0.0,0.23612637362637365,0.0
4932.YNL180C,0.005494505494505494,0.00922148355897904,0.2428969470099458,0.0,0.0012456982220728774,0.0,,0.001149011920755613,803.7575396825523,8.569361267539012e-05,0.0012456982220728796,0.0,0.259779424590349,0.0
4932.YBR084W,0.004524886877828054,0.004203109057301344,0.24343474149366023,0.0,0.0012220828155823265,0.0,,0.0012262085420999846,805.179761904776,0.0031716720960397243,0.0012220828155823239,0.0,0.2602390956382553,0.0
4932.YPR103W,0.005171299288946348,0.003290410185921803,0.24178754709972525,0.0,0.002574971881435806,0.0,,0.002777110200973869,801.203968253981,0.00688618121845725,0.0025749718814358086,0.0,0.25895409445829615,0.0
4932.YER078C,0.003232062055591467,0.004681755912765068,0.2355321882969475,0.0,0.0006094472852896103,0.0,,0.0006218794426155937,774.7753968254056,0.001066830171739461,0.0006094472852896075,0.0,0.25041221616851866,0.0
4932.YMR146C,0.002262443438914027,0.0006632633965462852,0.21125141659474223,0.0,0.0003575976283799531,0.0,,0.0004097739320656755,686.4492063492137,0.00196611745691065,0.00035759762837995275,0.0,0.22186464329321473,0.0
4932.YEL038W,0.0016160310277957336,0.00134997802056608,0.22020136876906884,0.0,9.984924792861939e-05,0.0,,0.0001177279220641279,716.1964285714372,0.0020434109833103006,9.984924792861942e-05,0.0,0.2314791301135839,0.0
4932.YFR006W,0.004524886877828054,0.006514828901246021,0.2468613272331651,0.0,0.0022684370358339086,0.0,,0.002368679105532976,817.6166666666782,0.0006077294001906808,0.0022684370358339086,0.0,0.26425878043525103,0.0
4932.YBR085W,0.001292824822236587,0.00040551377260246256,0.20530409145073628,0.0,0.00013175772858275061,0.0,,0.00012841892827428306,667.1904761904801,0.0006656609418655341,0.0001317577285827503,0.0,0.21564010219472404,0.0
4932.YLR089C,0.0019392372333548805,0.0016419357903969336,0.21870202504475955,0.0,0.0002704344682136864,0.0,,0.0003352599810290161,712.3527777777848,0.0007629750790189712,0.00027043446821368566,0.0,0.2302368383250736,0.0
4932.YOL129W,0.0006464124111182935,0.0006946047409952811,0.21285585773343646,0.0,2.9771253062844057e-05,0.0,,4.260963826390362e-05,689.7146825396887,0.001643322409429707,2.9771253062844077e-05,0.0,0.2229200654620823,0.0
4932.YDR111C,0.0019392372333548805,0.0015973580952270928,0.21566610104564707,0.0,0.0001780226058990756,0.0,,0.00021904006987450315,701.9718253968323,0.0009352399322333435,0.00017802260589907506,0.0,0.2268816500959358,0.0
4932.YBR101C,0.0009696186166774402,0.0007588745407557634,0.20489207062500372,0.0,1.6044387401122304e-05,0.0,,2.3714504680913305e-05,662.7849206349247,0.00012212709146421598,1.6044387401122284e-05,0.0,0.21421619930023295,0.0
4932.YLR153C,0.003232062055591467,0.001817308901138658,0.24121628296009212,0.0,0.0016659119877043191,0.0,,0.0018483493611889362,792.8273809523934,0.0010646392273684123,0.0016659119877043195,0.0,0.2562467294610152,0.0
4932.YBR088C,0.0019392372333548805,0.0009151384800944132,0.20693891482264745,0.0,0.00029019864118120316,0.0,,0.00037706195224420383,671.5670634920687,0.002814861155575639,0.0002901986411812036,0.0,0.21705464236976843,0.0
4932.YOL027C,0.001292824822236587,0.006150196834973198,0.21649910401090972,0.0,0.00012894404039121756,0.0,,0.0001343065644242154,704.170634920642,0.0003774401725984505,0.00012894404039121726,0.0,0.2275923189788736,0.0
4932.YNR027W,0.0019392372333548805,0.0007242200950143483,0.20758508237310666,0.0,0.0010945053712766051,0.0,,0.0011150524821653756,675.3607142857204,0.0014740416298566579,0.0010945053712766056,0.0,0.21828077384800074,0.0
4932.YHR037W,0.003232062055591467,0.010595438139486608,0.24775993840874086,0.0,0.0011882023543032694,0.0,,0.0012236122348123254,817.4964285714422,0.000751925440933081,0.001188202354303273,0.0,0.26421991873672546,0.0
4932.YPR125W,0.0016160310277957336,0.006164334433564201,0.21704154349404386,0.0,0.0003867753698627831,0.0,,0.000384885064912998,707.1373015873087,0.0014195548527887688,0.0003867753698627836,0.0,0.22855116405536574,0.0
4932.YEL029C,0.0009696186166774402,0.00040741226665222386,0.20324594165375412,0.0,5.460614065920614e-05,0.0,,7.135247096255357e-05,658.4119047619092,0.0013355660281899103,5.460614065920626e-05,0.0,0.21280281343306554,0.0
4932.YBR089C-A,0.0006464124111182935,0.00017344547448265053,0.19557051168913264,0.0,2.1068565864388443e-05,0.0,,2.2033442334107748e-05,631.106746031748,0.000404097511293661,2.1068565864388433e-05,0.0,0.20397761668770073,0.0
4932.YML069W,0.003232062055591467,0.0026983508490615892,0.23126398910768156,0.0,0.0013291814788253934,0.0,,0.001375437193661753,760.0047619047734,0.002414951302009796,0.0013291814788253965,0.0,0.24563825530212086,0.0
4932.YFR044C,0.003232062055591467,0.001955154762250754,0.22385702187627657,0.0,0.0022692109246301617,0.0,,0.0024028984313280623,734.076190476198,0.002824996125316742,0.0022692109246301726,0.0,0.23725798011512297,0.0
4932.YBR092C,0.0009696186166774402,0.0007256088986271182,0.21430798180973473,0.0,0.000327203000097541,0.0,,0.0003575341688719295,697.3206349206413,1.91499279788039e-06,0.000327203000097541,0.0,0.22537835647079343,0.0
4932.YLR004C,0.002262443438914027,0.0016498255897364094,0.2095019545152108,0.0,0.00018502017463865823,0.0,,0.00020165625212922232,685.0825396825446,0.00025423427716444216,0.00018502017463865804,0.0,0.22142292814561723,0.0
4932.YHR046C,0.0006464124111182935,9.010307585543451e-05,0.18609818171733947,0.0,5.562556553657686e-06,0.0,,9.45155305929683e-06,597.2253968253972,0.00010053758489493686,5.562556553657685e-06,0.0,0.1930269543714922,0.0
4932.YBR094W,0.0009696186166774402,0.0014999992275379977,0.21115779061604756,0.0,0.0006877882901708413,0.0,,0.0007149344030919111,684.2722222222288,0.0003348436210017187,0.0006877882901708404,0.0,0.2211610285139697,0.0
4932.YOR061W,0.006140917905623788,0.038413964927272934,0.2629131030405639,0.0,0.004260736495617641,0.0,,0.004232016634506478,876.2071428571589,0.0005240838945373531,0.004260736495617646,0.0,0.2831955859266783,0.0
4932.YOR224C,0.0003232062055591467,5.5910621392482444e-05,0.1731363436109292,0.0,0.0,0.0,,0.0,552.1313492063518,0.00013956852731962713,0.0,0.0,0.17845227834723634,0.0
4932.YBR097W,0.0009696186166774402,0.0005463358827582812,0.20492144583226177,0.0,0.0007411489484158662,0.0,,0.0007725034595451445,662.2206349206392,0.000440581920742005,0.0007411489484158632,0.0,0.2140338186556674,0.0
4932.YIL078W,0.002262443438914027,0.0004934428919187596,0.20729906956925684,0.0,0.002196680351086427,0.0,,0.002342306361825284,674.388492063497,0.0005324492553627588,0.002196680351086424,0.0,0.217966545592596,0.0
4932.YMR226C,0.003878474466709761,0.014143950752388626,0.25562498161137903,0.0,0.0022653568787027963,0.0,,0.002331746596591654,846.1083333333471,0.003027866600854408,0.002265356878702799,0.0,0.2734674639086404,0.0
4932.YPR062W,0.0006464124111182935,2.150957694076849e-05,0.171907761703052,0.0,4.7337192661475136e-05,0.0,,6.788664717658255e-05,548.9432539682576,0.0002288034413522888,4.733719266147504e-05,0.0,0.17742186618237038,0.0
4932.YOL094C,0.002585649644473174,0.0051791984560276404,0.24514657142269544,0.0,0.0006984563497686792,0.0,,0.0007482273856902459,807.8107142857275,0.0022378422485651553,0.0006984563497686799,0.0,0.2610894357743097,0.0
4932.YBR103W,0.003232062055591467,0.018367801920055,0.2579081711800841,0.0,0.00026606054085272695,0.0,,0.0002102575860055405,854.0190476190635,7.864851344582989e-06,0.000266060540852727,0.0,0.2760242558561886,0.0
4932.YFR014C,0.008403361344537815,0.038063970472407276,0.2775392397436943,0.0,0.004260889656929358,0.0,,0.004435612746018234,931.3738095238285,0.0019541038403421015,0.004260889656929366,0.0,0.30102579493335796,0.0
4932.YLR248W,0.003232062055591467,0.004362624632407161,0.2357652923183548,0.0,0.00039932741373014335,0.0,,0.0004959394736696413,774.523809523819,6.282204250357953e-05,0.00039932741373014405,0.0,0.2503309015914058,0.0
4932.YGL158W,0.004848093083387201,0.010068143346244375,0.2483626558957473,0.0,0.0013436556007991817,0.0,,0.001448429831890205,823.113095238107,3.920156013429667e-05,0.0013436556007991778,0.0,0.2660352602579493,0.0
4932.YBR104W,0.0016160310277957336,0.0002711669680136877,0.19490380918797653,0.0,0.00036497599962515015,0.0,,0.0004662264517721598,630.6722222222245,0.0003417961190317136,0.000364975999625151,0.0,0.20383717589599942,0.0
4932.YEL006W,0.0006464124111182935,5.7397183688550576e-05,0.17869939172095092,0.0,7.796050326272637e-06,0.0,,1.1341639783619438e-05,572.5472222222244,4.445320563938497e-06,7.796050326272619e-06,0.0,0.18505081519787403,0.0
4932.YOL080C,0.0009696186166774402,7.226297142815433e-05,0.18911445947076289,0.0,0.0006756679161087366,0.0,,0.0006899611264183953,608.852380952383,0.00042974086685780354,0.0006756679161087361,0.0,0.19678486779327115,0.0
4932.YPL050C,0.0019392372333548805,0.0031082376991319123,0.20965560464686847,0.0,0.001277134025990812,0.0,,0.0012556470584129502,682.59325396826,0.0008943331210178442,0.0012771340259908207,0.0,0.22061837555535035,0.0
4932.YBR105C,0.0003232062055591467,5.738283602667741e-06,0.16339835206402126,0.0,0.0,0.0,,0.0,520.9218253968359,0.00026841244676228867,0.0,0.0,0.1683651665794523,0.0
4932.YDL201W,0.002585649644473174,0.00015395871778559942,0.1968498945985437,0.0,0.0021890796362738787,0.0,,0.002174320852471448,638.2460317460352,0.0032489621498946286,0.0021890796362738756,0.0,0.20628507813381766,0.0
4932.YBR106W,0.0003232062055591467,0.00011856440104398521,0.1847630667890416,0.0,0.0,0.0,,0.0,591.8591269841277,0.00035005846102397707,0.0,0.0,0.19129254265808887,0.0
4932.YMR201C,0.0019392372333548805,0.0031813994767019753,0.22871063039923606,0.0,0.0007739338778632645,0.0,,0.0008119316974254966,748.2214285714377,0.0009959921064339496,0.0007739338778632652,0.0,0.24182980884661556,0.0
4932.YPR113W,0.0029088558500323207,0.016063216085894096,0.26252678568831406,0.0,0.0014587864516260145,0.0,,0.0015071639491798774,867.0011904762071,0.0005162458975402953,0.0014587864516260153,0.0,0.28022016498907254,0.0
4932.YLL040C,0.0006464124111182935,0.0014394117539554207,0.21537362837037985,0.0,0.00014896895590975684,0.0,,0.00016476981501473378,699.208333333341,0.00030808002243095517,0.00014896895590975681,0.0,0.22598847231200173,0.0
4932.YPR029C,0.004201680672268907,0.005158882430687705,0.23849943011513866,0.0,0.0025416414455057524,0.0,,0.0027036596919822126,787.4440476190603,0.0024800779568565695,0.002541641445505748,0.0,0.25450680272108844,0.0
4932.YPL270W,0.006140917905623788,0.01011934265088938,0.25313505440184647,0.0,0.003939077210876185,0.0,,0.003836633166007117,839.6988095238231,0.000906622226153565,0.003939077210876181,0.0,0.2713958660387232,0.0
4932.YHL007C,0.004524886877828054,0.006433879587169182,0.244936523807733,0.0,0.0011891245310997748,0.0,,0.0012121854093750314,809.7035714285838,0.000103316083874426,0.0011891245310997718,0.0,0.26170121894911813,0.0
4932.YLR188W,0.005817711700064641,0.012462716913240272,0.25818769593208557,0.0,0.004675324801466372,0.0,,0.004548255119242004,856.9035714285861,0.0010647274300105778,0.004675324801466378,0.0,0.27695655185150986,0.0
4932.YNL298W,0.004848093083387201,0.007892770520267028,0.24707469052377284,0.0,0.0010465332504854554,0.0,,0.0009906372432766472,817.6428571428695,9.60630949528328e-05,0.0010465332504854543,0.0,0.2642672453596823,0.0
4932.YOL113W,0.004201680672268907,0.005831834847405058,0.24730981653776726,0.0,0.0014454631326545292,0.0,,0.001476639600391739,816.6380952381087,0.0001259670316895449,0.001445463132654527,0.0,0.26394250007695386,0.0
4932.YGL002W,0.0009696186166774402,0.0007601741888454567,0.21542231871590442,0.0,0.0001185382564302429,0.0,,0.00012794122278718092,700.3742063492116,0.0004548330137843823,0.00011853825643024273,0.0,0.22636528970562583,0.0
4932.YNR034W,0.0006464124111182935,6.464760354573922e-05,0.18780987907233768,0.0,0.0,0.0,,0.0,605.4658730158752,0.0002250167468168976,0.0,0.0,0.1956903274130165,0.0
4932.YCR073W-A,0.0006464124111182935,6.464760354573922e-05,0.18780987907233768,0.0,0.0,0.0,,0.0,605.4658730158752,0.0002232830208660813,0.0,0.0,0.1956903274130165,0.0
4932.YHR163W,0.0009696186166774402,6.846492859311241e-05,0.19106096573720438,0.0,0.00010702593927933272,0.0,,0.00011971275816368635,617.2718253968285,0.0004098853177416762,0.00010702593927933274,0.0,0.1995060844850761,0.0
4932.YLL050C,0.0009696186166774402,0.0004258094274345216,0.20942521387253127,0.0,0.0001817647422037182,0.0,,0.0002288931801451646,677.6551587301653,0.0008708786262979907,0.00018176474220371844,0.0,0.2190223525307559,0.0
4932.YDL205C,0.004848093083387201,0.001311466556204684,0.22758173468354842,0.0,0.004337758313119831,0.0,,0.004699372038611362,750.1563492063589,0.005107008451355403,0.004337758313119854,0.0,0.24245518720308637,0.0
4932.YBR111C,0.0006464124111182935,1.953348841073912e-05,0.17042173419339762,0.0,0.000621333365100125,0.0,,0.000621333365100125,545.109523809528,0.0006072043513918696,0.0006213333651001239,0.0,0.17618278080462954,0.0
4932.YBR112C,0.0016160310277957336,0.0005234419204883894,0.2071038302803776,0.0,0.001395983738132879,0.0,,0.0014181793100567792,673.693253968259,0.002376882254541225,0.0013959837381328827,0.0,0.21774184032587396,0.0
4932.YLR178C,0.0003232062055591467,7.280280276176568e-07,0.1447639727229479,0.0,0.0,0.0,,0.0,458.58217893219455,9.230024522687835e-05,0.0,0.0,0.14821660598971523,0.0
4932.YHR001W,0.002585649644473174,0.0004992708842394526,0.21092408834649537,0.0,0.00047540790562242385,0.0,,0.0005284419851361645,687.5492063492144,0.00069188536995462,0.00047540790562242434,0.0,0.22222017011932976,0.0
4932.YKR003W,0.0029088558500323207,0.000574143674650384,0.21467814428958032,0.0,0.000686264035251314,0.0,,0.0007708368532182664,702.2277777777858,0.0006814913483589681,0.0006862640352513154,0.0,0.22696437549378726,0.0
4932.YPL249C-A,0.001292824822236587,0.0014441725798257964,0.22275805886075367,0.0,0.00028719323747705905,0.0,,0.00029167592373942775,725.5384920635006,0.00034736631266200853,0.00028719323747705905,0.0,0.23449854300694636,0.0
4932.YMR194W,0.0016160310277957336,0.001997668502580402,0.22633841404275945,0.0,0.0004355835837884801,0.0,,0.00042735700551626584,738.443253968263,0.0006456970493466527,0.00043558358378848134,0.0,0.2386694421358287,0.0
4932.YJL100W,0.0006464124111182935,0.00030740184235722874,0.19591900276609225,0.0,5.742196641683349e-05,0.0,,7.355866850763532e-05,630.4599206349225,0.00016859228965778432,5.7421966416833465e-05,0.0,0.2037685587055335,0.0
4932.YER048C,0.001292824822236587,0.0010073987939073512,0.21233411344871514,0.0,0.0004663974498094686,0.0,,0.00048316142493362346,689.7083333333389,0.00045996149969507747,0.00046639744980946714,0.0,0.22291801335918984,0.0
4932.YIR038C,0.005494505494505494,0.0021697942893165113,0.23233535186606402,0.0,0.0025719473218721173,0.0,,0.0026693564954159673,770.9702380952492,0.0010998140243588103,0.0025719473218721277,0.0,0.2491823652537938,0.0
4932.YNL036W,0.0003232062055591467,6.294240453443508e-05,0.19019655152096154,0.0,0.0,0.0,,0.0,610.720634920636,0.00030534782405058637,0.0,0.0,0.19738869906937134,0.0
4932.YIR034C,0.001292824822236587,0.00020392710960280552,0.20623722454080168,0.0,0.0002771462430326511,0.0,,0.00036141093993476397,668.1825396825432,0.0006928373102813921,0.00027714624303265133,0.0,0.21596074327166762,0.0
4932.YBR117C,0.0029088558500323207,0.0016379080697686156,0.22578423263249756,0.0,0.0005299205038831309,0.0,,0.0005703684392206062,741.4313492063585,0.000523266688954644,0.0005299205038831299,0.0,0.2396352130595828,0.0
4932.YBR196C,0.006140917905623788,0.014042180800876254,0.26063586518600035,0.0,0.0029543579581813376,0.0,,0.0029818439293072025,866.389285714303,0.0028236388232410264,0.0029543579581813406,0.0,0.2800223935728137,0.0
4932.YGR118W,0.0019392372333548805,0.0011667183658505055,0.2237343796947681,0.0,0.0008618439394262031,0.0,,0.0008751281647131333,730.9003968254051,0.0005108069661095375,0.0008618439394262045,0.0,0.23623154389961112,0.0
4932.YPR132W,0.0019392372333548805,0.0011667183658505055,0.2237343796947681,0.0,0.0008618439394262031,0.0,,0.0008751281647131333,730.9003968254052,0.0005108069661095375,0.0008618439394262045,0.0,0.23623154389961112,0.0
4932.YDR516C,0.004201680672268907,0.0041762458528709035,0.2406477118747413,0.0,0.0004421584987439574,0.0,,0.00041411819010357513,794.7345238095344,0.00021552095685274653,0.00044215849874395705,0.0,0.25686312986733156,0.0
4932.YFR053C,0.005817711700064641,0.004859900435692072,0.2482548127972255,0.0,0.0014676564486064538,0.0,,0.001409800677968412,824.395238095251,0.0005307680805931075,0.001467656448606454,0.0,0.26644965678579124,0.0
4932.YNL098C,0.010989010989010988,0.05702377439814288,0.2894253487253267,0.0,0.008017202880243986,0.0,,0.007666097566489598,977.304761904783,0.00047777982243026024,0.008017202880243969,0.0,0.3158709637701234,0.0
4932.YLR369W,0.005817711700064641,0.012502841953697318,0.25867832498054943,0.0,0.0007375435424205127,0.0,,0.0005242039180391564,861.3726190476347,0.00011182775459510958,0.0007375435424205137,0.0,0.27840097577492534,0.0
4932.YER131W,0.0019392372333548805,0.004348606801449205,0.22994322469112385,0.0,0.00020855150191086383,0.0,,0.0001866444263966409,753.1452380952479,0.00016131591893363314,0.00020855150191086388,0.0,0.24342121463970204,0.0
4932.YNL223W,0.0006464124111182935,0.0019279656995276173,0.22590913302987609,0.0,0.0006213333651001249,0.0,,0.0006213333651001249,735.7976190476278,5.160201823382094e-07,0.0006213333651001238,0.0,0.2378143565118355,0.0
4932.YEL030W,0.0074337427278603745,0.016060140669832457,0.2687968189337143,0.0,0.0013974146249334325,0.0,,0.0011836135104650136,897.5535714285887,0.00014351773695925983,0.001397414624933431,0.0,0.2900948841074892,0.0
4932.YJR045C,0.007756948933419522,0.017604090233440946,0.27011756301238327,0.0,0.0014181225624386733,0.0,,0.0010712420442810882,903.9619047619225,0.0001440485733330163,0.0014181225624386687,0.0,0.292166097208114,0.0
4932.YLR167W,0.008403361344537815,0.01612098549903998,0.26545214684372287,0.0,0.005159343417714461,0.0,,0.004729606316579474,888.0904761904937,0.0022072600080459653,0.005159343417714473,0.0,0.28703635300273955,0.0
4932.YHR064C,0.002585649644473174,0.006298664407077354,0.24275256193614572,0.0,0.0001275969364480455,0.0,,9.443336360602418e-05,798.1392857142974,1.0424116985367286e-05,0.00012759693644804558,0.0,0.257963570043402,0.0
4932.YGR246C,0.0009696186166774402,0.0024574370399769764,0.2329791499070947,0.0,0.0001430845621792202,0.0,,0.0001864687238452028,762.9690476190585,0.0002677028900740025,0.0001430845621792203,0.0,0.24659633084002833,0.0
4932.YLL024C,0.010019392372333548,0.020623239505152133,0.27272029854608393,0.0,0.0031519056709604014,0.0,,0.002620795149821135,916.7119047619232,0.0002848341119121281,0.003151905670960403,0.0,0.29628697632899315,0.0
4932.YDR292C,0.0019392372333548805,0.0044207869816504895,0.23146997322753457,0.0,0.0020926288538947032,0.0,,0.0020714213580461088,757.4452380952486,0.0007176231787420896,0.0020926288538947097,0.0,0.24481100132360636,0.0
4932.YIL148W,0.004848093083387201,0.009021538692587155,0.25421557753313045,0.0,0.0011300819600187464,0.0,,0.0009970528966271352,843.744047619062,0.0018099698424028933,0.0011300819600187464,0.0,0.2727033120940684,0.0
4932.YMR189W,0.003878474466709761,0.012016921597809649,0.2535391724487851,0.0,0.0018636314472272283,0.0,,0.0019828358572375956,839.4297619047761,0.004329519060386208,0.0018636314472272252,0.0,0.2713089081786561,0.0
4932.YJL034W,0.006464124111182934,0.014542766036459494,0.26032730801931075,0.0,0.000747081605106437,0.0,,0.0005267109233594067,867.7130952381112,0.00014546722370359307,0.0007470816051064351,0.0,0.2804502570258873,0.0
4932.YGR152C,0.011312217194570135,0.06847338477891328,0.2846698037602123,0.0,0.005688981181470207,0.0,,0.005196533106205706,961.4202380952588,0.0007589710031688576,0.0056889811814701775,0.0,0.31073698710253334,0.0
4932.YHR086W,0.0016160310277957336,0.00898554415196636,0.2524197942039781,0.0,0.00012236531047366472,0.0,,0.00011421016821441496,832.9488095238231,0.00018319017419065952,0.00012236531047366475,0.0,0.26921422415119894,0.0
4932.YNL209W,0.008403361344537815,0.01612108615034638,0.26496006760219226,0.0,0.001881131067766663,0.0,,0.0015893224828363816,887.3369047619217,0.00025792559246429425,0.0018811310677666563,0.0,0.2867927940406932,0.0
4932.YPR079W,0.0006464124111182935,0.0032644535683029247,0.22590913302987609,0.0,1.0049786015138721e-07,0.0,,1.1529023010326571e-07,735.7976190476278,7.47236116209672e-05,1.0049786015138725e-07,0.0,0.2378143565118355,0.0
4932.YKR094C,0.004524886877828054,0.008576339101780578,0.25111157496135383,0.0,0.0008603414976053918,0.0,,0.0007316303279705715,832.7107142857283,0.0018072994553231605,0.0008603414976053921,0.0,0.2691372702927325,0.0
4932.YGL189C,0.002262443438914027,0.0052764814335918755,0.2346043635092369,0.0,0.00032831869493375607,0.0,,0.0003066864370433541,769.9047619047727,0.0002376264836048054,0.00032831869493375585,0.0,0.2488379967371564,0.0
4932.YGL094C,0.003232062055591467,0.004928400096128303,0.2432483125731834,0.0,0.0033668040951443006,0.0,,0.0033390503954230212,802.5238095238215,0.0011142628209608752,0.003366804095144312,0.0,0.2593806753470619,0.0
4932.YDR045C,0.0006464124111182935,0.0032644535683029247,0.22590913302987609,0.0,1.0049786015138721e-07,0.0,,1.1529023010326571e-07,735.7976190476278,0.0002329637817254822,1.0049786015138725e-07,0.0,0.2378143565118355,0.0
4932.YBR169C,0.003878474466709761,0.009679242608662689,0.25001348341438273,0.0,0.0007079928599851892,0.0,,0.000682196880915148,826.4000000000127,8.249331523345048e-05,0.0007079928599851894,0.0,0.26709760827407886,0.0
4932.YLL039C,0.006140917905623788,0.009280578810872773,0.2584678272477443,0.0,0.0027565006175115257,0.0,,0.002696128803167907,861.3083333333487,0.0007778827145626947,0.002756500617511534,0.0,0.2783801982331394,0.0
4932.YBR121C,0.0016160310277957336,0.0006906459519975517,0.20971712782334764,0.0,0.0002355778845071665,0.0,,0.000286719830713323,680.7738095238153,0.00041622965739664624,0.00023557788450716743,0.0,0.2200303198202358,0.0
4932.YBR125C,0.001292824822236587,0.0007004835376876548,0.19165018566372027,0.0,1.1647425119063101e-05,0.0,,1.8137035199482227e-05,618.7896825396843,6.882630425476737e-05,1.1647425119063101e-05,0.0,0.19999666533279978,0.0
4932.YDR098C,0.001292824822236587,0.0006356958586773637,0.20988650288987162,0.0,0.0002548623474276684,0.0,,0.0002793724138090699,681.3226190476252,0.0004854812326583897,0.000254862347427668,0.0,0.22020769846400098,0.0
4932.YHR096C,0.007110536522301228,0.004158150493951619,0.2486002408348597,0.0,0.004128622409290444,0.0,,0.004403879494621778,832.411904761919,2.4451115125864988e-05,0.004128622409290407,0.0,0.26904069320035706,0.0
4932.YKR052C,0.003555268261150614,0.0009256227557832273,0.22779936005737922,0.0,0.0018083589198043574,0.0,,0.0018444333887130278,745.9619047619135,0.005462502602767948,0.0018083589198043461,0.0,0.24109951672976881,0.0
4932.YCR072C,0.009696186166774402,0.023152376980397064,0.2724084400000049,0.0,0.006979359259112805,0.0,,0.006719503336591532,914.6404761904959,0.005400510730014734,0.006979359259112805,0.0,0.2956174777603349,0.0
4932.YER174C,0.0009696186166774402,0.0005858251526483999,0.20985568707679134,0.0,0.0002037966597098608,0.0,,0.00023205650604532957,680.6559523809584,0.0004963044608119806,0.00020379665970986102,0.0,0.2199922276602949,0.0
4932.YFR004W,0.0016160310277957336,0.0011720015019266508,0.2191883276614056,0.0,0.00024191817726251777,0.0,,0.0002660982428798057,713.2238095238175,0.0001290795894946524,0.00024191817726251812,0.0,0.2305183611906301,0.0
4932.YKR058W,0.0003232062055591467,0.0004561494675964639,0.20379654732730104,0.0,0.0,0.0,,0.0,657.5523809523859,6.445043459017173e-06,0.0,0.0,0.21252501000400162,0.0
4932.YMR301C,0.0074337427278603745,0.004275292262274112,0.2591473274734885,0.0,0.008230199084514377,0.0,,0.008985239693045207,862.6166666666825,0.001599347951990013,0.00823019908451437,0.0,0.27880305968541264,0.0
4932.YJL137C,0.0006464124111182935,0.0005290214186818038,0.21000985669703584,0.0,9.988554312891474e-05,0.0,,0.00012398980532052288,679.6654761904823,0.00017872887992009294,9.98855431289149e-05,0.0,0.21967209960907438,0.0
4932.YJL133W,0.003555268261150614,0.0009256227557832273,0.22779936005737922,0.0,0.0018083589198043574,0.0,,0.0018444333887130278,745.9619047619135,0.0041253808744325365,0.0018083589198043461,0.0,0.24109951672976881,0.0
4932.YBR127C,0.004201680672268907,0.008334048621257972,0.24888160973011073,0.0,0.0021002218594729787,0.0,,0.0022560473699452825,823.321825396839,0.0021893701508844594,0.0021002218594729813,0.0,0.26610272314053823,0.0
4932.YIL155C,0.0019392372333548805,0.0023109436081480803,0.23265680551477594,0.0,0.0008008381238626538,0.0,,0.000858329043217344,761.0952380952483,0.0009755797926080903,0.0008008381238626543,0.0,0.24599070397389725,0.0
4932.YHR193C,0.002585649644473174,0.0019244262389565257,0.23387500362922783,0.0,0.0007478870847548518,0.0,,0.0008814054739108516,767.5238095238208,0.0034957672643561445,0.0007478870847548515,0.0,0.24806845815249176,0.0
4932.YKL095W,0.0006464124111182935,0.0008597988094310575,0.20873706968675076,0.0,5.1300591744658585e-06,0.0,,8.136954928172177e-06,676.5992063492117,0.0004520170113194688,5.130059174465855e-06,0.0,0.21868106216845715,0.0
4932.YBR132C,0.003555268261150614,0.008089709223441344,0.2460115464165277,0.0,0.0011996267523833122,0.0,,0.0012357518291218862,813.4896825396957,4.901913926518223e-05,0.001199626752383312,0.0,0.2629249135551657,0.0
4932.YBR133C,0.0009696186166774402,0.005085978830100941,0.2311704811062633,0.0,5.2648036971202116e-05,0.0,,7.476217763004271e-05,754.6809523809608,0.0002548456765814363,5.264803697120212e-05,0.0,0.24391756702681072,0.0
4932.YGR218W,0.002585649644473174,0.0059813895552197245,0.2433518489282414,0.0,0.0010661769362853945,0.0,,0.0011622342395085283,802.5908730158843,0.0007764149855565823,0.0010661769362853982,0.0,0.2594023506838633,0.0
4932.YBR135W,0.0006464124111182935,3.63074431601822e-05,0.17739088857338206,0.0,0.00011631392492899086,0.0,,0.00013624466275071996,568.8646825396854,0.0004610491007785659,0.00011631392492899098,0.0,0.1838605955202594,0.0
4932.YBR136W,0.0006464124111182935,2.0370323027941543e-05,0.16833436399482107,0.0,3.0901108025578243e-05,0.0,,4.722967977357214e-05,539.6174603174654,0.0001546402984885769,3.090110802557823e-05,0.0,0.17440771180266978,0.0
4932.YML130C,0.0029088558500323207,0.0009537737505093715,0.21653190193607422,0.0,0.0014902181510406238,0.0,,0.001490119390240924,707.4563492063562,0.0005670487674042622,0.0014902181510406242,0.0,0.22865428222571077,0.0
4932.YOR141C,0.0009696186166774402,0.0005103808015932806,0.20114369331269713,0.0,0.0005386784111430148,0.0,,0.0005363546684904486,654.0753968254003,8.475324749806706e-07,0.0005386784111430141,0.0,0.21140122715752968,0.0
4932.YBR139W,0.002585649644473174,0.003913218617470127,0.24385005283289699,0.0,0.0009616779046000813,0.0,,0.001093384836249468,804.3690476190596,0.00024322769863658608,0.0009616779046000791,0.0,0.259977067750177,0.0
4932.YNL274C,0.0074337427278603745,0.0036588336490338794,0.2522638695164182,0.0,0.006626082322094589,0.0,,0.0069740547698074785,842.2321428571574,0.004063315152223242,0.0066260823220945725,0.0,0.27221465509280635,0.0
4932.YOR351C,0.006787330316742082,0.022586841779168136,0.2612790576144824,0.0,0.0012110498453902084,0.0,,0.0013453531796201543,872.4535714285861,0.0004925830501221925,0.0012110498453902071,0.0,0.28198240834795457,0.0
4932.YLR022C,0.0016160310277957336,0.0009521805158653877,0.21430798180973473,0.0,0.0002242742762935442,0.0,,0.00027134113145033155,696.2706349206413,0.0006177069478934944,0.00022427427629354393,0.0,0.22503898995495636,0.0
4932.YKL129C,0.004524886877828054,0.012719956071615008,0.26259913369098403,0.0,0.0015547409489059217,0.0,,0.0015211299511114595,872.7916666666831,0.0012717239834786444,0.0015547409489059195,0.0,0.28209168282697694,0.0
4932.YJL200C,0.011312217194570135,0.013767386027724916,0.2549638039029657,0.0,0.004569013866064604,0.0,,0.004264735468622912,857.5785714285861,0.0007880299539629026,0.004569013866064597,0.0,0.2771747160402623,0.0
4932.YBR142W,0.001292824822236587,0.012115653792774772,0.21903717488008978,0.0,5.464271094884166e-06,0.0,,5.806559191438289e-06,713.984920634929,0.0003039398228183504,5.464271094884161e-06,0.0,0.23076435702486123,0.0
4932.YCR057C,0.009372979961215255,0.08937342962244783,0.2682419226198791,0.0,0.0024920928439625145,0.0,,0.002407438163166647,899.4535714285892,0.0013081400995424138,0.002492092843962514,0.0,0.2907089758980515,0.0
4932.YBR154C,0.006787330316742082,0.054879801515586704,0.2530678266076533,0.0,0.0022217091292417723,0.0,,0.0021407797759796106,842.3916666666815,0.000960958989278432,0.0022217091292417762,0.0,0.27226621417797886,0.0
4932.YML008C,0.008403361344537815,0.08260566218754022,0.26320358800847543,0.0,0.00195660254377697,0.0,,0.001852561963752585,880.4142857143024,0.0018635007435926062,0.001956602543776967,0.0,0.2845553606057808,0.0
4932.YBR143C,0.007756948933419522,0.07918566965253468,0.2595237557294645,0.0,0.00313890343966977,0.0,,0.0027605669231546273,866.4202380952544,0.0010383911859735498,0.0031389034396697812,0.0,0.2800323975744144,0.0
4932.YNL168C,0.0029088558500323207,0.008381352820360089,0.23861887891152353,0.0,0.000605558804710099,0.0,,0.0007077529855932545,785.2619047619149,0.0020692129184281633,0.0006055588047100987,0.0,0.2538015206082433,0.0
4932.YEL036C,0.0016160310277957336,0.003327192586152656,0.21607363336054813,0.0,0.00025990019625305566,0.0,,0.00030154397406662476,705.378968253975,0.000972472096365716,0.0002599001962530552,0.0,0.2279828598105909,0.0
4932.YIL043C,0.002262443438914027,0.004165695372969312,0.23625241069091338,0.0,0.0006939572826520977,0.0,,0.0007978632578761637,775.7134920635019,0.00048371717981463957,0.0006939572826520971,0.0,0.2507154143708765,0.0
4932.YNL316C,0.001292824822236587,0.006250232252946724,0.21745429555454523,0.0,0.0005236975135838332,0.0,,0.0004681061611407813,708.0488095238167,0.0007342805139434784,0.0005236975135838333,0.0,0.2288457690768615,0.0
4932.YML125C,0.0019392372333548805,0.004010281077675424,0.23381761568461082,0.0,0.0005204226982941063,0.0,,0.0005908752542052759,768.6063492063586,0.00030202043146351163,0.0005204226982941063,0.0,0.24841834169565263,0.0
4932.YHR208W,0.004848093083387201,0.006923963490838929,0.23662396898932636,0.0,0.0008229067534058278,0.0,,0.0008004460455715983,783.0773809523912,0.0005242628463546599,0.0008229067534058284,0.0,0.2530954689568135,0.0
4932.YBR222C,0.009372979961215255,0.02029853625174429,0.2666157591270334,0.0,0.009842346438657626,0.0,,0.0099951284123817,895.5511904762066,0.0020720430425763847,0.009842346438657648,0.0,0.28944770215778615,0.0
4932.YDL246C,0.005171299288946348,0.005117998124095267,0.23941827214070785,0.0,0.0014224661649063072,0.0,,0.0013186067505284581,795.9630952381073,0.00041500593255044586,0.0014224661649063078,0.0,0.25726021177701847,0.0
4932.YJR159W,0.006464124111182934,0.005619363167069924,0.24240262607988228,0.0,0.0024734594936883995,0.0,,0.0023926643532205423,808.9535714285838,0.00043698066010808,0.002473459493688395,0.0,0.26145881429494877,0.0
4932.YJR148W,0.005494505494505494,0.013406737820506413,0.24946803118597188,0.0,0.0014901296501847198,0.0,,0.001458800023470079,830.4559523809648,0.0006164123831297434,0.0014901296501847133,0.0,0.26840851725305503,0.0
4932.YKL110C,0.002262443438914027,0.004297304229822449,0.2186518410096414,0.0,0.0014735174910614594,0.0,,0.0013178264411628671,715.0023809523885,0.0014455153674605727,0.0014735174910614623,0.0,0.23109320651337456,0.0
4932.YBR146W,0.0009696186166774402,0.002150918635710169,0.21374713394347628,0.0,1.075141521429679e-05,0.0,,1.4720094059594594e-05,692.9158730158784,0.00024184423672145557,1.0751415214296792e-05,0.0,0.22395471008916387,0.0
4932.YPL048W,0.003232062055591467,0.02190576904410529,0.25221935498147624,0.0,0.0006735887254677579,0.0,,0.0006182110838909804,833.3821428571557,0.0007661279183459183,0.0006735887254677596,0.0,0.2693542801736079,0.0
4932.YBR147W,0.0019392372333548805,0.00021779393993153712,0.21089296712357447,0.0,0.001290294404469206,0.0,,0.0013306339781692061,686.8218253968316,0.0002919350033634981,0.0012902944044692116,0.0,0.22198507608171472,0.0
4932.YNR017W,0.0009696186166774402,1.8648297035737846e-05,0.17806491649184328,0.0,4.128350766320477e-05,0.0,,5.464827634421108e-05,571.7865079365092,0.00013948958479715332,4.128350766320474e-05,0.0,0.18480494762007368,0.0
4932.YGR282C,0.001292824822236587,2.176120131622092e-05,0.1808931322761534,0.0,0.000712913500537167,0.0,,0.0007278843453258357,582.6507936507954,0.0003192153166258141,0.0007129135005371659,0.0,0.18831635218189838,0.0
4932.YGR043C,0.001292824822236587,0.0008794348436207583,0.21137638046140578,0.0,0.00024840881495940973,0.0,,0.000272906775677362,685.5765873015926,0.0005932738900012377,0.0002484088149594098,0.0,0.22158260740193514,0.0
4932.YDR158W,0.002585649644473174,0.0009884305180272864,0.22578423263249756,0.0,0.0017591011727309742,0.0,,0.0019378402880360602,738.0634920635001,0.0017090049029744418,0.0017591011727309783,0.0,0.2385467007315747,0.0
4932.YDR264C,0.003555268261150614,0.004112881402580825,0.23599885819863387,0.0,0.0005086225657662288,0.0,,0.0005103148286822776,777.532142857152,0.0008184783857498004,0.000508622565766229,0.0,0.25130321359312957,0.0
4932.YDR127W,0.003878474466709761,0.0036969972076991617,0.23907787650414417,0.0,0.0014882963084392063,0.0,,0.001614059730359517,787.7559523809639,0.004319261394056486,0.0014882963084392028,0.0,0.2546076122756795,0.0
4932.YBR153W,0.0009696186166774402,4.7393486047559377e-05,0.17716002536936365,0.0,0.0012616320286319832,0.0,,0.0012727493682149992,566.7825396825402,0.0002451753333571576,0.0012616320286319804,0.0,0.18318763402797017,0.0
4932.YDR164C,0.001292824822236587,0.0011433718594226273,0.2149364037112821,0.0,0.001783529749071975,0.0,,0.0017109402357442967,697.0063492063549,8.238566633991061e-05,0.0017835297490719846,0.0,0.22527677737761773,0.0
4932.YNL292W,0.0006464124111182935,1.7688906120435216e-06,0.14961292559585762,0.0,0.000621333365100125,0.0,,0.000621333365100125,474.40119047620664,0.00010296952388692593,0.0006213333651001239,0.0,0.15332940868655154,0.0
4932.YDR416W,0.0006464124111182935,0.002087174644487808,0.2036948959213376,0.0,9.724880337966393e-05,0.0,,0.0001228417836758501,658.4861111111151,2.6401759384966486e-05,9.72488033796638e-05,0.0,0.2128267973856209,0.0
4932.YGR277C,0.0009696186166774402,0.0024582050564078335,0.2096863617222953,0.0,4.504959449472098e-05,0.0,,7.277224546768683e-05,679.4146825396879,0.0009006256040015256,4.504959449472098e-05,0.0,0.21959104154482306,0.0
4932.YGR046W,0.0009696186166774402,0.0021853900688405922,0.2140191786598826,0.0,0.00013510397722245863,0.0,,0.00016059886114055025,694.2194444444502,0.0014883394865048134,0.0001351039772224588,0.0,0.22437603246426777,0.0
4932.YNR038W,0.004201680672268907,0.01805717995166894,0.23543519760830603,0.0,0.0008811696149143743,0.0,,0.000921288396395108,777.6063492063618,0.00032092195672566587,0.0008811696149143738,0.0,0.25132719754568494,0.0
4932.YBR155W,0.0019392372333548805,0.0060634966914911,0.22599843223654453,0.0,0.0003610814193959408,0.0,,0.00034486476220813066,740.1095238095327,0.000732781763535218,0.00036108141939594014,0.0,0.23920799088866315,0.0
4932.YOR096W,0.002262443438914027,0.002821789539154521,0.22331491050387092,0.0,0.00015885304933198227,0.0,,0.00018190334602444783,729.2976190476267,0.000840988579741368,0.00015885304933198243,0.0,0.23571351617570105,0.0
4932.YNL096C,0.002262443438914027,0.002821789539154521,0.22331491050387092,0.0,0.00015885304933198227,0.0,,0.00018190334602444783,729.2976190476267,0.0005381824271039532,0.00015885304933198243,0.0,0.23571351617570105,0.0
4932.YKR014C,0.003878474466709761,0.017755199719299203,0.2545551352947509,0.0,0.0005913215481417553,0.0,,0.0006380178688058477,845.3880952381095,0.00017018433577372041,0.000591321548141757,0.0,0.27323467848677935,0.0
4932.YGL068W,0.0016160310277957336,0.0004436019801468034,0.20252597728374439,0.0,0.00025073970836363445,0.0,,0.0003226519817202253,655.346825396829,0.0007628053873211352,0.0002507397083636342,0.0,0.2118121607617406,0.0
4932.YBR158W,0.0003232062055591467,0.00012800319049577498,0.18869004418218163,0.0,0.0,0.0,,0.0,604.6035714285744,8.982316337087412e-08,0.0,0.0,0.1954116261889371,0.0
4932.YLL013C,0.003232062055591467,0.003434932889184384,0.23475849300813434,0.0,0.003908111986696082,0.0,,0.003872321949630156,769.3884920635016,7.169601541517268e-05,0.003908111986696088,0.0,0.24867113512071495,0.0
4932.YBR159W,0.0009696186166774402,0.0015413379236548952,0.2164171526504695,0.0,0.0002800126927178461,0.0,,0.00033282306136353203,704.0825396825472,0.00012287206811116704,0.0002800126927178458,0.0,0.22756384605124103,0.0
4932.YER052C,0.004201680672268907,0.01949928854967374,0.255945399709916,0.0,0.0030028643742073618,0.0,,0.0029266928043599097,848.2107142857284,0.002159115950112503,0.0030028643742073605,0.0,0.27414696647889925,0.0
4932.YJR072C,0.003555268261150614,0.012301527110490084,0.24491553884167683,0.0,0.0038374150542942586,0.0,,0.003907273832842859,810.2464285714411,0.002724943539202658,0.0038374150542942504,0.0,0.26187667374642165,0.0
4932.YPR176C,0.003555268261150614,0.010674093491350478,0.2470106428203622,0.0,0.004455418396730556,0.0,,0.004418869313053496,816.1345238095355,0.0029680286319925934,0.004455418396730572,0.0,0.2637797426662973,0.0
4932.YNR011C,0.006787330316742082,0.029924621245834126,0.26887266453725095,0.0,0.002114669878869025,0.0,,0.001986309782155065,898.0750000000183,0.0005817700430343076,0.002114669878869028,0.0,0.2902634130575307,0.0
4932.YER006W,0.002585649644473174,0.012561835186703566,0.2454412440422471,0.0,0.001448256114649427,0.0,,0.0015122777922371789,809.9583333333452,0.000609778433224293,0.0014482561146494295,0.0,0.26178355957767724,0.0
4932.YBR264C,0.0009696186166774402,0.0074226952626532785,0.23981998065101107,0.0,8.020195654971587e-05,0.0,,9.19471983047665e-05,786.8869047619161,2.644227241024549e-05,8.020195654971578e-05,0.0,0.2543267306922769,0.0
4932.YER013W,0.006464124111182934,0.025391697331392814,0.26716394106168706,0.0,0.0020661978609649856,0.0,,0.0020271958812352873,891.2678571428748,0.0006592689125930153,0.0020661978609649917,0.0,0.28806330224397453,0.0
4932.YKR086W,0.005817711700064641,0.027631235870064247,0.26636732849050054,0.0,0.001104782731815356,0.0,,0.0009474660187172506,887.7702380952556,0.00042842407780626295,0.0011047827318153597,0.0,0.28693285006310215,0.0
4932.YKL078W,0.0074337427278603745,0.02581099586436961,0.27163190510832874,0.0,0.0028013075309651237,0.0,,0.0028128991355265143,909.2916666666853,0.0009681212290242215,0.002801307530965122,0.0,0.2938887093298858,0.0
4932.YFL034C-B,0.005171299288946348,0.03498354539339898,0.27098816659020303,0.0,0.00435181803988356,0.0,,0.004362867338630477,902.9178571428744,0.0007164797854356876,0.004351818039883568,0.0,0.2918286545387386,0.0
4932.YDL161W,0.0016160310277957336,0.013015319312639972,0.2468826469781546,0.0,0.0006294238321782757,0.0,,0.0006198321059692368,811.520238095251,0.0001617039179579619,0.0006294238321782758,0.0,0.2622883768892172,0.0
4932.YLR286C,0.0016160310277957336,0.00661906615214304,0.24172621083714288,0.0,0.001225145842731542,0.0,,0.00127000818516554,794.448809523821,0.00017543991682999224,0.001225145842731544,0.0,0.2567707852371718,0.0
4932.YPL237W,0.001292824822236587,0.011886512285925223,0.24370453276726783,0.0,0.000705513403297382,0.0,,0.0007505834886935149,801.5916666666795,0.0007615448534980623,0.0007055134032973812,0.0,0.2590794009911657,0.0
4932.YER099C,0.003878474466709761,0.01526320678168533,0.26065963065196057,0.0,0.0013195618728975805,0.0,,0.0013089396944268516,863.8369047619201,0.0007609038216975693,0.001319561872897578,0.0,0.27919744821005327,0.0
4932.YOL068C,0.003555268261150614,0.018137273429075645,0.25523697940714746,0.0,0.0019660518750845312,0.0,,0.001924027830378755,845.629761904776,0.0010831312238272208,0.00196605187508453,0.0,0.27331278665312275,0.0
4932.YJL165C,0.0009696186166774402,0.011816601034995355,0.24624465236971763,0.0,2.1101532296407205e-05,0.0,,1.781489109988141e-05,811.0845238095358,3.874202668342399e-06,2.1101532296407215e-05,0.0,0.2621475513282236,0.0
4932.YBR161W,0.0003232062055591467,0.00011585985967084488,0.1721251306213904,0.0,0.0,0.0,,0.0,550.1821428571458,0.00025288392017844,0.0,0.0,0.17782228275925754,0.0
4932.YBR162C,0.0003232062055591467,1.0952007038879807e-05,0.16344506400000297,0.0,0.0,0.0,,0.0,520.3079365079448,4.571674900165013e-05,0.0,0.0,0.16816675388103958,0.0
4932.YLR191W,0.0016160310277957336,0.0002938148264773033,0.19691769438314058,0.0,0.0007462729353089859,0.0,,0.0008055501997217018,636.2373015873042,0.00034268254401032623,0.0007462729353089868,0.0,0.2056358440812222,0.0
4932.YOR091W,0.0029088558500323207,0.009530743388587868,0.23739031467862912,0.0,0.0009712238613137545,0.0,,0.0010224782387973131,780.5170634920752,0.002866240699406708,0.0009712238613137542,0.0,0.2522679584654374,0.0
4932.YNL129W,0.002262443438914027,0.00529842150864192,0.23973953114391577,0.0,0.0004415130482441724,0.0,,0.0004681444495315208,789.0337301587427,0.0007691034263765434,0.00044151304824417123,0.0,0.25502059798278287,0.0
4932.YER117W,0.0019392372333548805,0.004431867108922505,0.2281812076436823,0.0,7.254954043151726e-05,0.0,,8.8639964999448e-05,745.90992063493,0.00011054407047203499,7.25495404315171e-05,0.0,0.24108271513733698,0.0
4932.YOR254C,0.001292824822236587,0.0026315758118918148,0.22222125072761598,0.0,9.241044711969368e-05,0.0,,0.00011124237528204194,724.542857142867,9.138395636132747e-05,9.241044711969354e-05,0.0,0.23417674762212576,0.0
4932.YEL026W,0.002262443438914027,0.002304193029735401,0.21778562923663353,0.0,0.0010373243310056392,0.0,,0.001057228347534346,710.67976190477,0.0008616421196909448,0.001037324331005641,0.0,0.22969610921291594,0.0
4932.YBR166C,0.0006464124111182935,0.0001656794150763468,0.19272258945324963,0.0,3.393369059123272e-05,0.0,,5.126934791711052e-05,619.8091269841294,0.0007161197982740938,3.3933690591232707e-05,0.0,0.20032615610346705,0.0
4932.YKL213C,0.0016160310277957336,0.0037494393779786287,0.2361548260520489,0.0,0.000894057797488386,0.0,,0.0009179100552900585,774.5392857142955,0.0009550406151394315,0.0008940577974883865,0.0,0.2503359035922061,0.0
4932.YDR334W,0.0009696186166774402,0.0013265026670730253,0.20858476244874513,0.0,4.9091193822396616e-06,0.0,,5.734683257157779e-06,675.764285714292,5.870916024449551e-07,4.909119382239655e-06,0.0,0.2184112106381014,0.0
4932.YOR014W,0.003232062055591467,0.006763226826821944,0.23929802187845736,0.0,0.0014888707200938038,0.0,,0.0016275239022987564,786.7571428571545,0.0025486132618428694,0.0014888707200938053,0.0,0.2542847908394127,0.0
4932.YBR170C,0.0009696186166774402,0.00019485474598285313,0.19315230874054404,0.0,0.0012424577381500985,0.0,,0.0012424577381500985,621.4277777777794,0.0005632861491804224,0.0012424577381500966,0.0,0.2008493140846082,0.0
4932.YDR032C,0.0003232062055591467,7.261400059185068e-06,0.16084252345468136,0.0,0.0,0.0,,0.0,511.01269841270874,8.634876615941187e-05,0.0,0.0,0.16516247524650884,0.0
4932.YCR004C,0.0003232062055591467,7.261400059185068e-06,0.16084252345468136,0.0,0.0,0.0,,0.0,511.01269841270874,6.096330493416686e-05,0.0,0.0,0.16516247524650884,0.0
4932.YBR175W,0.007110536522301228,0.01913644740987687,0.27173518720152584,0.0,0.002834191286767838,0.0,,0.003027403273061174,909.3226190476383,0.0009126325069826959,0.0028341912867678337,0.0,0.2938987133314864,0.0
4932.YBR198C,0.005494505494505494,0.01423530009590206,0.2664169775731642,0.0,0.003572817498938808,0.0,,0.0036955414183049633,886.228571428589,0.00022551702479538477,0.0035728174989388146,0.0,0.2864345738295318,0.0
4932.YNL317W,0.005494505494505494,0.01110663769627507,0.26199744930437646,0.0,0.0027066169490209758,0.0,,0.0028354870981760045,873.2654761904923,0.001426555966448966,0.0027066169490209697,0.0,0.2822448210053252,0.0
4932.YIL046W,0.003878474466709761,0.008126349598468889,0.251619942730398,0.0,0.001226001443060152,0.0,,0.0013797510587405415,832.5535714285853,0.0003388395942469089,0.0012260014430601554,0.0,0.2690864807461446,0.0
4932.YPR178W,0.006464124111182934,0.011768925703405025,0.2618054922025874,0.0,0.0080857964463916,0.0,,0.008103008700702671,873.0583333333492,0.004053867283379417,0.008085796446391577,0.0,0.2821778711484594,0.0
4932.YPL151C,0.007110536522301228,0.014346387115396406,0.25774539440628,0.0,0.0019183133653044603,0.0,,0.002037157031054362,860.5690476190629,0.0015770451846842618,0.0019183133653044703,0.0,0.278141256502601,0.0
4932.YCR084C,0.006787330316742082,0.02224566009931929,0.2672138875827306,0.0,0.0024451607671517185,0.0,,0.0024389007448779166,892.4595238095427,0.0009700077469538129,0.0024451607671517298,0.0,0.2884484563055992,0.0
4932.YDR364C,0.002585649644473174,0.005414219259530212,0.2396591355935657,0.0,0.0009532610155378398,0.0,,0.000916570907777725,788.9154761904866,0.000800012086123528,0.0009532610155378416,0.0,0.2549823775664112,0.0
4932.YBR176W,0.0016160310277957336,0.0011515925395154437,0.21890299175741265,0.0,0.0003036170826423688,0.0,,0.0004215779574982775,713.2896825396894,0.0013798622747965596,0.0003036170826423684,0.0,0.23053965175813915,0.0
4932.YDR061W,0.0006464124111182935,0.0012216299798738593,0.2153411803661056,0.0,4.096242757766206e-05,0.0,,5.443225936047159e-05,700.2642857142924,5.712104967974295e-05,4.09624275776621e-05,0.0,0.2263297626743005,0.0
4932.YFR047C,0.003555268261150614,0.0013618829125460195,0.22994322469112385,0.0,0.0022939526600510734,0.0,,0.0024340659074967076,755.9750000000104,0.005612081319712859,0.0022939526600510665,0.0,0.24433581124757597,0.0
4932.YNR058W,0.003878474466709761,0.002184923218517653,0.23229759217942889,0.0,0.001269873968182615,0.0,,0.001314464652462477,763.1547619047724,0.0011001668349272511,0.0012698739681826128,0.0,0.24665635484963216,0.0
4932.YIL145C,0.0019392372333548805,0.0013687534273022052,0.2194575594472633,0.0,0.0009171563249489016,0.0,,0.0010215252292644693,715.2789682539754,0.0010580615326916505,0.0009171563249489024,0.0,0.23118260124562648,0.0
4932.YBR177C,0.0003232062055591467,0.00018178084801842025,0.19723017589071698,0.0,0.0,0.0,,0.0,634.9750000000043,4.62793012861065e-05,0.0,0.0,0.20522786037491922,0.0
4932.YBR179C,0.0003232062055591467,2.826263816276077e-07,0.13413984183567415,0.0,0.0,0.0,,0.0,423.3576479076604,1.5730397198380184e-05,0.0,0.0,0.1368318189746761,0.0
4932.YKL034W,0.0006464124111182935,7.582209416069101e-06,0.1558869107514479,0.0,0.000621333365100125,0.0,,0.000621333365100125,495.60519480520946,0.00013745629396761305,0.0006213333651001239,0.0,0.16018267446838874,0.0
4932.YBR180W,0.0009696186166774402,0.00043251782185681204,0.2127766408157835,0.0,0.00047804386711285265,0.0,,0.0005559968830644258,690.4035714285778,1.0215069778345285e-05,0.0004780438671128531,0.0,0.22314271862591192,0.0
4932.YDR403W,0.001292824822236587,8.979505981062784e-05,0.19260572492656325,0.0,0.0007144561037984275,0.0,,0.0007518457932159013,621.0567460317478,7.089455203719767e-05,0.0007144561037984278,0.0,0.2007293943218313,0.0
4932.YFL009W,0.002585649644473174,0.0060498500069534455,0.24489455747109154,0.0,0.0008308105815881999,0.0,,0.0009434945015171441,805.4595238095353,9.846887410562784e-05,0.0008308105815882014,0.0,0.2603295164219534,0.0
4932.YHL011C,0.003232062055591467,0.009327569570261327,0.2508691680000045,0.0,0.00040647362230922685,0.0,,0.0004065851230832609,827.5297619047764,0.00046907600422161554,0.00040647362230922593,0.0,0.2674627543325022,0.0
4932.YKL181W,0.002262443438914027,0.004382458531153091,0.24227936006102652,0.0,0.00024564483843285667,0.0,,0.00023621939752444413,796.2083333333458,0.00010474075332294582,0.0002456448384328571,0.0,0.257339474251239,0.0
4932.YBR183W,0.0003232062055591467,1.710836643674977e-05,0.162276008705725,0.0,0.0,0.0,,0.0,516.2297619047711,2.7581267159026796e-05,0.0,0.0,0.16684866254193984,0.0
4932.YKL207W,0.0006464124111182935,0.00045914283337609925,0.19522325816841166,0.0,0.000621333365100125,0.0,,0.000621333365100125,629.2301587301608,0.0004052677589473674,0.0006213333651001239,0.0,0.20337109202655423,0.0
4932.YDL143W,0.009372979961215255,0.043670137213179465,0.27165771827046015,0.0,0.0025554479447417143,0.0,,0.0023213756176347043,909.9166666666845,0.0007304442777658936,0.00255544794474172,0.0,0.2940907132083603,0.0
4932.YDR188W,0.009049773755656108,0.04398719328908509,0.2814744160456924,0.0,0.004358851266645442,0.0,,0.004286304828167925,943.2714285714492,0.0007860832452543223,0.004358851266645433,0.0,0.30487117924092716,0.0
4932.YBR187W,0.0009696186166774402,0.0002314557486089703,0.2008469169788556,0.0,8.210072867955396e-05,0.0,,0.00012077577704718912,648.2980158730211,0.0006320497161227834,8.210072867955389e-05,0.0,0.20953394178184093,0.0
4932.YPL214C,0.002262443438914027,0.0025844482626222447,0.21653190193607422,0.0,0.0008854061494375567,0.0,,0.0009246556807241523,706.6916666666746,0.0042275329612344184,0.0008854061494375569,0.0,0.2284071320836027,0.0
4932.YLR347C,0.0019392372333548805,0.0009626881465088521,0.21855154200000396,0.0,0.0005406786586094576,0.0,,0.000699943888552635,710.6492063492126,0.0005696978562079758,0.0005406786586094573,0.0,0.22968623346774608,0.0
4932.YBR189W,0.003878474466709761,0.009064111080897455,0.24864348694094562,0.0,0.0010549158152477105,0.0,,0.0009596439382872788,820.9654761904892,0.0011844383246868765,0.0010549158152477179,0.0,0.2653411364545818,0.0
4932.YEL058W,0.0029088558500323207,0.005273387755791411,0.24692529751749606,0.0,0.0022226328046140408,0.0,,0.002238479258151867,813.0595238095369,0.002436845929531071,0.0022226328046140533,0.0,0.2627858835842029,0.0
4932.YPR173C,0.004848093083387201,0.01591583637757039,0.2612551790678168,0.0,0.002576023316653288,0.0,,0.002783832242661579,867.7702380952536,0.00014970627509670404,0.0025760233166532962,0.0,0.2804687259519192,0.0
4932.YBR191W,0.001292824822236587,0.0010934839262414305,0.21623707786384658,0.0,5.151464779465663e-05,0.0,,5.477199650576117e-05,702.4396825396891,0.0007709665625031352,5.1514647794656656e-05,0.0,0.2270328644278224,0.0
4932.YKL179C,0.0006464124111182935,0.000659608267081383,0.19761192930734492,0.0,7.753129892589223e-08,0.0,,1.2514694408084856e-07,636.1075396825421,0.00018148399709680331,7.753129892589223e-08,0.0,0.20559390422835802,0.0
4932.YPL079W,0.001292824822236587,0.0010934839262414305,0.21623707786384658,0.0,5.151464779465663e-05,0.0,,5.477199650576117e-05,702.4396825396891,0.0007712311704296315,5.1514647794656656e-05,0.0,0.2270328644278224,0.0
4932.YPL081W,0.003878474466709761,0.0086326586769634,0.24745967532548924,0.0,0.000994954687743978,0.0,,0.0009131091028650991,816.3988095238224,0.0011490896689455654,0.000994954687743978,0.0,0.2638651614491951,0.0
4932.YPL082C,0.0009696186166774402,0.00024313415627280326,0.20056508590191902,0.0,0.0006372742614541032,0.0,,0.000642042871872727,647.4099206349237,0.0008193122595476895,0.0006372742614541032,0.0,0.20924690388976105,0.0
4932.YGL080W,0.0016160310277957336,0.002202466784361678,0.22023529810169892,0.0,0.0006423206262313852,0.0,,0.0006534366136807423,716.3857142857208,0.001410523457838665,0.0006423206262313836,0.0,0.2315403084310647,0.0
4932.YBR193C,0.0006464124111182935,0.0007749584141622139,0.20279896207151332,0.0,1.0706958141369619e-06,0.0,,2.517921388235066e-06,654.9170634920667,1.0246322683049572e-05,1.0706958141369623e-06,0.0,0.2116732590472086,0.0
4932.YNL329C,0.0029088558500323207,0.007797813459911555,0.23804264879340925,0.0,0.00044876645436433106,0.0,,0.000521649497601509,783.2333333333453,2.7209010338107523e-05,0.0004487664543643312,0.0,0.253145873734109,0.0
4932.YLL034C,0.004524886877828054,0.012997390952584929,0.25537378679292944,0.0,0.0011556826621827714,0.0,,0.0011234875018373087,846.9797619047778,7.199442277979071e-05,0.0011556826621827788,0.0,0.2737491150306276,0.0
4932.YBR195C,0.0003232062055591467,9.333526401970708e-08,0.13259678878241346,0.0,0.0,0.0,,0.0,418.9937590187693,3.125290492506432e-08,0.0,0.0,0.13542138300541662,0.0
4932.YPR018W,0.0006464124111182935,2.5047969823104117e-06,0.15380685297320842,0.0,0.000621333365100125,0.0,,0.000621333365100125,489.79011544012997,3.510279955785826e-06,0.0006213333651001239,0.0,0.15830320473177614,0.0
4932.YPR074C,0.002585649644473174,0.0014661190901615999,0.22149807603905564,0.0,0.000307924886350831,0.0,,0.00030769806712340446,724.5611111111198,0.0007239108001623755,0.00030792488635083117,0.0,0.23418264741794154,0.0
4932.YMR104C,0.004201680672268907,0.005337278890846159,0.24127736068197603,0.0,0.0008375725774583294,0.0,,0.0008625704072187189,797.2214285714398,0.0024110236221491802,0.0008375725774583325,0.0,0.2576669129190137,0.0
4932.YMR022W,0.003232062055591467,0.007974763227714007,0.25124399449464335,0.0,0.0012650534053192226,0.0,,0.0012720100837835615,829.1130952381092,0.00040793490498513093,0.0012650534053192243,0.0,0.2679744974913042,0.0
4932.YHL008C,0.0006464124111182935,0.002757822706261369,0.2203201671953797,0.0,1.351255245909582e-05,0.0,,1.9282042852945658e-05,715.6785714285783,0.00011335428536266558,1.3512552459095817e-05,0.0,0.23131175547141936,0.0
4932.YOR269W,0.0016160310277957336,0.0040070651495438545,0.24105356011131224,0.0,9.006938746150804e-05,0.0,,0.00012529327363671063,791.4523809523929,2.6936994316122887e-05,9.006938746150818e-05,0.0,0.25580232092837135,0.0
4932.YKL135C,0.001292824822236587,0.0006422728654702177,0.215471031081635,0.0,0.00041142928800379046,0.0,,0.0004678137236634508,698.7988095238164,0.0003182828225508581,0.0004114292880037896,0.0,0.2258561116754394,0.0
4932.YGL179C,0.002585649644473174,0.006474065197578104,0.24141999572333853,0.0,0.0003117254000355575,0.0,,0.0003262950147266777,797.117857142868,0.00021359600942618111,0.000311725400035558,0.0,0.25763343799058086,0.0
4932.YDR267C,0.006140917905623788,0.010680908683304017,0.25910035070788107,0.0,0.002552816064764044,0.0,,0.00265597979500845,865.8273809523963,0.0022679399533108136,0.002552816064764039,0.0,0.2798407824668329,0.0
4932.YOR069W,0.0006464124111182935,0.0005445013898664294,0.20942521387253127,0.0,9.208315460471894e-05,0.0,,0.00011170089004441022,676.4059523809576,4.529194100000732e-05,9.20831546047188e-05,0.0,0.21861860128666852,0.0
4932.YMR229C,0.0006464124111182935,0.0006023952414259198,0.21190913041957388,0.0,1.829181818320947e-05,0.0,,2.760981521361863e-05,685.2857142857199,0.0003463171410763773,1.829181818320945e-05,0.0,0.22148859543817528,0.0
4932.YDL108W,0.007756948933419522,0.03732575209260817,0.27889308969366355,0.0,0.004032900390254158,0.0,,0.004102384350447961,935.2476190476386,0.000190553127036433,0.004032900390254172,0.0,0.30227783421060733,0.0
4932.YBR199W,0.0003232062055591467,0.0004386224979535933,0.20577700614454736,0.0,0.0,0.0,,0.0,664.5003968254023,9.516162227737552e-06,0.0,0.0,0.21477065185048377,0.0
4932.YBR200W,0.0006464124111182935,6.169815440272108e-05,0.18079017008348416,0.0,1.9087344391884516e-05,0.0,,2.457901840181428e-05,578.6341269841286,0.00024217435999633195,1.908734439188449e-05,0.0,0.18701814058956914,0.0
4932.YPR045C,0.0009696186166774402,0.0006366709186957574,0.21017970512168604,0.0,0.0003871549322269974,0.0,,0.0004268515693032664,680.8408730158787,0.0006227798730840529,0.00038715493222699846,0.0,0.2200519951570372,0.0
4932.YDL135C,0.0009696186166774402,0.0010189524751342788,0.20852390176964417,0.0,0.00041413598044881387,0.0,,0.00042059617571319505,674.5511904761956,0.0008365731230645884,0.00041413598044881463,0.0,0.21801913072921478,0.0
4932.YBR202W,0.006140917905623788,0.014713555963332528,0.2543739250186912,0.0,0.0019021970826098768,0.0,,0.001960791030236079,846.5075396825534,0.0001930133093934925,0.0019021970826098706,0.0,0.2735964898780025,0.0
4932.YER125W,0.005817711700064641,0.0037551901958730134,0.2409722809879501,0.0,0.003870022505326364,0.0,,0.004043301620234917,797.076190476202,0.0018414310998054286,0.0038700225053263674,0.0,0.25761997106534923,0.0
4932.YLR186W,0.004201680672268907,0.004349757298060507,0.2365456490988872,0.0,0.002326830507229632,0.0,,0.0026196511564461748,780.8285714285827,0.004069841916240045,0.0023268305072296357,0.0,0.25236863976359775,0.0
4932.YHL002W,0.002585649644473174,0.002702642115738384,0.22948175077145797,0.0,0.00039852862254767887,0.0,,0.00044539293715670247,752.4285714285813,0.00045814651619203,0.0003985286225476786,0.0,0.24318958352571798,0.0
4932.YEL063C,0.003878474466709761,0.003663499690384277,0.23786438420369876,0.0,0.0012539208513431856,0.0,,0.0013908537672723828,788.6202380952489,2.9722669890972685e-06,0.0012539208513431847,0.0,0.25488695478191276,0.0
4932.YJL186W,0.002585649644473174,7.001376672324535e-05,0.17463829002138503,0.0,0.000962103194425103,0.0,,0.0009680399921869776,562.2277777777789,3.195273826688483e-05,0.0009621031944251026,0.0,0.1817155067155067,0.0
4932.YMR058W,0.0019392372333548805,0.003492954676462268,0.23029518805768565,0.0,0.00034802105539866694,0.0,,0.0003820737575545456,752.8345238095325,0.0004389945046864666,0.0003480210553986664,0.0,0.2433207898544033,0.0
4932.YPL001W,0.002585649644473174,0.0014860010350629287,0.22896709406167814,0.0,0.000651715215007034,0.0,,0.0008004450904854453,750.5111111111204,0.002199940809267661,0.0006517152150070324,0.0,0.24256984845220136,0.0
4932.YNR055C,0.002585649644473174,0.011467005199572807,0.2421357080603127,0.0,0.0012726741348071966,0.0,,0.0011894506125091342,799.930952380963,6.073944153749283e-06,0.0012726741348071987,0.0,0.2585426478283621,0.0
4932.YFL041W,0.002262443438914027,0.002108403590976331,0.23089041025442628,0.0,0.0006000452998978337,0.0,,0.0006997656589365849,756.1833333333435,0.0004359358870794072,0.000600045299897834,0.0,0.2444031458737341,0.0
4932.YBR210W,0.0009696186166774402,0.00025896846559455346,0.20117200347361378,0.0,2.3220763607285996e-05,0.0,,2.8616640920297674e-05,649.7575396825436,0.0005365936220297656,2.322076360728595e-05,0.0,0.21000566893424036,0.0
4932.YFR052W,0.0016160310277957336,0.000553046051277447,0.2154547911787799,0.0,0.00042072870307972567,0.0,,0.0005387196921318334,701.8384920634995,0.0011092996281908368,0.0004207287030797268,0.0,0.22683855593519459,0.0
4932.YLR244C,0.0029088558500323207,0.000981391037160581,0.2206602986769627,0.0,0.0008777002594067413,0.0,,0.0010261191666117756,721.4408730158808,0.00165758345710099,0.0008777002594067417,0.0,0.23317416710273853,0.0
4932.YGL225W,0.0016160310277957336,0.00019637252784555388,0.19968246502934142,0.0,0.00013811759552240856,0.0,,0.00016701970262487652,646.6884920634951,0.0005603097151371438,0.00013811759552240864,0.0,0.20901373369860765,0.0
4932.YGL009C,0.004524886877828054,0.003060650796763116,0.22970302686701902,0.0,0.0012916795673516602,0.0,,0.0013029627453286412,755.2083333333428,0.0020072756803822117,0.0012916795673516622,0.0,0.24408801982331396,0.0
4932.YER039C,0.0019392372333548805,0.000196645722746964,0.19971036533184658,0.0,0.0007594509606225331,0.0,,0.0007883530677249996,647.355158730162,0.0006427166797526321,0.0007594509606225329,0.0,0.20922920450231378,0.0
4932.YBR220C,0.0019392372333548805,0.00031419686366145804,0.18993117861670666,0.0,0.000770316002306994,0.0,,0.0008035553423957856,613.2281746031772,0.0019834489288418806,0.0007703160023069938,0.0,0.19819915145545397,0.0
4932.YOL163W,0.002262443438914027,0.0026776997480477474,0.2235943816472469,0.0,0.0007753670128007699,0.0,,0.0007932892642461784,730.8595238095324,0.0023546632913204603,0.0007753670128007688,0.0,0.23621833348724106,0.0
4932.YIL166C,0.0016160310277957336,0.002723361578956299,0.2284729994693136,0.0,0.000742747014106733,0.0,,0.0007738895707551027,746.536904761914,0.0007603741428381396,0.0007427470141067282,0.0,0.24128536029796535,0.0
4932.YOL162W,0.002262443438914027,0.002650265495606088,0.22153240618103315,0.0,0.0007136286748172985,0.0,,0.0007760712731684627,724.0523809523891,0.001943594298750984,0.000713628674817299,0.0,0.23401822267368486,0.0
4932.YIL083C,0.0006464124111182935,0.0003162203896069042,0.19467816462544618,0.0,0.0001563816913640093,0.0,,0.00018632879427488348,627.9182539682567,0.0005035039725410798,0.0001563816913640094,0.0,0.20294707626640401,0.0
4932.YNR032C-A,0.0003232062055591467,1.1708194195929611e-05,0.15860265031957677,0.0,0.0,0.0,,0.0,504.68730158731427,0.0003843778544372479,0.0,0.0,0.16311806773991647,0.0
4932.YBR221C,0.007110536522301228,0.013184557889120178,0.26264738785005987,0.0,0.006435207409912001,0.0,,0.006376282258493123,878.2321428571585,0.009331210778960446,0.006435207409911988,0.0,0.28385007849293564,0.0
4932.YDL124W,0.0019392372333548805,0.0011248795149655254,0.2239797985865433,0.0,0.0002849931595318608,0.0,,0.00031911506696673177,732.6480158730249,1.7478939341056305e-05,0.0002849931595318612,0.0,0.23679638522075497,0.0
4932.YMR205C,0.0016160310277957336,0.0020688768987072734,0.22244604850673502,0.0,0.00016827380444423812,0.0,,0.00016010876600494145,726.3511904762003,0.0008296717871962264,0.000168273804444238,0.0,0.23476121217717857,0.0
4932.YPL091W,0.005494505494505494,0.011808501544170465,0.2588891658540166,0.0,0.0034727324396459707,0.0,,0.0033754007055653346,861.8154761904921,0.0013022381621162578,0.0034727324396459655,0.0,0.27854410995167295,0.0
4932.YNL071W,0.004848093083387201,0.004520035407764385,0.2455044803641405,0.0,0.0012795245513269643,0.0,,0.0013901098387727273,815.0777777777902,0.005785102261718187,0.0012795245513269697,0.0,0.263438195791137,0.0
4932.YHR202W,0.0009696186166774402,0.0005303357470372037,0.20899650309694778,0.0,0.0005369907255283311,0.0,,0.0005409126737779249,677.2765873015928,0.0009511965078608044,0.0005369907255283303,0.0,0.2188999958957942,0.0
4932.YER178W,0.007756948933419522,0.011546507728347402,0.25510031852222487,0.0,0.006196156402388225,0.0,,0.0064395016432933876,852.7214285714437,0.006878056620748683,0.006196156402388237,0.0,0.2756048573275464,0.0
4932.YGR240C,0.0016160310277957336,0.0020688768987072734,0.22244604850673502,0.0,0.00016827380444423812,0.0,,0.00016010876600494145,726.3511904762003,0.0008560205323953568,0.000168273804444238,0.0,0.23476121217717857,0.0
4932.YLR398C,0.0016160310277957336,0.0009304990838276251,0.22025226668927128,0.0,0.0002957237528690517,0.0,,0.00038396408501041216,718.1535714285798,0.0015590011465253318,0.0002957237528690516,0.0,0.23211169083017824,0.0
4932.YKL007W,0.002585649644473174,0.0007470677659243326,0.21805142405492386,0.0,0.0010237838993133708,0.0,,0.0011570676168927492,713.1384920635004,0.0034392999791424367,0.001023783899313369,0.0,0.23049078605801296,0.0
4932.YNR007C,0.003878474466709761,0.009905175855095174,0.25131025664703754,0.0,0.0016209127160939183,0.0,,0.0018053380998221573,833.0873015873143,0.002811498806035233,0.001620912716093922,0.0,0.26925898564554024,0.0
4932.YJL046W,0.0003232062055591467,0.000491419093662713,0.2062967575492568,0.0,0.0,0.0,,0.0,667.1313492063539,4.5836899057734056e-05,0.0,0.0,0.21562099198653822,0.0
4932.YMR246W,0.0019392372333548805,0.0033913337319991825,0.23905788337180564,0.0,0.0005596232587608862,0.0,,0.0006450065853339276,784.0595238095362,1.3073900297853551e-05,0.000559623258760887,0.0,0.2534129036229877,0.0
4932.YJR077C,0.003555268261150614,0.007159774471345148,0.24445477760903472,0.0,0.0009494380796611083,0.0,,0.0010911193013472655,807.6369047619181,0.0006806600210936132,0.000949438079661109,0.0,0.2610332594576292,0.0
4932.YER015W,0.0019392372333548805,0.0010623030018617745,0.22376940660352657,0.0,0.0005130165144016695,0.0,,0.0005919381763192161,729.633730158739,0.00018214030809537255,0.0005130165144016694,0.0,0.23582214937256954,0.0
4932.YOR317W,0.004201680672268907,0.003826304584914607,0.23929802187845736,0.0,0.0021524314335186956,0.0,,0.002289561789436446,789.5623015873122,3.243912606550342e-05,0.002152431433518696,0.0,0.2551914355485784,0.0
4932.YGR100W,0.0003232062055591467,0.0007565016036395607,0.20873706968675076,0.0,0.0,0.0,,0.0,676.2015873015927,9.282760905566767e-05,0.0,0.0,0.21855254922481815,0.0
4932.YML126C,0.003555268261150614,0.011965541002506299,0.2559224860662535,0.0,0.003158210999122721,0.0,,0.0032931256425413388,848.702380952397,0.0017365627883306899,0.0031582109991227314,0.0,0.2743058761966325,0.0
4932.YKL218C,0.002262443438914027,0.0013612547661817124,0.2303694229478646,0.0,0.001617993892017298,0.0,,0.0017956297451396594,756.2075396825509,0.0009798873688883322,0.0016179938920173097,0.0,0.24441096951601154,0.0
4932.YIL009W,0.001292824822236587,0.0012339901208014484,0.2210698452834314,0.0,0.00010557544570351457,0.0,,0.00012926473677829669,721.4952380952465,6.472360812537918e-06,0.00010557544570351474,0.0,0.23319173823375502,0.0
4932.YOL005C,0.0029088558500323207,0.03458700239293315,0.2520414538317803,0.0,0.0008522751736507827,0.0,,0.0008307726230688008,832.2904761904915,0.0001020150370265157,0.0008522751736507823,0.0,0.2690014467325392,0.0
4932.YMR224C,0.004201680672268907,0.01471402783113869,0.24252601759226702,0.0,0.002001719545356014,0.0,,0.001938614104218368,799.7146825396937,0.0031826057511230494,0.0020017195453560202,0.0,0.2584727480735884,0.0
4932.YBR228W,0.0003232062055591467,2.418379811269855e-36,0.0003232062055591467,0.0,0.0,0.0,,0.0,1.0,9.754656616301703e-05,0.0,0.0,0.0003232062055591467,0.0
4932.YDL030W,0.0003232062055591467,2.418379811269855e-36,0.0003232062055591467,0.0,0.0,0.0,,0.0,1.0,9.754656616301703e-05,0.0,0.0,0.0003232062055591467,0.0
4932.YBR229C,0.0003232062055591467,0.00039807198330520403,0.20410211119234983,0.0,0.0,0.0,,0.0,659.9742063492109,0.00019399488210464645,0.0,0.0,0.21330775900103632,0.0
4932.YBR234C,0.002585649644473174,0.0021044010803385202,0.22731028700382092,0.0,0.001658894976977797,0.0,,0.0016930080317804175,745.107142857152,0.0014159670193291582,0.001658894976977795,0.0,0.24082325237787425,0.0
4932.YKL157W,0.004201680672268907,0.006694344046357614,0.2428969470099458,0.0,0.000840828790100814,0.0,,0.0008684519422805289,800.4238095238223,0.00045507447141087683,0.000840828790100815,0.0,0.2587019423153877,0.0
4932.YJR107W,0.0006464124111182935,7.853974416891806e-05,0.1838717546381972,0.0,0.000621333365100125,0.0,,0.000621333365100125,590.1174603174605,0.0008762226414994258,0.0006213333651001239,0.0,0.1907296251834067,0.0
4932.YJR070C,0.001292824822236587,0.00040594672806520694,0.2093945333548236,0.0,8.831029123715524e-05,0.0,,0.00010512545234224864,679.0023809523873,0.0008570460906752115,8.831029123715535e-05,0.0,0.2194577831132453,0.0
4932.YHR047C,0.005171299288946348,0.011931711984778026,0.24873002430697397,0.0,0.0019421033622830353,0.0,,0.0018118806700011547,823.402380952395,0.0008604364520787943,0.0019421033622830357,0.0,0.26612875919598605,0.0
4932.YDL145C,0.0019392372333548805,0.007884064041308127,0.23205245306924685,0.0,0.00024135327654196888,0.0,,0.0002566652335361058,760.4587301587396,0.0006679766663526228,0.00024135327654196883,0.0,0.24578498065893026,0.0
4932.YBR237W,0.003555268261150614,0.030848427839643894,0.24857862342261322,0.0,0.0001800256463037075,0.0,,0.0001765505577422316,823.3178571428707,2.5890832269021645e-05,0.0001800256463037073,0.0,0.26610144057623053,0.0
4932.YML046W,0.0019392372333548805,0.021556080063084296,0.23691813105917883,0.0,6.022167586738454e-05,0.0,,8.023758201892214e-05,778.0206349206464,0.00011266903648870784,6.0221675867384416e-05,0.0,0.2514610972594166,0.0
4932.YHR010W,0.009049773755656108,0.0778102935826094,0.2674639005763521,0.0,0.002253601034436787,0.0,,0.0019484423611756537,895.6976190476365,0.002237231312154157,0.002253601034436779,0.0,0.28949502878074307,0.0
4932.YFR031C-A,0.007110536522301228,0.08016812832688096,0.26836783414946036,0.0,0.0017749553448732508,0.0,,0.0016070734235331323,896.8702380952573,0.0006446073647357425,0.001774955344873259,0.0,0.2898740265336904,0.0
4932.YDR471W,0.009372979961215255,0.07792091848354106,0.26761413306122933,0.0,0.0028470391835359057,0.0,,0.0025229977581486284,896.7476190476366,0.002296199061247868,0.002847039183535903,0.0,0.28983439529658017,0.0
4932.YER148W,0.006140917905623788,0.06595374921967069,0.2595708861672616,0.0,0.005007736659087965,0.0,,0.004660372693222364,864.2630952381113,0.001019247971582124,0.005007736659087976,0.0,0.2793351956167082,0.0
4932.YJL080C,0.005494505494505494,0.07095259824192478,0.25709633684324595,0.0,0.0012814481361521001,0.0,,0.0011758054777059959,854.929761904778,0.00015551144426999647,0.0012814481361521062,0.0,0.27631860436482286,0.0
4932.YGL103W,0.010665804783451843,0.07771691938650914,0.26378648789886977,0.0,0.005520858282824495,0.0,,0.004878183259813327,888.5047619047798,0.003008360389762196,0.005520858282824509,0.0,0.2871702527164712,0.0
4932.YIL018W,0.006787330316742082,0.07615171966769396,0.2591473274734885,0.0,0.0012397569387304944,0.0,,0.0010420470054776356,864.2142857143025,0.0006432373299951473,0.00123975693873049,0.0,0.2793194200757226,0.0
4932.YBR239C,0.0003232062055591467,0.0002556028697154525,0.19397802601343908,0.0,0.0,0.0,,0.0,623.2813492063513,1.6383698657977885e-05,0.0,0.0,0.2014483998727696,0.0
4932.YOL064C,0.002262443438914027,0.0014248977130579153,0.22043909387415575,0.0,0.0008405600072978753,0.0,,0.0009210906418499424,719.8849206349291,0.002298976865717922,0.0008405600072978758,0.0,0.2326712736376602,0.0
4932.YMR139W,0.016483516483516484,0.09420962107841994,0.30132330234637417,0.0,0.012505091514197118,0.0,,0.011365594814192609,1025.8428571428797,7.972870643382991e-05,0.012505091514197104,0.0,0.3315587773570967,0.0
4932.YCR094W,0.001292824822236587,0.0017537798419133665,0.21548727343283974,0.0,9.045617222368807e-06,0.0,,1.401713044878389e-05,699.8230158730237,0.00028115136222231187,9.045617222368809e-06,0.0,0.22618714152327596,0.0
4932.YBR242W,0.0006464124111182935,7.755908424681901e-05,0.19254086141038942,0.0,2.828275827448482e-05,0.0,,3.133163466472313e-05,620.1912698412709,0.0002547660395504106,2.8282758274484806e-05,0.0,0.2004496670463057,0.0
4932.YDR248C,0.002262443438914027,0.0004054721450387541,0.20993274358229064,0.0,0.0010504681180645563,0.0,,0.0011111749900381241,683.507936507942,0.003966000089057814,0.0010504681180645602,0.0,0.22091400662829233,0.0
4932.YBR243C,0.0016160310277957336,0.0008126895423447895,0.2127766408157835,0.0,0.00033366334344951584,0.0,,0.00041180155046944986,693.5857142857213,0.0016999482741971352,0.00033366334344951546,0.0,0.2241712069443162,0.0
4932.YER065C,0.0029088558500323207,0.0013650820631259594,0.223681859887328,0.0,0.0007983969525901098,0.0,,0.0008542830675807407,732.8361111111179,0.0023486432873652007,0.0007983969525901105,0.0,0.23685717876894347,0.0
4932.YDR051C,0.0006464124111182935,0.00013923322742288684,0.19807747847561333,0.0,3.914132082400883e-05,0.0,,5.509063503439999e-05,638.475396825398,0.0008714907202237575,3.9141320824008815e-05,0.0,0.20635921035080698,0.0
4932.YMR318C,0.004848093083387201,0.006980085470316488,0.24615983547404216,0.0,0.0014142600326175,0.0,,0.0015676587554204246,813.1619047619158,0.0006199446558703211,0.0014142600326174967,0.0,0.2628189737433435,0.0
4932.YDR001C,0.0019392372333548805,0.0022153852247666877,0.22088194787204848,0.0,0.00014292529638739492,0.0,,0.0001849618052510733,720.1587301587386,0.00019011003029818403,0.00014292529638739514,0.0,0.2327597705748966,0.0
4932.YPL152W,0.0016160310277957336,0.0008671012586052827,0.21778562923663353,0.0,0.0002693973063383793,0.0,,0.00033331744060192806,709.967857142865,0.0003797438589296531,0.0002693973063383796,0.0,0.2294660171761012,0.0
4932.YJL108C,0.002585649644473174,0.00364073299967517,0.2167453309090948,0.0,0.0013396556771892857,0.0,,0.001352688888545797,707.034920634927,0.0015803931810381415,0.0013396556771892898,0.0,0.22851807389622514,0.0
4932.YCR002C,0.002262443438914027,0.0032098972412676193,0.23929802187845736,0.0,0.0012243314785779782,0.0,,0.0013990892500352866,788.1357142857261,0.0003153003694296364,0.0012243314785779814,0.0,0.2547303536799335,0.0
4932.YKR017C,0.003878474466709761,0.007393062621944735,0.25262055225875324,0.0,0.0030536744906121504,0.0,,0.003279259944497058,833.8607142857276,0.005987321519323126,0.003053674490612165,0.0,0.2695089574291255,0.0
4932.YPR091C,0.0009696186166774402,0.0013273568336514905,0.21568237282028457,0.0,0.0002350723629850115,0.0,,0.0002688614733050403,700.6583333333404,0.0012077520655845034,0.00023507236298501104,0.0,0.2264571213100625,0.0
4932.YNR052C,0.0029088558500323207,0.006842180101669136,0.2472242644088949,0.0,0.0006814258997116509,0.0,,0.0007312487353435536,814.3059523809644,0.00033069485577797423,0.0006814258997116494,0.0,0.26318873703327483,0.0
4932.YDR456W,0.0019392372333548805,0.0028524932521480657,0.23541580905542714,0.0,0.0011511963196256417,0.0,,0.0012949492660235234,772.8238095238202,0.0011071577624546616,0.0011511963196256458,0.0,0.24978145104195523,0.0
4932.YKR001C,0.005171299288946348,0.011944430008655563,0.25159779698645063,0.0,0.004133921473431701,0.0,,0.003999996589502007,835.860714285727,0.0011838090995390511,0.004133921473431693,0.0,0.2701553698402438,0.0
4932.YGR255C,0.005494505494505494,0.004122355703748169,0.24730981653776726,0.0,0.005678760314681121,0.0,,0.006092990069476383,818.7702380952503,0.005813313911540802,0.005678760314681113,0.0,0.26463162187952105,0.0
4932.YLR197W,0.003232062055591467,0.01112022831372139,0.25309023190438706,0.0,0.001047486076120678,0.0,,0.0010598995533341539,836.077380952394,0.0006481657973152935,0.0010474860761206747,0.0,0.2702253978514483,0.0
4932.YMR243C,0.002262443438914027,0.0015150883719677478,0.22680531334180037,0.0,0.001518405155153616,0.0,,0.0016545449349132887,742.2261904761992,0.00027939726400835063,0.0015184051551536098,0.0,0.23989211069043,0.0
4932.YDL100C,0.0019392372333548805,0.004520098337898005,0.2318642363014074,0.0,0.0002876925258176654,0.0,,0.000297591000801072,761.9690476190585,0.0006893971757339425,0.0002876925258176648,0.0,0.24627312463446918,0.0
4932.YHR107C,0.002262443438914027,0.005976549170909011,0.24453842338409343,0.0,0.0007630609097951806,0.0,,0.000796611787703473,804.1523809523943,2.4876154629622495e-05,0.000763060909795179,0.0,0.2599070397389725,0.0
4932.YML021C,0.0029088558500323207,0.010585890833266578,0.24139960896470627,0.0,0.0008389133513698044,0.0,,0.0008570958803692999,794.177380952392,0.0010375827775056406,0.0008389133513698044,0.0,0.25668305783852,0.0
4932.YGR059W,0.0006464124111182935,0.0012891003987451379,0.21715695604375965,0.0,2.9764198899114255e-05,0.0,,3.3611127891913735e-05,705.2916666666742,1.4459677245390709e-06,2.976419889911422e-05,0.0,0.22795464339581986,0.0
4932.YOR131C,0.0009696186166774402,0.0024956354019589656,0.21810133282673777,0.0,3.875963571758985e-05,0.0,,5.4987624474032334e-05,709.314285714294,0.0002827647066142672,3.8759635717589836e-05,0.0,0.22925477883461076,0.0
4932.YBR247C,0.001292824822236587,4.2859780161731086e-05,0.17888949745682425,0.0,0.00013935947932275852,0.0,,0.00020283338837710443,575.3134920634936,0.000577581227791942,0.00013935947932275882,0.0,0.18594489077682355,0.0
4932.YPL268W,0.0009696186166774402,4.270310784960325e-05,0.18018620670406882,0.0,0.00030961782106471447,0.0,,0.000383551263591299,579.4138888888912,0.0006652699333020131,0.00030961782106471425,0.0,0.18727016447604683,0.0
4932.YJL026W,0.0009696186166774402,0.00028379661813146393,0.18820555463559496,0.0,0.0003925346662446533,0.0,,0.0003647195268155904,607.5861111111127,0.00047763976311658546,0.0003925346662446535,0.0,0.19637560152266034,0.0
4932.YNR041C,0.002585649644473174,0.0005400031432352409,0.21137638046140578,0.0,0.001292524883437957,0.0,,0.0014710937521349718,689.0658730158791,0.0020342409180640676,0.0012925248834379569,0.0,0.22271036619776113,0.0
4932.YGR180C,0.0009696186166774402,0.00028379661813146393,0.18820555463559496,0.0,0.0003925346662446533,0.0,,0.0003647195268155904,607.5861111111128,0.0003880596781144106,0.0003925346662446535,0.0,0.19637560152266034,0.0
4932.YBR248C,0.0019392372333548805,0.0010650173730758908,0.216663193069581,0.0,0.00108315249409954,0.0,,0.001185349017125954,706.4515873015936,0.001727912447314539,0.0010831524940995436,0.0,0.22832953694298233,0.0
4932.YLR362W,0.0029088558500323207,0.006104012627646337,0.24238207303375037,0.0,0.0008831011473940058,0.0,,0.0010139244311930177,798.2321428571543,2.0516490174873525e-05,0.0008831011473940077,0.0,0.2579935820482039,0.0
4932.YOR202W,0.003555268261150614,0.01768828159572478,0.2422998956907994,0.0,0.0022626708443289367,0.0,,0.0019913885731621664,800.8273809523922,0.005161464438524584,0.002262670844328936,0.0,0.25883237910548834,0.0
4932.YJR047C,0.002585649644473174,0.0025297524752691427,0.2265357135557534,0.0,0.00034608999501795627,0.0,,0.0003101531848318679,741.6571428571525,0.0005240528731354258,0.0003460899950179575,0.0,0.23970819096869517,0.0
4932.YDL022W,0.002585649644473174,0.0011324248438553152,0.223681859887328,0.0,0.0008007918555513082,0.0,,0.0009175198874916403,730.844444444453,0.0010455161537371335,0.0008007918555513114,0.0,0.2362134597428715,0.0
4932.YMR038C,0.0016160310277957336,0.00020216594270883108,0.2000877839546477,0.0,0.00029335406643187493,0.0,,0.00037215861532447056,650.3468253968296,0.0007632285748013518,0.00029335406643187455,0.0,0.21019612973394486,0.0
4932.YPR184W,0.0029088558500323207,0.0006357208498761938,0.21453314591820274,0.0,0.0008290318831332194,0.0,,0.0009023004503777666,701.0313492063555,0.0038757634615538515,0.0008290318831332213,0.0,0.2265776823549933,0.0
4932.YLR241W,0.001292824822236587,0.00013973973714275637,0.1937151297255575,0.0,1.3331827753319537e-05,0.0,,1.3895802292912118e-05,626.2825396825436,0.0012934472987808782,1.3331827753319515e-05,0.0,0.2024184032587394,0.0
4932.YEL034W,0.002585649644473174,0.0025297524752691427,0.2265357135557534,0.0,0.00034608999501795627,0.0,,0.0003101531848318679,741.6571428571525,0.0008801399037253608,0.0003460899950179575,0.0,0.23970819096869517,0.0
4932.YOL059W,0.001292824822236587,0.00017126516468424658,0.20017184856523015,0.0,0.00014549319578898633,0.0,,0.0001637940846625119,650.3908730158779,0.0006357361698596816,0.0001454931957889865,0.0,0.21021036619776115,0.0
4932.YBR251W,0.0009696186166774402,4.9646926485198977e-05,0.1805845969273564,0.0,6.514649319477921e-05,0.0,,9.711028783957695e-05,579.8936507936535,0.0003008992624448993,6.514649319477924e-05,0.0,0.18742522650085675,0.0
4932.YMR092C,0.0009696186166774402,5.088741053468195e-05,0.18681572143249586,0.0,0.00014577160788178787,0.0,,0.0001809113232702881,602.0464285714306,0.00042676304379675884,0.0001457716078817877,0.0,0.1945851417490073,0.0
4932.YIR004W,0.001292824822236587,0.0009020210251359437,0.20714885285217766,0.0,0.0006561170181212539,0.0,,0.0006383704230232878,672.1369047619094,0.0005495154248582791,0.0006561170181212554,0.0,0.21723881860436484,0.0
4932.YGR149W,0.001292824822236587,0.00037945251051343877,0.1999897977724956,0.0,0.0002909597410650202,0.0,,0.0003439385355101609,646.6055555555597,0.0005377573875995333,0.0002909597410650217,0.0,0.20898692810457517,0.0
4932.YBR252W,0.0006464124111182935,0.0016022148340507174,0.2138910714074113,0.0,0.00020089876569957484,0.0,,0.00023235362309958297,693.0321428571488,0.0007487063917489812,0.00020089876569957495,0.0,0.22399228922338166,0.0
4932.YLR429W,0.0009696186166774402,0.00022492523780570002,0.1939122350671586,0.0,0.00011014407883064958,0.0,,0.00017475362622876582,625.5996031746056,0.0009995741523192772,0.00011014407883064944,0.0,0.20219767394137142,0.0
4932.YNL108C,0.001292824822236587,0.0005083020864658342,0.20662480443513204,0.0,0.0007205162290832484,0.0,,0.0007375075935255386,670.4976190476245,0.0014099662301229375,0.0007205162290832481,0.0,0.21670899128882323,0.0
4932.YER012W,0.002585649644473174,0.0048965040714089685,0.237213025421961,0.0,0.0014857879907277534,0.0,,0.0016403016237967114,778.4107142857247,0.003960699827922744,0.0014857879907277593,0.0,0.25158717333087083,0.0
4932.YFL022C,0.002585649644473174,0.00020512141957480305,0.20555505640037763,0.0,0.0011073914379920705,0.0,,0.00130327058983887,668.6607142857195,0.003263331540968445,0.0011073914379920702,0.0,0.21611529227075446,0.0
4932.YOR110W,0.0003232062055591467,1.9917839444901343e-05,0.17136159749191054,0.0,0.0,0.0,,0.0,547.4142857142892,9.717292032455244e-05,0.0,0.0,0.1769276941545849,0.0
4932.YMR110C,0.008080155138978667,0.012762522227954464,0.26523048518835146,0.0,0.006864964612159315,0.0,,0.007079991244368418,887.0250000000168,0.0015678829905395127,0.006864964612159347,0.0,0.2866919844861021,0.0
4932.YIL021W,0.0016160310277957336,0.0021724904323755,0.22863746055827017,0.0,0.0005012533442338044,0.0,,0.0005742752864335445,747.1059523809622,0.0011019366753457257,0.0005012533442338048,0.0,0.2414692800197002,0.0
4932.YGL169W,0.005817711700064641,0.05478969342710629,0.2572582945788383,0.0,0.0024506267430412483,0.0,,0.0022250809620899554,856.1904761904927,0.003946461004540134,0.002450626743041257,0.0,0.27672607504540275,0.0
4932.YDR019C,0.0019392372333548805,0.003074407311688793,0.22861917541267207,0.0,0.0006143076667669574,0.0,,0.000622766779006393,746.5059523809635,0.0049441632236177984,0.0006143076667669568,0.0,0.2412753562963647,0.0
4932.YOL023W,0.005171299288946348,0.004965934618498147,0.23937817529392497,0.0,0.003378079041973006,0.0,,0.00366548444481604,791.7166666666775,0.0035301850465434843,0.003378079041973008,0.0,0.25588773971126916,0.0
4932.YER091C,0.001292824822236587,0.0009416817086927899,0.2090576400000038,0.0,0.0008187575243030077,0.0,,0.0007359106485818625,678.9718253968314,0.00017728661624329803,0.0008187575243030075,0.0,0.21944790736807543,0.0
4932.YKL087C,0.002262443438914027,0.008138970032032606,0.2417670982205727,0.0,0.0003991846068256493,0.0,,0.000494120932512143,795.1325396825529,0.0025228307729774847,0.0003991846068256479,0.0,0.25699177106740134,0.0
4932.YDL234C,0.005494505494505494,0.02172739855080501,0.2502980622852685,0.0,0.003302660138180611,0.0,,0.0029901805056665428,831.6738095238229,0.0007968395690415463,0.003302660138180626,0.0,0.26880213623911103,0.0
4932.YBR265W,0.0003232062055591467,0.0001922742573500387,0.19109928266328308,0.0,0.0,0.0,,0.0,614.616666666669,9.147678906322831e-05,0.0,0.0,0.19864792070674425,0.0
4932.YJR048W,0.002262443438914027,0.0009514060771061024,0.22038810957983593,0.0,0.0007862878195600524,0.0,,0.0007872412699444205,720.8956349206438,0.0023698663246893886,0.0007862878195600528,0.0,0.23299794276685035,0.0
4932.YEL039C,0.002585649644473174,0.0012972816324693577,0.22805378295652587,0.0,0.0013164212548900892,0.0,,0.0013482728682395995,748.6265873015983,0.0022589655080972877,0.0013164212548900881,0.0,0.24196075866243932,0.0
4932.YBR271W,0.0003232062055591467,2.5044301329336198e-05,0.17326226858355367,0.0,0.0,0.0,,0.0,553.0892857142883,0.0004865155880523819,0.0,0.0,0.17876188937113305,0.0
4932.YPL065W,0.001292824822236587,0.0006720913998576062,0.21134512563655564,0.0,0.0007099987222148923,0.0,,0.0007401449619712246,686.3075396825443,0.0009619708888818575,0.0007099987222148919,0.0,0.22181885574742716,0.0
4932.YBR274W,0.004848093083387201,0.014767415304819799,0.25485015328163074,0.0,0.0011797986090952071,0.0,,0.0013712259103491262,848.1976190476331,0.00012718867300876499,0.001179798609095208,0.0,0.2741427340166836,0.0
4932.YIL075C,0.001292824822236587,0.002193421130834685,0.22854606406780073,0.0,0.0001581411285897679,0.0,,0.00018996717512271538,746.9595238095324,0.0004422744391592112,0.00015814112858976786,0.0,0.24142195339674333,0.0
4932.YNL262W,0.005171299288946348,0.015119708278965565,0.25663472208995886,0.0,0.005209191880828018,0.0,,0.005221853107407996,853.9619047619199,0.003226626509163189,0.0052091918808280305,0.0,0.27600578693015665,0.0
4932.YKL113C,0.002585649644473174,0.006776717759555987,0.2462870827397305,0.0,0.0005164654420002408,0.0,,0.0005960799082020339,812.7011904762037,0.0007487408856952132,0.0005164654420002414,0.0,0.2626700680272109,0.0
4932.YNL290W,0.003555268261150614,0.007474929866489692,0.2487733155826344,0.0,0.001664270862998994,0.0,,0.0017260569447962897,821.8654761904893,0.0011762544622110913,0.0016642708629989898,0.0,0.2656320220395851,0.0
4932.YGR267C,0.0029088558500323207,0.003099736365189521,0.2387185110112778,0.0,0.001122536529118069,0.0,,0.0011884533985833123,783.733333333344,0.0009268935546535374,0.001122536529118073,0.0,0.2533074768368886,0.0
4932.YCL033C,0.002262443438914027,0.0008798657193463586,0.21517908689198734,0.0,0.0010484582666824868,0.0,,0.0011303741695424994,700.6980158730237,0.0022786789143734226,0.0010484582666824892,0.0,0.2264699469531402,0.0
4932.YOR020C,0.005817711700064641,0.031120315303218335,0.26016146426647724,0.0,0.002460349991620915,0.0,,0.0024911448332103,864.8119047619217,0.005292198579944139,0.0024603499916209127,0.0,0.27951257426047343,0.0
4932.YEL004W,0.002262443438914027,0.0004380823447083875,0.20154076208122193,0.0,0.0013815759848548616,0.0,,0.0014472660202022214,652.5507936507977,0.0032739769748199392,0.001381575984854859,0.0,0.21090846595048277,0.1283335387192862
4932.YBR286W,0.0006464124111182935,6.643348744458084e-05,0.18603762653651254,0.0,6.0120176935446194e-05,0.0,,8.039926789155416e-05,597.987698412699,0.00035982788753153905,6.012017693544615e-05,0.0,0.19327333497501564,0.0
4932.YHR002W,0.002585649644473174,0.0006641470161467658,0.20879805487985184,0.0,0.0022465642084249712,0.0,,0.0022782070838562297,680.445634920639,0.002225257977107669,0.0022465642084249747,0.0,0.21992425175198285,0.0
4932.YBR287W,0.0019392372333548805,0.006961158039726695,0.22390962398057895,0.0,0.0009290366975195787,0.0,,0.0009268470067212391,731.3392857142945,0.001465853368824135,0.0009290366975195788,0.0,0.23637339551205097,0.0
4932.YPL015C,0.005494505494505494,0.006444582851218555,0.24347620895665203,0.0,0.0029718427721890273,0.0,,0.003250572869580351,808.8642857142977,0.002998722919962944,0.0029718427721890277,0.0,0.2614299565980238,0.0
4932.YLR133W,0.0003232062055591467,0.0002594654380562449,0.18161716450826249,0.0,0.0,0.0,,0.0,581.3261904761912,0.0006311031003645195,0.0,0.0,0.18788823221596332,0.0
4932.YLR114C,0.0006464124111182935,0.00041157850261484775,0.19574460211997066,0.0,3.687998423002906e-06,0.0,,5.7843281035022505e-06,629.7825396825414,0.00014477202020117105,3.687998423002907e-06,0.0,0.2035496249781964,0.0
4932.YBR289W,0.0003232062055591467,6.42728113097348e-05,0.1809389309044909,0.0,0.0,0.0,,0.0,578.3952380952376,2.1627704564580023e-05,0.0,0.0,0.18694093021824115,0.0
4932.YBR290W,0.001292824822236587,0.0017244307736998543,0.22287963272727676,0.0,0.0007213785518592359,0.0,,0.0007571467347119316,725.805952380961,0.00021185927393683484,0.0007213785518592362,0.0,0.23458498784129037,0.0
4932.YBR291C,0.003878474466709761,0.007421946243029252,0.24273194950836816,0.0,0.0022360135786425863,0.0,,0.002379949261421961,803.3761904762034,0.0013967295832169617,0.0022360135786425846,0.0,0.25965617016037185,0.0
4932.YPR006C,0.0029088558500323207,0.0013782467903483543,0.22448988294016428,0.0,0.0008027750716208663,0.0,,0.0008621693858549638,735.5003968254041,0.0018208217769284335,0.0008027750716208618,0.0,0.2377182924451832,0.0
4932.YLR304C,0.010665804783451843,0.019795883423098265,0.26257501325985594,0.0,0.004952217582680577,0.0,,0.004864796107951809,883.0809523809678,0.0008286332647484945,0.004952217582680571,0.0,0.2854172438206051,0.0
4932.YMR027W,0.003878474466709761,0.024432715540010936,0.23913787597122735,0.0,0.0002583925184323505,0.0,,0.00023288245122213264,787.5059523809629,0.001386007753376632,0.0002583925184323507,0.0,0.25452681072428973,0.0
4932.YGL206C,0.004201680672268907,0.010031633535092769,0.24366298750085677,0.0,0.0010673934617706146,0.0,,0.0011498057673482753,805.4595238095363,0.0012143542995785917,0.0010673934617706135,0.0,0.2603295164219534,0.0
4932.YLR348C,0.0009696186166774402,0.0003630676056125312,0.20248294158946395,0.0,8.544866838163194e-05,0.0,,0.00011327215252210407,655.7769841269871,0.0007473108916779645,8.544866838163183e-05,0.0,0.21195119073270335,0.0
4932.YNL102W,0.002585649644473174,0.002932550127378928,0.2256416583282068,0.0,0.0010401756343890402,0.0,,0.0011591323098244539,740.8837301587392,0.003418647828211288,0.0010401756343890389,0.0,0.23945821918510993,0.0
4932.YKL028W,0.0006464124111182935,0.0003267832981080477,0.20022793089304838,0.0,3.5070325486321124e-05,0.0,,4.593048530941865e-05,646.7067460317489,0.0005644147262943023,3.507032548632109e-05,0.0,0.20901963349442343,0.0
4932.YBR293W,0.003232062055591467,0.0014471473690051257,0.2110019316031925,0.0,0.0005265722810490766,0.0,,0.000596290387865492,688.9968253968311,0.00033458781018913915,0.0005265722810490749,0.0,0.2226880495788059,0.0
4932.YLR106C,0.002585649644473174,0.0007769947661397237,0.21172079464968538,0.0,0.0005403714952759506,0.0,,0.000734212930362653,689.6956349206419,0.00016899695689817613,0.000540371495275952,0.0,0.22291390915340495,0.0
4932.YCL069W,0.0016160310277957336,0.0005628865668291686,0.20368038256929477,0.0,0.00033490462980909124,0.0,,0.0003708704451498427,661.2876984127028,7.432982502147243e-05,0.00033490462980909216,0.0,0.21373228778690964,0.0
4932.YML116W,0.0019392372333548805,0.009262100811192345,0.23122657683087047,0.0,0.00033100202195423205,0.0,,0.00027402255593117025,757.7333333333439,7.009447767897573e-06,0.00033100202195423086,0.0,0.2449041154923508,0.0
4932.YOL137W,0.0009696186166774402,0.0027008540265804903,0.23020246169754002,0.0,0.00037556824511204037,0.0,,0.0004678016365494124,753.1321428571534,3.0271331993573476e-06,0.000375568245112041,0.0,0.2434169821774864,0.0
4932.YGR224W,0.0016160310277957336,0.0010851785135794966,0.19420204954891657,0.0,0.0002423277872329688,0.0,,0.00020397597260210864,627.598412698414,1.9770356012933425e-06,0.00024232778723296943,0.0,0.2028437015831974,0.0
4932.YBR295W,0.002585649644473174,0.0008781073256441075,0.215471031081635,0.0,0.0008021097398617586,0.0,,0.0009108312755880958,704.4880952381022,7.945530139319609e-05,0.0008021097398617584,0.0,0.22769492412349554,0.0
4932.YKL174C,0.001292824822236587,0.00027477134856635237,0.20402927480979602,0.0,0.000764315132188401,0.0,,0.0007992813852372238,661.4761904761953,0.000645601670111776,0.0007643151321884007,0.0,0.21379320959152892,0.0
4932.YDR039C,0.0016160310277957336,0.0005967162959662849,0.2084022868965555,0.0,0.00011508697594666456,0.0,,0.00012489821008624055,676.4559523809587,5.402816962878692e-06,0.00011508697594666447,0.0,0.21863476159694645,0.0
4932.YDR038C,0.0016160310277957336,0.0005967162959662849,0.2084022868965555,0.0,0.00011508697594666456,0.0,,0.00012489821008624055,676.4559523809586,5.543802288544692e-06,0.00011508697594666447,0.0,0.21863476159694645,0.0
4932.YGL167C,0.006464124111182934,0.018185426390456307,0.2539897085171081,0.0,0.004877395025747216,0.0,,0.004684944562934,848.3035714285852,0.0022761615507750207,0.004877395025747198,0.0,0.27417697848370115,0.0
4932.YGR205W,0.002585649644473174,0.0006077295663244067,0.2152114860618875,0.0,0.0011023733364709635,0.0,,0.0012163174797202622,702.3738095238169,0.0009532561900320949,0.0011023733364709655,0.0,0.22701157386031337,0.0
4932.YDR040C,0.002585649644473174,0.001070691692738242,0.22256728194955247,0.0,0.0005714969834969726,0.0,,0.0006762544297227596,728.0928571428653,0.0001472405366670348,0.0005714969834969739,0.0,0.23532412965186075,0.0
4932.YBR296C,0.0003232062055591467,0.0005312390789127463,0.2069688799131228,0.0,0.0,0.0,,0.0,670.3575396825458,2.076304086754067e-05,0.0,0.0,0.21666371676875879,0.0
4932.YBR297W,0.0019392372333548805,0.0002960813786903903,0.1896539620088935,0.0,0.00011255735673546354,0.0,,0.00013014578803549558,612.5091269841289,1.2929442427882744e-05,0.00011255735673546357,0.0,0.19796675080288526,0.0
4932.YDL247W,0.0019392372333548805,0.0008167248415010669,0.2148071963751166,0.0,0.00047448430731174594,0.0,,0.00047513981873576654,700.3206349206416,9.257503928527825e-05,0.00047448430731175,0.0,0.22634797508747087,0.0
4932.YGR289C,0.0016160310277957336,0.0004959153304018942,0.2093791964667144,0.0,0.0005387568924101292,0.0,,0.000549656008354156,679.6599206349265,0.00010319292427981212,0.0005387568924101337,0.0,0.21967030401904353,0.0
4932.YJR160C,0.0016160310277957336,0.000651063124509603,0.21336424610837823,0.0,0.000357181469310694,0.0,,0.0003468008667424466,694.6551587301652,9.432219240930519e-05,0.0003571814693106966,0.0,0.2245168580252614,0.0
4932.YBR298C,0.0019392372333548805,0.0006526585516573546,0.21339610102717615,0.0,0.0007149016419562339,0.0,,0.0007009499559510622,695.3218253968319,8.430853023927497e-05,0.0007149016419562335,0.0,0.2247323288289675,0.0
4932.YFL052W,0.0006464124111182935,4.280441057864902e-05,0.1746596303146607,0.0,2.6615279561964823e-07,0.0,,7.00477908092283e-07,559.0825396825413,2.8891574104550857e-07,2.661527956196483e-07,0.0,0.18069894624516475,0.0
4932.YGR288W,0.0016160310277957336,0.00010720036955071273,0.1821959317629096,0.0,9.16737628144258e-05,0.0,,0.00010613118751393116,586.963095238096,1.1099411229756892e-05,9.167376281442576e-05,0.0,0.18971011481515682,0.0
4932.YPR196W,0.001292824822236587,9.75015341187857e-05,0.17566854110244282,0.0,1.1875967590275799e-06,0.0,,1.236906386817951e-06,563.8416666666683,3.333643170664943e-07,1.1875967590275807e-06,0.0,0.18223712561947858,0.0
4932.YGR191W,0.003232062055591467,0.0008910177988139046,0.1965251044520866,0.0,0.0006438599332322266,0.0,,0.0006467699038363523,641.3341269841293,2.1395507055348505e-06,0.0006438599332322253,0.0,0.20728316967812768,0.0
4932.YHR092C,0.005494505494505494,0.003641811164765713,0.23377937269872848,0.0,0.0006063529012419033,0.0,,0.0005592675860084538,776.5154761904869,7.631727825788797e-06,0.0006063529012419033,0.0,0.2509746206174778,0.0
4932.YFL055W,0.003555268261150614,0.0011951782824892105,0.20822013033433256,0.0,0.00012646796767896152,0.0,,0.00013184098925403997,682.9765873015916,2.2785682559402488e-05,0.00012646796767896182,0.0,0.22074227126748136,0.0
4932.YDR046C,0.003232062055591467,0.0015755490129955732,0.2169591810382553,0.0,0.00014052322400663348,0.0,,0.00011896429537099412,711.0428571428646,3.9651833464815426e-06,0.00014052322400663335,0.0,0.22981346384707732,0.0
4932.YDR345C,0.005494505494505494,0.005688760066823354,0.2331501646978266,0.0,0.0007365973443482169,0.0,,0.0006556088254106169,777.1404761904863,6.480694920459061e-06,0.0007365973443482198,0.0,0.25117662449595224,0.0
4932.YOR348C,0.004524886877828054,0.006248115861321298,0.23322625188545743,0.0,0.0008814847723071736,0.0,,0.0007302765830716178,771.319047619059,8.359179695805667e-05,0.0008814847723071787,0.0,0.2492951026564472,0.0
4932.YKR039W,0.005494505494505494,0.007030389188309068,0.23784459350695164,0.0,0.0009101587948327374,0.0,,0.0007307135758918803,789.191666666679,2.298546964629133e-05,0.0009101587948327381,0.0,0.25507164404223226,0.0
4932.YJL218W,0.004524886877828054,0.0025498124318391537,0.23051803639706894,0.0,0.001064466072731125,0.0,,0.0012199087987595511,760.8623015873108,0.001423370022193332,0.0010644660727311274,0.0,0.2459154174490309,0.0
4932.YPL274W,0.003878474466709761,0.002314057358194425,0.22887543389592088,0.0,0.00029667763798722297,0.0,,0.00034141666702589425,755.1559523809625,8.274380147708038e-06,0.0002966776379872233,0.0,0.24407108997445132,0.0
4932.YMR011W,0.004524886877828054,0.002977206008928366,0.23441198600738433,0.0,0.0006020129636240497,0.0,,0.0005553634953194966,777.3666666666772,8.389900143614991e-06,0.0006020129636240506,0.0,0.25124973066149536,0.0
4932.YPL265W,0.003555268261150614,0.0030290571973149286,0.22484302102879122,0.0,0.00019150358011989669,0.0,,0.0001585183033463359,741.2325396825489,2.9706464674502663e-06,0.00019150358011989677,0.0,0.2395709565877633,0.0
4932.YHR094C,0.004201680672268907,0.0025666147393364268,0.22977688042440736,0.0,0.0005873894287620738,0.0,,0.0006019163356254148,761.9678571428669,5.0453763344815636e-06,0.0005873894287620742,0.0,0.24627273986517684,0.0
4932.YEL069C,0.005817711700064641,0.009063715816057994,0.23648694319656285,0.0,0.0015786781441900178,0.0,,0.0015787549220315565,787.2845238095346,9.445553813626425e-06,0.0015786781441900204,0.0,0.2544552436359159,0.0
4932.YNL268W,0.003232062055591467,0.0009924054741527522,0.2034774125816821,0.0,4.99748705485224e-05,0.0,,4.504660513208826e-05,665.3734126984152,6.080889243683569e-06,4.997487054852236e-05,0.0,0.21505281599819415,0.0
4932.YOL020W,0.003232062055591467,0.0015273131498551235,0.2153411803661056,0.0,0.00015840939826939333,0.0,,0.00013537024422307742,705.5607142857215,3.97444346683548e-06,0.00015840939826939363,0.0,0.228041601255887,0.0
4932.YCL025C,0.003232062055591467,0.0019212674939021821,0.2218590740675244,0.0,0.00010467890695475106,0.0,,0.0001210820466412579,730.7801587301666,1.6010747328506742e-06,0.00010467890695475075,0.0,0.23619268220108558,0.0
4932.YNL270C,0.003232062055591467,0.0009924054741527522,0.2034774125816821,0.0,4.99748705485224e-05,0.0,,4.504660513208826e-05,665.3734126984152,6.0808892434627906e-06,4.997487054852236e-05,0.0,0.21505281599819415,0.0
4932.YLL061W,0.004848093083387201,0.005533294153501869,0.23374114222077286,0.0,0.0007523120282708188,0.0,,0.0006305128211881612,774.0226190476305,5.888510252283075e-06,0.0007523120282708164,0.0,0.2501689137193339,0.0
4932.YDR508C,0.0029088558500323207,0.0009362799616927551,0.2017398849230806,0.0,3.6162734705462285e-05,0.0,,3.250168074882049e-05,658.6305555555579,3.3137339108663175e-06,3.6162734705462325e-05,0.0,0.21287348272642392,0.0
4932.YCL001W,0.001292824822236587,0.0004385226497226544,0.19783073836401743,0.0,0.00027963642208640184,0.0,,0.0003510654233833339,638.6507936507963,0.0007408213996435887,0.0002796364220864007,0.0,0.2064158996932106,0.0
4932.YNL005C,0.0006464124111182935,0.0001381251143611565,0.1799706729639922,0.0,0.0,0.0,,0.0,575.939682539684,0.0004224772287989734,0.0,0.0,0.18614727942459033,0.0
4932.YOR197W,0.0029088558500323207,0.00828787520515443,0.24125699800489928,0.0,0.002257736983555939,0.0,,0.002251556998589842,793.8380952381082,0.0006600814881153268,0.00225773698355594,0.0,0.2565733985902053,0.0
4932.YER143W,0.0009696186166774402,7.212008133122461e-05,0.18369452315640997,0.0,3.969834980430563e-05,0.0,,5.821422178310276e-05,590.7456349206377,0.0005260718107793227,3.969834980430566e-05,0.0,0.19093265511332735,0.0
4932.YNL243W,0.002262443438914027,0.0032673651240474793,0.21635163621887926,0.0,0.0008625166238955284,0.0,,0.0008696597987550266,704.1976190476249,0.0016986381987320897,0.000862516623895533,0.0,0.22760104041616647,0.0
4932.YLR175W,0.0016160310277957336,0.0023646655360185223,0.20921063885831762,0.0,0.0007906645200680547,0.0,,0.0008673665666041974,680.4099206349264,0.0006156037431583948,0.0007906645200680527,0.0,0.2199127086732129,0.0
4932.YOR375C,0.0029088558500323207,0.001272181081175783,0.21159542334271295,0.0,0.0005356264137701456,0.0,,0.0005144115152908752,690.8051587301649,0.00039296545814055067,0.0005356264137701454,0.0,0.22327251413385868,0.0
4932.YCL009C,0.0003232062055591467,2.2784651073464556e-06,0.16258981739051598,0.0,0.0,0.0,,0.0,517.3920634920722,0.00010926015484618337,0.0,0.0,0.16722432562768696,0.0
4932.YHR072W,0.001292824822236587,6.113907931418221e-05,0.1956776075953215,0.0,0.0008700120731217869,0.0,,0.0009257888929186431,631.6801587301608,0.0009118046522623082,0.0008700120731217914,0.0,0.2041629472301741,0.0
4932.YCL010C,0.001292824822236587,0.009321944811427223,0.2328083858099236,0.0,0.0005979293437436335,0.0,,0.00057849054595062,764.2238095238192,0.0002193095034118994,0.0005979293437436343,0.0,0.2470018776741466,0.0
4932.YNL004W,0.0009696186166774402,0.0006129646576888035,0.2098710938521439,0.0,0.0006310034623492073,0.0,,0.0006356280140424761,680.3575396825466,5.4780091365451474e-05,0.0006310034623492064,0.0,0.21989577882435027,0.0
4932.YCL011C,0.0006464124111182935,0.0006121132774601595,0.20984028256331583,0.0,9.670097249082399e-06,0.0,,1.4294648942351091e-05,679.6908730158799,7.833922544097715e-05,9.670097249082392e-06,0.0,0.21968030802064414,0.0
4932.YCL016C,0.0006464124111182935,0.0003809448905290301,0.19032318038349214,0.0,0.0,0.0,,0.0,611.7067460317485,0.0009103670186463526,0.0,0.0,0.1977074162998533,0.0
4932.YNL003C,0.003555268261150614,0.007864846409832904,0.22779936005737922,0.0,0.0012951878854804,0.0,,0.0012200552227037296,745.3190476190564,0.005736718135176107,0.001295187885480399,0.0,0.24089174131190938,0.0
4932.YCL017C,0.0019392372333548805,0.0023569946906139877,0.2210698452834314,0.0,0.00041911933922159425,0.0,,0.0005123419019939527,721.143650793658,0.003094025527568414,0.00041911933922159317,0.0,0.23307810303608623,0.0
4932.YIL035C,0.003555268261150614,0.01221570037582749,0.24829793879614798,0.0,0.0011439028440757173,0.0,,0.0013102818661124764,819.5857142857272,0.0005606245592146064,0.0011439028440757154,0.0,0.2648951888447687,0.0
4932.YPL252C,0.0019392372333548805,0.0010911308521546366,0.22375189177833843,0.0,0.0009807948580553812,0.0,,0.001083571624328966,730.3896825396918,0.002338146478438521,0.0009807948580553801,0.0,0.23606647787320056,0.0
4932.YDR011W,0.002262443438914027,0.002373488802789061,0.23383674186994288,0.0,0.00027078208014684674,0.0,,0.0002606390547655844,767.2325396825497,9.261740433365662e-06,0.00027078208014684707,0.0,0.24797431793230112,0.0
4932.YDL131W,0.002585649644473174,0.002472694747521619,0.22827231249381552,0.0,0.0005915944358342077,0.0,,0.0005286829376752564,750.2714285714375,0.0004173626330681468,0.0005915944358342076,0.0,0.24249238156801184,0.0
4932.YDL182W,0.002585649644473174,0.002472694747521619,0.22827231249381552,0.0,0.0005915944358342077,0.0,,0.0005286829376752564,750.2714285714375,0.00045473161547112095,0.0005915944358342076,0.0,0.24249238156801184,0.0
4932.YDR234W,0.004524886877828054,0.0043169568607123385,0.2348935225439648,0.0,0.0017886871629689,0.0,,0.0018372939416506997,773.6119047619148,0.0014829223163554082,0.0017886871629689016,0.0,0.25003616831347925,0.0
4932.YKL182W,0.004524886877828054,0.005648414927119319,0.23838010084723582,0.0,0.0019175967633981274,0.0,,0.0018677602703342571,787.2726190476308,0.0015737819184271388,0.0019175967633981278,0.0,0.2544513959429926,0.0
4932.YCL024W,0.0003232062055591467,0.0005635052176775374,0.20256903127551387,0.0,0.0,0.0,,0.0,653.8095238095276,3.845727799170271e-06,0.0,0.0,0.2113152953489088,0.0
4932.YKR093W,0.004201680672268907,0.0015061494164246947,0.21228680895292232,0.0,0.00045852001541019495,0.0,,0.0005362035846509773,696.2785714285776,0.00013288966583282236,0.00045852001541019506,0.0,0.2250415550835719,0.0
4932.YCL026C-B,0.0003232062055591467,0.0004303201791881174,0.20161183224205176,0.0,0.0,0.0,,0.0,651.9507936507964,0.0004702844498701812,0.0,0.0,0.21071454222714728,0.0
4932.YIL116W,0.003232062055591467,0.002938735817358346,0.23843975055134306,0.0,0.0010139248979455263,0.0,,0.001194709839067128,783.5119047619156,0.005790072399578491,0.001013924897945526,0.0,0.2532359097485148,0.0
4932.YCL031C,0.0003232062055591467,2.418379811269855e-36,0.0003232062055591467,0.0,0.0,0.0,,0.0,1.0,6.000557703222885e-05,0.0,0.0,0.0003232062055591467,0.0
4932.YDR511W,0.0003232062055591467,2.418379811269855e-36,0.0003232062055591467,0.0,0.0,0.0,,0.0,1.0,6.000557703222885e-05,0.0,0.0,0.0003232062055591467,0.0
4932.YLR383W,0.002262443438914027,0.015720938909872525,0.24403740561379988,0.0,0.0010756128396659534,0.0,,0.0010614435631722875,802.5333333333461,0.00023241998118362763,0.0010756128396659551,0.0,0.2593837535014005,0.0
4932.YGL067W,0.0009696186166774402,0.00011249169916263564,0.19161164752061477,0.0,4.477536614154374e-05,0.0,,6.853952695378036e-05,616.8968253968281,0.0003283501934159386,4.477536614154371e-05,0.0,0.1993848821579914,0.0
4932.YIL044C,0.0003232062055591467,3.279504485214179e-05,0.17583061688768925,0.0,0.0,0.0,,0.0,561.863095238097,0.00038549832894642523,0.0,0.0,0.18159763905562223,0.0
4932.YIL160C,0.004201680672268907,0.0028421227590939274,0.2430001844066688,0.0,0.0022464355314642625,0.0,,0.00263021390160911,802.6952380952497,0.0014793817095069095,0.002246435531464264,0.0,0.25943608212515773,0.0
4932.YCL038C,0.001292824822236587,0.00017563523113133688,0.18983027886048554,0.0,0.0006393774270300397,0.0,,0.0006428504633357617,611.510317460319,0.0001492004410460487,0.0006393774270300392,0.0,0.19764392936661843,0.0
4932.YKL151C,0.0016160310277957336,0.0011630584786795951,0.21801816422819187,0.0,0.0005539049443237268,0.0,,0.0005784734379886896,709.0130952381026,0.0008259258371893328,0.0005539049443237248,0.0,0.2291574322036507,0.0
4932.YGL124C,0.0003232062055591467,6.54566249433318e-06,0.15853228534605432,0.0,0.0,0.0,,0.0,503.9043650793773,1.7521072886216082e-05,0.0,0.0,0.16286501780199258,0.0
4932.YDR518W,0.002585649644473174,0.0022519055796238253,0.2188192107593426,0.0,0.0007412393234896936,0.0,,0.000680533128678003,715.0750000000072,0.00011928469765755219,0.0007412393234896926,0.0,0.23111667744020686,0.0
4932.YCL043C,0.002262443438914027,0.001290684313333598,0.2168275310497612,0.0,0.0009669030277810852,0.0,,0.0010441356673700948,707.1976190476262,0.00037717533316939793,0.0009669030277810895,0.0,0.2285706590328439,0.0
4932.YOR262W,0.0016160310277957336,0.0010308672285893948,0.21928921213255997,0.0,0.0005494246141721128,0.0,,0.0006401946380527414,713.3940476190539,0.00040978970700358087,0.000549424614172114,0.0,0.2305733831994336,0.0
4932.YLR274W,0.006464124111182934,0.016820870118559168,0.2511336351893219,0.0,0.0022642211910200395,0.0,,0.002092329059841858,834.6178571428704,0.0006676270968254889,0.002264221191020034,0.0,0.2697536706990488,0.0
4932.YPL171C,0.002262443438914027,0.002963793084920532,0.23853923309079206,0.0,0.0007109745967499416,0.0,,0.0008605689947859225,781.8904761904887,0.0002887050735385012,0.0007109745967499444,0.0,0.2527118539723582,0.0
4932.YHR179W,0.0016160310277957336,0.00027258006372389527,0.20064955214150712,0.0,0.00016608699126454088,0.0,,0.0001883832531520361,650.6539682539717,0.00095764919091897,0.0001660869912645408,0.0,0.2102954002113666,0.0
4932.YCL045C,0.0003232062055591467,0.0003303119438274505,0.19800887783888976,0.0,0.0,0.0,,0.0,637.5067460317498,0.0001526625683785109,0.0,0.0,0.20604613640327926,0.0
4932.YCL047C,0.0003232062055591467,4.1958817702530145e-05,0.18284854607650325,0.0,0.0,0.0,,0.0,585.2238095238109,8.45911953996004e-05,0.0,0.0,0.18914796687905933,0.0
4932.YCL050C,0.0003232062055591467,5.84959624233692e-34,0.00043094160741219563,0.0,0.0,0.0,,0.0,1.5,0.00017977411595520294,0.0,0.0,0.0004848093083387201,0.0
4932.YDR529C,0.0006464124111182935,8.272578340319567e-34,0.0006464124111182935,0.0,2.089920501514043e-07,0.0,,2.089920501514043e-07,2.0,0.0002064432613028602,2.089920501514043e-07,0.0,0.0006464124111182935,0.0
4932.YCL054W,0.0016160310277957336,0.0004421371272033609,0.2086152061125339,0.0,1.144887794694414e-05,0.0,,1.4483795463715598e-05,678.6134920634987,0.000605413675703813,1.1448877946944122e-05,0.0,0.21933209181108343,0.0
4932.YCL057W,0.002262443438914027,0.0035384781595299594,0.21937335349244508,0.0,0.0006408857110156362,0.0,,0.0006724995006383647,716.8706349206417,0.0005981717989261146,0.0006408857110156401,0.0,0.23169703778947476,0.0
4932.YNL239W,0.0006464124111182935,0.00016792968878507196,0.18957849786856237,0.0,1.6880502159291946e-05,0.0,,2.3697677078843218e-05,609.8757936507945,0.0001609927407489118,1.6880502159291933e-05,0.0,0.19711564112824617,0.0
4932.YDR448W,0.001292824822236587,0.0008250406000862366,0.21200342401068317,0.0,0.00013896890285647765,0.0,,0.00018211577754928123,688.2178571428639,0.0016305696037898151,0.00013896890285647743,0.0,0.22243628220518977,0.0
4932.YIL124W,0.0009696186166774402,0.0009888514232344998,0.21042724838866778,0.0,0.00011682659488315006,0.0,,0.00013994365451480727,683.4948412698473,0.0007783116896176358,0.00011682659488315033,0.0,0.22090977416607668,0.0
4932.YCL059C,0.0006464124111182935,3.3338593275996396e-05,0.16986476732783004,0.0,0.000621333365100125,0.0,,0.000621333365100125,543.0654761904824,0.00011864181383263514,0.0006213333651001239,0.0,0.17552213192969493,0.0
4932.YCL061C,0.0003232062055591467,1.2425545547252204e-06,0.14436189119079143,0.0,0.0,0.0,,0.0,457.1857864358022,1.9122147619066756e-07,0.0,0.0,0.14776528326948496,0.0
4932.YDR284C,0.0016160310277957336,0.0008934517712765108,0.20628187107519497,0.0,0.0014141552393856737,0.0,,0.00146833634358661,670.3341269841321,0.00032081060378327797,0.0014141552393856708,0.0,0.21665614963934293,0.0
4932.YCL064C,0.0009696186166774402,0.00010047626092525615,0.1976939259585098,0.0,0.0005555259184839356,0.0,,0.0005725557680278399,638.7900793650821,0.0004633004674322635,0.0005555259184839346,0.0,0.2064609177004135,0.0
4932.YGR171C,0.0029088558500323207,0.00044515121127861366,0.2163188928762809,0.0,0.0014372344966110248,0.0,,0.0016780474193091666,709.7289682539745,0.00440051130668826,0.001437234496611025,0.0,0.2293888068047732,0.0
4932.YML020W,0.0006464124111182935,4.915315379851119e-06,0.16756472270574746,0.0,2.3234886300199896e-05,0.0,,3.679364547430648e-05,534.4738095238155,6.755234325737999e-05,2.323488630019989e-05,0.0,0.17274525194693263,0.0
4932.YCL073C,0.0019392372333548805,0.0032317641437150805,0.2138110822258827,0.0,9.272387753347214e-06,0.0,,9.317059383550295e-06,694.9428571428639,3.575262847248882e-05,9.272387753347199e-06,0.0,0.22460984393757505,0.0
4932.YGR264C,0.002585649644473174,0.0013828057395323758,0.2297399477103634,0.0,0.0009443882797050946,0.0,,0.00116680961871568,752.6420634920734,0.0037572387882383288,0.0009443882797050935,0.0,0.24325858548547624,0.0
4932.YFL005W,0.009696186166774402,0.03841481015751566,0.27134828375510694,0.0,0.004263819722798538,0.0,,0.004401564601813024,914.1642857143029,0.0008784575714400582,0.004263819722798552,0.0,0.29546357004340196,0.0
4932.YFL008W,0.002262443438914027,0.0013481164776211157,0.22331491050387092,0.0,0.0009718277802104072,0.0,,0.0010325384427629955,728.0630952381025,0.0009840578953938708,0.0009718277802104118,0.0,0.23531451041955243,0.0
4932.YOL112W,0.0009696186166774402,0.00020411209472955298,0.19901518862155748,0.0,6.587750129175868e-05,0.0,,0.00010746530555706426,642.306349206352,0.0006418404409061438,6.587750129175864e-05,0.0,0.20759739793353238,0.0
4932.YCR005C,0.002585649644473174,0.0009690304837155264,0.2266973964599565,0.0,0.0010099610874714756,0.0,,0.0011568059178076115,740.761111111121,0.0008182649399853785,0.0010099610874714773,0.0,0.2394185879479997,0.0
4932.YMR241W,0.001292824822236587,0.0004728138749595497,0.2082049649934488,0.0,0.0001336427946910897,0.0,,0.00016880841795997956,673.5682539682587,0.00020985700450855947,0.0001336427946910898,0.0,0.21770143955017907,0.0
4932.YOL096C,0.002585649644473174,0.0002603085311930251,0.19890440922349373,0.0,0.0006166182063322223,0.0,,0.0007683874035987892,646.1551587301627,0.0003023741680439438,0.0006166182063322235,0.0,0.20884135705564277,0.0
4932.YGL125W,0.002262443438914027,0.0005558639665253165,0.2127608045072977,0.0,0.0009071255067006118,0.0,,0.0009644123238740033,692.480158730165,0.0002524600381894507,0.0009071255067006165,0.0,0.22381388452817022,0.0
4932.YPL227C,0.002585649644473174,0.0004386180117121808,0.20823529788461917,0.0,0.0014825708711315058,0.0,,0.0015330289787025833,677.5634920634976,0.0023834812474931234,0.0014825708711315084,0.0,0.2189927252952463,0.0
4932.YNL288W,0.002262443438914027,0.0010431088453309485,0.21373115284934965,0.0,0.0008551033352051524,0.0,,0.0009036078597650214,696.6730158730225,0.0012459130197434254,0.0008551033352051539,0.0,0.22516904197576465,0.0
4932.YKL139W,0.004201680672268907,0.017057264661368664,0.2596887871875047,0.0,0.0013551258818485195,0.0,,0.001457058672909862,861.0833333333484,0.0002747766956752911,0.0013551258818485248,0.0,0.2783074768368886,0.0
4932.YDL079C,0.004201680672268907,0.02383371928007598,0.24580001456234324,0.0,0.0005606481976926824,0.0,,0.0005082365324836432,811.6571428571544,7.130523835751954e-06,0.000560648197692682,0.0,0.2623326253578354,0.0
4932.YOL128C,0.006464124111182934,0.05268390938330067,0.27233058677336874,0.0,0.0009659849738688426,0.0,,0.000799126021446626,909.6797619047793,1.4795125087008925e-05,0.0009659849738688421,0.0,0.29401414411918614,0.0
4932.YOR154W,0.0003232062055591467,0.001727574288532821,0.2095019545152108,0.0,0.0,0.0,,0.0,677.327777777782,5.957637047451077e-05,0.0,0.0,0.2189165409753645,0.0
4932.YLR138W,0.002262443438914027,0.0021044062763959244,0.22251530858255247,0.0,0.0015695271762717767,0.0,,0.0016222091034044628,727.2063492063565,0.0005163954484766595,0.0015695271762717743,0.0,0.23503760478550392,0.0
4932.YPR054W,0.006140917905623788,0.039583945650832446,0.2748970256140063,0.0,0.001358805831858128,0.0,,0.0012261872158289932,919.6214285714476,0.0001532957290779615,0.001358805831858125,0.0,0.2972273524794533,0.0
4932.YGR040W,0.011312217194570135,0.0839144973671871,0.2930450199241468,0.0,0.005729204672933171,0.0,,0.004717421307078489,989.0357142857368,0.00037162852134144017,0.005729204672933161,0.0,0.3196624803767661,0.0
4932.YPL042C,0.0019392372333548805,0.013546214880752036,0.24460119529049812,0.0,0.0001755309051397794,0.0,,0.0001769638786278309,806.5333333333448,0.00013664441295407426,0.00017553090513977923,0.0,0.26067657832363716,0.0
4932.YCR009C,0.0009696186166774402,0.002880517378323989,0.2327894274723169,0.0,0.0010429482378218609,0.0,,0.001020086762915739,760.7325396825493,5.885847967808265e-05,0.0010429482378218572,0.0,0.24587347759616668,0.0
4932.YDL208W,0.0009696186166774402,0.00014209553128917911,0.19056424034131403,0.0,0.0006412247543143368,0.0,,0.0006537031022682935,612.1496031746051,7.305702153951566e-05,0.0006412247543143361,0.0,0.19785055047660088,0.0
4932.YCR011C,0.0019392372333548805,0.0005193073364976972,0.2086152061125339,0.0,0.0011185453933617998,0.0,,0.0012519066258578934,677.1265873015935,0.0008697488916684595,0.0011185453933617963,0.0,0.21885151496496033,0.0
4932.YLR195C,0.004524886877828054,0.010406542274846758,0.24896831295593555,0.0,0.00404982845430607,0.0,,0.004029497604122743,822.3511904762051,0.0025145992208839302,0.004049828454306082,0.0,0.26578900791085663,0.0
4932.YLR249W,0.001292824822236587,0.00012857648528001686,0.1867546984621449,0.0,0.00022634250245867998,0.0,,0.00024177293341563834,601.0718253968267,0.0002947496168110871,0.0002263425024586794,0.0,0.1942701439550179,0.0
4932.YOR124C,0.0003232062055591467,1.9355403312365838e-05,0.1714232531398448,0.0,0.0,0.0,,0.0,546.9000000000029,9.030839343328364e-05,0.0,0.0,0.17676147382029733,0.0
4932.YNL014W,0.002262443438914027,0.0002311443009051849,0.1953032840992042,0.0,0.0011606090257032535,0.0,,0.0011479868247880002,632.895634920638,0.00038571802529134645,0.0011606090257032533,0.0,0.20455579667764542,0.0
4932.YPL226W,0.0016160310277957336,0.001165785819983421,0.21542231871590442,0.0,0.000301761355136225,0.0,,0.00035391430090061496,701.1920634920698,0.0005631750277414739,0.0003017613551362254,0.0,0.22662962620945815,0.0
4932.YML097C,0.001292824822236587,0.00012625200424361228,0.1941229233573307,0.0,0.00015525202286474494,0.0,,0.00022482899918055936,627.3107142857162,0.0005330932967026648,0.0001552520228647448,0.0,0.20275071567088374,0.0
4932.YOR292C,0.0006464124111182935,8.90841606091458e-05,0.18740357738036265,0.0,0.0,0.0,,0.0,603.8500000000003,0.0005359954182836466,0.0,0.0,0.19516806722689076,0.0
4932.YKL106W,0.0006464124111182935,0.0001225035123826307,0.19643057578231649,0.0,4.165411860958365e-05,0.0,,4.528598858812741e-05,634.9603174603196,0.000344583183622784,4.165411860958363e-05,0.0,0.20522311488698045,0.0
4932.YGR192C,0.008080155138978667,0.017109367972687306,0.2595001969281093,0.0,0.00426217922253605,0.0,,0.003792829894873486,865.171428571445,0.0021826354971745203,0.004262179222536042,0.0,0.2796287745867578,0.0
4932.YDR270W,0.002262443438914027,0.0005766755711213433,0.2117678472005372,0.0,0.001545753543421862,0.0,,0.001602463607827543,689.0238095238143,0.0004135720029817929,0.0015457535434218602,0.0,0.22269677101609875,0.0
4932.YJR009C,0.007756948933419522,0.013600295079311491,0.25837438262473356,0.0,0.0034575888360308168,0.0,,0.003140891848012321,860.6547619047782,0.002161685170382414,0.0034575888360308194,0.0,0.27816895989164897,0.0
4932.YJL052W,0.0074337427278603745,0.010348073391491642,0.25695767814472376,0.0,0.0028932140798613648,0.0,,0.002707963800389474,855.2547619047778,0.0021724364011034654,0.0028932140798613665,0.0,0.27642364638162953,0.0
4932.YDR427W,0.001292824822236587,9.935564747020056e-05,0.19162449184609545,0.0,0.0008740391071587628,0.0,,0.0009366070748559089,619.8115079365091,0.0012582093014716369,0.0008740391071587633,0.0,0.2003269256420517,0.0
4932.YCR017C,0.0003232062055591467,6.394402766973991e-06,0.160121781737526,0.0,0.0,0.0,,0.0,509.2794011544127,0.00021683959792849036,0.0,0.0,0.16460226281654852,0.0
4932.YDR105C,0.0016160310277957336,0.00017162080138246366,0.1921138554677454,0.0,0.0013315752375594402,0.0,,0.0013549761816604073,619.706349206351,0.001142321447301606,0.0013315752375594402,0.0,0.20029293768789566,0.0
4932.YCR019W,0.0006464124111182935,7.6411559672425e-05,0.18065306934782938,0.0,9.387629200988576e-05,0.0,,0.00011746198251370568,580.9702380952381,8.458309279467707e-05,9.387629200988557e-05,0.0,0.18777318619755592,0.0
4932.YML042W,0.0016160310277957336,0.0020046726978152833,0.21994723161960852,0.0,0.0008566673322619229,0.0,,0.0008857802127256759,721.1500000000083,0.0005434009676803547,0.0008566673322619222,0.0,0.23308015513897867,0.0
4932.YMR024W,0.0009696186166774402,4.566259784270188e-05,0.18264993734330406,0.0,0.0002885608338495431,0.0,,0.0003630531404465161,586.2718253968267,2.9932874610334393e-05,0.0002885608338495428,0.0,0.18948669211274255,0.0
4932.YCR021C,0.0016160310277957336,0.00039155734822958244,0.20308711063938986,0.0,9.355572552591025e-05,0.0,,0.00012104545296972305,659.9896825396867,1.7409025435276271e-07,9.355572552591018e-05,0.0,0.21331276100183663,0.0
4932.YOR273C,0.002262443438914027,0.0011026998403017875,0.21241300114133244,0.0,0.00016657743523308894,0.0,,0.0002038275367327544,692.4289682539744,7.5990859030976544e-06,0.000166577435233089,0.0,0.22379733944859995,0.0
4932.YCR023C,0.0003232062055591467,2.71538628004514e-05,0.17215622820596518,0.0,0.0,0.0,,0.0,549.467857142862,7.40809597406049e-08,0.0,0.0,0.17759142118385815,0.0
4932.YMR028W,0.0006464124111182935,2.8648471625983836e-05,0.18184822960305674,0.0,0.0,0.0,,0.0,582.5607142857145,0.0002683374397909984,0.0,0.0,0.18828723797211194,0.0
4932.YEL020W-A,0.0006464124111182935,2.8648471625983836e-05,0.18184822960305674,0.0,0.0,0.0,,0.0,582.5607142857145,0.001016773667541315,0.0,0.0,0.18828723797211194,0.0
4932.YOR222W,0.0019392372333548805,0.0021884687049453363,0.22553484570887983,0.0,0.0006016072374291136,0.0,,0.0006762609185034804,735.9297619047692,0.0006168668235144436,0.0006016072374291154,0.0,0.2378570659032844,0.0
4932.YJR095W,0.002585649644473174,0.0007681631906183392,0.21937335349244508,0.0,0.0005939458591077881,0.0,,0.0006788639904968301,715.1964285714364,0.0008946963492211865,0.0005939458591077883,0.0,0.23115592390802475,0.0
4932.YOR006C,0.003232062055591467,0.002174918540352484,0.23549338243348314,0.0,0.0019374516894434314,0.0,,0.0021622697057576135,772.6797619047724,0.0028848056193096056,0.0019374516894434379,0.0,0.24973489395758303,0.0
4932.YCR026C,0.0003232062055591467,5.84959624233692e-34,0.00043094160741219563,0.0,0.0,0.0,,0.0,1.5,1.1589271573563403e-05,0.0,0.0,0.0004848093083387201,0.0
4932.YOR215C,0.0006464124111182935,8.272578340319567e-34,0.0006464124111182935,0.0,2.089920501514043e-07,0.0,,2.089920501514043e-07,2.0,2.3590849986225572e-05,2.089920501514043e-07,0.0,0.0006464124111182935,0.0
4932.YDR023W,0.003232062055591467,0.008417042500530547,0.24554665601787082,0.0,0.0019767741336398008,0.0,,0.0020972561186661286,811.0452380952512,0.0030762859158524865,0.0019767741336397986,0.0,0.26213485394157665,0.0
4932.YLR168C,0.0009696186166774402,0.001122490187155315,0.21128264370732092,0.0,9.19452976887411e-05,0.0,,0.00013366201881503066,685.2559523809599,0.00043920656143246013,9.194529768874104e-05,0.0,0.22147897620586698,0.0
4932.YHR011W,0.0019392372333548805,0.002141214967927736,0.2250200070340091,0.0,0.0003424253400450559,0.0,,0.0003627080006189602,737.6750000000095,0.0004966144433258267,0.00034242534004505677,0.0,0.23842113768584355,0.0
4932.YGR031W,0.001292824822236587,0.0017829446712105234,0.2138110822258827,0.0,0.00028895576165064704,0.0,,0.00033296715740840764,697.188095238103,0.0020928850259661785,0.000288955761650648,0.0,0.22533551882291378,0.0
4932.YER089C,0.004524886877828054,0.01971332781259484,0.2595708861672616,0.0,0.0017507355374646412,0.0,,0.0018171895841611798,865.1654761904915,0.0004345575182302285,0.0017507355374646474,0.0,0.2796268507402961,0.0
4932.YDL006W,0.008726567550096962,0.04211562399724871,0.2765993390769281,0.0,0.007665775833178329,0.0,,0.007442099396223883,929.4595238095432,0.0030425087024598648,0.007665775833178314,0.0,0.3004070859112876,0.0
4932.YCR028C,0.0009696186166774402,0.0006058616287392279,0.20956338753464201,0.0,6.82639042976527e-05,0.0,,9.488374595994058e-05,679.6273809523861,3.465298923333513e-05,6.826390429765285e-05,0.0,0.21965978699171976,0.0
4932.YER056C,0.001292824822236587,0.0016494248100446338,0.20957875141935864,0.0,7.91778611316126e-05,0.0,,0.00010820491901167909,680.571825396832,0.00027480910609476366,7.917786113161251e-05,0.0,0.21996503729697006,0.0
4932.YCR031C,0.0019392372333548805,0.002934817492660374,0.2241202798400668,0.0,0.0001887136474669516,0.0,,0.00023852706678923743,732.9690476190555,0.000638304695620599,0.00018871364746695122,0.0,0.2369001446732539,0.0
4932.YPL175W,0.006140917905623788,0.025497694592586786,0.24293823144047352,0.0,0.0025482095817497244,0.0,,0.002258343908385672,805.5130952381063,0.0015723176619657727,0.002548209581749718,0.0,0.26034683104010836,0.0
4932.YLR367W,0.0019392372333548805,0.0036898458403999486,0.23435433426463778,0.0,0.00035613832596788787,0.0,,0.000398628309909695,765.7845238095323,0.0005682986520889943,0.0003561383259678867,0.0,0.24750631021639424,0.0
4932.YJL190C,0.0029088558500323207,0.007600402668234897,0.23887809554274686,0.0,0.0007990721905671143,0.0,,0.0007968966919367301,783.3535714285808,0.0005787653656261793,0.0007990721905671137,0.0,0.2531847354326346,0.0
4932.YCR032W,0.0003232062055591467,2.418379811269855e-36,0.0003232062055591467,0.0,0.0,0.0,,0.0,1.0,4.167053964987017e-07,0.0,0.0,0.0003232062055591467,0.0
4932.YEL002C,0.0003232062055591467,2.418379811269855e-36,0.0003232062055591467,0.0,0.0,0.0,,0.0,1.0,4.167053964987017e-07,0.0,0.0,0.0003232062055591467,0.0
4932.YCR037C,0.0009696186166774402,0.0002912064429631528,0.20574738515618626,0.0,6.545177339743707e-05,0.0,,7.114246808403287e-05,666.042857142861,0.0001645821947297277,6.545177339743722e-05,0.0,0.2152691845969157,0.0
4932.YGL026C,0.002585649644473174,0.0008928511164827748,0.21684397856027093,0.0,0.0006605053422971519,0.0,,0.000689014044198246,708.130158730166,0.002550156229323491,0.0006605053422971545,0.0,0.2288720616451709,0.0
4932.YKL209C,0.0016160310277957336,0.000314038211511714,0.20577700614454736,0.0,0.00020911979746915854,0.0,,0.0002650539958218971,666.4503968254015,0.0005460276006935016,0.00020911979746915838,0.0,0.21540090395132414,0.0
4932.YCR042C,0.0009696186166774402,0.0001429460735996025,0.1849304029861594,0.0,4.3139076833592245e-05,0.0,,5.5755906824188607e-05,593.8531746031738,5.4820604390068145e-05,4.3139076833592204e-05,0.0,0.1919370312227455,0.0
4932.YDL070W,0.0016160310277957336,0.0021219887292457163,0.22265395820235626,0.0,0.00037907316479615774,0.0,,0.0003698392980209426,726.848809523818,0.00013001671363000613,0.00037907316479615747,0.0,0.2349220457413735,0.0
4932.YLR399C,0.001292824822236587,0.001587322133164948,0.2176364042146975,0.0,0.00024331488772133476,0.0,,0.0002385492943181794,706.7242063492141,0.00023247577340654128,0.00024331488772133308,0.0,0.22841764911092644,0.0
4932.YCR045C,0.0029088558500323207,0.0026943867457211107,0.22774491470363703,0.0,0.0002970989334295856,0.0,,0.0002972094709051211,744.2083333333422,0.00014202778366535773,0.00029709893342958637,0.0,0.24053275156216333,0.0
4932.YNR016C,0.004524886877828054,0.007309380874648084,0.24277317786497257,0.0,0.001562281526435739,0.0,,0.0014773348161664474,803.6690476190591,0.0014085154008356654,0.001562281526435741,0.0,0.2597508234062856,0.0
4932.YMR089C,0.002262443438914027,0.0007239194145735788,0.22018440802280304,0.0,0.00018105855176539891,0.0,,0.00020628047238724828,718.6619047619134,0.0001722900870422374,0.0001810585517653992,0.0,0.23227598731800414,0.0
4932.YMR306W,0.0019392372333548805,0.0007519564583400337,0.21514669747573203,0.0,0.000253221612323012,0.0,,0.00026883758302897646,700.5134920634993,0.0004715674394842624,0.0002532216123230112,0.0,0.22641030771282872,0.0
4932.YMR207C,0.004201680672268907,0.005751672814470863,0.24137922564891087,0.0,0.0012500726227177136,0.0,,0.0012109793530306683,797.7523809523927,0.0014872963339960215,0.0012500726227177156,0.0,0.25783852002339397,0.0
4932.YER017C,0.004201680672268907,0.002838275741287693,0.2394784426036736,0.0,0.0007440964404871577,0.0,,0.0007991621430396907,788.9321428571545,0.000232604026067107,0.0007440964404871604,0.0,0.25498776433650383,0.0
4932.YCR047C,0.003232062055591467,0.0030100947186557344,0.23003574228374118,0.0,0.0016470738075519036,0.0,,0.001757251082967403,753.607142857152,0.004330779362706282,0.0016470738075519066,0.0,0.24357050512512698,0.0
4932.YKR068C,0.0029088558500323207,0.01104050482084039,0.24010197962036384,0.0,0.0011894925840935098,0.0,,0.0012262823439334433,787.9404761904864,0.0035960207950725483,0.0011894925840935126,0.0,0.254667251515991,0.0
4932.YKL099C,0.0003232062055591467,0.00011218804952410212,0.18562689411428906,0.0,0.0,0.0,,0.0,594.7091269841268,0.0005175918559697806,0.0,0.0,0.19221368034393246,0.0
4932.YML110C,0.001292824822236587,0.0006715959354188493,0.21469426731956828,0.0,0.0003191224720215627,0.0,,0.00038797038168220647,700.5813492063547,0.0010053212142398986,0.0003191224720215632,0.0,0.22643223956249164,0.0
4932.YIL106W,0.003555268261150614,0.013761695173545462,0.23877833021717773,0.0,0.0021730592880555566,0.0,,0.002060008777266742,785.7535714285812,0.002545652106997667,0.002173059288055564,0.0,0.25396043032597654,0.0
4932.YPL002C,0.0003232062055591467,0.00011218804952410212,0.18562689411428906,0.0,0.0,0.0,,0.0,594.7091269841267,0.0010072371330495495,0.0,0.0,0.19221368034393246,0.0
4932.YOR095C,0.002262443438914027,0.001788099596222667,0.2272922135135606,0.0,0.0006304820107680605,0.0,,0.000712746927258768,744.9718253968351,0.0035979172676308246,0.0006304820107680621,0.0,0.2407795169349791,0.0
4932.YCR052W,0.0003232062055591467,4.28918247234192e-05,0.18101913433131028,0.0,0.0,0.0,,0.0,580.3563492063497,1.2823414054665202e-05,0.0,0.0,0.18757477349914325,0.0
4932.YPR144C,0.0009696186166774402,8.501456829669654e-05,0.18940264820513164,0.0,0.00039518356465235673,0.0,,0.00041086477046683756,610.1055555555565,0.00015222456470665528,0.0003951835646523566,0.0,0.19718990160166633,0.0
4932.YHR025W,0.0009696186166774402,0.002223507450439804,0.22927928852743437,0.0,0.00021325610651426292,0.0,,0.0002487552813882271,747.1904761904858,0.0032724828544716347,0.0002132561065142625,0.0,0.24149659863945577,0.0
4932.YDL031W,0.0006464124111182935,0.006993546454764476,0.21472652064598902,0.0,5.333117126508722e-07,0.0,,5.850565892234607e-07,697.3051587301665,1.0582002029873382e-06,5.333117126508722e-07,0.0,0.22537335446999313,0.0
4932.YPL244C,0.0009696186166774402,0.0034809680820668478,0.2149364037112821,0.0,9.133009727550472e-05,0.0,,0.00013096457296377063,698.2146825396893,0.0005069931857242857,9.133009727550469e-05,0.0,0.22566731820933503,0.0
4932.YGR252W,0.003232062055591467,0.014735917282150112,0.24883828075905742,0.0,0.0007481413517500862,0.0,,0.0007968002178883327,825.5892857142985,0.0012378710686052974,0.0007481413517500822,0.0,0.2668355803860005,0.0
4932.YCR059C,0.001292824822236587,0.00034738940326249217,0.20791724266201556,0.0,0.0006113350972507821,0.0,,0.0006526401746792136,676.1849206349258,0.0012835114216174495,0.0006113350972507825,0.0,0.2185471624547255,0.0
4932.YHR137W,0.001292824822236587,4.4039845886114635e-05,0.1852179713204647,0.0,0.0006558265917864513,0.0,,0.0006598248478875369,596.3503968253974,0.00018132912159148952,0.0006558265917864508,0.0,0.19274414894162795,0.0
4932.YPL111W,0.003232062055591467,0.002455800196273442,0.2409925956297464,0.0,0.0018989436323449598,0.0,,0.0021647312464778395,794.6154761904875,0.0030084803083150614,0.0018989436323449604,0.0,0.2568246529380983,0.0
4932.YCR063W,0.001292824822236587,0.003757837159545979,0.21222376906904616,0.0,0.0007173635848715324,0.0,,0.0007454327387822985,690.694444444452,0.0008132272032500454,0.000717363584871533,0.0,0.22323673058967178,0.0
4932.YNL113W,0.0003232062055591467,0.0001400684302169431,0.1738523486809008,0.0,0.0,0.0,,0.0,555.6587301587331,0.00021707202693784956,0.0,0.0,0.17959234976041696,0.0
4932.YJL094C,0.0009696186166774402,0.001626668361977032,0.20663974044817493,0.0,2.336616050156731e-05,0.0,,5.611347719259463e-05,669.1373015873054,0.0005600150118211531,2.3366160501567294e-05,0.0,0.21626932824411818,0.0
4932.YPR107C,0.0019392372333548805,0.0007548248063617071,0.2074946773143683,0.0,0.00037375019265573306,0.0,,0.00047422488112875094,676.5670634920695,0.0021421315011752096,0.000373750192655734,0.0,0.21867067339756416,0.0
4932.YCR068W,0.0019392372333548805,0.008432821530375736,0.2327325709810349,0.0,0.0011740915905131717,0.0,,0.0011007439213600071,762.4714285714388,0.0006082312986903734,0.0011740915905131758,0.0,0.2464354972758334,0.0
4932.YLR323C,0.002585649644473174,0.002229021432789447,0.2270575194090589,0.0,0.0013170414819764465,0.0,,0.001433900180457658,742.4587301587384,0.0020547756969762094,0.0013170414819764483,0.0,0.2399672689588656,0.0
4932.YOR234C,0.0029088558500323207,0.004837939901270641,0.23656522421053058,0.0,0.0007810425306629553,0.0,,0.0007283410633980101,777.1511904762008,0.0009609532017037075,0.0007810425306629584,0.0,0.2511800874195832,0.0
4932.YDR266C,0.0003232062055591467,0.000862894489134058,0.21227104547115555,0.0,0.0,0.0,,0.0,687.2952380952428,0.0010650781570522593,0.0,0.0,0.22213808600363222,0.0
4932.YDR083W,0.0019392372333548805,0.0013995017357812608,0.21897006276216407,0.0,0.0019929641991206274,0.0,,0.0019471353582770038,714.0452380952447,0.0012450990552029064,0.0019929641991206404,0.0,0.23078385200233942,0.0
4932.YHR068W,0.0016160310277957336,0.00507523105793033,0.23969932662754082,0.0,0.0002586858826380656,0.0,,0.000316408279540702,787.7523809523918,0.0007738036317415117,0.00025868588263806537,0.0,0.2546064579678025,0.0
4932.YPL143W,0.002585649644473174,0.0038759630026857558,0.2355515960250537,0.0,0.000628819087966971,0.0,,0.0006170671193168373,773.2107142857243,0.00094417826297899,0.0006288190879669715,0.0,0.24990650106196324,0.0
4932.YOR236W,0.001292824822236587,0.0014039820283578174,0.2189532911580922,0.0,5.032973406851693e-05,0.0,,8.112796255417506e-05,712.9107142857199,0.0016581483244156453,5.032973406851687e-05,0.0,0.2304171668667467,0.0
4932.YFL003C,0.0016160310277957336,0.0020655532668554808,0.2317890350571679,0.0,0.0005346463561407309,0.0,,0.0006290210044378833,760.4238095238184,0.0011100038603103941,0.0005346463561407311,0.0,0.24577369409302183,0.0
4932.YNR043W,0.0029088558500323207,0.009710294913818623,0.24812552463849075,0.0,0.0010483402711392153,0.0,,0.0011529531144801248,819.791666666678,0.002481925582282087,0.001048340271139218,0.0,0.26496175393234217,0.0
4932.YOR113W,0.0006464124111182935,0.0008963502455600211,0.21247615351271384,0.0,3.0458172993851637e-05,0.0,,3.6761224798862673e-05,688.4107142857199,4.043361908819741e-05,3.0458172993851617e-05,0.0,0.22249861483054761,0.0
4932.YHL004W,0.0006464124111182935,0.0008498937923357734,0.21126702899712155,0.0,5.246377536781108e-05,0.0,,6.460761867518531e-05,683.9416666666717,8.881010603168117e-05,5.246377536781114e-05,0.0,0.2210541909071321,0.0
4932.YCR088W,0.0006464124111182935,0.000527855495687877,0.2001298074320955,0.0,1.4863359653455058e-06,0.0,,1.4614821372085567e-06,646.2396825396853,8.76539800606204e-06,1.486335965345507e-06,0.0,0.20886867567539838,0.0
4932.YLL001W,0.0029088558500323207,0.002217758850874512,0.23393241975123175,0.0,0.0013097045603330873,0.0,,0.0014777009378026365,769.6595238095356,0.00043775225959999994,0.0013097045603330834,0.0,0.24875873426293593,0.0
4932.YCR091W,0.0016160310277957336,0.0025259700036733028,0.22725607515383192,0.0,5.493449286081561e-05,0.0,,6.874917949856495e-05,742.2250000000084,0.0013453338341767084,5.493449286081566e-05,0.0,0.2398917259211377,0.0
4932.YMR105C,0.004201680672268907,0.010552332160265823,0.24656323696395135,0.0,0.001563585759478438,0.0,,0.0014859061611005814,815.6250000000139,0.001972506476643976,0.0015635857594784375,0.0,0.26361506140917906,0.0
4932.YKL203C,0.005494505494505494,0.02063922638575009,0.25446449789567843,0.0,0.0025103528426497312,0.0,,0.0021630390544765963,846.5738095238241,0.0008653211653321337,0.0025103528426497325,0.0,0.2736179087019423,0.0
4932.YJR066W,0.007110536522301228,0.021564282631921013,0.25767569581395816,0.0,0.004153733290464723,0.0,,0.003955526168528056,861.2809523809676,0.0008274792223048555,0.004153733290464721,0.0,0.27837134853941575,0.0
4932.YGL251C,0.001292824822236587,0.00045721503244766724,0.19964062918919281,0.0,6.33717491510214e-05,0.0,,7.468168479336265e-05,647.280158730162,0.0002154494224262026,6.337174915102138e-05,0.0,0.2092049640368968,0.0
4932.YIR008C,0.002585649644473174,0.0017143904327451811,0.2295738973144918,0.0,0.0008022702484619837,0.0,,0.0009800571634762069,752.6678571428681,0.00107165608323224,0.0008022702484619827,0.0,0.24326692215347676,0.0
4932.YNL323W,0.0009696186166774402,0.007369354243437855,0.23990048416918863,0.0,5.490817537045e-05,0.0,,7.154503579513035e-05,786.1226190476309,7.904693010550164e-05,5.490817537045e-05,0.0,0.2540797088065996,0.0
4932.YLR275W,0.002585649644473174,0.005082832547324906,0.2433518489282414,0.0,0.0019905013764651663,0.0,,0.002011180911252847,801.0408730158853,0.002046008446945944,0.001990501376465169,0.0,0.2589013810652466,0.0
4932.YNR048W,0.0006464124111182935,0.000594459973250903,0.20500962201377307,0.0,1.554144794734534e-06,0.0,,2.120546993038504e-06,661.1480158730208,0.0002058272318252475,1.5541447947345334e-06,0.0,0.21368714152327598,0.0
4932.YCR095C,0.0003232062055591467,4.3063198079817156e-06,0.16582482564882253,0.0,0.0,0.0,,0.0,528.8789682539744,0.00016904140547353478,0.0,0.0,0.1709369645294015,0.0
4932.YPL036W,0.003878474466709761,0.001452692581310087,0.21636801160763336,0.0,0.0004927783865184859,0.0,,0.00046772768182262416,711.5996031746092,4.066581659522114e-06,0.0004927783865184865,0.0,0.22999340761945805,0.0
4932.YGL255W,0.0016160310277957336,0.00030168689397445296,0.2093485294295168,0.0,0.0002855654768427923,0.0,,0.00034178365082423187,680.1404761904815,0.0009913375071599912,0.0002855654768427921,0.0,0.219825622556715,0.0
4932.YLR130C,0.0016160310277957336,0.000790426038624716,0.21699211851829756,0.0,0.0003082712955739983,0.0,,0.00034718763497414357,706.7011904761976,0.000706886764212015,0.0003082712955739983,0.0,0.22841021023794134,0.0
4932.YCR099C,0.0006464124111182935,3.017482160642916e-32,0.0007387570412780496,0.0,6.269761504542129e-07,0.0,,6.269761504542129e-07,2.8333333333333335,0.00021533019838255148,6.269761504542128e-07,0.0,0.0009157509157509158,0.0
4932.YNR066C,0.0006464124111182935,3.484288275444086e-32,0.0008618832148243913,0.0,8.359682006056172e-07,0.0,,8.359682006056172e-07,3.0,0.00010968658336814851,8.359682006056172e-07,0.0,0.0009696186166774402,0.0
4932.YCR100C,0.0003232062055591467,1.7421441377221556e-32,0.0005171299288946348,0.0,0.0,0.0,,0.0,2.083333333333333,0.00015452825103763707,0.0,0.0,0.0006733462615815558,0.0
4932.YCR102C,0.0006464124111182935,0.0003603076575412809,0.1985038656593328,0.0,1.6587191654474126e-05,0.0,,2.2043825566225038e-05,641.9345238095268,3.718540052615274e-05,1.6587191654474113e-05,0.0,0.20747722165789395,0.0
4932.YPL088W,0.0029088558500323207,0.005439892675075843,0.22843648468595587,0.0,0.0014133244487247163,0.0,,0.0013300664025809753,751.0523809523912,9.94995254523174e-05,0.0014133244487247157,0.0,0.24274479022378184,0.0
4932.YKR081C,0.002262443438914027,0.003292489808164977,0.23111441259277643,0.0,0.001310292874749207,0.0,,0.0014080610851039213,757.2345238095338,0.00141779195746067,0.001310292874749207,0.0,0.24474289715886355,0.0
4932.YOR151C,0.003878474466709761,0.003187912696425848,0.2418489144974663,0.0,0.003464154868773138,0.0,,0.0036035495614478753,797.4952380952495,0.0014649627767917826,0.0034641548687731486,0.0,0.2577554098562502,0.0
4932.YOL151W,0.004524886877828054,0.01041910618240709,0.24416246748890091,0.0,0.0014958786873571013,0.0,,0.0013138550455378882,808.7000000000124,0.0003664437802029396,0.0014958786873570994,0.0,0.261376858435682,0.0
4932.YPL154C,0.006464124111182934,0.022242441410020693,0.271890257690703,0.0,0.004737349269856855,0.0,,0.0047561345817189165,908.042857142874,0.0023781515854782147,0.004737349269856843,0.0,0.2934850863422292,0.0
4932.YGL039W,0.004201680672268907,0.009441619945626636,0.24414161494235645,0.0,0.0009859605976614465,0.0,,0.000808700870942347,808.5857142857267,0.00046526801141064664,0.0009859605976614443,0.0,0.26133992058361805,0.0
4932.YLR460C,0.0006464124111182935,0.00044012822017483564,0.20701384382359708,0.0,2.5772886821354036e-05,0.0,,4.0091836156769874e-05,670.4634920634983,3.844986989974681e-05,2.5772886821354046e-05,0.0,0.21669796123577634,0.0
4932.YDR541C,0.003878474466709761,0.008414851477881975,0.243455473459381,0.0,0.0008706022661786009,0.0,,0.000728539392300418,805.8690476190599,0.0003143287513476091,0.0008706022661786038,0.0,0.2604618770585157,0.0
4932.YGL157W,0.004201680672268907,0.009461800537913073,0.24432941618461984,0.0,0.0009905899066946662,0.0,,0.0008178140502770223,809.1500000000126,0.00033623912107251454,0.0009905899066946643,0.0,0.2615223012281836,0.0
4932.YDL004W,0.001292824822236587,0.0005222011227732551,0.19510334216216568,0.0,0.00013546964280949488,0.0,,0.0001297030971165828,633.3146825396858,0.0004767642187788698,0.00013546964280949475,0.0,0.2046912354685464,0.0
4932.YJL101C,0.0006464124111182935,7.593284381384924e-05,0.1840256321205132,0.0,1.2676845633305088e-05,0.0,,2.2090837963153978e-05,591.4984126984142,0.0007723565065019836,1.2676845633305083e-05,0.0,0.19117595756251218,0.0
4932.YLR070C,0.004524886877828054,0.003200149142036143,0.23646738103731094,0.0,0.0013237558282354106,0.0,,0.0013701532873662166,785.2369047619155,0.00026786239563971403,0.0013237558282354082,0.0,0.2537934404531043,0.0
4932.YEL052W,0.003232062055591467,0.003247765210313872,0.2401624942753971,0.0,0.001879803493209094,0.0,,0.001960769168025446,791.0797619047738,0.0021960737831913674,0.001879803493209101,0.0,0.2556818881398713,0.0
4932.YOR054C,0.0006464124111182935,0.0017858996284544231,0.21498489654508923,0.0,9.20956826230003e-06,0.0,,1.5506242150958553e-05,697.3035714285783,2.0722527842924e-05,9.209568262300032e-06,0.0,0.22537284144427003,0.0
4932.YOR161C,0.0016160310277957336,0.001727849987756537,0.21803479287316388,0.0,0.0009804341276863503,0.0,,0.000976901303566083,710.3892857142924,0.001878089599508567,0.000980434127686352,0.0,0.22960222550558684,0.0
4932.YGL245W,0.003878474466709761,0.006056511321980005,0.25555642493832037,0.0,0.002569831918888576,0.0,,0.0026595296889396717,846.0607142857286,0.004738110507873347,0.0025698319188885797,0.0,0.2734520731369471,0.0
4932.YDR190C,0.0074337427278603745,0.017605702423280606,0.2671889119880411,0.0,0.003855789164613253,0.0,,0.003706148208505569,891.6797619047778,0.0019629849898475096,0.003855789164613262,0.0,0.2881964324191215,0.0
4932.YPL169C,0.001292824822236587,0.002937933418771933,0.23299813916049,0.0,0.0006330164623398234,0.0,,0.0006295273297199903,761.8880952381049,0.00018816054355340925,0.0006330164623398226,0.0,0.24624696032259058,0.0
4932.YDL082W,0.001292824822236587,0.005587860241027351,0.2384198640000043,0.0,3.967588533985992e-06,0.0,,2.65215804585124e-06,781.4976190476299,8.932311667703486e-06,3.967588533985993e-06,0.0,0.25258488010588853,0.0
4932.YLR370C,0.0019392372333548805,0.004202852699816038,0.24044529980318377,0.0,0.0004867812509737541,0.0,,0.0005415690426967593,790.9702380952491,0.0006688063730965514,0.0004867812509737547,0.0,0.25564648936497675,0.0
4932.YGL207W,0.0029088558500323207,0.009240326907988665,0.2463719873618936,0.0,0.0009673498340624936,0.0,,0.0009713985749077779,813.1511904762029,0.000913639545023388,0.0009673498340624948,0.0,0.2628155108197125,0.0
4932.YDR054C,0.003555268261150614,0.019008374923368893,0.2562206838182353,0.0,0.0003385773706125105,0.0,,0.0003053650770520761,847.5714285714415,1.5202801866372277e-05,0.0003385773706125101,0.0,0.2739403453689168,0.0
4932.YLR259C,0.004848093083387201,0.010381544376746326,0.26011411914104204,0.0,0.00486820052404093,0.0,,0.004635537115890465,862.2535714285858,0.0010256279626987567,0.004868200524040949,0.0,0.27868570505125123,0.0
4932.YJL045W,0.005494505494505494,0.00828653824922513,0.26274394938971063,0.0,0.002767942474175822,0.0,,0.0026156877232548976,873.83809523811,0.003424005502089373,0.0027679424741758277,0.0,0.28242989503493704,0.0
4932.YKL148C,0.006140917905623788,0.010182220512138969,0.26621849221084487,0.0,0.003607759373848328,0.0,,0.0033945675157483622,886.9428571428735,0.003472759107416068,0.003607759373848314,0.0,0.2866654354049312,0.0
4932.YIL042C,0.002585649644473174,0.009300827443400377,0.24838423575984464,0.0,9.340609651549931e-05,0.0,,7.336289442710118e-05,817.4130952381083,0.004306201846944055,9.340609651549917e-05,0.0,0.2641929848862622,0.0
4932.YMR142C,0.001292824822236587,0.005587860241027351,0.2384198640000043,0.0,3.967588533985992e-06,0.0,,2.65215804585124e-06,781.4976190476299,8.932311667482709e-06,3.967588533985993e-06,0.0,0.25258488010588853,0.0
4932.YIL126W,0.002585649644473174,0.008049841752081462,0.24870838431877954,0.0,0.0006787485669385142,0.0,,0.0006780503630697583,820.7333333333456,3.265650738000501e-05,0.0006787485669385149,0.0,0.26526610644257703,0.0
4932.YDL008W,0.0006464124111182935,2.694188707333722e-05,0.17882235514575576,0.0,0.0,0.0,,0.0,573.7333333333352,0.0005269149446969035,0.0,0.0,0.1854341736694678,0.0
4932.YDL141W,0.001292824822236587,0.0001829472674931293,0.20154076208122193,0.0,0.00034240304192168175,0.0,,0.0003845236003418169,653.8817460317487,0.0005904669161532388,0.000342403041921681,0.0,0.2113386380193103,0.0
4932.YMR143W,0.001292824822236587,0.0008818301858225372,0.2136033900739783,0.0,3.464908883223211e-05,0.0,,5.2292657835213786e-05,692.9825396825463,0.0009709279713698849,3.464908883223214e-05,0.0,0.22397625716953448,0.0
4932.YDL083C,0.001292824822236587,0.0008818301858225372,0.2136033900739783,0.0,3.464908883223211e-05,0.0,,5.2292657835213786e-05,692.9825396825463,0.0009709279713698849,3.464908883223214e-05,0.0,0.22397625716953448,0.0
4932.YOR321W,0.0009696186166774402,0.00048088436627914205,0.2002419563855458,0.0,0.00023961529136400046,0.0,,0.00023208638317313867,646.8539682539719,0.00040017631351632176,0.00023961529136399588,0.0,0.20906721663024183,0.0
4932.YHR091C,0.004524886877828054,0.007555032216463689,0.257304605702975,0.0,0.002364289053782176,0.0,,0.0025789485806122993,854.63690476192,0.0007129183433176067,0.0023642890537821717,0.0,0.2762239511189091,0.0
4932.YGR199W,0.001292824822236587,0.0005010073947569634,0.20359334586995598,0.0,0.0004201089765156459,0.0,,0.0004396761039035522,659.4599206349247,0.00035629978184492184,0.00042010897651563814,0.0,0.21314153866674876,0.0
4932.YDR341C,0.005171299288946348,0.007042456027107461,0.25448715119380855,0.0,0.002569842830262486,0.0,,0.002731178988763416,845.1273809523965,0.0012248835189251851,0.002569842830262485,0.0,0.27315041401175855,0.0
4932.YDL015C,0.0003232062055591467,4.90407805872152e-06,0.1643471409313586,0.0,0.0,0.0,,0.0,523.2163059163129,3.45976600164171e-05,0.0,0.0,0.16910675692188298,0.0
4932.YLR270W,0.0016160310277957336,0.0001315763008464111,0.19822856732265806,0.0,0.0007681629766765781,0.0,,0.0008002488848841808,640.5789682539714,0.000321370841037977,0.00076816297667658,0.0,0.2070390976903582,0.0
4932.YDL017W,0.0009696186166774402,0.0006644643557149294,0.2046573718041274,0.0,1.2025718554633864e-05,0.0,,1.5166212616720205e-05,662.663492063498,0.0001463948562160366,1.2025718554633862e-05,0.0,0.21417695283241503,0.0
4932.YMR127C,0.0019392372333548805,0.004768967151390244,0.2399608972853229,0.0,0.000615848864235782,0.0,,0.0007056088855884006,789.6821428571543,0.0002564161929187969,0.0006158488642357822,0.0,0.2552301689906732,0.0
4932.YDL019C,0.0009696186166774402,0.0011262632360543097,0.2051273083639532,0.0,0.0001122825237395323,0.0,,0.00013842926121451188,662.587301587305,0.0008029644438543721,0.00011228252373953245,0.0,0.21415232759770575,0.0
4932.YDL021W,0.0009696186166774402,0.0003269357745670168,0.20796261962462184,0.0,1.5677206978945558e-05,0.0,,1.373142535615124e-05,673.6777777777835,3.486736100908597e-05,1.5677206978945565e-05,0.0,0.21773683832507362,0.0
4932.YIL074C,0.003878474466709761,0.0025568216828252884,0.24180799943833972,0.0,0.0012016106760260378,0.0,,0.0012043840050243487,795.483333333346,0.0008400954411758189,0.0012016106760260386,0.0,0.2571051497522086,0.0
4932.YER081W,0.003878474466709761,0.0025568216828252884,0.24180799943833972,0.0,0.0012016106760260378,0.0,,0.0012043840050243487,795.483333333346,0.000860646193794589,0.0012016106760260386,0.0,0.2571051497522086,0.0
4932.YDR330W,0.0009696186166774402,0.003221469538843742,0.23560983840435604,0.0,0.0004300238179131113,0.0,,0.00047246518622517914,769.0630952381063,8.196016382971591e-05,0.0004300238179131117,0.0,0.24856596484747745,0.0
4932.YHR111W,0.0019392372333548805,0.00027988800148587664,0.2095019545152108,0.0,0.0006229090928723919,0.0,,0.0007242036459574584,680.0194444444489,0.0009120910214708193,0.0006229090928723904,0.0,0.2197865043453279,0.0
4932.YOL060C,0.002262443438914027,0.003848643756555184,0.22902212540939368,0.0,0.0005289771522915327,0.0,,0.0006542814524174249,749.9619047619146,0.0006507725210704079,0.0005289771522915335,0.0,0.24239234155200542,0.0
4932.YNL185C,0.002585649644473174,0.013819450064842217,0.24445477760903472,0.0,0.0003208261360429433,0.0,,0.0003376087121392957,804.5619047619172,0.0011743691017971512,0.0003208261360429425,0.0,0.26003940037553486,0.0
4932.YDL028C,0.0003232062055591467,0.0011153204217844638,0.21011791028004792,0.0,0.0,0.0,,0.0,678.9337301587348,6.056118423138728e-06,0.0,0.0,0.21943559475072083,0.0
4932.YIL123W,0.001292824822236587,0.017268230134835277,0.23205245306924685,0.0,7.776060723145473e-07,0.0,,5.178000976804445e-07,762.1404761904857,4.086861322152306e-05,7.776060723145476e-07,0.0,0.24632853141256503,0.0
4932.YGR262C,0.003555268261150614,0.013594668286350968,0.2599249108347019,0.0,0.002066659722925709,0.0,,0.002254349712995575,863.5797619047769,0.0032935306440264813,0.002066659722925711,0.0,0.27911433804290947,0.0
4932.YHL012W,0.001292824822236587,0.009744448416679851,0.23572640961161473,0.0,0.00011788402573789044,0.0,,0.00010726833952314086,774.9023809523914,0.0006298360844572872,0.00011788402573789037,0.0,0.25045325822636744,0.0
4932.YOR077W,0.0009696186166774402,0.00464689580867884,0.23370292424460856,0.0,3.324562007833149e-05,0.0,,5.3514878754747635e-05,764.888095238105,0.0006857148890507842,3.3245620078331513e-05,0.0,0.24721657893926802,0.0
4932.YDR450W,0.005817711700064641,0.05361099928420907,0.2620935334519164,0.0,0.0023812565312245934,0.0,,0.0020901892143688683,874.5309523809682,0.002001165390258248,0.0023812565312245956,0.0,0.2826538307630745,0.0
4932.YKL035W,0.003878474466709761,0.013807826900882848,0.23953864331825472,0.0,0.0013939136029671056,0.0,,0.0013648218467038824,792.123809523821,0.0019953384598031614,0.0013939136029671065,0.0,0.25601933080924677,0.0
4932.YHR032W,0.0019392372333548805,0.017444835872399925,0.23504803234336885,0.0,0.0005495660329592495,0.0,,0.0004599608268812965,773.6785714285824,0.00019212595840333014,0.0005495660329592495,0.0,0.25005771539384986,0.0
4932.YDR338C,0.0016160310277957336,0.017405963038788393,0.23332143073457817,0.0,0.00012976265496532358,0.0,,0.00011336543439330133,767.5809523809623,7.683144641580215e-05,0.00012976265496532339,0.0,0.2480869270785237,0.0
4932.YOR089C,0.004848093083387201,0.01804662379108607,0.25273222255857586,0.0,0.001012580651417584,0.0,,0.0010081457144922523,840.900000000014,0.0003361543909753162,0.0010125806514175825,0.0,0.27178409825468647,0.0
4932.YMR041C,0.002262443438914027,0.004628402059522215,0.23235423631309857,0.0,0.0008714584917897985,0.0,,0.0009354292771535241,763.4476190476291,0.001015960397510231,0.0008714584917897966,0.0,0.2467510080955459,0.0
4932.YKR042W,0.0016160310277957336,0.017340476802636007,0.23209013309734935,0.0,0.00020774939973892273,0.0,,0.0002074895937642887,762.8071428571526,0.00011037484178041544,0.0002077493997389216,0.0,0.24654400221627112,0.0
4932.YGL194C,0.005171299288946348,0.02426531361649828,0.26678993647783966,0.0,0.0016511987749464187,0.0,,0.001606484496074877,890.1226190476361,0.00011297994501498681,0.0016511987749464226,0.0,0.28769315418475083,0.0
4932.YJL116C,0.0016160310277957336,0.017340476802636007,0.23209013309734935,0.0,0.00020774939973892273,0.0,,0.0002074895937642887,762.8071428571526,9.15992541495111e-05,0.0002077493997389216,0.0,0.24654400221627112,0.0
4932.YJL125C,0.0019392372333548805,0.016939749006272167,0.2498386793707439,0.0,0.0012644264916881669,0.0,,0.0012189956519844,825.5654761904891,0.0007916233434951228,0.001264426491688167,0.0,0.2668278850001539,0.0
4932.YPL128C,0.0016160310277957336,0.017575098917008262,0.23674154611677448,0.0,0.00019485539872221742,0.0,,0.00020803256371470502,779.9952380952487,0.00010131867600910465,0.00019485539872221702,0.0,0.2520993012589651,0.0
4932.YNL066W,0.0016160310277957336,0.017340476802636007,0.23209013309734935,0.0,0.00020774939973892273,0.0,,0.0002074895937642887,762.8071428571525,6.838922659490298e-05,0.0002077493997389216,0.0,0.24654400221627112,0.0
4932.YDL036C,0.0003232062055591467,0.00016210081198653005,0.1898428854668649,0.0,0.0,0.0,,0.0,610.5531746031763,0.00014118025118971473,0.0,0.0,0.19733457485558326,0.0
4932.YDL040C,0.0006464124111182935,0.002574191239117348,0.22702145563532813,0.0,6.961465595291692e-06,0.0,,1.1698381578271044e-05,739.711111111119,1.5824155912272265e-05,6.96146559529167e-06,0.0,0.23907922143216262,0.0
4932.YJL106W,0.0006464124111182935,0.0013530201903414975,0.20521566183489245,0.0,8.869836847900105e-07,0.0,,1.5665736629712924e-06,663.161111111115,4.469929332627727e-05,8.869836847900101e-07,0.0,0.21433778639660994,0.0
4932.YDL045C,0.0029088558500323207,0.0036965744028392496,0.22149807603905564,0.0,0.0007491559139868889,0.0,,0.0009261871052022569,724.3325396825486,0.0009400230156713068,0.0007491559139868897,0.0,0.23410877171381375,0.0
4932.YDL085W,0.0009696186166774402,0.0033342094197916484,0.2178354163956452,0.0,0.00035869000159457495,0.0,,0.00036176078987831145,710.3166666666748,0.00019232273595146823,0.00035869000159457554,0.0,0.2295787545787546,0.0
4932.YMR178W,0.002585649644473174,0.009278885548699246,0.2434140130585875,0.0,0.0015290163217296484,0.0,,0.0016461748282773942,801.3523809523928,0.0015401142059527017,0.001529016321729645,0.0,0.2590020623634069,0.0
4932.YHR070W,0.002585649644473174,0.0005571752440593284,0.2077963341833286,0.0,0.0012342543133945043,0.0,,0.0014178606681515913,675.6623015873067,0.0028142080856188184,0.0012342543133945058,0.0,0.2183782487353916,0.0
4932.YML120C,0.0006464124111182935,0.0002993972189569983,0.1979266197715192,0.0,1.8000583197053452e-05,0.0,,2.6999377463579514e-05,637.7432539682566,2.0438010658616096e-05,1.800058319705341e-05,0.0,0.20612257723602262,0.0
4932.YMR145C,0.001292824822236587,0.0006043500834974345,0.19978015021036072,0.0,0.0001258867111256918,0.0,,0.0001608351268584794,645.9063492063526,0.00012253615726178697,0.0001258867111256919,0.0,0.2087609402735453,0.0
4932.YDL046W,0.0009696186166774402,0.001470767508141725,0.2222903708678112,0.0,0.0001268684353802123,0.0,,0.000148904720795596,724.0634920635006,8.054822704607563e-05,0.0001268684353802122,0.0,0.23402181385374662,0.0
4932.YPL028W,0.003555268261150614,0.0011834091040595768,0.2283087748071282,0.0,0.001263849976321332,0.0,,0.0013355771753093514,749.2797619047717,0.0010627735447090653,0.0012638499763213372,0.0,0.24217186874749902,0.0
4932.YNR053C,0.005171299288946348,0.01726097363067313,0.24607507698717845,0.0,0.0032527490448054767,0.0,,0.0031104997530197027,814.5785714285824,0.001039041940900834,0.003252749044805482,0.0,0.26327684920121897,0.0
4932.YJR064W,0.010342598577892695,0.04172265457584773,0.2715029128464291,0.0,0.0032055055723691607,0.0,,0.003175659404647975,909.9404761904945,0.0005878851947214461,0.0032055055723691737,0.0,0.2940984085942069,0.0
4932.YDR328C,0.004848093083387201,0.03161915142964144,0.2532247470422581,0.0,0.0010802690542199996,0.0,,0.001016035743255566,838.2083333333472,0.0003132582814861794,0.001080269054220002,0.0,0.27091413488472316,0.0
4932.YPL110C,0.004201680672268907,0.020829679649802785,0.24888160973011073,0.0,0.0005725551437476342,0.0,,0.0005606742850619298,822.6345238095369,0.00035535825915238896,0.0005725551437476365,0.0,0.2658805830024317,0.0
4932.YKL140W,0.003555268261150614,0.0323304424302162,0.2571194611764752,0.0,8.540595087689343e-05,0.0,,9.525352217365484e-05,850.4738095238248,0.0004570040488980608,8.540595087689349e-05,0.0,0.274878412903623,0.0
4932.YNL291C,0.004524886877828054,0.03625024464856026,0.2598776517600047,0.0,0.0015901727571636852,0.0,,0.0016024591544203217,864.253571428586,0.0006385121223068571,0.001590172757163686,0.0,0.2793321174623695,0.0
4932.YJL014W,0.008080155138978667,0.04683843472418447,0.2722009302380548,0.0,0.0018495392515435998,0.0,,0.0015341867039245813,911.4166666666841,0.00022159698453369688,0.0018495392515436068,0.0,0.294575522516699,0.0
4932.YOR257W,0.007756948933419522,0.03193730398281945,0.2689738586149842,0.0,0.004259391526488849,0.0,,0.004103448411523934,897.9238095238252,0.0016605899865335424,0.004259391526488861,0.0,0.2902145473574045,0.0
4932.YLR268W,0.0029088558500323207,0.0028000924690888616,0.2387982766151576,0.0,0.0020335077110526048,0.0,,0.0020968823032461027,783.8253968254083,0.0014482984965002387,0.0020335077110526212,0.0,0.253337232328829,0.0
4932.YGL019W,0.003555268261150614,0.015440244064276125,0.2565195772936155,0.0,0.001151952590146126,0.0,,0.0010994945183333794,849.2226190476342,0.00034031311082774576,0.0011519525901461242,0.0,0.2744740203773817,0.0
4932.YDL054C,0.0003232062055591467,0.0005483110645379143,0.19367575673171084,0.0,0.0,0.0,,0.0,622.3527777777813,0.000244830856896417,0.0,0.0,0.20114827982475042,0.0
4932.YDL055C,0.001292824822236587,0.0004588737741352212,0.2086152061125339,0.0,0.0006419312375700117,0.0,,0.0006828681527252274,675.9063492063555,0.0003839880033887159,0.0006419312375700141,0.0,0.21845712644031973,0.0
4932.YOR067C,0.0009696186166774402,6.020385032793658e-05,0.18596501231850454,0.0,0.00032682823836254713,0.0,,0.0004135504674280142,598.856349206349,0.0010069465967872985,0.0003268282383625475,0.0,0.19355408830198748,0.0
4932.YDR486C,0.0006464124111182935,4.8052586557713506e-05,0.1833763659862757,0.0,1.760205188474097e-05,0.0,,2.59509056719041e-05,588.4305555555559,0.0009365622773574938,1.7602051884740975e-05,0.0,0.1901844070961718,0.0
4932.YDL058W,0.0003232062055591467,7.790487385833638e-05,0.1784651123336279,0.0,0.0,0.0,,0.0,569.9313492063513,5.439857442748995e-06,0.0,0.0,0.18420534880618913,0.0
4932.YKL149C,0.002262443438914027,0.005312959642260463,0.22772677203537417,0.0,0.0008198367848830257,0.0,,0.0008680248094359267,744.8285714285801,0.0013867582860957513,0.0008198367848830248,0.0,0.24073321636346845,0.0
4932.YDL061C,0.0003232062055591467,5.84959624233692e-34,0.00043094160741219563,0.0,0.0,0.0,,0.0,1.5,2.0704007603761574e-05,0.0,0.0,0.0004848093083387201,0.0
4932.YDL063C,0.0006464124111182935,8.272578340319567e-34,0.0006464124111182935,0.0,2.089920501514043e-07,0.0,,2.089920501514043e-07,2.0,3.587254702601648e-05,2.089920501514043e-07,0.0,0.0006464124111182935,0.0
4932.YLR388W,0.0003232062055591467,5.84959624233692e-34,0.00043094160741219563,0.0,0.0,0.0,,0.0,1.5,2.233378870789907e-05,0.0,0.0,0.0004848093083387201,0.0
4932.YDL064W,0.0019392372333548805,0.0005149749463135799,0.21560103849159454,0.0,0.0003567235389663066,0.0,,0.00046474496177644175,700.9849206349272,0.0012608829295942222,0.000356723538966307,0.0,0.2265626763525923,0.0
4932.YMR079W,0.0029088558500323207,0.0027201449727456604,0.23441198600738433,0.0,0.0012246199520298195,0.0,,0.0014130330647700556,770.9738095238216,0.001636038399106849,0.0012246199520298204,0.0,0.24918351956167084,0.0
4932.YLR253W,0.003555268261150614,0.0016114270131898718,0.23742974828571858,0.0,0.002225129038408818,0.0,,0.002558821153440119,782.7928571428688,0.002608798253699063,0.0022251290384088227,0.0,0.25300350909594604,0.0
4932.YPR145W,0.0016160310277957336,0.0007414379122999391,0.21288756101877063,0.0,0.000139215153790649,0.0,,0.0001645665442599976,691.3075396825446,0.0009514261588348522,0.0001392151537906491,0.0,0.22343488677522289,0.0
4932.YLR405W,0.0019392372333548805,0.0027088196153655713,0.22725607515383192,0.0,0.00029676760408839755,0.0,,0.00039401481559411887,743.2845238095324,0.0003641192586019342,0.0002967676040883982,0.0,0.24023417059131344,0.0
4932.YDL072C,0.0009696186166774402,0.0004489059327071586,0.20208215533437382,0.0,7.798799507294056e-05,0.0,,0.00011217709242579467,654.1432539682585,0.0005697196174895492,7.798799507294061e-05,0.0,0.2114231590071926,0.0
4932.YEL062W,0.0006464124111182935,0.00033000027369479485,0.19897363188975095,0.0,4.190036992648278e-05,0.0,,5.442260034795105e-05,642.4079365079399,0.00021648215729965168,4.190036992648282e-05,0.0,0.2076302315798114,0.0
4932.YLR401C,0.0029088558500323207,0.001820979427174891,0.22170421664030185,0.0,0.0009492069595342876,0.0,,0.0010870470554207176,727.3646825396909,0.0018784012025438394,0.0009492069595342884,0.0,0.23508877910138415,0.0
4932.YDL075W,0.001292824822236587,0.0004056249041445951,0.2036948959213376,0.0,0.0001515274819007192,0.0,,0.00016332746707727326,659.9420634920683,0.001365844536776195,0.00015152748190071938,0.0,0.21329737023014336,0.0
4932.YLR351C,0.003232062055591467,0.0021386314651626183,0.23311213971785466,0.0,0.0018245481459251054,0.0,,0.0019489685383193324,766.563095238106,0.004566277870755223,0.0018245481459251084,0.0,0.24775794933357959,0.0
4932.YDL077C,0.0003232062055591467,0.00040017296159776383,0.19701269258167137,0.0,0.0,0.0,,0.0,633.3682539682559,5.794520037380193e-07,0.0,0.0,0.20470855008670133,0.0
4932.YJL155C,0.004201680672268907,0.010740057967769182,0.24778141365693437,0.0,0.003932954251647263,0.0,,0.0039043429140169996,818.2345238095355,0.002003519081237198,0.003932954251647276,0.0,0.2644584756979715,0.0
4932.YLR382C,0.002262443438914027,0.0034923292628982108,0.2281994227955657,0.0,0.0012309300482996643,0.0,,0.0011640313218884717,747.1547619047705,0.001350384303576921,0.001230930048299664,0.0,0.2414850555606858,0.0
4932.YIR005W,0.0019392372333548805,0.005615051152086173,0.23607681636469172,0.0,0.0007953915550218264,0.0,,0.0008038647721493827,773.4321428571543,0.0003228158827507456,0.0007953915550218261,0.0,0.24997806815033705,0.0
4932.YDL081C,0.0003232062055591467,0.002895410495792429,0.20699885368284227,0.0,0.0,0.0,,0.0,671.4246031746068,0.0005593249013849037,0.0,0.0,0.2170085983111193,0.0
4932.YPL009C,0.001292824822236587,0.0022160509036003697,0.20686404004342224,0.0,6.768979567011737e-05,0.0,,7.394565427370725e-05,670.1444444444489,0.0018531854330162095,6.768979567011737e-05,0.0,0.2165948430654313,0.0
4932.YGR094W,0.006140917905623788,0.03873715866425909,0.2657482726931349,0.0,0.003806814978360166,0.0,,0.003990820206983207,883.9214285714467,0.0018384467946606661,0.0038068149783601637,0.0,0.28568889094099176,0.0
4932.YLR447C,0.0029088558500323207,0.02978844493381849,0.2473954278978842,0.0,0.00025837013633716205,0.0,,0.0002526476729876849,816.0416666666798,0.0011347999149027746,0.00025837013633716205,0.0,0.2637497306614954,0.0
4932.YER110C,0.005817711700064641,0.074642971257608,0.25523697940714746,0.0,0.002011861695303356,0.0,,0.0018555213345083246,848.379761904777,0.00014642680362951353,0.002011861695303354,0.0,0.2742016037184104,0.0
4932.YMR061W,0.004201680672268907,0.03753940785422562,0.26049336334609546,0.0,0.000593125149649443,0.0,,0.0006369092119203913,867.4821428571582,8.343946798571878e-05,0.0005931251496494437,0.0,0.2803756117831748,0.0
4932.YLR441C,0.009696186166774402,0.0928160035060773,0.26836783414946036,0.0,0.0027756111602780446,0.0,,0.0023121136136811204,902.3369047619227,0.001466599734489073,0.002775611160278039,0.0,0.2916408871240804,0.0
4932.YKR057W,0.006787330316742082,0.06825990778419369,0.25853795508366206,0.0,0.001557961106055693,0.0,,0.0013872129267471444,862.1642857143014,0.0012356423892453852,0.001557961106055695,0.0,0.27865684735432633,0.0
4932.YFR005C,0.005817711700064641,0.06107471162623431,0.25562498161137903,0.0,0.0020408613905123197,0.0,,0.0019561069800772936,849.9714285714435,0.0016652978314972177,0.002040861390512327,0.0,0.2747160402622587,0.0
4932.YML010W,0.0016160310277957336,0.017885385078379924,0.24052622375768212,0.0,0.00036174971925327865,0.0,,0.0004072321025506589,790.4515873015996,6.407771476149061e-06,0.0003617497192532791,0.0,0.25547885820995064,0.0
4932.YML063W,0.009372979961215255,0.09188739181583262,0.2677645344098962,0.0,0.0026172178741387933,0.0,,0.0021665209126257457,899.6035714285891,0.001416900902422322,0.0026172178741387924,0.0,0.2907574568288854,0.0
4932.YFR050C,0.002262443438914027,0.02058477337388227,0.24322761587339842,0.0,0.00031411843739702415,0.0,,0.00034177017578425995,801.984920634933,0.0004092317847786391,0.0003141184373970241,0.0,0.2592065031140661,0.0
4932.YDR238C,0.003232062055591467,0.014106048618152477,0.2379237760599294,0.0,0.002703668990597507,0.0,,0.002833800592419481,782.8190476190588,0.00110372133195606,0.0027036689905975144,0.0,0.2530119740203774,0.0
4932.YLL019C,0.002585649644473174,0.029687285119145413,0.24620223661700558,0.0,0.0007770708004813406,0.0,,0.0007827926417289145,811.4714285714422,7.065957649464177e-05,0.0007770708004813389,0.0,0.2622726013482316,0.0
4932.YDR235W,0.0006464124111182935,0.008579464068135981,0.22772677203537417,0.0,3.806117804815899e-07,0.0,,7.668962253346336e-07,743.337301587311,5.880176144361932e-07,3.8061178048158976e-07,0.0,0.24025122869660684,0.0
4932.YER094C,0.002585649644473174,0.02529110626086558,0.24763116505197952,0.0,0.00022227824147319592,0.0,,0.00023218886348192573,817.604761904776,1.6774012712284746e-05,0.00022227824147319554,0.0,0.2642549327423277,0.0
4932.YKL024C,0.0029088558500323207,0.009952469925804397,0.24641446162917435,0.0,0.0019258113123851925,0.0,,0.002081399123721512,812.6702380952511,0.0013781936011883487,0.0019258113123852005,0.0,0.26266006402561026,0.0
4932.YDL156W,0.003555268261150614,0.03652639827149823,0.24767407462831847,0.0,0.0008431318837210834,0.0,,0.0008072142600002183,818.8690476190618,0.0008970782835660903,0.0008431318837210843,0.0,0.2646635577307846,0.0
4932.YDR316W,0.002585649644473174,0.045535770804656185,0.24780289262829852,0.0,9.466613311729808e-06,0.0,,6.6552071998425104e-06,816.7571428571574,1.0516486681714066e-05,9.466613311729811e-06,0.0,0.2639809770061871,0.0
4932.YMR267W,0.002585649644473174,0.01871384283815081,0.24401657442253963,0.0,0.0009814575149070287,0.0,,0.0009297355763065174,804.1666666666802,0.003002718198699582,0.0009814575149070302,0.0,0.25991165697048046,0.0
4932.YLR151C,0.0016160310277957336,0.02958250583330291,0.2418489144974663,0.0,1.6445521802436383e-06,0.0,,1.533501287007282e-06,793.6357142857274,5.334292075306294e-06,1.6445521802436391e-06,0.0,0.2565079878105088,0.0
4932.YNR030W,0.0016160310277957336,0.008946877369561736,0.24548339796994864,0.0,0.0005929595712395613,0.0,,0.0006190065930866355,806.9464285714423,0.0006192455168164949,0.0005929595712395601,0.0,0.26081009326807647,0.0
4932.YJL136C,0.0074337427278603745,0.07780522867111625,0.25749001705639085,0.0,0.0012107065155713811,0.0,,0.0010039605928509796,859.5809523809679,0.0011266790212426142,0.0012107065155713855,0.0,0.2778218979899652,0.0
4932.YPL262W,0.005171299288946348,0.008957582858056479,0.25494106567020886,0.0,0.005195717318319436,0.0,,0.005424261010701989,846.1452380952524,0.0038296797803006734,0.005195717318319447,0.0,0.27347939175670266,0.0
4932.YNR012W,0.0009696186166774402,0.00019048582280450373,0.1891645162361072,0.0,3.194813768254231e-05,0.0,,4.703733674847339e-05,609.7023809523836,0.0008162119714012451,3.1948137682542315e-05,0.0,0.19705959306799642,0.0
4932.YDL086W,0.0019392372333548805,0.002775258527703148,0.22347202699812788,0.0,0.00027926709890856995,0.0,,0.000361493019307797,729.6980158730252,0.0025374170823600282,0.0002792670989085702,0.0,0.23584292691435546,0.0
4932.YKR087C,0.002585649644473174,0.011090394401832291,0.2349707520434039,0.0,0.00017947928629419586,0.0,,0.00019553820474464906,770.907142857152,0.0016005309323088195,0.0001794792862941962,0.0,0.2491619724813002,0.0
4932.YDL087C,0.0003232062055591467,1.6348008063772408e-05,0.17116664686905286,0.0,0.0,0.0,,0.0,546.7281746031783,0.0004330124672230685,0.0,0.0,0.1767059387857707,0.0
4932.YJR153W,0.0003232062055591467,0.0003933527217852911,0.19703985176179017,0.0,0.0,0.0,,0.0,632.4111111111125,7.331236935073591e-06,0.0,0.0,0.2043991955756662,0.0
4932.YDR060W,0.0009696186166774402,0.0007256778926461209,0.21125141659474223,0.0,0.00016277730285037395,0.0,,0.00019193676500468888,685.1349206349273,0.001899268188256955,0.00016277730285037452,0.0,0.22143985799447982,0.0
4932.YDL093W,0.0006464124111182935,0.00028053814334401227,0.19930657249948072,0.0,4.0806341415685696e-05,0.0,,5.3261893889246826e-05,643.2551587301621,9.5051658355403e-05,4.080634141568573e-05,0.0,0.20790405905952125,0.0
4932.YJR142W,0.003555268261150614,0.006008327352923556,0.23873844741607247,0.0,0.002940441986414058,0.0,,0.0030327098422582143,788.029761904773,0.0007320536866073278,0.002940441986414056,0.0,0.25469610921291597,0.0
4932.YDL095W,0.0006464124111182935,7.292100172243424e-05,0.186486670321616,0.0,6.826690565495573e-05,0.0,,9.160106334453649e-05,599.4432539682556,0.0003094859401366524,6.826690565495565e-05,0.0,0.19374377956310732,0.0
4932.YDR097C,0.002585649644473174,0.003183022741482746,0.2281812076436823,0.0,0.0011614028170350726,0.0,,0.0012552040605025084,749.0071428571528,0.0006111801838760296,0.0011614028170350748,0.0,0.24208375657955492,0.0
4932.YER171W,0.0009696186166774402,0.001307196781598316,0.21368322390193242,0.0,8.701825616771558e-05,0.0,,0.00010608264252126391,696.7658730158794,0.00034223203917658893,8.701825616771554e-05,0.0,0.22519905398056658,0.0
4932.YJL141C,0.002262443438914027,0.006484356713516632,0.24048575497266353,0.0,0.000625833293766061,0.0,,0.0007394120722116992,792.56904761906,1.6649695602902586e-05,0.0006258332937660631,0.0,0.25616323452457906,0.0
4932.YOR005C,0.0019392372333548805,0.005786171889560096,0.2504515655651,0.0,0.0009625909022196921,0.0,,0.0010710783069526222,824.5797619047751,0.00017188657731661384,0.0009625909022196932,0.0,0.26650929602610274,0.0
4932.YPL140C,0.004524886877828054,0.015117491227151423,0.2638108314285762,0.0,0.0011218583893419201,0.0,,0.0011553368822848846,878.7154761904926,0.0005995726235656393,0.001121858389341925,0.0,0.28400629482562256,0.0
4932.YDL103C,0.002262443438914027,0.0003502008061549447,0.21069090281250383,0.0,0.0007931511368044745,0.0,,0.000936316500857025,687.1396825396895,0.0030545695456395245,0.0007931511368044753,0.0,0.22208780948276746,0.0
4932.YJR131W,0.001292824822236587,0.000945753729234024,0.2155360151820894,0.0,0.0002427133991572066,0.0,,0.0002700712528277509,701.2678571428635,0.00020591566597041075,0.00024271339915720637,0.0,0.22665412318773662,0.0
4932.YNL123W,0.0016160310277957336,4.38009719498263e-05,0.1896539620088935,0.0,0.00022688962361597554,0.0,,0.00029045238663949355,611.727380952383,0.0012821105969777042,0.00022688962361597548,0.0,0.1977140856342537,0.0
4932.YNL255C,0.001292824822236587,0.0014542940347270145,0.21263419885153614,0.0,0.00020151375652671967,0.0,,0.00022211368929691798,689.3539682539741,0.0008431862376997946,0.00020151375652671956,0.0,0.22280348036650557,0.0
4932.YHR204W,0.001292824822236587,0.000203478496493588,0.20750973935540445,0.0,0.0002619005845432214,0.0,,0.000331541949862358,673.1896825396886,0.0013313721198815929,0.00026190058454322174,0.0,0.21757908291521735,0.0
4932.YDL104C,0.0006464124111182935,1.491619918821197e-05,0.16668537430670854,0.0,0.0,0.0,,0.0,533.8833333333401,0.000543485697777553,0.0,0.0,0.1725544063779358,0.0
4932.YJL069C,0.0006464124111182935,1.491619918821197e-05,0.16668537430670854,0.0,0.0,0.0,,0.0,533.8833333333401,0.0005671235428716716,0.0,0.0,0.1725544063779358,0.0
4932.YKL134C,0.0029088558500323207,0.00038541919510979753,0.2016260522894662,0.0,0.0020563910250596526,0.0,,0.0021752498151772245,658.219444444447,0.0015012413800752945,0.0020563910250596556,0.0,0.21274060906413847,0.0
4932.YDL106C,0.0003232062055591467,2.418379811269855e-36,0.0003232062055591467,0.0,0.0,0.0,,0.0,1.0,9.205022199343886e-06,0.0,0.0,0.0003232062055591467,0.0
4932.YDL107W,0.0003232062055591467,2.418379811269855e-36,0.0003232062055591467,0.0,0.0,0.0,,0.0,1.0,9.205022199343886e-06,0.0,0.0,0.0003232062055591467,0.0
4932.YKL018W,0.001292824822236587,0.0015965855537792254,0.2270575194090589,0.0,0.00023712705618683213,0.0,,0.0002955146417046867,739.2333333333424,0.0003511187447537239,0.0002371270561868322,0.0,0.23892480068950658,0.0
4932.YDL109C,0.001292824822236587,0.0010744937950494895,0.21509813162980074,0.0,0.00037797760252826333,0.0,,0.0003866468850382612,700.3373015873076,0.00021319921328749402,0.0003779776025282634,0.0,0.22635336185756352,0.0
4932.YDR287W,0.0009696186166774402,0.0001037954854676997,0.18652317430249588,0.0,0.00012234522810017495,0.0,,0.00014972954318432768,599.3492063492071,0.0002163782124536352,0.00012234522810017487,0.0,0.19371338278901304,0.0
4932.YLR410W,0.0019392372333548805,0.001692207978157511,0.21677820348525456,0.0,0.0008888351584627971,0.0,,0.0009533090562188856,705.5702380952448,0.0011809678632469347,0.0008888351584628002,0.0,0.22804467941022563,0.0
4932.YDL113C,0.0003232062055591467,8.201917984731422e-05,0.1819408203513271,0.0,0.0,0.0,,0.0,581.7976190476193,6.049636338758504e-05,0.0,0.0,0.1880406008557269,0.0
4932.YGL130W,0.0016160310277957336,0.002200464054092363,0.2244017716743898,0.0,0.001273816117211548,0.0,,0.0012848157580604776,731.6321428571509,0.0007213151885513767,0.0012738161172115463,0.0,0.23646804875796473,0.0
4932.YDL114W,0.0006464124111182935,7.911828859279702e-05,0.1878839414630333,0.0,3.715027450817686e-05,0.0,,5.207212242186879e-05,603.974206349208,8.479190849870124e-05,3.715027450817686e-05,0.0,0.19520821148972411,0.0
4932.YLL011W,0.0009696186166774402,0.0017821633981743377,0.22312317900094064,0.0,0.00048204690457887613,0.0,,0.00046465602421636245,727.665476190484,0.00030034203472961333,0.00048204690457887613,0.0,0.23518599747591343,0.0
4932.YML115C,0.002262443438914027,0.0003406942284720575,0.20579181983730846,0.0,0.001031045340988082,0.0,,0.001233686309584139,670.7484126984182,0.0008783145025878534,0.0010310453409880837,0.0,0.21679004935307458,0.0
4932.YDL117W,0.0003232062055591467,0.00022573011841290394,0.2018966148287345,0.0,0.0,0.0,,0.0,649.9384920634969,0.00016165808036417483,0.0,0.0,0.21006415386667487,0.0
4932.YDL119C,0.0003232062055591467,2.418379811269855e-36,0.0003232062055591467,0.0,0.0,0.0,,0.0,1.0,2.8476720754333258e-05,0.0,0.0,0.0003232062055591467,0.0
4932.YGL155W,0.0003232062055591467,2.418379811269855e-36,0.0003232062055591467,0.0,0.0,0.0,,0.0,1.0,2.8476720754333258e-05,0.0,0.0,0.0003232062055591467,0.0
4932.YDL122W,0.0003232062055591467,5.4037248278980245e-05,0.17597132467590348,0.0,0.0,0.0,,0.0,562.8174603174622,0.0001789897837984035,0.0,0.0,0.181906095771642,0.0
4932.YEL071W,0.0029088558500323207,0.0012952661352961263,0.23146997322753457,0.0,0.0010733627915211837,0.0,,0.0011371259788010815,761.7380952381058,0.0004754678019911365,0.0010733627915211843,0.0,0.24619847939175668,0.0
4932.YDL178W,0.0029088558500323207,0.0012816745890052777,0.2327325709810349,0.0,0.0011746285924534386,0.0,,0.0011818400342760414,766.1785714285816,0.0008076847899797083,0.0011746285924534438,0.0,0.24763366885215626,0.0
4932.YDL126C,0.006787330316742082,0.020558141363081227,0.2682419226198791,0.0,0.0023175113848683104,0.0,,0.0022511708984204607,898.1476190476371,0.0004425589563435191,0.002317511384868305,0.0,0.290286883984363,0.0
4932.YDR109C,0.004524886877828054,0.009003811725040122,0.2512660779959613,0.0,0.003365370956986694,0.0,,0.0032140312644355243,830.6988095238225,0.0013682743922414247,0.003365370956986693,0.0,0.26848701018869087,0.0
4932.YMR015C,0.0019392372333548805,0.0029874836928022517,0.23560983840435604,0.0,0.00045877806972160145,0.0,,0.0005221174164577481,771.2880952381063,0.000508694964260742,0.0004587780697216012,0.0,0.24928509865484655,0.0
4932.YNR067C,0.0009696186166774402,0.000523301643252546,0.21090852658698922,0.0,3.9467524155121535e-05,0.0,,4.890680421302388e-05,682.9452380952434,0.00028315525217179267,3.94675241551215e-05,0.0,0.22073213900944993,0.0
4932.YNR013C,0.001292824822236587,0.0007557281948785189,0.21833454283663423,0.0,0.00019281820091672684,0.0,,0.00020431792010344277,709.7535714285776,0.0009066245411833223,0.0001928182009167276,0.0,0.22939675870348136,0.0
4932.YGR175C,0.002585649644473174,0.0010445882119557899,0.22796285242105677,0.0,0.0013023307734443834,0.0,,0.0013893617370207795,746.1095238095329,0.0018649784272274036,0.0013023307734443788,0.0,0.24114722812201803,0.0
4932.YLR144C,0.0009696186166774402,0.000523301643252546,0.21090852658698922,0.0,3.9467524155121535e-05,0.0,,4.890680421302388e-05,682.9452380952434,0.00021527764720182793,3.94675241551215e-05,0.0,0.22073213900944993,0.0
4932.YOR316C,0.0016160310277957336,0.00029472287462155674,0.20294293407355188,0.0,0.0002525470350365193,0.0,,0.00030056549061303976,658.5916666666711,0.00024792975602509537,0.0002525470350365192,0.0,0.21286091359620773,0.0
4932.YDR294C,0.002262443438914027,0.0002591348842013796,0.20039636658675442,0.0,0.0015207998003473864,0.0,,0.001558479608998964,651.1861111111167,0.0010847228069373821,0.0015207998003473901,0.0,0.21046739208503915,0.0
4932.YDL132W,0.0009696186166774402,0.0001590914032341486,0.196660303340675,0.0,0.00016796668561322307,0.0,,0.000190248342436059,635.6539682539704,0.0008214237983907102,0.00016796668561322255,0.0,0.2054473071279794,0.0
4932.YJR035W,0.0029088558500323207,0.014860737618433803,0.24733121382246515,0.0,0.00024408254405970827,0.0,,0.0003047338824244814,814.4666666666791,0.00033933778869841576,0.00024408254405970805,0.0,0.2632406808877397,0.0
4932.YNL219C,0.0019392372333548805,0.0036925295958984733,0.23445043626343406,0.0,0.0009593491949275059,0.0,,0.0011414350188006714,767.2940476190569,0.0010342544589059123,0.0009593491949275065,0.0,0.24799419767907163,0.0
4932.YGL201C,0.005817711700064641,0.01871133475812052,0.24690397040594678,0.0,0.0017414741596451155,0.0,,0.0016360041343303727,818.2916666666788,0.0011403224189153,0.0017414741596451146,0.0,0.26447694462400345,0.0
4932.YDL136W,0.0006464124111182935,3.162980948934487e-05,0.17862123027743387,0.0,1.783289510236255e-05,0.0,,2.0823550420359522e-05,573.2055555555572,0.0004994545221029541,1.7832895102362532e-05,0.0,0.18526359261653377,0.0
4932.YIL020C,0.0019392372333548805,0.0004633548699913749,0.20151234804455462,0.0,0.0008971105208743712,0.0,,0.0009332644436416755,652.7821428571463,0.001258167630932252,0.000897110520874371,0.0,0.210983239449626,0.0
4932.YGL022W,0.0016160310277957336,0.00038537183763588586,0.2065203127698347,0.0,0.000858817858951074,0.0,,0.0008875592852687346,672.2873015873081,0.0013516020093451782,0.0008588178589510755,0.0,0.2172874277916295,0.0
4932.YHR176W,0.006787330316742082,0.004445459324156473,0.22948175077145797,0.0,0.0011743786945156711,0.0,,0.0012147869651970124,763.4265873015971,0.0002391835727676307,0.001174378694515674,0.0,0.24674421050471473,0.0
4932.YLR240W,0.0019392372333548805,0.0021362621927443503,0.2137151741447407,0.0,0.0007509783330931853,0.0,,0.0007698705709288597,697.3234126984189,0.0003687930726247107,0.0007509783330931848,0.0,0.22537925426580888,0.0
4932.YLR344W,0.0019392372333548805,0.005771463222671317,0.24743825580888532,0.0,0.0006937474301356758,0.0,,0.0008081093261289134,815.3916666666807,0.0013015117057089106,0.0006937474301356786,0.0,0.26353964662788193,0.0
4932.YDL138W,0.001292824822236587,0.0021110107694495527,0.22043909387415575,0.0,6.888481649851944e-05,0.0,,7.624762944948248e-05,719.2833333333418,2.5608861619897428e-06,6.888481649851946e-05,0.0,0.23247683688860157,0.0
4932.YJL030W,0.0009696186166774402,0.0010770553745367575,0.21555226733223135,0.0,2.773467937340024e-06,0.0,,2.698394521907428e-06,699.0869047619124,0.0011383206124932412,2.7734679373400243e-06,0.0,0.2259492258441838,0.0
4932.YNL312W,0.001292824822236587,0.0013305376777521176,0.2127449705559315,0.0,4.4175351562895945e-05,0.0,,5.5551810114265876e-05,691.4273809523886,0.00038884308425855645,4.4175351562895945e-05,0.0,0.2234736202173177,0.0
4932.YOL090W,0.003555268261150614,0.004246667301744754,0.2378248061031657,0.0,0.002179358554850889,0.0,,0.0023228113709697364,785.9226190476301,0.0018899233382473756,0.002179358554850886,0.0,0.25401506756548775,0.0
4932.YLR289W,0.005171299288946348,0.013776729070843268,0.26004313375421195,0.0,0.004311064844183594,0.0,,0.004638677003835059,865.7750000000175,0.006650958893484586,0.004311064844183598,0.0,0.27982385261797027,0.0
4932.YEL013W,0.0009696186166774402,0.0005856335378973033,0.20735921727550063,0.0,0.000639138450807783,0.0,,0.0006482878481388041,670.0142857142911,0.0008885388324854488,0.0006391384508077822,0.0,0.2165527749561363,0.0
4932.YDL142C,0.0019392372333548805,0.0013347751775458286,0.2238745531646998,0.0,0.00033447319072821855,0.0,,0.0004282488545383539,730.8384920635008,0.0018127379237481435,0.00033447319072822006,0.0,0.23621153589640984,0.0
4932.YJL127C,0.001292824822236587,0.007043114509489747,0.22576640099194847,0.0,2.210696092282761e-06,0.0,,2.2172443879655637e-06,735.2940476190557,0.0001498278141701125,2.210696092282761e-06,0.0,0.23765159910117895,0.0
4932.YLL045C,0.004524886877828054,0.015277016404566414,0.24558884616495288,0.0,0.0014643221729102435,0.0,,0.0012833202595546368,811.1773809523921,0.001975757010236882,0.0014643221729102435,0.0,0.26217756333302555,0.0
4932.YLR359W,0.003555268261150614,0.01547254348329472,0.23512536349399998,0.0,0.0005243441377937506,0.0,,0.0005056213991015389,772.9880952381044,0.0014825083889955456,0.0005243441377937508,0.0,0.2498345492042971,0.0
4932.YMR161W,0.0029088558500323207,0.01255754402368213,0.2313762986127116,0.0,0.0007012232498175154,0.0,,0.0006413779446611955,757.6833333333419,0.0005009694777208403,0.0007012232498175146,0.0,0.24488795518207282,0.0
4932.YGR245C,0.0029088558500323207,0.00966828132744731,0.23404733661045127,0.0,0.0004262614098418638,0.0,,0.0004766824774861632,768.4976190476285,0.0009866796668440635,0.00042626140984186383,0.0,0.2483831994336196,0.0
4932.YOL127W,0.003232062055591467,0.011623231983792335,0.2474168400000045,0.0,0.001993568634941683,0.0,,0.0020068467684097005,819.2773809523939,0.0012983368735973923,0.0019935686349416876,0.0,0.2647955335980546,0.0
4932.YHL033C,0.004524886877828054,0.015277016404566414,0.24558884616495288,0.0,0.0014643221729102435,0.0,,0.0012833202595546368,811.1773809523922,0.0023107698599299994,0.0014643221729102435,0.0,0.26217756333302555,0.0
4932.YDR312W,0.0006464124111182935,0.0031821964183752207,0.21532496003013346,0.0,1.3048745729037993e-07,0.0,,1.9497035308580257e-07,697.8714285714345,3.7468760191056034e-06,1.3048745729037993e-07,0.0,0.22555637639671255,0.0
4932.YDL144C,0.001292824822236587,0.0006129154095142749,0.19717576006070162,0.0,2.7807768415686112e-05,0.0,,3.213667805776254e-05,636.2773809523839,0.0002168479320364115,2.780776841568605e-05,0.0,0.20564879798073077,0.0
4932.YLR213C,0.0029088558500323207,0.03246465823792185,0.2451045330841166,0.0,7.184176819608828e-05,0.0,,7.29954743972154e-05,808.4357142857281,0.00035713226662482413,7.184176819608798e-05,0.0,0.2612914396527842,0.0
4932.YDL147W,0.001292824822236587,0.0006098472897812105,0.2090576400000038,0.0,0.0001723139481605459,0.0,,0.00020702748971210426,678.8873015873061,0.0006785806611672882,0.00017231394816054596,0.0,0.21942058874831985,0.0
4932.YDL164C,0.0019392372333548805,0.0007181058752299071,0.21458145694040323,0.0,0.0005696525284585692,0.0,,0.0007472163064850673,700.9468253968314,0.0020224972339914064,0.0005696525284585706,0.0,0.22655036373523768,0.0
4932.YDL148C,0.002262443438914027,0.00982862906308465,0.22940808677955637,0.0,2.6131689524432452e-05,0.0,,2.7115754342712956e-05,751.4047619047709,0.00018712595665619847,2.6131689524432452e-05,0.0,0.2428586819343122,0.0
4932.YMR128W,0.005494505494505494,0.01160790969688765,0.2545551352947509,0.0,0.001437033933647305,0.0,,0.0014752587770912988,844.9535714285847,8.146775695315429e-05,0.0014370339336473065,0.0,0.273094237695078,0.0
4932.YDL149W,0.0009696186166774402,8.433042871451146e-05,0.1895282217967282,0.0,5.148222606012982e-05,0.0,,5.9133426077889684e-05,609.0373015873032,0.00046126555608085544,5.1482226060129776e-05,0.0,0.19684463529001345,0.0
4932.YMR034C,0.0009696186166774402,0.0017483889645782697,0.2139871374623888,0.0,3.2309898258872176e-05,0.0,,4.5220161230094994e-05,693.0944444444511,0.00024266653536945425,3.2309898258872196e-05,0.0,0.22401242548301373,0.0
4932.YGL205W,0.0019392372333548805,0.0021506191428113113,0.22303613711165263,0.0,0.0003652931519953875,0.0,,0.0004264469243414461,726.1035714285792,0.00022780566343172975,0.00036529315199538897,0.0,0.23468118016437342,0.0
4932.YMR277W,0.002585649644473174,0.008322997722456423,0.24150157720368776,0.0,0.0005146294610649833,0.0,,0.0005895264348179236,793.8809523809634,0.002165735778335308,0.0005146294610649839,0.0,0.2565872502847293,0.0
4932.YLR189C,0.002262443438914027,0.009404577478475357,0.243289716541281,0.0,0.00043351731639422263,0.0,,0.00048121254341164897,801.6869047619163,0.0024730379506934025,0.0004335173163942222,0.0,0.25911018253455226,0.0
4932.YPR068C,0.0019392372333548805,0.008954879984635978,0.24000118960289243,0.0,9.10808963711222e-05,0.0,,0.00011205284351947934,788.0690476190591,1.9779616135053593e-06,9.10808963711221e-05,0.0,0.2547088065995629,0.0
4932.YNL240C,0.003232062055591467,0.028386925996848226,0.24476874470074939,0.0,0.002569048396946892,0.0,,0.002517880943052978,807.2857142857281,0.00015921086217499268,0.0025690483969468955,0.0,0.26091975251639116,0.0
4932.YJL036W,0.004524886877828054,0.00843294166349655,0.24821170177650878,0.0,0.0063941648845909855,0.0,,0.006782756404950003,821.3892857142991,0.00239498787249691,0.00639416488459101,0.0,0.26547811432265217,0.0
4932.YOL040C,0.004524886877828054,0.04821975481940295,0.2511556992936261,0.0,0.002451368007700257,0.0,,0.002186712110868548,832.557142857157,0.00040536105465548464,0.002451368007700264,0.0,0.2690876350540216,0.0
4932.YDR091C,0.004524886877828054,0.046982609787803005,0.2548956013695989,0.0,0.0018598310894620055,0.0,,0.0017451829607656557,845.2404761904916,0.0010375966676850676,0.0018598310894620113,0.0,0.2731869670945301,0.0
4932.YER165W,0.002262443438914027,0.028490806442452006,0.24694662831375708,0.0,0.0004189735716267573,0.0,,0.0003918778377766089,813.2011904762043,0.0006346321320633486,0.0004189735716267578,0.0,0.26283167112999045,0.0
4932.YER093C,0.0009696186166774402,0.011154568214822348,0.23758761380984475,0.0,1.6166809979795482e-05,0.0,,2.5450774464077266e-05,777.5142857142978,0.00014206158310281714,1.6166809979795486e-05,0.0,0.2512974420537446,0.0
4932.YER166W,0.0016160310277957336,0.001076102853320912,0.21820121894206945,0.0,0.0005071002178018385,0.0,,0.0005091784061730549,708.937301587309,0.00015585499471830426,0.0005071002178018352,0.0,0.2291329352253722,0.0
4932.YLR209C,0.0009696186166774402,0.0011741605197276024,0.21940702811881585,0.0,8.676673348014912e-05,0.0,,0.0001143369537429273,712.0265873015942,0.00022200003125288326,8.676673348014903e-05,0.0,0.23013141153897454,0.0
4932.YKL210W,0.004201680672268907,0.0015221353199643876,0.23070407306593915,0.0,0.0018990719377000491,0.0,,0.002139442666382796,761.3813492063607,0.0073546157278718246,0.0018990719377000467,0.0,0.24608317686048778,0.0
4932.YJR117W,0.0006464124111182935,0.000245829181644541,0.18621941042017143,0.0,2.172459483641496e-05,0.0,,2.8704774272769202e-05,599.2638888888911,0.00026154143778752277,2.1724594836414965e-05,0.0,0.1936858076563959,0.0
4932.YDL165W,0.0003232062055591467,7.500444243328076e-06,0.16193588451594923,0.0,0.0,0.0,,0.0,516.9115079365183,0.0005328085480153592,0.0,0.0,0.16706900709001551,0.0
4932.YNR029C,0.0019392372333548805,0.00020123744755363852,0.19473121044687,0.0,0.0009525476317135851,0.0,,0.0010270016968451038,632.1031746031772,0.0016169525974584383,0.000952547631713585,0.0,0.20429966858538287,0.0
4932.YKL019W,0.0009696186166774402,0.00018796215313326842,0.19908448842955997,0.0,5.054335544718808e-05,0.0,,7.179131004053268e-05,642.0234126984158,0.0008340833083233678,5.0543355447188115e-05,0.0,0.20750595109838807,0.0
4932.YFL001W,0.0019392372333548805,0.001317698022416671,0.20829599018945294,0.0,0.00018948411502310667,0.0,,0.00022882836519740222,675.2166666666715,0.0010222176920380245,0.00018948411502310675,0.0,0.21823421676362853,0.0
4932.YOL010W,0.0003232062055591467,0.00043589201947635993,0.2049067571758334,0.0,0.0,0.0,,0.0,664.0031746031792,0.0007587830227341947,0.0,0.0,0.21460994654271964,0.0
4932.YDR062W,0.005494505494505494,0.003237135429170672,0.24603271962819964,0.0,0.0032210711685985837,0.0,,0.0035239914498217694,819.013095238109,0.0010276218980186692,0.00322107116859857,0.0,0.2647101148151568,0.0
4932.YMR296C,0.003232062055591467,0.0013409986319616188,0.23001723280978853,0.0,0.002230287187240444,0.0,,0.0023522916725873554,755.6178571428666,0.0019047994893838386,0.002230287187240453,0.0,0.24422038045987626,0.0
4932.YDR214W,0.0016160310277957336,0.0004861702339647487,0.20853911360957483,0.0,0.0015128495639913624,0.0,,0.0015489672765344729,679.3246031746086,0.0013949477046430424,0.001512849563991369,0.0,0.2195619273350366,0.0
4932.YOL093W,0.003232062055591467,0.0006691602530008657,0.22067733282075436,0.0,0.0023993199372367288,0.0,,0.002544089020070765,724.6051587301671,0.0017806969828388724,0.0023993199372367327,0.0,0.23419688388175783,0.0
4932.YOL043C,0.0019392372333548805,0.002203683608785541,0.22535704922034305,0.0,0.0010353870417634022,0.0,,0.0010476626551491673,735.8559523809606,0.0021407248889602983,0.0010353870417634037,0.0,0.2378332102071598,0.0
4932.YGL150C,0.0029088558500323207,0.006967185259563447,0.23450813530435208,0.0,0.0009383686321442172,0.0,,0.0009684254147939788,769.4214285714385,0.0010021023965579134,0.0009383686321442194,0.0,0.24868178040446948,0.0
4932.YNL281W,0.0003232062055591467,0.00043589201947635993,0.2049067571758334,0.0,0.0,0.0,,0.0,664.0031746031792,0.00035568815092426755,0.0,0.0,0.21460994654271964,0.0
4932.YHR089C,0.005171299288946348,0.014173352539287129,0.2511777672752879,0.0,0.0035418714698800266,0.0,,0.0034628761886738428,835.7392857142979,0.004167181981729457,0.0035418714698800245,0.0,0.2701161233724259,0.0
4932.YJL068C,0.0019392372333548805,0.0008600662555673825,0.2249845875460453,0.0,0.0009709517777713026,0.0,,0.0010385077117466088,735.0464285714351,0.003907955342417253,0.000970951777771302,0.0,0.23757156708837382,0.0
4932.YDL171C,0.003878474466709761,0.005074367096388449,0.24968592622587577,0.0,0.0020351782929699494,0.0,,0.002443893664805676,823.984523809537,0.0011974112896781268,0.002035178292969944,0.0,0.26631691137993657,0.0
4932.YHR042W,0.0029088558500323207,0.004136352898599751,0.23075994263481206,0.0,0.0009745583260178849,0.0,,0.0011365693433114167,757.0503968254066,0.0007176525796228115,0.0009745583260178846,0.0,0.2446833861749828,0.0
4932.YPL019C,0.001292824822236587,0.000563132552508528,0.21309386279240042,0.0,0.00017491146595213298,0.0,,0.00026778234187584317,689.5753968254037,0.0004602224035736088,0.00017491146595213306,0.0,0.2228750474548794,0.0
4932.YER019W,0.0016160310277957336,0.0008800869328935457,0.22172141234468717,0.0,0.0003167128678738379,0.0,,0.00037048811677279015,723.2178571428644,0.0006348272890905021,0.0003167128678738396,0.0,0.23374849939975992,0.0
4932.YFL004W,0.001292824822236587,0.001024677386819711,0.2218246426134905,0.0,0.00011681435516226571,0.0,,0.00014989642179128175,720.8202380952467,0.00041300574664893,0.0001168143551622657,0.0,0.23297357404500263,0.0
4932.YPR048W,0.002262443438914027,0.0006023465543189304,0.2152763136802509,0.0,0.0009190002903815322,0.0,,0.0010827289020449286,702.8956349206408,0.002314480852984886,0.0009190002903815306,0.0,0.2271802310667857,0.0
4932.YGR286C,0.002585649644473174,0.0023786519910899123,0.23337857534166478,0.0,0.0004881161005347305,0.0,,0.0005385739802738803,767.5714285714396,0.0015316627260116694,0.0004881161005347303,0.0,0.24808384892418506,0.0
4932.YLR163C,0.002585649644473174,0.0013937118108791617,0.23061101721200805,0.0,0.001351808542560764,0.0,,0.0014472398876496863,756.3325396825488,0.0011027358236937227,0.0013518085425607653,0.0,0.24445137029170644,0.0
4932.YPL225W,0.0009696186166774402,0.00022601125689210918,0.21566610104564707,0.0,0.0002114185683291434,0.0,,0.0002620837342582844,700.1035714285781,0.0008398715777771578,0.00021141856832914316,0.0,0.2262778188198356,0.0
4932.YDL177C,0.0006464124111182935,4.4280975623075325e-05,0.16943184977240705,0.0,5.2248012537851075e-08,0.0,,5.2248012537851075e-08,539.9507936507983,0.000177393339125509,5.2248012537851075e-08,0.0,0.17451544720452283,0.0
4932.YIR035C,0.001292824822236587,0.0005940713583386305,0.20564377881879375,0.0,0.00035035375102885084,0.0,,0.0003659772874476736,664.4396825396867,0.00045373036500559477,0.00035035375102885106,0.0,0.21475102861657483,0.0
4932.YIR036C,0.001292824822236587,0.0005940713583386305,0.20564377881879375,0.0,0.00035035375102885084,0.0,,0.0003659772874476736,664.4396825396867,0.00038228252080429467,0.00035035375102885106,0.0,0.21475102861657483,0.0
4932.YPL147W,0.001292824822236587,0.00013947549744201544,0.19392538968591358,0.0,0.00020548089650440236,0.0,,0.00022593609757197804,626.9253968253989,0.00015830290741714216,0.00020548089650440234,0.0,0.20262617867659888,0.0
4932.YKL188C,0.0009696186166774402,0.0001955809008102387,0.20354985540871914,0.0,4.579816608988535e-05,0.0,,5.471570725344216e-05,658.8968253968278,5.828203721375772e-05,4.579816608988535e-05,0.0,0.21295954279147558,0.0
4932.YDL183C,0.0003232062055591467,0.0002346577969594877,0.190627778698323,0.0,0.0,0.0,,0.0,613.4087301587319,0.00040321895741675314,0.0,0.0,0.1982575081314577,0.0
4932.YLL006W,0.0009696186166774402,0.0002493052943968343,0.19312621060397595,0.0,0.0001443445267534664,0.0,,0.00017696322595104672,623.9718253968276,0.000715197027324825,0.0001443445267534664,0.0,0.20167156606232234,0.0
4932.YFL044C,0.0006464124111182935,0.0006072667551298186,0.20690895840764706,0.0,5.6018390216546065e-05,0.0,,6.972880162779044e-05,670.075396825402,0.00043609770767487604,5.6018390216546024e-05,0.0,0.21657252644647604,0.0
4932.YDL190C,0.0006464124111182935,0.00047858252261650315,0.19478428518397736,0.0,4.903856900507688e-05,0.0,,5.5678485354763126e-05,626.5349206349217,0.0007238714446525272,4.903856900507687e-05,0.0,0.20249997434871386,0.0
4932.YHR018C,0.003232062055591467,0.00028274728710159794,0.2167453309090948,0.0,0.0015783092599925528,0.0,,0.001835287773862735,708.2773809523898,0.004253455972419914,0.0015783092599925567,0.0,0.22891964478098933,0.0
4932.YDL191W,0.0006464124111182935,3.162980948934487e-05,0.17862123027743387,0.0,1.783289510236255e-05,0.0,,2.0823550420359522e-05,573.2055555555572,0.0004994545221031748,1.7832895102362532e-05,0.0,0.18526359261653377,0.0
4932.YER074W,0.004201680672268907,0.010426502621431915,0.24584229182662987,0.0,0.000980270348849438,0.0,,0.0009247674301946484,814.3202380952522,0.0002537018202692595,0.000980270348849436,0.0,0.26319335426478285,0.0
4932.YGR034W,0.0009696186166774402,0.0008757408874222343,0.21143891785207483,0.0,6.610516107208185e-05,0.0,,7.267683241695273e-05,688.0436507936581,0.0012888262674413814,6.610516107208184e-05,0.0,0.22237997763207848,0.0
4932.YIL069C,0.004201680672268907,0.010426502621431915,0.24584229182662987,0.0,0.000980270348849438,0.0,,0.0009247674301946484,814.3202380952522,0.0002537018202694802,0.000980270348849436,0.0,0.26319335426478285,0.0
4932.YLR303W,0.002585649644473174,0.005653516708857182,0.24166490568603025,0.0,0.0008552032724988627,0.0,,0.0009423893805923613,796.3988095238221,0.0012057743354742165,0.000855203272498862,0.0,0.2574010373380121,0.0
4932.YMR101C,0.0019392372333548805,0.00019260556899215677,0.19573119954536472,0.0,0.00023367335855228755,0.0,,0.00025724211627794374,635.8662698412726,0.0005850562280882138,0.00023367335855228752,0.0,0.20551592431844534,0.0
4932.YDL194W,0.0003232062055591467,1.3501999408974697e-06,0.15236404271186718,0.0,0.0,0.0,,0.0,483.1647186147341,1.0973242074093633e-07,0.0,0.0,0.15616183536351602,0.0
4932.YOR211C,0.0009696186166774402,3.622327212539232e-05,0.18105352899867325,0.0,0.0006553890753560792,0.0,,0.0006683802247042089,580.6595238095254,0.0003908793846275098,0.0006553890753560781,0.0,0.1876727614122572,0.0
4932.YJL002C,0.0019392372333548805,0.0005421983842356061,0.20822013033433256,0.0,0.00017598637424798839,0.0,,0.00021147242066586289,676.1253968254027,0.0004940155906728586,0.00017598637424798866,0.0,0.21852792399010887,0.0
4932.YDL198C,0.0006464124111182935,5.2410308517821724e-05,0.18892698231181362,0.0,6.93071489882632e-05,0.0,,8.819222576096323e-05,607.6678571428597,0.00023369116414482052,6.930714898826325e-05,0.0,0.1964020223474005,0.0
4932.YGR274C,0.0016160310277957336,0.00022292292583091006,0.20196793622721856,0.0,0.0007014138530431642,0.0,,0.0008208927068879574,654.6361111111142,0.0007977685905713143,0.0007014138530431643,0.0,0.2115824534942182,0.0
4932.YDL199C,0.002262443438914027,0.0012886955087009666,0.2062521045714323,0.0,4.125457462149317e-05,0.0,,4.4040569149566444e-05,673.2539682539732,1.6229054655441123e-05,4.1254574621493185e-05,0.0,0.21759986045700333,0.0
4932.YDR343C,0.004848093083387201,0.0056202958843917655,0.2355321882969475,0.0,0.0007327091107186847,0.0,,0.0006656460693394125,780.9642857142962,1.0639414773109367e-05,0.0007327091107186869,0.0,0.2524125034629236,0.0
4932.YDR342C,0.004524886877828054,0.005921434837119471,0.24044529980318377,0.0,0.00074632836115708,0.0,,0.0007144307431103937,797.0904761904882,9.528200384065204e-06,0.0007463283611570798,0.0,0.2576245882968572,0.0
4932.YDR497C,0.0029088558500323207,0.005129935913336213,0.23470067071921608,0.0,0.0005870670365001102,0.0,,0.0005778675118162367,773.6345238095356,0.0006746564538518604,0.0005870670365001111,0.0,0.25004347893003354,0.0
4932.YDL202W,0.0003232062055591467,5.738283602667741e-06,0.16339835206402126,0.0,0.0,0.0,,0.0,520.9218253968359,0.00039859213850253195,0.0,0.0,0.1683651665794523,0.0
4932.YOR209C,0.0009696186166774402,1.3998429637495647e-05,0.1776885982943841,0.0,0.00011361209695986311,0.0,,0.000140165739544044,571.7440476190495,0.0008014649989373391,0.00011361209695986303,0.0,0.18479122418198046,0.0
4932.YML104C,0.0003232062055591467,5.738283602667741e-06,0.16339835206402126,0.0,0.0,0.0,,0.0,520.9218253968359,0.0004496501246689811,0.0,0.0,0.1683651665794523,0.0
4932.YDL203C,0.0003232062055591467,8.30627597628381e-06,0.1640453442763716,0.0,0.0,0.0,,0.0,523.7615079365166,5.030073986083498e-05,0.0,0.0,0.16928296959809563,0.0
4932.YDR047W,0.0009696186166774402,0.0007276398683914849,0.20787188549738594,0.0,0.0007344025039158166,0.0,,0.0007616065651117113,675.4944444444501,0.0016762057897475654,0.0007344025039158163,0.0,0.21832399626517274,0.0
4932.YKL040C,0.0009696186166774402,8.941713869452323e-05,0.19610716672566728,0.0,9.556550981832525e-05,0.0,,0.00013116191567805703,633.4900793650825,0.0012354995518957365,9.556550981832529e-05,0.0,0.20474792481095003,0.0
4932.YDR140W,0.0009696186166774402,5.274273170641243e-05,0.1855666452035087,0.0,0.00010967667448277382,0.0,,0.00015595651521504493,597.8158730158748,0.0005478965243948179,0.00010967667448277391,0.0,0.193217799940489,0.0
4932.YGR248W,0.0009696186166774402,0.00013671908907138651,0.19545016883358757,0.0,0.00015307548395192703,0.0,,0.0001848094515158942,632.8440476190507,0.0002655807020928618,0.00015307548395192695,0.0,0.20453912334164434,0.0
4932.YDL207W,0.0003232062055591467,1.7538347207071627e-05,0.17129998617929362,0.0,0.0,0.0,,0.0,546.2555555555593,2.9724984918742994e-07,0.0,0.0,0.1765531853767148,0.0
4932.YGR278W,0.0009696186166774402,0.0004705458670202888,0.2084326773138937,0.0,0.0006391542542045565,0.0,,0.0006461145234905877,675.3361111111165,0.00031922735478147937,0.000639154254204556,0.0,0.21827282194929254,0.0
4932.YOR198C,0.0003232062055591467,5.296167264664287e-06,0.15904385052631867,0.0,0.0,0.0,,0.0,504.8317460317577,4.172841535075129e-06,0.0,0.0,0.16316475308071948,0.0
4932.YKR092C,0.0009696186166774402,0.000926716794862968,0.20003178009656788,0.0,0.000226700784969674,0.0,,0.00026640685864490405,646.5408730158771,0.00013750421508793882,0.00022670078496967358,0.0,0.20896602230635844,0.0
4932.YDL210W,0.0006464124111182935,3.0826008496527456e-05,0.18869004418218163,0.0,3.5336177310320196e-05,0.0,,4.555579815179537e-05,606.3543650793654,0.0002272942733093477,3.533617731032018e-05,0.0,0.19597749356152716,0.0
4932.YPL153C,0.003555268261150614,0.005387331855727928,0.23592095150285153,0.0,0.0009187339335681745,0.0,,0.0010862772682673012,774.6130952381052,4.6497145607266044e-05,0.0009187339335681756,0.0,0.2503597592883307,0.0
4932.YDL216C,0.0009696186166774402,0.0007043384135575426,0.21416348287084597,0.0,2.7263060194998762e-05,0.0,,2.722081296769384e-05,694.1511904761976,0.00015709029471461589,2.726306019499875e-05,0.0,0.22435397235817403,0.0
4932.YDL217C,0.0006464124111182935,0.00011092841189612126,0.18665714458766255,0.0,3.4283506231220494e-05,0.0,,4.862138559510415e-05,599.2000000000014,0.0005122239959593504,3.4283506231220466e-05,0.0,0.19366515837104073,0.0
4932.YHR100C,0.001292824822236587,0.0005803290938224957,0.21382707527564154,0.0,0.00046276793327231804,0.0,,0.0005796431819297633,694.0134920634979,0.0007295747525067834,0.00046276793327231977,0.0,0.22430946737669427,0.0
4932.YPR181C,0.0029088558500323207,0.0008181523197218922,0.21954183007142708,0.0,0.0005788500617069465,0.0,,0.0006637437200573755,718.5317460317541,0.004950860373842093,0.0005788500617069459,0.0,0.23223391920870912,0.0
4932.YDL225W,0.0006464124111182935,0.0008971145967377009,0.20452558985190325,0.0,1.9965451832357735e-05,0.0,,2.6478188094872085e-05,661.2920634920679,0.00016737087984156204,1.996545183235772e-05,0.0,0.21373369860764818,0.0
4932.YDL226C,0.0009696186166774402,0.0005032454068979245,0.20527460644550136,0.0,0.00011677901078958215,0.0,,0.00014007468269429044,664.9678571428602,0.001188570653198218,0.00011677901078958217,0.0,0.2149217379259396,0.0
4932.YGR207C,0.0029088558500323207,0.0004947310735586642,0.21244457263377317,0.0,0.0012206864768549166,0.0,,0.0013765370016254198,695.0964285714349,0.004901491433547221,0.0012206864768549142,0.0,0.2246594791762859,0.0
4932.YNR020C,0.001292824822236587,0.006378241276613655,0.22961077665542584,0.0,0.0008975990964783741,0.0,,0.000953392335891148,750.6214285714393,0.00027375460993974126,0.0008975990964783726,0.0,0.24260550373995754,0.0
4932.YLL023C,0.0006464124111182935,0.0007257653568563099,0.21187771785947612,0.0,0.00012628253451740546,0.0,,0.00016777275398893748,687.2218253968308,0.0002487985867756537,0.00012628253451740543,0.0,0.22211435856393838,0.0
4932.YER169W,0.002585649644473174,0.006278767998714665,0.23231647048842355,0.0,0.00019698749413148034,0.0,,0.0002062110550001995,760.2892857142959,0.00018197339443439345,0.00019698749413148012,0.0,0.24573021516298826,0.0
4932.YNL093W,0.003878474466709761,0.008276115328209203,0.25394458286933036,0.0,0.0007228908326517791,0.0,,0.0008243742580853472,839.4714285714442,0.0002062895433120939,0.0007228908326517794,0.0,0.2713223751038877,0.0
4932.YNL231C,0.0003232062055591467,7.133173261820041e-05,0.18532604015300172,0.0,0.0,0.0,,0.0,594.5253968253982,0.00021818555635775492,0.0,0.0,0.19215429761648248,0.0
4932.YNL264C,0.0003232062055591467,7.133173261820041e-05,0.18532604015300172,0.0,0.0,0.0,,0.0,594.525396825398,0.0003716178722039825,0.0,0.0,0.19215429761648248,0.0
4932.YGL106W,0.0019392372333548805,0.00035371022329277536,0.19784443002007418,0.0,0.0018408927558674513,0.0,,0.0018402232333044161,640.6468253968301,0.00043840255152106765,0.0018408927558674502,0.0,0.20706102954002115,0.0
4932.YKL103C,0.001292824822236587,0.0005957139479240076,0.21875223212121608,0.0,0.0011685662967275642,0.0,,0.001193030696886087,712.4492063492132,0.00042553700392080116,0.0011685662967275657,0.0,0.23026800463775254,0.0
4932.YHR113W,0.001292824822236587,0.00020988279424640464,0.20341949543585366,0.0,0.00044158516015831785,0.0,,0.0005056169996421997,659.4373015873066,0.0009804596442989173,0.0004415851601583186,0.0,0.21313422805019444,0.0
4932.YNL218W,0.0029088558500323207,0.005633072476919389,0.25262055225875324,0.0,0.002588421023574073,0.0,,0.0030838012145485154,834.8202380952516,0.002741469843707286,0.0025884210235740737,0.0,0.26981908147874534,0.0
4932.YKL045W,0.002262443438914027,0.0009758960882639912,0.21933968920126232,0.0,0.0005619448439919284,0.0,,0.0006769584411190754,715.4535714285796,0.0032489848371881932,0.0005619448439919282,0.0,0.23123903407516852,0.0
4932.YJR124C,0.001292824822236587,4.137498081199812e-05,0.18162870381600177,0.0,0.00012943212584706843,0.0,,0.00018660920465226837,583.2658730158748,0.00025466440973481377,0.00012943212584706827,0.0,0.18851514964960342,0.0
4932.YDL238C,0.002262443438914027,0.001363764740807341,0.22769049536917974,0.0,0.0012868934452067587,0.0,,0.001465578337944482,746.6297619047717,0.0011326416124541965,0.0012868934452067613,0.0,0.24131537230276728,0.0
4932.YJR152W,0.003555268261150614,0.002237228304012703,0.22576640099194847,0.0,0.002540255685029653,0.0,,0.002492527178303456,743.0206349206433,0.00019527555668808716,0.0025402556850296684,0.0,0.24014888006484647,0.0
4932.YGL123W,0.004201680672268907,0.004380372237549928,0.23081583927008897,0.0,0.0017191260475331498,0.0,,0.0018419853481183043,760.1678571428672,0.0031087030491325357,0.0017191260475331522,0.0,0.24569096869517035,0.0
4932.YLR390W-A,0.0003232062055591467,5.0829719608976646e-05,0.18409673939722127,0.0,0.0,0.0,,0.0,590.367063492064,0.00014194583160413314,0.0,0.0,0.1908102984783657,0.0
4932.YDL240W,0.0003232062055591467,3.883063614556885e-06,0.15626184373893365,0.0,0.0,0.0,,0.0,496.69404761906156,1.2390040442765772e-06,0.0,0.0,0.1605345984547665,0.0
4932.YDL243C,0.0006464124111182935,0.0022256610077700874,0.21504958770481092,0.0,4.1659073502227005e-07,0.0,,4.364253227116128e-07,698.8011904761971,7.403465872156391e-07,4.1659073502226994e-07,0.0,0.22585688121402409,0.0
4932.YDL244W,0.0003232062055591467,0.0005635052176775374,0.20256903127551387,0.0,0.0,0.0,,0.0,653.8095238095276,0.0008440668751036827,0.0,0.0,0.2113152953489088,0.0
4932.YIL162W,0.005171299288946348,0.002746667515548623,0.21556852193349307,0.0,0.00016393691974139928,0.0,,0.0001571523386276485,711.3349206349266,5.344478207430691e-06,0.00016393691974139903,0.0,0.2299078605801295,0.0
4932.YJR158W,0.0019392372333548805,0.004444609327611639,0.2196936803996351,0.0,0.00018666012792420503,0.0,,0.0001994284766282698,720.9130952381024,7.795631948017162e-06,0.00018666012792420522,0.0,0.23300358604980453,0.0
4932.YKL026C,0.0016160310277957336,0.005683789755533781,0.22521501373670935,0.0,0.00014076961175500175,0.0,,0.00013409443529002066,736.6452380952466,0.00011664093342256741,0.00014076961175500183,0.0,0.23808831224797614,0.0
4932.YDR002W,0.003555268261150614,0.004997573600936483,0.2310210254857,0.0,0.0009725059926768067,0.0,,0.001018946027373265,758.7904761904858,0.010759590294522826,0.0009725059926768088,0.0,0.2452457906239419,0.0
4932.YMR235C,0.0009696186166774402,0.001327522016927554,0.2213780042871565,0.0,0.00018770503536375284,0.0,,0.00023331450660208584,720.5908730158825,0.0008077635009987428,0.00018770503536375314,0.0,0.23289944182801328,0.0
4932.YHR165C,0.0019392372333548805,0.0016004206080668852,0.21501723725912386,0.0,0.00019459710509763195,0.0,,0.00026083617532759784,700.2035714285788,0.002875192457326227,0.00019459710509763168,0.0,0.22631013944039155,0.0
4932.YPL129W,0.0003232062055591467,0.00018627765713376875,0.18626794613670764,0.0,0.0,0.0,,0.0,597.5944444444457,0.001607441065290436,0.0,0.0,0.1931462328521152,0.0
4932.YDR005C,0.0006464124111182935,1.3676318667945402e-05,0.16952227772994435,0.0,8.672239041351716e-06,0.0,,1.1215775658071894e-05,540.5821428571481,0.00041086619594317436,8.672239041351696e-06,0.0,0.17471950318588972,0.0
4932.YLR170C,0.001292824822236587,0.00031971266879779773,0.20285652635254414,0.0,0.000739292000912741,0.0,,0.0007359849396501645,654.6059523809565,0.0005947626857803715,0.0007392920009127404,0.0,0.21157270600547914,0.0
4932.YJR058C,0.0016160310277957336,4.728823592631001e-05,0.1814442506734403,0.0,0.00017607645870078086,0.0,,0.00021671275825901323,584.5718253968267,0.001071169695433842,0.0001760764587007809,0.0,0.18893724156329197,0.0
4932.YDR006C,0.0003232062055591467,0.00012236121791862474,0.18147880709497535,0.0,0.0,0.0,,0.0,580.9126984126998,3.715252710068457e-05,0.0,0.0,0.18775458901509323,0.0
4932.YPL069C,0.0016160310277957336,0.0032826609547638333,0.22369936374990623,0.0,0.0007361648552801957,0.0,,0.0007297088239522345,730.7500000000088,0.0001455878367656726,0.0007361648552801947,0.0,0.23618293471234647,0.0
4932.YDR007W,0.0006464124111182935,0.00012339382581744426,0.19221719804734078,0.0,0.0,0.0,,0.0,620.3246031746046,0.00154717088033149,0.0,0.0,0.20049276120704693,0.0
4932.YKL211C,0.002262443438914027,0.0002924249891023216,0.207570009392975,0.0,0.0006584836867842344,0.0,,0.000759006639265715,676.4373015873065,0.005240082625077259,0.0006584836867842344,0.0,0.21862873354469994,0.0
4932.YJL103C,0.0003232062055591467,1.8708827949276814e-05,0.16788947961238337,0.0,0.0,0.0,,0.0,535.6595238095296,7.963703129063225e-07,0.0,0.0,0.1731284821620956,0.0
4932.YGR125W,0.0006464124111182935,0.00047579027358422783,0.1985590171119019,0.0,8.498468945664577e-05,0.0,,0.00011260776996527473,639.7630952380988,0.000431687344063386,8.498468945664566e-05,0.0,0.2067754024686798,0.0
4932.YER157W,0.0003232062055591467,7.5623318151734456e-06,0.16575751880784248,0.0,0.0,0.0,,0.0,528.3607142857214,0.00015202246258956757,0.0,0.0,0.17076946163080617,0.0
4932.YDR018C,0.0006464124111182935,0.000432099970021016,0.19421524351926434,0.0,2.94060973877958e-06,0.0,,5.655226255838762e-06,625.5087301587332,0.00041500801607720534,2.940609738779577e-06,0.0,0.2021683032187234,0.0
4932.YPR036W,0.0006464124111182935,0.0001285152915979035,0.1888146743302544,0.0,2.0360655953722768e-05,0.0,,3.119840238766197e-05,606.1011904761904,0.00024279895508464284,2.0360655953722785e-05,0.0,0.19589566595869118,0.0
4932.YJL081C,0.002262443438914027,0.013341258123842573,0.24385005283289699,0.0,0.00011051381389186293,0.0,,0.00014710073741963078,804.2261904762029,0.00042756612769638086,0.00011051381389186283,0.0,0.2599308954350971,0.0
4932.YHR085W,0.002262443438914027,0.027596069208224595,0.24076932277941984,0.0,0.00027980844022396073,0.0,,0.00026234936838899747,792.2023809523942,3.8558676309379626e-05,0.0002798084402239606,0.0,0.2560447255825407,0.0
4932.YPR066W,0.002585649644473174,0.0012270541667196266,0.22673335734137468,0.0,0.0010038634711203567,0.0,,0.0012565066613093741,741.5154761904851,0.0030040704077097875,0.0010038634711203578,0.0,0.23966240342290762,0.0
4932.YDR025W,0.002585649644473174,0.01357183395633135,0.23668274295082398,0.0,0.00013828055744854298,0.0,,0.00011677411523834968,774.7345238095335,0.0006347059815194292,0.0001382805574485429,0.0,0.2503990057561486,0.0
4932.YDR033W,0.0006464124111182935,0.0002865343898010099,0.1999058859692344,0.0,4.284387667163594e-06,0.0,,6.232633787374486e-06,646.6531746031774,2.1853882993219148e-07,4.284387667163591e-06,0.0,0.20900231887626847,0.0
4932.YOL098C,0.0016160310277957336,7.779626390320899e-05,0.18815600403870544,0.0,0.0013278546433634656,0.0,,0.0013600169921713198,607.7170634920659,0.000373392342681751,0.001327854643363468,0.0,0.1964179261448169,0.0
4932.YDR036C,0.0006464124111182935,0.0003997324460288929,0.20005977810623918,0.0,2.13558874005724e-05,0.0,,3.064074502221473e-05,644.0658730158767,0.00012921131470040604,2.135588740057237e-05,0.0,0.20816608694759953,0.0
4932.YML025C,0.001292824822236587,0.004168939575918702,0.21425979383601046,0.0,0.00016259526184822943,0.0,,0.0001754727299630776,694.9670634920702,0.0009337770647908474,0.00016259526184822932,0.0,0.22461766757985246,0.0
4932.YGL143C,0.0019392372333548805,0.000826297322198418,0.21086185508298677,0.0,0.00037911984256096785,0.0,,0.0004581493628895845,687.8130952381028,0.0004074816221156407,0.00037911984256096926,0.0,0.2223054606457968,0.0
4932.YPR088C,0.0009696186166774402,0.0006544187147595516,0.20511259018153488,0.0,7.93715031524639e-05,0.0,,9.246790607565845e-05,665.8908730158788,0.00017610409893070776,7.937150315246401e-05,0.0,0.21522006238392793,0.0
4932.YHR183W,0.004524886877828054,0.005250756606237467,0.24649945411399948,0.0,0.0025936250102500487,0.0,,0.0026513505106430684,815.7976190476325,0.0032561780983361307,0.0025936250102500612,0.0,0.2636708529565672,0.0
4932.YGR256W,0.003232062055591467,0.002187316514808275,0.23258108936295271,0.0,0.0008679624855180779,0.0,,0.0009411383594835763,765.1095238095353,0.0031079096883590424,0.0008679624855180796,0.0,0.24728814602764182,0.0
4932.YKR002W,0.003878474466709761,0.007117863801353109,0.2414607795726034,0.0,0.002726863329029991,0.0,,0.002746980008203033,798.2630952381073,0.0015274012188275501,0.002726863329029998,0.0,0.25800358604980456,0.0
4932.YDR041W,0.0016160310277957336,0.00020015850703473988,0.19759826981129827,0.0,0.0001597651938280742,0.0,,0.00021880839108466506,639.1781746031785,0.002400807626358623,0.00015976519382807403,0.0,0.20658635248971385,0.0
4932.YIR039C,0.0009696186166774402,0.0004133957475173828,0.20289972101356035,0.0,7.573408500423288e-05,0.0,,8.526629577376578e-05,657.1194444444492,0.0006250099414623936,7.573408500423278e-05,0.0,0.2123850822380234,0.0
4932.YLR051C,0.0006464124111182935,0.00013546188926761709,0.19134231387952153,0.0,3.9627508775500305e-05,0.0,,5.240481122455849e-05,614.8404761904798,0.00039464292886267846,3.9627508775500305e-05,0.0,0.19872025733370272,0.0
4932.YIL134W,0.001292824822236587,0.0003642596181659742,0.21139201134068267,0.0,0.00031383283027064515,0.0,,0.0003676253744914909,685.924206349213,0.0005355520900426206,0.0003138328302706453,0.0,0.22169496003529615,0.0
4932.YJR040W,0.004524886877828054,0.0020526694797439373,0.22516179657845398,0.0,0.0013941557100807592,0.0,,0.0015927429108078368,741.7833333333435,0.0009280800075177528,0.001394155710080756,0.0,0.23974897651368238,0.0
4932.YDR049W,0.0003232062055591467,2.711508483856669e-05,0.17092102656861297,0.0,0.0,0.0,,0.0,545.996428571432,0.00022127751039561583,0.0,0.0,0.17646943392741712,0.0
4932.YOR330C,0.0009696186166774402,0.002818372183478792,0.23205245306924685,0.0,0.00014472712485001047,0.0,,0.0001944602135130027,756.4988095238201,0.0009983914035032475,0.00014472712485001044,0.0,0.24450510973620218,0.0
4932.YHR003C,0.0006464124111182935,0.00037423745456980376,0.20589557543647735,0.0,2.372954516585026e-05,0.0,,2.8688010723814273e-05,665.29801587302,0.0005632208653352609,2.372954516585028e-05,0.0,0.21502844727634643,0.0
4932.YKL027W,0.0009696186166774402,0.000429256886234846,0.21173647650989197,0.0,0.00020066950424848953,0.0,,0.00024672217595794537,685.9789682539748,0.0010538903116771184,0.00020066950424848962,0.0,0.22171265942274346,0.0
4932.YDR283C,0.0009696186166774402,0.0064066367626973075,0.23969932662754082,0.0,8.040388336845697e-05,0.0,,9.294550305496394e-05,785.6773809523922,1.1700161511501172e-06,8.040388336845703e-05,0.0,0.2539358050912673,0.0
4932.YDR055W,0.0006464124111182935,0.00021796337827538543,0.18487060527452964,0.0,9.09006573783164e-07,0.0,,2.4631817267953444e-06,593.441666666667,3.3961489756579454e-07,9.09006573783163e-07,0.0,0.19180402930402932,0.0
4932.YDR058C,0.001292824822236587,0.0006178375041105892,0.21841795303790126,0.0,0.00029960502826928317,0.0,,0.00037318748963392545,711.0230158730238,0.0016257714726565526,0.00029960502826928333,0.0,0.22980705102553842,0.0
4932.YGL099W,0.003555268261150614,0.008406467992885747,0.24186937721973534,0.0,0.0013410587844988947,0.0,,0.0015831029253660469,797.9801587301707,0.003849125337607901,0.0013410587844988955,0.0,0.2579121392146602,0.0
4932.YEL060C,0.002585649644473174,0.0035212495202590482,0.23572640961161473,0.0,0.000440973895629264,0.0,,0.000467846918375008,772.6559523809625,1.6335777537431313e-05,0.00044097389562926443,0.0,0.2497271985717364,0.0
4932.YKL091C,0.0019392372333548805,0.002287139608993068,0.23012833435518046,0.0,0.0006879810940996997,0.0,,0.0007771290919075743,754.6857142857264,0.001322605564360321,0.0006879810940997014,0.0,0.24391910610398007,0.0
4932.YGL043W,0.0016160310277957336,0.0002483766293914908,0.19926489400251304,0.0,0.00019355176742670574,0.0,,0.00026285841980032746,644.9515873015912,0.0009355017621243076,0.00019355176742670533,0.0,0.2084523553010948,0.0
4932.YLR342W,0.0019392372333548805,0.0008302359057360009,0.2169591810382553,0.0,0.0003169350579998968,0.0,,0.00034580832785330355,708.5706349206431,0.0005457023389815791,0.000316935057999896,0.0,0.22901442628333385,0.0
4932.YER026C,0.004524886877828054,0.009997563356479278,0.24662705283064892,0.0,0.0031838647535535488,0.0,,0.003069772582770725,815.8630952381089,0.004378918790580009,0.0031838647535535522,0.0,0.2636920152676455,0.0
4932.YKL080W,0.002262443438914027,0.0013660848431380223,0.22913226750240878,0.0,0.000579892750117086,0.0,,0.0007041909750121901,753.6964285714372,0.0018447571033749582,0.0005798927501170864,0.0,0.24359936282205188,0.0
4932.YJL060W,0.001292824822236587,0.00033880113459588415,0.2059697506563911,0.0,0.0004787048487315635,0.0,,0.0005477880483014978,670.0392857142916,0.00018170577696870484,0.0004787048487315624,0.0,0.2165608551112753,0.0
4932.YDR063W,0.0003232062055591467,0.00020768003536156892,0.1764165742631481,0.0,0.0,0.0,,0.0,563.4107142857162,0.0005762153601048658,0.0,0.0,0.18209783913565428,0.0
4932.YMR210W,0.0006464124111182935,0.0001854083180626084,0.1979951634132187,0.0,0.00020335481885578956,0.0,,0.0002496507300559773,638.632142857147,4.998936832900195e-05,0.00020335481885578945,0.0,0.20640987164096408,0.0
4932.YLR081W,0.004201680672268907,0.003611882514684917,0.23845964042042472,0.0,0.0005576970697969054,0.0,,0.000594257916135083,788.0690476190591,5.09260294559315e-06,0.000557697069796905,0.0,0.2547088065995629,0.0
4932.YPL095C,0.0006464124111182935,0.0001854083180626084,0.1979951634132187,0.0,0.00020335481885578956,0.0,,0.0002496507300559773,638.632142857147,8.657239805485431e-05,0.00020335481885578945,0.0,0.20640987164096408,0.0
4932.YPR031W,0.001292824822236587,0.004454324533853939,0.23224097565684065,0.0,7.682752858486413e-05,0.0,,0.00011237011217343387,758.3619047619138,3.5577149200369976e-05,7.682752858486425e-05,0.0,0.24510727367870225,0.0
4932.YOR232W,0.0009696186166774402,0.006463019478634456,0.22940808677955637,0.0,0.00010538209016085933,0.0,,0.00011482747268018189,747.9039682539775,0.0004704171010879261,0.00010538209016085948,0.0,0.24172720370199363,0.0
4932.YDR079W,0.0006464124111182935,5.223029267528511e-05,0.17837602454511742,0.0,0.000621333365100125,0.0,,0.000621333365100125,571.0634920634949,0.000429563072555265,0.0006213333651001239,0.0,0.18457126440319718,0.0
4932.YDR084C,0.0003232062055591467,1.946762903286137e-06,0.150463401724304,0.0,0.0,0.0,,0.0,476.8115079365233,0.00011365871180434356,0.0,0.0,0.1541084382470937,0.0
4932.YPL093W,0.0016160310277957336,9.718530513254877e-05,0.19280057795643432,0.0,0.0002299634615002153,0.0,,0.000285848147406645,623.7095238095263,0.0012500946583924174,0.00022996346150021532,0.0,0.2015867885615785,0.0
4932.YDR090C,0.0003232062055591467,6.312868676454929e-07,0.14538979602075333,0.0,0.0,0.0,,0.0,460.8711038961188,9.697197572245379e-06,0.0,0.0,0.14895640074211502,0.0
4932.YER162C,0.0006464124111182935,1.6936127530211575e-05,0.17128972193421127,0.0,0.000621333365100125,0.0,,0.000621333365100125,548.3845238095279,5.6066785027276815e-05,0.0006213333651001239,0.0,0.17724128112783574,0.0
4932.YLR009W,0.0009696186166774402,0.0018079046108657544,0.20528934788941125,0.0,0.0004418839290125074,0.0,,0.0004316764969654221,664.4230158730202,0.0002960407090300916,0.00044188392901250675,0.0,0.21474564184648218,0.0
4932.YKR098C,0.0003232062055591467,0.0014637739310661398,0.2147426509435135,0.0,0.0,0.0,,0.0,696.128968253975,1.5279197855428643e-07,0.0,0.0,0.2249932024091688,0.0
4932.YOR033C,0.0009696186166774402,0.002346124003098042,0.22287963272727676,0.0,4.3265505919391185e-05,0.0,,5.503995188565841e-05,728.1940476190567,0.0001299903222880351,4.326550591939122e-05,0.0,0.23535683504170898,0.0
4932.YDR093W,0.001292824822236587,0.000590986105288422,0.2122395255297388,0.0,0.0003067383860419341,0.0,,0.00033242250876118734,689.1718253968327,0.00014820706168288956,0.00030673838604193147,0.0,0.22274461066477874,0.0
4932.YLR206W,0.0006464124111182935,6.21277648287915e-05,0.17786549087606096,0.0,1.3696243714467696e-07,0.0,,1.574697044543567e-07,568.2825396825406,2.778035971506514e-07,1.36962437144677e-07,0.0,0.1836724433363089,0.0
4932.YFR018C,0.0003232062055591467,0.00011862041587188019,0.18441740335204515,0.0,0.0,0.0,,0.0,591.7813492063497,8.139575952061474e-05,0.0,0.0,0.1912674043976565,0.0
4932.YLL053C,0.0009696186166774402,0.0006868538059686228,0.20732913906005598,0.0,0.0006484961422629537,0.0,,0.0006553847944555357,671.3718253968316,0.0003554948459219797,0.0006484961422629528,0.0,0.21699154020582592,0.0
4932.YDR245W,0.0019392372333548805,0.0002213726689788047,0.20043851979806843,0.0,0.00042857249992684157,0.0,,0.0005539183450610889,650.2269841269873,0.001321384617550536,0.00042857249992684255,0.0,0.21015739629185007,0.0
4932.YDR101C,0.0006464124111182935,0.0004867229627510663,0.1965115947865575,0.0,6.120732615135053e-08,0.0,,7.188248391616255e-08,633.6186507936552,3.691546803070684e-06,6.120732615135053e-08,0.0,0.2047894798945219,0.0
4932.YGR266W,0.0029088558500323207,0.0062610280424199435,0.23572640961161473,0.0,0.0005716725931322306,0.0,,0.0005097545884422861,775.8416666666774,0.00019544293335550347,0.00057167259313223,0.0,0.25075684119801767,0.0
4932.YFL046W,0.002585649644473174,0.0010229668179836057,0.2249314792163075,0.0,0.0013412974798938198,0.0,,0.0014521352626406829,735.979761904771,0.003087798096927338,0.0013412974798938224,0.0,0.23787322621356233,0.0
4932.YMR131C,0.0009696186166774402,0.0005452724770290996,0.19923711802063365,0.0,3.3382760620437816e-05,0.0,,4.105597016871051e-05,644.1992063492104,0.00029582054967895396,3.338276062043783e-05,0.0,0.2082091811083408,0.0
4932.YLR083C,0.002262443438914027,0.003670513706313266,0.2283087748071282,0.0,0.0014971745443042664,0.0,,0.0014220245554212646,746.3837301587395,0.0008932707537608962,0.0014971745443042692,0.0,0.24123585331568526,0.0
4932.YMR155W,0.0003232062055591467,6.394402766973991e-06,0.160121781737526,0.0,0.0,0.0,,0.0,509.2794011544127,5.189834204916007e-05,0.0,0.0,0.16460226281654852,0.0
4932.YDR107C,0.0019392372333548805,0.000790010945047037,0.21715695604375965,0.0,0.0018844172405853646,0.0,,0.001996849498091027,706.8289682539747,0.0009927786133211347,0.0018844172405853665,0.0,0.22845150880865167,0.0
4932.YNL082W,0.0016160310277957336,0.00013119250240512602,0.1994595429360907,0.0,0.0005870013553985963,0.0,,0.0007706034308482591,647.7007936507978,0.001360558165821656,0.0005870013553985966,0.0,0.2093409158535209,0.0
4932.YOR168W,0.002585649644473174,0.001273590396295588,0.22920575443874694,0.0,0.000986890782231026,0.0,,0.0011259002258442177,752.6027777777883,0.002418581037512672,0.000986890782231028,0.0,0.24324588809882927,0.0
4932.YMR276W,0.0006464124111182935,2.9480383404909125e-05,0.17717100522838872,0.0,0.000621333365100125,0.0,,0.000621333365100125,566.675793650795,7.133903779299195e-05,0.0006213333651001239,0.0,0.18315313304809105,0.0
4932.YLR025W,0.002262443438914027,0.003006327378492962,0.22590913302987609,0.0,0.0009208787882151655,0.0,,0.0011245462181248983,741.3440476190556,0.001016096521272943,0.0009208787882151663,0.0,0.23960699664481178,0.0
4932.YFR002W,0.0016160310277957336,0.0004917763774283611,0.20074818605056544,0.0,0.001244784948608996,0.0,,0.0012477579588576484,648.2349206349252,0.0007037329988732973,0.0012447849486089937,0.0,0.20951354900934732,0.0
4932.YPR137W,0.001292824822236587,0.0017368013128757998,0.21676176595086835,0.0,6.26726045619221e-05,0.0,,8.438146592861506e-05,704.5384920634984,0.00025036470455583516,6.267260456192206e-05,0.0,0.22771121269020428,0.0
4932.YDR116C,0.0003232062055591467,2.418379811269855e-36,0.0003232062055591467,0.0,0.0,0.0,,0.0,1.0,2.4002230815099326e-06,0.0,0.0,0.0003232062055591467,0.0
4932.YDR237W,0.0003232062055591467,2.418379811269855e-36,0.0003232062055591467,0.0,0.0,0.0,,0.0,1.0,2.4002230815099326e-06,0.0,0.0,0.0003232062055591467,0.0
4932.YDR120C,0.002262443438914027,0.006482430566373835,0.22512633244290847,0.0,0.000713152997780199,0.0,,0.0007172754997984213,737.6980158730236,0.0005841667935704088,0.0007131529977801988,0.0,0.23842857655882865,0.0
4932.YMR288W,0.0016160310277957336,0.0009918518800024938,0.21765297467337077,0.0,0.0002562344267314743,0.0,,0.00032704121408543826,706.4134920634974,0.0015200301633775156,0.0002562344267314741,0.0,0.22831722432562768,0.0
4932.YGR232W,0.002585649644473174,0.013154523969845995,0.24632952773460162,0.0,0.0009736204095537173,0.0,,0.000904497923394415,811.6476190476324,1.8717248875677117e-05,0.0009736204095537262,0.0,0.26232954720349677,0.0
4932.YOR327C,0.0009696186166774402,0.0005334781337624638,0.2027701921804548,0.0,0.00027233447406319056,0.0,,0.00033831456508720954,657.1702380952414,0.0005661447481973745,0.0002723344740631901,0.0,0.21240149906116293,0.0
4932.YGR214W,0.002585649644473174,0.014671735440713199,0.24449659334246082,0.0,0.0004923730815396686,0.0,,0.00042998365968509414,803.916666666679,0.0005941429522554562,0.0004923730815396694,0.0,0.2598308554190907,0.0
4932.YER168C,0.0003232062055591467,0.00013776394653712914,0.19147047350033836,0.0,0.0,0.0,,0.0,615.1027777777804,0.0009432196090652815,0.0,0.0,0.1988050348344466,0.0
4932.YLR048W,0.0029088558500323207,0.014985059907667854,0.24664833212770076,0.0,0.0006359982980850163,0.0,,0.0006090267536824879,811.7071428571551,0.000594736294438842,0.0006359982980850158,0.0,0.26234878566811337,0.0
4932.YDR128W,0.0003232062055591467,3.0653861495133494e-07,0.14066795440212831,0.0,0.0,0.0,,0.0,444.71825396826955,0.000124811600227036,0.0,0.0,0.14373569940796832,0.0
4932.YDR129C,0.0009696186166774402,8.22611033558243e-06,0.1647734260971844,0.0,0.0018631641270997693,0.0,,0.0018631641270997693,525.6091269841346,0.0002687715079123328,0.0018631641270997663,0.0,0.16988013153979542,0.0022701446280991577
4932.YKL079W,0.0009696186166774402,0.00022008190083436515,0.1987661082853603,0.0,0.002511529951627912,0.0,,0.002516956807702,641.3857142857175,4.487917115977006e-06,0.002511529951627908,0.0,0.2072998430141287,0.04996712689020377
4932.YKL059C,0.0006464124111182935,3.0696502597427896e-07,0.14068179967323088,0.0,0.000621333365100125,0.0,,0.000621333365100125,445.38492063493635,0.0002686659425451109,0.0006213333651001239,0.0,0.1439511702116744,0.0
4932.YDR132C,0.001292824822236587,0.0005155871642534012,0.21244457263377317,0.0,0.0001255976508074833,0.0,,0.00015954573850484588,692.7182539682597,0.00023458870126732805,0.00012559765080748312,0.0,0.2238908383866367,0.0
4932.YJL134W,0.0009696186166774402,0.0011590336874207504,0.21345983940860602,0.0,4.1606822469329114e-05,0.0,,5.472972273055695e-05,692.8003968254028,0.0003335881802445976,4.160682246932913e-05,0.0,0.22391738746780762,0.0
4932.YOR034C,0.002585649644473174,0.0033850774900506062,0.2276542302588239,0.0,0.0001896900664840749,0.0,,0.000173949874172581,745.9146825396898,7.295747525089911e-05,0.00018969006648407495,0.0,0.2410842542145063,0.0
4932.YOL004W,0.003232062055591467,0.007188098375188606,0.25291110053614546,0.0,0.0017897975403756423,0.0,,0.002012380187637653,836.2273809523946,0.0008781793048364704,0.0017897975403756434,0.0,0.27027387878228215,0.0
4932.YMR305C,0.0006464124111182935,5.1943386089435664e-05,0.18768657142407272,0.0,3.916024205562832e-05,0.0,,5.3031604846895253e-05,603.4698412698432,0.00023480862911568864,3.916024205562836e-05,0.0,0.19504519756620597,0.0
4932.YGR279C,0.0006464124111182935,5.1943386089435664e-05,0.18768657142407272,0.0,3.916024205562832e-05,0.0,,5.3031604846895253e-05,603.4698412698433,0.00017120503249106261,3.916024205562836e-05,0.0,0.19504519756620597,0.0
4932.YDR141C,0.0003232062055591467,5.696589360407338e-06,0.16834427709558045,0.0,0.0,0.0,,0.0,538.7321428571483,6.22252277750058e-05,0.0,0.0,0.17412157170560533,0.0
4932.YLR118C,0.0019392372333548805,0.0001528625282815199,0.20407297039977526,0.0,0.0012188779718039,0.0,,0.0013509550052330473,665.588492063498,0.0009743542157381283,0.0012188779718038994,0.0,0.2151223309836755,0.0
4932.YDR142C,0.0003232062055591467,2.418379811269855e-36,0.0003232062055591467,0.0,0.0,0.0,,0.0,1.0,0.0002147241235347277,0.0,0.0,0.0003232062055591467,0.0
4932.YOR271C,0.0003232062055591467,2.418379811269855e-36,0.0003232062055591467,0.0,0.0,0.0,,0.0,1.0,0.0002147241235347277,0.0,0.0,0.0003232062055591467,0.0
4932.YDR144C,0.0003232062055591467,0.0003062484462913906,0.19598616271493566,0.0,0.0,0.0,,0.0,630.8742063492093,0.0001417377104088816,0.0,0.0,0.20390245841926516,0.0
4932.YGR208W,0.001292824822236587,0.0009064541126372112,0.21646631601999483,0.0,0.0003354832277675291,0.0,,0.0003619926292104006,704.9920634920688,0.0011299205262177226,0.000335483227767529,0.0,0.2278578097905829,0.0
4932.YNR046W,0.002262443438914027,0.007983261841707346,0.24506250916074165,0.0,0.0003229693735315122,0.0,,0.00033215400747302353,807.6916666666798,0.001589406981761295,0.0003229693735315129,0.0,0.26105095884507645,0.0
4932.YGL187C,0.0016160310277957336,0.0034329302258585674,0.22009964346782043,0.0,4.6471315866099474e-05,0.0,,4.6124119345306635e-05,717.000396825405,0.000577486774568615,4.647131586609949e-05,0.0,0.23173897764233897,0.0
4932.YOL092W,0.0016160310277957336,0.0001498572394566268,0.20017184856523015,0.0,0.0006686964135815689,0.0,,0.0007159378511909401,647.5599206349248,0.00035201743939166204,0.0006686964135815687,0.0,0.20929538482059493,0.0
4932.YDR159W,0.0003232062055591467,0.0006063794981374418,0.19926489400251304,0.0,0.0,0.0,,0.0,642.0289682539714,2.9354348619029166e-05,0.0,0.0,0.20750774668841898,0.0
4932.YGR096W,0.001292824822236587,0.0001700291169894772,0.1961744557617384,0.0,0.00025821446631053743,0.0,,0.00029319337186743845,634.6027777777805,0.0016956944066121645,0.00025821446631053754,0.0,0.20510755584284995,0.0
4932.YDR168W,0.0003232062055591467,9.061323654152676e-06,0.1659499691954053,0.0,0.0,0.0,,0.0,528.1309523809589,0.0003801957527820396,0.0,0.0,0.17069520115738604,0.0
4932.YDR170C,0.001292824822236587,9.137918331342185e-05,0.19315230874054404,0.0,0.0006768619556453699,0.0,,0.0006997194181045959,622.8801587301613,0.0009871924459839909,0.0006768619556453691,0.0,0.20131873262125363,0.0
4932.YPL231W,0.001292824822236587,0.0003937627938138414,0.21393909365065497,0.0,0.0004442927417153769,0.0,,0.0005234976580081334,695.7130952381026,0.0012718531621507597,0.0004442927417153776,0.0,0.22485878966971404,0.0
4932.YLR150W,0.0003232062055591467,3.4060390827366533e-06,0.16084252345468136,0.0,0.0,0.0,,0.0,511.5472222222339,0.0004159553263444627,0.0,0.0,0.16533523665876607,0.0
4932.YNR037C,0.0003232062055591467,6.283298663632086e-07,0.14877975275112168,0.0,0.0,0.0,,0.0,471.2857142857297,0.00016324433890538647,0.0,0.0,0.15232246744851788,0.0
4932.YOR250C,0.0003232062055591467,6.283298663632086e-07,0.14877975275112168,0.0,0.0,0.0,,0.0,471.2857142857297,0.00015859807373979086,0.0,0.0,0.15232246744851788,0.0
4932.YER154W,0.0019392372333548805,0.0028226365113577837,0.22275805886075367,0.0,0.0020359511882687585,0.0,,0.0020901325236393825,725.1404761904836,0.00027045268268198404,0.0020359511882687585,0.0,0.23436990180687658,0.0
4932.YDR178W,0.0003232062055591467,5.84959624233692e-34,0.00043094160741219563,0.0,0.0,0.0,,0.0,1.5,2.431337084216832e-05,0.0,0.0,0.0004848093083387201,0.0
4932.YPR166C,0.0006464124111182935,8.272578340319567e-34,0.0006464124111182935,0.0,2.089920501514043e-07,0.0,,2.089920501514043e-07,2.0,3.661497713955007e-05,2.089920501514043e-07,0.0,0.0006464124111182935,0.0
4932.YDR182W,0.0019392372333548805,0.000474474084247658,0.21230257477609002,0.0,0.00033706984329693706,0.0,,0.0004034882773631858,690.666666666673,0.0008316548418756836,0.00033706984329693685,0.0,0.22322775263951733,0.0
4932.YJR051W,0.003878474466709761,0.0015491751438478038,0.23022100099541368,0.0,0.0011692692328217071,0.0,,0.0012133907958423833,758.8968253968354,0.0011267917632023267,0.0011692692328217113,0.0,0.24528016334739025,0.0
4932.YEL047C,0.004201680672268907,0.0018829458461545618,0.23631100019509396,0.0,0.0016366693920596617,0.0,,0.0017541727997184885,779.6980158730267,0.0014859223637042427,0.0016366693920596617,0.0,0.2520032371923128,0.0
4932.YDR185C,0.0006464124111182935,0.0002503676660032724,0.20022793089304838,0.0,1.3905910330283822e-05,0.0,,2.2027420539340172e-05,645.2956349206395,0.0003195287716844066,1.3905910330283837e-05,0.0,0.20856355362657883,0.0
4932.YOL022C,0.0006464124111182935,0.0033847165139153945,0.2211040427999112,0.0,1.9453273837687038e-07,0.0,,2.4795551815143546e-07,717.1428571428651,5.36223448738476e-05,1.9453273837687044e-07,0.0,0.23178502170098808,0.0
4932.YDR189W,0.0006464124111182935,3.5841039015935845e-05,0.18134066032479396,0.0,2.8035476690026043e-05,0.0,,4.092263448093469e-05,582.5555555555571,0.00011945300033673893,2.8035476690025982e-05,0.0,0.1882855706385118,0.0
4932.YFL045C,0.004201680672268907,0.004663892162184545,0.24449659334246082,0.0,0.001286942917079189,0.0,,0.001400333697381242,806.5392857142988,0.0037047815979524565,0.0012869429170791944,0.0,0.2606785021700988,0.0
4932.YML056C,0.002585649644473174,0.010626873392044702,0.2424437426308245,0.0,0.0006871545228360799,0.0,,0.0006555647346012942,796.9158730158847,0.0001705040414134746,0.0006871545228360812,0.0,0.2575681554673151,0.0
4932.YPL074W,0.0009696186166774402,0.004831625974891058,0.23834035095548206,0.0,0.00012428555847771808,0.0,,0.0001726260434036847,782.872619047631,2.0008341094902396e-05,0.00012428555847771781,0.0,0.25302928863853236,0.0
4932.YLR432W,0.002585649644473174,0.011582181274777077,0.242628939854019,0.0,0.000564658795052444,0.0,,0.0005175584932679163,797.849206349218,0.0001614647753610039,0.0005646587950524427,0.0,0.2578698145925037,0.0
4932.YHR216W,0.0016160310277957336,0.005135864929251436,0.23865872176991584,0.0,0.0003082783818639536,0.0,,0.00029283904610244,782.2027777777892,7.93925640807897e-05,0.00030827838186395516,0.0,0.25281279178338,0.0
4932.YMR253C,0.0009696186166774402,0.0007529645583746526,0.21490408730717575,0.0,4.152037217024765e-05,0.0,,5.121405654010841e-05,696.778968253975,0.0004959873017052023,4.1520372170247646e-05,0.0,0.22520328644278226,0.0
4932.YOL021C,0.0009696186166774402,0.001483089124963558,0.21477491880992125,0.0,0.0006220457065147496,0.0,,0.0006218763003190196,695.9694444444514,0.0003213129652887454,0.0006220457065147485,0.0,0.22494164332399627,0.0
4932.YPL264C,0.001292824822236587,0.0015778043394695442,0.21917152260676623,0.0,8.255953995253335e-05,0.0,,8.933617024428332e-05,712.165873015881,0.0007911705236309658,8.255953995253321e-05,0.0,0.23017642954617742,0.0
4932.YDR191W,0.0009696186166774402,0.0017557591739621105,0.21304621921002026,0.0,9.275023929378082e-06,0.0,,1.4882435164919514e-05,689.7230158730218,4.8855235142512306e-05,9.275023929378082e-06,0.0,0.22292275884712862,0.0
4932.YFR021W,0.002585649644473174,0.008926516567270988,0.23681999580482577,0.0,0.0012466342288240803,0.0,,0.0012440746497552268,777.835714285726,0.00017821355424652737,0.0012466342288240772,0.0,0.2514013297626743,0.0
4932.YDR196C,0.001292824822236587,0.002313975870990181,0.20999442954235303,0.0,9.264752690585132e-05,0.0,,0.00013277946946464053,682.6055555555607,0.0019492862629576853,9.264752690585115e-05,0.0,0.22062235150470447,0.0
4932.YLR245C,0.0009696186166774402,0.0001008683804288648,0.1922430510665805,0.0,0.0006498513304977906,0.0,,0.0006565344312022758,618.3777777777807,0.0008775431345991521,0.0006498513304977897,0.0,0.1998635351576528,0.0
4932.YDR208W,0.0006464124111182935,0.00044834430726318716,0.20743445100936447,0.0,2.5316325343807084e-05,0.0,,3.150401708761876e-05,669.5968253968316,0.000993098781967547,2.531632534380708e-05,0.0,0.2164178491909584,0.0
4932.YHR206W,0.0006464124111182935,0.0003210172821082261,0.20462807225197222,0.0,0.0,0.0,,0.0,659.6277777777833,0.0012567934291374753,0.0,0.0,0.2131957911369676,0.0
4932.YJL204C,0.0009696186166774402,0.0028946382241628473,0.22821764085582405,0.0,0.00027446105583534756,0.0,,0.0002922567332160457,741.9702380952465,0.0001277377981195692,0.000274461055835348,0.0,0.23980938529257856,0.0
4932.YKL120W,0.002262443438914027,0.0031032384562971935,0.23580418785449575,0.0,0.001465181718923001,0.0,,0.0015415755012406886,772.9071428571524,0.0003335981348735035,0.0014651817189230065,0.0,0.2498083848924185,0.0
4932.YJR143C,0.001292824822236587,0.0025994630519773428,0.2266255089075671,0.0,0.0006647638222601077,0.0,,0.000782699081415099,738.3916666666756,0.00125136676736516,0.0006647638222601081,0.0,0.2386527687998276,0.0
4932.YHR066W,0.0006464124111182935,0.0037102956393524978,0.22158392135183722,0.0,5.135279344575394e-07,0.0,,5.494826457334211e-07,719.5559523809602,7.933167879214501e-05,5.135279344575392e-07,0.0,0.23256494905654568,0.0
4932.YOL011W,0.0003232062055591467,1.811771215052059e-05,0.17137187035309945,0.0,0.0,0.0,,0.0,548.0817460317503,5.046857953468844e-05,0.0,0.0,0.17714342147115256,0.0
4932.YMR006C,0.0003232062055591467,1.811771215052059e-05,0.17137187035309945,0.0,0.0,0.0,,0.0,548.0817460317503,4.1959918352755606e-05,0.0,0.0,0.17714342147115256,0.0
4932.YKR026C,0.0016160310277957336,0.001234406172086509,0.21615532471531584,0.0,0.0005281207611842819,0.0,,0.000704251450259032,704.900000000008,0.0012035951977556146,0.0005281207611842815,0.0,0.22782805429864253,0.0
4932.YGL101W,0.0009696186166774402,8.257105077454194e-05,0.19505009343340965,0.0,0.0001148324968548385,0.0,,0.0001364949676589792,629.829365079367,0.0003487344953790628,0.00011483249685483843,0.0,0.20356475923702813,0.0
4932.YJR110W,0.003878474466709761,0.0022528723416882705,0.23869857793587607,0.0,0.0025192248181118274,0.0,,0.0028298462752114405,786.1845238095349,0.002462578876755145,0.0025192248181118313,0.0,0.25409971680980087,0.0
4932.YMR302C,0.0009696186166774402,0.0022828968467865775,0.23594042335424661,0.0,0.0001415048110072796,0.0,,0.0001626922774144307,770.2837301587417,0.0001475551492403956,0.00014150481100727962,0.0,0.24896048162854884,0.0
4932.YPL051W,0.0016160310277957336,0.0012113654653118418,0.2250908794771694,0.0,0.0010934136448340155,0.0,,0.0011366028557180802,734.6047619047703,0.0006816459923610633,0.0010934136448340179,0.0,0.2374288176809185,0.0
4932.YDR400W,0.0006464124111182935,0.00019368559168172719,0.19601303958859378,0.0,1.3896144527143131e-05,0.0,,1.8470018364738605e-05,631.3777777777815,0.000544225581358773,1.3896144527143133e-05,0.0,0.2040652158299217,0.0
4932.YOR108W,0.002585649644473174,0.0228096704298809,0.24671219205661962,0.0,0.0010047720581964302,0.0,,0.000980864189755005,813.3047619047759,9.265166677733244e-05,0.0010047720581964333,0.0,0.26286514605842337,0.0
4932.YNL104C,0.0009696186166774402,0.003916478705546963,0.22139514942379582,0.0,6.678852039435628e-05,0.0,,9.335062342158316e-05,721.4099206349288,4.5354678313076037e-05,6.67885203943563e-05,0.0,0.23316416310113788,0.0
4932.YDR402C,0.0006464124111182935,0.00016423430576431835,0.19081864824511394,0.0,0.00010896266742885278,0.0,,0.0001299972391087682,614.2722222222251,0.00015269706232518452,0.00010896266742885253,0.0,0.19853659412482944,0.0
4932.YDR236C,0.0003232062055591467,2.418379811269855e-36,0.0003232062055591467,0.0,0.0,0.0,,0.0,1.0,2.4706462932228115e-05,0.0,0.0,0.0003232062055591467,0.0
4932.YER004W,0.0003232062055591467,2.418379811269855e-36,0.0003232062055591467,0.0,0.0,0.0,,0.0,1.0,2.4706462932228115e-05,0.0,0.0,0.0003232062055591467,0.0
4932.YLR260W,0.0003232062055591467,0.0005255239036682575,0.19072952824660072,0.0,0.0,0.0,,0.0,612.3984126984151,0.0002121687934444646,0.0,0.0,0.19793096725869835,0.0
4932.YGL186C,0.0003232062055591467,0.0005255239036682575,0.19072952824660072,0.0,0.0,0.0,,0.0,612.3984126984151,8.090659368668478e-05,0.0,0.0,0.19793096725869835,0.0
4932.YOR171C,0.0006464124111182935,0.0005386617143864251,0.19759826981129827,0.0,7.621211161709607e-05,0.0,,9.069544302412361e-05,637.4317460317486,0.0001656228007051023,7.62121116170961e-05,0.0,0.20602189593786233,0.0
4932.YER060W,0.0016160310277957336,0.0016401286419724793,0.20976329390666654,0.0,0.00028497860629898543,0.0,,0.000296759182479506,681.9404761904829,0.0003524008083558138,0.00028497860629898397,0.0,0.22040739372672144,0.0
4932.YER060W-A,0.0006464124111182935,0.001475673824647061,0.20480399551225476,0.0,1.1674893441358575e-05,0.0,,1.6898120365999665e-05,662.2515873015923,0.00024306078497494463,1.1674893441358565e-05,0.0,0.21404382265726804,0.0
4932.YDR242W,0.0009696186166774402,0.00019484682487888426,0.20146974200860188,0.0,0.0001262167008337157,0.0,,0.00016113495473485306,651.2738095238141,9.32808919255995e-05,0.00012621670083371562,0.0,0.21049573675624095,0.0
4932.YJR016C,0.003555268261150614,0.0021424000918458938,0.23165755019125217,0.0,0.004992436020298076,0.0,,0.005312180238754096,763.0869047619152,0.0023553851176674094,0.004992436020298099,0.0,0.2466344229999692,0.0
4932.YNL080C,0.001292824822236587,0.0006094325513960182,0.20726900879930768,0.0,0.0003085687577027397,0.0,,0.00038168899453439693,671.5940476190542,0.00012286165047648638,0.0003085687577027395,0.0,0.2170633638070613,0.0
4932.YDR247W,0.0006464124111182935,0.0019010092154725037,0.2111110087408649,0.0,4.3458722238396317e-07,0.0,,5.26843695656397e-07,683.9170634920695,1.8719332405085966e-06,4.3458722238396317e-07,0.0,0.22104623900842388,0.0
4932.YPL029W,0.0006464124111182935,1.6694016291995147e-05,0.17565774667322426,0.0,5.1337229799693014e-05,0.0,,7.664102391886369e-05,562.9666666666698,0.0003729571170460898,5.133722979969297e-05,0.0,0.18195432018961433,0.0
4932.YML064C,0.001292824822236587,6.179016289364709e-05,0.17955242568683197,0.0,0.001242913723883554,0.0,,0.001243342388747386,576.0321428571444,0.0001758420375371874,0.0012429137238835516,0.0,0.18617716317296149,0.0
4932.YOL062C,0.002262443438914027,0.0017574374322117429,0.23111441259277643,0.0,0.000980342452811566,0.0,,0.0010678192803825401,757.2428571428684,0.001029998276291405,0.000980342452811565,0.0,0.24474559054390987,0.0
4932.YDR265W,0.0003232062055591467,2.418379811269855e-36,0.0003232062055591467,0.0,0.0,0.0,,0.0,1.0,2.6669145347878046e-05,0.0,0.0,0.0003232062055591467,0.0
4932.YDR419W,0.0003232062055591467,2.418379811269855e-36,0.0003232062055591467,0.0,0.0,0.0,,0.0,1.0,2.6669145347878046e-05,0.0,0.0,0.0003232062055591467,0.0
4932.YGL221C,0.0006464124111182935,0.0008366944812587974,0.21424373599340865,0.0,0.0,0.0,,0.0,695.362301587309,0.000287640622754573,0.0,0.0,0.22474541098490677,0.0
4932.YGR270W,0.003878474466709761,0.003647634255363054,0.23642826642627177,0.0,0.0011856546406518603,0.0,,0.0011889827093616693,779.6345238095347,0.00033692344393403947,0.0011856546406518605,0.0,0.2519827161633884,0.0
4932.YGR202C,0.0019392372333548805,0.0008118724722122177,0.2198119315155749,0.0,0.00021801933702676998,0.0,,0.00027030686691298297,718.7099206349283,0.0008683607996938143,0.0002180193370267703,0.0,0.2322915063461282,0.0
4932.YIL015W,0.0006464124111182935,0.0004059370487455407,0.20225372642988904,0.0,1.1279171395657761e-05,0.0,,1.1370290995019437e-05,654.4158730158777,0.0005007430677889827,1.1279171395657758e-05,0.0,0.2115112711751367,0.0
4932.YLR120C,0.0006464124111182935,0.0004059370487455407,0.20225372642988904,0.0,1.1279171395657761e-05,0.0,,1.1370290995019437e-05,654.4158730158777,0.00047163851090436913,1.1279171395657758e-05,0.0,0.2115112711751367,0.0
4932.YLR121C,0.0006464124111182935,0.0004059370487455407,0.20225372642988904,0.0,1.1279171395657761e-05,0.0,,1.1370290995019437e-05,654.4158730158777,0.0007552600101137502,1.1279171395657758e-05,0.0,0.2115112711751367,0.0
4932.YFR048W,0.0006464124111182935,2.1521019674711e-05,0.17356734483060424,0.0,0.000621333365100125,0.0,,0.000621333365100125,554.9829365079396,7.968171132483302e-05,0.0006213333651001239,0.0,0.179373929058803,0.0
4932.YFL028C,0.001292824822236587,0.0015712377137830638,0.2166303553622349,0.0,0.00037572460211387766,0.0,,0.00048663906018209236,703.628968253976,0.0004968521969047979,0.00037572460211387907,0.0,0.2274172489508624,0.0
4932.YDR272W,0.0016160310277957336,0.00022073467652198447,0.19824231410263882,0.0,0.0007875066174104705,0.0,,0.0008264163186915807,640.7111111111142,0.000507934013906942,0.0007875066174104719,0.0,0.20708180708180707,0.0
4932.YOR057W,0.0003232062055591467,8.226194699210549e-06,0.16435658997068084,0.0,0.0,0.0,,0.0,523.2726190476267,4.386403050995973e-05,0.0,0.0,0.16912495767537786,0.0
4932.YKR063C,0.0009696186166774402,4.005800133942958e-05,0.1809389309044909,0.0,5.71746748764747e-05,0.0,,7.568122319607467e-05,580.7047619047622,0.0004160250087468034,5.7174674876474636e-05,0.0,0.18768738264536583,0.0
4932.YLR345W,0.0019392372333548805,0.0011166515786017166,0.21095521875581522,0.0,0.0006433767671892918,0.0,,0.000741312186952428,685.6547619047678,0.0011415461437615003,0.0006433767671892928,0.0,0.2216078739187983,0.0
4932.YGR200C,0.0019392372333548805,0.0006843520437240413,0.2068939834522727,0.0,0.0010112952037952376,0.0,,0.0010948885069616986,672.1742063492107,0.001251866350835316,0.0010112952037952404,0.0,0.2172508747088579,0.0
4932.YOR184W,0.002585649644473174,0.0011106306617316678,0.22312317900094064,0.0,0.0010453349919786977,0.0,,0.0012914754644818263,729.3515873015951,0.0026457139532327675,0.0010453349919787014,0.0,0.2357309590502868,0.0
4932.YMR088C,0.0016160310277957336,0.0005251615313677627,0.20565857333525553,0.0,0.00019232518305500507,0.0,,0.0002630499225258985,666.7170634920674,6.732616482918242e-05,0.0001923251830550046,0.0,0.21548709227280657,0.0
4932.YEL041W,0.0006464124111182935,1.8504178544708648e-05,0.1756469535705101,0.0,3.5743198870430865e-05,0.0,,4.996903651227325e-05,563.215873015875,0.0001978709367971921,3.5743198870430865e-05,0.0,0.18203486522814255,0.0
4932.YDR291W,0.0003232062055591467,1.318377459721309e-05,0.16408300822867936,0.0,0.0,0.0,,0.0,522.928571428579,0.00017168262317576442,0.0,0.0,0.16901375934989382,0.0
4932.YMR266W,0.001292824822236587,0.00985079665488572,0.2387982766151576,0.0,0.00041389221762498196,0.0,,0.0005187879685879741,782.2444444444568,0.00042606390474381564,0.00041389221762498207,0.0,0.25282625870861164,0.0
4932.YJL003W,0.0003232062055591467,0.00016476511979305242,0.18655969257717495,0.0,0.0,0.0,,0.0,597.6222222222239,0.0001479940789249048,0.0,0.0,0.19315521080226963,0.0
4932.YOL084W,0.0009696186166774402,0.00016676102113654336,0.1879086419088971,0.0,0.000865229365684188,0.0,,0.0008781713289158886,603.5436507936525,0.00031239107125616413,0.0008652293656841861,0.0,0.1950690532623306,0.0
4932.YDR293C,0.0006464124111182935,0.000195676868715301,0.1979951634132187,0.0,1.3360995968193888e-05,0.0,,1.788466134489361e-05,636.7309523809555,0.0003345792445782202,1.3360995968193864e-05,0.0,0.2057953950811094,0.0
4932.YOL057W,0.0029088558500323207,0.0011633794695546766,0.2221867067744483,0.0,0.0022102754185020098,0.0,,0.0023797038707487083,726.8357142857218,0.0017628249514086394,0.002210275418502006,0.0,0.2349178132791578,0.0
4932.YDR352W,0.0003232062055591467,9.658420405325535e-06,0.16583444537417633,0.0,0.0,0.0,,0.0,529.4476190476266,0.00014480929218337683,0.0,0.0,0.17112075599470555,0.0
4932.YJL183W,0.0003232062055591467,9.658420405325535e-06,0.16583444537417633,0.0,0.0,0.0,,0.0,529.4476190476265,0.00010288919234624447,0.0,0.0,0.17112075599470555,0.0
4932.YOR217W,0.0019392372333548805,0.0006040609616300073,0.21242878571450188,0.0,0.0010766983157099246,0.0,,0.001170183888292541,690.0623015873088,0.0014338212250290016,0.0010766983157099242,0.0,0.2230324180954433,0.0
4932.YDR297W,0.0006464124111182935,5.054158887163088e-05,0.17941719508944026,0.0,2.280645246900018e-05,0.0,,3.151930268342471e-05,574.6603174603198,0.0003731937131096304,2.280645246900018e-05,0.0,0.1857337806917639,0.0
4932.YDR298C,0.0016160310277957336,0.001843245055251239,0.21526010311446173,0.0,0.0009138041673583987,0.0,,0.0009464507800349782,697.8345238095297,0.001568469619135962,0.0009138041673584021,0.0,0.22554444854865024,0.0
4932.YNL315C,0.0003232062055591467,6.869794568942405e-05,0.1758847086297946,0.0,0.0,0.0,,0.0,560.7214285714306,7.587371851408492e-05,0.0,0.0,0.18122864530427554,0.0
4932.YJL059W,0.0006464124111182935,0.00045564240756903627,0.2069688799131228,0.0,8.716789190499889e-05,0.0,,0.00011048637554765614,667.6742063492125,0.0005913973267012145,8.716789190499864e-05,0.0,0.21579644678384174,0.0
4932.YJL091C,0.0009696186166774402,0.0001901870622488022,0.19338750976593505,0.0,6.109659925581106e-05,0.0,,8.348457673485391e-05,622.4285714285743,0.0007369534475561871,6.109659925581096e-05,0.0,0.20117277680302892,0.0
4932.YOL061W,0.0016160310277957336,0.0042073783131729384,0.24127736068197603,0.0,0.00015002453521352632,0.0,,0.0001473353640953845,791.8178571428695,5.8316762663429144e-05,0.00015002453521352604,0.0,0.2559204451011174,0.0
4932.YPR081C,0.0009696186166774402,0.0004374879736319181,0.19959881087557965,0.0,2.826131900701845e-05,0.0,,2.6812316543300083e-05,643.1968253968286,0.00047970013979709025,2.826131900701837e-05,0.0,0.20788520536419694,0.0
4932.YDR305C,0.001292824822236587,0.00014688994306483243,0.1995152267839232,0.0,0.00027196849962644794,0.0,,0.0003529357590223785,645.6075396825431,0.0031480340194419455,0.00027196849962644816,0.0,0.2086643631811699,0.0
4932.YOR176W,0.0029088558500323207,0.0014212129968919581,0.22816299539947735,0.0,0.0015012173142495342,0.0,,0.0016753489739325944,746.4988095238191,0.003299166353005598,0.0015012173142495355,0.0,0.24127304768061072,0.0
4932.YDR322W,0.0003232062055591467,2.418379811269855e-36,0.0003232062055591467,0.0,0.0,0.0,,0.0,1.0,1.9268457513682375e-05,0.0,0.0,0.0003232062055591467,0.0
4932.YHR077C,0.0003232062055591467,2.418379811269855e-36,0.0003232062055591467,0.0,0.0,0.0,,0.0,1.0,1.9268457513682375e-05,0.0,0.0,0.0003232062055591467,0.0
4932.YDR323C,0.0003232062055591467,4.7186322188928537e-05,0.17643835139859596,0.0,0.0,0.0,,0.0,563.3678571428582,0.00036071014545597033,0.0,0.0,0.1820839874411303,0.0
4932.YOR087W,0.001292824822236587,0.0012662264754387314,0.2160899666913638,0.0,0.0006793567390983745,0.0,,0.0006927960980596786,702.2273809523884,0.0015392970003704342,0.0006793567390983736,0.0,0.22696424723735648,0.0
4932.YDR324C,0.0006464124111182935,9.252872700753611e-05,0.1915602874328253,0.0,2.86513411070709e-05,0.0,,3.49036182425813e-05,617.0710317460331,0.0008868879846082898,2.8651341107070887e-05,0.0,0.1994411867311027,0.0
4932.YMR056C,0.001292824822236587,0.00040551377260246256,0.20530409145073628,0.0,0.00013175772858275061,0.0,,0.00012841892827428306,667.1904761904802,0.0010940380245636832,0.0001317577285827503,0.0,0.21564010219472404,0.0
4932.YFL025C,0.0003232062055591467,1.0678775961199506e-05,0.1668507657363014,0.0,0.0,0.0,,0.0,531.1940476190538,0.00016947408457666156,0.0,0.0,0.17168521254655708,0.0
4932.YDR333C,0.0006464124111182935,0.00015448928586275524,0.19261870287447289,0.0,3.549597773878172e-05,0.0,,4.600022198830048e-05,620.9281746031767,0.00021731047502559337,3.549597773878165e-05,0.0,0.20068783923825942,0.0
4932.YDR335W,0.0003232062055591467,2.418379811269855e-36,0.0003232062055591467,0.0,0.0,0.0,,0.0,1.0,2.0224564894635712e-05,0.0,0.0,0.0003232062055591467,0.0
4932.YNL085W,0.0003232062055591467,2.418379811269855e-36,0.0003232062055591467,0.0,0.0,0.0,,0.0,1.0,2.0224564894635712e-05,0.0,0.0,0.0003232062055591467,0.0
4932.YDR339C,0.0009696186166774402,0.000192518443650407,0.17687502594728696,0.0,2.3973793723843523e-05,0.0,,3.760070914114875e-05,566.2107142857155,0.0005972055054132576,2.39737937238435e-05,0.0,0.18300281651121988,0.0
4932.YGR243W,0.001292824822236587,0.00019886596743410128,0.19791291673774936,0.0,0.000258255357181739,0.0,,0.00031783083749792904,639.6599206349235,0.0002220648520916076,0.00025825535718173914,0.0,0.20674205579667768,0.0
4932.YJR094W-A,0.001292824822236587,0.0024829954850333173,0.20571777269430425,0.0,0.0006261975990527319,0.0,,0.0006047175892223178,666.256349206353,0.00038548027171281685,0.0006261975990527319,0.0,0.21533818655667397,0.0
4932.YPR043W,0.001292824822236587,0.0024829954850333173,0.20571777269430425,0.0,0.0006261975990527319,0.0,,0.0006047175892223178,666.2563492063531,0.00038548027171281685,0.0006261975990527319,0.0,0.21533818655667397,0.0
4932.YNL026W,0.001292824822236587,0.0006066660777675192,0.20812917141318177,0.0,0.00019993101124403696,0.0,,0.00020756705327212868,678.0468253968311,0.0006961531277187972,0.0001999310112440369,0.0,0.21914894162793322,0.0
4932.YGL008C,0.004201680672268907,0.00204240764947265,0.22626675394649767,0.0,0.000571383698844427,0.0,,0.0006036266134965507,746.389682539691,5.699140799854105e-06,0.0005713836988444253,0.0,0.24123777716214692,0.0
4932.YJR054W,0.0019392372333548805,0.0010947230431777998,0.20999442954235303,0.0,2.371591595734173e-05,0.0,,2.500141431130594e-05,686.0853174603224,9.73933112226228e-07,2.3715915957341755e-05,0.0,0.22174703214619182,0.0
4932.YKL010C,0.0016160310277957336,0.0005585368593984402,0.21400315686180954,0.0,0.00027224376480817244,0.0,,0.0003546650947889984,695.4333333333402,0.00047927695231687363,0.00027224376480817315,0.0,0.22476836888601592,0.0
4932.YDR347W,0.0003232062055591467,2.418379811269855e-36,0.0003232062055591467,0.0,0.0,0.0,,0.0,1.0,9.600892325377395e-06,0.0,0.0,0.0003232062055591467,0.0
4932.YHR097C,0.0003232062055591467,2.418379811269855e-36,0.0003232062055591467,0.0,0.0,0.0,,0.0,1.0,9.600892325377395e-06,0.0,0.0,0.0003232062055591467,0.0
4932.YDR353W,0.0006464124111182935,0.00031554989891498215,0.19736634695940705,0.0,0.00019344899975240874,0.0,,0.0002001195948295997,636.0063492063514,0.0002406297719951676,0.00019344899975240823,0.0,0.20556119883850976,0.0
4932.YKL217W,0.0009696186166774402,3.597160304498223e-05,0.1690611017422705,0.0,1.203673561809763e-05,0.0,,2.19101873519738e-05,539.8246031746088,9.858138456344638e-05,1.2036735618097624e-05,0.0,0.17447466165953562,0.0
4932.YDR354W,0.002262443438914027,0.00035249781785238023,0.21566610104564707,0.0,0.0010940817477337955,0.0,,0.0011934350227908504,705.0170634920702,0.002070411409448044,0.0010940817477337998,0.0,0.22786588994572188,0.0
4932.YNR033W,0.0006464124111182935,1.4679776415995365e-05,0.17812039188485587,0.0,6.4988080441711e-05,0.0,,8.007619768545534e-05,571.9460317460329,0.00011154694145832507,6.498808044171096e-05,0.0,0.1848565067052462,0.0
4932.YER172C,0.0009696186166774402,0.0010421774333951724,0.22057516738889288,0.0,0.00014585534883828513,0.0,,0.0001847802970361013,716.2277777777839,0.0007272872713854274,0.00014585534883828464,0.0,0.2314892623716153,0.0
4932.YDR361C,0.0003232062055591467,0.0007046608723342329,0.20534833484376494,0.0,0.0,0.0,,0.0,661.3611111111147,5.119225790562024e-05,0.0,0.0,0.21375601522660345,0.0
4932.YDR365C,0.0016160310277957336,0.0011740295847125388,0.21475878366464216,0.0,0.00048216705488148394,0.0,,0.0005568367924323206,701.9861111111164,0.0018856129839313809,0.0004821670548814853,0.0,0.2268862673274438,0.0
4932.YHR128W,0.003878474466709761,0.022330780581944865,0.24864348694094562,0.0,0.002064865197552257,0.0,,0.002011660290600102,825.6630952381087,0.0024717693142649647,0.0020648651975522622,0.0,0.26685943608212515,0.0
4932.YPL117C,0.004201680672268907,0.005450833818045312,0.24044529980318377,0.0,0.0017843412772793655,0.0,,0.0019258149352466857,796.0476190476295,0.0037224100882296564,0.0017843412772793623,0.0,0.2572875303967741,0.0
4932.YJR101W,0.0009696186166774402,7.857872628680208e-05,0.19251492823490146,0.0,0.00011448748424674583,0.0,,0.00014247161094815185,621.3980158730179,0.000526802434241072,0.00011448748424674602,0.0,0.20083969485229988,0.0
4932.YER107C,0.0016160310277957336,0.0003673918940801951,0.21742121762701946,0.0,0.0009551448960904731,0.0,,0.0010268415027934747,707.4107142857209,0.0004037442377190037,0.0009551448960904727,0.0,0.2286395327361714,0.0
4932.YDR374C,0.0006464124111182935,2.7701193048017677e-05,0.17995934336544236,0.0,2.887975965691829e-05,0.0,,3.8329291726834704e-05,576.0976190476196,0.00017922406483218673,2.887975965691827e-05,0.0,0.18619832548403978,0.0
4932.YOR125C,0.0016160310277957336,0.00033388566030236706,0.21201914776830466,0.0,0.0012130588897625869,0.0,,0.0012710983685337086,688.1563492063558,0.0010893324946297652,0.0012130588897625884,0.0,0.22241640245841926,0.0
4932.YLR285W,0.001292824822236587,0.00040942149838104654,0.20118616154268787,0.0,0.0005066508974003552,0.0,,0.0005284775325495229,649.7742063492087,0.0004653775123283898,0.0005066508974003553,0.0,0.210011055704333,0.0
4932.YJL212C,0.001292824822236587,0.00014021996084108678,0.1978992156012497,0.0,0.0013404654188043062,0.0,,0.0013777504553518704,638.471031746034,0.00029114511513541355,0.0013404654188043069,0.0,0.20635779953006841,0.0
4932.YPL131W,0.001292824822236587,0.0005153293143790361,0.20873706968675076,0.0,0.00021935210496937902,0.0,,0.00027039393635781855,674.5325396825452,0.001370740130670873,0.00021935210496937924,0.0,0.21801310267696822,0.0
4932.YIL023C,0.0016160310277957336,0.0008256026111592451,0.2082049649934488,0.0,0.0003523580625562752,0.0,,0.00041213559988470696,675.4920634920687,0.001613639789559784,0.0003523580625562753,0.0,0.21832322672658808,0.0
4932.YDR376W,0.0006464124111182935,0.00013394883674259695,0.1919848334022869,0.0,2.5616235345860316e-05,0.0,,3.204280427969277e-05,617.1579365079384,0.0003691331505284929,2.561623534586029e-05,0.0,0.19946927488944294,0.0
4932.YJR123W,0.0029088558500323207,0.0023659312325588397,0.22767236136986713,0.0,0.0013076955832513233,0.0,,0.0013764498151079493,743.1619047619142,0.0014755746427081527,0.0013076955832513261,0.0,0.24019453935420323,0.0
4932.YLR299W,0.002262443438914027,0.001978200369317699,0.22526825605674167,0.0,0.00042935764483630675,0.0,,0.0005015385287743558,737.7952380952462,0.0003160312243937211,0.0004293576448363066,0.0,0.23845999938436915,0.0
4932.YDR382W,0.0006464124111182935,0.0018061611669990137,0.20201075325843063,0.0,6.272934349760268e-05,0.0,,5.3319998378988696e-05,652.6079365079403,0.00016604205263391457,6.272934349760285e-05,0.0,0.2109269348765147,0.0
4932.YNR036C,0.002262443438914027,0.0017225769749853888,0.2255882393750041,0.0,0.0005572088449622188,0.0,,0.000630194486930264,740.2142857142965,0.0011040991448480436,0.0005572088449622208,0.0,0.2392418505863884,0.0
4932.YMR223W,0.002262443438914027,0.004467832605195588,0.24076932277941984,0.0,0.0010843047366282303,0.0,,0.0011710916420704365,791.8309523809637,0.00015885041200696168,0.001084304736628231,0.0,0.25592467756333304,0.0
4932.YLR087C,0.0006464124111182935,0.00018561214887551433,0.1975846122034871,0.0,1.0099150956215224e-06,0.0,,1.2884871389594191e-06,637.0873015873061,0.00011743128465686836,1.0099150956215217e-06,0.0,0.2059105693559475,0.0
4932.YFL040W,0.0006464124111182935,0.00024937639157327326,0.18901442537424304,0.0,5.4671380748359814e-05,0.0,,6.975141571061534e-05,610.9801587301611,1.5265307677767856e-06,5.467138074835982e-05,0.0,0.19747257877509977,0.0
4932.YDR388W,0.0006464124111182935,4.7490507069054837e-05,0.18114531204360002,0.0,0.000621333365100125,0.0,,0.000621333365100125,580.735317460318,0.00031741283428464835,0.0006213333651001239,0.0,0.1876972583905357,0.0
4932.YFR028C,0.0003232062055591467,1.7701566422792755e-06,0.15242903750453513,0.0,0.0,0.0,,0.0,483.45043290044686,0.0001521141377769209,0.0,0.0,0.15625417999367577,0.0
4932.YLL027W,0.002262443438914027,0.001272662853138706,0.22315801478220545,0.0,0.002807957267599335,0.0,,0.0029145044660272693,729.717063492072,0.0016240229305147596,0.002807957267599351,0.0,0.2358490832230328,0.0
4932.YDR390C,0.001292824822236587,0.0007268711431338486,0.21841795303790126,0.0,0.00024595534684125554,0.0,,0.0003153783882021334,709.4325396825462,0.00017962155547964647,0.0002459553468412554,0.0,0.22929299925098243,0.0
4932.YPR180W,0.0029088558500323207,0.002884147702515782,0.22946333033874233,0.0,0.0011585273154647105,0.0,,0.0012853163688594264,752.785714285724,0.0014779419923637528,0.001158527315464712,0.0,0.2433050143134177,0.0
4932.YDR392W,0.0016160310277957336,0.00044588789951969827,0.1999897977724956,0.0,0.0006936688792974089,0.0,,0.0006853304763395576,646.9535714285755,0.0013019369767163283,0.0006936688792974085,0.0,0.20909940899436696,0.0
4932.YDR435C,0.0006464124111182935,1.945833642454238e-05,0.17076787152688483,0.0,1.9036890067026703e-05,0.0,,2.620453637403326e-05,545.9515873015916,0.0002847695225755185,1.903689006702669e-05,0.0,0.17645494095073927,0.0
4932.YNL265C,0.0019392372333548805,0.0002990393293207385,0.2047159960870848,0.0,0.0006631892743380321,0.0,,0.0007792461318212713,665.1726190476251,0.0014072576450481246,0.0006631892743380337,0.0,0.21498791824422075,0.0
4932.YDR393W,0.0009696186166774402,0.00043401877169960503,0.21159542334271295,0.0,6.151498316990403e-05,0.0,,8.694811899553159e-05,684.16706349207,0.0002659439302966457,6.151498316990399e-05,0.0,0.22112704055981366,0.0
4932.YNL249C,0.001292824822236587,0.003590456308149613,0.23040655834287516,0.0,0.00038175278868795063,0.0,,0.0004139161046725889,754.2277777777875,9.277575238437912e-05,0.00038175278868795047,0.0,0.24377109818286288,0.0
4932.YDR395W,0.001292824822236587,0.0017788978478403925,0.21405122945414093,0.0,8.343054929306406e-05,0.0,,0.0001004364594430494,694.9992063492133,0.00020872541785504572,8.343054929306404e-05,0.0,0.22462805635074543,0.0
4932.YDR397C,0.001292824822236587,0.0003301605967702615,0.1999198663794707,0.0,0.000166639512148921,0.0,,0.00021626748196276234,648.4170634920679,0.0008335529349549446,0.0001666395121489213,0.0,0.20957241871107415,0.0
4932.YKR035W-A,0.0016160310277957336,0.0012255807764169062,0.21649910401090972,0.0,0.0003353416572903173,0.0,,0.0004008884714379211,705.7845238095304,0.0016506043362258056,0.00033534165729031746,0.0,0.22811393788284542,0.0
4932.YDR399W,0.001292824822236587,0.0007649980377531936,0.2071038302803776,0.0,0.0001527732991112894,0.0,,0.000146630922945869,671.2654761904813,0.0012579777984736064,0.00015277329911128938,0.0,0.21695716748237756,0.0
4932.YIL120W,0.0003232062055591467,3.3467527565259685e-06,0.1604633269357312,0.0,0.0,0.0,,0.0,510.38253968255077,1.7159002197641984e-06,0.0,0.0,0.16495880403443428,0.0
4932.YHR028C,0.0006464124111182935,8.923581503882908e-05,0.17774383941802224,0.0,0.0002348691443599563,0.0,,0.0002378272494765717,569.4273809523829,0.00039151347133873087,0.00023486914435995624,0.0,0.1840424631391018,0.0
4932.YPR040W,0.0016160310277957336,0.000485717552605519,0.20323149220532147,0.0,0.00043737922988354205,0.0,,0.00047228540359921164,659.0146825396868,0.0002429008164038998,0.00043737922988354216,0.0,0.21299763495141646,0.0
4932.YDR408C,0.0006464124111182935,0.000508394856273825,0.2123814390312074,0.0,3.424277080574866e-05,0.0,,4.3554328262894464e-05,688.7623015873088,0.00077553064410495,3.424277080574856e-05,0.0,0.22261225002821644,0.0
4932.YDR410C,0.0016160310277957336,0.007282040864286819,0.23320722543319072,0.0,0.00018369713849803872,0.0,,0.0002735686361888431,763.2797619047725,0.00046466818714354296,0.00018369713849803815,0.0,0.24669675562532706,0.0
4932.YML060W,0.0029088558500323207,0.0022396374979088063,0.22825408570425199,0.0,0.0014666427872039554,0.0,,0.0017707583921583196,748.4976190476286,0.0016174535699459188,0.0014666427872039524,0.0,0.24191907532243667,0.0
4932.YFL034C-A,0.0009696186166774402,0.0037746490749922252,0.2292976794224795,0.0,0.00016424494508719117,0.0,,0.00016139761135303083,748.1706349206431,0.00011085521050131177,0.00016424494508719144,0.0,0.24181339202347607,0.0
4932.YLR061W,0.0016160310277957336,0.0057675495622813155,0.23414318694078565,0.0,0.00029976131992939293,0.0,,0.0002876454060408222,766.4432539682639,0.0005387616476046934,0.00029976131992939245,0.0,0.2477192158914848,0.0
4932.YDR415C,0.0019392372333548805,0.000617830287323968,0.209901914190473,0.0,0.0007896795082036616,0.0,,0.0008375457599135338,681.1392857142904,0.001422909562730468,0.0007896795082036664,0.0,0.2201484439929818,0.0
4932.YOL102C,0.0003232062055591467,2.3027512117068612e-05,0.17229111435390862,0.0,0.0,0.0,,0.0,549.6543650793667,0.00017517831844246747,0.0,0.0,0.17765170170632355,0.0
4932.YIR031C,0.0016160310277957336,0.001216289009049084,0.2227927807154588,0.0,0.00034217038822676143,0.0,,0.0004124391036633597,727.4250000000078,0.0015917930831594969,0.00034217038822676165,0.0,0.2351082740788623,0.0
4932.YDR418W,0.003555268261150614,0.0032412621017465027,0.23429671087288353,0.0,0.0007401178146580396,0.0,,0.0007497674707473435,770.1369047619149,0.002618804970778938,0.0007401178146580399,0.0,0.2489130267491612,0.0
4932.YDR425W,0.0003232062055591467,8.201917984731422e-05,0.1819408203513271,0.0,0.0,0.0,,0.0,581.7976190476192,6.159438210619562e-05,0.0,0.0,0.1880406008557269,0.0
4932.YMR100W,0.0003232062055591467,3.702948766465341e-06,0.15978168740484333,0.0,0.0,0.0,,0.0,509.07222222223476,8.329246358188896e-05,0.0,0.0,0.16453530130000718,0.0
4932.YLR277C,0.001292824822236587,0.00023502964597140851,0.19759826981129827,0.0,0.0008373528273292114,0.0,,0.0009208745430457382,637.3944444444487,0.0010216690299327744,0.0008373528273292102,0.0,0.20600983983336926,0.0
4932.YGR159C,0.0009696186166774402,0.0010907746652773355,0.2082504676447914,0.0,4.549027321184478e-05,0.0,,5.766555101358319e-05,675.9869047619119,0.0004884007169639864,4.54902732118448e-05,0.0,0.21848316249576752,0.0
4932.YMR138W,0.0009696186166774402,0.01023815357785936,0.232278716938332,0.0,0.00010210853491473618,0.0,,0.00012434418487494708,761.8642857142955,0.0001399949558415923,0.00010210853491473621,0.0,0.24623926493674395,0.0
4932.YDR430C,0.0006464124111182935,0.00011390885543405322,0.19701269258167137,0.0,2.102867110465929e-05,0.0,,2.9320479042907803e-05,635.0138888888916,0.0006152676008055754,2.1028671104659294e-05,0.0,0.2052404295051354,0.0
4932.YDR432W,0.0003232062055591467,5.84959624233692e-34,0.00043094160741219563,0.0,0.0,0.0,,0.0,1.5,2.9514317195151898e-06,0.0,0.0,0.0004848093083387201,0.0
4932.YIL061C,0.0006464124111182935,8.272578340319567e-34,0.0006464124111182935,0.0,2.089920501514043e-07,0.0,,2.089920501514043e-07,2.0,6.45592409991422e-06,2.089920501514043e-07,0.0,0.0006464124111182935,0.0
4932.YDR434W,0.0006464124111182935,3.317568044412931e-05,0.16989505345061523,0.0,5.2248012537851075e-08,0.0,,5.2248012537851075e-08,542.3408730158768,3.10214019272548e-08,5.2248012537851075e-08,0.0,0.17528793568709536,0.0
4932.YML014W,0.0009696186166774402,7.631944397447128e-05,0.1870724539859991,0.0,0.00021791508738260097,0.0,,0.000268458904055154,603.317857142858,0.0004281779901198122,0.00021791508738260094,0.0,0.19499607535321822,0.0
4932.YDR438W,0.0009696186166774402,0.0006893223265498742,0.20870659044754702,0.0,0.00016028700459727095,0.0,,0.00016928667048542105,675.5793650793702,0.0004350566386935058,0.0001602870045972709,0.0,0.2183514431413591,0.0
4932.YLR086W,0.0009696186166774402,9.501418943071426e-05,0.1875388158079152,0.0,3.962739942817527e-05,0.0,,5.801993125987055e-05,603.7293650793664,0.000255907812335828,3.962739942817519e-05,0.0,0.1951290772719344,0.0
4932.YDR441C,0.0016160310277957336,0.006954928266226851,0.21154844737364403,0.0,0.00046493635354497953,0.0,,0.00036848900075734715,688.693253968261,0.0006614603199702803,0.0004649363535449783,0.0,0.22258993340926114,0.0
4932.YIL051C,0.0016160310277957336,0.0005492682519659095,0.1868645685292229,0.0,8.92217904774836e-05,0.0,,9.782221844738896e-05,602.5436507936521,0.00039407343148828786,8.922179047748347e-05,0.0,0.19474584705677145,0.0
4932.YER057C,0.0016160310277957336,0.0005492682519659095,0.1868645685292229,0.0,8.92217904774836e-05,0.0,,9.782221844738896e-05,602.5436507936521,0.0012626099419572189,8.922179047748347e-05,0.0,0.19474584705677145,0.0
4932.YLR017W,0.0016160310277957336,0.0008763949886766515,0.20354985540871914,0.0,0.00011261765508301779,0.0,,0.00015426467591107257,659.9396825396867,0.002118595980405902,0.00011261765508301772,0.0,0.21329660069155867,0.0
4932.YDR444W,0.0006464124111182935,0.0002696785293109481,0.20464272097931505,0.0,4.2591228303772e-05,0.0,,6.250515740324518e-05,661.7682539682585,0.00032877361239937376,4.259122830377191e-05,0.0,0.2138876063245811,0.0
4932.YDR447C,0.003878474466709761,0.011759628806621998,0.24223829924244145,0.0,0.0007624233504578376,0.0,,0.0007373589810746297,799.5539682539815,0.001063332855951994,0.0007624233504578391,0.0,0.25842080421912356,0.0
4932.YGR103W,0.002262443438914027,0.001551141741105393,0.22047309651087857,0.0,0.00045793495545593926,0.0,,0.0005381044715765635,721.3888888888976,0.0011208377376016635,0.0004579349554559397,0.0,0.2331573655103067,0.0
4932.YPL204W,0.0016160310277957336,0.002860969063415716,0.2272018891559412,0.0,0.00036677348861362567,0.0,,0.00044531425323202924,740.559523809532,8.300539986681294e-06,0.000366773488613625,0.0,0.2393534336811648,0.0
4932.YOL049W,0.002262443438914027,0.0034718714924352276,0.2421972523392402,0.0,0.0010646342752369527,0.0,,0.0012387777360964582,795.6011904762026,0.0010489935602674512,0.001064634275236956,0.0,0.2571432419121495,0.0
4932.YNL010W,0.0009696186166774402,0.0038575327459498252,0.20675930633299958,0.0,0.00041433129690355837,0.0,,0.00035564105310582423,669.1567460317505,0.0005179099410883293,0.00041433129690355793,0.0,0.21627561280922625,0.0
4932.YDR453C,0.001292824822236587,0.00042257352509802917,0.20623722454080168,0.0,0.0004032162719235584,0.0,,0.00042205173319223533,668.3464285714336,0.0003540736490177647,0.0004032162719235579,0.0,0.2160137131775787,0.0
4932.YML102W,0.002262443438914027,0.00020123361940181008,0.20307268376501045,0.0,0.000679687075960747,0.0,,0.0008349918652908502,660.678968253973,0.0012583044492039573,0.0006796870759607484,0.0,0.21353554242209705,0.0
4932.YNL161W,0.003232062055591467,0.01160683857409399,0.24374609220327864,0.0,0.0007496278807069638,0.0,,0.000782475461300386,805.1797619047734,0.0008506422547502459,0.0007496278807069654,0.0,0.2602390956382553,0.0
4932.YOR216C,0.0006464124111182935,0.0016163467014426011,0.21385906855390527,0.0,9.701299686527383e-05,0.0,,0.00012364909020346434,693.9345238095298,0.0007097411961756688,9.701299686527372e-05,0.0,0.22428394434696958,0.0
4932.YLR448W,0.001292824822236587,0.0017982864221292442,0.21920513529330968,0.0,0.00017913461564610778,0.0,,0.00020422658107347068,713.9380952381024,0.0005211563076268331,0.0001791346156461074,0.0,0.2307492227660295,0.0
4932.YML073C,0.0009696186166774402,0.0017743498739073006,0.2175535897534286,0.0,7.53992884606559e-05,0.0,,7.525652610260659e-05,707.8595238095302,0.0005386736764648634,7.539928846065597e-05,0.0,0.22878459075938068,0.0
4932.YIR026C,0.0003232062055591467,0.0001063188194387962,0.18911445947076289,0.0,0.0,0.0,,0.0,606.776984126985,0.00028149421816228855,0.0,0.0,0.19611408666030516,0.0
4932.YJL005W,0.0006464124111182935,5.2900859056513586e-06,0.1505584963058962,0.0,1.0449602507570215e-07,0.0,,1.0449602507570215e-07,478.00003607505096,1.342717365217398e-08,1.0449602507570215e-07,0.0,0.15449257791694765,0.0
4932.YDR460W,0.0003232062055591467,2.0763257833387986e-05,0.17086994437298575,0.0,0.0,0.0,,0.0,545.5075396825438,0.00010302716813315971,0.0,0.0,0.17631142200469932,0.0
4932.YDR465C,0.0006464124111182935,4.836916374742187e-05,0.1811108824987362,0.0,3.364727413833878e-05,0.0,,4.882941014560055e-05,580.9297619047628,0.00010411777875584039,3.3647274138338764e-05,0.0,0.18776010404161664,0.0
4932.YHR050W,0.0009696186166774402,6.926276432171127e-05,0.1843579368863699,0.0,6.729188591688398e-05,0.0,,9.538759982428227e-05,592.3984126984134,2.244907720036666e-05,6.729188591688407e-05,0.0,0.19146684314751541,0.0
4932.YDR466W,0.0003232062055591467,0.0003145478469384577,0.20295734251757558,0.0,0.0,0.0,,0.0,654.7464285714321,8.190576064708776e-07,0.0,0.0,0.21161810878197435,0.0
4932.YLR307W,0.0006464124111182935,0.00296779625221476,0.21242878571450188,0.0,4.914328730355188e-05,0.0,,7.104911367512699e-05,688.4623015873083,7.677958974451359e-05,4.91432873035518e-05,0.0,0.22251528816654867,0.0
4932.YDR490C,0.0016160310277957336,0.008247755054945304,0.23391327791179542,0.0,0.00011022106367264974,0.0,,0.00012748714057463716,767.2869047619134,0.00027543393268585157,0.00011022106367264965,0.0,0.24799188906331765,0.0
4932.YDR473C,0.0003232062055591467,0.0016782805374049078,0.21635163621887926,0.0,0.0,0.0,,0.0,701.0690476190559,2.2363189588400103e-07,0.0,0.0,0.22658986671591713,0.0
4932.YPL133C,0.0006464124111182935,0.0036864015169981745,0.23557100695179659,0.0,5.1183176252545474e-06,0.0,,4.381286939855512e-06,770.5154761904872,2.487268208487613e-05,5.118317625254542e-06,0.0,0.24903538338412287,0.0
4932.YNL023C,0.0006464124111182935,0.0016573598873686787,0.2234894980345596,0.0,5.21166848078513e-06,0.0,,8.184670435216107e-06,726.4440476190548,9.788965360554996e-05,5.211668480785125e-06,0.0,0.23479122418198048,0.0
4932.YML121W,0.002262443438914027,0.005569642816816636,0.24554665601787082,0.0,0.0022944784922894748,0.0,,0.0024677476145067182,807.273809523822,0.0016341347499554196,0.0022944784922894774,0.0,0.2609159048234678,0.0
4932.YGL037C,0.0016160310277957336,0.0020143027733003317,0.22959233550397973,0.0,0.00020605521478309874,0.0,,0.0002544496349926746,751.1309523809614,0.0003812016333073012,0.00020605521478309823,0.0,0.24277018499707576,0.0
4932.YMR300C,0.003555268261150614,0.0023780019070153554,0.23903789358307984,0.0,0.0023260006615835084,0.0,,0.002499402266488573,786.0607142857252,0.0027723041909915327,0.002326000661583506,0.0,0.2540597008033983,0.0
4932.YDR481C,0.0009696186166774402,8.72549125088668e-05,0.19132950735292495,0.0,6.17518996409418e-05,0.0,,8.220176155786699e-05,618.8884920634935,9.110337472820311e-05,6.175189964094179e-05,0.0,0.20002860118406338,0.0
4932.YGR055W,0.002262443438914027,0.0007645952143554886,0.2130620980368228,0.0,0.0004523946909457366,0.0,,0.0004913530103619556,696.999206349212,3.25784908697432e-05,0.0004523946909457367,0.0,0.22527446876186372,0.0
4932.YGR260W,0.003232062055591467,0.00034803755203656586,0.2088133067465341,0.0,0.001027123781152446,0.0,,0.0011959355248878033,683.3968253968313,0.00013582026228187234,0.0010271237811524483,0.0,0.22087809482767468,0.0
4932.YDR492W,0.0003232062055591467,0.0024248398834159583,0.22666144698382903,0.0,0.0,0.0,,0.0,737.7277777777853,0.00016314618163431523,0.0,0.0,0.23843819579113695,0.0
4932.YDR500C,0.0009696186166774402,0.001198085059533567,0.21230257477609002,0.0,3.54661027387e-05,0.0,,3.684051792504954e-05,688.1797619047683,0.0002642710896344741,3.5466102738700016e-05,0.0,0.22242396958783514,0.0
4932.YJL177W,0.003555268261150614,0.0011812369351316542,0.23512536349399998,0.0,0.001185410493274568,0.0,,0.0012382783562960638,774.5452380952489,0.0029885671149524795,0.0011854104932745686,0.0,0.2503378274386678,0.0
4932.YKL180W,0.003555268261150614,0.0011812369351316542,0.23512536349399998,0.0,0.001185410493274568,0.0,,0.0012382783562960638,774.5452380952489,0.0030011342551883487,0.0011854104932745686,0.0,0.2503378274386678,0.0
4932.YDR502C,0.002262443438914027,0.0014981919034549325,0.226751342060764,0.0,0.000334336987788757,0.0,,0.00034533006087063766,743.2714285714374,0.0007124826546755083,0.000334336987788757,0.0,0.2402299381290978,0.0
4932.YDR507C,0.0003232062055591467,0.0005635052176775374,0.20256903127551387,0.0,0.0,0.0,,0.0,653.8095238095276,9.607374409095284e-07,0.0,0.0,0.2113152953489088,0.0
4932.YJL129C,0.0009696186166774402,0.00033219021886474626,0.19909835418303745,0.0,0.0015349552405943062,0.0,,0.001511074950973248,643.2817460317503,0.00012005213009551155,0.0015349552405943066,0.0,0.20791265224038333,0.0
4932.YPL162C,0.0009696186166774402,0.0004148504882581659,0.20809886943001032,0.0,0.0006700527603648998,0.0,,0.0006814706899416861,673.8503968254031,0.0014838518008916135,0.0006700527603648985,0.0,0.2177926298724618,0.0
4932.YDR522C,0.0003232062055591467,0.0001854035527306589,0.19428124027185345,0.0,0.0,0.0,,0.0,623.9849206349215,5.9264767218459905e-08,0.0,0.0,0.201675798524538,0.0
4932.YIL153W,0.0006464124111182935,0.0002848050279379141,0.20702883613557735,0.0,3.635848588239536e-05,0.0,,3.6683073436873215e-05,671.1047619047686,0.00015753570648218063,3.6358485882395346e-05,0.0,0.2169052236279127,0.0
4932.YDR530C,0.0003232062055591467,5.84959624233692e-34,0.00043094160741219563,0.0,0.0,0.0,,0.0,1.5,5.811651257054468e-05,0.0,0.0,0.0004848093083387201,0.0
4932.YDR531W,0.0016160310277957336,0.0004833797413907604,0.2077963341833286,0.0,0.00035634671762740916,0.0,,0.00045698495463021544,674.4178571428636,0.001982256688402941,0.0003563467176274094,0.0,0.21797603656847356,0.0
4932.YNL287W,0.002585649644473174,0.001572587503629048,0.22307094571674224,0.0,0.0013810108148713412,0.0,,0.0016136229703794494,729.4976190476283,0.0013006125480654184,0.001381010814871339,0.0,0.23577815741681288,0.0
4932.YDR533C,0.0003232062055591467,0.0002579762152243478,0.18755111988978165,0.0,0.0,0.0,,0.0,602.5706349206367,7.0071327376987e-05,0.0,0.0,0.19475456849406428,0.0
4932.YER053C,0.004524886877828054,0.006922752184269,0.23299813916049,0.0,0.0033664953172325486,0.0,,0.003354346311497028,767.7500000000102,0.0008477549493620071,0.003366495317232549,0.0,0.2481415643180349,0.0
4932.YOR100C,0.0016160310277957336,0.0004400533059787384,0.21298272756370526,0.0,0.0003579190211539748,0.0,,0.0004249069868420772,694.2051587301651,0.00020024685206304892,0.00035791902115397446,0.0,0.22437141523275977,0.0
4932.YMR099C,0.001292824822236587,0.0017007053389707667,0.2191883276614056,0.0,0.0004403414838679132,0.0,,0.0005277799862075311,714.6250000000081,0.0010581562174179753,0.0004403414838679144,0.0,0.23097123464770525,0.0
4932.YDR538W,0.0003232062055591467,0.00012571440647146415,0.17566854110244282,0.0,0.0,0.0,,0.0,560.8829365079384,6.22182826852923e-05,0.0,0.0,0.18128084567160196,0.0
4932.YDR539W,0.0009696186166774402,0.0033726977596150224,0.2149364037112821,0.0,0.0006635463189336761,0.0,,0.0006836225459424385,698.2452380952444,0.0005240683838360584,0.0006635463189336751,0.0,0.22567719395450486,0.0
4932.YML024W,0.005171299288946348,0.013789436388671238,0.24542017250687256,0.0,0.0018157437794655543,0.0,,0.0017844525952165236,812.4515873016009,0.0011137176314010338,0.0018157437794655623,0.0,0.2625893947322519,0.0
4932.YOR165W,0.0006464124111182935,0.00032146201743385526,0.1983936546158687,0.0,0.0001289412937250006,0.0,,0.00016073281039510046,640.1777777777806,0.00028743504809229734,0.00012894129372500063,0.0,0.20690943043884222,0.0
4932.YGL190C,0.0019392372333548805,0.005465617136978367,0.2345466171119176,0.0,0.0012787679209390775,0.0,,0.0013059700782003614,768.8944444444545,0.0024882648288711054,0.0012787679209390768,0.0,0.24851145586439702,0.0
4932.YIL005W,0.0003232062055591467,1.6326156769138848e-05,0.16661736721804812,0.0,0.0,0.0,,0.0,530.8138888888958,0.00021778598218331492,0.0,0.0,0.1715623428858723,0.0
4932.YPR058W,0.0016160310277957336,0.0012691383766480545,0.21602464817955505,0.0,0.0008068705091064847,0.0,,0.0008860475680940052,703.3753968254033,0.0003515752686656251,0.0008068705091064874,0.0,0.2273352930915956,0.0
4932.YPR160W,0.0029088558500323207,0.005893311251465762,0.2401221477832887,0.0,0.003256264183663763,0.0,,0.0033259817334833153,787.6761904762027,0.0012645747078996283,0.0032562641836637765,0.0,0.2545818327330932,0.0
4932.YJR126C,0.0003232062055591467,0.00011531673580509828,0.19118874861958615,0.0,0.0,0.0,,0.0,613.8099206349235,7.737015389170492e-05,0.0,0.0,0.1983871753829737,0.0
4932.YFL030W,0.0006464124111182935,0.0003382272101765363,0.20433553748106162,0.0,1.688123241484411e-05,0.0,,2.22927513862504e-05,660.3123015873065,0.00029066613543294565,1.6881232414844128e-05,0.0,0.2134170334800587,0.0
4932.YEL012W,0.001292824822236587,0.00021635974903792772,0.201882356593224,0.0,0.00023896353764272583,0.0,,0.00030237258820190935,654.8079365079404,0.0010424281352495732,0.0002389635376427257,0.0,0.21163798852874482,0.0
4932.YNL011C,0.0003232062055591467,2.1825977278790135e-05,0.17057426871293346,0.0,0.0,0.0,,0.0,542.9912698412735,0.00019464031246209783,0.0,0.0,0.17549814797713958,0.0
4932.YEL016C,0.0003232062055591467,5.84959624233692e-34,0.00043094160741219563,0.0,0.0,0.0,,0.0,1.5,1.658603227828419e-05,0.0,0.0,0.0004848093083387201,0.0
4932.YMR018W,0.0003232062055591467,0.0003601606101674939,0.201853846162975,0.0,0.0,0.0,,0.0,651.0964285714309,0.00026637336835714083,0.0,0.0,0.21043840613168344,0.0
4932.YER163C,0.0009696186166774402,0.0015809226576225396,0.21791844559841833,0.0,0.0006718573310319759,0.0,,0.00068768051728374,707.7515873015938,0.0010968403683519468,0.0006718573310319745,0.0,0.2287497050102092,0.0
4932.YPR161C,0.0016160310277957336,0.006115461983403255,0.23395156472379505,0.0,5.644233093586335e-05,0.0,,6.950511897983429e-05,766.3416666666765,7.397215289228527e-06,5.644233093586331e-05,0.0,0.24768638224520578,0.0
4932.YHR079C,0.002262443438914027,0.00813471910017432,0.23727209241036287,0.0,0.00022796750080947886,0.0,,0.00023809590533661667,777.4630952381053,7.66879145576018e-05,0.00022796750080947864,0.0,0.2512808969741743,0.0
4932.YJR031C,0.0006464124111182935,0.001549091588196719,0.21175216069333716,0.0,2.2063569148858358e-05,0.0,,3.184854729370609e-05,685.4873015873073,0.0002122150940440265,2.206356914885835e-05,0.0,0.22155374970501018,0.0
4932.YEL023C,0.0003232062055591467,1.5821401189205907e-06,0.15625330250669867,0.0,0.0,0.0,,0.0,496.848412698427,8.288154576099783e-05,0.0,0.0,0.16058449020633894,0.0
4932.YNL181W,0.0009696186166774402,4.244931229396792e-05,0.1865718685132523,0.0,0.0007311480700168019,0.0,,0.0007692869176446868,601.0190476190493,0.00012354134327805514,0.0007311480700168026,0.0,0.19425308584972448,0.0
4932.YKL189W,0.0003232062055591467,5.266519750404094e-05,0.17540984042216679,0.0,0.0,0.0,,0.0,560.7392857142872,0.00017127031633622412,0.0,0.0,0.18123441684366057,0.0
4932.YIL144W,0.0003232062055591467,8.586586456309735e-05,0.17756718860550666,0.0,0.0,0.0,,0.0,568.0817460317488,4.5100951027256016e-05,0.0,0.0,0.18360754558233547,0.0
4932.YEL027W,0.0029088558500323207,0.002900505896353573,0.22964766784704788,0.0,0.00025523884676520393,0.0,,0.0002778421926096385,753.1940476190576,0.0003406587448036962,0.000255238846765204,0.0,0.24343699018068768,0.0
4932.YKL221W,0.0009696186166774402,0.0012153921889440859,0.21910432814900374,0.0,4.1613273599307757e-05,0.0,,5.078254422281866e-05,713.9416666666741,0.00030903288876993915,4.1613273599307757e-05,0.0,0.2307503770739065,0.0
4932.YMR171C,0.0003232062055591467,0.00013242873827571576,0.1892020762035907,0.0,0.0,0.0,,0.0,607.5146825396835,0.0001519983862775746,0.0,0.0,0.1963525153651204,0.0
4932.YKL069W,0.0029088558500323207,0.0003926917235789081,0.21153279335208316,0.0,0.0023792019056815598,0.0,,0.0024374652625009114,689.4670634920705,0.0028099910270111615,0.002379201905681564,0.0,0.22284003344927716,0.0
4932.YEL042W,0.0003232062055591467,1.8055613747041677e-06,0.1513877121940397,0.0,0.0,0.0,,0.0,480.187337662352,1.8029453469405798e-06,0.0,0.0,0.1551995273633929,0.0
4932.YER043C,0.0009696186166774402,4.843970856928996e-05,0.1796765662702735,0.0,0.0006377506807391434,0.0,,0.0006450635133515793,576.3230158730166,0.00024564875698811965,0.0006377506807391429,0.0,0.18627117513672134,0.0
4932.YML082W,0.002585649644473174,0.006298778397922638,0.2309836917711742,0.0,0.0003057047552922909,0.0,,0.0002898671436805193,758.3404761904873,7.220763704077329e-05,0.00030570475529229064,0.0,0.24510034783144027,0.0
4932.YHL014C,0.002585649644473174,0.006843115792096486,0.230443705712217,0.0,0.0005986251459801985,0.0,,0.0005992371936771904,754.1797619047718,0.0018259220194729543,0.0005986251459801976,0.0,0.2437555791547388,0.0
4932.YML087C,0.0006464124111182935,0.000127911045389437,0.18971689470135727,0.0,2.2202722426462834e-07,0.0,,2.7266274987477886e-07,610.5361111111125,3.9639795309150105e-05,2.2202722426462842e-07,0.0,0.19732905982905985,0.0
4932.YKL127W,0.003555268261150614,0.0020089890781746678,0.22319286144285225,0.0,0.0006620676764170608,0.0,,0.000747557797557366,734.6797619047708,0.001824017675813194,0.000662067676417063,0.0,0.23745305814633547,0.0
4932.YEL050C,0.0009696186166774402,0.00031217322115396613,0.1932959746676619,0.0,4.3014818072702806e-05,0.0,,6.123550839409533e-05,622.590079365081,0.0007867879403794338,4.301481807270279e-05,0.0,0.20122497717035534,0.0
4932.YMR009W,0.0019392372333548805,0.001048286324051726,0.21187771785947612,0.0,0.00039560093842842874,0.0,,0.0004360970871322521,689.4670634920701,0.0027336512929622653,0.0003956009384284299,0.0,0.22284003344927716,0.0
4932.YGR220C,0.0019392372333548805,0.006374951331597509,0.2213780042871565,0.0,0.0006541857184453016,0.0,,0.0006671579300917527,721.9825396825478,0.0011008745395917755,0.0006541857184453034,0.0,0.23334923713074973,0.0
4932.YPL116W,0.0009696186166774402,0.0004473574118255533,0.21083075222066905,0.0,3.435634353007967e-05,0.0,,4.1590873780507984e-05,684.8944444444501,0.0019675872694437423,3.4356343530079635e-05,0.0,0.22136213459742873,0.0
4932.YPR183W,0.0003232062055591467,0.00012103800009736487,0.1921655128636765,0.0,0.0,0.0,,0.0,617.4111111111124,0.00011965579696304085,0.0,0.0,0.19955110249227898,0.0
4932.YPR189W,0.0003232062055591467,0.00012103800009736487,0.1921655128636765,0.0,0.0,0.0,,0.0,617.4111111111123,0.00023566727373390184,0.0,0.0,0.19955110249227898,0.0
4932.YEL054C,0.003555268261150614,0.0032412621017465027,0.23429671087288353,0.0,0.0007401178146580396,0.0,,0.0007497674707473435,770.1369047619149,0.002618804970778938,0.0007401178146580399,0.0,0.2489130267491612,0.0
4932.YEL056W,0.0009696186166774402,6.711523124640267e-05,0.18307103229971514,0.0,0.0014527323739811375,0.0,,0.0015435270121723456,589.9380952380957,0.0005007879793705577,0.0014527323739811364,0.0,0.1906716532766953,0.0
4932.YKL033W-A,0.001292824822236587,0.0002032396786354835,0.18602552022906563,0.0,0.0020226851029102023,0.0,,0.0021032865191865984,598.1416666666674,0.0004587162450696393,0.0020226851029102075,0.0,0.1933230984701573,0.0
4932.YFR037C,0.001292824822236587,0.00030820515640605313,0.20481866943899488,0.0,0.0002340271305293533,0.0,,0.00029292012811678856,662.9920634920684,0.00030875786320854143,0.00023402713052935356,0.0,0.21428314915709873,0.0
4932.YGR032W,0.001292824822236587,0.0005615057876978394,0.2091647156918162,0.0,8.184310125646309e-05,0.0,,9.222549888138789e-05,678.6444444444517,0.0005033136770766596,8.184310125646308e-05,0.0,0.21934209581268407,0.0
4932.YEL064C,0.002262443438914027,0.001865381133283787,0.23029518805768565,0.0,0.0005608868838779166,0.0,,0.0006743394483533878,753.5535714285818,0.0014449257293251518,0.0005608868838779193,0.0,0.24355319050697202,0.0
4932.YMR023C,0.001292824822236587,0.0002547432673223788,0.20744950430769607,0.0,0.00020779725222762037,0.0,,0.0002859436302085743,672.3432539682588,0.0006000256749323525,0.00020779725222761983,0.0,0.21730551194836908,0.0
4932.YEL065W,0.002585649644473174,0.005071618014145838,0.23345481170764,0.0,8.469928260678511e-05,0.0,,8.182625945958985e-05,763.8071428571528,0.00015582559383758244,8.469928260678533e-05,0.0,0.24686720842183027,0.0
4932.YEL066W,0.0003232062055591467,2.418379811269855e-36,0.0003232062055591467,0.0,0.0,0.0,,0.0,1.0,0.0003675716628082676,0.0,0.0,0.0003232062055591467,0.0
4932.YIR042C,0.0003232062055591467,2.418379811269855e-36,0.0003232062055591467,0.0,0.0,0.0,,0.0,1.0,0.0003675716628082676,0.0,0.0,0.0003232062055591467,0.0
4932.YOL158C,0.003878474466709761,0.00415847225134581,0.22450751349721604,0.0,0.00043784380655071927,0.0,,0.00040996049950021166,739.1071428571515,8.061929846640316e-05,0.0004378438065507202,0.0,0.23888401514451935,0.0
4932.YLL066C,0.0006464124111182935,5.0221789773372114e-18,0.0032097719724494575,0.0,7.629868497590952e-08,0.0,,7.464001791121579e-08,11.166666666666668,7.87110214630231e-09,7.629868497590949e-08,0.0,0.0036091359620771383,0.0
4932.YEL077C,0.0016160310277957336,1.1494095095143776e-17,0.003650328909844481,0.0,8.92013168833171e-07,0.0,,9.67521232174135e-07,13.166666666666671,1.6436712844476265e-08,8.920131688331707e-07,0.0,0.004255548373195432,0.0
4932.YER190W,0.0006464124111182935,4.127983517016791e-18,0.0031553690576621787,0.0,1.869317781909783e-07,0.0,,2.0463804910658337e-07,11.0,6.48208415944516e-09,1.869317781909783e-07,0.0,0.003555268261150614,0.0
4932.YEL076C-A,0.0006464124111182935,4.423555460846401e-18,0.0031553690576621787,0.0,0.0,0.0,,0.0,11.0,1.1112144115635658e-08,0.0,0.0,0.003555268261150614,0.0
4932.YFL066C,0.002585649644473174,1.888518666273118e-17,0.004329459869815547,0.0,1.90753845868059e-06,0.0,,1.8829395851785795e-06,15.500000000000002,2.3682756675914396e-07,1.90753845868059e-06,0.0,0.005009696186166775,0.0
4932.YLL067C,0.0006464124111182935,5.0221789773372114e-18,0.0032097719724494575,0.0,7.629868497590952e-08,0.0,,7.464001791121579e-08,11.166666666666668,7.871101925523846e-09,7.629868497590949e-08,0.0,0.0036091359620771383,0.0
4932.YLR466W,0.001292824822236587,8.925853704141793e-18,0.003650328909844481,0.0,1.7840443162254347e-06,0.0,,1.9322434636765994e-06,12.833333333333336,1.2501162102492807e-08,1.7840443162254349e-06,0.0,0.004147812971342383,0.0
4932.YER002W,0.0003232062055591467,3.16814234276878e-07,0.13672537638033536,0.0,0.0,0.0,,0.0,432.2770562770686,5.049705440297746e-05,0.0,0.0,0.1397146271095851,0.0
4932.YHR009C,0.0006464124111182935,8.49917573079149e-06,0.15938969441650694,0.0,0.000621333365100125,0.0,,0.000621333365100125,508.00836940838116,0.00023066657747843907,0.0006213333651001239,0.0,0.1641914574687684,0.0
4932.YER003C,0.0006464124111182935,0.0006554575298223382,0.21397112046108172,0.0,3.468177945793415e-05,0.0,,4.552466436076362e-05,694.3011904761953,0.00038066987092111196,3.468177945793415e-05,0.0,0.22440245328900793,0.0
4932.YER005W,0.001292824822236587,0.001773779534262171,0.214855630917704,0.0,0.0012517607155302646,0.0,,0.001250231100658911,700.4309523809611,5.7645172466783714e-05,0.001251760715530263,0.0,0.22638363037522702,0.0
4932.YLR208W,0.003555268261150614,0.0017026586668506193,0.2263563361596367,0.0,0.0022729541334883694,0.0,,0.0024950001891832544,743.3130952381053,0.0032487320359141435,0.0022729541334883634,0.0,0.24024340505432942,0.0
4932.YKL100C,0.0003232062055591467,3.26821417460894e-05,0.17554987529845564,0.0,0.0,0.0,,0.0,562.2936507936532,5.694510740118693e-06,0.0,0.0,0.18173679728301578,0.0
4932.YLR293C,0.0019392372333548805,0.001115490964602789,0.21811797416145673,0.0,0.0009100745128653897,0.0,,0.0009731643861583025,711.1551587301649,0.0005937725474585194,0.0009100745128653916,0.0,0.22984976041698732,0.0
4932.YER007W,0.0003232062055591467,4.5147103501801984e-05,0.1823935538416418,0.0,0.0,0.0,,0.0,583.5218253968275,3.680897662963661e-07,0.0,0.0,0.1885978750474549,0.0
4932.YKR062W,0.0006464124111182935,0.00016728061390149153,0.1807673055115753,0.0,7.169658009249913e-05,0.0,,8.941786262803884e-05,580.3000000000023,0.0008676811068922455,7.169658009249911e-05,0.0,0.18755656108597282,0.0
4932.YMR071C,0.0003232062055591467,0.00016601054341185663,0.17940593506715527,0.0,0.0,0.0,,0.0,574.658333333336,0.0009435474173101798,0.0,0.0,0.18573313940960998,0.0
4932.YJL055W,0.001292824822236587,0.0003572426250605896,0.2062521045714323,0.0,0.00034733522921009323,0.0,,0.000432346468389235,668.2111111111158,0.0008872046807088518,0.0003473352292100931,0.0,0.21596997773468363,0.0
4932.YER010C,0.0006464124111182935,7.115342021445223e-05,0.1742444330952122,0.0,2.4062853131344556e-06,0.0,,3.1302682756086615e-06,557.1718253968286,0.0001612358188966118,2.406285313134456e-06,0.0,0.18008139153097136,0.0
4932.YER014W,0.0006464124111182935,0.0011288642284239183,0.21197198349103158,0.0,0.0,0.0,,0.0,685.5063492063541,0.0005041415317968265,0.0,0.0,0.22155990601368752,0.0
4932.YOR145C,0.001292824822236587,0.0003554596728467509,0.2023109815541438,0.0,0.00013234763795014296,0.0,,0.00016991707410545756,655.8206349206372,0.001178833637109908,0.00013234763795014282,0.0,0.21196529894008886,0.0
4932.YGL055W,0.0019392372333548805,0.0008201833293040511,0.21438834328483966,0.0,0.00020654845967646264,0.0,,0.00024087144588549162,698.8492063492117,0.00016066099695283,0.0002065484596764627,0.0,0.22587240024214816,0.0
4932.YER016W,0.0019392372333548805,0.006530807189183639,0.22687731502857555,0.0,0.00028454324848131647,0.0,,0.000312924322531322,742.8404761904856,0.0006597897943380868,0.0002845432484813158,0.0,0.24009065164527352,0.0
4932.YJL024C,0.001292824822236587,0.0013954527802109008,0.2039564903938393,0.0,0.00015198607601356117,0.0,,0.00016609572839871797,660.4289682539721,0.0016500478030192923,0.00015198607601356085,0.0,0.21345474087070726,0.0
4932.YOR003W,0.0019392372333548805,0.0021795706471672382,0.22415542769231175,0.0,8.540695212057348e-05,0.0,,7.253042796563335e-05,729.938095238104,5.050862955330949e-05,8.540695212057326e-05,0.0,0.23592052205497582,0.0
4932.YLR450W,0.003878474466709761,0.002861118242354578,0.24445477760903472,0.0,0.0015042035726927575,0.0,,0.001631187912310229,808.5095238095374,0.001059273913890958,0.001504203572692758,0.0,0.2613152953489088,0.0
4932.YHR051W,0.0016160310277957336,0.0007920160241870578,0.22026923789182093,0.0,0.00029334731842737405,0.0,,0.00034900351160812226,715.6035714285796,0.00041745129871630787,0.00029334731842737335,0.0,0.2312875150060024,0.0
4932.YER020W,0.001292824822236587,0.0009300036328152793,0.2235594095065341,0.0,0.00023239888292806107,0.0,,0.0002916171322730851,728.2583333333412,0.00038502953537564014,0.00023239888292806105,0.0,0.23537761258349493,0.0
4932.YER024W,0.0006464124111182935,0.0013077076480823833,0.2105822592530425,0.0,0.0,0.0,,0.0,685.4019841269909,5.089593406842405e-05,0.0,0.0,0.22152617457239304,0.0
4932.YKL021C,0.0003232062055591467,3.7806082938088745e-07,0.14224990890525735,0.0,0.0,0.0,,0.0,450.82225829727315,3.787458495041092e-05,0.0,0.0,0.1457085514858624,0.0
4932.YLR451W,0.0003232062055591467,3.7806082938088745e-07,0.14224990890525735,0.0,0.0,0.0,,0.0,450.82225829727315,0.00014505399085228227,0.0,0.0,0.1457085514858624,0.0
4932.YNR047W,0.0009696186166774402,0.001270378172210134,0.21805142405492386,0.0,3.4410432024019096e-05,0.0,,5.604235877273796e-05,707.9646825396886,6.510489356497926e-05,3.441043202401908e-05,0.0,0.22881857871353667,0.0
4932.YIL108W,0.0003232062055591467,0.00037260895817033086,0.19628221432024526,0.0,0.0,0.0,,0.0,631.7539682539704,0.0010677214582814692,0.0,0.0,0.20418680292629873,0.0
4932.YKL212W,0.002585649644473174,0.006743312431407046,0.2318078307946847,0.0,0.003914784935150547,0.0,,0.0038918388303488473,760.5785714285817,0.000260920315244179,0.003914784935150549,0.0,0.24582371410102502,0.0
4932.YGR092W,0.003878474466709761,0.013696312703502649,0.25466852288285535,0.0,0.0008601712348338514,0.0,,0.0009016895427135783,844.0428571428721,0.001379304352572501,0.0008601712348338495,0.0,0.27279988918644377,0.0
4932.YLR305C,0.003555268261150614,0.014464017281143394,0.25286635730739065,0.0,0.0008121220647610083,0.0,,0.0007926245774184648,836.2059523809678,1.5027785599807499e-05,0.0008121220647610098,0.0,0.2702669529350201,0.0
4932.YFR051C,0.004201680672268907,0.012196311528715776,0.2480609310447806,0.0,0.0013100363123335797,0.0,,0.0013640609864271614,821.2809523809655,0.0014285232789245721,0.0013100363123335808,0.0,0.2654431003170499,0.0
4932.YPR111W,0.003232062055591467,0.011007600915134787,0.244412976176475,0.0,0.0004532113508527837,0.0,,0.0004488243394350874,806.8880952381077,0.0010861428463259457,0.000453211350852783,0.0,0.2607912395727522,0.0
4932.YOR157C,0.0006464124111182935,0.00470883853364168,0.23124528145607925,0.0,1.5928337835307683e-06,0.0,,1.4693040759916531e-06,755.6230158730257,4.866424517174801e-06,1.592833783530768e-06,0.0,0.24422204779347637,0.0
4932.YPR155C,0.0029088558500323207,0.01181901918337308,0.23727209241036287,0.0,5.449297756521902e-05,0.0,,4.284799795097858e-05,780.8071428571541,0.00025545985403506655,5.449297756521906e-05,0.0,0.2523617139163358,0.0
4932.YHR147C,0.0029088558500323207,0.013173914030872012,0.2436006961533917,0.0,0.0012151876103926036,0.0,,0.0013216123300815053,803.7646825396945,0.003648666428798417,0.0012151876103926034,0.0,0.259781733206103,0.0
4932.YER039C-A,0.0003232062055591467,7.328840097478354e-06,0.16536438765315276,0.0,0.0,0.0,,0.0,527.3182539682614,6.219096533132998e-05,0.0,0.0,0.17043253198715386,0.0
4932.YJL088W,0.003232062055591467,0.0014249231446452004,0.22920575443874694,0.0,0.0012811089080748907,0.0,,0.001361444420271441,751.7416666666765,0.004856896548073397,0.0012811089080748987,0.0,0.24296757164404223,0.0
4932.YLL029W,0.0019392372333548805,0.0003562686082680163,0.2047306574060053,0.0,0.0008722171790814147,0.0,,0.0010705168498728141,663.618253968258,0.0006347754324189927,0.0008722171790814154,0.0,0.21448553780486554,0.0
4932.YER047C,0.0006464124111182935,0.004338172257267798,0.23739031467862912,0.0,4.1557228545328986e-05,0.0,,5.5071802512450355e-05,777.7654761904878,7.881751063423085e-06,4.1557228545329e-05,0.0,0.2513786283744267,0.0
4932.YER049W,0.0006464124111182935,0.00016019052664051548,0.18746502520559066,0.0,0.000621333365100125,0.0,,0.000621333365100125,603.2400793650809,0.0003156096574351515,0.0006213333651001239,0.0,0.19497093709278585,0.0
4932.YKL128C,0.0003232062055591467,5.9686640810850995e-06,0.15687927611458963,0.0,0.0,0.0,,0.0,498.6524170274299,2.685319023091584e-05,0.0,0.0,0.1611675556003287,0.0
4932.YOR391C,0.0003232062055591467,0.0002579762152243478,0.18755111988978165,0.0,0.0,0.0,,0.0,602.5706349206367,5.26009536472912e-05,0.0,0.0,0.19475456849406428,0.0
4932.YPR026W,0.0003232062055591467,0.0002579762152243478,0.18755111988978165,0.0,0.0,0.0,,0.0,602.5706349206367,2.648394294940965e-06,0.0,0.0,0.19475456849406428,0.0
4932.YLR419W,0.002262443438914027,0.002598833190491692,0.2195586919631376,0.0,0.0001536356955520174,0.0,,0.00019425902488438113,715.4773809523884,0.0005763074982977732,0.00015363569555201746,0.0,0.23124672946101518,0.0
4932.YMR322C,0.0003232062055591467,0.0002579762152243478,0.18755111988978165,0.0,0.0,0.0,,0.0,602.5706349206366,5.06250755609869e-05,0.0,0.0,0.19475456849406428,0.0
4932.YPL280W,0.0003232062055591467,0.0002579762152243478,0.18755111988978165,0.0,0.0,0.0,,0.0,602.5706349206366,5.2204852018259876e-05,0.0,0.0,0.19475456849406428,0.0
4932.YMR200W,0.0003232062055591467,1.473516908064942e-05,0.17351466885341743,0.0,0.0,0.0,,0.0,555.8623015873038,0.0002369699411030176,0.0,0.0,0.1796581453094058,0.0
4932.YOR130C,0.0029088558500323207,0.0021675381213155554,0.2231057651884845,0.0,0.001687771667097483,0.0,,0.0017898461953380796,730.5825396825467,0.0009256177416326092,0.0016877716670974886,0.0,0.2361288104985584,0.0
4932.YER056C-A,0.001292824822236587,0.00016610147393156726,0.19254086141038942,0.0,9.166971607236132e-05,0.0,,0.00012738380447141292,620.8476190476221,0.00031649585090988327,9.166971607236137e-05,0.0,0.2006618031828116,0.0
4932.YOR369C,0.0016160310277957336,0.0006433486608842445,0.20794749176984448,0.0,0.00032769852968582593,0.0,,0.00041817481727624,675.5349206349262,0.0008287881402538082,0.0003276985296858258,0.0,0.21833707842111205,0.0
4932.YOL002C,0.002262443438914027,0.00271558228159002,0.2336456207078097,0.0,0.0024445050364548123,0.0,,0.002465343052707457,765.5539682539769,0.00021109276751064593,0.002444505036454813,0.0,0.24743179323011255,0.0
4932.YML022W,0.002262443438914027,0.007102688835200816,0.2198119315155749,0.0,0.0010990150529255709,0.0,,0.0009987731208790783,717.8992063492132,0.003439354613849699,0.00109901505292557,0.0,0.2320294784580499,0.0
4932.YNL001W,0.0016160310277957336,0.00034586266821976804,0.20318815618452282,0.0,0.00047602720700678537,0.0,,0.0006079749878663189,660.9849206349246,0.001433624447481305,0.0004760272070067873,0.0,0.21363442813022646,0.0
4932.YIL052C,0.001292824822236587,0.00016610147393156726,0.19254086141038942,0.0,9.166971607236132e-05,0.0,,0.00012738380447141292,620.8476190476221,0.00031687551582673245,9.166971607236137e-05,0.0,0.2006618031828116,0.0
4932.YER059W,0.0003232062055591467,3.27966636286278e-05,0.17115639859657836,0.0,0.0,0.0,,0.0,546.101984126988,0.0002783267941467002,0.0,0.0,0.17650355013800392,0.0
4932.YOR002W,0.003232062055591467,0.0008399564010864354,0.22546369345847872,0.0,0.002083312058383779,0.0,,0.0022548573716944338,739.3242063492156,0.002081794411850338,0.0020833120583837812,0.0,0.23895417141215458,0.0
4932.YGL148W,0.0006464124111182935,0.00038790836026745954,0.20808372174698295,0.0,0.000621333365100125,0.0,,0.000621333365100125,672.9003968254009,0.00025078766053283317,0.0006213333651001239,0.0,0.2174855839771806,0.0
4932.YPL215W,0.0003232062055591467,0.0003873695145221395,0.20805343299563694,0.0,0.0,0.0,,0.0,672.2337301587343,0.00022965745591120812,0.0,0.0,0.21727011317347453,0.0
4932.YPL134C,0.002262443438914027,0.0017387185688077895,0.22277541843516613,0.0,0.0004502645364116549,0.0,,0.0005155070921133138,728.2908730158797,0.00037635187700641023,0.0004502645364116547,0.0,0.23538812961081867,0.0
4932.YER066W,0.001292824822236587,0.003390105248089896,0.21982883492464256,0.0,0.0001884847907096902,0.0,,0.00021579232620199377,716.190873015881,0.0004908738634889232,0.0001884847907096899,0.0,0.23147733452355299,0.0
4932.YER068W,0.0006464124111182935,0.000934024147866292,0.20542211622305634,0.0,9.948403579259496e-05,0.0,,0.0001222340994320586,664.7123015873061,0.0001832591620844483,9.948403579259487e-05,0.0,0.21483914078451893,0.0
4932.YOR334W,0.0009696186166774402,3.49399001317366e-05,0.18413231364638016,0.0,0.0003992027886168651,0.0,,0.0004858739870290299,592.6432539682552,0.00042755061699530685,0.00039920278861686493,0.0,0.1915459773653051,0.0
4932.YPL060W,0.001292824822236587,0.00015374633689739723,0.2026264650808089,0.0,0.001714297495579615,0.0,,0.001688932129080014,655.7575396825437,0.0005458736511999582,0.001714297495579617,0.0,0.21194490616759523,0.0
4932.YER070W,0.001292824822236587,0.00016849652586455757,0.20198220655409113,0.0,0.00014042085679324382,0.0,,0.00016851152488507034,653.8666666666709,0.0006640295402399704,0.0001404208567932437,0.0,0.21133376427494074,0.0
4932.YOR196C,0.005817711700064641,0.0033043235693095913,0.24639322266506222,0.0,0.003772211879233585,0.0,,0.003988778942950616,818.0845238095378,0.005058029362108842,0.0037722118792335876,0.0,0.2644099947671376,0.0
4932.YFR007W,0.0009696186166774402,0.00010702356392858452,0.1893524653480858,0.0,4.689272798755748e-05,0.0,,6.436752697833081e-05,608.7912698412725,0.00014926294685567803,4.689272798755747e-05,0.0,0.19676511630293142,0.0
4932.YOR004W,0.001292824822236587,0.0005941942722048395,0.20586592030534726,0.0,0.00021241358576431834,0.0,,0.0002689274387917362,667.5428571428617,0.0006231884758751867,0.00021241358576431845,0.0,0.21575399390525443,0.0
4932.YER072W,0.0009696186166774402,0.000539053567072797,0.20433553748106162,0.0,4.877287879305846e-05,0.0,,7.030422397831354e-05,660.739285714291,0.00039230451708202526,4.8772878793058404e-05,0.0,0.21355503739957524,0.0
4932.YMR120C,0.0029088558500323207,0.017804255931599865,0.2564735483007403,0.0,0.0005390230333134232,0.0,,0.000529478759826948,848.4404761904921,0.0003972769699721968,0.0005390230333134238,0.0,0.2742212269523194,0.0
4932.YLR028C,0.0029088558500323207,0.01774900514723398,0.2556935750769277,0.0,0.0016905158046587711,0.0,,0.0016677626598106737,846.4833333333493,0.00039237882954388056,0.0016905158046587724,0.0,0.2735886662357251,0.0
4932.YJL104W,0.0006464124111182935,0.0007771407938563146,0.19581164253442374,0.0,1.6076311550108024e-08,0.0,,1.6076311550108014e-08,631.367063492065,6.923513854867821e-05,1.6076311550108024e-08,0.0,0.20406175290629072,0.0
4932.YER080W,0.0003232062055591467,0.0017825269711577443,0.22931607326809336,0.0,0.0,0.0,,0.0,746.9099206349296,4.167053960571448e-07,0.0,0.0,0.24140592134289612,0.0
4932.YOL056W,0.0006464124111182935,0.00019057395019543062,0.19324370779152653,0.0,1.741600417928369e-08,0.0,,1.7416004179283675e-08,620.8555555555572,5.5051412879105015e-06,1.741600417928369e-08,0.0,0.20066436831142714,0.0
4932.YML026C,0.005494505494505494,0.0497705369725633,0.26175754686933905,0.0,0.0021246844530139848,0.0,,0.0018953334531601434,872.4809523809681,0.0018786405766433535,0.00212468445301398,0.0,0.2819912580416782,0.0
4932.YER086W,0.0003232062055591467,7.984118705058621e-05,0.18668152350029726,0.0,0.0,0.0,,0.0,599.8503968253974,0.00023963153106839214,0.0,0.0,0.19387537066108496,0.0
4932.YER087W,0.0006464124111182935,0.0003235189298359437,0.19795403153244595,0.0,0.000621333365100125,0.0,,0.000621333365100125,639.5384920634941,0.0010189701679845318,0.0006213333651001239,0.0,0.20670280932885976,0.0
4932.YML094W,0.0003232062055591467,1.205742696381297e-05,0.16415838804180843,0.0,0.0,0.0,,0.0,522.8448412698491,0.00012885549459299358,0.0,0.0,0.16898669724299975,0.0
4932.YOL055C,0.002585649644473174,0.017120470754007414,0.23794357993674478,0.0,0.0008585050423691387,0.0,,0.0007856302048711842,783.8809523809648,0.0038952493003820356,0.0008585050423691427,0.0,0.25335518822913783,0.0
4932.YOR025W,0.001292824822236587,0.0019959603280654574,0.2197612368819228,0.0,6.763228268095572e-05,0.0,,8.878825852334674e-05,714.6634920634993,8.448887107478936e-05,6.763228268095578e-05,0.0,0.23098367552149066,0.0
4932.YOR233W,0.002262443438914027,0.010606836205402608,0.24026341984871843,0.0,0.00017067800568745063,0.0,,0.00022628119884307934,791.5595238095354,5.1602018211522315e-05,0.00017067800568745098,0.0,0.2558369501646813,0.0
4932.YPL150W,0.0003232062055591467,0.0012156162086118254,0.20680417922014407,0.0,0.0,0.0,,0.0,667.2694444444477,4.3337361212020906e-07,0.0,0.0,0.21566562522444876,0.0
4932.YER098W,0.0003232062055591467,3.967581363481871e-05,0.16334233297297593,0.0,0.0,0.0,,0.0,519.3698412698498,2.8463756586455926e-05,0.0,0.0,0.16786355567868172,0.0
4932.YPL003W,0.0003232062055591467,3.6783911353494234e-05,0.1791473440721973,0.0,0.0,0.0,,0.0,573.6988095238114,1.5412543582387707e-05,0.0,0.0,0.18542301535999015,0.0
4932.YJR133W,0.001292824822236587,0.0007649980377531936,0.2071038302803776,0.0,0.0001527732991112894,0.0,,0.000146630922945869,671.2654761904813,0.0012945830524876902,0.00015277329911128938,0.0,0.21695716748237756,0.0
4932.YER105C,0.0003232062055591467,0.0040164086591869905,0.23470067071921608,0.0,0.0,0.0,,0.0,767.417857142868,8.764703497068612e-07,0.0,0.0,0.24803421368547418,0.0
4932.YNL056W,0.0003232062055591467,1.3692908523612575e-05,0.1773248662837325,0.0,0.0,0.0,,0.0,566.3702380952387,6.771462685928603e-05,0.0,0.0,0.1830543755963924,0.0
4932.YGL203C,0.001292824822236587,0.000776492981915682,0.217305524086663,0.0,0.00018714712695134945,0.0,,0.00023940480344942703,705.576587301594,0.0006097437077744008,0.00018714712695134942,0.0,0.22804673151311808,0.0
4932.YPL006W,0.0006464124111182935,0.0027847368466274005,0.2017256488151896,0.0,0.000621333365100125,0.0,,0.000621333365100125,651.0873015873055,7.37031464068436e-05,0.0006213333651001239,0.0,0.21043545623377555,0.0
4932.YER113C,0.0003232062055591467,1.0987314087102456e-06,0.14960509573791353,0.0,0.0,0.0,,0.0,473.82940115441664,1.9979634723174014e-05,0.0,0.0,0.15314460282947676,0.0
4932.YER118C,0.0003232062055591467,2.418379811269855e-36,0.0003232062055591467,0.0,0.0,0.0,,0.0,1.0,1.1852953554081212e-07,0.0,0.0,0.0003232062055591467,0.0
4932.YLR006C,0.0003232062055591467,2.418379811269855e-36,0.0003232062055591467,0.0,0.0,0.0,,0.0,1.0,1.1852953554081212e-07,0.0,0.0,0.0003232062055591467,0.0
4932.YER119C,0.0003232062055591467,4.084008006563802e-07,0.13782624605178398,0.0,0.0,0.0,,0.0,435.94567099568445,9.236275103385836e-06,0.0,0.0,0.14090034615244698,0.0
4932.YER122C,0.0003232062055591467,1.4457114111627158e-05,0.17106421933816357,0.0,0.0,0.0,,0.0,544.9726190476237,0.00010717384982992393,0.0,0.0,0.17613853233601132,0.0
4932.YER123W,0.0006464124111182935,3.665896049823682e-06,0.14888048379563834,0.0,6.966401671713477e-08,0.0,,6.966401671713475e-08,471.9535714285868,1.8288736826952467e-07,6.966401671713477e-08,0.0,0.1525383230215163,0.0
4932.YHR158C,0.0009696186166774402,4.918703591492976e-05,0.1761339599112786,0.0,0.0003129239241625688,0.0,,0.00031575139121441456,563.1662698412722,1.1945554686971485e-07,0.00031292392416256814,0.0,0.18201883317429535,0.0
4932.YGR238C,0.0009696186166774402,4.918703591492976e-05,0.1761339599112786,0.0,0.0003129239241625688,0.0,,0.00031575139121441456,563.1662698412721,7.871101927731631e-07,0.00031292392416256814,0.0,0.18201883317429535,0.0
4932.YGR233C,0.0016160310277957336,0.0007176817406011948,0.22179022184498812,0.0,0.00023628233308116891,0.0,,0.0003074904490709753,723.9452380952472,0.0009640312655623622,0.00023628233308116897,0.0,0.23398359343737496,0.0
4932.YGR178C,0.0003232062055591467,0.00013995057684987867,0.1926836188568382,0.0,0.0,0.0,,0.0,619.9329365079383,1.0375964357407336e-06,0.0,0.0,0.20036617210986957,0.0
4932.YIR001C,0.0003232062055591467,0.00013995057684987867,0.1926836188568382,0.0,0.0,0.0,,0.0,619.9329365079383,0.00013584873715060292,0.0,0.0,0.20036617210986957,0.0
4932.YKR084C,0.001292824822236587,0.0012826879189402189,0.2139871374623888,0.0,1.8980558473646744e-05,0.0,,3.852726983224305e-05,696.2373015873076,0.002650316695834775,1.8980558473646758e-05,0.0,0.22502821641477103,0.0
4932.YKL156W,0.0019392372333548805,0.004476563760156957,0.2304808650616828,0.0,0.002380430229441072,0.0,,0.0023050550232631478,752.894047619057,0.0009075271713726647,0.002380430229441078,0.0,0.2433400283190199,0.0
4932.YOR290C,0.001292824822236587,0.0041801397807395444,0.2321466760890086,0.0,0.00021170175882135025,0.0,,0.0002516857792297869,757.9178571428666,1.6428841742771523e-05,0.00021170175882134952,0.0,0.24496375473266227,0.0
4932.YER136W,0.0016160310277957336,0.00030341020532654857,0.20483334546861934,0.0,0.0006305802255760954,0.0,,0.0007041982471259939,665.4531746031786,0.0008400090905578566,0.0006305802255760944,0.0,0.2150785955407804,0.0
4932.YKR066C,0.0019392372333548805,0.00027207189826337604,0.2053188371299326,0.0,0.00032796652575474503,0.0,,0.0004357695463778139,666.2682539682589,0.0008889884113071949,0.00032796652575474514,0.0,0.21534203424959728,0.0
4932.YKL165C,0.0006464124111182935,2.2204299012169428e-05,0.18007270358173555,0.0,3.0514905790283304e-05,0.0,,4.142006021960135e-05,578.3785714285722,0.0009294426341630805,3.051490579028329e-05,0.0,0.18693554344814847,0.0
4932.YOL135C,0.0019392372333548805,0.002274664478494644,0.22964766784704788,0.0,0.0009467329722937208,0.0,,0.0009847966313984676,751.4797619047716,0.000612761812357285,0.0009467329722937248,0.0,0.2428829223997291,0.0
4932.YNL024C,0.0006464124111182935,0.0004375999154090279,0.2084174809973791,0.0,2.122151954567947e-05,0.0,,3.114757632404051e-05,674.0777777777851,0.0005831021112837036,2.122151954567946e-05,0.0,0.21786612080729728,0.0
4932.YGR257C,0.0016160310277957336,0.0011317336026222845,0.21856825211102163,0.0,0.0005339221875526067,0.0,,0.0005499296918089135,711.5980158730242,0.0013121180155537748,0.0005339221875526059,0.0,0.22999289459373495,0.0
4932.YER144C,0.0003232062055591467,0.00013201184132398153,0.18762497829876948,0.0,0.0,0.0,,0.0,601.5079365079375,6.256137013025379e-06,0.0,0.0,0.1944110977724423,0.0
4932.YER145C,0.0009696186166774402,0.005806397741036788,0.23351202167620094,0.0,0.0006217456304328725,0.0,,0.0006216317901527675,763.4773809523916,2.3620250866505824e-06,0.0006217456304328716,0.0,0.24676062732785423,0.0
4932.YPL183C,0.0003232062055591467,0.00021640800315202445,0.1878839414630333,0.0,0.0,0.0,,0.0,601.7837301587317,1.2760445239261011e-06,0.0,0.0,0.1945002359918326,0.0
4932.YER152C,0.001292824822236587,0.0011122504332794494,0.21368322390193242,0.0,0.0005093359460934909,0.0,,0.0005826607170645479,694.1428571428645,0.0005608130026541609,0.0005093359460934888,0.0,0.2243512789731277,0.0
4932.YLR420W,0.0006464124111182935,0.0001053584417652494,0.18088168624146114,0.0,0.000621333365100125,0.0,,0.000621333365100125,578.4150793650805,0.00015877216399370206,0.0006213333651001239,0.0,0.18694734303978,0.0
4932.YJR119C,0.0003232062055591467,0.00010521212911912037,0.18085879851702213,0.0,0.0,0.0,,0.0,577.7484126984139,3.129920530163998e-06,0.0,0.0,0.18673187223607393,0.0
4932.YER159C,0.0003232062055591467,1.7421441377221556e-32,0.0005171299288946348,0.0,0.0,0.0,,0.0,2.0833333333333335,1.5214377016262755e-05,0.0,0.0,0.0006733462615815558,0.0
4932.YNR065C,0.0006464124111182935,3.017482160642916e-32,0.0007387570412780496,0.0,6.269761504542129e-07,0.0,,6.269761504542129e-07,2.833333333333333,3.007270242167368e-05,6.269761504542129e-07,0.0,0.0009157509157509158,0.0
4932.YKR097W,0.0019392372333548805,0.00045384378104023026,0.2083870950109383,0.0,0.0021240688763947122,0.0,,0.002213592234982445,678.8448412698472,0.0012140364459625992,0.00212406887639471,0.0,0.21940686531022666,0.0
4932.YNL227C,0.0003232062055591467,5.891133948906146e-05,0.17765547009881621,0.0,0.0,0.0,,0.0,567.0809523809532,0.00047328935878196963,0.0,0.0,0.1832840828639148,0.0
4932.YNL241C,0.003232062055591467,0.0022546347315180264,0.2218246426134905,0.0,0.0011064148768559646,0.0,,0.0011471789613783363,727.6000000000092,0.004085873035832359,0.0011064148768559668,0.0,0.23516483516483516,0.0
4932.YER170W,0.002585649644473174,0.0013143132010936147,0.22403245841379718,0.0,0.0008100222734440459,0.0,,0.0009423658300024221,732.5492063492142,0.0005120549987709495,0.0008100222734440455,0.0,0.23676444936949137,0.0
4932.YLR290C,0.0006464124111182935,0.0014922773478439606,0.21260257097724614,0.0,2.6511179039338555e-05,0.0,,3.745197027404886e-05,687.2297619047682,0.00021530519605922961,2.6511179039338575e-05,0.0,0.22211692369255392,0.0
4932.YER175C,0.0009696186166774402,0.0017432283861558283,0.21448485664466174,0.0,0.001089037008235385,0.0,,0.0011669340578049708,696.0464285714338,0.00036492373151888075,0.0010890370082353874,0.0,0.22496652507156709,0.0
4932.YLL063C,0.0006464124111182935,6.554582539651086e-05,0.17538831642186956,0.0,7.0840697628909e-05,0.0,,0.00010426048645104059,560.2849206349225,2.5677849511036882e-05,7.084069762890879e-05,0.0,0.18108756323042036,0.0
4932.YER176W,0.0003232062055591467,0.00019802570843477032,0.18412045403581426,0.0,0.0,0.0,,0.0,589.6376984126999,4.1276984509438285e-07,0.0,0.0,0.19057456315859678,0.0
4932.YNL002C,0.0003232062055591467,0.0004303201791881174,0.20161183224205176,0.0,0.0,0.0,,0.0,651.9507936507964,1.1533479348662744e-06,0.0,0.0,0.21071454222714728,0.0
4932.YIL103W,0.0006464124111182935,0.0004331644957970589,0.20321704481126407,0.0,0.00023018152290670268,0.0,,0.00026477168175121957,657.7841269841307,0.0005001853770672595,0.0002301815229067023,0.0,0.2125999117595756,0.0
4932.YPL198W,0.0006464124111182935,0.00044359792063291664,0.20339054922519045,0.0,6.439924885804122e-05,0.0,,8.244985270539754e-05,658.8019841269872,0.0001311631164753797,6.439924885804133e-05,0.0,0.21292888950451977,0.0
4932.YGL076C,0.0006464124111182935,0.00044359792063291664,0.20339054922519045,0.0,6.439924885804122e-05,0.0,,8.244985270539754e-05,658.8019841269872,0.00013164209617718526,6.439924885804133e-05,0.0,0.21292888950451977,0.0
4932.YER185W,0.0003232062055591467,1.6912601848371792e-05,0.17126919713378777,0.0,0.0,0.0,,0.0,547.7178571428611,5.07241588438286e-05,0.0,0.0,0.17702581032412965,0.0
4932.YJR076C,0.0016160310277957336,0.004712513831667415,0.2345466171119176,0.0,0.00024294296163698522,0.0,,0.0002802796072299412,768.9142857142964,3.88978282009498e-05,0.00024294296163698579,0.0,0.24851786868593592,0.0
4932.YGR234W,0.0003232062055591467,5.023801889015693e-05,0.18122569857740914,0.0,0.0,0.0,,0.0,579.340476190479,0.00012731391613080072,0.0,0.0,0.18724643703635302,0.0
4932.YFL013C,0.0016160310277957336,0.021462070717214343,0.23851932994243236,0.0,3.567607353577572e-06,0.0,,2.9213200959231914e-06,782.9857142857273,4.6735825195579095e-06,3.5676073535775742e-06,0.0,0.2530658417213039,0.0
4932.YPR073C,0.0016160310277957336,0.0012020478626283764,0.2209160872766655,0.0,0.0006301014514817452,0.0,,0.0006302451291441768,720.8547619047699,0.0011491065686639638,0.0006301014514817442,0.0,0.23298473235448025,0.0
4932.YHR148W,0.003232062055591467,0.0033212617590640306,0.22500229589610796,0.0,0.0015489996635854027,0.0,,0.0015059775020152854,741.1214285714384,0.0012402104063981626,0.0015489996635853988,0.0,0.23953504478714566,0.0
4932.YGR141W,0.0006464124111182935,0.0008481962246125099,0.20872182895444302,0.0,4.535555563993622e-06,0.0,,5.021330638628752e-06,676.6630952381023,4.186176108168437e-05,4.535555563993622e-06,0.0,0.2187017114538123,0.0
4932.YFL017C,0.0006464124111182935,0.0003667323427455788,0.2037820194867445,0.0,3.801800569640991e-05,0.0,,5.2929972072832494e-05,658.3285714285764,0.0010160995308116938,3.80180056964099e-05,0.0,0.21277587958260227,0.0
4932.YPL030W,0.0016160310277957336,0.0008844895027069833,0.20849348474655763,0.0,0.00022375811650625948,0.0,,0.00026926075593225853,678.5071428571487,0.0005388961508457584,0.00022375811650625945,0.0,0.21929771908763507,0.0
4932.YKL004W,0.0009696186166774402,0.0012198217366139329,0.2178520171742152,0.0,2.3917189529024055e-05,0.0,,2.9480411633205456e-05,707.620634920642,0.00048161860514015853,2.391718952902405e-05,0.0,0.22870738038805263,0.0
4932.YPL063W,0.002585649644473174,0.002580338830295139,0.22798103272669684,0.0,0.0006533869573003415,0.0,,0.000736045893855961,748.5623015873119,0.00013622608703703245,0.0006533869573003417,0.0,0.2419399811206534,0.0
4932.YLR336C,0.0006464124111182935,0.00037070738576557363,0.20385467940954516,0.0,5.777638664555247e-07,0.0,,7.742258494512207e-07,658.9015873015926,0.0009679128763268553,5.777638664555243e-07,0.0,0.21296108186864487,0.0
4932.YLR272C,0.0009696186166774402,0.0008064093461990936,0.2135076681873218,0.0,5.5264305339986054e-05,0.0,,8.135346353550518e-05,693.1107142857221,0.0008273694898834523,5.5264305339986115e-05,0.0,0.2240176839966756,0.0
4932.YPR118W,0.0009696186166774402,0.0003043693906351074,0.1920235218217271,0.0,0.00011899523090267114,0.0,,0.0001476309474045314,618.9170634920653,0.0012405768756434744,0.00011899523090267115,0.0,0.20003783564707933,0.0
4932.YIL121W,0.0009696186166774402,2.2544209695122208e-05,0.1770174109455726,0.0,0.00017324430572065915,0.0,,0.00021764501794714394,569.5670634920643,0.00026891851231527954,0.00017324430572065888,0.0,0.18408760940273547,0.0
4932.YFL033C,0.0003232062055591467,5.887529352799537e-06,0.1622852210820353,0.0,0.0,0.0,,0.0,516.777813852824,7.639598927714322e-08,0.0,0.0,0.16702579633251904,0.0
4932.YML123C,0.0009696186166774402,0.00015799055624211655,0.19523659126895584,0.0,0.001183245428920017,0.0,,0.0011643210671154736,630.6908730158754,0.00018498663745366144,0.0011832454289200161,0.0,0.20384320394824595,0.0
4932.YFL034W,0.0016160310277957336,0.0004865035772376209,0.19831107661186623,0.0,8.335010998296438e-05,0.0,,0.00011509273839995209,641.0654761904807,0.0005879923806096527,8.335010998296428e-05,0.0,0.2071963400744913,0.0
4932.YLR063W,0.0009696186166774402,0.0014249154945254368,0.21408328984947592,0.0,8.503659370922358e-05,0.0,,0.00010534141456967046,693.7646825396886,0.0003182772664778068,8.50365937092235e-05,0.0,0.22422905059459683,0.0
4932.YFL036W,0.0016160310277957336,0.0020254744158627047,0.21597568520399302,0.0,0.0004947220609845834,0.0,,0.0004899244394148249,704.9178571428653,0.00038517098370774336,0.0004947220609845829,0.0,0.22783382583802753,0.0
4932.YPR060C,0.0006464124111182935,0.00010485171016327953,0.18690122061850617,0.0,1.886649812771419e-05,0.0,,2.8003683194477106e-05,601.3027777777808,0.00010579409196319994,1.886649812771416e-05,0.0,0.19434478919773038,0.0
4932.YLL012W,0.0009696186166774402,0.005022280293259721,0.23299813916049,0.0,0.00025486636870455953,0.0,,0.00026465041891665593,761.0404761904862,2.5803787142066043e-05,0.00025486636870455893,0.0,0.24597300458644997,0.0
4932.YOL121C,0.002262443438914027,0.011585035002976347,0.25264287842333644,0.0,0.0007611115625487543,0.0,,0.000757976268605456,833.6916666666808,0.0008946389364779505,0.0007611115625487519,0.0,0.2694543201896143,0.0
4932.YGR217W,0.0006464124111182935,0.004489709783421527,0.22904047507091194,0.0,7.731698590685941e-06,0.0,,7.5262509343700835e-06,747.1861111111198,1.5058112492299767e-05,7.731698590685933e-06,0.0,0.24149518781871723,0.0
4932.YOR074C,0.0019392372333548805,0.005804874903358587,0.23205245306924685,0.0,0.0008228082469636139,0.0,,0.0009254232127820309,762.7238095238192,0.0015118263916443604,0.0008228082469636137,0.0,0.24651706836580786,0.0
4932.YKL022C,0.0006464124111182935,0.007711215984781583,0.23246760749451506,0.0,5.0395991338921605e-06,0.0,,6.509140233560977e-06,762.3142857142957,1.940134023442504e-05,5.0395991338921605e-06,0.0,0.24638470772924553,0.0
4932.YOR319W,0.002262443438914027,0.008430029988228664,0.2459692109241139,0.0,0.0008225895605726563,0.0,,0.0009559065990772306,811.3369047619169,0.0013858095868102863,0.000822589560572661,0.0,0.26222912241819807,0.0
4932.YLR246W,0.0009696186166774402,0.008820060713653313,0.23242980481015138,0.0,0.00015846899938173586,0.0,,0.0001702256894315065,762.5666666666766,6.249168772570533e-05,0.00015846899938173594,0.0,0.24646627881921998,0.0
4932.YKR105C,0.0009696186166774402,0.000534892326048092,0.20352087208885458,0.0,4.241519817000034e-05,0.0,,5.817628025760183e-05,658.378968253972,2.0925555972002956e-06,4.2415198170000395e-05,0.0,0.212792168149311,0.0
4932.YHR005C,0.0006464124111182935,0.0003331735227171955,0.21288756101877063,0.0,2.1890768320174073e-05,0.0,,2.2349609406454457e-05,689.8119047619113,0.00021613351378495054,2.1890768320174076e-05,0.0,0.22295148828762273,0.0
4932.YLR078C,0.0003232062055591467,3.812474038025946e-05,0.18228887701569008,0.0,0.0,0.0,,0.0,583.8571428571433,0.0002850806626041329,0.0,0.0,0.18870625173146183,0.0
4932.YFL054C,0.0009696186166774402,0.0007522874831553038,0.21345983940860602,0.0,0.00010380499329338264,0.0,,0.0001310734415658749,692.9511904761968,9.990280367693015e-06,0.00010380499329338256,0.0,0.22396612491150308,0.0
4932.YFL058W,0.0003232062055591467,0.0005635052176775374,0.20256903127551387,0.0,0.0,0.0,,0.0,653.8095238095276,0.0008427616612018119,0.0,0.0,0.2113152953489088,0.0
4932.YFL059W,0.0019392372333548805,0.0015494181304318542,0.20452558985190325,0.0,0.0006207652344762712,0.0,,0.000620815010422375,663.0452380952429,0.00015183355614335498,0.00062076523447627,0.0,0.2143003355188229,0.0
4932.YFL060C,0.0009696186166774402,0.0001732591943632823,0.16869197269916508,0.0,1.0449602507570215e-07,0.0,,1.044960250757022e-07,539.0111111111156,2.9447181321592345e-05,1.0449602507570215e-07,0.0,0.17421173597644185,0.0
4932.YNL334C,0.0009696186166774402,0.0001732591943632823,0.16869197269916508,0.0,1.0449602507570215e-07,0.0,,1.044960250757022e-07,539.0111111111156,2.9792352291105568e-05,1.0449602507570215e-07,0.0,0.17421173597644185,0.0
4932.YMR095C,0.0009696186166774402,0.0001732591943632823,0.16869197269916508,0.0,1.0449602507570215e-07,0.0,,1.044960250757022e-07,539.0111111111156,3.757293654470667e-05,1.0449602507570215e-07,0.0,0.17421173597644185,0.0
4932.YMR096W,0.0019392372333548805,0.0015494181304318542,0.20452558985190325,0.0,0.0006207652344762712,0.0,,0.000620815010422375,663.0452380952429,0.0001555355205813271,0.00062076523447627,0.0,0.2143003355188229,0.0
4932.YNL333W,0.0019392372333548805,0.0015494181304318542,0.20452558985190325,0.0,0.0006207652344762712,0.0,,0.000620815010422375,663.0452380952429,0.00015183355614357578,0.00062076523447627,0.0,0.2143003355188229,0.0
4932.YFL065C,0.001292824822236587,9.916702151688231e-18,0.003447532859297565,0.0,1.7615044227046933e-07,0.0,,1.6893524053905184e-07,12.5,3.4956952890016724e-08,1.7615044227046936e-07,0.0,0.004040077569489335,0.0
4932.YGR119C,0.0003232062055591467,1.8329127691261766e-05,0.16607530176959576,0.0,0.0,0.0,,0.0,528.4285714285783,5.4806019699219136e-06,0.0,0.0,0.17079139348046912,0.0
4932.YGL172W,0.0003232062055591467,1.8329127691261766e-05,0.16607530176959576,0.0,0.0,0.0,,0.0,528.4285714285784,4.022133083942686e-06,0.0,0.0,0.17079139348046912,0.0
4932.YNL092W,0.0006464124111182935,0.00030896695375937577,0.19857280976382688,0.0,2.2398214158720764e-05,0.0,,3.141528668249951e-05,640.7182539682566,0.0002923709235083734,2.239821415872077e-05,0.0,0.20708411569756108,0.0
4932.YLR222C,0.0009696186166774402,0.0035331831613523213,0.22648187049279447,0.0,0.0002242434263250646,0.0,,0.00023803976117027024,738.4476190476272,0.0007592085252441686,0.0002242434263250643,0.0,0.23867085295656723,0.0
4932.YIL066C,0.001292824822236587,0.00016849652586455757,0.20198220655409113,0.0,0.00014042085679324382,0.0,,0.00016851152488507034,653.8666666666709,0.0006595052771533373,0.0001404208567932437,0.0,0.21133376427494074,0.0
4932.YOR043W,0.0006464124111182935,0.0030010318238880207,0.21425979383601046,0.0,0.00014418941361568798,0.0,,0.00017413457555453992,694.8980158730228,0.0004925515657144904,0.0001441894136156879,0.0,0.2245953509608972,0.0
4932.YPL207W,0.0006464124111182935,0.004117297118226179,0.21690979356248968,0.0,6.540400720087198e-06,0.0,,8.415490463668221e-06,704.2527777777856,0.0007622958492233981,6.540400720087192e-06,0.0,0.22761886806004453,0.0
4932.YFR015C,0.0009696186166774402,0.0003959835374838288,0.2130620980368228,0.0,6.306118714934214e-05,0.0,,7.23382111961315e-05,690.6904761904823,0.000478989425593815,6.306118714934196e-05,0.0,0.22323544802536396,0.0
4932.YGL087C,0.002262443438914027,0.0010017164654023399,0.2178354163956452,0.0,0.0010404740970935884,0.0,,0.001218332594028853,712.4809523809604,0.0011969332359874293,0.0010404740970935875,0.0,0.23027826515221475,0.0
4932.YPL094C,0.0006464124111182935,0.0003339847215085797,0.19046266702378917,0.0,0.00024556072909762095,0.0,,0.00024222412580566778,612.0341269841273,4.245070470833258e-05,0.00024556072909761976,0.0,0.19781322785524466,0.0
4932.YFR022W,0.0003232062055591467,5.84959624233692e-34,0.00043094160741219563,0.0,0.0,0.0,,0.0,1.5,5.303733679838293e-05,0.0,0.0,0.0004848093083387201,0.0
4932.YOL018C,0.0006464124111182935,8.272578340319567e-34,0.0006464124111182935,0.0,2.089920501514043e-07,0.0,,2.089920501514043e-07,2.0,7.345590120518302e-05,2.089920501514043e-07,0.0,0.0006464124111182935,0.0
4932.YFR025C,0.0009696186166774402,5.4543806927497785e-05,0.1861830252286083,0.0,5.2404464745749516e-05,0.0,,8.101209257759703e-05,599.1281746031751,0.00031941464070670727,5.240446474574949e-05,0.0,0.19364194395707,0.0
4932.YOR173W,0.0016160310277957336,0.00013447113262385222,0.20005977810623918,0.0,0.000255181001058157,0.0,,0.0003165399447047028,646.8730158730195,0.0003550121621706637,0.00025518100105815665,0.0,0.20907337293891917,0.0
4932.YFR030W,0.001292824822236587,0.0003840577484044117,0.2055846220323662,0.0,0.0006435162813528253,0.0,,0.0006400718684783854,667.5083333333381,0.00010928909272068878,0.0006435162813528259,0.0,0.21574283559577678,0.0
4932.YJR137C,0.0006464124111182935,1.6590807667708723e-05,0.1756469535705101,0.0,2.9335809185712918e-05,0.0,,3.962050618238296e-05,562.7904761904787,0.00019355687843257004,2.9335809185712864e-05,0.0,0.1818973743343491,0.0
4932.YLR043C,0.0003232062055591467,0.00010513993808678181,0.18964138048030066,0.0,0.0,0.0,,0.0,608.9634920634937,0.00048502123620174217,0.0,0.0,0.19682077959388883,0.0
4932.YGR209C,0.0006464124111182935,0.00011986083564277364,0.19425483618918538,0.0,4.308925185412856e-05,0.0,,5.683539000754154e-05,625.7349206349229,0.00048000919629916593,4.308925185412852e-05,0.0,0.20224140938426652,0.0
4932.YPL172C,0.002262443438914027,0.0011292072163813546,0.2249845875460453,0.0,0.0012765539802958952,0.0,,0.0013772154347335122,735.8059523809608,0.0018306585708085788,0.0012765539802958958,0.0,0.23781704989688182,0.0
4932.YNL045W,0.001292824822236587,0.00014960258062514465,0.2013136738985952,0.0,0.0014536630260476877,0.0,,0.001497378936451646,652.6099206349254,0.0007179151040225482,0.0014536630260476864,0.0,0.21092757615866858,0.0
4932.YPR052C,0.0006464124111182935,0.00017344547448265053,0.19557051168913264,0.0,2.1068565864388443e-05,0.0,,2.2033442334107748e-05,631.1067460317479,0.00037348540688709114,2.1068565864388433e-05,0.0,0.20397761668770073,0.0
4932.YFR045W,0.0003232062055591467,0.00010930776199073923,0.18275502936709193,0.0,0.0,0.0,,0.0,586.5630952380967,1.987499536816411e-05,0.0,0.0,0.18958083233293316,0.0
4932.YOR166C,0.0003232062055591467,8.021815616398448e-07,0.14702742217559284,0.0,0.0,0.0,,0.0,465.5742063492219,4.7389358160161614e-05,0.0,0.0,0.1504764726403382,0.0
4932.YML080W,0.001292824822236587,0.004850126650160413,0.23760736176211886,0.0,0.0006502173580415852,0.0,,0.0006616801999803894,778.7523809523925,0.0002707119660393099,0.0006502173580415845,0.0,0.25169760211777015,0.0
4932.YML075C,0.002585649644473174,0.002440189849104876,0.24076932277941984,0.0,0.0007528059853902093,0.0,,0.0007985236276189918,793.3952380952506,0.0007978239197882324,0.0007528059853902112,0.0,0.25643026441345773,0.0
4932.YFR055W,0.0029088558500323207,0.012470113686232747,0.2403240159192982,0.0,0.0011376636748887394,0.0,,0.0010949237398534537,791.5261904762026,5.391496466263728e-05,0.0011376636748887418,0.0,0.2558261766244959,0.0
4932.YHR112C,0.0019392372333548805,0.0011037250707376781,0.21500106568592448,0.0,0.00029640857747238183,0.0,,0.0003540613027830959,700.2349206349262,0.00042331156560263737,0.00029640857747238167,0.0,0.22632027169842295,0.0
4932.YGL184C,0.002262443438914027,0.001101820761470061,0.2170909909902834,0.0,0.0012128277888367783,0.0,,0.0012490715307128522,708.1690476190538,0.000630512767720326,0.0012128277888367796,0.0,0.2288846307753871,0.0
4932.YOR251C,0.0006464124111182935,0.0006278416383844057,0.20215360790326367,0.0,2.4471160940662988e-05,0.0,,3.2421655969486276e-05,652.8087301587339,0.0006846478917341009,2.4471160940662978e-05,0.0,0.21099183263048812,0.0
4932.YGL001C,0.0019392372333548805,0.0042341243863372345,0.23955871694963982,0.0,0.0012107460849262485,0.0,,0.001277722537789508,787.1773809523918,0.00025245679714659827,0.0012107460849262507,0.0,0.254420614399606,0.0
4932.YLR215C,0.0006464124111182935,0.0002668877936950519,0.19759826981129827,0.0,1.713098432796738e-05,0.0,,2.796830535819973e-05,636.773015873018,0.00023352239845875504,1.7130984327967365e-05,0.0,0.20580899026277177,0.0
4932.YPL184C,0.0009696186166774402,9.627341745417068e-05,0.18112235755940265,0.0,0.0006219727826080384,0.0,,0.0006223052931919646,579.9337301587317,8.590242837897276e-05,0.0006219727826080376,0.0,0.18743818040036528,0.0
4932.YGL004C,0.0006464124111182935,0.0014644431186004259,0.21165809043092343,0.0,1.1865748169140906e-06,0.0,,1.2538075245389706e-06,687.3357142857232,2.6768691636715364e-06,1.1865748169140912e-06,0.0,0.22215116815957153,0.0
4932.YLR180W,0.002262443438914027,0.0014981919034549325,0.226751342060764,0.0,0.000334336987788757,0.0,,0.00034533006087063766,743.2714285714374,0.0007193879260941709,0.000334336987788757,0.0,0.2402299381290978,0.0
4932.YLR355C,0.0016160310277957336,0.0010389871954823052,0.21996415584487933,0.0,0.0006598530839098046,0.0,,0.000667340323463559,719.2166666666756,0.0015021544278984347,0.0006598530839098047,0.0,0.232455289808231,0.0
4932.YGL011C,0.0019392372333548805,0.0024400165020443537,0.23301713150962275,0.0,0.0006321461127948749,0.0,,0.0008152250436231402,761.8261904762013,0.0008770291979437941,0.0006321461127948755,0.0,0.2462269523193893,0.0
4932.YGR145W,0.0009696186166774402,0.0006196241137950771,0.21630252492131144,0.0,8.232445166411405e-05,0.0,,0.00010894392269608699,701.2607142857214,0.0003383670966283797,8.232445166411406e-05,0.0,0.22665181457198263,0.0
4932.YGL178W,0.0003232062055591467,0.0011262885910077523,0.19929267773006495,0.0,0.0,0.0,,0.0,640.9293650793683,7.597928388108607e-07,0.0,0.0,0.20715234811873467,0.0
4932.YGL014W,0.0003232062055591467,0.002668753242256493,0.20446707455547183,0.0,0.0,0.0,,0.0,660.1503968254008,7.403465872156391e-07,0.0,0.0,0.2133647048563015,0.0
4932.YGL017W,0.0003232062055591467,9.766390276480144e-06,0.17063535900197288,0.0,0.0,0.0,,0.0,544.867063492067,1.3272529870194902e-05,0.0,0.0,0.17610441612542452,0.0
4932.YJL053W,0.0016160310277957336,0.0002620386984626919,0.20744950430769607,0.0,0.0008080056804535338,0.0,,0.0008586568932677799,674.0646825396889,0.0008358147192439853,0.0008080056804535327,0.0,0.2178618883450816,0.0
4932.YGL018C,0.0003232062055591467,3.7582290383740417e-06,0.16021152100880187,0.0,0.0,0.0,,0.0,508.8194444444569,0.00016904163697675336,0.0,0.0,0.16445360195360195,0.0
4932.YJL198W,0.0009696186166774402,0.0005095056589562641,0.20919532889572276,0.0,8.78776252841867e-05,0.0,,9.125437437219805e-05,676.8099206349248,0.0007422963052424124,8.787762528418668e-05,0.0,0.21874916633319996,0.0
4932.YGL027C,0.0009696186166774402,0.00022775191091426713,0.19103542965517586,0.0,0.0012427964381961979,0.0,,0.0012434534621653306,616.5376984126996,0.0003092623082407684,0.0012427964381961968,0.0,0.19926881008813782,0.0
4932.YLR075W,0.001292824822236587,0.0011370590977534236,0.2186685664621779,0.0,0.00013833419527557907,0.0,,0.00019244004327906536,711.0928571428666,0.002360408964223316,0.0001383341952755792,0.0,0.22982962415735525,0.0
4932.YML048W,0.0003232062055591467,0.0002484162222559746,0.1953166281333733,0.0,0.0,0.0,,0.0,627.5694444444473,0.0003352818561763514,0.0,0.0,0.20283433886375063,0.0
4932.YGL038C,0.0003232062055591467,2.4749292076798914e-05,0.17154669763322444,0.0,0.0,0.0,,0.0,548.4500000000041,7.293594547166128e-05,0.0,0.0,0.17726244343891404,0.0
4932.YKR071C,0.0006464124111182935,0.0018851383593334189,0.22189351621206643,0.0,1.3964722470201713e-05,0.0,,1.8486483158123677e-05,723.1476190476269,0.0003241000298791535,1.3964722470201693e-05,0.0,0.2337257980115123,0.0
4932.YIL034C,0.0019392372333548805,0.0030704761737542726,0.22743688196038284,0.0,0.0022431497954396138,0.0,,0.0022744163694366115,742.2634920635012,0.0015664965190858523,0.002243149795439621,0.0,0.2399041667949231,0.0
4932.YGR258C,0.0009696186166774402,0.00046068274920147345,0.20589557543647735,0.0,9.02740368487319e-05,0.0,,0.00011458501269657829,664.9182539682588,0.0002460455531261444,9.027403684873177e-05,0.0,0.21490570587209246,0.0
4932.YGL044C,0.0003232062055591467,6.601779509061085e-06,0.15643286469082038,0.0,0.0,0.0,,0.0,496.96031746032986,5.318596172275587e-05,0.0,0.0,0.1606206585198182,0.0
4932.YOR346W,0.0009696186166774402,0.00017713160125360275,0.1868279308123686,0.0,0.0006219425194370984,0.0,,0.0006266350813315936,600.7694444444452,5.696131261147516e-05,0.0006219425194370979,0.0,0.19417241255476553,0.0
4932.YGR173W,0.002262443438914027,0.003550161107650428,0.2406477118747413,0.0,0.002134344300529778,0.0,,0.0021393107288768458,790.942857142869,0.0004209266217192037,0.002134344300529779,0.0,0.25563763967125314,0.0
4932.YGL049C,0.0003232062055591467,1.2381004764201724e-05,0.164944560000003,0.0,0.0,0.0,,0.0,525.208333333341,1.1667751067522208e-07,0.0,0.0,0.1697505925447102,0.0
4932.YGL050W,0.001292824822236587,0.00010358784956013269,0.18758804182427008,0.0,0.0006595070750447462,0.0,,0.0006773070443894303,604.0301587301608,0.0002855980718048995,0.000659507075044746,0.0,0.1952262956464637,0.0
4932.YPR167C,0.0009696186166774402,0.00042285703050421776,0.19997580758027644,0.0,0.0002811858100729566,0.0,,0.00029921238099719905,646.9563492063519,0.0028623188071208168,0.00028118581007295656,0.0,0.2091003067893824,0.0
4932.YOR185C,0.0019392372333548805,0.0012377840413203408,0.22456042178790664,0.0,0.0011519433665600405,0.0,,0.0011974241278903158,734.5932539682613,0.0005690119128254662,0.0011519433665600418,0.0,0.23742509824442598,0.0
4932.YML005W,0.0003232062055591467,3.86110772868237e-06,0.1569654167230426,0.0,0.0,0.0,,0.0,498.88733766235043,1.677725375381252e-05,0.0,0.0,0.16124348340734895,0.0
4932.YGL066W,0.0003232062055591467,0.0007870452145839836,0.2084174809973791,0.0,0.0,0.0,,0.0,672.5920634920681,6.111679164249303e-08,0.0,0.0,0.21738592873046655,0.0
4932.YGL063W,0.0006464124111182935,5.955146182272845e-06,0.16393245609359167,0.0,1.583225764698147e-05,0.0,,2.218145429215323e-05,523.611111111119,7.569661872098142e-05,1.5832257646981468e-05,0.0,0.16923436041083098,0.0
4932.YGR194C,0.001292824822236587,7.476882566011898e-05,0.18376537473386806,0.0,0.00030768700071129746,0.0,,0.00033296019063982406,591.5146825396829,0.00076862722471027,0.0003076870007112973,0.0,0.19118121607617405,0.0
4932.YGL064C,0.0006464124111182935,0.0009270708100891144,0.20359334586995598,0.0,0.00011282354407092269,0.0,,0.00011646498646454738,658.3103174603211,0.00010434418868747732,0.00011282354407092252,0.0,0.21276997978678652,0.0
4932.YML028W,0.0016160310277957336,0.0006738585900898374,0.21087740995574297,0.0,0.0007589712114141203,0.0,,0.0008158724558892997,685.5047619047679,0.00038188248362363826,0.0007589712114141227,0.0,0.22155939298796443,0.0
4932.YPR072W,0.0006464124111182935,6.726533904510723e-05,0.18955335649890934,0.0,3.819038231307525e-05,0.0,,5.2350842234909994e-05,610.2011904761922,0.0001531359920090314,3.8190382313075246e-05,0.0,0.19722081140148368,0.0
4932.YKL170W,0.001292824822236587,0.0018513202013888297,0.21998108267487895,0.0,0.0003039993007222667,0.0,,0.00037605697433115877,716.3750000000058,0.0015734240147920837,0.00030399930072226675,0.0,0.23153684550743375,0.0
4932.YGL070C,0.0006464124111182935,7.205495934877315e-05,0.18907693427872557,0.0,5.618728666781009e-05,0.0,,6.856500855004825e-05,608.5654761904784,0.0006858283255201525,5.618728666781012e-05,0.0,0.19669213839381905,0.0
4932.YOR332W,0.002585649644473174,0.0008149882420270571,0.2198119315155749,0.0,0.0018048359186769957,0.0,,0.001946919086669859,718.8916666666746,0.0013536952594511511,0.001804835918676996,0.0,0.23235024779142427,0.0
4932.YHR123W,0.0019392372333548805,0.00047361589126945303,0.21309386279240042,0.0,0.0018712298891608017,0.0,,0.0018869243435179226,692.8571428571498,0.0009352860013301283,0.0018712298891607974,0.0,0.2239357281374088,0.0
4932.YNL130C,0.0019392372333548805,0.00047361589126945303,0.21309386279240042,0.0,0.0018712298891608017,0.0,,0.0018869243435179226,692.8571428571498,0.0013017469127549058,0.0018712298891607974,0.0,0.2239357281374088,0.0
4932.YNL169C,0.002262443438914027,0.000880704071088159,0.2216354604869012,0.0,0.0006838503704020786,0.0,,0.0007556477363924202,723.0547619047696,0.0008006762682240228,0.0006838503704020802,0.0,0.23369578600671037,0.0
4932.YJR013W,0.0016160310277957336,0.00021541631466879963,0.1978992156012497,0.0,0.0011669400594209517,0.0,,0.0012002965908205698,641.4507936507968,0.002406365781833032,0.001166940059420952,0.0,0.20732087706877625,0.0
4932.YGL083W,0.0003232062055591467,4.335363407355702e-05,0.18048198556474854,0.0,0.0,0.0,,0.0,577.8769841269848,0.0003224929360685805,0.0,0.0,0.1867734273196458,0.0
4932.YGL085W,0.0009696186166774402,0.00034568808322048316,0.20249728478855647,0.0,0.0012509061342350454,0.0,,0.0012533285246708352,652.746825396829,0.0012432678664900123,0.001250906134235044,0.0,0.21097182462728684,0.0
4932.YNR035C,0.0029088558500323207,0.007022400703404462,0.24506250916074165,0.0,0.002043889774536625,0.0,,0.0021208252839006523,805.7202380952504,0.002431023860638718,0.0020438897745366173,0.0,0.26041378089697415,0.0
4932.YPR128C,0.0006464124111182935,1.2900091799973129e-05,0.16729015504213784,0.0,0.000621333365100125,0.0,,0.000621333365100125,532.4511904761956,0.0001668057810236882,0.0006213333651001239,0.0,0.17209152891926002,0.0
4932.YPL188W,0.001292824822236587,0.000557603280360066,0.20635632493756237,0.0,0.00021016698542063056,0.0,,0.00024774244406654435,669.6797619047669,0.0003504527106292467,0.00021016698542063026,0.0,0.21644465478499092,0.0
4932.YLR258W,0.001292824822236587,0.0008505487288706292,0.2195586919631376,0.0,0.00013147666139864616,0.0,,0.00013684539359241817,713.6309523809598,0.0004930687434115969,0.00013147666139864625,0.0,0.23064995228860777,0.0
4932.YHL040C,0.0029088558500323207,0.005119607031548383,0.2334929485714328,0.0,0.0001572051992044715,0.0,,0.00014614657570143408,764.4738095238193,0.00014384485069494392,0.00015720519920447217,0.0,0.2470826792255364,0.0
4932.YMR213W,0.0016160310277957336,0.0008570289718356021,0.22204863829113342,0.0,0.00018813793949169923,0.0,,0.000251892636232373,722.3023809523903,0.0009938481571712355,0.00018813793949169956,0.0,0.23345261181395635,0.0
4932.YLR059C,0.002262443438914027,0.0009741784108299009,0.2191883276614056,0.0,0.00026471074099895635,0.0,,0.0003206142204586681,713.4527777777865,0.0008446778115149021,0.0002647107409989566,0.0,0.2305923651511887,0.0
4932.YPL086C,0.0016160310277957336,0.00032989241868918817,0.21189342297532074,0.0,0.0005587927691843449,0.0,,0.0006443537605437903,688.94087301588,0.0007194092243701901,0.0005587927691843458,0.0,0.22266996542206624,0.0
4932.YHL015W,0.0003232062055591467,6.002813761941893e-05,0.1807673055115753,0.0,0.0,0.0,,0.0,577.1825396825399,2.127697752311937e-05,0.0,0.0,0.18654897856578528,0.0
4932.YGL100W,0.0003232062055591467,2.111858717451587e-05,0.17131025165458452,0.0,0.0,0.0,,0.0,548.5011904761957,0.0004624642786041755,0.0,0.0,0.1772789885184843,0.0
4932.YPR022C,0.0003232062055591467,1.318377459721309e-05,0.16408300822867936,0.0,0.0,0.0,,0.0,522.928571428579,1.1760120785946833e-05,0.0,0.0,0.16901375934989382,0.0
4932.YHR209W,0.0006464124111182935,1.5626880710079154e-05,0.16410184669116257,0.0,1.0574694378838719e-05,0.0,,2.0644367875711092e-05,523.5952380952456,5.3200777914836455e-05,1.0574694378838719e-05,0.0,0.1692292301535999,0.0
4932.YGL110C,0.0003232062055591467,6.550148096706623e-05,0.18632865137270574,0.0,0.0,0.0,,0.0,597.2174603174603,5.8223929960865965e-05,0.0,0.0,0.19302438924287665,0.0
4932.YOR036W,0.0006464124111182935,0.00021540427662413792,0.19079317689114675,0.0,4.519466626179351e-05,0.0,,5.578596830478032e-05,616.3126984126999,0.00017110872724375307,4.51946662617935e-05,0.0,0.199196088691887,0.0
4932.YJL145W,0.001292824822236587,0.00031550820560144796,0.18950309375936703,0.0,8.652615954737244e-05,0.0,,0.00013498308048552228,611.7150793650821,0.0002831749299263857,8.652615954737233e-05,0.0,0.19771010968489963,0.0
4932.YOL052C,0.0006464124111182935,0.00018607672647609906,0.19840742430316852,0.0,4.229657279952538e-05,0.0,,5.7373340934897e-05,639.9503968253999,0.0006612737285540459,4.229657279952539e-05,0.0,0.20683593950400675,0.0
4932.YHR074W,0.003232062055591467,0.00230638055792413,0.22772677203537417,0.0,0.0018530156784065943,0.0,,0.001989038542211138,748.6523809523904,0.0031969045337831964,0.0018530156784066026,0.0,0.24196909533043984,0.0
4932.YPL249C,0.001292824822236587,0.00013658770659253093,0.1977075986831767,0.0,0.0001804924877018028,0.0,,0.00024288368971680347,640.1730158730177,0.00030467044627943723,0.00018049248770180289,0.0,0.20690789136167287,0.0
4932.YOR275C,0.0009696186166774402,0.002351892360324139,0.22576640099194847,0.0,0.00019105352331802208,0.0,,0.0002199120208867841,735.3071428571515,0.00018009266408018887,0.00019105352331802233,0.0,0.23765583156339457,0.0
4932.YMR220W,0.0019392372333548805,0.006059152171420282,0.23535766255228485,0.0,0.0012324959672654614,0.0,,0.0013148400126707523,770.8825396825504,0.0007626757456428035,0.0012324959672654666,0.0,0.249154020582592,0.0
4932.YGL135W,0.0006464124111182935,3.190515272016592e-05,0.1807444467223098,0.0,5.648261673752451e-05,0.0,,7.041716158270582e-05,580.0194444444461,0.000291159699823834,5.648261673752459e-05,0.0,0.18746588378941323,0.0
4932.YGL136C,0.0003232062055591467,9.44639593323933e-05,0.18567512141855363,0.0,0.0,0.0,,0.0,594.8853174603191,0.0002684624514098155,0.0,0.0,0.1922706261991976,0.0
4932.YNL048W,0.001292824822236587,0.0010406968542570438,0.21241300114133244,0.0,0.00031740957021399895,0.0,,0.00041303785458079615,691.5309523809597,0.000889453500830015,0.0003174095702139995,0.0,0.22350709514575062,0.0
4932.YGL142C,0.0003232062055591467,0.0004181822718079577,0.1884040182798426,0.0,0.0,0.0,,0.0,603.8301587301588,7.898998036759894e-05,0.0,0.0,0.19516165440535188,0.0
4932.YGL144C,0.001292824822236587,0.0011014212348802066,0.21750393132162,0.0,0.00015786766254818188,0.0,,0.00019579890321183942,709.1896825396893,0.0002957853612232869,0.00015786766254818153,0.0,0.22921450631534665,0.0
4932.YGR211W,0.0019392372333548805,0.0011298017625125337,0.20888959951480102,0.0,0.0009555317344345061,0.0,,0.0010210247123064854,679.0968253968323,0.0017709534846675067,0.0009555317344345064,0.0,0.21948830814377032,0.0
4932.YJL056C,0.0003232062055591467,0.00025963372754337006,0.188528270748536,0.0,0.0,0.0,,0.0,604.5670634920664,1.2306699363554342e-06,0.0,0.0,0.1953998265973056,0.0
4932.YGL156W,0.0003232062055591467,4.954948340794431e-05,0.17816479709317867,0.0,0.0,0.0,,0.0,569.7964285714295,6.538524369532658e-05,0.0,0.0,0.18416174161972482,0.0
4932.YHR120W,0.0016160310277957336,0.0013295368393066776,0.21868529447368817,0.0,0.000742972166036989,0.0,,0.0007649955716134835,712.994047619056,0.0001774632530308475,0.0007429721660369898,0.0,0.23044410071720994,0.0
4932.YGR052W,0.0003232062055591467,0.0003752176269319053,0.19737997440862057,0.0,0.0,0.0,,0.0,635.8027777777817,1.4816192080588056e-08,0.0,0.0,0.20549540328952096,0.0
4932.YGL159W,0.0003232062055591467,7.50539649715457e-05,0.18522997274412312,0.0,0.0,0.0,,0.0,593.8626984127,9.404207378217643e-05,0.0,0.0,0.19194010937708414,0.0
4932.YGR061C,0.002262443438914027,0.0020140106075381796,0.22942649834350334,0.0,0.0011143434690315493,0.0,,0.001277672134684868,752.0595238095345,0.0022843433297233843,0.001114343469031548,0.0,0.24307030504509497,0.0
4932.YPR105C,0.0003232062055591467,0.0006777587665589047,0.200917498549343,0.0,0.0,0.0,,0.0,649.642063492068,0.0006543733186981166,0.0,0.0,0.2099683463128841,0.0
4932.YPL010W,0.0019392372333548805,0.002926555146447593,0.21878571631410162,0.0,0.00034509276782229627,0.0,,0.00037071655151238957,713.0134920634999,0.0014477250635744439,0.0003450927678222962,0.0,0.23045038528231807,0.0
4932.YGL180W,0.0009696186166774402,0.0007225995904204923,0.201796849453625,0.0,5.076065785715328e-05,0.0,,5.753945652597065e-05,652.6710317460349,0.00010158745099000306,5.0760657857153154e-05,0.0,0.21094732764900834,0.0
4932.YIL164C,0.0009696186166774402,4.734343087761207e-05,0.17994801519325518,0.0,0.0006815065069061042,0.0,,0.0007182801861483602,577.1587301587322,0.00043708877200827786,0.0006815065069061039,0.0,0.18654128317993862,0.0
4932.YGL191W,0.0003232062055591467,1.7066903116818558e-07,0.1324309352988072,0.0,0.0,0.0,,0.0,418.1187590187699,0.00012134461133161979,0.0,0.0,0.13513857757555237,0.0
4932.YLR085C,0.0019392372333548805,0.004199240526139951,0.22649981533634828,0.0,5.677505066693833e-05,0.0,,7.850732716135257e-05,740.5206349206438,0.0006249307674367012,5.677505066693836e-05,0.0,0.2393408645509486,0.0
4932.YPL026C,0.0006464124111182935,0.0019010092154725037,0.2111110087408649,0.0,4.3458722238396317e-07,0.0,,5.26843695656397e-07,683.9170634920695,5.211132480692406e-07,4.3458722238396317e-07,0.0,0.22104623900842388,0.0
4932.YGL200C,0.0003232062055591467,5.1948725104677614e-05,0.1860013123404289,0.0,0.0,0.0,,0.0,596.3865079365089,0.000287903378656866,0.0,0.0,0.1927558202768287,0.0
4932.YHL019C,0.0003232062055591467,0.00034440582517507757,0.1961206208397401,0.0,0.0,0.0,,0.0,630.7575396825424,3.317437956402707e-07,0.0,0.0,0.20386475102861656,0.0
4932.YMR202W,0.0006464124111182935,0.0016465928146722785,0.21385906855390527,0.0,1.3847939432516944e-05,0.0,,1.8909651427696272e-05,692.1297619047693,0.0007862487698977561,1.3847939432516944e-05,0.0,0.22370063409979377,0.0
4932.YMR221C,0.0006464124111182935,0.0008572922343323258,0.20599943571089227,0.0,0.000621333365100125,0.0,,0.000621333365100125,664.5575396825432,0.0001170335625066316,0.0006213333651001239,0.0,0.2147891207765157,0.0
4932.YGL224C,0.0003232062055591467,0.0005312390789127463,0.2069688799131228,0.0,0.0,0.0,,0.0,670.3575396825458,5.528291587691454e-07,0.0,0.0,0.21666371676875879,0.0
4932.YGL232W,0.0003232062055591467,5.251448858071747e-06,0.16133270327671156,0.0,0.0,0.0,,0.0,512.644047619059,0.00022727667908129342,0.0,0.0,0.1656897374334349,0.0
4932.YNR008W,0.0009696186166774402,0.0001408997116109239,0.19385963443374826,0.0,0.0006575230904195232,0.0,,0.0006727344726486642,623.9591269841299,0.0005618730548815723,0.0006575230904195225,0.0,0.2016674618565375,0.0
4932.YOL130W,0.001292824822236587,0.002099209372227607,0.22406757872394198,0.0,0.00039668189543667887,0.0,,0.00045193039395397943,731.2904761904861,0.0005022763121432543,0.00039668189543667903,0.0,0.23635761997106533,0.0
4932.YGL237C,0.0003232062055591467,0.000136421157408072,0.19510334216216568,0.0,0.0,0.0,,0.0,626.998015873018,0.000325824727213276,0.0,0.0,0.20264964960343113,0.0
4932.YGL240W,0.0003232062055591467,2.427777638205264e-05,0.16503978808152253,0.0,0.0,0.0,,0.0,525.4099206349275,0.00012165968691208011,0.0,0.0,0.16981574681154513,0.0
4932.YLR147C,0.0009696186166774402,0.0006514731222138092,0.19923711802063365,0.0,0.0006501481450111564,0.0,,0.0006616640934562337,643.1837301587323,0.000605190275310706,0.0006501481450111561,0.0,0.20788097290198132,0.0
4932.YGL243W,0.0003232062055591467,1.3988248755933482e-05,0.164536328384946,0.0,0.0,0.0,,0.0,523.7988095238171,3.2883611820856154e-05,0.0,0.0,0.16929502570258873,0.0
4932.YIL065C,0.0006464124111182935,0.0003752947602342784,0.1985038656593328,0.0,0.000621333365100125,0.0,,0.000621333365100125,640.8599206349242,0.00016570058571214552,0.0006213333651001239,0.0,0.20712990324334862,0.0
4932.YGR003W,0.0003232062055591467,7.185359882326446e-05,0.18293045174122044,0.0,0.0,0.0,,0.0,584.8150793650822,2.3150304196521753e-09,0.0,0.0,0.18901586275535853,0.0
4932.YGR006W,0.0003232062055591467,2.418379811269855e-36,0.0003232062055591467,0.0,0.0,0.0,,0.0,1.0,0.00017855409515674675,0.0,0.0,0.0003232062055591467,0.0
4932.YLR325C,0.0003232062055591467,2.418379811269855e-36,0.0003232062055591467,0.0,0.0,0.0,,0.0,1.0,0.00017855409515674675,0.0,0.0,0.0003232062055591467,0.0
4932.YGR007W,0.0006464124111182935,0.00024210844454471147,0.17875526321661153,0.0,3.483200835856738e-08,0.0,,3.4832008358567396e-08,572.0980158730179,1.1315866528514006e-06,3.483200835856738e-08,0.0,0.18490562891823398,0.0
4932.YGR010W,0.0006464124111182935,0.000747610643473765,0.20999442954235303,0.0,4.479446034319908e-05,0.0,,6.236254119637357e-05,681.2226190476233,0.0002435511083243052,4.4794460343199004e-05,0.0,0.2201753778434451,0.0
4932.YGR019W,0.0006464124111182935,0.0008813237007357281,0.20391284466510107,0.0,6.250058924851216e-06,0.0,,9.266549957274325e-06,657.9670634920676,0.00022490979243213038,6.250058924851215e-06,0.0,0.21265903797416402,0.0
4932.YGR020C,0.0003232062055591467,2.1503125956473767e-05,0.1833998953846187,0.0,0.0,0.0,,0.0,587.2932539682547,0.0005180462963542599,0.0,0.0,0.18981682416556367,0.0
4932.YGR021W,0.0009696186166774402,0.000146240191899862,0.19430765153344562,0.0,9.609852214660644e-05,0.0,,0.00013587815983239748,627.4242063492082,0.0006067888035108015,9.609852214660633e-05,0.0,0.20278739701008608,0.0
4932.YPL097W,0.001292824822236587,0.0006775688361386802,0.20268393146341832,0.0,0.00013012387839776555,0.0,,0.0001603976888247586,655.2230158730196,0.0014074926205913428,0.00013012387839776533,0.0,0.21177214475533804,0.0
4932.YLR330W,0.0006464124111182935,9.40754983106028e-05,0.19342676563773273,0.0,5.053573000020686e-05,0.0,,6.977100796252664e-05,622.2158730158757,0.000320461728765579,5.053573000020685e-05,0.0,0.20110403135613222,0.0
4932.YJR052W,0.0003232062055591467,4.806927561509094e-05,0.18303586690741783,0.0,0.0,0.0,,0.0,585.7702380952396,0.00014831008051669403,0.0,0.0,0.18932457598423985,0.0
4932.YMR165C,0.0006464124111182935,7.300642243490807e-05,0.1941361065779322,0.0,8.059388361518957e-05,0.0,,0.00010276208280802295,625.3690476190513,0.00024720700366571323,8.059388361518962e-05,0.0,0.20212315695508973,0.0
4932.YGR027C,0.0003232062055591467,8.816085088236246e-05,0.184084884368604,0.0,0.0,0.0,,0.0,588.5984126984139,0.0001359501354636435,0.0,0.0,0.19023865956639066,0.0
4932.YML128C,0.0003232062055591467,0.0011277553988112527,0.2248783959534339,0.0,0.0,0.0,,0.0,729.2515873015963,1.2146962295065771e-06,0.0,0.0,0.23569863842973085,0.0
4932.YJR100C,0.0006464124111182935,0.0011563834107285568,0.22747307785152002,0.0,0.00010005850361412558,0.0,,0.00012487571814904304,738.8825396825492,0.00011621797744534863,0.00010005850361412548,0.0,0.23881142200469932,0.0
4932.YGR029W,0.0009696186166774402,0.00064375230735402,0.20864565866433485,0.0,0.0002814760644148242,0.0,,0.00030913837487327823,675.0611111111159,0.0007551373135249111,0.000281476064414824,0.0,0.21818394024276377,0.0
4932.YPL196W,0.0006464124111182935,4.8926313928015255e-05,0.1865962251540504,0.0,3.125762278286726e-05,0.0,,4.071389383253402e-05,599.3730158730181,0.0003495454503803896,3.125762278286723e-05,0.0,0.1937210781748597,0.0
4932.YGR036C,0.0003232062055591467,0.00044010308462614844,0.20397104312237258,0.0,0.0,0.0,,0.0,658.3765873015911,0.00011466158279129598,0.0,0.0,0.21279139861072632,0.0
4932.YGR038W,0.0003232062055591467,7.841746852375331e-05,0.1806987464829363,0.0,0.0,0.0,,0.0,578.5119047619065,6.269471585500507e-05,0.0,0.0,0.18697863760888972,0.0
4932.YGR048W,0.0016160310277957336,0.0015104137923932113,0.222497989520552,0.0,0.00041812761507949246,0.0,,0.0005428563491852769,724.9440476190551,0.0008346435455776253,0.00041812761507949316,0.0,0.23430641487364176,0.0
4932.YGR054W,0.001292824822236587,0.0001079136290544138,0.19094610709772572,0.0,0.00019382470638083077,0.0,,0.000219201057594297,614.532936507939,0.00037682692115725304,0.0001938247063808306,0.0,0.19862085859985018,0.0
4932.YJR145C,0.0006464124111182935,2.37860229424686e-05,0.17553909544734736,0.0,1.3841978706905328e-05,0.0,,1.7981359780203476e-05,561.0773809523834,0.00035000012226852907,1.3841978706905312e-05,0.0,0.1813436913226829,0.0
4932.YHR203C,0.0009696186166774402,0.0010204722943331862,0.21338017237889467,0.0,0.0003399248239785486,0.0,,0.0003937013342826887,692.0170634920702,0.00035983899967499233,0.00033992482397854855,0.0,0.22366420927345296,0.0
4932.YGR058W,0.0006464124111182935,0.0004557635327871964,0.20011579764508589,0.0,1.4942517922059532e-06,0.0,,4.533268793532038e-06,644.2119047619095,1.970090511579835e-06,1.494251792205953e-06,0.0,0.20821328531412564,0.0
4932.YGR060W,0.0009696186166774402,0.000733065315129804,0.21098635835560203,0.0,3.003990404925347e-05,0.0,,3.662085074305148e-05,683.9825396825458,0.0006235301743001743,3.0039904049253473e-05,0.0,0.22106740131950217,0.0
4932.YGR065C,0.0003232062055591467,2.2650191162730324e-05,0.17585224959153864,0.0,0.0,0.0,,0.0,562.5329365079398,9.306420514150685e-07,0.0,0.0,0.18181413591077455,0.0
4932.YGR070W,0.0003232062055591467,2.3087887267674545e-05,0.1751304398309166,0.0,0.0,0.0,,0.0,559.0202380952405,4.000371802170668e-05,0.0,0.0,0.18067880998553268,0.0
4932.YNL099C,0.0003232062055591467,0.00032781774999054595,0.18847855009956166,0.0,0.0,0.0,,0.0,605.3170634920651,0.00043427184353115233,0.0,0.0,0.19564223125147495,0.0
4932.YGR144W,0.0006464124111182935,0.0003283578567051358,0.18937755345213989,0.0,0.0004197074956708247,0.0,,0.0003932973405842828,609.4301587301605,0.0008195083425868342,0.00041970749567082384,0.0,0.1969716091564831,0.0
4932.YGR091W,0.0003232062055591467,6.127490852933579e-07,0.1373296584050755,0.0,0.0,0.0,,0.0,433.364754689768,2.7112936594458125e-05,0.0,0.0,0.14006617798634605,0.0
4932.YIL022W,0.0009696186166774402,1.6439241844772686e-05,0.16021152100880187,0.0,0.0006214378611252007,0.0,,0.0006214378611252007,509.49642857144056,8.420319637527163e-05,0.0006214378611251997,0.0,0.16467240742450825,0.0
4932.YGR093W,0.0006464124111182935,0.000920621339691039,0.201370397954357,0.0,7.661598277596227e-08,0.0,,1.5080651076749148e-07,649.2595238095265,0.00014106264766704826,7.661598277596228e-08,0.0,0.20984470711361466,0.0
4932.YGR101W,0.0003232062055591467,1.5426805948579187e-05,0.16898115323993923,0.0,0.0,0.0,,0.0,538.3063492063529,0.0001431679359297904,0.0,0.0,0.17398395255538113,0.0
4932.YPR112C,0.0009696186166774402,0.0004139647656044114,0.20500962201377307,0.0,0.0006488718471574796,0.0,,0.0006611312306899338,662.8861111111158,0.00042970359487515616,0.0006488718471574787,0.0,0.21424890469008115,0.0
4932.YGR110W,0.0003232062055591467,6.2155709397437694e-06,0.15718982565490222,0.0,0.0,0.0,,0.0,498.9138888889014,4.618484804092237e-07,0.0,0.0,0.16125206492853553,0.0
4932.YGR112W,0.0003232062055591467,1.1683812287829064e-06,0.1535012709746041,0.0,0.0,0.0,,0.0,487.15241702743094,4.639320076102879e-06,0.0,0.0,0.15745068423639852,0.0
4932.YGR284C,0.0006464124111182935,3.134635512602485e-05,0.182661608265818,0.0,0.000621333365100125,0.0,,0.000621333365100125,586.2642857142881,0.00031398612691085095,0.0006213333651001239,0.0,0.18948425524055776,0.0
4932.YGR116W,0.0006464124111182935,4.386530098818605e-06,0.1643660400965991,0.0,3.08412175274969e-05,0.0,,4.4740314466002366e-05,524.9198412698506,0.00018441852909703685,3.084121752749685e-05,0.0,0.169657350119535,0.0
4932.YHR073W,0.0006464124111182935,3.989088599644383e-05,0.18298900072718294,0.0,0.0002693193366600932,0.0,,0.000287573373175473,587.2130952380961,0.0002955158917340574,0.00026931933666009245,0.0,0.1897909163665466,0.0
4932.YJR002W,0.0009696186166774402,8.707655520536678e-05,0.1815479594411312,0.0,0.0006213681971084835,0.0,,0.0006213681971084835,582.3710317460328,8.017666473437056e-05,0.0006213681971084825,0.0,0.18822593139820032,0.0
4932.YPR086W,0.001292824822236587,0.0002573092171293959,0.20483334546861934,0.0,0.0003720577907039983,0.0,,0.00046396680087494265,664.0432539682579,0.0012366339165850032,0.0003720577907039982,0.0,0.2146229004422282,0.0
4932.YGR121C,0.0006464124111182935,4.026544906593755e-05,0.17893428701552652,0.0,2.075467864497085e-05,0.0,,3.181675903801231e-05,574.0535714285724,2.5685952115739435e-05,2.0754678644970835e-05,0.0,0.1855376766091052,0.0
4932.YGR133W,0.0003232062055591467,2.0807191828869867e-07,0.14191094963066184,0.0,0.0,0.0,,0.0,449.10757575759095,0.000103651531718252,0.0,0.0,0.14515435544847308,0.0
4932.YNL044W,0.0006464124111182935,5.582779420107588e-06,0.16648151938501263,0.0,0.000621333365100125,0.0,,0.000621333365100125,531.6182539682599,0.00019494821144918451,0.0006213333651001239,0.0,0.17182231867105816,0.0
4932.YMR121C,0.0016160310277957336,0.0014427183463235418,0.21134512563655564,0.0,2.1653680667017007e-05,0.0,,2.0175928356948003e-05,685.70952380953,4.555492840618128e-05,2.1653680667016956e-05,0.0,0.22162557330624558,0.0
4932.YJL124C,0.0006464124111182935,0.0006395089984194725,0.2036078468205165,0.0,4.2697488074908257e-07,0.0,,5.103185000824872e-07,656.6587301587352,0.00014496208416237268,4.269748807490825e-07,0.0,0.2122361765218908,0.0
4932.YKR050W,0.0009696186166774402,1.44902157712707e-05,0.16675343693402858,0.0,0.0001241778851522536,0.0,,0.00016420990667162378,534.4952380952451,0.00034687251676834315,0.00012417788515225352,0.0,0.17275217779419458,0.0
4932.YKL016C,0.0029088558500323207,0.0035224373283695176,0.23941827214070785,0.0,0.0014300533039245586,0.0,,0.0014805238393379295,787.6261904762015,0.0027911621936900985,0.001430053303924566,0.0,0.25456567242281525,0.0
4932.YIL129C,0.0006464124111182935,0.0006615115421644921,0.20021390736518083,0.0,1.1171339204246567e-05,0.0,,1.371522308289778e-05,647.0527777777813,0.000625690097269958,1.1171339204246562e-05,0.0,0.20913147310206134,0.0
4932.YPL195W,0.0003232062055591467,0.0003062895439964659,0.1909333535506313,0.0,0.0,0.0,,0.0,615.1853174603189,0.00011302439359078702,0.0,0.0,0.1988317121720483,0.0
4932.YGR156W,0.001292824822236587,0.02273022448994531,0.2401221477832887,0.0,8.497147176231587e-07,0.0,,9.232686494477286e-07,786.202380952394,2.4411991116806616e-06,8.497147176231584e-07,0.0,0.25410548834918584,0.0
4932.YGR167W,0.0003232062055591467,2.5506298950953127e-05,0.1702593311113789,0.0,0.0,0.0,,0.0,543.4892857142905,0.00016615572060583905,0.0,0.0,0.17565910979776528,0.0
4932.YGR169C,0.0003232062055591467,1.6348008063772408e-05,0.17116664686905286,0.0,0.0,0.0,,0.0,546.7281746031783,0.00015670206418706852,0.0,0.0,0.1767059387857707,0.0
4932.YPL247C,0.0009696186166774402,0.0006918694680180986,0.21342796545916468,0.0,0.00010858705086268658,0.0,,0.00013830264584855018,692.0940476190549,0.0005344809256719767,0.00010858705086268647,0.0,0.2236890910210238,0.0
4932.YHR013C,0.0009696186166774402,0.00015215241090345535,0.19810493204158364,0.0,9.64252067308337e-05,0.0,,0.00011671772991363271,640.8599206349237,0.001549454425902325,9.642520673083373e-05,0.0,0.20712990324334862,0.0
4932.YOL033W,0.0006464124111182935,0.0001790379751612963,0.20050881457249434,0.0,3.6099090050463805e-05,0.0,,3.635485291081502e-05,648.0539682539711,0.0006938232815490628,3.60990900504638e-05,0.0,0.20945506407691283,0.0
4932.YNL075W,0.002585649644473174,3.8007086389643e-05,0.17717100522838872,0.0,0.0015429965745135448,0.0,,0.0016332173416323274,571.7309523809538,0.001714426240177366,0.0015429965745135455,0.0,0.18478699171976484,0.0
4932.YGR186W,0.0003232062055591467,1.9503150074506845e-07,0.14020570745794556,0.0,0.0,0.0,,0.0,442.9195165945314,6.146404594050671e-07,0.0,0.0,0.1431543363266052,0.0
4932.YGR187C,0.0006464124111182935,5.2322986442052975e-06,0.1641395365962363,0.0,0.000621333365100125,0.0,,0.000621333365100125,522.7075396825476,5.9803243412584885e-05,0.0006213333651001239,0.0,0.16894232051795077,0.0
4932.YGR188C,0.0003232062055591467,0.00010828234474163382,0.185241975723176,0.0,0.0,0.0,,0.0,593.114285714285,2.220576754988963e-05,0.0,0.0,0.19169821774863793,0.0
4932.YGR189C,0.0003232062055591467,2.418379811269855e-36,0.0003232062055591467,0.0,0.0,0.0,,0.0,1.0,4.029309676874781e-05,0.0,0.0,0.0003232062055591467,0.0
4932.YLL005C,0.0003232062055591467,2.418379811269855e-36,0.0003232062055591467,0.0,0.0,0.0,,0.0,1.0,4.029309676874781e-05,0.0,0.0,0.0003232062055591467,0.0
4932.YJL039C,0.0003232062055591467,3.321211125791275e-05,0.16317450592842353,0.0,0.0,0.0,,0.0,522.0301587301678,6.713587598811611e-09,0.0,0.0,0.1687233867906137,0.0
4932.YGR193C,0.0003232062055591467,0.0005312390789127463,0.2069688799131228,0.0,0.0,0.0,,0.0,670.3575396825458,5.528291587691454e-07,0.0,0.0,0.21666371676875879,0.0
4932.YPL224C,0.0009696186166774402,0.0003646265775337139,0.1959592932108618,0.0,0.0002860361822794763,0.0,,0.000292856246194222,632.7293650793672,0.0005300689415397228,0.0002860361822794758,0.0,0.20450205723314965,0.0
4932.YMR177W,0.0006464124111182935,0.00036325258897504034,0.19549026665937577,0.0,9.162274367973513e-05,0.0,,9.19452028807772e-05,630.4150793650809,0.00019307442618513498,9.162274367973506e-05,0.0,0.20375406572885563,0.0
4932.YGR195W,0.001292824822236587,1.2098234105063509e-05,0.17520557546948098,0.0,0.0007923890199159722,0.0,,0.0008407609641010568,562.9003968253995,0.0007104222779952243,0.0007923890199159725,0.0,0.18193290136567447,0.0
4932.YHR069C,0.0016160310277957336,0.00010241906864590497,0.19959881087557965,0.0,0.0009163255289407641,0.0,,0.0010305265165041224,645.5773809523845,0.0006815084795803644,0.0009163255289407639,0.0,0.20865461569243082,0.0
4932.YLR088W,0.0003232062055591467,4.508943140209361e-07,0.1482012633812044,0.0,0.0,0.0,,0.0,470.4503968254126,1.3349157362249076e-05,0.0,0.0,0.15205248766173135,0.0
4932.YLR411W,0.0006464124111182935,6.338423666820473e-06,0.16601743245020337,0.0,6.754572329893675e-05,0.0,,8.408879515825593e-05,530.566269841277,0.00021337538706904784,6.754572329893669e-05,0.0,0.17148231087306715,0.0
4932.YNL229C,0.001292824822236587,0.002576817746448022,0.22037112005550816,0.0,0.0008463733290619215,0.0,,0.0009004656530904932,717.0714285714355,0.0003979061951200223,0.0008463733290619193,0.0,0.23176193554344815,0.0
4932.YLR045C,0.0003232062055591467,1.8435164733760767e-05,0.17400049725242264,0.0,0.0,0.0,,0.0,557.3817460317495,0.00046319119801773893,0.0,0.0,0.18014923918285264,0.0
4932.YPR004C,0.002262443438914027,0.0004749915429852129,0.21025699980582907,0.0,0.0006810875022778757,0.0,,0.0008054802006286708,684.5912698412764,0.002342570037721107,0.0006810875022778768,0.0,0.22126414668431477,0.0
4932.YPL096W,0.0016160310277957336,0.0003950968855076628,0.20758508237310666,0.0,0.000597995930986336,0.0,,0.0007606576173582034,675.1492063492125,0.0009824232527263378,0.000597995930986336,0.0,0.21821241317039636,0.0
4932.YOL001W,0.0006464124111182935,0.0003485969720448317,0.20045257480962428,0.0,5.841103393691889e-05,0.0,,9.217416227693632e-05,647.3313492063523,0.0009075051785872105,5.8411033936918895e-05,0.0,0.20922150911646709,0.0
4932.YMR240C,0.0003232062055591467,4.209825308123782e-05,0.1716084865746219,0.0,0.0,0.0,,0.0,548.1031746031773,0.00015340314646872434,0.0,0.0,0.17715034731841453,0.0
4932.YGR216C,0.0003232062055591467,0.00015825610796243412,0.19066592205429544,0.0,0.0,0.0,,0.0,613.6789682539708,0.0007192983344342394,0.0,0.0,0.19834485076081715,0.0
4932.YGR223C,0.0006464124111182935,0.0022768363385907023,0.21114219435409204,0.0,3.1214723065943684e-05,0.0,,4.069182866713116e-05,684.2023809523856,0.0001501697440983187,3.121472306594364e-05,0.0,0.22113845538215288,0.0
4932.YGR225W,0.0003232062055591467,3.58791471870935e-06,0.15241278360844807,0.0,0.0,0.0,,0.0,482.851587301602,1.5093995457181023e-06,0.0,0.0,0.1560606293799571,0.0
4932.YHR135C,0.001292824822236587,0.0007060973911383512,0.20561419617061438,0.0,0.00101491266429501,0.0,,0.001054109855200095,664.9178571428619,1.4230026269576654e-05,0.0010149126642950105,0.0,0.21490557761566167,0.0
4932.YNL154C,0.0009696186166774402,0.0006100453941872654,0.19947346098388472,0.0,0.0008614553938909324,0.0,,0.0008332896099393245,644.2456349206382,6.858970819321382e-06,0.0008614553938909327,0.0,0.20822418711074173,0.0
4932.YKL172W,0.0016160310277957336,0.0005302357307757424,0.18461987660553164,0.0,7.300351434517518e-07,0.0,,8.940743236401357e-07,595.7666666666671,9.586770642069457e-06,7.300351434517518e-07,0.0,0.1925554837319543,0.0
4932.YPL004C,0.0016160310277957336,0.0003961444868986333,0.2158289293590073,0.0,0.00016703331758029274,0.0,,0.00017406848339332064,702.7158730158798,0.0020895548553424674,0.0001670333175802927,0.0,0.22712213090364353,0.0
4932.YIL006W,0.0003232062055591467,0.0001536538839001115,0.19671443499587477,0.0,0.0,0.0,,0.0,633.0992063492098,3.702427443989809e-05,0.0,0.0,0.20462159222663426,0.0
4932.YOR355W,0.0003232062055591467,0.0001536538839001115,0.19671443499587477,0.0,0.0,0.0,,0.0,633.0992063492099,0.00027587564040567215,0.0,0.0,0.20462159222663426,0.0
4932.YHR186C,0.0006464124111182935,5.4269310546912856e-05,0.1861951520458576,0.0,1.7762864268411646e-05,0.0,,2.6317129529564184e-05,597.813492063493,0.0011788882718176117,1.7762864268411633e-05,0.0,0.19321703040190435,0.0
4932.YMR307W,0.001292824822236587,0.0014776582137966672,0.22326258742268446,0.0,0.00029117391128687293,0.0,,0.000357703583682839,726.9666666666755,2.7811381138849463e-05,0.000291173911286872,0.0,0.23496013790131437,0.0
4932.YOR011W,0.0016160310277957336,0.001718962676597539,0.22284488379794606,0.0,0.00024188855024687644,0.0,,0.00023812485437304953,728.0194444444517,1.2255768708451817e-06,0.00024188855024687654,0.0,0.2353004022121669,0.0
4932.YJL213W,0.0006464124111182935,2.5266896412795204e-05,0.18286024239493712,0.0,3.793023614808368e-05,0.0,,4.98072987533747e-05,588.6496031746041,0.00012469700624312028,3.793023614808371e-05,0.0,0.19025520464596093,0.0
4932.YGR271W,0.0003232062055591467,0.0005987194434888873,0.2062223466570518,0.0,0.0,0.0,,0.0,663.0134920634961,4.186639114186134e-05,0.0,0.0,0.21429007500436073,0.0
4932.YPL157W,0.0006464124111182935,2.004572704429029e-05,0.1741595083075455,0.0,3.491937359077229e-05,0.0,,5.305244453408098e-05,557.3531746031764,0.00013887818537993836,3.491937359077226e-05,0.0,0.18014000471983665,0.0
4932.YML067C,0.0019392372333548805,0.0015847330732328187,0.2164827087739532,0.0,0.0005344526866088705,0.0,,0.0005894721488992975,707.255952380959,0.0007055887269039593,0.0005344526866088703,0.0,0.2285895127281682,0.0
4932.YGR276C,0.0003232062055591467,4.4281603282608356e-05,0.18798278222923995,0.0,0.0,0.0,,0.0,602.6273809523822,0.00021036955214593053,0.0,0.0,0.19477290916366546,0.0
4932.YPL222W,0.0016160310277957336,0.00878420558275452,0.2363696187663347,0.0,0.0008486915497951696,0.0,,0.0008656537208166197,774.3511904762015,0.0001122733978661137,0.0008486915497951696,0.0,0.2502751100440176,0.0
4932.YGR280C,0.0003232062055591467,0.00015902822956748077,0.1913038994418826,0.0,0.0,0.0,,0.0,614.9682539682565,0.00030764433378907763,0.0,0.0,0.19876155590441305,0.0
4932.YHL036W,0.0006464124111182935,0.0004494850335782862,0.21228680895292232,0.0,1.8788807515587462e-05,0.0,,2.5685647478731694e-05,687.4158730158791,1.4931943360922139e-06,1.878880751558744e-05,0.0,0.22217707595858854,0.0
4932.YMR310C,0.0003232062055591467,8.110311683263706e-07,0.15225043509586983,0.0,0.0,0.0,,0.0,484.03019480520936,4.88628747416608e-05,0.0,0.0,0.15644156263904163,0.0
4932.YHL001W,0.001292824822236587,0.000749832507460514,0.21315742072627336,0.0,9.647680839672436e-05,0.0,,0.00011321945763178288,692.7265873015937,0.0007378461231150784,9.647680839672422e-05,0.0,0.22389353177168303,0.0
4932.YHL003C,0.0009696186166774402,0.0005168443026217418,0.20705882727510153,0.0,7.166590318057997e-05,0.0,,8.630312669287393e-05,669.7527777777827,0.00027584623952495033,7.166590318057982e-05,0.0,0.21646825396825395,0.0
4932.YML086C,0.0006464124111182935,5.530688662899199e-05,0.18440550699006913,0.0,0.000621333365100125,0.0,,0.000621333365100125,592.0503968253969,0.00022874163005165288,0.0006213333651001239,0.0,0.1913543622577236,0.0
4932.YHL021C,0.0009696186166774402,0.00017824113017545038,0.19067863989861605,0.0,0.0002560743722880135,0.0,,0.00026517975073450314,614.7003968253999,0.0002570669478454187,0.00025607437228801293,0.0,0.1986749828136383,0.0
4932.YKL197C,0.0003232062055591467,0.0006531899400920734,0.20793236611580243,0.0,0.0,0.0,,0.0,671.564285714291,6.750627416125746e-07,0.0,0.0,0.21705374457475296,0.0
4932.YIL013C,0.001292824822236587,0.0017059905129501688,0.2211211455259941,0.0,1.9078224473693884e-05,0.0,,1.4489486875208791e-05,720.7313492063564,6.282991360550505e-07,1.9078224473693918e-05,0.0,0.23294484460450848,0.0
4932.YPL058C,0.002262443438914027,0.001977973464809085,0.2264101195438026,0.0,0.00027102708064806333,0.0,,0.00028680124423718033,741.5837301587377,2.4793971065400117e-06,0.00027102708064806333,0.0,0.23968446352900136,0.0
4932.YHL042W,0.0003232062055591467,2.418379811269855e-36,0.0003232062055591467,0.0,0.0,0.0,,0.0,1.0,1.852023982476199e-09,0.0,0.0,0.0003232062055591467,0.0
4932.YHL043W,0.0003232062055591467,2.418379811269855e-36,0.0003232062055591467,0.0,0.0,0.0,,0.0,1.0,1.852023982476199e-09,0.0,0.0,0.0003232062055591467,0.0
4932.YHL047C,0.002585649644473174,0.00506750630690169,0.23096502943847877,0.0,9.628937977700201e-05,0.0,,0.00010637304555371204,756.2750000000091,0.00010636243182260154,9.628937977700231e-05,0.0,0.2444327731092437,0.0
4932.YNL087W,0.001292824822236587,0.0003462170325927451,0.20632653694406725,0.0,5.457244001665188e-05,0.0,,5.916419508633293e-05,668.7365079365131,0.000482342978019863,5.4572440016651837e-05,0.0,0.21613978924903293,0.0
4932.YOR086C,0.0016160310277957336,0.0003609390296256598,0.20635632493756237,0.0,9.745423112026607e-05,0.0,,0.0001084312479630343,669.4031746031797,0.000295399677229157,9.745423112026619e-05,0.0,0.21635526005273906,0.0
4932.YML072C,0.002262443438914027,0.0004940734743471328,0.20936386182511,0.0,0.0002142056321542209,0.0,,0.0002611204409592561,681.0436507936564,0.0003955379194522101,0.00021420563215422117,0.0,0.22011753419316446,0.0
4932.YKR013W,0.0009696186166774402,0.00022359139735664282,0.19336134803571778,0.0,9.512082528460207e-06,0.0,,1.247679534532117e-05,622.7246031746054,1.5230119220113802e-05,9.512082528460185e-06,0.0,0.20126845610038888,0.0
4932.YJL079C,0.001292824822236587,0.0003314728361326639,0.2000877839546477,0.0,3.839191135124771e-05,0.0,,5.2986752732645526e-05,645.8436507936539,5.3893897890278175e-05,3.8391911351247695e-05,0.0,0.20874067575748248,0.0
4932.YLR418C,0.0003232062055591467,2.4749292076798914e-05,0.17154669763322444,0.0,0.0,0.0,,0.0,548.4500000000041,0.0001246514001527726,0.0,0.0,0.17726244343891404,0.0
4932.YNL267W,0.0003232062055591467,2.4749292076798914e-05,0.17154669763322444,0.0,0.0,0.0,,0.0,548.4500000000041,0.00015344157596613995,0.0,0.0,0.17726244343891404,0.0
4932.YKR106W,0.002262443438914027,0.00495936564916083,0.22893042118683846,0.0,3.934657937279188e-05,0.0,,3.830949151802241e-05,747.8845238095321,7.551326834649549e-05,3.934657937279187e-05,0.0,0.2417209191368855,0.0
4932.YKR065C,0.0003232062055591467,0.001727601505445749,0.21317331613423204,0.0,0.0,0.0,,0.0,689.9750000000045,0.00023689516563450434,0.0,0.0,0.22300420168067228,0.0
4932.YHR012W,0.001292824822236587,0.000110012400871931,0.1891770345681988,0.0,0.00016515742665938196,0.0,,0.00021904935209239714,609.9261904761925,0.0005830703953727829,0.0001651574266593818,0.0,0.1971319296949549,0.0
4932.YPL232W,0.0009696186166774402,6.70115988108713e-05,0.19425483618918538,0.0,0.00021793673499693423,0.0,,0.00025993585987216244,626.5432539682549,0.0012595582694400937,0.00021793673499693436,0.0,0.2025026677337602,0.0
4932.YMR183C,0.0006464124111182935,6.648987509143136e-05,0.19320452618005216,0.0,2.905805669828102e-05,0.0,,3.354996972963418e-05,622.0075396825405,0.0010705395442735838,2.9058056698281028e-05,0.0,0.20103669672997404,0.0
4932.YLR172C,0.0019392372333548805,0.000466620436686175,0.2040584031237099,0.0,0.0005969076176239054,0.0,,0.0006720672735265662,662.0753968254018,0.002168036686629875,0.000596907617623907,0.0,0.21398687680200287,0.0
4932.YPR037C,0.0016160310277957336,0.0008351304816813725,0.20744950430769607,0.0,0.00038451892119195684,0.0,,0.00044341641525041925,675.4420634920695,0.001580430221518012,0.000384518921191957,0.0,0.21830706641631012,0.0
4932.YML093W,0.0016160310277957336,0.0008148304812284812,0.21550351823294775,0.0,0.0002294207360913953,0.0,,0.0002655068579744916,699.5920634920703,0.0002996512297841497,0.00022942073609139512,0.0,0.2261124962805635,0.0
4932.YHR021C,0.0016160310277957336,4.7940538381485984e-05,0.17452101156044272,0.0,0.000648973709729612,0.0,,0.0006703833975296425,559.7583333333363,0.0009165312489690269,0.0006489737097296108,0.0,0.1809173669467787,0.0
4932.YKL143W,0.0006464124111182935,0.00016860115968519984,0.18596501231850454,0.0,8.50172775725219e-05,0.0,,0.0001034499108182106,595.8242063492078,0.0003010462668480668,8.501727757252195e-05,0.0,0.19257408091441708,0.0
4932.YOR280C,0.0006464124111182935,0.00016860115968519984,0.18596501231850454,0.0,8.50172775725219e-05,0.0,,0.0001034499108182106,595.8242063492078,0.0002315398067859558,8.501727757252195e-05,0.0,0.19257408091441708,0.0
4932.YMR222C,0.0003232062055591467,1.786590686301664e-06,0.1477111646442439,0.0,0.0,0.0,,0.0,468.34920634922213,5.94988169700238e-05,0.0,0.0,0.1513733698607648,0.0
4932.YPL087W,0.0006464124111182935,0.0010465247148668897,0.21483948364347302,0.0,4.559092093191189e-05,0.0,,5.8965356756674206e-05,696.2527777777829,6.150594796103239e-05,4.5590920931911915e-05,0.0,0.22503321841557133,0.0
4932.YHR026W,0.0006464124111182935,0.00015092900066990993,0.19289164435627879,0.0,2.9913479289535726e-05,0.0,,3.978753815412898e-05,621.7123015873038,0.0005759301484115645,2.99134792895357e-05,0.0,0.20094127394547562,0.0
4932.YHR027C,0.0003232062055591467,2.776193986481189e-05,0.17574413926964538,0.0,0.0,0.0,,0.0,562.5841269841292,0.00091771029373665,0.0,0.0,0.18183068099034486,0.0
4932.YKL056C,0.0006464124111182935,6.373528295051751e-06,0.162276008705725,0.0,2.6864884080853076e-05,0.0,,3.9933711296662255e-05,517.6805555555659,0.0001154005403600832,2.686488408085304e-05,0.0,0.16731756805286216,0.0
4932.YHR029C,0.0003232062055591467,0.0005312390789127463,0.2069688799131228,0.0,0.0,0.0,,0.0,670.3575396825458,0.00013212200189208597,0.0,0.0,0.21666371676875879,0.0
4932.YHR031C,0.0006464124111182935,0.0002202638652437361,0.19219135198064083,0.0,0.0006209153809998222,0.0,,0.0006209153809998222,616.8234126984133,0.0001519625033131349,0.0006209153809998211,0.0,0.19936115471829757,0.0
4932.YNR060W,0.0003232062055591467,2.0077910345470984e-05,0.17011748210902475,0.0,0.0,0.0,,0.0,543.2833333333372,2.222428778971439e-08,0.0,0.0,0.17559254471019176,0.0
4932.YKL220C,0.0003232062055591467,2.0077910345470984e-05,0.17011748210902475,0.0,0.0,0.0,,0.0,543.2833333333372,3.9355509848397694e-08,0.0,0.0,0.17559254471019176,0.0
4932.YHR049W,0.0003232062055591467,2.418379811269855e-36,0.0003232062055591467,0.0,0.0,0.0,,0.0,1.0,3.05810830048634e-05,0.0,0.0,0.0003232062055591467,0.0
4932.YMR283C,0.0003232062055591467,2.418379811269855e-36,0.0003232062055591467,0.0,0.0,0.0,,0.0,1.0,3.05810830048634e-05,0.0,0.0,0.0003232062055591467,0.0
4932.YHR063C,0.0006464124111182935,5.5801672284387356e-05,0.17925968328588773,0.0,7.751990357921677e-06,0.0,,1.213821784120867e-05,573.9960317460333,1.1389947514306471e-07,7.751990357921679e-06,0.0,0.18551907942664247,0.0
4932.YOR306C,0.0019392372333548805,0.0007687255025331712,0.2100715879894218,0.0,0.0012725553997704083,0.0,,0.0012695141831597586,682.2416666666722,6.26417016682859e-05,0.0012725553997704052,0.0,0.22050474035768153,0.0
4932.YOR294W,0.002262443438914027,0.00044817470990861325,0.20429172939041318,0.0,0.002080989149533656,0.0,,0.0021442912851156403,663.328968253972,0.0013214042953049083,0.0020809891495336534,0.0,0.21439203886682878,0.0
4932.YJR014W,0.0009696186166774402,0.00037442578285233575,0.20105881061753073,0.0,4.968095530240031e-05,0.0,,8.730136386045306e-05,648.4908730158763,0.00021761050291075452,4.9680955302400206e-05,0.0,0.20959627440719877,0.0
4932.YPR097W,0.0009696186166774402,0.0007091152386209563,0.21162675224756083,0.0,0.00025495341118384916,0.0,,0.0002625578346130775,685.2928571428633,0.001615508944764098,0.00025495341118384954,0.0,0.2214909040539293,0.0
4932.YJL035C,0.0009696186166774402,0.00014091050107971917,0.19785812357143215,0.0,7.564839972386987e-05,0.0,,0.00010224188431849431,639.4777777777812,0.0008841775475099359,7.564839972386983e-05,0.0,0.2066831860949508,0.0
4932.YLR005W,0.0006464124111182935,0.00022166677645584417,0.19223012368771783,0.0,3.703765456760989e-05,0.0,,5.010698431712666e-05,619.507539682542,0.0006335005454100557,3.70376545676099e-05,0.0,0.20022868121607618,0.0
4932.YHR076W,0.0003232062055591467,1.9026192727391396e-05,0.16729015504213784,0.0,0.0,0.0,,0.0,531.8988095238142,2.5821149866680977e-05,0.0,0.0,0.1719129959676178,0.0
4932.YPL236C,0.0009696186166774402,0.0005105130137695026,0.20252597728374439,0.0,0.000628505358036812,0.0,,0.0006346909947384093,652.6730158730188,0.0001378686008067118,0.0006285053580368112,0.0,0.21094796893116222,0.0
4932.YOR298C-A,0.0009696186166774402,0.0005390039674843783,0.20086102932546737,0.0,0.0002496542461614287,0.0,,0.00028157976879820317,649.6956349206403,0.0005058196970279476,0.00024965424616142895,0.0,0.20998566093103907,0.0
4932.YHR090C,0.0003232062055591467,3.245493133897771e-06,0.15271404291682525,0.0,0.0,0.0,,0.0,484.43019480520826,5.78100026012241e-05,0.0,0.0,0.1565708451212653,0.0
4932.YLR251W,0.0009696186166774402,0.0012827404495183532,0.22023529810169892,0.0,0.00011451861302539053,0.0,,0.00014936300902569237,717.3416666666735,0.0005618862505524474,0.00011451861302539061,0.0,0.2318492781728076,0.0
4932.YHR098C,0.0009696186166774402,0.0003252928387281462,0.19731185597460324,0.0,6.613544742246835e-05,0.0,,8.213077334785376e-05,636.2884920634953,6.0722078810670106e-05,6.613544742246835e-05,0.0,0.20565238916079254,0.0
4932.YIL095W,0.001292824822236587,0.0008459846632537565,0.20589557543647735,0.0,8.995833271191726e-05,0.0,,0.00013557793856569276,667.2718253968299,5.1999971865419225e-05,8.99583327119172e-05,0.0,0.21566639476303343,0.0
4932.YHR106W,0.0006464124111182935,0.00031554989891498215,0.19736634695940705,0.0,0.00019344899975240874,0.0,,0.0002001195948295997,636.0063492063514,0.00021822861591512673,0.00019344899975240823,0.0,0.20556119883850976,0.0
4932.YJL085W,0.0006464124111182935,0.00029016310146617603,0.19913996303448636,0.0,3.819757394645476e-06,0.0,,6.93083264892811e-06,641.0757936507954,2.868322145067798e-07,3.819757394645472e-06,0.0,0.20719967474169157,0.0
4932.YHR108W,0.0006464124111182935,0.00026613114071652845,0.2017256488151896,0.0,3.156663996948216e-05,0.0,,3.645761297218653e-05,652.0615079365123,0.0004953504369577868,3.156663996948214e-05,0.0,0.21075032577133418,0.0
4932.YHR110W,0.0006464124111182935,7.121308548632283e-06,0.16374465399015076,0.0,4.5504590774533816e-06,0.0,,9.474926519942022e-06,522.0154761904844,0.0001343536907909698,4.550459077453375e-06,0.0,0.16871864130267492,0.0
4932.YLR380W,0.001292824822236587,3.086820039747308e-05,0.18045919887381173,0.0,0.0007295175704357092,0.0,,0.0007595196406949649,579.1873015873024,0.0003131814224909066,0.0007295175704357085,0.0,0.18719693005407292,0.0
4932.YHR114W,0.0009696186166774402,0.0019387627301680724,0.18701126320555095,0.0,1.253952300908426e-07,0.0,,1.2539523009084254e-07,601.8472222222236,8.195090371002432e-05,1.253952300908426e-07,0.0,0.194520757020757,0.0
4932.YHR119W,0.001292824822236587,0.0006898322051339979,0.21495256555831654,0.0,0.00012066615925834474,0.0,,0.00016798822799827905,697.4634920634996,0.00020275379802654905,0.00012066615925834463,0.0,0.22542452878587332,0.0
4932.YOL143C,0.002585649644473174,0.001577811465866587,0.223681859887328,0.0,0.00042394711942658113,0.0,,0.000486404588645051,728.9285714285803,0.005453506627776289,0.000423947119426581,0.0,0.23559423769507803,0.0
4932.YHR122W,0.0009696186166774402,3.5353566182105186e-05,0.17452101156044272,0.0,0.0018627809750078254,0.0,,0.0018627809750078254,558.8083333333363,0.0002973290232129016,0.001862780975007822,0.0,0.18061032105149752,0.0
4932.YOR070C,0.0006464124111182935,1.319378423562607e-06,0.14774170083001972,0.0,0.001242248746099947,0.0,,0.001242248746099947,468.9825396825555,0.00019302974610677854,0.0012422487460999451,0.0,0.1515780671242856,0.0
4932.YHR132C,0.0003232062055591467,1.2443954153726616e-05,0.17371500786096572,0.0,0.0,0.0,,0.0,554.2250000000016,5.487732262497303e-05,0.0,0.0,0.1791289592760181,0.0
4932.YHR134W,0.0003232062055591467,9.631910238298006e-05,0.1767328698213324,0.0,0.0,0.0,,0.0,565.4579365079384,0.00021826473038300578,0.0,0.0,0.18275951406203508,0.0
4932.YNL125C,0.0003232062055591467,1.641091936471215e-06,0.1553025571445674,0.0,0.0,0.0,,0.0,493.56154401155766,7.389575690080035e-07,0.0,0.0,0.15952215384988494,0.0
4932.YKR056W,0.0016160310277957336,0.006533063375995959,0.20805343299563694,0.0,3.12007108144717e-05,0.0,,3.8329375809906474e-05,676.1400793650835,0.001448438787317132,3.120071081447169e-05,0.0,0.21853266947804764,0.0
4932.YHR142W,0.0003232062055591467,0.0003978509373973095,0.1965251044520866,0.0,0.0,0.0,,0.0,632.2384920634944,0.00030686648371621686,0.0,0.0,0.204343404028278,0.0
4932.YJL167W,0.0016160310277957336,0.00634651437990397,0.24044529980318377,0.0,0.0007539398668129976,0.0,,0.0007392312732240502,788.1154761904891,0.0009244805989078103,0.000753939866812998,0.0,0.25472381260196386,0.0
4932.YHR150W,0.0003232062055591467,0.0021369417342033195,0.22347202699812788,0.0,0.0,0.0,,0.0,724.9492063492149,6.320031862277876e-08,0.0,0.0,0.23430808220724186,0.0
4932.YPR121W,0.001292824822236587,0.00978902106807939,0.23564868266095557,0.0,0.00021723179061446836,0.0,,0.0002543071940964177,771.3119047619169,0.0017209148061997507,0.0002172317906144679,0.0,0.2492927940406932,0.0
4932.YNR054C,0.0009696186166774402,0.00034446160267788856,0.2008469169788556,0.0,6.469877313150024e-05,0.0,,8.555479815986101e-05,648.5940476190515,0.0012391491966562038,6.469877313150026e-05,0.0,0.2096296210792009,0.0
4932.YPL191C,0.0006464124111182935,0.0010968150537433124,0.20585109594297196,0.0,9.194731810935095e-06,0.0,,1.3326148011794226e-05,665.7761904761959,0.0004259794061493944,9.194731810935081e-06,0.0,0.21518299627543325,0.0
4932.YHR181W,0.001292824822236587,0.0002523364951919634,0.1868523543604191,0.0,0.0018633731191499208,0.0,,0.0018633731191499208,601.0317460317473,0.0006314885528558723,0.0018633731191499176,0.0,0.19425719005550937,0.0
4932.YPR051W,0.0003232062055591467,9.405152090728992e-06,0.1564499873774109,0.0,0.0,0.0,,0.0,496.92380952382257,0.0002215534619698879,0.0,0.0,0.16060885892818666,0.0
4932.YOR109W,0.0003232062055591467,9.405152090728992e-06,0.1564499873774109,0.0,0.0,0.0,,0.0,496.9238095238225,0.0002957149843119528,0.0,0.0,0.16060885892818666,0.0
4932.YNL106C,0.0003232062055591467,9.405152090728992e-06,0.1564499873774109,0.0,0.0,0.0,,0.0,496.9238095238225,0.00028343421328415314,0.0,0.0,0.16060885892818666,0.0
4932.YHR188C,0.0006464124111182935,6.883689958808159e-05,0.18369452315640997,0.0,1.2298902848797536e-05,0.0,,1.9299315430557812e-05,589.4317460317465,0.00031876295976809426,1.2298902848797514e-05,0.0,0.19050799807102328,0.0
4932.YOL075C,0.0009696186166774402,0.00042230085681434,0.2045109578881136,0.0,0.00022353951851938745,0.0,,0.0002593858754423541,661.4194444444497,0.0001437499344656212,0.00022353951851938712,0.0,0.21377486892192776,0.0
4932.YKL006W,0.0009696186166774402,0.00021326402100275797,0.20256903127551387,0.0,3.09385574948019e-05,0.0,,3.341735782867491e-05,653.7361111111148,0.0007161281323817941,3.093855749480183e-05,0.0,0.21129156790921497,0.0
4932.YHR194W,0.0003232062055591467,4.808309303418398e-07,0.14249808929565086,0.0,0.0,0.0,,0.0,449.9667027417181,4.8216981377772226e-05,0.0,0.0,0.14543203062110624,0.0
4932.YHR201C,0.0006464124111182935,0.0008808842529503652,0.2110642475900806,0.0,1.625937264575953e-05,0.0,,2.0475464368526416e-05,682.4658730158769,0.00022432779389541647,1.625937264575953e-05,0.0,0.2205772052410708,0.0
4932.YLL031C,0.0009696186166774402,0.00023233181203112315,0.2036948959213376,0.0,0.00010888169896270742,0.0,,0.00013198830500318318,660.0646825396865,0.0004921860224809491,0.00010888169896270746,0.0,0.21333700146725357,0.0
4932.YHR207C,0.0003232062055591467,4.876662977184215e-05,0.17743493075290495,0.0,0.0,0.0,,0.0,566.7246031746049,7.587834857404111e-05,0.0,0.0,0.18316890858907667,0.0
4932.YOR358W,0.001292824822236587,0.0013085727076698537,0.21758670797382035,0.0,0.0007724042179708145,0.0,,0.0008380208049457796,707.5980158730223,0.00032173638427173903,0.0007724042179708149,0.0,0.22870006977149837,0.0
4932.YHR218W-A,0.0006464124111182935,3.9603821600747224e-18,0.003102779573367809,0.0,0.0,0.0,,0.0,10.833333333333332,1.1158444516496946e-07,0.0,0.0,0.0035014005602240898,0.0
4932.YIL007C,0.0006464124111182935,8.76853142539884e-05,0.18364731911602544,0.0,2.530699028400148e-06,0.0,,3.2593369883183935e-06,589.4353174603193,0.0007954901380673146,2.530699028400147e-06,0.0,0.1905091523789003,0.0
4932.YIL010W,0.0003232062055591467,0.00032739127978273264,0.1897294862520775,0.0,0.0,0.0,,0.0,608.163492063494,4.529633955740726e-05,0.0,0.0,0.1965622146294415,0.0
4932.YML061C,0.0006464124111182935,0.0002202638652437361,0.19219135198064083,0.0,0.0006209153809998222,0.0,,0.0006209153809998222,616.8234126984133,0.00016496510068832545,0.0006209153809998211,0.0,0.19936115471829757,0.0
4932.YML096W,0.0006464124111182935,0.0008914768257779849,0.2131256370208046,0.0,0.00021113930052590093,0.0,,0.0002707055046794702,690.1821428571479,6.184046979308793e-05,0.00021113930052590052,0.0,0.2230711515375381,0.0
4932.YIR002C,0.0006464124111182935,0.00011459455002200297,0.18395457975289908,0.0,0.000621333365100125,0.0,,0.0006213333651001251,589.0793650793668,0.0001469280076195504,0.0006213333651001239,0.0,0.19039410636049292,0.0
4932.YPR143W,0.0003232062055591467,0.00011443539688687568,0.18393090782139054,0.0,0.0,0.0,,0.0,588.4126984127,0.0002289476677201449,0.0,0.0,0.19017863555678682,0.0
4932.YIL041W,0.0003232062055591467,2.418379811269855e-36,0.0003232062055591467,0.0,0.0,0.0,,0.0,1.0,1.385730644288254e-05,0.0,0.0,0.0003232062055591467,0.0
4932.YJL071W,0.0003232062055591467,2.418379811269855e-36,0.0003232062055591467,0.0,0.0,0.0,,0.0,1.0,1.385730644288254e-05,0.0,0.0,0.0003232062055591467,0.0
4932.YJR132W,0.0019392372333548805,0.0018131778977536772,0.215471031081635,0.0,0.0005528876134702724,0.0,,0.0005554845584641487,702.2714285714361,0.0007578424260545362,0.0005528876134702718,0.0,0.2269784837011728,0.0
4932.YIL050W,0.0003232062055591467,3.27966636286278e-05,0.17115639859657836,0.0,0.0,0.0,,0.0,546.1019841269879,0.0005229569379435748,0.0,0.0,0.17650355013800392,0.0
4932.YIL063C,0.0003232062055591467,5.84959624233692e-34,0.00043094160741219563,0.0,0.0,0.0,,0.0,1.5,4.733078790215736e-06,0.0,0.0,0.0004848093083387201,0.0
4932.YIL067C,0.0003232062055591467,2.125116269866435e-05,0.17152611120605135,0.0,0.0,0.0,,0.0,547.1202380952416,9.875177076983419e-05,0.0,0.0,0.17683265613937882,0.0
4932.YOR022C,0.0016160310277957336,0.0005702515796565953,0.20876755782955173,0.0,0.0011291998175921112,0.0,,0.0012274409370431948,677.2583333333398,0.0005607368381681024,0.0011291998175921123,0.0,0.21889409609997845,0.0
4932.YIL105C,0.0006464124111182935,1.841572234226947e-05,0.1705539150026879,0.0,0.000621333365100125,0.0,,0.000621333365100125,545.4111111111154,0.0001043634034365163,0.0006213333651001239,0.0,0.1762802556920204,0.0
4932.YNL047C,0.0003232062055591467,1.839014634905008e-05,0.17053356614926038,0.0,0.0,0.0,,0.0,544.7444444444487,8.258892597132504e-05,0.0,0.0,0.17606478488831429,0.0
4932.YJL095W,0.0003232062055591467,6.862382449755466e-07,0.1448593376588655,0.0,0.0,0.0,,0.0,458.7889249639402,2.55579309360937e-07,0.0,0.0,0.14828342759015029,0.0
4932.YMR196W,0.0009696186166774402,0.0015194346693695466,0.21689333606677175,0.0,0.000647811075206091,0.0,,0.0006602097512208966,704.1523809523873,0.00044219850617615046,0.0006478110752060901,0.0,0.22758641918305786,0.0
4932.YIL107C,0.0006464124111182935,9.270611258418137e-05,0.19338750976593505,0.0,5.475313919913445e-05,0.0,,7.091793228994731e-05,622.5396825396859,3.395685971870111e-06,5.4753139199134406e-05,0.0,0.20120868860364657,0.0
4932.YOR040W,0.0016160310277957336,0.000234624939703171,0.20027001326608182,0.0,0.0002584548065306937,0.0,,0.0003234359398747646,647.4313492063529,0.0002631142691541991,0.0002584548065306931,0.0,0.209253829737023,0.0
4932.YNL041C,0.0003232062055591467,0.00024902862530877296,0.1873421698250247,0.0,0.0,0.0,,0.0,600.1448412698414,4.032782219634139e-07,0.0,0.0,0.19397053693272182,0.0
4932.YIL110W,0.0016160310277957336,0.00012117442138320879,0.1884164361560804,0.0,0.0018972453796439529,0.0,,0.001916375307078587,608.7599206349215,0.000415057094712741,0.0018972453796439535,0.0,0.1967549840449,0.0
4932.YIL113W,0.0003232062055591467,4.516525035593214e-06,0.15754500795591356,0.0,0.0,0.0,,0.0,501.60238095239384,8.451155836835392e-05,0.0,0.0,0.16212100224705267,0.0
4932.YNL052W,0.0003232062055591467,4.516525035593214e-06,0.15754500795591356,0.0,0.0,0.0,,0.0,501.60238095239384,7.43152403328312e-05,0.0,0.0,0.16212100224705267,0.0
4932.YIL111W,0.0003232062055591467,4.516525035593214e-06,0.15754500795591356,0.0,0.0,0.0,,0.0,501.60238095239384,6.518105805170015e-05,0.0,0.0,0.16212100224705267,0.0
4932.YIL112W,0.0003232062055591467,2.418379811269855e-36,0.0003232062055591467,0.0,0.0,0.0,,0.0,1.0,4.6300599561904975e-10,0.0,0.0,0.0003232062055591467,0.0
4932.YNL050C,0.0003232062055591467,2.418379811269855e-36,0.0003232062055591467,0.0,0.0,0.0,,0.0,1.0,4.6300599561904975e-10,0.0,0.0,0.0003232062055591467,0.0
4932.YMR238W,0.0009696186166774402,0.0007293875361528108,0.21863511811549155,0.0,7.2049897008396e-05,0.0,,7.70479070006082e-05,711.4182539682611,0.0004321225696992679,7.204989700839595e-05,0.0,0.22993479443059275,0.0
4932.YKL046C,0.0009696186166774402,0.0007293875361528108,0.21863511811549155,0.0,7.2049897008396e-05,0.0,,7.70479070006082e-05,711.418253968261,0.0006630984351827805,7.204989700839595e-05,0.0,0.22993479443059275,0.0
4932.YIL143C,0.0029088558500323207,0.003733786219261465,0.22287963272727676,0.0,0.0006340988914115736,0.0,,0.0006677410972161926,729.2654761904851,0.0011863167400108822,0.0006340988914115743,0.0,0.2357031274048081,0.0
4932.YIL130W,0.0003232062055591467,4.270199579708937e-06,0.1544133403208584,0.0,0.0,0.0,,0.0,489.36471861473245,1.8520239826969776e-06,0.0,0.0,0.15816571383798272,0.0
4932.YIL138C,0.0003232062055591467,5.6888684870649736e-05,0.174734362430321,0.0,0.0,0.0,,0.0,559.1428571428587,8.29410420312141e-05,0.0,0.0,0.18071844122264288,0.0
4932.YNL081C,0.002262443438914027,0.0015263508527949242,0.21353956594905893,0.0,0.0012328683634357782,0.0,,0.0012161175161384508,697.0821428571519,0.00020468082898053631,0.0012328683634357802,0.0,0.22530127435589622,0.0
4932.YJL097W,0.0003232062055591467,0.0014491198544950617,0.2119405522953775,0.0,0.0,0.0,,0.0,685.7130952381009,8.087858182394983e-05,0.0,0.0,0.22162672761412255,0.0
4932.YLR038C,0.0003232062055591467,5.100358137203092e-05,0.17867705290080954,0.0,0.0,0.0,,0.0,571.2738095238112,7.168999633767119e-05,0.0,0.0,0.18463924031150922,0.0
4932.YIL147C,0.0006464124111182935,3.6325158756400584e-06,0.15560688962822122,0.0,0.000621333365100125,0.0,,0.000621333365100125,495.659126984141,9.014263728928058e-06,0.0006213333651001239,0.0,0.16020010568329895,0.0
4932.YMR216C,0.0003232062055591467,1.3539602403212776e-07,0.13393244796477005,0.0,0.0,0.0,,0.0,423.27395382396526,9.010096674746708e-06,0.0,0.0,0.1368047685274576,0.0
4932.YNL142W,0.001292824822236587,9.73398384409562e-05,0.18562689411428906,0.0,0.0012838414339179345,0.0,,0.0013132131581717306,598.6349206349215,4.1809441404400196e-07,0.0012838414339179337,0.0,0.19348252121361365,0.0
4932.YPR011C,0.002585649644473174,0.001955467572423744,0.22194519948447608,0.0,0.00039266992999501985,0.0,,0.00038981740194431045,726.0035714285804,0.00299288742389738,0.000392669929995021,0.0,0.2346488595438175,0.0
4932.YLL043W,0.0003232062055591467,8.612537941586023e-05,0.18732989314286055,0.0,0.0,0.0,,0.0,599.9210317460327,4.161497889065577e-06,0.0,0.0,0.19389820030576332,0.0
4932.YPR131C,0.0016160310277957336,0.001018656047884936,0.22237683153325957,0.0,0.0003465387482752716,0.0,,0.00043185504217629715,724.3539682539764,0.0015914754610462814,0.0003465387482752719,0.0,0.2341156975610757,0.0
4932.YPR003C,0.001292824822236587,0.000817081602271222,0.2198119315155749,0.0,0.0007734934946909483,0.0,,0.0008229566140805897,718.2912698412775,0.0009171245911521919,0.0007734934946909473,0.0,0.23215619581165797,0.0
4932.YIL165C,0.0003232062055591467,1.7642228618299866e-06,0.1515803684903787,0.0,0.0,0.0,,0.0,480.7365079365232,0.00040753787734432916,0.0,0.0,0.15537702260391334,0.0
4932.YIL169C,0.0003232062055591467,2.628163427636785e-07,0.14259049128890922,0.0,0.0,0.0,,0.0,451.31551226552773,2.930827956684154e-07,0.0,0.0,0.14586797422931877,0.0
4932.YOR181W,0.001292824822236587,7.051996458213843e-06,0.1674175208995638,0.0,0.0012488234843681103,0.0,,0.0012524242014467111,535.2325396825462,0.000198101050776794,0.001248823484368108,0.0,0.1729904782425791,0.0
4932.YIR006C,0.0003232062055591467,0.0012885735522489316,0.19969641420608117,0.0,0.0,0.0,,0.0,642.2365079365096,2.2120111440920882e-05,0.0,0.0,0.20757482480171555,0.0
4932.YOL142W,0.0006464124111182935,0.0005444985996017913,0.2007340895555124,0.0,1.2997949571010489e-05,0.0,,1.7892200931574084e-05,647.1119047619081,0.0005527812376488196,1.2997949571010487e-05,0.0,0.20915058331024716,0.0
4932.YML059C,0.001292824822236587,0.0006597393219858593,0.2096402294925236,0.0,0.00033592315509187556,0.0,,0.0004004234738661494,679.7750000000065,0.0008183589302029307,0.00033592315509187534,0.0,0.21970749838396897,0.0
4932.YIR023W,0.0003232062055591467,2.418379811269855e-36,0.0003232062055591467,0.0,0.0,0.0,,0.0,1.0,4.6300621639751294e-10,0.0,0.0,0.0003232062055591467,0.0
4932.YIR028W,0.0003232062055591467,2.418379811269855e-36,0.0003232062055591467,0.0,0.0,0.0,,0.0,1.0,4.6300621639751294e-10,0.0,0.0,0.0003232062055591467,0.0
4932.YIR029W,0.002262443438914027,0.0008579676946112571,0.21318921391304735,0.0,0.0010389677046431414,0.0,,0.0011263529120298637,692.6325396825447,0.0016398910719966158,0.0010389677046431425,0.0,0.22386313499758878,0.0
4932.YMR020W,0.0006464124111182935,0.0003292069593705068,0.2021822030808439,0.0,5.187534945969497e-05,0.0,,7.089342180447019e-05,651.6099206349252,0.00012504865929679297,5.187534945969493e-05,0.0,0.21060436995310944,0.0
4932.YIR032C,0.0003232062055591467,3.197319836476777e-05,0.1744997051251405,0.0,0.0,0.0,,0.0,556.8980158730178,0.0004171531228551292,0.0,0.0,0.17999289459373494,0.0
4932.YIR033W,0.0003232062055591467,9.309039920791762e-06,0.16028338488141586,0.0,0.0,0.0,,0.0,509.9515873015987,7.720161970952036e-06,0.0,0.0,0.16481951755060997,0.0
4932.YOR278W,0.0006464124111182935,0.00024983434142265696,0.19234653272507413,0.0,0.0006213333651001251,0.0,,0.000621333365100125,620.0972222222248,0.00017057974289397907,0.000621333365100124,0.0,0.20041927027221143,0.0
4932.YPL125W,0.001292824822236587,0.00015460740554435528,0.19833859497398543,0.0,0.00029079560973172637,0.0,,0.00029883865084147875,643.1579365079392,0.0012208965742973512,0.00029079560973172534,0.0,0.20787263623398075,0.0
4932.YJL031C,0.0016160310277957336,0.0006926227367743977,0.21841795303790126,0.0,0.00038370552732193636,0.0,,0.0004595921943956077,710.9944444444519,0.0015038582899625334,0.00038370552732193625,0.0,0.22979781656252243,0.0
4932.YJL029C,0.0006464124111182935,0.00016811000555862083,0.19637660021708125,0.0,1.131933847989231e-05,0.0,,1.5793428157736593e-05,631.376190476194,5.810817846240276e-05,1.1319338479892312e-05,0.0,0.20406470280419858,0.0
4932.YMR162C,0.0003232062055591467,0.00031420959245820313,0.19728462176397873,0.0,0.0,0.0,,0.0,634.9563492063514,3.5211605966828734e-06,0.0,0.0,0.20522183232267263,0.0
4932.YJL054W,0.0006464124111182935,9.927261596696692e-05,0.19206222583714402,0.0,0.00011640415728626276,0.0,,0.00016718943794293586,618.2757936507949,0.00030866827154838914,0.00011640415728626281,0.0,0.199830573254943,0.0
4932.YJL062W,0.0003232062055591467,2.418379811269855e-36,0.0003232062055591467,0.0,0.0,0.0,,0.0,1.0,2.1203822575370005e-05,0.0,0.0,0.0003232062055591467,0.0
4932.YOR149C,0.0003232062055591467,2.418379811269855e-36,0.0003232062055591467,0.0,0.0,0.0,,0.0,1.0,2.1203822575370005e-05,0.0,0.0,0.0003232062055591467,0.0
4932.YKR074W,0.0003232062055591467,3.205271649016228e-05,0.1823237559385198,0.0,0.0,0.0,,0.0,583.5607142857159,0.00036411879559593855,0.0,0.0,0.1886104441776711,0.0
4932.YPL145C,0.0029088558500323207,0.004927775542584853,0.2319583065043859,0.0,0.0013977608469388897,0.0,,0.0014603505676509224,761.2666666666769,0.00042551917818974905,0.0013977608469388882,0.0,0.2460461107519931,0.0
4932.YLR314C,0.0019392372333548805,0.001808974848745795,0.22614145790365095,0.0,0.0005188437216658783,0.0,,0.0006244869170206226,740.6277777777862,0.00045265804311974106,0.0005188437216658774,0.0,0.23937549378725848,0.0
4932.YLR243W,0.001292824822236587,0.0022725820921213995,0.2155360151820894,0.0,0.00023454326770215082,0.0,,0.0002445238350408806,699.2785714285789,0.0005807146208670731,0.00023454326770215014,0.0,0.22601117370024934,0.0
4932.YMR063W,0.0003232062055591467,5.84959624233692e-34,0.00043094160741219563,0.0,0.0,0.0,,0.0,1.5,1.264006368040006e-06,0.0,0.0,0.0004848093083387201,0.0
4932.YNL275W,0.0006464124111182935,0.000611384306956107,0.19702627123578825,0.0,1.9614325498802788e-06,0.0,,2.0087044550887645e-06,635.2682539682572,0.00046012980237404344,1.9614325498802788e-06,0.0,0.2053226418772637,0.0
4932.YJL107C,0.0003232062055591467,0.00013570132477129992,0.17687502594728696,0.0,0.0,0.0,,0.0,565.671031746035,0.0007456943062435983,0.0,0.0,0.18282838776536256,0.0
4932.YJL112W,0.0016160310277957336,0.004337839510845308,0.23834035095548206,0.0,0.00053951192648629,0.0,,0.000538342640441559,783.0035714285825,0.0002843398530118048,0.0005395119264862886,0.0,0.2530716132606889,0.0
4932.YKL155C,0.0003232062055591467,9.178383417098042e-05,0.17572253315466263,0.0,0.0,0.0,,0.0,561.8107142857158,0.00019670346717857632,0.0,0.0,0.18158070920675964,0.0
4932.YLR406C,0.001292824822236587,0.0004056249041445951,0.2036948959213376,0.0,0.0001515274819007192,0.0,,0.00016332746707727326,659.9420634920683,0.0017573762968519737,0.00015152748190071938,0.0,0.21329737023014336,0.0
4932.YPR069C,0.0029088558500323207,0.00208621981518537,0.21748738354839103,0.0,0.000557646600075248,0.0,,0.0005500648575883166,711.571428571436,0.0025801520727498917,0.0005576466000752486,0.0,0.22998430141287285,0.0
4932.YLR146C,0.002262443438914027,0.0011639805653088956,0.21448485664466174,0.0,0.00029048379570311583,0.0,,0.0003038407642286235,698.9607142857209,0.0017815739161947956,0.0002904837957031162,0.0,0.2259084402991966,0.0
4932.YKL048C,0.0003232062055591467,0.00033480968842208473,0.19522325816841166,0.0,0.0,0.0,,0.0,629.4908730158756,3.1669610078265157e-07,0.0,0.0,0.203455356501575,0.0
4932.YKR079C,0.0009696186166774402,8.176951643279355e-05,0.18896444800106107,0.0,0.0004383612375819701,0.0,,0.0004533086471814692,608.764285714288,3.07489226782753e-05,0.0004383612375819694,0.0,0.19675639486563856,0.0
4932.YNR006W,0.0006464124111182935,0.0007991183005128408,0.21244457263377317,0.0,2.5611485340603643e-05,0.0,,3.511500410277453e-05,686.8952380952442,0.00033814346473249566,2.561148534060364e-05,0.0,0.2220088035214086,0.0
4932.YOR256C,0.0003232062055591467,0.0007046608723342329,0.20534833484376494,0.0,0.0,0.0,,0.0,661.3611111111147,8.732293075167494e-07,0.0,0.0,0.21375601522660345,0.0
4932.YPL176C,0.0003232062055591467,0.0007046608723342329,0.20534833484376494,0.0,0.0,0.0,,0.0,661.3611111111147,9.77544558506344e-06,0.0,0.0,0.21375601522660345,0.0
4932.YNL107W,0.0006464124111182935,0.0005158334593195371,0.204131260308487,0.0,0.0,0.0,,0.0,658.2873015873064,0.0006086843500568659,0.0,0.0,0.21276254091380142,0.0
4932.YJL163C,0.0003232062055591467,5.296607543078156e-05,0.18440550699006913,0.0,0.0,0.0,,0.0,590.4821428571437,3.667007485302874e-05,0.0,0.0,0.19084749284329117,0.0
4932.YMR260C,0.0016160310277957336,0.012715811085888897,0.25056132608993353,0.0,0.0010822925208543194,0.0,,0.0010061075146790511,825.0345238095379,0.00017506603948875063,0.0010822925208543183,0.0,0.2666562778957737,0.0
4932.YJL166W,0.0009696186166774402,9.555185593744655e-05,0.1921655128636765,0.0,0.00012363409446186456,0.0,,0.00014543590335166348,619.6182539682568,0.0009196398712233923,0.00012363409446186453,0.0,0.20026446476026308,0.0
4932.YJL171C,0.0006464124111182935,0.0002348953054295967,0.19306099610725008,0.0,8.856458668211747e-05,0.0,,0.00012197439185223425,622.7349206349234,0.0002197259773051795,8.856458668211741e-05,0.0,0.20127179076758908,0.0
4932.YLR185W,0.0009696186166774402,0.001198085059533567,0.21230257477609002,0.0,3.54661027387e-05,0.0,,3.684051792504954e-05,688.1797619047683,0.00027449958658647155,3.5466102738700016e-05,0.0,0.22242396958783514,0.0
4932.YOR311C,0.0009696186166774402,0.0004653525757097548,0.20001778403023032,0.0,2.8520034432988163e-05,0.0,,4.2148126509220665e-05,644.1511904761956,0.0003753284022522112,2.852003443298815e-05,0.0,0.2081936620802167,0.0
4932.YJL191W,0.001292824822236587,0.001919185798885419,0.2012994978776179,0.0,2.0304276811182263e-05,0.0,,2.533505022962177e-05,652.4869047619105,0.0006147214852335219,2.030427681118227e-05,0.0,0.21088781666512757,0.0
4932.YJL197W,0.0006464124111182935,0.00013270686242781085,0.18846612403481355,0.0,0.0001204534868662202,0.0,,0.00013178834556818735,605.2626984126998,0.0005403539252234065,0.00012045348686622032,0.0,0.19562466012045845,0.0
4932.YNL250W,0.0016160310277957336,0.0018052472418310516,0.2204560938813952,0.0,0.0003552077826747188,0.0,,0.0004047648656600947,720.8297619047704,0.001096715588235686,0.00035520778267471775,0.0,0.23297665219934127,0.0
4932.YJL208C,0.0003232062055591467,0.00021050774959068154,0.1910226641737422,0.0,0.0,0.0,,0.0,614.3559523809538,0.00040045110757472166,0.0,0.0,0.19856365623172348,0.0
4932.YJR001W,0.0003232062055591467,0.0004332187211088961,0.1967821414855133,0.0,0.0,0.0,,0.0,633.9730158730188,0.0002494072081573365,0.0,0.0,0.2049040128872062,0.0
4932.YJR005W,0.0003232062055591467,3.045335032339137e-05,0.17891188943297356,0.0,0.0,0.0,,0.0,573.0678571428596,6.105891567248297e-05,0.0,0.0,0.18521908763505404,0.0
4932.YMR035W,0.0006464124111182935,0.00038402276657552146,0.1956776075953215,0.0,0.0,0.0,,0.0,630.2388888888914,0.000808300124947886,0.0,0.0,0.2036971198735905,0.0
4932.YMR166C,0.0009696186166774402,0.00041010034846984304,0.1995013029073942,0.0,2.6261949662532187e-05,0.0,,5.5261348889041035e-05,643.1841269841303,0.0009471477519323343,2.6261949662532116e-05,0.0,0.2078811011584121,0.0
4932.YJR116W,0.0003232062055591467,9.59264133202951e-05,0.17932715446710065,0.0,0.0,0.0,,0.0,574.1757936507952,0.0003095056178912454,0.0,0.0,0.18557717958978465,0.0
4932.YMR173W,0.0003232062055591467,0.0002746441481678155,0.19255383061835185,0.0,0.0,0.0,,0.0,619.0801587301598,0.00014308968791631001,0.0,0.0,0.20009054904012885,0.0
4932.YJR049C,0.0003232062055591467,1.463563164327238e-05,0.1733883768641992,0.0,0.0,0.0,,0.0,554.214682539685,0.00015028132854304213,0.0,0.0,0.17912562460881787,0.0
4932.YJR050W,0.0003232062055591467,7.960898935483318e-05,0.17485192790752044,0.0,0.0,0.0,,0.0,559.5432539682572,4.086953923307274e-05,0.0,0.0,0.18084785196129735,0.0
4932.YJR057W,0.0003232062055591467,0.0012091047084604606,0.21083075222066905,0.0,0.0,0.0,,0.0,682.0869047619112,3.919808759131654e-06,0.0,0.0,0.22045472034967833,0.0
4932.YNL273W,0.0003232062055591467,0.0008036748488324888,0.20321704481126407,0.0,0.0,0.0,,0.0,657.116666666671,1.0841285389627835e-06,0.0,0.0,0.21238418444300797,0.0
4932.YOR001W,0.002262443438914027,0.0020300453972316368,0.21949125993243643,0.0,0.0002467059613393674,0.0,,0.00029610758158386255,716.1738095238159,0.0008048736490770865,0.00024670596133936754,0.0,0.23147181949702958,0.0
4932.YLR117C,0.0009696186166774402,0.0006659226381655251,0.19989190751416347,0.0,8.062934292656394e-06,0.0,,1.0754006558580409e-05,645.4706349206386,0.0001711645194668875,8.062934292656397e-06,0.0,0.20862011471255168,0.0
4932.YMR237W,0.0009696186166774402,0.0005256942856989847,0.2021679044809089,0.0,9.692295571711063e-05,0.0,,0.00012020892206040763,654.4404761904789,0.0011166053997959306,9.692295571711067e-05,0.0,0.2115192230738449,0.0
4932.YOR299W,0.0006464124111182935,0.0004622421374158478,0.19649808697828236,0.0,6.861725710459674e-05,0.0,,7.697496118079213e-05,633.6420634920657,0.000289459773311581,6.861725710459664e-05,0.0,0.20479704702393778,0.0
4932.YLR034C,0.001292824822236587,0.00010591064015735275,0.19206222583714402,0.0,0.00013409655870171952,0.0,,0.00017951974126389843,618.9230158730182,3.9406440286916546e-05,0.00013409655870171968,0.0,0.200039759493541,0.0
4932.YPL210C,0.0006464124111182935,0.0001851075510372063,0.169482075612738,0.0,5.2248012537851075e-08,0.0,,5.2248012537851075e-08,540.8825396825438,7.945182887030679e-07,5.2248012537851075e-08,0.0,0.17481659330398827,0.0
4932.YLR354C,0.0009696186166774402,0.0008713173809726523,0.2081746409379589,0.0,5.3073569199603085e-05,0.0,,5.764346656196226e-05,673.9384920634968,0.000643190103382711,5.3073569199603044e-05,0.0,0.2178211028000944,0.0
4932.YKL053C-A,0.0003232062055591467,2.9272007548181573e-06,0.154354976747303,0.0,0.0,0.0,,0.0,489.85158730160157,0.0002917243356357122,0.0,0.0,0.15832307281887115,0.0
4932.YLR333C,0.0006464124111182935,0.00024750586282709354,0.2088743365015382,0.0,7.040788717217274e-05,0.0,,8.691667913567484e-05,675.5297619047676,0.00013725442335352312,7.040788717217281e-05,0.0,0.21833541108751192,0.0
4932.YNR056C,0.0009696186166774402,0.0013938556610747581,0.22011659115731513,0.0,4.0889730042198414e-05,0.0,,7.676605040638813e-05,716.5321428571503,1.736550287168808e-05,4.088973004219833e-05,0.0,0.2315876350540216,0.0
4932.YOR155C,0.0006464124111182935,9.215862507464998e-05,0.1834116623482646,0.0,1.2003351612538668e-05,0.0,,1.767873341755163e-05,588.8464285714292,0.0001940925763695013,1.2003351612538666e-05,0.0,0.19031881983562654,0.0
4932.YJR144W,0.0003232062055591467,0.00025128506499180823,0.18677910286573354,0.0,0.0,0.0,,0.0,599.031746031747,9.889530262803454e-05,0.0,0.0,0.19361077764439108,0.0
4932.YJR154W,0.0003232062055591467,8.142874100332986e-05,0.18709694151188244,0.0,0.0,0.0,,0.0,600.1507936507955,1.1758037258745769e-06,0.0,0.0,0.19397246077918345,0.0
4932.YJR156C,0.0003232062055591467,0.0005635052176775374,0.20256903127551387,0.0,0.0,0.0,,0.0,653.8095238095276,0.0008427616612015911,0.0,0.0,0.2113152953489088,0.0
4932.YMR313C,0.0006464124111182935,0.00043776281125751355,0.20394193974174585,0.0,3.2234613483501856e-05,0.0,,3.350666939517036e-05,661.3051587301626,0.0007203722768410778,3.2234613483501856e-05,0.0,0.21373793106986383,0.0
4932.YNL111C,0.0006464124111182935,3.407406784055937e-05,0.17925968328588773,0.0,4.5280809087013845e-05,0.0,,7.63664338091486e-05,575.3388888888908,0.00022620644072264076,4.528080908701383e-05,0.0,0.18595309918839328,0.0
4932.YKL008C,0.0016160310277957336,0.001738660985278705,0.22315801478220545,0.0,0.0008198229207914082,0.0,,0.0008929970435178901,728.9285714285794,0.00022741627538897256,0.0008198229207914086,0.0,0.23559423769507803,0.0
4932.YLR308W,0.0003232062055591467,6.479189204794362e-05,0.18112235755940265,0.0,0.0,0.0,,0.0,579.85753968254,6.125569322040028e-07,0.0,0.0,0.18741355516565603,0.0
4932.YKL009W,0.0003232062055591467,0.0005101258789466297,0.1999058859692344,0.0,0.0,0.0,,0.0,645.9119047619077,3.370683648106682e-07,0.0,0.0,0.20876273586357622,0.0
4932.YKL012W,0.0006464124111182935,0.00041758119419842084,0.19475774419948574,0.0,0.00010686909697578294,0.0,,0.0001347020984791396,625.6599206349232,0.000644483047625698,0.00010686909697578294,0.0,0.2022171689188496,0.0
4932.YOL154W,0.0003232062055591467,6.07992309371796e-06,0.1632397310050281,0.0,0.0,0.0,,0.0,519.5055555555653,0.0001458302204041584,0.0,0.0,0.16790741937800763,0.0
4932.YLR143W,0.0006464124111182935,8.074388012845802e-05,0.17396872987828943,0.0,1.0986145868933358e-05,0.0,,1.6613004496836468e-05,557.4222222222253,0.00010001276759846112,1.098614586893336e-05,0.0,0.18016232133879193,0.0
4932.YPL199C,0.0009696186166774402,0.0002804151456689292,0.18740357738036265,0.0,7.756987930747141e-05,0.0,,0.00011333608367384774,603.9912698412721,0.00040699940137120343,7.756987930747133e-05,0.0,0.19521372651624752,0.0
4932.YKL029C,0.0006464124111182935,0.0015565402130823833,0.22001494415147016,0.0,5.049344739137432e-05,0.0,,6.673252960965956e-05,712.8884920634991,4.633069494941243e-06,5.049344739137437e-05,0.0,0.23040998450662317,0.0
4932.YNL083W,0.0003232062055591467,7.571681456723433e-06,0.15586991108833434,0.0,0.0,0.0,,0.0,494.93852813854267,4.8476727741093734e-05,0.0,0.0,0.15996720366468264,0.0
4932.YMR250W,0.0003232062055591467,0.0005145990311199892,0.1917658931616054,0.0,0.0,0.0,,0.0,617.3936507936526,3.8778604157077895e-05,0.0,0.0,0.19954545920932473,0.0
4932.YLR100W,0.0006464124111182935,0.00044920197173836315,0.2041166847097502,0.0,9.58133408588051e-05,0.0,,0.0001074252291822595,658.9662698412741,0.00014182568154849079,9.581334085880502e-05,0.0,0.21298198766686163,0.0
4932.YKL041W,0.001292824822236587,0.0015820029745347765,0.2213437219790981,0.0,9.176249568538837e-05,0.0,,0.00011144251614919826,720.7738095238168,0.0006340978231439627,9.176249568538852e-05,0.0,0.23295856804260165,0.0
4932.YKL047W,0.0003232062055591467,2.418379811269855e-36,0.0003232062055591467,0.0,0.0,0.0,,0.0,1.0,4.6300621639751294e-10,0.0,0.0,0.0003232062055591467,0.0
4932.YKL205W,0.0003232062055591467,2.418379811269855e-36,0.0003232062055591467,0.0,0.0,0.0,,0.0,1.0,4.6300621639751294e-10,0.0,0.0,0.0003232062055591467,0.0
4932.YKL051W,0.0003232062055591467,5.5272435512393085e-05,0.17556065647362598,0.0,0.0,0.0,,0.0,559.7250000000005,5.233680872656975e-05,0.0,0.0,0.1809065934065934,0.0
4932.YML030W,0.0003232062055591467,1.1442702454234977e-08,0.1227258905834393,0.0,0.0,0.0,,0.0,386.3259018759048,0.00012471529498016802,0.0,0.0,0.12486292885452549,0.0
4932.YOR237W,0.0016160310277957336,0.00039503091698561173,0.20039636658675442,0.0,8.346313723551192e-05,0.0,,8.742053306660903e-05,648.4226190476224,0.0006511746417776031,8.346313723551182e-05,0.0,0.20957421430110507,0.0
4932.YOL030W,0.0006464124111182935,0.0008436269811850307,0.21425979383601046,0.0,0.00023325570040802105,0.0,,0.00024391903586055633,694.0869047619116,0.00012268015212576217,0.00023325570040802065,0.0,0.22433319481638808,0.0
4932.YPL220W,0.0003232062055591467,1.463563164327238e-05,0.1733883768641992,0.0,0.0,0.0,,0.0,554.214682539685,0.00024195582116684134,0.0,0.0,0.17912562460881787,0.0
4932.YPL234C,0.0016160310277957336,0.00173619780355306,0.22571292296565748,0.0,7.595157996639433e-05,0.0,,9.011066966875609e-05,736.8535714285805,0.0002914210667090233,7.595157996639425e-05,0.0,0.23815564687413426,0.0
4932.YKL082C,0.0003232062055591467,2.284448075394566e-05,0.17227034888273182,0.0,0.0,0.0,,0.0,549.5500000000022,3.950367155063289e-06,0.0,0.0,0.17761797026502907,0.0
4932.YKL096W,0.0006464124111182935,8.854162574877685e-06,0.16070689056442836,0.0,0.000621333365100125,0.0,,0.000621333365100125,511.25158730159853,1.4167983465942922e-07,0.0006213333651001239,0.0,0.16523968561783686,0.0
4932.YKL164C,0.0003232062055591467,3.2996420521403197e-07,0.13769347186359288,0.0,0.0,0.0,,0.0,434.77752525253896,5.625522868849301e-08,0.0,0.0,0.14052279419926478,0.0
4932.YKL114C,0.0006464124111182935,0.00015924946226386727,0.19132950735292495,0.0,0.000621333365100125,0.0,,0.000621333365100125,615.6349206349232,0.0003803922988267383,0.0006213333651001239,0.0,0.19897702670811915,0.0
4932.YMR047C,0.0003232062055591467,5.935503356644848e-06,0.15957654177515082,0.0,0.0,0.0,,0.0,507.13690476191596,2.9902779221060712e-05,0.0,0.0,0.16390979468710562,0.0
4932.YKL117W,0.0006464124111182935,0.0006483157310873946,0.19840742430316852,0.0,1.6674458270886537e-05,0.0,,2.286205957039038e-05,639.2884920634963,0.0003763576645802516,1.6674458270886523e-05,0.0,0.20662200777746997,0.0
4932.YNL212W,0.0006464124111182935,4.88736950417606e-05,0.19005745424905604,0.0,3.2774009498429477e-05,0.0,,4.512212269743917e-05,610.4896825396854,0.0004127640575196584,3.277400949842945e-05,0.0,0.19731405382665887,0.0
4932.YKL146W,0.0003232062055591467,0.00013636182437158618,0.19983601323733322,0.0,0.0,0.0,,0.0,645.8301587301622,0.0002220345251991153,0.0,0.0,0.20873631503883605,0.0
4932.YKR060W,0.0003232062055591467,1.0241268413690224e-05,0.16831454129533982,0.0,0.0,0.0,,0.0,536.8257936507985,8.666430474476391e-05,0.0,0.0,0.1735054278121505,0.0
4932.YKL190W,0.0003232062055591467,0.00026528717718650674,0.19299582563867484,0.0,0.0,0.0,,0.0,621.2956349206369,0.0005677171165584967,0.0,0.0,0.2008066046931593,0.0
4932.YLR426W,0.0006464124111182935,2.9924571968239824e-05,0.18136367017891458,0.0,6.242336174625632e-05,0.0,,8.454859858268654e-05,583.7281746031763,0.00013056954278899607,6.242336174625625e-05,0.0,0.18866456839145915,0.0
4932.YKL194C,0.001292824822236587,0.0001154582460146552,0.18535007257732294,0.0,0.00019509138363244368,0.0,,0.00024336482649421628,596.3595238095238,0.00021920393804489825,0.0001950913836324436,0.0,0.1927470988395358,0.0
4932.YOR111W,0.0006464124111182935,2.324851518794642e-05,0.17393697410161554,0.0,3.0498048196177082e-05,0.0,,4.155566414003628e-05,556.6773809523826,0.0001939337653134455,3.0498048196177052e-05,0.0,0.1799215840182227,0.0
4932.YKL195W,0.0003232062055591467,3.967581363481871e-05,0.16334233297297593,0.0,0.0,0.0,,0.0,519.3698412698498,2.3866107050400318e-05,0.0,0.0,0.16786355567868172,0.0
4932.YPL120W,0.0006464124111182935,0.00018473753770127075,0.1987661082853603,0.0,3.70268956009604e-05,0.0,,4.11019870743544e-05,641.3765873015911,1.947403217595801e-05,3.7026895600960426e-05,0.0,0.20729689311622085,0.0
4932.YPL078C,0.001292824822236587,0.0006358337575120454,0.2064308325649951,0.0,0.0006924605297732173,0.0,,0.0006908834386175597,668.6265873015919,0.00012068436478186702,0.0006924605297732175,0.0,0.2161042622177076,0.0
4932.YKR021W,0.0003232062055591467,0.00015011026001784312,0.188702499792729,0.0,0.0,0.0,,0.0,604.8992063492071,5.0930659738873936e-08,0.0,0.0,0.1955071772298663,0.0
4932.YOR322C,0.0009696186166774402,0.004027596097004503,0.23477777343627232,0.0,0.0012424577381500985,0.0,,0.0012424577381500985,768.7511904762013,2.3207712524409252e-05,0.0012424577381500966,0.0,0.24846515529288637,0.0
4932.YKR027W,0.0003232062055591467,2.418379811269855e-36,0.0003232062055591467,0.0,0.0,0.0,,0.0,1.0,1.6714516441847696e-07,0.0,0.0,0.0003232062055591467,0.0
4932.YKR028W,0.0003232062055591467,2.418379811269855e-36,0.0003232062055591467,0.0,0.0,0.0,,0.0,1.0,1.6714516441847696e-07,0.0,0.0,0.0003232062055591467,0.0
4932.YKR030W,0.0009696186166774402,0.0017083296693727638,0.2093331992794414,0.0,1.8607971136782295e-05,0.0,,2.018448300608729e-05,678.5313492063556,0.0006042070820787882,1.860797113678231e-05,0.0,0.21930554272991248,0.0
4932.YKR036C,0.0006464124111182935,0.0013671736955218233,0.22242874022409365,0.0,2.4131688176225423e-05,0.0,,2.4601937078923596e-05,724.2904761904838,0.00020819134043909915,2.4131688176225427e-05,0.0,0.2340951765321513,0.0
4932.YKR043C,0.0003232062055591467,0.00021634077460135504,0.1869378870886772,0.0,0.0,0.0,,0.0,600.3829365079374,0.0006913531445624352,0.0,0.0,0.19404749079118827,0.0
4932.YKR053C,0.0003232062055591467,0.00027858332894980267,0.19763925396571155,0.0,0.0,0.0,,0.0,635.8599206349235,0.00012612283320707072,0.0,0.0,0.2055138722155529,0.0
4932.YPL098C,0.0003232062055591467,2.0131808873499702e-05,0.1756469535705101,0.0,0.0,0.0,,0.0,562.4456349206368,0.00014277901089280808,0.0,0.0,0.18178591949600353,0.0
4932.YKR080W,0.0006464124111182935,4.924668096690277e-08,0.1280759036451636,0.0,0.000621333365100125,0.0,,0.000621333365100125,404.4974386724464,0.00010548133141293849,0.0006213333651001239,0.0,0.13073608231171255,0.0
4932.YKR099W,0.0003232062055591467,1.8354077945068543e-09,0.11302155415965096,0.0,0.0,0.0,,0.0,355.2682539682506,5.478981449158025e-06,0.0,0.0,0.11482490432070265,0.0
4932.YKR082W,0.0003232062055591467,0.0001227055984489346,0.18632865137270574,0.0,0.0,0.0,,0.0,597.2380952380954,2.972035485657902e-06,0.0,0.0,0.1930310585772771,0.0
4932.YLL007C,0.0003232062055591467,1.5461549504492425e-05,0.17107445657450937,0.0,0.0,0.0,,0.0,545.330952380956,4.375406656392236e-07,0.0,0.0,0.17625434789300334,0.0
4932.YML105C,0.0006464124111182935,0.0011147870135697958,0.19846252217162258,0.0,0.00013486236448428235,0.0,,0.00017217545745718213,638.4563492063523,0.00010079038616832409,0.00013486236448428222,0.0,0.20635305404212967,0.0
4932.YOR223W,0.0003232062055591467,4.7424543613040344e-05,0.18112235755940265,0.0,0.0,0.0,,0.0,580.0686507936513,7.804683715474371e-05,0.0,0.0,0.18748178758682962,0.0
4932.YLL052C,0.0003232062055591467,2.5600032188459982e-05,0.1705539150026879,0.0,0.0,0.0,,0.0,543.7325396825445,0.0002404042880753011,0.0,0.0,0.17573773098983184,0.0
4932.YLL056C,0.0003232062055591467,2.8647809483935955e-05,0.17240541398950918,0.0,0.0,0.0,,0.0,550.1916666666699,5.056025469952239e-07,0.0,0.0,0.17782536091359621,0.0
4932.YLL060C,0.0003232062055591467,9.600596595500292e-05,0.17928216803763258,0.0,0.0,0.0,,0.0,572.7638888888905,0.0001375051410997093,0.0,0.0,0.1851208432090785,0.0
4932.YPR157W,0.0006464124111182935,0.0007475799097155361,0.21114219435409204,0.0,2.9933652185955367e-05,0.0,,3.820592083961543e-05,684.4571428571502,6.628463284159581e-05,2.9933652185955373e-05,0.0,0.22122079601071198,0.0
4932.YLL062C,0.0003232062055591467,0.0002861655660821095,0.19260572492656325,0.0,0.0,0.0,,0.0,619.0837301587325,0.00029702945833307373,0.0,0.0,0.20009170334800588,0.0
4932.YLR020C,0.0006464124111182935,0.001046270483006505,0.2163188928762809,0.0,7.723345607085637e-05,0.0,,9.944867073099893e-05,701.240476190482,1.3571631743585586e-05,7.723345607085634e-05,0.0,0.226645273494013,0.0
4932.YLR030W,0.0003232062055591467,2.418379811269855e-36,0.0003232062055591467,0.0,0.0,0.0,,0.0,1.0,0.0001204278594609564,0.0,0.0,0.0003232062055591467,0.0
4932.YLR031W,0.0003232062055591467,2.418379811269855e-36,0.0003232062055591467,0.0,0.0,0.0,,0.0,1.0,0.0001204278594609564,0.0,0.0,0.0003232062055591467,0.0
4932.YLR066W,0.0003232062055591467,0.00010102929155134601,0.19019655152096154,0.0,0.0,0.0,,0.0,611.0789682539705,0.00045798099154859624,0.0,0.0,0.19750451462636337,0.0
4932.YML018C,0.0016160310277957336,0.0013201921064853717,0.2189197556563066,0.0,0.0003767448712719072,0.0,,0.0003897105428997005,712.1035714285791,0.0005065195305901051,0.0003767448712719083,0.0,0.23015629328654538,0.0
4932.YLR105C,0.0006464124111182935,0.0002078628240234152,0.1956240449846063,0.0,0.000621333365100125,0.0,,0.000621333365100125,628.5035714285746,8.50745736588059e-05,0.0006213333651001239,0.0,0.20313625450180073,0.0
4932.YOR056C,0.0003232062055591467,7.747282623091287e-06,0.1625528357420705,0.0,0.0,0.0,,0.0,516.0599206349289,5.600520523228805e-06,0.0,0.0,0.16679376878956712,0.0
4932.YPR198W,0.0006464124111182935,0.00038366961790514855,0.19319146917348462,0.0,5.389377680362783e-06,0.0,,7.140012281450762e-06,622.4734126984142,1.9244844207905805e-06,5.389377680362777e-06,0.0,0.20118726977970677,0.0
4932.YNL084C,0.0009696186166774402,0.004081324913337299,0.23588201744038714,0.0,0.0004816793594814721,0.0,,0.0005261062412791379,772.5226190476297,8.051141806942392e-05,0.0004816793594814739,0.0,0.24968410441099517,0.0
4932.YLR128W,0.0003232062055591467,0.00010692331128512062,0.1699354517512812,0.0,0.0,0.0,,0.0,541.8325396825435,0.0001961592036309469,0.0,0.0,0.17512363919926946,0.0
4932.YLR350W,0.0003232062055591467,7.841746852375331e-05,0.1806987464829363,0.0,0.0,0.0,,0.0,578.5119047619065,4.060701483377752e-05,0.0,0.0,0.18697863760888972,0.0
4932.YLR155C,0.0003232062055591467,0.00033377070230675805,0.20151234804455462,0.0,0.0,0.0,,0.0,649.43174603175,4.739421972377795e-05,0.0,0.0,0.20990037040457207,0.0
4932.YLR157C,0.0003232062055591467,0.00033377070230675805,0.20151234804455462,0.0,0.0,0.0,,0.0,649.43174603175,4.739421972377795e-05,0.0,0.0,0.20990037040457207,0.0
4932.YLR158C,0.0003232062055591467,0.00033377070230675805,0.20151234804455462,0.0,0.0,0.0,,0.0,649.4317460317499,4.739421972377795e-05,0.0,0.0,0.20990037040457207,0.0
4932.YLR160C,0.0003232062055591467,0.00033377070230675805,0.20151234804455462,0.0,0.0,0.0,,0.0,649.43174603175,4.739421972377795e-05,0.0,0.0,0.20990037040457207,0.0
4932.YLR164W,0.0003232062055591467,5.84959624233692e-34,0.00043094160741219563,0.0,0.0,0.0,,0.0,1.5,1.9546724117270203e-05,0.0,0.0,0.0004848093083387201,0.0
4932.YLR193C,0.0003232062055591467,3.0728862550497255e-05,0.17617738009121484,0.0,0.0,0.0,,0.0,563.6722222222243,0.000487813162355325,0.0,0.0,0.18218236012353659,0.0
4932.YLR196W,0.0003232062055591467,0.0003878497730922652,0.19776230849948473,0.0,0.0,0.0,,0.0,635.8325396825418,0.00048002146595804983,0.0,0.0,0.20550502252182926,0.0
4932.YLR321C,0.0003232062055591467,6.34521482831369e-05,0.18322357193693448,0.0,0.0,0.0,,0.0,587.7849206349206,5.123346543923033e-05,0.0,0.0,0.18997573388329692,0.0
4932.YMR236W,0.0009696186166774402,0.00010026473878824883,0.18473918633579242,0.0,3.058085597585731e-05,0.0,,4.444165521329838e-05,594.1646825396823,0.001289395070306558,3.058085597585729e-05,0.0,0.1920377125209058,0.0
4932.YNL302C,0.0016160310277957336,0.0040834189223410795,0.22514406311412555,0.0,0.00015550774853504047,0.0,,0.00014094652436643732,735.6337301587387,0.0012198286509684558,0.0001555077485350405,0.0,0.2377613866059244,0.0
4932.YPL092W,0.0003232062055591467,0.0010045023619732509,0.21047372768075776,0.0,0.0,0.0,,0.0,680.6765873015921,1.9837491884505973e-06,0.0,0.0,0.21999889699469533,0.0
4932.YLR242C,0.0003232062055591467,0.0009228787289933145,0.20259774410772868,0.0,0.0,0.0,,0.0,654.255555555559,0.00016238106422677553,0.0,0.0,0.21145945557710263,0.0
4932.YMR002W,0.0006464124111182935,1.3406269372838952e-05,0.16234973701499614,0.0,1.930186335855251e-06,0.0,,3.0626105435365856e-06,518.1126984127084,0.0001203222940935137,1.9301863358552524e-06,0.0,0.16745723930597878,0.0
4932.YMR192W,0.0003232062055591467,6.0054430465015356e-05,0.19041192095917217,0.0,0.0,0.0,,0.0,612.0496031746042,0.00015413284391759918,0.0,0.0,0.19781822985604497,0.0
4932.YOR126C,0.0003232062055591467,8.758917226120075e-06,0.16391365650000297,0.0,0.0,0.0,,0.0,521.4103535353615,0.0001205630572112356,0.0,0.0,0.16852306190541486,0.0
4932.YMR114C,0.0016160310277957336,0.005953076193566893,0.24148117666498156,0.0,0.0007727171182421501,0.0,,0.0008485258962041714,792.500000000011,0.0014143013552603604,0.0007727171182421496,0.0,0.25614091790562377,0.0
4932.YPR056W,0.0006464124111182935,0.0005168033178178725,0.20576219458432676,0.0,0.00014542066680854761,0.0,,0.00017402798012190033,664.6980158730203,0.00024058254538361444,0.0001454206668085474,0.0,0.21483452355301094,0.0
4932.YMR228W,0.0003232062055591467,0.0007376853415273142,0.2062521045714323,0.0,0.0,0.0,,0.0,668.3392857142904,4.8348475080748814e-05,0.0,0.0,0.21601140456182472,0.0
4932.YOR160W,0.0006464124111182935,0.0005279692763319136,0.2071638647264332,0.0,0.0,0.0,,0.0,672.5996031746087,0.0008075313034917191,0.0,0.0,0.21738836560265132,0.0
4932.YLR319C,0.0003232062055591467,1.737720025520601e-05,0.17152611120605135,0.0,0.0,0.0,,0.0,547.3146825396865,0.00015354829884835092,0.0,0.0,0.17689550179045976,0.0
4932.YLR326W,0.0003232062055591467,8.306135487565128e-05,0.1836827198714934,0.0,0.0,0.0,,0.0,588.0317460317482,0.00013834549698219943,0.0,0.0,0.19005550938324048,0.0
4932.YLR328W,0.0003232062055591467,0.00028910551179591734,0.1976255906920188,0.0,0.0,0.0,,0.0,638.4253968253989,8.863971982551414e-05,0.0,0.0,0.20634305004052902,0.0
4932.YLR343W,0.0003232062055591467,0.0005312390789127463,0.2069688799131228,0.0,0.0,0.0,,0.0,670.3575396825458,2.214094671050296e-06,0.0,0.0,0.21666371676875879,0.0
4932.YLR361C,0.0006464124111182935,0.00015127938657574498,0.17956370410553088,0.0,1.619228573799665e-05,0.0,,2.490155495789028e-05,575.5837301587324,0.0005342288189069206,1.6192285737996622e-05,0.0,0.186032233406183,0.0
4932.YLR371W,0.0003232062055591467,2.3087887267674545e-05,0.1751304398309166,0.0,0.0,0.0,,0.0,559.0202380952405,6.847928126127167e-05,0.0,0.0,0.18067880998553268,0.0
4932.YOR093C,0.0003232062055591467,1.1505288783048872e-06,0.15194292385245306,0.0,0.0,0.0,,0.0,482.01035353536855,2.7473386762268336e-05,0.0,0.0,0.15578873740638446,0.0
4932.YOR388C,0.0009696186166774402,0.00026478833725370946,0.203043836164504,0.0,0.00013164278748926183,0.0,,0.0001926093017050098,654.1682539682573,0.0006412653874598058,0.00013164278748926172,0.0,0.2114312391623316,0.0
4932.YNL063W,0.0009696186166774402,0.00014029578112746167,0.1870724539859991,0.0,0.00039221152453536057,0.0,,0.00036239839316422003,600.8150793650808,0.0010958969936352106,0.00039221152453536035,0.0,0.1941871620443049,0.0
4932.YOR258W,0.0006464124111182935,0.001093380992269203,0.20743445100936447,0.0,0.0,0.0,,0.0,669.9607142857183,0.0005067156136294705,0.0,0.0,0.21653546033798135,0.0
4932.YPL211W,0.0003232062055591467,3.925086463719192e-06,0.15224232674868465,0.0,0.0,0.0,,0.0,482.04444444445977,0.0001355403751577414,0.0,0.0,0.1557997557997558,0.0
4932.YOR027W,0.0006464124111182935,0.00019758109668620896,0.1949303900006854,0.0,3.405776926826004e-07,0.0,,4.2021941333921216e-07,628.1067460317482,0.00036781196291955237,3.4057769268260034e-07,0.0,0.2030079980710233,0.0
4932.YPR202W,0.001292824822236587,4.2836196611506626e-18,0.0033244066857512234,0.0,9.19565020666179e-06,0.0,,9.19565020666179e-06,12.000000000000002,6.94509015506421e-09,9.195650206661788e-06,0.0,0.003878474466709761,0.0
4932.YML002W,0.0006464124111182935,9.189980746120122e-05,0.18922712446945467,0.0,0.000621333365100125,0.0,,0.000621333365100125,607.8984126984134,0.0003257149947925351,0.0006213333651001239,0.0,0.1964765393336822,0.0
4932.YML003W,0.0003232062055591467,3.4253917117318216e-06,0.15811140317256922,0.0,0.0,0.0,,0.0,501.9234126984251,0.00031934634732235347,0.0,0.0,0.1622247616995516,0.0
4932.YOL071W,0.0006464124111182935,0.002523632303028451,0.22712968134117686,0.0,0.0,0.0,,0.0,739.7849206349282,0.00090308323982583,0.0,0.0,0.23910307712828718,0.0
4932.YPL258C,0.0019392372333548805,0.012162445383137687,0.23597937670134156,0.0,0.0006411673180378873,0.0,,0.0006154753055386513,776.0690476190597,0.0029959941941279837,0.0006411673180378879,0.0,0.25083033213285316,0.0
4932.YML038C,0.0003232062055591467,0.0002807823648738634,0.18638939618961023,0.0,0.0,0.0,,0.0,598.9861111111125,0.00016259335247554609,0.0,0.0,0.19359602815485166,0.0
4932.YML049C,0.0003232062055591467,2.251341086800516e-05,0.17398990683871282,0.0,0.0,0.0,,0.0,555.3492063492082,1.2044869473252548e-05,0.0,0.0,0.1794923097444106,0.0
4932.YPR127W,0.0006464124111182935,0.0010727938491888367,0.22042209648855363,0.0,0.0,0.0,,0.0,718.282539682547,0.00013888605648208467,0.0,0.0,0.2321533741701809,0.0
4932.YNL232W,0.0003232062055591467,2.3031981485825883e-06,0.15129957496348323,0.0,0.0,0.0,,0.0,479.81666666668224,3.810631945188059e-05,0.0,0.0,0.15507972419737126,0.0
4932.YML065W,0.0003232062055591467,2.3031981485825883e-06,0.15129957496348323,0.0,0.0,0.0,,0.0,479.81666666668224,3.301325349962949e-05,0.0,0.0,0.15507972419737126,0.0
4932.YML081W,0.0003232062055591467,0.00018077611305491542,0.1905261376539624,0.0,0.0,0.0,,0.0,610.9019841269849,1.5300496131447898e-05,0.0,0.0,0.19744731225823664,0.0
4932.YML127W,0.0003232062055591467,2.0613549191463075e-06,0.15473094286116654,0.0,0.0,0.0,,0.0,491.1575396825525,3.0047237091914632e-05,0.0,0.0,0.15874516473255967,0.0
4932.YPL057C,0.0006464124111182935,0.00012855613326622777,0.1796878602904049,0.0,2.0224510515750643e-05,0.0,,2.7943601066740515e-05,577.686507936509,0.0002873419838873987,2.022451051575062e-05,0.0,0.18671186423287264,0.0
4932.YMR004W,0.0003232062055591467,3.0219461480482927e-06,0.15618500624815887,0.0,0.0,0.0,,0.0,496.51349206350613,0.00023863329014205825,0.0,0.0,0.16047624177876277,0.0
4932.YNL284C,0.0009696186166774402,8.107752020988096e-05,0.1864745055029388,0.0,0.0006508312910801341,0.0,,0.0006620346253125149,600.5519841269852,0.000513857712615113,0.0006508312910801332,0.0,0.19410212803069948,0.0
4932.YMR013C,0.0003232062055591467,0.00015902822956748077,0.1913038994418826,0.0,0.0,0.0,,0.0,614.9682539682564,6.570055078055094e-06,0.0,0.0,0.19876155590441305,0.0
4932.YPL022W,0.0006464124111182935,0.0002876911751955346,0.20533358492745665,0.0,1.2704479480383815e-05,0.0,,1.6356115669458428e-05,662.7750000000062,0.00018068438574214845,1.2704479480383795e-05,0.0,0.21421299288946347,0.0
4932.YNL137C,0.0006464124111182935,6.930490382141212e-06,0.1629141260249645,0.0,1.2725582174828542e-05,0.0,,1.8875308330048848e-05,519.0277777777869,0.000143682798596698,1.2725582174828545e-05,0.0,0.16775299863535156,0.0
4932.YMR140W,0.0003232062055591467,0.00017248726722537012,0.18713368482325557,0.0,0.0,0.0,,0.0,600.807936507938,7.754655917647733e-05,0.0,0.0,0.19418485342855088,0.0
4932.YMR042W,0.0003232062055591467,1.4167366302198288e-06,0.14960509573791353,0.0,0.0,0.0,,0.0,475.757575757591,0.0003175607647004694,0.0,0.0,0.15376780082662436,0.0
4932.YMR043W,0.0003232062055591467,1.4167366302198288e-06,0.14960509573791353,0.0,0.0,0.0,,0.0,475.757575757591,0.00012481785080819765,0.0,0.0,0.15376780082662436,0.0
4932.YPL043W,0.0003232062055591467,2.1029912802110056e-05,0.17046238338461847,0.0,0.0,0.0,,0.0,543.0273809523859,8.804869267166487e-05,0.0,0.0,0.1755098193123403,0.0
4932.YMR055C,0.0003232062055591467,1.1737605075676142e-05,0.16339835206402126,0.0,0.0,0.0,,0.0,519.9496031746112,6.633023893260585e-05,0.0,0.0,0.16805093832404755,0.0
4932.YPL263C,0.001292824822236587,0.000314978282489129,0.1968498945985437,0.0,0.0009765897938496162,0.0,,0.0009833342523799958,635.3222222222231,0.00034421000079009424,0.0009765897938496138,0.0,0.20534008475184945,0.0
4932.YMR078C,0.0003232062055591467,0.00016651324886898547,0.19255383061835185,0.0,0.0,0.0,,0.0,618.253174603177,5.000464730607891e-08,0.0,0.0,0.19982326263838868,0.0
4932.YOL100W,0.0003232062055591467,0.0003145478469384577,0.20295734251757558,0.0,0.0,0.0,,0.0,654.7464285714321,8.190576064708776e-07,0.0,0.0,0.21161810878197435,0.0
4932.YOR122C,0.0003232062055591467,0.0024248398834159583,0.22666144698382903,0.0,0.0,0.0,,0.0,737.7277777777853,3.600473523710339e-05,0.0,0.0,0.23843819579113695,0.0
4932.YMR129W,0.0003232062055591467,0.00043263870691836754,0.20127115182426614,0.0,0.0,0.0,,0.0,648.6492063492095,3.774887882282113e-05,0.0,0.0,0.20964744872307897,0.0
4932.YMR203W,0.0003232062055591467,0.0035106467198231803,0.22942649834350334,0.0,0.0,0.0,,0.0,746.6797619047721,1.208816053384293e-05,0.0,0.0,0.2413315326130452,0.0
4932.YMR193W,0.0009696186166774402,0.00013335550094531655,0.1869501124426167,0.0,3.033201311260204e-05,0.0,,3.4809438954127026e-05,600.6984126984131,0.00047048794100547657,3.0332013112601994e-05,0.0,0.19414945465365632,0.0
4932.YOR090C,0.0003232062055591467,5.662860308999393e-05,0.17697357576673384,0.0,0.0,0.0,,0.0,564.839682539684,0.00012986299563923985,0.0,0.0,0.1825596905428838,0.0
4932.YMR197C,0.0003232062055591467,4.0664621147123905e-05,0.18151337668169737,0.0,0.0,0.0,,0.0,580.7492063492068,0.00036821825068114963,0.0,0.0,0.1877017473656129,0.0
4932.YOR288C,0.001292824822236587,0.002215711588845372,0.22361187182103034,0.0,0.00010712580302199497,0.0,,0.00013155811362021606,728.9761904761998,0.00024766329607483735,0.00010712580302199494,0.0,0.23560962846677133,0.0
4932.YPR170W-B,0.0003232062055591467,3.194597147460349e-05,0.1696530664308636,0.0,0.0,0.0,,0.0,539.7801587301631,4.2376160743037915e-05,0.0,0.0,0.17446029693928855,0.0
4932.YMR232W,0.0003232062055591467,1.6699722449145596e-05,0.16849311383708898,0.0,0.0,0.0,,0.0,537.6511904761959,1.717752243967453e-06,0.0,0.0,0.17377220118816755,0.0
4932.YMR233W,0.0003232062055591467,1.6699722449145596e-05,0.16849311383708898,0.0,0.0,0.0,,0.0,537.651190476196,0.00015737805294045157,0.0,0.0,0.17377220118816755,0.0
4932.YNR001C,0.0019392372333548805,0.0007646198821905297,0.22088194787204848,0.0,0.00046475479941506345,0.0,,0.0005328069048098223,719.1694444444527,0.0007360695691103296,0.00046475479941506345,0.0,0.23244002729296848,0.0
4932.YPR001W,0.0009696186166774402,0.00018507711594022483,0.19994783306708064,0.0,4.379787616169602e-05,0.0,,5.355724143115062e-05,645.7396825396862,0.0002702644707449857,4.379787616169599e-05,0.0,0.2087070725726188,0.0
4932.YOR239W,0.0009696186166774402,0.0004819496275789273,0.21379509156832338,0.0,0.00011821882123904114,0.0,,0.00015504228964920787,693.1146825396893,0.0003629476219297994,0.00011821882123904119,0.0,0.22401896656098338,0.0
4932.YOL122C,0.0009696186166774402,0.0006518535387139992,0.2096863617222953,0.0,0.00010121658437906951,0.0,,0.00014977595445425732,678.4611111111157,4.517317996478038e-06,0.00010121658437906956,0.0,0.21928284134166487,0.0
4932.YMR258C,0.0003232062055591467,2.6987707621138332e-05,0.17072707652652006,0.0,0.0,0.0,,0.0,545.4626984127025,6.198492766327951e-05,0.0,0.0,0.17629692902802147,0.0
4932.YMR268C,0.0003232062055591467,8.321672111195029e-05,0.18745273241705257,0.0,0.0,0.0,,0.0,600.4436507936515,5.125244868505071e-05,0.0,0.0,0.19406711402509721,0.0
4932.YMR272C,0.0003232062055591467,2.8084614122080067e-05,0.17557143897310232,0.0,0.0,0.0,,0.0,562.9781746031763,0.00010607652562030678,0.0,0.0,0.18195803962610685,0.0
4932.YMR281W,0.0003232062055591467,0.0010575662221635953,0.19510334216216568,0.0,0.0,0.0,,0.0,627.1329365079381,2.806788645998086e-05,0.0,0.0,0.20269325678989544,0.0
4932.YMR289W,0.0003232062055591467,2.418379811269855e-36,0.0003232062055591467,0.0,0.0,0.0,,0.0,1.0,1.1852953487847674e-07,0.0,0.0,0.0003232062055591467,0.0
4932.YNL216W,0.0003232062055591467,2.418379811269855e-36,0.0003232062055591467,0.0,0.0,0.0,,0.0,1.0,1.1852953487847674e-07,0.0,0.0,0.0003232062055591467,0.0
4932.YPR140W,0.0003232062055591467,2.291117313891775e-05,0.1817326236083949,0.0,0.0,0.0,,0.0,584.0698412698437,0.00014071932872173828,0.0,0.0,0.18877499717835852,0.0
4932.YOR386W,0.0006464124111182935,5.768987426997767e-05,0.18537411123533182,0.0,3.9407334898689446e-05,0.0,,5.171547460935367e-05,596.095634920637,0.00024249915870270028,3.940733489868941e-05,0.0,0.1926618083130688,0.0
4932.YNL012W,0.0003232062055591467,8.614217476657325e-06,0.16233129865758386,0.0,0.0,0.0,,0.0,517.446031746042,1.6445972964609426e-05,0.0,0.0,0.1672417685022727,0.0
4932.YPL273W,0.0003232062055591467,0.0002861655660821095,0.19260572492656325,0.0,0.0,0.0,,0.0,619.0837301587326,0.00013439860237210327,0.0,0.0,0.20009170334800588,0.0
4932.YNL313C,0.0003232062055591467,0.0002861655660821095,0.19260572492656325,0.0,0.0,0.0,,0.0,619.0837301587325,6.567277041904757e-05,0.0,0.0,0.20009170334800588,0.0
4932.YNL025C,0.0003232062055591467,0.00029087390649503656,0.18974207947431646,0.0,0.0,0.0,,0.0,609.2480158730175,0.00020323763929175017,0.0,0.0,0.19691273945475626,0.0
4932.YNL079C,0.0006464124111182935,7.960364864699227e-05,0.17574413926964538,0.0,0.0,0.0,,0.0,563.2126984126992,5.5511409335973325e-05,0.0,0.0,0.1820338391766963,0.0
4932.YNL094W,0.0003232062055591467,2.418379811269855e-36,0.0003232062055591467,0.0,0.0,0.0,,0.0,1.0,6.685806576739079e-07,0.0,0.0,0.0003232062055591467,0.0
4932.YNL095C,0.0003232062055591467,2.418379811269855e-36,0.0003232062055591467,0.0,0.0,0.0,,0.0,1.0,6.685806576739079e-07,0.0,0.0,0.0003232062055591467,0.0
4932.YNL101W,0.0003232062055591467,0.00013636182437158618,0.19983601323733322,0.0,0.0,0.0,,0.0,645.8301587301622,0.00014300889336963293,0.0,0.0,0.20873631503883605,0.0
4932.YNL134C,0.0003232062055591467,0.00015753484920482254,0.19483738886041793,0.0,0.0,0.0,,0.0,627.9837301587322,4.275165860570574e-05,0.0,0.0,0.20296823857748228,0.0
4932.YNL204C,0.0003232062055591467,0.00024719111637135305,0.19135512212062736,0.0,0.0,0.0,,0.0,615.5289682539693,9.104086891857375e-06,0.0,0.0,0.19894278224110157,0.0
4932.YNL221C,0.0003232062055591467,0.001615168573947427,0.21459756545004519,0.0,0.0,0.0,,0.0,693.450396825402,3.181221594721445e-05,0.0,0.0,0.2241274715014211,0.0
4932.YNL261W,0.0003232062055591467,0.0005635052176775374,0.20256903127551387,0.0,0.0,0.0,,0.0,653.8095238095276,2.7075664611810794e-05,0.0,0.0,0.2113152953489088,0.0
4932.YNL332W,0.0003232062055591467,0.0005635052176775374,0.20256903127551387,0.0,0.0,0.0,,0.0,653.8095238095276,0.0008414569103057159,0.0,0.0,0.2113152953489088,0.0
4932.YOL110W,0.0003232062055591467,6.592824027173613e-08,0.12946803303261104,0.0,0.0,0.0,,0.0,407.93943001443876,4.0226192402380856e-05,0.0,0.0,0.13184855527292502,0.0
4932.YNL293W,0.0006464124111182935,8.447913998639115e-05,0.18298900072718294,0.0,8.053205379520237e-06,0.0,,1.4684231232053811e-05,586.7289682539695,0.00042595857087959153,8.053205379520227e-06,0.0,0.18963444352099812,0.0
4932.YNL299W,0.0003232062055591467,0.0006432872648475306,0.19593243107334146,0.0,0.0,0.0,,0.0,630.6464285714322,2.5847309701017883e-06,0.0,0.0,0.2038288392279989,0.0
4932.YNL306W,0.0003232062055591467,0.0004332187211088961,0.1967821414855133,0.0,0.0,0.0,,0.0,633.9730158730188,0.00030172595964985635,0.0,0.0,0.2049040128872062,0.0
4932.YNL321W,0.0003232062055591467,0.0003882722130589832,0.19471794628159197,0.0,0.0,0.0,,0.0,627.1920634920648,2.533198403253023e-05,0.0,0.0,0.2027123669980813,0.0
4932.YNL326C,0.0006464124111182935,0.0011264380018120017,0.21139201134068267,0.0,2.6596995957996946e-05,0.0,,4.9955447294724946e-05,685.1003968254032,0.00012642147207402423,2.659699595799688e-05,0.0,0.2214286996850022,0.0
4932.YNR014W,0.0003232062055591467,1.7374740284528488e-05,0.17029990285714594,0.0,0.0,0.0,,0.0,544.5448412698445,0.000167986446312296,0.0,0.0,0.17600027190363327,0.0
4932.YPL141C,0.0003232062055591467,0.0006730602852029724,0.18912697117830313,0.0,0.0,0.0,,0.0,608.4281746031768,1.0292623287027046e-06,0.0,0.0,0.19664776166877007,0.0
4932.YOL115W,0.0003232062055591467,0.0006432872648475306,0.19593243107334146,0.0,0.0,0.0,,0.0,630.6464285714321,1.198560470581331e-05,0.0,0.0,0.2038288392279989,0.0
4932.YNR057C,0.0009696186166774402,0.0004594472437227376,0.19957094173136355,0.0,1.133970769360923e-05,0.0,,1.6367735737237923e-05,645.6940476190504,0.00021563416181889615,1.1339707693609212e-05,0.0,0.2086923230830794,0.0
4932.YNR068C,0.0003232062055591467,2.4884560906242207e-06,0.15376548702921047,0.0,0.0,0.0,,0.0,487.9603535353684,2.3989729650789048e-05,0.0,0.0,0.15771181432946138,0.0
4932.YNR069C,0.0006464124111182935,6.676758794621898e-05,0.18303586690741783,0.0,0.000621333365100125,0.0,,0.0006213333651001251,587.4095238095248,8.132098405254304e-05,0.0006213333651001239,0.0,0.18985440329978143,0.0
4932.YOR238W,0.0003232062055591467,0.00010120086931133566,0.18797042144661044,0.0,0.0,0.0,,0.0,602.4123015873037,2.959719526373136e-05,0.0,0.0,0.1947033941781841,0.0
4932.YOR018W,0.0003232062055591467,5.84959624233692e-34,0.00043094160741219563,0.0,0.0,0.0,,0.0,1.5,3.451709697362094e-05,0.0,0.0,0.0004848093083387201,0.0
4932.YOR206W,0.001292824822236587,0.0010497524962029049,0.2098094803200038,0.0,0.00034397863676906157,0.0,,0.00042018606513346244,681.6876984127042,0.0004039380057279495,0.0003439786367690618,0.0,0.22032569438031624,0.0
4932.YOL028C,0.0003232062055591467,2.418379811269855e-36,0.0003232062055591467,0.0,0.0,0.0,,0.0,1.0,0.00014832674873253631,0.0,0.0,0.0003232062055591467,0.0
4932.YOL029C,0.0003232062055591467,2.418379811269855e-36,0.0003232062055591467,0.0,0.0,0.0,,0.0,1.0,0.00014832674873253631,0.0,0.0,0.0003232062055591467,0.0
4932.YOL034W,0.0003232062055591467,0.00033377070230675805,0.20151234804455462,0.0,0.0,0.0,,0.0,649.4317460317499,0.00013238128524941186,0.0,0.0,0.20990037040457207,0.0
4932.YOL039W,0.0006464124111182935,0.0018061611669990137,0.20201075325843063,0.0,6.272934349760268e-05,0.0,,5.3319998378988696e-05,652.6079365079402,0.00015872678940568983,6.272934349760285e-05,0.0,0.2109269348765147,0.0
4932.YOL042W,0.0003232062055591467,8.211816879082403e-05,0.18256828262613692,0.0,0.0,0.0,,0.0,584.1841269841295,8.366194236639297e-05,0.0,0.0,0.18881193503042243,0.0
4932.YOL045W,0.0003232062055591467,0.00015011026001784312,0.188702499792729,0.0,0.0,0.0,,0.0,604.8992063492071,2.1451530783246974e-05,0.0,0.0,0.1955071772298663,0.0
4932.YPL228W,0.0003232062055591467,0.00012750655232575154,0.17549598927865748,0.0,0.0,0.0,,0.0,560.0940476190491,6.945094349855011e-10,0.0,0.0,0.18102587188721642,0.0
4932.YOR017W,0.0003232062055591467,0.00029087390649503656,0.18974207947431646,0.0,0.0,0.0,,0.0,609.2480158730175,5.768892653314894e-05,0.0,0.0,0.19691273945475626,0.0
4932.YPL146C,0.0003232062055591467,2.693444251866719e-06,0.15803273643429996,0.0,0.0,0.0,,0.0,502.2563492063615,0.0003525522113161605,0.0,0.0,0.16233236884497387,0.0
4932.YOL155C,0.0003232062055591467,2.628163427636785e-07,0.14259049128890922,0.0,0.0,0.0,,0.0,451.3155122655276,2.930827952268585e-07,0.0,0.0,0.14586797422931877,0.0
4932.YOL165C,0.0003232062055591467,0.00020277280833645839,0.18458411373152012,0.0,0.0,0.0,,0.0,592.675793650794,2.896102502597156e-07,0.0,0.0,0.19155649439262887,0.0
4932.YOR012W,0.0003232062055591467,2.418379811269855e-36,0.0003232062055591467,0.0,0.0,0.0,,0.0,1.0,0.00024403934814712705,0.0,0.0,0.0003232062055591467,0.0
4932.YOR013W,0.0003232062055591467,2.418379811269855e-36,0.0003232062055591467,0.0,0.0,0.0,,0.0,1.0,0.00024403934814712705,0.0,0.0,0.0003232062055591467,0.0
4932.YOR081C,0.0006464124111182935,0.00015677461441779026,0.19516994397214799,0.0,4.360225482818407e-05,0.0,,5.7776922280583464e-05,630.2158730158765,0.0005873886207913655,4.36022548281841e-05,0.0,0.2036896810006054,0.0
4932.YOR115C,0.0003232062055591467,2.418379811269855e-36,0.0003232062055591467,0.0,0.0,0.0,,0.0,1.0,3.425503557987978e-05,0.0,0.0,0.0003232062055591467,0.0
4932.YPL012W,0.0003232062055591467,2.418379811269855e-36,0.0003232062055591467,0.0,0.0,0.0,,0.0,1.0,3.425503557987978e-05,0.0,0.0,0.0003232062055591467,0.0
4932.YPL173W,0.0003232062055591467,0.0011901661935077535,0.21017970512168604,0.0,0.0,0.0,,0.0,678.6785714285782,0.00030119118772557865,0.0,0.0,0.2193531258657309,0.0
4932.YPR192W,0.0003232062055591467,0.0005672792712524855,0.20241125606174692,0.0,0.0,0.0,,0.0,652.1956349206408,5.710160342814773e-05,0.0,0.0,0.21079367644493693,0.0
4932.YOR295W,0.0003232062055591467,1.6699722449145596e-05,0.16849311383708898,0.0,0.0,0.0,,0.0,537.6511904761959,7.248173659040054e-05,0.0,0.0,0.17377220118816755,0.0
4932.YOR380W,0.0003232062055591467,0.0003539400337580575,0.18971689470135727,0.0,0.0,0.0,,0.0,609.5472222222237,0.000127786876754884,0.0,0.0,0.19700944480356244,0.0
4932.YPL005W,0.0003232062055591467,0.00010380163139771776,0.1667437102986498,0.0,0.0,0.0,,0.0,530.6944444444499,1.8668401743580865e-05,0.0,0.0,0.1715237377002083,0.0
4932.YPL277C,0.0003232062055591467,2.418379811269855e-36,0.0003232062055591467,0.0,0.0,0.0,,0.0,1.0,1.706825302272143e-05,0.0,0.0,0.0003232062055591467,0.0
4932.YPL278C,0.0003232062055591467,2.418379811269855e-36,0.0003232062055591467,0.0,0.0,0.0,,0.0,1.0,1.706825302272143e-05,0.0,0.0,0.0003232062055591467,0.0
4932.YPR028W,0.0003232062055591467,0.0001922742573500387,0.19109928266328308,0.0,0.0,0.0,,0.0,614.616666666669,0.0002814261562813741,0.0,0.0,0.19864792070674425,0.0
4932.YPR203W,0.0006464124111182935,6.613509141726595e-19,0.0023867535179752375,0.0,0.0,0.0,,0.0,8.666666666666666,2.083526980285724e-09,0.0,0.0,0.0028011204481792717,0.0
4932.YPR204W,0.0006464124111182935,6.613509141726595e-19,0.0023867535179752375,0.0,0.0,0.0,,0.0,8.666666666666666,2.083526980285724e-09,0.0,0.0,0.0028011204481792717,0.0
